{"type":"FeatureCollection","features":[{"type":"Feature","properties":{"fdc":"Atlas 500k 1° Ediciónl","sag":"IGN","crv":100,"mo2":2,"tipo":"Curva de nivel","ign":"lineas_de_geomorfologia_CA010.5710"},"geometry":{"type":"MultiLineString","coordinates":[[[-59.0175,-38.12985],[-59.01759,-38.12986],[-59.01783,-38.12981],[-59.0181,-38.12968],[-59.01839,-38.12944],[-59.01861,-38.12918],[-59.01883,-38.12883],[-59.01896,-38.12851],[-59.01906,-38.128],[-59.01908,-38.12766],[-59.01903,-38.12723],[-59.01892,-38.12684],[-59.01874,-38.12647],[-59.01851,-38.12616],[-59.01822,-38.12588],[-59.01791,-38.12569],[-59.01761,-38.12559],[-59.01734,-38.12557],[-59.01719,-38.1256],[-59.01693,-38.12573],[-59.01677,-38.12587],[-59.01664,-38.12607],[-59.0165,-38.12641],[-59.01645,-38.12661],[-59.0164,-38.127],[-59.01639,-38.12743],[-59.01644,-38.1279],[-59.01649,-38.12812],[-59.01671,-38.12869],[-59.01691,-38.12906],[-59.01713,-38.12941],[-59.0175,-38.12985]]]}},{"type":"Feature","properties":{"fdc":"Atlas 500k 1° Ediciónl","sag":"IGN","crv":100,"mo2":2,"tipo":"Curva de nivel","ign":"lineas_de_geomorfologia_CA010.5711"},"geometry":{"type":"MultiLineString","coordinates":[[[-59.01667,-38.14261],[-59.01636,-38.14238],[-59.016,-38.14207],[-59.01579,-38.14184],[-59.01569,-38.14166],[-59.01559,-38.14136],[-59.01557,-38.14116],[-59.01558,-38.14095],[-59.01564,-38.14076],[-59.01577,-38.14062],[-59.01594,-38.14057],[-59.01621,-38.14059],[-59.01645,-38.14065],[-59.01671,-38.14078],[-59.01699,-38.141],[-59.01724,-38.14126],[-59.01739,-38.14145],[-59.01753,-38.14169],[-59.01757,-38.1418],[-59.01758,-38.14203],[-59.01751,-38.14226],[-59.01743,-38.14237],[-59.0173,-38.14247],[-59.01706,-38.14256],[-59.01667,-38.14261]]]}},{"type":"Feature","properties":{"fdc":"Atlas 500k 1° Ediciónl","sag":"IGN","crv":100,"mo2":2,"tipo":"Curva de nivel","ign":"lineas_de_geomorfologia_CA010.5712"},"geometry":{"type":"MultiLineString","coordinates":[[[-59.02583,-38.14772],[-59.02581,-38.14771],[-59.0258,-38.14767],[-59.02583,-38.1476],[-59.02609,-38.14733],[-59.02653,-38.14698],[-59.02711,-38.14659],[-59.02773,-38.14625],[-59.02826,-38.146],[-59.02875,-38.14582],[-59.0291,-38.14573],[-59.02949,-38.14568],[-59.02984,-38.14569],[-59.03023,-38.14576],[-59.03056,-38.14588],[-59.03085,-38.14604],[-59.03115,-38.14627],[-59.03133,-38.14648],[-59.03145,-38.14675],[-59.03147,-38.14689],[-59.03145,-38.14708],[-59.03139,-38.14726],[-59.03123,-38.1475],[-59.03107,-38.14765],[-59.03085,-38.1478],[-59.03057,-38.14793],[-59.03034,-38.14801],[-59.02991,-38.14812],[-59.02942,-38.14819],[-59.02871,-38.14825],[-59.02826,-38.14826],[-59.02767,-38.14824],[-59.02729,-38.1482],[-59.02667,-38.14808],[-59.02615,-38.1479],[-59.02583,-38.14772]]]}},{"type":"Feature","properties":{"fdc":"Atlas 500k 1° Ediciónl","sag":"IGN","crv":100,"mo2":2,"tipo":"Curva de nivel","ign":"lineas_de_geomorfologia_CA010.5717"},"geometry":{"type":"MultiLineString","coordinates":[[[-59.03333,-38.18178],[-59.03329,-38.18175],[-59.03322,-38.18161],[-59.03314,-38.18135],[-59.03312,-38.18097],[-59.03318,-38.18066],[-59.0333,-38.1804],[-59.03345,-38.18021],[-59.03368,-38.18001],[-59.0339,-38.17988],[-59.03411,-38.17978],[-59.03436,-38.17971],[-59.03469,-38.17967],[-59.03502,-38.17969],[-59.03528,-38.17976],[-59.03564,-38.17994],[-59.03585,-38.18012],[-59.03599,-38.18032],[-59.03608,-38.18054],[-59.03611,-38.18067],[-59.03612,-38.18081],[-59.03607,-38.18107],[-59.03592,-38.18134],[-59.03582,-38.18146],[-59.03569,-38.18158],[-59.03547,-38.18171],[-59.03504,-38.18186],[-59.03454,-38.18192],[-59.03397,-38.18189],[-59.03333,-38.18178]]]}},{"type":"Feature","properties":{"fdc":"Atlas 500k 1° Ediciónl","sag":"IGN","crv":100,"mo2":2,"tipo":"Curva de nivel","ign":"lineas_de_geomorfologia_CA010.5722"},"geometry":{"type":"MultiLineString","coordinates":[[[-58.98917,-38.27255],[-58.98911,-38.27229],[-58.98887,-38.27171],[-58.9886,-38.27118],[-58.98835,-38.27077],[-58.98785,-38.27008],[-58.98764,-38.26984],[-58.98713,-38.26936],[-58.98655,-38.26896],[-58.98606,-38.26873],[-58.98573,-38.26863],[-58.98533,-38.26855],[-58.98494,-38.26851],[-58.98393,-38.26849],[-58.98324,-38.26845],[-58.98285,-38.26838],[-58.98248,-38.26824],[-58.98225,-38.26806],[-58.98216,-38.26795],[-58.98209,-38.26774],[-58.98208,-38.26759],[-58.98213,-38.26734],[-58.98232,-38.26704],[-58.98262,-38.26677],[-58.98279,-38.26666],[-58.9832,-38.26646],[-58.98356,-38.26634],[-58.98429,-38.26618],[-58.98569,-38.26601],[-58.98648,-38.26588],[-58.98734,-38.26567],[-58.98856,-38.26531],[-58.98922,-38.26517],[-58.98969,-38.26514],[-58.98996,-38.26515],[-58.99045,-38.26523],[-58.99095,-38.26542],[-58.99139,-38.26571],[-58.99173,-38.26604],[-58.9919,-38.26626],[-58.99216,-38.26674],[-58.99227,-38.26702],[-58.99238,-38.26741],[-58.99247,-38.26805],[-58.99248,-38.26859],[-58.99241,-38.2691],[-58.99223,-38.26974],[-58.99208,-38.27013],[-58.99173,-38.27079],[-58.99152,-38.27112],[-58.99126,-38.27147],[-58.99096,-38.2718],[-58.99062,-38.27212],[-58.99032,-38.27234],[-58.99,-38.27252],[-58.98974,-38.27263],[-58.98943,-38.27269],[-58.98923,-38.27266],[-58.98917,-38.27255]]]}},{"type":"Feature","properties":{"fdc":"Atlas 500k 1° Ediciónl","sag":"IGN","crv":100,"mo2":2,"tipo":"Curva de nivel","ign":"lineas_de_geomorfologia_CA010.5720"},"geometry":{"type":"MultiLineString","coordinates":[[[-59.00917,-38.26002],[-59.00912,-38.26001],[-59.00906,-38.25995],[-59.00892,-38.25975],[-59.0087,-38.25929],[-59.0079,-38.25715],[-59.00708,-38.25521],[-59.0069,-38.25464],[-59.00682,-38.25424],[-59.00679,-38.25361],[-59.00685,-38.25314],[-59.00695,-38.25279],[-59.00704,-38.25257],[-59.00732,-38.25212],[-59.00762,-38.25181],[-59.00789,-38.25161],[-59.00813,-38.25147],[-59.00844,-38.25134],[-59.00898,-38.25121],[-59.00937,-38.25118],[-59.00975,-38.2512],[-59.01027,-38.25129],[-59.01073,-38.25145],[-59.01095,-38.25155],[-59.01154,-38.25191],[-59.01188,-38.25219],[-59.01228,-38.25261],[-59.01277,-38.2533],[-59.01309,-38.25393],[-59.01326,-38.25436],[-59.01342,-38.25493],[-59.01353,-38.25551],[-59.01358,-38.25628],[-59.01355,-38.25683],[-59.01351,-38.25714],[-59.01342,-38.25753],[-59.01332,-38.25783],[-59.01319,-38.25813],[-59.01299,-38.25843],[-59.01278,-38.25867],[-59.01242,-38.25901],[-59.01209,-38.25925],[-59.01159,-38.25952],[-59.01087,-38.25981],[-59.01006,-38.26],[-59.00948,-38.26005],[-59.00921,-38.26004],[-59.00917,-38.26002]]]}},{"type":"Feature","properties":{"fdc":"Atlas 500k 1° Ediciónl","sag":"IGN","crv":100,"mo2":2,"tipo":"Curva de nivel","ign":"lineas_de_geomorfologia_CA010.5721"},"geometry":{"type":"MultiLineString","coordinates":[[[-59.02,-38.27036],[-59.01996,-38.27038],[-59.01982,-38.27032],[-59.01958,-38.27012],[-59.01924,-38.26972],[-59.01894,-38.26924],[-59.01878,-38.26888],[-59.01857,-38.26832],[-59.01849,-38.268],[-59.01834,-38.26722],[-59.01825,-38.26618],[-59.01824,-38.26541],[-59.01826,-38.26495],[-59.01835,-38.26414],[-59.01847,-38.2635],[-59.01855,-38.26317],[-59.0188,-38.2624],[-59.01897,-38.26196],[-59.01934,-38.26116],[-59.01978,-38.26032],[-59.02013,-38.25973],[-59.02073,-38.25877],[-59.02141,-38.25776],[-59.02213,-38.25679],[-59.0225,-38.25635],[-59.02299,-38.25586],[-59.02358,-38.25539],[-59.0241,-38.25508],[-59.02438,-38.25496],[-59.02476,-38.25485],[-59.02508,-38.25481],[-59.02556,-38.25486],[-59.02579,-38.25493],[-59.02611,-38.25508],[-59.02652,-38.25538],[-59.02681,-38.25569],[-59.02703,-38.25597],[-59.02724,-38.2563],[-59.02753,-38.25688],[-59.02772,-38.25739],[-59.02793,-38.25816],[-59.02805,-38.25884],[-59.02813,-38.25967],[-59.02814,-38.26044],[-59.02811,-38.26118],[-59.02805,-38.26192],[-59.02793,-38.26279],[-59.02773,-38.26378],[-59.02749,-38.26471],[-59.02726,-38.26542],[-59.02701,-38.26602],[-59.02674,-38.26659],[-59.02658,-38.26686],[-59.02628,-38.2673],[-59.02597,-38.26769],[-59.02541,-38.26826],[-59.02491,-38.26869],[-59.02437,-38.26907],[-59.02365,-38.2695],[-59.02315,-38.26974],[-59.02264,-38.26996],[-59.02215,-38.27013],[-59.02129,-38.27035],[-59.02078,-38.27042],[-59.02025,-38.27044],[-59.02006,-38.27041],[-59.02,-38.27036]]]}},{"type":"Feature","properties":{"fdc":"Atlas 500k 1° Ediciónl","sag":"IGN","crv":100,"mo2":2,"tipo":"Curva de nivel","ign":"lineas_de_geomorfologia_CA010.5727"},"geometry":{"type":"MultiLineString","coordinates":[[[-59.02,-38.2939],[-59.01991,-38.29386],[-59.01979,-38.29375],[-59.01963,-38.29354],[-59.01947,-38.29328],[-59.01925,-38.29272],[-59.01913,-38.29219],[-59.01909,-38.29169],[-59.01908,-38.29127],[-59.01919,-38.28947],[-59.01927,-38.28888],[-59.01934,-38.28867],[-59.0195,-38.28838],[-59.0197,-38.28817],[-59.01998,-38.288],[-59.02038,-38.28786],[-59.02061,-38.28782],[-59.02086,-38.2878],[-59.02134,-38.28785],[-59.02177,-38.28798],[-59.02213,-38.28817],[-59.02235,-38.28837],[-59.02253,-38.28861],[-59.02263,-38.28883],[-59.0227,-38.28912],[-59.02272,-38.28943],[-59.02267,-38.28989],[-59.02258,-38.29024],[-59.02245,-38.29063],[-59.02196,-38.29181],[-59.0216,-38.29251],[-59.02135,-38.29289],[-59.0209,-38.29342],[-59.02065,-38.29365],[-59.02033,-38.29386],[-59.02011,-38.29392],[-59.02,-38.2939]]]}},{"type":"Feature","properties":{"fdc":"Atlas 500k 1° Ediciónl","sag":"IGN","crv":100,"mo2":2,"tipo":"Curva de nivel","ign":"lineas_de_geomorfologia_CA010.5724"},"geometry":{"type":"MultiLineString","coordinates":[[[-59.03167,-38.28755],[-59.03153,-38.28753],[-59.03148,-38.2875],[-59.03133,-38.28733],[-59.0312,-38.28704],[-59.03112,-38.2867],[-59.03108,-38.28621],[-59.03109,-38.28568],[-59.03116,-38.28515],[-59.03126,-38.28463],[-59.03146,-38.28386],[-59.03173,-38.28303],[-59.03256,-38.28074],[-59.0329,-38.27975],[-59.03339,-38.27803],[-59.03396,-38.27555],[-59.03467,-38.27273],[-59.03498,-38.27139],[-59.0361,-38.26612],[-59.03668,-38.26299],[-59.03698,-38.26181],[-59.03717,-38.26122],[-59.03749,-38.26052],[-59.03785,-38.25992],[-59.03823,-38.25948],[-59.03867,-38.25912],[-59.039,-38.25896],[-59.03944,-38.25884],[-59.03975,-38.25884],[-59.03996,-38.25887],[-59.04033,-38.259],[-59.04057,-38.25914],[-59.04081,-38.25933],[-59.04107,-38.25962],[-59.04123,-38.25986],[-59.04141,-38.26018],[-59.04165,-38.26081],[-59.04177,-38.26139],[-59.04186,-38.26223],[-59.04186,-38.26302],[-59.04181,-38.26368],[-59.04171,-38.26445],[-59.04142,-38.26583],[-59.04112,-38.26696],[-59.04009,-38.2705],[-59.03987,-38.27139],[-59.03968,-38.27225],[-59.03955,-38.27307],[-59.03945,-38.27389],[-59.03919,-38.27731],[-59.03906,-38.27816],[-59.03881,-38.27925],[-59.03857,-38.28003],[-59.03822,-38.28098],[-59.03799,-38.28154],[-59.03755,-38.28243],[-59.03718,-38.2831],[-59.03673,-38.2838],[-59.03628,-38.28441],[-59.03583,-38.28494],[-59.03538,-38.28542],[-59.03492,-38.28585],[-59.03446,-38.28625],[-59.034,-38.28658],[-59.03355,-38.28688],[-59.03292,-38.28723],[-59.03236,-38.28747],[-59.03206,-38.28756],[-59.03182,-38.2876],[-59.03177,-38.2876],[-59.03167,-38.28755]]]}},{"type":"Feature","properties":{"fdc":"SIG 250 mil","sag":"IGN","crv":60,"mo2":6,"tipo":"Curva de nivel","ign":"lineas_de_geomorfologia_CA010.110334"},"geometry":{"type":"MultiLineString","coordinates":[[[-58.99647,-38.23919],[-58.99741,-38.24071],[-58.9976,-38.24201],[-58.99762,-38.24561],[-58.99454,-38.25152],[-58.99411,-38.25266],[-58.99356,-38.25298],[-58.99288,-38.25308],[-58.98929,-38.25273],[-58.98837,-38.25272]]]}},{"type":"Feature","properties":{"fdc":"SIG 250 mil","sag":"IGN","crv":70,"mo2":6,"tipo":"Curva de nivel","ign":"lineas_de_geomorfologia_CA010.110424"},"geometry":{"type":"MultiLineString","coordinates":[[[-58.98501,-38.28841],[-58.98574,-38.28822],[-58.98639,-38.28723],[-58.98501,-38.28415],[-58.98532,-38.28345],[-58.98714,-38.28289],[-58.98873,-38.28186],[-58.98887,-38.28043],[-58.98986,-38.27892],[-58.99074,-38.27587],[-58.99233,-38.27465],[-58.99297,-38.27265],[-58.99456,-38.27114],[-58.99458,-38.26961],[-58.99538,-38.26857],[-58.99621,-38.26534],[-58.99526,-38.26399],[-58.99432,-38.26179],[-58.99265,-38.26073],[-58.99193,-38.26044],[-58.98815,-38.26212],[-58.98622,-38.26229],[-58.98429,-38.2619],[-58.98247,-38.26245],[-58.98088,-38.2632],[-58.98001,-38.26462],[-58.98035,-38.26701],[-58.98008,-38.26853],[-58.98124,-38.27098],[-58.98369,-38.27247],[-58.98339,-38.27409],[-58.98168,-38.27532],[-58.98131,-38.27607],[-58.98177,-38.27751],[-58.98233,-38.28183],[-58.98431,-38.28669],[-58.98429,-38.28783],[-58.98501,-38.28841]]]}},{"type":"Feature","properties":{"fdc":"SIG 250 mil","sag":"IGN","crv":100,"mo2":6,"tipo":"Curva de nivel","ign":"lineas_de_geomorfologia_CA010.110426"},"geometry":{"type":"MultiLineString","coordinates":[[[-59.02323,-38.28949],[-59.02277,-38.28946],[-59.02245,-38.28938],[-59.02201,-38.2893],[-59.02203,-38.28808],[-59.02196,-38.28791],[-59.02169,-38.28773],[-59.02093,-38.28742],[-59.02077,-38.28732],[-59.02069,-38.28722],[-59.0204,-38.28686],[-59.02038,-38.28677],[-59.0204,-38.28664],[-59.02057,-38.28614],[-59.0206,-38.28608],[-59.02065,-38.286],[-59.02124,-38.28555],[-59.02131,-38.28551],[-59.02138,-38.2855],[-59.02144,-38.2855],[-59.02297,-38.28579],[-59.02305,-38.28581],[-59.02312,-38.28584],[-59.0232,-38.28592],[-59.02363,-38.28905],[-59.02349,-38.28933],[-59.02323,-38.28949]]]}},{"type":"Feature","properties":{"fdc":"Atlas 500k 1° Ediciónl","sag":"IGN","crv":30,"mo2":2,"tipo":"Curva de nivel","ign":"lineas_de_geomorfologia_CA010.17509"},"geometry":{"type":"MultiLineString","coordinates":[[[-58.79583,-38.44767],[-58.79594,-38.44771],[-58.79617,-38.44774],[-58.7965,-38.44773],[-58.79695,-38.44764],[-58.79735,-38.44747],[-58.79762,-38.44729],[-58.79791,-38.44701],[-58.79816,-38.4466],[-58.79827,-38.44634],[-58.79839,-38.44587],[-58.79842,-38.44546],[-58.79839,-38.44504],[-58.7983,-38.44463],[-58.79816,-38.44428],[-58.79798,-38.44397],[-58.79768,-38.44366],[-58.79742,-38.44351],[-58.79714,-38.44345],[-58.79695,-38.44345],[-58.79676,-38.44348],[-58.79655,-38.44356],[-58.79628,-38.44372],[-58.79592,-38.44403],[-58.79572,-38.4443],[-58.79554,-38.44461],[-58.79539,-38.44495],[-58.79531,-38.44522],[-58.79525,-38.4456],[-58.79526,-38.44608],[-58.7953,-38.44637],[-58.79536,-38.44665],[-58.79554,-38.44715],[-58.79567,-38.44743],[-58.79583,-38.44767]]]}},{"type":"Feature","properties":{"fdc":"Atlas 500k 1° Ediciónl","sag":"IGN","crv":30,"mo2":2,"tipo":"Curva de nivel","ign":"lineas_de_geomorfologia_CA010.17511"},"geometry":{"type":"MultiLineString","coordinates":[[[-58.83917,-38.46344],[-58.83931,-38.46347],[-58.83948,-38.46347],[-58.8399,-38.46342],[-58.84034,-38.46334],[-58.84189,-38.46299],[-58.8441,-38.46264],[-58.84474,-38.46249],[-58.84511,-38.46237],[-58.84544,-38.46223],[-58.84584,-38.462],[-58.84613,-38.46178],[-58.84642,-38.46145],[-58.84662,-38.46111],[-58.84673,-38.46073],[-58.84675,-38.46048],[-58.84673,-38.46031],[-58.84668,-38.46008],[-58.84661,-38.45992],[-58.84647,-38.4597],[-58.84632,-38.45955],[-58.84612,-38.45939],[-58.84581,-38.45924],[-58.84549,-38.45915],[-58.84511,-38.4591],[-58.8447,-38.45913],[-58.84436,-38.4592],[-58.84404,-38.45933],[-58.84358,-38.45961],[-58.84315,-38.46001],[-58.84219,-38.46124],[-58.84174,-38.46169],[-58.84112,-38.46214],[-58.83968,-38.463],[-58.83931,-38.46327],[-58.83922,-38.46335],[-58.83917,-38.46344]]]}},{"type":"Feature","properties":{"fdc":"Atlas 500k 1° Ediciónl","sag":"IGN","crv":30,"mo2":2,"tipo":"Curva de nivel","ign":"lineas_de_geomorfologia_CA010.17513"},"geometry":{"type":"MultiLineString","coordinates":[[[-58.82667,-38.47031],[-58.82661,-38.47031],[-58.82652,-38.47024],[-58.82641,-38.47013],[-58.82619,-38.46978],[-58.8261,-38.46953],[-58.82603,-38.46927],[-58.826,-38.46897],[-58.82601,-38.46871],[-58.82606,-38.46848],[-58.82613,-38.46831],[-58.82636,-38.46797],[-58.82661,-38.46773],[-58.82676,-38.46764],[-58.82704,-38.46753],[-58.82743,-38.46747],[-58.82783,-38.46748],[-58.82819,-38.46752],[-58.82879,-38.46767],[-58.82938,-38.46788],[-58.82978,-38.46807],[-58.83007,-38.46827],[-58.83011,-38.46834],[-58.8301,-38.46843],[-58.83002,-38.46858],[-58.82979,-38.46888],[-58.8295,-38.46916],[-58.82905,-38.46946],[-58.8285,-38.46976],[-58.82794,-38.47],[-58.82734,-38.47019],[-58.82667,-38.47031]]]}},{"type":"Feature","properties":{"fdc":"Atlas 500k 1° Ediciónl","sag":"IGN","crv":30,"mo2":2,"tipo":"Curva de nivel","ign":"lineas_de_geomorfologia_CA010.17514"},"geometry":{"type":"MultiLineString","coordinates":[[[-58.85333,-38.47109],[-58.85335,-38.47114],[-58.8535,-38.47118],[-58.85403,-38.47117],[-58.8547,-38.47108],[-58.85557,-38.47088],[-58.85975,-38.46968],[-58.86067,-38.46938],[-58.86135,-38.4691],[-58.86189,-38.46879],[-58.86224,-38.46853],[-58.86245,-38.46832],[-58.86267,-38.46803],[-58.86281,-38.46779],[-58.86293,-38.46745],[-58.86296,-38.46726],[-58.86297,-38.46697],[-58.86287,-38.46657],[-58.86267,-38.46623],[-58.8624,-38.46595],[-58.86212,-38.46575],[-58.86195,-38.46567],[-58.86151,-38.46552],[-58.86105,-38.46544],[-58.8607,-38.46543],[-58.86025,-38.46546],[-58.85952,-38.46559],[-58.8586,-38.46588],[-58.85791,-38.46615],[-58.85643,-38.46681],[-58.85577,-38.46704],[-58.85542,-38.46712],[-58.85501,-38.46718],[-58.85433,-38.46718],[-58.85388,-38.46709],[-58.85365,-38.46702],[-58.85341,-38.46693],[-58.85299,-38.4667],[-58.8525,-38.46635],[-58.85138,-38.46539],[-58.85101,-38.46514],[-58.85062,-38.46497],[-58.85038,-38.4649],[-58.85011,-38.46486],[-58.84989,-38.46486],[-58.8495,-38.46494],[-58.8492,-38.4651],[-58.84902,-38.46525],[-58.84893,-38.46537],[-58.84881,-38.46563],[-58.84877,-38.46582],[-58.84879,-38.46606],[-58.84888,-38.46639],[-58.84911,-38.46683],[-58.84925,-38.46704],[-58.84965,-38.46753],[-58.85018,-38.46806],[-58.85214,-38.4698],[-58.85278,-38.4704],[-58.85329,-38.47096],[-58.85335,-38.47107],[-58.85333,-38.47109]]]}},{"type":"Feature","properties":{"fdc":"Atlas 500k 1° Ediciónl","sag":"IGN","crv":30,"mo2":2,"tipo":"Curva de nivel","ign":"lineas_de_geomorfologia_CA010.17515"},"geometry":{"type":"MultiLineString","coordinates":[[[-58.82,-38.47597],[-58.81968,-38.47576],[-58.81931,-38.47539],[-58.81904,-38.47502],[-58.81887,-38.4746],[-58.81882,-38.47431],[-58.81887,-38.47398],[-58.81902,-38.47369],[-58.81924,-38.47344],[-58.81944,-38.4733],[-58.81961,-38.47321],[-58.81991,-38.47311],[-58.82042,-38.47305],[-58.82084,-38.47305],[-58.82131,-38.47313],[-58.82177,-38.47327],[-58.82214,-38.47348],[-58.82236,-38.47367],[-58.82253,-38.47388],[-58.82268,-38.47418],[-58.82273,-38.47444],[-58.82273,-38.47466],[-58.82269,-38.47492],[-58.82262,-38.47509],[-58.82249,-38.4753],[-58.8223,-38.47553],[-58.82218,-38.47564],[-58.82189,-38.4758],[-58.82137,-38.47596],[-58.8211,-38.47601],[-58.82067,-38.47604],[-58.82028,-38.47602],[-58.82,-38.47597]]]}},{"type":"Feature","properties":{"fdc":"Atlas 500k 1° Ediciónl","sag":"IGN","crv":30,"mo2":2,"tipo":"Curva de nivel","ign":"lineas_de_geomorfologia_CA010.17520"},"geometry":{"type":"MultiLineString","coordinates":[[[-58.87667,-38.49149],[-58.87663,-38.49148],[-58.87655,-38.49141],[-58.87646,-38.49128],[-58.8763,-38.49095],[-58.87621,-38.49068],[-58.87609,-38.49016],[-58.87604,-38.48965],[-58.87605,-38.48912],[-58.87613,-38.4887],[-58.87628,-38.48832],[-58.87637,-38.48816],[-58.8766,-38.48786],[-58.87687,-38.48762],[-58.87705,-38.4875],[-58.87736,-38.48734],[-58.87771,-38.48722],[-58.87818,-38.48715],[-58.87872,-38.48718],[-58.87916,-38.4873],[-58.87962,-38.48752],[-58.87996,-38.48778],[-58.88023,-38.48807],[-58.88042,-38.48836],[-58.8805,-38.48856],[-58.88056,-38.48878],[-58.88058,-38.48901],[-58.88056,-38.48923],[-58.88045,-38.48958],[-58.88029,-38.48987],[-58.88015,-38.49004],[-58.87988,-38.4903],[-58.87956,-38.49053],[-58.87922,-38.49073],[-58.87873,-38.49095],[-58.87811,-38.49116],[-58.8776,-38.4913],[-58.87667,-38.49149]]]}},{"type":"Feature","properties":{"fdc":"Atlas 500k 1° Ediciónl","sag":"IGN","crv":30,"mo2":2,"tipo":"Curva de nivel","ign":"lineas_de_geomorfologia_CA010.17524"},"geometry":{"type":"MultiLineString","coordinates":[[[-58.90917,-38.50169],[-58.90816,-38.50048],[-58.90693,-38.49895],[-58.90651,-38.49835],[-58.90635,-38.49808],[-58.90612,-38.49757],[-58.90597,-38.49714],[-58.90582,-38.49649],[-58.90576,-38.49591],[-58.90579,-38.49553],[-58.90584,-38.49528],[-58.90598,-38.49496],[-58.90612,-38.49477],[-58.90626,-38.49464],[-58.90647,-38.49452],[-58.90679,-38.49444],[-58.90705,-38.49445],[-58.90731,-38.49451],[-58.90755,-38.49462],[-58.90794,-38.49487],[-58.90841,-38.49531],[-58.90931,-38.4963],[-58.90979,-38.49677],[-58.91026,-38.49714],[-58.91159,-38.49806],[-58.91194,-38.49835],[-58.91222,-38.49866],[-58.91243,-38.49901],[-58.91252,-38.49924],[-58.91257,-38.49953],[-58.91255,-38.4999],[-58.91247,-38.50011],[-58.91236,-38.5003],[-58.91212,-38.50061],[-58.91182,-38.50087],[-58.91159,-38.50104],[-58.91122,-38.50125],[-58.91093,-38.50138],[-58.91034,-38.50159],[-58.90984,-38.50169],[-58.90957,-38.50172],[-58.90936,-38.50173],[-58.90921,-38.50172],[-58.90917,-38.50169]]]}},{"type":"Feature","properties":{"fdc":"Atlas 500k 1° Ediciónl","sag":"IGN","crv":20,"mo2":2,"tipo":"Curva de nivel","ign":"lineas_de_geomorfologia_CA010.17526"},"geometry":{"type":"MultiLineString","coordinates":[[[-58.7775,-38.51176],[-58.77758,-38.51177],[-58.77785,-38.51174],[-58.77858,-38.51155],[-58.77914,-38.51131],[-58.77978,-38.51091],[-58.77999,-38.51074],[-58.7803,-38.51042],[-58.7805,-38.51014],[-58.78065,-38.50984],[-58.78074,-38.5095],[-58.78078,-38.50915],[-58.78076,-38.50864],[-58.78071,-38.50831],[-58.78055,-38.50768],[-58.78033,-38.50708],[-58.7802,-38.5068],[-58.77985,-38.5062],[-58.77957,-38.50583],[-58.77935,-38.50559],[-58.77894,-38.50524],[-58.77847,-38.50499],[-58.77826,-38.50492],[-58.77789,-38.50486],[-58.77755,-38.50487],[-58.77728,-38.50493],[-58.77685,-38.50509],[-58.7763,-38.50543],[-58.77562,-38.50599],[-58.77501,-38.50663],[-58.77469,-38.50706],[-58.77455,-38.50728],[-58.77441,-38.50754],[-58.77429,-38.50787],[-58.77421,-38.50827],[-58.77422,-38.50872],[-58.77429,-38.50905],[-58.7744,-38.50933],[-58.77454,-38.5096],[-58.77481,-38.50996],[-58.77499,-38.51017],[-58.77554,-38.51069],[-58.77615,-38.51114],[-58.77676,-38.51149],[-58.77704,-38.51162],[-58.77743,-38.51176],[-58.7775,-38.51176]]]}},{"type":"Feature","properties":{"fdc":"Atlas 500k 1° Ediciónl","sag":"IGN","crv":30,"mo2":2,"tipo":"Curva de nivel","ign":"lineas_de_geomorfologia_CA010.17527"},"geometry":{"type":"MultiLineString","coordinates":[[[-58.94,-38.51288],[-58.93969,-38.51264],[-58.93905,-38.51223],[-58.93863,-38.51203],[-58.93801,-38.51179],[-58.93693,-38.51149],[-58.93469,-38.51097],[-58.93403,-38.51078],[-58.93349,-38.51059],[-58.93321,-38.51045],[-58.93303,-38.51033],[-58.93293,-38.51023],[-58.93284,-38.51006],[-58.93282,-38.50991],[-58.93285,-38.50975],[-58.93305,-38.50942],[-58.93319,-38.50927],[-58.93376,-38.50874],[-58.93419,-38.50842],[-58.93466,-38.50811],[-58.93516,-38.50785],[-58.93549,-38.50773],[-58.93581,-38.50764],[-58.93618,-38.50758],[-58.93671,-38.50759],[-58.93732,-38.50771],[-58.93786,-38.50792],[-58.93819,-38.50809],[-58.93859,-38.50836],[-58.93965,-38.50921],[-58.94055,-38.50988],[-58.94079,-38.51011],[-58.94106,-38.51049],[-58.94121,-38.51088],[-58.94126,-38.51121],[-58.94125,-38.51145],[-58.94121,-38.51168],[-58.94108,-38.51201],[-58.94092,-38.51229],[-58.94065,-38.51258],[-58.94028,-38.51283],[-58.94012,-38.51289],[-58.94,-38.51288]]]}},{"type":"Feature","properties":{"fdc":"Atlas 500k 1° Ediciónl","sag":"IGN","crv":10,"mo2":2,"tipo":"Curva de nivel","ign":"lineas_de_geomorfologia_CA010.17530"},"geometry":{"type":"MultiLineString","coordinates":[[[-58.73667,-38.51843],[-58.73672,-38.51848],[-58.7368,-38.5185],[-58.73711,-38.51847],[-58.73763,-38.51831],[-58.73801,-38.51815],[-58.73865,-38.51784],[-58.73939,-38.51743],[-58.74003,-38.51704],[-58.74065,-38.51663],[-58.74096,-38.5164],[-58.74143,-38.516],[-58.7419,-38.51549],[-58.74209,-38.51524],[-58.74235,-38.51483],[-58.74249,-38.51454],[-58.74261,-38.51416],[-58.74267,-38.51382],[-58.74267,-38.51338],[-58.7426,-38.513],[-58.74247,-38.51264],[-58.74218,-38.51218],[-58.74108,-38.51101],[-58.74081,-38.51068],[-58.74059,-38.51037],[-58.74041,-38.51003],[-58.74026,-38.50967],[-58.74013,-38.50917],[-58.74008,-38.50865],[-58.74012,-38.50805],[-58.74018,-38.5077],[-58.74029,-38.50729],[-58.74057,-38.50655],[-58.74123,-38.50508],[-58.7416,-38.50413],[-58.74181,-38.50341],[-58.74239,-38.50096],[-58.74298,-38.4991],[-58.74315,-38.49848],[-58.7432,-38.49818],[-58.74322,-38.4979],[-58.74319,-38.49762],[-58.74315,-38.49749],[-58.74308,-38.49737],[-58.74294,-38.49719],[-58.7428,-38.49709],[-58.74259,-38.497],[-58.74227,-38.49694],[-58.74201,-38.49693],[-58.74165,-38.49697],[-58.74103,-38.49712],[-58.74056,-38.4973],[-58.73981,-38.49768],[-58.73925,-38.49805],[-58.7388,-38.49842],[-58.73834,-38.49894],[-58.73801,-38.49946],[-58.73786,-38.49977],[-58.73771,-38.50017],[-58.73747,-38.50107],[-58.7372,-38.50249],[-58.73702,-38.50334],[-58.73669,-38.50444],[-58.73634,-38.50531],[-58.73563,-38.50686],[-58.73536,-38.50759],[-58.73526,-38.50801],[-58.7352,-38.50837],[-58.73517,-38.50897],[-58.7352,-38.50959],[-58.73529,-38.51017],[-58.73541,-38.51073],[-58.73564,-38.51156],[-58.73651,-38.51422],[-58.73674,-38.51518],[-58.73685,-38.51588],[-58.73689,-38.51662],[-58.73687,-38.51733],[-58.73677,-38.51809],[-58.7367,-38.51838],[-58.73667,-38.51843]]]}},{"type":"Feature","properties":{"fdc":"Atlas 500k 1° Ediciónl","sag":"IGN","crv":20,"mo2":2,"tipo":"Curva de nivel","ign":"lineas_de_geomorfologia_CA010.17534"},"geometry":{"type":"MultiLineString","coordinates":[[[-58.70417,-38.52671],[-58.70401,-38.5267],[-58.70371,-38.52663],[-58.70326,-38.52649],[-58.70294,-38.52636],[-58.70257,-38.52617],[-58.70226,-38.52598],[-58.70197,-38.52576],[-58.70173,-38.52551],[-58.70157,-38.52527],[-58.70149,-38.52508],[-58.70145,-38.52489],[-58.70145,-38.52473],[-58.70154,-38.5243],[-58.70179,-38.52373],[-58.70204,-38.52331],[-58.70225,-38.52303],[-58.70264,-38.52261],[-58.70309,-38.52224],[-58.70339,-38.52205],[-58.70389,-38.52182],[-58.70423,-38.52171],[-58.70461,-38.52162],[-58.70503,-38.52156],[-58.70543,-38.52155],[-58.70584,-38.52158],[-58.70622,-38.52167],[-58.70673,-38.52186],[-58.70709,-38.52208],[-58.70738,-38.52234],[-58.70767,-38.52272],[-58.70784,-38.52311],[-58.70794,-38.52353],[-58.70796,-38.52381],[-58.70794,-38.52405],[-58.70785,-38.52445],[-58.7077,-38.52484],[-58.7075,-38.52517],[-58.70725,-38.52546],[-58.70693,-38.52573],[-58.70647,-38.52603],[-58.70596,-38.52628],[-58.70536,-38.5265],[-58.70482,-38.52664],[-58.7045,-38.52669],[-58.70417,-38.52671]]]}},{"type":"Feature","properties":{"fdc":"Atlas 500k 1° Ediciónl","sag":"IGN","crv":20,"mo2":2,"tipo":"Curva de nivel","ign":"lineas_de_geomorfologia_CA010.17535"},"geometry":{"type":"MultiLineString","coordinates":[[[-58.6975,-38.52782],[-58.69742,-38.52775],[-58.69727,-38.52757],[-58.69701,-38.52708],[-58.69687,-38.52669],[-58.69682,-38.52627],[-58.69685,-38.52591],[-58.69695,-38.52565],[-58.69712,-38.52538],[-58.69734,-38.52514],[-58.69757,-38.52496],[-58.69795,-38.52479],[-58.69836,-38.5247],[-58.69868,-38.52469],[-58.69918,-38.52476],[-58.69953,-38.52488],[-58.69981,-38.52503],[-58.70008,-38.52525],[-58.70026,-38.52548],[-58.70033,-38.52564],[-58.70036,-38.52581],[-58.70033,-38.52615],[-58.70022,-38.52648],[-58.70011,-38.5267],[-58.69986,-38.52705],[-58.69965,-38.5273],[-58.69952,-38.52742],[-58.6993,-38.52757],[-58.69909,-38.52768],[-58.69861,-38.52783],[-58.69803,-38.52789],[-58.69765,-38.52786],[-58.6975,-38.52782]]]}},{"type":"Feature","properties":{"fdc":"Atlas 500k 1° Ediciónl","sag":"IGN","crv":20,"mo2":2,"tipo":"Curva de nivel","ign":"lineas_de_geomorfologia_CA010.17538"},"geometry":{"type":"MultiLineString","coordinates":[[[-58.7925,-38.53533],[-58.79271,-38.53533],[-58.79312,-38.53526],[-58.79404,-38.535],[-58.79555,-38.53448],[-58.79669,-38.53399],[-58.79716,-38.53374],[-58.79775,-38.53335],[-58.79816,-38.53295],[-58.79851,-38.53249],[-58.79881,-38.53194],[-58.79899,-38.53151],[-58.79927,-38.53065],[-58.7994,-38.53008],[-58.79948,-38.52954],[-58.7995,-38.52908],[-58.79948,-38.52881],[-58.7994,-38.52833],[-58.79929,-38.52796],[-58.79904,-38.52745],[-58.79872,-38.52702],[-58.79845,-38.52674],[-58.79823,-38.52654],[-58.79793,-38.52632],[-58.79752,-38.52609],[-58.79732,-38.52601],[-58.79688,-38.52588],[-58.79646,-38.52581],[-58.79602,-38.52578],[-58.79542,-38.52582],[-58.79496,-38.52588],[-58.79443,-38.52599],[-58.79389,-38.52614],[-58.79343,-38.52631],[-58.79292,-38.52655],[-58.79265,-38.52671],[-58.79219,-38.52704],[-58.79193,-38.52727],[-58.79166,-38.52757],[-58.79146,-38.52784],[-58.7912,-38.52834],[-58.79101,-38.52895],[-58.79094,-38.52948],[-58.79095,-38.53006],[-58.79107,-38.53083],[-58.79136,-38.53199],[-58.79209,-38.53431],[-58.79237,-38.53507],[-58.7925,-38.53533]]]}},{"type":"Feature","properties":{"fdc":"Atlas 500k 1° Ediciónl","sag":"IGN","crv":20,"mo2":2,"tipo":"Curva de nivel","ign":"lineas_de_geomorfologia_CA010.17539"},"geometry":{"type":"MultiLineString","coordinates":[[[-58.735,-38.53761],[-58.73488,-38.53752],[-58.73482,-38.53735],[-58.73487,-38.53684],[-58.735,-38.5365],[-58.7352,-38.53613],[-58.7356,-38.53559],[-58.73614,-38.53499],[-58.73701,-38.53419],[-58.73756,-38.53375],[-58.73812,-38.53336],[-58.73857,-38.53309],[-58.73894,-38.53291],[-58.73941,-38.53271],[-58.74191,-38.53193],[-58.74253,-38.53171],[-58.74332,-38.53136],[-58.74383,-38.53111],[-58.74452,-38.5307],[-58.74649,-38.52937],[-58.74708,-38.52905],[-58.74776,-38.52877],[-58.74845,-38.52862],[-58.74879,-38.52861],[-58.749,-38.52862],[-58.7492,-38.52867],[-58.74946,-38.52877],[-58.74955,-38.52883],[-58.74976,-38.52905],[-58.74987,-38.52933],[-58.74988,-38.52945],[-58.74987,-38.52973],[-58.74984,-38.52989],[-58.74976,-38.53012],[-58.74957,-38.5305],[-58.74932,-38.53086],[-58.74909,-38.53115],[-58.74863,-38.53163],[-58.74759,-38.53265],[-58.74655,-38.53372],[-58.74611,-38.53412],[-58.74521,-38.53486],[-58.74473,-38.5352],[-58.74422,-38.53551],[-58.7437,-38.53579],[-58.74314,-38.53605],[-58.74251,-38.53627],[-58.74172,-38.53648],[-58.74049,-38.53671],[-58.7372,-38.53715],[-58.735,-38.53761]]]}},{"type":"Feature","properties":{"fdc":"Atlas 500k 1° Ediciónl","sag":"IGN","crv":20,"mo2":2,"tipo":"Curva de nivel","ign":"lineas_de_geomorfologia_CA010.17541"},"geometry":{"type":"MultiLineString","coordinates":[[[-58.6525,-38.5405],[-58.65208,-38.54003],[-58.65159,-38.53933],[-58.65129,-38.53882],[-58.65091,-38.53801],[-58.65072,-38.53741],[-58.65063,-38.53679],[-58.65063,-38.5363],[-58.65067,-38.53597],[-58.65077,-38.53559],[-58.65087,-38.5353],[-58.651,-38.53503],[-58.65118,-38.53477],[-58.65135,-38.53458],[-58.65173,-38.53427],[-58.65208,-38.53409],[-58.65255,-38.53393],[-58.65301,-38.53386],[-58.65335,-38.53384],[-58.65383,-38.53387],[-58.65438,-38.53399],[-58.65493,-38.53422],[-58.65543,-38.53455],[-58.65582,-38.53494],[-58.65613,-38.53541],[-58.65623,-38.53561],[-58.65636,-38.53599],[-58.65644,-38.53649],[-58.65644,-38.53695],[-58.6564,-38.53721],[-58.65631,-38.53758],[-58.65614,-38.53801],[-58.65587,-38.53851],[-58.65561,-38.53884],[-58.65508,-38.53933],[-58.65443,-38.53978],[-58.65375,-38.54014],[-58.65311,-38.54039],[-58.65281,-38.54047],[-58.65261,-38.54051],[-58.6525,-38.5405]]]}},{"type":"Feature","properties":{"fdc":"Atlas 500k 1° Ediciónl","sag":"IGN","crv":20,"mo2":2,"tipo":"Curva de nivel","ign":"lineas_de_geomorfologia_CA010.17543"},"geometry":{"type":"MultiLineString","coordinates":[[[-58.83917,-38.54255],[-58.83923,-38.5426],[-58.8395,-38.54258],[-58.83969,-38.54252],[-58.83993,-38.5424],[-58.84033,-38.54212],[-58.8407,-38.5417],[-58.84089,-38.54139],[-58.84104,-38.54105],[-58.84111,-38.54082],[-58.84123,-38.54009],[-58.84121,-38.53944],[-58.84111,-38.53882],[-58.84083,-38.53763],[-58.84054,-38.53596],[-58.84047,-38.53564],[-58.84026,-38.53512],[-58.84003,-38.53478],[-58.83979,-38.53455],[-58.8395,-38.53437],[-58.83922,-38.53427],[-58.839,-38.53422],[-58.83876,-38.5342],[-58.83832,-38.53421],[-58.83787,-38.5343],[-58.83756,-38.53439],[-58.83706,-38.5346],[-58.83668,-38.53479],[-58.83555,-38.53547],[-58.83353,-38.53681],[-58.83291,-38.53731],[-58.8326,-38.53764],[-58.83243,-38.5379],[-58.83229,-38.53823],[-58.83224,-38.53858],[-58.83231,-38.53895],[-58.83246,-38.53925],[-58.83265,-38.5395],[-58.83289,-38.53975],[-58.83313,-38.53994],[-58.83357,-38.54022],[-58.83427,-38.54056],[-58.83758,-38.54186],[-58.83872,-38.54234],[-58.83917,-38.54255]]]}},{"type":"Feature","properties":{"fdc":"Atlas 500k 1° Ediciónl","sag":"IGN","crv":20,"mo2":2,"tipo":"Curva de nivel","ign":"lineas_de_geomorfologia_CA010.17550"},"geometry":{"type":"MultiLineString","coordinates":[[[-58.74167,-38.55442],[-58.74154,-38.55435],[-58.74122,-38.55412],[-58.74074,-38.55365],[-58.74041,-38.55325],[-58.74015,-38.55281],[-58.73999,-38.55243],[-58.73991,-38.55201],[-58.73994,-38.55161],[-58.74005,-38.55128],[-58.74014,-38.55111],[-58.7403,-38.55088],[-58.74045,-38.55072],[-58.74076,-38.55049],[-58.74114,-38.5503],[-58.74169,-38.55013],[-58.74224,-38.55007],[-58.74278,-38.55008],[-58.74332,-38.55019],[-58.74382,-38.55039],[-58.74411,-38.55056],[-58.74448,-38.55089],[-58.74467,-38.55113],[-58.74481,-38.55135],[-58.74498,-38.55172],[-58.74507,-38.55199],[-58.74512,-38.55228],[-58.74515,-38.55266],[-58.74514,-38.55289],[-58.74507,-38.55325],[-58.74489,-38.55373],[-58.74471,-38.55403],[-58.74458,-38.55417],[-58.74443,-38.5543],[-58.74408,-38.5545],[-58.74381,-38.5546],[-58.74352,-38.55466],[-58.74322,-38.55469],[-58.74258,-38.55467],[-58.74209,-38.55457],[-58.74177,-38.55447],[-58.74167,-38.55442]]]}},{"type":"Feature","properties":{"fdc":"Atlas 500k 1° Ediciónl","sag":"IGN","crv":20,"mo2":2,"tipo":"Curva de nivel","ign":"lineas_de_geomorfologia_CA010.17551"},"geometry":{"type":"MultiLineString","coordinates":[[[-58.64583,-38.55603],[-58.64236,-38.55509],[-58.64045,-38.5545],[-58.64013,-38.55437],[-58.63986,-38.55419],[-58.63977,-38.55407],[-58.63975,-38.55398],[-58.63978,-38.55388],[-58.63998,-38.55367],[-58.64026,-38.55348],[-58.64075,-38.55326],[-58.64116,-38.55312],[-58.64163,-38.55301],[-58.64263,-38.55286],[-58.64326,-38.55282],[-58.64387,-38.55282],[-58.6461,-38.5529],[-58.64733,-38.55287],[-58.64838,-38.55276],[-58.65003,-38.55247],[-58.6507,-38.55242],[-58.65101,-38.55245],[-58.65119,-38.55251],[-58.65133,-38.55259],[-58.65142,-38.55273],[-58.65144,-38.5529],[-58.65139,-38.55305],[-58.65128,-38.55324],[-58.65105,-38.55348],[-58.65065,-38.55381],[-58.64987,-38.55431],[-58.64841,-38.55511],[-58.64732,-38.55562],[-58.64672,-38.55585],[-58.64617,-38.55601],[-58.64593,-38.55605],[-58.64584,-38.55605],[-58.64583,-38.55603]]]}},{"type":"Feature","properties":{"fdc":"Atlas 500k 1° Ediciónl","sag":"IGN","crv":20,"mo2":2,"tipo":"Curva de nivel","ign":"lineas_de_geomorfologia_CA010.17552"},"geometry":{"type":"MultiLineString","coordinates":[[[-58.76417,-38.5625],[-58.76413,-38.56248],[-58.76402,-38.56229],[-58.76392,-38.56194],[-58.7639,-38.56172],[-58.76393,-38.56137],[-58.76405,-38.56094],[-58.76424,-38.56058],[-58.76437,-38.56041],[-58.76469,-38.56011],[-58.76505,-38.55984],[-58.7655,-38.55958],[-58.76589,-38.55941],[-58.76627,-38.5593],[-58.76669,-38.55925],[-58.76704,-38.5593],[-58.76731,-38.55943],[-58.76747,-38.55959],[-58.76763,-38.55986],[-58.76774,-38.5602],[-58.76781,-38.56052],[-58.76785,-38.56097],[-58.76784,-38.56125],[-58.76778,-38.56157],[-58.76767,-38.56183],[-58.76745,-38.56211],[-58.76718,-38.5623],[-58.76688,-38.56244],[-58.76646,-38.56255],[-58.76617,-38.56258],[-58.76528,-38.56261],[-58.76465,-38.56257],[-58.76417,-38.5625]]]}},{"type":"Feature","properties":{"fdc":"Atlas 500k 1° Ediciónl","sag":"IGN","crv":20,"mo2":2,"tipo":"Curva de nivel","ign":"lineas_de_geomorfologia_CA010.17545"},"geometry":{"type":"MultiLineString","coordinates":[[[-58.8125,-38.5494],[-58.81306,-38.54898],[-58.81356,-38.54866],[-58.814,-38.54841],[-58.81452,-38.54817],[-58.81517,-38.54793],[-58.81585,-38.54775],[-58.81671,-38.54762],[-58.81734,-38.54758],[-58.81775,-38.54758],[-58.81817,-38.54761],[-58.81888,-38.5477],[-58.81951,-38.54783],[-58.81999,-38.54796],[-58.82119,-38.54834],[-58.82171,-38.54848],[-58.82215,-38.54857],[-58.8226,-38.54863],[-58.82303,-38.54865],[-58.82363,-38.54861],[-58.82426,-38.54848],[-58.82445,-38.54842],[-58.825,-38.54817],[-58.82529,-38.548],[-58.82571,-38.54768],[-58.82601,-38.54738],[-58.82626,-38.54707],[-58.82656,-38.5466],[-58.82669,-38.54634],[-58.8269,-38.54568],[-58.82698,-38.54496],[-58.82691,-38.54428],[-58.82686,-38.54404],[-58.82669,-38.54354],[-58.82638,-38.54289],[-58.82584,-38.54207],[-58.82534,-38.54143],[-58.82459,-38.5406],[-58.82401,-38.54004],[-58.82325,-38.53938],[-58.8225,-38.53888],[-58.8218,-38.53854],[-58.82109,-38.53829],[-58.82053,-38.53814],[-58.82003,-38.53804],[-58.81924,-38.53792],[-58.81818,-38.53786],[-58.81743,-38.53788],[-58.81661,-38.53798],[-58.81572,-38.5382],[-58.81511,-38.53842],[-58.81461,-38.53867],[-58.81415,-38.53896],[-58.8137,-38.5393],[-58.81334,-38.53963],[-58.81298,-38.54002],[-58.81265,-38.54043],[-58.81237,-38.54088],[-58.81213,-38.5414],[-58.81195,-38.54203],[-58.81186,-38.54258],[-58.81182,-38.54317],[-58.81185,-38.54428],[-58.81235,-38.54882],[-58.8124,-38.54916],[-58.81245,-38.54935],[-58.8125,-38.5494]]]}},{"type":"Feature","properties":{"fdc":"Atlas 500k 1° Ediciónl","sag":"IGN","crv":20,"mo2":2,"tipo":"Curva de nivel","ign":"lineas_de_geomorfologia_CA010.17546"},"geometry":{"type":"MultiLineString","coordinates":[[[-58.7975,-38.54956],[-58.79763,-38.54959],[-58.79792,-38.54959],[-58.79866,-38.54951],[-58.79926,-38.54935],[-58.79987,-38.5491],[-58.80027,-38.54885],[-58.8006,-38.54851],[-58.8007,-38.54835],[-58.80075,-38.54821],[-58.80077,-38.54805],[-58.80074,-38.54785],[-58.80062,-38.5476],[-58.80052,-38.54746],[-58.80026,-38.54722],[-58.79948,-38.54666],[-58.79873,-38.54625],[-58.79815,-38.54599],[-58.79775,-38.54586],[-58.79747,-38.54579],[-58.7971,-38.54575],[-58.79685,-38.54575],[-58.79654,-38.5458],[-58.79635,-38.54587],[-58.79607,-38.54605],[-58.79586,-38.54628],[-58.79576,-38.54645],[-58.79569,-38.54664],[-58.79565,-38.54687],[-58.79564,-38.54714],[-58.79566,-38.54738],[-58.7958,-38.5478],[-58.79593,-38.54804],[-58.79614,-38.54836],[-58.79634,-38.54861],[-58.79656,-38.54885],[-58.79704,-38.54928],[-58.79733,-38.54947],[-58.7975,-38.54956]]]}},{"type":"Feature","properties":{"fdc":"Atlas 500k 1° Ediciónl","sag":"IGN","crv":20,"mo2":2,"tipo":"Curva de nivel","ign":"lineas_de_geomorfologia_CA010.17547"},"geometry":{"type":"MultiLineString","coordinates":[[[-58.77333,-38.55068],[-58.77343,-38.5507],[-58.77368,-38.5506],[-58.77404,-38.55034],[-58.77427,-38.5501],[-58.7745,-38.54981],[-58.77471,-38.54949],[-58.77503,-38.54889],[-58.77586,-38.5466],[-58.77601,-38.546],[-58.77604,-38.54562],[-58.77597,-38.54529],[-58.77591,-38.54519],[-58.77579,-38.54506],[-58.77567,-38.54499],[-58.77534,-38.54494],[-58.77495,-38.54499],[-58.77442,-38.54516],[-58.77387,-38.54542],[-58.77342,-38.54568],[-58.77315,-38.54588],[-58.77294,-38.5461],[-58.77282,-38.54626],[-58.77268,-38.54654],[-58.77263,-38.54676],[-58.77262,-38.54697],[-58.77265,-38.54731],[-58.77303,-38.54904],[-58.77333,-38.55068]]]}},{"type":"Feature","properties":{"fdc":"Atlas 500k 1° Ediciónl","sag":"IGN","crv":20,"mo2":2,"tipo":"Curva de nivel","ign":"lineas_de_geomorfologia_CA010.17553"},"geometry":{"type":"MultiLineString","coordinates":[[[-58.83833,-38.56786],[-58.83804,-38.56754],[-58.83771,-38.56707],[-58.83748,-38.56669],[-58.83728,-38.56627],[-58.83712,-38.56582],[-58.83707,-38.56553],[-58.83708,-38.56535],[-58.83712,-38.5652],[-58.83727,-38.56491],[-58.83754,-38.56464],[-58.83804,-38.56424],[-58.83847,-38.56399],[-58.83882,-38.56383],[-58.8392,-38.56373],[-58.83956,-38.56372],[-58.83991,-38.56379],[-58.84008,-38.56387],[-58.84037,-38.56407],[-58.8408,-38.56448],[-58.84116,-38.56497],[-58.8415,-38.56555],[-58.8417,-38.56604],[-58.84178,-38.56644],[-58.84179,-38.56686],[-58.84168,-38.56723],[-58.84155,-38.56746],[-58.84137,-38.56765],[-58.84122,-38.56777],[-58.84084,-38.56794],[-58.84054,-38.56802],[-58.83998,-38.5681],[-58.83923,-38.56808],[-58.8386,-38.56797],[-58.83833,-38.56786]]]}},{"type":"Feature","properties":{"fdc":"Atlas 500k 1° Ediciónl","sag":"IGN","crv":20,"mo2":2,"tipo":"Curva de nivel","ign":"lineas_de_geomorfologia_CA010.17554"},"geometry":{"type":"MultiLineString","coordinates":[[[-58.6875,-38.56781],[-58.68739,-38.56775],[-58.68715,-38.56752],[-58.68684,-38.56711],[-58.68666,-38.56675],[-58.68656,-38.56644],[-58.68654,-38.56627],[-58.68653,-38.56611],[-58.68656,-38.56585],[-58.68664,-38.56567],[-58.68689,-38.56539],[-58.68715,-38.56522],[-58.68755,-38.56507],[-58.68812,-38.56497],[-58.68879,-38.56495],[-58.6895,-38.565],[-58.69015,-38.56513],[-58.6906,-38.5653],[-58.69091,-38.56551],[-58.69112,-38.56575],[-58.69119,-38.5659],[-58.69123,-38.56613],[-58.6912,-38.56643],[-58.6911,-38.56669],[-58.69096,-38.56692],[-58.69069,-38.56724],[-58.69052,-38.56739],[-58.69023,-38.56759],[-58.68984,-38.56778],[-58.6896,-38.56785],[-58.68901,-38.56795],[-58.68863,-38.56797],[-58.68813,-38.56794],[-58.68779,-38.56789],[-58.6875,-38.56781]]]}},{"type":"Feature","properties":{"fdc":"Atlas 500k 1° Ediciónl","sag":"IGN","crv":20,"mo2":2,"tipo":"Curva de nivel","ign":"lineas_de_geomorfologia_CA010.17555"},"geometry":{"type":"MultiLineString","coordinates":[[[-58.86333,-38.57934],[-58.86335,-38.57931],[-58.86332,-38.57926],[-58.86322,-38.57919],[-58.86279,-38.57898],[-58.86224,-38.57878],[-58.86127,-38.57848],[-58.85591,-38.57693],[-58.8541,-38.57649],[-58.85195,-38.57601],[-58.85136,-38.57585],[-58.85068,-38.5756],[-58.85017,-38.57533],[-58.84975,-38.57503],[-58.84938,-38.57467],[-58.84912,-38.57433],[-58.84899,-38.57408],[-58.84891,-38.57384],[-58.84887,-38.5736],[-58.84888,-38.57325],[-58.84901,-38.57283],[-58.84922,-38.57247],[-58.84933,-38.57233],[-58.84967,-38.57196],[-58.85011,-38.5716],[-58.85069,-38.57122],[-58.85128,-38.57091],[-58.85177,-38.57071],[-58.85234,-38.57052],[-58.8534,-38.57027],[-58.85387,-38.57019],[-58.85436,-38.57015],[-58.8548,-38.57014],[-58.85525,-38.57018],[-58.85567,-38.57026],[-58.85611,-38.57038],[-58.85739,-38.57088],[-58.85799,-38.57107],[-58.85866,-38.57119],[-58.85925,-38.57119],[-58.85988,-38.57111],[-58.86042,-38.57098],[-58.86112,-38.57074],[-58.8626,-38.57017],[-58.86338,-38.56993],[-58.86417,-38.56978],[-58.86472,-38.56973],[-58.86523,-38.56975],[-58.86561,-38.5698],[-58.86609,-38.5699],[-58.86665,-38.57008],[-58.86753,-38.57046],[-58.86841,-38.57094],[-58.86954,-38.57167],[-58.87039,-38.57231],[-58.87067,-38.57256],[-58.87098,-38.57288],[-58.87122,-38.57321],[-58.87137,-38.57354],[-58.8714,-38.57392],[-58.87132,-38.57426],[-58.8711,-38.57469],[-58.87073,-38.57519],[-58.87035,-38.57559],[-58.86984,-38.57605],[-58.86915,-38.57661],[-58.8681,-38.57736],[-58.86697,-38.57807],[-58.86598,-38.57861],[-58.86495,-38.57907],[-58.86424,-38.57931],[-58.86388,-38.5794],[-58.86351,-38.57944],[-58.86336,-38.5794],[-58.86333,-38.57934]]]}},{"type":"Feature","properties":{"fdc":"Atlas 500k 1° Ediciónl","sag":"IGN","crv":10,"mo2":2,"tipo":"Curva de nivel","ign":"lineas_de_geomorfologia_CA010.17556"},"geometry":{"type":"MultiLineString","coordinates":[[[-58.74917,-38.58006],[-58.74938,-38.58006],[-58.74976,-38.57995],[-58.75033,-38.57969],[-58.75074,-38.57942],[-58.75105,-38.57917],[-58.75131,-38.57887],[-58.75146,-38.57853],[-58.75148,-38.57833],[-58.75141,-38.57807],[-58.75123,-38.57779],[-58.75032,-38.57688],[-58.75,-38.5765],[-58.74986,-38.57624],[-58.74974,-38.57596],[-58.74967,-38.57566],[-58.74961,-38.57529],[-58.74958,-38.57464],[-58.7496,-38.57382],[-58.74967,-38.57279],[-58.74977,-38.57181],[-58.74995,-38.57061],[-58.75029,-38.56917],[-58.75039,-38.56862],[-58.7504,-38.56825],[-58.75029,-38.5678],[-58.75011,-38.56751],[-58.74992,-38.56731],[-58.74977,-38.5672],[-58.74953,-38.56708],[-58.74934,-38.56701],[-58.74892,-38.56693],[-58.7486,-38.56691],[-58.7481,-38.56697],[-58.74775,-38.56707],[-58.74731,-38.56725],[-58.74676,-38.56757],[-58.74599,-38.56819],[-58.74411,-38.56989],[-58.74351,-38.57046],[-58.74314,-38.57086],[-58.74283,-38.57123],[-58.74252,-38.57167],[-58.74222,-38.57218],[-58.74207,-38.57251],[-58.74191,-38.57304],[-58.74185,-38.57335],[-58.74183,-38.57376],[-58.74189,-38.57424],[-58.74199,-38.57463],[-58.74223,-38.5752],[-58.74252,-38.57564],[-58.74272,-38.57588],[-58.74315,-38.57631],[-58.74339,-38.57652],[-58.74394,-38.57694],[-58.74471,-38.57744],[-58.74552,-38.57788],[-58.74748,-38.57883],[-58.74835,-38.57932],[-58.74873,-38.57958],[-58.74901,-38.57981],[-58.74916,-38.57997],[-58.74917,-38.58006]]]}},{"type":"Feature","properties":{"fdc":"Atlas 500k 1° Ediciónl","sag":"IGN","crv":20,"mo2":2,"tipo":"Curva de nivel","ign":"lineas_de_geomorfologia_CA010.17557"},"geometry":{"type":"MultiLineString","coordinates":[[[-58.74917,-38.58763],[-58.74796,-38.58714],[-58.74429,-38.58553],[-58.74384,-38.58528],[-58.74361,-38.5851],[-58.74355,-38.58503],[-58.7435,-38.58491],[-58.74352,-38.5848],[-58.74357,-38.58473],[-58.74375,-38.58463],[-58.744,-38.58459],[-58.74418,-38.58459],[-58.74449,-38.58462],[-58.74492,-38.5847],[-58.7461,-38.585],[-58.74841,-38.58573],[-58.74949,-38.58611],[-58.75024,-38.58641],[-58.75071,-38.58664],[-58.75097,-38.5868],[-58.75115,-38.58696],[-58.75125,-38.58714],[-58.75126,-38.58727],[-58.75122,-38.58737],[-58.75114,-38.58746],[-58.75103,-38.58753],[-58.75064,-38.58765],[-58.75029,-38.5877],[-58.74996,-38.58771],[-58.74952,-38.58769],[-58.74917,-38.58763]]]}},{"type":"Feature","properties":{"fdc":"Atlas 500k 1° Ediciónl","sag":"IGN","crv":10,"mo2":2,"tipo":"Curva de nivel","ign":"lineas_de_geomorfologia_CA010.17558"},"geometry":{"type":"MultiLineString","coordinates":[[[-58.76667,-38.58885],[-58.76674,-38.58888],[-58.76701,-38.5889],[-58.76766,-38.58884],[-58.7687,-38.58865],[-58.76943,-38.58848],[-58.77099,-38.58801],[-58.77199,-38.58766],[-58.77284,-38.58731],[-58.7734,-38.58704],[-58.77367,-38.58687],[-58.77405,-38.58653],[-58.77418,-38.58635],[-58.77426,-38.58614],[-58.77429,-38.58599],[-58.77429,-38.58578],[-58.77422,-38.58547],[-58.77398,-38.58504],[-58.77365,-38.58467],[-58.77349,-38.58452],[-58.77313,-38.58423],[-58.77275,-38.58399],[-58.772,-38.58359],[-58.77092,-38.58316],[-58.77037,-38.583],[-58.76979,-38.58286],[-58.76939,-38.58282],[-58.76903,-38.58283],[-58.76883,-38.58286],[-58.76858,-38.58295],[-58.76822,-38.58319],[-58.768,-38.58341],[-58.76769,-38.58387],[-58.7672,-38.58483],[-58.76678,-38.58591],[-58.76654,-38.58679],[-58.76642,-38.58753],[-58.7664,-38.58782],[-58.76642,-38.58824],[-58.76648,-38.58856],[-58.7666,-38.58883],[-58.76667,-38.58885]]]}},{"type":"Feature","properties":{"fdc":"Atlas 500k 1° Ediciónl","sag":"IGN","crv":20,"mo2":2,"tipo":"Curva de nivel","ign":"lineas_de_geomorfologia_CA010.17559"},"geometry":{"type":"MultiLineString","coordinates":[[[-58.78917,-38.59273],[-58.78909,-38.59268],[-58.78898,-38.59251],[-58.78883,-38.59207],[-58.78879,-38.59168],[-58.78882,-38.59115],[-58.78887,-38.5909],[-58.78903,-38.59045],[-58.78927,-38.59004],[-58.78958,-38.5897],[-58.7902,-38.58924],[-58.79164,-38.58834],[-58.79202,-38.58813],[-58.79244,-38.58796],[-58.79277,-38.58788],[-58.79299,-38.58787],[-58.79332,-38.58792],[-58.79368,-38.58808],[-58.79399,-38.58834],[-58.79417,-38.58859],[-58.79428,-38.58887],[-58.79433,-38.58914],[-58.79433,-38.58943],[-58.79426,-38.58989],[-58.7941,-38.59036],[-58.79353,-38.59172],[-58.79338,-38.59201],[-58.79321,-38.59228],[-58.79303,-38.59249],[-58.79282,-38.59268],[-58.79265,-38.59279],[-58.79245,-38.59288],[-58.79224,-38.59294],[-58.7918,-38.59301],[-58.79115,-38.59302],[-58.7904,-38.59296],[-58.78986,-38.59288],[-58.78917,-38.59273]]]}},{"type":"Feature","properties":{"fdc":"Atlas 500k 1° Ediciónl","sag":"IGN","crv":20,"mo2":2,"tipo":"Curva de nivel","ign":"lineas_de_geomorfologia_CA010.17560"},"geometry":{"type":"MultiLineString","coordinates":[[[-58.80833,-38.60424],[-58.80828,-38.60413],[-58.80797,-38.60377],[-58.80678,-38.60255],[-58.80649,-38.60222],[-58.80629,-38.60196],[-58.80614,-38.60171],[-58.80604,-38.60148],[-58.80599,-38.60122],[-58.80598,-38.60102],[-58.80602,-38.60074],[-58.80613,-38.60049],[-58.80624,-38.60032],[-58.8064,-38.60016],[-58.80659,-38.60003],[-58.80674,-38.59997],[-58.80695,-38.59993],[-58.80716,-38.59992],[-58.80741,-38.59995],[-58.80775,-38.60006],[-58.8082,-38.60033],[-58.80852,-38.60059],[-58.80971,-38.60165],[-58.81082,-38.60244],[-58.81115,-38.60271],[-58.81146,-38.60306],[-58.81156,-38.60324],[-58.81162,-38.60339],[-58.81164,-38.60358],[-58.81163,-38.60373],[-58.81158,-38.60388],[-58.81148,-38.60406],[-58.81129,-38.60426],[-58.81112,-38.60436],[-58.8108,-38.60449],[-58.81019,-38.60462],[-58.80961,-38.60464],[-58.80924,-38.6046],[-58.80882,-38.6045],[-58.80845,-38.60434],[-58.80837,-38.60429],[-58.80833,-38.60424]]]}},{"type":"Feature","properties":{"fdc":"Atlas 500k 1° Ediciónl","sag":"IGN","crv":10,"mo2":2,"tipo":"Curva de nivel","ign":"lineas_de_geomorfologia_CA010.17561"},"geometry":{"type":"MultiLineString","coordinates":[[[-58.83,-38.61356],[-58.83021,-38.61361],[-58.83052,-38.61362],[-58.83091,-38.61359],[-58.83125,-38.61353],[-58.83171,-38.61335],[-58.83191,-38.61324],[-58.83223,-38.61296],[-58.83251,-38.6126],[-58.83263,-38.61241],[-58.83278,-38.61207],[-58.83286,-38.61177],[-58.83289,-38.61145],[-58.83286,-38.61123],[-58.83282,-38.6111],[-58.83267,-38.61089],[-58.83245,-38.61077],[-58.83202,-38.6107],[-58.83161,-38.61071],[-58.83106,-38.61079],[-58.83066,-38.61089],[-58.83003,-38.61112],[-58.82957,-38.61136],[-58.8292,-38.61165],[-58.82906,-38.61183],[-58.82897,-38.61204],[-58.82895,-38.61232],[-58.82899,-38.6125],[-58.82915,-38.61283],[-58.82945,-38.61317],[-58.82972,-38.6134],[-58.83,-38.61356]]]}},{"type":"Feature","properties":{"fdc":"Atlas 500k 1° Ediciónl","sag":"IGN","crv":20,"mo2":2,"tipo":"Curva de nivel","ign":"lineas_de_geomorfologia_CA010.17562"},"geometry":{"type":"MultiLineString","coordinates":[[[-58.89833,-38.63529],[-58.89693,-38.63448],[-58.89552,-38.63361],[-58.89486,-38.63314],[-58.89431,-38.63267],[-58.89402,-38.63232],[-58.89386,-38.63203],[-58.8938,-38.63183],[-58.89379,-38.63161],[-58.89384,-38.6314],[-58.89393,-38.63122],[-58.89403,-38.6311],[-58.89426,-38.63091],[-58.89458,-38.63073],[-58.895,-38.6306],[-58.89533,-38.63053],[-58.89578,-38.63049],[-58.89614,-38.63049],[-58.89688,-38.63056],[-58.8978,-38.63076],[-58.89831,-38.63092],[-58.89883,-38.63114],[-58.89915,-38.63129],[-58.89962,-38.63156],[-58.89995,-38.63179],[-58.90033,-38.63213],[-58.90056,-38.63237],[-58.90072,-38.6326],[-58.90095,-38.63304],[-58.90102,-38.63331],[-58.90106,-38.63366],[-58.90103,-38.63385],[-58.90097,-38.63404],[-58.90084,-38.63429],[-58.90068,-38.6345],[-58.90039,-38.63477],[-58.90004,-38.63499],[-58.89979,-38.63511],[-58.89947,-38.63522],[-58.89901,-38.63532],[-58.89854,-38.63534],[-58.8984,-38.63533],[-58.89833,-38.63529]]]}},{"type":"Feature","properties":{"fdc":"Atlas 500k 1° Ediciónl","sag":"IGN","crv":30,"mo2":2,"tipo":"Curva de nivel","ign":"lineas_de_geomorfologia_CA010.17567"},"geometry":{"type":"MultiLineString","coordinates":[[[-58.77941,-38.43905],[-58.77929,-38.43934],[-58.77882,-38.44026],[-58.77788,-38.44197],[-58.77743,-38.44295],[-58.77725,-38.44344],[-58.7771,-38.44396],[-58.77698,-38.44451],[-58.77693,-38.44494],[-58.7769,-38.44554],[-58.77693,-38.44608],[-58.77699,-38.44639],[-58.77709,-38.44676],[-58.77727,-38.44718],[-58.77755,-38.44758],[-58.77783,-38.44786],[-58.77809,-38.44807],[-58.77866,-38.4484],[-58.77908,-38.44859],[-58.78167,-38.44956],[-58.78314,-38.45006],[-58.78595,-38.45093],[-58.78718,-38.45137],[-58.78824,-38.45181],[-58.79025,-38.45272],[-58.79126,-38.45311],[-58.79244,-38.45347],[-58.79509,-38.45407],[-58.79783,-38.45482],[-58.7987,-38.45502],[-58.79937,-38.45513],[-58.80044,-38.45524],[-58.80177,-38.45527],[-58.80248,-38.45524],[-58.80314,-38.45518],[-58.8041,-38.45503],[-58.80529,-38.45473],[-58.80689,-38.45421],[-58.80796,-38.45378],[-58.80958,-38.45301],[-58.81008,-38.4528],[-58.81035,-38.45273],[-58.81061,-38.45269],[-58.8108,-38.45271],[-58.81097,-38.45276],[-58.81114,-38.45291],[-58.81122,-38.45305],[-58.81126,-38.45324],[-58.81126,-38.4535],[-58.81115,-38.45403],[-58.81066,-38.45536],[-58.81046,-38.45612],[-58.81039,-38.45651],[-58.81034,-38.45702],[-58.81035,-38.4575],[-58.81042,-38.45803],[-58.81055,-38.45862],[-58.81096,-38.46013],[-58.81112,-38.46088],[-58.81137,-38.46227],[-58.81147,-38.46267],[-58.8116,-38.46304],[-58.8118,-38.46341],[-58.81207,-38.4637],[-58.81227,-38.46383],[-58.81256,-38.46394],[-58.81286,-38.46399],[-58.81351,-38.46397],[-58.81536,-38.46375],[-58.81647,-38.46371],[-58.81767,-38.46379],[-58.82058,-38.46414],[-58.82149,-38.46418],[-58.82217,-38.46416],[-58.82253,-38.46411],[-58.823,-38.46401],[-58.82334,-38.4639],[-58.82367,-38.46374],[-58.824,-38.46352],[-58.82415,-38.46338],[-58.82452,-38.46294],[-58.8248,-38.46241],[-58.82496,-38.46186],[-58.82504,-38.46127],[-58.82503,-38.46065],[-58.82492,-38.46005],[-58.82476,-38.45954],[-58.82456,-38.45913],[-58.82424,-38.45864],[-58.82379,-38.45815],[-58.82346,-38.45788],[-58.82311,-38.45764],[-58.82267,-38.4574],[-58.82235,-38.45726],[-58.8219,-38.45711],[-58.8215,-38.45702],[-58.82077,-38.45695],[-58.81997,-38.45695],[-58.81862,-38.457],[-58.81793,-38.45698],[-58.81755,-38.45693],[-58.81722,-38.45685],[-58.81691,-38.4567],[-58.81674,-38.45656],[-58.81664,-38.45639],[-58.81661,-38.45613],[-58.81665,-38.45595],[-58.81671,-38.45582],[-58.81686,-38.4556],[-58.81716,-38.45532],[-58.81746,-38.45512],[-58.81785,-38.45491],[-58.81879,-38.45453],[-58.82008,-38.45414],[-58.82294,-38.45341],[-58.82655,-38.4524],[-58.82811,-38.45198],[-58.82911,-38.45176],[-58.83005,-38.45161],[-58.83053,-38.45158],[-58.83109,-38.45157],[-58.83158,-38.45159],[-58.83232,-38.45168],[-58.83316,-38.45184],[-58.83466,-38.45219],[-58.83583,-38.4525],[-58.83658,-38.45275],[-58.83723,-38.45301],[-58.83785,-38.45332],[-58.83841,-38.45367],[-58.83888,-38.45404],[-58.8392,-38.45438],[-58.83948,-38.4548],[-58.83964,-38.45518],[-58.83969,-38.45547],[-58.8397,-38.45574],[-58.83965,-38.45606],[-58.83952,-38.45646],[-58.83933,-38.4568],[-58.83902,-38.45724],[-58.83847,-38.45787],[-58.83715,-38.45928],[-58.83422,-38.46232],[-58.83343,-38.46326],[-58.83287,-38.46409],[-58.83261,-38.46458],[-58.83237,-38.46511],[-58.83216,-38.4657],[-58.83199,-38.46636],[-58.83188,-38.46703],[-58.83183,-38.46763],[-58.83182,-38.46827],[-58.83192,-38.46927],[-58.83203,-38.46991],[-58.8322,-38.47056],[-58.83234,-38.471],[-58.83258,-38.47158],[-58.83277,-38.47197],[-58.83305,-38.47244],[-58.8334,-38.47291],[-58.83373,-38.47325],[-58.83397,-38.47345],[-58.83425,-38.47364],[-58.83453,-38.47379],[-58.83513,-38.47401],[-58.83546,-38.47408],[-58.83588,-38.47413],[-58.83645,-38.47414],[-58.83762,-38.47409],[-58.83839,-38.47408],[-58.83901,-38.47411],[-58.83958,-38.47418],[-58.84011,-38.47427],[-58.84076,-38.47441],[-58.84333,-38.47513],[-58.84417,-38.47528],[-58.84475,-38.47534],[-58.84543,-38.47534],[-58.84606,-38.47528],[-58.84663,-38.47517],[-58.84773,-38.47488],[-58.84825,-38.47477],[-58.84876,-38.47474],[-58.84922,-38.47482],[-58.8495,-38.47495],[-58.84979,-38.47519],[-58.85,-38.4755],[-58.85014,-38.47592],[-58.85021,-38.47635],[-58.85021,-38.4769],[-58.85003,-38.47805],[-58.85,-38.47841],[-58.85002,-38.47866],[-58.85012,-38.47899],[-58.85022,-38.47917],[-58.85034,-38.47931],[-58.85059,-38.4795],[-58.85085,-38.47961],[-58.8512,-38.47967],[-58.8515,-38.47968],[-58.85178,-38.47964],[-58.85226,-38.47953],[-58.85282,-38.47932],[-58.85372,-38.47889],[-58.85515,-38.4781],[-58.85652,-38.47726],[-58.85772,-38.47646],[-58.8597,-38.47506],[-58.86056,-38.47451],[-58.86111,-38.47423],[-58.86147,-38.47409],[-58.86185,-38.47404],[-58.8621,-38.47407],[-58.86228,-38.47416],[-58.86244,-38.47436],[-58.86251,-38.47462],[-58.86249,-38.47494],[-58.86236,-38.47534],[-58.86187,-38.47629],[-58.86165,-38.47682],[-58.86155,-38.47715],[-58.8615,-38.47749],[-58.86149,-38.4779],[-58.86153,-38.47831],[-58.8616,-38.47861],[-58.86174,-38.47899],[-58.86191,-38.47936],[-58.86211,-38.47971],[-58.86238,-38.48012],[-58.86267,-38.4805],[-58.86329,-38.48123],[-58.86374,-38.48171],[-58.86434,-38.48229],[-58.86533,-38.48313],[-58.86692,-38.48431],[-58.8678,-38.48501],[-58.86846,-38.4856],[-58.86998,-38.48706],[-58.87041,-38.4874],[-58.87094,-38.48771],[-58.8714,-38.48788],[-58.87175,-38.48796],[-58.87241,-38.488],[-58.87289,-38.48797],[-58.87336,-38.48789],[-58.87415,-38.48766],[-58.87484,-38.48737],[-58.87533,-38.4871],[-58.87585,-38.48677],[-58.87719,-38.48581],[-58.87762,-38.48546],[-58.878,-38.48511],[-58.87833,-38.48472],[-58.87847,-38.48451],[-58.87858,-38.48426],[-58.87864,-38.48402],[-58.87864,-38.48376],[-58.87857,-38.48347],[-58.87851,-38.48334],[-58.87836,-38.48311],[-58.87821,-38.48294],[-58.87786,-38.48267],[-58.87764,-38.48255],[-58.87735,-38.48244],[-58.8768,-38.48231],[-58.87575,-38.48216],[-58.87551,-38.4821],[-58.87517,-38.48195],[-58.87492,-38.48177],[-58.87473,-38.48154],[-58.87463,-38.48133],[-58.87459,-38.48106],[-58.87465,-38.48068],[-58.87484,-38.48031],[-58.87516,-38.47994],[-58.87547,-38.4797],[-58.87593,-38.47943],[-58.87658,-38.47915],[-58.87714,-38.47898],[-58.87796,-38.47884],[-58.87872,-38.47879],[-58.87954,-38.47881],[-58.88214,-38.47906],[-58.88476,-38.47924],[-58.88559,-38.47938],[-58.88601,-38.47951],[-58.88639,-38.47969],[-58.88659,-38.47984],[-58.88682,-38.48007],[-58.88698,-38.48031],[-58.88711,-38.48065],[-58.88719,-38.48106],[-58.88722,-38.48143],[-58.88723,-38.48246],[-58.88726,-38.48286],[-58.88733,-38.48324],[-58.88743,-38.48354],[-58.88755,-38.48374],[-58.88767,-38.4839],[-58.88788,-38.4841],[-58.88821,-38.4843],[-58.88863,-38.48446],[-58.88911,-38.48456],[-58.88965,-38.48462],[-58.89031,-38.48463],[-58.89228,-38.48458],[-58.89289,-38.48461],[-58.89341,-38.48466],[-58.89426,-38.48485],[-58.89551,-38.48526],[-58.89603,-38.4854],[-58.89659,-38.4855],[-58.89715,-38.48553],[-58.89788,-38.48549],[-58.89871,-38.48534],[-58.89951,-38.48512],[-58.90072,-38.48472],[-58.90127,-38.48457],[-58.90169,-38.48451],[-58.90206,-38.48454],[-58.90232,-38.48465],[-58.90243,-38.48474],[-58.90251,-38.48486],[-58.90259,-38.48513],[-58.90258,-38.48547],[-58.90252,-38.48574],[-58.90238,-38.48609],[-58.90175,-38.48731],[-58.90148,-38.48791],[-58.90138,-38.48823],[-58.9013,-38.48873],[-58.90133,-38.48914],[-58.90144,-38.48949],[-58.9016,-38.48973],[-58.90184,-38.48998],[-58.90224,-38.49023],[-58.90257,-38.49036],[-58.90302,-38.49048],[-58.90373,-38.49059],[-58.90552,-38.49082],[-58.90638,-38.491],[-58.90692,-38.49114],[-58.90762,-38.49138],[-58.9083,-38.49166],[-58.90907,-38.49202],[-58.90989,-38.49243],[-58.91189,-38.49354],[-58.91364,-38.49461],[-58.91798,-38.49755],[-58.92084,-38.49963],[-58.92192,-38.50035],[-58.92311,-38.50105],[-58.92732,-38.50326],[-58.92803,-38.50357],[-58.92886,-38.50386],[-58.92965,-38.50405],[-58.93069,-38.50419],[-58.93154,-38.50423],[-58.93236,-38.50421],[-58.93483,-38.50399],[-58.93572,-38.50395],[-58.93663,-38.50401],[-58.93716,-38.5041],[-58.93764,-38.50421],[-58.93818,-38.50439],[-58.93872,-38.50459],[-58.94081,-38.50553],[-58.94306,-38.50641],[-58.94383,-38.50675],[-58.9448,-38.50727],[-58.94717,-38.50883],[-58.94774,-38.50915],[-58.9486,-38.50955],[-58.94937,-38.50984],[-58.95036,-38.51014],[-58.95154,-38.51043],[-58.95272,-38.51067],[-58.95362,-38.51082],[-58.95449,-38.51091],[-58.95524,-38.51093],[-58.95588,-38.51089],[-58.9564,-38.51082],[-58.95724,-38.51064],[-58.9579,-38.51043],[-58.95936,-38.50993],[-58.96034,-38.50967],[-58.96091,-38.50958],[-58.96125,-38.50958],[-58.96151,-38.5096],[-58.96179,-38.50967],[-58.9621,-38.50985],[-58.96223,-38.50998],[-58.96235,-38.51018],[-58.96245,-38.51052],[-58.96246,-38.51071],[-58.96243,-38.511],[-58.96227,-38.51153],[-58.96212,-38.51187],[-58.96181,-38.51244],[-58.96123,-38.51332],[-58.96099,-38.51379],[-58.96094,-38.51398],[-58.96091,-38.51421],[-58.96094,-38.5144],[-58.96103,-38.51459],[-58.96112,-38.51468],[-58.96129,-38.51479],[-58.96169,-38.51493],[-58.96346,-38.51522],[-58.96409,-38.51536],[-58.96468,-38.51553],[-58.96551,-38.51584],[-58.96758,-38.51673],[-58.96834,-38.51699],[-58.96887,-38.5171],[-58.96927,-38.51714],[-58.96988,-38.51713],[-58.97005,-38.5171]]]}},{"type":"Feature","properties":{"fdc":"Atlas 500k 1° Ediciónl","sag":"IGN","crv":20,"mo2":2,"tipo":"Curva de nivel","ign":"lineas_de_geomorfologia_CA010.17568"},"geometry":{"type":"MultiLineString","coordinates":[[[-58.36832,-38.41995],[-58.368,-38.42021],[-58.36774,-38.42047],[-58.36762,-38.42065],[-58.36749,-38.42095],[-58.36746,-38.42114],[-58.36745,-38.42139],[-58.3675,-38.4217],[-58.36759,-38.42205],[-58.36781,-38.42258],[-58.36844,-38.42378],[-58.3692,-38.42503],[-58.37035,-38.4267],[-58.37067,-38.42719],[-58.37105,-38.4279],[-58.37131,-38.42857],[-58.37145,-38.42912],[-58.37155,-38.42978],[-58.37159,-38.43029],[-58.37159,-38.43077],[-58.37155,-38.43138],[-58.37136,-38.43277],[-58.37093,-38.43497],[-58.3702,-38.43829],[-58.36997,-38.43939],[-58.36972,-38.44095],[-58.36952,-38.4426],[-58.36943,-38.44404],[-58.36943,-38.44449],[-58.36948,-38.44507],[-58.36957,-38.44558],[-58.36969,-38.44592],[-58.36988,-38.44627],[-58.37007,-38.44647],[-58.37023,-38.44658],[-58.37051,-38.44668],[-58.37087,-38.44671],[-58.37124,-38.44669],[-58.37164,-38.44662],[-58.37363,-38.44621],[-58.37561,-38.4459],[-58.37619,-38.44579],[-58.37686,-38.4456],[-58.37732,-38.44539],[-58.37761,-38.4452],[-58.37781,-38.44502],[-58.37801,-38.44475],[-58.37813,-38.44447],[-58.3782,-38.44413],[-58.37817,-38.44374],[-58.37808,-38.44344],[-58.37783,-38.44289],[-58.37702,-38.44157],[-58.37671,-38.441],[-58.37639,-38.44023],[-58.37624,-38.43969],[-58.37613,-38.43912],[-58.37609,-38.43854],[-58.3761,-38.43782],[-58.37621,-38.43696],[-58.37645,-38.43585],[-58.37681,-38.43476],[-58.37725,-38.43376],[-58.37775,-38.43281],[-58.37832,-38.43193],[-58.37873,-38.43139],[-58.37906,-38.431],[-58.37968,-38.43036],[-58.38006,-38.43005],[-58.3804,-38.42981],[-58.38088,-38.42954],[-58.38132,-38.42935],[-58.38202,-38.42915],[-58.38248,-38.42908],[-58.38299,-38.42905],[-58.38388,-38.42907],[-58.38449,-38.42914],[-58.38724,-38.42958],[-58.38813,-38.4297],[-58.38876,-38.42974],[-58.38917,-38.42973],[-58.3895,-38.4297],[-58.38991,-38.42963],[-58.39025,-38.42954],[-58.39066,-38.42939],[-58.39131,-38.42905],[-58.39203,-38.42858],[-58.39371,-38.4274],[-58.39483,-38.42673],[-58.39551,-38.42639],[-58.39616,-38.42609],[-58.39726,-38.42565],[-58.39783,-38.42545],[-58.39868,-38.4252],[-58.39916,-38.4251],[-58.39966,-38.42504],[-58.40021,-38.42502],[-58.40076,-38.42506],[-58.40127,-38.42515],[-58.40173,-38.42528],[-58.40229,-38.42549],[-58.4031,-38.42592],[-58.40385,-38.42643],[-58.40446,-38.42696],[-58.40499,-38.42751],[-58.40541,-38.42808],[-58.40556,-38.42834],[-58.40568,-38.42862],[-58.40576,-38.4289],[-58.40577,-38.42921],[-58.40574,-38.42937],[-58.40566,-38.42955],[-58.4056,-38.42963],[-58.4054,-38.42977],[-58.40519,-38.42983],[-58.40504,-38.42984],[-58.40479,-38.42984],[-58.40439,-38.42976],[-58.4031,-38.42936],[-58.40259,-38.42925],[-58.40215,-38.42924],[-58.40175,-38.42934],[-58.40156,-38.42946],[-58.40144,-38.42957],[-58.40132,-38.42975],[-58.40124,-38.43003],[-58.40126,-38.43033],[-58.40134,-38.43059],[-58.40147,-38.43085],[-58.40161,-38.43107],[-58.40187,-38.43136],[-58.40213,-38.4316],[-58.40243,-38.43182],[-58.40277,-38.43202],[-58.40334,-38.43228],[-58.40394,-38.43249],[-58.40455,-38.43266],[-58.40516,-38.4328],[-58.40735,-38.43322],[-58.40837,-38.43348],[-58.40891,-38.43367],[-58.40941,-38.43391],[-58.40981,-38.43415],[-58.41013,-38.43441],[-58.41041,-38.43469],[-58.41064,-38.43499],[-58.41085,-38.43536],[-58.41102,-38.43582],[-58.4111,-38.43616],[-58.41117,-38.43658],[-58.41128,-38.43793],[-58.41137,-38.43863],[-58.41147,-38.43909],[-58.41158,-38.43948],[-58.41182,-38.44007],[-58.41201,-38.44044],[-58.41223,-38.44079],[-58.41258,-38.44126],[-58.41292,-38.44164],[-58.41328,-38.44197],[-58.41356,-38.4422],[-58.41388,-38.44242],[-58.41419,-38.44258],[-58.41463,-38.44272],[-58.41502,-38.44274],[-58.41538,-38.44267],[-58.41565,-38.44253],[-58.41577,-38.44243],[-58.416,-38.44213],[-58.41618,-38.44169],[-58.41626,-38.4413],[-58.41637,-38.44014],[-58.41645,-38.43966],[-58.41657,-38.43929],[-58.41676,-38.43895],[-58.41693,-38.43875],[-58.41707,-38.43863],[-58.41735,-38.43846],[-58.4177,-38.43832],[-58.41818,-38.43824],[-58.41875,-38.43824],[-58.41941,-38.43835],[-58.42018,-38.43856],[-58.42132,-38.43898],[-58.42233,-38.43942],[-58.42339,-38.43992],[-58.4242,-38.44034],[-58.42485,-38.44071],[-58.42653,-38.44174],[-58.42707,-38.44204],[-58.4276,-38.44229],[-58.42831,-38.44257],[-58.42873,-38.4427],[-58.42923,-38.44282],[-58.43003,-38.44292],[-58.43089,-38.44293],[-58.43239,-38.44288],[-58.43304,-38.44292],[-58.43364,-38.44303],[-58.43395,-38.44313],[-58.43422,-38.44326],[-58.4345,-38.44344],[-58.43476,-38.44369],[-58.43493,-38.44391],[-58.43514,-38.4443],[-58.43526,-38.44468],[-58.43533,-38.44525],[-58.43534,-38.44564],[-58.43528,-38.44663],[-58.43532,-38.44698],[-58.43541,-38.44719],[-58.43555,-38.44735],[-58.43574,-38.44748],[-58.43599,-38.44757],[-58.43623,-38.4476],[-58.43668,-38.44759],[-58.4371,-38.4475],[-58.43761,-38.44732],[-58.43816,-38.44706],[-58.43876,-38.44672],[-58.44091,-38.4453],[-58.44161,-38.44489],[-58.44215,-38.44463],[-58.44268,-38.44443],[-58.44322,-38.44429],[-58.44363,-38.44421],[-58.44431,-38.44415],[-58.445,-38.44416],[-58.44567,-38.44423],[-58.44639,-38.44436],[-58.44719,-38.44457],[-58.44799,-38.44484],[-58.44865,-38.44514],[-58.44929,-38.44551],[-58.44993,-38.44597],[-58.45032,-38.4463],[-58.45091,-38.44686],[-58.45132,-38.4473],[-58.4531,-38.44945],[-58.45438,-38.4509],[-58.45478,-38.45143],[-58.45504,-38.45182],[-58.45527,-38.45224],[-58.45546,-38.45264],[-58.45567,-38.45321],[-58.45585,-38.45389],[-58.45623,-38.45591],[-58.45641,-38.45653],[-58.45664,-38.45712],[-58.4569,-38.45767],[-58.45731,-38.4584],[-58.45856,-38.46045],[-58.45949,-38.46204],[-58.45996,-38.46277],[-58.46041,-38.46335],[-58.46076,-38.46372],[-58.46116,-38.4641],[-58.46234,-38.46512],[-58.46338,-38.46608],[-58.46371,-38.46631],[-58.46394,-38.46643],[-58.46424,-38.4665],[-58.46447,-38.46648],[-58.46468,-38.46641],[-58.46487,-38.46629],[-58.46502,-38.46612],[-58.46513,-38.46592],[-58.4652,-38.46569],[-58.46521,-38.46536],[-58.46513,-38.46493],[-58.46496,-38.46447],[-58.46461,-38.46378],[-58.46376,-38.46225],[-58.46313,-38.46105],[-58.46281,-38.46035],[-58.46257,-38.4597],[-58.46253,-38.45948],[-58.46251,-38.45918],[-58.46258,-38.45881],[-58.46277,-38.45847],[-58.46296,-38.45829],[-58.46316,-38.45814],[-58.46345,-38.45799],[-58.46393,-38.45783],[-58.46562,-38.45747],[-58.46669,-38.45717],[-58.46758,-38.45684],[-58.46931,-38.45613],[-58.47025,-38.45583],[-58.47119,-38.45562],[-58.4721,-38.45554],[-58.47279,-38.45554],[-58.47356,-38.45562],[-58.47421,-38.45576],[-58.47481,-38.45593],[-58.47557,-38.45623],[-58.47652,-38.45669],[-58.4773,-38.45713],[-58.47787,-38.45752],[-58.4781,-38.45771],[-58.4784,-38.45804],[-58.47861,-38.45836],[-58.47878,-38.45879],[-58.47882,-38.45913],[-58.4788,-38.45944],[-58.47873,-38.45975],[-58.47861,-38.46002],[-58.47844,-38.46026],[-58.47825,-38.46045],[-58.478,-38.46061],[-58.47774,-38.46072],[-58.47753,-38.46078],[-58.47715,-38.46084],[-58.47587,-38.46093],[-58.47542,-38.46103],[-58.47498,-38.46119],[-58.47451,-38.46147],[-58.47413,-38.46183],[-58.47383,-38.46225],[-58.47366,-38.46262],[-58.47352,-38.4631],[-58.47343,-38.46364],[-58.47329,-38.46603],[-58.47324,-38.46667],[-58.47309,-38.46778],[-58.47288,-38.46895],[-58.47271,-38.46968],[-58.47248,-38.47047],[-58.47167,-38.47267],[-58.47134,-38.47372],[-58.47107,-38.47487],[-58.47092,-38.47591],[-58.47089,-38.4764],[-58.47091,-38.47699],[-58.47098,-38.47754],[-58.47111,-38.47807],[-58.47127,-38.47854],[-58.47152,-38.4791],[-58.47177,-38.47954],[-58.472,-38.47986],[-58.4725,-38.48045],[-58.47288,-38.4808],[-58.47364,-38.48139],[-58.47411,-38.48169],[-58.47478,-38.48206],[-58.47538,-38.48232],[-58.47575,-38.48244],[-58.47625,-38.48257],[-58.47656,-38.48262],[-58.47724,-38.48266],[-58.47765,-38.48262],[-58.47809,-38.48253],[-58.47867,-38.48233],[-58.47933,-38.48198],[-58.47996,-38.48152],[-58.48048,-38.481],[-58.48074,-38.48065],[-58.48091,-38.48032],[-58.48101,-38.48006],[-58.48109,-38.47974],[-58.48113,-38.4794],[-58.48113,-38.47912],[-58.48106,-38.47845],[-58.48077,-38.47698],[-58.48064,-38.47613],[-58.48061,-38.47554],[-58.4806,-38.47498],[-58.48069,-38.47391],[-58.48077,-38.47343],[-58.48099,-38.47246],[-58.48152,-38.47065],[-58.48168,-38.47002],[-58.48213,-38.46786],[-58.48226,-38.46742],[-58.48242,-38.46698],[-58.48262,-38.46657],[-58.48276,-38.46634],[-58.48302,-38.46602],[-58.48332,-38.46576],[-58.48383,-38.46545],[-58.4844,-38.46523],[-58.48573,-38.46487],[-58.48622,-38.46471],[-58.4867,-38.46449],[-58.48769,-38.46389],[-58.4881,-38.46371],[-58.48849,-38.46362],[-58.48877,-38.46361],[-58.48924,-38.46369],[-58.48952,-38.4638],[-58.48982,-38.46396],[-58.49011,-38.46417],[-58.49039,-38.46441],[-58.4909,-38.46497],[-58.49137,-38.46564],[-58.49173,-38.46627],[-58.49198,-38.46684],[-58.49268,-38.46859],[-58.49308,-38.46938],[-58.49341,-38.4699],[-58.49387,-38.47047],[-58.49438,-38.47096],[-58.49491,-38.47132],[-58.49527,-38.47148],[-58.49551,-38.47156],[-58.49587,-38.47164],[-58.49639,-38.47166],[-58.49693,-38.47157],[-58.4973,-38.47145],[-58.49764,-38.4713],[-58.49813,-38.47102],[-58.49989,-38.46981],[-58.50057,-38.46942],[-58.50091,-38.46928],[-58.50127,-38.46917],[-58.50166,-38.4691],[-58.50195,-38.46908],[-58.50246,-38.46914],[-58.50305,-38.46934],[-58.50451,-38.47008],[-58.5053,-38.4704],[-58.50618,-38.47065],[-58.50679,-38.47077],[-58.50757,-38.47086],[-58.50839,-38.47088],[-58.50901,-38.47084],[-58.51033,-38.47068],[-58.51088,-38.47066],[-58.51126,-38.47068],[-58.51157,-38.47073],[-58.51188,-38.47082],[-58.51211,-38.47094],[-58.51236,-38.47113],[-58.51255,-38.47141],[-58.51265,-38.47172],[-58.51264,-38.47204],[-58.51258,-38.47225],[-58.51247,-38.4725],[-58.51225,-38.47281],[-58.51152,-38.47367],[-58.51139,-38.47386],[-58.51122,-38.47419],[-58.51111,-38.47449],[-58.51104,-38.47491],[-58.51106,-38.47538],[-58.51116,-38.47586],[-58.51139,-38.47641],[-58.51164,-38.47682],[-58.51197,-38.47724],[-58.5124,-38.47768],[-58.5131,-38.47824],[-58.51361,-38.47857],[-58.51402,-38.4788],[-58.51475,-38.47911],[-58.51524,-38.47928],[-58.51593,-38.47946],[-58.51664,-38.47959],[-58.51745,-38.47967],[-58.51857,-38.47968],[-58.52145,-38.47947],[-58.52277,-38.47945],[-58.52373,-38.47951],[-58.52435,-38.4796],[-58.52502,-38.47976],[-58.52577,-38.48003],[-58.52638,-38.4803],[-58.52843,-38.48132],[-58.52929,-38.4818],[-58.52968,-38.48207],[-58.53017,-38.48246],[-58.53148,-38.48367],[-58.53193,-38.48406],[-58.53233,-38.48436],[-58.53283,-38.48468],[-58.53326,-38.48491],[-58.53388,-38.48517],[-58.53453,-38.48538],[-58.53514,-38.48553],[-58.5361,-38.48565],[-58.53658,-38.48567],[-58.53713,-38.48566],[-58.53784,-38.4856],[-58.53991,-38.48527],[-58.54081,-38.48518],[-58.54176,-38.48516],[-58.54294,-38.48524],[-58.54359,-38.48533],[-58.54476,-38.48553],[-58.54743,-38.4861],[-58.55085,-38.4868],[-58.55358,-38.48724],[-58.55464,-38.48751],[-58.55558,-38.48785],[-58.55674,-38.48841],[-58.55955,-38.49],[-58.56211,-38.49136],[-58.56286,-38.49184],[-58.56351,-38.49235],[-58.56409,-38.49294],[-58.56459,-38.49354],[-58.56548,-38.49475],[-58.56627,-38.49589],[-58.56661,-38.49644],[-58.56686,-38.49691],[-58.56712,-38.49753],[-58.56739,-38.49842],[-58.56745,-38.49853],[-58.56755,-38.4986],[-58.56765,-38.49858],[-58.56777,-38.49846],[-58.56786,-38.49831],[-58.56797,-38.49798],[-58.56811,-38.49732],[-58.56815,-38.49673],[-58.56812,-38.49588],[-58.568,-38.49484],[-58.56783,-38.49378],[-58.56748,-38.49197],[-58.5674,-38.49133],[-58.56742,-38.49074],[-58.56747,-38.49049],[-58.56756,-38.49019],[-58.56777,-38.4898],[-58.56806,-38.48943],[-58.56845,-38.48907],[-58.56889,-38.48874],[-58.56956,-38.48834],[-58.57062,-38.4878],[-58.57137,-38.48749],[-58.57202,-38.48729],[-58.57245,-38.48721],[-58.57293,-38.48717],[-58.57351,-38.48719],[-58.57385,-38.48723],[-58.57426,-38.48732],[-58.57466,-38.48745],[-58.57514,-38.48763],[-58.57583,-38.48795],[-58.57668,-38.48841],[-58.57746,-38.48887],[-58.57913,-38.48993],[-58.58126,-38.49139],[-58.58373,-38.49321],[-58.58459,-38.4938],[-58.58514,-38.49412],[-58.58587,-38.49446],[-58.58631,-38.4946],[-58.58697,-38.49474],[-58.58757,-38.49477],[-58.58838,-38.4947],[-58.5892,-38.49452],[-58.58993,-38.49431],[-58.59058,-38.49407],[-58.59141,-38.49371],[-58.59373,-38.49249],[-58.5944,-38.49217],[-58.59545,-38.49176],[-58.5966,-38.49143],[-58.59768,-38.49121],[-58.59885,-38.49104],[-58.6,-38.49094],[-58.60285,-38.49078],[-58.60397,-38.49067],[-58.60519,-38.49052],[-58.60622,-38.49032],[-58.60674,-38.49019],[-58.60879,-38.48954],[-58.60977,-38.48927],[-58.61086,-38.48906],[-58.61168,-38.48898],[-58.61259,-38.48897],[-58.61339,-38.48901],[-58.61426,-38.4891],[-58.61502,-38.48921],[-58.61579,-38.48936],[-58.61688,-38.4896],[-58.61801,-38.4899],[-58.61886,-38.49016],[-58.61959,-38.49046],[-58.62005,-38.49072],[-58.62033,-38.49092],[-58.62063,-38.49121],[-58.62131,-38.49202],[-58.62168,-38.49237],[-58.62201,-38.49257],[-58.62215,-38.49262],[-58.62243,-38.49266],[-58.62267,-38.49265],[-58.62282,-38.49261],[-58.62321,-38.49242],[-58.62343,-38.49223],[-58.62364,-38.492],[-58.62393,-38.49157],[-58.62417,-38.49105],[-58.62436,-38.4905],[-58.62481,-38.48884],[-58.62546,-38.48676],[-58.62591,-38.48514],[-58.62613,-38.48452],[-58.62634,-38.48413],[-58.62659,-38.48386],[-58.62688,-38.48371],[-58.62709,-38.48367],[-58.6273,-38.48369],[-58.62753,-38.48375],[-58.62788,-38.48394],[-58.62834,-38.48432],[-58.62856,-38.48456],[-58.62876,-38.48483],[-58.62893,-38.48512],[-58.62907,-38.48541],[-58.62922,-38.48592],[-58.6293,-38.48646],[-58.62931,-38.48705],[-58.62927,-38.48814],[-58.6293,-38.48874],[-58.62938,-38.48932],[-58.62954,-38.48991],[-58.62978,-38.49054],[-58.62998,-38.49093],[-58.63021,-38.49132],[-58.63074,-38.49203],[-58.63124,-38.49256],[-58.63171,-38.49296],[-58.63226,-38.49337],[-58.63282,-38.49371],[-58.63335,-38.49398],[-58.63377,-38.49413],[-58.63416,-38.49422],[-58.63446,-38.49422],[-58.63476,-38.49414],[-58.63496,-38.49397],[-58.63505,-38.49382],[-58.63513,-38.49348],[-58.63508,-38.49299],[-58.63465,-38.49156],[-58.63452,-38.49086],[-58.6345,-38.49061],[-58.63452,-38.49028],[-58.63459,-38.48994],[-58.63473,-38.48962],[-58.6349,-38.48939],[-58.63503,-38.48927],[-58.63533,-38.48907],[-58.63576,-38.48892],[-58.63613,-38.48887],[-58.63652,-38.48888],[-58.63699,-38.48897],[-58.63736,-38.48911],[-58.63773,-38.48929],[-58.63815,-38.48955],[-58.63878,-38.49004],[-58.63929,-38.49049],[-58.63986,-38.49107],[-58.6405,-38.49178],[-58.64127,-38.49272],[-58.6418,-38.49343],[-58.64228,-38.49413],[-58.64251,-38.49453],[-58.6428,-38.49512],[-58.64308,-38.49592],[-58.64322,-38.49665],[-58.64335,-38.49826],[-58.64345,-38.49874],[-58.64352,-38.49897],[-58.64367,-38.49931],[-58.64385,-38.4996],[-58.64404,-38.49981],[-58.64422,-38.49997],[-58.64451,-38.50015],[-58.64479,-38.50025],[-58.64516,-38.5003],[-58.6455,-38.50026],[-58.64583,-38.50017],[-58.64615,-38.50004],[-58.64646,-38.49987],[-58.64808,-38.49886],[-58.64888,-38.49848],[-58.64936,-38.49831],[-58.6499,-38.49816],[-58.65038,-38.49806],[-58.65106,-38.49797],[-58.65195,-38.49792],[-58.65299,-38.49793],[-58.65456,-38.49801],[-58.65559,-38.49811],[-58.65639,-38.49825],[-58.6571,-38.49843],[-58.65773,-38.49864],[-58.65855,-38.49898],[-58.65911,-38.49925],[-58.65984,-38.49965],[-58.66035,-38.49996],[-58.66091,-38.50034],[-58.66136,-38.50072],[-58.66169,-38.50106],[-58.66194,-38.50138],[-58.66215,-38.50174],[-58.6624,-38.50234],[-58.66251,-38.50279],[-58.66257,-38.50322],[-58.6626,-38.50379],[-58.6626,-38.50543],[-58.66263,-38.50593],[-58.66271,-38.50651],[-58.66279,-38.50684],[-58.66295,-38.50731],[-58.66313,-38.50771],[-58.66341,-38.50816],[-58.66364,-38.50845],[-58.66397,-38.50877],[-58.66438,-38.50907],[-58.66484,-38.50933],[-58.66539,-38.50958],[-58.66586,-38.50974],[-58.66665,-38.50995],[-58.66732,-38.51004],[-58.66808,-38.51005],[-58.66857,-38.50998],[-58.66905,-38.50985],[-58.66965,-38.50958],[-58.67016,-38.50924],[-58.67062,-38.50882],[-58.67209,-38.50718],[-58.67269,-38.5066],[-58.67304,-38.50633],[-58.67339,-38.50611],[-58.67373,-38.50597],[-58.67413,-38.50586],[-58.67466,-38.50583],[-58.6752,-38.5059],[-58.67564,-38.50602],[-58.67628,-38.50624],[-58.67714,-38.50662],[-58.67777,-38.50693],[-58.67837,-38.50727],[-58.67911,-38.50775],[-58.67956,-38.5081],[-58.67995,-38.50845],[-58.68028,-38.5088],[-58.68062,-38.50923],[-58.68084,-38.50956],[-58.68108,-38.51],[-58.68129,-38.51052],[-58.68146,-38.51108],[-58.6816,-38.51184],[-58.6817,-38.51264],[-58.68174,-38.51345],[-58.68172,-38.514],[-58.68164,-38.51462],[-58.68151,-38.51514],[-58.68131,-38.51565],[-58.68104,-38.51612],[-58.68069,-38.51653],[-58.6805,-38.51668],[-58.6802,-38.51685],[-58.67992,-38.51695],[-58.67976,-38.51698],[-58.67958,-38.51699],[-58.67913,-38.51694],[-58.67867,-38.51677],[-58.67834,-38.5166],[-58.67774,-38.51619],[-58.67746,-38.51594],[-58.67707,-38.51556],[-58.67616,-38.51447],[-58.67585,-38.51416],[-58.67558,-38.51395],[-58.67539,-38.51385],[-58.67505,-38.51376],[-58.67481,-38.51378],[-58.67462,-38.51388],[-58.67449,-38.51402],[-58.67442,-38.51418],[-58.6744,-38.51455],[-58.67446,-38.51496],[-58.67464,-38.51554],[-58.67493,-38.51625],[-58.67519,-38.51678],[-58.67555,-38.51745],[-58.6759,-38.51802],[-58.67625,-38.51853],[-58.67665,-38.51902],[-58.67735,-38.51975],[-58.6778,-38.52014],[-58.67832,-38.52055],[-58.67892,-38.52096],[-58.67944,-38.52127],[-58.67989,-38.5215],[-58.68034,-38.5217],[-58.6809,-38.5219],[-58.68143,-38.52204],[-58.68206,-38.52216],[-58.68535,-38.52246],[-58.68917,-38.52296],[-58.69011,-38.52304],[-58.69086,-38.52306],[-58.69149,-38.52305],[-58.69218,-38.52298],[-58.69315,-38.5228],[-58.69407,-38.52251],[-58.69479,-38.5222],[-58.69602,-38.52158],[-58.69667,-38.52129],[-58.69747,-38.52102],[-58.69911,-38.52053],[-58.69971,-38.52032],[-58.70058,-38.51994],[-58.70234,-38.51898],[-58.7027,-38.5188],[-58.70316,-38.51861],[-58.70379,-38.51844],[-58.70418,-38.51838],[-58.70454,-38.51836],[-58.70528,-38.51842],[-58.70595,-38.51855],[-58.70649,-38.51869],[-58.70773,-38.5191],[-58.71061,-38.52016],[-58.7116,-38.52045],[-58.71235,-38.52059],[-58.71281,-38.52062],[-58.71343,-38.5206],[-58.71374,-38.52055],[-58.71425,-38.52042],[-58.71489,-38.52014],[-58.71539,-38.51984],[-58.71643,-38.5191],[-58.71665,-38.51897],[-58.71696,-38.51884],[-58.71741,-38.51873],[-58.71782,-38.51868],[-58.71938,-38.51864],[-58.71982,-38.51861],[-58.72018,-38.51854],[-58.72044,-38.51844],[-58.72072,-38.51825],[-58.72081,-38.51814],[-58.7209,-38.51794],[-58.72092,-38.51777],[-58.72091,-38.51758],[-58.7208,-38.51707],[-58.72078,-38.51684],[-58.72079,-38.51664],[-58.72085,-38.51642],[-58.72099,-38.51616],[-58.72114,-38.51599],[-58.7215,-38.51571],[-58.72196,-38.51549],[-58.72263,-38.51527],[-58.7234,-38.51509],[-58.72577,-38.51463],[-58.72681,-38.51435],[-58.72727,-38.51418],[-58.72774,-38.51395],[-58.72813,-38.51369],[-58.72838,-38.51345],[-58.7286,-38.51317],[-58.72878,-38.51287],[-58.72897,-38.51233],[-58.72906,-38.51184],[-58.72921,-38.51062],[-58.72931,-38.51004],[-58.72944,-38.50955],[-58.72963,-38.50903],[-58.73015,-38.50786],[-58.73185,-38.50445],[-58.73231,-38.50334],[-58.73248,-38.5028],[-58.73263,-38.50224],[-58.73307,-38.49972],[-58.73324,-38.499],[-58.73337,-38.49851],[-58.73361,-38.49783],[-58.73387,-38.49726],[-58.73416,-38.49672],[-58.73442,-38.49631],[-58.73473,-38.49587],[-58.73511,-38.49539],[-58.73588,-38.49457],[-58.73676,-38.4938],[-58.73753,-38.49324],[-58.73861,-38.4926],[-58.73956,-38.49214],[-58.74054,-38.49176],[-58.74207,-38.49126],[-58.7425,-38.49107],[-58.74282,-38.49087],[-58.74304,-38.49063],[-58.74311,-38.49051],[-58.74316,-38.49025],[-58.74313,-38.49002],[-58.74305,-38.48977],[-58.74285,-38.4894],[-58.74168,-38.48769],[-58.74093,-38.4864],[-58.74052,-38.48561],[-58.74017,-38.48485],[-58.73991,-38.48419],[-58.73974,-38.48364],[-58.73961,-38.48317],[-58.73953,-38.48269],[-58.73948,-38.48218],[-58.73948,-38.48162],[-58.73953,-38.48114],[-58.73961,-38.48076],[-58.73976,-38.48028],[-58.73995,-38.47985],[-58.74018,-38.47943],[-58.74044,-38.47902],[-58.74074,-38.47863],[-58.74106,-38.47825],[-58.7418,-38.47754],[-58.74221,-38.47721],[-58.74272,-38.47683],[-58.74361,-38.47627],[-58.74469,-38.47569],[-58.74588,-38.47514],[-58.74904,-38.47377],[-58.75026,-38.47316],[-58.75074,-38.47287],[-58.75125,-38.47247],[-58.75153,-38.4722],[-58.75185,-38.47176],[-58.75202,-38.47137],[-58.7521,-38.47093],[-58.75211,-38.4707],[-58.75206,-38.47035],[-58.75192,-38.46987],[-58.75164,-38.46931],[-58.75135,-38.46886],[-58.75086,-38.46819],[-58.74979,-38.46685],[-58.74938,-38.46621],[-58.74915,-38.46572],[-58.74904,-38.46528],[-58.74904,-38.46489],[-58.74915,-38.46451],[-58.74932,-38.46425],[-58.74956,-38.46403],[-58.74981,-38.46387],[-58.75023,-38.46366],[-58.75096,-38.4634],[-58.75301,-38.46284],[-58.75358,-38.46264],[-58.75415,-38.46238],[-58.75465,-38.46209],[-58.75503,-38.46182],[-58.75537,-38.46153],[-58.75566,-38.46121],[-58.75592,-38.46087],[-58.75616,-38.46047],[-58.75638,-38.45998],[-58.75652,-38.45958],[-58.75668,-38.45895],[-58.75677,-38.45845],[-58.75697,-38.45689],[-58.75711,-38.45605],[-58.75729,-38.45532],[-58.75746,-38.4548],[-58.75773,-38.4541],[-58.75807,-38.45337],[-58.75859,-38.45245],[-58.75915,-38.45154],[-58.76003,-38.45025],[-58.76081,-38.44916],[-58.7615,-38.44831],[-58.76193,-38.44783],[-58.76265,-38.44713],[-58.76335,-38.44653],[-58.76546,-38.44497],[-58.76627,-38.44432],[-58.76671,-38.44391],[-58.76707,-38.44352],[-58.76754,-38.44295],[-58.7679,-38.44244],[-58.76829,-38.44181],[-58.76863,-38.44116],[-58.76982,-38.43863],[-58.76983,-38.43862]]]}},{"type":"Feature","properties":{"fdc":"Atlas 500k 1° Ediciónl","sag":"IGN","crv":20,"mo2":2,"tipo":"Curva de nivel","ign":"lineas_de_geomorfologia_CA010.17569"},"geometry":{"type":"MultiLineString","coordinates":[[[-58.77189,-38.43871],[-58.77157,-38.43944],[-58.77108,-38.44045],[-58.77042,-38.44167],[-58.76983,-38.44265],[-58.76909,-38.44374],[-58.76673,-38.44674],[-58.76537,-38.44862],[-58.76443,-38.45005],[-58.76386,-38.451],[-58.76336,-38.45192],[-58.76297,-38.45276],[-58.76266,-38.45353],[-58.76242,-38.45422],[-58.76213,-38.45523],[-58.76188,-38.45631],[-58.76138,-38.45892],[-58.7612,-38.45963],[-58.76104,-38.46016],[-58.76067,-38.46115],[-58.75953,-38.46376],[-58.75922,-38.4646],[-58.75898,-38.46539],[-58.75879,-38.46613],[-58.75859,-38.46716],[-58.75823,-38.46997],[-58.75807,-38.47094],[-58.75794,-38.47156],[-58.75776,-38.47218],[-58.75757,-38.47272],[-58.75734,-38.47325],[-58.75698,-38.47392],[-58.75653,-38.47462],[-58.75593,-38.47537],[-58.75551,-38.47583],[-58.75507,-38.47628],[-58.75435,-38.47695],[-58.75187,-38.47908],[-58.7514,-38.47953],[-58.75104,-38.47993],[-58.75059,-38.48053],[-58.75041,-38.48084],[-58.75024,-38.48119],[-58.75011,-38.48158],[-58.75006,-38.48182],[-58.75003,-38.48221],[-58.75006,-38.48264],[-58.75014,-38.48301],[-58.75036,-38.48361],[-58.75067,-38.4842],[-58.75193,-38.48627],[-58.75225,-38.48687],[-58.75249,-38.48739],[-58.75281,-38.48823],[-58.75299,-38.48884],[-58.75315,-38.48956],[-58.75326,-38.4903],[-58.75332,-38.49104],[-58.75335,-38.4918],[-58.75335,-38.49258],[-58.75324,-38.49485],[-58.75298,-38.49768],[-58.75295,-38.49834],[-58.753,-38.49898],[-58.75308,-38.49933],[-58.75322,-38.49972],[-58.75336,-38.50001],[-58.7536,-38.50038],[-58.75384,-38.50067],[-58.75411,-38.50092],[-58.75465,-38.5013],[-58.755,-38.50148],[-58.75535,-38.50162],[-58.756,-38.50178],[-58.75638,-38.50183],[-58.75688,-38.50184],[-58.75738,-38.5018],[-58.75774,-38.50174],[-58.75885,-38.50145],[-58.7591,-38.50143],[-58.75927,-38.50145],[-58.75945,-38.5015],[-58.75958,-38.50158],[-58.75982,-38.50181],[-58.75997,-38.50209],[-58.76009,-38.50251],[-58.76015,-38.50302],[-58.76016,-38.50343],[-58.76015,-38.50565],[-58.76028,-38.50776],[-58.76026,-38.50825],[-58.7602,-38.50876],[-58.76006,-38.5093],[-58.75978,-38.50994],[-58.7595,-38.51041],[-58.75857,-38.51178],[-58.75817,-38.51243],[-58.75773,-38.51328],[-58.75738,-38.51414],[-58.75715,-38.51497],[-58.75708,-38.51537],[-58.75706,-38.5158],[-58.75707,-38.51612],[-58.75715,-38.51653],[-58.75729,-38.51692],[-58.75746,-38.51724],[-58.7577,-38.51754],[-58.75804,-38.51787],[-58.75832,-38.51808],[-58.75882,-38.5184],[-58.76002,-38.51906],[-58.76153,-38.51994],[-58.76215,-38.52027],[-58.76275,-38.52054],[-58.76359,-38.52086],[-58.76544,-38.5215],[-58.766,-38.52173],[-58.76648,-38.522],[-58.76689,-38.52232],[-58.76716,-38.52262],[-58.76732,-38.52285],[-58.76745,-38.52311],[-58.76753,-38.52332],[-58.76761,-38.52364],[-58.76763,-38.52401],[-58.76761,-38.52428],[-58.76747,-38.52478],[-58.76721,-38.52531],[-58.76679,-38.52589],[-58.76624,-38.52645],[-58.76559,-38.52696],[-58.7651,-38.52725],[-58.76482,-38.52739],[-58.76434,-38.52758],[-58.76403,-38.52768],[-58.76348,-38.52777],[-58.76289,-38.52779],[-58.76244,-38.52775],[-58.76205,-38.52768],[-58.76117,-38.52742],[-58.75942,-38.52671],[-58.75881,-38.52649],[-58.75811,-38.5263],[-58.75766,-38.52621],[-58.75716,-38.52616],[-58.75676,-38.52615],[-58.75628,-38.52619],[-58.75593,-38.52627],[-58.7556,-38.52638],[-58.75533,-38.52652],[-58.7551,-38.52668],[-58.75491,-38.52685],[-58.75477,-38.52705],[-58.75468,-38.52725],[-58.75465,-38.5275],[-58.75471,-38.52774],[-58.75485,-38.52798],[-58.7552,-38.52836],[-58.75608,-38.52911],[-58.75679,-38.52976],[-58.75739,-38.53041],[-58.7578,-38.5309],[-58.75836,-38.53164],[-58.75885,-38.53242],[-58.75905,-38.53279],[-58.75922,-38.53317],[-58.75936,-38.53365],[-58.75942,-38.53407],[-58.75941,-38.5346],[-58.75932,-38.53507],[-58.7592,-38.53544],[-58.75889,-38.53606],[-58.75805,-38.53741],[-58.75764,-38.53813],[-58.75738,-38.53865],[-58.75716,-38.53925],[-58.75707,-38.53964],[-58.75703,-38.5401],[-58.75706,-38.54054],[-58.75714,-38.54094],[-58.75724,-38.54122],[-58.75741,-38.54155],[-58.75759,-38.5418],[-58.75786,-38.5421],[-58.75807,-38.5423],[-58.75847,-38.5426],[-58.75883,-38.54282],[-58.75925,-38.54303],[-58.76013,-38.54339],[-58.76096,-38.54362],[-58.76181,-38.54378],[-58.76395,-38.54407],[-58.76486,-38.54426],[-58.76542,-38.54447],[-58.76575,-38.54466],[-58.76606,-38.5449],[-58.7663,-38.54517],[-58.76655,-38.54556],[-58.76673,-38.54603],[-58.76687,-38.54664],[-58.76694,-38.54723],[-58.76696,-38.54786],[-58.76693,-38.54853],[-58.76661,-38.55117],[-58.76655,-38.55216],[-58.76656,-38.55268],[-58.7666,-38.55317],[-58.76669,-38.55368],[-58.76682,-38.55415],[-58.76698,-38.55461],[-58.76735,-38.55537],[-58.76778,-38.55601],[-58.76812,-38.55643],[-58.76855,-38.55684],[-58.76888,-38.55709],[-58.76937,-38.55736],[-58.76989,-38.55756],[-58.77041,-38.5577],[-58.77094,-38.55779],[-58.77149,-38.55782],[-58.7721,-38.5578],[-58.77255,-38.55773],[-58.77303,-38.55763],[-58.77469,-38.55714],[-58.77513,-38.55704],[-58.77592,-38.55691],[-58.7765,-38.55688],[-58.77704,-38.55689],[-58.77762,-38.55693],[-58.77831,-38.55701],[-58.78018,-38.55727],[-58.7814,-38.55739],[-58.78319,-38.55743],[-58.785,-38.55738],[-58.78569,-38.55732],[-58.78631,-38.55723],[-58.78692,-38.55711],[-58.78766,-38.55692],[-58.78991,-38.55628],[-58.791,-38.55603],[-58.79198,-38.5559],[-58.79248,-38.55587],[-58.79303,-38.55588],[-58.79451,-38.556],[-58.79739,-38.55631],[-58.79856,-38.5565],[-58.79977,-38.55676],[-58.80084,-38.55705],[-58.8015,-38.55731],[-58.80205,-38.55758],[-58.80353,-38.55845],[-58.80425,-38.55876],[-58.80465,-38.55888],[-58.80522,-38.55899],[-58.80571,-38.55901],[-58.80612,-38.55898],[-58.80657,-38.55889],[-58.8069,-38.55878],[-58.80748,-38.55848],[-58.80793,-38.55818],[-58.80849,-38.55771],[-58.80999,-38.55636],[-58.81324,-38.55356],[-58.81395,-38.55298],[-58.81446,-38.55262],[-58.81485,-38.55239],[-58.81526,-38.5522],[-58.81576,-38.55202],[-58.81606,-38.55194],[-58.81641,-38.55188],[-58.81689,-38.55184],[-58.81752,-38.55187],[-58.81805,-38.55195],[-58.81846,-38.55206],[-58.81895,-38.55222],[-58.82067,-38.55291],[-58.82114,-38.55306],[-58.82164,-38.55319],[-58.82226,-38.55331],[-58.82311,-38.55341],[-58.82401,-38.55344],[-58.8258,-38.55346],[-58.8266,-38.55352],[-58.82722,-38.55364],[-58.82773,-38.5538],[-58.82818,-38.55398],[-58.82874,-38.55427],[-58.82968,-38.55487],[-58.83135,-38.55603],[-58.83183,-38.55641],[-58.83221,-38.55677],[-58.83265,-38.55727],[-58.83301,-38.55784],[-58.83322,-38.5583],[-58.83332,-38.5586],[-58.8335,-38.55933],[-58.83375,-38.56099],[-58.83388,-38.5614],[-58.83399,-38.56162],[-58.83419,-38.56189],[-58.83444,-38.56208],[-58.83473,-38.56217],[-58.835,-38.56216],[-58.83534,-38.56202],[-58.83656,-38.56131],[-58.83696,-38.56111],[-58.83755,-38.56087],[-58.83814,-38.56067],[-58.83877,-38.56049],[-58.84005,-38.56021],[-58.84168,-38.55993],[-58.84241,-38.55985],[-58.84299,-38.55981],[-58.84347,-38.5598],[-58.84415,-38.55983],[-58.84479,-38.5599],[-58.8454,-38.56001],[-58.84603,-38.56016],[-58.84682,-38.56044],[-58.84752,-38.56079],[-58.84796,-38.56107],[-58.84837,-38.5614],[-58.84864,-38.56167],[-58.84892,-38.562],[-58.84939,-38.5627],[-58.85011,-38.56392],[-58.85044,-38.56441],[-58.85081,-38.5649],[-58.85118,-38.56529],[-58.8515,-38.56555],[-58.85178,-38.56574],[-58.85218,-38.56596],[-58.85258,-38.56611],[-58.85284,-38.56617],[-58.85341,-38.56624],[-58.85392,-38.56623],[-58.85439,-38.56616],[-58.85481,-38.56605],[-58.85524,-38.56591],[-58.8557,-38.56572],[-58.85648,-38.56535],[-58.8587,-38.56413],[-58.85979,-38.56361],[-58.86039,-38.56339],[-58.86078,-38.56327],[-58.86134,-38.56314],[-58.86203,-38.56305],[-58.86301,-38.56301],[-58.86415,-38.56307],[-58.86698,-38.56341],[-58.87037,-38.56376],[-58.87143,-38.56391],[-58.8724,-38.5641],[-58.87315,-38.5643],[-58.87398,-38.56455],[-58.87468,-38.56482],[-58.87538,-38.56512],[-58.87601,-38.56544],[-58.87654,-38.56576],[-58.87726,-38.56631],[-58.87765,-38.56671],[-58.87786,-38.56697],[-58.87822,-38.56751],[-58.87857,-38.56824],[-58.87883,-38.56893],[-58.87937,-38.57053],[-58.87991,-38.57197],[-58.88032,-38.57296],[-58.88073,-38.57379],[-58.88112,-38.57441],[-58.8814,-38.57477],[-58.88159,-38.57496],[-58.88201,-38.57526],[-58.88243,-38.57543],[-58.88279,-38.57548],[-58.88313,-38.57548],[-58.88347,-38.57543],[-58.88382,-38.57534],[-58.8842,-38.57521],[-58.88469,-38.575],[-58.88518,-38.57473],[-58.88545,-38.57456],[-58.88576,-38.57432],[-58.88604,-38.57406],[-58.88648,-38.57355],[-58.88689,-38.57292],[-58.88763,-38.57154],[-58.88786,-38.57119],[-58.88808,-38.57092],[-58.88837,-38.57065],[-58.88886,-38.57031],[-58.88938,-38.57009],[-58.88986,-38.56996],[-58.89034,-38.56989],[-58.89081,-38.56986],[-58.89128,-38.56988],[-58.89183,-38.56994],[-58.89241,-38.57004],[-58.89302,-38.57018],[-58.89361,-38.57036],[-58.89415,-38.57057],[-58.8946,-38.57078],[-58.89497,-38.57098],[-58.8953,-38.57121],[-58.89557,-38.57142],[-58.89602,-38.5719],[-58.89666,-38.57273],[-58.89697,-38.57301],[-58.89731,-38.57317],[-58.89764,-38.57322],[-58.8978,-38.57322],[-58.89812,-38.57315],[-58.89839,-38.57302],[-58.89867,-38.57282],[-58.89897,-38.57247],[-58.89956,-38.57156],[-58.89987,-38.57126],[-58.90009,-38.57111],[-58.90039,-38.57097],[-58.90064,-38.57089],[-58.90092,-38.57084],[-58.90129,-38.57082],[-58.90165,-38.57086],[-58.90193,-38.57095],[-58.90213,-38.57104],[-58.90239,-38.57121],[-58.90264,-38.57146],[-58.90278,-38.57165],[-58.90291,-38.57192],[-58.90302,-38.5723],[-58.90307,-38.57273],[-58.90304,-38.57328],[-58.90293,-38.57382],[-58.90272,-38.57451],[-58.90222,-38.57594],[-58.90205,-38.57659],[-58.90195,-38.57714],[-58.9019,-38.57787],[-58.90193,-38.5784],[-58.90204,-38.5789],[-58.90222,-38.57941],[-58.90256,-38.58006],[-58.90355,-38.58157],[-58.90467,-38.58341],[-58.90506,-38.58399],[-58.90534,-38.58437],[-58.90583,-38.58495],[-58.90734,-38.58659],[-58.90853,-38.58804],[-58.90891,-38.58848],[-58.90946,-38.58901],[-58.91001,-38.58942],[-58.91062,-38.58975],[-58.91095,-38.58988],[-58.9115,-38.59004],[-58.91194,-38.59012],[-58.91259,-38.5902],[-58.91457,-38.59027],[-58.91539,-38.59036],[-58.91579,-38.59045],[-58.91638,-38.59063],[-58.91687,-38.59084],[-58.91792,-38.59134],[-58.91846,-38.59154],[-58.91897,-38.59166],[-58.91939,-38.5917],[-58.92008,-38.59168],[-58.92085,-38.59154],[-58.92122,-38.59142],[-58.92163,-38.59127],[-58.92233,-38.59092],[-58.92403,-38.58993],[-58.92505,-38.58944],[-58.92587,-38.5891],[-58.92713,-38.58862],[-58.92805,-38.58831],[-58.92918,-38.58797],[-58.93053,-38.58766],[-58.93338,-38.58717],[-58.93486,-38.58687],[-58.93629,-38.58651],[-58.93921,-38.58569],[-58.9402,-38.58545],[-58.94092,-38.5853],[-58.94189,-38.58516],[-58.94272,-38.58512],[-58.94353,-38.58516],[-58.94416,-38.5853],[-58.94469,-38.58551],[-58.94509,-38.58577],[-58.94552,-38.58616],[-58.94589,-38.58663],[-58.94635,-38.58733],[-58.94749,-38.58928],[-58.94822,-38.59045],[-58.94907,-38.59168],[-58.95054,-38.59364],[-58.95085,-38.5941],[-58.95116,-38.59462],[-58.95145,-38.59519],[-58.95163,-38.59562],[-58.95181,-38.59615],[-58.95195,-38.59679],[-58.95203,-38.59756],[-58.95203,-38.5992],[-58.95206,-38.59991],[-58.95216,-38.60065],[-58.95234,-38.60137],[-58.95254,-38.60187],[-58.95272,-38.60218],[-58.95292,-38.60245],[-58.95314,-38.60267],[-58.95338,-38.60284],[-58.95364,-38.60297],[-58.95392,-38.60304],[-58.95414,-38.60306],[-58.95447,-38.60301],[-58.95473,-38.60291],[-58.95499,-38.60275],[-58.95537,-38.60243],[-58.95638,-38.60136],[-58.95679,-38.60099],[-58.95735,-38.60057],[-58.95797,-38.6002],[-58.95874,-38.59984],[-58.9595,-38.59959],[-58.95996,-38.5995],[-58.9603,-38.59947],[-58.96061,-38.59947],[-58.96111,-38.59954],[-58.96158,-38.59971],[-58.96202,-38.59994],[-58.9633,-38.60075],[-58.96368,-38.60094],[-58.96403,-38.60107],[-58.96418,-38.60111]]]}},{"type":"Feature","properties":{"fdc":"Atlas 500k 1° Ediciónl","sag":"IGN","crv":10,"mo2":2,"tipo":"Curva de nivel","ign":"lineas_de_geomorfologia_CA010.17570"},"geometry":{"type":"MultiLineString","coordinates":[[[-58.1378,-38.40861],[-58.14273,-38.40997],[-58.14466,-38.41058],[-58.146,-38.41107],[-58.14743,-38.41164],[-58.15144,-38.41336],[-58.15485,-38.41475],[-58.15815,-38.41618],[-58.16278,-38.41805],[-58.16585,-38.41923],[-58.17124,-38.42121],[-58.17306,-38.42183],[-58.17504,-38.42246],[-58.17967,-38.42379],[-58.18612,-38.4257],[-58.18796,-38.42629],[-58.19282,-38.42793],[-58.19692,-38.42921],[-58.19831,-38.42961],[-58.19958,-38.42994],[-58.20371,-38.43087],[-58.20461,-38.43112],[-58.20572,-38.43147],[-58.2069,-38.43189],[-58.20833,-38.43244],[-58.21343,-38.43455],[-58.21829,-38.43646],[-58.22435,-38.43898],[-58.22574,-38.43951],[-58.22706,-38.43995],[-58.22875,-38.44043],[-58.23018,-38.44074],[-58.23142,-38.44095],[-58.23398,-38.44127],[-58.23475,-38.44141],[-58.23538,-38.44158],[-58.23723,-38.44217],[-58.23836,-38.44245],[-58.23891,-38.44254],[-58.23964,-38.44263],[-58.24061,-38.44266],[-58.24121,-38.44263],[-58.24184,-38.44254],[-58.24237,-38.44243],[-58.24279,-38.4423],[-58.24354,-38.442],[-58.24418,-38.44167],[-58.24506,-38.44112],[-58.24606,-38.44039],[-58.24692,-38.43968],[-58.24848,-38.43827],[-58.24892,-38.43792],[-58.24923,-38.4377],[-58.24964,-38.43748],[-58.2501,-38.43731],[-58.2505,-38.43725],[-58.25079,-38.43728],[-58.25106,-38.4374],[-58.2512,-38.43751],[-58.25132,-38.43769],[-58.25139,-38.43798],[-58.25139,-38.43822],[-58.25134,-38.4385],[-58.25123,-38.43886],[-58.25097,-38.43948],[-58.24979,-38.44188],[-58.24944,-38.4427],[-58.24918,-38.44356],[-58.24906,-38.44423],[-58.24903,-38.44473],[-58.24903,-38.44524],[-58.24913,-38.44608],[-58.24923,-38.44654],[-58.24935,-38.44695],[-58.24965,-38.44767],[-58.24987,-38.44806],[-58.25014,-38.44848],[-58.25044,-38.44887],[-58.25078,-38.44925],[-58.25116,-38.44962],[-58.25158,-38.44998],[-58.25203,-38.45033],[-58.25263,-38.45075],[-58.25331,-38.45119],[-58.25431,-38.45179],[-58.25669,-38.45312],[-58.25829,-38.45392],[-58.26005,-38.45468],[-58.26174,-38.45533],[-58.26373,-38.45603],[-58.26498,-38.45644],[-58.26626,-38.45679],[-58.26728,-38.457],[-58.26834,-38.45717],[-58.27162,-38.4575],[-58.2732,-38.45773],[-58.27399,-38.45788],[-58.2748,-38.45807],[-58.2756,-38.4583],[-58.27638,-38.45856],[-58.27714,-38.45884],[-58.2779,-38.45917],[-58.27867,-38.45955],[-58.27946,-38.46],[-58.28004,-38.46037],[-58.2807,-38.46082],[-58.28229,-38.46204],[-58.28292,-38.46249],[-58.28391,-38.46309],[-58.28459,-38.46343],[-58.28518,-38.46368],[-58.28635,-38.4641],[-58.28767,-38.46445],[-58.28889,-38.46467],[-58.28997,-38.4648],[-58.29255,-38.46499],[-58.29386,-38.46517],[-58.29514,-38.46547],[-58.29627,-38.46584],[-58.2971,-38.46617],[-58.29796,-38.46658],[-58.29874,-38.467],[-58.30134,-38.46846],[-58.30237,-38.46899],[-58.30315,-38.46935],[-58.30476,-38.47],[-58.30907,-38.47151],[-58.31121,-38.47233],[-58.31317,-38.4732],[-58.31759,-38.47534],[-58.3236,-38.47803],[-58.32472,-38.47851],[-58.32608,-38.47905],[-58.32742,-38.47954],[-58.32841,-38.47987],[-58.33036,-38.48046],[-58.33285,-38.48115],[-58.33423,-38.4815],[-58.33678,-38.48209],[-58.33795,-38.48239],[-58.34135,-38.48348],[-58.3427,-38.48387],[-58.34774,-38.48512],[-58.35072,-38.48591],[-58.35232,-38.48639],[-58.35561,-38.48749],[-58.35724,-38.48797],[-58.35895,-38.4884],[-58.36254,-38.4892],[-58.36658,-38.49015],[-58.368,-38.49051],[-58.36938,-38.49089],[-58.37596,-38.4928],[-58.38133,-38.49454],[-58.38765,-38.49666],[-58.39548,-38.49951],[-58.39937,-38.50087],[-58.40158,-38.50158],[-58.40357,-38.50212],[-58.40491,-38.50244],[-58.4063,-38.50274],[-58.40841,-38.50313],[-58.41171,-38.50364],[-58.41334,-38.50395],[-58.41487,-38.50432],[-58.42136,-38.506],[-58.42405,-38.50678],[-58.4266,-38.50756],[-58.42829,-38.50814],[-58.43203,-38.50948],[-58.434,-38.51014],[-58.43523,-38.51051],[-58.43814,-38.51133],[-58.43901,-38.5116],[-58.4398,-38.51188],[-58.44065,-38.51222],[-58.4414,-38.51256],[-58.44228,-38.513],[-58.4435,-38.51369],[-58.44711,-38.5159],[-58.4489,-38.51692],[-58.45263,-38.51892],[-58.45369,-38.51943],[-58.45484,-38.51992],[-58.4561,-38.52038],[-58.45779,-38.5209],[-58.45953,-38.52136],[-58.46119,-38.52172],[-58.46231,-38.52191],[-58.46344,-38.52205],[-58.46471,-38.52216],[-58.46672,-38.52226],[-58.46765,-38.52234],[-58.46817,-38.52241],[-58.46891,-38.52255],[-58.4698,-38.5228],[-58.47069,-38.52314],[-58.47124,-38.52338],[-58.47222,-38.52387],[-58.47279,-38.52418],[-58.47375,-38.52477],[-58.47608,-38.52633],[-58.4771,-38.52698],[-58.4785,-38.52782],[-58.47975,-38.52851],[-58.48106,-38.52921],[-58.48248,-38.52992],[-58.48362,-38.53046],[-58.48505,-38.53109],[-58.4865,-38.53168],[-58.48776,-38.53215],[-58.48944,-38.53274],[-58.49114,-38.53329],[-58.49388,-38.53412],[-58.49753,-38.53514],[-58.50175,-38.53636],[-58.50366,-38.53682],[-58.50862,-38.53788],[-58.5101,-38.53815],[-58.5141,-38.53882],[-58.51909,-38.53979],[-58.52098,-38.54025],[-58.52442,-38.54128],[-58.52657,-38.54183],[-58.53027,-38.54269],[-58.53173,-38.543],[-58.53327,-38.54327],[-58.53489,-38.54349],[-58.53589,-38.5436],[-58.53701,-38.54365],[-58.53784,-38.54363],[-58.53886,-38.54351],[-58.53973,-38.54335],[-58.54083,-38.54303],[-58.54154,-38.54277],[-58.54302,-38.54217],[-58.54392,-38.54189],[-58.54461,-38.54177],[-58.54528,-38.54172],[-58.54597,-38.54174],[-58.54677,-38.54184],[-58.54741,-38.54198],[-58.54832,-38.54226],[-58.5493,-38.54266],[-58.55016,-38.54308],[-58.55077,-38.54344],[-58.5515,-38.5439],[-58.55322,-38.54515],[-58.55414,-38.54576],[-58.55479,-38.54616],[-58.55544,-38.54651],[-58.5565,-38.54701],[-58.55773,-38.54748],[-58.55897,-38.54786],[-58.5611,-38.54843],[-58.56336,-38.54896],[-58.56454,-38.54918],[-58.56578,-38.54935],[-58.56677,-38.54944],[-58.56784,-38.5495],[-58.57097,-38.54962],[-58.57258,-38.54963],[-58.57393,-38.54958],[-58.57607,-38.54939],[-58.57739,-38.54936],[-58.57838,-38.5494],[-58.57917,-38.54946],[-58.58077,-38.54969],[-58.58187,-38.5499],[-58.5848,-38.55054],[-58.5856,-38.55068],[-58.58751,-38.55094],[-58.58823,-38.55107],[-58.58905,-38.55126],[-58.58999,-38.55152],[-58.59128,-38.55195],[-58.59225,-38.55237],[-58.59293,-38.55273],[-58.59403,-38.55338],[-58.59477,-38.55379],[-58.59561,-38.55419],[-58.59632,-38.55449],[-58.59723,-38.55483],[-58.59853,-38.55524],[-58.59988,-38.55561],[-58.60167,-38.55605],[-58.60292,-38.55634],[-58.60391,-38.55653],[-58.60502,-38.55671],[-58.60583,-38.55681],[-58.60932,-38.55713],[-58.61337,-38.55738],[-58.61481,-38.55755],[-58.61568,-38.5577],[-58.61664,-38.55792],[-58.621,-38.559],[-58.62316,-38.55956],[-58.62469,-38.56002],[-58.62755,-38.56099],[-58.62902,-38.56138],[-58.6305,-38.56167],[-58.63213,-38.56193],[-58.63783,-38.56267],[-58.63903,-38.56288],[-58.63984,-38.56306],[-58.64071,-38.56329],[-58.64169,-38.56358],[-58.64592,-38.56499],[-58.64828,-38.56569],[-58.64969,-38.56605],[-58.65167,-38.56652],[-58.655,-38.56723],[-58.65837,-38.56785],[-58.66089,-38.56821],[-58.66266,-38.5684],[-58.66793,-38.56892],[-58.67512,-38.56982],[-58.67716,-38.57],[-58.68022,-38.57019],[-58.68137,-38.57032],[-58.68522,-38.57106],[-58.68887,-38.5717],[-58.69022,-38.57198],[-58.69438,-38.57297],[-58.69592,-38.57326],[-58.69711,-38.57343],[-58.69853,-38.57359],[-58.70017,-38.5737],[-58.70145,-38.57371],[-58.70306,-38.57365],[-58.70414,-38.57354],[-58.70519,-38.57338],[-58.70603,-38.57318],[-58.70668,-38.57297],[-58.70716,-38.57277],[-58.70762,-38.57254],[-58.70806,-38.57228],[-58.70845,-38.572],[-58.70874,-38.57174],[-58.70911,-38.57137],[-58.7094,-38.571],[-58.70975,-38.5704],[-58.70994,-38.56997],[-58.71011,-38.56938],[-58.71021,-38.56886],[-58.71027,-38.56819],[-58.71026,-38.56633],[-58.71033,-38.56553],[-58.71043,-38.56508],[-58.71058,-38.56463],[-58.71081,-38.56412],[-58.71111,-38.56361],[-58.71165,-38.56288],[-58.71229,-38.56219],[-58.71306,-38.5615],[-58.71462,-38.56029],[-58.71515,-38.55984],[-58.71577,-38.55926],[-58.71628,-38.55868],[-58.7167,-38.55811],[-58.71718,-38.55731],[-58.71754,-38.55657],[-58.7184,-38.55453],[-58.71878,-38.55384],[-58.71906,-38.55344],[-58.71956,-38.55283],[-58.71995,-38.55243],[-58.72181,-38.55078],[-58.7225,-38.55012],[-58.72316,-38.54933],[-58.72349,-38.54885],[-58.72373,-38.54843],[-58.72397,-38.54795],[-58.72418,-38.5474],[-58.72438,-38.54676],[-58.72451,-38.5462],[-58.72473,-38.54485],[-58.72512,-38.5417],[-58.72519,-38.54086],[-58.7252,-38.53978],[-58.72514,-38.53878],[-58.72496,-38.53675],[-58.72496,-38.53599],[-58.72501,-38.53552],[-58.72511,-38.53499],[-58.72521,-38.53462],[-58.72538,-38.53416],[-58.7256,-38.53371],[-58.72582,-38.53332],[-58.72611,-38.5329],[-58.72672,-38.53216],[-58.72746,-38.53144],[-58.72834,-38.5307],[-58.73039,-38.52914],[-58.7311,-38.52858],[-58.73185,-38.5279],[-58.73254,-38.52717],[-58.73284,-38.52679],[-58.73311,-38.52639],[-58.73337,-38.52596],[-58.73361,-38.52547],[-58.7339,-38.52475],[-58.7344,-38.5233],[-58.73456,-38.52293],[-58.73473,-38.52258],[-58.73507,-38.52209],[-58.73525,-38.52191],[-58.73553,-38.52167],[-58.73586,-38.52144],[-58.73634,-38.52117],[-58.73803,-38.52036],[-58.73909,-38.51992],[-58.7403,-38.51951],[-58.74161,-38.51917],[-58.74263,-38.51898],[-58.74335,-38.51895],[-58.74385,-38.519],[-58.74426,-38.51911],[-58.74459,-38.51926],[-58.74489,-38.51944],[-58.74514,-38.51965],[-58.74534,-38.51988],[-58.74553,-38.5202],[-58.74564,-38.52045],[-58.74573,-38.52089],[-58.74574,-38.52106],[-58.7457,-38.5215],[-58.74562,-38.52184],[-58.74551,-38.52215],[-58.74516,-38.52285],[-58.74469,-38.52353],[-58.74435,-38.52395],[-58.74385,-38.52449],[-58.74314,-38.52516],[-58.74261,-38.52562],[-58.74082,-38.52705],[-58.73739,-38.52961],[-58.73624,-38.53056],[-58.7354,-38.53132],[-58.7344,-38.53232],[-58.73366,-38.53316],[-58.73302,-38.53404],[-58.73273,-38.53449],[-58.73247,-38.53496],[-58.73224,-38.53546],[-58.73195,-38.53622],[-58.73176,-38.53691],[-58.73162,-38.53756],[-58.73097,-38.54224],[-58.73087,-38.54334],[-58.73072,-38.54574],[-58.73063,-38.54651],[-58.7305,-38.54734],[-58.73035,-38.54796],[-58.73015,-38.54856],[-58.72996,-38.54905],[-58.72974,-38.54953],[-58.72931,-38.55031],[-58.72898,-38.55082],[-58.72854,-38.55144],[-58.72808,-38.552],[-58.72658,-38.55363],[-58.72615,-38.55416],[-58.72586,-38.5546],[-58.72564,-38.55501],[-58.72538,-38.55573],[-58.72524,-38.55633],[-58.72515,-38.55698],[-58.7251,-38.55768],[-58.72501,-38.55963],[-58.72488,-38.56063],[-58.72474,-38.56128],[-58.72457,-38.56186],[-58.72398,-38.56352],[-58.72374,-38.56429],[-58.72367,-38.56467],[-58.72363,-38.56504],[-58.72364,-38.56541],[-58.72368,-38.56572],[-58.72377,-38.56603],[-58.72386,-38.56626],[-58.72397,-38.56646],[-58.72419,-38.56679],[-58.72459,-38.56723],[-58.72496,-38.56758],[-58.72626,-38.56869],[-58.72685,-38.56926],[-58.72753,-38.57006],[-58.728,-38.57069],[-58.72832,-38.57116],[-58.72872,-38.57184],[-58.72888,-38.57219],[-58.72901,-38.57258],[-58.72906,-38.57286],[-58.72906,-38.57317],[-58.72904,-38.57333],[-58.72893,-38.57366],[-58.72875,-38.57396],[-58.72843,-38.57432],[-58.72803,-38.57464],[-58.72767,-38.57487],[-58.72723,-38.57509],[-58.72675,-38.57529],[-58.72612,-38.5755],[-58.72562,-38.57563],[-58.72462,-38.57581],[-58.72392,-38.57588],[-58.72328,-38.5759],[-58.72216,-38.57587],[-58.71984,-38.57568],[-58.7191,-38.57569],[-58.71867,-38.57576],[-58.71835,-38.57589],[-58.71813,-38.57606],[-58.71805,-38.57615],[-58.71794,-38.57635],[-58.7179,-38.57648],[-58.7179,-38.57671],[-58.71792,-38.57682],[-58.71802,-38.57707],[-58.71815,-38.57726],[-58.71836,-38.57749],[-58.71886,-38.5779],[-58.71986,-38.57853],[-58.72213,-38.57981],[-58.7243,-38.58119],[-58.72526,-38.58176],[-58.72632,-38.58232],[-58.72752,-38.58287],[-58.72945,-38.58367],[-58.73173,-38.58454],[-58.73325,-38.58506],[-58.73784,-38.58649],[-58.74204,-38.58792],[-58.75196,-38.59141],[-58.75384,-38.5921],[-58.75698,-38.59332],[-58.75847,-38.59385],[-58.7597,-38.59425],[-58.76125,-38.5947],[-58.76287,-38.59511],[-58.76693,-38.59607],[-58.76876,-38.59656],[-58.77044,-38.59707],[-58.77182,-38.59754],[-58.77511,-38.59876],[-58.77674,-38.59932],[-58.77949,-38.60019],[-58.78615,-38.6022],[-58.78912,-38.60314],[-58.79121,-38.60385],[-58.79874,-38.60651],[-58.80656,-38.60906],[-58.80962,-38.61011],[-58.81177,-38.61095],[-58.81289,-38.61144],[-58.81414,-38.61204],[-58.81783,-38.6139],[-58.82452,-38.61744],[-58.82589,-38.61813],[-58.82703,-38.61866],[-58.82846,-38.61928],[-58.83006,-38.6199],[-58.83259,-38.62079],[-58.83508,-38.62161],[-58.83695,-38.6222],[-58.83888,-38.62276],[-58.84501,-38.62441],[-58.85005,-38.62569],[-58.85582,-38.62703],[-58.85724,-38.62733],[-58.85857,-38.62756],[-58.86329,-38.62813],[-58.86451,-38.62835],[-58.86539,-38.62857],[-58.86649,-38.62892],[-58.86918,-38.62991],[-58.87115,-38.63059],[-58.87505,-38.63183],[-58.87855,-38.63299],[-58.88753,-38.63579],[-58.88939,-38.63633],[-58.89142,-38.63686],[-58.89918,-38.6388],[-58.90128,-38.63927],[-58.90267,-38.63954],[-58.90653,-38.64017],[-58.91227,-38.64123],[-58.91376,-38.64153],[-58.91614,-38.64211],[-58.91994,-38.64317],[-58.92149,-38.64365],[-58.92269,-38.64408],[-58.92832,-38.64623],[-58.92991,-38.64686],[-58.93162,-38.64759],[-58.9348,-38.64899],[-58.93869,-38.65065],[-58.94442,-38.65327],[-58.94598,-38.6539],[-58.9478,-38.65455],[-58.94903,-38.65493],[-58.95033,-38.65528],[-58.95163,-38.65558],[-58.95295,-38.65582],[-58.95396,-38.65597],[-58.95514,-38.65609],[-58.95828,-38.6563],[-58.95942,-38.65641],[-58.96029,-38.65652]]]}},{"type":"Feature","properties":{"fdc":"SIG 250 mil","sag":"IGN","crv":10,"mo2":6,"tipo":"Curva de nivel","ign":"lineas_de_geomorfologia_CA010.110748"},"geometry":{"type":"MultiLineString","coordinates":[[[-58.82624,-38.61132],[-58.82431,-38.6113],[-58.82306,-38.61128],[-58.82103,-38.61064],[-58.81922,-38.61026],[-58.81629,-38.60926],[-58.81379,-38.60905],[-58.81087,-38.60769],[-58.8102,-38.60679],[-58.81078,-38.60608],[-58.81181,-38.60583],[-58.81408,-38.60576],[-58.81847,-38.60714],[-58.82029,-38.60734],[-58.82175,-38.6078],[-58.82424,-38.60827],[-58.82705,-38.60909],[-58.82774,-38.60964],[-58.82771,-38.61003],[-58.82738,-38.61061],[-58.82624,-38.61132]]]}},{"type":"Feature","properties":{"fdc":"SIG 250 mil","sag":"IGN","crv":10,"mo2":6,"tipo":"Curva de nivel","ign":"lineas_de_geomorfologia_CA010.110700"},"geometry":{"type":"MultiLineString","coordinates":[[[-58.73642,-38.51279],[-58.73553,-38.51537],[-58.73283,-38.51725],[-58.72905,-38.51963],[-58.72923,-38.52218],[-58.73037,-38.52407],[-58.73023,-38.52531],[-58.72828,-38.52568],[-58.72738,-38.5265],[-58.72469,-38.52718],[-58.72302,-38.52908],[-58.72208,-38.53286],[-58.72231,-38.53438],[-58.72359,-38.53713],[-58.72332,-38.53882],[-58.724,-38.54165],[-58.72394,-38.54469],[-58.72329,-38.54688],[-58.72194,-38.54801],[-58.71849,-38.54842],[-58.71719,-38.54891],[-58.71657,-38.54957],[-58.71691,-38.5512],[-58.71664,-38.55262],[-58.71762,-38.55507]]]}},{"type":"Feature","properties":{"fdc":"SIG 250 mil","sag":"IGN","crv":20,"mo2":6,"tipo":"Curva de nivel","ign":"lineas_de_geomorfologia_CA010.110673"},"geometry":{"type":"MultiLineString","coordinates":[[[-58.74404,-38.48822],[-58.74413,-38.48832],[-58.7448,-38.49014],[-58.74318,-38.49082],[-58.74184,-38.49138],[-58.7403,-38.49053],[-58.73822,-38.49146],[-58.73647,-38.49449],[-58.73463,-38.49572],[-58.73363,-38.49704],[-58.73386,-38.49857],[-58.73457,-38.49934],[-58.73425,-38.50072],[-58.7339,-38.50225],[-58.73372,-38.50303],[-58.73073,-38.50592],[-58.73,-38.50946],[-58.73297,-38.51237],[-58.73117,-38.51405],[-58.72602,-38.51236],[-58.72232,-38.51284],[-58.72024,-38.51348],[-58.7164,-38.51163],[-58.71202,-38.51168],[-58.70768,-38.5102],[-58.70622,-38.51065],[-58.70595,-38.51237],[-58.70447,-38.51369],[-58.70347,-38.51501],[-58.7032,-38.51673],[-58.70124,-38.51785],[-58.6993,-38.51783],[-58.69699,-38.51742],[-58.69308,-38.51947],[-58.69101,-38.51983],[-58.6888,-38.52076],[-58.68662,-38.52093],[-58.68444,-38.52033],[-58.68227,-38.52011],[-58.68084,-38.51857],[-58.68002,-38.51694],[-58.6758,-38.51556],[-58.67144,-38.51504],[-58.66706,-38.51556],[-58.66489,-38.51496],[-58.66272,-38.51398],[-58.66129,-38.51263],[-58.66059,-38.51091],[-58.6594,-38.50975],[-58.65769,-38.51049],[-58.65742,-38.51202],[-58.65594,-38.51295],[-58.65375,-38.51369],[-58.65275,-38.5154],[-58.65079,-38.51595],[-58.64887,-38.51497],[-58.64793,-38.51324],[-58.64601,-38.51207],[-58.64507,-38.51054],[-58.64559,-38.50883],[-58.6473,-38.5078],[-58.65158,-38.50632],[-58.6533,-38.5051],[-58.65312,-38.50167],[-58.65106,-38.50165],[-58.64886,-38.50238],[-58.64667,-38.50274],[-58.64011,-38.50333],[-58.63595,-38.50491],[-58.63251,-38.50734],[-58.63033,-38.5077],[-58.62815,-38.5071],[-58.62598,-38.50612],[-58.62456,-38.50458],[-58.62459,-38.50286],[-58.62608,-38.50145],[-58.62939,-38.49911],[-58.62807,-38.49814],[-58.62614,-38.49773],[-58.62367,-38.49878],[-58.61851,-38.49736],[-58.61524,-38.49703],[-58.61478,-38.49569],[-58.6153,-38.49398],[-58.61533,-38.49265],[-58.61387,-38.49244],[-58.61164,-38.49527],[-58.60968,-38.49601],[-58.608,-38.49523],[-58.60682,-38.4935],[-58.60538,-38.49215],[-58.60322,-38.49136],[-58.60104,-38.49096],[-58.59885,-38.49131],[-58.59668,-38.4909],[-58.59473,-38.49126],[-58.59348,-38.49296],[-58.59129,-38.4937],[-58.58911,-38.49348],[-58.58718,-38.49241],[-58.58677,-38.48897],[-58.5851,-38.48733],[-58.58294,-38.48626],[-58.57996,-38.48374],[-58.57813,-38.484],[-58.57785,-38.48571],[-58.57686,-38.48723],[-58.57513,-38.48854],[-58.57317,-38.48948],[-58.57098,-38.49021],[-58.56879,-38.49038],[-58.56443,-38.49022],[-58.56223,-38.49067],[-58.56005,-38.49065],[-58.55788,-38.49024],[-58.55571,-38.48954],[-58.55187,-38.48721],[-58.54751,-38.48658],[-58.54343,-38.48491],[-58.54149,-38.48451],[-58.5399,-38.49116],[-58.53987,-38.49288],[-58.53791,-38.4938],[-58.53572,-38.49416],[-58.53354,-38.49394],[-58.53186,-38.49297],[-58.53141,-38.49125],[-58.53112,-38.48781],[-58.52936,-38.48464],[-58.52767,-38.48415],[-58.52341,-38.48495],[-58.5216,-38.48464],[-58.52066,-38.4832],[-58.52,-38.47976],[-58.51881,-38.4785],[-58.51466,-38.47998],[-58.51248,-38.47995],[-58.51042,-38.47869],[-58.50916,-38.47209],[-58.50824,-38.47173],[-58.50706,-38.47206],[-58.50558,-38.47328],[-58.50405,-38.47432],[-58.50263,-38.47468],[-58.50112,-38.47489],[-58.5,-38.47495],[-58.49803,-38.47448],[-58.49585,-38.47348],[-58.4939,-38.4715],[-58.49186,-38.46942],[-58.49028,-38.46912],[-58.48759,-38.46862],[-58.486,-38.46778],[-58.48451,-38.46646],[-58.48244,-38.46582],[-58.48022,-38.46663],[-58.4781,-38.4674],[-58.47603,-38.46695],[-58.47407,-38.46602],[-58.47331,-38.46431],[-58.47327,-38.4626],[-58.47252,-38.46108],[-58.47045,-38.46092],[-58.46842,-38.46122],[-58.46622,-38.46154],[-58.46403,-38.46271],[-58.46274,-38.4634],[-58.46068,-38.46352],[-58.4585,-38.46265],[-58.45652,-38.46185],[-58.45504,-38.46035],[-58.45333,-38.45999],[-58.45092,-38.46078],[-58.44901,-38.46195],[-58.44708,-38.46254],[-58.44513,-38.46238],[-58.44341,-38.46087],[-58.44337,-38.45916],[-58.44488,-38.45589],[-58.44436,-38.45428],[-58.44199,-38.45116],[-58.44196,-38.44945],[-58.4425,-38.44739],[-58.44191,-38.44545],[-58.44123,-38.44321],[-58.44162,-38.44025],[-58.44196,-38.43762],[-58.4429,-38.43609],[-58.44167,-38.43496],[-58.43975,-38.43575],[-58.43821,-38.43767],[-58.4367,-38.44102],[-58.43612,-38.4429],[-58.436,-38.44508],[-58.43579,-38.44934],[-58.43472,-38.45087],[-58.43253,-38.45052],[-58.43177,-38.44919],[-58.43098,-38.44605],[-58.42802,-38.44361],[-58.4262,-38.44363],[-58.42322,-38.44634],[-58.42131,-38.44741],[-58.41913,-38.44763],[-58.41693,-38.44709],[-58.41473,-38.44596],[-58.41165,-38.44362],[-58.40959,-38.44374],[-58.40767,-38.4449],[-58.40574,-38.4455],[-58.40355,-38.44515],[-58.39928,-38.44377],[-58.39793,-38.44254],[-58.39717,-38.44084],[-58.39649,-38.43741],[-58.39537,-38.4359],[-58.39317,-38.43507],[-58.38913,-38.43273],[-58.38707,-38.43257],[-58.38489,-38.43316],[-58.38295,-38.4328],[-58.38099,-38.43168],[-58.37904,-38.43151],[-58.37686,-38.43173],[-58.37468,-38.43137],[-58.37296,-38.43044],[-58.37168,-38.42722],[-58.37045,-38.42609],[-58.36827,-38.42611],[-58.3661,-38.4269],[-58.36392,-38.42711],[-58.36268,-38.42579],[-58.3629,-38.42408],[-58.36502,-38.42119],[-58.36475,-38.41948],[-58.3628,-38.41912],[-58.35872,-38.42107],[-58.35653,-38.42072],[-58.3546,-38.42131],[-58.35366,-38.42304],[-58.35224,-38.42477],[-58.35032,-38.42556],[-58.34813,-38.42501],[-58.34504,-38.42199],[-58.34298,-38.4224],[-58.34079,-38.42204],[-58.34052,-38.42033],[-58.3417,-38.41879],[-58.34046,-38.41728],[-58.33851,-38.41635],[-58.33921,-38.415],[-58.34113,-38.41422],[-58.34269,-38.41296],[-58.34249,-38.40953],[-58.34368,-38.4079],[-58.3456,-38.40673],[-58.34617,-38.40529],[-58.3455,-38.40187],[-58.3438,-38.40122],[-58.34213,-38.40286],[-58.33804,-38.40462],[-58.3377,-38.40596],[-58.33777,-38.4093],[-58.33695,-38.41103],[-58.33503,-38.412],[-58.33307,-38.41069],[-58.33147,-38.40918],[-58.32959,-38.40586],[-58.32811,-38.40445],[-58.3258,-38.40457],[-58.32143,-38.40414],[-58.31935,-38.40322],[-58.31718,-38.40343],[-58.31501,-38.40441],[-58.31284,-38.40462],[-58.31065,-38.40408],[-58.30941,-38.40256],[-58.30913,-38.40085],[-58.30814,-38.39952],[-58.30595,-38.39898],[-58.30159,-38.39951],[-58.29964,-38.39886],[-58.29891,-38.39669],[-58.30037,-38.39306],[-58.29986,-38.39085],[-58.29583,-38.38946],[-58.29553,-38.38613],[-58.29406,-38.38538],[-58.29258,-38.38406],[-58.29183,-38.38235],[-58.29,-38.38151],[-58.28704,-38.37888],[-58.28337,-38.37682],[-58.28065,-38.3738],[-58.28013,-38.37209],[-58.27971,-38.36856],[-58.27804,-38.36343],[-58.27786,-38.3601],[-58.27614,-38.35878],[-58.27379,-38.35566],[-58.27197,-38.35482],[-58.27076,-38.35707],[-58.27436,-38.36776],[-58.27586,-38.37032],[-58.27614,-38.37204],[-58.27568,-38.37376],[-58.2762,-38.37537],[-58.2798,-38.38029],[-58.28119,-38.38333],[-58.28049,-38.38496],[-58.27881,-38.38612],[-58.27665,-38.38681],[-58.27317,-38.38913],[-58.27113,-38.38983],[-58.26894,-38.38927],[-58.26685,-38.38815],[-58.26619,-38.38473],[-58.26347,-38.3819],[-58.26208,-38.37848],[-58.25793,-38.37671],[-58.25641,-38.37339],[-58.25447,-38.37275],[-58.25013,-38.37431],[-58.24807,-38.37444],[-58.24588,-38.37389],[-58.24371,-38.3742],[-58.24085,-38.37718],[-58.23891,-38.37739],[-58.23673,-38.37685],[-58.23478,-38.3761],[-58.23402,-38.37458],[-58.23278,-38.37307],[-58.23275,-38.37136],[-58.2337,-38.36982],[-58.23391,-38.3681],[-58.23292,-38.36639],[-58.23264,-38.36468],[-58.23141,-38.36336],[-58.22911,-38.36348],[-58.2247,-38.36031],[-58.22252,-38.36033],[-58.22072,-38.36156],[-58.21877,-38.36082],[-58.21706,-38.3597],[-58.21535,-38.35933],[-58.21317,-38.35954],[-58.21122,-38.35861],[-58.20938,-38.35711],[-58.20525,-38.3561],[-58.20353,-38.35488],[-58.20226,-38.35146],[-58.20248,-38.34983],[-58.20318,-38.34849],[-58.20134,-38.34746],[-58.19984,-38.34461],[-58.20103,-38.34327],[-58.20319,-38.34191],[-58.20292,-38.34019],[-58.20145,-38.33907],[-58.19915,-38.33899],[-58.1948,-38.3399],[-58.19273,-38.33915],[-58.19101,-38.33784],[-58.18677,-38.33741],[-58.18565,-38.33618],[-58.18539,-38.33447],[-58.18368,-38.33372],[-58.18175,-38.33393],[-58.18031,-38.33489],[-58.17937,-38.33662],[-58.17817,-38.3374],[-58.17599,-38.33742],[-58.17428,-38.33629],[-58.17292,-38.33487],[-58.16938,-38.33329],[-58.16779,-38.33207],[-58.1637,-38.33382],[-58.16164,-38.33318],[-58.15971,-38.33395],[-58.15925,-38.33567],[-58.15781,-38.33683],[-58.15564,-38.33686],[-58.15345,-38.33612],[-58.15198,-38.33499],[-58.15158,-38.33327],[-58.1531,-38.33002],[-58.15332,-38.3283],[-58.15281,-38.32659],[-58.15302,-38.32487],[-58.15251,-38.32316],[-58.15052,-38.31993],[-58.15001,-38.31822],[-58.14802,-38.31757],[-58.14684,-38.32209],[-58.14713,-38.32985],[-58.14702,-38.33071],[-58.1466,-38.33218],[-58.14443,-38.33239],[-58.14224,-38.33165],[-58.13801,-38.33236]]]}},{"type":"Feature","properties":{"fdc":"SIG 250 mil","sag":"IGN","crv":10,"mo2":6,"tipo":"Curva de nivel","ign":"lineas_de_geomorfologia_CA010.110718"},"geometry":{"type":"MultiLineString","coordinates":[[[-58.71055,-38.56469],[-58.71039,-38.5652],[-58.71025,-38.56561],[-58.71,-38.56635],[-58.70978,-38.56701],[-58.70966,-38.56738],[-58.70977,-38.56795],[-58.70994,-38.56881],[-58.71019,-38.5692],[-58.71039,-38.5695],[-58.7104,-38.56989],[-58.71049,-38.57019],[-58.71002,-38.57037],[-58.70952,-38.57056],[-58.70904,-38.57093],[-58.70853,-38.57132],[-58.70743,-38.57136],[-58.70623,-38.57141],[-58.70489,-38.57147],[-58.70388,-38.57169],[-58.70284,-38.57192],[-58.70177,-38.57216],[-58.69751,-38.57329],[-58.69435,-38.57387],[-58.69114,-38.57383],[-58.69056,-38.57395],[-58.68927,-38.57476]]]}},{"type":"Feature","properties":{"fdc":"Atlas 500k 1° Ediciónl","sag":"IGN","crv":100,"mo2":2,"tipo":"Curva de nivel","ign":"lineas_de_geomorfologia_CA010.6108"},"geometry":{"type":"MultiLineString","coordinates":[[[-58.98722,-38.26945],[-58.98713,-38.26936],[-58.98655,-38.26896],[-58.98606,-38.26873],[-58.98573,-38.26863],[-58.98533,-38.26855],[-58.98494,-38.26851],[-58.98393,-38.26849],[-58.98324,-38.26845],[-58.98285,-38.26838],[-58.98248,-38.26824],[-58.98225,-38.26806],[-58.98216,-38.26795],[-58.98209,-38.26774],[-58.98208,-38.26759],[-58.98213,-38.26734],[-58.98232,-38.26704],[-58.98262,-38.26677],[-58.98279,-38.26666],[-58.9832,-38.26646],[-58.98356,-38.26634],[-58.98429,-38.26618],[-58.98569,-38.26601],[-58.98648,-38.26588],[-58.98734,-38.26567],[-58.98749,-38.26562]]]}},{"type":"Feature","properties":{"fdc":"Atlas 500k 1° Ediciónl","sag":"IGN","crv":100,"mo2":2,"tipo":"Curva de nivel","ign":"lineas_de_geomorfologia_CA010.6109"},"geometry":{"type":"MultiLineString","coordinates":[[[-58.96917,-38.27632],[-58.96911,-38.27624],[-58.96902,-38.27595],[-58.96894,-38.27558],[-58.9689,-38.27515],[-58.9689,-38.27438],[-58.96902,-38.27294],[-58.96914,-38.27248],[-58.9693,-38.27219],[-58.9695,-38.27198],[-58.96962,-38.2719],[-58.96974,-38.27185],[-58.96989,-38.27184],[-58.97002,-38.27188],[-58.97009,-38.27193],[-58.97021,-38.27208],[-58.97032,-38.27231],[-58.97039,-38.27264],[-58.97041,-38.27307],[-58.97039,-38.27344],[-58.97024,-38.27509],[-58.97016,-38.27543],[-58.97008,-38.27564],[-58.9699,-38.27597],[-58.96976,-38.27613],[-58.9696,-38.27624],[-58.96938,-38.27633],[-58.96926,-38.27634],[-58.96917,-38.27632]]]}},{"type":"Feature","properties":{"fdc":"Atlas 500k 1° Ediciónl","sag":"IGN","crv":50,"mo2":2,"tipo":"Curva de nivel","ign":"lineas_de_geomorfologia_CA010.6110"},"geometry":{"type":"MultiLineString","coordinates":[[[-58.8875,-38.28097],[-58.88763,-38.28103],[-58.88783,-38.28107],[-58.88825,-38.28113],[-58.88862,-38.28114],[-58.88915,-38.28109],[-58.88961,-38.28099],[-58.88993,-38.28088],[-58.89038,-38.28066],[-58.89078,-38.28039],[-58.89108,-38.28013],[-58.8919,-38.27924],[-58.89268,-38.27833],[-58.89303,-38.27785],[-58.89334,-38.27731],[-58.89354,-38.27682],[-58.89361,-38.27657],[-58.89366,-38.27618],[-58.89365,-38.27592],[-58.89358,-38.27569],[-58.89342,-38.27547],[-58.8933,-38.27541],[-58.8932,-38.27539],[-58.89297,-38.27541],[-58.89263,-38.27553],[-58.89239,-38.27567],[-58.8918,-38.27611],[-58.89064,-38.27713],[-58.89017,-38.27751],[-58.8895,-38.278],[-58.88864,-38.27855],[-58.88809,-38.27897],[-58.88777,-38.27927],[-58.88761,-38.27947],[-58.8874,-38.2798],[-58.88732,-38.27997],[-58.88726,-38.28019],[-58.88724,-38.28048],[-58.88728,-38.28066],[-58.88734,-38.28081],[-58.88745,-38.28094],[-58.8875,-38.28097]]]}},{"type":"Feature","properties":{"fdc":"Atlas 500k 1° Ediciónl","sag":"IGN","crv":50,"mo2":2,"tipo":"Curva de nivel","ign":"lineas_de_geomorfologia_CA010.6130"},"geometry":{"type":"MultiLineString","coordinates":[[[-58.85417,-38.35444],[-58.85455,-38.35401],[-58.8548,-38.35359],[-58.85485,-38.35344],[-58.85487,-38.35326],[-58.85487,-38.35311],[-58.85479,-38.35286],[-58.85469,-38.35261],[-58.85451,-38.35229],[-58.85428,-38.35197],[-58.85405,-38.35173],[-58.85378,-38.35154],[-58.85355,-38.35144],[-58.85331,-38.35139],[-58.85304,-38.35143],[-58.85284,-38.35154],[-58.85275,-38.35162],[-58.85268,-38.35173],[-58.85264,-38.35185],[-58.85263,-38.35214],[-58.85273,-38.35258],[-58.85301,-38.35316],[-58.85332,-38.35364],[-58.8536,-38.35394],[-58.85417,-38.35444]]]}},{"type":"Feature","properties":{"fdc":"Atlas 500k 1° Ediciónl","sag":"IGN","crv":50,"mo2":2,"tipo":"Curva de nivel","ign":"lineas_de_geomorfologia_CA010.6131"},"geometry":{"type":"MultiLineString","coordinates":[[[-58.90417,-38.37253],[-58.90479,-38.37227],[-58.90524,-38.372],[-58.90559,-38.37172],[-58.90571,-38.37157],[-58.90581,-38.37139],[-58.90589,-38.37109],[-58.9059,-38.37094],[-58.90589,-38.37081],[-58.90583,-38.37058],[-58.90569,-38.37034],[-58.9055,-38.37013],[-58.90527,-38.36997],[-58.90513,-38.36991],[-58.90489,-38.36984],[-58.90453,-38.36981],[-58.90419,-38.36985],[-58.90389,-38.36995],[-58.90352,-38.37017],[-58.90328,-38.37039],[-58.90304,-38.37071],[-58.90291,-38.37099],[-58.90285,-38.37132],[-58.90286,-38.3716],[-58.90291,-38.37173],[-58.90308,-38.37199],[-58.90323,-38.37214],[-58.90359,-38.37238],[-58.90395,-38.3725],[-58.90417,-38.37253]]]}},{"type":"Feature","properties":{"fdc":"SIG 250 mil","sag":"IGN","crv":70,"mo2":6,"tipo":"Curva de nivel","ign":"lineas_de_geomorfologia_CA010.110445"},"geometry":{"type":"MultiLineString","coordinates":[[[-58.9587,-38.30124],[-58.95797,-38.30114],[-58.95701,-38.30037],[-58.95704,-38.29846],[-58.95596,-38.29778],[-58.95403,-38.29767],[-58.95315,-38.29727],[-58.95263,-38.29702],[-58.95234,-38.29677],[-58.9522,-38.29655],[-58.95214,-38.29642],[-58.95224,-38.29537],[-58.9525,-38.29508],[-58.95302,-38.29472],[-58.95469,-38.29377],[-58.95612,-38.29364],[-58.95649,-38.29361],[-58.95705,-38.29379],[-58.95939,-38.29486],[-58.96084,-38.29494],[-58.96114,-38.29494],[-58.96148,-38.29485],[-58.96196,-38.29448],[-58.96224,-38.29413],[-58.96223,-38.29383],[-58.96185,-38.29115],[-58.96162,-38.29096],[-58.96154,-38.29089],[-58.96143,-38.29073],[-58.96143,-38.29044],[-58.96155,-38.29006],[-58.96191,-38.28956],[-58.96199,-38.28949],[-58.96211,-38.28945],[-58.96229,-38.28943],[-58.9631,-38.2894],[-58.96331,-38.28938],[-58.96351,-38.28935],[-58.96372,-38.28928],[-58.96383,-38.28908],[-58.96386,-38.28895],[-58.96383,-38.28875],[-58.96352,-38.28722],[-58.96352,-38.28709],[-58.96356,-38.28695],[-58.9638,-38.28645],[-58.96388,-38.28635],[-58.96399,-38.28627],[-58.96504,-38.2859],[-58.96537,-38.28574],[-58.96556,-38.28561],[-58.96568,-38.28544],[-58.96573,-38.28524],[-58.96583,-38.28424],[-58.96646,-38.28339],[-58.96672,-38.28302],[-58.96709,-38.28278],[-58.96791,-38.28235],[-58.96792,-38.28187],[-58.96645,-38.28008],[-58.96604,-38.27982],[-58.96544,-38.27966],[-58.96408,-38.27964],[-58.96336,-38.27925],[-58.96292,-38.27855],[-58.96261,-38.27804],[-58.96218,-38.27734],[-58.9622,-38.27599],[-58.96221,-38.27528],[-58.96222,-38.27467],[-58.96162,-38.274],[-58.9597,-38.27322],[-58.95936,-38.27254],[-58.95937,-38.27219],[-58.95974,-38.27178],[-58.96009,-38.27151],[-58.96071,-38.27131],[-58.96124,-38.27128],[-58.96189,-38.27158],[-58.96298,-38.27239],[-58.96466,-38.27279],[-58.96602,-38.27079],[-58.96665,-38.26928],[-58.96671,-38.26868],[-58.96677,-38.26794],[-58.96679,-38.26775],[-58.96738,-38.26721],[-58.96785,-38.26686],[-58.96831,-38.26675],[-58.96875,-38.26685],[-58.97079,-38.2675],[-58.97284,-38.26771],[-58.9744,-38.26887],[-58.9758,-38.2725],[-58.97506,-38.27326],[-58.97528,-38.27488],[-58.97502,-38.2764],[-58.97305,-38.27877],[-58.97301,-38.28087],[-58.97115,-38.28302],[-58.9703,-38.28485],[-58.96907,-38.28626],[-58.96893,-38.28779],[-58.96818,-38.28922],[-58.96771,-38.29099],[-58.96581,-38.29463],[-58.96552,-38.29498],[-58.96504,-38.2953],[-58.96333,-38.29596],[-58.96187,-38.29926],[-58.96052,-38.3003],[-58.9587,-38.30124]]]}},{"type":"Feature","properties":{"fdc":"Atlas 500k 1° Ediciónl","sag":"IGN","crv":100,"mo2":2,"tipo":"Curva de nivel","ign":"lineas_de_geomorfologia_CA010.5729"},"geometry":{"type":"MultiLineString","coordinates":[[[-59.2275,-38.30087],[-59.22804,-38.30008],[-59.22829,-38.29977],[-59.22857,-38.29951],[-59.229,-38.29917],[-59.22933,-38.29903],[-59.22967,-38.29899],[-59.22994,-38.29905],[-59.23008,-38.29917],[-59.23014,-38.29937],[-59.23014,-38.29959],[-59.23008,-38.29982],[-59.23001,-38.29998],[-59.2299,-38.30014],[-59.22964,-38.30042],[-59.2292,-38.30081],[-59.22885,-38.30099],[-59.22839,-38.3011],[-59.22821,-38.3011],[-59.22793,-38.30107],[-59.22769,-38.30099],[-59.2275,-38.30087]]]}},{"type":"Feature","properties":{"fdc":"Atlas 500k 1° Ediciónl","sag":"IGN","crv":150,"mo2":2,"tipo":"Curva de nivel","ign":"lineas_de_geomorfologia_CA010.5686"},"geometry":{"type":"MultiLineString","coordinates":[[[-59.56,-38.01602],[-59.56025,-38.01609],[-59.56059,-38.01613],[-59.56102,-38.01609],[-59.56143,-38.01594],[-59.56167,-38.01578],[-59.56182,-38.0156],[-59.56199,-38.01528],[-59.5621,-38.01495],[-59.56216,-38.01461],[-59.56217,-38.01429],[-59.56214,-38.014],[-59.56203,-38.01361],[-59.56187,-38.01332],[-59.56172,-38.01319],[-59.56162,-38.01315],[-59.5614,-38.01314],[-59.56113,-38.0132],[-59.56083,-38.01335],[-59.5604,-38.01366],[-59.55994,-38.01405],[-59.55963,-38.01437],[-59.55945,-38.01461],[-59.55938,-38.01475],[-59.55933,-38.01499],[-59.55934,-38.01516],[-59.55939,-38.01533],[-59.55946,-38.01547],[-59.55965,-38.01573],[-59.55985,-38.01593],[-59.56,-38.01602]]]}},{"type":"Feature","properties":{"fdc":"Atlas 500k 1° Ediciónl","sag":"IGN","crv":150,"mo2":2,"tipo":"Curva de nivel","ign":"lineas_de_geomorfologia_CA010.5669"},"geometry":{"type":"MultiLineString","coordinates":[[[-59.19333,-37.88928],[-59.19349,-37.8892],[-59.19362,-37.8891],[-59.19384,-37.88884],[-59.19408,-37.88846],[-59.19425,-37.88801],[-59.19431,-37.88772],[-59.19434,-37.88725],[-59.1943,-37.88692],[-59.19422,-37.88662],[-59.19403,-37.88615],[-59.19383,-37.8858],[-59.19359,-37.8855],[-59.19325,-37.88518],[-59.19301,-37.88502],[-59.19265,-37.88488],[-59.19234,-37.88483],[-59.19207,-37.88485],[-59.19192,-37.88489],[-59.19167,-37.88502],[-59.19144,-37.88524],[-59.19123,-37.88561],[-59.1911,-37.88601],[-59.19104,-37.88641],[-59.19103,-37.8868],[-59.19108,-37.8872],[-59.19119,-37.88764],[-59.19138,-37.88807],[-59.19152,-37.88827],[-59.19181,-37.88857],[-59.19201,-37.88873],[-59.19223,-37.88888],[-59.19265,-37.8891],[-59.19311,-37.88925],[-59.19333,-37.88928]]]}},{"type":"Feature","properties":{"fdc":"Atlas 500k 1° Ediciónl","sag":"IGN","crv":150,"mo2":2,"tipo":"Curva de nivel","ign":"lineas_de_geomorfologia_CA010.5670"},"geometry":{"type":"MultiLineString","coordinates":[[[-59.17583,-37.89261],[-59.1756,-37.89245],[-59.17537,-37.89223],[-59.17514,-37.89194],[-59.17498,-37.89165],[-59.17492,-37.89148],[-59.17489,-37.89118],[-59.17492,-37.8909],[-59.17497,-37.89072],[-59.17511,-37.89043],[-59.17527,-37.89023],[-59.17544,-37.89009],[-59.17563,-37.88998],[-59.17586,-37.8899],[-59.17612,-37.88987],[-59.1764,-37.88988],[-59.17673,-37.88996],[-59.17701,-37.89008],[-59.17725,-37.89024],[-59.17745,-37.89043],[-59.17761,-37.89064],[-59.17768,-37.89083],[-59.1777,-37.89105],[-59.17766,-37.89133],[-59.17762,-37.89146],[-59.17753,-37.89165],[-59.17739,-37.89184],[-59.17726,-37.89197],[-59.17696,-37.89221],[-59.17664,-37.89239],[-59.1764,-37.89249],[-59.17604,-37.89259],[-59.17583,-37.89261]]]}},{"type":"Feature","properties":{"fdc":"Atlas 500k 1° Ediciónl","sag":"IGN","crv":150,"mo2":2,"tipo":"Curva de nivel","ign":"lineas_de_geomorfologia_CA010.5673"},"geometry":{"type":"MultiLineString","coordinates":[[[-59.25667,-37.91441],[-59.25679,-37.9145],[-59.25697,-37.91457],[-59.25742,-37.91469],[-59.25784,-37.91472],[-59.25828,-37.91467],[-59.25854,-37.91459],[-59.25874,-37.91447],[-59.25889,-37.91435],[-59.2591,-37.91409],[-59.25921,-37.91387],[-59.25929,-37.9135],[-59.25929,-37.91332],[-59.25924,-37.91299],[-59.25907,-37.91257],[-59.25883,-37.91224],[-59.25859,-37.91198],[-59.25827,-37.91174],[-59.25789,-37.91153],[-59.25749,-37.9114],[-59.25716,-37.91135],[-59.25685,-37.91135],[-59.25656,-37.9114],[-59.25628,-37.9115],[-59.25601,-37.91167],[-59.2559,-37.91179],[-59.25574,-37.91206],[-59.25566,-37.91232],[-59.25566,-37.91255],[-59.25574,-37.91292],[-59.25584,-37.91318],[-59.25597,-37.91345],[-59.25624,-37.91388],[-59.25667,-37.91441]]]}},{"type":"Feature","properties":{"fdc":"Atlas 500k 1° Ediciónl","sag":"IGN","crv":150,"mo2":2,"tipo":"Curva de nivel","ign":"lineas_de_geomorfologia_CA010.5674"},"geometry":{"type":"MultiLineString","coordinates":[[[-59.21083,-37.92343],[-59.21067,-37.92316],[-59.21054,-37.9228],[-59.21044,-37.92244],[-59.21034,-37.92175],[-59.21033,-37.92134],[-59.21035,-37.92095],[-59.21045,-37.92038],[-59.21057,-37.91994],[-59.21074,-37.91952],[-59.21095,-37.91918],[-59.2112,-37.91888],[-59.21148,-37.91863],[-59.21176,-37.91846],[-59.21201,-37.91836],[-59.21232,-37.91833],[-59.21252,-37.91837],[-59.21271,-37.9185],[-59.21281,-37.9187],[-59.21284,-37.91894],[-59.21282,-37.91924],[-59.21271,-37.91973],[-59.2123,-37.92096],[-59.212,-37.92202],[-59.21177,-37.92256],[-59.2115,-37.92299],[-59.21136,-37.92316],[-59.21117,-37.92332],[-59.21091,-37.92344],[-59.21083,-37.92343]]]}},{"type":"Feature","properties":{"fdc":"Atlas 500k 1° Ediciónl","sag":"IGN","crv":150,"mo2":2,"tipo":"Curva de nivel","ign":"lineas_de_geomorfologia_CA010.5676"},"geometry":{"type":"MultiLineString","coordinates":[[[-59.33667,-37.9585],[-59.33685,-37.95843],[-59.33705,-37.9583],[-59.33731,-37.95806],[-59.33747,-37.95781],[-59.33751,-37.95757],[-59.33748,-37.95745],[-59.33738,-37.95729],[-59.33711,-37.95704],[-59.3369,-37.95691],[-59.33673,-37.95684],[-59.33659,-37.95682],[-59.33645,-37.95683],[-59.33611,-37.95694],[-59.33594,-37.95704],[-59.3358,-37.95717],[-59.33567,-37.9574],[-59.33564,-37.95758],[-59.33565,-37.95768],[-59.3357,-37.95785],[-59.33579,-37.95801],[-59.336,-37.95821],[-59.33629,-37.95839],[-59.33667,-37.9585]]]}},{"type":"Feature","properties":{"fdc":"Atlas 500k 1° Ediciónl","sag":"IGN","crv":150,"mo2":2,"tipo":"Curva de nivel","ign":"lineas_de_geomorfologia_CA010.5679"},"geometry":{"type":"MultiLineString","coordinates":[[[-59.34583,-37.98182],[-59.3457,-37.98179],[-59.34558,-37.98173],[-59.34526,-37.98144],[-59.34499,-37.98106],[-59.34484,-37.98068],[-59.34478,-37.98027],[-59.34479,-37.98001],[-59.34485,-37.97971],[-59.34502,-37.97928],[-59.34516,-37.97904],[-59.34545,-37.97868],[-59.34575,-37.97838],[-59.34782,-37.97635],[-59.34853,-37.97574],[-59.34907,-37.97539],[-59.34934,-37.97528],[-59.34956,-37.97521],[-59.34979,-37.97519],[-59.34994,-37.9752],[-59.35011,-37.97524],[-59.35027,-37.97534],[-59.35043,-37.97548],[-59.35054,-37.97563],[-59.3507,-37.97594],[-59.35083,-37.97632],[-59.35095,-37.97696],[-59.35099,-37.9774],[-59.35099,-37.9778],[-59.35096,-37.97821],[-59.3509,-37.97867],[-59.35077,-37.97919],[-59.3505,-37.97986],[-59.35016,-37.98042],[-59.34976,-37.98091],[-59.34955,-37.9811],[-59.3493,-37.98127],[-59.34886,-37.98152],[-59.34824,-37.98175],[-59.34791,-37.98183],[-59.34744,-37.9819],[-59.3469,-37.98194],[-59.34642,-37.98192],[-59.34597,-37.98186],[-59.34583,-37.98182]]]}},{"type":"Feature","properties":{"fdc":"Atlas 500k 1° Ediciónl","sag":"IGN","crv":150,"mo2":2,"tipo":"Curva de nivel","ign":"lineas_de_geomorfologia_CA010.5680"},"geometry":{"type":"MultiLineString","coordinates":[[[-59.43167,-37.98363],[-59.43189,-37.98368],[-59.4321,-37.98367],[-59.43232,-37.98359],[-59.43242,-37.9835],[-59.43256,-37.98327],[-59.43263,-37.98299],[-59.43265,-37.9828],[-59.43263,-37.98234],[-59.43258,-37.98201],[-59.43248,-37.98164],[-59.43236,-37.98137],[-59.43219,-37.9811],[-59.43198,-37.98088],[-59.4318,-37.98075],[-59.43161,-37.98067],[-59.43137,-37.98065],[-59.43101,-37.98073],[-59.43076,-37.98086],[-59.43049,-37.98106],[-59.43013,-37.98141],[-59.42991,-37.98168],[-59.42978,-37.98191],[-59.4297,-37.98223],[-59.42971,-37.98237],[-59.42977,-37.98251],[-59.42986,-37.98263],[-59.43025,-37.98293],[-59.43098,-37.98334],[-59.43167,-37.98363]]]}},{"type":"Feature","properties":{"fdc":"Atlas 500k 1° Ediciónl","sag":"IGN","crv":150,"mo2":2,"tipo":"Curva de nivel","ign":"lineas_de_geomorfologia_CA010.5683"},"geometry":{"type":"MultiLineString","coordinates":[[[-59.39167,-37.99743],[-59.39114,-37.9969],[-59.39046,-37.99616],[-59.38997,-37.99555],[-59.38951,-37.99491],[-59.38912,-37.99427],[-59.38884,-37.99365],[-59.38873,-37.9932],[-59.38868,-37.99279],[-59.38869,-37.99223],[-59.38873,-37.99185],[-59.38887,-37.99122],[-59.38924,-37.99],[-59.38971,-37.98876],[-59.38999,-37.98821],[-59.39028,-37.98783],[-59.39049,-37.98766],[-59.39066,-37.98757],[-59.3909,-37.98751],[-59.39115,-37.98753],[-59.39146,-37.98766],[-59.39159,-37.98775],[-59.39186,-37.98803],[-59.39211,-37.98847],[-59.39228,-37.98893],[-59.39239,-37.98944],[-59.39244,-37.98987],[-59.39248,-37.99071],[-59.39242,-37.99325],[-59.39237,-37.99444],[-59.3923,-37.99534],[-59.39216,-37.9963],[-59.39205,-37.99675],[-59.39195,-37.99706],[-59.39185,-37.99726],[-59.39178,-37.99736],[-59.3917,-37.99743],[-59.39167,-37.99743]]]}},{"type":"Feature","properties":{"fdc":"Atlas 500k 1° Ediciónl","sag":"IGN","crv":150,"mo2":2,"tipo":"Curva de nivel","ign":"lineas_de_geomorfologia_CA010.5684"},"geometry":{"type":"MultiLineString","coordinates":[[[-59.44917,-37.99779],[-59.44889,-37.99768],[-59.44859,-37.99751],[-59.44821,-37.99723],[-59.44803,-37.99707],[-59.44775,-37.99675],[-59.44764,-37.99659],[-59.44751,-37.99627],[-59.44746,-37.99608],[-59.44743,-37.99578],[-59.44747,-37.99547],[-59.44752,-37.99531],[-59.44765,-37.99509],[-59.44779,-37.99495],[-59.44792,-37.99485],[-59.44821,-37.99472],[-59.44851,-37.99465],[-59.44897,-37.99466],[-59.44927,-37.99472],[-59.44968,-37.99488],[-59.44994,-37.99505],[-59.45022,-37.99531],[-59.4505,-37.9957],[-59.45062,-37.99599],[-59.45068,-37.99636],[-59.45068,-37.99661],[-59.4506,-37.99688],[-59.45042,-37.99715],[-59.45025,-37.99732],[-59.45005,-37.99748],[-59.44985,-37.9976],[-59.44951,-37.99773],[-59.44917,-37.99779]]]}},{"type":"Feature","properties":{"fdc":"Atlas 500k 1° Ediciónl","sag":"IGN","crv":100,"mo2":2,"tipo":"Curva de nivel","ign":"lineas_de_geomorfologia_CA010.5719"},"geometry":{"type":"MultiLineString","coordinates":[[[-59.17583,-38.20436],[-59.17641,-38.20431],[-59.17697,-38.2042],[-59.17753,-38.20402],[-59.17803,-38.20378],[-59.17842,-38.2035],[-59.17857,-38.20333],[-59.17864,-38.20321],[-59.17866,-38.20311],[-59.17866,-38.20291],[-59.17859,-38.2027],[-59.17846,-38.20254],[-59.1783,-38.20243],[-59.17816,-38.20236],[-59.17778,-38.20226],[-59.1774,-38.20222],[-59.17696,-38.20222],[-59.17648,-38.20229],[-59.17611,-38.2024],[-59.17578,-38.20255],[-59.17551,-38.20275],[-59.17529,-38.20298],[-59.1752,-38.2031],[-59.17514,-38.20325],[-59.17512,-38.20344],[-59.17514,-38.20363],[-59.1752,-38.20381],[-59.1754,-38.2041],[-59.17561,-38.20428],[-59.17572,-38.20434],[-59.17583,-38.20436]]]}},{"type":"Feature","properties":{"fdc":"Atlas 500k 1° Ediciónl","sag":"IGN","crv":150,"mo2":2,"tipo":"Curva de nivel","ign":"lineas_de_geomorfologia_CA010.5689"},"geometry":{"type":"MultiLineString","coordinates":[[[-59.54,-38.03368],[-59.53994,-38.03366],[-59.53981,-38.03349],[-59.53969,-38.03319],[-59.53964,-38.03299],[-59.53963,-38.03262],[-59.53967,-38.03239],[-59.53975,-38.03219],[-59.53983,-38.03203],[-59.54005,-38.03177],[-59.5403,-38.03156],[-59.54058,-38.03136],[-59.54102,-38.03116],[-59.54135,-38.03106],[-59.5417,-38.03102],[-59.54199,-38.03103],[-59.54238,-38.03115],[-59.54262,-38.03129],[-59.54286,-38.03155],[-59.54299,-38.03181],[-59.54305,-38.03207],[-59.54306,-38.03234],[-59.54301,-38.03259],[-59.54291,-38.03286],[-59.54274,-38.03313],[-59.54257,-38.03332],[-59.54239,-38.03348],[-59.54208,-38.03366],[-59.54188,-38.03374],[-59.54165,-38.0338],[-59.54129,-38.03385],[-59.54088,-38.03385],[-59.54057,-38.03382],[-59.54023,-38.03376],[-59.54,-38.03368]]]}},{"type":"Feature","properties":{"fdc":"Atlas 500k 1° Ediciónl","sag":"IGN","crv":150,"mo2":2,"tipo":"Curva de nivel","ign":"lineas_de_geomorfologia_CA010.5706"},"geometry":{"type":"MultiLineString","coordinates":[[[-58.99983,-37.91858],[-59.00047,-37.91833],[-59.00133,-37.91795],[-59.00233,-37.91746],[-59.00513,-37.91598],[-59.00597,-37.9155],[-59.00654,-37.91511],[-59.00715,-37.91461],[-59.00775,-37.91399],[-59.00834,-37.91325],[-59.00922,-37.912],[-59.00965,-37.9115],[-59.00996,-37.9112],[-59.01029,-37.91095],[-59.01062,-37.91076],[-59.01102,-37.91061],[-59.01158,-37.91048],[-59.01198,-37.91045],[-59.01233,-37.91046],[-59.01298,-37.91052],[-59.01516,-37.91089],[-59.01608,-37.91099],[-59.01721,-37.91103],[-59.01848,-37.91098],[-59.01966,-37.91084],[-59.02138,-37.91055],[-59.0288,-37.90919],[-59.03044,-37.90883],[-59.03138,-37.90857],[-59.03257,-37.90821],[-59.03996,-37.90579],[-59.04185,-37.90512],[-59.04369,-37.90436],[-59.04593,-37.90335],[-59.04711,-37.90275],[-59.04986,-37.90128],[-59.05083,-37.90081],[-59.05147,-37.90055],[-59.05194,-37.90038],[-59.05246,-37.90024],[-59.05306,-37.90013],[-59.05375,-37.90007],[-59.05415,-37.90006],[-59.05486,-37.90011],[-59.05554,-37.90021],[-59.05654,-37.90043],[-59.06244,-37.90192],[-59.0634,-37.90211],[-59.0639,-37.90218],[-59.06453,-37.90222],[-59.06512,-37.90221],[-59.06588,-37.90214],[-59.06882,-37.90171],[-59.07125,-37.90144],[-59.0783,-37.90034],[-59.07915,-37.90023],[-59.07993,-37.90017],[-59.08165,-37.90014],[-59.08435,-37.9002],[-59.08802,-37.90017],[-59.08918,-37.90021],[-59.08993,-37.90032],[-59.09064,-37.9005],[-59.09105,-37.90064],[-59.09246,-37.90121],[-59.0929,-37.90134],[-59.09347,-37.90144],[-59.09398,-37.90148],[-59.09473,-37.90143],[-59.09533,-37.9013],[-59.09598,-37.90106],[-59.09718,-37.90049],[-59.0976,-37.90037],[-59.09793,-37.90037],[-59.0981,-37.9004],[-59.09835,-37.90052],[-59.09856,-37.90068],[-59.0987,-37.90083],[-59.09884,-37.90104],[-59.09901,-37.90134],[-59.09943,-37.90226],[-59.0997,-37.90277],[-59.09996,-37.90314],[-59.10034,-37.90356],[-59.10079,-37.90389],[-59.10125,-37.90411],[-59.10184,-37.90427],[-59.10253,-37.90433],[-59.10326,-37.90429],[-59.10413,-37.90413],[-59.10497,-37.90391],[-59.10567,-37.90368],[-59.10639,-37.90341],[-59.10713,-37.90309],[-59.10958,-37.90189],[-59.11046,-37.9015],[-59.11093,-37.90134],[-59.11139,-37.90121],[-59.11192,-37.90111],[-59.11244,-37.90106],[-59.11295,-37.90107],[-59.1133,-37.9011],[-59.11367,-37.90118],[-59.11409,-37.90132],[-59.11447,-37.90149],[-59.11515,-37.9019],[-59.11682,-37.90311],[-59.11781,-37.90375],[-59.11837,-37.90405],[-59.11899,-37.90434],[-59.12008,-37.90475],[-59.1214,-37.90513],[-59.1226,-37.90541],[-59.12363,-37.9056],[-59.12574,-37.90591],[-59.1268,-37.90615],[-59.12783,-37.90647],[-59.12994,-37.90731],[-59.1306,-37.90751],[-59.13115,-37.90765],[-59.13189,-37.90779],[-59.13248,-37.90786],[-59.13291,-37.90789],[-59.13348,-37.90788],[-59.13375,-37.90784],[-59.13407,-37.90777],[-59.13444,-37.9076],[-59.13479,-37.90733],[-59.13495,-37.90713],[-59.13508,-37.90692],[-59.13521,-37.90651],[-59.13524,-37.9062],[-59.13522,-37.906],[-59.13511,-37.90561],[-59.13495,-37.90529],[-59.13475,-37.90503],[-59.1345,-37.90479],[-59.13411,-37.90449],[-59.13361,-37.9042],[-59.13301,-37.90392],[-59.13116,-37.9031],[-59.13004,-37.90251],[-59.12958,-37.90222],[-59.12903,-37.90183],[-59.12794,-37.90093],[-59.12456,-37.89778],[-59.12378,-37.897],[-59.12307,-37.89623],[-59.12208,-37.89505],[-59.12092,-37.89351],[-59.12074,-37.89319],[-59.12067,-37.89297],[-59.12068,-37.89281],[-59.12074,-37.89269],[-59.1209,-37.89259],[-59.12111,-37.89255],[-59.12164,-37.89259],[-59.12495,-37.89319],[-59.12794,-37.89357],[-59.12917,-37.89378],[-59.13008,-37.894],[-59.13074,-37.89419],[-59.13301,-37.89501],[-59.13433,-37.89538],[-59.13845,-37.8964],[-59.14137,-37.89719],[-59.14194,-37.89731],[-59.14238,-37.89737],[-59.14306,-37.89739],[-59.14354,-37.89732],[-59.14385,-37.89722],[-59.14406,-37.89711],[-59.14432,-37.8969],[-59.14453,-37.89658],[-59.14462,-37.89631],[-59.14465,-37.89614],[-59.14465,-37.8957],[-59.14453,-37.89517],[-59.14415,-37.89412],[-59.14407,-37.89371],[-59.14409,-37.89353],[-59.14416,-37.89338],[-59.1443,-37.89327],[-59.14445,-37.89321],[-59.14471,-37.89319],[-59.14512,-37.89322],[-59.14716,-37.8936],[-59.14785,-37.89369],[-59.14853,-37.89375],[-59.14924,-37.89377],[-59.14996,-37.89377],[-59.1507,-37.89372],[-59.15146,-37.89363],[-59.15288,-37.89336],[-59.1545,-37.89294],[-59.15561,-37.89261],[-59.15893,-37.89155],[-59.16145,-37.8908],[-59.16256,-37.89055],[-59.16334,-37.89045],[-59.16418,-37.89043],[-59.16504,-37.8905],[-59.16587,-37.89064],[-59.16765,-37.89104],[-59.16836,-37.89117],[-59.1692,-37.89124],[-59.16987,-37.89121],[-59.17031,-37.89113],[-59.17076,-37.89102],[-59.17119,-37.89087],[-59.17161,-37.89069],[-59.1723,-37.89033],[-59.1734,-37.8897],[-59.17431,-37.88922],[-59.17525,-37.88877],[-59.17615,-37.88842],[-59.17701,-37.88816],[-59.17769,-37.88803],[-59.17833,-37.88797],[-59.17913,-37.88798],[-59.18005,-37.88809],[-59.18092,-37.88827],[-59.182,-37.88855],[-59.1835,-37.88904],[-59.1853,-37.88968],[-59.18653,-37.89017],[-59.18773,-37.8907],[-59.18995,-37.89174],[-59.19091,-37.89213],[-59.19167,-37.89238],[-59.19216,-37.89251],[-59.1942,-37.89295],[-59.19494,-37.89316],[-59.19601,-37.89355],[-59.19812,-37.89451],[-59.19926,-37.89491],[-59.20008,-37.89514],[-59.20102,-37.89533],[-59.20213,-37.89546],[-59.20306,-37.89548],[-59.20347,-37.89543],[-59.20377,-37.89537],[-59.20423,-37.89521],[-59.20436,-37.89514],[-59.20462,-37.89493],[-59.20481,-37.89469],[-59.20495,-37.89437],[-59.20503,-37.894],[-59.20503,-37.89366],[-59.205,-37.89331],[-59.20483,-37.8926],[-59.20458,-37.89184],[-59.20395,-37.89029],[-59.2038,-37.88984],[-59.20373,-37.88942],[-59.20374,-37.88925],[-59.20379,-37.88902],[-59.20386,-37.88889],[-59.20401,-37.88873],[-59.20419,-37.88863],[-59.20438,-37.88857],[-59.20485,-37.88853],[-59.20553,-37.88862],[-59.20629,-37.88884],[-59.20859,-37.88967],[-59.21214,-37.89081],[-59.21332,-37.89125],[-59.21452,-37.89175],[-59.2156,-37.8923],[-59.21611,-37.89261],[-59.21676,-37.89306],[-59.21815,-37.89417],[-59.21862,-37.8945],[-59.2192,-37.89485],[-59.21997,-37.89521],[-59.22092,-37.89557],[-59.22191,-37.89589],[-59.22269,-37.89609],[-59.22438,-37.89645],[-59.22526,-37.89668],[-59.22596,-37.89692],[-59.22664,-37.89722],[-59.22718,-37.89751],[-59.22777,-37.89787],[-59.22974,-37.8992],[-59.23063,-37.89992],[-59.23229,-37.90144],[-59.23269,-37.90175],[-59.23311,-37.90204],[-59.23395,-37.90251],[-59.2348,-37.90289],[-59.23577,-37.90326],[-59.23669,-37.90353],[-59.23716,-37.90363],[-59.23764,-37.90369],[-59.23808,-37.90371],[-59.23864,-37.90369],[-59.23914,-37.90362],[-59.23967,-37.90352],[-59.24017,-37.90339],[-59.24094,-37.90312],[-59.24179,-37.90271],[-59.24264,-37.90218],[-59.24347,-37.90155],[-59.24513,-37.90017],[-59.24593,-37.89963],[-59.2465,-37.89935],[-59.24691,-37.89922],[-59.24733,-37.89919],[-59.24763,-37.89927],[-59.24772,-37.89932],[-59.24786,-37.89948],[-59.24795,-37.89969],[-59.24798,-37.89993],[-59.24795,-37.90036],[-59.24782,-37.9009],[-59.24756,-37.90162],[-59.24718,-37.9025],[-59.24671,-37.90346],[-59.24579,-37.9052],[-59.24558,-37.90563],[-59.24533,-37.90623],[-59.24511,-37.90699],[-59.24502,-37.90747],[-59.24497,-37.90799],[-59.24498,-37.90851],[-59.24508,-37.90913],[-59.24529,-37.90976],[-59.24557,-37.91032],[-59.24591,-37.91089],[-59.24717,-37.91276],[-59.24762,-37.91338],[-59.24797,-37.91379],[-59.24824,-37.91407],[-59.24866,-37.91443],[-59.24892,-37.91463],[-59.24946,-37.91497],[-59.25032,-37.91538],[-59.2531,-37.9164],[-59.2539,-37.91673],[-59.25478,-37.91713],[-59.25606,-37.91778],[-59.26038,-37.92011],[-59.26127,-37.92066],[-59.26216,-37.9213],[-59.26286,-37.92187],[-59.26457,-37.92336],[-59.26571,-37.92426],[-59.26632,-37.92469],[-59.26708,-37.92517],[-59.26807,-37.9257],[-59.26869,-37.92599],[-59.26937,-37.92627],[-59.27009,-37.92652],[-59.27079,-37.92672],[-59.2716,-37.92693],[-59.273,-37.92721],[-59.27365,-37.92731],[-59.27508,-37.92747],[-59.27571,-37.92758],[-59.27636,-37.9278],[-59.27701,-37.92816],[-59.27754,-37.92856],[-59.27819,-37.92919],[-59.27889,-37.92996],[-59.2797,-37.93096],[-59.28101,-37.93267],[-59.28159,-37.93346],[-59.28199,-37.93408],[-59.28279,-37.93546],[-59.28321,-37.93602],[-59.28348,-37.93631],[-59.28376,-37.93653],[-59.28405,-37.93671],[-59.28436,-37.93685],[-59.28471,-37.93694],[-59.28517,-37.93697],[-59.28553,-37.93693],[-59.286,-37.9368],[-59.28668,-37.93649],[-59.28844,-37.93553],[-59.29047,-37.93454],[-59.29205,-37.93386],[-59.29272,-37.93362],[-59.29332,-37.93344],[-59.29427,-37.93322],[-59.29487,-37.93313],[-59.29553,-37.93306],[-59.29616,-37.93302],[-59.29676,-37.93302],[-59.29732,-37.93305],[-59.29772,-37.93312],[-59.29807,-37.93321],[-59.29834,-37.93333],[-59.29867,-37.93358],[-59.29885,-37.93381],[-59.29895,-37.93399],[-59.29911,-37.93448],[-59.29922,-37.93508],[-59.29929,-37.93601],[-59.29927,-37.93832],[-59.29931,-37.93923],[-59.29938,-37.93976],[-59.29952,-37.94041],[-59.29968,-37.94093],[-59.29986,-37.94137],[-59.30017,-37.94194],[-59.30043,-37.94232],[-59.30079,-37.94274],[-59.30117,-37.94311],[-59.30161,-37.94346],[-59.30208,-37.9438],[-59.30263,-37.94414],[-59.30327,-37.94448],[-59.30429,-37.94495],[-59.30515,-37.94525],[-59.30558,-37.94535],[-59.30602,-37.94542],[-59.30648,-37.94545],[-59.30679,-37.94544],[-59.30736,-37.94536],[-59.30786,-37.94521],[-59.30823,-37.94506],[-59.30867,-37.94485],[-59.30974,-37.94429],[-59.31038,-37.94404],[-59.31141,-37.94375],[-59.31221,-37.9436],[-59.31362,-37.94343],[-59.31478,-37.94336],[-59.31603,-37.94333],[-59.31675,-37.94334],[-59.31744,-37.94339],[-59.31778,-37.94345],[-59.31812,-37.94356],[-59.31837,-37.9437],[-59.31847,-37.94379],[-59.31861,-37.944],[-59.31866,-37.94417],[-59.31868,-37.94455],[-59.31849,-37.94573],[-59.31846,-37.94641],[-59.31849,-37.94679],[-59.3186,-37.9473],[-59.31873,-37.94769],[-59.31891,-37.94807],[-59.31925,-37.94864],[-59.31984,-37.9494],[-59.32081,-37.95046],[-59.32224,-37.95191],[-59.32344,-37.95301],[-59.32416,-37.95359],[-59.32474,-37.95401],[-59.32529,-37.95438],[-59.32599,-37.95481],[-59.32883,-37.95634],[-59.3297,-37.95683],[-59.33041,-37.95728],[-59.33125,-37.95788],[-59.33185,-37.95834],[-59.33395,-37.95998],[-59.33592,-37.96156],[-59.33667,-37.96213],[-59.33776,-37.96286],[-59.33884,-37.96347],[-59.33984,-37.96392],[-59.34101,-37.96433],[-59.34222,-37.96465],[-59.34334,-37.96486],[-59.34398,-37.96492],[-59.34469,-37.96496],[-59.34701,-37.96495],[-59.34817,-37.96501],[-59.34919,-37.96512],[-59.35124,-37.96544],[-59.35238,-37.96559],[-59.35388,-37.96571],[-59.35613,-37.96576],[-59.35698,-37.9658],[-59.35786,-37.96592],[-59.35861,-37.9661],[-59.35902,-37.96625],[-59.35942,-37.96645],[-59.35985,-37.96672],[-59.36022,-37.96706],[-59.36057,-37.9675],[-59.36082,-37.96794],[-59.36099,-37.96839],[-59.36139,-37.97001],[-59.36158,-37.97045],[-59.3618,-37.97077],[-59.36215,-37.97111],[-59.36255,-37.97134],[-59.36296,-37.97149],[-59.36344,-37.97158],[-59.36387,-37.9716],[-59.3646,-37.97155],[-59.36543,-37.97141],[-59.36644,-37.97117],[-59.36737,-37.9709],[-59.3682,-37.97064],[-59.3713,-37.96948],[-59.37204,-37.96928],[-59.37278,-37.96916],[-59.37344,-37.96911],[-59.37426,-37.96913],[-59.37694,-37.96938],[-59.37772,-37.96943],[-59.37844,-37.96944],[-59.37974,-37.96938],[-59.38201,-37.96916],[-59.38318,-37.96912],[-59.38379,-37.96916],[-59.3844,-37.96923],[-59.38491,-37.96934],[-59.38541,-37.96949],[-59.3859,-37.96972],[-59.38625,-37.96997],[-59.38648,-37.97021],[-59.38665,-37.97043],[-59.38683,-37.97078],[-59.38698,-37.97119],[-59.38728,-37.97273],[-59.38737,-37.97308],[-59.38755,-37.97354],[-59.38779,-37.97395],[-59.38816,-37.97439],[-59.38836,-37.97457],[-59.38861,-37.97474],[-59.38896,-37.97491],[-59.38932,-37.97503],[-59.3896,-37.97508],[-59.38993,-37.9751],[-59.39031,-37.97508],[-59.39103,-37.97495],[-59.39275,-37.97447],[-59.39362,-37.9743],[-59.3945,-37.97422],[-59.39543,-37.97423],[-59.39649,-37.97436],[-59.397,-37.97448],[-59.39745,-37.97462],[-59.39817,-37.97493],[-59.39852,-37.97513],[-59.39891,-37.97542],[-59.39929,-37.97578],[-59.39963,-37.97621],[-59.39997,-37.97677],[-59.40014,-37.9771],[-59.40037,-37.97766],[-59.40055,-37.97822],[-59.40126,-37.98071],[-59.40152,-37.98152],[-59.40174,-37.98211],[-59.40196,-37.98261],[-59.4024,-37.98342],[-59.40277,-37.98395],[-59.40307,-37.98432],[-59.4034,-37.98466],[-59.40374,-37.98497],[-59.40411,-37.98524],[-59.4045,-37.98548],[-59.40493,-37.98568],[-59.40546,-37.98586],[-59.40628,-37.98602],[-59.40714,-37.98608],[-59.41125,-37.98611],[-59.41553,-37.98624],[-59.41629,-37.98622],[-59.41699,-37.98614],[-59.41761,-37.98601],[-59.41819,-37.98579],[-59.41868,-37.98551],[-59.41892,-37.98533],[-59.4192,-37.98505],[-59.41955,-37.98457],[-59.41985,-37.98395],[-59.42002,-37.98341],[-59.42016,-37.98283],[-59.42031,-37.98175],[-59.42048,-37.97969],[-59.42057,-37.97914],[-59.42072,-37.97866],[-59.42092,-37.97827],[-59.42105,-37.9781],[-59.42131,-37.97786],[-59.42147,-37.97776],[-59.42173,-37.97768],[-59.42192,-37.97766],[-59.42208,-37.97768],[-59.4224,-37.97777],[-59.42269,-37.97793],[-59.42298,-37.97815],[-59.42329,-37.97842],[-59.42388,-37.97904],[-59.42455,-37.9798],[-59.42518,-37.98055],[-59.4256,-37.9811],[-59.42607,-37.98182],[-59.4264,-37.98248],[-59.42659,-37.98296],[-59.42717,-37.98489],[-59.42738,-37.9854],[-59.42752,-37.98564],[-59.42782,-37.98608],[-59.42812,-37.98638],[-59.42839,-37.98658],[-59.42872,-37.98675],[-59.42913,-37.98689],[-59.42946,-37.98694],[-59.42986,-37.98695],[-59.43044,-37.98688],[-59.43117,-37.9867],[-59.43292,-37.98613],[-59.43346,-37.98602],[-59.43395,-37.98597],[-59.43477,-37.98596],[-59.43646,-37.98606],[-59.4378,-37.9861],[-59.43841,-37.98616],[-59.43884,-37.98624],[-59.43923,-37.98638],[-59.43952,-37.98653],[-59.43985,-37.98678],[-59.44019,-37.98715],[-59.44043,-37.98752],[-59.44062,-37.9879],[-59.44116,-37.9893],[-59.44131,-37.98963],[-59.4415,-37.98995],[-59.4417,-37.99022],[-59.44205,-37.99052],[-59.44231,-37.99066],[-59.44275,-37.99079],[-59.44315,-37.99082],[-59.44365,-37.9908],[-59.44408,-37.99073],[-59.44454,-37.99062],[-59.4451,-37.99044],[-59.44596,-37.9901],[-59.4478,-37.98926],[-59.44887,-37.9888],[-59.44949,-37.98856],[-59.45039,-37.98827],[-59.45086,-37.98816],[-59.4513,-37.98808],[-59.45179,-37.98804],[-59.45222,-37.98805],[-59.45288,-37.98814],[-59.45341,-37.98829],[-59.45408,-37.98857],[-59.45446,-37.98878],[-59.45478,-37.98899],[-59.45518,-37.98931],[-59.45566,-37.98981],[-59.45591,-37.99018],[-59.45611,-37.99055],[-59.4566,-37.99165],[-59.45681,-37.99196],[-59.45705,-37.9922],[-59.45725,-37.99231],[-59.45747,-37.99237],[-59.45764,-37.99237],[-59.45782,-37.99233],[-59.45806,-37.99222],[-59.45828,-37.99207],[-59.45853,-37.9918],[-59.45882,-37.99141],[-59.4599,-37.9896],[-59.46059,-37.9886],[-59.46159,-37.98737],[-59.46271,-37.98618],[-59.46396,-37.98503],[-59.4653,-37.98394],[-59.46654,-37.98306],[-59.46717,-37.98267],[-59.4678,-37.98231],[-59.46875,-37.98185],[-59.4694,-37.98159],[-59.47014,-37.98132],[-59.47147,-37.98092],[-59.47511,-37.97988],[-59.47802,-37.97899],[-59.47917,-37.97867],[-59.48151,-37.97815],[-59.48317,-37.97786],[-59.48445,-37.97774],[-59.48575,-37.97774],[-59.48873,-37.97796],[-59.49151,-37.97813],[-59.49224,-37.97822],[-59.49292,-37.97833],[-59.49373,-37.97853],[-59.49433,-37.97872],[-59.49505,-37.97901],[-59.49575,-37.97937],[-59.49717,-37.98015],[-59.49779,-37.98046],[-59.49873,-37.98089],[-59.5,-37.9814],[-59.50117,-37.98182],[-59.50381,-37.98259],[-59.50479,-37.9829],[-59.50612,-37.98338],[-59.50756,-37.98396],[-59.50999,-37.98502],[-59.51725,-37.98836],[-59.51831,-37.98882],[-59.51935,-37.98923],[-59.52034,-37.98953],[-59.52095,-37.98967],[-59.52136,-37.98973],[-59.52221,-37.98977],[-59.52261,-37.98975],[-59.52395,-37.98961],[-59.52441,-37.98961],[-59.52483,-37.98965],[-59.52515,-37.98973],[-59.52566,-37.98993],[-59.52606,-37.99019],[-59.5263,-37.99042],[-59.52654,-37.99073],[-59.52675,-37.99108],[-59.52706,-37.99179],[-59.52746,-37.99311],[-59.52767,-37.99366],[-59.52798,-37.99424],[-59.52841,-37.99482],[-59.52877,-37.99519],[-59.52924,-37.99563],[-59.53149,-37.99738],[-59.53226,-37.99803],[-59.53302,-37.99874],[-59.5353,-38.00106],[-59.53752,-38.00321],[-59.53822,-38.00397],[-59.5399,-38.00595],[-59.54035,-38.0064],[-59.54068,-38.00669],[-59.54116,-38.00704],[-59.54174,-38.00734],[-59.54229,-38.00752],[-59.54276,-38.0076],[-59.54309,-38.00761],[-59.54342,-38.00758],[-59.54376,-38.00751],[-59.54434,-38.00731],[-59.54511,-38.00698],[-59.54553,-38.00688],[-59.54586,-38.00689],[-59.54604,-38.00693],[-59.5463,-38.00705],[-59.54656,-38.00724],[-59.54672,-38.00742],[-59.5469,-38.00768],[-59.54706,-38.00799],[-59.54721,-38.00839],[-59.5474,-38.0091],[-59.54776,-38.01073],[-59.54801,-38.01166],[-59.54832,-38.01252],[-59.54874,-38.01348],[-59.54948,-38.01486],[-59.54985,-38.01548],[-59.55025,-38.01607],[-59.55081,-38.01676],[-59.55117,-38.01712],[-59.55154,-38.01744],[-59.55195,-38.01773],[-59.55252,-38.01806],[-59.5532,-38.01836],[-59.55404,-38.01864],[-59.55518,-38.0189],[-59.55584,-38.01902],[-59.55679,-38.01913],[-59.55758,-38.01918],[-59.55827,-38.01917],[-59.55896,-38.01913],[-59.55969,-38.01904],[-59.56027,-38.01894],[-59.56123,-38.01872],[-59.56218,-38.01845],[-59.56472,-38.01762],[-59.56527,-38.01751],[-59.56563,-38.0175],[-59.56584,-38.01753],[-59.56607,-38.01759],[-59.56628,-38.01769],[-59.56648,-38.01784],[-59.56657,-38.01794],[-59.56668,-38.01811],[-59.56676,-38.0183],[-59.56681,-38.0186],[-59.56682,-38.01883],[-59.56674,-38.01941],[-59.56651,-38.02017],[-59.56624,-38.02081],[-59.56571,-38.02192],[-59.56561,-38.02222],[-59.5656,-38.02243],[-59.56565,-38.02267],[-59.56577,-38.02283],[-59.56591,-38.02294],[-59.56624,-38.02305],[-59.56665,-38.02309],[-59.56721,-38.02306],[-59.56786,-38.02296],[-59.56837,-38.02283],[-59.56887,-38.02266],[-59.57052,-38.02194],[-59.57084,-38.02184],[-59.57126,-38.02175],[-59.57172,-38.02172],[-59.57202,-38.02174],[-59.57236,-38.02181],[-59.57271,-38.02191],[-59.57307,-38.02206],[-59.57338,-38.02227],[-59.57361,-38.02247],[-59.5738,-38.0227],[-59.57396,-38.02299],[-59.57409,-38.02335],[-59.57414,-38.02367],[-59.57414,-38.02405],[-59.57408,-38.0244],[-59.57387,-38.02524],[-59.57384,-38.02551],[-59.57384,-38.02569],[-59.57392,-38.026],[-59.57404,-38.02625],[-59.57422,-38.02649],[-59.57444,-38.0267],[-59.57469,-38.02691],[-59.57498,-38.0271],[-59.57539,-38.02731],[-59.57577,-38.02747],[-59.57644,-38.02767],[-59.57842,-38.02812],[-59.57902,-38.02831],[-59.57977,-38.02863],[-59.58077,-38.02917],[-59.58182,-38.02984],[-59.58241,-38.03029],[-59.58273,-38.03059],[-59.58288,-38.03079],[-59.583,-38.03106],[-59.583,-38.03122],[-59.58294,-38.03134],[-59.58289,-38.03139],[-59.58269,-38.0315],[-59.58241,-38.03155],[-59.58215,-38.03156],[-59.58103,-38.03145],[-59.58055,-38.03145],[-59.58017,-38.03153],[-59.57995,-38.03164],[-59.5798,-38.03177],[-59.5797,-38.03193],[-59.57967,-38.03206],[-59.57966,-38.03228],[-59.57972,-38.03252],[-59.57978,-38.03267],[-59.57998,-38.03302],[-59.58043,-38.03358],[-59.58268,-38.03581],[-59.58391,-38.03708],[-59.58569,-38.03904],[-59.58842,-38.04221],[-59.58915,-38.04297],[-59.58978,-38.04356],[-59.59035,-38.04402],[-59.59077,-38.04431],[-59.59128,-38.04462],[-59.59193,-38.04495],[-59.59276,-38.04529],[-59.59435,-38.0458],[-59.59512,-38.04611],[-59.59551,-38.04633],[-59.59586,-38.04659],[-59.59612,-38.04685],[-59.59631,-38.04708],[-59.59652,-38.04746],[-59.5966,-38.04765],[-59.59671,-38.04804],[-59.59677,-38.04846],[-59.59678,-38.04887],[-59.59677,-38.04929],[-59.59671,-38.04983],[-59.59654,-38.05099],[-59.59649,-38.05155],[-59.59649,-38.05196],[-59.59656,-38.05271],[-59.59668,-38.05324],[-59.59687,-38.05385],[-59.59722,-38.05463],[-59.59765,-38.05539],[-59.59932,-38.05794],[-59.60064,-38.06025],[-59.60144,-38.06157],[-59.60245,-38.06313],[-59.60327,-38.06434],[-59.60362,-38.06494],[-59.60378,-38.06532],[-59.6039,-38.06576],[-59.60412,-38.06744],[-59.60425,-38.06794],[-59.6044,-38.06838],[-59.60474,-38.06913],[-59.60603,-38.07157],[-59.60665,-38.07285],[-59.60697,-38.0737],[-59.60709,-38.07413],[-59.60717,-38.07459],[-59.60721,-38.07514],[-59.60718,-38.07582],[-59.6071,-38.07627],[-59.60687,-38.077],[-59.6067,-38.0774],[-59.60645,-38.07784],[-59.60546,-38.07937],[-59.60521,-38.07988],[-59.60505,-38.08036],[-59.60496,-38.08089],[-59.60494,-38.08129],[-59.60497,-38.08172],[-59.60507,-38.08225],[-59.60539,-38.08329],[-59.6055,-38.08376],[-59.60554,-38.08424],[-59.60551,-38.08479],[-59.60533,-38.08558],[-59.60497,-38.08665],[-59.60449,-38.08778],[-59.60347,-38.09001],[-59.60319,-38.09072],[-59.60298,-38.09137],[-59.60283,-38.09202],[-59.60277,-38.09244],[-59.60275,-38.09288],[-59.60276,-38.09322],[-59.60282,-38.09367],[-59.60294,-38.0941],[-59.60311,-38.09449],[-59.60331,-38.09485],[-59.60356,-38.09518],[-59.60384,-38.09549],[-59.60437,-38.09596],[-59.60477,-38.09623],[-59.60524,-38.09648],[-59.60566,-38.09666],[-59.60611,-38.0968],[-59.60664,-38.09692],[-59.60717,-38.09699],[-59.6077,-38.09701],[-59.60853,-38.09696],[-59.61018,-38.09674],[-59.61064,-38.09674],[-59.61104,-38.09679],[-59.61138,-38.09689],[-59.61171,-38.09705],[-59.612,-38.09724],[-59.61229,-38.09751],[-59.61262,-38.09793],[-59.61289,-38.09849],[-59.61309,-38.09917],[-59.61321,-38.10006],[-59.61322,-38.10097],[-59.61314,-38.10207],[-59.61299,-38.10318],[-59.61267,-38.10519],[-59.61222,-38.10758],[-59.61211,-38.10837],[-59.61208,-38.10901],[-59.6121,-38.10967],[-59.61218,-38.11019],[-59.61233,-38.11073],[-59.61256,-38.11125],[-59.61266,-38.11142],[-59.61291,-38.11177],[-59.61312,-38.11198],[-59.61339,-38.11219],[-59.61375,-38.11239],[-59.61422,-38.11254],[-59.61476,-38.11262],[-59.61533,-38.11261],[-59.6164,-38.11249],[-59.6168,-38.11249],[-59.6171,-38.11252],[-59.61739,-38.1126],[-59.61771,-38.11277],[-59.61795,-38.11296],[-59.61817,-38.11321],[-59.61844,-38.11368],[-59.6187,-38.11438],[-59.6192,-38.11655],[-59.61946,-38.11756],[-59.62058,-38.12125],[-59.62083,-38.122],[-59.62115,-38.12274],[-59.62144,-38.12324],[-59.62167,-38.12354],[-59.62191,-38.12378],[-59.62227,-38.12402],[-59.62258,-38.12415],[-59.62296,-38.1242],[-59.62327,-38.12417],[-59.62355,-38.12411],[-59.62406,-38.12392],[-59.62569,-38.12321],[-59.62631,-38.12299],[-59.62714,-38.12277],[-59.62864,-38.12249],[-59.62896,-38.12241],[-59.62927,-38.1223],[-59.62944,-38.12222],[-59.62973,-38.12203],[-59.62998,-38.1218],[-59.6301,-38.12165],[-59.63023,-38.12144],[-59.63033,-38.12123],[-59.63044,-38.12083],[-59.63047,-38.12052],[-59.63048,-38.12009],[-59.63041,-38.1193],[-59.63015,-38.11751],[-59.63001,-38.11666],[-59.62985,-38.11593],[-59.62964,-38.1152],[-59.62919,-38.11393],[-59.62873,-38.11286],[-59.62821,-38.11177],[-59.62731,-38.11001],[-59.62649,-38.10859],[-59.62453,-38.10539],[-59.62393,-38.10434],[-59.62338,-38.1033],[-59.6229,-38.10228],[-59.62256,-38.10142],[-59.62231,-38.10062],[-59.62211,-38.09978],[-59.62199,-38.09913],[-59.62192,-38.09848],[-59.62187,-38.09784],[-59.62185,-38.09708],[-59.62188,-38.09653],[-59.62193,-38.0962],[-59.62206,-38.09577],[-59.62218,-38.09555],[-59.62238,-38.09531],[-59.62269,-38.09506],[-59.62303,-38.09488],[-59.62347,-38.09474],[-59.62412,-38.09462],[-59.62464,-38.09457],[-59.6252,-38.09456],[-59.6257,-38.09458],[-59.62609,-38.09464],[-59.62647,-38.09473],[-59.62685,-38.09487],[-59.6272,-38.09505],[-59.62788,-38.09547],[-59.62965,-38.09674],[-59.63061,-38.09737],[-59.63222,-38.0983],[-59.6343,-38.09937],[-59.63569,-38.10002],[-59.63679,-38.10046],[-59.63771,-38.10078],[-59.64032,-38.10161],[-59.64101,-38.10186],[-59.64189,-38.10222],[-59.64307,-38.10278],[-59.6449,-38.10375],[-59.64575,-38.10423],[-59.64667,-38.10483],[-59.64744,-38.10543],[-59.64803,-38.10598],[-59.64837,-38.10636],[-59.64882,-38.10695],[-59.64913,-38.10742],[-59.6495,-38.10809],[-59.65066,-38.11047],[-59.65108,-38.11116],[-59.65157,-38.11182],[-59.6522,-38.1125],[-59.65269,-38.11295],[-59.65314,-38.11329],[-59.65384,-38.11374],[-59.65424,-38.11395],[-59.65463,-38.11411],[-59.65511,-38.11425],[-59.65557,-38.11434],[-59.65609,-38.11439],[-59.65654,-38.11439],[-59.65711,-38.11435],[-59.65907,-38.11412],[-59.66023,-38.11403],[-59.66119,-38.11399],[-59.66214,-38.11402],[-59.66275,-38.1141],[-59.66336,-38.11425],[-59.66386,-38.11444],[-59.66448,-38.11478],[-59.66494,-38.11511],[-59.66532,-38.11542],[-59.66601,-38.11608],[-59.66667,-38.11679],[-59.66744,-38.11779],[-59.66806,-38.11877],[-59.66849,-38.11958],[-59.66882,-38.12037],[-59.66929,-38.12173],[-59.66952,-38.12224],[-59.66966,-38.12248],[-59.66987,-38.12272],[-59.67002,-38.12286],[-59.67024,-38.12299],[-59.67047,-38.12306],[-59.67083,-38.12308],[-59.67111,-38.12303],[-59.67145,-38.12289],[-59.6717,-38.12273],[-59.67201,-38.12249],[-59.67294,-38.1216],[-59.6733,-38.1213],[-59.67373,-38.12102],[-59.67433,-38.12077],[-59.67498,-38.12061],[-59.67551,-38.12054],[-59.67606,-38.12053],[-59.67678,-38.1206],[-59.67754,-38.12075],[-59.67869,-38.12109],[-59.67996,-38.12155],[-59.68132,-38.12215],[-59.68241,-38.12271],[-59.68334,-38.12324],[-59.68459,-38.12398],[-59.68827,-38.12629],[-59.68951,-38.1271],[-59.69052,-38.12786],[-59.69113,-38.12838],[-59.69155,-38.12879],[-59.69209,-38.12935],[-59.69258,-38.12991],[-59.69372,-38.13133],[-59.69503,-38.13313],[-59.69571,-38.13413],[-59.69627,-38.13511],[-59.69675,-38.13614],[-59.69714,-38.13722],[-59.69737,-38.13799],[-59.6975,-38.13854],[-59.69773,-38.13989],[-59.6979,-38.14139],[-59.69809,-38.14359],[-59.69818,-38.14527],[-59.69821,-38.14673],[-59.69819,-38.14796],[-59.69809,-38.1508],[-59.6981,-38.15147],[-59.69814,-38.15203],[-59.69824,-38.15268],[-59.6984,-38.1533],[-59.6986,-38.15383],[-59.69893,-38.15444],[-59.69922,-38.15483],[-59.69959,-38.15522],[-59.70022,-38.15571],[-59.70072,-38.15599],[-59.70135,-38.15627],[-59.70202,-38.15649],[-59.70273,-38.15667],[-59.70346,-38.1568],[-59.70423,-38.15689],[-59.70499,-38.15694],[-59.70585,-38.15695],[-59.70736,-38.15688],[-59.71024,-38.15657],[-59.71133,-38.15649],[-59.7123,-38.15647],[-59.71322,-38.15654],[-59.71383,-38.15665],[-59.7144,-38.1568],[-59.71516,-38.15711],[-59.71603,-38.15761],[-59.71668,-38.15807],[-59.7171,-38.15841],[-59.7179,-38.15912],[-59.71866,-38.15986],[-59.71941,-38.16066],[-59.71988,-38.16122],[-59.72041,-38.16194],[-59.72077,-38.16252],[-59.72117,-38.16333],[-59.72142,-38.16396],[-59.72161,-38.16462],[-59.72176,-38.16535],[-59.72182,-38.16588],[-59.72185,-38.1665],[-59.72184,-38.16703],[-59.7218,-38.16774],[-59.72141,-38.17114],[-59.72139,-38.17153],[-59.7214,-38.17203],[-59.72146,-38.17242],[-59.72154,-38.17267],[-59.72164,-38.17285],[-59.72179,-38.17304],[-59.72194,-38.17316],[-59.72221,-38.17326],[-59.72245,-38.17326],[-59.72274,-38.1732],[-59.723,-38.17307],[-59.7233,-38.17287],[-59.72368,-38.17253],[-59.72411,-38.17206],[-59.72464,-38.17138],[-59.72493,-38.17095],[-59.72548,-38.17003],[-59.7268,-38.16761],[-59.72817,-38.16526],[-59.72873,-38.16424],[-59.72903,-38.16363],[-59.72941,-38.16278],[-59.72986,-38.16158],[-59.73015,-38.16057],[-59.73036,-38.15959],[-59.73046,-38.15894],[-59.73053,-38.15826],[-59.73056,-38.15753],[-59.73053,-38.15629],[-59.73027,-38.15317],[-59.73019,-38.15167],[-59.73003,-38.14815],[-59.73002,-38.14743],[-59.73005,-38.14678],[-59.73013,-38.14633],[-59.73022,-38.14602],[-59.73033,-38.14579],[-59.73053,-38.1455],[-59.73075,-38.14532],[-59.73102,-38.14519],[-59.73149,-38.1451],[-59.73197,-38.14514],[-59.73234,-38.14522],[-59.73268,-38.14534],[-59.73333,-38.14566],[-59.73412,-38.14615],[-59.73492,-38.14673],[-59.73572,-38.14736],[-59.7387,-38.14982],[-59.73997,-38.15084],[-59.74109,-38.15168],[-59.74203,-38.1523],[-59.74284,-38.15274],[-59.74319,-38.1529],[-59.74361,-38.15304],[-59.74425,-38.1532],[-59.74535,-38.15338],[-59.74586,-38.1535],[-59.74625,-38.15363],[-59.74667,-38.15382],[-59.74701,-38.15404],[-59.74739,-38.15432],[-59.74932,-38.15607],[-59.75009,-38.15667],[-59.75073,-38.1571],[-59.75122,-38.15739],[-59.75189,-38.15772],[-59.7525,-38.15798],[-59.75316,-38.15822],[-59.75406,-38.15852],[-59.75894,-38.15995],[-59.76181,-38.1609],[-59.76271,-38.16117],[-59.76439,-38.16157],[-59.76781,-38.16223],[-59.77049,-38.1629],[-59.77119,-38.163],[-59.77193,-38.16301],[-59.77258,-38.16297],[-59.77464,-38.16276],[-59.77552,-38.16273],[-59.77639,-38.1628],[-59.77702,-38.16292],[-59.77752,-38.16306],[-59.7784,-38.16342],[-59.7792,-38.16383],[-59.78072,-38.16467],[-59.78151,-38.16505],[-59.78193,-38.16523],[-59.7825,-38.16542],[-59.78289,-38.16552],[-59.7834,-38.16561],[-59.78429,-38.16567],[-59.7852,-38.16562],[-59.78573,-38.16554],[-59.78623,-38.16543],[-59.78716,-38.16515],[-59.78805,-38.1648],[-59.78884,-38.16445],[-59.78945,-38.16413],[-59.78993,-38.16384],[-59.79038,-38.16351],[-59.79061,-38.16329],[-59.79078,-38.1631],[-59.79097,-38.16284],[-59.79112,-38.16255],[-59.79122,-38.16225],[-59.79127,-38.16201],[-59.79129,-38.16164],[-59.79122,-38.16107],[-59.79104,-38.16052],[-59.79072,-38.15992],[-59.79028,-38.15933],[-59.78981,-38.15881],[-59.78881,-38.15787],[-59.78851,-38.15753],[-59.78843,-38.15739],[-59.7884,-38.15721],[-59.78843,-38.15712],[-59.78854,-38.15701],[-59.78873,-38.15691],[-59.78897,-38.15685],[-59.78936,-38.15681],[-59.7898,-38.1568],[-59.79064,-38.15685],[-59.79226,-38.15707],[-59.79301,-38.15715],[-59.79365,-38.15717],[-59.79438,-38.15709],[-59.79505,-38.15691],[-59.79541,-38.15677],[-59.79581,-38.15657],[-59.79748,-38.1555],[-59.79811,-38.15519],[-59.7985,-38.15507],[-59.79884,-38.15499],[-59.79923,-38.15495],[-59.7996,-38.15494],[-59.80044,-38.15499],[-59.80143,-38.15515],[-59.80235,-38.15536],[-59.80442,-38.1559],[-59.80565,-38.15616],[-59.80694,-38.15635],[-59.80812,-38.15644],[-59.80894,-38.15645],[-59.80973,-38.1564],[-59.81265,-38.15601],[-59.8142,-38.15588],[-59.81716,-38.15578],[-59.82069,-38.15562],[-59.82132,-38.15561],[-59.82211,-38.15565],[-59.82299,-38.15576],[-59.82413,-38.15598],[-59.8251,-38.15624],[-59.82706,-38.1568],[-59.82826,-38.15712],[-59.8295,-38.15741],[-59.83045,-38.15759],[-59.83119,-38.15771],[-59.83198,-38.1578],[-59.83483,-38.15798],[-59.83556,-38.15808],[-59.83612,-38.15819],[-59.83764,-38.15858],[-59.84193,-38.15992],[-59.84417,-38.16056],[-59.84642,-38.16112],[-59.84903,-38.16166],[-59.84979,-38.16185],[-59.85069,-38.16214],[-59.85274,-38.16288],[-59.85368,-38.16319],[-59.85442,-38.1634],[-59.85724,-38.1641],[-59.85873,-38.16458],[-59.85954,-38.1649],[-59.86024,-38.16523],[-59.86103,-38.16567],[-59.86208,-38.16639],[-59.86449,-38.16819],[-59.86547,-38.16885],[-59.86629,-38.16932],[-59.86744,-38.16988],[-59.86885,-38.17045],[-59.86998,-38.17085],[-59.87044,-38.17097],[-59.8709,-38.17105],[-59.87133,-38.17108],[-59.87171,-38.17106],[-59.87221,-38.17097],[-59.87261,-38.17085],[-59.87301,-38.17068],[-59.87357,-38.17038],[-59.87429,-38.16989],[-59.87495,-38.16936],[-59.87535,-38.16899],[-59.87608,-38.16829],[-59.87786,-38.16647],[-59.87846,-38.16591],[-59.87886,-38.1656],[-59.8795,-38.16518],[-59.87996,-38.16496],[-59.88017,-38.1649],[-59.8804,-38.16486],[-59.88062,-38.16487],[-59.88082,-38.16494],[-59.88102,-38.16513],[-59.88116,-38.16543],[-59.88123,-38.16588],[-59.88124,-38.1661],[-59.88122,-38.16643],[-59.88114,-38.16703],[-59.88076,-38.16889],[-59.88058,-38.17005],[-59.8805,-38.17114],[-59.88052,-38.17212],[-59.88064,-38.17301],[-59.88074,-38.17345],[-59.8809,-38.17395],[-59.88102,-38.17423],[-59.88124,-38.17466],[-59.88164,-38.17522],[-59.88197,-38.17557],[-59.88236,-38.17591],[-59.88282,-38.17623],[-59.88329,-38.17652],[-59.88374,-38.17675],[-59.88432,-38.17701],[-59.88486,-38.17721],[-59.88547,-38.17738],[-59.88596,-38.17747],[-59.88648,-38.17751],[-59.88686,-38.17751],[-59.88732,-38.17748],[-59.88791,-38.17739],[-59.88847,-38.17727],[-59.89064,-38.17672],[-59.89114,-38.17666],[-59.89145,-38.17666],[-59.89169,-38.17671],[-59.89185,-38.17676],[-59.89203,-38.17687],[-59.89218,-38.17698],[-59.89231,-38.17711],[-59.89248,-38.17735],[-59.89272,-38.17788],[-59.89284,-38.17829],[-59.89292,-38.17874],[-59.893,-38.17943],[-59.893,-38.18039],[-59.8929,-38.18138],[-59.89277,-38.18206],[-59.89255,-38.18285],[-59.89227,-38.18369],[-59.89161,-38.18544],[-59.89142,-38.18606],[-59.89127,-38.18665],[-59.89113,-38.18741],[-59.89107,-38.18783],[-59.89103,-38.18853],[-59.89104,-38.18934],[-59.89113,-38.19042],[-59.89135,-38.19165],[-59.89162,-38.19273],[-59.89253,-38.19578],[-59.89281,-38.19701],[-59.89301,-38.19833],[-59.89308,-38.19906],[-59.89311,-38.1999],[-59.89313,-38.2019],[-59.8932,-38.20296],[-59.89331,-38.20365],[-59.89345,-38.20422],[-59.89366,-38.20485],[-59.89387,-38.20531],[-59.89432,-38.20608],[-59.89491,-38.20687],[-59.89539,-38.20739],[-59.89619,-38.20811],[-59.89692,-38.20867],[-59.89759,-38.20912],[-59.89842,-38.20964],[-59.9007,-38.21099],[-59.90177,-38.21169],[-59.90266,-38.21235],[-59.90347,-38.21304],[-59.90423,-38.21384],[-59.90453,-38.21421],[-59.90486,-38.21468],[-59.90503,-38.21497],[-59.90523,-38.21539],[-59.90541,-38.21588],[-59.90549,-38.2162],[-59.90557,-38.21667],[-59.90561,-38.21709],[-59.90561,-38.2177],[-59.90558,-38.21818],[-59.90543,-38.21949],[-59.90504,-38.22203],[-59.90482,-38.22311],[-59.90457,-38.22402],[-59.90434,-38.22472],[-59.90409,-38.22532],[-59.90379,-38.22594],[-59.9035,-38.22643],[-59.90319,-38.22689],[-59.90287,-38.22731],[-59.90236,-38.22789],[-59.90149,-38.22875],[-59.89988,-38.23018],[-59.89888,-38.23112],[-59.89793,-38.23208],[-59.89724,-38.23284],[-59.89662,-38.2336],[-59.89609,-38.23435],[-59.89588,-38.23472],[-59.89572,-38.23506],[-59.89559,-38.23546],[-59.89553,-38.23576],[-59.89551,-38.23604],[-59.89555,-38.23648],[-59.8957,-38.23695],[-59.896,-38.23748],[-59.89657,-38.23819],[-59.89728,-38.23893],[-59.89802,-38.2396],[-59.89883,-38.24027],[-59.89989,-38.24105],[-59.90149,-38.24214],[-59.90263,-38.24287],[-59.90598,-38.24492],[-59.90688,-38.24554],[-59.90747,-38.24597],[-59.90839,-38.24671],[-59.90926,-38.24748],[-59.91232,-38.25032],[-59.9135,-38.25138],[-59.9148,-38.25244],[-59.91624,-38.25351],[-59.91779,-38.25455],[-59.91884,-38.25517],[-59.91968,-38.25556],[-59.9203,-38.25576],[-59.92083,-38.25587],[-59.92163,-38.25593],[-59.92229,-38.25589],[-59.92298,-38.25574],[-59.92373,-38.25546],[-59.92448,-38.25507],[-59.92516,-38.25463],[-59.92743,-38.2529],[-59.92825,-38.25234],[-59.92868,-38.25207],[-59.92915,-38.25183],[-59.92954,-38.25165],[-59.93001,-38.25149],[-59.93038,-38.2514],[-59.93087,-38.25132],[-59.9314,-38.25127],[-59.93188,-38.25126],[-59.93284,-38.25131],[-59.93476,-38.25152],[-59.93547,-38.25155],[-59.93585,-38.25152],[-59.93627,-38.25144],[-59.9365,-38.25135],[-59.93679,-38.25117],[-59.93701,-38.25096],[-59.93719,-38.25069],[-59.9373,-38.25043],[-59.93738,-38.25013],[-59.93742,-38.24981],[-59.93743,-38.24948],[-59.93741,-38.24918],[-59.93732,-38.24867],[-59.93719,-38.24821],[-59.93704,-38.24781],[-59.93668,-38.24706],[-59.9362,-38.24628],[-59.9351,-38.24461],[-59.93469,-38.24386],[-59.93453,-38.24347],[-59.9344,-38.24303],[-59.93433,-38.24253],[-59.93435,-38.24201],[-59.93441,-38.24175],[-59.9345,-38.24151],[-59.93474,-38.24107],[-59.93496,-38.24082],[-59.93542,-38.24041],[-59.93581,-38.24015],[-59.93634,-38.23986],[-59.93727,-38.23945],[-59.9387,-38.23895],[-59.93941,-38.23874],[-59.94016,-38.23856],[-59.94073,-38.23844],[-59.94154,-38.23831],[-59.94213,-38.23825],[-59.94281,-38.23822],[-59.9433,-38.23825],[-59.94368,-38.2383],[-59.94421,-38.23842],[-59.94469,-38.2386],[-59.94515,-38.23883],[-59.94579,-38.23927],[-59.94623,-38.23966],[-59.94674,-38.24024],[-59.94718,-38.24083],[-59.9475,-38.24135],[-59.94787,-38.24211],[-59.94815,-38.24282],[-59.94838,-38.24355],[-59.9487,-38.2449],[-59.94919,-38.24748],[-59.94955,-38.24906],[-59.94977,-38.24983],[-59.95,-38.25056],[-59.95024,-38.25119],[-59.95048,-38.25173],[-59.95094,-38.2526],[-59.95128,-38.25312],[-59.95171,-38.2537],[-59.95211,-38.25413],[-59.95259,-38.25457],[-59.953,-38.25486],[-59.95349,-38.25514],[-59.95397,-38.25532],[-59.9547,-38.25549],[-59.95535,-38.25556],[-59.95634,-38.25556],[-59.95685,-38.25552],[-59.95737,-38.25544],[-59.95808,-38.25526],[-59.95831,-38.25517],[-59.95863,-38.25499],[-59.95881,-38.25485],[-59.95899,-38.25462],[-59.95904,-38.2545],[-59.95909,-38.25429],[-59.95909,-38.25405],[-59.95906,-38.25383],[-59.95885,-38.25319],[-59.95848,-38.25243],[-59.95802,-38.25165],[-59.957,-38.25004],[-59.95611,-38.24874],[-59.95541,-38.2478],[-59.95374,-38.24567],[-59.95307,-38.24475],[-59.95273,-38.24423],[-59.95238,-38.2436],[-59.9522,-38.24319],[-59.95207,-38.2428],[-59.95198,-38.24238],[-59.95195,-38.24205],[-59.95198,-38.24158],[-59.95207,-38.24124],[-59.95218,-38.24098],[-59.95235,-38.24071],[-59.9525,-38.24053],[-59.95286,-38.24023],[-59.95324,-38.24003],[-59.9534,-38.23998],[-59.9537,-38.2399],[-59.95415,-38.23982],[-59.95463,-38.23979],[-59.95509,-38.23979],[-59.95592,-38.23986],[-59.95694,-38.24002],[-59.95794,-38.24023],[-59.96015,-38.24078],[-59.96145,-38.24107],[-59.96255,-38.24128],[-59.96387,-38.24145],[-59.9652,-38.24151],[-59.96642,-38.24145],[-59.96757,-38.24131],[-59.96938,-38.24101],[-59.97002,-38.24096],[-59.97062,-38.241],[-59.97128,-38.24117],[-59.97191,-38.24145],[-59.97262,-38.24192],[-59.97321,-38.24238],[-59.97547,-38.24429],[-59.97619,-38.24484],[-59.97707,-38.24546],[-59.97807,-38.24611],[-59.97881,-38.24655],[-59.97944,-38.24688],[-59.98023,-38.24724],[-59.98099,-38.24753],[-59.98175,-38.24778],[-59.98253,-38.24797],[-59.98317,-38.2481],[-59.98443,-38.24825],[-59.98613,-38.24838],[-59.9872,-38.24848],[-59.98823,-38.24863],[-59.98933,-38.24884],[-59.99042,-38.24915],[-59.99171,-38.24963],[-59.99272,-38.25008],[-59.99364,-38.25056],[-59.99454,-38.25109],[-59.99541,-38.25168],[-59.99607,-38.2522],[-59.99685,-38.2529],[-59.99749,-38.25355],[-59.99818,-38.25434],[-59.9989,-38.25524],[-60.0,-38.25672]]]}},{"type":"Feature","properties":{"fdc":"Atlas 500k 1° Ediciónl","sag":"IGN","crv":100,"mo2":2,"tipo":"Curva de nivel","ign":"lineas_de_geomorfologia_CA010.5713"},"geometry":{"type":"MultiLineString","coordinates":[[[-59.05833,-38.15632],[-59.05792,-38.15592],[-59.05763,-38.15557],[-59.05746,-38.1553],[-59.05734,-38.15501],[-59.0573,-38.15471],[-59.05735,-38.15433],[-59.05747,-38.15412],[-59.05765,-38.15402],[-59.05794,-38.154],[-59.05816,-38.15404],[-59.05838,-38.15411],[-59.0586,-38.15423],[-59.05888,-38.15443],[-59.05912,-38.15466],[-59.05926,-38.15486],[-59.05937,-38.15512],[-59.05943,-38.15543],[-59.05941,-38.15579],[-59.05933,-38.15599],[-59.05924,-38.15611],[-59.05912,-38.15622],[-59.05884,-38.15633],[-59.05858,-38.15635],[-59.05833,-38.15632]]]}},{"type":"Feature","properties":{"fdc":"Atlas 500k 1° Ediciónl","sag":"IGN","crv":100,"mo2":2,"tipo":"Curva de nivel","ign":"lineas_de_geomorfologia_CA010.5714"},"geometry":{"type":"MultiLineString","coordinates":[[[-59.07083,-38.16205],[-59.07096,-38.16209],[-59.07122,-38.16211],[-59.0714,-38.1621],[-59.07173,-38.16204],[-59.07208,-38.16189],[-59.07226,-38.16176],[-59.0724,-38.16162],[-59.07252,-38.16139],[-59.07256,-38.16124],[-59.07259,-38.16093],[-59.07256,-38.16069],[-59.07251,-38.16051],[-59.07239,-38.16023],[-59.07217,-38.15993],[-59.07193,-38.15973],[-59.07164,-38.15956],[-59.07119,-38.1594],[-59.07082,-38.15934],[-59.07031,-38.15933],[-59.06987,-38.1594],[-59.06951,-38.15953],[-59.06938,-38.15961],[-59.06919,-38.15977],[-59.06907,-38.16001],[-59.06907,-38.1603],[-59.06914,-38.16057],[-59.0692,-38.16073],[-59.06947,-38.16108],[-59.06984,-38.16143],[-59.07028,-38.16175],[-59.07083,-38.16205]]]}},{"type":"Feature","properties":{"fdc":"Atlas 500k 1° Ediciónl","sag":"IGN","crv":100,"mo2":2,"tipo":"Curva de nivel","ign":"lineas_de_geomorfologia_CA010.5715"},"geometry":{"type":"MultiLineString","coordinates":[[[-59.13667,-38.16958],[-59.13709,-38.16967],[-59.13744,-38.16967],[-59.13766,-38.16958],[-59.13773,-38.16951],[-59.13785,-38.16934],[-59.13793,-38.16914],[-59.13797,-38.16897],[-59.13799,-38.16874],[-59.13797,-38.16851],[-59.13793,-38.16835],[-59.13785,-38.16821],[-59.13774,-38.16808],[-59.13757,-38.16796],[-59.13731,-38.16788],[-59.13707,-38.16788],[-59.13689,-38.16791],[-59.13665,-38.16803],[-59.13647,-38.16823],[-59.13639,-38.1685],[-59.1364,-38.16884],[-59.13652,-38.16929],[-59.13667,-38.16958]]]}},{"type":"Feature","properties":{"fdc":"Atlas 500k 1° Ediciónl","sag":"IGN","crv":100,"mo2":2,"tipo":"Curva de nivel","ign":"lineas_de_geomorfologia_CA010.5716"},"geometry":{"type":"MultiLineString","coordinates":[[[-59.10917,-38.1785],[-59.10835,-38.17794],[-59.10772,-38.17744],[-59.10718,-38.1769],[-59.10692,-38.17654],[-59.10673,-38.1762],[-59.10658,-38.17583],[-59.10648,-38.17536],[-59.10648,-38.17499],[-59.10652,-38.17486],[-59.10657,-38.17473],[-59.10667,-38.17461],[-59.10679,-38.1745],[-59.10706,-38.17439],[-59.10723,-38.17435],[-59.10755,-38.17434],[-59.10804,-38.17442],[-59.10827,-38.1745],[-59.10862,-38.17466],[-59.10913,-38.17497],[-59.1096,-38.17534],[-59.11002,-38.17577],[-59.11036,-38.17624],[-59.11057,-38.17667],[-59.11067,-38.17701],[-59.1107,-38.17721],[-59.11071,-38.17749],[-59.11066,-38.17771],[-59.11057,-38.17793],[-59.11035,-38.17821],[-59.11016,-38.17837],[-59.10995,-38.17848],[-59.10978,-38.17853],[-59.10948,-38.17857],[-59.10922,-38.17854],[-59.10917,-38.1785]]]}},{"type":"Feature","properties":{"fdc":"Atlas 500k 1° Ediciónl","sag":"IGN","crv":100,"mo2":2,"tipo":"Curva de nivel","ign":"lineas_de_geomorfologia_CA010.5718"},"geometry":{"type":"MultiLineString","coordinates":[[[-59.23667,-38.18836],[-59.23721,-38.18848],[-59.23748,-38.1885],[-59.23778,-38.18849],[-59.2381,-38.18843],[-59.23823,-38.18839],[-59.23846,-38.18824],[-59.23866,-38.18803],[-59.23876,-38.18788],[-59.23888,-38.1876],[-59.23892,-38.18746],[-59.23893,-38.18726],[-59.2389,-38.18704],[-59.23883,-38.18682],[-59.23871,-38.18662],[-59.23856,-38.18647],[-59.23832,-38.18634],[-59.23808,-38.18629],[-59.23791,-38.18628],[-59.23753,-38.18633],[-59.23727,-38.1864],[-59.23699,-38.18653],[-59.23672,-38.1867],[-59.23644,-38.18701],[-59.23637,-38.18714],[-59.2363,-38.18743],[-59.2363,-38.18759],[-59.23638,-38.18791],[-59.2365,-38.18815],[-59.23667,-38.18836]]]}},{"type":"Feature","properties":{"fdc":"Atlas 500k 1° Ediciónl","sag":"IGN","crv":100,"mo2":2,"tipo":"Curva de nivel","ign":"lineas_de_geomorfologia_CA010.5723"},"geometry":{"type":"MultiLineString","coordinates":[[[-59.07333,-38.277],[-59.07331,-38.27695],[-59.07309,-38.27676],[-59.07236,-38.27622],[-59.0715,-38.27564],[-59.06952,-38.27436],[-59.06878,-38.27385],[-59.0681,-38.27333],[-59.06727,-38.27257],[-59.06702,-38.27232],[-59.0666,-38.2718],[-59.06616,-38.27108],[-59.06594,-38.27058],[-59.06581,-38.27016],[-59.0657,-38.26963],[-59.0656,-38.26886],[-59.06558,-38.26808],[-59.06564,-38.2673],[-59.06577,-38.26652],[-59.06599,-38.26573],[-59.06621,-38.26516],[-59.06654,-38.26447],[-59.06686,-38.2639],[-59.06746,-38.263],[-59.06798,-38.26231],[-59.0686,-38.26159],[-59.06931,-38.26091],[-59.06977,-38.26053],[-59.07021,-38.26023],[-59.07066,-38.25997],[-59.07113,-38.25976],[-59.07167,-38.25958],[-59.07234,-38.25947],[-59.07265,-38.25946],[-59.07296,-38.25949],[-59.07326,-38.25955],[-59.07372,-38.25973],[-59.07408,-38.25997],[-59.07439,-38.26027],[-59.07469,-38.26068],[-59.07487,-38.26103],[-59.07504,-38.26143],[-59.07523,-38.26207],[-59.07539,-38.26274],[-59.0758,-38.26482],[-59.07594,-38.26539],[-59.07618,-38.2662],[-59.07666,-38.26748],[-59.07789,-38.27021],[-59.07832,-38.2713],[-59.0785,-38.27186],[-59.07862,-38.27241],[-59.07866,-38.27309],[-59.07863,-38.27355],[-59.07852,-38.27408],[-59.07843,-38.27437],[-59.07822,-38.27485],[-59.07812,-38.27503],[-59.07771,-38.2756],[-59.07731,-38.276],[-59.07698,-38.27625],[-59.0767,-38.27643],[-59.07628,-38.27666],[-59.07573,-38.27688],[-59.0751,-38.27705],[-59.07448,-38.27714],[-59.07394,-38.27715],[-59.07349,-38.2771],[-59.07337,-38.27705],[-59.07333,-38.277]]]}},{"type":"Feature","properties":{"fdc":"Atlas 500k 1° Ediciónl","sag":"IGN","crv":100,"mo2":2,"tipo":"Curva de nivel","ign":"lineas_de_geomorfologia_CA010.5725"},"geometry":{"type":"MultiLineString","coordinates":[[[-59.14167,-38.29053],[-59.14157,-38.2904],[-59.14145,-38.29017],[-59.1413,-38.28966],[-59.14125,-38.28914],[-59.14128,-38.28889],[-59.14136,-38.28861],[-59.14143,-38.2884],[-59.14156,-38.28816],[-59.14165,-38.28803],[-59.14184,-38.28782],[-59.14218,-38.28763],[-59.14236,-38.28759],[-59.1425,-38.28761],[-59.14264,-38.28768],[-59.14284,-38.28787],[-59.14303,-38.28818],[-59.14311,-38.2884],[-59.14317,-38.28873],[-59.14318,-38.28899],[-59.14316,-38.28923],[-59.14308,-38.28956],[-59.14292,-38.28996],[-59.14283,-38.2901],[-59.14258,-38.29034],[-59.14243,-38.29043],[-59.14214,-38.29052],[-59.14187,-38.29055],[-59.14167,-38.29053]]]}},{"type":"Feature","properties":{"fdc":"Atlas 500k 1° Ediciónl","sag":"IGN","crv":100,"mo2":2,"tipo":"Curva de nivel","ign":"lineas_de_geomorfologia_CA010.5726"},"geometry":{"type":"MultiLineString","coordinates":[[[-59.05833,-38.29036],[-59.05828,-38.29034],[-59.05818,-38.29011],[-59.058,-38.28952],[-59.05775,-38.28843],[-59.05753,-38.28731],[-59.05702,-38.28432],[-59.05648,-38.28072],[-59.05624,-38.27924],[-59.05598,-38.27804],[-59.05538,-38.27572],[-59.05515,-38.2746],[-59.05501,-38.27351],[-59.05496,-38.27239],[-59.05501,-38.27131],[-59.05505,-38.27092],[-59.05519,-38.27025],[-59.05535,-38.26967],[-59.05553,-38.26921],[-59.05592,-38.26848],[-59.05636,-38.2679],[-59.05668,-38.26759],[-59.05703,-38.26733],[-59.05741,-38.26715],[-59.05771,-38.26705],[-59.0583,-38.26698],[-59.05859,-38.267],[-59.05906,-38.26708],[-59.05953,-38.26724],[-59.05978,-38.26735],[-59.06011,-38.26753],[-59.06053,-38.26779],[-59.06093,-38.26809],[-59.06127,-38.26839],[-59.06194,-38.26905],[-59.06253,-38.26977],[-59.06314,-38.27062],[-59.06377,-38.27168],[-59.06412,-38.27242],[-59.06438,-38.27315],[-59.06461,-38.27398],[-59.06474,-38.27469],[-59.06486,-38.2756],[-59.06498,-38.27694],[-59.06509,-38.27879],[-59.06511,-38.27986],[-59.06509,-38.28085],[-59.06502,-38.28171],[-59.06494,-38.28223],[-59.06478,-38.28286],[-59.06465,-38.28326],[-59.06433,-38.28402],[-59.06401,-38.28465],[-59.06362,-38.2853],[-59.0632,-38.28592],[-59.06252,-38.28679],[-59.06177,-38.28764],[-59.0608,-38.28863],[-59.05988,-38.28945],[-59.0591,-38.29004],[-59.0588,-38.29023],[-59.05854,-38.29035],[-59.05837,-38.29039],[-59.05833,-38.29036]]]}},{"type":"Feature","properties":{"fdc":"Atlas 500k 1° Ediciónl","sag":"IGN","crv":100,"mo2":2,"tipo":"Curva de nivel","ign":"lineas_de_geomorfologia_CA010.5728"},"geometry":{"type":"MultiLineString","coordinates":[[[-59.05583,-38.29964],[-59.05564,-38.29951],[-59.05539,-38.29929],[-59.0552,-38.29907],[-59.05495,-38.2987],[-59.05476,-38.2983],[-59.05468,-38.29799],[-59.05461,-38.29762],[-59.05459,-38.2973],[-59.05461,-38.29703],[-59.05465,-38.29677],[-59.05474,-38.29653],[-59.05489,-38.2963],[-59.05498,-38.29621],[-59.05509,-38.29613],[-59.05533,-38.29607],[-59.05559,-38.29609],[-59.05573,-38.29615],[-59.05594,-38.29631],[-59.05611,-38.29653],[-59.05626,-38.29679],[-59.05648,-38.29727],[-59.05661,-38.29771],[-59.05669,-38.29812],[-59.05672,-38.29839],[-59.05671,-38.29858],[-59.0566,-38.29896],[-59.05651,-38.29914],[-59.05636,-38.29933],[-59.05625,-38.29943],[-59.05605,-38.29956],[-59.05583,-38.29964]]]}},{"type":"Feature","properties":{"fdc":"Atlas 500k 1° Ediciónl","sag":"IGN","crv":100,"mo2":2,"tipo":"Curva de nivel","ign":"lineas_de_geomorfologia_CA010.5730"},"geometry":{"type":"MultiLineString","coordinates":[[[-59.1075,-38.30262],[-59.10747,-38.30263],[-59.10741,-38.30259],[-59.1073,-38.30237],[-59.10721,-38.30198],[-59.10714,-38.30139],[-59.10713,-38.30043],[-59.10724,-38.2988],[-59.10751,-38.29624],[-59.1077,-38.29494],[-59.10786,-38.29415],[-59.10805,-38.29341],[-59.10826,-38.2928],[-59.10851,-38.2922],[-59.10915,-38.29094],[-59.11022,-38.28907],[-59.11055,-38.28855],[-59.1109,-38.28806],[-59.11117,-38.28773],[-59.11148,-38.28742],[-59.11199,-38.28702],[-59.11231,-38.28684],[-59.11247,-38.28677],[-59.11296,-38.28663],[-59.1133,-38.28658],[-59.11381,-38.2866],[-59.11416,-38.28668],[-59.11457,-38.28682],[-59.11512,-38.28712],[-59.11541,-38.28734],[-59.116,-38.2879],[-59.11663,-38.28868],[-59.11693,-38.28912],[-59.11734,-38.2898],[-59.11784,-38.2908],[-59.11801,-38.29122],[-59.11816,-38.2917],[-59.11824,-38.29205],[-59.11827,-38.29247],[-59.1182,-38.29293],[-59.11816,-38.29305],[-59.11805,-38.29324],[-59.11796,-38.29335],[-59.11778,-38.29349],[-59.11755,-38.29358],[-59.11733,-38.29361],[-59.11715,-38.2936],[-59.11693,-38.29357],[-59.11654,-38.29345],[-59.11553,-38.29304],[-59.1151,-38.2929],[-59.11478,-38.29284],[-59.11432,-38.29282],[-59.11411,-38.29284],[-59.11375,-38.29292],[-59.11332,-38.2931],[-59.11296,-38.29332],[-59.11261,-38.29359],[-59.11219,-38.29402],[-59.11186,-38.29443],[-59.11144,-38.29508],[-59.11103,-38.29587],[-59.11067,-38.29676],[-59.11038,-38.29761],[-59.10973,-38.29987],[-59.10951,-38.30055],[-59.10926,-38.30119],[-59.10903,-38.30165],[-59.10863,-38.30223],[-59.10847,-38.30239],[-59.10819,-38.30261],[-59.10798,-38.3027],[-59.10781,-38.30274],[-59.10761,-38.30271],[-59.1075,-38.30262]]]}},{"type":"Feature","properties":{"fdc":"Atlas 500k 1° Ediciónl","sag":"IGN","crv":100,"mo2":2,"tipo":"Curva de nivel","ign":"lineas_de_geomorfologia_CA010.5735"},"geometry":{"type":"MultiLineString","coordinates":[[[-59.07833,-38.3411],[-59.07807,-38.34084],[-59.07774,-38.34039],[-59.07742,-38.33984],[-59.0772,-38.33936],[-59.07707,-38.33895],[-59.077,-38.33854],[-59.077,-38.33825],[-59.07704,-38.33797],[-59.07714,-38.33763],[-59.07736,-38.33725],[-59.07761,-38.33697],[-59.07795,-38.33674],[-59.07824,-38.33661],[-59.07856,-38.33654],[-59.07897,-38.33653],[-59.07931,-38.33658],[-59.07971,-38.3367],[-59.08019,-38.33695],[-59.08064,-38.3373],[-59.08102,-38.33772],[-59.08126,-38.33814],[-59.0814,-38.3385],[-59.08145,-38.33876],[-59.08146,-38.33903],[-59.0814,-38.33943],[-59.08128,-38.33976],[-59.08105,-38.34012],[-59.08084,-38.34035],[-59.08058,-38.34054],[-59.08037,-38.34067],[-59.07989,-38.34089],[-59.07927,-38.34106],[-59.07876,-38.34113],[-59.07848,-38.34113],[-59.07833,-38.3411]]]}},{"type":"Feature","properties":{"fdc":"Atlas 500k 1° Ediciónl","sag":"IGN","crv":100,"mo2":2,"tipo":"Curva de nivel","ign":"lineas_de_geomorfologia_CA010.5738"},"geometry":{"type":"MultiLineString","coordinates":[[[-58.98642,-38.11511],[-58.98869,-38.11468],[-58.99261,-38.11413],[-58.9951,-38.11369],[-58.99676,-38.11334],[-58.99786,-38.11306],[-58.99878,-38.11277],[-58.99952,-38.11247],[-59.00042,-38.11203],[-59.00105,-38.11167],[-59.002,-38.11107],[-59.0046,-38.10935],[-59.00541,-38.10886],[-59.00817,-38.10728],[-59.00938,-38.1065],[-59.01015,-38.10594],[-59.01074,-38.10545],[-59.01316,-38.10329],[-59.01433,-38.10232],[-59.01889,-38.09905],[-59.0201,-38.09824],[-59.02073,-38.09788],[-59.02145,-38.09753],[-59.02202,-38.0973],[-59.02259,-38.09713],[-59.02325,-38.097],[-59.02362,-38.09697],[-59.024,-38.097],[-59.02427,-38.09708],[-59.02437,-38.09713],[-59.02459,-38.09732],[-59.02469,-38.09757],[-59.02472,-38.09788],[-59.02464,-38.09832],[-59.0244,-38.09899],[-59.02382,-38.10014],[-59.02292,-38.10172],[-59.02221,-38.10287],[-59.02153,-38.10385],[-59.02058,-38.10508],[-59.01962,-38.10624],[-59.01868,-38.10731],[-59.01795,-38.10805],[-59.01696,-38.10894],[-59.01518,-38.11032],[-59.01454,-38.11084],[-59.01381,-38.1115],[-59.01314,-38.11221],[-59.01253,-38.11295],[-59.01207,-38.11361],[-59.01156,-38.11448],[-59.01121,-38.11516],[-59.01045,-38.11689],[-59.00999,-38.11807],[-59.00966,-38.11899],[-59.00944,-38.11971],[-59.00932,-38.1202],[-59.00924,-38.12069],[-59.00919,-38.12121],[-59.00919,-38.12176],[-59.00923,-38.12221],[-59.00937,-38.1229],[-59.00952,-38.12336],[-59.00978,-38.12395],[-59.01001,-38.12439],[-59.0104,-38.12504],[-59.0108,-38.12565],[-59.01253,-38.12802],[-59.01387,-38.12978],[-59.01635,-38.13269],[-59.01889,-38.13585],[-59.02012,-38.13726],[-59.02087,-38.13804],[-59.02185,-38.13901],[-59.0227,-38.13981],[-59.02348,-38.14049],[-59.02437,-38.14121],[-59.02489,-38.14158],[-59.02543,-38.14193],[-59.02616,-38.14235],[-59.0268,-38.14266],[-59.02733,-38.14288],[-59.02832,-38.1432],[-59.0292,-38.1434],[-59.02994,-38.14351],[-59.03068,-38.14358],[-59.03183,-38.1436],[-59.03274,-38.14354],[-59.03357,-38.1434],[-59.03548,-38.14295],[-59.03592,-38.14288],[-59.03641,-38.14284],[-59.03688,-38.14283],[-59.03755,-38.14289],[-59.03814,-38.143],[-59.0387,-38.14315],[-59.03998,-38.14361],[-59.04214,-38.1445],[-59.04317,-38.1449],[-59.04398,-38.14517],[-59.04539,-38.14559],[-59.04599,-38.14581],[-59.04663,-38.14613],[-59.04793,-38.14699],[-59.0484,-38.14726],[-59.04876,-38.14745],[-59.0493,-38.14768],[-59.0498,-38.14783],[-59.05026,-38.14794],[-59.05187,-38.14816],[-59.05246,-38.14826],[-59.05306,-38.1484],[-59.0536,-38.14859],[-59.0541,-38.14881],[-59.0546,-38.14911],[-59.05606,-38.15018],[-59.05688,-38.1507],[-59.05757,-38.15107],[-59.06002,-38.15226],[-59.06089,-38.15275],[-59.06155,-38.15318],[-59.06246,-38.15388],[-59.06296,-38.15434],[-59.0633,-38.1547],[-59.06394,-38.15548],[-59.0642,-38.15585],[-59.06453,-38.15642],[-59.06474,-38.15686],[-59.06489,-38.15727],[-59.06513,-38.15808],[-59.06525,-38.15886],[-59.06542,-38.16047],[-59.06551,-38.16092],[-59.06569,-38.16152],[-59.06592,-38.16208],[-59.06618,-38.1626],[-59.06669,-38.16343],[-59.06721,-38.16417],[-59.06761,-38.16467],[-59.06819,-38.16529],[-59.06881,-38.16587],[-59.06934,-38.16631],[-59.06998,-38.16679],[-59.07164,-38.16795],[-59.07335,-38.16919],[-59.07374,-38.16942],[-59.07423,-38.16966],[-59.07474,-38.16982],[-59.07522,-38.16989],[-59.07579,-38.16986],[-59.07602,-38.16981],[-59.07638,-38.16965],[-59.07672,-38.16945],[-59.07751,-38.16888],[-59.07782,-38.16872],[-59.07811,-38.16861],[-59.0785,-38.16853],[-59.07892,-38.16851],[-59.07922,-38.16854],[-59.07968,-38.16862],[-59.08011,-38.16875],[-59.08053,-38.16891],[-59.08107,-38.16917],[-59.08145,-38.16938],[-59.08228,-38.16991],[-59.08449,-38.1714],[-59.08536,-38.17193],[-59.08628,-38.17241],[-59.08739,-38.17291],[-59.08875,-38.17343],[-59.08995,-38.17381],[-59.09083,-38.174],[-59.09155,-38.17407],[-59.09228,-38.17402],[-59.09271,-38.17394],[-59.09426,-38.17349],[-59.09492,-38.17334],[-59.09569,-38.17323],[-59.09669,-38.1732],[-59.09741,-38.17324],[-59.09831,-38.17334],[-59.10176,-38.17393],[-59.10254,-38.17405],[-59.1035,-38.17414],[-59.10516,-38.17421],[-59.10797,-38.17419],[-59.10892,-38.17421],[-59.10969,-38.17426],[-59.11161,-38.17446],[-59.1127,-38.1745],[-59.11322,-38.17448],[-59.11384,-38.17439],[-59.11466,-38.17419],[-59.1153,-38.17398],[-59.11748,-38.17313],[-59.11828,-38.17287],[-59.11903,-38.17268],[-59.12012,-38.17245],[-59.12229,-38.17204],[-59.12472,-38.17151],[-59.12565,-38.17137],[-59.12642,-38.17132],[-59.1273,-38.17136],[-59.12814,-38.17148],[-59.13043,-38.17188],[-59.13115,-38.17197],[-59.13202,-38.17203],[-59.13321,-38.17207],[-59.13395,-38.17206],[-59.1347,-38.17202],[-59.13548,-38.17192],[-59.13614,-38.17177],[-59.13657,-38.17164],[-59.13713,-38.17144],[-59.13798,-38.17107],[-59.139,-38.17058],[-59.14154,-38.16929],[-59.14233,-38.16899],[-59.14288,-38.16885],[-59.1432,-38.1688],[-59.14382,-38.16874],[-59.14476,-38.16874],[-59.14584,-38.16882],[-59.14668,-38.16894],[-59.14743,-38.16909],[-59.14822,-38.16929],[-59.15118,-38.1702],[-59.15286,-38.17065],[-59.15342,-38.17077],[-59.15424,-38.1709],[-59.15502,-38.17097],[-59.15579,-38.17099],[-59.15633,-38.17097],[-59.15699,-38.1709],[-59.15761,-38.1708],[-59.15831,-38.17065],[-59.15956,-38.1703],[-59.16184,-38.16953],[-59.16324,-38.16911],[-59.16446,-38.16877],[-59.16557,-38.16852],[-59.16654,-38.16835],[-59.16725,-38.16828],[-59.16826,-38.16828],[-59.16901,-38.16836],[-59.16984,-38.16852],[-59.17083,-38.16883],[-59.17174,-38.16923],[-59.17243,-38.1696],[-59.17336,-38.17019],[-59.17442,-38.17097],[-59.17561,-38.1719],[-59.17857,-38.17433],[-59.17952,-38.17504],[-59.18014,-38.17546],[-59.18113,-38.17607],[-59.18219,-38.17662],[-59.18333,-38.17711],[-59.18433,-38.17745],[-59.18574,-38.17784],[-59.18702,-38.1781],[-59.1881,-38.17825],[-59.18931,-38.17832],[-59.19049,-38.17827],[-59.19147,-38.17816],[-59.19243,-38.17801],[-59.1945,-38.1776],[-59.1954,-38.17747],[-59.19603,-38.17741],[-59.1968,-38.17741],[-59.1974,-38.17749],[-59.19788,-38.1776],[-59.19853,-38.17784],[-59.19926,-38.17819],[-59.20071,-38.17903],[-59.20303,-38.18049],[-59.20409,-38.18123],[-59.20536,-38.18224],[-59.2066,-38.18332],[-59.20751,-38.18415],[-59.21084,-38.18744],[-59.21353,-38.18991],[-59.21435,-38.19074],[-59.21601,-38.19256],[-59.21679,-38.19332],[-59.21728,-38.19373],[-59.218,-38.19425],[-59.21878,-38.19468],[-59.21935,-38.19492],[-59.21988,-38.19509],[-59.2203,-38.19518],[-59.22117,-38.19528],[-59.22167,-38.19528],[-59.22222,-38.19522],[-59.22304,-38.19504],[-59.22388,-38.19472],[-59.22465,-38.19432],[-59.22519,-38.194],[-59.22651,-38.19312],[-59.22869,-38.19154],[-59.22909,-38.19129],[-59.22957,-38.19105],[-59.23004,-38.19088],[-59.23031,-38.19082],[-59.23086,-38.19079],[-59.23112,-38.19082],[-59.23142,-38.1909],[-59.23166,-38.19101],[-59.23186,-38.19113],[-59.2322,-38.19143],[-59.23246,-38.19178],[-59.23264,-38.19209],[-59.23286,-38.19259],[-59.23308,-38.19332],[-59.23326,-38.1941],[-59.23349,-38.19535],[-59.2337,-38.19687],[-59.23385,-38.19756],[-59.23402,-38.19804],[-59.23425,-38.19846],[-59.23453,-38.19883],[-59.2347,-38.199],[-59.23495,-38.19921],[-59.2352,-38.19937],[-59.23585,-38.19969],[-59.23649,-38.1999],[-59.23817,-38.20036],[-59.23917,-38.20068],[-59.24035,-38.20112],[-59.24162,-38.20169],[-59.24295,-38.20237],[-59.24394,-38.20294],[-59.24738,-38.20509],[-59.24829,-38.2057],[-59.24907,-38.20627],[-59.24974,-38.20687],[-59.2502,-38.20736],[-59.25055,-38.20779],[-59.251,-38.20848],[-59.25135,-38.2092],[-59.25158,-38.20986],[-59.2517,-38.21032],[-59.2518,-38.21083],[-59.2519,-38.21169],[-59.25191,-38.21246],[-59.25182,-38.21327],[-59.25163,-38.21415],[-59.25148,-38.21457],[-59.2513,-38.21502],[-59.25093,-38.21571],[-59.2504,-38.21648],[-59.24963,-38.21738],[-59.24855,-38.21844],[-59.2471,-38.21969],[-59.24562,-38.22086],[-59.24433,-38.22176],[-59.24331,-38.22236],[-59.24234,-38.22282],[-59.24151,-38.22312],[-59.24069,-38.22333],[-59.24,-38.22346],[-59.23922,-38.22355],[-59.23829,-38.2236],[-59.23712,-38.22359],[-59.23573,-38.22351],[-59.23429,-38.22338],[-59.23006,-38.22286],[-59.22838,-38.22269],[-59.22672,-38.22258],[-59.22491,-38.22255],[-59.22342,-38.22261],[-59.222,-38.22278],[-59.22075,-38.223],[-59.21792,-38.2236],[-59.21668,-38.22379],[-59.21584,-38.22386],[-59.21487,-38.22389],[-59.21393,-38.22388],[-59.21318,-38.22383],[-59.21202,-38.22371],[-59.21066,-38.22349],[-59.20925,-38.22316],[-59.20824,-38.22284],[-59.20719,-38.22243],[-59.20653,-38.22212],[-59.20587,-38.22176],[-59.205,-38.22123],[-59.20434,-38.22075],[-59.20393,-38.22042],[-59.20333,-38.21987],[-59.20294,-38.21948],[-59.20258,-38.21906],[-59.20206,-38.21839],[-59.20162,-38.21771],[-59.20137,-38.21729],[-59.20109,-38.21671],[-59.20088,-38.21619],[-59.20068,-38.21562],[-59.20053,-38.21506],[-59.20041,-38.21443],[-59.20033,-38.21378],[-59.2003,-38.21306],[-59.20031,-38.21265],[-59.20034,-38.21223],[-59.20044,-38.21149],[-59.20059,-38.21081],[-59.20071,-38.21041],[-59.201,-38.20964],[-59.20148,-38.20866],[-59.20214,-38.20761],[-59.20283,-38.20667],[-59.20363,-38.2057],[-59.20455,-38.20469],[-59.20649,-38.20269],[-59.2071,-38.20195],[-59.20749,-38.20137],[-59.20781,-38.20074],[-59.208,-38.20017],[-59.20806,-38.19966],[-59.20803,-38.19925],[-59.20789,-38.19881],[-59.20771,-38.19852],[-59.20744,-38.19825],[-59.20719,-38.19806],[-59.20676,-38.19782],[-59.20628,-38.19762],[-59.20424,-38.19698],[-59.20352,-38.19669],[-59.20312,-38.19646],[-59.20279,-38.19622],[-59.20249,-38.19595],[-59.20223,-38.19564],[-59.202,-38.19531],[-59.20178,-38.19486],[-59.20164,-38.1945],[-59.20151,-38.19397],[-59.20146,-38.19359],[-59.20142,-38.19312],[-59.20146,-38.19135],[-59.20144,-38.19059],[-59.20135,-38.18986],[-59.20121,-38.18933],[-59.20105,-38.18888],[-59.20084,-38.18846],[-59.20061,-38.18809],[-59.20034,-38.18777],[-59.20005,-38.18747],[-59.19972,-38.18721],[-59.19934,-38.18698],[-59.19907,-38.18684],[-59.19867,-38.18668],[-59.19832,-38.18658],[-59.19785,-38.18648],[-59.19743,-38.18643],[-59.19677,-38.18641],[-59.1959,-38.18647],[-59.1945,-38.1867],[-59.19152,-38.18728],[-59.19057,-38.18752],[-59.18989,-38.18771],[-59.18885,-38.18806],[-59.18818,-38.18832],[-59.18612,-38.1892],[-59.18527,-38.18953],[-59.18444,-38.1898],[-59.18337,-38.19009],[-59.18221,-38.19032],[-59.18112,-38.19046],[-59.18,-38.19051],[-59.17881,-38.19045],[-59.1776,-38.19026],[-59.17682,-38.19009],[-59.17607,-38.18988],[-59.17534,-38.18963],[-59.17462,-38.18934],[-59.1741,-38.18908],[-59.17346,-38.18873],[-59.17256,-38.18812],[-59.17195,-38.18764],[-59.17148,-38.18723],[-59.17079,-38.18656],[-59.16928,-38.18498],[-59.1685,-38.18426],[-59.16782,-38.18375],[-59.16717,-38.18338],[-59.16651,-38.18311],[-59.166,-38.18295],[-59.16539,-38.18283],[-59.16461,-38.18276],[-59.16383,-38.18276],[-59.16279,-38.18287],[-59.16221,-38.18298],[-59.1616,-38.18313],[-59.16036,-38.18352],[-59.15787,-38.18444],[-59.15629,-38.18496],[-59.15489,-38.18532],[-59.15102,-38.18619],[-59.15002,-38.18646],[-59.1493,-38.18671],[-59.14897,-38.18687],[-59.14855,-38.18713],[-59.14822,-38.18742],[-59.14797,-38.18773],[-59.14767,-38.18825],[-59.14753,-38.18863],[-59.14745,-38.18899],[-59.14742,-38.18935],[-59.14746,-38.1899],[-59.14755,-38.1903],[-59.14771,-38.19076],[-59.14788,-38.19113],[-59.14816,-38.19158],[-59.14845,-38.19193],[-59.14884,-38.19229],[-59.14918,-38.19251],[-59.14951,-38.19266],[-59.14984,-38.19276],[-59.15026,-38.19283],[-59.15044,-38.19283],[-59.1507,-38.19282],[-59.1511,-38.19275],[-59.15242,-38.19235],[-59.15304,-38.19222],[-59.15333,-38.19219],[-59.15377,-38.19221],[-59.15428,-38.19231],[-59.15469,-38.19247],[-59.15498,-38.19263],[-59.15546,-38.19301],[-59.15571,-38.19328],[-59.15599,-38.19363],[-59.15621,-38.19399],[-59.15648,-38.19451],[-59.15666,-38.19497],[-59.15675,-38.19531],[-59.15686,-38.19596],[-59.15688,-38.19632],[-59.15685,-38.19686],[-59.15673,-38.19753],[-59.15651,-38.19821],[-59.15621,-38.1989],[-59.15518,-38.20083],[-59.15477,-38.2017],[-59.15459,-38.20216],[-59.15444,-38.20265],[-59.15432,-38.20317],[-59.15423,-38.2037],[-59.1542,-38.20425],[-59.15421,-38.20461],[-59.15424,-38.20496],[-59.15434,-38.20544],[-59.15445,-38.2058],[-59.15466,-38.20629],[-59.15483,-38.20659],[-59.15502,-38.20683],[-59.15524,-38.20704],[-59.15544,-38.20717],[-59.15561,-38.20724],[-59.15579,-38.20727],[-59.15594,-38.20726],[-59.15617,-38.2072],[-59.15643,-38.20707],[-59.15663,-38.20693],[-59.15751,-38.20618],[-59.15786,-38.20592],[-59.15827,-38.2057],[-59.15866,-38.20559],[-59.15901,-38.20557],[-59.15925,-38.2056],[-59.15959,-38.20571],[-59.15987,-38.20585],[-59.16012,-38.20602],[-59.16045,-38.20629],[-59.16073,-38.20658],[-59.16128,-38.20728],[-59.16174,-38.20803],[-59.1626,-38.20958],[-59.16311,-38.21046],[-59.16372,-38.21138],[-59.1644,-38.2123],[-59.16518,-38.21327],[-59.16587,-38.21405],[-59.16656,-38.21474],[-59.16733,-38.2154],[-59.16811,-38.21593],[-59.16875,-38.21629],[-59.16934,-38.21656],[-59.17021,-38.21688],[-59.17102,-38.21707],[-59.17186,-38.2172],[-59.17265,-38.21727],[-59.17417,-38.21734],[-59.17484,-38.21743],[-59.17538,-38.21757],[-59.17579,-38.21775],[-59.17614,-38.21795],[-59.17661,-38.21831],[-59.17693,-38.21862],[-59.17729,-38.2191],[-59.17753,-38.2195],[-59.1777,-38.21987],[-59.17783,-38.22024],[-59.17797,-38.22087],[-59.17803,-38.22153],[-59.178,-38.22214],[-59.17789,-38.22272],[-59.17775,-38.22314],[-59.17761,-38.22345],[-59.17736,-38.22386],[-59.1772,-38.22407],[-59.17698,-38.22429],[-59.17658,-38.22462],[-59.17629,-38.2248],[-59.1758,-38.22502],[-59.17547,-38.22512],[-59.17485,-38.22525],[-59.17449,-38.22529],[-59.17389,-38.22532],[-59.17351,-38.22531],[-59.17281,-38.22524],[-59.17193,-38.22506],[-59.1713,-38.22487],[-59.17046,-38.22456],[-59.16984,-38.22428],[-59.16898,-38.22384],[-59.16834,-38.22347],[-59.16736,-38.22286],[-59.16639,-38.22221],[-59.16413,-38.22063],[-59.16304,-38.21993],[-59.16218,-38.21946],[-59.16147,-38.21912],[-59.15916,-38.21814],[-59.15815,-38.21766],[-59.15688,-38.21694],[-59.15463,-38.21549],[-59.15404,-38.21515],[-59.15369,-38.21499],[-59.15326,-38.21484],[-59.15291,-38.21477],[-59.15257,-38.21479],[-59.15234,-38.21487],[-59.15225,-38.21494],[-59.15212,-38.21511],[-59.15205,-38.2153],[-59.15204,-38.21545],[-59.15209,-38.21571],[-59.15218,-38.21592],[-59.15233,-38.21617],[-59.15265,-38.21657],[-59.15316,-38.21709],[-59.1568,-38.22053],[-59.15738,-38.22101],[-59.15796,-38.22145],[-59.16042,-38.22314],[-59.16163,-38.22405],[-59.16258,-38.22488],[-59.1632,-38.2255],[-59.1637,-38.22605],[-59.16428,-38.22676],[-59.16497,-38.22766],[-59.1656,-38.22855],[-59.16639,-38.22972],[-59.16749,-38.23152],[-59.16974,-38.23542],[-59.17036,-38.23641],[-59.17093,-38.23728],[-59.1715,-38.23807],[-59.17222,-38.23898],[-59.17295,-38.23982],[-59.17375,-38.2406],[-59.17452,-38.24127],[-59.17541,-38.24195],[-59.17638,-38.24257],[-59.17742,-38.24311],[-59.17838,-38.24351],[-59.17938,-38.24384],[-59.18028,-38.24408],[-59.18219,-38.24448],[-59.18274,-38.24464],[-59.18344,-38.24493],[-59.18405,-38.24531],[-59.18427,-38.24548],[-59.18484,-38.246],[-59.1861,-38.24732],[-59.18752,-38.24874],[-59.18806,-38.24932],[-59.18951,-38.25098],[-59.18993,-38.2514],[-59.19067,-38.2521],[-59.19183,-38.25304],[-59.19253,-38.25353],[-59.19392,-38.25446],[-59.19453,-38.25489],[-59.19501,-38.25527],[-59.19558,-38.25579],[-59.19595,-38.25617],[-59.19759,-38.258],[-59.19787,-38.25828],[-59.19837,-38.2587],[-59.19885,-38.25904],[-59.19935,-38.25934],[-59.20099,-38.26023],[-59.20123,-38.26039],[-59.20154,-38.26067],[-59.20167,-38.26083],[-59.20182,-38.26116],[-59.20187,-38.26154],[-59.20185,-38.26178],[-59.20178,-38.26207],[-59.20161,-38.26248],[-59.20135,-38.26292],[-59.20109,-38.26329],[-59.20018,-38.26442],[-59.19997,-38.26472],[-59.19979,-38.26506],[-59.19964,-38.26549],[-59.1996,-38.26587],[-59.19966,-38.26616],[-59.19974,-38.26634],[-59.19985,-38.26647],[-59.20012,-38.26666],[-59.20049,-38.26678],[-59.20091,-38.26683],[-59.202,-38.26691],[-59.20235,-38.26696],[-59.20282,-38.26709],[-59.20325,-38.26725],[-59.20367,-38.26746],[-59.20435,-38.26789],[-59.205,-38.26842],[-59.2055,-38.26888],[-59.20612,-38.2695],[-59.20666,-38.27012],[-59.20719,-38.27081],[-59.2076,-38.27142],[-59.20788,-38.27192],[-59.20813,-38.27245],[-59.2088,-38.27406],[-59.20909,-38.27469],[-59.20944,-38.27534],[-59.21002,-38.27623],[-59.21068,-38.27705],[-59.21159,-38.27801],[-59.21304,-38.2794],[-59.21409,-38.28028],[-59.2148,-38.28081],[-59.2155,-38.28128],[-59.21863,-38.28319],[-59.22307,-38.28606],[-59.22526,-38.28741],[-59.22603,-38.28784],[-59.22691,-38.28829],[-59.22997,-38.28966],[-59.23145,-38.29038],[-59.23299,-38.29121],[-59.23407,-38.29187],[-59.23502,-38.29255],[-59.23589,-38.29329],[-59.23653,-38.29394],[-59.23836,-38.29596],[-59.23913,-38.2967],[-59.23997,-38.29738],[-59.24036,-38.29765],[-59.24078,-38.2979],[-59.24126,-38.29814],[-59.24178,-38.29835],[-59.24238,-38.29854],[-59.24295,-38.29866],[-59.24372,-38.29877],[-59.2444,-38.29882],[-59.24605,-38.29887],[-59.24838,-38.2988],[-59.25099,-38.29867],[-59.25206,-38.29859],[-59.25323,-38.29843],[-59.25553,-38.29795],[-59.25606,-38.29789],[-59.25652,-38.29788],[-59.25688,-38.29793],[-59.25722,-38.29805],[-59.25757,-38.29826],[-59.25793,-38.2986],[-59.25828,-38.29907],[-59.25945,-38.30103],[-59.26053,-38.30274],[-59.26089,-38.30339],[-59.26108,-38.30385],[-59.26121,-38.30424],[-59.2613,-38.30468],[-59.26133,-38.30516],[-59.26132,-38.30547],[-59.26127,-38.30596],[-59.26107,-38.30685],[-59.2608,-38.30771],[-59.25965,-38.31107],[-59.2593,-38.31227],[-59.2591,-38.31317],[-59.25899,-38.31393],[-59.25892,-38.31473],[-59.25891,-38.31524],[-59.25895,-38.31684],[-59.25893,-38.31727],[-59.25888,-38.31769],[-59.25876,-38.31815],[-59.25862,-38.31853],[-59.25836,-38.31904],[-59.25797,-38.31959],[-59.25748,-38.32016],[-59.25651,-38.32108],[-59.25478,-38.32257],[-59.25398,-38.3233],[-59.25321,-38.32407],[-59.25124,-38.3262],[-59.25068,-38.32677],[-59.24993,-38.32743],[-59.24842,-38.32865],[-59.24785,-38.32917],[-59.24722,-38.32984],[-59.24666,-38.33057],[-59.24631,-38.33115],[-59.2461,-38.33158],[-59.24588,-38.33214],[-59.24566,-38.33295],[-59.24552,-38.33391],[-59.24549,-38.33438],[-59.24551,-38.33484],[-59.24557,-38.33517],[-59.24563,-38.33538],[-59.24581,-38.33569],[-59.24597,-38.33584],[-59.24623,-38.33597],[-59.24643,-38.33602],[-59.24669,-38.33603],[-59.24714,-38.33595],[-59.24743,-38.33584],[-59.24778,-38.33567],[-59.24831,-38.33533],[-59.2488,-38.33492],[-59.24929,-38.33441],[-59.24976,-38.33384],[-59.25081,-38.33243],[-59.25118,-38.33199],[-59.25154,-38.33163],[-59.25206,-38.33122],[-59.25256,-38.33097],[-59.25285,-38.33088],[-59.25317,-38.3308],[-59.2536,-38.33075],[-59.25423,-38.33073],[-59.25472,-38.33076],[-59.25574,-38.3309],[-59.25684,-38.33114],[-59.25798,-38.33145],[-59.26104,-38.33245],[-59.26163,-38.33262],[-59.26234,-38.3328],[-59.26291,-38.33289],[-59.26339,-38.33294],[-59.2639,-38.33293],[-59.26439,-38.33287],[-59.2649,-38.33275],[-59.26544,-38.33254],[-59.2658,-38.33234],[-59.26638,-38.33192],[-59.26684,-38.33149],[-59.26726,-38.33104],[-59.26825,-38.32987],[-59.26871,-38.32938],[-59.2694,-38.32874],[-59.26999,-38.32833],[-59.27029,-38.32816],[-59.27064,-38.328],[-59.27123,-38.32782],[-59.27181,-38.32775],[-59.27239,-38.32776],[-59.27273,-38.32782],[-59.2732,-38.32794],[-59.27378,-38.32819],[-59.27441,-38.32859],[-59.27477,-38.32889],[-59.27508,-38.3292],[-59.27552,-38.32968],[-59.27605,-38.33035],[-59.27859,-38.33397],[-59.27927,-38.33488],[-59.2801,-38.33588],[-59.28104,-38.33687],[-59.28179,-38.33755],[-59.28244,-38.33806],[-59.28336,-38.33865],[-59.28387,-38.33892],[-59.28439,-38.33917],[-59.28494,-38.33938],[-59.28553,-38.33958],[-59.28623,-38.33977],[-59.28683,-38.33989],[-59.28911,-38.34025],[-59.28999,-38.34044],[-59.29091,-38.34074],[-59.29264,-38.34148],[-59.29305,-38.34162],[-59.29344,-38.34173],[-59.29399,-38.34181],[-59.29448,-38.34181],[-59.29506,-38.34171],[-59.29552,-38.34155],[-59.29596,-38.34134],[-59.29665,-38.3409],[-59.29721,-38.34045],[-59.29773,-38.33998],[-59.29849,-38.3392],[-59.2996,-38.33798],[-59.30019,-38.33727],[-59.30069,-38.33658],[-59.30097,-38.3361],[-59.30127,-38.33549],[-59.30153,-38.3348],[-59.30172,-38.33411],[-59.30181,-38.33355],[-59.30187,-38.33295],[-59.30187,-38.33228],[-59.3018,-38.33159],[-59.30169,-38.33101],[-59.30155,-38.33047],[-59.30137,-38.32995],[-59.30116,-38.32943],[-59.30092,-38.32893],[-59.30061,-38.32836],[-59.30027,-38.32783],[-59.29969,-38.32703],[-59.29896,-38.32617],[-59.29804,-38.32524],[-59.29714,-38.32442],[-59.29432,-38.32201],[-59.29356,-38.32131],[-59.29274,-38.32046],[-59.29197,-38.31957],[-59.29126,-38.31858],[-59.29063,-38.31757],[-59.29031,-38.31699],[-59.28994,-38.31622],[-59.2896,-38.3154],[-59.28939,-38.3148],[-59.28921,-38.31418],[-59.28905,-38.31352],[-59.28891,-38.31282],[-59.28882,-38.31209],[-59.28877,-38.3114],[-59.28876,-38.31073],[-59.2888,-38.31004],[-59.28888,-38.30936],[-59.28899,-38.30882],[-59.28916,-38.3082],[-59.28931,-38.30777],[-59.28955,-38.30725],[-59.28983,-38.30676],[-59.29019,-38.30631],[-59.29046,-38.30606],[-59.29094,-38.30573],[-59.29139,-38.30554],[-59.29181,-38.30542],[-59.2921,-38.30537],[-59.29266,-38.30532],[-59.29344,-38.30534],[-59.29422,-38.30543],[-59.29523,-38.3056],[-59.29638,-38.30585],[-59.29735,-38.30609],[-59.29966,-38.30678],[-59.30324,-38.30798],[-59.30816,-38.30971],[-59.31019,-38.31038],[-59.31094,-38.31059],[-59.31153,-38.31071],[-59.31223,-38.31078],[-59.31279,-38.31077],[-59.3133,-38.3107],[-59.31354,-38.31063],[-59.3141,-38.3104],[-59.31446,-38.31016],[-59.31469,-38.30996],[-59.31493,-38.30969],[-59.31518,-38.30927],[-59.31534,-38.30891],[-59.31544,-38.3086],[-59.31556,-38.30814],[-59.31581,-38.30692],[-59.31596,-38.30641],[-59.31612,-38.30607],[-59.31624,-38.30588],[-59.31634,-38.30575],[-59.31655,-38.30556],[-59.31686,-38.30539],[-59.3171,-38.30531],[-59.31739,-38.30526],[-59.31796,-38.30524],[-59.31932,-38.3053],[-59.31983,-38.30526],[-59.32032,-38.30519],[-59.32069,-38.30511],[-59.32205,-38.30473],[-59.3224,-38.30468],[-59.32266,-38.30467],[-59.32294,-38.30468],[-59.32328,-38.30477],[-59.32351,-38.30487],[-59.32392,-38.30516],[-59.32419,-38.30545],[-59.32459,-38.30598],[-59.32538,-38.30727],[-59.32571,-38.30775],[-59.32609,-38.30824],[-59.32645,-38.30862],[-59.32678,-38.3089],[-59.32712,-38.30915],[-59.32752,-38.30938],[-59.32795,-38.30957],[-59.32828,-38.30969],[-59.32882,-38.30983],[-59.32936,-38.30991],[-59.33015,-38.30997],[-59.33215,-38.31],[-59.33389,-38.31008],[-59.33451,-38.31009],[-59.33518,-38.31005],[-59.33555,-38.30999],[-59.33604,-38.30989],[-59.33661,-38.30971],[-59.33703,-38.30955],[-59.33749,-38.30932],[-59.33793,-38.30907],[-59.33831,-38.30882],[-59.33882,-38.30843],[-59.33953,-38.30778],[-59.34023,-38.30699],[-59.34077,-38.30624],[-59.34132,-38.30535],[-59.34177,-38.30448],[-59.34229,-38.3033],[-59.34264,-38.30238],[-59.34312,-38.30096],[-59.34433,-38.29694],[-59.34472,-38.29552],[-59.34559,-38.29209],[-59.34576,-38.29149],[-59.34596,-38.29094],[-59.34624,-38.29039],[-59.34644,-38.29014],[-59.34657,-38.29],[-59.34669,-38.28991],[-59.34698,-38.28976],[-59.3473,-38.28968],[-59.34745,-38.28966],[-59.34786,-38.28968],[-59.34834,-38.28978],[-59.34876,-38.28991],[-59.34944,-38.29019],[-59.35034,-38.29063],[-59.35217,-38.29156],[-59.35301,-38.29196],[-59.35613,-38.29327],[-59.35748,-38.29387],[-59.35874,-38.29451],[-59.35975,-38.2951],[-59.36063,-38.29572],[-59.36119,-38.29618],[-59.36171,-38.2967],[-59.36216,-38.29729],[-59.36256,-38.29796],[-59.36283,-38.29856],[-59.3631,-38.29933],[-59.36329,-38.3],[-59.36351,-38.30091],[-59.36365,-38.30179],[-59.36372,-38.30247],[-59.36372,-38.30331],[-59.36366,-38.3038],[-59.36356,-38.30429],[-59.36336,-38.30486],[-59.36312,-38.30533],[-59.36279,-38.30579],[-59.36237,-38.30626],[-59.36185,-38.30673],[-59.36127,-38.30719],[-59.3607,-38.30761],[-59.35877,-38.30887],[-59.35372,-38.31203],[-59.35271,-38.31274],[-59.35183,-38.31344],[-59.35129,-38.31396],[-59.35093,-38.31436],[-59.35067,-38.31471],[-59.3503,-38.31527],[-59.35004,-38.31577],[-59.34987,-38.31621],[-59.34975,-38.31666],[-59.34968,-38.31711],[-59.34966,-38.31752],[-59.34969,-38.31784],[-59.34982,-38.31841],[-59.35002,-38.31889],[-59.3502,-38.3192],[-59.35056,-38.3197],[-59.35126,-38.32048],[-59.35222,-38.32145],[-59.35361,-38.3228],[-59.35498,-38.32406],[-59.35533,-38.32446],[-59.35563,-38.32493],[-59.35588,-38.32546],[-59.35611,-38.32614],[-59.35641,-38.32727],[-59.35709,-38.3301],[-59.35728,-38.33078],[-59.35749,-38.33139],[-59.35778,-38.33205],[-59.35814,-38.33268],[-59.35849,-38.33318],[-59.3588,-38.33354],[-59.35933,-38.334],[-59.35989,-38.33435],[-59.36055,-38.3346],[-59.3613,-38.33476],[-59.36217,-38.33483],[-59.36319,-38.33479],[-59.36412,-38.33468],[-59.36518,-38.33446],[-59.36589,-38.33425],[-59.36657,-38.33399],[-59.36892,-38.33296],[-59.37016,-38.33248],[-59.37146,-38.33204],[-59.37428,-38.33119],[-59.3749,-38.33098],[-59.37544,-38.33076],[-59.37604,-38.33045],[-59.37639,-38.33022],[-59.37661,-38.33003],[-59.3769,-38.32975],[-59.37784,-38.32869],[-59.37813,-38.32843],[-59.37845,-38.3282],[-59.37881,-38.328],[-59.37909,-38.3279],[-59.37937,-38.32782],[-59.37984,-38.32776],[-59.38031,-38.32777],[-59.38076,-38.32784],[-59.38112,-38.32792],[-59.38163,-38.32809],[-59.38206,-38.32828],[-59.38257,-38.32853],[-59.38318,-38.32888],[-59.38423,-38.32959],[-59.38494,-38.33014],[-59.38576,-38.33082],[-59.38738,-38.33231],[-59.38873,-38.33366],[-59.39037,-38.33544],[-59.39107,-38.33614],[-59.39145,-38.33644],[-59.39175,-38.33663],[-59.39217,-38.33684],[-59.39255,-38.33696],[-59.39298,-38.33701],[-59.39339,-38.33699],[-59.39362,-38.33695],[-59.39398,-38.33685],[-59.3945,-38.33662],[-59.39485,-38.33641],[-59.39534,-38.33603],[-59.39583,-38.33556],[-59.39629,-38.335],[-59.39666,-38.33449],[-59.39691,-38.33406],[-59.39709,-38.33368],[-59.39725,-38.3333],[-59.39739,-38.33281],[-59.39749,-38.33233],[-59.39753,-38.3318],[-59.39751,-38.3312],[-59.39743,-38.33068],[-59.39731,-38.33019],[-59.39716,-38.32971],[-59.39696,-38.32923],[-59.39649,-38.32826],[-59.3962,-38.32776],[-59.39568,-38.32696],[-59.39492,-38.32591],[-59.3938,-38.32453],[-59.39224,-38.32269],[-59.38981,-38.31989],[-59.38718,-38.31693],[-59.38646,-38.31601],[-59.38626,-38.31571],[-59.38611,-38.3154],[-59.38602,-38.31515],[-59.38599,-38.31495],[-59.38601,-38.31468],[-59.3861,-38.31444],[-59.38632,-38.31418],[-59.38647,-38.31405],[-59.38686,-38.3138],[-59.38716,-38.31366],[-59.38778,-38.31342],[-59.38823,-38.31328],[-59.38945,-38.31298],[-59.39074,-38.31278],[-59.39251,-38.31264],[-59.39726,-38.31243],[-59.39894,-38.31244],[-59.40036,-38.31254],[-59.40152,-38.31267],[-59.403,-38.31289],[-59.40398,-38.31308],[-59.40512,-38.31333],[-59.40657,-38.31371],[-59.40999,-38.31466],[-59.41151,-38.31505],[-59.41323,-38.31545],[-59.41604,-38.31605],[-59.41746,-38.31639],[-59.41886,-38.31679],[-59.42122,-38.31752],[-59.42246,-38.31784],[-59.42357,-38.31803],[-59.42464,-38.31813],[-59.42572,-38.31812],[-59.42658,-38.31803],[-59.42716,-38.31791],[-59.42772,-38.31775],[-59.42822,-38.31755],[-59.42866,-38.3173],[-59.42898,-38.31704],[-59.42926,-38.3167],[-59.42942,-38.3164],[-59.42958,-38.31591],[-59.42964,-38.31554],[-59.42966,-38.31525],[-59.42965,-38.31472],[-59.42958,-38.31411],[-59.42933,-38.31296],[-59.42877,-38.31089],[-59.42868,-38.31039],[-59.42864,-38.30995],[-59.42864,-38.30949],[-59.42871,-38.30897],[-59.42886,-38.30849],[-59.42899,-38.30821],[-59.42914,-38.30797],[-59.42945,-38.30762],[-59.42979,-38.30734],[-59.43003,-38.30719],[-59.43051,-38.30695],[-59.43109,-38.30673],[-59.43276,-38.30618],[-59.43351,-38.30587],[-59.43485,-38.30525],[-59.43516,-38.30515],[-59.43546,-38.30509],[-59.4357,-38.30509],[-59.4359,-38.30513],[-59.43609,-38.30522],[-59.43638,-38.30544],[-59.43651,-38.3056],[-59.43669,-38.30589],[-59.43687,-38.30631],[-59.43701,-38.30674],[-59.43756,-38.30903],[-59.4379,-38.31007],[-59.43814,-38.31065],[-59.43841,-38.31115],[-59.43868,-38.3116],[-59.43897,-38.312],[-59.43929,-38.31238],[-59.43965,-38.31275],[-59.44006,-38.31311],[-59.44053,-38.31349],[-59.44109,-38.31388],[-59.44178,-38.31432],[-59.44358,-38.31537],[-59.44441,-38.31579],[-59.44505,-38.31607],[-59.4456,-38.31628],[-59.44621,-38.31647],[-59.44687,-38.31664],[-59.44755,-38.31678],[-59.44828,-38.31689],[-59.44904,-38.31697],[-59.45025,-38.31701],[-59.45148,-38.31695],[-59.45264,-38.3168],[-59.45473,-38.3164],[-59.45563,-38.31628],[-59.45635,-38.31628],[-59.45706,-38.31641],[-59.45746,-38.31654],[-59.45788,-38.31673],[-59.45872,-38.3172],[-59.46215,-38.31954],[-59.46343,-38.32036],[-59.46453,-38.32102],[-59.46549,-38.32154],[-59.46647,-38.322],[-59.46712,-38.32226],[-59.46779,-38.32247],[-59.4689,-38.32272],[-59.47005,-38.32286],[-59.47152,-38.32294],[-59.47445,-38.323],[-59.47553,-38.3231],[-59.47615,-38.32321],[-59.47728,-38.32348],[-59.47814,-38.32374],[-59.47906,-38.32407],[-59.48145,-38.325],[-59.48253,-38.32536],[-59.48373,-38.32569],[-59.48436,-38.32583],[-59.48519,-38.32597],[-59.48626,-38.3261],[-59.48738,-38.32614],[-59.48822,-38.32612],[-59.49034,-38.326],[-59.4914,-38.326],[-59.49237,-38.32609],[-59.4931,-38.32623],[-59.49378,-38.32642],[-59.49426,-38.32659],[-59.49499,-38.32689],[-59.49584,-38.32727],[-59.49793,-38.3283],[-59.49996,-38.32943],[-59.50054,-38.32972],[-59.50123,-38.32998],[-59.50164,-38.33006],[-59.50192,-38.3301],[-59.5023,-38.3301],[-59.5028,-38.33005],[-59.50336,-38.3299],[-59.50402,-38.32962],[-59.50441,-38.3294],[-59.50486,-38.32911],[-59.50545,-38.32869],[-59.50724,-38.32731],[-59.50807,-38.32673],[-59.50869,-38.32635],[-59.50939,-38.32597],[-59.50986,-38.32577],[-59.51046,-38.32556],[-59.51122,-38.32538],[-59.51187,-38.32529],[-59.51248,-38.32525],[-59.51313,-38.32525],[-59.51366,-38.32529],[-59.51425,-38.32536],[-59.51687,-38.32574],[-59.52022,-38.3261],[-59.52182,-38.32635],[-59.52342,-38.32671],[-59.52457,-38.32705],[-59.52552,-38.32737],[-59.52623,-38.32764],[-59.52693,-38.32795],[-59.52755,-38.32827],[-59.52812,-38.32861],[-59.5287,-38.32904],[-59.52898,-38.32929],[-59.52939,-38.32972],[-59.52984,-38.33027],[-59.53112,-38.33208],[-59.53164,-38.33274],[-59.53218,-38.33334],[-59.53266,-38.33377],[-59.53335,-38.33427],[-59.53408,-38.33466],[-59.53453,-38.33484],[-59.53505,-38.33501],[-59.53561,-38.33513],[-59.53603,-38.33519],[-59.53673,-38.33523],[-59.53743,-38.3352],[-59.53816,-38.3351],[-59.53897,-38.33491],[-59.53994,-38.33459],[-59.54267,-38.33353],[-59.54572,-38.33244],[-59.54929,-38.3311],[-59.55021,-38.33082],[-59.55062,-38.33074],[-59.55106,-38.33069],[-59.55174,-38.33069],[-59.55219,-38.33076],[-59.55261,-38.33087],[-59.55343,-38.33117],[-59.5549,-38.3318],[-59.55575,-38.3321],[-59.55653,-38.33232],[-59.55785,-38.33257],[-59.5597,-38.33281],[-59.56128,-38.33296],[-59.5629,-38.33304],[-59.56611,-38.33312],[-59.5674,-38.33323],[-59.56816,-38.33335],[-59.56897,-38.33354],[-59.56968,-38.33376],[-59.57035,-38.33401],[-59.57092,-38.33428],[-59.57143,-38.33457],[-59.57186,-38.33489],[-59.57223,-38.33521],[-59.57259,-38.33563],[-59.57288,-38.33607],[-59.57315,-38.33663],[-59.57335,-38.33723],[-59.57348,-38.33776],[-59.57358,-38.33837],[-59.57365,-38.33898],[-59.57375,-38.34113],[-59.57382,-38.34156],[-59.57391,-38.34189],[-59.57402,-38.34215],[-59.57414,-38.34236],[-59.57443,-38.34266],[-59.57466,-38.34281],[-59.57484,-38.34288],[-59.57519,-38.34294],[-59.57536,-38.34293],[-59.57569,-38.34286],[-59.57594,-38.34276],[-59.57617,-38.34263],[-59.57668,-38.34223],[-59.57706,-38.34183],[-59.57733,-38.3415],[-59.57772,-38.34094],[-59.57892,-38.33887],[-59.57933,-38.33826],[-59.57964,-38.33786],[-59.57997,-38.33749],[-59.58032,-38.33715],[-59.5807,-38.33684],[-59.5811,-38.33655],[-59.58159,-38.33626],[-59.58202,-38.33604],[-59.58254,-38.33584],[-59.58317,-38.33564],[-59.58363,-38.33553],[-59.58435,-38.33539],[-59.58508,-38.3353],[-59.58587,-38.33522],[-59.58669,-38.33519],[-59.58735,-38.33521],[-59.58798,-38.33525],[-59.58925,-38.33544],[-59.5903,-38.33565],[-59.59099,-38.33582],[-59.5923,-38.33622],[-59.59338,-38.33664],[-59.59422,-38.33704],[-59.59582,-38.33794],[-59.59629,-38.33816],[-59.59682,-38.33836],[-59.59717,-38.33843],[-59.59742,-38.33845],[-59.59784,-38.33842],[-59.59815,-38.33832],[-59.59838,-38.33818],[-59.59861,-38.33797],[-59.59875,-38.33775],[-59.59887,-38.3375],[-59.59926,-38.3363],[-59.59941,-38.33593],[-59.5996,-38.33561],[-59.59979,-38.33541],[-59.60004,-38.33527],[-59.60031,-38.3352],[-59.60049,-38.33519],[-59.60076,-38.33523],[-59.60103,-38.33532],[-59.60131,-38.33546],[-59.60178,-38.3358],[-59.60226,-38.33629],[-59.60322,-38.33748],[-59.6039,-38.33822],[-59.60424,-38.33852],[-59.60461,-38.33881],[-59.60502,-38.33908],[-59.60551,-38.33936],[-59.60607,-38.33963],[-59.60667,-38.33987],[-59.60722,-38.34006],[-59.60808,-38.3403],[-59.60857,-38.34041],[-59.6094,-38.34055],[-59.60991,-38.3406],[-59.61066,-38.34064],[-59.61161,-38.34062],[-59.61221,-38.34055],[-59.61281,-38.34044],[-59.61343,-38.34026],[-59.61376,-38.34014],[-59.61424,-38.33992],[-59.61463,-38.33972],[-59.61529,-38.33931],[-59.61575,-38.33899],[-59.61677,-38.33817],[-59.61768,-38.33734],[-59.61915,-38.33588],[-59.61976,-38.33536],[-59.6201,-38.33513],[-59.62047,-38.33493],[-59.6208,-38.33479],[-59.62122,-38.33468],[-59.62176,-38.3346],[-59.62226,-38.33459],[-59.62273,-38.33464],[-59.62318,-38.33472],[-59.62363,-38.33484],[-59.62407,-38.33499],[-59.62468,-38.33526],[-59.62627,-38.3361],[-59.62685,-38.33638],[-59.62731,-38.33655],[-59.62785,-38.3367],[-59.62814,-38.33674],[-59.62858,-38.33678],[-59.62915,-38.33675],[-59.62991,-38.33661],[-59.63052,-38.33643],[-59.63111,-38.33619],[-59.63193,-38.33579],[-59.63513,-38.33405],[-59.63581,-38.33359],[-59.63618,-38.33329],[-59.63647,-38.33301],[-59.63692,-38.33247],[-59.63728,-38.33193],[-59.6377,-38.33115],[-59.63852,-38.32948],[-59.63881,-38.32895],[-59.63937,-38.32804],[-59.63999,-38.32716],[-59.64447,-38.32117],[-59.64492,-38.32063],[-59.64533,-38.32019],[-59.64571,-38.31985],[-59.64612,-38.31952],[-59.64665,-38.31916],[-59.64724,-38.31882],[-59.64791,-38.31849],[-59.6486,-38.31821],[-59.65177,-38.31707],[-59.65491,-38.31584],[-59.65755,-38.31495],[-59.65835,-38.31465],[-59.65911,-38.31434],[-59.65983,-38.31401],[-59.6606,-38.31362],[-59.66301,-38.3122],[-59.66352,-38.31192],[-59.66391,-38.31174],[-59.6643,-38.3116],[-59.66465,-38.31151],[-59.665,-38.31146],[-59.6653,-38.31146],[-59.66565,-38.31151],[-59.66617,-38.31168],[-59.66663,-38.31192],[-59.66699,-38.31215],[-59.66773,-38.31276],[-59.66985,-38.3147],[-59.67087,-38.31552],[-59.67181,-38.31615],[-59.67226,-38.3164],[-59.67362,-38.31708],[-59.67414,-38.31743],[-59.6744,-38.31766],[-59.67465,-38.31793],[-59.67554,-38.31904],[-59.67586,-38.31935],[-59.67616,-38.3196],[-59.67649,-38.31983],[-59.67689,-38.32005],[-59.67772,-38.3204],[-59.6783,-38.32059],[-59.6789,-38.32075],[-59.68061,-38.32111],[-59.6821,-38.32134],[-59.68314,-38.32141],[-59.68414,-38.32136],[-59.68517,-38.32119],[-59.68627,-38.32091],[-59.68825,-38.3203],[-59.68888,-38.32019],[-59.68934,-38.32017],[-59.68975,-38.32022],[-59.6903,-38.32038],[-59.69072,-38.32059],[-59.6912,-38.32092],[-59.69135,-38.32107],[-59.69161,-38.32137],[-59.69175,-38.3216],[-59.6919,-38.32193],[-59.69203,-38.32239],[-59.69211,-38.32289],[-59.69216,-38.32361],[-59.69213,-38.3261],[-59.69215,-38.32663],[-59.69222,-38.32726],[-59.69236,-38.32779],[-59.69259,-38.32825],[-59.69282,-38.32852],[-59.69314,-38.32874],[-59.69353,-38.32886],[-59.69386,-38.32888],[-59.69432,-38.32883],[-59.69585,-38.32842],[-59.69678,-38.32826],[-59.69772,-38.32817],[-59.69964,-38.32807],[-59.70058,-38.32799],[-59.70168,-38.32785],[-59.70448,-38.3274],[-59.70591,-38.3272],[-59.70836,-38.32696],[-59.71174,-38.3267],[-59.71304,-38.32653],[-59.71404,-38.32632],[-59.71517,-38.326],[-59.7162,-38.32562],[-59.71881,-38.32456],[-59.71978,-38.32424],[-59.72072,-38.32401],[-59.72164,-38.32387],[-59.72235,-38.32384],[-59.72278,-38.32386],[-59.72322,-38.32394],[-59.72362,-38.32406],[-59.72389,-38.32418],[-59.72403,-38.32425],[-59.72454,-38.32462],[-59.72482,-38.32488],[-59.72517,-38.32526],[-59.72587,-38.32618],[-59.72662,-38.32734],[-59.72711,-38.32824],[-59.72745,-38.32894],[-59.72777,-38.32978],[-59.7283,-38.33133],[-59.72867,-38.33223],[-59.72917,-38.33317],[-59.72975,-38.33407],[-59.73039,-38.33495],[-59.73111,-38.3358],[-59.73188,-38.33664],[-59.73354,-38.33834],[-59.73459,-38.33948],[-59.73657,-38.34173],[-59.73767,-38.34306],[-59.73839,-38.34405],[-59.73895,-38.34498],[-59.73937,-38.34584],[-59.74007,-38.34747],[-59.74041,-38.3481],[-59.74067,-38.34843],[-59.74092,-38.34865],[-59.74116,-38.34878],[-59.74152,-38.34889],[-59.74177,-38.34892],[-59.74206,-38.34892],[-59.74257,-38.34885],[-59.74293,-38.34875],[-59.74329,-38.34862],[-59.74389,-38.34834],[-59.74442,-38.348],[-59.7449,-38.3476],[-59.74509,-38.3474],[-59.74535,-38.34707],[-59.74558,-38.34669],[-59.74573,-38.34636],[-59.74588,-38.34583],[-59.74595,-38.34541],[-59.74598,-38.34492],[-59.74597,-38.34447],[-59.74591,-38.34369],[-59.74568,-38.34212],[-59.74557,-38.34115],[-59.74554,-38.34034],[-59.7456,-38.33948],[-59.74572,-38.33885],[-59.74589,-38.33829],[-59.74619,-38.33767],[-59.74638,-38.33737],[-59.74667,-38.337],[-59.74707,-38.33659],[-59.74752,-38.33621],[-59.74821,-38.33573],[-59.74888,-38.33534],[-59.74979,-38.33488],[-59.75065,-38.33451],[-59.75179,-38.33406],[-59.7529,-38.33368],[-59.75425,-38.33325],[-59.7555,-38.3329],[-59.75657,-38.33264],[-59.7575,-38.33245],[-59.75824,-38.33234],[-59.75908,-38.33226],[-59.75976,-38.33223],[-59.76054,-38.33226],[-59.76129,-38.33236],[-59.76176,-38.33249],[-59.76203,-38.33262],[-59.76218,-38.33275],[-59.76224,-38.33286],[-59.76224,-38.33298],[-59.7622,-38.3331],[-59.76205,-38.33334],[-59.76163,-38.33374],[-59.75983,-38.3351],[-59.75889,-38.33589],[-59.75838,-38.3364],[-59.75794,-38.33689],[-59.75748,-38.33749],[-59.7572,-38.3379],[-59.75676,-38.33869],[-59.75659,-38.33909],[-59.75646,-38.33949],[-59.75636,-38.34008],[-59.75636,-38.34055],[-59.75643,-38.34099],[-59.75658,-38.34147],[-59.75691,-38.34217],[-59.75736,-38.34286],[-59.75782,-38.34344],[-59.75837,-38.34407],[-59.75938,-38.34513],[-59.76161,-38.34726],[-59.76198,-38.34766],[-59.76226,-38.34803],[-59.76249,-38.34842],[-59.7627,-38.34891],[-59.76282,-38.34929],[-59.76317,-38.35068],[-59.76329,-38.35105],[-59.76344,-38.35143],[-59.76364,-38.35179],[-59.76395,-38.35223],[-59.76428,-38.35262],[-59.7647,-38.35306],[-59.76625,-38.35455],[-59.76724,-38.35544],[-59.76799,-38.35604],[-59.76879,-38.35658],[-59.76942,-38.35694],[-59.77414,-38.35934],[-59.77483,-38.35964],[-59.77555,-38.35988],[-59.7763,-38.36004],[-59.77671,-38.36007],[-59.77726,-38.36003],[-59.77766,-38.35991],[-59.77803,-38.35974],[-59.77847,-38.35943],[-59.77873,-38.35919],[-59.77907,-38.35879],[-59.77993,-38.35759],[-59.78026,-38.35717],[-59.78066,-38.35678],[-59.78094,-38.35658],[-59.78135,-38.35641],[-59.78173,-38.35635],[-59.78209,-38.35637],[-59.78241,-38.35643],[-59.7827,-38.35652],[-59.78313,-38.3567],[-59.78389,-38.35709],[-59.78468,-38.35759],[-59.78551,-38.35816],[-59.78739,-38.35959],[-59.79068,-38.36226],[-59.79128,-38.36271],[-59.79202,-38.36322],[-59.79284,-38.36369],[-59.79344,-38.36396],[-59.79426,-38.36424],[-59.79526,-38.36446],[-59.79596,-38.36457],[-59.79687,-38.36466],[-59.80074,-38.36494],[-59.80236,-38.36499],[-59.80338,-38.36495],[-59.80426,-38.36484],[-59.80479,-38.36473],[-59.8053,-38.36459],[-59.80618,-38.36427],[-59.80791,-38.36351],[-59.80838,-38.36335],[-59.80872,-38.36327],[-59.80922,-38.3632],[-59.80974,-38.3632],[-59.81006,-38.36324],[-59.81056,-38.36336],[-59.81083,-38.36347],[-59.81117,-38.36365],[-59.81156,-38.36392],[-59.81186,-38.36419],[-59.81209,-38.36446],[-59.81228,-38.36473],[-59.81247,-38.36507],[-59.81265,-38.3655],[-59.81281,-38.36615],[-59.8129,-38.36689],[-59.81291,-38.36761],[-59.81287,-38.36902],[-59.81289,-38.36983],[-59.813,-38.37053],[-59.8131,-38.37091],[-59.81329,-38.37135],[-59.81353,-38.37175],[-59.81377,-38.37205],[-59.81404,-38.37232],[-59.81435,-38.37257],[-59.8147,-38.37277],[-59.81513,-38.37296],[-59.81544,-38.37306],[-59.8162,-38.37322],[-59.81849,-38.37351],[-59.82065,-38.37384],[-59.82193,-38.37409],[-59.82475,-38.37469],[-59.82593,-38.37497],[-59.82703,-38.3753],[-59.82769,-38.37553],[-59.82922,-38.37615],[-59.82992,-38.37639],[-59.83042,-38.37653],[-59.83096,-38.37664],[-59.83185,-38.37675],[-59.83227,-38.37677],[-59.83293,-38.37675],[-59.83351,-38.3767],[-59.83405,-38.37661],[-59.83508,-38.37638],[-59.83742,-38.37569],[-59.8384,-38.37544],[-59.8393,-38.3753],[-59.84029,-38.37524],[-59.84117,-38.37526],[-59.84343,-38.37539],[-59.84683,-38.37553],[-59.84825,-38.37565],[-59.85093,-38.37599],[-59.85196,-38.37609],[-59.85304,-38.37615],[-59.85737,-38.37631],[-59.85862,-38.37639],[-59.85974,-38.3765],[-59.8609,-38.37671],[-59.86149,-38.37687],[-59.86212,-38.37709],[-59.8625,-38.37725],[-59.86329,-38.37764],[-59.86556,-38.37892],[-59.86666,-38.37944],[-59.86735,-38.37971],[-59.86796,-38.37992],[-59.86865,-38.38012],[-59.86981,-38.3804],[-59.87098,-38.38063],[-59.87186,-38.38078],[-59.87313,-38.38091],[-59.87411,-38.38092],[-59.87662,-38.38073],[-59.87733,-38.38073],[-59.87842,-38.38082],[-59.87926,-38.38094],[-59.88023,-38.38113],[-59.88269,-38.38174],[-59.88339,-38.38189],[-59.88417,-38.38201],[-59.88504,-38.38211],[-59.88619,-38.38219],[-59.88679,-38.38221],[-59.88739,-38.38218],[-59.88806,-38.38211],[-59.88853,-38.38201],[-59.8892,-38.38184],[-59.89222,-38.38089],[-59.89331,-38.38061],[-59.89402,-38.38051],[-59.89452,-38.38049],[-59.89502,-38.38053],[-59.89554,-38.38063],[-59.89601,-38.38079],[-59.89636,-38.38097],[-59.89674,-38.38122],[-59.89711,-38.38154],[-59.89748,-38.38192],[-59.89783,-38.38232],[-59.89902,-38.38391],[-59.89964,-38.38467],[-59.90002,-38.38505],[-59.90038,-38.38536],[-59.90114,-38.3859],[-59.90179,-38.38626],[-59.90244,-38.38657],[-59.90426,-38.38733],[-59.90597,-38.38794],[-59.90857,-38.38875],[-59.90921,-38.38898],[-59.90955,-38.38913],[-59.91005,-38.3894],[-59.91042,-38.38967],[-59.91077,-38.38999],[-59.91185,-38.39113],[-59.91227,-38.39149],[-59.91281,-38.39188],[-59.91345,-38.39225],[-59.91429,-38.39267],[-59.91523,-38.39305],[-59.91582,-38.39326],[-59.91695,-38.39358],[-59.91801,-38.39379],[-59.91899,-38.3939],[-59.92004,-38.39394],[-59.92105,-38.39392],[-59.92246,-38.39381],[-59.92378,-38.39366],[-59.92617,-38.39332],[-59.92745,-38.39318],[-59.92828,-38.39315],[-59.92879,-38.39316],[-59.9294,-38.3932],[-59.93003,-38.39327],[-59.93071,-38.3934],[-59.93134,-38.39355],[-59.93209,-38.39377],[-59.93266,-38.39397],[-59.93372,-38.39441],[-59.93584,-38.39542],[-59.93666,-38.39571],[-59.93727,-38.39585],[-59.938,-38.39594],[-59.93875,-38.39599],[-59.94083,-38.39603],[-59.9418,-38.39608],[-59.94272,-38.39619],[-59.94355,-38.39635],[-59.94443,-38.39658],[-59.94507,-38.39679],[-59.94707,-38.39755],[-59.94927,-38.39829],[-59.94993,-38.39856],[-59.95042,-38.39881],[-59.95073,-38.39901],[-59.95105,-38.39928],[-59.95132,-38.39958],[-59.95154,-38.39993],[-59.95171,-38.40028],[-59.95224,-38.40169],[-59.95251,-38.40228],[-59.95273,-38.40265],[-59.95292,-38.40292],[-59.95333,-38.40335],[-59.95363,-38.40358],[-59.95387,-38.40372],[-59.95431,-38.40393],[-59.95456,-38.40402],[-59.95512,-38.40418],[-59.95662,-38.4045],[-59.95711,-38.40465],[-59.95749,-38.40481],[-59.95844,-38.4053],[-59.95915,-38.40573],[-59.95984,-38.40619],[-59.96047,-38.40665],[-59.96105,-38.40714],[-59.96158,-38.40763],[-59.96201,-38.40807],[-59.96235,-38.40847],[-59.96289,-38.40914],[-59.96454,-38.41142],[-59.96495,-38.41192],[-59.96538,-38.41236],[-59.96601,-38.41286],[-59.9666,-38.41322],[-59.96721,-38.41349],[-59.96773,-38.41365],[-59.96807,-38.41373],[-59.96855,-38.41379],[-59.96919,-38.41381],[-59.96979,-38.41375],[-59.97032,-38.41363],[-59.97092,-38.41345],[-59.97168,-38.41314],[-59.97259,-38.41267],[-59.97314,-38.41233],[-59.97353,-38.41206],[-59.97394,-38.41173],[-59.9743,-38.41139],[-59.97463,-38.41104],[-59.97517,-38.41037],[-59.97648,-38.40841],[-59.97694,-38.40783],[-59.97721,-38.40756],[-59.97746,-38.40735],[-59.97772,-38.40717],[-59.97817,-38.40693],[-59.97891,-38.40665],[-59.97955,-38.40649],[-59.98268,-38.40592],[-59.9859,-38.40517],[-59.98648,-38.40508],[-59.98678,-38.40506],[-59.98702,-38.40506],[-59.98735,-38.40513],[-59.98756,-38.40525],[-59.98767,-38.40537],[-59.98778,-38.40561],[-59.98784,-38.40598],[-59.98784,-38.40634],[-59.98779,-38.40675],[-59.98749,-38.40843],[-59.98738,-38.40931],[-59.98735,-38.40996],[-59.98737,-38.41041],[-59.98743,-38.4109],[-59.98756,-38.41155],[-59.98782,-38.41234],[-59.9881,-38.41295],[-59.98845,-38.41356],[-59.98882,-38.41409],[-59.98936,-38.41476],[-59.99167,-38.41743],[-59.99437,-38.42068],[-59.99496,-38.42135],[-59.99564,-38.42205],[-59.99627,-38.42263],[-59.99663,-38.42293],[-59.99735,-38.42346],[-59.99791,-38.42383],[-59.99859,-38.42423],[-59.99933,-38.42461],[-59.99981,-38.42481],[-59.99995,-38.42485],[-60.0,-38.42484]]]}},{"type":"Feature","properties":{"fdc":"Atlas 500k 1° Ediciónl","sag":"IGN","crv":50,"mo2":2,"tipo":"Curva de nivel","ign":"lineas_de_geomorfologia_CA010.5739"},"geometry":{"type":"MultiLineString","coordinates":[[[-59.06,-38.44461],[-59.05981,-38.4445],[-59.05964,-38.44436],[-59.05936,-38.44404],[-59.05907,-38.44361],[-59.05889,-38.44322],[-59.05882,-38.44301],[-59.05873,-38.44264],[-59.05872,-38.44227],[-59.05882,-38.44181],[-59.05901,-38.4414],[-59.05925,-38.44107],[-59.05965,-38.44069],[-59.06006,-38.44042],[-59.06053,-38.44022],[-59.06096,-38.4401],[-59.06156,-38.44005],[-59.06199,-38.44011],[-59.06217,-38.44016],[-59.06243,-38.44028],[-59.06261,-38.4404],[-59.06277,-38.44054],[-59.06302,-38.44086],[-59.06319,-38.44124],[-59.06326,-38.4415],[-59.0633,-38.4419],[-59.06326,-38.44239],[-59.06318,-38.44274],[-59.06297,-38.44323],[-59.06279,-38.44353],[-59.0625,-38.44386],[-59.0622,-38.44409],[-59.06171,-38.44435],[-59.06138,-38.44447],[-59.0608,-38.4446],[-59.06028,-38.44464],[-59.06,-38.44461]]]}},{"type":"Feature","properties":{"fdc":"Atlas 500k 1° Ediciónl","sag":"IGN","crv":50,"mo2":2,"tipo":"Curva de nivel","ign":"lineas_de_geomorfologia_CA010.5740"},"geometry":{"type":"MultiLineString","coordinates":[[[-58.96638,-38.40549],[-58.9684,-38.40569],[-58.9696,-38.40585],[-58.9706,-38.40603],[-58.97132,-38.40618],[-58.97205,-38.40638],[-58.97471,-38.40726],[-58.97529,-38.40742],[-58.97599,-38.40758],[-58.97683,-38.40771],[-58.97765,-38.40776],[-58.97837,-38.40776],[-58.98041,-38.40767],[-58.98116,-38.40767],[-58.98224,-38.40774],[-58.98556,-38.40818],[-58.98846,-38.40847],[-58.98976,-38.40863],[-58.99051,-38.40875],[-58.99135,-38.40893],[-58.99272,-38.4093],[-58.9938,-38.40967],[-58.99514,-38.41018],[-58.99642,-38.41073],[-58.99859,-38.41172],[-58.99969,-38.41217],[-59.00089,-38.41253],[-59.00312,-38.41309],[-59.0038,-38.41329],[-59.00446,-38.41353],[-59.00496,-38.41376],[-59.00552,-38.41405],[-59.00612,-38.41441],[-59.00808,-38.41568],[-59.00892,-38.41615],[-59.00964,-38.4165],[-59.01052,-38.41686],[-59.01288,-38.41766],[-59.01395,-38.41806],[-59.01581,-38.41879],[-59.01726,-38.41942],[-59.01851,-38.42004],[-59.02366,-38.42288],[-59.02506,-38.42376],[-59.02689,-38.42506],[-59.02747,-38.4254],[-59.02799,-38.42562],[-59.0283,-38.42571],[-59.02865,-38.42577],[-59.02901,-38.42581],[-59.02945,-38.42581],[-59.03033,-38.42572],[-59.03237,-38.42538],[-59.0333,-38.42526],[-59.03421,-38.42521],[-59.03471,-38.42523],[-59.03513,-38.42529],[-59.03587,-38.42547],[-59.03638,-38.42566],[-59.03772,-38.42622],[-59.03856,-38.42648],[-59.03909,-38.42659],[-59.03975,-38.42668],[-59.04282,-38.42696],[-59.04404,-38.42717],[-59.04493,-38.42738],[-59.04789,-38.42821],[-59.05173,-38.42915],[-59.05454,-38.43001],[-59.05555,-38.43028],[-59.05631,-38.43044],[-59.05719,-38.43059],[-59.06007,-38.43095],[-59.06063,-38.43105],[-59.0614,-38.43123],[-59.06185,-38.43137],[-59.06241,-38.43158],[-59.06346,-38.43207],[-59.06636,-38.43371],[-59.0696,-38.43558],[-59.07055,-38.43605],[-59.07129,-38.43631],[-59.07194,-38.43647],[-59.07282,-38.43658],[-59.07354,-38.43661],[-59.07599,-38.43659],[-59.07677,-38.43665],[-59.07757,-38.43678],[-59.07833,-38.437],[-59.07895,-38.43724],[-59.07945,-38.43748],[-59.08106,-38.43835],[-59.0817,-38.43865],[-59.08211,-38.43881],[-59.08299,-38.43909],[-59.08506,-38.43966],[-59.08743,-38.44044],[-59.0885,-38.44069],[-59.08927,-38.44082],[-59.09027,-38.44092],[-59.0924,-38.44109],[-59.09343,-38.44124],[-59.09416,-38.44141],[-59.09478,-38.44158],[-59.09587,-38.44192],[-59.09679,-38.44224],[-59.09777,-38.44264],[-59.09846,-38.44294],[-59.10189,-38.44465],[-59.10345,-38.44537],[-59.10475,-38.4459],[-59.10804,-38.44718],[-59.10885,-38.44753],[-59.10962,-38.44789],[-59.11092,-38.44858],[-59.11256,-38.44953],[-59.11349,-38.45014],[-59.11492,-38.45118],[-59.11551,-38.45156],[-59.11614,-38.45189],[-59.11665,-38.45208],[-59.11708,-38.45219],[-59.11767,-38.45225],[-59.11823,-38.45223],[-59.1187,-38.45216],[-59.11916,-38.45204],[-59.11979,-38.45183],[-59.12312,-38.45044],[-59.12419,-38.45007],[-59.12491,-38.44989],[-59.12546,-38.44981],[-59.12601,-38.4498],[-59.12658,-38.44984],[-59.1271,-38.44994],[-59.12794,-38.45021],[-59.13071,-38.45144],[-59.13419,-38.45277],[-59.13689,-38.45393],[-59.13854,-38.45458],[-59.13959,-38.45494],[-59.14073,-38.4553],[-59.14176,-38.45558],[-59.14304,-38.45589],[-59.14522,-38.45632],[-59.1467,-38.45657],[-59.14779,-38.45672],[-59.14914,-38.45685],[-59.1523,-38.45706],[-59.15539,-38.45738],[-59.15654,-38.45744],[-59.1574,-38.45745],[-59.15808,-38.45742],[-59.16004,-38.45726],[-59.16082,-38.45722],[-59.1616,-38.45724],[-59.16227,-38.45732],[-59.16303,-38.45749],[-59.16395,-38.45779],[-59.16622,-38.45878],[-59.16879,-38.45981],[-59.17123,-38.46091],[-59.1721,-38.46123],[-59.17272,-38.4614],[-59.17356,-38.46156],[-59.17451,-38.46166],[-59.17756,-38.46177],[-59.1788,-38.46187],[-59.17961,-38.46199],[-59.18191,-38.46246],[-59.18277,-38.4626],[-59.18349,-38.46265],[-59.18421,-38.46266],[-59.18494,-38.46262],[-59.18556,-38.46254],[-59.18668,-38.46233],[-59.18895,-38.46172],[-59.1901,-38.46147],[-59.1908,-38.46135],[-59.19158,-38.46126],[-59.19241,-38.4612],[-59.19329,-38.46117],[-59.19525,-38.4612],[-59.19986,-38.4614],[-59.20119,-38.46149],[-59.20264,-38.4617],[-59.20512,-38.46224],[-59.20595,-38.46236],[-59.2064,-38.46238],[-59.20712,-38.46237],[-59.20758,-38.46232],[-59.20945,-38.46199],[-59.21029,-38.46189],[-59.21107,-38.46187],[-59.21142,-38.4619],[-59.21199,-38.46198],[-59.2126,-38.46213],[-59.21322,-38.46234],[-59.21375,-38.46255],[-59.21435,-38.46284],[-59.21549,-38.4635],[-59.21878,-38.46557],[-59.21994,-38.46637],[-59.22067,-38.46692]]]}},{"type":"Feature","properties":{"fdc":"Atlas 500k 1° Ediciónl","sag":"IGN","crv":40,"mo2":2,"tipo":"Curva de nivel","ign":"lineas_de_geomorfologia_CA010.17461"},"geometry":{"type":"MultiLineString","coordinates":[[[-58.96632,-38.44725],[-58.96638,-38.44729],[-58.96676,-38.44749],[-58.96707,-38.44762],[-58.96761,-38.44778],[-58.96813,-38.44786],[-58.96865,-38.44789],[-58.96911,-38.44787],[-58.97004,-38.44777],[-58.97168,-38.44748]]]}},{"type":"Feature","properties":{"fdc":"SIG 250 mil","sag":"IGN","crv":120,"mo2":6,"tipo":"Curva de nivel","ign":"lineas_de_geomorfologia_CA010.109883"},"geometry":{"type":"MultiLineString","coordinates":[[[-59.35602,-38.11199],[-59.35597,-38.11196],[-59.35359,-38.11063],[-59.35141,-38.11138],[-59.34852,-38.11136],[-59.34324,-38.11272],[-59.34079,-38.11246],[-59.33959,-38.11112],[-59.34081,-38.10979],[-59.34058,-38.10846],[-59.33866,-38.10769],[-59.33649,-38.10748],[-59.33225,-38.10908],[-59.32849,-38.11096],[-59.32656,-38.11124],[-59.32487,-38.11047],[-59.32453,-38.10884],[-59.32661,-38.10571],[-59.32627,-38.10227],[-59.32762,-38.10076],[-59.32836,-38.09904],[-59.32803,-38.09782]]]}},{"type":"Feature","properties":{"fdc":"SIG 250 mil","sag":"IGN","crv":150,"mo2":6,"tipo":"Curva de nivel","ign":"lineas_de_geomorfologia_CA010.109333"},"geometry":{"type":"MultiLineString","coordinates":[[[-59.33393,-37.9843],[-59.33148,-37.98383],[-59.33033,-37.98205],[-59.33144,-37.9804],[-59.33282,-37.97874],[-59.33392,-37.97714],[-59.33502,-37.97549],[-59.33641,-37.97401],[-59.33826,-37.97363],[-59.33915,-37.97381],[-59.33966,-37.97408],[-59.34097,-37.97506],[-59.33957,-37.9766],[-59.33919,-37.97854],[-59.33881,-37.98072],[-59.33814,-37.98266],[-59.33625,-37.9838],[-59.33393,-37.9843]]]}},{"type":"Feature","properties":{"fdc":"SIG 250 mil","sag":"IGN","crv":140,"mo2":6,"tipo":"Curva de nivel","ign":"lineas_de_geomorfologia_CA010.109683"},"geometry":{"type":"MultiLineString","coordinates":[[[-59.4836,-38.02185],[-59.48415,-38.02322],[-59.4791,-38.02734],[-59.47727,-38.0281],[-59.47652,-38.03153],[-59.47651,-38.03325],[-59.47771,-38.03459],[-59.47987,-38.0346],[-59.48351,-38.03289],[-59.48436,-38.03278],[-59.48505,-38.03291],[-59.48585,-38.03359],[-59.48596,-38.03429],[-59.48486,-38.03686],[-59.48395,-38.03805],[-59.48032,-38.04013],[-59.48031,-38.04165],[-59.48199,-38.04242],[-59.48404,-38.04186],[-59.48804,-38.04347]]]}},{"type":"Feature","properties":{"fdc":"SIG 250 mil","sag":"IGN","crv":150,"mo2":6,"tipo":"Curva de nivel","ign":"lineas_de_geomorfologia_CA010.109392"},"geometry":{"type":"MultiLineString","coordinates":[[[-59.38551,-37.99587],[-59.38356,-37.99483],[-59.38408,-37.99306],[-59.38446,-37.99117],[-59.38462,-37.98917],[-59.38745,-37.98722],[-59.38777,-37.9873],[-59.38844,-37.98768],[-59.38823,-37.98975],[-59.38894,-37.99165],[-59.38878,-37.99365],[-59.38783,-37.99542],[-59.38551,-37.99587]]]}},{"type":"Feature","properties":{"fdc":"SIG 250 mil","sag":"IGN","crv":140,"mo2":6,"tipo":"Curva de nivel","ign":"lineas_de_geomorfologia_CA010.109554"},"geometry":{"type":"MultiLineString","coordinates":[[[-59.34376,-38.0],[-59.34297,-38.00283],[-59.34092,-38.00339],[-59.33886,-38.00433],[-59.33669,-38.0047],[-59.33453,-38.00392],[-59.33236,-38.00391],[-59.33114,-38.00543],[-59.32944,-38.00657],[-59.32671,-38.00568],[-59.32368,-38.00386],[-59.32151,-38.00499],[-59.31934,-38.00517],[-59.31816,-38.00174],[-59.31649,-38.00058],[-59.3167,-38]]]}},{"type":"Feature","properties":{"fdc":"SIG 250 mil","sag":"IGN","crv":130,"mo2":6,"tipo":"Curva de nivel","ign":"lineas_de_geomorfologia_CA010.109630"},"geometry":{"type":"MultiLineString","coordinates":[[[-59.21029,-38.00935],[-59.20904,-38.01102],[-59.20926,-38.01231],[-59.20935,-38.01435],[-59.21038,-38.0163],[-59.21056,-38.01889],[-59.21022,-38.02057],[-59.21114,-38.02243],[-59.21089,-38.02419],[-59.20994,-38.02501],[-59.20747,-38.02538],[-59.20367,-38.02542],[-59.20259,-38.02522],[-59.20152,-38.02378],[-59.20094,-38.02235],[-59.19891,-38.02015],[-59.19845,-38.01871],[-59.19606,-38.01584],[-59.1956,-38.0145],[-59.19448,-38.01404],[-59.19068,-38.01611],[-59.19015,-38.01924],[-59.18939,-38.01999],[-59.18746,-38.01988],[-59.18148,-38.01745],[-59.17749,-38.01723],[-59.17692,-38.01631],[-59.17729,-38.01342],[-59.17695,-38.01189],[-59.17829,-38.01075],[-59.17926,-38.01038],[-59.17975,-38.00943],[-59.17904,-38.00829],[-59.17788,-38.00685],[-59.17777,-38.00592],[-59.17685,-38.00526],[-59.17626,-38.00517],[-59.17535,-38.00601],[-59.17419,-38.00721],[-59.17326,-38.00834],[-59.17323,-38.01072],[-59.1725,-38.0111],[-59.17153,-38.01118],[-59.16962,-38.01041],[-59.16914,-38.00876],[-59.1686,-38.00684],[-59.16733,-38.00528],[-59.16686,-38.0044],[-59.16716,-38.00314],[-59.16706,-38.00171],[-59.1661,-38.00133],[-59.16503,-38.00216],[-59.16402,-38.00425],[-59.16377,-38.00753],[-59.16359,-38.00979],[-59.16238,-38.01093],[-59.16166,-38.01102],[-59.15994,-38.01067],[-59.15746,-38.0087],[-59.15553,-38.00907],[-59.15457,-38.00887],[-59.15338,-38.00762],[-59.15244,-38.00542],[-59.15113,-38.00408],[-59.15146,-38.00262],[-59.15169,-38.00165],[-59.15158,-38.0]]]}},{"type":"Feature","properties":{"fdc":"SIG 250 mil","sag":"IGN","crv":140,"mo2":6,"tipo":"Curva de nivel","ign":"lineas_de_geomorfologia_CA010.109626"},"geometry":{"type":"MultiLineString","coordinates":[[[-59.38023,-38],[-59.38053,-38.00031],[-59.38079,-38.00057],[-59.38128,-38.00106],[-59.38157,-38.00123],[-59.38188,-38.00148],[-59.38193,-38.00166],[-59.38181,-38.00189],[-59.38123,-38.00243],[-59.38087,-38.00266],[-59.38076,-38.00298],[-59.3807,-38.00322],[-59.38071,-38.00339],[-59.38089,-38.00356],[-59.38193,-38.00391],[-59.38224,-38.00401],[-59.38255,-38.00408],[-59.38292,-38.00402],[-59.38321,-38.00399],[-59.38355,-38.00402],[-59.384,-38.00415],[-59.38436,-38.00433],[-59.38467,-38.00463],[-59.38482,-38.00507],[-59.38486,-38.00541],[-59.38488,-38.00554],[-59.38535,-38.00672],[-59.38556,-38.00701],[-59.38587,-38.00715],[-59.38649,-38.0072],[-59.38715,-38.00714],[-59.38918,-38.00688],[-59.38972,-38.00684],[-59.39009,-38.00689],[-59.39038,-38.00708],[-59.39119,-38.00747],[-59.39136,-38.00754],[-59.39163,-38.00764],[-59.39193,-38.00769],[-59.39322,-38.00782],[-59.39355,-38.00785],[-59.39396,-38.00781],[-59.39424,-38.00771],[-59.39522,-38.00737],[-59.39555,-38.00728],[-59.39578,-38.00725],[-59.39619,-38.00723],[-59.39648,-38.0073],[-59.39764,-38.00769],[-59.39821,-38.00831],[-59.39867,-38.009],[-59.39933,-38.00911],[-59.40007,-38.00901],[-59.40013,-38.00901],[-59.40067,-38.00899],[-59.4012,-38.00908],[-59.40158,-38.00928],[-59.40292,-38.0102],[-59.40396,-38.01041],[-59.40432,-38.01041],[-59.40475,-38.01033],[-59.40513,-38.01003],[-59.40537,-38.00963],[-59.40558,-38.00926],[-59.40511,-38.00773],[-59.40543,-38.00674],[-59.40551,-38.00647],[-59.40572,-38.0062],[-59.40609,-38.00602],[-59.40777,-38.00533],[-59.40811,-38.00517],[-59.40837,-38.005],[-59.40859,-38.00465],[-59.40939,-38.00295],[-59.40952,-38.00265],[-59.40987,-38.00238],[-59.41031,-38.00218],[-59.41191,-38.00205],[-59.41394,-38.00253],[-59.41541,-38.00475],[-59.41557,-38.005],[-59.41627,-38.00532],[-59.41696,-38.00554],[-59.41772,-38.00573],[-59.42115,-38.006],[-59.42154,-38.00603],[-59.42208,-38.0059],[-59.42248,-38.00571],[-59.42291,-38.00529],[-59.42333,-38.00468],[-59.42278,-38.00217],[-59.42275,-38.00174],[-59.42279,-38.00128],[-59.42305,-38.00095],[-59.4234,-38.00046],[-59.42357,-38.00024],[-59.42397,-38.0001],[-59.42447,-38.00014],[-59.42536,-38.0003],[-59.42579,-38.00051],[-59.42584,-38.00102],[-59.42581,-38.00155],[-59.42563,-38.00383],[-59.42656,-38.00519],[-59.42688,-38.00544],[-59.42776,-38.00586],[-59.42878,-38.00616],[-59.43103,-38.00681],[-59.43258,-38.00825],[-59.43292,-38.00845],[-59.43372,-38.00895],[-59.43429,-38.00918],[-59.43567,-38.00919],[-59.43769,-38.00915],[-59.43832,-38.00918],[-59.43867,-38.00922],[-59.43911,-38.00935],[-59.44052,-38.00982],[-59.44152,-38.01042],[-59.44201,-38.01083],[-59.44216,-38.01121],[-59.44195,-38.01161],[-59.44126,-38.01247],[-59.44088,-38.01379],[-59.44085,-38.0139],[-59.44086,-38.01406],[-59.44087,-38.0142],[-59.4409,-38.01433],[-59.44096,-38.01442],[-59.44102,-38.01448],[-59.44192,-38.01532],[-59.44198,-38.01537],[-59.44219,-38.01547],[-59.44244,-38.01556],[-59.44268,-38.01564],[-59.44389,-38.01586],[-59.444,-38.01589],[-59.44411,-38.01589],[-59.44432,-38.01587],[-59.44455,-38.01582],[-59.44477,-38.01574],[-59.44574,-38.0153],[-59.44596,-38.01519],[-59.44608,-38.01509],[-59.44617,-38.01497],[-59.44725,-38.01347],[-59.44879,-38.01243],[-59.44904,-38.01234],[-59.44923,-38.01229],[-59.44953,-38.01231],[-59.4497,-38.01236],[-59.45011,-38.01237],[-59.45037,-38.01238],[-59.45087,-38.01234],[-59.45135,-38.01225],[-59.45171,-38.0121],[-59.45209,-38.01199],[-59.45253,-38.0117],[-59.45285,-38.01143],[-59.45295,-38.01094],[-59.45309,-38.01057],[-59.45327,-38.01002],[-59.45342,-38.0098],[-59.45354,-38.00972],[-59.4538,-38.00963],[-59.45402,-38.00952],[-59.45432,-38.0094],[-59.45472,-38.00931],[-59.4551,-38.0093],[-59.45557,-38.00924],[-59.45623,-38.0094],[-59.45663,-38.00961],[-59.45728,-38.00983],[-59.4579,-38.00985],[-59.45947,-38.00972],[-59.46033,-38.00985],[-59.46074,-38.01004],[-59.46102,-38.0103],[-59.46176,-38.01085],[-59.4632,-38.01128],[-59.46511,-38.01174],[-59.4673,-38.01228],[-59.46664,-38.01421],[-59.46487,-38.0167],[-59.46006,-38.01918],[-59.45532,-38.01999],[-59.45153,-38.0215],[-59.45151,-38.02322],[-59.45319,-38.02418],[-59.45536,-38.0239],[-59.45679,-38.02333],[-59.45773,-38.02271],[-59.45872,-38.02244],[-59.46007,-38.0224],[-59.46214,-38.02267],[-59.46289,-38.02274],[-59.46369,-38.02274],[-59.46521,-38.02225],[-59.46611,-38.02153],[-59.46672,-38.02052],[-59.46943,-38.01895],[-59.47136,-38.01838],[-59.47252,-38.0179],[-59.47449,-38.01674],[-59.47646,-38.01702],[-59.47805,-38.01943],[-59.48112,-38.02047]]]}},{"type":"Feature","properties":{"fdc":"SIG 250 mil","sag":"IGN","crv":150,"mo2":6,"tipo":"Curva de nivel","ign":"lineas_de_geomorfologia_CA010.109679"},"geometry":{"type":"MultiLineString","coordinates":[[[-59.05844,-37.89733],[-59.05907,-37.89917],[-59.06188,-37.89982],[-59.06313,-37.89823],[-59.06537,-37.89767],[-59.06775,-37.89769],[-59.07007,-37.89719],[-59.07238,-37.89749],[-59.07417,-37.89917],[-59.07661,-37.89998],[-59.07893,-37.89977],[-59.08139,-37.89956],[-59.0837,-37.89929],[-59.08552,-37.89816],[-59.08746,-37.89748],[-59.08895,-37.89699],[-59.09067,-37.89482],[-59.09216,-37.89449],[-59.09405,-37.89568],[-59.09317,-37.89836],[-59.09252,-37.89987],[-59.09207,-37.90188],[-59.08972,-37.90304],[-59.08843,-37.90521],[-59.08757,-37.90638],[-59.08793,-37.90797],[-59.09011,-37.90712],[-59.09223,-37.90574],[-59.09332,-37.9039],[-59.09503,-37.90191],[-59.0961,-37.9009],[-59.09656,-37.89949],[-59.09766,-37.89772],[-59.10019,-37.89803],[-59.09987,-37.90009],[-59.09877,-37.90191],[-59.09947,-37.90381],[-59.1001,-37.90559],[-59.10131,-37.90714],[-59.10383,-37.90762],[-59.10566,-37.90625],[-59.10783,-37.90564],[-59.10979,-37.90457],[-59.11197,-37.90366],[-59.1145,-37.90368],[-59.11636,-37.90507],[-59.11888,-37.90572],[-59.12119,-37.90585],[-59.12255,-37.90734],[-59.12456,-37.9085],[-59.12723,-37.90869],[-59.12962,-37.90837],[-59.13179,-37.90746],[-59.13376,-37.90622],[-59.134,-37.90427],[-59.13373,-37.90238],[-59.13018,-37.90318],[-59.12769,-37.89913],[-59.12794,-37.89577],[-59.1312,-37.89572],[-59.13351,-37.89602],[-59.13574,-37.89672],[-59.1382,-37.89685],[-59.13977,-37.89824],[-59.14201,-37.89877],[-59.1441,-37.89798],[-59.14442,-37.89603],[-59.14673,-37.89576],[-59.14882,-37.89686],[-59.1493,-37.89887],[-59.15036,-37.90054],[-59.15143,-37.90226],[-59.15396,-37.90205],[-59.15649,-37.90184],[-59.15873,-37.90128],[-59.15912,-37.89945],[-59.15812,-37.89767],[-59.15865,-37.89561],[-59.15766,-37.89371],[-59.15926,-37.89241],[-59.16058,-37.89093],[-59.16312,-37.89043],[-59.16593,-37.88848],[-59.16722,-37.88665],[-59.16934,-37.88666],[-59.16932,-37.88818],[-59.1693,-37.89036],[-59.16989,-37.8919],[-59.17154,-37.89329],[-59.17377,-37.89393],[-59.17615,-37.89389],[-59.17811,-37.89281],[-59.18043,-37.89277],[-59.18243,-37.89404],[-59.18489,-37.89371],[-59.18585,-37.892],[-59.18717,-37.89023],[-59.18934,-37.88968],[-59.19037,-37.88791],[-59.19337,-37.88531],[-59.1959,-37.88667],[-59.19651,-37.88852],[-59.19712,-37.89037],[-59.19753,-37.89273],[-59.19814,-37.89458],[-59.19766,-37.89534],[-59.19989,-37.8961],[-59.20103,-37.89782],[-59.20275,-37.89915],[-59.20443,-37.89983],[-59.20527,-37.90067],[-59.20583,-37.90226],[-59.2097,-37.90272],[-59.20911,-37.89885],[-59.20807,-37.89734],[-59.20832,-37.89347],[-59.20813,-37.89129],[-59.209,-37.88928],[-59.20879,-37.88844],[-59.21262,-37.88678],[-59.21409,-37.88797],[-59.21492,-37.88948],[-59.21532,-37.89149],[-59.2156,-37.89333],[-59.2163,-37.89505],[-59.21737,-37.89678],[-59.21613,-37.89848],[-59.21611,-37.90032],[-59.21782,-37.9017],[-59.21936,-37.90022],[-59.22167,-37.89967],[-59.22357,-37.89847],[-59.22459,-37.89664],[-59.22704,-37.89695],[-59.22819,-37.89856],[-59.22816,-37.90068],[-59.22713,-37.90233],[-59.22683,-37.90422],[-59.22892,-37.90498],[-59.23043,-37.90554],[-59.23319,-37.90455],[-59.23553,-37.90407],[-59.23872,-37.90274],[-59.24022,-37.90074],[-59.24321,-37.8979],[-59.24596,-37.89842],[-59.24679,-37.90078],[-59.24506,-37.90379],[-59.24356,-37.90563],[-59.24291,-37.90697],[-59.24374,-37.90815],[-59.24442,-37.90884],[-59.24643,-37.90989],[-59.24822,-37.9111],[-59.25024,-37.91209],[-59.25182,-37.91358],[-59.25368,-37.91468],[-59.25593,-37.9136],[-59.25797,-37.91253],[-59.26028,-37.91203],[-59.26274,-37.91181],[-59.26499,-37.91091],[-59.26715,-37.9115],[-59.26677,-37.91338],[-59.26582,-37.91504],[-59.26472,-37.91692],[-59.26441,-37.91887],[-59.26439,-37.92087],[-59.26466,-37.92282],[-59.265,-37.925],[-59.26607,-37.92661],[-59.26714,-37.92839],[-59.26944,-37.92954],[-59.27198,-37.92927],[-59.27436,-37.92854],[-59.27704,-37.9285],[-59.27767,-37.93056],[-59.27932,-37.93189],[-59.27988,-37.93407],[-59.27921,-37.93584],[-59.28079,-37.93739],[-59.2841,-37.93904],[-59.28746,-37.93766],[-59.28883,-37.9362],[-59.29136,-37.93515],[-59.29538,-37.93584],[-59.29515,-37.93752],[-59.29409,-37.93835],[-59.29472,-37.93903],[-59.29508,-37.93976],[-59.29695,-37.94109],[-59.29852,-37.94253],[-59.30075,-37.94368],[-59.30335,-37.94398],[-59.30589,-37.94389],[-59.30861,-37.94385],[-59.31417,-37.94411],[-59.31584,-37.94631],[-59.31477,-37.94765],[-59.31369,-37.94932],[-59.31305,-37.95079],[-59.31203,-37.95274],[-59.31237,-37.95475],[-59.31351,-37.95658],[-59.31574,-37.95739],[-59.31776,-37.95826],[-59.31919,-37.95993],[-59.32034,-37.9616],[-59.32257,-37.96252],[-59.3251,-37.96288],[-59.32755,-37.96318],[-59.33008,-37.96342],[-59.33202,-37.96464],[-59.33455,-37.96494],[-59.33687,-37.96443],[-59.3394,-37.96461],[-59.34185,-37.96515],[-59.34438,-37.9655],[-59.34698,-37.96568],[-59.34951,-37.96598],[-59.35109,-37.96736],[-59.35341,-37.96645],[-59.3555,-37.96733],[-59.35694,-37.96882],[-59.35888,-37.96992],[-59.36156,-37.9697],[-59.36402,-37.9692],[-59.36626,-37.96869],[-59.36887,-37.96859],[-59.37119,-37.96826],[-59.37357,-37.96781],[-59.37596,-37.96782],[-59.37827,-37.96817],[-59.38088,-37.9679],[-59.38359,-37.96796],[-59.38528,-37.96855],[-59.38652,-37.9686],[-59.38751,-37.969],[-59.38932,-37.97086],[-59.39242,-37.97134],[-59.39488,-37.97157],[-59.39682,-37.97153],[-59.39739,-37.97422],[-59.39672,-37.97622],[-59.39605,-37.97811],[-59.39503,-37.97988],[-59.39545,-37.98177],[-59.39674,-37.98327],[-59.39861,-37.98459],[-59.40115,-37.9846],[-59.40325,-37.98352],[-59.40485,-37.98204],[-59.40746,-37.98205],[-59.40715,-37.98411],[-59.40859,-37.98555],[-59.4109,-37.98613],[-59.41328,-37.9866],[-59.41545,-37.98604],[-59.41612,-37.98409],[-59.41707,-37.98244],[-59.41702,-37.98047],[-59.41813,-37.97887],[-59.42019,-37.97746],[-59.42351,-37.97748],[-59.42403,-37.97926],[-59.42562,-37.98069],[-59.42793,-37.98151],[-59.42863,-37.98346],[-59.43036,-37.98472],[-59.43224,-37.98588],[-59.43418,-37.98715],[-59.43576,-37.98858],[-59.43539,-37.99059],[-59.43414,-37.99253],[-59.43369,-37.99436],[-59.43571,-37.99523],[-59.43782,-37.99443],[-59.43992,-37.99358],[-59.44123,-37.9917],[-59.44067,-37.98969],[-59.44083,-37.98786],[-59.44193,-37.98615],[-59.44259,-37.98437],[-59.44405,-37.98283],[-59.44621,-37.98353],[-59.44736,-37.98525],[-59.44923,-37.98629],[-59.45176,-37.98653],[-59.45422,-37.98631],[-59.45604,-37.98506],[-59.45792,-37.98397],[-59.4593,-37.98249],[-59.46091,-37.98112],[-59.4628,-37.97993],[-59.46518,-37.97948],[-59.46736,-37.97891],[-59.46939,-37.97789],[-59.47164,-37.97715],[-59.47395,-37.97717],[-59.47648,-37.97712],[-59.47894,-37.97684],[-59.48119,-37.9761],[-59.48315,-37.97502],[-59.48539,-37.97446],[-59.48785,-37.97395],[-59.49024,-37.97396],[-59.49277,-37.97391],[-59.49471,-37.97392],[-59.50015,-37.97325],[-59.50225,-37.97166],[-59.50459,-37.97104],[-59.50739,-37.97202],[-59.50978,-37.97203],[-59.51098,-37.97158],[-59.5145,-37.97249],[-59.51665,-37.97316],[-59.51859,-37.97406],[-59.52097,-37.97332],[-59.52308,-37.97242],[-59.52381,-37.97058],[-59.52301,-37.96753],[-59.52501,-37.96595],[-59.52748,-37.9671],[-59.52924,-37.9694],[-59.53104,-37.97066],[-59.53384,-37.97064],[-59.53581,-37.97079],[-59.53805,-37.97172],[-59.53833,-37.97355],[-59.53659,-37.97504],[-59.53498,-37.97657],[-59.53303,-37.9776],[-59.53229,-37.97955],[-59.53344,-37.98127],[-59.53521,-37.98179],[-59.53671,-37.98127],[-59.53855,-37.98009],[-59.54219,-37.98152],[-59.54356,-37.98302],[-59.54508,-37.98333],[-59.54637,-37.98423],[-59.54745,-37.98589],[-59.54852,-37.98767],[-59.55018,-37.98899],[-59.55198,-37.99049],[-59.55393,-37.99175],[-59.55653,-37.99182],[-59.55892,-37.99205],[-59.56116,-37.99298],[-59.56289,-37.99424],[-59.56461,-37.99568],[-59.56699,-37.99649],[-59.56939,-37.99627],[-59.57148,-37.99553],[-59.57402,-37.99553],[-59.57531,-37.99703],[-59.57549,-38],[-59.57562,-38.00068],[-59.57706,-38.00126],[-59.57745,-38.00156],[-59.57831,-38.00267],[-59.57986,-38.00391],[-59.58259,-38.005],[-59.58418,-38.00803],[-59.58598,-38.00917],[-59.58926,-38.00906],[-59.59098,-38.00911],[-59.59163,-38.00918],[-59.59332,-38.01036],[-59.59318,-38.01098],[-59.59294,-38.01145],[-59.59271,-38.01254],[-59.59449,-38.0155],[-59.59682,-38.01657],[-59.59857,-38.01643],[-59.59964,-38.01746],[-59.60015,-38.01848],[-59.60123,-38.01991],[-59.60123,-38.02067],[-59.60242,-38.02201],[-59.60371,-38.02243],[-59.60734,-38.0228],[-59.6082,-38.02372],[-59.61377,-38.02693],[-59.61427,-38.02883],[-59.61405,-38.03004],[-59.61491,-38.03073],[-59.6149,-38.03283],[-59.61634,-38.03512],[-59.61632,-38.03827],[-59.61922,-38.04047],[-59.62393,-38.04105]]]}},{"type":"Feature","properties":{"fdc":"SIG 250 mil","sag":"IGN","crv":130,"mo2":6,"tipo":"Curva de nivel","ign":"lineas_de_geomorfologia_CA010.109729"},"geometry":{"type":"MultiLineString","coordinates":[[[-59.42318,-38.05413],[-59.4205,-38.05394],[-59.41883,-38.05365],[-59.41717,-38.05418],[-59.41665,-38.05458],[-59.41574,-38.05471],[-59.4146,-38.05462],[-59.41386,-38.05448],[-59.41294,-38.05447],[-59.41192,-38.05456],[-59.41118,-38.05478],[-59.41021,-38.05495],[-59.40873,-38.05513],[-59.40781,-38.05508],[-59.40667,-38.05494],[-59.40571,-38.05471],[-59.40468,-38.0547],[-59.40406,-38.05483],[-59.40331,-38.05515],[-59.40263,-38.05532],[-59.40183,-38.05541],[-59.40109,-38.05522],[-59.40035,-38.05477],[-59.39968,-38.05396],[-59.39946,-38.0531],[-59.39902,-38.05267],[-59.39751,-38.05213],[-59.3944,-38.04963],[-59.39344,-38.04982],[-59.39331,-38.05048],[-59.39437,-38.05373],[-59.39351,-38.05525],[-59.39218,-38.05639],[-59.38927,-38.05762],[-59.38745,-38.05885],[-59.3866,-38.05912],[-59.38468,-38.05874],[-59.38312,-38.05787],[-59.38276,-38.05729],[-59.38277,-38.05587],[-59.37687,-38.05555],[-59.37531,-38.05421],[-59.37496,-38.05344],[-59.37509,-38.05192],[-59.37643,-38.04964],[-59.37801,-38.0486],[-59.37778,-38.04783],[-59.37682,-38.04782],[-59.37584,-38.04839],[-59.37488,-38.04858],[-59.37044,-38.04901],[-59.36909,-38.04883],[-59.36741,-38.04778],[-59.36706,-38.04625],[-59.36743,-38.04549],[-59.36828,-38.04515],[-59.37304,-38.04581],[-59.37407,-38.04523],[-59.37528,-38.04381],[-59.37577,-38.04229],[-59.37484,-38.04165],[-59.36999,-38.04178],[-59.36807,-38.04101],[-59.36614,-38.04128],[-59.36324,-38.0427],[-59.3613,-38.04297],[-59.36046,-38.04249],[-59.36036,-38.04097],[-59.36122,-38.03897],[-59.36123,-38.03802],[-59.3605,-38.03754],[-59.35869,-38.03819],[-59.35613,-38.04155],[-59.35504,-38.04189],[-59.35312,-38.04178],[-59.35228,-38.04102],[-59.35181,-38.03949],[-59.35109,-38.03863],[-59.34843,-38.03957],[-59.34651,-38.03946],[-59.34544,-38.04014],[-59.34478,-38.04298],[-59.34369,-38.0445],[-59.34187,-38.04487],[-59.33995,-38.044],[-59.33803,-38.04351],[-59.3361,-38.0434],[-59.33369,-38.04387],[-59.33212,-38.04367],[-59.33092,-38.04252],[-59.3307,-38.04099],[-59.33179,-38.03957],[-59.3335,-38.03853],[-59.33422,-38.03758],[-59.33424,-38.03558],[-59.33558,-38.03434],[-59.33619,-38.03292],[-59.3362,-38.03216],[-59.33548,-38.03139],[-59.33357,-38.03052],[-59.33285,-38.02985],[-59.33238,-38.02832],[-59.33071,-38.02641],[-59.32942,-38.02665],[-59.3284,-38.02868],[-59.32718,-38.02972],[-59.32656,-38.03191],[-59.32546,-38.03352],[-59.32389,-38.03418],[-59.32196,-38.0337],[-59.31855,-38.02945],[-59.31527,-38.02699],[-59.31506,-38.02656],[-59.31275,-38.02349],[-59.31231,-38.02187],[-59.31141,-38.0206],[-59.3105,-38.02024],[-59.30936,-38.02059],[-59.30738,-38.02006],[-59.30785,-38.02412],[-59.30821,-38.02603],[-59.30967,-38.02888],[-59.31006,-38.03019],[-59.30902,-38.03199],[-59.30798,-38.03381],[-59.30629,-38.03446],[-59.30532,-38.03446],[-59.30404,-38.03394],[-59.30277,-38.0319],[-59.30149,-38.03138],[-59.30053,-38.03138],[-59.29956,-38.03175],[-59.29834,-38.03318],[-59.2964,-38.03431],[-59.29364,-38.03334],[-59.29292,-38.03209],[-59.29209,-38.03161],[-59.29057,-38.03107],[-59.28989,-38.03098],[-59.28902,-38.03099],[-59.28754,-38.03106],[-59.28693,-38.03077],[-59.28659,-38.03052],[-59.28641,-38.03021],[-59.28632,-38.0291],[-59.286,-38.02856],[-59.2856,-38.02827],[-59.28524,-38.02818],[-59.28419,-38.02791],[-59.28374,-38.02771],[-59.28359,-38.02751],[-59.28227,-38.02621],[-59.28146,-38.02547],[-59.28058,-38.02503],[-59.27997,-38.0247],[-59.2796,-38.02438],[-59.27821,-38.02389],[-59.2778,-38.02308],[-59.27541,-38.02285],[-59.27454,-38.02463],[-59.27439,-38.02588],[-59.27514,-38.02735],[-59.27608,-38.02923],[-59.27531,-38.03113],[-59.27462,-38.03185],[-59.27268,-38.03275],[-59.27024,-38.03389],[-59.26917,-38.03366],[-59.26869,-38.03309],[-59.26906,-38.03166],[-59.26871,-38.0308],[-59.26783,-38.03033],[-59.26651,-38.02748],[-59.26586,-38.02678],[-59.2649,-38.02678],[-59.26376,-38.02744],[-59.26217,-38.02929],[-59.26279,-38.03172],[-59.26254,-38.03334],[-59.26193,-38.03381],[-59.26096,-38.034],[-59.258,-38.03339],[-59.25423,-38.03262],[-59.25134,-38.03251],[-59.24919,-38.03049],[-59.24805,-38.03026],[-59.24556,-38.03123],[-59.24363,-38.03122],[-59.24244,-38.03064],[-59.24077,-38.02795],[-59.23969,-38.02766],[-59.23776,-38.02765],[-59.23477,-38.02582],[-59.23382,-38.02596],[-59.23281,-38.02905],[-59.23184,-38.02933],[-59.231,-38.0294],[-59.22703,-38.02806],[-59.22511,-38.02766],[-59.22414,-38.02785],[-59.22341,-38.02841],[-59.22075,-38.02945],[-59.22037,-38.02932],[-59.21856,-38.02887],[-59.21741,-38.02748],[-59.21815,-38.02303],[-59.21866,-38.01905],[-59.21951,-38.01683],[-59.21987,-38.01572],[-59.21861,-38.01376],[-59.21767,-38.0131],[-59.21662,-38.0131],[-59.21569,-38.01217],[-59.2163,-38.01088],[-59.21569,-38.00996],[-59.21291,-38.00819],[-59.21278,-38.00817]]]}},{"type":"Feature","properties":{"fdc":"SIG 250 mil","sag":"IGN","crv":140,"mo2":6,"tipo":"Curva de nivel","ign":"lineas_de_geomorfologia_CA010.109747"},"geometry":{"type":"MultiLineString","coordinates":[[[-59.49127,-38.04692],[-59.4901,-38.048],[-59.48796,-38.04998],[-59.48758,-38.05332],[-59.48962,-38.05428],[-59.4918,-38.0541],[-59.49373,-38.05315],[-59.49711,-38.05265],[-59.49795,-38.05251],[-59.49823,-38.05193],[-59.49715,-38.05127],[-59.4974,-38.05011],[-59.49788,-38.04794],[-59.49956,-38.0465],[-59.50066,-38.04586],[-59.50119,-38.0457],[-59.50175,-38.04559],[-59.50271,-38.04567],[-59.50343,-38.04585],[-59.50591,-38.04815],[-59.5065,-38.04855],[-59.50692,-38.04866],[-59.50761,-38.0487],[-59.5085,-38.0487],[-59.50901,-38.04881],[-59.50951,-38.0494],[-59.50955,-38.05029],[-59.50918,-38.05094],[-59.50931,-38.05176],[-59.50946,-38.05271],[-59.50908,-38.05329],[-59.50825,-38.05388],[-59.5075,-38.05441],[-59.50687,-38.05511],[-59.50748,-38.05574],[-59.50817,-38.05607],[-59.50909,-38.05626],[-59.5097,-38.0563],[-59.5103,-38.05623],[-59.51105,-38.05597],[-59.5117,-38.0559],[-59.5122,-38.05594],[-59.51289,-38.05631],[-59.51303,-38.05661],[-59.51307,-38.05739],[-59.51323,-38.05857],[-59.51443,-38.05992],[-59.51563,-38.06068],[-59.5161,-38.0624],[-59.5173,-38.06393],[-59.51946,-38.06432],[-59.5201,-38.06466],[-59.52063,-38.06515],[-59.52138,-38.06515],[-59.52487,-38.06567]]]}},{"type":"Feature","properties":{"fdc":"SIG 250 mil","sag":"IGN","crv":120,"mo2":6,"tipo":"Curva de nivel","ign":"lineas_de_geomorfologia_CA010.109790"},"geometry":{"type":"MultiLineString","coordinates":[[[-59.19818,-38.07285],[-59.19348,-38.07574],[-59.19275,-38.07651],[-59.19197,-38.07856],[-59.19094,-38.07912],[-59.18996,-38.07917],[-59.18912,-38.07885],[-59.18875,-38.07852],[-59.18737,-38.07599],[-59.18514,-38.07497],[-59.18251,-38.07553],[-59.18169,-38.07606],[-59.17991,-38.07731],[-59.17787,-38.07825],[-59.17675,-38.07861],[-59.17551,-38.0785],[-59.17515,-38.07812],[-59.17491,-38.07756],[-59.17493,-38.07716],[-59.17498,-38.07301],[-59.1744,-38.07201],[-59.17289,-38.07071],[-59.17136,-38.07085],[-59.17061,-38.07134],[-59.16868,-38.07151],[-59.167,-38.07055],[-59.16535,-38.06768],[-59.16126,-38.06689],[-59.15839,-38.06487],[-59.15634,-38.06476],[-59.15199,-38.06511],[-59.14777,-38.06488],[-59.14658,-38.06373],[-59.146,-38.06201],[-59.14253,-38.05941],[-59.14037,-38.05873],[-59.1382,-38.0589],[-59.13684,-38.05859],[-59.13781,-38.05709],[-59.13888,-38.05495],[-59.14004,-38.05249],[-59.14214,-38.05058],[-59.1415,-38.04743],[-59.13988,-38.04617],[-59.13594,-38.04742],[-59.13512,-38.04844],[-59.13527,-38.04972],[-59.13477,-38.05099],[-59.13395,-38.05253],[-59.13231,-38.05392],[-59.12956,-38.05403],[-59.12864,-38.05426],[-59.12706,-38.05434],[-59.12546,-38.05331],[-59.12562,-38.05224],[-59.12552,-38.05134],[-59.124,-38.05016],[-59.12288,-38.04926],[-59.1207,-38.04934],[-59.11637,-38.04854],[-59.11261,-38.05061],[-59.1108,-38.05088],[-59.10936,-38.04982],[-59.10941,-38.04639],[-59.10798,-38.04475],[-59.10848,-38.04305],[-59.1097,-38.04153],[-59.10852,-38.04018],[-59.10635,-38.03998],[-59.10489,-38.0413],[-59.10487,-38.04301],[-59.10413,-38.04454],[-59.10219,-38.04491],[-59.10027,-38.04375],[-59.09839,-38.04049],[-59.09792,-38.03896],[-59.09986,-38.03802],[-59.10109,-38.03651],[-59.10159,-38.03498],[-59.1004,-38.03364],[-59.09822,-38.03381],[-59.09676,-38.03495],[-59.09578,-38.03666],[-59.09409,-38.03721],[-59.09179,-38.03758],[-59.08767,-38.03936],[-59.08611,-38.03868],[-59.08565,-38.03696],[-59.08528,-38.03637],[-59.08354,-38.03564],[-59.0824,-38.03601],[-59.08027,-38.03632],[-59.07843,-38.03614],[-59.07724,-38.03479],[-59.07774,-38.03308],[-59.07872,-38.03157],[-59.07875,-38.02985],[-59.08083,-38.02691],[-59.08146,-38.0251],[-59.08268,-38.02378],[-59.08432,-38.02292],[-59.08565,-38.02196],[-59.08647,-38.02031],[-59.08826,-38.01956],[-59.08877,-38.01856],[-59.08993,-38.0159]]]}},{"type":"Feature","properties":{"fdc":"SIG 250 mil","sag":"IGN","crv":130,"mo2":6,"tipo":"Curva de nivel","ign":"lineas_de_geomorfologia_CA010.109868"},"geometry":{"type":"MultiLineString","coordinates":[[[-59.44571,-38.09623],[-59.44239,-38.09454],[-59.44076,-38.09483],[-59.43952,-38.09521],[-59.43838,-38.09535],[-59.43742,-38.09534],[-59.43647,-38.09534],[-59.43532,-38.09541],[-59.43446,-38.09556],[-59.4336,-38.09608],[-59.43264,-38.09684],[-59.43254,-38.09744],[-59.43187,-38.09826],[-59.43119,-38.09879],[-59.4311,-38.09886],[-59.43014,-38.09924],[-59.42899,-38.09946],[-59.42775,-38.09953],[-59.42679,-38.09982],[-59.42574,-38.10088],[-59.42496,-38.10186],[-59.42439,-38.10246],[-59.42372,-38.10313],[-59.42268,-38.10357],[-59.42034,-38.10379],[-59.41953,-38.10411],[-59.41638,-38.10657],[-59.41408,-38.10751],[-59.41215,-38.10703],[-59.40997,-38.10749],[-59.40837,-38.10721],[-59.40565,-38.1049],[-59.40434,-38.1027],[-59.40338,-38.10193],[-59.40328,-38.09992],[-59.40449,-38.09879],[-59.40824,-38.09795],[-59.40897,-38.09738],[-59.40983,-38.09586],[-59.41068,-38.0951],[-59.41466,-38.09455],[-59.41648,-38.0938],[-59.41976,-38.09076],[-59.41977,-38.08924],[-59.42062,-38.08847],[-59.42352,-38.08782],[-59.42413,-38.08659],[-59.42354,-38.08601],[-59.42161,-38.08562],[-59.41968,-38.0857],[-59.41538,-38.08663],[-59.41157,-38.08862],[-59.40879,-38.08956],[-59.40396,-38.09068],[-59.40228,-38.08972],[-59.40204,-38.08895],[-59.40291,-38.08804],[-59.40572,-38.08695],[-59.40883,-38.08487],[-59.40884,-38.08384],[-59.40788,-38.08364],[-59.40594,-38.08373],[-59.40498,-38.08306],[-59.40499,-38.08249],[-59.40548,-38.08192],[-59.40549,-38.08058],[-59.40464,-38.0802],[-59.40283,-38.08038],[-59.40225,-38.08298],[-59.40147,-38.08409],[-59.39978,-38.08503],[-59.39939,-38.08799],[-59.39819,-38.08836],[-59.3971,-38.08807],[-59.39482,-38.08672],[-59.39289,-38.08633],[-59.39157,-38.08499],[-59.39207,-38.08347],[-59.39402,-38.08176],[-59.39475,-38.08024],[-59.39464,-38.07938],[-59.39404,-38.07871],[-59.39223,-38.07803],[-59.39132,-38.0773],[-59.39165,-38.07517],[-59.39239,-38.07365],[-59.393,-38.07308],[-59.39362,-38.07156],[-59.39403,-38.07037],[-59.39608,-38.06968],[-59.39784,-38.06881],[-59.39968,-38.06689],[-59.40017,-38.06657]]]}},{"type":"Feature","properties":{"fdc":"SIG 250 mil","sag":"IGN","crv":120,"mo2":6,"tipo":"Curva de nivel","ign":"lineas_de_geomorfologia_CA010.109880"},"geometry":{"type":"MultiLineString","coordinates":[[[-59.32135,-38.10128],[-59.31685,-38.10391],[-59.3148,-38.10431],[-59.31398,-38.1043],[-59.31266,-38.1044],[-59.31225,-38.10496],[-59.31224,-38.10576],[-59.3123,-38.10664],[-59.3121,-38.10905],[-59.31064,-38.11],[-59.30651,-38.11167],[-59.30536,-38.11174],[-59.30433,-38.11153],[-59.30368,-38.11115],[-59.30336,-38.11089],[-59.30293,-38.1076],[-59.30297,-38.10714],[-59.30276,-38.10658],[-59.30243,-38.10623],[-59.30168,-38.10595],[-59.30103,-38.10594],[-59.29872,-38.10688],[-59.29437,-38.10714],[-59.29174,-38.1081],[-59.29097,-38.10831],[-59.29019,-38.10839],[-59.28949,-38.10838],[-59.28905,-38.1083],[-59.28831,-38.10812],[-59.28785,-38.10759],[-59.28781,-38.10704],[-59.28774,-38.10657],[-59.28753,-38.10619],[-59.28709,-38.10584],[-59.28658,-38.10561],[-59.28614,-38.10543],[-59.28566,-38.10542],[-59.28529,-38.10551],[-59.28503,-38.10568],[-59.2844,-38.106],[-59.28396,-38.10623],[-59.28363,-38.10646],[-59.28311,-38.10657],[-59.28263,-38.10663],[-59.2819,-38.10645],[-59.28139,-38.10612],[-59.28106,-38.1058],[-59.28073,-38.10548],[-59.28051,-38.10531],[-59.28022,-38.10522],[-59.27982,-38.10516],[-59.27952,-38.10519],[-59.27919,-38.10524],[-59.2789,-38.10538],[-59.2786,-38.10553],[-59.27827,-38.10567],[-59.27782,-38.10575],[-59.27738,-38.10578],[-59.27687,-38.10581],[-59.27647,-38.10566],[-59.27613,-38.10545],[-59.27571,-38.10505],[-59.27546,-38.10464],[-59.27571,-38.10293],[-59.27549,-38.10159],[-59.27599,-38.09988],[-59.27697,-38.09836],[-59.27698,-38.09702],[-59.273,-38.09662],[-59.27169,-38.09528],[-59.27001,-38.09412],[-59.26784,-38.09449],[-59.26589,-38.09581],[-59.26372,-38.09618],[-59.26296,-38.09602],[-59.26073,-38.09547],[-59.25937,-38.09411],[-59.25992,-38.09201],[-59.26046,-38.09083],[-59.26081,-38.08864],[-59.26035,-38.08735],[-59.26087,-38.08648],[-59.26104,-38.08481],[-59.25828,-38.08296],[-59.25674,-38.08331],[-59.25544,-38.08385],[-59.25212,-38.08506],[-59.25191,-38.0867],[-59.25208,-38.08892],[-59.25179,-38.09071],[-59.25142,-38.09113],[-59.24925,-38.09173],[-59.24905,-38.09103],[-59.24908,-38.08789],[-59.24754,-38.08492],[-59.24622,-38.08482],[-59.24476,-38.08614],[-59.24281,-38.08737],[-59.23921,-38.08553],[-59.23727,-38.08667],[-59.23629,-38.08838],[-59.23459,-38.0897],[-59.23241,-38.09045],[-59.23024,-38.08976],[-59.22713,-38.08717],[-59.22496,-38.08735],[-59.22278,-38.0881],[-59.22108,-38.08923],[-59.22082,-38.09095],[-59.21984,-38.09246],[-59.2179,-38.09359],[-59.21573,-38.09358],[-59.21453,-38.09205],[-59.21479,-38.09043],[-59.21615,-38.08845],[-59.21638,-38.08659],[-59.21532,-38.08591],[-59.21354,-38.08558],[-59.2122,-38.08536],[-59.20872,-38.08305],[-59.20667,-38.08265],[-59.20524,-38.0814],[-59.20491,-38.07806],[-59.20388,-38.07658],[-59.20198,-38.07367]]]}},{"type":"Feature","properties":{"fdc":"SIG 250 mil","sag":"IGN","crv":110,"mo2":6,"tipo":"Curva de nivel","ign":"lineas_de_geomorfologia_CA010.109961"},"geometry":{"type":"MultiLineString","coordinates":[[[-59.05935,-38.0445],[-59.05957,-38.04655],[-59.05846,-38.04885],[-59.05796,-38.05257],[-59.05807,-38.05409],[-59.05598,-38.05636],[-59.05549,-38.05789],[-59.05583,-38.05942],[-59.05546,-38.05999],[-59.054,-38.06102],[-59.05326,-38.06245],[-59.05325,-38.06321],[-59.05428,-38.06404],[-59.05781,-38.06477],[-59.06166,-38.0648],[-59.06406,-38.06641],[-59.06289,-38.06679],[-59.05912,-38.0665],[-59.05718,-38.06676],[-59.05524,-38.06752],[-59.05378,-38.06845],[-59.05325,-38.06937],[-59.05382,-38.07126],[-59.05289,-38.07207],[-59.05239,-38.0735],[-59.05311,-38.07388],[-59.05648,-38.07391],[-59.05696,-38.0741],[-59.05757,-38.07508],[-59.05481,-38.07668],[-59.05403,-38.07751],[-59.04969,-38.07729],[-59.04872,-38.07766],[-59.04823,-38.07823],[-59.04856,-38.07932],[-59.05098,-38.08025],[-59.05267,-38.0797],[-59.05556,-38.07972],[-59.05664,-38.08116],[-59.05675,-38.08192],[-59.05612,-38.08345],[-59.05415,-38.08648],[-59.05462,-38.08801],[-59.05581,-38.08935],[-59.05748,-38.0906],[-59.0594,-38.09119],[-59.06133,-38.09111],[-59.06423,-38.09056],[-59.06616,-38.09106],[-59.06795,-38.0924],[-59.06853,-38.09384],[-59.06852,-38.09508],[-59.06964,-38.09681],[-59.07195,-38.09805],[-59.07621,-38.09724],[-59.07754,-38.09763],[-59.07872,-38.09888],[-59.07914,-38.10172],[-59.08093,-38.10269],[-59.08489,-38.10298],[-59.08623,-38.10406],[-59.08762,-38.10719],[-59.08839,-38.1081],[-59.0891,-38.10849],[-59.09103,-38.1087],[-59.09491,-38.10787],[-59.09684,-38.10807],[-59.09743,-38.10846],[-59.09813,-38.1099],[-59.09957,-38.11124],[-59.10149,-38.11183],[-59.10233,-38.11241],[-59.10328,-38.11394],[-59.10411,-38.11452],[-59.10603,-38.1152],[-59.10796,-38.11531],[-59.10906,-38.11513],[-59.10966,-38.11465],[-59.11029,-38.11304],[-59.10981,-38.11227],[-59.10959,-38.11075],[-59.11021,-38.10932],[-59.11301,-38.10772],[-59.11396,-38.10811],[-59.11444,-38.10878],[-59.11466,-38.11031],[-59.11417,-38.11097],[-59.11391,-38.1125],[-59.11509,-38.11546],[-59.11665,-38.11614],[-59.11796,-38.1171],[-59.11794,-38.11939],[-59.11864,-38.12054],[-59.11992,-38.12132],[-59.12288,-38.12133],[-59.12569,-38.11952],[-59.12938,-38.11992],[-59.13123,-38.11777],[-59.13124,-38.11679],[-59.13405,-38.11369],[-59.13419,-38.11217],[-59.13361,-38.10988],[-59.13435,-38.10836],[-59.13521,-38.10808],[-59.13638,-38.11028],[-59.13794,-38.11143],[-59.13829,-38.11211],[-59.1378,-38.11287],[-59.13883,-38.1149],[-59.1409,-38.11613],[-59.14209,-38.11747],[-59.14039,-38.11842],[-59.13846,-38.1184],[-59.13749,-38.11887],[-59.13639,-38.1202],[-59.13625,-38.12153],[-59.13552,-38.122],[-59.13263,-38.12198],[-59.13116,-38.12311],[-59.13164,-38.12397],[-59.13356,-38.12513],[-59.13403,-38.1259],[-59.13425,-38.12733],[-59.1352,-38.12886],[-59.13713,-38.12954],[-59.13906,-38.12918],[-59.14194,-38.13025],[-59.14292,-38.12988],[-59.14537,-38.12674],[-59.14706,-38.12609],[-59.14828,-38.12477],[-59.14925,-38.12477],[-59.15031,-38.12707],[-59.15186,-38.12917],[-59.15134,-38.13127],[-59.15145,-38.1328],[-59.1518,-38.13356],[-59.15252,-38.13414],[-59.15396,-38.13443],[-59.15614,-38.13402],[-59.15902,-38.13571],[-59.16191,-38.13631],[-59.16441,-38.13537],[-59.16648,-38.13795],[-59.16842,-38.13759],[-59.17085,-38.1358],[-59.17157,-38.13561],[-59.1723,-38.13581],[-59.17254,-38.13619],[-59.1725,-38.13905],[-59.17334,-38.14039],[-59.17513,-38.14126],[-59.1761,-38.14136],[-59.17707,-38.14108],[-59.17805,-38.13966],[-59.17794,-38.1389],[-59.17699,-38.13745],[-59.17736,-38.13679],[-59.18098,-38.13663],[-59.18173,-38.13435],[-59.18246,-38.13378],[-59.18343,-38.13379],[-59.18439,-38.13437],[-59.1863,-38.13641],[-59.18893,-38.13783],[-59.19001,-38.13898],[-59.19054,-38.14074],[-59.19431,-38.14105],[-59.19711,-38.13875],[-59.19806,-38.13589]]]}},{"type":"Feature","properties":{"fdc":"SIG 250 mil","sag":"IGN","crv":110,"mo2":6,"tipo":"Curva de nivel","ign":"lineas_de_geomorfologia_CA010.110091"},"geometry":{"type":"MultiLineString","coordinates":[[[-59.2733,-38.14298],[-59.26886,-38.14086],[-59.26797,-38.14098],[-59.26725,-38.14111],[-59.2666,-38.14123],[-59.26642,-38.14074],[-59.26665,-38.14006],[-59.26711,-38.13945],[-59.26646,-38.13874],[-59.2659,-38.13848],[-59.26534,-38.13848],[-59.26477,-38.13886],[-59.26412,-38.13911],[-59.26307,-38.13987],[-59.26298,-38.14044],[-59.26201,-38.14113],[-59.26153,-38.14087],[-59.26073,-38.14049],[-59.25976,-38.14016],[-59.25912,-38.14003],[-59.25839,-38.14009],[-59.25759,-38.14028],[-59.25669,-38.14046],[-59.25597,-38.14059],[-59.25525,-38.14064],[-59.2546,-38.14038],[-59.25371,-38.14001],[-59.24956,-38.13556],[-59.2486,-38.13556],[-59.24786,-38.13631],[-59.24848,-38.13835],[-59.24783,-38.13936],[-59.24525,-38.13986],[-59.24492,-38.14087],[-59.24587,-38.14231],[-59.24562,-38.14307],[-59.2444,-38.1443],[-59.24172,-38.146],[-59.24084,-38.14692],[-59.23798,-38.14655],[-59.23489,-38.1457],[-59.23388,-38.14609],[-59.22974,-38.14869],[-59.22781,-38.14896],[-59.22685,-38.14867],[-59.22517,-38.14761],[-59.22338,-38.1454],[-59.22061,-38.14443],[-59.21928,-38.14499],[-59.21975,-38.14576],[-59.21938,-38.14719],[-59.21981,-38.14795],[-59.22213,-38.14935],[-59.22212,-38.15025],[-59.22272,-38.15102],[-59.22464,-38.15189],[-59.2262,-38.15324],[-59.22818,-38.15404],[-59.23075,-38.15285],[-59.23367,-38.15424],[-59.23548,-38.15464],[-59.23841,-38.1547],[-59.24019,-38.15754],[-59.24084,-38.16144],[-59.23975,-38.16191],[-59.23876,-38.16372],[-59.23932,-38.16417],[-59.24417,-38.16618],[-59.24439,-38.16833],[-59.24497,-38.16893],[-59.24497,-38.16958],[-59.24422,-38.17045],[-59.24358,-38.17059],[-59.24286,-38.1704],[-59.24163,-38.16777],[-59.24078,-38.16754],[-59.24004,-38.16811],[-59.23991,-38.16963],[-59.23954,-38.1702],[-59.23809,-38.17019],[-59.23593,-38.16932],[-59.23471,-38.16979],[-59.23447,-38.17045],[-59.23457,-38.17217],[-59.23359,-38.17321],[-59.23322,-38.17464],[-59.23103,-38.17577],[-59.23019,-38.17529],[-59.23021,-38.17376],[-59.2267,-38.17171],[-59.22319,-38.17134],[-59.22263,-38.17066],[-59.22409,-38.16953],[-59.22602,-38.16964],[-59.22687,-38.16945],[-59.227,-38.16793],[-59.22823,-38.16669],[-59.228,-38.16593],[-59.22607,-38.16544],[-59.22413,-38.16571],[-59.22151,-38.16653],[-59.22038,-38.16636],[-59.21835,-38.16453],[-59.21811,-38.16396],[-59.21812,-38.16301],[-59.21947,-38.1612],[-59.22117,-38.16045],[-59.22407,-38.16028],[-59.22564,-38.15963],[-59.2247,-38.15742],[-59.22278,-38.15655],[-59.22097,-38.15644],[-59.21941,-38.1552],[-59.21749,-38.15442],[-59.21459,-38.15421],[-59.21412,-38.1537],[-59.21414,-38.15116],[-59.21262,-38.14685],[-59.21143,-38.14551],[-59.21058,-38.1456],[-59.20948,-38.14712],[-59.20934,-38.14909],[-59.208,-38.14978],[-59.20534,-38.14995],[-59.20354,-38.14889],[-59.20357,-38.14651],[-59.20372,-38.1448],[-59.20432,-38.14348],[-59.2051,-38.14176],[-59.2062,-38.14053],[-59.20545,-38.13629],[-59.20501,-38.13536],[-59.20382,-38.13411],[-59.20325,-38.13385]]]}},{"type":"Feature","properties":{"fdc":"SIG 250 mil","sag":"IGN","crv":100,"mo2":6,"tipo":"Curva de nivel","ign":"lineas_de_geomorfologia_CA010.110088"},"geometry":{"type":"MultiLineString","coordinates":[[[-59.03414,-38.0902],[-59.03338,-38.09292],[-59.03204,-38.09377],[-59.03018,-38.09514],[-59.02942,-38.09569],[-59.02616,-38.09978],[-59.02428,-38.10111],[-59.02354,-38.10263],[-59.02159,-38.10376],[-59.02133,-38.10547],[-59.02251,-38.1072],[-59.02418,-38.10854],[-59.02393,-38.10969],[-59.02163,-38.11005],[-59.0173,-38.10906],[-59.01514,-38.10973],[-59.01373,-38.11072],[-59.01366,-38.1112],[-59.01316,-38.11201],[-59.01194,-38.11259],[-59.01043,-38.11309],[-59.00972,-38.11329],[-59.00596,-38.11773],[-59.00666,-38.11927],[-59.0052,-38.12059],[-59.00326,-38.12134],[-59.00191,-38.12294],[-59.0003,-38.12608],[-59.00124,-38.12742],[-59.00268,-38.128],[-59.00657,-38.12632],[-59.01054,-38.12674],[-59.01257,-38.12784],[-59.01685,-38.12889],[-59.01713,-38.13079],[-59.01868,-38.13205],[-59.02304,-38.13123],[-59.02411,-38.13257],[-59.02309,-38.13599],[-59.02353,-38.13943],[-59.02288,-38.14286],[-59.02419,-38.14439],[-59.02636,-38.14489],[-59.03071,-38.14435],[-59.03287,-38.14523],[-59.03406,-38.14695],[-59.03597,-38.14792],[-59.03814,-38.14813],[-59.04008,-38.14758],[-59.04083,-38.14605],[-59.04085,-38.14453],[-59.03991,-38.14281],[-59.03947,-38.13937],[-59.04144,-38.13615],[-59.04291,-38.13482],[-59.04436,-38.13483],[-59.04482,-38.13655],[-59.046,-38.13809],[-59.04622,-38.13962],[-59.04512,-38.14113],[-59.04459,-38.14437],[-59.04397,-38.14589],[-59.04467,-38.14761],[-59.0461,-38.14896],[-59.04754,-38.14935],[-59.049,-38.14841],[-59.05,-38.1467],[-59.05002,-38.14499],[-59.05124,-38.14385],[-59.05196,-38.14424],[-59.05315,-38.14577],[-59.05312,-38.14749],[-59.05371,-38.14921],[-59.0573,-38.15124],[-59.05825,-38.15268],[-59.05712,-38.15601],[-59.05734,-38.15763],[-59.05878,-38.15841],[-59.06096,-38.15823],[-59.06218,-38.1571],[-59.06268,-38.15586],[-59.06272,-38.15252],[-59.06443,-38.15102],[-59.06611,-38.15141],[-59.06681,-38.15313],[-59.06993,-38.15525],[-59.06966,-38.15697],[-59.06796,-38.15829],[-59.06647,-38.16133],[-59.06453,-38.16226],[-59.06354,-38.16378],[-59.064,-38.16531],[-59.06532,-38.16647],[-59.06944,-38.16507],[-59.07174,-38.16518],[-59.0738,-38.16472],[-59.07814,-38.16495],[-59.07994,-38.16572],[-59.07905,-38.16915],[-59.08012,-38.17039],[-59.0823,-38.17022],[-59.08559,-38.16767],[-59.08714,-38.16893],[-59.08737,-38.17045],[-59.0871,-38.17216],[-59.08757,-38.17389],[-59.08949,-38.17485],[-59.09166,-38.17468],[-59.09241,-38.17316],[-59.09219,-38.17144],[-59.09245,-38.16992],[-59.09462,-38.17032],[-59.09629,-38.17186],[-59.09846,-38.17225],[-59.10016,-38.17112],[-59.10092,-38.16827],[-59.10238,-38.16695],[-59.10409,-38.1662],[-59.10577,-38.16697],[-59.10623,-38.16869],[-59.10791,-38.16985],[-59.10995,-38.17015],[-59.11349,-38.16798],[-59.11567,-38.16743],[-59.11698,-38.16848],[-59.11525,-38.17162],[-59.11608,-38.17315],[-59.11825,-38.17336],[-59.11863,-38.17183],[-59.12192,-38.16957],[-59.12627,-38.16941],[-59.12701,-38.16789],[-59.1263,-38.16637],[-59.12704,-38.16484],[-59.12898,-38.16467],[-59.12969,-38.16619],[-59.12943,-38.16791],[-59.13111,-38.16869],[-59.13258,-38.16717],[-59.13451,-38.16681],[-59.1357,-38.16834],[-59.13714,-38.1693],[-59.13884,-38.16817],[-59.14566,-38.16602],[-59.15033,-38.16711],[-59.15091,-38.16864],[-59.15284,-38.16923],[-59.15479,-38.16809],[-59.15696,-38.16811],[-59.1606,-38.16652],[-59.16481,-38.16817],[-59.16663,-38.16723],[-59.16641,-38.16551],[-59.16774,-38.16485],[-59.16978,-38.16563],[-59.17184,-38.16574],[-59.17398,-38.1688],[-59.17578,-38.16996],[-59.18013,-38.1699],[-59.18132,-38.17134],[-59.18202,-38.17306],[-59.18346,-38.1744],[-59.18514,-38.17537],[-59.18731,-38.17557],[-59.18925,-38.17463],[-59.19072,-38.17331],[-59.19266,-38.17256],[-59.19404,-38.17245]]]}},{"type":"Feature","properties":{"fdc":"SIG 250 mil","sag":"IGN","crv":110,"mo2":6,"tipo":"Curva de nivel","ign":"lineas_de_geomorfologia_CA010.110109"},"geometry":{"type":"MultiLineString","coordinates":[[[-59.25021,-38.15197],[-59.24973,-38.15416],[-59.25044,-38.15568],[-59.2518,-38.15625],[-59.2538,-38.15588],[-59.25408,-38.15611],[-59.25571,-38.15953],[-59.25752,-38.16002],[-59.25825,-38.15945],[-59.25918,-38.15662],[-59.25997,-38.15651],[-59.26357,-38.15891],[-59.26308,-38.15967],[-59.26162,-38.16081],[-59.26254,-38.16501],[-59.26434,-38.16617],[-59.26469,-38.16693],[-59.26746,-38.168],[-59.26928,-38.16715],[-59.2693,-38.16553],[-59.26936,-38.165],[-59.26964,-38.16478],[-59.27018,-38.16531],[-59.27121,-38.16802],[-59.27119,-38.16897],[-59.27058,-38.17049],[-59.27105,-38.17193],[-59.27188,-38.17241],[-59.27696,-38.17197],[-59.27889,-38.17226],[-59.27986,-38.17217],[-59.27811,-38.17337],[-59.2773,-38.17346],[-59.27656,-38.17377],[-59.27642,-38.1742],[-59.27655,-38.17457],[-59.27848,-38.17554],[-59.27829,-38.17675],[-59.27794,-38.1774],[-59.27821,-38.17794],[-59.2788,-38.17836],[-59.28004,-38.17885],[-59.28197,-38.17867],[-59.28266,-38.17981],[-59.28098,-38.18133],[-59.27989,-38.18123],[-59.27821,-38.18008],[-59.27804,-38.17966],[-59.27799,-38.17911],[-59.27781,-38.1784],[-59.27547,-38.17653],[-59.27525,-38.17582],[-59.27459,-38.17525],[-59.27361,-38.17464]]]}},{"type":"Feature","properties":{"fdc":"SIG 250 mil","sag":"IGN","crv":100,"mo2":6,"tipo":"Curva de nivel","ign":"lineas_de_geomorfologia_CA010.110136"},"geometry":{"type":"MultiLineString","coordinates":[[[-59.19868,-38.17],[-59.19901,-38.16999],[-59.19944,-38.16998],[-59.19984,-38.17024],[-59.20044,-38.17067],[-59.20136,-38.17185],[-59.20309,-38.17255],[-59.20413,-38.17264],[-59.20522,-38.17261],[-59.20562,-38.17253],[-59.20619,-38.17241],[-59.20692,-38.17221],[-59.20742,-38.17212],[-59.20787,-38.17216],[-59.20837,-38.17231],[-59.20853,-38.17267],[-59.20807,-38.17326],[-59.20724,-38.17408],[-59.20611,-38.17517],[-59.20599,-38.17583],[-59.20614,-38.17685],[-59.20709,-38.17818],[-59.20756,-38.17971],[-59.20923,-38.18106],[-59.2097,-38.18259],[-59.20948,-38.18399],[-59.20953,-38.18425],[-59.20958,-38.18446],[-59.21059,-38.18554],[-59.21078,-38.18576],[-59.21119,-38.18591],[-59.21268,-38.18625],[-59.21315,-38.1863],[-59.21353,-38.18628],[-59.21681,-38.18594],[-59.21714,-38.18594],[-59.21749,-38.18597],[-59.21778,-38.18609],[-59.22136,-38.18801],[-59.22527,-38.18837],[-59.22824,-38.18863],[-59.22997,-38.18768],[-59.23462,-38.18678]]]}},{"type":"Feature","properties":{"fdc":"SIG 250 mil","sag":"IGN","crv":90,"mo2":6,"tipo":"Curva de nivel","ign":"lineas_de_geomorfologia_CA010.110219"},"geometry":{"type":"MultiLineString","coordinates":[[[-58.99104,-38.12453],[-58.99137,-38.12505],[-58.99137,-38.12562],[-58.99001,-38.12799],[-58.98986,-38.12951],[-58.98771,-38.13185],[-58.98595,-38.13301],[-58.98534,-38.13358],[-58.9845,-38.13467],[-58.98421,-38.13738],[-58.98359,-38.13814],[-58.98152,-38.13955],[-58.98077,-38.14107],[-58.98016,-38.14163],[-58.97949,-38.14257],[-58.97931,-38.14349],[-58.9796,-38.14468],[-58.9778,-38.14648],[-58.97586,-38.14722],[-58.9756,-38.14875],[-58.97462,-38.14988],[-58.97203,-38.15037],[-58.97098,-38.15118],[-58.97072,-38.15195],[-58.96962,-38.15327],[-58.96767,-38.15382],[-58.96682,-38.15439],[-58.96392,-38.15494],[-58.96342,-38.1556],[-58.9634,-38.15713],[-58.9612,-38.15873],[-58.96119,-38.16025],[-58.96165,-38.16169],[-58.96344,-38.16256],[-58.96729,-38.16213],[-58.96816,-38.1626],[-58.96839,-38.16327],[-58.9674,-38.16469],[-58.96788,-38.16527],[-58.96932,-38.16585],[-58.97125,-38.16587],[-58.97449,-38.16723],[-58.97643,-38.16706],[-58.97837,-38.16612],[-58.9803,-38.16661],[-58.98114,-38.1671],[-58.98137,-38.16768],[-58.98088,-38.16843],[-58.9799,-38.1688],[-58.97798,-38.16869],[-58.97766,-38.16955],[-58.97926,-38.17166],[-58.97936,-38.17309],[-58.98008,-38.17377],[-58.98104,-38.17397],[-58.98191,-38.17374],[-58.98415,-38.17173],[-58.98567,-38.17114],[-58.98663,-38.17134],[-58.98722,-38.17192],[-58.98745,-38.17345],[-58.98829,-38.17403],[-58.98752,-38.17717],[-58.988,-38.17784],[-58.98895,-38.17823],[-58.9905,-38.17824],[-58.99371,-38.17669],[-58.99453,-38.17713],[-58.99535,-38.17857],[-58.99619,-38.17905],[-58.99638,-38.17969],[-58.99457,-38.18266],[-58.99467,-38.18409],[-58.99563,-38.18457],[-58.99796,-38.1846],[-59.00375,-38.18274],[-59.00568,-38.18266],[-59.00627,-38.18409],[-59.00586,-38.18531],[-59.00673,-38.18601],[-59.00986,-38.18622],[-59.0118,-38.18586],[-59.01276,-38.18606],[-59.01334,-38.18835],[-59.01452,-38.18979],[-59.02031,-38.1907],[-59.02162,-38.19185],[-59.02548,-38.19284],[-59.02679,-38.19408],[-59.02871,-38.19458],[-59.03065,-38.19422],[-59.03272,-38.19347],[-59.03463,-38.19501],[-59.03656,-38.19531],[-59.03871,-38.19685],[-59.04074,-38.19888],[-59.04267,-38.19899],[-59.04461,-38.19862],[-59.04557,-38.19891],[-59.04737,-38.20007],[-59.0493,-38.20028],[-59.05112,-38.19953],[-59.05282,-38.19766],[-59.05445,-38.19736],[-59.05649,-38.19966],[-59.05848,-38.20007],[-59.05994,-38.19979],[-59.06467,-38.2003],[-59.06524,-38.20098],[-59.06546,-38.20241],[-59.06435,-38.20383],[-59.06242,-38.2043],[-59.06157,-38.20477],[-59.06082,-38.20628],[-59.06141,-38.20752],[-59.06333,-38.20868],[-59.06527,-38.20832],[-59.06709,-38.20729],[-59.06891,-38.20663],[-59.07303,-38.20798],[-59.07748,-38.20746],[-59.07867,-38.20871],[-59.0795,-38.21024],[-59.08034,-38.21063],[-59.08227,-38.21065],[-59.08399,-38.20875],[-59.08593,-38.2081],[-59.08688,-38.20954],[-59.08467,-38.21273],[-59.08466,-38.21315],[-59.08501,-38.21391],[-59.08694,-38.2145],[-59.08791,-38.21441],[-59.08889,-38.21299],[-59.08903,-38.21156],[-59.08964,-38.21109],[-59.09157,-38.21139],[-59.09558,-38.20999],[-59.09642,-38.2099],[-59.09786,-38.21105],[-59.09893,-38.21239],[-59.10183,-38.21232],[-59.10375,-38.2132],[-59.10557,-38.21273],[-59.10619,-38.21121],[-59.10573,-38.20978],[-59.10514,-38.20882],[-59.10345,-38.20757],[-59.1031,-38.20681],[-59.10335,-38.20613],[-59.10458,-38.20491],[-59.10484,-38.20319],[-59.10557,-38.20263],[-59.10593,-38.20282],[-59.10826,-38.20245],[-59.10897,-38.2017],[-59.10817,-38.19827],[-59.10929,-38.19484],[-59.1096,-38.19454],[-59.10998,-38.19419],[-59.1114,-38.19373],[-59.1129,-38.19356],[-59.11425,-38.19298],[-59.11411,-38.19197],[-59.11442,-38.19109],[-59.11533,-38.1904],[-59.11609,-38.18957],[-59.11647,-38.18904],[-59.11708,-38.18811],[-59.1185,-38.18717],[-59.11985,-38.18695],[-59.12202,-38.18702],[-59.12534,-38.18487],[-59.12593,-38.18416],[-59.12729,-38.18382],[-59.12878,-38.18389],[-59.13071,-38.18443],[-59.13146,-38.18444],[-59.13267,-38.18403],[-59.13402,-38.18304],[-59.13456,-38.18174],[-59.13637,-38.18023],[-59.13818,-38.1798],[-59.13976,-38.18045],[-59.14049,-38.18076]]]}},{"type":"Feature","properties":{"fdc":"SIG 250 mil","sag":"IGN","crv":100,"mo2":6,"tipo":"Curva de nivel","ign":"lineas_de_geomorfologia_CA010.110250"},"geometry":{"type":"MultiLineString","coordinates":[[[-59.15344,-38.21678],[-59.15333,-38.21669],[-59.15219,-38.21589],[-59.15173,-38.21535],[-59.151,-38.21444],[-59.15094,-38.21322],[-59.1517,-38.21238],[-59.15002,-38.21103],[-59.14734,-38.21064],[-59.14585,-38.21031],[-59.14539,-38.20977],[-59.14601,-38.20914],[-59.14722,-38.20888],[-59.14837,-38.20884],[-59.15046,-38.2088],[-59.1514,-38.20902],[-59.15294,-38.20983],[-59.15507,-38.21165],[-59.15762,-38.21316],[-59.15942,-38.21434],[-59.16088,-38.21627],[-59.16474,-38.21863],[-59.16626,-38.2189],[-59.16798,-38.22031],[-59.16858,-38.22079],[-59.16917,-38.22097],[-59.17058,-38.22229],[-59.17132,-38.2224],[-59.1722,-38.22262],[-59.17232,-38.22337],[-59.17244,-38.22438],[-59.17251,-38.22465],[-59.17311,-38.22497],[-59.17392,-38.22529],[-59.17459,-38.22535],[-59.17533,-38.22504],[-59.17581,-38.22435],[-59.17651,-38.22371],[-59.17783,-38.22337],[-59.18,-38.22358],[-59.18195,-38.22271],[-59.18203,-38.21596],[-59.18108,-38.21462],[-59.17915,-38.21365],[-59.17772,-38.2125],[-59.17662,-38.21249],[-59.17428,-38.21473],[-59.17343,-38.21513],[-59.17268,-38.21508],[-59.17216,-38.21432],[-59.17142,-38.21322],[-59.16831,-38.21081],[-59.16489,-38.20937],[-59.15481,-38.20776],[-59.15362,-38.20623],[-59.15316,-38.20451],[-59.15221,-38.20297],[-59.15271,-38.20145],[-59.15635,-38.20034],[-59.15612,-38.19862],[-59.1571,-38.1971],[-59.15905,-38.19597],[-59.15951,-38.19498],[-59.15942,-38.19347],[-59.15816,-38.19186],[-59.1571,-38.19131],[-59.15376,-38.1899],[-59.15271,-38.1893],[-59.15266,-38.18883],[-59.15277,-38.18803],[-59.15294,-38.18745],[-59.15343,-38.18619],[-59.15382,-38.18484],[-59.15493,-38.18422]]]}},{"type":"Feature","properties":{"fdc":"SIG 250 mil","sag":"IGN","crv":100,"mo2":6,"tipo":"Curva de nivel","ign":"lineas_de_geomorfologia_CA010.110257"},"geometry":{"type":"MultiLineString","coordinates":[[[-59.20987,-38.1919],[-59.20975,-38.19395],[-59.20943,-38.19703],[-59.20819,-38.19791],[-59.2081,-38.19795],[-59.20796,-38.19801],[-59.20542,-38.19875],[-59.20316,-38.19979],[-59.20106,-38.20146],[-59.19879,-38.20322],[-59.19832,-38.20384],[-59.19727,-38.20522],[-59.19697,-38.20608],[-59.19639,-38.20676],[-59.19604,-38.20708],[-59.19552,-38.20711],[-59.19504,-38.20716],[-59.19453,-38.20733],[-59.1943,-38.20769],[-59.19429,-38.20823],[-59.19446,-38.20859],[-59.19473,-38.21007],[-59.19432,-38.21052],[-59.19381,-38.21091],[-59.19313,-38.21132],[-59.19272,-38.21176],[-59.19232,-38.2122],[-59.19226,-38.21252],[-59.19265,-38.21301],[-59.19282,-38.21337],[-59.19257,-38.2148],[-59.19397,-38.21881],[-59.20118,-38.22215],[-59.20425,-38.22316],[-59.21147,-38.22522],[-59.21942,-38.22627],[-59.22562,-38.2226],[-59.23053,-38.22005],[-59.23634,-38.2196],[-59.23724,-38.21953],[-59.24216,-38.21851],[-59.24634,-38.21764],[-59.24889,-38.21632],[-59.2506,-38.2145],[-59.25066,-38.21432],[-59.25235,-38.20785],[-59.25028,-38.20702],[-59.24924,-38.20619],[-59.25031,-38.20456],[-59.25188,-38.20334],[-59.25035,-38.20047],[-59.24725,-38.19839],[-59.2436,-38.19878],[-59.24204,-38.19877],[-59.23998,-38.19785],[-59.23829,-38.19708],[-59.23735,-38.19555],[-59.23676,-38.19383],[-59.23573,-38.19125],[-59.23614,-38.19036],[-59.23724,-38.18937],[-59.23822,-38.18806]]]}},{"type":"Feature","properties":{"fdc":"SIG 250 mil","sag":"IGN","crv":80,"mo2":6,"tipo":"Curva de nivel","ign":"lineas_de_geomorfologia_CA010.110291"},"geometry":{"type":"MultiLineString","coordinates":[[[-58.95406,-38.1707],[-58.95534,-38.1715],[-58.95596,-38.17293],[-58.9571,-38.17604],[-58.95621,-38.17928],[-58.95676,-38.18262],[-58.95554,-38.18385],[-58.95367,-38.18491],[-58.95025,-38.18578],[-58.94746,-38.18531],[-58.94543,-38.1851],[-58.9442,-38.18505],[-58.94292,-38.18508],[-58.94126,-38.18544],[-58.94064,-38.18568],[-58.93998,-38.18676],[-58.93887,-38.18832],[-58.93868,-38.1889],[-58.93842,-38.18922],[-58.93625,-38.1892],[-58.93248,-38.19088],[-58.93031,-38.19106],[-58.92837,-38.19161],[-58.9269,-38.19274],[-58.92785,-38.19399],[-58.93168,-38.19593],[-58.93166,-38.19736],[-58.93019,-38.19907],[-58.92872,-38.2002],[-58.92894,-38.20172],[-58.93087,-38.20193],[-58.93305,-38.20138],[-58.93474,-38.20216],[-58.93519,-38.20397],[-58.93916,-38.20572],[-58.93886,-38.20896],[-58.94042,-38.21022],[-58.94259,-38.21024],[-58.9443,-38.20911],[-58.94648,-38.20913],[-58.94866,-38.20857],[-58.95059,-38.20897],[-58.94984,-38.21068],[-58.95006,-38.21221],[-58.95185,-38.21299],[-58.95363,-38.21558],[-58.95581,-38.21531],[-58.95798,-38.2159],[-58.96015,-38.21611],[-58.96173,-38.21555],[-58.96197,-38.21303],[-58.95729,-38.21313],[-58.95683,-38.21189],[-58.95745,-38.21027],[-58.95916,-38.20952],[-58.95797,-38.2078],[-58.95739,-38.20598],[-58.95766,-38.20427],[-58.9584,-38.20275],[-58.95795,-38.20141],[-58.95578,-38.20101],[-58.95507,-38.19948],[-58.95726,-38.19893],[-58.95824,-38.1976],[-58.95834,-38.19023],[-58.95884,-38.18921],[-58.96053,-38.18923],[-58.96198,-38.19063],[-58.96334,-38.19545],[-58.96318,-38.19888],[-58.96642,-38.20034],[-58.96615,-38.20187],[-58.96492,-38.20338],[-58.96322,-38.20432],[-58.96247,-38.20565],[-58.96367,-38.2068],[-58.9656,-38.20644],[-58.96707,-38.2053],[-58.96925,-38.20494],[-58.97068,-38.20629],[-58.9709,-38.20801],[-58.97258,-38.20897],[-58.97475,-38.2089],[-58.97896,-38.21065],[-58.98027,-38.2121],[-58.97952,-38.21361],[-58.97734,-38.21397],[-58.97518,-38.21338],[-58.97323,-38.21413],[-58.97106,-38.21373],[-58.96888,-38.2139],[-58.96777,-38.21542],[-58.96918,-38.21839],[-58.96735,-38.21961],[-58.96733,-38.22132],[-58.96876,-38.22248],[-58.97312,-38.22195],[-58.97672,-38.22369],[-58.97743,-38.22503],[-58.97717,-38.22665],[-58.97772,-38.23009],[-58.97857,-38.23038],[-58.98027,-38.22945],[-58.98125,-38.22793],[-58.98272,-38.22718],[-58.9844,-38.22776],[-58.98471,-38.22893],[-58.98413,-38.22993],[-58.98454,-38.23082],[-58.98581,-38.23072],[-58.98695,-38.23051],[-58.98751,-38.23062],[-58.98863,-38.23141],[-58.98989,-38.23165],[-58.99146,-38.23077],[-58.99091,-38.22965],[-58.98936,-38.22908],[-58.99048,-38.22804],[-58.99236,-38.22598],[-58.98931,-38.21958],[-58.98743,-38.21826],[-58.98721,-38.21654],[-58.98748,-38.21482],[-58.98941,-38.21484],[-58.99084,-38.21619],[-58.99155,-38.21772],[-58.99526,-38.21994],[-58.99948,-38.22084],[-59.00116,-38.22181],[-59.00335,-38.22125],[-59.00526,-38.22203],[-59.00549,-38.22365],[-59.00737,-38.22691],[-59.00906,-38.22779],[-59.0172,-38.22841],[-59.01934,-38.2273],[-59.02369,-38.22724],[-59.026,-38.2264],[-59.02674,-38.22488],[-59.02821,-38.22375],[-59.02988,-38.22472],[-59.03011,-38.22586],[-59.02888,-38.22738],[-59.02874,-38.229],[-59.03234,-38.23103],[-59.03498,-38.23191],[-59.03632,-38.23125],[-59.03682,-38.23031],[-59.03697,-38.22792],[-59.03603,-38.2263],[-59.03617,-38.22458],[-59.03778,-38.22135],[-59.03937,-38.22022],[-59.04326,-38.21854],[-59.04448,-38.2174],[-59.04928,-38.21529],[-59.04982,-38.21573],[-59.04932,-38.21763],[-59.04427,-38.22155],[-59.04206,-38.22606],[-59.04243,-38.22711],[-59.04373,-38.22874],[-59.04708,-38.23115],[-59.04891,-38.23021],[-59.05083,-38.2308],[-59.05106,-38.23233],[-59.05057,-38.23271],[-59.05105,-38.23328],[-59.05249,-38.23405],[-59.05466,-38.23388],[-59.05637,-38.23275],[-59.05712,-38.23123],[-59.05726,-38.22952],[-59.05935,-38.22667],[-59.06263,-38.22498],[-59.06468,-38.22557],[-59.06653,-38.22263],[-59.0686,-38.22179],[-59.06955,-38.22342],[-59.06817,-38.22655],[-59.06876,-38.22808],[-59.07068,-38.22915],[-59.07504,-38.22852],[-59.07623,-38.23005],[-59.07669,-38.23186],[-59.07924,-38.23363],[-59.08126,-38.23352],[-59.08294,-38.23468],[-59.08511,-38.23508],[-59.08606,-38.23642],[-59.08802,-38.23685],[-59.08922,-38.23511],[-59.0873,-38.23395],[-59.08611,-38.2326],[-59.08661,-38.23137],[-59.0901,-38.23206],[-59.09219,-38.2295],[-59.09412,-38.22962],[-59.09484,-38.23058],[-59.09457,-38.23229],[-59.09383,-38.23381],[-59.09381,-38.23553],[-59.09549,-38.23668],[-59.09742,-38.23708],[-59.09936,-38.23595],[-59.10011,-38.23424],[-59.09965,-38.23252],[-59.09834,-38.23089],[-59.09898,-38.22775],[-59.10067,-38.22776],[-59.10211,-38.22873],[-59.10257,-38.23045],[-59.10377,-38.2316],[-59.10558,-38.23171],[-59.10815,-38.22868],[-59.10842,-38.22706],[-59.10674,-38.22609],[-59.10603,-38.22437],[-59.10895,-38.22296]]]}},{"type":"Feature","properties":{"fdc":"SIG 250 mil","sag":"IGN","crv":120,"mo2":6,"tipo":"Curva de nivel","ign":"lineas_de_geomorfologia_CA010.110340"},"geometry":{"type":"MultiLineString","coordinates":[[[-59.28231,-38.25456],[-59.28461,-38.25439],[-59.28619,-38.25325],[-59.28681,-38.25249],[-59.28683,-38.2503],[-59.28757,-38.24887],[-59.28879,-38.24755],[-59.28881,-38.24612],[-59.28984,-38.24522],[-59.29354,-38.24386],[-59.29416,-38.24233],[-59.29429,-38.24081],[-59.2937,-38.23758],[-59.29185,-38.2366],[-59.29096,-38.23545],[-59.29062,-38.23307],[-59.28933,-38.23281],[-59.28611,-38.2331],[-59.28441,-38.23276],[-59.28327,-38.23093],[-59.28194,-38.23092],[-59.28012,-38.23158],[-59.27866,-38.2329],[-59.27792,-38.23442],[-59.27496,-38.23721],[-59.27351,-38.23935],[-59.27338,-38.24097],[-59.27457,-38.24336],[-59.27455,-38.24488],[-59.2755,-38.24632],[-59.27702,-38.24754],[-59.27765,-38.24958],[-59.28005,-38.25102],[-59.28077,-38.25198],[-59.28099,-38.25351],[-59.28231,-38.25456]]]}},{"type":"Feature","properties":{"fdc":"SIG 250 mil","sag":"IGN","crv":100,"mo2":6,"tipo":"Curva de nivel","ign":"lineas_de_geomorfologia_CA010.110388"},"geometry":{"type":"MultiLineString","coordinates":[[[-59.04053,-38.2699],[-59.03956,-38.26955],[-59.03743,-38.26802],[-59.03888,-38.26339],[-59.03832,-38.25933],[-59.03825,-38.25874],[-59.03862,-38.25833],[-59.04068,-38.25687],[-59.04123,-38.25661],[-59.04159,-38.25661],[-59.04217,-38.25694],[-59.04292,-38.26277],[-59.04242,-38.26429],[-59.04237,-38.26811],[-59.042,-38.26886],[-59.04053,-38.2699]]]}},{"type":"Feature","properties":{"fdc":"SIG 250 mil","sag":"IGN","crv":120,"mo2":6,"tipo":"Curva de nivel","ign":"lineas_de_geomorfologia_CA010.110384"},"geometry":{"type":"MultiLineString","coordinates":[[[-59.30449,-38.269],[-59.30656,-38.26777],[-59.3066,-38.26405],[-59.30428,-38.2622],[-59.30396,-38.26118],[-59.30349,-38.26098],[-59.30257,-38.25933],[-59.30424,-38.25803],[-59.30691,-38.2569],[-59.30801,-38.25557],[-59.30923,-38.25491],[-59.31176,-38.25493],[-59.31226,-38.25341],[-59.31154,-38.25283],[-59.31033,-38.25263],[-59.30925,-38.25311],[-59.30731,-38.25262],[-59.30611,-38.25137],[-59.30455,-38.2504],[-59.30262,-38.25011],[-59.30056,-38.25048],[-59.29885,-38.2519],[-59.29726,-38.25475],[-59.29544,-38.25512],[-59.29311,-38.25845],[-59.29308,-38.26092],[-59.29475,-38.2636],[-59.29608,-38.26418],[-59.29777,-38.2641],[-59.2985,-38.26429],[-59.29993,-38.26545],[-59.3004,-38.26646],[-59.30256,-38.26889],[-59.30449,-38.269]]]}},{"type":"Feature","properties":{"fdc":"SIG 250 mil","sag":"IGN","crv":120,"mo2":6,"tipo":"Curva de nivel","ign":"lineas_de_geomorfologia_CA010.110389"},"geometry":{"type":"MultiLineString","coordinates":[[[-59.26194,-38.27047],[-59.26146,-38.27039],[-59.26109,-38.27018],[-59.26073,-38.26996],[-59.2606,-38.26979],[-59.26007,-38.26893],[-59.25956,-38.26792],[-59.25928,-38.26741],[-59.25924,-38.2671],[-59.25948,-38.266],[-59.25963,-38.26529],[-59.25971,-38.26453],[-59.26019,-38.26401],[-59.26088,-38.26374],[-59.2618,-38.2634],[-59.26309,-38.26291],[-59.26377,-38.26265],[-59.26456,-38.26239],[-59.26511,-38.2619],[-59.26562,-38.26138],[-59.26575,-38.25986],[-59.26582,-38.25893],[-59.2659,-38.25806],[-59.26599,-38.25696],[-59.26604,-38.25634],[-59.26622,-38.25608],[-59.2667,-38.25589],[-59.26743,-38.25583],[-59.268,-38.25591],[-59.26853,-38.25595],[-59.26936,-38.25615],[-59.26928,-38.25735],[-59.26921,-38.25838],[-59.26905,-38.25941],[-59.2692,-38.26014],[-59.26952,-38.26052],[-59.26954,-38.26123],[-59.2693,-38.26196],[-59.26866,-38.26281],[-59.26783,-38.26391],[-59.26741,-38.26476],[-59.26685,-38.26589],[-59.26642,-38.26675],[-59.26516,-38.2673],[-59.2648,-38.26742],[-59.2646,-38.26757],[-59.26454,-38.26775],[-59.2645,-38.26784],[-59.26456,-38.26804],[-59.26494,-38.269],[-59.265,-38.26931],[-59.26471,-38.2696],[-59.26406,-38.26988],[-59.26325,-38.27017],[-59.26245,-38.27045],[-59.26194,-38.27047]]]}},{"type":"Feature","properties":{"fdc":"SIG 250 mil","sag":"IGN","crv":90,"mo2":6,"tipo":"Curva de nivel","ign":"lineas_de_geomorfologia_CA010.110392"},"geometry":{"type":"MultiLineString","coordinates":[[[-59.13377,-38.2707],[-59.13279,-38.27021],[-59.13218,-38.26996],[-59.1317,-38.26991],[-59.13051,-38.26984],[-59.12954,-38.26955],[-59.1284,-38.26886],[-59.12762,-38.26839],[-59.12695,-38.26711],[-59.12735,-38.26589],[-59.12724,-38.26541],[-59.12684,-38.26516],[-59.12646,-38.26476],[-59.12629,-38.26257],[-59.12575,-38.26199],[-59.12505,-38.26176],[-59.12354,-38.26146],[-59.12314,-38.26105],[-59.12313,-38.26057],[-59.12334,-38.25966],[-59.12317,-38.25923],[-59.12284,-38.2588],[-59.12155,-38.25787],[-59.12085,-38.25735],[-59.11986,-38.25663],[-59.1186,-38.25572],[-59.11749,-38.25491],[-59.11695,-38.25452],[-59.11682,-38.25442],[-59.11671,-38.25423],[-59.11662,-38.25395],[-59.11664,-38.25379],[-59.11674,-38.25362],[-59.11721,-38.25238],[-59.11736,-38.25229],[-59.11752,-38.25229],[-59.11773,-38.25229],[-59.11795,-38.25237],[-59.11819,-38.25252],[-59.11963,-38.25354],[-59.12114,-38.25461],[-59.12186,-38.25524],[-59.12212,-38.25546],[-59.12245,-38.25562],[-59.12286,-38.25574],[-59.12317,-38.25572],[-59.1245,-38.25539],[-59.12548,-38.2555],[-59.12644,-38.25589],[-59.12703,-38.25733],[-59.12835,-38.25838],[-59.13017,-38.25801],[-59.13125,-38.25831],[-59.13169,-38.25976],[-59.13218,-38.26137],[-59.13284,-38.26185],[-59.13362,-38.26242],[-59.13379,-38.26358],[-59.13396,-38.26472],[-59.13415,-38.26601],[-59.13486,-38.26672],[-59.13583,-38.26767],[-59.13591,-38.26853],[-59.13472,-38.26981],[-59.13377,-38.2707]]]}},{"type":"Feature","properties":{"fdc":"SIG 250 mil","sag":"IGN","crv":80,"mo2":6,"tipo":"Curva de nivel","ign":"lineas_de_geomorfologia_CA010.110420"},"geometry":{"type":"MultiLineString","coordinates":[[[-59.1552,-38.28615],[-59.15542,-38.28592],[-59.15577,-38.28552],[-59.15607,-38.28517],[-59.15687,-38.28331],[-59.15928,-38.28063],[-59.16028,-38.28021],[-59.16125,-38.27995],[-59.16359,-38.28108],[-59.16599,-38.2799],[-59.16752,-38.27974],[-59.16872,-38.28127],[-59.17027,-38.28262],[-59.17233,-38.28301],[-59.17339,-38.28345],[-59.17507,-38.28409],[-59.17633,-38.28366],[-59.17572,-38.28208],[-59.17526,-38.28036],[-59.17358,-38.27921],[-59.17164,-38.27919],[-59.16972,-38.27823],[-59.16877,-38.2767],[-59.16975,-38.27537],[-59.17125,-38.26972],[-59.17114,-38.2694],[-59.1706,-38.26909],[-59.16994,-38.26892],[-59.16964,-38.26884],[-59.16814,-38.2683],[-59.1667,-38.26715],[-59.16469,-38.26225],[-59.16122,-38.25948],[-59.16076,-38.25776],[-59.16198,-38.25644],[-59.16152,-38.25472],[-59.16008,-38.25337],[-59.15938,-38.25165],[-59.15746,-38.25106],[-59.15528,-38.25086],[-59.15385,-38.24952],[-59.15362,-38.2478],[-59.15267,-38.24645],[-59.15075,-38.24529],[-59.14881,-38.24585],[-59.1477,-38.24728],[-59.14431,-38.24754],[-59.14249,-38.24829],[-59.14223,-38.25019],[-59.14069,-38.25066],[-59.14046,-38.25134],[-59.13954,-38.25246],[-59.13822,-38.25197],[-59.13451,-38.25186],[-59.13254,-38.25226],[-59.13267,-38.25336],[-59.13414,-38.25869],[-59.13483,-38.26167],[-59.13553,-38.26428],[-59.13695,-38.26668],[-59.13789,-38.26912],[-59.13978,-38.2707],[-59.14225,-38.27265],[-59.14395,-38.27388],[-59.14457,-38.2751],[-59.14582,-38.27639],[-59.14772,-38.27727],[-59.14986,-38.27999],[-59.15118,-38.28344],[-59.15406,-38.28529],[-59.15446,-38.2857],[-59.15465,-38.28582],[-59.15491,-38.28597],[-59.1552,-38.28615]]]}},{"type":"Feature","properties":{"fdc":"SIG 250 mil","sag":"IGN","crv":100,"mo2":6,"tipo":"Curva de nivel","ign":"lineas_de_geomorfologia_CA010.110423"},"geometry":{"type":"MultiLineString","coordinates":[[[-59.06109,-38.28782],[-59.05893,-38.28763],[-59.05806,-38.28691],[-59.05772,-38.28662],[-59.05854,-38.2803],[-59.05548,-38.27512],[-59.05753,-38.26462],[-59.05916,-38.26432],[-59.06544,-38.26976],[-59.06579,-38.27125],[-59.067,-38.27135],[-59.06758,-38.27068],[-59.06723,-38.26798],[-59.06866,-38.26633],[-59.07001,-38.26223],[-59.07041,-38.26004],[-59.07187,-38.2589],[-59.07501,-38.25738],[-59.07637,-38.25732],[-59.0766,-38.2578],[-59.07656,-38.26056],[-59.0758,-38.26361],[-59.07616,-38.26447],[-59.07796,-38.26524],[-59.07867,-38.26582],[-59.07902,-38.26735],[-59.08107,-38.26848],[-59.081,-38.27356],[-59.07978,-38.2746],[-59.07784,-38.27497],[-59.0759,-38.27477],[-59.07519,-38.27428],[-59.07471,-38.27351],[-59.07473,-38.27189],[-59.07523,-38.27123],[-59.07525,-38.26913],[-59.07339,-38.26912],[-59.07002,-38.27369],[-59.06603,-38.27868],[-59.06568,-38.27974],[-59.06602,-38.28126],[-59.0659,-38.28202],[-59.06443,-38.28278],[-59.06502,-38.28551],[-59.06109,-38.28782]]]}},{"type":"Feature","properties":{"fdc":"SIG 250 mil","sag":"IGN","crv":120,"mo2":6,"tipo":"Curva de nivel","ign":"lineas_de_geomorfologia_CA010.110406"},"geometry":{"type":"MultiLineString","coordinates":[[[-59.32905,-38.27899],[-59.32641,-38.27755],[-59.32509,-38.27602],[-59.32497,-38.27534],[-59.32393,-38.27451],[-59.32027,-38.27389],[-59.31786,-38.27282],[-59.31703,-38.27139],[-59.31633,-38.269],[-59.31478,-38.2668],[-59.3143,-38.26537],[-59.31446,-38.26155],[-59.31411,-38.26003],[-59.31509,-38.25851],[-59.3168,-38.25756],[-59.32093,-38.25928],[-59.32341,-38.26113],[-59.32338,-38.26427],[-59.3242,-38.26743],[-59.32504,-38.26886],[-59.32792,-38.27117],[-59.32911,-38.27261],[-59.3308,-38.27366],[-59.33187,-38.2751],[-59.33197,-38.27748],[-59.33111,-38.27834],[-59.32905,-38.27899]]]}},{"type":"Feature","properties":{"fdc":"SIG 250 mil","sag":"IGN","crv":100,"mo2":6,"tipo":"Curva de nivel","ign":"lineas_de_geomorfologia_CA010.110415"},"geometry":{"type":"MultiLineString","coordinates":[[[-59.03605,-38.28497],[-59.03654,-38.28484],[-59.03777,-38.2831],[-59.03969,-38.28195],[-59.03982,-38.28177],[-59.04019,-38.28135],[-59.04,-38.28075],[-59.03888,-38.27831],[-59.0388,-38.2777],[-59.03899,-38.27739],[-59.03952,-38.27718],[-59.04119,-38.27611],[-59.04124,-38.27385],[-59.0417,-38.27296],[-59.04135,-38.27229],[-59.04031,-38.27212],[-59.03747,-38.27322],[-59.03673,-38.27397],[-59.03647,-38.27483],[-59.03271,-38.27909],[-59.03247,-38.27948],[-59.03238,-38.28004],[-59.033,-38.2841],[-59.0343,-38.28473],[-59.03461,-38.28487],[-59.03508,-38.28493],[-59.03605,-38.28497]]]}},{"type":"Feature","properties":{"fdc":"SIG 250 mil","sag":"IGN","crv":120,"mo2":6,"tipo":"Curva de nivel","ign":"lineas_de_geomorfologia_CA010.110416"},"geometry":{"type":"MultiLineString","coordinates":[[[-59.64386,-38.24378],[-59.64256,-38.24501],[-59.64014,-38.24486],[-59.63737,-38.24228],[-59.63652,-38.24266],[-59.63603,-38.24427],[-59.63783,-38.24743],[-59.64047,-38.25068],[-59.64083,-38.25201],[-59.63877,-38.25239],[-59.6354,-38.24961],[-59.63382,-38.25066],[-59.63189,-38.25084],[-59.6302,-38.24988],[-59.62802,-38.25026],[-59.62609,-38.2493],[-59.62416,-38.24968],[-59.62222,-38.25043],[-59.62004,-38.25004],[-59.61835,-38.24927],[-59.61714,-38.25041],[-59.61713,-38.25194],[-59.61616,-38.25365],[-59.6147,-38.2546],[-59.61264,-38.25469],[-59.60902,-38.25325],[-59.60697,-38.25286],[-59.60528,-38.25304],[-59.60382,-38.25399],[-59.60285,-38.25552],[-59.60139,-38.25647],[-59.59921,-38.25684],[-59.59691,-38.25664],[-59.59269,-38.2551],[-59.59034,-38.25536],[-59.58776,-38.2594],[-59.58517,-38.25984],[-59.58348,-38.25879],[-59.5829,-38.25535],[-59.58182,-38.25373],[-59.58037,-38.25381],[-59.57998,-38.25696],[-59.57889,-38.25829],[-59.57671,-38.25847],[-59.57478,-38.25771],[-59.57261,-38.25751],[-59.57066,-38.25826],[-59.56631,-38.25939],[-59.56438,-38.25862],[-59.56293,-38.25728],[-59.56124,-38.25766],[-59.55942,-38.25898],[-59.55686,-38.26164],[-59.55311,-38.26153],[-59.55202,-38.26239],[-59.55129,-38.26391],[-59.54983,-38.26505],[-59.54765,-38.26504],[-59.54572,-38.26427],[-59.54452,-38.26274],[-59.54259,-38.26197],[-59.54138,-38.26197],[-59.54113,-38.26349],[-59.54329,-38.26645],[-59.5463,-38.26932],[-59.54774,-38.27028],[-59.54848,-38.27226],[-59.5471,-38.27552],[-59.54758,-38.27724],[-59.54708,-38.27896],[-59.54707,-38.28067],[-59.54585,-38.28201],[-59.54367,-38.28238],[-59.54198,-38.28132],[-59.54044,-38.27798],[-59.53911,-38.27664],[-59.53718,-38.27606],[-59.53526,-38.27491],[-59.53405,-38.27357],[-59.53236,-38.2728],[-59.53163,-38.27413],[-59.53235,-38.27566],[-59.53354,-38.277],[-59.53378,-38.27871],[-59.5334,-38.28033],[-59.53495,-38.28349],[-59.53398,-38.28501],[-59.5318,-38.285],[-59.52963,-38.28394],[-59.52723,-38.28231],[-59.52451,-38.28047],[-59.52371,-38.27989],[-59.52283,-38.27868],[-59.52196,-38.27592],[-59.52217,-38.27372],[-59.52191,-38.27316],[-59.52191,-38.27276],[-59.52223,-38.27214],[-59.52262,-38.27141],[-59.52305,-38.27073],[-59.52326,-38.2703],[-59.52353,-38.26905],[-59.52331,-38.26822],[-59.52277,-38.26635],[-59.52211,-38.26411],[-59.52142,-38.26324],[-59.52047,-38.26289],[-59.51951,-38.26279],[-59.51877,-38.26301],[-59.51585,-38.26396],[-59.51451,-38.26529],[-59.51354,-38.26681],[-59.51281,-38.267],[-59.51116,-38.26799],[-59.50993,-38.26822],[-59.50898,-38.26796],[-59.50801,-38.26752],[-59.50725,-38.26688],[-59.5075,-38.26545],[-59.5092,-38.26412],[-59.50945,-38.26241],[-59.50799,-38.26124],[-59.50313,-38.26051],[-59.4976,-38.26025],[-59.49569,-38.2593],[-59.49436,-38.25938],[-59.49334,-38.25988],[-59.49212,-38.26006],[-59.49053,-38.25985],[-59.48924,-38.25937],[-59.48786,-38.25874],[-59.48242,-38.25562],[-59.48243,-38.2539],[-59.4822,-38.25307],[-59.48185,-38.25232],[-59.48123,-38.25198],[-59.48064,-38.25107],[-59.48077,-38.24959],[-59.48055,-38.2481],[-59.4792,-38.24791],[-59.47855,-38.24847],[-59.4776,-38.24994],[-59.47658,-38.25309],[-59.47581,-38.25452],[-59.47416,-38.2546],[-59.47218,-38.25409],[-59.47161,-38.25107],[-59.47186,-38.24922],[-59.4724,-38.24747],[-59.47195,-38.24533],[-59.4706,-38.24482],[-59.46984,-38.24533],[-59.46857,-38.24661],[-59.46698,-38.25167],[-59.46653,-38.25237],[-59.46572,-38.2529],[-59.46504,-38.25318],[-59.46436,-38.25324],[-59.46384,-38.25321],[-59.46349,-38.25302],[-59.46272,-38.25265],[-59.46045,-38.25056],[-59.45948,-38.25018],[-59.45778,-38.25169],[-59.45777,-38.25341],[-59.45631,-38.25397],[-59.45426,-38.2532],[-59.45186,-38.25033],[-59.4503,-38.24966],[-59.44952,-38.24958],[-59.44886,-38.24963],[-59.44836,-38.24976],[-59.44804,-38.24979],[-59.44649,-38.24931],[-59.44578,-38.249],[-59.44556,-38.24865],[-59.44551,-38.24817],[-59.44529,-38.2477],[-59.44491,-38.24747],[-59.44436,-38.24712],[-59.4437,-38.2469],[-59.44326,-38.24681],[-59.44249,-38.24677],[-59.44222,-38.24677],[-59.44156,-38.24677],[-59.44101,-38.2465],[-59.44051,-38.24615],[-59.43963,-38.24584],[-59.43919,-38.24584],[-59.43858,-38.24596],[-59.43803,-38.24635],[-59.43797,-38.24688],[-59.43786,-38.24762],[-59.4374,-38.24857],[-59.43735,-38.24874],[-59.43729,-38.2494],[-59.43723,-38.25],[-59.4375,-38.25122],[-59.43744,-38.25209],[-59.43672,-38.25253],[-59.43594,-38.25278],[-59.43512,-38.25291],[-59.43462,-38.25291],[-59.43385,-38.25256],[-59.43325,-38.2522],[-59.43276,-38.25142],[-59.43216,-38.25016],[-59.43189,-38.24902],[-59.43151,-38.24832],[-59.43103,-38.24715],[-59.43059,-38.24684],[-59.4302,-38.24662],[-59.42976,-38.24653],[-59.42921,-38.24649],[-59.42868,-38.24662],[-59.42759,-38.24735],[-59.42541,-38.24734],[-59.42373,-38.24657],[-59.42301,-38.24514],[-59.42073,-38.24227],[-59.42111,-38.24077],[-59.42094,-38.23913],[-59.42083,-38.23862],[-59.42096,-38.2367],[-59.42012,-38.23566],[-59.41957,-38.2354],[-59.41894,-38.2353],[-59.41833,-38.23554],[-59.4174,-38.23657],[-59.41629,-38.23796],[-59.41628,-38.23967],[-59.41699,-38.24139],[-59.41675,-38.24222],[-59.41626,-38.24283],[-59.41503,-38.24276],[-59.41481,-38.24271],[-59.41336,-38.24137],[-59.41192,-38.2406],[-59.41,-38.24002],[-59.40864,-38.23918],[-59.40753,-38.23845],[-59.40693,-38.23831],[-59.40638,-38.23844],[-59.4062,-38.23891],[-59.40636,-38.24019],[-59.40732,-38.24192],[-59.4073,-38.24363],[-59.40584,-38.24496],[-59.4039,-38.2459],[-59.40122,-38.24837],[-59.39952,-38.24836],[-59.3976,-38.24739],[-59.39591,-38.24701],[-59.39203,-38.2486],[-59.38985,-38.2485],[-59.38815,-38.24963],[-59.38773,-38.25154],[-59.38845,-38.25375],[-59.38653,-38.25512],[-59.38423,-38.25553],[-59.38229,-38.25666],[-59.38036,-38.25627],[-59.37867,-38.2553],[-59.37673,-38.25644],[-59.37468,-38.25624],[-59.37045,-38.25469],[-59.3661,-38.25514],[-59.36417,-38.25428],[-59.36248,-38.25388],[-59.35849,-38.255],[-59.35906,-38.25835],[-59.35856,-38.25996],[-59.35638,-38.26072],[-59.35445,-38.25994],[-59.35422,-38.2586],[-59.35437,-38.25574],[-59.35197,-38.25306],[-59.35038,-38.2561],[-59.34843,-38.25628],[-59.34748,-38.25494],[-59.34763,-38.25151],[-59.3474,-38.24998],[-59.34538,-38.2471],[-59.34542,-38.24178],[-59.34497,-38.23843],[-59.34595,-38.23682],[-59.34496,-38.23556],[-59.34319,-38.23433],[-59.34233,-38.23528],[-59.34255,-38.23852],[-59.34228,-38.24195],[-59.34322,-38.24548],[-59.34393,-38.24615],[-59.34488,-38.24883],[-59.3451,-38.25055],[-59.34351,-38.25505],[-59.34118,-38.25605],[-59.33913,-38.25566],[-59.33499,-38.25224],[-59.33421,-38.25105],[-59.33301,-38.25067],[-59.33205,-38.24914],[-59.33014,-38.24817],[-59.32918,-38.24664],[-59.32871,-38.24502],[-59.3285,-38.24158],[-59.32599,-38.2401],[-59.32394,-38.23822],[-59.32395,-38.23708],[-59.32323,-38.23631],[-59.32177,-38.23726],[-59.32103,-38.23896],[-59.31981,-38.23991],[-59.31764,-38.23952],[-59.31572,-38.23836],[-59.31405,-38.23492],[-59.31407,-38.2332],[-59.31577,-38.23245],[-59.31723,-38.23113],[-59.31917,-38.23076],[-59.31895,-38.22904],[-59.31968,-38.22752],[-59.3215,-38.22686],[-59.32044,-38.22457],[-59.31826,-38.22446],[-59.31632,-38.22493],[-59.31222,-38.22442],[-59.30787,-38.22468],[-59.30594,-38.22382],[-59.3045,-38.22247],[-59.30234,-38.2215],[-59.29811,-38.22062],[-59.29631,-38.21956],[-59.29561,-38.21784],[-59.29469,-38.21288],[-59.29494,-38.21116],[-59.29641,-38.20964],[-59.29859,-38.2089],[-59.30076,-38.20948],[-59.3027,-38.20892],[-59.3032,-38.20721],[-59.30442,-38.20569],[-59.3042,-38.20397],[-59.30452,-38.20282],[-59.30467,-38.20232],[-59.30489,-38.20211],[-59.3058,-38.20138],[-59.30603,-38.20118],[-59.30621,-38.20093],[-59.30622,-38.20068],[-59.30667,-38.19769],[-59.30742,-38.19653],[-59.30751,-38.19637],[-59.30782,-38.19619],[-59.30824,-38.19602],[-59.30983,-38.19562],[-59.31122,-38.19456],[-59.31165,-38.19445],[-59.31211,-38.19436],[-59.31277,-38.19437],[-59.31357,-38.19439],[-59.31363,-38.19504],[-59.31376,-38.19579],[-59.31392,-38.19711],[-59.31382,-38.19879],[-59.31526,-38.19933],[-59.3158,-38.19923],[-59.31648,-38.19918],[-59.31662,-38.19959],[-59.31698,-38.20005],[-59.31673,-38.20217],[-59.31722,-38.20299],[-59.31757,-38.20342],[-59.31846,-38.20458],[-59.31851,-38.20503],[-59.31855,-38.20568],[-59.31884,-38.20654],[-59.31905,-38.20758],[-59.32016,-38.20794],[-59.32099,-38.20839],[-59.32216,-38.20875],[-59.32385,-38.20839],[-59.32609,-38.20704],[-59.32642,-38.20544],[-59.32731,-38.20411],[-59.32804,-38.20236],[-59.32693,-38.20139],[-59.32505,-38.20117],[-59.3243,-38.20041],[-59.32411,-38.19984],[-59.3243,-38.19936],[-59.32568,-38.19914],[-59.32687,-38.19955],[-59.33067,-38.20222],[-59.33273,-38.20242],[-59.33609,-38.20397],[-59.33803,-38.20359],[-59.33852,-38.20265],[-59.33829,-38.20102],[-59.33481,-38.1992],[-59.33276,-38.19861],[-59.33108,-38.19765],[-59.32844,-38.19734],[-59.32847,-38.19638],[-59.32993,-38.1955],[-59.33093,-38.19443],[-59.33086,-38.19315],[-59.32978,-38.19224],[-59.32901,-38.19152],[-59.32856,-38.19059],[-59.32853,-38.1905],[-59.32833,-38.18994],[-59.32802,-38.18874],[-59.32819,-38.18755],[-59.32832,-38.18671],[-59.32827,-38.18586],[-59.32686,-38.18294],[-59.32712,-38.18122],[-59.3281,-38.17961],[-59.32825,-38.17617],[-59.32887,-38.17446],[-59.32697,-38.17131],[-59.32687,-38.16986],[-59.32683,-38.16946],[-59.32643,-38.16885],[-59.3258,-38.16853],[-59.32535,-38.1684],[-59.32501,-38.16837],[-59.32322,-38.16825],[-59.32253,-38.1682],[-59.32157,-38.16818],[-59.32102,-38.16819],[-59.32069,-38.16824],[-59.32053,-38.16829],[-59.31777,-38.16999],[-59.31744,-38.17031],[-59.31704,-38.17042],[-59.31542,-38.17154],[-59.31529,-38.17403],[-59.31582,-38.17881],[-59.31596,-38.1811],[-59.3164,-38.18292],[-59.31694,-38.18385],[-59.31723,-38.18486],[-59.31689,-38.18761],[-59.31627,-38.18919],[-59.31609,-38.18989],[-59.31634,-38.19043],[-59.31625,-38.19089],[-59.31611,-38.19123],[-59.31563,-38.1918],[-59.31393,-38.19221],[-59.31278,-38.19259],[-59.3117,-38.1927],[-59.31118,-38.19279],[-59.31049,-38.19285],[-59.30997,-38.19287],[-59.30955,-38.19282],[-59.30918,-38.19273],[-59.30903,-38.1927],[-59.30866,-38.19266],[-59.30823,-38.19263],[-59.30442,-38.1932],[-59.30237,-38.19309],[-59.30019,-38.19337],[-59.2969,-38.19582],[-59.29485,-38.19553],[-59.29281,-38.19399],[-59.28858,-38.19453],[-59.28714,-38.19338],[-59.28741,-38.19245],[-59.29083,-38.18782],[-59.29313,-38.18684],[-59.29724,-38.18562],[-59.29835,-38.18411],[-59.29714,-38.18177],[-59.29696,-38.18133],[-59.29684,-38.18079],[-59.29725,-38.17998],[-59.29767,-38.17933],[-59.29936,-38.17858],[-59.3013,-38.1786],[-59.30331,-38.17952],[-59.3038,-38.17977],[-59.30429,-38.17996],[-59.30515,-38.17958],[-59.30467,-38.17868],[-59.30397,-38.17765],[-59.3035,-38.17603],[-59.30521,-38.1729],[-59.30547,-38.17216],[-59.3056,-38.17138],[-59.30487,-38.17078]]]}},{"type":"Feature","properties":{"fdc":"SIG 250 mil","sag":"IGN","crv":110,"mo2":6,"tipo":"Curva de nivel","ign":"lineas_de_geomorfologia_CA010.110425"},"geometry":{"type":"MultiLineString","coordinates":[[[-59.25283,-38.28851],[-59.2573,-38.28691],[-59.25793,-38.28626],[-59.2586,-38.28419],[-59.26131,-38.28315],[-59.2616,-38.28228],[-59.26113,-38.28084],[-59.25969,-38.2793],[-59.26036,-38.27763],[-59.26002,-38.27652],[-59.25861,-38.27454],[-59.2585,-38.27431],[-59.25846,-38.27409],[-59.25862,-38.27386],[-59.25892,-38.27358],[-59.25935,-38.2733],[-59.25993,-38.27324],[-59.26038,-38.27324],[-59.26217,-38.27351],[-59.26411,-38.27333],[-59.26581,-38.27248],[-59.26654,-38.27182],[-59.26654,-38.27124],[-59.26894,-38.26903],[-59.27074,-38.26585],[-59.27222,-38.26362],[-59.27242,-38.2634],[-59.27292,-38.26323],[-59.27359,-38.26332],[-59.27398,-38.26371],[-59.27411,-38.26405],[-59.27587,-38.26512],[-59.27776,-38.26571],[-59.2784,-38.26584],[-59.27885,-38.26583],[-59.27946,-38.26545],[-59.27981,-38.26495],[-59.27988,-38.26454],[-59.27993,-38.2637],[-59.27826,-38.26083],[-59.27888,-38.25931],[-59.27853,-38.25778],[-59.2771,-38.25673],[-59.2742,-38.25585],[-59.27348,-38.25537],[-59.27301,-38.25393],[-59.27133,-38.25297],[-59.27015,-38.24991],[-59.26895,-38.24876],[-59.2663,-38.2477],[-59.26176,-38.24727],[-59.26049,-38.24769],[-59.25702,-38.24945],[-59.2537,-38.24922],[-59.25231,-38.24871],[-59.25105,-38.24767],[-59.25,-38.24588],[-59.24915,-38.24596],[-59.24843,-38.2452],[-59.24832,-38.24453],[-59.24894,-38.2431],[-59.2487,-38.24253],[-59.24939,-38.24173],[-59.25121,-38.24077],[-59.25135,-38.24002],[-59.2516,-38.23856],[-59.25413,-38.23673],[-59.25337,-38.2355],[-59.25253,-38.23493],[-59.2506,-38.23473],[-59.24674,-38.23346],[-59.24712,-38.23203],[-59.24543,-38.23164],[-59.24495,-38.23088],[-59.24498,-38.22887],[-59.24426,-38.22801],[-59.24269,-38.22733],[-59.24259,-38.22581],[-59.24176,-38.22427],[-59.24115,-38.22456],[-59.24139,-38.22475],[-59.24066,-38.2257],[-59.24017,-38.22579],[-59.23967,-38.22741],[-59.23918,-38.22798],[-59.23822,-38.22816],[-59.2375,-38.22701],[-59.23752,-38.22549],[-59.238,-38.2253],[-59.23826,-38.22416],[-59.23693,-38.22415],[-59.23512,-38.22319],[-59.23416,-38.22298],[-59.23343,-38.22327],[-59.23317,-38.22479],[-59.2322,-38.22526],[-59.23206,-38.22679],[-59.23363,-38.22756],[-59.23483,-38.22871],[-59.23521,-38.22998],[-59.23407,-38.23176],[-59.2343,-38.23252],[-59.23574,-38.23358],[-59.23695,-38.23368],[-59.23792,-38.23331],[-59.23865,-38.23274],[-59.2389,-38.23207],[-59.2406,-38.23094],[-59.24254,-38.23086],[-59.2435,-38.23106],[-59.24397,-38.23259],[-59.24395,-38.23487],[-59.24357,-38.2364],[-59.2421,-38.23753],[-59.23871,-38.23686],[-59.23557,-38.23825],[-59.23448,-38.23834],[-59.23255,-38.23804],[-59.23214,-38.23835],[-59.23131,-38.24089],[-59.23058,-38.24127],[-59.22865,-38.24135],[-59.22779,-38.24182],[-59.22814,-38.24335],[-59.2291,-38.24412],[-59.23135,-38.24413],[-59.23244,-38.24891],[-59.23412,-38.25006],[-59.23399,-38.25083],[-59.2324,-38.25196],[-59.23118,-38.25338],[-59.23087,-38.25464],[-59.23085,-38.25512],[-59.23104,-38.25544],[-59.23131,-38.2557],[-59.23209,-38.25577],[-59.2337,-38.25578],[-59.23416,-38.25578],[-59.23444,-38.25578],[-59.23484,-38.25596],[-59.23703,-38.25713],[-59.23744,-38.25732],[-59.23765,-38.25739],[-59.23804,-38.25731],[-59.23826,-38.25706],[-59.23901,-38.25648],[-59.23934,-38.2564],[-59.23975,-38.25638],[-59.24014,-38.25642],[-59.24041,-38.25666],[-59.24117,-38.25774],[-59.24043,-38.25926],[-59.24041,-38.26078],[-59.24124,-38.26231],[-59.24221,-38.2627],[-59.24318,-38.26271],[-59.24403,-38.26224],[-59.24537,-38.26091],[-59.24731,-38.26054],[-59.2491,-38.26275],[-59.24896,-38.26427],[-59.24533,-38.26501],[-59.24338,-38.26595],[-59.24311,-38.26676],[-59.24488,-38.26828],[-59.24603,-38.26979],[-59.24551,-38.27063],[-59.24358,-38.27024],[-59.24164,-38.27052],[-59.24103,-38.27108],[-59.24101,-38.27261],[-59.24184,-38.27404],[-59.24366,-38.27453],[-59.24559,-38.27397],[-59.24632,-38.27455],[-59.24667,-38.27599],[-59.24641,-38.27741],[-59.24555,-38.27817],[-59.24373,-38.27901],[-59.24348,-38.27977],[-59.24431,-38.28121],[-59.24515,-38.28179],[-59.24696,-38.28209],[-59.2489,-38.28181],[-59.24963,-38.2821],[-59.25058,-38.28363],[-59.25069,-38.2843],[-59.24873,-38.28639],[-59.24909,-38.28706],[-59.25089,-38.28812],[-59.25283,-38.28851]]]}},{"type":"Feature","properties":{"fdc":"SIG 250 mil","sag":"IGN","crv":100,"mo2":6,"tipo":"Curva de nivel","ign":"lineas_de_geomorfologia_CA010.110430"},"geometry":{"type":"MultiLineString","coordinates":[[[-59.14793,-38.29263],[-59.14716,-38.29259],[-59.14627,-38.29225],[-59.14384,-38.29089],[-59.14153,-38.28743],[-59.14145,-38.28698],[-59.14154,-38.28662],[-59.14162,-38.28627],[-59.14278,-38.28273],[-59.14314,-38.28257],[-59.14358,-38.2827],[-59.14408,-38.28335],[-59.14513,-38.28525],[-59.14913,-38.29105],[-59.14924,-38.29181],[-59.14864,-38.29251],[-59.14793,-38.29263]]]}},{"type":"Feature","properties":{"fdc":"SIG 250 mil","sag":"IGN","crv":90,"mo2":6,"tipo":"Curva de nivel","ign":"lineas_de_geomorfologia_CA010.110452"},"geometry":{"type":"MultiLineString","coordinates":[[[-59.15125,-38.30593],[-59.15029,-38.30574],[-59.14848,-38.30487],[-59.14656,-38.30333],[-59.14475,-38.30303],[-59.14319,-38.30225],[-59.14251,-38.29924],[-59.13901,-38.29748],[-59.13905,-38.2945],[-59.13785,-38.29287],[-59.1357,-38.29114],[-59.13474,-38.28999],[-59.13481,-38.28908],[-59.13498,-38.28878],[-59.13518,-38.28865],[-59.13548,-38.28848],[-59.13803,-38.28763],[-59.1396,-38.28615],[-59.1399,-38.28574],[-59.14042,-38.28512],[-59.14074,-38.28455],[-59.14075,-38.28286],[-59.14073,-38.2827],[-59.14063,-38.28263],[-59.14034,-38.28249],[-59.14018,-38.28238],[-59.14013,-38.28225],[-59.13998,-38.28129],[-59.13997,-38.28115],[-59.13996,-38.28102],[-59.14002,-38.2809],[-59.14113,-38.28004],[-59.1414,-38.27986],[-59.14165,-38.2798],[-59.14302,-38.27961],[-59.14334,-38.27959],[-59.14356,-38.27964],[-59.14514,-38.28015],[-59.14671,-38.28123],[-59.14715,-38.28148],[-59.14774,-38.28191],[-59.14813,-38.28294],[-59.14812,-38.2836],[-59.14763,-38.28446],[-59.14774,-38.28598],[-59.14917,-38.28743],[-59.14944,-38.28864],[-59.14967,-38.28907],[-59.15022,-38.28947],[-59.1512,-38.29031],[-59.15142,-38.29106],[-59.15129,-38.29259],[-59.15187,-38.29412],[-59.15331,-38.29527],[-59.15645,-38.29606],[-59.15693,-38.29663],[-59.15569,-38.29882],[-59.15567,-38.30034],[-59.1553,-38.30101],[-59.15348,-38.30166],[-59.15223,-38.30537],[-59.15125,-38.30593]]]}},{"type":"Feature","properties":{"fdc":"SIG 250 mil","sag":"IGN","crv":100,"mo2":6,"tipo":"Curva de nivel","ign":"lineas_de_geomorfologia_CA010.110454"},"geometry":{"type":"MultiLineString","coordinates":[[[-59.11698,-38.30864],[-59.11827,-38.30832],[-59.11943,-38.30718],[-59.11963,-38.3066],[-59.11929,-38.30625],[-59.1179,-38.30595],[-59.1165,-38.30527],[-59.11559,-38.30275],[-59.11436,-38.29977],[-59.11396,-38.29821],[-59.11402,-38.29556],[-59.11445,-38.29382],[-59.11452,-38.29329],[-59.11459,-38.29282],[-59.11533,-38.29263],[-59.11912,-38.29347],[-59.12018,-38.29606],[-59.1203,-38.2962],[-59.12062,-38.29639],[-59.12109,-38.29613],[-59.12131,-38.29598],[-59.12305,-38.29446],[-59.12206,-38.28842],[-59.12092,-38.2859],[-59.11921,-38.28357],[-59.11559,-38.28283],[-59.11287,-38.2836],[-59.11158,-38.28466],[-59.11082,-38.28612],[-59.10884,-38.29115],[-59.10573,-38.29367],[-59.1053,-38.29433],[-59.10549,-38.29502],[-59.10624,-38.29782],[-59.10657,-38.29865],[-59.10584,-38.29911],[-59.10487,-38.2993],[-59.10414,-38.30006],[-59.1039,-38.30155],[-59.10592,-38.30226],[-59.10775,-38.3017],[-59.10909,-38.30057],[-59.10936,-38.30047],[-59.10989,-38.30042],[-59.11016,-38.30074],[-59.11053,-38.30277],[-59.1105,-38.30439],[-59.10976,-38.30497],[-59.10881,-38.3057],[-59.10913,-38.30677],[-59.10986,-38.30734],[-59.11167,-38.307],[-59.11275,-38.30637],[-59.1136,-38.30589],[-59.11495,-38.30643],[-59.11543,-38.30701],[-59.11542,-38.30777],[-59.11615,-38.30829],[-59.11698,-38.30864]]]}},{"type":"Feature","properties":{"fdc":"SIG 250 mil","sag":"IGN","crv":90,"mo2":6,"tipo":"Curva de nivel","ign":"lineas_de_geomorfologia_CA010.110455"},"geometry":{"type":"MultiLineString","coordinates":[[[-59.06228,-38.30884],[-59.0634,-38.30835],[-59.06385,-38.30728],[-59.06308,-38.30077],[-59.0624,-38.29142],[-59.06712,-38.28655],[-59.06863,-38.28578],[-59.06953,-38.28579],[-59.07062,-38.28668],[-59.07312,-38.29649],[-59.07808,-38.30381],[-59.07969,-38.30567],[-59.08108,-38.30612],[-59.08305,-38.30564],[-59.08355,-38.30517],[-59.08406,-38.30462],[-59.08405,-38.30346],[-59.08255,-38.29694],[-59.08121,-38.2953],[-59.08099,-38.29377],[-59.08016,-38.29234],[-59.08006,-38.29081],[-59.07911,-38.28928],[-59.07814,-38.28899],[-59.0762,-38.28944],[-59.07548,-38.28915],[-59.07501,-38.28839],[-59.07478,-38.28686],[-59.07566,-38.28458],[-59.0752,-38.28305],[-59.07608,-38.28001],[-59.07714,-38.27891],[-59.07731,-38.27868],[-59.07845,-38.27761],[-59.07895,-38.27759],[-59.07957,-38.27795],[-59.07966,-38.27853],[-59.07948,-38.27908],[-59.07958,-38.28061],[-59.08015,-38.28089],[-59.0806,-38.28093],[-59.08118,-38.28038],[-59.08163,-38.27934],[-59.08427,-38.28076],[-59.08453,-38.2816],[-59.08415,-38.28236],[-59.08413,-38.28389],[-59.08524,-38.28454],[-59.08702,-38.28476],[-59.08837,-38.28373],[-59.08912,-38.28221],[-59.08916,-38.27839],[-59.08759,-38.27499],[-59.08709,-38.27329],[-59.08662,-38.2717],[-59.08625,-38.27041],[-59.08518,-38.26921],[-59.08434,-38.26826],[-59.08466,-38.26722],[-59.08497,-38.26622],[-59.08514,-38.26567],[-59.08574,-38.26506],[-59.08613,-38.2643],[-59.08525,-38.26409],[-59.0842,-38.26383],[-59.08421,-38.26337],[-59.08364,-38.2626],[-59.08272,-38.26278],[-59.08208,-38.2629],[-59.08054,-38.26258],[-59.08055,-38.26184],[-59.08056,-38.26105],[-59.08018,-38.25983],[-59.08078,-38.25861],[-59.08185,-38.25854],[-59.08272,-38.25848],[-59.08407,-38.259],[-59.08517,-38.25901],[-59.0859,-38.25854],[-59.08556,-38.25701],[-59.08342,-38.25442],[-59.08356,-38.25289],[-59.08321,-38.25137],[-59.08189,-38.25031],[-59.08011,-38.24976],[-59.0776,-38.24943],[-59.0745,-38.25032],[-59.07077,-38.25395],[-59.06839,-38.25898],[-59.06661,-38.26186],[-59.06486,-38.26261],[-59.06331,-38.26184],[-59.06023,-38.26104],[-59.05791,-38.26087],[-59.05499,-38.26207],[-59.05283,-38.26404],[-59.0526,-38.26724],[-59.05314,-38.27],[-59.05293,-38.27106],[-59.05201,-38.27822],[-59.05372,-38.28345],[-59.05498,-38.28965],[-59.05221,-38.29269],[-59.05017,-38.29315],[-59.04887,-38.29372],[-59.04815,-38.29498],[-59.04823,-38.29593],[-59.05181,-38.30481],[-59.05249,-38.30601],[-59.05455,-38.30696],[-59.06228,-38.30884]]]}},{"type":"Feature","properties":{"fdc":"SIG 250 mil","sag":"IGN","crv":90,"mo2":6,"tipo":"Curva de nivel","ign":"lineas_de_geomorfologia_CA010.110456"},"geometry":{"type":"MultiLineString","coordinates":[[[-59.19091,-38.30889],[-59.19188,-38.30851],[-59.19237,-38.30794],[-59.19263,-38.30642],[-59.19165,-38.30401],[-59.18917,-38.30153],[-59.18835,-38.29924],[-59.18775,-38.29857],[-59.18595,-38.29789],[-59.18451,-38.29645],[-59.18018,-38.29451],[-59.17825,-38.29431],[-59.17751,-38.29497],[-59.17737,-38.29649],[-59.17784,-38.29726],[-59.17953,-38.29851],[-59.17976,-38.29927],[-59.1789,-38.3007],[-59.17888,-38.30222],[-59.17936,-38.30289],[-59.18116,-38.30348],[-59.18213,-38.30349],[-59.18407,-38.30293],[-59.18493,-38.30236],[-59.18564,-38.30322],[-59.18562,-38.30542],[-59.18815,-38.30677],[-59.18909,-38.3083],[-59.18994,-38.30888],[-59.19091,-38.30889]]]}},{"type":"Feature","properties":{"fdc":"SIG 250 mil","sag":"IGN","crv":90,"mo2":6,"tipo":"Curva de nivel","ign":"lineas_de_geomorfologia_CA010.110466"},"geometry":{"type":"MultiLineString","coordinates":[[[-59.10529,-38.31607],[-59.10507,-38.31589],[-59.10287,-38.3137],[-59.10262,-38.3117],[-59.10121,-38.3095],[-59.10101,-38.30566],[-59.10141,-38.30518],[-59.10155,-38.30375],[-59.10313,-38.30281],[-59.10363,-38.30196],[-59.10213,-38.30073],[-59.10184,-38.29994],[-59.10225,-38.29889],[-59.10258,-38.29789],[-59.10278,-38.29752],[-59.10259,-38.2972],[-59.10218,-38.29707],[-59.09993,-38.29717],[-59.09952,-38.29702],[-59.09933,-38.29665],[-59.09936,-38.29604],[-59.10075,-38.28846],[-59.1023,-38.28805],[-59.1031,-38.28785],[-59.1037,-38.28796],[-59.10636,-38.28867],[-59.10749,-38.28894],[-59.10786,-38.28835],[-59.10927,-38.28342],[-59.11162,-38.28111],[-59.11291,-38.28015],[-59.11348,-38.27992],[-59.11402,-38.27971],[-59.11494,-38.27961],[-59.11935,-38.28036],[-59.1231,-38.28508],[-59.12557,-38.29014],[-59.12617,-38.29499],[-59.12307,-38.29762],[-59.12045,-38.29841],[-59.11987,-38.29852],[-59.1194,-38.29855],[-59.11898,-38.29831],[-59.1187,-38.298],[-59.11831,-38.29733],[-59.11795,-38.29695],[-59.11755,-38.29689],[-59.11735,-38.2971],[-59.1171,-38.29729],[-59.11549,-38.2991],[-59.11854,-38.30241],[-59.11996,-38.30492],[-59.12311,-38.30564],[-59.1248,-38.30648],[-59.12525,-38.30703],[-59.12521,-38.30718],[-59.125,-38.3073],[-59.12334,-38.30799],[-59.12155,-38.30856],[-59.11808,-38.31256],[-59.11725,-38.31371],[-59.11667,-38.31403],[-59.11631,-38.31396],[-59.11592,-38.31356],[-59.11581,-38.3134],[-59.11371,-38.30897],[-59.1134,-38.30878],[-59.1132,-38.3088],[-59.11287,-38.30889],[-59.11163,-38.30924],[-59.10925,-38.30906],[-59.10866,-38.30901],[-59.10824,-38.30912],[-59.10806,-38.3093],[-59.10795,-38.30949],[-59.10797,-38.3098],[-59.10944,-38.31186],[-59.10968,-38.31232],[-59.10962,-38.31258],[-59.10945,-38.31271],[-59.10926,-38.3128],[-59.10807,-38.31304],[-59.1078,-38.31312],[-59.10748,-38.3134],[-59.10733,-38.31367],[-59.10629,-38.31556],[-59.10596,-38.31594],[-59.1056,-38.31607],[-59.10529,-38.31607]]]}},{"type":"Feature","properties":{"fdc":"SIG 250 mil","sag":"IGN","crv":110,"mo2":6,"tipo":"Curva de nivel","ign":"lineas_de_geomorfologia_CA010.110468"},"geometry":{"type":"MultiLineString","coordinates":[[[-59.27361,-38.17464],[-59.27175,-38.17403],[-59.26982,-38.17383],[-59.26897,-38.17401],[-59.26848,-38.17487],[-59.26859,-38.1763],[-59.26723,-38.17858],[-59.2677,-38.18011],[-59.26842,-38.18078],[-59.26925,-38.18222],[-59.26934,-38.18533],[-59.27463,-38.18777],[-59.2751,-38.18892],[-59.27414,-38.1893],[-59.27137,-38.18823],[-59.2704,-38.18842],[-59.26846,-38.18955],[-59.26503,-38.18918],[-59.26362,-38.18952],[-59.26252,-38.19104],[-59.26252,-38.1918],[-59.26407,-38.19315],[-59.26684,-38.19383],[-59.26899,-38.19613],[-59.27079,-38.19729],[-59.27176,-38.19758],[-59.27299,-38.1977],[-59.27406,-38.19731],[-59.27599,-38.19722],[-59.27695,-38.19751],[-59.27888,-38.19762],[-59.28086,-38.19718],[-59.28133,-38.1981],[-59.27984,-38.19876],[-59.27787,-38.19905],[-59.27528,-38.19886],[-59.27395,-38.19856],[-59.27215,-38.19889],[-59.27187,-38.19926],[-59.2732,-38.20011],[-59.27675,-38.19971],[-59.27891,-38.20111],[-59.27821,-38.20211],[-59.2772,-38.20273],[-59.27656,-38.20268],[-59.27371,-38.2017],[-59.27168,-38.20249],[-59.27115,-38.20286],[-59.27087,-38.20436],[-59.27282,-38.20542],[-59.27356,-38.20576],[-59.27487,-38.20715],[-59.27824,-38.20994],[-59.28121,-38.21041],[-59.28202,-38.21133],[-59.2838,-38.21357],[-59.28675,-38.21449],[-59.28703,-38.21545],[-59.28642,-38.21665],[-59.28434,-38.21843],[-59.2836,-38.2222],[-59.28019,-38.22385],[-59.27909,-38.22604],[-59.2793,-38.22861],[-59.27736,-38.23013],[-59.27528,-38.23245],[-59.27404,-38.23535],[-59.27343,-38.23563],[-59.27253,-38.23515],[-59.2708,-38.23333],[-59.27081,-38.2318],[-59.27325,-38.2301],[-59.27411,-38.22868],[-59.27306,-38.22476],[-59.27308,-38.22323],[-59.27164,-38.22208],[-59.26921,-38.22206],[-59.26582,-38.22338],[-59.26473,-38.22337],[-59.26303,-38.22451],[-59.26266,-38.22527],[-59.26289,-38.2268],[-59.26479,-38.22967],[-59.26429,-38.23205],[-59.26328,-38.23509],[-59.26363,-38.23662],[-59.26531,-38.23796],[-59.26814,-38.23773],[-59.26886,-38.23831],[-59.27011,-38.24152],[-59.2725,-38.24459],[-59.27114,-38.24725],[-59.27173,-38.24878],[-59.27481,-38.25066],[-59.27765,-38.25151],[-59.28049,-38.25512],[-59.2823,-38.2559],[-59.28596,-38.25637],[-59.28962,-38.25567],[-59.29025,-38.25583],[-59.29181,-38.25712],[-59.29116,-38.25896],[-59.29014,-38.25949],[-59.28739,-38.25866],[-59.28578,-38.25897],[-59.28253,-38.26151],[-59.28241,-38.26645],[-59.28045,-38.26976],[-59.28092,-38.27277],[-59.27778,-38.27713],[-59.27699,-38.279],[-59.27434,-38.28294],[-59.27014,-38.2857],[-59.26659,-38.28821],[-59.26655,-38.29176],[-59.26877,-38.29481],[-59.27003,-38.29735],[-59.26936,-38.30039],[-59.26738,-38.30569],[-59.26604,-38.311],[-59.26953,-38.31483],[-59.27369,-38.31612],[-59.27981,-38.31515],[-59.28367,-38.31441],[-59.28435,-38.31036],[-59.28345,-38.30377],[-59.28193,-38.2959],[-59.2823,-38.29058],[-59.28653,-38.28453],[-59.29072,-38.28228],[-59.29394,-38.28154],[-59.29752,-38.27599],[-59.3001,-38.27499],[-59.30298,-38.27602],[-59.3062,-38.27477],[-59.30751,-38.27225],[-59.31009,-38.27048],[-59.31169,-38.271],[-59.31327,-38.27354],[-59.3142,-38.27735],[-59.31954,-38.28138],[-59.32306,-38.28641],[-59.32848,-38.28918],[-59.33225,-38.28968],[-59.33439,-38.28994],[-59.33603,-38.28893],[-59.33741,-38.28742],[-59.33703,-38.28578],[-59.33662,-38.2822],[-59.33427,-38.27534],[-59.33125,-38.27068],[-59.32797,-38.26678],[-59.32722,-38.26112],[-59.32608,-38.25923],[-59.32125,-38.25824],[-59.31662,-38.25525],[-59.31445,-38.25151],[-59.31702,-38.25026],[-59.32199,-38.2512],[-59.32296,-38.25204],[-59.32489,-38.25196],[-59.32548,-38.25386],[-59.32596,-38.25463],[-59.32916,-38.2545],[-59.33065,-38.25714],[-59.33052,-38.25866],[-59.3322,-38.26058],[-59.33342,-38.26034],[-59.33512,-38.25792],[-59.33585,-38.25831],[-59.3363,-38.2606],[-59.33885,-38.2636],[-59.33923,-38.26753],[-59.34011,-38.26806],[-59.34081,-38.27111],[-59.34273,-38.2717],[-59.34349,-38.26817],[-59.34278,-38.26674],[-59.34507,-38.26403],[-59.3457,-38.26466],[-59.34641,-38.266],[-59.35077,-38.26622],[-59.3514,-38.26688],[-59.34879,-38.27121],[-59.35021,-38.27479],[-59.35117,-38.27518],[-59.35382,-38.27596],[-59.35513,-38.27796],[-59.35845,-38.27938],[-59.36259,-38.28344],[-59.36399,-38.28395],[-59.36779,-38.28323],[-59.37003,-38.28456],[-59.3742,-38.28426],[-59.37611,-38.28551],[-59.37696,-38.28571],[-59.3789,-38.28543],[-59.37962,-38.28572],[-59.3801,-38.28725],[-59.38105,-38.28859],[-59.38286,-38.28908],[-59.3848,-38.28899],[-59.38626,-38.28767],[-59.38669,-38.28663],[-59.38564,-38.28454],[-59.38641,-38.28414],[-59.38834,-38.28415],[-59.39062,-38.28223],[-59.39318,-38.28398],[-59.39512,-38.28447],[-59.39608,-38.28447],[-59.39803,-38.28382],[-59.39865,-38.28153],[-59.40047,-38.28059],[-59.40096,-38.27983],[-59.40097,-38.27907],[-59.39965,-38.27753],[-59.40293,-38.27602],[-59.40474,-38.27632],[-59.40712,-38.27765],[-59.4101,-38.27708],[-59.41115,-38.27626],[-59.4119,-38.2734],[-59.40902,-38.27129],[-59.40902,-38.27015],[-59.41193,-38.27016],[-59.4129,-38.26969],[-59.41447,-38.2663],[-59.41588,-38.26635],[-59.41754,-38.26855],[-59.42045,-38.26568],[-59.42356,-38.26635],[-59.42409,-38.26709],[-59.42336,-38.26903],[-59.42241,-38.27032],[-59.42077,-38.27138],[-59.41918,-38.27356],[-59.41882,-38.27407],[-59.41882,-38.2747],[-59.42159,-38.27546],[-59.42276,-38.2767],[-59.42456,-38.27747],[-59.4265,-38.27738],[-59.43005,-38.27573],[-59.43058,-38.27584],[-59.43315,-38.27789],[-59.43425,-38.27833],[-59.43767,-38.27734],[-59.43896,-38.27734],[-59.44064,-38.27831],[-59.44076,-38.27916],[-59.44184,-38.28041],[-59.4428,-38.2808],[-59.44365,-38.2807],[-59.44535,-38.27986],[-59.44584,-38.27919],[-59.44549,-38.27766],[-59.44429,-38.27623],[-59.44455,-38.27413],[-59.44648,-38.27404],[-59.44817,-38.27501],[-59.45313,-38.2755],[-59.45856,-38.27472],[-59.4616,-38.27441],[-59.46326,-38.2746],[-59.46467,-38.27479],[-59.46726,-38.27341],[-59.46884,-38.27305],[-59.47054,-38.2744],[-59.46946,-38.27652],[-59.46758,-38.27855],[-59.46545,-38.2796],[-59.46281,-38.28056],[-59.46163,-38.28139],[-59.46093,-38.2826],[-59.46061,-38.28528],[-59.46217,-38.28716],[-59.46522,-38.2888],[-59.46666,-38.28905],[-59.46789,-38.28971],[-59.46747,-38.29092],[-59.46951,-38.29179],[-59.472,-38.2918],[-59.47297,-38.29161],[-59.4737,-38.29086],[-59.4737,-38.29009],[-59.47311,-38.28857],[-59.4701,-38.28616],[-59.47012,-38.2835],[-59.46976,-38.28197],[-59.47014,-38.28112],[-59.47111,-38.28086],[-59.474,-38.28218],[-59.47582,-38.28152],[-59.47643,-38.28172],[-59.47666,-38.28203],[-59.47639,-38.28648],[-59.47699,-38.28687],[-59.47818,-38.28906],[-59.47829,-38.29068],[-59.47784,-38.29411],[-59.4792,-38.29702],[-59.47798,-38.3006],[-59.4787,-38.30184],[-59.47942,-38.30242],[-59.48135,-38.303],[-59.48207,-38.30357],[-59.48254,-38.3051],[-59.48326,-38.30577],[-59.48508,-38.30645],[-59.48605,-38.30655],[-59.48798,-38.30627],[-59.48883,-38.30647],[-59.49123,-38.30905],[-59.49293,-38.30877],[-59.49414,-38.30763],[-59.49415,-38.30696],[-59.49343,-38.30601],[-59.49018,-38.30361],[-59.49056,-38.30142],[-59.48903,-38.29889],[-59.48898,-38.29869],[-59.48907,-38.29843],[-59.48959,-38.29692],[-59.4897,-38.29648],[-59.48965,-38.29616],[-59.48956,-38.29577],[-59.48943,-38.29549],[-59.48941,-38.2952],[-59.48956,-38.29492],[-59.48993,-38.2947],[-59.49057,-38.29464],[-59.49117,-38.29481],[-59.49253,-38.29589],[-59.49466,-38.29873],[-59.49527,-38.29924],[-59.49582,-38.29961],[-59.49782,-38.30069],[-59.50084,-38.30098],[-59.50241,-38.30194],[-59.50337,-38.30319],[-59.50433,-38.30376],[-59.50518,-38.30367],[-59.50628,-38.30244],[-59.50809,-38.30188],[-59.50871,-38.30111],[-59.50872,-38.29882],[-59.5097,-38.29759],[-59.5114,-38.29702],[-59.51181,-38.29626],[-59.51192,-38.29584],[-59.51168,-38.29541],[-59.50986,-38.29254],[-59.50978,-38.29168],[-59.50978,-38.2916],[-59.50986,-38.29142],[-59.51028,-38.29125],[-59.51085,-38.29118],[-59.51134,-38.29118],[-59.51264,-38.29153],[-59.51349,-38.29185],[-59.51387,-38.29221],[-59.51513,-38.29422],[-59.5153,-38.2947],[-59.51532,-38.2949],[-59.51563,-38.29704],[-59.51647,-38.29828],[-59.519,-38.29934],[-59.52146,-38.30079],[-59.5225,-38.30079],[-59.52348,-38.30041],[-59.52421,-38.29965],[-59.52505,-38.29975],[-59.52674,-38.30061],[-59.52758,-38.30186],[-59.52855,-38.30234],[-59.52951,-38.30234],[-59.53024,-38.30197],[-59.53036,-38.3012],[-59.5317,-38.29987],[-59.53087,-38.29834],[-59.52919,-38.29634],[-59.52908,-38.29481],[-59.52764,-38.2927],[-59.52717,-38.29118],[-59.53079,-38.29177],[-59.5326,-38.29282],[-59.53514,-38.29207],[-59.53647,-38.29217],[-59.53817,-38.29132],[-59.53902,-38.29132],[-59.53901,-38.29247],[-59.54057,-38.29428],[-59.54008,-38.29581],[-59.54031,-38.29733],[-59.54079,-38.298],[-59.54236,-38.29839],[-59.54406,-38.29802],[-59.54673,-38.29698],[-59.54866,-38.29708],[-59.5506,-38.2968],[-59.5523,-38.29585],[-59.55423,-38.29624],[-59.5552,-38.29615],[-59.55714,-38.2953],[-59.56081,-38.29567],[-59.56198,-38.29522],[-59.56223,-38.2937],[-59.56175,-38.29313],[-59.56079,-38.29274],[-59.55853,-38.29248],[-59.55513,-38.2928],[-59.55426,-38.29234],[-59.55397,-38.29142],[-59.55694,-38.2891],[-59.55875,-38.28873],[-59.55913,-38.2872],[-59.55889,-38.28644],[-59.55756,-38.28529],[-59.55491,-38.28404],[-59.55455,-38.28251],[-59.55479,-38.2817],[-59.55774,-38.2823],[-59.55927,-38.28444],[-59.56107,-38.28521],[-59.56223,-38.28535],[-59.5657,-38.28433],[-59.56628,-38.2837],[-59.56654,-38.28218],[-59.56702,-38.28165],[-59.56957,-38.28057],[-59.57018,-38.27904],[-59.57007,-38.27828],[-59.56863,-38.27599],[-59.56719,-38.27446],[-59.56743,-38.2737],[-59.56888,-38.2737],[-59.57081,-38.27523],[-59.57202,-38.27524],[-59.57301,-38.27498],[-59.57371,-38.27282],[-59.57462,-38.2733],[-59.57721,-38.27678],[-59.57902,-38.27755],[-59.58096,-38.27775],[-59.58277,-38.27737],[-59.58459,-38.27652],[-59.58749,-38.2772],[-59.58895,-38.27625],[-59.58991,-38.27607],[-59.59076,-38.27645],[-59.59171,-38.27798],[-59.59449,-38.27894],[-59.59582,-38.28028],[-59.59665,-38.28247],[-59.59834,-38.28353],[-59.60027,-38.28363],[-59.60124,-38.28392],[-59.60184,-38.28469],[-59.60377,-38.28508],[-59.60559,-38.2846],[-59.60632,-38.28394],[-59.60681,-38.28327],[-59.60682,-38.28175],[-59.60779,-38.28022],[-59.60876,-38.28013],[-59.61092,-38.28271],[-59.61091,-38.28459],[-59.61188,-38.2852],[-59.61381,-38.2852],[-59.61769,-38.2836],[-59.62189,-38.28355],[-59.62375,-38.28209],[-59.62472,-38.28181],[-59.62666,-38.282],[-59.62858,-38.28267],[-59.63052,-38.2822],[-59.63186,-38.28088],[-59.63185,-38.27883],[-59.63308,-38.27831],[-59.63502,-38.27802],[-59.63616,-38.2774],[-59.63685,-38.27526],[-59.63805,-38.27527],[-59.6389,-38.27584],[-59.63937,-38.27737],[-59.63998,-38.27813],[-59.64178,-38.27862],[-59.64276,-38.27853],[-59.64445,-38.27786],[-59.64494,-38.2772],[-59.64495,-38.27567],[-59.64398,-38.27443],[-59.64411,-38.27357],[-59.64484,-38.273],[-59.64581,-38.27281],[-59.64734,-38.27198],[-59.64901,-38.27169],[-59.65041,-38.27141]]]}},{"type":"Feature","properties":{"fdc":"SIG 250 mil","sag":"IGN","crv":90,"mo2":6,"tipo":"Curva de nivel","ign":"lineas_de_geomorfologia_CA010.110502"},"geometry":{"type":"MultiLineString","coordinates":[[[-59.17752,-38.33978],[-59.17894,-38.33963],[-59.17978,-38.33923],[-59.1799,-38.3382],[-59.1797,-38.33564],[-59.17647,-38.32978],[-59.17514,-38.32598],[-59.17167,-38.32171],[-59.17041,-38.31831],[-59.16846,-38.31218],[-59.16889,-38.30605],[-59.16951,-38.30021],[-59.17252,-38.29435],[-59.17315,-38.29104],[-59.17369,-38.28801],[-59.17307,-38.28639],[-59.16806,-38.2868],[-59.16381,-38.28561],[-59.16186,-38.28818],[-59.16064,-38.28932],[-59.16074,-38.29085],[-59.16134,-38.29152],[-59.1613,-38.29533],[-59.16153,-38.29609],[-59.16103,-38.29685],[-59.16032,-38.29708],[-59.15889,-38.29801],[-59.15892,-38.30479],[-59.15908,-38.30877],[-59.15928,-38.31228],[-59.15938,-38.31372],[-59.16055,-38.31491],[-59.16302,-38.31651],[-59.16397,-38.31706],[-59.16423,-38.31789],[-59.16378,-38.31853],[-59.16298,-38.31951],[-59.16328,-38.32053],[-59.16349,-38.32104],[-59.16414,-38.32217],[-59.1652,-38.32384],[-59.16523,-38.3239],[-59.16699,-38.32564],[-59.16891,-38.32625],[-59.17202,-38.32887],[-59.17354,-38.33731],[-59.17572,-38.33909],[-59.17675,-38.33967],[-59.17752,-38.33978]]]}},{"type":"Feature","properties":{"fdc":"SIG 250 mil","sag":"IGN","crv":100,"mo2":6,"tipo":"Curva de nivel","ign":"lineas_de_geomorfologia_CA010.110501"},"geometry":{"type":"MultiLineString","coordinates":[[[-59.42567,-38.30849],[-59.42579,-38.31014],[-59.4268,-38.31123],[-59.42835,-38.31175],[-59.42941,-38.31312],[-59.43079,-38.31438],[-59.4315,-38.31512],[-59.43193,-38.31554],[-59.43212,-38.31613],[-59.43185,-38.31704],[-59.43043,-38.31716],[-59.42849,-38.31629],[-59.42437,-38.31704],[-59.42245,-38.31636],[-59.42,-38.31369],[-59.41888,-38.3134],[-59.41798,-38.31354],[-59.41604,-38.31392],[-59.41447,-38.31422],[-59.41255,-38.31306],[-59.41135,-38.31153],[-59.4099,-38.31038],[-59.40809,-38.31018],[-59.40556,-38.30927],[-59.40459,-38.30892],[-59.40356,-38.30901],[-59.40301,-38.30951],[-59.40168,-38.31072],[-59.3995,-38.31071],[-59.39677,-38.30935],[-59.3928,-38.30863],[-59.39187,-38.30854],[-59.39091,-38.30854],[-59.39058,-38.3088],[-59.39064,-38.3093],[-59.39079,-38.30991],[-59.38982,-38.31123],[-59.38915,-38.31153],[-59.38824,-38.31167],[-59.38691,-38.31139],[-59.38618,-38.31102],[-59.38499,-38.30949],[-59.38306,-38.30872],[-59.38092,-38.30828],[-59.37958,-38.30517],[-59.37789,-38.3042],[-59.37799,-38.30284],[-59.37855,-38.30105],[-59.37732,-38.30014],[-59.37673,-38.29994],[-59.37582,-38.29993],[-59.37275,-38.3011],[-59.37076,-38.30129],[-59.37094,-38.30231],[-59.37101,-38.30256],[-59.37221,-38.30409],[-59.37183,-38.3057],[-59.37301,-38.30905],[-59.37288,-38.31076],[-59.37364,-38.3124],[-59.37384,-38.3134],[-59.37421,-38.31491],[-59.37551,-38.31732],[-59.37852,-38.31784],[-59.37946,-38.3154],[-59.37919,-38.31443],[-59.38008,-38.31355],[-59.38281,-38.31359],[-59.38801,-38.31408],[-59.3888,-38.31599],[-59.39073,-38.31696],[-59.39169,-38.31849],[-59.39305,-38.32005],[-59.39524,-38.32064],[-59.39748,-38.32024],[-59.39795,-38.32196],[-59.39867,-38.32348],[-59.4001,-38.32521],[-59.40058,-38.32692],[-59.39984,-38.32826],[-59.39766,-38.32882],[-59.39861,-38.33054],[-59.39883,-38.33226],[-59.39677,-38.33282],[-59.39397,-38.33585],[-59.39226,-38.33661],[-59.39131,-38.33517],[-59.39012,-38.33192],[-59.38893,-38.3303],[-59.38859,-38.32715],[-59.38776,-38.32571],[-59.3863,-38.32571],[-59.38484,-38.32684],[-59.38291,-38.32569],[-59.38172,-38.32435],[-59.37822,-38.32223],[-59.37641,-38.32203],[-59.37615,-38.32384],[-59.37855,-38.32653],[-59.38083,-38.32816],[-59.3796,-38.33091],[-59.37849,-38.33151],[-59.37627,-38.33088],[-59.37194,-38.32979],[-59.37041,-38.32937],[-59.36705,-38.32905],[-59.36655,-38.32903],[-59.36617,-38.33037],[-59.36735,-38.33381],[-59.36758,-38.33553],[-59.36636,-38.33647],[-59.362,-38.33702],[-59.36006,-38.33682],[-59.35886,-38.33529],[-59.35876,-38.33366],[-59.356,-38.33098],[-59.35601,-38.32917],[-59.35748,-38.32784],[-59.35834,-38.32622],[-59.35837,-38.32279],[-59.35802,-38.32117],[-59.35634,-38.31982],[-59.35563,-38.31858],[-59.35199,-38.31894],[-59.35047,-38.31836],[-59.34822,-38.3137],[-59.34847,-38.31222],[-59.34941,-38.31167],[-59.35038,-38.31053],[-59.35135,-38.30969],[-59.35329,-38.30894],[-59.35487,-38.30761],[-59.35732,-38.30458],[-59.35915,-38.30325],[-59.36109,-38.30269],[-59.36327,-38.30251],[-59.36473,-38.30138],[-59.36667,-38.301],[-59.36765,-38.29987],[-59.36693,-38.29872],[-59.36343,-38.29765],[-59.36284,-38.29622],[-59.3631,-38.2945],[-59.36287,-38.29317],[-59.3595,-38.29124],[-59.35662,-38.28846],[-59.35468,-38.28816],[-59.3525,-38.28834],[-59.35033,-38.28757],[-59.34938,-38.28585],[-59.3494,-38.28413],[-59.3482,-38.28298],[-59.34777,-38.28283],[-59.34515,-38.28205],[-59.34169,-38.28252],[-59.34122,-38.28466],[-59.343,-38.28738],[-59.34388,-38.29068],[-59.34481,-38.29415],[-59.34679,-38.29882],[-59.34534,-38.3012],[-59.33915,-38.30508],[-59.33646,-38.30801],[-59.33436,-38.31031],[-59.33133,-38.31046],[-59.32958,-38.30933],[-59.33148,-38.3082],[-59.3325,-38.30692],[-59.33033,-38.30557],[-59.32887,-38.3069],[-59.32669,-38.30669],[-59.32476,-38.30573],[-59.32393,-38.30401],[-59.32006,-38.30322],[-59.31863,-38.30178],[-59.31672,-38.29863],[-59.31348,-38.29785],[-59.31108,-38.29802],[-59.31093,-38.29869],[-59.31205,-38.30003],[-59.31482,-38.30359],[-59.3148,-38.30592],[-59.31325,-38.3068],[-59.311,-38.30602],[-59.30947,-38.30478],[-59.30892,-38.30378],[-59.30794,-38.30344],[-59.30695,-38.30377],[-59.30596,-38.30443],[-59.30525,-38.30465],[-59.30427,-38.30475],[-59.30287,-38.30397],[-59.30203,-38.3033],[-59.30105,-38.30318],[-59.30021,-38.30296],[-59.29753,-38.30305],[-59.29571,-38.30215],[-59.29502,-38.30104],[-59.29404,-38.30048],[-59.29264,-38.30025],[-59.29123,-38.30035],[-59.28954,-38.30067],[-59.28868,-38.3021],[-59.28696,-38.30542],[-59.28736,-38.3082],[-59.28955,-38.31432],[-59.29568,-38.32046],[-59.30029,-38.32359],[-59.30168,-38.32549],[-59.30318,-38.32982],[-59.30457,-38.33227],[-59.30426,-38.33471],[-59.30341,-38.33593],[-59.30059,-38.33624],[-59.29975,-38.33612],[-59.29848,-38.3369],[-59.29692,-38.33711],[-59.29566,-38.33632],[-59.29425,-38.33654],[-59.29341,-38.3372],[-59.29283,-38.33819],[-59.291,-38.33863],[-59.2896,-38.33795],[-59.2882,-38.33728],[-59.28679,-38.33705],[-59.28497,-38.33714],[-59.28327,-38.33714],[-59.28159,-38.33635],[-59.28091,-38.33435],[-59.27966,-38.33356],[-59.27728,-38.33111],[-59.27646,-38.32955],[-59.27731,-38.32789],[-59.27902,-38.32657],[-59.27804,-38.32579],[-59.27721,-38.32434],[-59.27807,-38.3229],[-59.27766,-38.32146],[-59.27569,-38.32122],[-59.2733,-38.32121],[-59.27147,-38.32142],[-59.26936,-38.32185],[-59.26822,-38.32262],[-59.26807,-38.32395],[-59.26777,-38.32584],[-59.26733,-38.32794],[-59.26689,-38.32993],[-59.26645,-38.33115],[-59.26476,-38.3317],[-59.2635,-38.33047],[-59.2624,-38.32891],[-59.26099,-38.32856],[-59.25889,-38.32733],[-59.25708,-38.32643],[-59.25567,-38.32631],[-59.25411,-38.32697],[-59.25142,-38.32873],[-59.2493,-38.32971],[-59.24747,-38.33014],[-59.2462,-38.32969],[-59.24551,-38.3288],[-59.24525,-38.32669],[-59.24639,-38.3257],[-59.24725,-38.32437],[-59.24725,-38.32404],[-59.24754,-38.32393],[-59.25843,-38.31734],[-59.26168,-38.31659],[-59.26337,-38.31527],[-59.26339,-38.3136],[-59.25961,-38.31202],[-59.25837,-38.30991],[-59.25993,-38.30826],[-59.2635,-38.30328],[-59.26464,-38.30152],[-59.26563,-38.30119],[-59.26578,-38.3003],[-59.26522,-38.29941],[-59.26452,-38.29941],[-59.26311,-38.29906],[-59.26103,-38.29694],[-59.26147,-38.29561],[-59.26157,-38.29544],[-59.26184,-38.29485],[-59.26247,-38.29341],[-59.26248,-38.2923],[-59.26193,-38.29141],[-59.26067,-38.29096],[-59.25969,-38.29073],[-59.25893,-38.29074],[-59.25775,-38.29141],[-59.25737,-38.29245],[-59.25781,-38.29381],[-59.2571,-38.29571],[-59.2557,-38.29581],[-59.2536,-38.29469],[-59.25234,-38.29457],[-59.25078,-38.29511],[-59.24909,-38.29544],[-59.24642,-38.29586],[-59.24445,-38.29618],[-59.24219,-38.29639],[-59.24051,-38.29638],[-59.23883,-38.29559],[-59.23828,-38.29426],[-59.23871,-38.29326],[-59.23913,-38.29293],[-59.23956,-38.29238],[-59.23887,-38.29115],[-59.23734,-38.28948],[-59.23387,-38.28806],[-59.23142,-38.28642],[-59.23083,-38.28608],[-59.22964,-38.28474],[-59.22918,-38.28302],[-59.22992,-38.28131],[-59.22921,-38.27997],[-59.22703,-38.27957],[-59.22535,-38.27842],[-59.22489,-38.2767],[-59.22369,-38.27536],[-59.22152,-38.27477],[-59.22009,-38.27324],[-59.2184,-38.27227],[-59.21818,-38.27055],[-59.21868,-38.26884],[-59.21777,-38.26799],[-59.21725,-38.26727],[-59.21643,-38.26712],[-59.2155,-38.26696],[-59.21499,-38.26711],[-59.21417,-38.26745],[-59.21328,-38.26769],[-59.21272,-38.26789],[-59.21189,-38.26793],[-59.21077,-38.26768],[-59.21021,-38.26738],[-59.20952,-38.26663],[-59.20972,-38.26554],[-59.20998,-38.2646],[-59.21019,-38.26345],[-59.21019,-38.26296],[-59.20975,-38.26261],[-59.20926,-38.26236],[-59.2085,-38.26215],[-59.20781,-38.26225],[-59.2068,-38.26234],[-59.20605,-38.26223],[-59.20493,-38.26178],[-59.2043,-38.26128],[-59.20362,-38.26038],[-59.20344,-38.25989],[-59.20357,-38.25934],[-59.20395,-38.2589],[-59.20464,-38.25865],[-59.20546,-38.25856],[-59.20546,-38.25851],[-59.20647,-38.25842],[-59.20729,-38.25817],[-59.20811,-38.25788],[-59.20861,-38.25784],[-59.20987,-38.25735],[-59.21075,-38.25726],[-59.21163,-38.25746],[-59.21307,-38.25767],[-59.21364,-38.25767],[-59.21415,-38.25753],[-59.21447,-38.25723],[-59.21473,-38.25634],[-59.21449,-38.25579],[-59.21462,-38.255],[-59.21475,-38.25436],[-59.21507,-38.25381],[-59.21501,-38.25341],[-59.21439,-38.25291],[-59.21389,-38.25291],[-59.21275,-38.25335],[-59.21211,-38.25369],[-59.21167,-38.25379],[-59.21123,-38.25378],[-59.21061,-38.25368],[-59.2101,-38.25353],[-59.2096,-38.25348],[-59.20897,-38.25362],[-59.20815,-38.25381],[-59.20746,-38.25401],[-59.20733,-38.25436],[-59.2072,-38.2547],[-59.20663,-38.25554],[-59.20618,-38.25594],[-59.20586,-38.25628],[-59.20542,-38.25667],[-59.20491,-38.25682],[-59.20441,-38.25681],[-59.20385,-38.25661],[-59.20316,-38.25636],[-59.20266,-38.25631],[-59.20209,-38.25635],[-59.20109,-38.25634],[-59.20039,-38.25649],[-59.19983,-38.25663],[-59.19938,-38.25693],[-59.19932,-38.25698],[-59.19881,-38.25727],[-59.19837,-38.25732],[-59.19787,-38.25722],[-59.19718,-38.25702],[-59.1963,-38.25666],[-59.19606,-38.25596],[-59.1962,-38.25492],[-59.19665,-38.25354],[-59.19755,-38.25216],[-59.19743,-38.25161],[-59.19668,-38.25121],[-59.19448,-38.2505],[-59.19292,-38.25029],[-59.19147,-38.25032],[-59.18959,-38.25031],[-59.18802,-38.24966],[-59.18822,-38.24887],[-59.18988,-38.24778],[-59.19317,-38.24674],[-59.19475,-38.2458],[-59.19549,-38.24427],[-59.19695,-38.24324],[-59.19928,-38.24078],[-59.19893,-38.23915],[-59.19748,-38.23914],[-59.19578,-38.23989],[-59.19528,-38.24141],[-59.19334,-38.24245],[-59.19125,-38.2451],[-59.18484,-38.24496],[-59.18534,-38.24345],[-59.18705,-38.24231],[-59.18803,-38.24098],[-59.18781,-38.23927],[-59.1871,-38.23811],[-59.18491,-38.23867],[-59.18333,-38.2399],[-59.18235,-38.24133],[-59.18029,-38.2415],[-59.17836,-38.24044],[-59.17475,-38.23956],[-59.17429,-38.23783],[-59.17263,-38.23478],[-59.17289,-38.23325],[-59.16816,-38.22387],[-59.16718,-38.22271],[-59.16605,-38.22205],[-59.16545,-38.22143],[-59.16436,-38.22097],[-59.16348,-38.22061],[-59.16273,-38.22024],[-59.16209,-38.22009],[-59.16162,-38.22005],[-59.16043,-38.22025],[-59.15936,-38.21988],[-59.15809,-38.21891],[-59.15783,-38.218],[-59.15676,-38.21714],[-59.15503,-38.21725],[-59.15429,-38.21724],[-59.15351,-38.21693],[-59.15344,-38.21678]]]}},{"type":"Feature","properties":{"fdc":"SIG 250 mil","sag":"IGN","crv":80,"mo2":6,"tipo":"Curva de nivel","ign":"lineas_de_geomorfologia_CA010.110513"},"geometry":{"type":"MultiLineString","coordinates":[[[-59.11264,-38.223],[-59.11475,-38.22329],[-59.11702,-38.22421],[-59.11754,-38.22773],[-59.11987,-38.22915],[-59.12274,-38.23183],[-59.12357,-38.23337],[-59.12365,-38.23642],[-59.12521,-38.23738],[-59.12748,-38.24036],[-59.1283,-38.24199],[-59.12742,-38.24493],[-59.12799,-38.24818],[-59.12785,-38.2499],[-59.12504,-38.25188],[-59.12431,-38.252],[-59.12262,-38.25241],[-59.12166,-38.25141],[-59.1205,-38.24755],[-59.1186,-38.24458],[-59.11666,-38.24428],[-59.11574,-38.245],[-59.11321,-38.25016],[-59.1127,-38.25235],[-59.11479,-38.25981],[-59.11815,-38.26193],[-59.11934,-38.26337],[-59.11943,-38.26518],[-59.12109,-38.26825],[-59.12166,-38.27159],[-59.12332,-38.27446],[-59.125,-38.27504],[-59.12767,-38.27468],[-59.12936,-38.27488],[-59.13007,-38.27623],[-59.12885,-38.27774],[-59.1282,-38.27905],[-59.12812,-38.27927],[-59.12818,-38.27952],[-59.12819,-38.27966],[-59.1285,-38.28075],[-59.12853,-38.28094],[-59.12853,-38.28118],[-59.12836,-38.28217],[-59.12832,-38.2823],[-59.1282,-38.28241],[-59.12805,-38.28244],[-59.1269,-38.28218],[-59.12674,-38.28212],[-59.12663,-38.28205],[-59.12654,-38.28197],[-59.12585,-38.28052],[-59.12572,-38.2803],[-59.12552,-38.28018],[-59.12529,-38.28006],[-59.12267,-38.27836],[-59.12101,-38.27502],[-59.11707,-38.2705],[-59.11494,-38.26725],[-59.1135,-38.266],[-59.11276,-38.26694],[-59.11382,-38.27029],[-59.11464,-38.27191],[-59.11462,-38.27344],[-59.11316,-38.27476],[-59.11148,-38.27361],[-59.11006,-38.27317],[-59.10965,-38.27311],[-59.1094,-38.27321],[-59.10926,-38.27341],[-59.10857,-38.27435],[-59.10854,-38.27607],[-59.10561,-38.27861],[-59.10487,-38.27969],[-59.10469,-38.2799],[-59.10415,-38.28014],[-59.10321,-38.28035],[-59.10295,-38.28027],[-59.10278,-38.28008],[-59.10222,-38.27888],[-59.10224,-38.27716],[-59.10151,-38.27612],[-59.10128,-38.27597],[-59.10103,-38.27601],[-59.1008,-38.27605],[-59.09934,-38.27676],[-59.09859,-38.27847],[-59.09774,-38.27951],[-59.09767,-38.2796],[-59.09758,-38.2797],[-59.09748,-38.27977],[-59.09739,-38.2798],[-59.09731,-38.27981],[-59.09724,-38.27981],[-59.09716,-38.2798],[-59.0971,-38.27976],[-59.09615,-38.27901],[-59.09409,-38.27115],[-59.09399,-38.26956],[-59.0956,-38.26624],[-59.0949,-38.26452],[-59.09322,-38.26317],[-59.09251,-38.26164],[-59.09255,-38.26142],[-59.08893,-38.2573],[-59.08607,-38.25392],[-59.08668,-38.25148],[-59.0867,-38.24995],[-59.08283,-38.2485],[-59.08099,-38.24797],[-59.07784,-38.24638],[-59.0738,-38.24451],[-59.07213,-38.24386],[-59.06978,-38.24238],[-59.06794,-38.24136],[-59.06677,-38.2409],[-59.06609,-38.24139],[-59.06782,-38.24294],[-59.0703,-38.2457],[-59.07143,-38.24815],[-59.07115,-38.24927],[-59.07113,-38.25098],[-59.06942,-38.25211],[-59.06844,-38.25325],[-59.06407,-38.25455],[-59.06308,-38.25607],[-59.06343,-38.25653],[-59.06374,-38.25848],[-59.06199,-38.25938],[-59.06046,-38.25814],[-59.0597,-38.25738],[-59.05971,-38.25615],[-59.05914,-38.25508],[-59.05761,-38.25446],[-59.05665,-38.25338],[-59.05629,-38.25109],[-59.0569,-38.2488],[-59.05619,-38.24721],[-59.05557,-38.24713],[-59.05439,-38.24731],[-59.05243,-38.24805],[-59.05186,-38.2508],[-59.05141,-38.25591],[-59.05111,-38.25825],[-59.05053,-38.2628],[-59.04991,-38.26554],[-59.04796,-38.26645],[-59.04783,-38.26574],[-59.04747,-38.2641],[-59.04689,-38.2615],[-59.04675,-38.25795],[-59.04662,-38.2546],[-59.0462,-38.2519],[-59.04414,-38.25047],[-59.04214,-38.2496],[-59.04031,-38.24977],[-59.03888,-38.25076],[-59.03718,-38.25175],[-59.03633,-38.25185],[-59.03437,-38.2516],[-59.02118,-38.24729],[-59.02016,-38.24704],[-59.01974,-38.2467],[-59.0169,-38.24247],[-59.01121,-38.24167],[-59.00649,-38.24377],[-59.00528,-38.24678],[-59.00307,-38.2509],[-59.00278,-38.25143],[-59.0023,-38.25279],[-59.00245,-38.25346],[-59.00338,-38.25518],[-59.00352,-38.25648],[-59.00335,-38.25893],[-59.00361,-38.26027],[-59.00515,-38.26184],[-59.00583,-38.26307],[-59.00738,-38.26342],[-59.00892,-38.26421],[-59.00877,-38.26532],[-59.00805,-38.26654],[-59.00647,-38.26775],[-59.00488,-38.26837],[-59.00389,-38.26988],[-59.00444,-38.27332],[-59.00428,-38.27675],[-59.00499,-38.27809],[-59.00553,-38.27861],[-59.00645,-38.2793],[-59.00418,-38.28051],[-59.00389,-38.28064],[-59.0014,-38.28169],[-59.00054,-38.28207],[-59.00037,-38.28218],[-59.00018,-38.28247],[-58.99952,-38.28393],[-58.99946,-38.28417],[-58.99945,-38.28464],[-58.99994,-38.28846],[-58.99817,-38.29033],[-58.99934,-38.29701],[-58.99979,-38.30006],[-59.00053,-38.30317],[-58.99922,-38.30711],[-58.9979,-38.30928],[-58.99744,-38.31108],[-58.99807,-38.31193],[-58.99987,-38.31303],[-59.00026,-38.31414],[-58.99991,-38.3151],[-58.99903,-38.31594],[-58.99855,-38.31657],[-58.99866,-38.31774],[-59.00054,-38.32034],[-59.00048,-38.32382],[-59.00133,-38.32535],[-59.00343,-38.32501],[-59.00721,-38.32464],[-59.01162,-38.32621],[-59.01306,-38.32487],[-59.01297,-38.32394],[-59.0129,-38.32362],[-59.0134,-38.32307],[-59.01501,-38.32284],[-59.01695,-38.32338],[-59.01857,-38.32491],[-59.01938,-38.32498],[-59.01973,-38.32511],[-59.02089,-38.32516],[-59.02183,-38.32402],[-59.02204,-38.32322],[-59.02205,-38.32232],[-59.02206,-38.32133],[-59.02112,-38.3196],[-59.01968,-38.31826],[-59.01874,-38.31654],[-59.02021,-38.31521],[-59.02048,-38.31419],[-59.02082,-38.31371],[-59.02143,-38.31345],[-59.02257,-38.31395],[-59.02443,-38.31601],[-59.02673,-38.31641],[-59.02816,-38.31785],[-59.02885,-38.3211],[-59.02844,-38.32434],[-59.02863,-38.32767],[-59.02825,-38.32939],[-59.02726,-38.33091],[-59.02711,-38.33122],[-59.02683,-38.33191],[-59.02743,-38.3325],[-59.02842,-38.33294],[-59.03098,-38.3338],[-59.03328,-38.33382],[-59.03376,-38.33363],[-59.03403,-38.33315],[-59.03407,-38.33217],[-59.03352,-38.33164],[-59.03307,-38.33133],[-59.03211,-38.32999],[-59.03238,-38.32828],[-59.03192,-38.32675],[-59.03205,-38.32523],[-59.03379,-38.32181],[-59.03461,-38.31783],[-59.0365,-38.31486],[-59.03647,-38.31093],[-59.03496,-38.3069],[-59.03681,-38.30396],[-59.03709,-38.30301],[-59.03695,-38.30242],[-59.03394,-38.29968],[-59.03329,-38.29911],[-59.03317,-38.29841],[-59.03381,-38.29678],[-59.03388,-38.29612],[-59.03433,-38.2956],[-59.03531,-38.29587],[-59.03643,-38.29628],[-59.03861,-38.29649],[-59.03859,-38.29801],[-59.03905,-38.29954],[-59.04073,-38.3006],[-59.04178,-38.30357],[-59.04309,-38.3051],[-59.04209,-38.30815],[-59.04291,-38.30968],[-59.04383,-38.31312],[-59.04318,-38.31654],[-59.04323,-38.3186],[-59.04361,-38.31984],[-59.04459,-38.32041],[-59.04507,-38.32056],[-59.04725,-38.32058],[-59.04942,-38.32117],[-59.05085,-38.3229],[-59.05302,-38.32349],[-59.05497,-38.32255],[-59.05571,-38.32186],[-59.05646,-38.32149],[-59.0574,-38.32155],[-59.05828,-38.32182],[-59.05962,-38.32226],[-59.06054,-38.32211],[-59.06198,-38.3218],[-59.06206,-38.32178],[-59.06379,-38.32139],[-59.06483,-38.32195],[-59.06558,-38.32317],[-59.06731,-38.32303],[-59.069,-38.32247],[-59.06741,-38.31585],[-59.06766,-38.31426],[-59.06976,-38.31113],[-59.06911,-38.30819],[-59.06932,-38.30761],[-59.06993,-38.30703],[-59.07122,-38.30692],[-59.07187,-38.30724],[-59.07257,-38.30886],[-59.07277,-38.3123],[-59.07345,-38.31574],[-59.07246,-38.31735],[-59.07244,-38.31907],[-59.07461,-38.31966],[-59.07488,-38.31966],[-59.07589,-38.31984],[-59.07648,-38.32022],[-59.07648,-38.32085],[-59.07652,-38.32139],[-59.07723,-38.32292],[-59.0794,-38.32389],[-59.08107,-38.32524],[-59.08009,-38.32656],[-59.07814,-38.32769],[-59.07679,-38.3293],[-59.07698,-38.33274],[-59.0766,-38.33435],[-59.07682,-38.33607],[-59.07631,-38.33778],[-59.07678,-38.33932],[-59.0787,-38.34048],[-59.07965,-38.34201],[-59.08012,-38.34372],[-59.08155,-38.34469],[-59.08314,-38.34394],[-59.08342,-38.34051],[-59.08405,-38.3388],[-59.08624,-38.33805],[-59.0906,-38.33733],[-59.09207,-38.33619],[-59.09209,-38.33457],[-59.09031,-38.3316],[-59.08973,-38.32988],[-59.08829,-38.32854],[-59.08783,-38.32701],[-59.0893,-38.32568],[-59.08903,-38.32408],[-59.08553,-38.32068],[-59.08576,-38.31822],[-59.08554,-38.3165],[-59.08498,-38.31417],[-59.08491,-38.31378],[-59.08559,-38.3132],[-59.08688,-38.31345],[-59.08727,-38.31366],[-59.08975,-38.31844],[-59.09068,-38.32178],[-59.09187,-38.32332],[-59.09534,-38.32602],[-59.09674,-38.32638],[-59.09761,-38.32613],[-59.09738,-38.32495],[-59.09575,-38.3224],[-59.09507,-38.31896],[-59.09305,-38.31589],[-59.09117,-38.31232],[-59.08893,-38.30909],[-59.08849,-38.30423],[-59.08807,-38.30226],[-59.08709,-38.29955],[-59.08606,-38.29609],[-59.08555,-38.29412],[-59.08637,-38.29291],[-59.08778,-38.2924],[-59.09068,-38.29046],[-59.09115,-38.28987],[-59.09135,-38.28903],[-59.09127,-38.28814],[-59.09169,-38.28692],[-59.09258,-38.28571],[-59.09441,-38.28445],[-59.09591,-38.28361],[-59.09685,-38.28265],[-59.09855,-38.28247],[-59.09925,-38.284],[-59.0985,-38.28657],[-59.09856,-38.28814],[-59.098,-38.2896],[-59.09707,-38.29163],[-59.09652,-38.2924],[-59.09551,-38.29287],[-59.09501,-38.29408],[-59.09403,-38.29559],[-59.09364,-38.29721],[-59.09409,-38.30055],[-59.09358,-38.30217],[-59.09451,-38.30551],[-59.09583,-38.30695],[-59.0958,-38.30905],[-59.09651,-38.31049],[-59.09601,-38.31124],[-59.09694,-38.31468],[-59.097,-38.31731],[-59.09706,-38.31807],[-59.09766,-38.31846],[-59.09934,-38.31936],[-59.10048,-38.32013],[-59.1011,-38.32183],[-59.10165,-38.3242],[-59.10287,-38.3246],[-59.10482,-38.32526],[-59.10555,-38.3267],[-59.1055,-38.32714],[-59.10547,-38.32886],[-59.10701,-38.33212],[-59.11111,-38.3331],[-59.1126,-38.33015],[-59.11228,-38.32681],[-59.11242,-38.32591]]]}},{"type":"Feature","properties":{"fdc":"SIG 250 mil","sag":"IGN","crv":90,"mo2":6,"tipo":"Curva de nivel","ign":"lineas_de_geomorfologia_CA010.110524"},"geometry":{"type":"MultiLineString","coordinates":[[[-59.14268,-38.18332],[-59.14278,-38.18498],[-59.14132,-38.18597],[-59.14063,-38.18643],[-59.14004,-38.187],[-59.13981,-38.1876],[-59.13781,-38.18863],[-59.13715,-38.19012],[-59.13646,-38.19101],[-59.13541,-38.19193],[-59.13455,-38.19246],[-59.13364,-38.19259],[-59.13274,-38.19259],[-59.13169,-38.19269],[-59.13029,-38.1926],[-59.12917,-38.19239],[-59.12812,-38.19245],[-59.12672,-38.19237],[-59.12585,-38.19283],[-59.1249,-38.19296],[-59.12362,-38.19413],[-59.12303,-38.19452],[-59.12289,-38.19552],[-59.12384,-38.19677],[-59.12337,-38.19865],[-59.12225,-38.20147],[-59.12104,-38.20217],[-59.12055,-38.20293],[-59.12065,-38.20446],[-59.12027,-38.20598],[-59.11808,-38.20753],[-59.118,-38.20812],[-59.11831,-38.20895],[-59.11905,-38.20948],[-59.11918,-38.21037],[-59.11917,-38.21137],[-59.11893,-38.21255],[-59.11922,-38.21297],[-59.12027,-38.21339],[-59.12146,-38.21381],[-59.12212,-38.21447],[-59.12211,-38.21594],[-59.12231,-38.21719],[-59.1232,-38.21796],[-59.12529,-38.21886],[-59.1264,-38.2191],[-59.12722,-38.21946],[-59.12811,-38.22012],[-59.12901,-38.22001],[-59.12939,-38.21924],[-59.12889,-38.2177],[-59.12607,-38.2152],[-59.12444,-38.21442],[-59.12408,-38.21336],[-59.12417,-38.21194],[-59.12478,-38.21112],[-59.12582,-38.21107],[-59.12686,-38.21179],[-59.12753,-38.21202],[-59.12872,-38.21298],[-59.12983,-38.21394],[-59.13093,-38.21565],[-59.13181,-38.21648],[-59.13256,-38.21608],[-59.13235,-38.21495],[-59.13126,-38.21276],[-59.13134,-38.21223],[-59.13165,-38.21152],[-59.13293,-38.21083],[-59.13368,-38.21089],[-59.1343,-38.21138],[-59.13494,-38.21172],[-59.13566,-38.21248],[-59.13588,-38.21401],[-59.13785,-38.21733],[-59.13753,-38.21841],[-59.13618,-38.21944],[-59.1358,-38.22097],[-59.13748,-38.2227],[-59.13746,-38.22394],[-59.13805,-38.22537],[-59.13876,-38.22595],[-59.14069,-38.22654],[-59.14166,-38.22644],[-59.14349,-38.22551],[-59.14422,-38.22494],[-59.14484,-38.22342],[-59.14768,-38.22334],[-59.1486,-38.2224],[-59.14897,-38.22126],[-59.14835,-38.21921],[-59.15186,-38.21854],[-59.1525,-38.2188],[-59.15286,-38.21947],[-59.15236,-38.22109],[-59.15232,-38.22414],[-59.15134,-38.22575],[-59.15168,-38.22709],[-59.15265,-38.22729],[-59.15375,-38.22625],[-59.15437,-38.22473],[-59.15464,-38.22238],[-59.15693,-38.22332],[-59.15801,-38.22342],[-59.15886,-38.22285],[-59.16064,-38.22247],[-59.16068,-38.22325],[-59.16115,-38.22382],[-59.1609,-38.22458],[-59.15812,-38.22456],[-59.15751,-38.22551],[-59.15749,-38.22646],[-59.15823,-38.22827],[-59.15916,-38.22886],[-59.16109,-38.22887],[-59.16181,-38.22926],[-59.16252,-38.2306],[-59.16541,-38.23205],[-59.16455,-38.23271],[-59.16249,-38.23308],[-59.16224,-38.23467],[-59.16528,-38.23538],[-59.16606,-38.23797],[-59.16533,-38.23835],[-59.16437,-38.23795],[-59.16389,-38.23738],[-59.16293,-38.23737],[-59.16243,-38.23814],[-59.16267,-38.23899],[-59.16447,-38.24006],[-59.16624,-38.24213],[-59.16954,-38.24327],[-59.17104,-38.24649],[-59.17018,-38.24791],[-59.17089,-38.24935],[-59.17198,-38.24983],[-59.17221,-38.2506],[-59.17032,-38.25301],[-59.17631,-38.2556],[-59.17707,-38.2594],[-59.17621,-38.26016],[-59.17427,-38.26091],[-59.17353,-38.26205],[-59.17376,-38.26281],[-59.17557,-38.26377],[-59.17763,-38.26341],[-59.17848,-38.26275],[-59.18005,-38.26257],[-59.18041,-38.26305],[-59.18314,-38.26451],[-59.18243,-38.26592],[-59.18113,-38.26642],[-59.17857,-38.2659],[-59.17783,-38.26646],[-59.17782,-38.26722],[-59.17854,-38.2678],[-59.18119,-38.26868],[-59.18227,-38.27002],[-59.18311,-38.2705],[-59.18504,-38.27052],[-59.18589,-38.27005],[-59.18612,-38.2698],[-59.18796,-38.2693],[-59.1901,-38.26948],[-59.19146,-38.27018],[-59.19205,-38.27095],[-59.19172,-38.27196],[-59.18912,-38.27379],[-59.18731,-38.27311],[-59.1855,-38.27338],[-59.18381,-38.27222],[-59.18212,-38.27221],[-59.18139,-38.27278],[-59.1797,-38.27238],[-59.17921,-38.27277],[-59.17944,-38.27353],[-59.18058,-38.27444],[-59.18293,-38.27508],[-59.18462,-38.27614],[-59.18679,-38.27596],[-59.18836,-38.27712],[-59.19016,-38.27799],[-59.19052,-38.27876],[-59.19014,-38.28018],[-59.18879,-38.28132],[-59.18889,-38.28284],[-59.1884,-38.28418],[-59.18922,-38.28628],[-59.18848,-38.2878],[-59.18943,-38.28924],[-59.19125,-38.28997],[-59.19036,-38.29268],[-59.19083,-38.2942],[-59.19057,-38.29496],[-59.18972,-38.29553],[-59.18959,-38.29705],[-59.1902,-38.29805],[-59.19222,-38.29955],[-59.19281,-38.30098],[-59.19244,-38.30165],[-59.19242,-38.3037],[-59.19578,-38.30549],[-59.19749,-38.30483],[-59.19845,-38.30503],[-59.20003,-38.30418],[-59.20065,-38.30266],[-59.20104,-38.30037],[-59.20203,-38.29895],[-59.20253,-38.29676],[-59.20352,-38.29524],[-59.20251,-38.29213],[-59.20295,-38.29162],[-59.20392,-38.29172],[-59.20525,-38.29134],[-59.20609,-38.29183],[-59.20642,-38.2929],[-59.20785,-38.29462],[-59.20872,-38.29509],[-59.2086,-38.29585],[-59.20689,-38.29679],[-59.20652,-38.29736],[-59.20675,-38.29813],[-59.20818,-38.29995],[-59.20695,-38.30184],[-59.20718,-38.30337],[-59.20886,-38.30453],[-59.21201,-38.30464],[-59.21421,-38.30642],[-59.21749,-38.30579],[-59.2181,-38.3078],[-59.21922,-38.30879],[-59.22103,-38.30919],[-59.22163,-38.30995],[-59.22161,-38.31148],[-59.22256,-38.31292],[-59.22255,-38.31444],[-59.22303,-38.31511],[-59.22483,-38.31579],[-59.22689,-38.3157],[-59.22939,-38.31376],[-59.23055,-38.31354],[-59.23104,-38.31287],[-59.23129,-38.31135],[-59.23178,-38.31088],[-59.23275,-38.31127],[-59.234,-38.31329],[-59.23539,-38.31357],[-59.23746,-38.31234],[-59.23939,-38.31226],[-59.24133,-38.31256],[-59.24242,-38.31228],[-59.24302,-38.312],[-59.24413,-38.31057],[-59.24718,-38.30981],[-59.24753,-38.30926],[-59.24826,-38.30888],[-59.24923,-38.30909],[-59.24995,-38.30966],[-59.25012,-38.31024],[-59.2518,-38.31203],[-59.25006,-38.31452],[-59.24696,-38.3165],[-59.24304,-38.31798],[-59.23858,-38.31931],[-59.23422,-38.32013],[-59.23113,-38.32097],[-59.22876,-38.32224],[-59.22839,-38.32345],[-59.22908,-38.32398],[-59.22923,-38.32402],[-59.23116,-38.32384],[-59.23213,-38.32404],[-59.2326,-38.32489],[-59.23429,-38.32595],[-59.23671,-38.32588],[-59.23743,-38.32674],[-59.2373,-38.3276],[-59.23583,-38.32864],[-59.23544,-38.33168],[-59.23724,-38.33274],[-59.23843,-38.33428],[-59.24169,-38.33592],[-59.24228,-38.33707],[-59.24384,-38.33823],[-59.24771,-38.33853],[-59.24952,-38.33921],[-59.24988,-38.33979],[-59.25084,-38.34018],[-59.25197,-38.33996],[-59.2545,-38.33801],[-59.25631,-38.33859],[-59.2574,-38.3385],[-59.25836,-38.33908],[-59.25835,-38.33984],[-59.25786,-38.3406],[-59.25784,-38.34212],[-59.25989,-38.34465],[-59.2607,-38.34644],[-59.26264,-38.34692],[-59.26361,-38.34655],[-59.26398,-38.34607],[-59.26411,-38.34455],[-59.26547,-38.34189],[-59.26657,-38.34056],[-59.26948,-38.34048],[-59.27131,-38.33973],[-59.27239,-38.33974],[-59.27328,-38.34021],[-59.27356,-38.34403],[-59.27464,-38.34547],[-59.27717,-38.34634],[-59.2774,-38.34787],[-59.27859,-38.34921],[-59.28053,-38.34951],[-59.28261,-38.35099],[-59.2839,-38.35135],[-59.28572,-38.35117],[-59.2873,-38.35013],[-59.28827,-38.35023],[-59.28971,-38.35128],[-59.29165,-38.35178],[-59.29346,-38.35122],[-59.29554,-38.34941],[-59.29749,-38.34895],[-59.29845,-38.34933],[-59.30039,-38.34887],[-59.30233,-38.34898],[-59.30426,-38.3487],[-59.305,-38.34728],[-59.30466,-38.34584],[-59.30511,-38.34483],[-59.30698,-38.34338],[-59.30701,-38.34081],[-59.30787,-38.33929],[-59.30993,-38.33882],[-59.31133,-38.3391],[-59.3126,-38.33855],[-59.31334,-38.33712],[-59.3131,-38.33636],[-59.3107,-38.33444],[-59.30751,-38.33096],[-59.30682,-38.33034],[-59.3054,-38.32621],[-59.30092,-38.31913],[-59.29937,-38.31616],[-59.29769,-38.31511],[-59.2975,-38.31411],[-59.3,-38.3135],[-59.3011,-38.31284],[-59.30219,-38.31303],[-59.30482,-38.316],[-59.30627,-38.31697],[-59.30735,-38.3196],[-59.30973,-38.32109],[-59.31166,-38.32148],[-59.31446,-38.32045],[-59.31519,-38.31959],[-59.31616,-38.3195],[-59.31797,-38.32018],[-59.3199,-38.32029],[-59.32267,-38.32259],[-59.3246,-38.32355],[-59.32654,-38.32328],[-59.32726,-38.32367],[-59.32796,-38.32596],[-59.32869,-38.32634],[-59.3288,-38.32711],[-59.32686,-38.32776],[-59.32443,-38.32899],[-59.32441,-38.33051],[-59.32531,-38.33144],[-59.32959,-38.33312],[-59.33055,-38.33446],[-59.32885,-38.3354],[-59.32847,-38.33616],[-59.32858,-38.33769],[-59.32723,-38.33978],[-59.32685,-38.3413],[-59.32732,-38.34283],[-59.3278,-38.34341],[-59.32949,-38.34437],[-59.33046,-38.34428],[-59.33119,-38.34362],[-59.33264,-38.34132],[-59.33434,-38.33868],[-59.33777,-38.33579],[-59.33854,-38.3346],[-59.33842,-38.33355],[-59.33649,-38.33287],[-59.3357,-38.33214],[-59.33652,-38.32963],[-59.33426,-38.32244],[-59.33356,-38.31921],[-59.33287,-38.31638],[-59.33541,-38.31356],[-59.33711,-38.31159],[-59.34438,-38.30523],[-59.348,-38.30542],[-59.35047,-38.3035],[-59.35049,-38.3021],[-59.35336,-38.30125],[-59.35407,-38.30238],[-59.35452,-38.30513],[-59.35285,-38.30767],[-59.3499,-38.30983],[-59.34725,-38.31124],[-59.34494,-38.31318],[-59.34125,-38.3163],[-59.34095,-38.32291],[-59.34354,-38.32859],[-59.34399,-38.33123],[-59.34497,-38.33273],[-59.34438,-38.33489],[-59.3447,-38.33559],[-59.34457,-38.33721],[-59.34196,-38.33932],[-59.3413,-38.34135],[-59.33967,-38.343],[-59.34002,-38.34443],[-59.34087,-38.34491],[-59.34159,-38.34491],[-59.34272,-38.34425],[-59.34423,-38.34251],[-59.34537,-38.34236],[-59.34695,-38.34151],[-59.34792,-38.34133],[-59.34791,-38.34185],[-59.34546,-38.34484],[-59.34557,-38.34637],[-59.34417,-38.34877],[-59.34492,-38.35122],[-59.34589,-38.35161],[-59.34867,-38.35125],[-59.35061,-38.35173],[-59.35182,-38.35165],[-59.35448,-38.35083],[-59.35534,-38.35128],[-59.35629,-38.35291],[-59.35823,-38.35301],[-59.35919,-38.35331],[-59.36087,-38.35455],[-59.36184,-38.35475],[-59.36378,-38.35448],[-59.36473,-38.35239],[-59.36631,-38.35179],[-59.36791,-38.35307],[-59.36894,-38.35335],[-59.37203,-38.35261],[-59.37289,-38.35109],[-59.37304,-38.34842],[-59.37328,-38.34814],[-59.37619,-38.34768],[-59.37777,-38.34664],[-59.37862,-38.34664],[-59.38005,-38.34884],[-59.38016,-38.35036],[-59.38148,-38.35257],[-59.3822,-38.35295],[-59.38349,-38.3527]]]}},{"type":"Feature","properties":{"fdc":"SIG 250 mil","sag":"IGN","crv":70,"mo2":6,"tipo":"Curva de nivel","ign":"lineas_de_geomorfologia_CA010.110556"},"geometry":{"type":"MultiLineString","coordinates":[[[-59.03949,-38.24509],[-59.03539,-38.24675],[-59.02916,-38.2455],[-59.02295,-38.24294],[-59.01881,-38.24089],[-59.01413,-38.23954],[-59.00981,-38.23995],[-59.00565,-38.23936],[-59.00333,-38.23949],[-59.00038,-38.24036],[-58.9992,-38.24153],[-58.99929,-38.24382],[-59.0001,-38.24522],[-58.99961,-38.24696],[-59.00007,-38.24849],[-58.99823,-38.25048],[-58.99665,-38.2536],[-58.99814,-38.25706],[-58.99935,-38.25876],[-58.99959,-38.26012],[-58.99823,-38.26022],[-58.99742,-38.25967],[-58.99408,-38.25668],[-58.98769,-38.25533],[-58.98418,-38.25401],[-58.98066,-38.25092],[-58.97959,-38.25002],[-58.97865,-38.24926],[-58.97746,-38.24901],[-58.97692,-38.24949],[-58.97683,-38.24997],[-58.9769,-38.25043],[-58.97796,-38.25159],[-58.97898,-38.2527],[-58.97822,-38.25498],[-58.9788,-38.25569],[-58.97777,-38.2569],[-58.97697,-38.25783],[-58.97646,-38.25916],[-58.97517,-38.26016],[-58.97402,-38.26104],[-58.97318,-38.26056],[-58.97312,-38.25955],[-58.97309,-38.25884],[-58.97423,-38.25781],[-58.97529,-38.25686],[-58.97566,-38.2562],[-58.97556,-38.25467],[-58.97412,-38.25361],[-58.97327,-38.25408],[-58.97134,-38.25368],[-58.97049,-38.25396],[-58.97031,-38.2545],[-58.97118,-38.25682],[-58.9714,-38.25835],[-58.97102,-38.25987],[-58.97184,-38.26122],[-58.97184,-38.26147],[-58.97175,-38.26162],[-58.97156,-38.26187],[-58.97121,-38.26203],[-58.97091,-38.26216],[-58.9693,-38.2622],[-58.96777,-38.26213],[-58.96737,-38.262],[-58.96706,-38.26185],[-58.96677,-38.26155],[-58.96558,-38.26004],[-58.96524,-38.25974],[-58.96494,-38.25959],[-58.96474,-38.25962],[-58.96291,-38.26057],[-58.96194,-38.25999],[-58.96098,-38.25978],[-58.96049,-38.26016],[-58.96165,-38.26351],[-58.96116,-38.26417],[-58.96019,-38.26435],[-58.95875,-38.26329],[-58.95681,-38.26347],[-58.95608,-38.26394],[-58.95607,-38.2647],[-58.95387,-38.26668],[-58.95324,-38.2682],[-58.95239,-38.26829],[-58.95143,-38.2678],[-58.95036,-38.26627],[-58.94846,-38.26637],[-58.94794,-38.26653],[-58.9476,-38.26686],[-58.94754,-38.26745],[-58.94853,-38.27163],[-58.94538,-38.27687],[-58.94521,-38.27773],[-58.94553,-38.27884],[-58.94606,-38.28056],[-58.94605,-38.28148],[-58.94631,-38.28276],[-58.94602,-38.28337],[-58.94512,-38.28359],[-58.94406,-38.28362],[-58.94334,-38.2834],[-58.94268,-38.28251],[-58.94197,-38.28091],[-58.94121,-38.27985],[-58.94039,-38.27901],[-58.93972,-38.27883],[-58.93921,-38.27905],[-58.9387,-38.27966],[-58.93891,-38.28054],[-58.93966,-38.28319],[-58.94012,-38.28552],[-58.94038,-38.28672],[-58.9396,-38.28733],[-58.93864,-38.28745],[-58.93814,-38.28736],[-58.93776,-38.28669],[-58.93723,-38.28444],[-58.93713,-38.28374],[-58.93669,-38.28312],[-58.93608,-38.28307],[-58.93496,-38.28332],[-58.93423,-38.28358],[-58.93356,-38.28375],[-58.93299,-38.28397],[-58.93232,-38.28426],[-58.93176,-38.28461],[-58.93147,-38.2854],[-58.93189,-38.2873],[-58.93246,-38.28999],[-58.93322,-38.29119],[-58.93325,-38.2914],[-58.93319,-38.29162],[-58.93288,-38.29185],[-58.93084,-38.29311],[-58.93005,-38.29372],[-58.92988,-38.29387],[-58.92982,-38.29391],[-58.92891,-38.29468],[-58.92804,-38.29591],[-58.928,-38.29896],[-58.92702,-38.29933],[-58.92521,-38.29903],[-58.92414,-38.29787],[-58.92318,-38.29749],[-58.92125,-38.29747],[-58.91655,-38.29599],[-58.91462,-38.29597],[-58.91399,-38.2974],[-58.91517,-38.29941],[-58.91528,-38.30018],[-58.91671,-38.30153],[-58.91863,-38.30202],[-58.92263,-38.30225],[-58.92503,-38.30351],[-58.92477,-38.30437],[-58.92282,-38.30502],[-58.92234,-38.30558],[-58.92196,-38.30634],[-58.92206,-38.30787],[-58.92059,-38.30919],[-58.91877,-38.30917],[-58.91695,-38.30992],[-58.91502,-38.30971],[-58.91424,-38.3099],[-58.91179,-38.31254],[-58.91062,-38.31262],[-58.90879,-38.31347],[-58.90758,-38.31263],[-58.90823,-38.30984],[-58.90728,-38.30916],[-58.90534,-38.30924],[-58.9037,-38.30579],[-58.90419,-38.30532],[-58.9005,-38.30328],[-58.89929,-38.3026],[-58.89707,-38.30204],[-58.89481,-38.30151],[-58.89106,-38.30074],[-58.89033,-38.30176],[-58.89164,-38.30282],[-58.89261,-38.30302],[-58.89417,-38.30389],[-58.89492,-38.30482],[-58.8939,-38.30789],[-58.89421,-38.30894],[-58.89518,-38.30895],[-58.89544,-38.30819],[-58.89634,-38.30773],[-58.90013,-38.30976],[-58.90083,-38.3112],[-58.90394,-38.3138],[-58.90513,-38.31524],[-58.90884,-38.31766],[-58.91078,-38.31758],[-58.91478,-38.31485],[-58.91829,-38.315],[-58.91857,-38.31498],[-58.9216,-38.31425],[-58.92428,-38.31294],[-58.92622,-38.31305],[-58.92656,-38.31448],[-58.92416,-38.31806],[-58.9245,-38.31918],[-58.9266,-38.32172],[-58.92761,-38.32508],[-58.92856,-38.32652],[-58.93012,-38.3273],[-58.93109,-38.3275],[-58.93303,-38.32703],[-58.93433,-38.32349],[-58.93539,-38.32267],[-58.93636,-38.32249],[-58.93696,-38.32307],[-58.93766,-38.3245],[-58.9391,-38.32576],[-58.93952,-38.33136],[-58.93996,-38.33329],[-58.94103,-38.33454],[-58.94296,-38.33513],[-58.94442,-38.33486],[-58.94539,-38.33427],[-58.94542,-38.3321],[-58.94617,-38.33068],[-58.94752,-38.32955],[-58.94994,-38.32859],[-58.95048,-38.32557],[-58.9517,-38.32444],[-58.95255,-38.32473],[-58.9535,-38.32607],[-58.9537,-38.32837],[-58.95539,-38.32943],[-58.95658,-38.33059],[-58.95975,-38.33197],[-58.96118,-38.3348],[-58.96284,-38.33811],[-58.96397,-38.33856],[-58.96444,-38.33933],[-58.96514,-38.34162],[-58.96561,-38.34229],[-58.96706,-38.34278],[-58.9684,-38.34222],[-58.97,-38.34014],[-58.97002,-38.33865],[-58.97122,-38.33646],[-58.97247,-38.33418],[-58.97203,-38.33358],[-58.97205,-38.33205],[-58.97316,-38.33073],[-58.97367,-38.32921],[-58.97356,-38.32835],[-58.97271,-38.32796],[-58.97078,-38.32775],[-58.97018,-38.32708],[-58.97069,-38.32565],[-58.97263,-38.32548],[-58.97361,-38.32501],[-58.97542,-38.32512],[-58.97639,-38.32494],[-58.9775,-38.32362],[-58.97847,-38.32325],[-58.97873,-38.32249],[-58.97786,-38.32179],[-58.97759,-38.31987],[-58.97539,-38.3163],[-58.97305,-38.31489],[-58.9728,-38.31328],[-58.97067,-38.30973],[-58.97142,-38.30841],[-58.97215,-38.30813],[-58.97443,-38.30939],[-58.97625,-38.30911],[-58.97638,-38.30835],[-58.97519,-38.30711],[-58.97499,-38.3065],[-58.9745,-38.30307],[-58.97489,-38.30262],[-58.97586,-38.30225],[-58.97727,-38.30531],[-58.97822,-38.30666],[-58.97794,-38.30885],[-58.97841,-38.31028],[-58.97742,-38.31179],[-58.97788,-38.31333],[-58.97836,-38.3139],[-58.97932,-38.31429],[-58.98029,-38.3143],[-58.98159,-38.31355],[-58.98466,-38.31358],[-58.98673,-38.31226],[-58.98735,-38.31083],[-58.99022,-38.30872],[-58.99071,-38.30589],[-58.99229,-38.3043],[-58.99207,-38.30277],[-58.99232,-38.30201],[-58.99298,-38.30175],[-58.99423,-38.30384],[-58.99408,-38.30536],[-58.99443,-38.30689],[-58.99247,-38.30868],[-58.99244,-38.31047],[-58.98989,-38.31322],[-58.98749,-38.31445],[-58.98681,-38.3155],[-58.98678,-38.31785],[-58.98441,-38.31906],[-58.98406,-38.32011],[-58.98674,-38.3227],[-58.98535,-38.32483],[-58.98557,-38.32635],[-58.98616,-38.32693],[-58.98797,-38.32743],[-58.99088,-38.32717],[-58.99232,-38.32822],[-58.99157,-38.32956],[-58.98877,-38.33102],[-58.98798,-38.33183],[-58.98874,-38.33306],[-58.98872,-38.33439],[-58.98749,-38.33629],[-58.98747,-38.33744],[-58.98843,-38.33782],[-58.98928,-38.33764],[-58.99111,-38.33661],[-58.99305,-38.33662],[-58.99543,-38.33922],[-58.99736,-38.33981],[-58.9988,-38.34097],[-58.99879,-38.34172],[-58.9995,-38.34306],[-59.00022,-38.34374],[-59.00215,-38.34395],[-59.00409,-38.34368],[-59.00515,-38.34521],[-59.00697,-38.34561],[-59.01178,-38.34496],[-59.01318,-38.3427],[-59.01453,-38.34138],[-59.01479,-38.34053],[-59.01363,-38.3367],[-59.01292,-38.33546],[-59.0116,-38.3343],[-59.01174,-38.33287],[-59.01368,-38.3327],[-59.01633,-38.33339],[-59.0174,-38.33473],[-59.01896,-38.33589],[-59.01918,-38.3377],[-59.02108,-38.34001],[-59.02431,-38.34067],[-59.0247,-38.34099],[-59.02469,-38.34175],[-59.02541,-38.34252],[-59.0254,-38.34328],[-59.02681,-38.34615],[-59.02863,-38.34674],[-59.02959,-38.34647],[-59.03094,-38.34533],[-59.03193,-38.34401],[-59.03253,-38.34112],[-59.03319,-38.34011],[-59.03612,-38.33842],[-59.03685,-38.33823],[-59.03781,-38.33862],[-59.04008,-38.34045],[-59.04202,-38.34094],[-59.04261,-38.34143],[-59.04259,-38.34295],[-59.0433,-38.34439],[-59.04328,-38.34616],[-59.04156,-38.34828],[-59.04202,-38.34971],[-59.042,-38.35124],[-59.04293,-38.35329],[-59.04415,-38.35355],[-59.04488,-38.35336],[-59.04562,-38.35222],[-59.0459,-38.34965],[-59.04712,-38.34823],[-59.04798,-38.34785],[-59.04992,-38.34758],[-59.05053,-38.34721],[-59.05103,-38.34578],[-59.0531,-38.34366],[-59.05273,-38.34135],[-59.05241,-38.33928],[-59.05214,-38.33531],[-59.05222,-38.33354],[-59.05236,-38.33295],[-59.05283,-38.33265],[-59.05338,-38.33275],[-59.05411,-38.3335],[-59.05502,-38.33522],[-59.05479,-38.3359],[-59.05526,-38.33666],[-59.05549,-38.33829],[-59.0568,-38.33973],[-59.05901,-38.34104],[-59.05929,-38.34365],[-59.06017,-38.34644],[-59.06168,-38.34616],[-59.064,-38.34484],[-59.06582,-38.34457],[-59.06616,-38.34571],[-59.06554,-38.34761],[-59.06547,-38.35295],[-59.06727,-38.35402],[-59.06921,-38.35394],[-59.06993,-38.35442],[-59.07076,-38.35586],[-59.07087,-38.35662],[-59.07219,-38.35787],[-59.07315,-38.35817],[-59.07508,-38.35828],[-59.07897,-38.35716],[-59.08188,-38.35671],[-59.08564,-38.35499],[-59.08675,-38.35522],[-59.08747,-38.3558],[-59.08941,-38.35572],[-59.09121,-38.35669],[-59.09303,-38.35698],[-59.0946,-38.35624],[-59.0951,-38.35509],[-59.09488,-38.35319],[-59.09383,-38.35012],[-59.09457,-38.34994],[-59.09649,-38.35053],[-59.09831,-38.35025],[-59.09901,-38.3504],[-59.10038,-38.35373],[-59.10295,-38.35649],[-59.1038,-38.35688],[-59.10574,-38.35699],[-59.10865,-38.35605],[-59.11058,-38.35664],[-59.11168,-38.35637],[-59.11229,-38.3557],[-59.11292,-38.35418],[-59.11364,-38.35415],[-59.11603,-38.35688],[-59.11673,-38.3584],[-59.1195,-38.36014],[-59.12144,-38.36035],[-59.12399,-38.3595],[-59.12508,-38.35961],[-59.12688,-38.36029],[-59.12785,-38.3603],[-59.1298,-38.35984],[-59.13136,-38.36061],[-59.13435,-38.36397],[-59.13748,-38.36523],[-59.13941,-38.36639],[-59.14279,-38.36689],[-59.14473,-38.36652],[-59.1457,-38.36663],[-59.14677,-38.36788],[-59.14846,-38.36846],[-59.15041,-38.36819],[-59.15233,-38.36868],[-59.15426,-38.36955],[-59.1562,-38.36956],[-59.15693,-38.36935],[-59.16095,-38.36702],[-59.1624,-38.36722],[-59.16287,-38.36876],[-59.16249,-38.37099],[-59.16685,-38.37267],[-59.17107,-38.37215],[-59.17227,-38.37273],[-59.17322,-38.37407],[-59.17491,-38.37523],[-59.17973,-38.37717],[-59.18167,-38.37737],[-59.18367,-38.37888],[-59.18528,-38.37921],[-59.18722,-38.37884],[-59.18958,-38.37886],[-59.19495,-38.38075]]]}},{"type":"Feature","properties":{"fdc":"SIG 250 mil","sag":"IGN","crv":80,"mo2":6,"tipo":"Curva de nivel","ign":"lineas_de_geomorfologia_CA010.110576"},"geometry":{"type":"MultiLineString","coordinates":[[[-59.11242,-38.32591],[-59.11256,-38.32514],[-59.11353,-38.32455],[-59.11504,-38.32465],[-59.11545,-38.32493],[-59.11762,-38.32533],[-59.11857,-38.32686],[-59.12026,-38.32744],[-59.12437,-38.32776],[-59.12523,-38.32643],[-59.12308,-38.32394],[-59.12274,-38.32232],[-59.12396,-38.32156],[-59.12615,-38.32101],[-59.12878,-38.3235],[-59.13083,-38.32371],[-59.13456,-38.32555],[-59.13479,-38.32718],[-59.13647,-38.32814],[-59.13817,-38.32739],[-59.13795,-38.32567],[-59.13736,-38.32414],[-59.13777,-38.3208],[-59.13937,-38.31786],[-59.14071,-38.31768],[-59.14166,-38.31921],[-59.14041,-38.32225],[-59.14182,-38.32551],[-59.14181,-38.32703],[-59.14303,-38.32609],[-59.1438,-38.32266],[-59.14478,-38.32114],[-59.14559,-38.3208],[-59.14712,-38.3204],[-59.1483,-38.32066],[-59.14817,-38.32136],[-59.14719,-38.32192],[-59.14597,-38.32344],[-59.14665,-38.32659],[-59.14567,-38.32801],[-59.14748,-38.32869],[-59.15184,-38.32787],[-59.15293,-38.32825],[-59.15267,-38.32978],[-59.15157,-38.33111],[-59.14743,-38.3327],[-59.14632,-38.33412],[-59.14486,-38.33525],[-59.14411,-38.33697],[-59.1441,-38.33817],[-59.14823,-38.34195],[-59.15034,-38.34197],[-59.15158,-38.34045],[-59.15232,-38.33874],[-59.15379,-38.33761],[-59.15597,-38.33724],[-59.15693,-38.33782],[-59.15799,-38.34021],[-59.16005,-38.34089],[-59.161,-38.34224],[-59.16146,-38.34376],[-59.16806,-38.34877],[-59.17241,-38.34985],[-59.17348,-38.3511],[-59.17126,-38.35547],[-59.17172,-38.35709],[-59.17472,-38.35987],[-59.17654,-38.35951],[-59.17825,-38.35818],[-59.18044,-38.35725],[-59.1825,-38.35707],[-59.18672,-38.35881],[-59.1889,-38.35902],[-59.1906,-38.35846],[-59.19115,-38.35677],[-59.18718,-38.35306],[-59.18789,-38.35158],[-59.188,-38.34771],[-59.18599,-38.34435],[-59.18564,-38.33977],[-59.18279,-38.3346],[-59.18094,-38.3302],[-59.17925,-38.32512],[-59.17537,-38.32009],[-59.17397,-38.31654],[-59.17346,-38.31408],[-59.17294,-38.31289],[-59.174,-38.31267],[-59.17597,-38.31355],[-59.17799,-38.31662],[-59.1816,-38.31855],[-59.18217,-38.32198],[-59.18324,-38.32332],[-59.18518,-38.32334],[-59.18713,-38.3222],[-59.18931,-38.32203],[-59.19075,-38.32309],[-59.18854,-38.32594],[-59.18827,-38.32756],[-59.18706,-38.32869],[-59.1851,-38.32982],[-59.18436,-38.33134],[-59.18495,-38.33306],[-59.18807,-38.33546],[-59.19663,-38.33867],[-59.19794,-38.34011],[-59.2023,-38.33986],[-59.20389,-38.33872],[-59.20443,-38.33377],[-59.20299,-38.33261],[-59.20203,-38.33127],[-59.20181,-38.32956],[-59.20304,-38.32804],[-59.20426,-38.3271],[-59.2057,-38.32825],[-59.20615,-38.33149],[-59.2083,-38.33408],[-59.20831,-38.33807],[-59.21024,-38.33884],[-59.2106,-38.33784],[-59.21144,-38.33485],[-59.21222,-38.33352],[-59.21387,-38.32647],[-59.21516,-38.32564],[-59.21687,-38.32508],[-59.2204,-38.3267],[-59.21891,-38.32984],[-59.21756,-38.33153],[-59.21642,-38.33261],[-59.21578,-38.33594],[-59.21684,-38.33929],[-59.21778,-38.34091],[-59.22127,-38.34361],[-59.22414,-38.34658],[-59.22558,-38.34764],[-59.2298,-38.34976],[-59.23087,-38.3513],[-59.2311,-38.35302],[-59.23229,-38.35455],[-59.23276,-38.35627],[-59.23248,-38.3597],[-59.23294,-38.36141],[-59.23463,-38.36276],[-59.2368,-38.36316],[-59.23863,-38.36212],[-59.24287,-38.36186],[-59.24482,-38.36054],[-59.24676,-38.36036],[-59.24869,-38.36114],[-59.25087,-38.36115],[-59.25207,-38.36249],[-59.25399,-38.36308],[-59.25618,-38.36252],[-59.25812,-38.36272],[-59.2598,-38.36407],[-59.26416,-38.36419],[-59.26838,-38.36546],[-59.27068,-38.36528],[-59.27263,-38.36415],[-59.27445,-38.36387],[-59.27709,-38.36656],[-59.27744,-38.36818],[-59.27888,-38.36934],[-59.28701,-38.36868],[-59.28932,-38.36711],[-59.29125,-38.36769],[-59.29269,-38.36904],[-59.29462,-38.36962],[-59.29633,-38.3683],[-59.29826,-38.3685],[-59.30007,-38.36956],[-59.30283,-38.37281],[-59.30475,-38.37368],[-59.30693,-38.37351],[-59.3084,-38.37238],[-59.30914,-38.37066],[-59.30737,-38.36579],[-59.30871,-38.36532],[-59.31088,-38.36628],[-59.31208,-38.36763],[-59.31218,-38.36944],[-59.3147,-38.37203],[-59.31541,-38.37356],[-59.31734,-38.37433],[-59.31857,-38.373],[-59.31955,-38.3713],[-59.32005,-38.36958],[-59.31993,-38.36788],[-59.32165,-38.36354],[-59.32384,-38.35997],[-59.32531,-38.35658],[-59.32629,-38.35394],[-59.33,-38.35111],[-59.33112,-38.35075],[-59.33345,-38.3533],[-59.32962,-38.35717],[-59.32694,-38.3615],[-59.32689,-38.36716],[-59.3283,-38.36982],[-59.33118,-38.37135],[-59.33117,-38.37231],[-59.33164,-38.37384],[-59.33332,-38.37518],[-59.3355,-38.37539],[-59.33768,-38.37521],[-59.33961,-38.37579],[-59.34105,-38.37733],[-59.34298,-38.37829],[-59.34504,-38.37811],[-59.34869,-38.37632],[-59.35306,-38.37596],[-59.35511,-38.37683],[-59.35667,-38.37808],[-59.36271,-38.37964],[-59.36696,-38.3789],[-59.37107,-38.37959],[-59.37471,-38.37942],[-59.37722,-38.38248],[-59.37685,-38.3842],[-59.37853,-38.38516],[-59.38011,-38.3845],[-59.38244,-38.38156],[-59.3839,-38.38118],[-59.3851,-38.38253],[-59.38508,-38.38424],[-59.38628,-38.38558],[-59.387,-38.3873],[-59.38869,-38.38712],[-59.38988,-38.3855],[-59.38857,-38.38125],[-59.38972,-38.37969],[-59.39141,-38.38027],[-59.39286,-38.3818],[-59.39357,-38.38352],[-59.39525,-38.38487],[-59.39743,-38.38469],[-59.39937,-38.38527],[-59.40081,-38.38642],[-59.4025,-38.38719],[-59.40406,-38.38872],[-59.40829,-38.3896],[-59.40976,-38.38837],[-59.40977,-38.38666],[-59.41051,-38.38513],[-59.41198,-38.3839],[-59.41322,-38.38048],[-59.41492,-38.37925],[-59.41854,-38.38136],[-59.41875,-38.3846],[-59.42093,-38.38499],[-59.42311,-38.38443],[-59.42529,-38.38502],[-59.42747,-38.38483],[-59.42966,-38.3839],[-59.43159,-38.38409],[-59.43815,-38.38203],[-59.44021,-38.38251],[-59.44421,-38.38129],[-59.44686,-38.38407],[-59.44879,-38.38475],[-59.45098,-38.38447],[-59.45522,-38.38297],[-59.45933,-38.38422],[-59.4637,-38.3831],[-59.46806,-38.38408],[-59.47036,-38.38351],[-59.47189,-38.38363],[-59.47538,-38.38265],[-59.47287,-38.37966],[-59.47194,-38.37691],[-59.47071,-38.37267],[-59.46915,-38.36967],[-59.47042,-38.36843],[-59.47264,-38.36869],[-59.47514,-38.37244],[-59.47786,-38.37645],[-59.47816,-38.37687],[-59.48009,-38.37745],[-59.4813,-38.3787],[-59.48042,-38.38213],[-59.48126,-38.38375],[-59.48295,-38.38472],[-59.48343,-38.38452],[-59.48393,-38.38319],[-59.48563,-38.38224],[-59.48758,-38.38168],[-59.48951,-38.38226],[-59.49071,-38.3837],[-59.48948,-38.38684],[-59.49141,-38.3878],[-59.49359,-38.38743],[-59.49553,-38.38763],[-59.4977,-38.38821],[-59.4994,-38.38784],[-59.50208,-38.38537],[-59.50426,-38.38557],[-59.5051,-38.38691],[-59.50435,-38.39034],[-59.50446,-38.39205],[-59.50664,-38.39244],[-59.5087,-38.39226],[-59.51305,-38.39285],[-59.51488,-38.39209],[-59.51562,-38.39058],[-59.51538,-38.38886],[-59.51612,-38.38715],[-59.51758,-38.38581],[-59.51952,-38.38563],[-59.52,-38.38678],[-59.51878,-38.38811],[-59.5195,-38.38973],[-59.52336,-38.39127],[-59.52457,-38.3927],[-59.52638,-38.39319],[-59.53074,-38.39321],[-59.53669,-38.39231],[-59.53959,-38.39258],[-59.54105,-38.3922],[-59.54178,-38.39068],[-59.54316,-38.3896],[-59.54828,-38.38711],[-59.55003,-38.38804],[-59.55026,-38.38976],[-59.55147,-38.39148],[-59.54999,-38.39471],[-59.55169,-38.39529],[-59.55605,-38.39493],[-59.55775,-38.39446],[-59.5614,-38.3917],[-59.56359,-38.39095],[-59.56552,-38.39115],[-59.56648,-38.39268],[-59.56962,-38.39498],[-59.57082,-38.39651],[-59.57251,-38.39699],[-59.57664,-38.39634],[-59.58087,-38.39655],[-59.58281,-38.39608],[-59.58694,-38.39447],[-59.5913,-38.39477],[-59.59337,-38.39449],[-59.59507,-38.39335],[-59.59653,-38.39183],[-59.59867,-38.391],[-59.6091,-38.39347],[-59.61155,-38.39284],[-59.61349,-38.3917],[-59.61785,-38.39153],[-59.62003,-38.39077],[-59.62222,-38.39077],[-59.62621,-38.39222],[-59.63057,-38.39146],[-59.63275,-38.39214],[-59.6348,-38.3952],[-59.63697,-38.39578],[-59.63915,-38.3956],[-59.64133,-38.39618],[-59.6418,-38.3977],[-59.64325,-38.39904],[-59.64495,-38.4],[-59.64688,-38.40039],[-59.64906,-38.40001],[-59.65124,-38.40021],[-59.65342,-38.40098],[-59.6556,-38.40079],[-59.65755,-38.40004],[-59.65973,-38.39966],[-59.66069,-38.4],[-59.66301,-38.40083],[-59.66483,-38.39888],[-59.66552,-38.39621],[-59.66488,-38.39451],[-59.66399,-38.39267],[-59.66418,-38.39068],[-59.66534,-38.38851],[-59.66576,-38.38795]]]}},{"type":"Feature","properties":{"fdc":"SIG 250 mil","sag":"IGN","crv":70,"mo2":6,"tipo":"Curva de nivel","ign":"lineas_de_geomorfologia_CA010.110605"},"geometry":{"type":"MultiLineString","coordinates":[[[-59.19495,-38.38075],[-59.201,-38.3799],[-59.20322,-38.37819],[-59.20492,-38.37753],[-59.20518,-38.37743],[-59.20731,-38.37705],[-59.20934,-38.37623],[-59.21075,-38.37523],[-59.21098,-38.37338],[-59.21132,-38.37162],[-59.21209,-38.36919],[-59.21253,-38.36802],[-59.21307,-38.36736],[-59.21476,-38.36804],[-59.21507,-38.36946],[-59.21548,-38.37165],[-59.21563,-38.37652],[-59.21453,-38.38021],[-59.21662,-38.38174],[-59.21686,-38.382],[-59.2188,-38.3823],[-59.22074,-38.38174],[-59.22171,-38.38184],[-59.22339,-38.38271],[-59.22459,-38.38405],[-59.22543,-38.38453],[-59.22737,-38.38474],[-59.23028,-38.38428],[-59.23222,-38.38458],[-59.23534,-38.38669],[-59.23728,-38.38709],[-59.23986,-38.38669],[-59.24115,-38.38721],[-59.24294,-38.38999],[-59.24487,-38.39086],[-59.24935,-38.39089],[-59.25151,-38.39214],[-59.25345,-38.39263],[-59.25489,-38.39397],[-59.25669,-38.39503],[-59.25779,-38.39513],[-59.25864,-38.39476],[-59.26022,-38.39343],[-59.26073,-38.3914],[-59.25883,-38.38758],[-59.25864,-38.38274],[-59.25937,-38.38218],[-59.26009,-38.38266],[-59.26201,-38.38486],[-59.26199,-38.38715],[-59.26343,-38.38821],[-59.2645,-38.39051],[-59.26582,-38.39185],[-59.26678,-38.39214],[-59.26749,-38.39329],[-59.26747,-38.39596],[-59.26819,-38.39673],[-59.27013,-38.39645],[-59.27196,-38.39523],[-59.27378,-38.39457],[-59.27439,-38.39391],[-59.27465,-38.39238],[-59.27526,-38.39181],[-59.27623,-38.39182],[-59.2772,-38.39221],[-59.27752,-38.39259],[-59.27921,-38.3966],[-59.28065,-38.39795],[-59.2832,-38.39834],[-59.28584,-38.40122],[-59.28728,-38.40152],[-59.28874,-38.40124],[-59.29261,-38.40203],[-59.29456,-38.40156],[-59.29517,-38.40013],[-59.29519,-38.39851],[-59.29662,-38.39657],[-59.29622,-38.39236],[-59.29658,-38.39194],[-59.29743,-38.39185],[-59.29912,-38.39301],[-59.30267,-38.39355],[-59.30444,-38.39569],[-59.30478,-38.39676],[-59.3055,-38.39753],[-59.30646,-38.39772],[-59.30829,-38.39592],[-59.30885,-38.39565],[-59.30953,-38.39499],[-59.31016,-38.39389],[-59.31045,-38.39244],[-59.31074,-38.39138],[-59.31131,-38.39068],[-59.31186,-38.39055],[-59.31383,-38.39138],[-59.3133,-38.39281],[-59.31278,-38.39506],[-59.31343,-38.39639],[-59.3152,-38.39773],[-59.31542,-38.39844],[-59.31614,-38.39911],[-59.31795,-38.39989],[-59.31855,-38.40046],[-59.31879,-38.40113],[-59.31853,-38.40256],[-59.31888,-38.40409],[-59.32056,-38.40567],[-59.32177,-38.4063],[-59.32371,-38.4064],[-59.32565,-38.40555],[-59.3265,-38.40566],[-59.32845,-38.40932],[-59.32912,-38.40996],[-59.33107,-38.40969],[-59.33265,-38.40855],[-59.33388,-38.40703],[-59.33497,-38.40665],[-59.33594,-38.40686],[-59.3369,-38.40762],[-59.3392,-38.40808],[-59.34345,-38.40728],[-59.34441,-38.40785],[-59.34489,-38.40862],[-59.34645,-38.40987],[-59.34814,-38.41083],[-59.34848,-38.41312],[-59.34981,-38.41408],[-59.35065,-38.41418],[-59.35383,-38.41172],[-59.3542,-38.41058],[-59.35385,-38.40905],[-59.35411,-38.40753],[-59.35475,-38.4074],[-59.35925,-38.40787],[-59.36126,-38.41],[-59.36184,-38.41024],[-59.36269,-38.41005],[-59.36464,-38.40892],[-59.36597,-38.40893],[-59.36749,-38.41014],[-59.36911,-38.41047],[-59.37178,-38.40934],[-59.3736,-38.40925],[-59.37492,-38.41069],[-59.37728,-38.41205],[-59.3779,-38.41406],[-59.37876,-38.4151],[-59.37949,-38.41558],[-59.38142,-38.4154],[-59.38227,-38.41578],[-59.38359,-38.41713],[-59.38553,-38.41723],[-59.3865,-38.41695],[-59.3876,-38.41572],[-59.38786,-38.41419],[-59.38859,-38.41362],[-59.39053,-38.41306],[-59.39211,-38.41307],[-59.39369,-38.41232],[-59.39431,-38.41089],[-59.39577,-38.40947],[-59.3965,-38.40928],[-59.39939,-38.41139],[-59.40036,-38.4114],[-59.40094,-38.41209],[-59.40043,-38.41513],[-59.40298,-38.41646],[-59.40493,-38.41657],[-59.40627,-38.41578],[-59.40684,-38.41406],[-59.40749,-38.41372],[-59.41226,-38.41306],[-59.41319,-38.41356],[-59.41399,-38.41615],[-59.41485,-38.41719],[-59.41679,-38.41729],[-59.42115,-38.41808],[-59.42237,-38.41761],[-59.42369,-38.41555],[-59.4252,-38.41526],[-59.42707,-38.41676],[-59.42876,-38.41643],[-59.42973,-38.41345],[-59.43282,-38.41356],[-59.43416,-38.41242],[-59.4361,-38.41167],[-59.43695,-38.41196],[-59.4373,-38.41339],[-59.43959,-38.41521],[-59.43958,-38.4174],[-59.44078,-38.41789],[-59.44388,-38.41744],[-59.44519,-38.41717],[-59.44596,-38.41722],[-59.44726,-38.41774],[-59.44827,-38.41835],[-59.44892,-38.41896],[-59.44957,-38.41901],[-59.45046,-38.4185],[-59.45136,-38.41795],[-59.45249,-38.41739],[-59.45356,-38.41711],[-59.45499,-38.41698],[-59.45624,-38.41698],[-59.45719,-38.41685],[-59.45814,-38.41644],[-59.45922,-38.41564],[-59.45975,-38.4155],[-59.46035,-38.41551],[-59.46088,-38.4157],[-59.46147,-38.41612],[-59.46254,-38.41687],[-59.46289,-38.41702],[-59.46361,-38.41688],[-59.46396,-38.41684],[-59.46491,-38.41656],[-59.46575,-38.41628],[-59.46658,-38.41624],[-59.46735,-38.41643],[-59.46876,-38.4171],[-59.4699,-38.41774],[-59.47164,-38.41809],[-59.47545,-38.41662],[-59.47691,-38.41691],[-59.47763,-38.41749],[-59.47774,-38.41834],[-59.47894,-38.41969],[-59.47975,-38.4214],[-59.47999,-38.42163],[-59.48064,-38.42154],[-59.481,-38.42094],[-59.48119,-38.42024],[-59.4811,-38.41908],[-59.48172,-38.41755],[-59.48173,-38.41612],[-59.48137,-38.41536],[-59.48138,-38.4144],[-59.48166,-38.41354],[-59.4831,-38.41165],[-59.48335,-38.41012],[-59.48408,-38.40946],[-59.48543,-38.40947],[-59.48666,-38.41182],[-59.48563,-38.41347],[-59.48622,-38.4149],[-59.48645,-38.41719],[-59.48619,-38.41938],[-59.48679,-38.42081],[-59.48714,-38.42118],[-59.48819,-38.42186],[-59.48937,-38.422],[-59.49042,-38.42216],[-59.49092,-38.42231],[-59.49189,-38.42213],[-59.49275,-38.4206],[-59.49482,-38.41899],[-59.49568,-38.41747],[-59.49776,-38.41529],[-59.49897,-38.41491],[-59.49957,-38.41507],[-59.50289,-38.41838],[-59.50362,-38.42071],[-59.50402,-38.42103],[-59.50499,-38.42078],[-59.50676,-38.41895],[-59.50985,-38.41896],[-59.51204,-38.41725],[-59.51326,-38.41726],[-59.51398,-38.41774],[-59.51324,-38.41917],[-59.51372,-38.41993],[-59.51371,-38.42075],[-59.51198,-38.42256],[-59.51261,-38.42336],[-59.51442,-38.42413],[-59.51733,-38.42452],[-59.52121,-38.42416],[-59.52291,-38.42321],[-59.52389,-38.42169],[-59.5256,-38.42065],[-59.52753,-38.42056],[-59.53141,-38.42153],[-59.53334,-38.42125],[-59.53517,-38.42011],[-59.53626,-38.41983],[-59.53756,-38.42009],[-59.53965,-38.42175],[-59.54352,-38.42176],[-59.54449,-38.42225],[-59.54557,-38.42358],[-59.54628,-38.42578],[-59.5481,-38.42664],[-59.55101,-38.42608],[-59.5536,-38.42498],[-59.55731,-38.42573],[-59.55937,-38.42698],[-59.56131,-38.42727],[-59.56313,-38.4267],[-59.56798,-38.42586],[-59.57077,-38.42597],[-59.57271,-38.42521],[-59.57453,-38.4255],[-59.57646,-38.42637],[-59.57743,-38.42638],[-59.57925,-38.42552],[-59.58229,-38.42534],[-59.58471,-38.42583],[-59.58895,-38.42479],[-59.59198,-38.42461],[-59.59572,-38.42768],[-59.59766,-38.42826],[-59.60069,-38.42788],[-59.60426,-38.4265],[-59.60846,-38.42734],[-59.61079,-38.42735],[-59.61385,-38.42633],[-59.61681,-38.42784],[-59.62068,-38.42891],[-59.62213,-38.43034],[-59.62371,-38.4312],[-59.62746,-38.43227],[-59.62939,-38.43332],[-59.6329,-38.434],[-59.63618,-38.43362],[-59.63763,-38.43468],[-59.63956,-38.43507],[-59.6415,-38.43431],[-59.64247,-38.43422],[-59.64429,-38.43489],[-59.64537,-38.43613],[-59.64731,-38.437],[-59.64925,-38.43671],[-59.6501,-38.43615],[-59.65108,-38.43463],[-59.65193,-38.43415],[-59.65375,-38.43377],[-59.65633,-38.4341],[-59.65751,-38.43359],[-59.65897,-38.43236],[-59.65994,-38.43198],[-59.66188,-38.43189],[-59.66356,-38.43124],[-59.66505,-38.43013],[-59.6656,-38.42907],[-59.66569,-38.4279],[-59.66678,-38.42561],[-59.66688,-38.42358],[-59.66762,-38.42287],[-59.66901,-38.42186]]]}},{"type":"Feature","properties":{"fdc":"SIG 250 mil","sag":"IGN","crv":60,"mo2":6,"tipo":"Curva de nivel","ign":"lineas_de_geomorfologia_CA010.110614"},"geometry":{"type":"MultiLineString","coordinates":[[[-59.4325,-38.44813],[-59.43158,-38.44873],[-59.43029,-38.44898],[-59.4289,-38.44866],[-59.42618,-38.44768],[-59.42428,-38.44686],[-59.42326,-38.4458],[-59.42244,-38.44519],[-59.42131,-38.4449],[-59.42075,-38.44445],[-59.42029,-38.44355],[-59.41901,-38.44322],[-59.41789,-38.44127],[-59.41577,-38.44176],[-59.41429,-38.44278],[-59.41341,-38.44333],[-59.41257,-38.44471],[-59.41173,-38.44528],[-59.41074,-38.44505],[-59.40919,-38.44528],[-59.408,-38.44564],[-59.4062,-38.44592],[-59.40542,-38.44624],[-59.4048,-38.44684],[-59.40422,-38.44757],[-59.40355,-38.44813],[-59.40262,-38.44845],[-59.40185,-38.44841],[-59.4,-38.44763],[-59.39877,-38.44705],[-59.39764,-38.44664],[-59.39671,-38.44668],[-59.39558,-38.44696],[-59.3946,-38.44715],[-59.39398,-38.44723],[-59.39316,-38.44719],[-59.39244,-38.4467],[-59.39183,-38.44584],[-59.39143,-38.44511],[-59.3904,-38.44445],[-59.38958,-38.44433],[-59.38875,-38.44441],[-59.38823,-38.44465],[-59.38704,-38.44557],[-59.38632,-38.44609],[-59.3858,-38.44638],[-59.38519,-38.44641],[-59.3842,-38.44614],[-59.38321,-38.44578],[-59.38204,-38.44561],[-59.38127,-38.44581],[-59.38051,-38.44613],[-59.37974,-38.44612],[-59.37867,-38.44563],[-59.37756,-38.44482],[-59.3769,-38.44434],[-59.37569,-38.44379],[-59.37399,-38.44404],[-59.37302,-38.44456],[-59.37159,-38.44471],[-59.36991,-38.44434],[-59.36869,-38.44377],[-59.36803,-38.44276],[-59.3684,-38.44183],[-59.36853,-38.4412],[-59.36859,-38.44038],[-59.36836,-38.43974],[-59.36811,-38.43967],[-59.36725,-38.43971],[-59.36632,-38.44019],[-59.36565,-38.4407],[-59.36209,-38.4388],[-59.36161,-38.43936],[-59.36125,-38.44116],[-59.36257,-38.4444],[-59.3621,-38.44491],[-59.36121,-38.44532],[-59.36087,-38.44554],[-59.3598,-38.44485],[-59.35879,-38.44436],[-59.35756,-38.44404],[-59.35403,-38.44395],[-59.35185,-38.44336],[-59.34978,-38.44354],[-59.34758,-38.44658],[-59.3438,-38.44856],[-59.34272,-38.4477],[-59.34153,-38.44474],[-59.33791,-38.44376],[-59.33707,-38.44233],[-59.33599,-38.44127],[-59.33273,-38.43982],[-59.33102,-38.43824],[-59.32571,-38.43716],[-59.32164,-38.43232],[-59.32068,-38.43194],[-59.31945,-38.43327],[-59.31833,-38.4366],[-59.3182,-38.43822],[-59.31697,-38.43935],[-59.31503,-38.44029],[-59.31209,-38.44295],[-59.31015,-38.44332],[-59.30894,-38.44236],[-59.30873,-38.44097],[-59.30973,-38.43842],[-59.3112,-38.43663],[-59.31031,-38.43409],[-59.30987,-38.43274],[-59.3087,-38.43205],[-59.30749,-38.43241],[-59.30715,-38.4328],[-59.30686,-38.43421],[-59.3064,-38.43514],[-59.306,-38.4361],[-59.30587,-38.43694],[-59.30537,-38.43756],[-59.30492,-38.43782],[-59.30474,-38.43795],[-59.30385,-38.43799],[-59.3029,-38.43715],[-59.30325,-38.43653],[-59.3035,-38.43609],[-59.30353,-38.43604],[-59.30345,-38.43384],[-59.30273,-38.4324],[-59.30046,-38.42953],[-59.29865,-38.42914],[-59.29694,-38.42989],[-59.29765,-38.43161],[-59.29739,-38.43332],[-59.2952,-38.43407],[-59.29327,-38.43368],[-59.29256,-38.43196],[-59.29087,-38.43119],[-59.28869,-38.43079],[-59.28725,-38.42945],[-59.2853,-38.4302],[-59.28312,-38.43057],[-59.28094,-38.42999],[-59.27887,-38.43054],[-59.27799,-38.43387],[-59.27652,-38.4353],[-59.27458,-38.43604],[-59.27287,-38.43718],[-59.27068,-38.43755],[-59.26851,-38.43658],[-59.26829,-38.43486],[-59.26734,-38.43333],[-59.26511,-38.4339],[-59.26058,-38.43005],[-59.25669,-38.43069],[-59.25549,-38.42944],[-59.25551,-38.42773],[-59.25214,-38.42656],[-59.24992,-38.42941],[-59.24774,-38.42939],[-59.24557,-38.42823],[-59.24377,-38.42689],[-59.23735,-38.4257],[-59.23543,-38.42464],[-59.23449,-38.4212],[-59.23269,-38.42024],[-59.22832,-38.42021],[-59.22454,-38.41874],[-59.22317,-38.4184],[-59.2219,-38.41785],[-59.22101,-38.41711],[-59.21983,-38.41576],[-59.21922,-38.41463],[-59.21862,-38.41368],[-59.21812,-38.41301],[-59.21754,-38.41261],[-59.21696,-38.41245],[-59.21638,-38.41248],[-59.21619,-38.4127],[-59.216,-38.41274],[-59.21572,-38.41317],[-59.21563,-38.41377],[-59.21558,-38.41427],[-59.21554,-38.41537],[-59.21449,-38.41588],[-59.21371,-38.41612],[-59.21259,-38.41627],[-59.21131,-38.41626],[-59.21031,-38.41595],[-59.21016,-38.41588],[-59.2093,-38.41557],[-59.20843,-38.41538],[-59.206,-38.41591],[-59.20549,-38.41605],[-59.20517,-38.41645],[-59.20478,-38.41733],[-59.20497,-38.41776],[-59.20531,-38.41816],[-59.20592,-38.41882],[-59.20628,-38.42015],[-59.20613,-38.42069],[-59.20588,-38.42105],[-59.20492,-38.42206],[-59.20273,-38.42262],[-59.20079,-38.4226],[-59.1991,-38.42154],[-59.19878,-38.41811],[-59.19742,-38.4146],[-59.19727,-38.41426],[-59.19684,-38.41389],[-59.19642,-38.41373],[-59.19574,-38.41381],[-59.19483,-38.41398],[-59.19312,-38.41511],[-59.19093,-38.41529],[-59.18876,-38.4147],[-59.18657,-38.41468],[-59.18486,-38.416],[-59.18268,-38.41656],[-59.1805,-38.41597],[-59.17918,-38.41482],[-59.17704,-38.41185],[-59.17693,-38.41004],[-59.17537,-38.40917],[-59.17101,-38.40933],[-59.16895,-38.40903],[-59.16676,-38.40958],[-59.16457,-38.41071],[-59.16239,-38.41051],[-59.16022,-38.40973],[-59.15854,-38.40858],[-59.15783,-38.40686],[-59.1576,-38.40514],[-59.15689,-38.40361],[-59.15521,-38.40245],[-59.15328,-38.40167],[-59.1529,-38.403],[-59.15348,-38.40615],[-59.15331,-38.40958],[-59.15197,-38.41082],[-59.14978,-38.41137],[-59.14629,-38.40906],[-59.14426,-38.40619],[-59.14233,-38.40522],[-59.13946,-38.40252],[-59.13778,-38.40156],[-59.13548,-38.40164],[-59.13112,-38.40122],[-59.12977,-38.40226],[-59.12902,-38.40397],[-59.12683,-38.40472],[-59.1249,-38.40433],[-59.12371,-38.40279],[-59.12385,-38.40117],[-59.1228,-38.39782],[-59.12161,-38.39629],[-59.11968,-38.39494],[-59.11946,-38.39322],[-59.11972,-38.39151],[-59.11804,-38.39092],[-59.11633,-38.39196],[-59.11483,-38.39529],[-59.11674,-38.39778],[-59.11745,-38.39931],[-59.11623,-38.40026],[-59.11404,-38.401],[-59.11211,-38.4006],[-59.11115,-38.39888],[-59.10923,-38.39829],[-59.10777,-38.39905],[-59.10677,-38.40056],[-59.1053,-38.40151],[-59.10338,-38.40092],[-59.10267,-38.3992],[-59.10123,-38.39785],[-59.09907,-38.39698],[-59.09717,-38.39362],[-59.09533,-38.39191],[-59.08931,-38.39223],[-59.08493,-38.39334],[-59.08059,-38.39254],[-59.07852,-38.3931],[-59.07633,-38.39327],[-59.07404,-38.39249],[-59.06991,-38.39332],[-59.06836,-38.39207],[-59.06886,-38.39054],[-59.07057,-38.38923],[-59.07205,-38.38752],[-59.06998,-38.38641],[-59.06425,-38.38687],[-59.06118,-38.38438],[-59.059,-38.38456],[-59.05684,-38.38339],[-59.05465,-38.38356],[-59.05246,-38.38431],[-59.05029,-38.3841],[-59.04922,-38.38266],[-59.05132,-38.37954],[-59.05294,-38.37631],[-59.05235,-38.37459],[-59.05042,-38.37419],[-59.04919,-38.37571],[-59.04892,-38.37742],[-59.04694,-38.38064],[-59.04548,-38.38197],[-59.0433,-38.38157],[-59.04235,-38.38013],[-59.04324,-38.3767],[-59.04193,-38.37508],[-59.04,-38.3741],[-59.03866,-38.37524],[-59.03837,-38.37848],[-59.04024,-38.38279],[-59.03866,-38.38401],[-59.03648,-38.38418],[-59.03479,-38.3834],[-59.03324,-38.38196],[-59.02902,-38.3805],[-59.02684,-38.38057],[-59.02249,-38.37978],[-59.01622,-38.37724],[-59.01197,-38.37778],[-59.00994,-38.37671],[-59.00884,-38.37671],[-58.99683,-38.37851],[-58.99514,-38.37754],[-58.99469,-38.37601],[-58.993,-38.37486],[-58.99303,-38.37314],[-58.99147,-38.37189],[-58.98982,-38.36872],[-58.98776,-38.3689],[-58.98558,-38.36869],[-58.98439,-38.36715],[-58.98335,-38.36371],[-58.97939,-38.36139],[-58.97831,-38.36024],[-58.9786,-38.35681],[-58.97804,-38.35347],[-58.97846,-38.35013],[-58.97812,-38.34841],[-58.97594,-38.34839],[-58.97423,-38.34952],[-58.97444,-38.35124],[-58.97564,-38.35278],[-58.97585,-38.3545],[-58.97438,-38.35601],[-58.97336,-38.35943],[-58.97142,-38.35979],[-58.96706,-38.35957],[-58.96489,-38.35859],[-58.96411,-38.35666],[-58.95768,-38.35548],[-58.95549,-38.35565],[-58.95332,-38.35496],[-58.94896,-38.35502],[-58.94679,-38.35443],[-58.94536,-38.35327],[-58.94395,-38.34992],[-58.94048,-38.34732],[-58.93929,-38.34587],[-58.93508,-38.34422],[-58.93073,-38.34399],[-58.927,-38.34195],[-58.92265,-38.34191],[-58.92072,-38.34094],[-58.9175,-38.33814],[-58.91679,-38.3368],[-58.91486,-38.33556],[-58.91475,-38.33545],[-58.91192,-38.33838],[-58.91093,-38.33999],[-58.91042,-38.3417],[-58.9092,-38.34245],[-58.90776,-38.34101],[-58.90697,-38.33757],[-58.90591,-38.33594],[-58.90411,-38.33487],[-58.90014,-38.3334],[-58.89615,-38.3327],[-58.89409,-38.33278],[-58.89218,-38.33162],[-58.8902,-38.32645],[-58.88654,-38.32841],[-58.88448,-38.3283],[-58.88256,-38.32733],[-58.88088,-38.32598],[-58.87896,-38.3252],[-58.87518,-38.32659],[-58.87508,-38.32535],[-58.87766,-38.32309],[-58.88203,-38.32227],[-58.88386,-38.32124],[-58.88437,-38.31953],[-58.88269,-38.31875],[-58.87856,-38.31966],[-58.87763,-38.31949],[-58.87305,-38.3158],[-58.87405,-38.31352],[-58.87553,-38.31219],[-58.87919,-38.31013],[-58.88042,-38.30862],[-58.88045,-38.3069],[-58.87876,-38.3067],[-58.87658,-38.30715],[-58.87223,-38.30654],[-58.87005,-38.30662],[-58.86813,-38.30545],[-58.8667,-38.3041],[-58.86576,-38.30276],[-58.86602,-38.30105],[-58.8675,-38.29953],[-58.86908,-38.2986],[-58.87224,-38.29777],[-58.87287,-38.29615],[-58.8724,-38.29558],[-58.87556,-38.29052],[-58.88047,-38.28558],[-58.88834,-38.28154],[-58.89618,-38.28015],[-58.90551,-38.27731],[-58.90965,-38.27412],[-58.91526,-38.27211],[-58.91861,-38.27185],[-58.92307,-38.27248],[-58.92603,-38.27368],[-58.92813,-38.27516],[-58.9283,-38.27519],[-58.9286,-38.27517],[-58.92882,-38.27511],[-58.92915,-38.27501],[-58.93324,-38.27015],[-58.93469,-38.27008],[-58.93612,-38.27055],[-58.93668,-38.2714],[-58.93637,-38.27264],[-58.9357,-38.27311],[-58.93485,-38.2737],[-58.93514,-38.27433],[-58.93555,-38.27523],[-58.93697,-38.27581],[-58.93861,-38.27644],[-58.94017,-38.27702],[-58.9416,-38.27732],[-58.94304,-38.27682],[-58.94383,-38.27621],[-58.94464,-38.2748],[-58.94545,-38.27329],[-58.94611,-38.27211],[-58.9462,-38.27121],[-58.94585,-38.27058],[-58.94558,-38.26956],[-58.94492,-38.26837],[-58.94446,-38.26752],[-58.94459,-38.26636],[-58.94535,-38.26538],[-58.94607,-38.26488],[-58.94687,-38.26449],[-58.94765,-38.26444],[-58.94894,-38.26462],[-58.95036,-38.26509],[-58.95201,-38.26533],[-58.95284,-38.26454],[-58.95411,-38.25985],[-58.95496,-38.25909],[-58.95528,-38.2586],[-58.95702,-38.25793],[-58.95823,-38.25771],[-58.9587,-38.25774],[-58.9606,-38.25749],[-58.96661,-38.25911],[-58.96724,-38.25924],[-58.96764,-38.25928],[-58.96829,-38.25884],[-58.96838,-38.25868],[-58.96849,-38.25528],[-58.96871,-38.25459],[-58.96958,-38.2543],[-58.97091,-38.25297],[-58.97294,-38.25158],[-58.97327,-38.25136],[-58.97376,-38.25094],[-58.97405,-38.2504],[-58.97482,-38.24851]]]}},{"type":"Feature","properties":{"fdc":"SIG 250 mil","sag":"IGN","crv":50,"mo2":6,"tipo":"Curva de nivel","ign":"lineas_de_geomorfologia_CA010.110620"},"geometry":{"type":"MultiLineString","coordinates":[[[-58.86514,-38.29537],[-58.86319,-38.29753],[-58.86023,-38.29903],[-58.8588,-38.29907],[-58.85804,-38.29996],[-58.8573,-38.30028],[-58.85629,-38.30021],[-58.85515,-38.30018],[-58.85442,-38.30036],[-58.85378,-38.30114],[-58.85129,-38.29968],[-58.84896,-38.29984],[-58.84789,-38.30049],[-58.84604,-38.3009],[-58.84446,-38.30206],[-58.84305,-38.30307],[-58.84232,-38.30436],[-58.84013,-38.30622],[-58.83857,-38.30718],[-58.83688,-38.30764],[-58.83633,-38.30802],[-58.83604,-38.30816],[-58.83482,-38.30877],[-58.83224,-38.31034],[-58.83173,-38.31177],[-58.83062,-38.31319],[-58.8312,-38.31462],[-58.83218,-38.31516],[-58.83483,-38.31495],[-58.83638,-38.3161],[-58.83796,-38.31603],[-58.83967,-38.3149],[-58.84133,-38.31459],[-58.84256,-38.31607],[-58.84679,-38.3164],[-58.84822,-38.31737],[-58.85068,-38.31649],[-58.85222,-38.31712],[-58.8527,-38.3177],[-58.85228,-38.31801],[-58.84795,-38.31879],[-58.84613,-38.31944],[-58.84361,-38.31827],[-58.84167,-38.31835],[-58.83984,-38.3191],[-58.83911,-38.31966],[-58.83814,-38.31956],[-58.83525,-38.31857],[-58.83332,-38.31846],[-58.83235,-38.31864],[-58.83161,-38.31949],[-58.8317,-38.32101],[-58.83253,-38.32255],[-58.83252,-38.32322],[-58.83202,-38.32398],[-58.83104,-38.32454],[-58.83007,-38.32453],[-58.82872,-38.32585],[-58.82678,-38.32592],[-58.8251,-38.32534],[-58.82413,-38.32552],[-58.8229,-38.32675],[-58.82463,-38.32997],[-58.82747,-38.33128],[-58.82796,-38.33186],[-58.82795,-38.33633],[-58.8284,-38.33824],[-58.82935,-38.33968],[-58.83149,-38.34171],[-58.83244,-38.34324],[-58.83412,-38.34383],[-58.83495,-38.34536],[-58.8365,-38.34652],[-58.83855,-38.34702],[-58.84146,-38.34705],[-58.84301,-38.34811],[-58.84689,-38.34805],[-58.84869,-38.34912],[-58.85096,-38.35105],[-58.85336,-38.35222],[-58.85467,-38.35366],[-58.85672,-38.35434],[-58.86035,-38.35438],[-58.8625,-38.35593],[-58.8637,-38.35651],[-58.86467,-38.35652],[-58.86568,-38.35706],[-58.86696,-38.35995],[-58.86921,-38.36076],[-58.87189,-38.35964],[-58.87417,-38.36071],[-58.87688,-38.36052],[-58.87721,-38.36026],[-58.87865,-38.36094],[-58.88007,-38.36296],[-58.87999,-38.36839],[-58.88106,-38.36974],[-58.88472,-38.36806],[-58.88665,-38.36827],[-58.89201,-38.36603],[-58.89312,-38.36499],[-58.89399,-38.36357],[-58.89508,-38.36329],[-58.89544,-38.36396],[-58.89541,-38.36549],[-58.89429,-38.36777],[-58.89318,-38.36919],[-58.89291,-38.37071],[-58.89517,-38.37431],[-58.8949,-38.37521],[-58.89524,-38.37674],[-58.89922,-38.37763],[-58.9031,-38.37767],[-58.90612,-38.3774],[-58.90932,-38.37925],[-58.91422,-38.3793],[-58.91578,-38.38046],[-58.91867,-38.38134],[-58.9206,-38.38146],[-58.92157,-38.38127],[-58.92351,-38.38167],[-58.92523,-38.38264],[-58.92628,-38.38265],[-58.93001,-38.3843],[-58.93071,-38.38584],[-58.9319,-38.38728],[-58.93636,-38.38904],[-58.9372,-38.38952],[-58.93827,-38.39106],[-58.94019,-38.39212],[-58.94171,-38.39243],[-58.94699,-38.39553],[-58.94825,-38.39756],[-58.951,-38.39822],[-58.95282,-38.39796],[-58.9543,-38.39673],[-58.95588,-38.39617],[-58.9577,-38.3959],[-58.95929,-38.39477],[-58.96027,-38.39459],[-58.96123,-38.39508],[-58.96169,-38.39641],[-58.96082,-38.39764],[-58.95997,-38.39821],[-58.95815,-38.39886],[-58.95802,-38.39953],[-58.95849,-38.4001],[-58.96235,-38.40166],[-58.96478,-38.40121],[-58.9661,-38.4015],[-58.96803,-38.40238],[-58.97307,-38.40356],[-58.97697,-38.40321],[-58.97758,-38.40371],[-58.97757,-38.40446],[-58.97707,-38.40522],[-58.9773,-38.40599],[-58.97815,-38.40647],[-58.98009,-38.40591],[-58.98451,-38.40383],[-58.98582,-38.40358],[-58.98666,-38.40379],[-58.98846,-38.40532],[-58.98991,-38.40591],[-58.99342,-38.40594],[-58.99509,-38.40824],[-58.99677,-38.40911],[-58.99774,-38.40912],[-58.9993,-38.41019],[-58.99977,-38.41095],[-59.00041,-38.41134],[-59.00243,-38.41135],[-59.00438,-38.41061],[-59.00467,-38.41017],[-59.0085,-38.41045],[-59.01418,-38.41174],[-59.01612,-38.41185],[-59.01806,-38.41149],[-59.02001,-38.41055],[-59.02086,-38.41056],[-59.02158,-38.41095],[-59.02287,-38.41302],[-59.02591,-38.41365],[-59.02664,-38.41337],[-59.02858,-38.41348],[-59.03038,-38.41435],[-59.03341,-38.41505],[-59.03502,-38.41506],[-59.03616,-38.41375],[-59.03754,-38.41413],[-59.03849,-38.41566],[-59.03895,-38.41719],[-59.03967,-38.41796],[-59.04256,-38.41893],[-59.0445,-38.41895],[-59.04585,-38.41772],[-59.04674,-38.41549],[-59.04794,-38.41574],[-59.04818,-38.41602],[-59.04814,-38.41879],[-59.04849,-38.41946],[-59.05018,-38.42052],[-59.05308,-38.42093],[-59.056,-38.42038],[-59.06192,-38.42138],[-59.06381,-38.42102],[-59.06674,-38.4239],[-59.07109,-38.4259],[-59.07224,-38.42966],[-59.07355,-38.4311],[-59.07644,-38.43236],[-59.07838,-38.43247],[-59.08321,-38.43404],[-59.08515,-38.43415],[-59.08709,-38.43378],[-59.08892,-38.43284],[-59.09113,-38.43057],[-59.09501,-38.43118],[-59.09792,-38.43119],[-59.1018,-38.43065],[-59.10261,-38.43109],[-59.10356,-38.43496],[-59.10537,-38.43573],[-59.10634,-38.43565],[-59.10829,-38.4348],[-59.10926,-38.4349],[-59.10997,-38.43625],[-59.11046,-38.43865],[-59.11295,-38.4398],[-59.11669,-38.44202],[-59.11689,-38.44198],[-59.12398,-38.44073],[-59.12591,-38.44104],[-59.12952,-38.44297],[-59.13147,-38.44289],[-59.1339,-38.44186],[-59.13535,-38.44225],[-59.13679,-38.4436],[-59.14417,-38.44676],[-59.14742,-38.4472],[-59.14922,-38.44826],[-59.15116,-38.44847],[-59.1531,-38.44829],[-59.15586,-38.4506],[-59.1578,-38.4508],[-59.15975,-38.45034],[-59.16121,-38.4494],[-59.16232,-38.44798],[-59.16233,-38.44645],[-59.16174,-38.44559],[-59.16127,-38.44406],[-59.16193,-38.44035],[-59.16291,-38.43893],[-59.16375,-38.43912],[-59.16446,-38.44055],[-59.16603,-38.44152],[-59.16675,-38.44229],[-59.16907,-38.44586],[-59.17167,-38.44709],[-59.17189,-38.44852],[-59.17093,-38.45221],[-59.17123,-38.4529],[-59.1728,-38.45396],[-59.17474,-38.45455],[-59.17765,-38.45428],[-59.18055,-38.45487],[-59.18139,-38.45521],[-59.18666,-38.45913],[-59.18946,-38.45971],[-59.19141,-38.45962],[-59.19323,-38.45906],[-59.19533,-38.45574],[-59.19946,-38.45577],[-59.20346,-38.45527],[-59.20624,-38.45629],[-59.20926,-38.45378],[-59.20956,-38.45372]]]}},{"type":"Feature","properties":{"fdc":"SIG 250 mil","sag":"IGN","crv":40,"mo2":6,"tipo":"Curva de nivel","ign":"lineas_de_geomorfologia_CA010.110657"},"geometry":{"type":"MultiLineString","coordinates":[[[-58.81535,-38.32932],[-58.8158,-38.33066],[-58.81611,-38.33506],[-58.81584,-38.33678],[-58.81604,-38.33841],[-58.81649,-38.3409],[-58.81605,-38.34279],[-58.81366,-38.34349],[-58.81239,-38.34371],[-58.80861,-38.34586],[-58.80692,-38.34809],[-58.80646,-38.34978],[-58.80497,-38.35373],[-58.80269,-38.3559],[-58.80376,-38.35734],[-58.80759,-38.35996],[-58.80865,-38.3614],[-58.81225,-38.36353],[-58.8138,-38.36488],[-58.81728,-38.36683],[-58.8163,-38.36787],[-58.81414,-38.36689],[-58.8098,-38.36561],[-58.80813,-38.36416],[-58.80596,-38.36337],[-58.80378,-38.36316],[-58.8026,-38.36162],[-58.80089,-38.36056],[-58.79895,-38.36327],[-58.79855,-38.36431],[-58.79985,-38.36655],[-58.80178,-38.36695],[-58.80396,-38.36697],[-58.80589,-38.36757],[-58.80684,-38.36872],[-58.80807,-38.37337],[-58.80734,-38.37531],[-58.80716,-38.37873],[-58.80835,-38.3798],[-58.81052,-38.3802],[-58.81271,-38.38022],[-58.81464,-38.38081],[-58.81656,-38.38198],[-58.81726,-38.38313],[-58.81772,-38.38485],[-58.81868,-38.38562],[-58.82254,-38.38642],[-58.82446,-38.3874],[-58.82601,-38.38884],[-58.82803,-38.39182],[-58.83113,-38.39442],[-58.83909,-38.39688],[-58.84052,-38.39823],[-58.84122,-38.39957],[-58.83984,-38.4028],[-58.84092,-38.40377],[-58.84285,-38.40379],[-58.8442,-38.40256],[-58.84643,-38.39963],[-58.84998,-38.39766],[-58.85432,-38.39846],[-58.85627,-38.3982],[-58.85822,-38.39707],[-58.86017,-38.39652],[-58.8621,-38.39711],[-58.86402,-38.39808],[-58.867,-38.40097],[-58.87098,-38.40273],[-58.87458,-38.40514],[-58.8788,-38.40633],[-58.88215,-38.40845],[-58.89086,-38.41248],[-58.8945,-38.41499],[-58.89719,-38.41846],[-58.90263,-38.41947],[-58.90499,-38.42097],[-58.90797,-38.42376],[-58.91182,-38.4259],[-58.914,-38.42659],[-58.91605,-38.42689],[-58.92041,-38.42674],[-58.92223,-38.42733],[-58.92364,-38.43001],[-58.93209,-38.43219],[-58.93645,-38.43222],[-58.93851,-38.43262],[-58.94114,-38.43503],[-58.94688,-38.43644],[-58.94826,-38.43739],[-58.9492,-38.43882],[-58.94868,-38.44187],[-58.94987,-38.44312],[-58.95205,-38.44333],[-58.95487,-38.44311],[-58.95898,-38.44035],[-58.96217,-38.43982],[-58.96966,-38.44509],[-58.97069,-38.4454],[-58.97287,-38.44542],[-58.97506,-38.44468],[-58.97713,-38.44441],[-58.98149,-38.44473],[-58.98354,-38.44532],[-58.98473,-38.44648],[-58.98471,-38.44819],[-58.98518,-38.44953],[-58.98687,-38.45012],[-58.99123,-38.45044],[-58.99483,-38.45267],[-58.99676,-38.45345],[-58.9999,-38.45404],[-59.00234,-38.45369],[-59.00456,-38.45074],[-59.00649,-38.45105],[-59.00912,-38.45403],[-59.01129,-38.45491],[-59.01347,-38.45492],[-59.01543,-38.45417],[-59.01711,-38.45514],[-59.01781,-38.45668],[-59.01925,-38.45802],[-59.02336,-38.45939],[-59.02917,-38.45944],[-59.03208,-38.46023],[-59.03427,-38.45967],[-59.03574,-38.45816],[-59.03769,-38.45731],[-59.04194,-38.45697],[-59.04335,-38.45994],[-59.0466,-38.46254],[-59.04877,-38.46322],[-59.05095,-38.46305],[-59.05289,-38.46345],[-59.05384,-38.46517],[-59.05527,-38.46651],[-59.05746,-38.46653],[-59.05893,-38.46521],[-59.05943,-38.4635],[-59.06162,-38.46333],[-59.06357,-38.46258],[-59.06575,-38.46259],[-59.0678,-38.46366],[-59.07104,-38.46636],[-59.07322,-38.46666],[-59.0749,-38.46782],[-59.07609,-38.46954],[-59.07748,-38.47461],[-59.07916,-38.47605],[-59.08134,-38.47607],[-59.0833,-38.47494],[-59.08548,-38.47476],[-59.08754,-38.47544],[-59.09133,-38.4729],[-59.09351,-38.47273],[-59.09774,-38.4741],[-59.10025,-38.47726],[-59.10205,-38.47832],[-59.10554,-38.48102],[-59.10991,-38.48087],[-59.11208,-38.48164],[-59.11376,-38.48299],[-59.11594,-38.48301],[-59.11813,-38.48245],[-59.12032,-38.48247],[-59.12237,-38.48325],[-59.12673,-38.48385],[-59.13108,-38.48531],[-59.13338,-38.48542],[-59.13507,-38.48601],[-59.13554,-38.48773],[-59.13528,-38.48944],[-59.13647,-38.49098],[-59.13865,-38.49157],[-59.14083,-38.49177],[-59.14492,-38.4939],[-59.1471,-38.4943],[-59.14929,-38.49374],[-59.15006,-38.49031],[-59.15105,-38.4888],[-59.15325,-38.48786],[-59.15472,-38.48672],[-59.15687,-38.48695],[-59.16354,-38.49063],[-59.16631,-38.49129],[-59.17067,-38.4918],[-59.17261,-38.49143],[-59.17433,-38.4903],[-59.17555,-38.48878],[-59.17726,-38.4886],[-59.18111,-38.49044],[-59.18292,-38.4916],[-59.18544,-38.49457],[-59.18917,-38.4965],[-59.19074,-38.49766],[-59.19145,-38.49938],[-59.19265,-38.50091],[-59.19434,-38.5013],[-59.19653,-38.50075],[-59.19859,-38.50067],[-59.20245,-38.50212],[-59.20339,-38.5008],[-59.20357,-38.49923],[-59.20451,-38.49737]]]}},{"type":"Feature","properties":{"fdc":"Atlas 500k 1° Ediciónl","sag":"IGN","crv":50,"mo2":2,"tipo":"Curva de nivel","ign":"lineas_de_geomorfologia_CA010.17411"},"geometry":{"type":"MultiLineString","coordinates":[[[-59.26083,-38.47676],[-59.26121,-38.47687],[-59.26157,-38.47693],[-59.26193,-38.47695],[-59.2624,-38.47692],[-59.26276,-38.47684],[-59.26297,-38.47676],[-59.26313,-38.47665],[-59.26328,-38.47652],[-59.2634,-38.47637],[-59.26356,-38.47605],[-59.26363,-38.47578],[-59.26363,-38.47546],[-59.26357,-38.47516],[-59.26345,-38.47484],[-59.2633,-38.47459],[-59.26313,-38.47437],[-59.26283,-38.4741],[-59.26248,-38.47388],[-59.26201,-38.47371],[-59.26153,-38.47363],[-59.26113,-38.47364],[-59.26066,-38.47373],[-59.26036,-38.47385],[-59.25997,-38.4741],[-59.25974,-38.47436],[-59.2596,-38.47464],[-59.25954,-38.47494],[-59.25956,-38.47514],[-59.25966,-38.47543],[-59.25978,-38.47566],[-59.2601,-38.47609],[-59.26042,-38.47642],[-59.26083,-38.47676]]]}},{"type":"Feature","properties":{"fdc":"SIG 250 mil","sag":"IGN","crv":30,"mo2":6,"tipo":"Curva de nivel","ign":"lineas_de_geomorfologia_CA010.110711"},"geometry":{"type":"MultiLineString","coordinates":[[[-59.31156,-38.55681],[-59.31043,-38.55734],[-59.30993,-38.55804],[-59.31007,-38.55977],[-59.31088,-38.56031],[-59.31078,-38.5611],[-59.31025,-38.56129],[-59.30939,-38.56124],[-59.30841,-38.56152],[-59.30719,-38.56285],[-59.3056,-38.56389],[-59.30429,-38.5643],[-59.30074,-38.56358],[-59.29977,-38.56395],[-59.29798,-38.5667],[-59.29694,-38.56727],[-59.295,-38.56697],[-59.29306,-38.56706],[-59.29123,-38.568],[-59.28929,-38.56808],[-59.286,-38.56444],[-59.28277,-38.56423],[-59.28119,-38.56327],[-59.2782,-38.55886],[-59.27531,-38.55656],[-59.27457,-38.55537],[-59.2739,-38.55489],[-59.27306,-38.55468],[-59.27246,-38.55481],[-59.27184,-38.55512],[-59.2711,-38.55532],[-59.27045,-38.55538],[-59.26975,-38.55545],[-59.26914,-38.55534],[-59.26844,-38.55499],[-59.26775,-38.55471],[-59.26706,-38.55457],[-59.26667,-38.5545],[-59.26597,-38.55453],[-59.26532,-38.55466],[-59.26458,-38.5547],[-59.26401,-38.55465],[-59.26366,-38.55448],[-59.26371,-38.55342],[-59.26356,-38.55272],[-59.26289,-38.55172],[-59.26232,-38.55105],[-59.26211,-38.55064],[-59.26165,-38.5504],[-59.26109,-38.55025],[-59.26048,-38.55035],[-59.26004,-38.55066],[-59.25977,-38.55127],[-59.25933,-38.55182],[-59.25898,-38.55246],[-59.25905,-38.55455],[-59.25908,-38.55548],[-59.25833,-38.55643],[-59.25728,-38.55711],[-59.25692,-38.55779],[-59.25674,-38.55844],[-59.25625,-38.55916],[-59.25573,-38.5595],[-59.25507,-38.55964],[-59.25446,-38.55956],[-59.2537,-38.55891],[-59.25225,-38.55651],[-59.25153,-38.55593],[-59.24971,-38.55516],[-59.24851,-38.55372],[-59.24754,-38.55352],[-59.24559,-38.55389],[-59.24217,-38.55222],[-59.24076,-38.55205],[-59.23881,-38.55232],[-59.23686,-38.55297],[-59.23175,-38.55201],[-59.2299,-38.55103],[-59.22852,-38.5493],[-59.22659,-38.54871],[-59.22599,-38.54805],[-59.22551,-38.54681],[-59.22462,-38.5462],[-59.22438,-38.5458],[-59.22506,-38.54557],[-59.22532,-38.54491],[-59.22248,-38.54356],[-59.22207,-38.54424],[-59.22177,-38.54525],[-59.22112,-38.54622],[-59.22071,-38.54694],[-59.22049,-38.5476],[-59.22094,-38.54888],[-59.22116,-38.54908],[-59.22256,-38.5503],[-59.2239,-38.55089],[-59.22355,-38.55169],[-59.22071,-38.55278],[-59.21975,-38.55239],[-59.21909,-38.55168],[-59.21811,-38.54891],[-59.21688,-38.54817],[-59.21637,-38.54736],[-59.21814,-38.5441],[-59.21815,-38.54303],[-59.21718,-38.54284],[-59.21523,-38.54359],[-59.21329,-38.54386],[-59.21222,-38.54458],[-59.21141,-38.54676],[-59.20814,-38.54802],[-59.20597,-38.54715],[-59.20209,-38.54683],[-59.20037,-38.54787],[-59.19843,-38.54853],[-59.19358,-38.54744],[-59.19164,-38.54752],[-59.18969,-38.54808],[-59.18708,-38.5495],[-59.18385,-38.54947],[-59.18092,-38.55069],[-59.17898,-38.55048],[-59.17778,-38.54933],[-59.17731,-38.5479],[-59.17944,-38.54512],[-59.17966,-38.5442],[-59.1781,-38.54219],[-59.17701,-38.54208],[-59.17506,-38.54274],[-59.17312,-38.54263],[-59.17143,-38.54147],[-59.16922,-38.53853],[-59.1653,-38.53619],[-59.16183,-38.53936],[-59.16402,-38.54171],[-59.16402,-38.54237],[-59.16267,-38.54361],[-59.16072,-38.54416],[-59.15878,-38.54405],[-59.15764,-38.54345],[-59.15591,-38.54161],[-59.15456,-38.54107],[-59.15263,-38.54105],[-59.14912,-38.53988],[-59.14717,-38.54006],[-59.14522,-38.5409],[-59.14146,-38.5404],[-59.13853,-38.54209],[-59.13658,-38.54265],[-59.13496,-38.54232],[-59.1332,-38.54091],[-59.1292,-38.54012],[-59.12728,-38.53915],[-59.12415,-38.53665],[-59.1222,-38.5372],[-59.12086,-38.5372],[-59.1179,-38.536],[-59.11674,-38.53659],[-59.11641,-38.53761],[-59.1184,-38.5408],[-59.11813,-38.54232],[-59.11728,-38.5427],[-59.11533,-38.54259],[-59.11402,-38.54153],[-59.11319,-38.53924],[-59.11298,-38.53695],[-59.11203,-38.53541],[-59.11046,-38.53454],[-59.10851,-38.53491],[-59.10464,-38.53402],[-59.10366,-38.53459],[-59.10291,-38.53601],[-59.10097,-38.53675],[-59.09805,-38.53693],[-59.0961,-38.53748],[-59.09498,-38.53967],[-59.09351,-38.5409],[-59.09157,-38.54079],[-59.08769,-38.5398],[-59.08589,-38.53846],[-59.08228,-38.53642],[-59.08181,-38.53508],[-59.08183,-38.53356],[-59.08075,-38.53222],[-59.07931,-38.53144],[-59.07787,-38.53],[-59.0773,-38.52695],[-59.07602,-38.52274],[-59.07494,-38.52216],[-59.07384,-38.52253],[-59.07224,-38.52366],[-59.0703,-38.52393],[-59.06847,-38.52468],[-59.06712,-38.526],[-59.06622,-38.5286],[-59.06343,-38.52931],[-59.06196,-38.53064],[-59.06001,-38.53081],[-59.05809,-38.52994],[-59.05299,-38.5298],[-59.05107,-38.52826],[-59.05059,-38.52749],[-59.04963,-38.5271],[-59.0472,-38.52708],[-59.04575,-38.5265],[-59.04539,-38.52583],[-59.04529,-38.5244],[-59.04643,-38.52098],[-59.04608,-38.51983],[-59.04548,-38.51935],[-59.04354,-38.51943],[-59.03909,-38.51653],[-59.0346,-38.51649],[-59.02957,-38.5138],[-59.02723,-38.51424],[-59.02351,-38.51348],[-59.01805,-38.51083],[-59.01611,-38.51062],[-59.01513,-38.51138],[-59.01389,-38.51327],[-59.01291,-38.51403],[-59.0106,-38.51401],[-59.00951,-38.51457],[-59.00925,-38.51533],[-59.01057,-38.51668],[-59.01347,-38.51737],[-59.01479,-38.51852],[-59.01454,-38.51928],[-59.01331,-38.52061],[-59.01147,-38.52107],[-59.00895,-38.51952],[-59.00459,-38.51949],[-58.99554,-38.51622],[-58.99418,-38.51317],[-58.99304,-38.51205],[-58.9911,-38.51174],[-58.9893,-38.51068],[-58.98783,-38.50761],[-58.98704,-38.50713],[-58.98316,-38.50691],[-58.97987,-38.50558],[-58.97346,-38.50653],[-58.97152,-38.50614],[-58.9696,-38.50526],[-58.9664,-38.5025],[-58.96369,-38.50225],[-58.96177,-38.50148],[-58.96027,-38.49955],[-58.95443,-38.49911],[-58.95174,-38.49829],[-58.94749,-38.49868],[-58.94568,-38.49771],[-58.94572,-38.4953],[-58.94211,-38.4932],[-58.9414,-38.49176],[-58.94142,-38.49067],[-58.94352,-38.48841],[-58.94389,-38.4873],[-58.94366,-38.48672],[-58.94318,-38.48653],[-58.93977,-38.48689],[-58.93784,-38.48668],[-58.93492,-38.48722],[-58.93311,-38.48663],[-58.93084,-38.48452],[-58.93011,-38.48451],[-58.92816,-38.48478],[-58.92743,-38.48524],[-58.92717,-38.486],[-58.92606,-38.48743],[-58.92424,-38.4875],[-58.92376,-38.48693],[-58.92415,-38.4854],[-58.92562,-38.48418],[-58.92599,-38.48352],[-58.92553,-38.48275],[-58.92577,-38.48237],[-58.92419,-38.4808],[-58.92065,-38.48404],[-58.91943,-38.4847],[-58.9182,-38.48611],[-58.91769,-38.48763],[-58.91707,-38.48829],[-58.91525,-38.48866],[-58.91246,-38.48854],[-58.91174,-38.48767],[-58.91249,-38.48616],[-58.91397,-38.48503],[-58.91446,-38.48426],[-58.91461,-38.48275],[-58.91441,-38.4822],[-58.91063,-38.4809],[-58.90869,-38.48097],[-58.90592,-38.4799],[-58.90593,-38.47894],[-58.90654,-38.47838],[-58.90826,-38.47754],[-58.90888,-38.47668],[-58.90794,-38.47458],[-58.9069,-38.47374],[-58.90454,-38.47464],[-58.90205,-38.47363],[-58.89739,-38.47448],[-58.89545,-38.47456],[-58.89351,-38.47416],[-58.8905,-38.47279],[-58.88794,-38.47372],[-58.886,-38.4737],[-58.88515,-38.47408],[-58.88427,-38.47559],[-58.88219,-38.47672],[-58.87871,-38.47628],[-58.87827,-38.47605],[-58.87771,-38.47416],[-58.87667,-38.47333],[-58.87644,-38.47256],[-58.87693,-38.47219],[-58.88217,-38.47104],[-58.88278,-38.47034],[-58.88279,-38.46938],[-58.88251,-38.46904],[-58.87929,-38.46859],[-58.87761,-38.46752],[-58.87653,-38.46505],[-58.87533,-38.4655],[-58.87496,-38.46626],[-58.87506,-38.46778],[-58.87369,-38.46987],[-58.87428,-38.47083],[-58.87403,-38.47159],[-58.87305,-38.47177],[-58.87064,-38.47127],[-58.86767,-38.47182],[-58.86676,-38.47133],[-58.86628,-38.47065],[-58.86655,-38.46913],[-58.86781,-38.466],[-58.86649,-38.46474],[-58.86628,-38.46341],[-58.86544,-38.46273],[-58.85916,-38.46449],[-58.8586,-38.46543],[-58.8593,-38.46696],[-58.85929,-38.46772],[-58.85806,-38.46896],[-58.85733,-38.46933],[-58.85636,-38.46932],[-58.85532,-38.46848],[-58.8546,-38.46587],[-58.85291,-38.4648],[-58.85256,-38.46413],[-58.85309,-38.46118],[-58.85363,-38.46027],[-58.85067,-38.45729],[-58.8462,-38.45517],[-58.84438,-38.45204],[-58.84259,-38.45097],[-58.84106,-38.448],[-58.83924,-38.44751],[-58.83642,-38.44987],[-58.83556,-38.45014],[-58.83363,-38.45012],[-58.83044,-38.44793],[-58.8293,-38.4477],[-58.82735,-38.44835],[-58.82673,-38.4492],[-58.82621,-38.45119],[-58.82534,-38.45262],[-58.82658,-38.45559],[-58.82601,-38.45625],[-58.82504,-38.45662],[-58.82407,-38.45661],[-58.8231,-38.45631],[-58.82154,-38.45496],[-58.82022,-38.45428],[-58.81804,-38.45426],[-58.8172,-38.45368],[-58.81627,-38.45157],[-58.81495,-38.45041],[-58.81449,-38.44897],[-58.81351,-38.44835],[-58.81074,-38.44856],[-58.80881,-38.44797],[-58.80699,-38.44823],[-58.80117,-38.44817],[-58.80053,-38.44841],[-58.79846,-38.45063],[-58.79712,-38.45119],[-58.79555,-38.45079],[-58.79471,-38.45021],[-58.79388,-38.44876],[-58.7928,-38.44809],[-58.78929,-38.44805],[-58.78627,-38.44716],[-58.78336,-38.44713],[-58.78143,-38.44683],[-58.77843,-38.44489],[-58.77797,-38.44336],[-58.77813,-38.44107],[-58.78,-38.43672],[-58.78101,-38.43595],[-58.78102,-38.43529],[-58.78019,-38.43394],[-58.7807,-38.43252],[-58.78059,-38.43176],[-58.77965,-38.43041],[-58.77955,-38.42888],[-58.78,-38.4279],[-58.78176,-38.427],[-58.78251,-38.42577],[-58.78434,-38.42484],[-58.78394,-38.42035],[-58.78421,-38.41816],[-58.7846,-38.41687],[-58.78607,-38.4146],[-58.78891,-38.41352],[-58.79161,-38.41071],[-58.79162,-38.41013],[-58.79071,-38.4094],[-58.78682,-38.4082],[-58.78642,-38.40659],[-58.78714,-38.40551],[-58.78775,-38.40514],[-58.7886,-38.40364],[-58.789,-38.40271],[-58.79013,-38.40033],[-58.79013,-38.39915],[-58.79049,-38.3982],[-58.79204,-38.39631],[-58.79168,-38.39466],[-58.78935,-38.39225],[-58.78905,-38.3897],[-58.79004,-38.38829],[-58.79031,-38.38686],[-58.79114,-38.38559],[-58.79205,-38.38421],[-58.79207,-38.38316],[-58.79113,-38.38171],[-58.79114,-38.38095],[-58.79066,-38.38019],[-58.78982,-38.37999],[-58.78788,-38.38035],[-58.78691,-38.38025],[-58.78613,-38.37876],[-58.78628,-38.37715]]]}},{"type":"Feature","properties":{"fdc":"Atlas 500k 1° Ediciónl","sag":"IGN","crv":50,"mo2":2,"tipo":"Curva de nivel","ign":"lineas_de_geomorfologia_CA010.6134"},"geometry":{"type":"MultiLineString","coordinates":[[[-58.417,-36.89247],[-58.41703,-36.89261],[-58.4171,-36.89338],[-58.41706,-36.89415],[-58.41698,-36.89469],[-58.4169,-36.89505],[-58.41665,-36.89582],[-58.41649,-36.89618],[-58.41617,-36.89683],[-58.4156,-36.89777],[-58.41496,-36.89865],[-58.41406,-36.8997],[-58.41324,-36.90052],[-58.41282,-36.90088],[-58.41238,-36.90122],[-58.41194,-36.90152],[-58.41146,-36.90181],[-58.41057,-36.90224],[-58.40964,-36.90258],[-58.40902,-36.90277],[-58.40834,-36.90294],[-58.40746,-36.9031],[-58.40668,-36.90317],[-58.40607,-36.90318],[-58.40541,-36.90315],[-58.4046,-36.90304],[-58.40364,-36.90281],[-58.40311,-36.90262],[-58.40269,-36.90245],[-58.40206,-36.90213],[-58.40074,-36.90133],[-58.40042,-36.90118],[-58.40005,-36.90113],[-58.39988,-36.90117],[-58.39978,-36.90122],[-58.39962,-36.90136],[-58.39945,-36.90163],[-58.39934,-36.90197],[-58.39929,-36.90228],[-58.39923,-36.903],[-58.39919,-36.90434],[-58.39923,-36.90681],[-58.39908,-36.90895],[-58.39908,-36.90947],[-58.3991,-36.90975],[-58.39917,-36.9101],[-58.39928,-36.91041],[-58.39941,-36.91063],[-58.39959,-36.91083],[-58.39982,-36.91097],[-58.40001,-36.91104],[-58.40093,-36.91122],[-58.40116,-36.91136],[-58.40126,-36.91148],[-58.40133,-36.91163],[-58.40137,-36.91186],[-58.40135,-36.91226],[-58.4012,-36.91279],[-58.40095,-36.91327],[-58.40061,-36.91375],[-58.40024,-36.91416],[-58.39984,-36.9145],[-58.39953,-36.91473],[-58.39919,-36.91494],[-58.39883,-36.91512],[-58.39819,-36.91537],[-58.39652,-36.9158],[-58.39607,-36.91596],[-58.3957,-36.91613],[-58.39539,-36.91631],[-58.39509,-36.91654],[-58.39483,-36.91677],[-58.39459,-36.91704],[-58.39434,-36.91739],[-58.39354,-36.91888],[-58.39237,-36.92068],[-58.39193,-36.92151],[-58.39136,-36.92275],[-58.39125,-36.92292],[-58.39109,-36.92311],[-58.39089,-36.92327],[-58.39077,-36.92333],[-58.39055,-36.92339],[-58.39027,-36.9234],[-58.39002,-36.92334],[-58.38977,-36.92324],[-58.38951,-36.92308],[-58.3884,-36.92225],[-58.38683,-36.92124],[-58.38625,-36.92091],[-58.38596,-36.92078],[-58.38561,-36.92066],[-58.38528,-36.92059],[-58.38487,-36.92056],[-58.38454,-36.9206],[-58.38427,-36.92067],[-58.38386,-36.92087],[-58.38366,-36.92102],[-58.38334,-36.92137],[-58.38318,-36.92163],[-58.38302,-36.92201],[-58.38254,-36.92366],[-58.38228,-36.92434],[-58.38193,-36.92504],[-58.3815,-36.92569],[-58.38102,-36.92627],[-58.38039,-36.92691],[-58.37972,-36.92751],[-58.37826,-36.92876],[-58.37783,-36.92916],[-58.3774,-36.92962],[-58.37691,-36.93029],[-58.37664,-36.93075],[-58.37634,-36.9314],[-58.37563,-36.93337],[-58.37524,-36.93432],[-58.37466,-36.93554],[-58.374,-36.93679],[-58.37344,-36.93775],[-58.37286,-36.93864],[-58.37121,-36.94086],[-58.37069,-36.9416],[-58.37014,-36.94253],[-58.36962,-36.94354],[-58.36913,-36.94463],[-58.36873,-36.9456],[-58.36848,-36.94633],[-58.36823,-36.94726],[-58.36798,-36.94862],[-58.36763,-36.95078],[-58.36729,-36.9538],[-58.36717,-36.95464],[-58.36703,-36.95532],[-58.36686,-36.95596],[-58.36662,-36.9566],[-58.36633,-36.95719],[-58.36607,-36.95763],[-58.36508,-36.95908],[-58.36475,-36.95964],[-58.36456,-36.96003],[-58.36423,-36.96092],[-58.36409,-36.96141],[-58.36371,-36.96312],[-58.36343,-36.96397],[-58.36322,-36.96443],[-58.36297,-36.96489],[-58.36248,-36.96561],[-58.36215,-36.96603],[-58.36158,-36.96666],[-58.36111,-36.96714],[-58.36036,-36.96784],[-58.35974,-36.96836],[-58.35916,-36.96879],[-58.35871,-36.96908],[-58.3583,-36.96932],[-58.35766,-36.96963],[-58.35688,-36.96992],[-58.35637,-36.97007],[-58.35582,-36.97017],[-58.35484,-36.97027],[-58.35342,-36.9703],[-58.35253,-36.97036],[-58.35176,-36.97046],[-58.35107,-36.9706],[-58.35039,-36.9708],[-58.34993,-36.97097],[-58.34947,-36.97117],[-58.34878,-36.97156],[-58.34844,-36.9718],[-58.34813,-36.97207],[-58.34779,-36.97244],[-58.34758,-36.97275],[-58.34743,-36.97305],[-58.34732,-36.97336],[-58.34725,-36.97372],[-58.34721,-36.97407],[-58.34716,-36.9759],[-58.3471,-36.97648],[-58.34702,-36.97695],[-58.34683,-36.97773],[-58.34662,-36.97839],[-58.34632,-36.97919],[-58.34602,-36.97988],[-58.34569,-36.98052],[-58.34533,-36.98114],[-58.34491,-36.98172],[-58.34454,-36.98217],[-58.34418,-36.98255],[-58.34358,-36.9831],[-58.34304,-36.98351],[-58.34254,-36.98384],[-58.34183,-36.98426],[-58.34025,-36.98513],[-58.33884,-36.98596],[-58.33814,-36.98626],[-58.33777,-36.98636],[-58.33749,-36.98642],[-58.33699,-36.98644],[-58.33654,-36.98639],[-58.33618,-36.98629],[-58.33589,-36.98615],[-58.33559,-36.98596],[-58.33528,-36.98572],[-58.33434,-36.98481],[-58.33398,-36.98459],[-58.33364,-36.98448],[-58.33336,-36.98446],[-58.3332,-36.98448],[-58.33283,-36.98457],[-58.33261,-36.98467],[-58.33234,-36.98483],[-58.33207,-36.98504],[-58.3318,-36.98528],[-58.33138,-36.98577],[-58.33105,-36.98628],[-58.33077,-36.98684],[-58.33053,-36.98748],[-58.33035,-36.9882],[-58.33021,-36.98911],[-58.33019,-36.98973],[-58.33024,-36.9903],[-58.33031,-36.99065],[-58.33047,-36.99114],[-58.33065,-36.99153],[-58.33102,-36.99205],[-58.33138,-36.99242],[-58.33189,-36.99287],[-58.33322,-36.99389],[-58.33341,-36.99407],[-58.3336,-36.99431],[-58.33371,-36.9946],[-58.33371,-36.99484],[-58.33362,-36.99502],[-58.33348,-36.99517],[-58.33327,-36.9953],[-58.33296,-36.99541],[-58.33263,-36.99548],[-58.3295,-36.99579],[-58.32849,-36.99593],[-58.32778,-36.99606],[-58.32694,-36.99626],[-58.32602,-36.99653],[-58.32527,-36.99679],[-58.32449,-36.99712],[-58.32394,-36.99739],[-58.32349,-36.99766],[-58.32301,-36.99797],[-58.32246,-36.99837],[-58.32025,-37.0001],[-58.31715,-37.00242],[-58.31653,-37.00295],[-58.31614,-37.00333],[-58.31581,-37.00371],[-58.31552,-37.00409],[-58.31527,-37.00448],[-58.31487,-37.00527],[-58.31458,-37.00609],[-58.31398,-37.00819],[-58.3137,-37.00896],[-58.31346,-37.00947],[-58.31295,-37.01034],[-58.31156,-37.01236],[-58.31091,-37.01338],[-58.31022,-37.01451],[-58.30976,-37.01537],[-58.30953,-37.01587],[-58.30925,-37.01661],[-58.30902,-37.01743],[-58.30891,-37.01805],[-58.30883,-37.01887],[-58.30883,-37.01973],[-58.30894,-37.02055],[-58.30915,-37.02133],[-58.30943,-37.02202],[-58.30974,-37.02265],[-58.31125,-37.02529],[-58.31177,-37.02627],[-58.31206,-37.02687],[-58.31235,-37.02758],[-58.3125,-37.02804],[-58.31261,-37.02848],[-58.31267,-37.02892],[-58.31268,-37.02923],[-58.31266,-37.02958],[-58.31257,-37.03002],[-58.31244,-37.03041],[-58.31227,-37.03079],[-58.31205,-37.03117],[-58.3117,-37.03165],[-58.31124,-37.03218],[-58.31074,-37.03266],[-58.31026,-37.03305],[-58.30973,-37.03339],[-58.30911,-37.03368],[-58.30854,-37.03386],[-58.30793,-37.03396],[-58.30733,-37.034],[-58.3067,-37.03396],[-58.30637,-37.03391],[-58.30594,-37.0338],[-58.30528,-37.03355],[-58.30407,-37.03296],[-58.30326,-37.03263],[-58.3026,-37.03243],[-58.3013,-37.03215],[-58.30001,-37.03197],[-58.2988,-37.03189],[-58.29768,-37.03192],[-58.29665,-37.03203],[-58.2954,-37.03225],[-58.29414,-37.03253],[-58.2929,-37.03287],[-58.29214,-37.03315],[-58.29152,-37.03341],[-58.29058,-37.03387],[-58.28953,-37.03447],[-58.28874,-37.035],[-58.28801,-37.03559],[-58.28765,-37.03593],[-58.28712,-37.03655],[-58.28693,-37.03681],[-58.28671,-37.03717],[-58.28653,-37.03761],[-58.28644,-37.03802],[-58.28646,-37.03852],[-58.28659,-37.03917],[-58.28662,-37.03951],[-58.28661,-37.03981],[-58.2865,-37.04024],[-58.28632,-37.04065],[-58.28613,-37.04104],[-58.28556,-37.04204],[-58.28501,-37.0429],[-58.28447,-37.04365],[-58.28405,-37.04415],[-58.28371,-37.0445],[-58.28337,-37.04481],[-58.28297,-37.04512],[-58.28215,-37.04566],[-58.28024,-37.04673],[-58.27974,-37.04706],[-58.27939,-37.04731],[-58.27913,-37.04753],[-58.27873,-37.04793],[-58.27835,-37.0484],[-58.27797,-37.04896],[-58.27756,-37.04969],[-58.27655,-37.05166],[-58.27626,-37.05231],[-58.27612,-37.05277],[-58.27602,-37.05326],[-58.27598,-37.05381],[-58.27597,-37.0549],[-58.27593,-37.05524],[-58.27587,-37.05555],[-58.27575,-37.05588],[-58.27563,-37.05613],[-58.27533,-37.05654],[-58.27491,-37.05693],[-58.27455,-37.05716],[-58.27404,-37.05741],[-58.27338,-37.05766],[-58.27277,-37.05783],[-58.27211,-37.05797],[-58.27008,-37.0583],[-58.26946,-37.05843],[-58.26884,-37.0586],[-58.26837,-37.05878],[-58.26771,-37.05912],[-58.26721,-37.0595],[-58.26698,-37.05974],[-58.26685,-37.05992],[-58.26667,-37.06026],[-58.26661,-37.06065],[-58.26668,-37.06103],[-58.26674,-37.06118],[-58.2669,-37.06143],[-58.26719,-37.06173],[-58.26771,-37.06212],[-58.2692,-37.06306],[-58.27056,-37.06406],[-58.27124,-37.06452],[-58.27213,-37.06503],[-58.27399,-37.06594],[-58.27462,-37.06633],[-58.27494,-37.0666],[-58.27506,-37.06674],[-58.27522,-37.06699],[-58.27527,-37.06715],[-58.27529,-37.0673],[-58.27524,-37.06748],[-58.27511,-37.06767],[-58.27493,-37.06781],[-58.27462,-37.06794],[-58.27425,-37.06802],[-58.27386,-37.06806],[-58.27333,-37.06809],[-58.27268,-37.06808],[-58.27086,-37.06797],[-58.27008,-37.06796],[-58.26924,-37.06801],[-58.2682,-37.06817],[-58.2675,-37.06833],[-58.26663,-37.06857],[-58.26558,-37.06889],[-58.26309,-37.06973],[-58.26244,-37.06992],[-58.26178,-37.07008],[-58.26083,-37.07024],[-58.25891,-37.07037],[-58.25851,-37.07043],[-58.25815,-37.07052],[-58.25787,-37.07062],[-58.25745,-37.07084],[-58.25725,-37.07099],[-58.25703,-37.0712],[-58.2568,-37.07149],[-58.25663,-37.07181],[-58.25647,-37.07225],[-58.2564,-37.07262],[-58.25636,-37.07303],[-58.25632,-37.07425],[-58.25625,-37.07538],[-58.25624,-37.07586],[-58.25627,-37.07616],[-58.25633,-37.07647],[-58.25645,-37.07677],[-58.25662,-37.07707],[-58.25683,-37.07729],[-58.25702,-37.07746],[-58.25731,-37.07764],[-58.25785,-37.07788],[-58.25887,-37.07824],[-58.25934,-37.07845],[-58.25972,-37.07867],[-58.25995,-37.07883],[-58.26032,-37.07915],[-58.26061,-37.07947],[-58.26083,-37.07977],[-58.26111,-37.08019],[-58.26135,-37.08064],[-58.26161,-37.08121],[-58.26173,-37.08154],[-58.2618,-37.08184],[-58.26182,-37.08209],[-58.26177,-37.08242],[-58.2617,-37.08261],[-58.26159,-37.08277],[-58.26141,-37.08295],[-58.26105,-37.08316],[-58.2599,-37.08355],[-58.25948,-37.08374],[-58.25919,-37.0839],[-58.25869,-37.08424],[-58.25745,-37.08521],[-58.25604,-37.08622],[-58.25534,-37.08676],[-58.25498,-37.0871],[-58.25473,-37.08739],[-58.25433,-37.08797],[-58.25409,-37.0885],[-58.25393,-37.08915],[-58.25389,-37.08953],[-58.25388,-37.09001],[-58.254,-37.09238],[-58.2541,-37.09333],[-58.2543,-37.09424],[-58.25454,-37.09502],[-58.25482,-37.0957],[-58.25608,-37.09828],[-58.25648,-37.09922],[-58.25711,-37.10082],[-58.25746,-37.10164],[-58.25828,-37.10322],[-58.25845,-37.10365],[-58.25853,-37.10397],[-58.25856,-37.10432],[-58.25853,-37.10459],[-58.25839,-37.10496],[-58.25823,-37.10522],[-58.25804,-37.10542],[-58.25782,-37.1056],[-58.25755,-37.10574],[-58.25723,-37.10586],[-58.25691,-37.10593],[-58.25652,-37.10598],[-58.25534,-37.10606],[-58.25464,-37.10619],[-58.25401,-37.10643],[-58.25364,-37.10663],[-58.25333,-37.10686],[-58.25287,-37.10731],[-58.25251,-37.10784],[-58.25217,-37.10851],[-58.25136,-37.11045],[-58.25109,-37.11099],[-58.2508,-37.1115],[-58.2505,-37.11197],[-58.25019,-37.11239],[-58.24956,-37.1131],[-58.24911,-37.11355],[-58.24857,-37.11401],[-58.24776,-37.11464],[-58.24684,-37.11529],[-58.24589,-37.11591],[-58.24502,-37.11645],[-58.24417,-37.11692],[-58.24343,-37.11727],[-58.24265,-37.11755],[-58.24186,-37.11772],[-58.24144,-37.11776],[-58.24109,-37.11775],[-58.24078,-37.11772],[-58.24037,-37.11762],[-58.24,-37.11749],[-58.23946,-37.11722],[-58.23908,-37.11697],[-58.23759,-37.11593],[-58.23629,-37.11515],[-58.23555,-37.11476],[-58.23506,-37.1146],[-58.23471,-37.11454],[-58.23441,-37.11454],[-58.23409,-37.11459],[-58.23391,-37.11465],[-58.23354,-37.11487],[-58.23332,-37.11509],[-58.23318,-37.11528],[-58.23291,-37.11581],[-58.23244,-37.11723],[-58.23208,-37.1181],[-58.23172,-37.11885],[-58.23083,-37.1205],[-58.23058,-37.12102],[-58.23051,-37.12123],[-58.23043,-37.12159],[-58.23046,-37.12195],[-58.23054,-37.12215],[-58.23069,-37.12233],[-58.23092,-37.1225],[-58.23128,-37.12264],[-58.23187,-37.12274],[-58.23346,-37.12278],[-58.23401,-37.12281],[-58.23437,-37.12287],[-58.23472,-37.12296],[-58.23514,-37.12315],[-58.2354,-37.12335],[-58.23548,-37.12344],[-58.23561,-37.12363],[-58.23568,-37.1238],[-58.23572,-37.12399],[-58.23572,-37.12423],[-58.23564,-37.12461],[-58.23548,-37.12496],[-58.23523,-37.12532],[-58.23485,-37.12575],[-58.23454,-37.12604],[-58.23382,-37.12661],[-58.23138,-37.12823],[-58.2303,-37.12904],[-58.22965,-37.12961],[-58.22906,-37.13017],[-58.22788,-37.13145],[-58.22718,-37.13229],[-58.22653,-37.13311],[-58.22595,-37.13392],[-58.22546,-37.13471],[-58.22524,-37.13516],[-58.2251,-37.13549],[-58.22499,-37.13584],[-58.22492,-37.13642],[-58.22492,-37.13661],[-58.22498,-37.13692],[-58.22507,-37.13714],[-58.2252,-37.13733],[-58.2255,-37.13759],[-58.22567,-37.13769],[-58.22595,-37.13779],[-58.2265,-37.13787],[-58.22694,-37.13785],[-58.22739,-37.13778],[-58.22772,-37.1377],[-58.22844,-37.13744],[-58.22919,-37.13708],[-58.22963,-37.13682],[-58.23014,-37.13647],[-58.23068,-37.13605],[-58.23126,-37.13554],[-58.23223,-37.13452],[-58.23412,-37.1323],[-58.23478,-37.13161],[-58.23528,-37.13116],[-58.23595,-37.13064],[-58.23653,-37.13033],[-58.23678,-37.13024],[-58.23703,-37.13018],[-58.2374,-37.13016],[-58.2376,-37.13019],[-58.2378,-37.13024],[-58.23804,-37.13036],[-58.23824,-37.13054],[-58.23838,-37.13075],[-58.23844,-37.13088],[-58.23853,-37.13118],[-58.23856,-37.13168],[-58.23843,-37.1333],[-58.23844,-37.13377],[-58.23849,-37.13414],[-58.23862,-37.13456],[-58.23873,-37.13481],[-58.23898,-37.13522],[-58.2397,-37.13621],[-58.23987,-37.1365],[-58.23999,-37.13678],[-58.24008,-37.13707],[-58.24012,-37.1374],[-58.2401,-37.1377],[-58.24002,-37.13801],[-58.23993,-37.13821],[-58.23972,-37.13853],[-58.23954,-37.13875],[-58.23926,-37.13901],[-58.23891,-37.13926],[-58.23848,-37.13951],[-58.23799,-37.13975],[-58.23749,-37.13996],[-58.2367,-37.14024],[-58.23608,-37.14042],[-58.23498,-37.14067],[-58.23375,-37.14084],[-58.23148,-37.14104],[-58.23085,-37.14114],[-58.23047,-37.14122],[-58.22992,-37.1414],[-58.22954,-37.14158],[-58.22916,-37.14184],[-58.229,-37.14199],[-58.22879,-37.14226],[-58.2286,-37.14266],[-58.22851,-37.14307],[-58.22851,-37.14363],[-58.22861,-37.14461],[-58.22863,-37.14517],[-58.2286,-37.14562],[-58.22855,-37.14594],[-58.2284,-37.14655],[-58.22802,-37.14758],[-58.22682,-37.15024],[-58.22644,-37.15114],[-58.22612,-37.15199],[-58.2254,-37.15413],[-58.22456,-37.15706],[-58.22414,-37.15826],[-58.22368,-37.15926],[-58.22316,-37.16019],[-58.2223,-37.16154],[-58.22081,-37.16367],[-58.22038,-37.16433],[-58.21996,-37.1651],[-58.21966,-37.16582],[-58.21948,-37.16646],[-58.21941,-37.16701],[-58.21942,-37.16772],[-58.21957,-37.16926],[-58.21958,-37.16978],[-58.21953,-37.17041],[-58.21932,-37.17163],[-58.2188,-37.17402],[-58.21871,-37.17459],[-58.21856,-37.17575],[-58.21847,-37.17622],[-58.21839,-37.1765],[-58.21823,-37.17689],[-58.21803,-37.1772],[-58.21793,-37.17732],[-58.21772,-37.1775],[-58.21746,-37.17765],[-58.21656,-37.17799],[-58.21616,-37.1782],[-58.21586,-37.17846],[-58.21574,-37.17861],[-58.21565,-37.17879],[-58.21555,-37.17914],[-58.21552,-37.17966],[-58.21556,-37.18002],[-58.2158,-37.18127],[-58.21583,-37.18183],[-58.21581,-37.18215],[-58.21572,-37.18257],[-58.21558,-37.18298],[-58.21541,-37.18336],[-58.2152,-37.18371],[-58.21496,-37.18406],[-58.2146,-37.1845],[-58.21405,-37.18506],[-58.21344,-37.18559],[-58.21259,-37.1862],[-58.21066,-37.18743],[-58.20969,-37.18809],[-58.20607,-37.19074],[-58.20506,-37.19153],[-58.20431,-37.19222],[-58.20388,-37.19269],[-58.20355,-37.19309],[-58.20327,-37.19351],[-58.20291,-37.19413],[-58.20266,-37.19469],[-58.20253,-37.19507],[-58.20235,-37.19567],[-58.20222,-37.19628],[-58.20202,-37.19767],[-58.20168,-37.20096],[-58.20139,-37.20281],[-58.20096,-37.20518],[-58.20061,-37.20683],[-58.20027,-37.2081],[-58.2,-37.20886],[-58.1996,-37.20979],[-58.19911,-37.21076],[-58.19851,-37.2118],[-58.19795,-37.21268],[-58.19751,-37.21329],[-58.19697,-37.21397],[-58.19425,-37.21709],[-58.1938,-37.21764],[-58.19363,-37.21788],[-58.19341,-37.21827],[-58.19329,-37.21855],[-58.19318,-37.21895],[-58.19315,-37.21938],[-58.19317,-37.21961],[-58.19331,-37.22007],[-58.19347,-37.22034],[-58.19366,-37.22055],[-58.1939,-37.22073],[-58.19422,-37.2209],[-58.19463,-37.22102],[-58.19505,-37.22108],[-58.19556,-37.22107],[-58.19616,-37.22099],[-58.19741,-37.22072],[-58.19776,-37.22069],[-58.19805,-37.22072],[-58.19832,-37.22082],[-58.19851,-37.22099],[-58.19858,-37.22113],[-58.19863,-37.22135],[-58.19863,-37.22146],[-58.19857,-37.22183],[-58.19844,-37.2222],[-58.19806,-37.22311],[-58.19779,-37.2239],[-58.19726,-37.22607],[-58.19711,-37.22658],[-58.19695,-37.22698],[-58.19674,-37.22739],[-58.19641,-37.22786],[-58.19611,-37.2282],[-58.19569,-37.22857],[-58.19517,-37.22897],[-58.19414,-37.22967],[-58.19327,-37.23022],[-58.19235,-37.23075],[-58.19142,-37.23122],[-58.19058,-37.23159],[-58.18971,-37.23194],[-58.1888,-37.23226],[-58.18814,-37.23245],[-58.18743,-37.23261],[-58.18669,-37.23275],[-58.18439,-37.2331],[-58.18382,-37.23322],[-58.18328,-37.23337],[-58.1828,-37.23357],[-58.18242,-37.23382],[-58.18219,-37.23405],[-58.18206,-37.23423],[-58.18198,-37.23439],[-58.18191,-37.2347],[-58.18192,-37.23499],[-58.18198,-37.23523],[-58.18207,-37.23544],[-58.18224,-37.23572],[-58.18246,-37.236],[-58.18279,-37.23633],[-58.18333,-37.23674],[-58.1838,-37.23704],[-58.18474,-37.23751],[-58.18593,-37.23798],[-58.18681,-37.23828],[-58.19024,-37.23935],[-58.19112,-37.23966],[-58.19185,-37.23997],[-58.1928,-37.24042],[-58.19321,-37.24066],[-58.19375,-37.24101],[-58.19425,-37.2414],[-58.19447,-37.24162],[-58.19476,-37.24197],[-58.19494,-37.24226],[-58.1951,-37.24262],[-58.19516,-37.24292],[-58.19516,-37.2431],[-58.19512,-37.24321],[-58.19503,-37.24334],[-58.19489,-37.24344],[-58.19415,-37.24368],[-58.19373,-37.24391],[-58.19343,-37.24416],[-58.19318,-37.24449],[-58.19299,-37.24483],[-58.19288,-37.24511],[-58.19273,-37.24558],[-58.19263,-37.24606],[-58.19257,-37.24672],[-58.19261,-37.24743],[-58.19271,-37.24789],[-58.19287,-37.24833],[-58.19311,-37.2488],[-58.19334,-37.24916],[-58.19395,-37.2499],[-58.19552,-37.25145],[-58.19619,-37.25219],[-58.19677,-37.25294],[-58.19705,-37.25337],[-58.19738,-37.25395],[-58.19756,-37.25437],[-58.19771,-37.25482],[-58.19779,-37.25524],[-58.19781,-37.25553],[-58.1978,-37.25582],[-58.19774,-37.2562],[-58.19765,-37.25651],[-58.19751,-37.25685],[-58.19717,-37.25743],[-58.19681,-37.25789],[-58.19663,-37.25807],[-58.1964,-37.25824],[-58.19624,-37.25833],[-58.19597,-37.25843],[-58.19563,-37.2585],[-58.19511,-37.25848],[-58.19462,-37.25836],[-58.19385,-37.25809],[-58.19351,-37.25799],[-58.19314,-37.25793],[-58.19273,-37.25792],[-58.19226,-37.25799],[-58.19182,-37.25813],[-58.19136,-37.25835],[-58.19092,-37.25867],[-58.19047,-37.25907],[-58.19006,-37.25949],[-58.18952,-37.26006],[-58.18888,-37.26077],[-58.18802,-37.26188],[-58.18742,-37.26279],[-58.18715,-37.26326],[-58.18674,-37.26402],[-58.18573,-37.2662],[-58.18436,-37.26879],[-58.18326,-37.27106],[-58.1828,-37.27178],[-58.18234,-37.2723],[-58.18178,-37.2728],[-58.1814,-37.27304],[-58.18104,-37.27324],[-58.18057,-37.27342],[-58.18028,-37.27351],[-58.17975,-37.27361],[-58.17771,-37.2738],[-58.17676,-37.27396],[-58.1761,-37.27414],[-58.17577,-37.27426],[-58.17517,-37.27453],[-58.17472,-37.27476],[-58.17408,-37.27513],[-58.17363,-37.27543],[-58.17312,-37.27582],[-58.17271,-37.27618],[-58.17239,-37.27653],[-58.17203,-37.27697],[-58.17168,-37.27747],[-58.17115,-37.27835],[-58.17062,-37.27929],[-58.17013,-37.2802],[-58.16976,-37.28096],[-58.16948,-37.2816],[-58.1692,-37.28233],[-58.16899,-37.28301],[-58.16889,-37.28343],[-58.16879,-37.28391],[-58.1687,-37.28461],[-58.16865,-37.28575],[-58.16872,-37.28695],[-58.16878,-37.28747],[-58.16904,-37.28892],[-58.16908,-37.28922],[-58.16907,-37.28947],[-58.16904,-37.28966],[-58.16889,-37.29],[-58.1686,-37.29037],[-58.16826,-37.2907],[-58.1677,-37.29118],[-58.16719,-37.29158],[-58.16627,-37.29219],[-58.16478,-37.29305],[-58.164,-37.2936],[-58.1635,-37.29405],[-58.16316,-37.29441],[-58.16278,-37.29486],[-58.16196,-37.29594],[-58.16076,-37.29759],[-58.16028,-37.2983],[-58.1598,-37.2991],[-58.15944,-37.29983],[-58.15912,-37.30065],[-58.15889,-37.30147],[-58.15876,-37.3022],[-58.15874,-37.30256],[-58.15876,-37.3029],[-58.15881,-37.30314],[-58.15889,-37.30338],[-58.15895,-37.30348],[-58.15914,-37.3037],[-58.15933,-37.30383],[-58.15969,-37.30394],[-58.15988,-37.30395],[-58.16017,-37.30392],[-58.16074,-37.30377],[-58.16127,-37.30356],[-58.16246,-37.303],[-58.16322,-37.3027],[-58.16421,-37.30239],[-58.16515,-37.30219],[-58.16541,-37.30217],[-58.16576,-37.30218],[-58.166,-37.30222],[-58.16622,-37.30233],[-58.16639,-37.3025],[-58.16645,-37.30266],[-58.16646,-37.30282],[-58.16641,-37.30307],[-58.16631,-37.30331],[-58.16614,-37.30357],[-58.16571,-37.30407],[-58.16504,-37.30471],[-58.16429,-37.30534],[-58.16198,-37.30721],[-58.16102,-37.30795],[-58.1594,-37.30912],[-58.15693,-37.31085],[-58.1563,-37.31132],[-58.15567,-37.31183],[-58.15509,-37.31237],[-58.15459,-37.3129],[-58.15407,-37.31354],[-58.15378,-37.31399],[-58.15357,-37.31436],[-58.15337,-37.31483],[-58.15319,-37.31536],[-58.15307,-37.31594],[-58.15301,-37.31672],[-58.15303,-37.31735],[-58.1531,-37.31788],[-58.15321,-37.31833],[-58.15335,-37.31877],[-58.15352,-37.31917],[-58.15372,-37.31954],[-58.15419,-37.32026],[-58.15499,-37.32135],[-58.15529,-37.32185],[-58.15548,-37.32238],[-58.15553,-37.32272],[-58.1555,-37.32302],[-58.15539,-37.3233],[-58.15527,-37.32347],[-58.15501,-37.32369],[-58.1546,-37.32387],[-58.15373,-37.32405],[-58.15348,-37.32412],[-58.15325,-37.32422],[-58.15287,-37.32448],[-58.15259,-37.32478],[-58.15246,-37.32496],[-58.15225,-37.32534],[-58.1521,-37.32571],[-58.15155,-37.32755],[-58.15105,-37.32884],[-58.14991,-37.33134],[-58.14967,-37.3318],[-58.14939,-37.33226],[-58.14904,-37.33267],[-58.14883,-37.33285],[-58.14855,-37.33304],[-58.14823,-37.33318],[-58.14801,-37.33323],[-58.14764,-37.33328],[-58.14722,-37.33326],[-58.1468,-37.33318],[-58.14524,-37.33278],[-58.1445,-37.33262],[-58.14373,-37.3325],[-58.14299,-37.33242],[-58.14223,-37.33238],[-58.14152,-37.33237],[-58.14083,-37.33241],[-58.13993,-37.33252],[-58.1392,-37.33267],[-58.13864,-37.33282],[-58.13811,-37.333],[-58.13773,-37.33317],[-58.13729,-37.33343],[-58.13703,-37.33364],[-58.13674,-37.33392],[-58.13655,-37.33419],[-58.13641,-37.33448],[-58.13631,-37.3349],[-58.13631,-37.33527],[-58.13639,-37.33572],[-58.13656,-37.33619],[-58.13691,-37.33691],[-58.13753,-37.338],[-58.13845,-37.33952],[-58.1387,-37.33999],[-58.13887,-37.34038],[-58.13902,-37.34093],[-58.13906,-37.34133],[-58.13901,-37.34182],[-58.13891,-37.34219],[-58.13864,-37.34275],[-58.13813,-37.34351],[-58.13763,-37.34413],[-58.13546,-37.3467],[-58.13437,-37.34808],[-58.13401,-37.34859],[-58.13362,-37.3492],[-58.13319,-37.34999],[-58.1329,-37.35063],[-58.13268,-37.35119],[-58.13243,-37.35205],[-58.13231,-37.35279],[-58.13219,-37.35468],[-58.13208,-37.35526],[-58.13187,-37.35583],[-58.13162,-37.35635],[-58.13117,-37.35714],[-58.12955,-37.35964],[-58.12874,-37.36098],[-58.12805,-37.36221],[-58.12755,-37.3632],[-58.12712,-37.36423],[-58.12692,-37.36481],[-58.12673,-37.3655],[-58.12634,-37.36708],[-58.12608,-37.36791],[-58.12586,-37.36847],[-58.12541,-37.36943],[-58.12494,-37.37022],[-58.12456,-37.37078],[-58.1239,-37.37159],[-58.12335,-37.37216],[-58.12279,-37.37265],[-58.1223,-37.37304],[-58.12164,-37.3735],[-58.12009,-37.3745],[-58.1191,-37.37523],[-58.11856,-37.37571],[-58.11822,-37.37608],[-58.11785,-37.37655],[-58.11769,-37.37679],[-58.11739,-37.37736],[-58.1172,-37.37785],[-58.11705,-37.37838],[-58.117,-37.37869],[-58.11694,-37.37924],[-58.11693,-37.37969],[-58.11696,-37.38015],[-58.11706,-37.38085],[-58.11727,-37.38189],[-58.1173,-37.38237],[-58.11725,-37.38272],[-58.11712,-37.38305],[-58.11697,-37.38329],[-58.11677,-37.38351],[-58.11653,-37.3837],[-58.11627,-37.38385],[-58.11593,-37.384],[-58.11549,-37.38412],[-58.11489,-37.38418],[-58.1145,-37.38416],[-58.11407,-37.38409],[-58.11268,-37.38374],[-58.11234,-37.38368],[-58.11175,-37.38364],[-58.1112,-37.38371],[-58.11071,-37.38389],[-58.11052,-37.384],[-58.11024,-37.38423],[-58.11001,-37.3845],[-58.10989,-37.38473],[-58.10982,-37.38498],[-58.1098,-37.38525],[-58.10982,-37.38542],[-58.10993,-37.38571],[-58.11018,-37.38605],[-58.11041,-37.38626],[-58.11063,-37.3864],[-58.11127,-37.38672],[-58.11203,-37.387],[-58.11326,-37.38735],[-58.11434,-37.38758],[-58.11517,-37.38768],[-58.11586,-37.3877],[-58.11664,-37.38766],[-58.11794,-37.38749],[-58.12054,-37.38704],[-58.12157,-37.38693],[-58.1219,-37.38692],[-58.12245,-37.38698],[-58.12278,-37.38707],[-58.1231,-37.38722],[-58.12334,-37.38741],[-58.1235,-37.3876],[-58.12362,-37.38782],[-58.12368,-37.388],[-58.12375,-37.3884],[-58.12373,-37.38901],[-58.12364,-37.38963],[-58.12351,-37.39023],[-58.12311,-37.39167],[-58.12281,-37.39248],[-58.12261,-37.39289],[-58.12242,-37.39319],[-58.12205,-37.39368],[-58.12173,-37.39404],[-58.12137,-37.39439],[-58.12089,-37.3948],[-58.12057,-37.39505],[-58.12006,-37.3954],[-58.11957,-37.39566],[-58.11929,-37.39578],[-58.11848,-37.39603],[-58.11747,-37.39621],[-58.11639,-37.39633],[-58.11464,-37.39643],[-58.114,-37.39652],[-58.11361,-37.39661],[-58.11336,-37.39671],[-58.11303,-37.39689],[-58.11279,-37.39708],[-58.11267,-37.39722],[-58.11252,-37.39744],[-58.11239,-37.39771],[-58.11225,-37.39821],[-58.11201,-37.39956],[-58.11174,-37.40067],[-58.11136,-37.4019],[-58.11102,-37.40279],[-58.11067,-37.40351],[-58.11028,-37.40412],[-58.10982,-37.40469],[-58.10938,-37.40512],[-58.10891,-37.4055],[-58.10828,-37.40588],[-58.10785,-37.40611],[-58.10724,-37.40637],[-58.10654,-37.40662],[-58.10551,-37.40694],[-58.10244,-37.40781],[-58.10116,-37.40821],[-58.10023,-37.40855],[-58.09947,-37.40886],[-58.09834,-37.40941],[-58.09778,-37.40972],[-58.09723,-37.41008],[-58.09684,-37.41037],[-58.09633,-37.41081],[-58.09584,-37.41133],[-58.09543,-37.41185],[-58.09515,-37.41228],[-58.09491,-37.41271],[-58.0947,-37.41316],[-58.09449,-37.41374],[-58.09435,-37.41431],[-58.09426,-37.41498],[-58.09425,-37.41539],[-58.09427,-37.41586],[-58.09435,-37.41643],[-58.09451,-37.41716],[-58.09473,-37.41785],[-58.09509,-37.41877],[-58.09541,-37.41946],[-58.09571,-37.42003],[-58.0963,-37.42097],[-58.09778,-37.42295],[-58.09837,-37.42384],[-58.09898,-37.42497],[-58.09932,-37.42571],[-58.09959,-37.42639],[-58.09999,-37.42748],[-58.10029,-37.42842],[-58.10047,-37.42909],[-58.10059,-37.42982],[-58.10063,-37.4303],[-58.1006,-37.43099],[-58.10046,-37.43164],[-58.1003,-37.43209],[-58.10006,-37.43253],[-58.09972,-37.43303],[-58.09925,-37.43356],[-58.09872,-37.43407],[-58.09796,-37.43469],[-58.09531,-37.43674],[-58.09286,-37.43856],[-58.09236,-37.43897],[-58.09194,-37.43935],[-58.09126,-37.44008],[-58.09091,-37.44054],[-58.0906,-37.441],[-58.0903,-37.44152],[-58.09003,-37.44205],[-58.08975,-37.44268],[-58.08869,-37.44535],[-58.08683,-37.44977],[-58.0861,-37.45133],[-58.08491,-37.45365],[-58.08459,-37.45437],[-58.08441,-37.45487],[-58.08428,-37.45535],[-58.08417,-37.45591],[-58.08412,-37.45642],[-58.08411,-37.45694],[-58.08419,-37.45775],[-58.08448,-37.45908],[-58.08456,-37.45955],[-58.08458,-37.45987],[-58.08457,-37.46042],[-58.08447,-37.46097],[-58.08428,-37.46156],[-58.08402,-37.46208],[-58.08364,-37.46263],[-58.0833,-37.46302],[-58.08292,-37.46337],[-58.08253,-37.4637],[-58.08186,-37.46418],[-58.08091,-37.46476],[-58.08046,-37.46499],[-58.0798,-37.46527],[-58.07913,-37.4655],[-58.07858,-37.46566],[-58.07783,-37.46582],[-58.07725,-37.46591],[-58.07639,-37.466],[-58.07453,-37.46607],[-58.07391,-37.46615],[-58.07339,-37.46634],[-58.07302,-37.46657],[-58.07273,-37.46682],[-58.07246,-37.46711],[-58.07223,-37.4674],[-58.07062,-37.46983],[-58.06999,-37.47069],[-58.06943,-37.47139],[-58.06894,-37.47194],[-58.06832,-37.4726],[-58.06632,-37.4746],[-58.06549,-37.47546],[-58.06486,-37.47616],[-58.06436,-37.47675],[-58.06378,-37.4775],[-58.06328,-37.4782],[-58.06211,-37.47997],[-58.06172,-37.48062],[-58.0613,-37.48142],[-58.06089,-37.48241],[-58.06061,-37.48332],[-58.0602,-37.4852],[-58.05999,-37.48597],[-58.05976,-37.4866],[-58.05918,-37.48793],[-58.05893,-37.4886],[-58.05872,-37.48934],[-58.05863,-37.48984],[-58.0586,-37.49028],[-58.05861,-37.49069],[-58.05867,-37.49114],[-58.05876,-37.49153],[-58.05903,-37.49227],[-58.0598,-37.49383],[-58.05992,-37.49418],[-58.06001,-37.49452],[-58.06006,-37.4949],[-58.06005,-37.49536],[-58.05997,-37.49578],[-58.05985,-37.4961],[-58.05969,-37.4964],[-58.05946,-37.49672],[-58.05915,-37.49706],[-58.05882,-37.49738],[-58.05829,-37.49784],[-58.05779,-37.49821],[-58.05745,-37.4984],[-58.05715,-37.49853],[-58.05686,-37.4986],[-58.05657,-37.49861],[-58.05621,-37.49855],[-58.05597,-37.49844],[-58.05578,-37.49831],[-58.05557,-37.49809],[-58.0554,-37.49783],[-58.05515,-37.49735],[-58.05503,-37.49718],[-58.05484,-37.49703],[-58.05468,-37.49696],[-58.05448,-37.49693],[-58.0542,-37.49695],[-58.05392,-37.49703],[-58.05366,-37.49716],[-58.05345,-37.4973],[-58.05317,-37.49753],[-58.05296,-37.49774],[-58.05253,-37.49829],[-58.05224,-37.49878],[-58.05209,-37.49909],[-58.05176,-37.50001],[-58.05139,-37.50139],[-58.05108,-37.50297],[-58.05092,-37.50417],[-58.05083,-37.50545],[-58.05082,-37.50622],[-58.05089,-37.50854],[-58.05087,-37.50923],[-58.0508,-37.50978],[-58.05068,-37.51035],[-58.05049,-37.51095],[-58.05035,-37.51127],[-58.05012,-37.51174],[-58.0498,-37.5123],[-58.04899,-37.51348],[-58.04554,-37.51801],[-58.04287,-37.52121],[-58.04259,-37.52157],[-58.04224,-37.52211],[-58.04203,-37.5225],[-58.04193,-37.52276],[-58.04185,-37.52317],[-58.04188,-37.52347],[-58.04196,-37.52366],[-58.04209,-37.52381],[-58.0423,-37.52392],[-58.04252,-37.52396],[-58.04279,-37.52395],[-58.04342,-37.52387],[-58.04361,-37.52387],[-58.04384,-37.52392],[-58.04405,-37.52403],[-58.04419,-37.52416],[-58.04429,-37.52432],[-58.04434,-37.52449],[-58.04435,-37.52477],[-58.0443,-37.52503],[-58.0442,-37.52529],[-58.04401,-37.52565],[-58.04378,-37.52597],[-58.04348,-37.52632],[-58.04247,-37.52739],[-58.04221,-37.52773],[-58.04195,-37.5281],[-58.04178,-37.52841],[-58.04159,-37.52884],[-58.04148,-37.52921],[-58.0414,-37.5297],[-58.04141,-37.53009],[-58.04149,-37.53045],[-58.0416,-37.53073],[-58.04175,-37.53098],[-58.04204,-37.5313],[-58.04243,-37.53159],[-58.04275,-37.53175],[-58.04345,-37.53202],[-58.04376,-37.53218],[-58.04392,-37.53234],[-58.04399,-37.5325],[-58.044,-37.53265],[-58.04398,-37.5328],[-58.04391,-37.53299],[-58.04378,-37.53321],[-58.0435,-37.53355],[-58.04319,-37.53387],[-58.04279,-37.5342],[-58.04217,-37.5346],[-58.04182,-37.53476],[-58.04135,-37.53492],[-58.04076,-37.53505],[-58.04018,-37.5351],[-58.0395,-37.53509],[-58.03831,-37.535],[-58.0378,-37.53501],[-58.0374,-37.53506],[-58.03699,-37.53515],[-58.03657,-37.5353],[-58.03626,-37.53545],[-58.03595,-37.53565],[-58.03566,-37.53587],[-58.03539,-37.53613],[-58.03509,-37.5365],[-58.03496,-37.5367],[-58.03477,-37.53711],[-58.03468,-37.53737],[-58.03462,-37.53768],[-58.0346,-37.5382],[-58.03471,-37.53879],[-58.03494,-37.53939],[-58.03539,-37.5402],[-58.03679,-37.54234],[-58.04015,-37.54787],[-58.04071,-37.54878],[-58.04154,-37.55003],[-58.04179,-37.55045],[-58.04196,-37.55081],[-58.04205,-37.55109],[-58.04212,-37.55146],[-58.04213,-37.55168],[-58.04209,-37.552],[-58.04194,-37.55246],[-58.04182,-37.55267],[-58.04164,-37.5529],[-58.04144,-37.55308],[-58.04112,-37.55327],[-58.04063,-37.55343],[-58.04022,-37.55349],[-58.03901,-37.55359],[-58.03864,-37.55366],[-58.03817,-37.55381],[-58.03771,-37.55403],[-58.03737,-37.55425],[-58.03714,-37.55445],[-58.0368,-37.55481],[-58.03655,-37.55513],[-58.03628,-37.55557],[-58.03596,-37.55621],[-58.03567,-37.55699],[-58.03518,-37.55859],[-58.03492,-37.55924],[-58.03469,-37.55969],[-58.03446,-37.56009],[-58.0339,-37.56088],[-58.03338,-37.5615],[-58.03119,-37.56396],[-58.03023,-37.56496],[-58.02934,-37.56574],[-58.02713,-37.56745],[-58.02655,-37.56796],[-58.026,-37.56852],[-58.02553,-37.56905],[-58.02514,-37.56954],[-58.02346,-37.57182],[-58.02287,-37.5725],[-58.0217,-37.57373],[-58.02126,-37.57428],[-58.02092,-37.57486],[-58.02076,-37.57521],[-58.02067,-37.57549],[-58.02055,-37.57617],[-58.02047,-37.57738],[-58.0204,-37.57781],[-58.02031,-37.57816],[-58.02023,-37.57834],[-58.02013,-37.57854],[-58.02,-37.5787],[-58.01983,-37.57885],[-58.01961,-37.57895],[-58.01936,-37.57899],[-58.01911,-37.57898],[-58.0187,-37.57885],[-58.01848,-37.57875],[-58.01768,-37.57827],[-58.01743,-37.57819],[-58.01727,-37.57817],[-58.01692,-37.57826],[-58.01673,-37.57839],[-58.01657,-37.57857],[-58.01634,-37.579],[-58.0162,-37.57948],[-58.01612,-37.58004],[-58.0161,-37.58073],[-58.01615,-37.58151],[-58.01624,-37.58239],[-58.01674,-37.58593],[-58.01679,-37.58656],[-58.0168,-37.58694],[-58.01674,-37.58741],[-58.0166,-37.58787],[-58.01641,-37.5882],[-58.01616,-37.58849],[-58.01603,-37.5886],[-58.01562,-37.58888],[-58.01528,-37.58905],[-58.0149,-37.5892],[-58.01414,-37.5894],[-58.01226,-37.58967],[-58.01141,-37.58986],[-58.01063,-37.59014],[-58.0101,-37.59038],[-58.0096,-37.59066],[-58.00889,-37.59111],[-58.00717,-37.59224],[-58.00654,-37.59267],[-58.00578,-37.59326],[-58.00496,-37.59396],[-58.0027,-37.59599],[-58.00079,-37.59784],[-58.00044,-37.59814],[-57.99983,-37.59859],[-57.99923,-37.59895],[-57.99862,-37.59927],[-57.99651,-37.60029],[-57.99548,-37.60082],[-57.99303,-37.60231],[-57.99211,-37.60281],[-57.99091,-37.60336],[-57.98795,-37.60456],[-57.98716,-37.60494],[-57.98669,-37.60521],[-57.9863,-37.60548],[-57.98595,-37.60577],[-57.98567,-37.60606],[-57.98551,-37.60626],[-57.98531,-37.6066],[-57.98517,-37.60688],[-57.98504,-37.60727],[-57.98497,-37.60757],[-57.98492,-37.60791],[-57.98492,-37.60848],[-57.98503,-37.60902],[-57.98512,-37.60928],[-57.98527,-37.60958],[-57.98555,-37.60999],[-57.98621,-37.61072],[-57.98641,-37.61098],[-57.98657,-37.61124],[-57.98665,-37.61145],[-57.98668,-37.61164],[-57.98665,-37.61199],[-57.98652,-37.61232],[-57.98623,-37.61277],[-57.98541,-37.61372],[-57.98464,-37.61451],[-57.98434,-37.61477],[-57.98401,-37.61501],[-57.98372,-37.61519],[-57.98341,-37.61534],[-57.98306,-37.61546],[-57.98266,-37.61553],[-57.98221,-37.61555],[-57.98186,-37.6155],[-57.98156,-37.61542],[-57.9812,-37.61528],[-57.98046,-37.6149],[-57.98014,-37.61476],[-57.97988,-37.61468],[-57.97954,-37.61465],[-57.97927,-37.61469],[-57.97902,-37.61478],[-57.97881,-37.61492],[-57.97866,-37.61505],[-57.97839,-37.61544],[-57.97823,-37.6159],[-57.97817,-37.61632],[-57.97817,-37.61677],[-57.9783,-37.61747],[-57.97931,-37.62062],[-57.97954,-37.62126],[-57.9799,-37.622],[-57.98021,-37.62248],[-57.98061,-37.62296],[-57.98162,-37.62397],[-57.98183,-37.62426],[-57.98196,-37.62454],[-57.98202,-37.62488],[-57.98198,-37.62521],[-57.9818,-37.62562],[-57.98153,-37.62599],[-57.98117,-37.62632],[-57.98068,-37.62666],[-57.9801,-37.62694],[-57.97951,-37.62717],[-57.97888,-37.62735],[-57.97812,-37.62752],[-57.97737,-37.62765],[-57.97529,-37.62793],[-57.97443,-37.6281],[-57.97393,-37.62823],[-57.97343,-37.6284],[-57.97261,-37.62875],[-57.97203,-37.62905],[-57.97114,-37.62959],[-57.97051,-37.63002],[-57.97002,-37.63039],[-57.96928,-37.63103],[-57.96866,-37.63167],[-57.9684,-37.632],[-57.96818,-37.63233],[-57.96787,-37.63297],[-57.96771,-37.63347],[-57.96751,-37.63439],[-57.96737,-37.63483],[-57.96722,-37.63513],[-57.96708,-37.63532],[-57.96677,-37.63563],[-57.96649,-37.63582],[-57.96617,-37.63598],[-57.96578,-37.63612],[-57.96535,-37.63622],[-57.96488,-37.63628],[-57.96368,-37.63636],[-57.96311,-37.63643],[-57.96235,-37.63658],[-57.96176,-37.63676],[-57.96126,-37.63699],[-57.96086,-37.63723],[-57.96033,-37.63766],[-57.96003,-37.638],[-57.95969,-37.63846],[-57.95943,-37.63893],[-57.95917,-37.63955],[-57.959,-37.64013],[-57.95885,-37.64105],[-57.95876,-37.64321],[-57.95866,-37.64405],[-57.95853,-37.64462],[-57.95839,-37.64511],[-57.95824,-37.64553],[-57.95796,-37.64613],[-57.95739,-37.64709],[-57.95658,-37.64824],[-57.95588,-37.64915],[-57.95422,-37.65114],[-57.95367,-37.65191],[-57.95341,-37.65233],[-57.95315,-37.65283],[-57.9524,-37.65442],[-57.95201,-37.65507],[-57.95165,-37.65549],[-57.95139,-37.65573],[-57.95078,-37.65621],[-57.95055,-37.65645],[-57.95042,-37.65663],[-57.95028,-37.65688],[-57.95016,-37.65717],[-57.94979,-37.65845],[-57.9496,-37.65893],[-57.94942,-37.65932],[-57.94894,-37.66018],[-57.94818,-37.66124],[-57.94723,-37.66241],[-57.94675,-37.66296],[-57.94621,-37.66352],[-57.94539,-37.66424],[-57.94449,-37.66488],[-57.94364,-37.66539],[-57.94194,-37.66634],[-57.94122,-37.66674],[-57.94068,-37.66699],[-57.94026,-37.66716],[-57.93978,-37.66731],[-57.93941,-37.66739],[-57.93824,-37.66758],[-57.93802,-37.66764],[-57.93764,-37.66779],[-57.93738,-37.66794],[-57.93711,-37.66815],[-57.93682,-37.66846],[-57.93657,-37.66882],[-57.93632,-37.66929],[-57.93611,-37.66984],[-57.93555,-37.67179],[-57.93525,-37.67275],[-57.93412,-37.67589],[-57.93383,-37.67678],[-57.93361,-37.67768],[-57.9335,-37.67853],[-57.93349,-37.67919],[-57.93354,-37.68068],[-57.93352,-37.68107],[-57.93345,-37.6815],[-57.93337,-37.68181],[-57.9332,-37.68228],[-57.93301,-37.68265],[-57.93272,-37.6831],[-57.93249,-37.68339],[-57.93201,-37.6839],[-57.93121,-37.68462],[-57.92937,-37.68604],[-57.92778,-37.6872],[-57.92656,-37.68797],[-57.92463,-37.68908],[-57.9239,-37.68952],[-57.92181,-37.69093],[-57.92109,-37.69139],[-57.92036,-37.6918],[-57.91919,-37.69233],[-57.91877,-37.69261],[-57.91849,-37.6929],[-57.91835,-37.69311],[-57.91824,-37.69334],[-57.91794,-37.69438],[-57.91784,-37.69467],[-57.91767,-37.69504],[-57.91741,-37.69547],[-57.91709,-37.69586],[-57.91645,-37.6965],[-57.91481,-37.69791],[-57.91363,-37.69896],[-57.91201,-37.70044],[-57.91087,-37.70152],[-57.90962,-37.70278],[-57.90891,-37.70353],[-57.90825,-37.70432],[-57.90781,-37.7049],[-57.90715,-37.70593],[-57.90639,-37.70733],[-57.90591,-37.70835],[-57.90563,-37.70917],[-57.90553,-37.70963],[-57.9055,-37.71013],[-57.90554,-37.7106],[-57.90579,-37.71184],[-57.90581,-37.71216],[-57.90577,-37.71259],[-57.90564,-37.71304],[-57.90549,-37.71341],[-57.9053,-37.71376],[-57.90461,-37.71489],[-57.90419,-37.71572],[-57.90376,-37.71679],[-57.90342,-37.71782],[-57.90324,-37.71857],[-57.90314,-37.71926],[-57.90308,-37.72018],[-57.90306,-37.72201],[-57.90303,-37.72254],[-57.90296,-37.72305],[-57.90283,-37.72364],[-57.90273,-37.72395],[-57.90256,-37.7244],[-57.90232,-37.72489],[-57.90207,-37.7253],[-57.90179,-37.72569],[-57.90148,-37.72608],[-57.90101,-37.72659],[-57.90041,-37.72717],[-57.89836,-37.72897],[-57.89778,-37.72953],[-57.89727,-37.73014],[-57.89696,-37.7306],[-57.89667,-37.73108],[-57.8964,-37.73162],[-57.8961,-37.73234],[-57.89594,-37.73281],[-57.89581,-37.73337],[-57.89576,-37.73384],[-57.89576,-37.73413],[-57.89582,-37.73455],[-57.89602,-37.73544],[-57.89606,-37.73576],[-57.89605,-37.73626],[-57.89595,-37.7367],[-57.89582,-37.73703],[-57.89567,-37.73732],[-57.89542,-37.73769],[-57.89489,-37.73828],[-57.89218,-37.74093],[-57.8912,-37.74181],[-57.88837,-37.74423],[-57.88753,-37.74501],[-57.88688,-37.74566],[-57.88607,-37.74653],[-57.88539,-37.74733],[-57.88481,-37.74812],[-57.8845,-37.74868],[-57.88425,-37.74933],[-57.88413,-37.7499],[-57.88412,-37.75051],[-57.88423,-37.75118],[-57.88443,-37.7518],[-57.88516,-37.75359],[-57.88578,-37.75546],[-57.88608,-37.75611],[-57.88641,-37.75662],[-57.88674,-37.75703],[-57.8886,-37.75893],[-57.88908,-37.75948],[-57.8907,-37.76148],[-57.89134,-37.76219],[-57.89297,-37.76388],[-57.89352,-37.76452],[-57.89394,-37.76505],[-57.89453,-37.76592],[-57.89486,-37.76649],[-57.89502,-37.76682],[-57.89517,-37.76721],[-57.89529,-37.76762],[-57.89534,-37.76803],[-57.89535,-37.76839],[-57.89531,-37.76876],[-57.89518,-37.76925],[-57.895,-37.76966],[-57.8947,-37.77017],[-57.89433,-37.77067],[-57.89314,-37.77207],[-57.89273,-37.77249],[-57.89237,-37.77277],[-57.89203,-37.77296],[-57.89182,-37.77306],[-57.89135,-37.7732],[-57.89081,-37.77329],[-57.88953,-37.7734],[-57.8889,-37.77349],[-57.88816,-37.77366],[-57.8873,-37.77398],[-57.8868,-37.77421],[-57.88607,-37.77459],[-57.88522,-37.77512],[-57.88444,-37.7757],[-57.88408,-37.77601],[-57.8837,-37.77638],[-57.88342,-37.77671],[-57.88315,-37.77707],[-57.88292,-37.77745],[-57.88271,-37.77791],[-57.88247,-37.77871],[-57.88214,-37.78042],[-57.8819,-37.78137],[-57.88169,-37.78195],[-57.88147,-37.78245],[-57.88112,-37.78306],[-57.88073,-37.78361],[-57.88042,-37.78401],[-57.87778,-37.78722],[-57.87717,-37.78789],[-57.87673,-37.78831],[-57.87631,-37.78868],[-57.87499,-37.78973],[-57.87469,-37.79002],[-57.87444,-37.79029],[-57.87424,-37.79055],[-57.87408,-37.7908],[-57.87397,-37.79109],[-57.87392,-37.79134],[-57.87392,-37.79155],[-57.87397,-37.7918],[-57.87404,-37.79196],[-57.87419,-37.79216],[-57.87434,-37.79228],[-57.87462,-37.79241],[-57.87494,-37.79247],[-57.87529,-37.79246],[-57.87559,-37.7924],[-57.87645,-37.79215],[-57.87672,-37.79212],[-57.87691,-37.79214],[-57.87711,-37.79222],[-57.87731,-37.79241],[-57.87741,-37.79262],[-57.87746,-37.79292],[-57.87744,-37.79324],[-57.8773,-37.79377],[-57.87687,-37.79505],[-57.87664,-37.79593],[-57.87644,-37.79699],[-57.87621,-37.79861],[-57.87605,-37.80035],[-57.87599,-37.80178],[-57.87601,-37.80273],[-57.87611,-37.8035],[-57.87627,-37.80407],[-57.87643,-37.80447],[-57.87665,-37.80487],[-57.87688,-37.80522],[-57.87735,-37.80581],[-57.87868,-37.80731],[-57.87949,-37.8083],[-57.88083,-37.81009],[-57.88118,-37.81067],[-57.88132,-37.81098],[-57.88144,-37.81146],[-57.88145,-37.81183],[-57.88143,-37.81207],[-57.88129,-37.81256],[-57.88085,-37.81355],[-57.88066,-37.81412],[-57.88057,-37.81475],[-57.88058,-37.81536],[-57.88072,-37.81613],[-57.88096,-37.81685],[-57.88122,-37.81742],[-57.88194,-37.81869],[-57.88216,-37.81917],[-57.88234,-37.81965],[-57.88249,-37.82016],[-57.88254,-37.82049],[-57.88254,-37.82079],[-57.88244,-37.82109],[-57.8823,-37.82127],[-57.88212,-37.82142],[-57.88081,-37.82219],[-57.88043,-37.82247],[-57.87997,-37.82284],[-57.87922,-37.82357],[-57.87807,-37.82479],[-57.87758,-37.82528],[-57.87681,-37.82597],[-57.87594,-37.82665],[-57.87494,-37.82736],[-57.87251,-37.82903],[-57.86995,-37.83063],[-57.86835,-37.8317],[-57.86741,-37.83227],[-57.86688,-37.83255],[-57.86622,-37.83285],[-57.86492,-37.83332],[-57.86331,-37.83379],[-57.86041,-37.83454],[-57.85943,-37.83486],[-57.85775,-37.83548],[-57.85682,-37.83575],[-57.85641,-37.83582],[-57.85599,-37.83585],[-57.85547,-37.83582],[-57.8552,-37.83577],[-57.85478,-37.83564],[-57.85438,-37.83546],[-57.85403,-37.83524],[-57.85362,-37.83491],[-57.85341,-37.83469],[-57.85311,-37.83433],[-57.85271,-37.83373],[-57.85231,-37.83297],[-57.85146,-37.83121],[-57.85116,-37.83068],[-57.8509,-37.83025],[-57.8504,-37.82962],[-57.84997,-37.82922],[-57.84961,-37.82898],[-57.84908,-37.82874],[-57.84866,-37.82862],[-57.84809,-37.82852],[-57.84738,-37.82849],[-57.84658,-37.82855],[-57.84593,-37.82866],[-57.84526,-37.82884],[-57.84461,-37.82907],[-57.84405,-37.82932],[-57.84355,-37.82959],[-57.84297,-37.82995],[-57.84228,-37.83047],[-57.84177,-37.83092],[-57.84113,-37.83159],[-57.83926,-37.83386],[-57.83874,-37.83443],[-57.83837,-37.83479],[-57.83794,-37.83516],[-57.83725,-37.83567],[-57.83659,-37.83607],[-57.83604,-37.83635],[-57.83534,-37.83663],[-57.83462,-37.83687],[-57.83388,-37.83707],[-57.83275,-37.83729],[-57.83126,-37.83748],[-57.82839,-37.83773],[-57.82703,-37.83786],[-57.8259,-37.83801],[-57.82485,-37.8382],[-57.82405,-37.83839],[-57.82367,-37.8385],[-57.82327,-37.83865],[-57.82262,-37.83896],[-57.82218,-37.83922],[-57.8219,-37.83944],[-57.82137,-37.83992],[-57.82091,-37.84049],[-57.82018,-37.84157],[-57.81972,-37.84218],[-57.8193,-37.84264],[-57.81868,-37.84317],[-57.81806,-37.84359],[-57.81699,-37.84419],[-57.81569,-37.8448],[-57.81306,-37.84594],[-57.81221,-37.84637],[-57.81152,-37.84677],[-57.81066,-37.84735],[-57.80987,-37.84797],[-57.80912,-37.84864],[-57.80741,-37.85027],[-57.80684,-37.85074],[-57.80641,-37.85105],[-57.80588,-37.85138],[-57.80519,-37.85172],[-57.80467,-37.85193],[-57.80398,-37.85214],[-57.80311,-37.85233],[-57.80215,-37.85247],[-57.79708,-37.85297],[-57.79592,-37.85314],[-57.7954,-37.85325],[-57.7945,-37.8535],[-57.79149,-37.8545],[-57.78964,-37.85508],[-57.78825,-37.85548],[-57.78705,-37.85578],[-57.78603,-37.856],[-57.7849,-37.85622],[-57.78334,-37.85646],[-57.78005,-37.85693],[-57.77861,-37.85718],[-57.77765,-37.8574],[-57.77697,-37.85758],[-57.77603,-37.85788],[-57.77106,-37.85965],[-57.7698,-37.86017],[-57.7666,-37.86157],[-57.76503,-37.86219],[-57.76422,-37.86245],[-57.7636,-37.86261],[-57.76305,-37.86273],[-57.76229,-37.86285],[-57.7615,-37.86292],[-57.76066,-37.86295],[-57.75942,-37.86294],[-57.7576,-37.86286],[-57.75592,-37.86276],[-57.75467,-37.86265],[-57.75366,-37.86252],[-57.75278,-37.86236],[-57.75221,-37.86222],[-57.75161,-37.86202],[-57.75114,-37.86183],[-57.75071,-37.86162],[-57.74992,-37.86114],[-57.7486,-37.86018],[-57.74812,-37.85987],[-57.74737,-37.85948],[-57.74684,-37.85927],[-57.74611,-37.85905],[-57.74524,-37.85886],[-57.74331,-37.85852],[-57.74224,-37.85836],[-57.74117,-37.85826],[-57.74027,-37.85826],[-57.73947,-37.85833],[-57.73881,-37.85845],[-57.73818,-37.85865],[-57.7376,-37.85893],[-57.73729,-37.85912],[-57.73702,-37.85933],[-57.73663,-37.8597],[-57.73634,-37.86006],[-57.73608,-37.86045],[-57.73583,-37.86093],[-57.73558,-37.86158],[-57.73541,-37.86216],[-57.73528,-37.86273],[-57.73485,-37.86529],[-57.73463,-37.86631],[-57.73445,-37.86695],[-57.73427,-37.86749],[-57.73386,-37.86846],[-57.73357,-37.86902],[-57.73324,-37.86959],[-57.73238,-37.87089],[-57.73129,-37.87238],[-57.72939,-37.87474],[-57.7288,-37.87551],[-57.72816,-37.87643],[-57.72762,-37.87732],[-57.72706,-37.87844],[-57.72658,-37.87955],[-57.72493,-37.88389],[-57.72453,-37.88512],[-57.7243,-37.88603],[-57.72415,-37.88679],[-57.72408,-37.88734],[-57.72404,-37.88806],[-57.72406,-37.88872],[-57.72425,-37.89056],[-57.72427,-37.89237],[-57.72432,-37.89323],[-57.72446,-37.89405],[-57.72457,-37.89447],[-57.72474,-37.89493],[-57.72508,-37.89567],[-57.72583,-37.897],[-57.726,-37.89738],[-57.72613,-37.89774],[-57.72622,-37.89811],[-57.72626,-37.89857],[-57.72624,-37.89906],[-57.72618,-37.89943],[-57.72607,-37.89989],[-57.72585,-37.90061],[-57.72475,-37.90379],[-57.72438,-37.90491],[-57.7234,-37.90826],[-57.72283,-37.9099],[-57.72214,-37.91158],[-57.72148,-37.91303],[-57.72088,-37.91418],[-57.71958,-37.91645],[-57.71921,-37.91721],[-57.719,-37.91776],[-57.71881,-37.9185],[-57.71875,-37.91895],[-57.71872,-37.91934],[-57.71872,-37.9199],[-57.7188,-37.92159],[-57.7188,-37.92205],[-57.71876,-37.92247],[-57.71866,-37.92299],[-57.71856,-37.92335],[-57.71841,-37.92373],[-57.71822,-37.92407],[-57.718,-37.92441],[-57.71778,-37.92467],[-57.71753,-37.92493],[-57.71725,-37.92515],[-57.71698,-37.92533],[-57.71665,-37.92549],[-57.7163,-37.9256],[-57.71588,-37.92566],[-57.71555,-37.92565],[-57.71533,-37.92561],[-57.71499,-37.92551],[-57.71469,-37.92536],[-57.71441,-37.92516],[-57.71418,-37.92494],[-57.71395,-37.92462],[-57.71383,-37.9244],[-57.71368,-37.92403],[-57.71319,-37.92242],[-57.71289,-37.92178],[-57.71263,-37.92137],[-57.71237,-37.92106],[-57.71208,-37.92077],[-57.71174,-37.92051],[-57.71124,-37.92019],[-57.71073,-37.91994],[-57.71012,-37.91973],[-57.70971,-37.91963],[-57.70908,-37.91953],[-57.70843,-37.91948],[-57.70777,-37.91948],[-57.70708,-37.91953],[-57.70653,-37.91962],[-57.70597,-37.91974],[-57.70543,-37.91989],[-57.70489,-37.92009],[-57.70438,-37.92032],[-57.70391,-37.92058],[-57.7035,-37.92086],[-57.70315,-37.92114],[-57.7028,-37.92147],[-57.70249,-37.92183],[-57.70214,-37.92232],[-57.70092,-37.92441],[-57.69987,-37.92593],[-57.69976,-37.92616],[-57.69972,-37.92632],[-57.69971,-37.92649],[-57.69975,-37.92667],[-57.69982,-37.92683],[-57.69997,-37.92708],[-57.70043,-37.92759],[-57.7016,-37.92868],[-57.70194,-37.92911],[-57.70211,-37.92945],[-57.70216,-37.92965],[-57.70219,-37.9299],[-57.70215,-37.93077],[-57.7022,-37.93107],[-57.70228,-37.93138],[-57.70246,-37.93182],[-57.70324,-37.93346],[-57.70365,-37.9344],[-57.70394,-37.93517],[-57.70423,-37.93612],[-57.7044,-37.93683],[-57.70453,-37.93754],[-57.70483,-37.93981],[-57.70496,-37.94065],[-57.70514,-37.9415],[-57.70529,-37.94208],[-57.70557,-37.94296],[-57.70582,-37.94365],[-57.70634,-37.94495],[-57.70681,-37.94601],[-57.70744,-37.94723],[-57.70785,-37.9479],[-57.70836,-37.94867],[-57.70894,-37.94944],[-57.70957,-37.95018],[-57.71109,-37.95177],[-57.71155,-37.95229],[-57.71177,-37.95256],[-57.71209,-37.95305],[-57.7122,-37.95326],[-57.71238,-37.95369],[-57.7125,-37.9542],[-57.71251,-37.95471],[-57.71242,-37.95519],[-57.71219,-37.95571],[-57.71187,-37.95613],[-57.71145,-37.9565],[-57.71091,-37.95685],[-57.70937,-37.9577],[-57.70897,-37.95798],[-57.70855,-37.95837],[-57.70833,-37.95863],[-57.70819,-37.95888],[-57.70806,-37.95919],[-57.70799,-37.95947],[-57.70795,-37.96001],[-57.70802,-37.9605],[-57.70813,-37.96085],[-57.70827,-37.96115],[-57.70862,-37.9617],[-57.70906,-37.96226],[-57.71042,-37.96383],[-57.71089,-37.96444],[-57.7112,-37.96491],[-57.71159,-37.96559],[-57.71187,-37.9662],[-57.71238,-37.9675],[-57.71269,-37.96848],[-57.71295,-37.96942],[-57.71316,-37.97033],[-57.71334,-37.97141],[-57.71345,-37.97244],[-57.7135,-37.9735],[-57.71351,-37.97441],[-57.71347,-37.97577],[-57.71348,-37.97623],[-57.71354,-37.97662],[-57.71366,-37.97702],[-57.71378,-37.97726],[-57.71392,-37.97748],[-57.71415,-37.97775],[-57.71442,-37.97799],[-57.71488,-37.97831],[-57.71613,-37.97901],[-57.71644,-37.97926],[-57.71674,-37.97956],[-57.71686,-37.97973],[-57.71704,-37.98005],[-57.71714,-37.98031],[-57.71718,-37.98053],[-57.71719,-37.981],[-57.71704,-37.9815],[-57.71689,-37.98178],[-57.71666,-37.9821],[-57.71629,-37.98251],[-57.71589,-37.98288],[-57.71489,-37.98366],[-57.71358,-37.98454],[-57.71239,-37.98525],[-57.71103,-37.986],[-57.70692,-37.98813],[-57.70436,-37.98953],[-57.70251,-37.99046],[-57.70188,-37.99085],[-57.70157,-37.99112],[-57.70136,-37.99134],[-57.70119,-37.9916],[-57.70106,-37.99193],[-57.70102,-37.99217],[-57.70103,-37.99247],[-57.70112,-37.99282],[-57.70124,-37.9931],[-57.70141,-37.99336],[-57.70162,-37.99361],[-57.70187,-37.99385],[-57.70216,-37.99406],[-57.70268,-37.99437],[-57.70328,-37.99464],[-57.7046,-37.9951],[-57.70502,-37.9953],[-57.70524,-37.99546],[-57.70549,-37.99568],[-57.70568,-37.99591],[-57.70586,-37.99621],[-57.706,-37.99651],[-57.70616,-37.9971],[-57.70645,-37.99888],[-57.70661,-38.00014],[-57.70662,-38.0005],[-57.70657,-38.00093],[-57.70646,-38.00128],[-57.70635,-38.00147],[-57.7062,-38.00167],[-57.70598,-38.00189],[-57.7054,-38.00228],[-57.70357,-38.0033],[-57.70279,-38.0038],[-57.70228,-38.00416],[-57.70167,-38.00464],[-57.701,-38.00525],[-57.69984,-38.00647],[-57.6995,-38.00681],[-57.69908,-38.00714],[-57.69874,-38.00736],[-57.69851,-38.00748],[-57.69814,-38.00762],[-57.69751,-38.00775],[-57.69713,-38.00778],[-57.69667,-38.00778],[-57.69599,-38.0077],[-57.69511,-38.00751],[-57.69399,-38.00719],[-57.69239,-38.00665],[-57.68881,-38.00536],[-57.68779,-38.00504],[-57.68648,-38.00468],[-57.68492,-38.00435],[-57.68411,-38.00421],[-57.68275,-38.00403],[-57.68174,-38.00393],[-57.68098,-38.00389],[-57.67981,-38.00391],[-57.67928,-38.00395],[-57.67851,-38.00407],[-57.67782,-38.00423],[-57.6772,-38.00442],[-57.67649,-38.00468],[-57.67593,-38.00493],[-57.67467,-38.00557],[-57.67411,-38.00589],[-57.67323,-38.00645],[-57.67262,-38.00687],[-57.67181,-38.00746],[-57.67126,-38.00791],[-57.6706,-38.00849],[-57.6697,-38.00943],[-57.66814,-38.01131],[-57.66606,-38.01371],[-57.66403,-38.01619],[-57.66327,-38.01705],[-57.6613,-38.01918],[-57.66058,-38.02],[-57.66002,-38.02068],[-57.65945,-38.02147],[-57.6592,-38.02187],[-57.65899,-38.02226],[-57.65883,-38.02265],[-57.6587,-38.02306],[-57.65862,-38.02367],[-57.65862,-38.02398],[-57.65868,-38.02435],[-57.65885,-38.02484],[-57.65914,-38.02529],[-57.65941,-38.02558],[-57.65958,-38.02573],[-57.65993,-38.02598],[-57.66043,-38.02627],[-57.66241,-38.02719],[-57.66322,-38.02762],[-57.66414,-38.0282],[-57.66573,-38.02936],[-57.66644,-38.02984],[-57.66722,-38.03027],[-57.66859,-38.03094],[-57.66915,-38.03124],[-57.66956,-38.03154],[-57.6698,-38.03176],[-57.67009,-38.03214],[-57.67023,-38.03242],[-57.67032,-38.03271],[-57.67034,-38.0331],[-57.67027,-38.03347],[-57.67007,-38.03385],[-57.66984,-38.03416],[-57.66955,-38.03447],[-57.66784,-38.036],[-57.66742,-38.0364],[-57.66705,-38.03681],[-57.6667,-38.03727],[-57.66644,-38.03771],[-57.66623,-38.03818],[-57.66608,-38.03876],[-57.66604,-38.03906],[-57.66603,-38.03954],[-57.66608,-38.04006],[-57.66622,-38.04072],[-57.66658,-38.04173],[-57.66748,-38.04384],[-57.66763,-38.04431],[-57.66773,-38.04478],[-57.66777,-38.04539],[-57.66773,-38.04581],[-57.66763,-38.04619],[-57.66748,-38.04655],[-57.66728,-38.04689],[-57.66705,-38.04718],[-57.66673,-38.04747],[-57.66633,-38.04775],[-57.6656,-38.04811],[-57.66386,-38.04881],[-57.66308,-38.04917],[-57.66233,-38.04962],[-57.6608,-38.05065],[-57.66015,-38.05098],[-57.6596,-38.05115],[-57.65921,-38.05122],[-57.65881,-38.05126],[-57.65804,-38.05128],[-57.65635,-38.05126],[-57.65564,-38.05131],[-57.65511,-38.05144],[-57.65478,-38.05159],[-57.65449,-38.0518],[-57.65432,-38.05201],[-57.65423,-38.05215],[-57.65411,-38.05253],[-57.65409,-38.05296],[-57.65419,-38.05349],[-57.65442,-38.05409],[-57.65463,-38.0545],[-57.65504,-38.05519],[-57.65591,-38.0565],[-57.65616,-38.05693],[-57.65633,-38.05728],[-57.65645,-38.0576],[-57.65654,-38.05797],[-57.65656,-38.05832],[-57.65653,-38.05866],[-57.65644,-38.05901],[-57.65619,-38.05951],[-57.65579,-38.06009],[-57.65537,-38.06058],[-57.65498,-38.06097],[-57.65425,-38.06157],[-57.65386,-38.06184],[-57.65338,-38.06211],[-57.65301,-38.06228],[-57.65249,-38.06247],[-57.65158,-38.06269],[-57.65061,-38.06283],[-57.64915,-38.06292],[-57.64666,-38.06298],[-57.64588,-38.06303],[-57.64512,-38.06313],[-57.64439,-38.06328],[-57.64352,-38.06353],[-57.64291,-38.06378],[-57.64252,-38.06397],[-57.64198,-38.06428],[-57.64124,-38.06481],[-57.64086,-38.06514],[-57.6405,-38.06551],[-57.64017,-38.06589],[-57.63988,-38.0663],[-57.63962,-38.06674],[-57.63943,-38.06711],[-57.63914,-38.06788],[-57.63891,-38.06879],[-57.63882,-38.06941],[-57.63876,-38.07004],[-57.63873,-38.07087],[-57.63877,-38.07202],[-57.63906,-38.07596],[-57.63916,-38.07709],[-57.63925,-38.07773],[-57.63942,-38.07849],[-57.63955,-38.07894],[-57.63968,-38.07927],[-57.63978,-38.07949],[-57.63994,-38.07976],[-57.64009,-38.07992],[-57.64029,-38.08008],[-57.64052,-38.08017],[-57.64082,-38.08017],[-57.64108,-38.08009],[-57.64137,-38.07994],[-57.64195,-38.07949],[-57.6436,-38.07809],[-57.64421,-38.07766],[-57.64463,-38.07743],[-57.64494,-38.0773],[-57.64539,-38.07716],[-57.64594,-38.07708],[-57.64642,-38.07709],[-57.64699,-38.07719],[-57.64756,-38.07736],[-57.64823,-38.07764],[-57.64897,-38.07802],[-57.64949,-38.07833],[-57.65018,-38.07879],[-57.65197,-38.0801],[-57.65305,-38.08083],[-57.65483,-38.08192],[-57.65526,-38.08215],[-57.65568,-38.08231],[-57.65602,-38.08238],[-57.65636,-38.0824],[-57.65671,-38.08235],[-57.65702,-38.08226],[-57.65754,-38.08202],[-57.65863,-38.08137],[-57.6591,-38.08111],[-57.65975,-38.08085],[-57.66014,-38.08076],[-57.66071,-38.08071],[-57.66118,-38.08074],[-57.66167,-38.08084],[-57.66239,-38.0811],[-57.66303,-38.08141],[-57.66354,-38.08172],[-57.66498,-38.0827],[-57.66571,-38.08316],[-57.6663,-38.08349],[-57.66824,-38.08448],[-57.66887,-38.08484],[-57.66953,-38.08528],[-57.67022,-38.08581],[-57.67099,-38.0865],[-57.67163,-38.08716],[-57.67278,-38.08849],[-57.67334,-38.08909],[-57.67392,-38.08958],[-57.67437,-38.08985],[-57.67466,-38.08997],[-57.67495,-38.09003],[-57.67526,-38.09003],[-57.67554,-38.08998],[-57.67599,-38.08979],[-57.6767,-38.08936],[-57.67729,-38.08906],[-57.6776,-38.08895],[-57.67808,-38.08886],[-57.67857,-38.08885],[-57.67902,-38.08894],[-57.67952,-38.08916],[-57.67993,-38.08944],[-57.6803,-38.08978],[-57.68047,-38.08998],[-57.68076,-38.09037],[-57.6811,-38.091],[-57.68134,-38.09164],[-57.6815,-38.09224],[-57.68167,-38.09314],[-57.68202,-38.09606],[-57.68212,-38.0967],[-57.68221,-38.09711],[-57.68236,-38.09762],[-57.6826,-38.09811],[-57.68281,-38.09841],[-57.68296,-38.09857],[-57.68331,-38.09886],[-57.68373,-38.0991],[-57.68405,-38.09922],[-57.6846,-38.09933],[-57.68515,-38.09937],[-57.68571,-38.09935],[-57.68626,-38.09929],[-57.68679,-38.09916],[-57.68729,-38.09899],[-57.68777,-38.09876],[-57.688,-38.09861],[-57.68832,-38.09835],[-57.68859,-38.09806],[-57.68881,-38.09773],[-57.6891,-38.09709],[-57.6895,-38.09588],[-57.68977,-38.09521],[-57.68996,-38.09486],[-57.69019,-38.09452],[-57.69055,-38.09412],[-57.69101,-38.09375],[-57.69137,-38.09353],[-57.69179,-38.09333],[-57.69226,-38.09316],[-57.69268,-38.09306],[-57.6932,-38.093],[-57.69366,-38.093],[-57.69419,-38.09306],[-57.69503,-38.09324],[-57.69597,-38.09353],[-57.697,-38.09391],[-57.69808,-38.09434],[-57.69986,-38.09515],[-57.70511,-38.0977],[-57.70573,-38.09806],[-57.70647,-38.09859],[-57.70708,-38.09913],[-57.70865,-38.10066],[-57.70942,-38.1013],[-57.71025,-38.10187],[-57.71114,-38.10237],[-57.71197,-38.10275],[-57.7126,-38.10297],[-57.71339,-38.1032],[-57.71544,-38.10368],[-57.71607,-38.10389],[-57.71664,-38.10417],[-57.71701,-38.1044],[-57.71733,-38.10464],[-57.71782,-38.10509],[-57.71829,-38.10561],[-57.71948,-38.10702],[-57.72017,-38.10778],[-57.72127,-38.1089],[-57.72333,-38.1109],[-57.72413,-38.11176],[-57.72469,-38.11244],[-57.72515,-38.11308],[-57.72545,-38.11355],[-57.72576,-38.11409],[-57.72627,-38.11512],[-57.72674,-38.11631],[-57.72756,-38.11883],[-57.72782,-38.11958],[-57.72822,-38.12049],[-57.72859,-38.12113],[-57.72893,-38.12163],[-57.72924,-38.12199],[-57.72957,-38.12232],[-57.72993,-38.12262],[-57.7303,-38.12289],[-57.73077,-38.12315],[-57.73113,-38.12331],[-57.7316,-38.12347],[-57.73205,-38.12356],[-57.73257,-38.12361],[-57.73315,-38.1236],[-57.73358,-38.12355],[-57.73418,-38.12341],[-57.73457,-38.12328],[-57.73509,-38.12306],[-57.7355,-38.12284],[-57.7359,-38.12259],[-57.7364,-38.12222],[-57.73844,-38.12048],[-57.74047,-38.11895],[-57.74081,-38.11863],[-57.7411,-38.11829],[-57.7413,-38.11797],[-57.74144,-38.11763],[-57.74149,-38.11746],[-57.74155,-38.11705],[-57.74152,-38.11644],[-57.74145,-38.11611],[-57.74132,-38.11569],[-57.74116,-38.11528],[-57.74095,-38.11488],[-57.74045,-38.11408],[-57.7401,-38.11359],[-57.73951,-38.11287],[-57.73774,-38.11081],[-57.73709,-38.10997],[-57.73678,-38.10954],[-57.73622,-38.10861],[-57.73576,-38.10768],[-57.73543,-38.10679],[-57.7353,-38.10636],[-57.73522,-38.10593],[-57.73517,-38.10552],[-57.73517,-38.10517],[-57.73525,-38.10473],[-57.73538,-38.10439],[-57.73563,-38.10407],[-57.73586,-38.10389],[-57.73602,-38.10381],[-57.7362,-38.10374],[-57.73648,-38.10368],[-57.73702,-38.10367],[-57.73785,-38.10374],[-57.7382,-38.10374],[-57.7386,-38.10367],[-57.73891,-38.10353],[-57.73917,-38.10328],[-57.73934,-38.10297],[-57.73945,-38.10257],[-57.73944,-38.10215],[-57.73934,-38.10174],[-57.73909,-38.10126],[-57.73889,-38.101],[-57.73867,-38.10077],[-57.73814,-38.10032],[-57.73719,-38.0997],[-57.73539,-38.09867],[-57.73401,-38.09797],[-57.73303,-38.09755],[-57.73217,-38.09724],[-57.73158,-38.09707],[-57.73067,-38.09686],[-57.72991,-38.09674],[-57.72883,-38.09661],[-57.72597,-38.09639],[-57.72509,-38.09628],[-57.72436,-38.09614],[-57.7236,-38.09593],[-57.72293,-38.09567],[-57.72253,-38.09544],[-57.72223,-38.09518],[-57.72207,-38.09493],[-57.72202,-38.09474],[-57.72202,-38.09445],[-57.72213,-38.09408],[-57.72236,-38.09364],[-57.72322,-38.09234],[-57.72359,-38.09173],[-57.72385,-38.09123],[-57.72417,-38.09053],[-57.72441,-38.08986],[-57.72457,-38.0893],[-57.72506,-38.08713],[-57.72527,-38.0866],[-57.72553,-38.08625],[-57.72579,-38.08607],[-57.72596,-38.08601],[-57.72621,-38.08596],[-57.72659,-38.08598],[-57.72793,-38.0862],[-57.72882,-38.0863],[-57.72964,-38.08633],[-57.73057,-38.08626],[-57.73133,-38.08615],[-57.73187,-38.08603],[-57.73478,-38.08525],[-57.73808,-38.08448],[-57.73869,-38.08437],[-57.73949,-38.08428],[-57.74015,-38.08428],[-57.74053,-38.08433],[-57.74099,-38.08446],[-57.74145,-38.0847],[-57.74175,-38.08492],[-57.74222,-38.08539],[-57.74256,-38.08585],[-57.74285,-38.08635],[-57.74395,-38.08861],[-57.74431,-38.08922],[-57.7446,-38.08965],[-57.74489,-38.09003],[-57.74519,-38.09036],[-57.74551,-38.09067],[-57.74585,-38.09094],[-57.7462,-38.09118],[-57.74676,-38.09146],[-57.74722,-38.09162],[-57.74781,-38.09173],[-57.74826,-38.09176],[-57.74884,-38.09175],[-57.74951,-38.09168],[-57.75169,-38.09125],[-57.75222,-38.09118],[-57.75256,-38.09118],[-57.75284,-38.09121],[-57.7531,-38.09128],[-57.75337,-38.09142],[-57.75356,-38.09158],[-57.75376,-38.0918],[-57.75397,-38.09211],[-57.75423,-38.09258],[-57.75546,-38.09517],[-57.75586,-38.09609],[-57.75611,-38.09672],[-57.75642,-38.09765],[-57.75678,-38.09896],[-57.75697,-38.09984],[-57.75741,-38.10205],[-57.75761,-38.10285],[-57.75804,-38.104],[-57.75924,-38.10701],[-57.75957,-38.10774],[-57.75975,-38.10807],[-57.76,-38.10845],[-57.76028,-38.1088],[-57.76059,-38.10912],[-57.76095,-38.10943],[-57.76136,-38.1097],[-57.76179,-38.10995],[-57.76232,-38.1102],[-57.76286,-38.11039],[-57.76351,-38.11056],[-57.76416,-38.11067],[-57.7648,-38.11071],[-57.76533,-38.1107],[-57.76592,-38.11063],[-57.76648,-38.11051],[-57.767,-38.11035],[-57.76746,-38.11015],[-57.76785,-38.10993],[-57.76817,-38.10969],[-57.76845,-38.10943],[-57.76865,-38.10921],[-57.76887,-38.10894],[-57.76914,-38.10852],[-57.76978,-38.10741],[-57.77015,-38.10694],[-57.77043,-38.10668],[-57.7707,-38.10652],[-57.77105,-38.10637],[-57.77141,-38.10629],[-57.77185,-38.10624],[-57.77252,-38.10625],[-57.774,-38.10634],[-57.77464,-38.10636],[-57.77539,-38.10634],[-57.77618,-38.10625],[-57.77726,-38.10602],[-57.77823,-38.10571],[-57.7791,-38.10537],[-57.78065,-38.10464],[-57.78132,-38.10437],[-57.78163,-38.10429],[-57.782,-38.10425],[-57.78229,-38.10429],[-57.7825,-38.10437],[-57.78263,-38.10446],[-57.78274,-38.10459],[-57.78284,-38.1048],[-57.78288,-38.10511],[-57.78283,-38.1055],[-57.7827,-38.10594],[-57.78253,-38.10637],[-57.78219,-38.10704],[-57.7817,-38.10788],[-57.78108,-38.10882],[-57.78028,-38.10985],[-57.7796,-38.11062],[-57.77635,-38.11416],[-57.7755,-38.11514],[-57.77497,-38.11581],[-57.7745,-38.1165],[-57.77434,-38.11683],[-57.77427,-38.11701],[-57.77423,-38.11733],[-57.77434,-38.11758],[-57.77445,-38.1177],[-57.77469,-38.11786],[-57.77502,-38.11802],[-57.77533,-38.11813],[-57.77608,-38.11831],[-57.77779,-38.11853],[-57.77843,-38.11865],[-57.77874,-38.11875],[-57.77913,-38.1189],[-57.77968,-38.11923],[-57.78009,-38.11956],[-57.78067,-38.12018],[-57.78255,-38.12261],[-57.78305,-38.12322],[-57.78357,-38.1238],[-57.78396,-38.12419],[-57.7845,-38.12465],[-57.785,-38.12501],[-57.7857,-38.12541],[-57.78634,-38.1257],[-57.78693,-38.12593],[-57.78758,-38.12613],[-57.79063,-38.12693],[-57.79173,-38.12727],[-57.79262,-38.12759],[-57.79531,-38.12867],[-57.79663,-38.12913],[-57.79748,-38.12937],[-57.79829,-38.12956],[-57.79898,-38.12968],[-57.79955,-38.12974],[-57.80036,-38.12978],[-57.80117,-38.12972],[-57.80174,-38.12961],[-57.8023,-38.12943],[-57.80302,-38.1291],[-57.80359,-38.12872],[-57.80395,-38.12836],[-57.80416,-38.12802],[-57.80425,-38.12777],[-57.8043,-38.12743],[-57.80429,-38.12718],[-57.8042,-38.12682],[-57.80399,-38.12636],[-57.80333,-38.12526],[-57.80314,-38.1249],[-57.80301,-38.12457],[-57.80289,-38.12422],[-57.80281,-38.12383],[-57.80277,-38.12333],[-57.80279,-38.12306],[-57.80285,-38.12278],[-57.80302,-38.12237],[-57.8033,-38.12204],[-57.80352,-38.12187],[-57.80383,-38.12171],[-57.80437,-38.12152],[-57.80528,-38.12129],[-57.80825,-38.12067],[-57.809,-38.12049],[-57.80972,-38.12026],[-57.81005,-38.12011],[-57.81038,-38.11992],[-57.81075,-38.11963],[-57.81101,-38.11934],[-57.81115,-38.11915],[-57.81136,-38.11874],[-57.8115,-38.11829],[-57.81159,-38.1179],[-57.81174,-38.11676],[-57.8118,-38.11647],[-57.81192,-38.11614],[-57.81201,-38.11601],[-57.81215,-38.11586],[-57.81239,-38.11569],[-57.81277,-38.11555],[-57.81317,-38.11547],[-57.81422,-38.11535],[-57.81504,-38.11521],[-57.8157,-38.11502],[-57.8162,-38.11481],[-57.81676,-38.11446],[-57.81718,-38.11408],[-57.81757,-38.11357],[-57.81781,-38.11311],[-57.818,-38.11259],[-57.81811,-38.11213],[-57.8182,-38.11127],[-57.81819,-38.11064],[-57.81813,-38.10995],[-57.81801,-38.10923],[-57.81782,-38.10846],[-57.81743,-38.10727],[-57.81596,-38.1035],[-57.81541,-38.10195],[-57.81503,-38.10057],[-57.81447,-38.09794],[-57.81434,-38.09741],[-57.81415,-38.09681],[-57.81397,-38.09633],[-57.8138,-38.09597],[-57.81289,-38.09441],[-57.81275,-38.09399],[-57.81274,-38.09381],[-57.81276,-38.09366],[-57.81282,-38.09353],[-57.81296,-38.09338],[-57.81318,-38.09327],[-57.81349,-38.0932],[-57.81368,-38.09319],[-57.81407,-38.09322],[-57.81444,-38.09329],[-57.81504,-38.09348],[-57.8156,-38.09373],[-57.81621,-38.09407],[-57.81674,-38.09442],[-57.81723,-38.09481],[-57.81757,-38.09513],[-57.81794,-38.09554],[-57.81838,-38.09613],[-57.81875,-38.09676],[-57.81906,-38.09742],[-57.81993,-38.0996],[-57.82036,-38.1006],[-57.82281,-38.10564],[-57.82344,-38.10686],[-57.82418,-38.10823],[-57.82604,-38.11143],[-57.82658,-38.1123],[-57.82705,-38.11299],[-57.82861,-38.11505],[-57.82917,-38.11584],[-57.82974,-38.11671],[-57.83088,-38.11865],[-57.83138,-38.11942],[-57.83181,-38.12003],[-57.83262,-38.12111],[-57.83335,-38.122],[-57.83377,-38.12243],[-57.83415,-38.12275],[-57.83449,-38.12297],[-57.83488,-38.12316],[-57.83546,-38.12332],[-57.83595,-38.12337],[-57.83654,-38.12334],[-57.83703,-38.12325],[-57.83757,-38.12311],[-57.83924,-38.12256],[-57.83991,-38.12236],[-57.84055,-38.12224],[-57.84123,-38.12217],[-57.84175,-38.12218],[-57.84236,-38.12223],[-57.84307,-38.12233],[-57.84457,-38.12261],[-57.84533,-38.1227],[-57.84608,-38.12272],[-57.84673,-38.1227],[-57.8485,-38.12259],[-57.84981,-38.12244],[-57.8511,-38.1222],[-57.85228,-38.12191],[-57.85439,-38.12132],[-57.85557,-38.12106],[-57.85653,-38.12094],[-57.85762,-38.12091],[-57.85852,-38.12096],[-57.86075,-38.12114],[-57.86379,-38.1213],[-57.86498,-38.12144],[-57.86601,-38.12166],[-57.86657,-38.12181],[-57.86715,-38.12202],[-57.86766,-38.12224],[-57.86817,-38.12251],[-57.86857,-38.12276],[-57.8691,-38.12313],[-57.86968,-38.12359],[-57.87018,-38.12404],[-57.87056,-38.12442],[-57.8709,-38.12482],[-57.87138,-38.12548],[-57.87177,-38.12615],[-57.8721,-38.12692],[-57.87233,-38.12766],[-57.87243,-38.12814],[-57.8725,-38.12863],[-57.87253,-38.12914],[-57.8725,-38.12968],[-57.87242,-38.1302],[-57.87223,-38.1309],[-57.87188,-38.1318],[-57.87143,-38.13269],[-57.87075,-38.13389],[-57.87029,-38.13461],[-57.86982,-38.13528],[-57.86806,-38.13753],[-57.86768,-38.13808],[-57.8674,-38.13854],[-57.86722,-38.13894],[-57.86702,-38.13954],[-57.86693,-38.14008],[-57.86693,-38.14062],[-57.86698,-38.14108],[-57.86709,-38.14148],[-57.86723,-38.14184],[-57.86741,-38.1422],[-57.86779,-38.14278],[-57.86866,-38.14387],[-57.86912,-38.14453],[-57.86932,-38.14488],[-57.86952,-38.14532],[-57.87003,-38.14676],[-57.8702,-38.14714],[-57.8705,-38.14758],[-57.87075,-38.14782],[-57.8709,-38.14793],[-57.87128,-38.14811],[-57.87155,-38.14818],[-57.87177,-38.1482],[-57.87207,-38.14819],[-57.87244,-38.14811],[-57.87282,-38.14797],[-57.87328,-38.1477],[-57.87381,-38.14727],[-57.87434,-38.14672],[-57.87478,-38.14619],[-57.87538,-38.14533],[-57.87597,-38.14435],[-57.87654,-38.14329],[-57.87713,-38.14208],[-57.87752,-38.1412],[-57.87798,-38.14003],[-57.8792,-38.13656],[-57.87945,-38.13597],[-57.87967,-38.13552],[-57.87994,-38.13511],[-57.88022,-38.13483],[-57.88035,-38.13476],[-57.88052,-38.13469],[-57.88076,-38.13467],[-57.88098,-38.13472],[-57.88119,-38.13483],[-57.88146,-38.13506],[-57.8817,-38.13538],[-57.88189,-38.13582],[-57.88202,-38.13626],[-57.88209,-38.13665],[-57.88233,-38.13869],[-57.88251,-38.13962],[-57.8827,-38.14024],[-57.88287,-38.14066],[-57.88309,-38.14111],[-57.88346,-38.14171],[-57.88408,-38.1425],[-57.88461,-38.14308],[-57.88544,-38.14389],[-57.88715,-38.14548],[-57.8881,-38.14633],[-57.88879,-38.14689],[-57.88936,-38.1473],[-57.89,-38.14767],[-57.89067,-38.14794],[-57.89139,-38.1481],[-57.8918,-38.14814],[-57.89234,-38.14814],[-57.89287,-38.14809],[-57.89341,-38.148],[-57.89386,-38.14789],[-57.89454,-38.14768],[-57.89531,-38.14738],[-57.89581,-38.14717],[-57.89638,-38.1469],[-57.89709,-38.14652],[-57.89908,-38.14534],[-57.89963,-38.14509],[-57.90007,-38.14493],[-57.90066,-38.1448],[-57.90094,-38.14477],[-57.90136,-38.14476],[-57.90169,-38.1448],[-57.9019,-38.14486],[-57.90213,-38.14497],[-57.90224,-38.14505],[-57.90232,-38.14515],[-57.90239,-38.14537],[-57.90237,-38.14557],[-57.90228,-38.14578],[-57.90203,-38.14612],[-57.90121,-38.14704],[-57.90078,-38.14758],[-57.90034,-38.14825],[-57.89997,-38.14894],[-57.89967,-38.14962],[-57.89938,-38.15039],[-57.89922,-38.15093],[-57.89908,-38.1517],[-57.89904,-38.15229],[-57.89909,-38.15289],[-57.8992,-38.1534],[-57.89938,-38.15389],[-57.89972,-38.15456],[-57.90012,-38.15514],[-57.90055,-38.15561],[-57.90098,-38.15596],[-57.90139,-38.15623],[-57.90175,-38.15641],[-57.90231,-38.15663],[-57.90291,-38.15681],[-57.90522,-38.15735],[-57.90774,-38.15778],[-57.90823,-38.15792],[-57.90874,-38.15812],[-57.90913,-38.15832],[-57.90986,-38.15881],[-57.91124,-38.15997],[-57.91194,-38.16051],[-57.91252,-38.16088],[-57.91321,-38.16125],[-57.91443,-38.16182],[-57.91678,-38.16281],[-57.91824,-38.16338],[-57.92052,-38.16422],[-57.9217,-38.16472],[-57.92324,-38.16544],[-57.92382,-38.16567],[-57.92429,-38.16582],[-57.92461,-38.16588],[-57.9251,-38.16592],[-57.92544,-38.1659],[-57.92594,-38.16578],[-57.9262,-38.16566],[-57.92664,-38.16538],[-57.92705,-38.16504],[-57.92746,-38.16462],[-57.92802,-38.16398],[-57.92835,-38.16355],[-57.92881,-38.16287],[-57.92906,-38.16242],[-57.92942,-38.16161],[-57.93005,-38.15974],[-57.9304,-38.15904],[-57.93068,-38.15863],[-57.93108,-38.15822],[-57.93152,-38.15791],[-57.9319,-38.15773],[-57.93235,-38.15759],[-57.93291,-38.15751],[-57.93356,-38.15753],[-57.9339,-38.15757],[-57.93435,-38.15768],[-57.93491,-38.15785],[-57.93545,-38.15808],[-57.9376,-38.15908],[-57.94043,-38.16034],[-57.94107,-38.1606],[-57.94161,-38.16077],[-57.94201,-38.16085],[-57.9424,-38.16088],[-57.94281,-38.16085],[-57.94317,-38.16074],[-57.94346,-38.16055],[-57.94363,-38.16037],[-57.94372,-38.16022],[-57.94382,-38.15999],[-57.94388,-38.15972],[-57.9439,-38.15928],[-57.9438,-38.1583],[-57.9438,-38.15769],[-57.94385,-38.15735],[-57.94392,-38.15712],[-57.94415,-38.15662],[-57.94441,-38.15628],[-57.94461,-38.15607],[-57.94493,-38.1558],[-57.94532,-38.15553],[-57.94572,-38.15528],[-57.94644,-38.15492],[-57.94715,-38.15464],[-57.94785,-38.15442],[-57.94854,-38.15426],[-57.9492,-38.15415],[-57.9501,-38.15406],[-57.95223,-38.15398],[-57.95317,-38.15391],[-57.95455,-38.1537],[-57.95658,-38.1533],[-57.95766,-38.15312],[-57.95877,-38.153],[-57.95975,-38.15299],[-57.96041,-38.15308],[-57.9608,-38.1532],[-57.96118,-38.15344],[-57.96139,-38.15371],[-57.96152,-38.15402],[-57.96155,-38.15426],[-57.96155,-38.15455],[-57.96144,-38.15511],[-57.96114,-38.15607],[-57.96102,-38.15659],[-57.961,-38.15678],[-57.961,-38.15716],[-57.96111,-38.15764],[-57.96121,-38.15789],[-57.96147,-38.15832],[-57.96236,-38.15938],[-57.96274,-38.15994],[-57.96299,-38.16041],[-57.96343,-38.16147],[-57.96367,-38.16189],[-57.9639,-38.16218],[-57.96405,-38.16232],[-57.96421,-38.16244],[-57.96449,-38.1626],[-57.96501,-38.16276],[-57.96551,-38.16281],[-57.96605,-38.16279],[-57.96665,-38.16269],[-57.9671,-38.16257],[-57.96778,-38.16234],[-57.96989,-38.16147],[-57.97089,-38.16113],[-57.97182,-38.16089],[-57.97241,-38.1608],[-57.97302,-38.16076],[-57.9735,-38.16078],[-57.97403,-38.16084],[-57.9775,-38.16148],[-57.9793,-38.16174],[-57.9803,-38.16185],[-57.98081,-38.16188],[-57.98143,-38.16188],[-57.98236,-38.16181],[-57.98423,-38.16158],[-57.98502,-38.16155],[-57.98563,-38.16159],[-57.98644,-38.16173],[-57.98847,-38.16229],[-57.99045,-38.16276],[-57.99099,-38.16294],[-57.99147,-38.16315],[-57.99191,-38.16343],[-57.99227,-38.16375],[-57.99253,-38.16408],[-57.99274,-38.16441],[-57.99348,-38.16607],[-57.99372,-38.16649],[-57.9939,-38.16676],[-57.99418,-38.16711],[-57.99451,-38.16745],[-57.99489,-38.16779],[-57.99523,-38.16804],[-57.99566,-38.1683],[-57.99601,-38.16846],[-57.9966,-38.16866],[-57.99697,-38.16872],[-57.99731,-38.16873],[-57.99771,-38.16869],[-57.99887,-38.16846],[-57.99931,-38.16841],[-57.99951,-38.16842],[-57.99982,-38.16847],[-58.00017,-38.16861],[-58.00047,-38.16881],[-58.00064,-38.16899],[-58.00083,-38.16922],[-58.00108,-38.16961],[-58.00177,-38.17088],[-58.00208,-38.17137],[-58.00235,-38.17173],[-58.00273,-38.17216],[-58.00331,-38.17271],[-58.00367,-38.17298],[-58.00407,-38.17324],[-58.00453,-38.17348],[-58.00504,-38.17371],[-58.0056,-38.1739],[-58.00607,-38.17402],[-58.00695,-38.17419],[-58.0078,-38.17426],[-58.00851,-38.17426],[-58.00929,-38.17421],[-58.01029,-38.17407],[-58.0113,-38.17385],[-58.01204,-38.17366],[-58.0153,-38.17264],[-58.01616,-38.17243],[-58.01687,-38.17231],[-58.01797,-38.17222],[-58.02028,-38.17221],[-58.02167,-38.17216],[-58.02287,-38.17206],[-58.02383,-38.17193],[-58.0245,-38.17179],[-58.02503,-38.17164],[-58.02681,-38.17101],[-58.02756,-38.17077],[-58.02818,-38.17063],[-58.02853,-38.1706],[-58.02875,-38.17061],[-58.02898,-38.17066],[-58.02915,-38.17073],[-58.02938,-38.1709],[-58.02956,-38.17108],[-58.0302,-38.17193],[-58.03052,-38.1723],[-58.03105,-38.17278],[-58.03134,-38.17298],[-58.03166,-38.17316],[-58.03227,-38.1734],[-58.03294,-38.17352],[-58.03348,-38.17351],[-58.03406,-38.17339],[-58.03454,-38.17321],[-58.03492,-38.17303],[-58.03528,-38.1728],[-58.03564,-38.17255],[-58.03599,-38.17226],[-58.03631,-38.17194],[-58.03663,-38.17159],[-58.03693,-38.17122],[-58.0373,-38.17067],[-58.03758,-38.17021],[-58.03794,-38.16953],[-58.03814,-38.1691],[-58.03848,-38.16821],[-58.03894,-38.16664],[-58.03911,-38.16621],[-58.03927,-38.16597],[-58.03946,-38.1658],[-58.03967,-38.1657],[-58.04,-38.16565],[-58.04041,-38.16572],[-58.04078,-38.16584],[-58.0413,-38.16609],[-58.0418,-38.16638],[-58.04222,-38.16667],[-58.04279,-38.1671],[-58.04436,-38.16844],[-58.0449,-38.16887],[-58.04568,-38.16937],[-58.04606,-38.16957],[-58.04647,-38.16974],[-58.04702,-38.16992],[-58.04772,-38.17007],[-58.04846,-38.17017],[-58.05095,-38.17042],[-58.05222,-38.17058],[-58.05347,-38.17081],[-58.05446,-38.17106],[-58.05768,-38.17194],[-58.05827,-38.17212],[-58.05893,-38.17237],[-58.05974,-38.17275],[-58.06137,-38.17372],[-58.06191,-38.17401],[-58.06249,-38.17429],[-58.06313,-38.17452],[-58.06392,-38.17476],[-58.06497,-38.17502],[-58.06663,-38.17537],[-58.06836,-38.17569],[-58.06923,-38.17583],[-58.06979,-38.17589],[-58.0706,-38.17592],[-58.07122,-38.17589],[-58.07179,-38.17584],[-58.07257,-38.17572],[-58.0761,-38.17505],[-58.07691,-38.17494],[-58.07771,-38.17486],[-58.07869,-38.17481],[-58.07975,-38.17481],[-58.08353,-38.17499],[-58.08527,-38.17499],[-58.0866,-38.17492],[-58.08775,-38.17481],[-58.0888,-38.17466],[-58.09082,-38.17432],[-58.09133,-38.17432],[-58.0916,-38.17438],[-58.09177,-38.17445],[-58.09191,-38.17455],[-58.09206,-38.17471],[-58.09216,-38.17494],[-58.0922,-38.17523],[-58.09214,-38.1756],[-58.09172,-38.17676],[-58.09156,-38.17742],[-58.09151,-38.17778],[-58.09149,-38.17812],[-58.09155,-38.17869],[-58.09168,-38.17909],[-58.09184,-38.17935],[-58.09204,-38.17956],[-58.09232,-38.17976],[-58.09252,-38.17986],[-58.09301,-38.18],[-58.09337,-38.18002],[-58.09378,-38.18],[-58.09418,-38.17991],[-58.09452,-38.17979],[-58.09483,-38.17965],[-58.09518,-38.17945],[-58.09652,-38.17855],[-58.09697,-38.17832],[-58.09766,-38.17806],[-58.09806,-38.17796],[-58.09849,-38.17789],[-58.09946,-38.17783],[-58.10048,-38.17789],[-58.10119,-38.17799],[-58.10293,-38.1783],[-58.10397,-38.17841],[-58.10445,-38.17843],[-58.10512,-38.17842],[-58.10556,-38.17838],[-58.1061,-38.1783],[-58.10669,-38.17815],[-58.10721,-38.17798],[-58.10766,-38.1778],[-58.1085,-38.17737],[-58.10921,-38.17692],[-58.11078,-38.17583],[-58.11167,-38.17524],[-58.11259,-38.17471],[-58.11341,-38.17431],[-58.11403,-38.17406],[-58.11481,-38.17379],[-58.1159,-38.17349],[-58.11691,-38.1733],[-58.11742,-38.17325],[-58.11794,-38.17323],[-58.11841,-38.17326],[-58.11888,-38.17331],[-58.12109,-38.17374],[-58.12209,-38.17387],[-58.12329,-38.17391],[-58.12601,-38.17381],[-58.12764,-38.17384],[-58.12891,-38.17393],[-58.1312,-38.17419],[-58.13248,-38.17429],[-58.13385,-38.17434],[-58.13624,-38.17435],[-58.13757,-38.1744],[-58.13838,-38.17448],[-58.1405,-38.17474],[-58.14156,-38.17481],[-58.1424,-38.17481],[-58.14351,-38.17477],[-58.1477,-38.17447],[-58.14904,-38.17443],[-58.15041,-38.17447],[-58.15167,-38.17458],[-58.15296,-38.17478],[-58.1559,-38.17532],[-58.15815,-38.17577],[-58.15917,-38.176],[-58.16039,-38.17633],[-58.16421,-38.17753],[-58.16503,-38.17783],[-58.1656,-38.17809],[-58.16613,-38.17841],[-58.16652,-38.17869],[-58.16746,-38.17944],[-58.16781,-38.1797],[-58.16827,-38.17995],[-58.16867,-38.18011],[-58.16915,-38.18024],[-58.1697,-38.18033],[-58.17166,-38.18048],[-58.17252,-38.1806],[-58.17332,-38.18079],[-58.17407,-38.18106],[-58.17479,-38.18142],[-58.17547,-38.18186],[-58.17619,-38.1824],[-58.17841,-38.18417],[-58.17999,-38.18539],[-58.18086,-38.18603],[-58.18159,-38.18649],[-58.18231,-38.18684],[-58.18303,-38.18707],[-58.1839,-38.18724],[-58.18523,-38.18739],[-58.18735,-38.18757],[-58.18885,-38.18766],[-58.18977,-38.18765],[-58.19055,-38.18758],[-58.191,-38.18749],[-58.19148,-38.18737],[-58.19237,-38.18705],[-58.19322,-38.18667],[-58.19475,-38.18593],[-58.19537,-38.18568],[-58.19613,-38.18548],[-58.19677,-38.18541],[-58.19736,-38.18542],[-58.1981,-38.18554],[-58.19882,-38.18574],[-58.20059,-38.18632],[-58.20136,-38.18654],[-58.2024,-38.18674],[-58.20348,-38.18686],[-58.20502,-38.1869],[-58.20656,-38.18686],[-58.20798,-38.18675],[-58.21072,-38.18643],[-58.21165,-38.18634],[-58.21373,-38.18622],[-58.2154,-38.18621],[-58.21619,-38.18625],[-58.21695,-38.18636],[-58.21781,-38.18659],[-58.21916,-38.1871],[-58.21978,-38.18729],[-58.22042,-38.18739],[-58.22096,-38.18738],[-58.22149,-38.18729],[-58.22194,-38.18715],[-58.2223,-38.18698],[-58.22267,-38.18676],[-58.22327,-38.1863],[-58.22488,-38.1848],[-58.22538,-38.18442],[-58.22578,-38.18418],[-58.2263,-38.18396],[-58.22667,-38.18388],[-58.22692,-38.18387],[-58.22733,-38.1839],[-58.22767,-38.184],[-58.22805,-38.18418],[-58.22831,-38.18434],[-58.22872,-38.18468],[-58.22917,-38.18516],[-58.22947,-38.18554],[-58.22978,-38.18597],[-58.23016,-38.18658],[-58.23066,-38.18755],[-58.23098,-38.18839],[-58.23114,-38.18901],[-58.23143,-38.19071],[-58.23168,-38.19151],[-58.23187,-38.19194],[-58.23216,-38.19243],[-58.23244,-38.19278],[-58.23282,-38.19314],[-58.23328,-38.19346],[-58.23381,-38.19372],[-58.23441,-38.19395],[-58.23602,-38.19447],[-58.23655,-38.19467],[-58.23744,-38.19509],[-58.2388,-38.19583],[-58.24207,-38.19784],[-58.24351,-38.19867],[-58.24429,-38.19908],[-58.24497,-38.19939],[-58.24548,-38.19959],[-58.24616,-38.19982],[-58.24697,-38.20002],[-58.24809,-38.20021],[-58.25401,-38.20087],[-58.25573,-38.20099],[-58.25691,-38.20104],[-58.25789,-38.20103],[-58.25877,-38.20095],[-58.25945,-38.20082],[-58.26005,-38.20063],[-58.26048,-38.20044],[-58.26095,-38.20019],[-58.26146,-38.19988],[-58.26217,-38.19937],[-58.26447,-38.19756],[-58.26499,-38.19722],[-58.26537,-38.19702],[-58.26596,-38.19678],[-58.26628,-38.19669],[-58.26673,-38.1966],[-58.26736,-38.19656],[-58.26775,-38.19659],[-58.26809,-38.19665],[-58.26849,-38.19677],[-58.26904,-38.197],[-58.26972,-38.19736],[-58.27157,-38.19844],[-58.27222,-38.19878],[-58.27293,-38.1991],[-58.27365,-38.19939],[-58.27433,-38.19964],[-58.27644,-38.20026],[-58.27758,-38.20063],[-58.2784,-38.20094],[-58.279,-38.2012],[-58.27956,-38.2015],[-58.28013,-38.20187],[-58.28138,-38.20287],[-58.28187,-38.20322],[-58.28246,-38.20354],[-58.28313,-38.20377],[-58.2837,-38.20388],[-58.28437,-38.20393],[-58.28509,-38.20393],[-58.28672,-38.20386],[-58.28751,-38.20386],[-58.29025,-38.20413],[-58.29253,-38.20427],[-58.29536,-38.20448],[-58.29664,-38.20449],[-58.29905,-38.20443],[-58.30043,-38.20447],[-58.30163,-38.2046],[-58.3028,-38.20479],[-58.30418,-38.2051],[-58.30525,-38.20539],[-58.30593,-38.20562],[-58.30678,-38.20598],[-58.30745,-38.20633],[-58.30801,-38.20667],[-58.30927,-38.20756],[-58.31219,-38.20981],[-58.31281,-38.21025],[-58.31328,-38.21055],[-58.31387,-38.21088],[-58.31442,-38.21111],[-58.31492,-38.21127],[-58.3153,-38.21136],[-58.31637,-38.2115],[-58.32106,-38.21182],[-58.322,-38.21185],[-58.32274,-38.21183],[-58.32363,-38.21176],[-58.32436,-38.21165],[-58.32505,-38.21152],[-58.32646,-38.21119],[-58.32896,-38.21052],[-58.32971,-38.21036],[-58.33024,-38.21027],[-58.33114,-38.21019],[-58.33191,-38.21021],[-58.33253,-38.2103],[-58.3332,-38.21047],[-58.33379,-38.2107],[-58.33431,-38.21096],[-58.33499,-38.21136],[-58.33555,-38.21173],[-58.33602,-38.21208],[-58.33644,-38.21244],[-58.33681,-38.21284],[-58.33705,-38.21318],[-58.3372,-38.21348],[-58.33732,-38.21384],[-58.33737,-38.21415],[-58.33737,-38.2145],[-58.33732,-38.2148],[-58.33723,-38.21514],[-58.33678,-38.21618],[-58.33664,-38.21661],[-58.33659,-38.21702],[-58.3366,-38.21724],[-58.33664,-38.2175],[-58.33672,-38.21773],[-58.33685,-38.21798],[-58.33704,-38.21821],[-58.33725,-38.2184],[-58.33751,-38.21857],[-58.33776,-38.21869],[-58.33849,-38.21894],[-58.33891,-38.21903],[-58.33953,-38.21913],[-58.34264,-38.21947],[-58.34334,-38.21958],[-58.34414,-38.21975],[-58.34519,-38.22002],[-58.34879,-38.22103],[-58.35291,-38.22232],[-58.35361,-38.2225],[-58.35435,-38.22264],[-58.3551,-38.22274],[-58.35588,-38.2228],[-58.35891,-38.22288],[-58.36006,-38.22295],[-58.36139,-38.2231],[-58.36403,-38.22353],[-58.36491,-38.22361],[-58.366,-38.22361],[-58.36816,-38.22347],[-58.36879,-38.22345],[-58.36953,-38.22347],[-58.37015,-38.22355],[-58.37072,-38.22368],[-58.37108,-38.2238],[-58.37142,-38.22395],[-58.37192,-38.22423],[-58.3733,-38.22515],[-58.37381,-38.22543],[-58.37421,-38.22561],[-58.37499,-38.22586],[-58.37564,-38.226],[-58.37603,-38.22605],[-58.377,-38.22613],[-58.37782,-38.22616],[-58.37935,-38.22615],[-58.38089,-38.22609],[-58.38256,-38.22594],[-58.38647,-38.22549],[-58.38801,-38.2254],[-58.38891,-38.22541],[-58.38964,-38.22545],[-58.39034,-38.22555],[-58.39101,-38.22569],[-58.39146,-38.22583],[-58.39193,-38.22603],[-58.3924,-38.22627],[-58.39298,-38.22665],[-58.39467,-38.22796],[-58.39618,-38.22904],[-58.39682,-38.22955],[-58.39727,-38.22998],[-58.3983,-38.2312],[-58.3987,-38.23159],[-58.39897,-38.2318],[-58.39928,-38.23199],[-58.39963,-38.23212],[-58.40005,-38.23221],[-58.40071,-38.23223],[-58.40138,-38.23214],[-58.40221,-38.23193],[-58.40311,-38.23162],[-58.40593,-38.23049],[-58.40775,-38.22971],[-58.4089,-38.22914],[-58.41092,-38.22803],[-58.4116,-38.22769],[-58.41219,-38.22749],[-58.4125,-38.22744],[-58.4127,-38.22746],[-58.4129,-38.22752],[-58.4131,-38.2277],[-58.41319,-38.22784],[-58.41348,-38.22859],[-58.41363,-38.22885],[-58.41381,-38.22907],[-58.41418,-38.2294],[-58.41464,-38.22964],[-58.41496,-38.22974],[-58.41525,-38.2298],[-58.41575,-38.22984],[-58.41625,-38.22981],[-58.41726,-38.2297],[-58.41774,-38.2297],[-58.418,-38.22974],[-58.41821,-38.2298],[-58.41857,-38.22999],[-58.41881,-38.23021],[-58.4191,-38.2306],[-58.41924,-38.23089],[-58.41965,-38.23207],[-58.41979,-38.23239],[-58.42,-38.23277],[-58.42025,-38.23312],[-58.42058,-38.23349],[-58.42112,-38.23396],[-58.42184,-38.23447],[-58.42441,-38.23613],[-58.42545,-38.23676],[-58.42612,-38.2371],[-58.4267,-38.23734],[-58.42722,-38.23751],[-58.42785,-38.23766],[-58.42845,-38.23776],[-58.4292,-38.23783],[-58.4317,-38.23793],[-58.43236,-38.23798],[-58.43311,-38.23807],[-58.43379,-38.2382],[-58.43448,-38.23838],[-58.43498,-38.23856],[-58.43549,-38.23878],[-58.43637,-38.23925],[-58.4372,-38.23977],[-58.43818,-38.24046],[-58.4408,-38.24244],[-58.44167,-38.24306],[-58.44248,-38.24359],[-58.44399,-38.24452],[-58.44458,-38.24491],[-58.44514,-38.24532],[-58.44649,-38.24648],[-58.44711,-38.24696],[-58.44745,-38.24717],[-58.44779,-38.24735],[-58.44814,-38.2475],[-58.4485,-38.2476],[-58.44887,-38.24765],[-58.44925,-38.24764],[-58.44949,-38.2476],[-58.44976,-38.24752],[-58.45009,-38.24735],[-58.45025,-38.24723],[-58.45051,-38.24699],[-58.45069,-38.24678],[-58.45099,-38.24635],[-58.45141,-38.24556],[-58.4527,-38.24256],[-58.45358,-38.24079],[-58.45413,-38.23981],[-58.45445,-38.23936],[-58.45469,-38.23906],[-58.45494,-38.2388],[-58.4552,-38.23858],[-58.45546,-38.23841],[-58.45573,-38.23828],[-58.45592,-38.23822],[-58.45618,-38.23818],[-58.45641,-38.23821],[-58.45664,-38.2383],[-58.45684,-38.23844],[-58.4575,-38.23908],[-58.45773,-38.23927],[-58.45814,-38.23949],[-58.45858,-38.23964],[-58.45907,-38.23974],[-58.45965,-38.23979],[-58.46143,-38.23983],[-58.46266,-38.23993],[-58.46378,-38.2401],[-58.46502,-38.24039],[-58.46627,-38.24078],[-58.46922,-38.2419],[-58.47085,-38.24243],[-58.47419,-38.24344],[-58.47519,-38.2437],[-58.47733,-38.24418],[-58.4784,-38.24451],[-58.47977,-38.24506],[-58.48205,-38.24614],[-58.48292,-38.24653],[-58.48371,-38.24683],[-58.48448,-38.24707],[-58.48524,-38.24727],[-58.48634,-38.24751],[-58.49036,-38.24819],[-58.49246,-38.24862],[-58.49372,-38.24895],[-58.49438,-38.24915],[-58.49709,-38.25008],[-58.49788,-38.25028],[-58.4986,-38.25041],[-58.49935,-38.25051],[-58.50012,-38.25057],[-58.50252,-38.25066],[-58.50351,-38.25073],[-58.50473,-38.25087],[-58.50687,-38.2512],[-58.5078,-38.25132],[-58.51143,-38.25161],[-58.51444,-38.25193],[-58.51573,-38.252],[-58.51728,-38.25199],[-58.5186,-38.25191],[-58.51973,-38.2518],[-58.52071,-38.25162],[-58.52146,-38.25142],[-58.52212,-38.2512],[-58.52291,-38.25087],[-58.52552,-38.24964],[-58.5263,-38.24934],[-58.52707,-38.24912],[-58.52777,-38.24899],[-58.52863,-38.24892],[-58.5294,-38.24897],[-58.52988,-38.24907],[-58.53036,-38.24927],[-58.53066,-38.24946],[-58.53093,-38.24971],[-58.53111,-38.24992],[-58.53137,-38.25033],[-58.53166,-38.25104],[-58.53237,-38.25324],[-58.53253,-38.25378],[-58.53268,-38.25442],[-58.53276,-38.25505],[-58.53278,-38.25558],[-58.5327,-38.25648],[-58.53254,-38.25722],[-58.53195,-38.25915],[-58.53183,-38.25972],[-58.53179,-38.26012],[-58.53178,-38.26052],[-58.53182,-38.26097],[-58.53191,-38.26131],[-58.5321,-38.26171],[-58.53235,-38.26205],[-58.53281,-38.26248],[-58.53333,-38.26284],[-58.53403,-38.26323],[-58.53465,-38.26352],[-58.53544,-38.26383],[-58.53845,-38.26488],[-58.53972,-38.26537],[-58.54031,-38.26565],[-58.54083,-38.26594],[-58.54126,-38.26621],[-58.54165,-38.26651],[-58.54216,-38.26699],[-58.54247,-38.26736],[-58.54281,-38.26784],[-58.54306,-38.2683],[-58.54333,-38.26901],[-58.54352,-38.26972],[-58.54378,-38.27089],[-58.54388,-38.2712],[-58.54404,-38.27156],[-58.54417,-38.27176],[-58.54436,-38.27196],[-58.54465,-38.27216],[-58.54488,-38.27226],[-58.54543,-38.2724],[-58.5459,-38.27243],[-58.54639,-38.27243],[-58.54733,-38.27231],[-58.54841,-38.27207],[-58.54947,-38.27175],[-58.55274,-38.27066],[-58.55612,-38.26963],[-58.55706,-38.26931],[-58.55915,-38.26851],[-58.55952,-38.26839],[-58.56011,-38.26824],[-58.56092,-38.26814],[-58.56163,-38.26815],[-58.56247,-38.26826],[-58.56307,-38.26839],[-58.56375,-38.26859],[-58.56582,-38.26929],[-58.56677,-38.26953],[-58.56873,-38.26996],[-58.56942,-38.27019],[-58.5699,-38.27043],[-58.57039,-38.27079],[-58.57079,-38.27118],[-58.57109,-38.27151],[-58.5717,-38.27228],[-58.57199,-38.27275],[-58.57219,-38.27321],[-58.57229,-38.27369],[-58.57228,-38.27416],[-58.57221,-38.27458],[-58.57202,-38.27526],[-58.57166,-38.27636],[-58.57149,-38.27707],[-58.57145,-38.27742],[-58.57144,-38.27776],[-58.5715,-38.27824],[-58.57164,-38.27862],[-58.5718,-38.2789],[-58.57201,-38.27915],[-58.57236,-38.27942],[-58.57274,-38.2796],[-58.57322,-38.27972],[-58.57352,-38.27975],[-58.57396,-38.27974],[-58.57438,-38.27969],[-58.57483,-38.27961],[-58.57566,-38.27938],[-58.5766,-38.27903],[-58.57764,-38.27853],[-58.57853,-38.27803],[-58.58083,-38.27663],[-58.58166,-38.27621],[-58.58219,-38.276],[-58.58267,-38.27584],[-58.58313,-38.27573],[-58.58382,-38.27563],[-58.58448,-38.27561],[-58.5851,-38.27567],[-58.58571,-38.27579],[-58.5862,-38.27596],[-58.58673,-38.27618],[-58.58815,-38.27688],[-58.58863,-38.27706],[-58.58901,-38.27717],[-58.58961,-38.27729],[-58.59018,-38.27736],[-58.59182,-38.27749],[-58.59291,-38.27761],[-58.59377,-38.27777],[-58.59449,-38.27797],[-58.59505,-38.27818],[-58.59544,-38.27836],[-58.59744,-38.27944],[-58.59985,-38.2805],[-58.60201,-38.28159],[-58.6025,-38.2818],[-58.60319,-38.28204],[-58.60362,-38.28214],[-58.60404,-38.28221],[-58.6047,-38.28226],[-58.60543,-38.28225],[-58.60716,-38.28214],[-58.60793,-38.28215],[-58.60867,-38.28224],[-58.60924,-38.28239],[-58.60979,-38.28261],[-58.61027,-38.28289],[-58.61074,-38.28323],[-58.61181,-38.28411],[-58.61233,-38.28451],[-58.6128,-38.28482],[-58.61334,-38.28511],[-58.61412,-38.28546],[-58.61541,-38.28596],[-58.61694,-38.28648],[-58.61836,-38.28693],[-58.61895,-38.28708],[-58.61961,-38.28722],[-58.6203,-38.28731],[-58.62094,-38.28735],[-58.6221,-38.28734],[-58.62448,-38.28716],[-58.62501,-38.28718],[-58.62546,-38.28727],[-58.6257,-38.28737],[-58.62585,-38.28747],[-58.62602,-38.28765],[-58.62612,-38.28788],[-58.62615,-38.28798],[-58.62616,-38.2883],[-58.62612,-38.28856],[-58.62602,-38.28887],[-58.62573,-38.28947],[-58.62527,-38.2902],[-58.62423,-38.29168],[-58.62271,-38.29377],[-58.62234,-38.29433],[-58.62212,-38.2948],[-58.62208,-38.295],[-58.62209,-38.29509],[-58.62216,-38.29521],[-58.6223,-38.29531],[-58.62254,-38.29536],[-58.62281,-38.29537],[-58.62436,-38.29528],[-58.62496,-38.29528],[-58.62569,-38.29533],[-58.6261,-38.2954],[-58.62658,-38.29551],[-58.62719,-38.2957],[-58.62975,-38.29668],[-58.63083,-38.29703],[-58.63156,-38.29722],[-58.63226,-38.29737],[-58.63293,-38.29746],[-58.63346,-38.2975],[-58.63402,-38.29751],[-58.63452,-38.29748],[-58.63502,-38.29741],[-58.63559,-38.29725],[-58.63596,-38.29711],[-58.63643,-38.29689],[-58.63807,-38.29591],[-58.63884,-38.29552],[-58.63922,-38.29536],[-58.63961,-38.29525],[-58.64004,-38.29516],[-58.64037,-38.29514],[-58.64082,-38.29514],[-58.64122,-38.29519],[-58.64165,-38.29527],[-58.64381,-38.29584],[-58.64638,-38.29644],[-58.6477,-38.29679],[-58.64865,-38.29713],[-58.64907,-38.29734],[-58.64938,-38.29754],[-58.64963,-38.29775],[-58.64992,-38.29806],[-58.65042,-38.29887],[-58.65062,-38.29912],[-58.65085,-38.29931],[-58.65119,-38.2995],[-58.65158,-38.29963],[-58.65193,-38.2997],[-58.65303,-38.29986],[-58.6536,-38.29997],[-58.65434,-38.30016],[-58.65496,-38.30037],[-58.65584,-38.30074],[-58.65833,-38.30191],[-58.6613,-38.30313],[-58.66367,-38.30427],[-58.66456,-38.30464],[-58.6651,-38.30482],[-58.66564,-38.30497],[-58.66668,-38.30517],[-58.66769,-38.30525],[-58.66957,-38.30524],[-58.67012,-38.30526],[-58.67093,-38.30535],[-58.67152,-38.30548],[-58.67203,-38.30563],[-58.67266,-38.30588],[-58.67478,-38.30692],[-58.67721,-38.30796],[-58.67778,-38.30826],[-58.67822,-38.30854],[-58.67859,-38.30884],[-58.67881,-38.30907],[-58.67904,-38.30936],[-58.67929,-38.30975],[-58.6795,-38.31022],[-58.67961,-38.3106],[-58.67978,-38.3117],[-58.67987,-38.31203],[-58.67999,-38.31226],[-58.68007,-38.31236],[-58.68024,-38.3125],[-58.68045,-38.31259],[-58.68072,-38.31264],[-58.68109,-38.31262],[-58.68139,-38.31254],[-58.68163,-38.31245],[-58.68199,-38.31227],[-58.68246,-38.31195],[-58.68297,-38.31155],[-58.68349,-38.31109],[-58.68461,-38.30997],[-58.68517,-38.30951],[-58.68561,-38.30925],[-58.68598,-38.30911],[-58.68631,-38.30905],[-58.68669,-38.30905],[-58.68702,-38.30912],[-58.6873,-38.30924],[-58.68754,-38.30939],[-58.68781,-38.30963],[-58.68806,-38.30994],[-58.68825,-38.31025],[-58.68872,-38.31126],[-58.68902,-38.31182],[-58.68921,-38.31208],[-58.68942,-38.3123],[-58.68984,-38.31262],[-58.69027,-38.31283],[-58.69067,-38.31297],[-58.69131,-38.31312],[-58.69253,-38.31336],[-58.69313,-38.31352],[-58.69372,-38.3137],[-58.69422,-38.31389],[-58.69478,-38.31415],[-58.69524,-38.3144],[-58.69687,-38.31543],[-58.69745,-38.31576],[-58.69822,-38.31611],[-58.6989,-38.3163],[-58.69954,-38.31639],[-58.70019,-38.31639],[-58.70078,-38.31632],[-58.7014,-38.31615],[-58.70188,-38.31594],[-58.70234,-38.31567],[-58.70281,-38.31532],[-58.70382,-38.31446],[-58.70429,-38.3141],[-58.70485,-38.31375],[-58.70539,-38.31349],[-58.70605,-38.31326],[-58.70686,-38.31308],[-58.7073,-38.31303],[-58.7077,-38.31302],[-58.70815,-38.31306],[-58.70874,-38.31321],[-58.70925,-38.31348],[-58.71076,-38.31461],[-58.71224,-38.31552],[-58.71275,-38.31587],[-58.71306,-38.31612],[-58.71352,-38.31655],[-58.71385,-38.31694],[-58.71444,-38.3177],[-58.71485,-38.31814],[-58.71508,-38.31833],[-58.71532,-38.3185],[-58.71563,-38.31865],[-58.71596,-38.31876],[-58.71633,-38.31884],[-58.71669,-38.31887],[-58.7172,-38.31885],[-58.7176,-38.3188],[-58.71836,-38.31864],[-58.72014,-38.31814],[-58.72108,-38.31793],[-58.72201,-38.3178],[-58.72247,-38.31779],[-58.7229,-38.3178],[-58.72334,-38.31785],[-58.72395,-38.31799],[-58.72456,-38.31818],[-58.7257,-38.31862],[-58.72632,-38.31883],[-58.72703,-38.319],[-58.72748,-38.31906],[-58.72821,-38.31908],[-58.72879,-38.31904],[-58.73041,-38.31879],[-58.731,-38.31872],[-58.7316,-38.31872],[-58.73214,-38.31878],[-58.7327,-38.31892],[-58.73313,-38.31909],[-58.73355,-38.31929],[-58.73477,-38.31999],[-58.73519,-38.32017],[-58.73568,-38.32031],[-58.73617,-38.32036],[-58.73666,-38.32033],[-58.73693,-38.32028],[-58.73733,-38.32015],[-58.73773,-38.31996],[-58.73799,-38.31979],[-58.73834,-38.31951],[-58.73877,-38.31906],[-58.73911,-38.31861],[-58.73941,-38.31815],[-58.74006,-38.31701],[-58.74032,-38.31663],[-58.74072,-38.31618],[-58.74118,-38.31582],[-58.74158,-38.31561],[-58.74181,-38.31552],[-58.74223,-38.31541],[-58.74278,-38.31539],[-58.74333,-38.31547],[-58.74386,-38.31561],[-58.74457,-38.31587],[-58.7453,-38.31617],[-58.74623,-38.31659],[-58.74674,-38.31687],[-58.74737,-38.31724],[-58.74909,-38.31844],[-58.74971,-38.31883],[-58.75053,-38.31924],[-58.75126,-38.31948],[-58.75156,-38.31955],[-58.752,-38.31961],[-58.75263,-38.3196],[-58.7531,-38.31952],[-58.75348,-38.31941],[-58.75439,-38.31908],[-58.7549,-38.31893],[-58.75539,-38.31887],[-58.7558,-38.31894],[-58.75596,-38.31901],[-58.75615,-38.31913],[-58.75635,-38.31933],[-58.75645,-38.31947],[-58.7566,-38.31975],[-58.75693,-38.32061],[-58.75704,-38.32081],[-58.75719,-38.32104],[-58.75742,-38.32125],[-58.75764,-38.32138],[-58.75797,-38.32149],[-58.75846,-38.32155],[-58.75873,-38.32155],[-58.7593,-38.32149],[-58.76014,-38.32133],[-58.76181,-38.32092],[-58.76218,-38.32084],[-58.76277,-38.32076],[-58.76321,-38.32076],[-58.76366,-38.32082],[-58.76412,-38.32097],[-58.76446,-38.3212],[-58.76474,-38.32153],[-58.76492,-38.32185],[-58.76546,-38.32296],[-58.76575,-38.32342],[-58.76624,-38.32405],[-58.76668,-38.32452],[-58.76842,-38.32627],[-58.7702,-38.32823],[-58.77103,-38.32904],[-58.77156,-38.32949],[-58.77217,-38.32994],[-58.77265,-38.33025],[-58.7732,-38.33057],[-58.77393,-38.33091],[-58.77439,-38.33108],[-58.77495,-38.33124],[-58.77534,-38.33131],[-58.77598,-38.33134],[-58.77644,-38.33126],[-58.77676,-38.33114],[-58.77703,-38.33096],[-58.77722,-38.33076],[-58.77737,-38.33049],[-58.77744,-38.33025],[-58.77747,-38.32977],[-58.77743,-38.32939],[-58.77726,-38.32869],[-58.77674,-38.32699],[-58.77661,-38.32638],[-58.77655,-38.32587],[-58.77654,-38.32534],[-58.7766,-38.32479],[-58.7767,-38.3243],[-58.77682,-38.32391],[-58.77698,-38.32349],[-58.77725,-38.32293],[-58.77763,-38.32228],[-58.77814,-38.32152],[-58.7787,-38.32082],[-58.77912,-38.32037],[-58.77958,-38.31994],[-58.77991,-38.31968],[-58.78044,-38.31938],[-58.78077,-38.31926],[-58.78108,-38.31921],[-58.78138,-38.31924],[-58.78158,-38.3193],[-58.78183,-38.31943],[-58.78205,-38.31961],[-58.78224,-38.31981],[-58.78315,-38.32111],[-58.78348,-38.32149],[-58.78373,-38.32173],[-58.78414,-38.32206],[-58.78475,-38.32249],[-58.78601,-38.32332],[-58.78671,-38.32373],[-58.78709,-38.32391],[-58.78745,-38.32405],[-58.78783,-38.32414],[-58.78824,-38.3242],[-58.78869,-38.32419],[-58.789,-38.32414],[-58.78956,-38.32398],[-58.78995,-38.32379],[-58.79032,-38.32356],[-58.79086,-38.32314],[-58.79131,-38.32271],[-58.79169,-38.32227],[-58.79206,-38.32182],[-58.79251,-38.32119],[-58.79286,-38.32063],[-58.79335,-38.3197],[-58.7938,-38.3186],[-58.79409,-38.31771],[-58.79477,-38.31536],[-58.79504,-38.31461],[-58.79545,-38.31373],[-58.79571,-38.31329],[-58.79594,-38.31298],[-58.7963,-38.31259],[-58.7966,-38.31235],[-58.79684,-38.31221],[-58.79715,-38.31207],[-58.79761,-38.31193],[-58.79805,-38.31188],[-58.79849,-38.31188],[-58.79887,-38.31193],[-58.79932,-38.31203],[-58.79984,-38.3122],[-58.80185,-38.31313],[-58.80416,-38.31394],[-58.80449,-38.3141],[-58.80481,-38.3143],[-58.80504,-38.31449],[-58.80533,-38.31479],[-58.8056,-38.31522],[-58.80577,-38.31569],[-58.80586,-38.31624],[-58.80586,-38.31682],[-58.80581,-38.31723],[-58.80571,-38.31782],[-58.80524,-38.31981],[-58.80506,-38.3208],[-58.80496,-38.32171],[-58.80496,-38.32211],[-58.80499,-38.32238],[-58.80509,-38.32272],[-58.80522,-38.32294],[-58.80548,-38.32316],[-58.80568,-38.32326],[-58.80602,-38.32335],[-58.80643,-38.3234],[-58.80694,-38.32339],[-58.80735,-38.32334],[-58.8077,-38.32325],[-58.80801,-38.32314],[-58.80845,-38.32293],[-58.80892,-38.32263],[-58.80926,-38.32237],[-58.8097,-38.32197],[-58.81014,-38.32152],[-58.81206,-38.31947],[-58.81285,-38.3187],[-58.81335,-38.31826],[-58.8146,-38.31723],[-58.81745,-38.31515],[-58.81808,-38.31467],[-58.81858,-38.31424],[-58.81927,-38.31355],[-58.81971,-38.31303],[-58.82025,-38.31223],[-58.82064,-38.31149],[-58.82091,-38.31082],[-58.82113,-38.3101],[-58.82124,-38.30942],[-58.82125,-38.30894],[-58.82119,-38.30845],[-58.82104,-38.30796],[-58.82078,-38.30746],[-58.82036,-38.30692],[-58.81984,-38.30644],[-58.81919,-38.30599],[-58.81875,-38.30576],[-58.81834,-38.30558],[-58.81795,-38.30543],[-58.8174,-38.30526],[-58.81668,-38.3051],[-58.81602,-38.305],[-58.81539,-38.30493],[-58.81454,-38.30487],[-58.81234,-38.30477],[-58.81165,-38.30471],[-58.81096,-38.30462],[-58.81045,-38.3045],[-58.80994,-38.30432],[-58.80949,-38.30407],[-58.80914,-38.30381],[-58.80879,-38.30348],[-58.80847,-38.3031],[-58.80812,-38.3026],[-58.80774,-38.30194],[-58.80689,-38.30037],[-58.80635,-38.29947],[-58.80572,-38.29857],[-58.80473,-38.29733],[-58.80397,-38.29649],[-58.80316,-38.29567],[-58.801,-38.29363],[-58.80004,-38.29268],[-58.79819,-38.29077],[-58.79667,-38.28924],[-58.79606,-38.28852],[-58.79582,-38.28815],[-58.79564,-38.28781],[-58.79549,-38.2874],[-58.79541,-38.28701],[-58.79542,-38.28664],[-58.79549,-38.28636],[-58.79562,-38.28615],[-58.79579,-38.28602],[-58.79603,-38.28594],[-58.79631,-38.28595],[-58.7966,-38.28603],[-58.79688,-38.28615],[-58.79718,-38.28632],[-58.7978,-38.28678],[-58.79993,-38.28862],[-58.8011,-38.28953],[-58.80185,-38.29004],[-58.80282,-38.29065],[-58.80381,-38.29122],[-58.80473,-38.2917],[-58.80583,-38.29219],[-58.80697,-38.29261],[-58.8079,-38.29287],[-58.80981,-38.29334],[-58.81076,-38.29365],[-58.81129,-38.29386],[-58.81202,-38.29422],[-58.81441,-38.29553],[-58.81539,-38.29601],[-58.81615,-38.29634],[-58.81691,-38.29664],[-58.8184,-38.29713],[-58.82002,-38.29755],[-58.82153,-38.29783],[-58.82283,-38.29798],[-58.82384,-38.29801],[-58.82477,-38.29797],[-58.82556,-38.29788],[-58.82646,-38.29773],[-58.82837,-38.29734],[-58.82941,-38.29718],[-58.83042,-38.2971],[-58.83122,-38.2971],[-58.83197,-38.29717],[-58.83278,-38.29734],[-58.83334,-38.29753],[-58.83477,-38.29809],[-58.8356,-38.29833],[-58.83624,-38.29844],[-58.83682,-38.29847],[-58.83757,-38.29843],[-58.83797,-38.29837],[-58.83847,-38.29826],[-58.83916,-38.29804],[-58.84001,-38.29768],[-58.84188,-38.29669],[-58.84274,-38.2963],[-58.84312,-38.29615],[-58.84376,-38.29596],[-58.84447,-38.29582],[-58.84529,-38.29573],[-58.84615,-38.29569],[-58.84991,-38.29576],[-58.85126,-38.29573],[-58.85214,-38.29567],[-58.85297,-38.29556],[-58.85366,-38.29543],[-58.85427,-38.29528],[-58.85537,-38.29494],[-58.8561,-38.29466],[-58.85692,-38.29431],[-58.86017,-38.29278],[-58.86139,-38.29218],[-58.86202,-38.29184],[-58.86312,-38.29117],[-58.86403,-38.2905],[-58.86456,-38.29006],[-58.86516,-38.28949],[-58.86566,-38.28897],[-58.8661,-38.28847],[-58.86671,-38.28768],[-58.86736,-38.2867],[-58.8679,-38.28577],[-58.86901,-38.28369],[-58.86947,-38.28292],[-58.86983,-38.28238],[-58.87035,-38.28169],[-58.87089,-38.28104],[-58.87146,-38.28041],[-58.87215,-38.2797],[-58.8732,-38.27871],[-58.87407,-38.27796],[-58.87488,-38.27732],[-58.87567,-38.27676],[-58.87645,-38.27632],[-58.87718,-38.276],[-58.87753,-38.2759],[-58.87782,-38.27586],[-58.8781,-38.27585],[-58.8783,-38.27588],[-58.87854,-38.27595],[-58.87877,-38.27607],[-58.87895,-38.27623],[-58.87911,-38.27647],[-58.87917,-38.27668],[-58.8792,-38.27693],[-58.87917,-38.27718],[-58.87908,-38.27748],[-58.87893,-38.27779],[-58.87878,-38.27805],[-58.87834,-38.27865],[-58.87785,-38.27923],[-58.87666,-38.28054],[-58.87596,-38.28133],[-58.87537,-38.28212],[-58.8751,-38.28256],[-58.87487,-38.28299],[-58.87467,-38.28344],[-58.87446,-38.28411],[-58.87431,-38.28487],[-58.87428,-38.28573],[-58.87435,-38.28641],[-58.87443,-38.28677],[-58.87458,-38.28727],[-58.87476,-38.28772],[-58.87498,-38.28812],[-58.87542,-38.28875],[-58.87595,-38.28933],[-58.87642,-38.28974],[-58.87691,-38.2901],[-58.87815,-38.29095],[-58.87862,-38.29133],[-58.87892,-38.29164],[-58.87909,-38.29187],[-58.87922,-38.29212],[-58.87927,-38.2923],[-58.87927,-38.29255],[-58.8792,-38.29281],[-58.87912,-38.29294],[-58.87897,-38.2931],[-58.87878,-38.29323],[-58.87856,-38.29333],[-58.87833,-38.29338],[-58.87807,-38.2934],[-58.87739,-38.29333],[-58.87585,-38.293],[-58.87487,-38.29287],[-58.87427,-38.29285],[-58.87391,-38.29287],[-58.87339,-38.29292],[-58.87267,-38.29307],[-58.87187,-38.29331],[-58.87131,-38.29352],[-58.87046,-38.2939],[-58.86851,-38.29482],[-58.86741,-38.29529],[-58.86399,-38.29655],[-58.86267,-38.29708],[-58.86112,-38.29777],[-58.85763,-38.29944],[-58.85658,-38.29988],[-58.85579,-38.30016],[-58.85456,-38.30051],[-58.85319,-38.30078],[-58.85173,-38.30097],[-58.84854,-38.30124],[-58.84757,-38.30138],[-58.84652,-38.30162],[-58.84591,-38.3018],[-58.84537,-38.302],[-58.84426,-38.3025],[-58.84344,-38.30294],[-58.84287,-38.30327],[-58.84142,-38.30421],[-58.83985,-38.30535],[-58.8381,-38.30675],[-58.83512,-38.30929],[-58.8339,-38.3104],[-58.83309,-38.31127],[-58.83262,-38.31187],[-58.83234,-38.3123],[-58.83213,-38.31269],[-58.83191,-38.3133],[-58.83183,-38.3137],[-58.8318,-38.31425],[-58.83185,-38.3147],[-58.83197,-38.31514],[-58.83212,-38.31553],[-58.8323,-38.31585],[-58.83254,-38.31622],[-58.83282,-38.31655],[-58.8335,-38.31723],[-58.8348,-38.31837],[-58.83527,-38.31888],[-58.83545,-38.31915],[-58.83556,-38.31936],[-58.83563,-38.31962],[-58.83564,-38.31989],[-58.83555,-38.32015],[-58.83542,-38.32034],[-58.83521,-38.32054],[-58.83492,-38.32073],[-58.83457,-38.32089],[-58.83399,-38.32107],[-58.83341,-38.32119],[-58.83273,-38.3213],[-58.82993,-38.3216],[-58.82868,-38.32177],[-58.82785,-38.32193],[-58.82693,-38.32217],[-58.82634,-38.32241],[-58.82581,-38.32271],[-58.82539,-38.32307],[-58.8252,-38.32333],[-58.82512,-38.32348],[-58.82501,-38.32375],[-58.82495,-38.32404],[-58.82493,-38.32439],[-58.82496,-38.32466],[-58.82509,-38.32519],[-58.82569,-38.32679],[-58.82594,-38.32763],[-58.82606,-38.32824],[-58.82617,-38.32898],[-58.82623,-38.32976],[-58.82625,-38.33051],[-58.82624,-38.33137],[-58.8262,-38.33213],[-58.82612,-38.33289],[-58.82601,-38.33358],[-58.82574,-38.33478],[-58.82505,-38.3371],[-58.82491,-38.33766],[-58.82486,-38.33803],[-58.82485,-38.33853],[-58.8249,-38.33889],[-58.82506,-38.33927],[-58.82521,-38.33947],[-58.82535,-38.3396],[-58.82573,-38.33984],[-58.82609,-38.33997],[-58.82634,-38.34003],[-58.82681,-38.34011],[-58.82841,-38.34029],[-58.82914,-38.34042],[-58.8302,-38.34069],[-58.83075,-38.34088],[-58.83125,-38.34108],[-58.83215,-38.34152],[-58.83289,-38.34196],[-58.83475,-38.34316],[-58.83681,-38.3444],[-58.83856,-38.34558],[-58.83895,-38.34579],[-58.83933,-38.34593],[-58.83974,-38.34602],[-58.84006,-38.34604],[-58.84031,-38.34604],[-58.8407,-38.34599],[-58.84102,-38.3459],[-58.84134,-38.34579],[-58.84267,-38.34518],[-58.84306,-38.34506],[-58.84341,-38.34501],[-58.84377,-38.34502],[-58.84402,-38.34506],[-58.84447,-38.34523],[-58.84471,-38.34537],[-58.84511,-38.34571],[-58.8455,-38.34616],[-58.84586,-38.34666],[-58.84641,-38.34757],[-58.84676,-38.34822],[-58.84721,-38.3492],[-58.84818,-38.35158],[-58.84865,-38.35263],[-58.84904,-38.35337],[-58.84936,-38.35387],[-58.84967,-38.35428],[-58.8502,-38.35484],[-58.85078,-38.35531],[-58.85145,-38.35575],[-58.85332,-38.35681],[-58.85432,-38.35752],[-58.85507,-38.35812],[-58.85734,-38.36005],[-58.8583,-38.36092],[-58.85888,-38.36154],[-58.85952,-38.36237],[-58.86002,-38.36314],[-58.86104,-38.3649],[-58.86145,-38.36553],[-58.86182,-38.36593],[-58.86199,-38.36605],[-58.86225,-38.36619],[-58.86256,-38.36629],[-58.86293,-38.36634],[-58.86322,-38.36633],[-58.86358,-38.36629],[-58.86429,-38.36609],[-58.86501,-38.36577],[-58.8657,-38.36534],[-58.86615,-38.365],[-58.86657,-38.36463],[-58.86812,-38.36318],[-58.869,-38.36243],[-58.87097,-38.36098],[-58.8724,-38.35985],[-58.87271,-38.35963],[-58.873,-38.35947],[-58.87334,-38.35934],[-58.87371,-38.35928],[-58.87383,-38.35928],[-58.87411,-38.35934],[-58.87429,-38.35943],[-58.87445,-38.35954],[-58.87462,-38.35975],[-58.87474,-38.35998],[-58.87483,-38.3603],[-58.87484,-38.36065],[-58.87482,-38.3609],[-58.8746,-38.36183],[-58.87455,-38.36228],[-58.87459,-38.36256],[-58.87467,-38.3628],[-58.87483,-38.36309],[-58.8752,-38.36354],[-58.87645,-38.36468],[-58.87697,-38.36528],[-58.87722,-38.36566],[-58.87748,-38.36611],[-58.87819,-38.36758],[-58.87844,-38.36799],[-58.87874,-38.36837],[-58.87907,-38.36869],[-58.87949,-38.36895],[-58.88052,-38.36936],[-58.88081,-38.36951],[-58.88109,-38.36972],[-58.88133,-38.37003],[-58.88147,-38.37044],[-58.88152,-38.37093],[-58.8815,-38.37156],[-58.88136,-38.37279],[-58.88136,-38.37308],[-58.88139,-38.37335],[-58.88151,-38.37368],[-58.88167,-38.37393],[-58.88184,-38.3741],[-58.88215,-38.3743],[-58.88228,-38.37437],[-58.88266,-38.37447],[-58.88323,-38.37452],[-58.88361,-38.37449],[-58.884,-38.37443],[-58.88483,-38.37421],[-58.88576,-38.37384],[-58.88619,-38.37363],[-58.88659,-38.37339],[-58.88728,-38.37288],[-58.8884,-38.37192],[-58.88895,-38.37155],[-58.88944,-38.37135],[-58.88986,-38.37128],[-58.8903,-38.3713],[-58.8907,-38.37143],[-58.89098,-38.37158],[-58.89122,-38.37177],[-58.8916,-38.37221],[-58.89184,-38.37259],[-58.89211,-38.37308],[-58.8928,-38.37456],[-58.89333,-38.37554],[-58.89415,-38.37681],[-58.89517,-38.37816],[-58.89608,-38.3792],[-58.89693,-38.38002],[-58.89773,-38.38066],[-58.89816,-38.38093],[-58.89868,-38.38123],[-58.89937,-38.38154],[-58.90003,-38.38176],[-58.90091,-38.38198],[-58.90313,-38.38238],[-58.90418,-38.38264],[-58.9068,-38.38336],[-58.90761,-38.38362],[-58.90831,-38.38389],[-58.90925,-38.38432],[-58.90983,-38.38463],[-58.91221,-38.38605],[-58.91375,-38.38688],[-58.91633,-38.38815],[-58.91877,-38.38943],[-58.91975,-38.38988],[-58.92098,-38.39035],[-58.92315,-38.39101],[-58.92396,-38.39123],[-58.92476,-38.39141],[-58.92541,-38.39152],[-58.92601,-38.39159],[-58.92877,-38.39173],[-58.92993,-38.39186],[-58.93066,-38.39198],[-58.93138,-38.39215],[-58.93209,-38.39237],[-58.93256,-38.39254],[-58.93294,-38.3927],[-58.93357,-38.39302],[-58.93454,-38.39362],[-58.93537,-38.39423],[-58.93739,-38.39584],[-58.93825,-38.39649],[-58.93915,-38.39709],[-58.94009,-38.39763],[-58.94092,-38.39803],[-58.94173,-38.39835],[-58.94398,-38.39912],[-58.94476,-38.39941],[-58.94566,-38.39979],[-58.9478,-38.40076],[-58.94856,-38.40107],[-58.94973,-38.40145],[-58.95044,-38.40163],[-58.95119,-38.40178],[-58.95272,-38.40202],[-58.95629,-38.40242],[-58.95715,-38.40256],[-58.95786,-38.4027],[-58.95868,-38.40293],[-58.9597,-38.40329],[-58.96079,-38.40377],[-58.96271,-38.40471],[-58.96335,-38.40497],[-58.96385,-38.40513],[-58.96447,-38.40528],[-58.96497,-38.40536],[-58.9684,-38.40569],[-58.9696,-38.40585],[-58.9706,-38.40603],[-58.97132,-38.40618],[-58.97205,-38.40638],[-58.97471,-38.40726],[-58.97529,-38.40742],[-58.97599,-38.40758],[-58.97683,-38.40771],[-58.97765,-38.40776],[-58.97766,-38.40776]]]}},{"type":"Feature","properties":{"fdc":"SIG 250 mil","sag":"IGN","crv":70,"mo2":6,"tipo":"Curva de nivel","ign":"lineas_de_geomorfologia_CA010.110356"},"geometry":{"type":"MultiLineString","coordinates":[[[-58.92439,-38.19682],[-58.92498,-38.19766],[-58.92432,-38.20008],[-58.92145,-38.20208],[-58.92082,-38.20531],[-58.92004,-38.20736],[-58.91968,-38.20873],[-58.91914,-38.21135],[-58.91881,-38.21282],[-58.92031,-38.21385],[-58.92116,-38.215],[-58.9194,-38.21498],[-58.91846,-38.21602],[-58.91808,-38.21745],[-58.91539,-38.21895],[-58.91536,-38.2213],[-58.9144,-38.22113],[-58.91418,-38.2198],[-58.91339,-38.21961],[-58.91284,-38.2197],[-58.91171,-38.2207],[-58.91051,-38.22234],[-58.91062,-38.2231],[-58.91218,-38.22416],[-58.91217,-38.22483],[-58.91264,-38.2256],[-58.91384,-38.22609],[-58.91737,-38.22473],[-58.91771,-38.22584],[-58.91648,-38.22716],[-58.91623,-38.22792],[-58.91633,-38.22945],[-58.91692,-38.23012],[-58.91885,-38.23042],[-58.92005,-38.23138],[-58.92003,-38.23225],[-58.9183,-38.23489],[-58.91828,-38.23642],[-58.91875,-38.2369],[-58.91947,-38.23748],[-58.92044,-38.2373],[-58.92227,-38.23608],[-58.9253,-38.23553],[-58.92699,-38.23631],[-58.92733,-38.23708],[-58.92719,-38.2386],[-58.92783,-38.23953],[-58.92722,-38.24134],[-58.92839,-38.24421],[-58.9273,-38.24747],[-58.92632,-38.2488],[-58.92531,-38.25165],[-58.92384,-38.25316],[-58.92321,-38.25439],[-58.92092,-38.25428],[-58.91859,-38.25568],[-58.91798,-38.25701],[-58.91821,-38.25768],[-58.91917,-38.25807],[-58.91916,-38.25864],[-58.92135,-38.25771],[-58.92241,-38.2569],[-58.92465,-38.2578],[-58.92595,-38.25756],[-58.92621,-38.25604],[-58.92776,-38.25419],[-58.92746,-38.25319],[-58.92808,-38.25225],[-58.93054,-38.25227],[-58.93171,-38.25091],[-58.93124,-38.24934],[-58.93237,-38.24847],[-58.9324,-38.24618],[-58.93313,-38.24562],[-58.93326,-38.24486],[-58.9322,-38.24313],[-58.93344,-38.24142],[-58.93285,-38.23999],[-58.93408,-38.23857],[-58.93517,-38.23858],[-58.93577,-38.23916],[-58.93647,-38.24059],[-58.93827,-38.24147],[-58.93888,-38.241],[-58.93914,-38.23957],[-58.93988,-38.239],[-58.9405,-38.23748],[-58.94124,-38.23672],[-58.94389,-38.23761],[-58.94508,-38.23895],[-58.94531,-38.23962],[-58.94674,-38.24078],[-58.94964,-38.241],[-58.95037,-38.24072],[-58.95136,-38.2393],[-58.95127,-38.23711],[-58.95273,-38.23626],[-58.95323,-38.2354],[-58.95108,-38.23376],[-58.95025,-38.23243],[-58.95126,-38.22938],[-58.95247,-38.22939],[-58.95343,-38.22988],[-58.95462,-38.23112],[-58.9563,-38.23191],[-58.95921,-38.23136],[-58.96113,-38.23214],[-58.9621,-38.23196],[-58.96381,-38.23102],[-58.96477,-38.23122],[-58.96645,-38.23209],[-58.96693,-38.23276],[-58.96658,-38.23524],[-58.96345,-38.23697],[-58.96274,-38.23787],[-58.96355,-38.24055],[-58.96254,-38.24359],[-58.96143,-38.2453],[-58.96142,-38.24587],[-58.9642,-38.24628],[-58.96605,-38.24617],[-58.96639,-38.24604],[-58.96662,-38.2456],[-58.96697,-38.24464],[-58.96771,-38.24353],[-58.9694,-38.2428],[-58.97054,-38.24188],[-58.97068,-38.24134],[-58.96984,-38.24013],[-58.96998,-38.2387],[-58.97048,-38.23813],[-58.97145,-38.23776],[-58.97348,-38.2394],[-58.97516,-38.24008],[-58.98002,-38.24125],[-58.98331,-38.24215],[-58.98502,-38.24269],[-58.98559,-38.24259],[-58.98566,-38.24226],[-58.98514,-38.24065],[-58.98473,-38.23897],[-58.98329,-38.23805],[-58.98306,-38.23729],[-58.98429,-38.23587],[-58.98523,-38.23586],[-58.98621,-38.23552],[-58.98684,-38.23517],[-58.98702,-38.23476],[-58.98783,-38.23399],[-58.98856,-38.23336],[-58.98954,-38.23296],[-58.98989,-38.23288],[-58.99078,-38.23331],[-58.9913,-38.23367],[-58.99193,-38.2336],[-58.99237,-38.23333],[-58.99292,-38.23263],[-58.99328,-38.23236],[-58.99417,-38.23222],[-58.99462,-38.23187],[-58.9948,-38.23117],[-58.99526,-38.23055],[-58.99588,-38.23034],[-58.99624,-38.23035],[-58.99686,-38.2307],[-58.99738,-38.2314],[-58.99782,-38.23155],[-58.9988,-38.23156],[-59.00014,-38.23108],[-59.00103,-38.23108],[-59.00254,-38.23117],[-59.00583,-38.23133],[-59.00662,-38.23128],[-59.00725,-38.23114],[-59.00787,-38.23114],[-59.00876,-38.23129],[-59.00956,-38.23137],[-59.01044,-38.23151],[-59.01124,-38.23166],[-59.01204,-38.23167],[-59.01284,-38.23167],[-59.01356,-38.23147],[-59.014,-38.23134],[-59.01463,-38.2312],[-59.01552,-38.23114],[-59.01614,-38.23107],[-59.01676,-38.23129],[-59.01746,-38.23143],[-59.018,-38.23137],[-59.01854,-38.23109],[-59.01926,-38.23082],[-59.01979,-38.23055],[-59.02033,-38.23034],[-59.02086,-38.23041],[-59.02166,-38.23077],[-59.02227,-38.23084],[-59.02281,-38.23078],[-59.02352,-38.23078],[-59.02459,-38.23093],[-59.02512,-38.23115],[-59.02565,-38.23129],[-59.026,-38.23172],[-59.02652,-38.23264],[-59.02695,-38.23369],[-59.02729,-38.23461],[-59.02817,-38.23545],[-59.03003,-38.2361],[-59.03136,-38.23637],[-59.03415,-38.23647],[-59.03649,-38.23709],[-59.03934,-38.24105]]]}},{"type":"Feature","properties":{"fdc":"SIG 250 mil","sag":"IGN","crv":60,"mo2":6,"tipo":"Curva de nivel","ign":"lineas_de_geomorfologia_CA010.110378"},"geometry":{"type":"MultiLineString","coordinates":[[[-58.96854,-38.24705],[-58.96635,-38.24781],[-58.95965,-38.24919],[-58.95893,-38.24936],[-58.95817,-38.24934],[-58.95582,-38.24878],[-58.95544,-38.24855],[-58.95522,-38.24831],[-58.95535,-38.24795],[-58.95584,-38.24706],[-58.95872,-38.24568],[-58.96051,-38.24205],[-58.96095,-38.23948],[-58.95905,-38.23717],[-58.9584,-38.23688],[-58.95743,-38.23744],[-58.95705,-38.2383],[-58.95763,-38.2405],[-58.95725,-38.24135],[-58.95603,-38.24249],[-58.95541,-38.24381],[-58.95479,-38.24448],[-58.95321,-38.24541],[-58.95224,-38.24569],[-58.95124,-38.24702],[-58.94966,-38.24815],[-58.94772,-38.24832],[-58.94614,-38.24926],[-58.94517,-38.24935],[-58.94228,-38.24884],[-58.94085,-38.2474],[-58.94012,-38.24701],[-58.94014,-38.24606],[-58.94186,-38.24426],[-58.94188,-38.24274],[-58.94138,-38.24244],[-58.9382,-38.24419],[-58.93749,-38.24508],[-58.9376,-38.24585],[-58.9365,-38.24698],[-58.93565,-38.24726],[-58.93514,-38.24868],[-58.93608,-38.25022],[-58.9362,-38.251],[-58.93216,-38.25298],[-58.93084,-38.25322],[-58.9291,-38.25664],[-58.92812,-38.25816],[-58.92689,-38.25938],[-58.92123,-38.2585],[-58.91728,-38.25955],[-58.91565,-38.25793],[-58.91681,-38.25517],[-58.92142,-38.25237],[-58.92244,-38.24933],[-58.92247,-38.24743],[-58.92126,-38.24722],[-58.92017,-38.24769],[-58.91869,-38.24901],[-58.91771,-38.25053],[-58.91685,-38.25128],[-58.91515,-38.25203],[-58.9143,-38.25174],[-58.91323,-38.25039],[-58.91362,-38.24896],[-58.91523,-38.24678],[-58.91573,-38.24536],[-58.91514,-38.24392],[-58.91431,-38.24344],[-58.91296,-38.24467],[-58.91334,-38.24632],[-58.91057,-38.25056],[-58.91007,-38.25208],[-58.91026,-38.25513],[-58.9073,-38.25681],[-58.90623,-38.25814],[-58.90598,-38.25891],[-58.90668,-38.26043],[-58.90581,-38.26186],[-58.90603,-38.26329],[-58.90565,-38.26472],[-58.90504,-38.265],[-58.90137,-38.263],[-58.89603,-38.26387],[-58.89247,-38.26643],[-58.89264,-38.26389],[-58.90113,-38.25931],[-58.90524,-38.25419],[-58.90943,-38.24817],[-58.91204,-38.24129],[-58.91075,-38.23817],[-58.90967,-38.23669],[-58.909,-38.23194],[-58.91211,-38.22871],[-58.91169,-38.22809],[-58.91042,-38.22719],[-58.90919,-38.22673]]]}},{"type":"Feature","properties":{"fdc":"SIG 250 mil","sag":"IGN","crv":90,"mo2":6,"tipo":"Curva de nivel","ign":"lineas_de_geomorfologia_CA010.110474"},"geometry":{"type":"MultiLineString","coordinates":[[[-59.01575,-38.32062],[-59.01494,-38.32056],[-59.01387,-38.32008],[-59.01355,-38.31907],[-59.01281,-38.31858],[-59.01215,-38.31831],[-59.00988,-38.31846],[-59.00829,-38.3194],[-59.00757,-38.3193],[-59.00661,-38.31872],[-59.00638,-38.31796],[-59.00687,-38.3172],[-59.0076,-38.31682],[-59.00954,-38.31665],[-59.01127,-38.31399],[-59.01249,-38.31343],[-59.01274,-38.31276],[-59.01179,-38.31133],[-59.01095,-38.31104],[-59.0094,-38.30978],[-59.0094,-38.30921],[-59.00748,-38.30767],[-59.0075,-38.3069],[-59.00799,-38.30615],[-59.00872,-38.30577],[-59.01023,-38.30566],[-59.01116,-38.30426],[-59.01212,-38.30196],[-59.01272,-38.29848],[-59.01111,-38.29521],[-59.00726,-38.2943],[-59.00594,-38.29038],[-59.00656,-38.28516],[-59.00724,-38.28238],[-59.00761,-38.2823],[-59.00796,-38.28222],[-59.00833,-38.28218],[-59.00953,-38.28214],[-59.00975,-38.28197],[-59.01015,-38.2818],[-59.01043,-38.28172],[-59.01072,-38.28173],[-59.01183,-38.28191],[-59.01206,-38.28193],[-59.01231,-38.2818],[-59.01238,-38.28157],[-59.01294,-38.28045],[-59.01367,-38.27988],[-59.01429,-38.27954],[-59.01492,-38.27938],[-59.01582,-38.27953],[-59.01802,-38.2803],[-59.01935,-38.28031],[-59.02069,-38.27937],[-59.02094,-38.2787],[-59.02073,-38.27718],[-59.02098,-38.27565],[-59.02138,-38.2753],[-59.02259,-38.27423],[-59.02147,-38.27394],[-59.02028,-38.27416],[-59.0201,-38.2742],[-59.01991,-38.27422],[-59.01799,-38.27382],[-59.01466,-38.27474],[-59.0141,-38.27485],[-59.01308,-38.27492],[-59.01223,-38.27483],[-59.00962,-38.27391],[-59.00824,-38.27302],[-59.00764,-38.27166],[-59.00835,-38.2696],[-59.01201,-38.26447],[-59.01216,-38.2635],[-59.01151,-38.26243],[-59.0096,-38.26191],[-59.00736,-38.26229],[-59.00544,-38.25967],[-59.00514,-38.25904],[-59.00519,-38.25819],[-59.00569,-38.25602],[-59.00431,-38.25354],[-59.0043,-38.252],[-59.00485,-38.25053],[-59.01029,-38.24392],[-59.01217,-38.24374],[-59.01324,-38.24403],[-59.01416,-38.24456],[-59.01649,-38.24673],[-59.01745,-38.24772],[-59.01813,-38.24831],[-59.01948,-38.24956],[-59.02336,-38.25082],[-59.02609,-38.25084],[-59.02882,-38.25117],[-59.03191,-38.25336],[-59.03667,-38.25477],[-59.03961,-38.25219],[-59.04251,-38.25167],[-59.04518,-38.25652],[-59.04451,-38.26192],[-59.04636,-38.26816],[-59.04767,-38.27438],[-59.04596,-38.27825],[-59.04463,-38.28033],[-59.04533,-38.28262],[-59.04517,-38.28481],[-59.04359,-38.28556],[-59.04261,-38.28699],[-59.04304,-38.2908],[-59.04242,-38.29232],[-59.04168,-38.29298],[-59.03985,-38.29383],[-59.03338,-38.29205],[-59.03149,-38.29013],[-59.03028,-38.28975],[-59.02951,-38.2901],[-59.02949,-38.29113],[-59.02949,-38.2919],[-59.03011,-38.29499],[-59.03069,-38.29885],[-59.03379,-38.30244],[-59.03486,-38.30371],[-59.03473,-38.30488],[-59.03363,-38.3073],[-59.03479,-38.31114],[-59.03429,-38.31199],[-59.03259,-38.31293],[-59.03258,-38.31359],[-59.03329,-38.31417],[-59.03353,-38.31475],[-59.03351,-38.31609],[-59.03266,-38.31665],[-59.03215,-38.31817],[-59.0313,-38.31836],[-59.03029,-38.31781],[-59.02972,-38.31593],[-59.02749,-38.31413],[-59.02555,-38.31421],[-59.02459,-38.31359],[-59.02462,-38.31153],[-59.02537,-38.30935],[-59.02453,-38.30886],[-59.02259,-38.30941],[-59.02187,-38.30874],[-59.02164,-38.30731],[-59.02008,-38.30672],[-59.01961,-38.30605],[-59.01889,-38.30567],[-59.0182,-38.30602],[-59.01716,-38.30813],[-59.01715,-38.3087],[-59.01852,-38.31207],[-59.0173,-38.31576],[-59.01712,-38.31967],[-59.01667,-38.32017],[-59.01575,-38.32062]]]}},{"type":"Feature","properties":{"fdc":"SIG 250 mil","sag":"IGN","crv":60,"mo2":6,"tipo":"Curva de nivel","ign":"lineas_de_geomorfologia_CA010.110314"},"geometry":{"type":"MultiLineString","coordinates":[[[-58.97299,-38.24415],[-58.97543,-38.24261],[-58.97728,-38.2424],[-58.98064,-38.24243],[-58.98315,-38.24298],[-58.98506,-38.24457],[-58.98713,-38.24549],[-58.98793,-38.24485],[-58.98809,-38.24366],[-58.98642,-38.24087],[-58.98576,-38.2388],[-58.98608,-38.23748],[-58.98883,-38.2365]]]}},{"type":"Feature","properties":{"fdc":"SIG 250 mil","sag":"IGN","crv":100,"mo2":6,"tipo":"Curva de nivel","ign":"lineas_de_geomorfologia_CA010.110381"},"geometry":{"type":"MultiLineString","coordinates":[[[-59.02343,-38.26769],[-59.01926,-38.26763],[-59.01912,-38.26756],[-59.01894,-38.26736],[-59.01882,-38.26702],[-59.01875,-38.26657],[-59.01882,-38.26604],[-59.02025,-38.2606],[-59.0266,-38.25212],[-59.02699,-38.25214],[-59.02737,-38.2523],[-59.02781,-38.25259],[-59.02817,-38.25324],[-59.02969,-38.25808],[-59.02967,-38.25961],[-59.02855,-38.2617],[-59.02819,-38.2635],[-59.02563,-38.26655],[-59.02514,-38.26696],[-59.02429,-38.26753],[-59.02343,-38.26769]]]}},{"type":"Feature","properties":{"fdc":"Atlas 500k 1° Ediciónl","sag":"IGN","crv":200,"mo2":2,"tipo":"Curva de nivel","ign":"lineas_de_geomorfologia_CA010.5662"},"geometry":{"type":"MultiLineString","coordinates":[[[-59.00635,-37.82223],[-59.00641,-37.82223],[-59.00694,-37.82226],[-59.00742,-37.82233],[-59.00791,-37.82245],[-59.00867,-37.82273],[-59.00929,-37.82303],[-59.01019,-37.82355],[-59.01109,-37.82415],[-59.01827,-37.82937],[-59.01974,-37.83049],[-59.02237,-37.83261],[-59.02294,-37.83303],[-59.02361,-37.83347],[-59.02413,-37.83376],[-59.02458,-37.83397],[-59.02505,-37.83415],[-59.02553,-37.83429],[-59.02601,-37.83438],[-59.02652,-37.83443],[-59.02725,-37.83439],[-59.0279,-37.83424],[-59.02829,-37.83409],[-59.02877,-37.83386],[-59.0294,-37.83347],[-59.02978,-37.83318],[-59.03065,-37.83242],[-59.03139,-37.83166],[-59.03218,-37.83075],[-59.03287,-37.82987],[-59.03436,-37.82782],[-59.03512,-37.82686],[-59.03588,-37.82598],[-59.03669,-37.82514],[-59.03801,-37.82392],[-59.04156,-37.82085],[-59.04459,-37.81816],[-59.04563,-37.8173],[-59.04804,-37.81541],[-59.04898,-37.81461],[-59.04974,-37.8139],[-59.05044,-37.81317],[-59.0511,-37.81239],[-59.05148,-37.81187],[-59.05202,-37.811],[-59.05225,-37.81055],[-59.05244,-37.81009],[-59.0526,-37.80961],[-59.05273,-37.8091],[-59.05282,-37.80853],[-59.05284,-37.80818],[-59.05284,-37.80757],[-59.05279,-37.80705],[-59.05271,-37.80657],[-59.05248,-37.80565],[-59.05194,-37.8038],[-59.05184,-37.80335],[-59.05174,-37.8026],[-59.05173,-37.80172],[-59.05177,-37.80123],[-59.05187,-37.80059],[-59.05207,-37.79968],[-59.05224,-37.79907],[-59.05249,-37.79836],[-59.05274,-37.79774],[-59.05313,-37.79696],[-59.05511,-37.79358],[-59.05674,-37.79047],[-59.0572,-37.78977],[-59.05758,-37.78933],[-59.05791,-37.78903],[-59.05828,-37.78878],[-59.05869,-37.78856],[-59.05896,-37.78845],[-59.0597,-37.78826],[-59.0601,-37.78821],[-59.06062,-37.78818],[-59.06115,-37.78818],[-59.06194,-37.78824],[-59.06612,-37.78874],[-59.06865,-37.78897],[-59.07051,-37.78909],[-59.07189,-37.78911],[-59.07301,-37.78907],[-59.07414,-37.78897],[-59.07514,-37.78883],[-59.07599,-37.78865],[-59.07663,-37.78848],[-59.07723,-37.78829],[-59.0781,-37.78792],[-59.07884,-37.78752],[-59.07938,-37.78714],[-59.07998,-37.78659],[-59.08026,-37.78625],[-59.08049,-37.78593],[-59.08074,-37.78546],[-59.08084,-37.78521],[-59.08101,-37.78459],[-59.0811,-37.78395],[-59.08109,-37.78329],[-59.08104,-37.78284],[-59.08097,-37.78247],[-59.0808,-37.78187],[-59.08065,-37.78145],[-59.08044,-37.78099],[-59.08008,-37.78034],[-59.07962,-37.77965],[-59.07895,-37.77881],[-59.07826,-37.77808],[-59.07745,-37.77735],[-59.07691,-37.77692],[-59.07603,-37.77632],[-59.07521,-37.77583],[-59.07431,-37.77534],[-59.07327,-37.77485],[-59.0722,-37.77444],[-59.07163,-37.77426],[-59.07102,-37.7741],[-59.06981,-37.77387],[-59.06858,-37.77376],[-59.06754,-37.77371],[-59.0648,-37.77365],[-59.06067,-37.77341],[-59.0589,-37.77335],[-59.05722,-37.77335],[-59.05411,-37.77346],[-59.05241,-37.77349],[-59.05099,-37.77347],[-59.05013,-37.7734],[-59.04953,-37.77327],[-59.04906,-37.77307],[-59.04878,-37.77288],[-59.04851,-37.7726],[-59.04843,-37.77248],[-59.04833,-37.77224],[-59.0483,-37.77188],[-59.0484,-37.77155],[-59.04864,-37.77122],[-59.04894,-37.77095],[-59.04918,-37.77078],[-59.04993,-37.77037],[-59.05139,-37.7697],[-59.05305,-37.76902],[-59.0544,-37.76852],[-59.05577,-37.76807],[-59.05703,-37.76772],[-59.05846,-37.7674],[-59.06054,-37.76704],[-59.06386,-37.7666],[-59.06497,-37.76643],[-59.06634,-37.76616],[-59.06926,-37.76553],[-59.07056,-37.76533],[-59.07175,-37.76525],[-59.07327,-37.76525],[-59.07505,-37.76535],[-59.07665,-37.7655],[-59.07772,-37.76563],[-59.07876,-37.76581],[-59.07958,-37.76598],[-59.08038,-37.7662],[-59.08114,-37.76645],[-59.08187,-37.76675],[-59.08256,-37.7671],[-59.08303,-37.76739],[-59.08347,-37.7677],[-59.08392,-37.76805],[-59.08479,-37.76883],[-59.0856,-37.76964],[-59.08815,-37.77231],[-59.08886,-37.773],[-59.08953,-37.77361],[-59.09037,-37.77427],[-59.09104,-37.77473],[-59.09161,-37.77507],[-59.09264,-37.77557],[-59.09326,-37.77583],[-59.09395,-37.77606],[-59.09472,-37.77628],[-59.09553,-37.77648],[-59.09744,-37.77686],[-59.10071,-37.77741],[-59.10198,-37.77757],[-59.1028,-37.7776],[-59.10351,-37.77753],[-59.10384,-37.77744],[-59.10415,-37.77732],[-59.10444,-37.77715],[-59.1046,-37.77701],[-59.10482,-37.77675],[-59.10504,-37.77636],[-59.10517,-37.77593],[-59.10525,-37.77537],[-59.10527,-37.77484],[-59.10523,-37.77424],[-59.10509,-37.77317],[-59.10471,-37.77103],[-59.10445,-37.76984],[-59.10418,-37.76883],[-59.10387,-37.76789],[-59.10347,-37.76688],[-59.10239,-37.76461],[-59.10205,-37.76383],[-59.10181,-37.76315],[-59.10172,-37.76273],[-59.10168,-37.76229],[-59.10174,-37.76176],[-59.10186,-37.76132],[-59.10238,-37.76],[-59.10251,-37.75948],[-59.10257,-37.75908],[-59.10259,-37.75824],[-59.10248,-37.75739],[-59.10232,-37.75673],[-59.10206,-37.75596],[-59.1017,-37.75508],[-59.10144,-37.75453],[-59.10119,-37.75404],[-59.10067,-37.75312],[-59.09948,-37.75127],[-59.0991,-37.75063],[-59.09882,-37.7501],[-59.09859,-37.74954],[-59.09839,-37.7488],[-59.09832,-37.74813],[-59.09835,-37.74769],[-59.09843,-37.74729],[-59.09854,-37.74692],[-59.09868,-37.74657],[-59.09889,-37.74619],[-59.09918,-37.74577],[-59.09945,-37.74545],[-59.09975,-37.74518],[-59.10018,-37.74491],[-59.10051,-37.74479],[-59.10093,-37.74471],[-59.10123,-37.7447],[-59.1016,-37.74473],[-59.10231,-37.7449],[-59.10302,-37.74517],[-59.10472,-37.74594],[-59.10527,-37.74612],[-59.10573,-37.74616],[-59.106,-37.74613],[-59.10623,-37.74605],[-59.10654,-37.74587],[-59.10677,-37.74565],[-59.10765,-37.74452],[-59.10794,-37.74421],[-59.10824,-37.74393],[-59.10866,-37.74361],[-59.10913,-37.74335],[-59.10967,-37.74311],[-59.11095,-37.74263],[-59.11155,-37.74238],[-59.11212,-37.74209],[-59.11256,-37.74183],[-59.11351,-37.74115],[-59.11583,-37.73923],[-59.1164,-37.73881],[-59.11705,-37.7384],[-59.11772,-37.73806],[-59.11837,-37.73786],[-59.11889,-37.73779],[-59.11938,-37.73782],[-59.1197,-37.73789],[-59.12004,-37.73802],[-59.12045,-37.73827],[-59.12064,-37.73841],[-59.12098,-37.73872],[-59.12135,-37.73913],[-59.12178,-37.73968],[-59.12209,-37.74013],[-59.12265,-37.74105],[-59.12319,-37.74203],[-59.12373,-37.7431],[-59.12431,-37.74434],[-59.12466,-37.74518],[-59.12493,-37.74592],[-59.12575,-37.74848],[-59.1259,-37.74889],[-59.1261,-37.74931],[-59.1263,-37.74963],[-59.12643,-37.7498],[-59.1267,-37.75003],[-59.1269,-37.75012],[-59.12704,-37.75014],[-59.12721,-37.75012],[-59.12737,-37.75006],[-59.1276,-37.74989],[-59.12776,-37.7497],[-59.12793,-37.74947],[-59.12819,-37.74903],[-59.12846,-37.74851],[-59.12882,-37.74771],[-59.12903,-37.74719],[-59.12928,-37.74648],[-59.12949,-37.74568],[-59.12965,-37.74474],[-59.12972,-37.74375],[-59.1297,-37.7427],[-59.12959,-37.74164],[-59.12939,-37.74062],[-59.12911,-37.73969],[-59.12876,-37.73885],[-59.12829,-37.73796],[-59.1277,-37.73701],[-59.12709,-37.73615],[-59.12566,-37.73428],[-59.12535,-37.73383],[-59.125,-37.73323],[-59.12485,-37.73283],[-59.12478,-37.73244],[-59.12479,-37.73203],[-59.12488,-37.73168],[-59.12504,-37.73139],[-59.12524,-37.73115],[-59.12556,-37.73089],[-59.12601,-37.73067],[-59.12643,-37.73053],[-59.12712,-37.7304],[-59.12765,-37.73035],[-59.12827,-37.73032],[-59.1292,-37.73035],[-59.13035,-37.73049],[-59.13121,-37.73066],[-59.13217,-37.73092],[-59.13322,-37.7313],[-59.13391,-37.73163],[-59.13448,-37.73196],[-59.13484,-37.73221],[-59.1354,-37.73267],[-59.13583,-37.73308],[-59.13663,-37.734],[-59.13842,-37.73635],[-59.13918,-37.73728],[-59.13996,-37.7381],[-59.14037,-37.73846],[-59.14078,-37.73879],[-59.14122,-37.73908],[-59.14171,-37.73936],[-59.14235,-37.73966],[-59.14311,-37.73993],[-59.14386,-37.74014],[-59.14456,-37.74029],[-59.14523,-37.74041],[-59.14626,-37.74055],[-59.14743,-37.74063],[-59.14847,-37.74066],[-59.15066,-37.74066],[-59.15327,-37.7408],[-59.1542,-37.74081],[-59.15487,-37.74076],[-59.15556,-37.74064],[-59.15622,-37.74045],[-59.15682,-37.74019],[-59.15761,-37.73974],[-59.15821,-37.7393],[-59.15889,-37.73874],[-59.15986,-37.73785],[-59.16066,-37.73706],[-59.16137,-37.7363],[-59.16339,-37.734],[-59.16416,-37.73316],[-59.16495,-37.73237],[-59.16597,-37.73143],[-59.1669,-37.7307],[-59.16763,-37.73023],[-59.16834,-37.72989],[-59.16879,-37.72975],[-59.16907,-37.72969],[-59.16962,-37.72962],[-59.17019,-37.72961],[-59.17078,-37.72968],[-59.17131,-37.72979],[-59.17179,-37.72995],[-59.17238,-37.73021],[-59.17309,-37.73061],[-59.17364,-37.73098],[-59.17431,-37.73149],[-59.17491,-37.73201],[-59.1756,-37.73268],[-59.17617,-37.73332],[-59.17662,-37.73392],[-59.17705,-37.7346],[-59.17735,-37.73525],[-59.17758,-37.73587],[-59.17781,-37.73673],[-59.17848,-37.73964],[-59.17921,-37.74212],[-59.17938,-37.74276],[-59.17952,-37.74354],[-59.17957,-37.7442],[-59.17954,-37.74499],[-59.17943,-37.74572],[-59.17929,-37.74634],[-59.17904,-37.74709],[-59.17882,-37.74755],[-59.1785,-37.74803],[-59.17821,-37.74837],[-59.17771,-37.7488],[-59.17708,-37.74922],[-59.17642,-37.74956],[-59.17564,-37.7499],[-59.17458,-37.75028],[-59.17351,-37.75061],[-59.17263,-37.75083],[-59.16893,-37.75164],[-59.16752,-37.752],[-59.16653,-37.75232],[-59.16588,-37.75256],[-59.16397,-37.75337],[-59.16325,-37.75365],[-59.16264,-37.75383],[-59.1622,-37.75392],[-59.16168,-37.75398],[-59.16109,-37.75397],[-59.16048,-37.7539],[-59.16008,-37.75381],[-59.15917,-37.75355],[-59.15705,-37.75279],[-59.15648,-37.75264],[-59.15595,-37.75254],[-59.15533,-37.75249],[-59.15482,-37.75251],[-59.1541,-37.75268],[-59.15366,-37.75287],[-59.15322,-37.75313],[-59.15147,-37.75437],[-59.14916,-37.75591],[-59.14806,-37.7567],[-59.14741,-37.75722],[-59.14688,-37.75768],[-59.14639,-37.75814],[-59.14572,-37.75884],[-59.14475,-37.76001],[-59.14398,-37.76103],[-59.14347,-37.76175],[-59.14303,-37.76244],[-59.14272,-37.76301],[-59.14247,-37.76363],[-59.1423,-37.76431],[-59.14226,-37.76474],[-59.14226,-37.765],[-59.14232,-37.76549],[-59.14243,-37.76594],[-59.14256,-37.76627],[-59.14274,-37.76665],[-59.14322,-37.76742],[-59.14429,-37.76896],[-59.14462,-37.76956],[-59.14485,-37.77011],[-59.145,-37.77071],[-59.14506,-37.7712],[-59.14509,-37.77193],[-59.1451,-37.77327],[-59.14519,-37.77426],[-59.14525,-37.77466],[-59.1454,-37.77527],[-59.14556,-37.77579],[-59.14576,-37.77631],[-59.1462,-37.77722],[-59.14649,-37.77773],[-59.14684,-37.77826],[-59.14742,-37.77904],[-59.14849,-37.78028],[-59.15069,-37.78257],[-59.15125,-37.78318],[-59.15177,-37.78381],[-59.15218,-37.78439],[-59.1524,-37.78479],[-59.15256,-37.78514],[-59.15266,-37.78547],[-59.1527,-37.78569],[-59.1527,-37.78612],[-59.15263,-37.78639],[-59.15249,-37.78662],[-59.15228,-37.78682],[-59.15208,-37.78694],[-59.15167,-37.78711],[-59.15139,-37.78718],[-59.15102,-37.78724],[-59.15043,-37.78729],[-59.14953,-37.78729],[-59.1485,-37.78721],[-59.1476,-37.78709],[-59.14229,-37.78618],[-59.14086,-37.78597],[-59.13967,-37.78583],[-59.13851,-37.78575],[-59.13767,-37.78576],[-59.13672,-37.78583],[-59.13578,-37.78598],[-59.13513,-37.78614],[-59.13432,-37.78641],[-59.13361,-37.7867],[-59.13312,-37.78694],[-59.13258,-37.78724],[-59.13184,-37.78771],[-59.13085,-37.78845],[-59.13027,-37.78897],[-59.12976,-37.78947],[-59.12935,-37.78995],[-59.12904,-37.79035],[-59.12876,-37.79077],[-59.12851,-37.79121],[-59.12828,-37.79168],[-59.12802,-37.7924],[-59.12789,-37.79292],[-59.12783,-37.79329],[-59.1278,-37.79378],[-59.12783,-37.79417],[-59.12792,-37.7947],[-59.12801,-37.79502],[-59.12815,-37.79535],[-59.12836,-37.79577],[-59.1288,-37.7964],[-59.12939,-37.79708],[-59.12996,-37.79764],[-59.13152,-37.79906],[-59.13205,-37.79961],[-59.13238,-37.80002],[-59.13258,-37.80031],[-59.13277,-37.80065],[-59.13293,-37.80103],[-59.13304,-37.8014],[-59.1331,-37.8018],[-59.13312,-37.80223],[-59.1331,-37.80264],[-59.13296,-37.80349],[-59.13253,-37.80528],[-59.13234,-37.80627],[-59.13223,-37.8073],[-59.13222,-37.80782],[-59.13226,-37.80834],[-59.13235,-37.80892],[-59.1325,-37.80946],[-59.13269,-37.80991],[-59.13287,-37.81025],[-59.13317,-37.81071],[-59.13339,-37.81099],[-59.1338,-37.81143],[-59.1341,-37.81169],[-59.13471,-37.81215],[-59.13538,-37.81256],[-59.13608,-37.81291],[-59.13681,-37.81321],[-59.13756,-37.81346],[-59.13845,-37.8137],[-59.13917,-37.81385],[-59.1406,-37.81408],[-59.14221,-37.81426],[-59.14386,-37.81439],[-59.1451,-37.81445],[-59.14636,-37.81448],[-59.14904,-37.81449],[-59.15074,-37.81445],[-59.15176,-37.8144],[-59.15307,-37.81426],[-59.15405,-37.8141],[-59.15506,-37.81388],[-59.15623,-37.81357],[-59.15969,-37.81257],[-59.16084,-37.81229],[-59.16202,-37.81207],[-59.16283,-37.81197],[-59.16378,-37.81191],[-59.16486,-37.81189],[-59.16695,-37.81191],[-59.16816,-37.81187],[-59.16903,-37.81177],[-59.1699,-37.81159],[-59.17054,-37.81138],[-59.17113,-37.81111],[-59.17156,-37.81084],[-59.17189,-37.8106],[-59.17226,-37.81026],[-59.17257,-37.80992],[-59.17284,-37.80956],[-59.17308,-37.80918],[-59.17334,-37.80862],[-59.17351,-37.80809],[-59.17363,-37.80745],[-59.17366,-37.80679],[-59.17359,-37.80619],[-59.17346,-37.80567],[-59.17337,-37.80541],[-59.17307,-37.80477],[-59.17272,-37.80422],[-59.17237,-37.8038],[-59.17199,-37.80341],[-59.17147,-37.80295],[-59.17104,-37.80263],[-59.17004,-37.80198],[-59.16801,-37.80084],[-59.1675,-37.80053],[-59.16687,-37.80009],[-59.16647,-37.79976],[-59.16582,-37.79913],[-59.16513,-37.79832],[-59.16442,-37.79734],[-59.1639,-37.79648],[-59.16367,-37.79598],[-59.16351,-37.79548],[-59.16346,-37.79512],[-59.16347,-37.79465],[-59.16359,-37.79427],[-59.16374,-37.794],[-59.16392,-37.7938],[-59.16434,-37.79351],[-59.1648,-37.79333],[-59.16532,-37.79323],[-59.16573,-37.7932],[-59.16605,-37.79321],[-59.16649,-37.79326],[-59.16687,-37.79333],[-59.16774,-37.79357],[-59.16842,-37.79383],[-59.16917,-37.79414],[-59.17287,-37.79586],[-59.17494,-37.79678],[-59.1768,-37.79754],[-59.17819,-37.79802],[-59.17905,-37.79825],[-59.17962,-37.79837],[-59.18021,-37.79846],[-59.18083,-37.79851],[-59.18135,-37.79853],[-59.18202,-37.7985],[-59.18256,-37.79843],[-59.1836,-37.79823],[-59.18965,-37.79664],[-59.19151,-37.79607],[-59.19538,-37.79471],[-59.19649,-37.79438],[-59.19758,-37.79413],[-59.19875,-37.79395],[-59.19992,-37.79385],[-59.20093,-37.79385],[-59.20334,-37.79396],[-59.20426,-37.79397],[-59.20494,-37.79394],[-59.20556,-37.79388],[-59.20649,-37.79372],[-59.20752,-37.79344],[-59.20854,-37.79307],[-59.20955,-37.79265],[-59.21196,-37.79157],[-59.21354,-37.79096],[-59.21467,-37.79058],[-59.21585,-37.79022],[-59.21681,-37.78996],[-59.21777,-37.78974],[-59.21861,-37.78956],[-59.21991,-37.78934],[-59.22171,-37.7891],[-59.22335,-37.78895],[-59.22723,-37.78867],[-59.22885,-37.78849],[-59.23012,-37.7883],[-59.23142,-37.78801],[-59.23221,-37.7878],[-59.23299,-37.78755],[-59.23375,-37.78726],[-59.2345,-37.78695],[-59.2356,-37.7864],[-59.23786,-37.7851],[-59.23853,-37.78477],[-59.23892,-37.78461],[-59.23969,-37.78435],[-59.24034,-37.78418],[-59.24165,-37.78394],[-59.24344,-37.78375],[-59.24593,-37.78358],[-59.2467,-37.78356],[-59.24753,-37.78356],[-59.24866,-37.78364],[-59.25003,-37.78385],[-59.25117,-37.78409],[-59.25216,-37.78433],[-59.25385,-37.78482],[-59.25716,-37.78594],[-59.25835,-37.78626],[-59.25964,-37.78651],[-59.26031,-37.7866],[-59.26102,-37.78666],[-59.26168,-37.78668],[-59.26238,-37.78667],[-59.26312,-37.78661],[-59.26379,-37.78652],[-59.26438,-37.78641],[-59.26506,-37.78624],[-59.26602,-37.78595],[-59.26764,-37.78539],[-59.26898,-37.7849],[-59.26965,-37.78461],[-59.27024,-37.78433],[-59.27077,-37.78404],[-59.27126,-37.78374],[-59.27171,-37.78342],[-59.27211,-37.7831],[-59.27248,-37.78276],[-59.27283,-37.78239],[-59.27321,-37.78194],[-59.27374,-37.78119],[-59.27471,-37.77964],[-59.27508,-37.77908],[-59.27555,-37.77847],[-59.276,-37.77796],[-59.2767,-37.77729],[-59.27781,-37.77637],[-59.27894,-37.77555],[-59.27976,-37.775],[-59.28037,-37.77462],[-59.28133,-37.7741],[-59.28251,-37.77357],[-59.28351,-37.77318],[-59.28485,-37.77274],[-59.28628,-37.77233],[-59.28774,-37.77196],[-59.29262,-37.77087],[-59.2941,-37.77051],[-59.29554,-37.77007],[-59.29619,-37.76983],[-59.29677,-37.76957],[-59.29731,-37.7693],[-59.2978,-37.76902],[-59.29837,-37.76863],[-59.29892,-37.7682],[-59.29945,-37.76774],[-59.29988,-37.76731],[-59.30155,-37.76547],[-59.30211,-37.7649],[-59.30269,-37.76441],[-59.30305,-37.76416],[-59.30342,-37.76398],[-59.30393,-37.76381],[-59.30448,-37.76375],[-59.30495,-37.76378],[-59.30559,-37.76391],[-59.30617,-37.76412],[-59.30659,-37.76429],[-59.30875,-37.76536],[-59.30967,-37.76577],[-59.31066,-37.76611],[-59.31122,-37.76626],[-59.31183,-37.76637],[-59.3128,-37.76646],[-59.31339,-37.76647],[-59.31403,-37.76644],[-59.31518,-37.76628],[-59.31636,-37.76601],[-59.31743,-37.76566],[-59.31839,-37.76525],[-59.31926,-37.76476],[-59.31995,-37.76429],[-59.3207,-37.76366],[-59.32112,-37.76325],[-59.32172,-37.76259],[-59.32291,-37.76117],[-59.32332,-37.76072],[-59.32359,-37.76048],[-59.32389,-37.76024],[-59.32416,-37.76008],[-59.32454,-37.75989],[-59.32495,-37.75977],[-59.32525,-37.75971],[-59.32571,-37.75966],[-59.32616,-37.75965],[-59.32707,-37.75973],[-59.32953,-37.76014],[-59.33028,-37.76019],[-59.33098,-37.76017],[-59.33201,-37.76004],[-59.33253,-37.75993],[-59.33323,-37.75976],[-59.33431,-37.75939],[-59.33478,-37.75918],[-59.33533,-37.75891],[-59.33607,-37.75846],[-59.33689,-37.75787],[-59.33759,-37.7573],[-59.33822,-37.75673],[-59.33901,-37.75593],[-59.34016,-37.75466],[-59.34075,-37.75405],[-59.3414,-37.75343],[-59.34295,-37.75206],[-59.34352,-37.75151],[-59.3452,-37.74967],[-59.3458,-37.74908],[-59.34642,-37.74859],[-59.34686,-37.74831],[-59.34727,-37.7481],[-59.34771,-37.74792],[-59.34827,-37.74775],[-59.34869,-37.74767],[-59.34945,-37.74761],[-59.34995,-37.7476],[-59.35119,-37.74765],[-59.35429,-37.74789],[-59.35581,-37.74799],[-59.35852,-37.7481],[-59.36082,-37.74817],[-59.36244,-37.74817],[-59.36408,-37.74813],[-59.3656,-37.74803],[-59.36688,-37.74785],[-59.36796,-37.7476],[-59.36902,-37.74724],[-59.37025,-37.74674],[-59.37245,-37.74578],[-59.37427,-37.7449],[-59.37771,-37.743],[-59.38005,-37.74182],[-59.38182,-37.741],[-59.38451,-37.73979],[-59.38551,-37.73938],[-59.38655,-37.73903],[-59.38747,-37.7388],[-59.3882,-37.73867],[-59.38881,-37.73862],[-59.38938,-37.7386],[-59.39044,-37.73866],[-59.39251,-37.73893],[-59.39334,-37.73901],[-59.39425,-37.73906],[-59.39515,-37.73905],[-59.39598,-37.73899],[-59.39707,-37.73883],[-59.39812,-37.73859],[-59.39907,-37.73829],[-59.39979,-37.73801],[-59.40042,-37.73774],[-59.40573,-37.73523],[-59.40708,-37.73452],[-59.40822,-37.7338],[-59.40944,-37.73289],[-59.41089,-37.73163],[-59.41214,-37.73044],[-59.41458,-37.72794],[-59.41531,-37.72725],[-59.41581,-37.72681],[-59.41632,-37.72639],[-59.41714,-37.72579],[-59.4178,-37.72538],[-59.41846,-37.72504],[-59.41918,-37.72476],[-59.4196,-37.72463],[-59.42015,-37.7245],[-59.42091,-37.72439],[-59.42174,-37.72435],[-59.42253,-37.72436],[-59.42332,-37.72443],[-59.4259,-37.72479],[-59.42687,-37.72489],[-59.42806,-37.72494],[-59.42877,-37.7249],[-59.42969,-37.72477],[-59.43047,-37.72458],[-59.43114,-37.72436],[-59.43198,-37.72397],[-59.43248,-37.72367],[-59.43298,-37.7233],[-59.4336,-37.72272],[-59.43403,-37.72226],[-59.43465,-37.72147],[-59.43519,-37.72069],[-59.4365,-37.71857],[-59.4368,-37.71811],[-59.43715,-37.71764],[-59.43775,-37.71696],[-59.43843,-37.71635],[-59.43904,-37.71592],[-59.43972,-37.71549],[-59.44082,-37.71489],[-59.44174,-37.71445],[-59.44261,-37.71406],[-59.44377,-37.71359],[-59.44544,-37.71294],[-59.44694,-37.7124],[-59.44832,-37.71195],[-59.44976,-37.71152],[-59.45809,-37.70914],[-59.45961,-37.70863],[-59.46288,-37.7074],[-59.46391,-37.70709],[-59.46464,-37.7069],[-59.46579,-37.70667],[-59.46677,-37.70652],[-59.47165,-37.70602],[-59.47405,-37.7057],[-59.47578,-37.70541],[-59.47717,-37.70514],[-59.47859,-37.70483],[-59.47988,-37.70452],[-59.48258,-37.70382],[-59.4855,-37.70318],[-59.48683,-37.70284],[-59.48795,-37.70247],[-59.48956,-37.70183],[-59.49504,-37.69938],[-59.49828,-37.69805],[-59.49948,-37.69754],[-59.50309,-37.69585],[-59.50415,-37.69541],[-59.50513,-37.69506],[-59.50659,-37.69463],[-59.5089,-37.69408],[-59.50986,-37.69381],[-59.51087,-37.69347],[-59.51271,-37.69276],[-59.5139,-37.69239],[-59.51465,-37.6922],[-59.51597,-37.69191],[-59.51985,-37.69118],[-59.52159,-37.69078],[-59.52499,-37.68983],[-59.5263,-37.68941],[-59.52842,-37.68868],[-59.52941,-37.68839],[-59.53003,-37.68826],[-59.53043,-37.68821],[-59.53112,-37.68819],[-59.53174,-37.68822],[-59.53257,-37.68835],[-59.53339,-37.68853],[-59.53419,-37.68875],[-59.5364,-37.68942],[-59.53724,-37.68964],[-59.53792,-37.68978],[-59.5388,-37.6899],[-59.53963,-37.68994],[-59.54032,-37.68992],[-59.5411,-37.68984],[-59.54198,-37.68969],[-59.54272,-37.68953],[-59.54407,-37.68919],[-59.54577,-37.68872],[-59.54796,-37.68806],[-59.55053,-37.68715],[-59.55112,-37.68697],[-59.55183,-37.68682],[-59.55275,-37.68671],[-59.55325,-37.68668],[-59.55519,-37.68667],[-59.55626,-37.68659],[-59.55742,-37.68641],[-59.55949,-37.68601],[-59.56033,-37.6859],[-59.56144,-37.68583],[-59.56387,-37.68583],[-59.56471,-37.68576],[-59.56515,-37.68567],[-59.56552,-37.68555],[-59.56602,-37.68531],[-59.56637,-37.68505],[-59.56726,-37.68418],[-59.56778,-37.68377],[-59.56809,-37.68356],[-59.56847,-37.68335],[-59.56913,-37.68307],[-59.57012,-37.68277],[-59.57241,-37.68229],[-59.57565,-37.6815],[-59.57728,-37.68114],[-59.57818,-37.68098],[-59.5788,-37.68089],[-59.57933,-37.68085],[-59.57989,-37.68083],[-59.58088,-37.68089],[-59.58223,-37.6811],[-59.58273,-37.68116],[-59.58317,-37.68115],[-59.58354,-37.68109],[-59.5839,-37.68095],[-59.58411,-37.68082],[-59.58439,-37.68055],[-59.58466,-37.68011],[-59.58505,-37.67904],[-59.58523,-37.67866],[-59.5854,-37.67841],[-59.58562,-37.67818],[-59.58587,-37.67798],[-59.58619,-37.67778],[-59.58664,-37.67759],[-59.58737,-37.67739],[-59.59008,-37.67691],[-59.59183,-37.67649],[-59.59509,-37.67559],[-59.59617,-37.67523],[-59.59702,-37.67489],[-59.59794,-37.67446],[-59.59861,-37.6741],[-59.59947,-37.67357],[-59.60004,-37.6732],[-59.60141,-37.67223],[-59.60439,-37.66997],[-59.60535,-37.66934],[-59.60601,-37.669],[-59.60668,-37.66874],[-59.60725,-37.66862],[-59.60787,-37.66859],[-59.60833,-37.66864],[-59.60886,-37.66877],[-59.60933,-37.66894],[-59.6105,-37.66943],[-59.6114,-37.66974],[-59.61228,-37.66994],[-59.61335,-37.67005],[-59.61433,-37.67007],[-59.61545,-37.66999],[-59.62052,-37.66926],[-59.62163,-37.66916],[-59.62254,-37.66914],[-59.62418,-37.66922],[-59.62645,-37.66939],[-59.62734,-37.66949],[-59.62868,-37.6697],[-59.63063,-37.67011],[-59.63163,-37.67024],[-59.63216,-37.67027],[-59.63276,-37.67026],[-59.63429,-37.67013],[-59.63486,-37.67011],[-59.6355,-37.67015],[-59.63601,-37.67024],[-59.63647,-37.67037],[-59.63687,-37.67055],[-59.63716,-37.67073],[-59.6374,-37.67091],[-59.63772,-37.67124],[-59.6385,-37.67229],[-59.6389,-37.67276],[-59.63917,-37.67302],[-59.63948,-37.67327],[-59.63982,-37.6735],[-59.64028,-37.67374],[-59.64073,-37.67394],[-59.64124,-37.67412],[-59.64189,-37.6743],[-59.6431,-37.67455],[-59.64527,-37.67486],[-59.64564,-37.67494],[-59.64613,-37.67511],[-59.64669,-37.6754],[-59.64788,-37.67626],[-59.64822,-37.67648],[-59.64868,-37.67671],[-59.64935,-37.67697],[-59.65136,-37.67757],[-59.6521,-37.6778],[-59.65335,-37.67829],[-59.65432,-37.67873],[-59.65685,-37.67995],[-59.65989,-37.68128],[-59.66319,-37.68292],[-59.66488,-37.68371],[-59.6691,-37.6855],[-59.67014,-37.68589],[-59.6708,-37.68612],[-59.67185,-37.68642],[-59.67408,-37.68695],[-59.6748,-37.68715],[-59.67561,-37.68743],[-59.6773,-37.68808],[-59.67794,-37.68826],[-59.67856,-37.68838],[-59.67998,-37.68854],[-59.68132,-37.6886],[-59.68226,-37.68855],[-59.68363,-37.68834],[-59.68408,-37.68829],[-59.68463,-37.6883],[-59.68516,-37.6884],[-59.68548,-37.68851],[-59.68593,-37.68874],[-59.6871,-37.68956],[-59.68785,-37.68998],[-59.69062,-37.69116],[-59.69127,-37.69147],[-59.69333,-37.69255],[-59.69384,-37.69276],[-59.69455,-37.69296],[-59.69502,-37.69303],[-59.69557,-37.69304],[-59.69605,-37.69299],[-59.69646,-37.6929],[-59.69723,-37.69264],[-59.69899,-37.69183],[-59.69957,-37.69164],[-59.70011,-37.69154],[-59.70066,-37.69152],[-59.70108,-37.69155],[-59.70154,-37.69162],[-59.70204,-37.69174],[-59.7029,-37.69201],[-59.70427,-37.69255],[-59.70514,-37.69293],[-59.70605,-37.69338],[-59.70701,-37.69392],[-59.70791,-37.69451],[-59.70878,-37.69514],[-59.71163,-37.69725],[-59.71245,-37.69792],[-59.71313,-37.69857],[-59.71456,-37.70015],[-59.71522,-37.70079],[-59.71581,-37.70129],[-59.71807,-37.70305],[-59.71869,-37.7036],[-59.71945,-37.70436],[-59.71996,-37.70494],[-59.72036,-37.70545],[-59.72075,-37.70598],[-59.72109,-37.70649],[-59.72156,-37.70735],[-59.72213,-37.70863],[-59.72246,-37.70924],[-59.72273,-37.70956],[-59.72295,-37.70974],[-59.72314,-37.70984],[-59.72343,-37.70994],[-59.72386,-37.70999],[-59.7242,-37.70997],[-59.72464,-37.70989],[-59.72517,-37.70971],[-59.72588,-37.70938],[-59.7267,-37.70894],[-59.7273,-37.70857],[-59.72778,-37.70823],[-59.72813,-37.7079],[-59.72825,-37.70775],[-59.72845,-37.70743],[-59.72857,-37.70715],[-59.72866,-37.70685],[-59.72882,-37.70584],[-59.72888,-37.70563],[-59.72903,-37.70533],[-59.72922,-37.70516],[-59.72932,-37.70511],[-59.72954,-37.70505],[-59.72994,-37.70505],[-59.73046,-37.7052],[-59.73087,-37.70539],[-59.7315,-37.70576],[-59.73209,-37.70618],[-59.73253,-37.70654],[-59.73309,-37.70708],[-59.73375,-37.70784],[-59.73503,-37.70967],[-59.73534,-37.71004],[-59.73593,-37.71063],[-59.73635,-37.711],[-59.73701,-37.71152],[-59.73883,-37.71279],[-59.73927,-37.71316],[-59.73954,-37.71344],[-59.7398,-37.71378],[-59.74003,-37.71416],[-59.7406,-37.71554],[-59.74083,-37.716],[-59.74111,-37.71646],[-59.74148,-37.71699],[-59.74211,-37.71774],[-59.74349,-37.71928],[-59.74523,-37.7213],[-59.74685,-37.72313],[-59.74916,-37.7259],[-59.74969,-37.72649],[-59.75035,-37.72718],[-59.75162,-37.72835],[-59.75228,-37.7289],[-59.75304,-37.7295],[-59.75377,-37.73002],[-59.75454,-37.7305],[-59.75697,-37.73186],[-59.75752,-37.7322],[-59.75817,-37.7327],[-59.75846,-37.73297],[-59.75876,-37.73331],[-59.759,-37.73366],[-59.75923,-37.73412],[-59.75942,-37.73467],[-59.75953,-37.73529],[-59.75956,-37.73577],[-59.75954,-37.7363],[-59.75949,-37.73668],[-59.7594,-37.73708],[-59.75926,-37.73757],[-59.75899,-37.73827],[-59.75831,-37.73983],[-59.75799,-37.74078],[-59.75785,-37.74138],[-59.75774,-37.74202],[-59.75767,-37.74263],[-59.75765,-37.74325],[-59.7577,-37.74406],[-59.75783,-37.74481],[-59.75802,-37.74548],[-59.75826,-37.74606],[-59.75848,-37.74648],[-59.75894,-37.74718],[-59.75936,-37.74766],[-59.75991,-37.74816],[-59.76058,-37.74867],[-59.76143,-37.74921],[-59.76232,-37.7497],[-59.76316,-37.7501],[-59.76499,-37.75089],[-59.76559,-37.7512],[-59.76603,-37.75147],[-59.76646,-37.75179],[-59.76672,-37.75202],[-59.767,-37.75232],[-59.76728,-37.75268],[-59.76762,-37.75328],[-59.76815,-37.75445],[-59.76843,-37.75497],[-59.76874,-37.75544],[-59.76918,-37.75595],[-59.76956,-37.75631],[-59.76996,-37.75663],[-59.77047,-37.75699],[-59.77093,-37.75728],[-59.77178,-37.75773],[-59.77231,-37.75795],[-59.77258,-37.75803],[-59.77314,-37.75814],[-59.77346,-37.75814],[-59.77374,-37.7581],[-59.77395,-37.75803],[-59.77418,-37.7579],[-59.7743,-37.7578],[-59.77444,-37.75762],[-59.77454,-37.75742],[-59.7746,-37.75717],[-59.77461,-37.75687],[-59.77457,-37.75652],[-59.77432,-37.75539],[-59.77426,-37.75501],[-59.77424,-37.75449],[-59.7743,-37.75403],[-59.77449,-37.7536],[-59.77464,-37.75339],[-59.77482,-37.75321],[-59.77519,-37.75296],[-59.77559,-37.7528],[-59.77602,-37.75271],[-59.77647,-37.7527],[-59.77693,-37.75276],[-59.77749,-37.75293],[-59.77791,-37.75314],[-59.77829,-37.7534],[-59.77944,-37.75448],[-59.77983,-37.7548],[-59.78018,-37.75502],[-59.78065,-37.75525],[-59.78104,-37.75538],[-59.78148,-37.75547],[-59.78196,-37.75552],[-59.78243,-37.7555],[-59.7829,-37.75544],[-59.78334,-37.75534],[-59.78386,-37.75517],[-59.7846,-37.75486],[-59.78501,-37.75466],[-59.78655,-37.75381],[-59.78718,-37.75349],[-59.78773,-37.75325],[-59.78859,-37.75294],[-59.78908,-37.7528],[-59.78969,-37.75269],[-59.79029,-37.75264],[-59.79082,-37.75266],[-59.79112,-37.75271],[-59.79157,-37.75284],[-59.79191,-37.75298],[-59.79229,-37.75318],[-59.79286,-37.75356],[-59.79408,-37.75445],[-59.79445,-37.75469],[-59.79499,-37.75499],[-59.79574,-37.75533],[-59.79638,-37.75554],[-59.79682,-37.75564],[-59.79742,-37.75574],[-59.79792,-37.75578],[-59.79918,-37.75579],[-59.80122,-37.75574],[-59.80354,-37.75554],[-59.80439,-37.75552],[-59.80481,-37.75553],[-59.80535,-37.7556],[-59.80588,-37.75572],[-59.80625,-37.75585],[-59.8067,-37.7561],[-59.80691,-37.75627],[-59.80716,-37.75653],[-59.80734,-37.75682],[-59.80744,-37.75707],[-59.80753,-37.7575],[-59.80755,-37.75787],[-59.80749,-37.75923],[-59.80752,-37.7595],[-59.80758,-37.75974],[-59.80771,-37.76001],[-59.80786,-37.76018],[-59.80801,-37.76029],[-59.80817,-37.76037],[-59.80844,-37.76044],[-59.80864,-37.76047],[-59.80895,-37.76047],[-59.80943,-37.76039],[-59.80977,-37.76029],[-59.81059,-37.75996],[-59.81185,-37.75932],[-59.81269,-37.75894],[-59.81317,-37.75877],[-59.81402,-37.75857],[-59.81443,-37.75851],[-59.8151,-37.75847],[-59.81598,-37.75851],[-59.81646,-37.75857],[-59.81701,-37.75867],[-59.81773,-37.75888],[-59.81851,-37.75921],[-59.81904,-37.75949],[-59.81959,-37.75984],[-59.82054,-37.76053],[-59.82271,-37.76224],[-59.82333,-37.76268],[-59.82368,-37.76289],[-59.82414,-37.76314],[-59.82456,-37.76332],[-59.82498,-37.76347],[-59.8255,-37.76359],[-59.82579,-37.76363],[-59.82616,-37.76363],[-59.82653,-37.76358],[-59.82674,-37.76352],[-59.82705,-37.76338],[-59.8273,-37.76322],[-59.82765,-37.7629],[-59.82794,-37.76256],[-59.82835,-37.76196],[-59.82946,-37.76],[-59.82977,-37.75958],[-59.83009,-37.75925],[-59.83032,-37.75908],[-59.83048,-37.759],[-59.83091,-37.75888],[-59.83137,-37.75886],[-59.83189,-37.75896],[-59.83228,-37.75909],[-59.83265,-37.75925],[-59.83307,-37.75947],[-59.83363,-37.75986],[-59.83428,-37.7604],[-59.83577,-37.76179],[-59.83615,-37.76211],[-59.83686,-37.76258],[-59.83752,-37.76294],[-59.84032,-37.76431],[-59.8423,-37.76538],[-59.84271,-37.76555],[-59.8429,-37.7656],[-59.84314,-37.76562],[-59.84334,-37.76559],[-59.84351,-37.76553],[-59.8436,-37.76548],[-59.84383,-37.76526],[-59.84401,-37.76498],[-59.84434,-37.76428],[-59.84462,-37.76378],[-59.84499,-37.76327],[-59.8455,-37.76272],[-59.8461,-37.76224],[-59.84651,-37.762],[-59.84711,-37.76174],[-59.84757,-37.76161],[-59.8482,-37.76154],[-59.84871,-37.76157],[-59.84923,-37.76165],[-59.85003,-37.76189],[-59.85083,-37.7622],[-59.85183,-37.76266],[-59.85493,-37.76427],[-59.85551,-37.76452],[-59.85607,-37.76472],[-59.85679,-37.76492],[-59.85749,-37.76503],[-59.85809,-37.76507],[-59.85876,-37.76504],[-59.85932,-37.76496],[-59.85984,-37.76484],[-59.86047,-37.76463],[-59.86097,-37.76441],[-59.86149,-37.76415],[-59.86205,-37.76381],[-59.86375,-37.76262],[-59.86436,-37.76225],[-59.86496,-37.76194],[-59.86564,-37.76165],[-59.86643,-37.76137],[-59.86777,-37.761],[-59.86895,-37.76072],[-59.87022,-37.76048],[-59.87177,-37.76025],[-59.87337,-37.76008],[-59.8775,-37.75977],[-59.87843,-37.75973],[-59.87889,-37.75974],[-59.87936,-37.75978],[-59.87984,-37.75986],[-59.88024,-37.75997],[-59.88057,-37.76009],[-59.88089,-37.76025],[-59.88196,-37.76091],[-59.88223,-37.761],[-59.88245,-37.76101],[-59.88268,-37.76091],[-59.88292,-37.76069],[-59.88312,-37.76041],[-59.88385,-37.75909],[-59.88406,-37.75879],[-59.88429,-37.75854],[-59.8847,-37.7582],[-59.885,-37.75803],[-59.88527,-37.75792],[-59.88553,-37.75786],[-59.88584,-37.75784],[-59.88622,-37.7579],[-59.88656,-37.75807],[-59.88774,-37.75892],[-59.88806,-37.75911],[-59.88855,-37.75935],[-59.88897,-37.7595],[-59.88926,-37.75956],[-59.88975,-37.75959],[-59.89026,-37.75953],[-59.89062,-37.75945],[-59.89236,-37.75883],[-59.89303,-37.75862],[-59.89398,-37.75839],[-59.89502,-37.75818],[-59.89643,-37.75797],[-59.89785,-37.7578],[-59.8989,-37.75776],[-59.89983,-37.75782],[-59.90049,-37.75792],[-59.90122,-37.75809],[-59.90346,-37.75875],[-59.90431,-37.75897],[-59.90507,-37.75914],[-59.90674,-37.75946],[-59.90782,-37.75972],[-59.90903,-37.76009],[-59.91331,-37.76154],[-59.91447,-37.76187],[-59.91563,-37.76214],[-59.91671,-37.76232],[-59.91753,-37.7624],[-59.91826,-37.76244],[-59.91893,-37.76244],[-59.92059,-37.76234],[-59.9237,-37.76201],[-59.92427,-37.76198],[-59.9249,-37.762],[-59.92545,-37.76209],[-59.92603,-37.76227],[-59.92646,-37.76247],[-59.92728,-37.76295],[-59.92757,-37.7631],[-59.92787,-37.76322],[-59.92822,-37.76331],[-59.9287,-37.76333],[-59.92899,-37.76329],[-59.92934,-37.76317],[-59.92965,-37.76302],[-59.92995,-37.76282],[-59.93026,-37.76257],[-59.93086,-37.76195],[-59.93222,-37.76041],[-59.93434,-37.75818],[-59.93489,-37.75765],[-59.93533,-37.75733],[-59.93554,-37.7572],[-59.93589,-37.75705],[-59.93636,-37.75692],[-59.93681,-37.75689],[-59.93721,-37.75691],[-59.9376,-37.75697],[-59.93802,-37.75707],[-59.93847,-37.75722],[-59.93896,-37.75743],[-59.93944,-37.75767],[-59.93984,-37.75792],[-59.94035,-37.7583],[-59.94074,-37.75864],[-59.94118,-37.75906],[-59.94284,-37.76082],[-59.94335,-37.76129],[-59.94395,-37.76178],[-59.94515,-37.76262],[-59.94744,-37.76405],[-59.94808,-37.76441],[-59.94866,-37.76469],[-59.94958,-37.76505],[-59.95086,-37.76539],[-59.95322,-37.7659],[-59.95381,-37.76607],[-59.95455,-37.76636],[-59.9553,-37.76676],[-59.95583,-37.76711],[-59.95765,-37.76852],[-59.95863,-37.7692],[-59.95925,-37.76957],[-59.95985,-37.76988],[-59.96105,-37.77039],[-59.96148,-37.7706],[-59.96186,-37.77084],[-59.96213,-37.77108],[-59.96243,-37.77143],[-59.96264,-37.77177],[-59.96277,-37.77204],[-59.96294,-37.77254],[-59.96329,-37.77371],[-59.96351,-37.77426],[-59.96369,-37.77464],[-59.96408,-37.77532],[-59.96496,-37.7766],[-59.96541,-37.77734],[-59.96567,-37.77789],[-59.96634,-37.77951],[-59.96663,-37.78016],[-59.96691,-37.78068],[-59.96766,-37.78194],[-59.96794,-37.78248],[-59.96823,-37.78315],[-59.96867,-37.78454],[-59.96888,-37.78512],[-59.96925,-37.78595],[-59.9696,-37.78659],[-59.97007,-37.78734],[-59.97104,-37.78874],[-59.97143,-37.78922],[-59.97187,-37.7897],[-59.97243,-37.79019],[-59.97289,-37.79051],[-59.97358,-37.79091],[-59.97544,-37.7918],[-59.97596,-37.7921],[-59.97665,-37.79257],[-59.97733,-37.79316],[-59.97803,-37.79388],[-59.97865,-37.79459],[-59.98072,-37.79719],[-59.9814,-37.79799],[-59.98209,-37.79874],[-59.98439,-37.8011],[-59.98525,-37.80206],[-59.98676,-37.80385],[-59.98729,-37.80438],[-59.98773,-37.80471],[-59.98831,-37.80499],[-59.99044,-37.80566],[-59.99105,-37.80591],[-59.99188,-37.80634],[-59.99267,-37.80685],[-59.99358,-37.80754],[-59.9947,-37.80847],[-59.9957,-37.80941],[-59.99628,-37.81004],[-59.99679,-37.81069],[-59.99731,-37.81148],[-59.99765,-37.81212],[-59.99797,-37.81284],[-59.99821,-37.8135],[-59.99904,-37.81637],[-59.99936,-37.81733],[-59.99957,-37.81786],[-59.99976,-37.81824],[-59.9999,-37.81844],[-60.0,-37.81847]]]}},{"type":"Feature","properties":{"fdc":"Atlas 500k 1° Ediciónl","sag":"IGN","crv":250,"mo2":2,"tipo":"Curva de nivel","ign":"lineas_de_geomorfologia_CA010.5649"},"geometry":{"type":"MultiLineString","coordinates":[[[-59.18,-37.77193],[-59.17999,-37.77195],[-59.17985,-37.7719],[-59.17968,-37.77176],[-59.17936,-37.77145],[-59.1788,-37.7708],[-59.17822,-37.77],[-59.1773,-37.76855],[-59.17542,-37.76534],[-59.17479,-37.76437],[-59.1736,-37.76269],[-59.17322,-37.762],[-59.17312,-37.76176],[-59.173,-37.76129],[-59.17297,-37.76094],[-59.17298,-37.76074],[-59.17305,-37.76043],[-59.17322,-37.76007],[-59.17346,-37.75978],[-59.17375,-37.75953],[-59.17413,-37.75932],[-59.1746,-37.75916],[-59.17523,-37.75905],[-59.17582,-37.75904],[-59.17659,-37.75909],[-59.18234,-37.76002],[-59.18329,-37.76024],[-59.18412,-37.7605],[-59.18499,-37.76084],[-59.18589,-37.76126],[-59.18693,-37.76183],[-59.18798,-37.76251],[-59.18875,-37.76311],[-59.18939,-37.76371],[-59.18983,-37.76423],[-59.18998,-37.76446],[-59.19019,-37.76484],[-59.19034,-37.76524],[-59.19041,-37.76566],[-59.19038,-37.76603],[-59.19025,-37.7664],[-59.19012,-37.76663],[-59.18987,-37.76695],[-59.18962,-37.76718],[-59.18918,-37.76751],[-59.18831,-37.76801],[-59.18472,-37.76971],[-59.18137,-37.77143],[-59.18046,-37.77182],[-59.1801,-37.77193],[-59.18,-37.77193]]]}},{"type":"Feature","properties":{"fdc":"Atlas 500k 1° Ediciónl","sag":"IGN","crv":250,"mo2":2,"tipo":"Curva de nivel","ign":"lineas_de_geomorfologia_CA010.5650"},"geometry":{"type":"MultiLineString","coordinates":[[[-59.16667,-37.7729],[-59.16645,-37.77267],[-59.16609,-37.77212],[-59.1658,-37.77156],[-59.16546,-37.77074],[-59.16523,-37.77005],[-59.16508,-37.76946],[-59.16499,-37.76883],[-59.16495,-37.76814],[-59.16497,-37.76741],[-59.16504,-37.76691],[-59.16521,-37.76622],[-59.16538,-37.7658],[-59.16559,-37.76545],[-59.16571,-37.7653],[-59.16594,-37.76508],[-59.16605,-37.765],[-59.16634,-37.76486],[-59.16672,-37.76478],[-59.16706,-37.7648],[-59.16742,-37.76489],[-59.16783,-37.76509],[-59.16822,-37.76537],[-59.16846,-37.7656],[-59.16883,-37.76604],[-59.16919,-37.76661],[-59.16943,-37.76711],[-59.16954,-37.76743],[-59.16964,-37.76774],[-59.16976,-37.76826],[-59.16981,-37.7687],[-59.16984,-37.76919],[-59.1698,-37.76977],[-59.16966,-37.77044],[-59.16955,-37.77074],[-59.16938,-37.77107],[-59.169,-37.7716],[-59.16867,-37.77195],[-59.16841,-37.77219],[-59.16783,-37.77258],[-59.16726,-37.77283],[-59.16696,-37.77291],[-59.16677,-37.77293],[-59.16667,-37.7729]]]}},{"type":"Feature","properties":{"fdc":"Atlas 500k 1° Ediciónl","sag":"IGN","crv":250,"mo2":2,"tipo":"Curva de nivel","ign":"lineas_de_geomorfologia_CA010.5654"},"geometry":{"type":"MultiLineString","coordinates":[[[-59.14583,-37.79578],[-59.1455,-37.79537],[-59.1453,-37.79499],[-59.14526,-37.79485],[-59.14525,-37.79462],[-59.14528,-37.79441],[-59.14534,-37.79426],[-59.14545,-37.7941],[-59.14553,-37.79402],[-59.1457,-37.79391],[-59.14586,-37.79385],[-59.14608,-37.79382],[-59.14633,-37.79382],[-59.14655,-37.79386],[-59.14675,-37.79393],[-59.14701,-37.79413],[-59.14707,-37.79421],[-59.14715,-37.79438],[-59.14718,-37.79457],[-59.14719,-37.79476],[-59.14716,-37.79495],[-59.14709,-37.79512],[-59.14691,-37.79537],[-59.14669,-37.79554],[-59.14656,-37.79561],[-59.14623,-37.79572],[-59.14583,-37.79578]]]}},{"type":"Feature","properties":{"fdc":"Atlas 500k 1° Ediciónl","sag":"IGN","crv":250,"mo2":2,"tipo":"Curva de nivel","ign":"lineas_de_geomorfologia_CA010.5627"},"geometry":{"type":"MultiLineString","coordinates":[[[-59.28,-37.7212],[-59.27983,-37.72111],[-59.27954,-37.72089],[-59.2789,-37.7203],[-59.27841,-37.71973],[-59.27795,-37.71908],[-59.27771,-37.71865],[-59.27746,-37.71803],[-59.27736,-37.71761],[-59.27734,-37.71734],[-59.27734,-37.71705],[-59.27736,-37.71681],[-59.27745,-37.71636],[-59.27766,-37.7158],[-59.27796,-37.71529],[-59.27832,-37.71488],[-59.27874,-37.71453],[-59.27894,-37.71441],[-59.27933,-37.71423],[-59.27957,-37.71415],[-59.28002,-37.71407],[-59.28054,-37.71406],[-59.28099,-37.71412],[-59.28127,-37.7142],[-59.2816,-37.71432],[-59.28208,-37.71458],[-59.28265,-37.71501],[-59.28298,-37.71531],[-59.28336,-37.71571],[-59.28377,-37.71621],[-59.28413,-37.71669],[-59.28445,-37.71718],[-59.28473,-37.71769],[-59.28487,-37.71803],[-59.28497,-37.71833],[-59.28505,-37.71881],[-59.28505,-37.71907],[-59.28502,-37.71933],[-59.28492,-37.71967],[-59.28481,-37.71991],[-59.28455,-37.72027],[-59.28424,-37.72055],[-59.28411,-37.72064],[-59.28379,-37.72081],[-59.28346,-37.72096],[-59.28313,-37.72107],[-59.28265,-37.72119],[-59.28174,-37.72132],[-59.28082,-37.72133],[-59.28027,-37.72128],[-59.28,-37.7212]]]}},{"type":"Feature","properties":{"fdc":"Atlas 500k 1° Ediciónl","sag":"IGN","crv":300,"mo2":2,"tipo":"Curva de nivel","ign":"lineas_de_geomorfologia_CA010.5629"},"geometry":{"type":"MultiLineString","coordinates":[[[-59.24083,-37.73917],[-59.24015,-37.73881],[-59.23965,-37.7385],[-59.23921,-37.73818],[-59.2389,-37.73792],[-59.23866,-37.73767],[-59.23842,-37.73733],[-59.23831,-37.73704],[-59.23827,-37.73682],[-59.2383,-37.7364],[-59.23843,-37.73602],[-59.23864,-37.73563],[-59.239,-37.73522],[-59.23933,-37.73496],[-59.23973,-37.73475],[-59.24004,-37.73464],[-59.24052,-37.73455],[-59.24082,-37.73454],[-59.24114,-37.73458],[-59.2416,-37.7347],[-59.24205,-37.73494],[-59.24232,-37.73514],[-59.24255,-37.73538],[-59.24287,-37.73584],[-59.24301,-37.73609],[-59.24317,-37.73649],[-59.24334,-37.73714],[-59.24342,-37.73774],[-59.24343,-37.73838],[-59.2434,-37.73867],[-59.24334,-37.73894],[-59.24319,-37.73922],[-59.24308,-37.73933],[-59.24286,-37.73947],[-59.24259,-37.73956],[-59.2423,-37.73959],[-59.24206,-37.73958],[-59.24156,-37.73948],[-59.24126,-37.73938],[-59.24083,-37.73917]]]}},{"type":"Feature","properties":{"fdc":"Atlas 500k 1° Ediciónl","sag":"IGN","crv":300,"mo2":2,"tipo":"Curva de nivel","ign":"lineas_de_geomorfologia_CA010.5630"},"geometry":{"type":"MultiLineString","coordinates":[[[-59.21667,-37.74171],[-59.21666,-37.74154],[-59.21672,-37.7413],[-59.21691,-37.74097],[-59.21702,-37.74085],[-59.21728,-37.74063],[-59.21765,-37.74042],[-59.21838,-37.74013],[-59.21883,-37.74001],[-59.21917,-37.73995],[-59.21946,-37.73994],[-59.21976,-37.73997],[-59.21996,-37.74003],[-59.22008,-37.74013],[-59.22012,-37.74034],[-59.22008,-37.74054],[-59.21999,-37.74073],[-59.21988,-37.74086],[-59.21967,-37.74105],[-59.21933,-37.7413],[-59.21877,-37.74161],[-59.21835,-37.74175],[-59.21773,-37.74182],[-59.21727,-37.74181],[-59.21667,-37.74171]]]}},{"type":"Feature","properties":{"fdc":"Atlas 500k 1° Ediciónl","sag":"IGN","crv":300,"mo2":2,"tipo":"Curva de nivel","ign":"lineas_de_geomorfologia_CA010.5633"},"geometry":{"type":"MultiLineString","coordinates":[[[-59.2225,-37.75677],[-59.22247,-37.75678],[-59.22243,-37.75676],[-59.2224,-37.75668],[-59.22231,-37.75633],[-59.22226,-37.75569],[-59.22226,-37.75496],[-59.22249,-37.74804],[-59.22257,-37.74667],[-59.22267,-37.7456],[-59.22279,-37.74464],[-59.22297,-37.74353],[-59.22325,-37.74223],[-59.22341,-37.74163],[-59.22367,-37.74079],[-59.2239,-37.74021],[-59.22412,-37.73975],[-59.22438,-37.7393],[-59.2247,-37.73885],[-59.22505,-37.73844],[-59.22541,-37.73807],[-59.22574,-37.73777],[-59.22622,-37.73741],[-59.22684,-37.73702],[-59.22731,-37.73677],[-59.22806,-37.73647],[-59.22879,-37.73626],[-59.22951,-37.73612],[-59.23027,-37.73604],[-59.23109,-37.73602],[-59.23182,-37.73607],[-59.2325,-37.73618],[-59.2332,-37.73636],[-59.2338,-37.73658],[-59.23441,-37.73691],[-59.23497,-37.73733],[-59.23522,-37.73758],[-59.23547,-37.7379],[-59.23568,-37.73828],[-59.23586,-37.73878],[-59.23594,-37.73935],[-59.2359,-37.73996],[-59.23581,-37.74036],[-59.23572,-37.74063],[-59.23555,-37.741],[-59.23542,-37.74121],[-59.23502,-37.74172],[-59.23455,-37.74218],[-59.23383,-37.74273],[-59.23215,-37.74387],[-59.23104,-37.74469],[-59.22997,-37.74558],[-59.22952,-37.746],[-59.2291,-37.74645],[-59.2288,-37.74682],[-59.22854,-37.7472],[-59.22824,-37.74779],[-59.22809,-37.74825],[-59.22799,-37.74889],[-59.22802,-37.75062],[-59.22799,-37.7511],[-59.22791,-37.75159],[-59.22777,-37.75211],[-59.22757,-37.75264],[-59.22729,-37.75316],[-59.22696,-37.75363],[-59.22658,-37.75409],[-59.22594,-37.75474],[-59.22523,-37.75533],[-59.22434,-37.75596],[-59.22355,-37.75643],[-59.22312,-37.75663],[-59.22283,-37.75675],[-59.2226,-37.7568],[-59.2225,-37.75677]]]}},{"type":"Feature","properties":{"fdc":"Atlas 500k 1° Ediciónl","sag":"IGN","crv":250,"mo2":2,"tipo":"Curva de nivel","ign":"lineas_de_geomorfologia_CA010.5639"},"geometry":{"type":"MultiLineString","coordinates":[[[-59.15667,-37.76667],[-59.15632,-37.76648],[-59.1559,-37.76618],[-59.15547,-37.76581],[-59.15517,-37.76549],[-59.15484,-37.76508],[-59.15475,-37.76492],[-59.15458,-37.76451],[-59.15451,-37.7643],[-59.15446,-37.76387],[-59.15449,-37.76353],[-59.15454,-37.76333],[-59.15472,-37.76298],[-59.15495,-37.76271],[-59.15512,-37.76258],[-59.15545,-37.76239],[-59.15585,-37.76227],[-59.15636,-37.76223],[-59.15664,-37.76225],[-59.15705,-37.76235],[-59.15742,-37.76253],[-59.15775,-37.76278],[-59.15792,-37.76297],[-59.15814,-37.76333],[-59.15826,-37.7637],[-59.15831,-37.76415],[-59.15827,-37.7646],[-59.15817,-37.76494],[-59.158,-37.7653],[-59.15772,-37.76574],[-59.15739,-37.76614],[-59.15701,-37.76647],[-59.15678,-37.76662],[-59.15667,-37.76667]]]}},{"type":"Feature","properties":{"fdc":"SIG 250 mil","sag":"IGN","crv":250,"mo2":6,"tipo":"Curva de nivel","ign":"lineas_de_geomorfologia_CA010.108340"},"geometry":{"type":"MultiLineString","coordinates":[[[-59.18073,-37.69385],[-59.17938,-37.69358],[-59.1791,-37.69278],[-59.17724,-37.69157],[-59.17714,-37.69087],[-59.17625,-37.68973],[-59.17546,-37.68932],[-59.17482,-37.68829],[-59.17297,-37.68685],[-59.17263,-37.68484],[-59.17092,-37.68345],[-59.16964,-37.68184],[-59.16987,-37.67984],[-59.17121,-37.67915],[-59.17276,-37.67899],[-59.17332,-37.67921],[-59.17433,-37.68084],[-59.17488,-37.68262],[-59.17573,-37.68446],[-59.17621,-37.68646],[-59.17778,-37.68791],[-59.18044,-37.68872],[-59.18158,-37.6904],[-59.18163,-37.69234],[-59.18073,-37.69385]]]}},{"type":"Feature","properties":{"fdc":"SIG 250 mil","sag":"IGN","crv":300,"mo2":6,"tipo":"Curva de nivel","ign":"lineas_de_geomorfologia_CA010.108480"},"geometry":{"type":"MultiLineString","coordinates":[[[-59.21474,-37.74337],[-59.21331,-37.74181],[-59.21455,-37.74022],[-59.21608,-37.73885],[-59.21832,-37.73817],[-59.21972,-37.73805],[-59.22083,-37.73832],[-59.22115,-37.73906],[-59.22069,-37.73991],[-59.2183,-37.74075],[-59.21684,-37.74229],[-59.21474,-37.74337]]]}},{"type":"Feature","properties":{"fdc":"SIG 250 mil","sag":"IGN","crv":250,"mo2":6,"tipo":"Curva de nivel","ign":"lineas_de_geomorfologia_CA010.108549"},"geometry":{"type":"MultiLineString","coordinates":[[[-59.1559,-37.7691],[-59.15512,-37.76715],[-59.15413,-37.76526],[-59.15516,-37.76355],[-59.15805,-37.76249],[-59.15913,-37.76352],[-59.15965,-37.76461],[-59.15866,-37.76717],[-59.1582,-37.76895],[-59.1559,-37.7691]]]}},{"type":"Feature","properties":{"fdc":"SIG 250 mil","sag":"IGN","crv":250,"mo2":6,"tipo":"Curva de nivel","ign":"lineas_de_geomorfologia_CA010.108557"},"geometry":{"type":"MultiLineString","coordinates":[[[-59.16798,-37.77192],[-59.1667,-37.77019],[-59.16608,-37.76841],[-59.16479,-37.76668],[-59.16467,-37.76468],[-59.16527,-37.76285],[-59.16772,-37.76263],[-59.16786,-37.76286],[-59.1695,-37.76505],[-59.1697,-37.767],[-59.17061,-37.76878],[-59.16994,-37.77055],[-59.16798,-37.77192]]]}},{"type":"Feature","properties":{"fdc":"SIG 250 mil","sag":"IGN","crv":250,"mo2":6,"tipo":"Curva de nivel","ign":"lineas_de_geomorfologia_CA010.108558"},"geometry":{"type":"MultiLineString","coordinates":[[[-59.18579,-37.77197],[-59.18538,-37.76967],[-59.18439,-37.76795],[-59.18599,-37.76653],[-59.18809,-37.76568],[-59.18962,-37.7642],[-59.18928,-37.76225],[-59.18705,-37.76132],[-59.18534,-37.76011],[-59.18398,-37.75844],[-59.18161,-37.75831],[-59.17945,-37.75761],[-59.17715,-37.75674],[-59.17509,-37.75681],[-59.17282,-37.75716],[-59.1715,-37.75882],[-59.173,-37.76026],[-59.17501,-37.76159],[-59.17636,-37.7632],[-59.1767,-37.76527],[-59.17682,-37.76744],[-59.17832,-37.76888],[-59.17917,-37.77061],[-59.18155,-37.77062],[-59.18341,-37.77172],[-59.18579,-37.77197]]]}},{"type":"Feature","properties":{"fdc":"SIG 250 mil","sag":"IGN","crv":250,"mo2":6,"tipo":"Curva de nivel","ign":"lineas_de_geomorfologia_CA010.108577"},"geometry":{"type":"MultiLineString","coordinates":[[[-59.19473,-37.77969],[-59.19417,-37.77909],[-59.19243,-37.77905],[-59.19107,-37.77755],[-59.19118,-37.77545],[-59.19016,-37.7754],[-59.18945,-37.77376],[-59.1907,-37.77211],[-59.193,-37.77223],[-59.19378,-37.77427],[-59.19458,-37.77419],[-59.19549,-37.77482],[-59.19555,-37.77643],[-59.19633,-37.77838],[-59.19473,-37.77969]]]}},{"type":"Feature","properties":{"fdc":"SIG 250 mil","sag":"IGN","crv":250,"mo2":6,"tipo":"Curva de nivel","ign":"lineas_de_geomorfologia_CA010.108619"},"geometry":{"type":"MultiLineString","coordinates":[[[-59.13441,-37.79455],[-59.13197,-37.79402],[-59.13206,-37.79196],[-59.13338,-37.79036],[-59.1357,-37.78963],[-59.1391,-37.78962],[-59.13937,-37.78994],[-59.13915,-37.79034],[-59.13637,-37.79342],[-59.13441,-37.79455]]]}},{"type":"Feature","properties":{"fdc":"SIG 250 mil","sag":"IGN","crv":250,"mo2":6,"tipo":"Curva de nivel","ign":"lineas_de_geomorfologia_CA010.108633"},"geometry":{"type":"MultiLineString","coordinates":[[[-59.1452,-37.79761],[-59.14644,-37.79607],[-59.14883,-37.79591],[-59.14913,-37.79403],[-59.14712,-37.79304],[-59.14668,-37.79424],[-59.14422,-37.79445],[-59.14355,-37.79634],[-59.1452,-37.79761]]]}},{"type":"Feature","properties":{"fdc":"SIG 250 mil","sag":"IGN","crv":200,"mo2":6,"tipo":"Curva de nivel","ign":"lineas_de_geomorfologia_CA010.108688"},"geometry":{"type":"MultiLineString","coordinates":[[[-59.1464,-37.81329],[-59.15103,-37.81154],[-59.15335,-37.81075],[-59.15538,-37.80934],[-59.15677,-37.8078],[-59.15887,-37.80638],[-59.15861,-37.80449],[-59.15812,-37.80259],[-59.15844,-37.80065],[-59.15802,-37.79887],[-59.15638,-37.79737],[-59.15546,-37.79536],[-59.15577,-37.79353],[-59.15615,-37.79153],[-59.15523,-37.78969],[-59.15279,-37.78882],[-59.15042,-37.78777],[-59.14797,-37.78724],[-59.14566,-37.78722],[-59.14358,-37.78646],[-59.1418,-37.78502],[-59.13986,-37.78357],[-59.13727,-37.78333],[-59.13503,-37.78383],[-59.1325,-37.78381],[-59.1304,-37.78472],[-59.12808,-37.7855],[-59.12627,-37.78687],[-59.12653,-37.78887],[-59.125,-37.79058],[-59.1234,-37.79194],[-59.12468,-37.79361],[-59.12676,-37.7946],[-59.12883,-37.79576],[-59.131,-37.79652],[-59.13315,-37.79739],[-59.13313,-37.79928],[-59.13152,-37.80076],[-59.13121,-37.80276],[-59.12939,-37.80407],[-59.12836,-37.80595],[-59.1274,-37.80789],[-59.12847,-37.80951],[-59.13004,-37.811],[-59.13242,-37.81136],[-59.13495,-37.81086],[-59.13726,-37.81076],[-59.13963,-37.81124],[-59.14193,-37.81217],[-59.14423,-37.81293],[-59.1464,-37.81329]]]}},{"type":"Feature","properties":{"fdc":"SIG 250 mil","sag":"IGN","crv":200,"mo2":6,"tipo":"Curva de nivel","ign":"lineas_de_geomorfologia_CA010.108674"},"geometry":{"type":"MultiLineString","coordinates":[[[-59.1675,-37.81097],[-59.16519,-37.8101],[-59.16485,-37.80814],[-59.16509,-37.8062],[-59.16511,-37.80436],[-59.16455,-37.80253],[-59.16557,-37.80088],[-59.16809,-37.80135],[-59.17003,-37.80234],[-59.1714,-37.80374],[-59.16978,-37.80554],[-59.16883,-37.80737],[-59.16852,-37.8092],[-59.1675,-37.81097]]]}},{"type":"Feature","properties":{"fdc":"SIG 250 mil","sag":"IGN","crv":200,"mo2":6,"tipo":"Curva de nivel","ign":"lineas_de_geomorfologia_CA010.108761"},"geometry":{"type":"MultiLineString","coordinates":[[[-58.96426,-37.76072],[-58.96337,-37.76149],[-58.96184,-37.76291],[-58.96116,-37.76474],[-58.96288,-37.76625],[-58.9654,-37.76598],[-58.96701,-37.76462],[-58.96904,-37.7636],[-58.97135,-37.76334],[-58.97373,-37.76336],[-58.97566,-37.76497],[-58.97715,-37.76648],[-58.97713,-37.76831],[-58.97545,-37.76956],[-58.97349,-37.77085],[-58.97195,-37.77222],[-58.97064,-37.77387],[-58.9696,-37.77575],[-58.96857,-37.77746],[-58.96963,-37.77919],[-58.97004,-37.78108],[-58.96915,-37.78291],[-58.97035,-37.78458],[-58.97221,-37.78602],[-58.97276,-37.78786],[-58.97339,-37.7897],[-58.97524,-37.79092],[-58.97784,-37.79116],[-58.97894,-37.78957],[-58.97868,-37.78774],[-58.97956,-37.78666],[-58.98195,-37.78559],[-58.98384,-37.78457],[-58.98494,-37.78263],[-58.98698,-37.78115],[-58.98853,-37.77945],[-58.9897,-37.77768],[-58.98827,-37.77613],[-58.98685,-37.77463],[-58.98695,-37.77274],[-58.98791,-37.77097],[-58.99002,-37.76984],[-58.99226,-37.76934],[-58.99401,-37.7681],[-58.99546,-37.76639],[-58.99792,-37.76578],[-59.00023,-37.76608],[-59.00276,-37.76587],[-59.0037,-37.76542],[-59.00418,-37.7672],[-59.00387,-37.76909],[-59.00348,-37.77121],[-59.00382,-37.7731],[-59.0056,-37.77483],[-59.00681,-37.77644],[-59.00787,-37.77794],[-59.00734,-37.77971],[-59.0076,-37.78172],[-59.00579,-37.78297],[-59.00354,-37.78375],[-59.00251,-37.78557],[-59.00119,-37.78722],[-58.99888,-37.78721],[-58.99657,-37.78742],[-58.99467,-37.78872],[-58.99321,-37.79042],[-58.99254,-37.79231],[-58.99252,-37.79426],[-58.99105,-37.79585],[-58.98973,-37.79733],[-58.98899,-37.79916],[-58.98831,-37.80121],[-58.98829,-37.80316],[-58.98827,-37.80511],[-58.98752,-37.80682],[-58.98584,-37.80812],[-58.98367,-37.80908],[-58.98177,-37.81015],[-58.98046,-37.8118],[-58.97942,-37.81374],[-58.97867,-37.8158],[-58.97706,-37.81745],[-58.97639,-37.81939],[-58.97868,-37.8205],[-58.98098,-37.82143],[-58.98219,-37.82322],[-58.98245,-37.82511],[-58.98344,-37.82677],[-58.98567,-37.82731],[-58.98646,-37.82732],[-58.98856,-37.82653],[-58.99088,-37.82621],[-58.99327,-37.82571],[-58.99516,-37.82463],[-58.99741,-37.82351],[-58.99973,-37.82301],[-59.00161,-37.82193],[-59.00322,-37.82035],[-59.00454,-37.81875],[-59.00669,-37.8194],[-59.00819,-37.82084],[-59.00998,-37.822],[-59.01191,-37.82316],[-59.01458,-37.82358],[-59.01688,-37.82423],[-59.0192,-37.82413],[-59.0212,-37.82507],[-59.02125,-37.82696],[-59.02094,-37.8289],[-59.02149,-37.83102],[-59.02218,-37.83297],[-59.02274,-37.83481],[-59.02402,-37.83648],[-59.02639,-37.83702],[-59.02771,-37.83548],[-59.02868,-37.83354],[-59.03056,-37.83235],[-59.03203,-37.83064],[-59.03213,-37.82869],[-59.03179,-37.82669],[-59.03145,-37.82474],[-59.03133,-37.82279],[-59.03352,-37.82143],[-59.03541,-37.82007],[-59.03651,-37.81836],[-59.03747,-37.81671],[-59.03886,-37.81511],[-59.04068,-37.8137],[-59.04207,-37.81216],[-59.04459,-37.8123],[-59.04705,-37.81248],[-59.04943,-37.81199],[-59.05125,-37.81074],[-59.05228,-37.80909],[-59.05288,-37.8072],[-59.0532,-37.80531],[-59.05358,-37.80348],[-59.05106,-37.80272],[-59.04869,-37.80196],[-59.04763,-37.80029],[-59.04944,-37.79916],[-59.05133,-37.79803],[-59.05049,-37.7963],[-59.04957,-37.79446],[-59.05089,-37.79298],[-59.05285,-37.79168],[-59.05309,-37.78985],[-59.05182,-37.78807],[-59.05111,-37.78623],[-59.052,-37.7844],[-59.05432,-37.7835],[-59.05648,-37.78409],[-59.05775,-37.78564],[-59.0594,-37.78709],[-59.06126,-37.78819],[-59.06371,-37.78838],[-59.06609,-37.78839],[-59.06791,-37.78715],[-59.07015,-37.78648],[-59.07254,-37.7865],[-59.07413,-37.78508],[-59.07589,-37.78371],[-59.07799,-37.7823],[-59.07837,-37.78041],[-59.0784,-37.77852],[-59.07781,-37.77793],[-59.07383,-37.77727],[-59.07111,-37.77541],[-59.06376,-37.77435],[-59.05806,-37.77514],[-59.05322,-37.77477],[-59.05133,-37.77391],[-59.05224,-37.76924],[-59.05648,-37.76677],[-59.06007,-37.76579],[-59.06302,-37.76548],[-59.06744,-37.76568],[-59.07078,-37.76822],[-59.07625,-37.76842],[-59.08004,-37.76862],[-59.08255,-37.76998],[-59.08766,-37.77127],[-59.08835,-37.772],[-59.08985,-37.7735],[-59.0923,-37.77352],[-59.09419,-37.77244],[-59.0965,-37.77211],[-59.09851,-37.77322],[-59.10103,-37.77346],[-59.10249,-37.77198],[-59.1028,-37.76998],[-59.10137,-37.76842],[-59.1006,-37.7667],[-59.10055,-37.76464],[-59.09854,-37.76377],[-59.09595,-37.76375],[-59.09372,-37.76322],[-59.09237,-37.76155],[-59.09261,-37.7596],[-59.09486,-37.75824],[-59.09731,-37.75786],[-59.09962,-37.75764],[-59.10086,-37.75611],[-59.10038,-37.75422],[-59.09896,-37.75255],[-59.09717,-37.75116],[-59.09509,-37.75023],[-59.0941,-37.74845],[-59.09376,-37.74661],[-59.09443,-37.74472],[-59.09482,-37.74284],[-59.09245,-37.74213],[-59.09029,-37.74155],[-59.08901,-37.74005],[-59.08708,-37.73895],[-59.08565,-37.73745],[-59.08524,-37.73548],[-59.0842,-37.73413],[-59.08443,-37.73245],[-59.08889,-37.7308],[-59.09162,-37.73284],[-59.09413,-37.73389],[-59.09658,-37.73391],[-59.09903,-37.73422],[-59.10081,-37.73555],[-59.10231,-37.73722],[-59.10416,-37.73872],[-59.10595,-37.74005],[-59.10838,-37.74121],[-59.11013,-37.74002],[-59.11087,-37.73796],[-59.11024,-37.73607],[-59.10913,-37.73301],[-59.10915,-37.73161],[-59.10971,-37.72991],[-59.11133,-37.72949],[-59.11371,-37.72911],[-59.11582,-37.72763],[-59.11806,-37.72713],[-59.12044,-37.72692],[-59.12304,-37.7267],[-59.12635,-37.72678],[-59.12866,-37.72657],[-59.13076,-37.72556],[-59.13258,-37.72402],[-59.13433,-37.72255],[-59.13656,-37.72204],[-59.13864,-37.72337],[-59.13733,-37.72491],[-59.1353,-37.72598],[-59.13621,-37.72765],[-59.1372,-37.72932],[-59.1369,-37.73132],[-59.13716,-37.7335],[-59.13902,-37.73483],[-59.14131,-37.73599],[-59.14354,-37.73652],[-59.14606,-37.73705],[-59.14659,-37.73708],[-59.1486,-37.73795],[-59.15048,-37.73831],[-59.15279,-37.73879],[-59.15614,-37.73766],[-59.15933,-37.73757],[-59.16096,-37.73481],[-59.16127,-37.73298],[-59.16159,-37.73021],[-59.16075,-37.72756],[-59.16017,-37.72721],[-59.15948,-37.72409],[-59.16083,-37.72065],[-59.16245,-37.71812],[-59.16261,-37.71698],[-59.16263,-37.7149],[-59.16527,-37.71216],[-59.16702,-37.71079],[-59.16919,-37.7108],[-59.16948,-37.7108],[-59.17048,-37.71254],[-59.1706,-37.71439],[-59.17029,-37.71622],[-59.17028,-37.71714],[-59.17217,-37.71727],[-59.17375,-37.71832],[-59.17416,-37.7204],[-59.17183,-37.72084],[-59.17007,-37.72359],[-59.16989,-37.72601],[-59.16972,-37.72842],[-59.16954,-37.73131],[-59.1701,-37.73304],[-59.17082,-37.73397],[-59.17316,-37.73248],[-59.17533,-37.73204],[-59.17811,-37.73033],[-59.17986,-37.72873],[-59.18262,-37.72875],[-59.18463,-37.72968],[-59.1849,-37.73176],[-59.18358,-37.73371],[-59.17993,-37.73587],[-59.17759,-37.73747],[-59.17569,-37.73906],[-59.17452,-37.73963],[-59.17393,-37.74101],[-59.17478,-37.74309],[-59.17563,-37.74459],[-59.17736,-37.7453],[-59.17895,-37.74577],[-59.18023,-37.74739],[-59.1811,-37.74866],[-59.18209,-37.75017],[-59.18164,-37.75154],[-59.17887,-37.75256],[-59.17641,-37.75254],[-59.17424,-37.75218],[-59.17149,-37.75171],[-59.1699,-37.75181],[-59.16711,-37.75444],[-59.16436,-37.75407],[-59.16191,-37.75267],[-59.15887,-37.7523],[-59.15757,-37.75241],[-59.15368,-37.75254],[-59.15179,-37.75358],[-59.14956,-37.75409],[-59.14717,-37.75407],[-59.14493,-37.75457],[-59.14304,-37.7561],[-59.14374,-37.75783],[-59.14452,-37.75972],[-59.14413,-37.76167],[-59.14476,-37.76362],[-59.14611,-37.76517],[-59.14588,-37.76712],[-59.14377,-37.76854],[-59.14368,-37.77066],[-59.1454,-37.77199],[-59.14762,-37.77337],[-59.14919,-37.77488],[-59.14945,-37.77688],[-59.15088,-37.77838],[-59.1534,-37.77891],[-59.15519,-37.78036],[-59.15574,-37.78225],[-59.15638,-37.78403],[-59.15794,-37.78547],[-59.16039,-37.78606],[-59.1627,-37.7863],[-59.16522,-37.78654],[-59.16665,-37.78799],[-59.16843,-37.78926],[-59.17015,-37.79053],[-59.1726,-37.79083],[-59.17461,-37.79199],[-59.17553,-37.79388],[-59.1782,-37.79384],[-59.18051,-37.79329],[-59.18269,-37.79244],[-59.18507,-37.79245],[-59.18744,-37.79247],[-59.18975,-37.79254],[-59.192,-37.79181],[-59.19453,-37.79166],[-59.19683,-37.79195],[-59.19943,-37.79185],[-59.20153,-37.79101],[-59.20363,-37.78993],[-59.20444,-37.78788],[-59.20432,-37.78599],[-59.20649,-37.78485],[-59.2088,-37.78487],[-59.21088,-37.78597],[-59.21326,-37.78661],[-59.21543,-37.78588],[-59.21753,-37.78503],[-59.21913,-37.78361],[-59.22116,-37.78225],[-59.22305,-37.78117],[-59.22486,-37.77981],[-59.22437,-37.77803],[-59.22338,-37.77625],[-59.22591,-37.77575],[-59.22858,-37.77576],[-59.23096,-37.77572],[-59.23319,-37.77619],[-59.23411,-37.77797],[-59.23316,-37.77974],[-59.23546,-37.78021],[-59.23777,-37.78051],[-59.24036,-37.78104],[-59.24281,-37.78106],[-59.24498,-37.78021],[-59.24772,-37.78017],[-59.24995,-37.78075],[-59.25196,-37.78162],[-59.25434,-37.78181],[-59.25694,-37.78182],[-59.25962,-37.78104],[-59.26164,-37.78013],[-59.26332,-37.77859],[-59.26477,-37.77717],[-59.26673,-37.77552],[-59.26863,-37.77387],[-59.27036,-37.77262],[-59.27225,-37.77126],[-59.27435,-37.77029],[-59.27602,-37.76899],[-59.27777,-37.7671],[-59.27995,-37.76614],[-59.28225,-37.76609],[-59.28477,-37.76588],[-59.28701,-37.76543],[-59.28968,-37.76539],[-59.29207,-37.765],[-59.29417,-37.76398],[-59.29555,-37.7625],[-59.29615,-37.7605],[-59.29832,-37.75946],[-59.30088,-37.7578],[-59.30174,-37.75646],[-59.3028,-37.75562],[-59.30492,-37.75597],[-59.30574,-37.75816],[-59.3072,-37.76035],[-59.30855,-37.75993],[-59.31079,-37.75926],[-59.31304,-37.75813],[-59.31499,-37.7571],[-59.31645,-37.75556],[-59.31826,-37.75414],[-59.31993,-37.7526],[-59.32182,-37.7513],[-59.32428,-37.75108],[-59.32657,-37.75183],[-59.32803,-37.75013],[-59.3299,-37.75122],[-59.33169,-37.75255],[-59.33357,-37.75147],[-59.33359,-37.74952],[-59.33519,-37.74787],[-59.33672,-37.74622],[-59.33752,-37.74433],[-59.33617,-37.74243],[-59.3369,-37.74026],[-59.33886,-37.73906],[-59.34096,-37.73827],[-59.34352,-37.7396],[-59.34514,-37.73932],[-59.34702,-37.73764],[-59.34991,-37.73849],[-59.35311,-37.74002],[-59.35475,-37.74023],[-59.35637,-37.7396],[-59.35769,-37.73812],[-59.36021,-37.73791],[-59.3628,-37.73815],[-59.3654,-37.73753],[-59.36771,-37.73674],[-59.37025,-37.73577],[-59.37213,-37.73464],[-59.37372,-37.73322],[-59.37576,-37.73168],[-59.37835,-37.73117],[-59.38074,-37.73038],[-59.38298,-37.72982],[-59.38535,-37.73018],[-59.38751,-37.73076],[-59.38937,-37.73232],[-59.39131,-37.73341],[-59.39313,-37.73182],[-59.39508,-37.7305],[-59.39739,-37.73],[-59.39948,-37.72903],[-59.40158,-37.72819],[-59.40304,-37.72659],[-59.40334,-37.72447],[-59.4045,-37.72281],[-59.40682,-37.72168],[-59.40784,-37.71991],[-59.40973,-37.71865],[-59.41182,-37.71763],[-59.41413,-37.71707],[-59.41658,-37.71691],[-59.41939,-37.7168],[-59.4209,-37.71676],[-59.42422,-37.71501],[-59.42554,-37.71414],[-59.42735,-37.71283],[-59.42873,-37.71117],[-59.43068,-37.70987],[-59.43278,-37.70913],[-59.4353,-37.70862],[-59.43754,-37.70811],[-59.43928,-37.70675],[-59.44152,-37.70624],[-59.4439,-37.70573],[-59.44599,-37.70471],[-59.44823,-37.70398]]]}},{"type":"Feature","properties":{"fdc":"Atlas 500k 1° Ediciónl","sag":"IGN","crv":50,"mo2":2,"tipo":"Curva de nivel","ign":"lineas_de_geomorfologia_CA010.17426"},"geometry":{"type":"MultiLineString","coordinates":[[[-59.13842,-38.45453],[-59.13854,-38.45458],[-59.13959,-38.45494],[-59.14073,-38.4553],[-59.14176,-38.45558],[-59.14304,-38.45589],[-59.14522,-38.45632],[-59.1467,-38.45657],[-59.14779,-38.45672],[-59.14914,-38.45685],[-59.1523,-38.45706],[-59.15539,-38.45738],[-59.15654,-38.45744],[-59.1574,-38.45745],[-59.15808,-38.45742],[-59.16004,-38.45726],[-59.16082,-38.45722],[-59.1616,-38.45724],[-59.16227,-38.45732],[-59.16303,-38.45749],[-59.16395,-38.45779],[-59.16622,-38.45878],[-59.16879,-38.45981],[-59.17123,-38.46091],[-59.1721,-38.46123],[-59.17272,-38.4614],[-59.17356,-38.46156],[-59.17451,-38.46166],[-59.17756,-38.46177],[-59.1788,-38.46187],[-59.17961,-38.46199],[-59.18191,-38.46246],[-59.18277,-38.4626],[-59.18349,-38.46265],[-59.18421,-38.46266],[-59.18494,-38.46262],[-59.18556,-38.46254],[-59.18668,-38.46233],[-59.18895,-38.46172],[-59.1901,-38.46147],[-59.1908,-38.46135],[-59.19158,-38.46126],[-59.19241,-38.4612],[-59.19329,-38.46117],[-59.19525,-38.4612],[-59.19986,-38.4614],[-59.20119,-38.46149],[-59.20264,-38.4617],[-59.20512,-38.46224],[-59.20595,-38.46236],[-59.2064,-38.46238],[-59.20712,-38.46237],[-59.20758,-38.46232],[-59.20945,-38.46199],[-59.21029,-38.46189],[-59.21107,-38.46187],[-59.21142,-38.4619],[-59.21199,-38.46198],[-59.2126,-38.46213],[-59.21322,-38.46234],[-59.21375,-38.46255],[-59.21435,-38.46284],[-59.21549,-38.4635],[-59.21878,-38.46557],[-59.21994,-38.46637],[-59.22149,-38.46756],[-59.22284,-38.46867],[-59.22478,-38.47033],[-59.22537,-38.4708],[-59.22592,-38.47119],[-59.22637,-38.47146],[-59.22693,-38.47175],[-59.22738,-38.47195],[-59.22805,-38.47221],[-59.2287,-38.47242],[-59.23099,-38.47305],[-59.23179,-38.47329],[-59.23413,-38.47422],[-59.23472,-38.47437],[-59.23521,-38.47444],[-59.23565,-38.47446],[-59.2361,-38.47445],[-59.23654,-38.4744],[-59.23742,-38.47424],[-59.23928,-38.47386],[-59.24031,-38.47371],[-59.24117,-38.47365],[-59.24193,-38.47367],[-59.24264,-38.47375],[-59.24332,-38.47392],[-59.24394,-38.47417],[-59.24513,-38.47481],[-59.24552,-38.47498],[-59.24597,-38.4751],[-59.24621,-38.47513],[-59.24652,-38.47513],[-59.24674,-38.4751],[-59.247,-38.47502],[-59.24727,-38.47489],[-59.24747,-38.47475],[-59.2476,-38.47461],[-59.24775,-38.47441],[-59.24801,-38.47395],[-59.24817,-38.4738],[-59.24839,-38.47373],[-59.24858,-38.47374],[-59.24876,-38.47379],[-59.24917,-38.47402],[-59.24948,-38.47427],[-59.2507,-38.47547],[-59.25102,-38.47583],[-59.25152,-38.47645],[-59.25246,-38.47782],[-59.25284,-38.47833],[-59.25322,-38.47877],[-59.25367,-38.47919],[-59.25403,-38.47947],[-59.25467,-38.47987],[-59.25551,-38.48027],[-59.25639,-38.48057],[-59.25699,-38.48072],[-59.25767,-38.48084],[-59.25834,-38.48093],[-59.259,-38.48098],[-59.25996,-38.481],[-59.26077,-38.48099],[-59.26395,-38.48084],[-59.2658,-38.48066],[-59.26933,-38.48016],[-59.27038,-38.47997],[-59.27105,-38.47982],[-59.27173,-38.47963],[-59.27222,-38.47947],[-59.27432,-38.47867],[-59.27479,-38.47852],[-59.27558,-38.47832],[-59.27624,-38.47821],[-59.27688,-38.47814],[-59.2776,-38.47811],[-59.2782,-38.4781],[-59.2788,-38.47813],[-59.27945,-38.4782],[-59.28003,-38.47831],[-59.2806,-38.47845],[-59.28111,-38.4786],[-59.28209,-38.47899],[-59.28459,-38.4802],[-59.28592,-38.48075],[-59.28678,-38.48105],[-59.28907,-38.48176],[-59.29194,-38.48281],[-59.29282,-38.48306],[-59.29373,-38.48322],[-59.29443,-38.4833],[-59.29516,-38.48333],[-59.29749,-38.48329],[-59.29822,-38.48331],[-59.29897,-38.48336],[-59.29967,-38.48344],[-59.30057,-38.48359],[-59.30344,-38.48415],[-59.30609,-38.48463],[-59.30749,-38.48486],[-59.31009,-38.48524],[-59.31309,-38.48576],[-59.31451,-38.48596],[-59.3188,-38.48646],[-59.32002,-38.48653],[-59.32283,-38.48654],[-59.32462,-38.48659],[-59.32614,-38.4867],[-59.32899,-38.487],[-59.32995,-38.48706],[-59.33103,-38.48705],[-59.33298,-38.4869],[-59.33362,-38.48688],[-59.3349,-38.4869],[-59.33675,-38.48706],[-59.34035,-38.48752],[-59.34159,-38.48762],[-59.3423,-38.48761],[-59.34268,-38.48759],[-59.34368,-38.48744],[-59.34442,-38.48726],[-59.34589,-38.48685],[-59.34784,-38.48634],[-59.34826,-38.48619],[-59.34875,-38.48592],[-59.34905,-38.48572],[-59.34992,-38.48498],[-59.35036,-38.48465],[-59.35108,-38.48423],[-59.35156,-38.48401],[-59.35239,-38.48372],[-59.35309,-38.48356],[-59.35378,-38.48345],[-59.35486,-38.48337],[-59.35948,-38.48332],[-59.36277,-38.48319],[-59.36392,-38.48317],[-59.36531,-38.48322],[-59.36791,-38.4834],[-59.36903,-38.48342],[-59.36978,-38.4834],[-59.37054,-38.48333],[-59.37262,-38.48305],[-59.37343,-38.48297],[-59.37413,-38.48294],[-59.37475,-38.48296],[-59.37571,-38.48309],[-59.37679,-38.48337],[-59.37787,-38.48374],[-59.38025,-38.48467],[-59.38098,-38.48492],[-59.3817,-38.48514],[-59.38317,-38.48549],[-59.38536,-38.4859],[-59.38649,-38.48605],[-59.38744,-38.48612],[-59.38826,-38.48613],[-59.39057,-38.48609],[-59.39198,-38.48613],[-59.39316,-38.48623],[-59.39559,-38.4865],[-59.39678,-38.48657],[-59.39762,-38.48658],[-59.39885,-38.48649],[-59.39999,-38.48635],[-59.40413,-38.48574],[-59.40538,-38.4856],[-59.40797,-38.48536],[-59.40974,-38.48515],[-59.41079,-38.48508],[-59.41145,-38.48508],[-59.41194,-38.48511],[-59.41252,-38.48518],[-59.41337,-38.48532],[-59.41471,-38.48565],[-59.41621,-38.4861],[-59.41858,-38.48693],[-59.41937,-38.48719],[-59.42,-38.48737],[-59.42071,-38.48752],[-59.42149,-38.48764],[-59.42213,-38.4877],[-59.42299,-38.48774],[-59.42484,-38.48778],[-59.42589,-38.48784],[-59.42664,-38.48793],[-59.42765,-38.48812],[-59.42841,-38.4883],[-59.42942,-38.48861],[-59.4304,-38.48897],[-59.43276,-38.48988],[-59.43358,-38.49017],[-59.43462,-38.49047],[-59.43563,-38.49072],[-59.43643,-38.49089],[-59.43741,-38.49106],[-59.43945,-38.49134],[-59.44047,-38.49158],[-59.44135,-38.4919],[-59.44179,-38.4921],[-59.44225,-38.49235],[-59.44307,-38.49289],[-59.44461,-38.49411],[-59.44528,-38.4946],[-59.44591,-38.495],[-59.44657,-38.49533],[-59.44724,-38.4956],[-59.44846,-38.496],[-59.4529,-38.49723],[-59.45469,-38.49763],[-59.45641,-38.49791],[-59.4573,-38.498],[-59.4598,-38.49821],[-59.46059,-38.49832],[-59.46247,-38.49866],[-59.46345,-38.49879],[-59.46586,-38.49894],[-59.46654,-38.499],[-59.4672,-38.49911],[-59.46767,-38.49923],[-59.4683,-38.49946],[-59.46914,-38.49989],[-59.46968,-38.50023],[-59.47139,-38.50139],[-59.47388,-38.50294],[-59.47545,-38.50399],[-59.47581,-38.5042],[-59.47609,-38.50432],[-59.47645,-38.50441],[-59.47681,-38.50442],[-59.47712,-38.50438],[-59.47743,-38.50428],[-59.47818,-38.504],[-59.4788,-38.50385],[-59.47943,-38.50378],[-59.47982,-38.50378],[-59.48034,-38.50382],[-59.48172,-38.50403],[-59.48316,-38.50434],[-59.48462,-38.5047],[-59.48664,-38.50525],[-59.48756,-38.50545],[-59.48839,-38.50558],[-59.4891,-38.50562],[-59.48977,-38.50561],[-59.49043,-38.50556],[-59.49323,-38.50523],[-59.49535,-38.5051],[-59.49758,-38.50503],[-59.49905,-38.50502],[-59.50105,-38.50505],[-59.50204,-38.50512],[-59.50258,-38.5052],[-59.50324,-38.50535],[-59.50375,-38.50552],[-59.50434,-38.50577],[-59.50485,-38.50604],[-59.50531,-38.50632],[-59.50716,-38.50761],[-59.50761,-38.50789],[-59.50802,-38.50811],[-59.50843,-38.50829],[-59.50901,-38.50847],[-59.50964,-38.5086],[-59.51034,-38.50866],[-59.51105,-38.50865],[-59.51173,-38.5086],[-59.5124,-38.50851],[-59.51306,-38.50839],[-59.51371,-38.50822],[-59.51436,-38.50802],[-59.51493,-38.50781],[-59.51682,-38.50698],[-59.51731,-38.50682],[-59.51762,-38.50675],[-59.51806,-38.50669],[-59.51858,-38.50668],[-59.51899,-38.50671],[-59.51958,-38.50682],[-59.52086,-38.50713],[-59.52153,-38.50727],[-59.52218,-38.50736],[-59.52285,-38.50741],[-59.52352,-38.50742],[-59.52408,-38.50739],[-59.52469,-38.50732],[-59.52543,-38.50719],[-59.52602,-38.50703],[-59.52667,-38.50678],[-59.52708,-38.50657],[-59.52754,-38.50627],[-59.52819,-38.50574],[-59.52858,-38.50535],[-59.52904,-38.50481],[-59.5294,-38.50432],[-59.53013,-38.50321],[-59.53041,-38.5029],[-59.53062,-38.50276],[-59.5309,-38.50265],[-59.53118,-38.50262],[-59.53147,-38.50263],[-59.53182,-38.5027],[-59.5322,-38.50282],[-59.5328,-38.50308],[-59.53324,-38.5033],[-59.53621,-38.50491],[-59.53862,-38.5064],[-59.53918,-38.50668],[-59.53972,-38.5069],[-59.54019,-38.50706],[-59.54096,-38.50727],[-59.54338,-38.50778],[-59.54519,-38.50808],[-59.54755,-38.50834],[-59.54865,-38.50851],[-59.5497,-38.50874],[-59.55205,-38.50937],[-59.55283,-38.50952],[-59.55464,-38.50979],[-59.55542,-38.50997],[-59.55623,-38.51024],[-59.55683,-38.51051],[-59.55737,-38.51079],[-59.55907,-38.51175],[-59.55999,-38.5122],[-59.56108,-38.51261],[-59.56209,-38.5129],[-59.56315,-38.51313],[-59.56484,-38.51343],[-59.56579,-38.51358],[-59.56677,-38.51368],[-59.5682,-38.51374],[-59.57094,-38.51374],[-59.57279,-38.5138],[-59.57886,-38.51431],[-59.58254,-38.51453],[-59.58358,-38.51464],[-59.58434,-38.51476],[-59.58533,-38.515],[-59.58611,-38.51528],[-59.58708,-38.51569],[-59.58947,-38.5168],[-59.59027,-38.51711],[-59.59102,-38.51734],[-59.5919,-38.51758],[-59.59277,-38.51777],[-59.59395,-38.518],[-59.59636,-38.51841],[-59.59729,-38.51862],[-59.598,-38.51882],[-59.59878,-38.51909],[-59.60088,-38.51992],[-59.60203,-38.52032],[-59.60351,-38.52074],[-59.6043,-38.52091],[-59.605,-38.52104],[-59.6057,-38.52113],[-59.60655,-38.52121],[-59.60822,-38.52128],[-59.60955,-38.52127],[-59.61021,-38.52123],[-59.61282,-38.52099],[-59.61352,-38.52097],[-59.61407,-38.52099],[-59.61499,-38.52108],[-59.61618,-38.5213],[-59.61761,-38.52169],[-59.61886,-38.52212],[-59.62119,-38.52301],[-59.62219,-38.52332],[-59.62321,-38.52354],[-59.62411,-38.52363],[-59.62495,-38.52362],[-59.62592,-38.52353],[-59.62997,-38.52285],[-59.63128,-38.52267],[-59.63174,-38.52263],[-59.63248,-38.52262],[-59.63313,-38.52265],[-59.63381,-38.52272],[-59.63492,-38.52287],[-59.63635,-38.5231],[-59.63769,-38.52336],[-59.63895,-38.52363],[-59.64114,-38.52417],[-59.64439,-38.52512],[-59.64587,-38.52547],[-59.64757,-38.52577],[-59.64911,-38.52595],[-59.64996,-38.52601],[-59.65073,-38.52603],[-59.65177,-38.52601],[-59.65328,-38.52592],[-59.65815,-38.52556],[-59.65948,-38.52557],[-59.66075,-38.52568],[-59.66227,-38.52591],[-59.66406,-38.52627],[-59.66555,-38.52662],[-59.6685,-38.52746],[-59.66919,-38.52762],[-59.67121,-38.52799],[-59.67177,-38.52811],[-59.67281,-38.52841],[-59.67446,-38.52904],[-59.6751,-38.52925],[-59.67557,-38.52936],[-59.67619,-38.52946],[-59.67653,-38.52948],[-59.67714,-38.52946],[-59.67764,-38.5294],[-59.67808,-38.52931],[-59.679,-38.52905],[-59.68078,-38.52846],[-59.68194,-38.5281],[-59.68308,-38.52779],[-59.68391,-38.52761],[-59.68448,-38.52752],[-59.68493,-38.52748],[-59.6854,-38.52747],[-59.68588,-38.52752],[-59.6861,-38.52756],[-59.68664,-38.52772],[-59.68697,-38.52786],[-59.68748,-38.52815],[-59.68797,-38.52849],[-59.68978,-38.52986],[-59.69273,-38.53197],[-59.6939,-38.53273],[-59.69515,-38.53344],[-59.69648,-38.53406],[-59.69923,-38.53518],[-59.70279,-38.53671],[-59.70574,-38.53808],[-59.70644,-38.53835],[-59.7072,-38.53859],[-59.70772,-38.53871],[-59.70828,-38.53879],[-59.70893,-38.53883],[-59.70985,-38.53879],[-59.71062,-38.53867],[-59.71149,-38.53844],[-59.71249,-38.53812],[-59.71357,-38.53771],[-59.71557,-38.53692],[-59.71627,-38.53667],[-59.71711,-38.53643],[-59.71813,-38.53622],[-59.71981,-38.53603],[-59.72228,-38.53585],[-59.72367,-38.53582],[-59.72477,-38.53587],[-59.72574,-38.536],[-59.72626,-38.53611],[-59.72683,-38.53626],[-59.72783,-38.53659],[-59.72982,-38.53735],[-59.7309,-38.53771],[-59.73194,-38.53798],[-59.73348,-38.53829],[-59.73462,-38.53848],[-59.73587,-38.53865],[-59.73993,-38.53907],[-59.74405,-38.53969],[-59.74915,-38.54019],[-59.75044,-38.54039],[-59.75167,-38.54065],[-59.75235,-38.54084],[-59.75319,-38.54111],[-59.75403,-38.54142],[-59.75505,-38.54184],[-59.75616,-38.54235],[-59.75716,-38.54286],[-59.75797,-38.5433],[-59.75956,-38.54423],[-59.76046,-38.54471],[-59.76135,-38.5451],[-59.7618,-38.54524],[-59.7623,-38.54536],[-59.76307,-38.54544],[-59.76359,-38.54544],[-59.76411,-38.54539],[-59.7648,-38.54527],[-59.76545,-38.54511],[-59.76766,-38.54437],[-59.76846,-38.54417],[-59.76877,-38.54412],[-59.76925,-38.54408],[-59.76959,-38.54409],[-59.77019,-38.54415],[-59.77105,-38.54437],[-59.77299,-38.54501],[-59.77653,-38.54614],[-59.77748,-38.54642],[-59.77795,-38.54653],[-59.77844,-38.54663],[-59.77933,-38.54671],[-59.78113,-38.54673],[-59.78185,-38.54675],[-59.78242,-38.54684],[-59.78285,-38.54698],[-59.78332,-38.54725],[-59.78366,-38.54754],[-59.78396,-38.54785],[-59.78458,-38.54858],[-59.7863,-38.55079],[-59.78664,-38.55118],[-59.78695,-38.55149],[-59.78722,-38.55172],[-59.78751,-38.55191],[-59.78778,-38.55206],[-59.78811,-38.55218],[-59.78853,-38.5523],[-59.78899,-38.55238],[-59.78961,-38.55244],[-59.79158,-38.5525],[-59.79256,-38.55256],[-59.79334,-38.55265],[-59.79522,-38.55294],[-59.79605,-38.55304],[-59.79681,-38.5531],[-59.79776,-38.55313],[-59.79904,-38.55308],[-59.80026,-38.55293],[-59.80148,-38.55267],[-59.80365,-38.55211],[-59.80448,-38.55195],[-59.80489,-38.55191],[-59.8053,-38.55191],[-59.80575,-38.55197],[-59.80615,-38.55209],[-59.80647,-38.55225],[-59.80671,-38.55242],[-59.80711,-38.55284],[-59.80733,-38.55316],[-59.80751,-38.55349],[-59.80819,-38.55486],[-59.80845,-38.55526],[-59.80868,-38.55553],[-59.80919,-38.556],[-59.80956,-38.55625],[-59.81007,-38.5565],[-59.81065,-38.55671],[-59.81131,-38.55688],[-59.81208,-38.55704],[-59.81279,-38.55714],[-59.81332,-38.55718],[-59.81396,-38.55719],[-59.81629,-38.55706],[-59.81729,-38.55707],[-59.81821,-38.55719],[-59.81919,-38.55742],[-59.81984,-38.55763],[-59.82055,-38.5579],[-59.82122,-38.55819],[-59.82189,-38.55853],[-59.82282,-38.55907],[-59.82516,-38.56063],[-59.82578,-38.56099],[-59.82615,-38.56117],[-59.82679,-38.56144],[-59.82769,-38.56173],[-59.8289,-38.56204],[-59.83026,-38.56232],[-59.83168,-38.56258],[-59.83364,-38.56289],[-59.835,-38.56308],[-59.83606,-38.56319],[-59.83702,-38.56325],[-59.83777,-38.56326],[-59.84025,-38.56314],[-59.84091,-38.56316],[-59.84146,-38.56323],[-59.84205,-38.56334],[-59.84251,-38.56346],[-59.84483,-38.56427],[-59.8458,-38.56455],[-59.84633,-38.56466],[-59.84694,-38.56475],[-59.8476,-38.56481],[-59.84825,-38.56483],[-59.84927,-38.56477],[-59.8499,-38.56467],[-59.85059,-38.56452],[-59.85174,-38.56417],[-59.85448,-38.56318],[-59.85517,-38.56298],[-59.85599,-38.56281],[-59.85673,-38.56271],[-59.8576,-38.56267],[-59.85866,-38.56269],[-59.85978,-38.56278],[-59.86163,-38.56297],[-59.86315,-38.56318],[-59.86463,-38.56346],[-59.86565,-38.56373],[-59.86645,-38.56401],[-59.86734,-38.56441],[-59.86793,-38.56474],[-59.86973,-38.56584],[-59.87026,-38.56612],[-59.87077,-38.56635],[-59.87161,-38.56666],[-59.87286,-38.56701],[-59.8743,-38.56732],[-59.87557,-38.56753],[-59.87704,-38.5677],[-59.8787,-38.56784],[-59.88016,-38.56793],[-59.88157,-38.56797],[-59.88333,-38.56794],[-59.88648,-38.56771],[-59.88783,-38.56765],[-59.88863,-38.56765],[-59.89348,-38.56776],[-59.89497,-38.56788],[-59.89764,-38.56823],[-59.90042,-38.56852],[-59.90122,-38.56864],[-59.90176,-38.56875],[-59.90234,-38.56895],[-59.90281,-38.56921],[-59.90306,-38.56941],[-59.90328,-38.56963],[-59.90361,-38.57014],[-59.90389,-38.57084],[-59.90453,-38.57317],[-59.90472,-38.57377],[-59.90494,-38.57438],[-59.90537,-38.57533],[-59.90627,-38.57691],[-59.90657,-38.57752],[-59.90677,-38.57807],[-59.9073,-38.57973],[-59.9075,-38.5802],[-59.90773,-38.58059],[-59.90808,-38.58103],[-59.90843,-38.58131],[-59.90866,-38.58145],[-59.90892,-38.58156],[-59.90955,-38.58172],[-59.9101,-38.58179],[-59.91056,-38.58182],[-59.91165,-38.5818],[-59.91272,-38.58169],[-59.91308,-38.58161],[-59.91375,-38.58143],[-59.91438,-38.58119],[-59.91524,-38.58075],[-59.916,-38.58026],[-59.91789,-38.57892],[-59.9188,-38.57839],[-59.91939,-38.5781],[-59.92052,-38.57764],[-59.92156,-38.57731],[-59.92257,-38.57708],[-59.92319,-38.577],[-59.92396,-38.57696],[-59.92475,-38.57698],[-59.92562,-38.57709],[-59.92637,-38.57722],[-59.92719,-38.57743],[-59.92819,-38.57775],[-59.92916,-38.57812],[-59.9306,-38.57874],[-59.93159,-38.57909],[-59.93216,-38.57922],[-59.93279,-38.57932],[-59.93341,-38.57936],[-59.93404,-38.57934],[-59.93497,-38.57924],[-59.93558,-38.57913],[-59.93658,-38.5789],[-59.93843,-38.57839],[-59.93933,-38.57816],[-59.94012,-38.578],[-59.941,-38.57788],[-59.94193,-38.57781],[-59.94374,-38.57775],[-59.94489,-38.57767],[-59.94829,-38.57723],[-59.95015,-38.57705],[-59.9521,-38.57695],[-59.95587,-38.5769],[-59.95764,-38.5768],[-59.95887,-38.57668],[-59.9625,-38.57626],[-59.96326,-38.57614],[-59.96515,-38.57578],[-59.96641,-38.57561],[-59.96777,-38.57552],[-59.96843,-38.57552],[-59.96915,-38.57557],[-59.96984,-38.57567],[-59.97019,-38.57575],[-59.97075,-38.57591],[-59.9713,-38.57614],[-59.97197,-38.57651],[-59.97241,-38.57681],[-59.97276,-38.57709],[-59.9734,-38.57769],[-59.97386,-38.57823],[-59.97415,-38.5787],[-59.97434,-38.57918],[-59.97442,-38.5796],[-59.97444,-38.58006],[-59.97436,-38.58067],[-59.97423,-38.58112],[-59.97407,-38.58156],[-59.97376,-38.5822],[-59.97295,-38.58377],[-59.9727,-38.58438],[-59.97255,-38.5848],[-59.97245,-38.58518],[-59.97239,-38.58555],[-59.97238,-38.58593],[-59.97243,-38.58635],[-59.97255,-38.58669],[-59.97265,-38.58691],[-59.97291,-38.5873],[-59.97316,-38.58755],[-59.9736,-38.58788],[-59.97385,-38.58802],[-59.97425,-38.5882],[-59.9749,-38.5884],[-59.9756,-38.5885],[-59.97617,-38.5885],[-59.97655,-38.58846],[-59.97709,-38.58834],[-59.97755,-38.58817],[-59.97785,-38.58802],[-59.97824,-38.58777],[-59.97859,-38.5875],[-59.97893,-38.58716],[-59.97927,-38.58676],[-59.97975,-38.58607],[-59.98035,-38.58503],[-59.98163,-38.58246],[-59.98278,-38.58028],[-59.98361,-38.57854],[-59.98396,-38.57791],[-59.98426,-38.5775],[-59.98446,-38.57731],[-59.98463,-38.57719],[-59.98491,-38.57708],[-59.9852,-38.57709],[-59.98541,-38.57719],[-59.98552,-38.57729],[-59.98564,-38.57746],[-59.98575,-38.5777],[-59.98584,-38.57817],[-59.98584,-38.57856],[-59.9858,-38.57895],[-59.98572,-38.57937],[-59.98557,-38.5799],[-59.9847,-38.58215],[-59.98453,-38.58266],[-59.98429,-38.58351],[-59.98415,-38.58415],[-59.98406,-38.58473],[-59.98401,-38.58553],[-59.98402,-38.58591],[-59.98409,-38.58664],[-59.9842,-38.58729],[-59.98436,-38.58795],[-59.98459,-38.58866],[-59.98489,-38.58937],[-59.98526,-38.59005],[-59.98567,-38.59068],[-59.986,-38.59109],[-59.98634,-38.59146],[-59.98669,-38.59178],[-59.98714,-38.59212],[-59.98762,-38.59242],[-59.98832,-38.59277],[-59.98886,-38.593],[-59.99153,-38.59398],[-59.99206,-38.5942],[-59.99246,-38.5944],[-59.99286,-38.59464],[-59.99333,-38.59497],[-59.99444,-38.59591],[-59.9949,-38.59624],[-59.99521,-38.59642],[-59.99561,-38.59657],[-59.99603,-38.59666],[-59.99656,-38.5967],[-59.99713,-38.59665],[-59.99763,-38.59654],[-59.99807,-38.5964],[-59.99857,-38.5962],[-59.99916,-38.59593],[-60.0,-38.59548]]]}},{"type":"Feature","properties":{"fdc":"Atlas 500k 1° Ediciónl","sag":"IGN","crv":20,"mo2":2,"tipo":"Curva de nivel","ign":"lineas_de_geomorfologia_CA010.17496"},"geometry":{"type":"MultiLineString","coordinates":[[[-58.95264,-38.60205],[-58.95272,-38.60218],[-58.95292,-38.60245],[-58.95314,-38.60267],[-58.95338,-38.60284],[-58.95364,-38.60297],[-58.95392,-38.60304],[-58.95414,-38.60306],[-58.95447,-38.60301],[-58.95473,-38.60291],[-58.95499,-38.60275],[-58.95537,-38.60243],[-58.95638,-38.60136],[-58.95679,-38.60099],[-58.95735,-38.60057],[-58.95797,-38.6002],[-58.95874,-38.59984],[-58.9595,-38.59959],[-58.95996,-38.5995],[-58.9603,-38.59947],[-58.96061,-38.59947],[-58.96111,-38.59954],[-58.96158,-38.59971],[-58.96202,-38.59994],[-58.9633,-38.60075],[-58.96368,-38.60094],[-58.96403,-38.60107],[-58.9644,-38.60117],[-58.96507,-38.60126],[-58.96576,-38.60129],[-58.96852,-38.60118],[-58.9695,-38.60122],[-58.97048,-38.60137],[-58.97226,-38.60184],[-58.97322,-38.60206],[-58.97415,-38.60221],[-58.97478,-38.60226],[-58.97532,-38.60227],[-58.97593,-38.60224],[-58.9766,-38.60214],[-58.97699,-38.60206],[-58.97799,-38.60175],[-58.98009,-38.60092],[-58.98092,-38.60065],[-58.98133,-38.60057],[-58.98171,-38.60053],[-58.98236,-38.60055],[-58.98301,-38.6007],[-58.98345,-38.60086],[-58.98384,-38.60104],[-58.98449,-38.6014],[-58.98763,-38.6032],[-58.9894,-38.60416],[-58.99014,-38.60452],[-58.99099,-38.60489],[-58.99158,-38.60511],[-58.99213,-38.60527],[-58.99272,-38.60541],[-58.99335,-38.60551],[-58.99399,-38.60557],[-58.99458,-38.6056],[-58.99568,-38.60559],[-58.99769,-38.60548],[-58.99892,-38.60545],[-58.99964,-38.60545],[-59.00128,-38.60554],[-59.00199,-38.60554],[-59.00247,-38.60552],[-59.00313,-38.60545],[-59.00401,-38.60526],[-59.00487,-38.60497],[-59.0053,-38.60478],[-59.0057,-38.60458],[-59.0065,-38.60404],[-59.00734,-38.60333],[-59.00879,-38.60189],[-59.00955,-38.60119],[-59.01025,-38.6006],[-59.01195,-38.59922],[-59.01257,-38.59866],[-59.01298,-38.59822],[-59.01344,-38.59769],[-59.01535,-38.59532],[-59.01565,-38.59498],[-59.01595,-38.59469],[-59.01629,-38.59443],[-59.01661,-38.59426],[-59.01679,-38.59419],[-59.01703,-38.59413],[-59.01738,-38.5941],[-59.01772,-38.59412],[-59.01795,-38.59416],[-59.01841,-38.59429],[-59.01878,-38.59444],[-59.0193,-38.59469],[-59.01996,-38.5951],[-59.02036,-38.59542],[-59.02063,-38.59567],[-59.02097,-38.59607],[-59.02116,-38.59635],[-59.0215,-38.597],[-59.02177,-38.59777],[-59.02204,-38.59883],[-59.02256,-38.60123],[-59.0227,-38.60223],[-59.02275,-38.60325],[-59.0227,-38.60415],[-59.02258,-38.60497],[-59.02242,-38.60566],[-59.0221,-38.60665],[-59.02132,-38.6086],[-59.02104,-38.60937],[-59.02086,-38.61008],[-59.02077,-38.61074],[-59.02075,-38.61118],[-59.02076,-38.61175],[-59.0208,-38.61224],[-59.02087,-38.61265],[-59.02097,-38.61304],[-59.02117,-38.61357],[-59.02154,-38.61425],[-59.02169,-38.61447],[-59.02202,-38.61485],[-59.02229,-38.61511],[-59.02265,-38.61539],[-59.02331,-38.61579],[-59.02378,-38.616],[-59.02429,-38.61619],[-59.02557,-38.61654],[-59.02967,-38.61745],[-59.03086,-38.61777],[-59.03305,-38.61843],[-59.03404,-38.61865],[-59.03461,-38.61873],[-59.03501,-38.61876],[-59.03553,-38.61875],[-59.03587,-38.61872],[-59.03617,-38.61867],[-59.03667,-38.61854],[-59.03702,-38.61842],[-59.03755,-38.61817],[-59.03814,-38.61781],[-59.0388,-38.61731],[-59.03932,-38.61685],[-59.04067,-38.61556],[-59.04104,-38.61524],[-59.04159,-38.61481],[-59.04212,-38.61446],[-59.04271,-38.61412],[-59.04319,-38.61389],[-59.04377,-38.61367],[-59.04428,-38.61352],[-59.04493,-38.61337],[-59.04541,-38.6133],[-59.0461,-38.61324],[-59.04682,-38.61322],[-59.04773,-38.61322],[-59.04971,-38.61331],[-59.05059,-38.61339],[-59.05157,-38.61352],[-59.05281,-38.61373],[-59.05364,-38.6139],[-59.05488,-38.61424],[-59.05676,-38.61489],[-59.0579,-38.61521],[-59.05922,-38.61549],[-59.06203,-38.61599],[-59.06271,-38.61614],[-59.06341,-38.61632],[-59.06396,-38.6165],[-59.06459,-38.61674],[-59.06638,-38.61751],[-59.06706,-38.61777],[-59.06783,-38.61805],[-59.06978,-38.61866],[-59.07066,-38.61897],[-59.07154,-38.61937],[-59.07309,-38.62024],[-59.07378,-38.62058],[-59.07481,-38.621],[-59.07541,-38.6212],[-59.07614,-38.6214],[-59.07686,-38.62157],[-59.07783,-38.62173],[-59.08071,-38.62203],[-59.0838,-38.62247],[-59.08448,-38.62253],[-59.08538,-38.62257],[-59.08726,-38.62256],[-59.08881,-38.62246],[-59.09032,-38.62225],[-59.09332,-38.62167],[-59.09427,-38.62146],[-59.09513,-38.62123],[-59.09683,-38.6207],[-59.10109,-38.61924],[-59.10202,-38.61888],[-59.10402,-38.618],[-59.10527,-38.61753],[-59.10677,-38.61709],[-59.10825,-38.61677],[-59.10924,-38.61664],[-59.10998,-38.61661],[-59.11313,-38.61677],[-59.1138,-38.61678],[-59.11504,-38.61673],[-59.11608,-38.61667],[-59.11752,-38.61652],[-59.11876,-38.61635],[-59.12085,-38.616],[-59.12183,-38.61588],[-59.12235,-38.61585],[-59.12294,-38.61585],[-59.12339,-38.61589],[-59.12388,-38.61598],[-59.12439,-38.61613],[-59.12493,-38.6164],[-59.1254,-38.61675],[-59.12568,-38.61702],[-59.12596,-38.61737],[-59.12634,-38.61802],[-59.12657,-38.6185],[-59.12734,-38.62059],[-59.12761,-38.62122],[-59.12792,-38.62183],[-59.12825,-38.62237],[-59.12862,-38.62287],[-59.12915,-38.62345],[-59.12957,-38.62384],[-59.13003,-38.62422],[-59.13096,-38.6249],[-59.13237,-38.62577],[-59.13342,-38.62635],[-59.13621,-38.62776],[-59.13747,-38.6285],[-59.1384,-38.62912],[-59.14076,-38.63083],[-59.14169,-38.63143],[-59.14269,-38.63199],[-59.14369,-38.63246],[-59.14453,-38.63279],[-59.14596,-38.63327],[-59.14727,-38.63366],[-59.14862,-38.63404],[-59.1527,-38.63501],[-59.15435,-38.63543],[-59.15611,-38.63596],[-59.1579,-38.63659],[-59.15922,-38.63714],[-59.1599,-38.63747],[-59.1607,-38.63789],[-59.16182,-38.63859],[-59.16242,-38.63902],[-59.16292,-38.63943],[-59.16355,-38.64002],[-59.16432,-38.64084],[-59.16489,-38.64152],[-59.16548,-38.64231],[-59.1659,-38.64295],[-59.16625,-38.64355],[-59.16667,-38.64445],[-59.16702,-38.64531],[-59.16722,-38.64594],[-59.1674,-38.64666],[-59.16745,-38.6472],[-59.16743,-38.64742],[-59.16737,-38.64768],[-59.16723,-38.64797],[-59.167,-38.64823],[-59.16674,-38.64843],[-59.16591,-38.64889],[-59.16572,-38.64904],[-59.16553,-38.64924],[-59.16538,-38.64949],[-59.16529,-38.64973],[-59.16525,-38.65004],[-59.16526,-38.65033],[-59.16538,-38.65096],[-59.16562,-38.65162],[-59.16586,-38.65209],[-59.16616,-38.6525],[-59.16654,-38.65288],[-59.16699,-38.65319],[-59.1674,-38.65337],[-59.16794,-38.65353],[-59.16841,-38.65359],[-59.16921,-38.65359],[-59.17149,-38.65336],[-59.17272,-38.6533],[-59.17342,-38.65333],[-59.17384,-38.65338],[-59.17547,-38.65367],[-59.17586,-38.65373],[-59.1765,-38.65378],[-59.1769,-38.65379],[-59.17748,-38.65376],[-59.17794,-38.6537],[-59.17853,-38.65357],[-59.17924,-38.65333],[-59.17988,-38.65301],[-59.18043,-38.65265],[-59.18123,-38.65202],[-59.18182,-38.6516],[-59.18238,-38.65129],[-59.18288,-38.65107],[-59.18355,-38.65088],[-59.184,-38.65079],[-59.18598,-38.65058],[-59.18668,-38.65047],[-59.18726,-38.65034],[-59.18784,-38.65016],[-59.18848,-38.64989],[-59.18914,-38.64953],[-59.18988,-38.64901],[-59.19044,-38.64854],[-59.19194,-38.64719],[-59.19247,-38.64677],[-59.19321,-38.64629],[-59.19375,-38.64602],[-59.19432,-38.64581],[-59.19465,-38.64571],[-59.19549,-38.64553],[-59.19651,-38.64543],[-59.19746,-38.64542],[-59.19798,-38.64546],[-59.19864,-38.64555],[-59.19921,-38.64567],[-59.1998,-38.64583],[-59.20093,-38.64622],[-59.20356,-38.64732],[-59.20621,-38.64836],[-59.20695,-38.6486],[-59.20771,-38.6488],[-59.20846,-38.64896],[-59.20916,-38.64907],[-59.20993,-38.64916],[-59.21081,-38.64922],[-59.21369,-38.64923],[-59.2149,-38.64927],[-59.21593,-38.64936],[-59.21837,-38.64963],[-59.21943,-38.64968],[-59.21992,-38.64967],[-59.22049,-38.6496],[-59.2209,-38.64953],[-59.2227,-38.64908],[-59.22317,-38.64901],[-59.22368,-38.649],[-59.22399,-38.64902],[-59.22451,-38.64911],[-59.22517,-38.64929],[-59.22572,-38.64949],[-59.22658,-38.64987],[-59.22761,-38.6504],[-59.2288,-38.65111],[-59.22944,-38.65154],[-59.23019,-38.65215],[-59.23218,-38.65409],[-59.23272,-38.65455],[-59.23374,-38.65535],[-59.23406,-38.65564],[-59.23435,-38.65592],[-59.23461,-38.65626],[-59.23478,-38.65655],[-59.23492,-38.65693],[-59.23498,-38.6572],[-59.23501,-38.65751],[-59.23501,-38.65784],[-59.23485,-38.65888],[-59.23482,-38.65927],[-59.23483,-38.65964],[-59.2349,-38.65992],[-59.23505,-38.66019],[-59.23515,-38.66031],[-59.23535,-38.66044],[-59.23553,-38.66051],[-59.23574,-38.66054],[-59.23604,-38.66055],[-59.23654,-38.66048],[-59.23719,-38.66029],[-59.23768,-38.66011],[-59.23845,-38.65977],[-59.23958,-38.65922],[-59.2404,-38.65875],[-59.24129,-38.65819],[-59.24357,-38.65657],[-59.24435,-38.65606],[-59.24566,-38.6553],[-59.24749,-38.65434],[-59.24834,-38.65398],[-59.24889,-38.65381],[-59.24954,-38.65371],[-59.25007,-38.65372],[-59.25049,-38.6538],[-59.25098,-38.65396],[-59.25135,-38.65415],[-59.25181,-38.6545],[-59.25205,-38.65476],[-59.25223,-38.65499],[-59.25242,-38.65528],[-59.25267,-38.6558],[-59.25305,-38.65674],[-59.25331,-38.65731],[-59.25359,-38.6578],[-59.25381,-38.65811],[-59.25413,-38.65846],[-59.25455,-38.65882],[-59.25506,-38.65914],[-59.25552,-38.65934],[-59.25602,-38.65948],[-59.25656,-38.65957],[-59.25707,-38.6596],[-59.25765,-38.65958],[-59.25831,-38.65952],[-59.25905,-38.65939],[-59.26099,-38.65896],[-59.26184,-38.6588],[-59.26261,-38.65869],[-59.26348,-38.65862],[-59.26427,-38.65862],[-59.26516,-38.65867],[-59.26598,-38.65877],[-59.26683,-38.65893],[-59.2674,-38.65907],[-59.26805,-38.65928],[-59.26862,-38.65951],[-59.26954,-38.65996],[-59.27078,-38.6607],[-59.27468,-38.66322],[-59.27563,-38.66375],[-59.27617,-38.664],[-59.27689,-38.66427],[-59.27778,-38.66454],[-59.28235,-38.66561],[-59.28359,-38.66583],[-59.28472,-38.66593],[-59.28559,-38.66591],[-59.28612,-38.66584],[-59.28668,-38.66569],[-59.28737,-38.6654],[-59.28796,-38.66503],[-59.28864,-38.66448],[-59.28978,-38.6634],[-59.29037,-38.66287],[-59.29116,-38.66228],[-59.2918,-38.66192],[-59.29214,-38.66176],[-59.29272,-38.66156],[-59.29307,-38.66146],[-59.29374,-38.66132],[-59.29444,-38.66123],[-59.29495,-38.6612],[-59.2957,-38.66121],[-59.29619,-38.66125],[-59.29735,-38.66143],[-59.29849,-38.6617],[-59.29975,-38.66207],[-59.30095,-38.66252],[-59.30195,-38.66296],[-59.3027,-38.66334],[-59.30345,-38.66378],[-59.3052,-38.66487],[-59.30571,-38.66516],[-59.30626,-38.66542],[-59.30707,-38.66572],[-59.30767,-38.66587],[-59.30826,-38.66597],[-59.30885,-38.66602],[-59.31068,-38.66614],[-59.31136,-38.66624],[-59.31179,-38.66635],[-59.31222,-38.66648],[-59.31283,-38.66674],[-59.31338,-38.66702],[-59.31447,-38.66766],[-59.31498,-38.66791],[-59.31536,-38.66807],[-59.31602,-38.66826],[-59.31687,-38.6684],[-59.31883,-38.66857],[-59.31981,-38.66868],[-59.32092,-38.66886],[-59.32277,-38.66924],[-59.32349,-38.66934],[-59.32404,-38.66936],[-59.32479,-38.66932],[-59.32526,-38.66924],[-59.32595,-38.66905],[-59.3264,-38.66888],[-59.32707,-38.66858],[-59.32768,-38.66827],[-59.33104,-38.66648],[-59.33209,-38.66587],[-59.33305,-38.66523],[-59.33415,-38.6644],[-59.33543,-38.66332],[-59.33615,-38.66275],[-59.33696,-38.66219],[-59.33761,-38.66183],[-59.33822,-38.66157],[-59.33871,-38.66142],[-59.33913,-38.66133],[-59.33947,-38.6613],[-59.33989,-38.66129],[-59.3403,-38.66132],[-59.34073,-38.66139],[-59.3414,-38.66156],[-59.34212,-38.66183],[-59.34268,-38.66216],[-59.34316,-38.66256],[-59.34338,-38.6628],[-59.34366,-38.6632],[-59.34399,-38.66385],[-59.3442,-38.66446],[-59.34435,-38.66513],[-59.34443,-38.66583],[-59.34443,-38.66649],[-59.34437,-38.66719],[-59.34423,-38.66792],[-59.34402,-38.66866],[-59.34376,-38.6694],[-59.34279,-38.67175],[-59.34266,-38.67219],[-59.34258,-38.6726],[-59.34254,-38.67306],[-59.34255,-38.6735],[-59.3426,-38.6738],[-59.34269,-38.67419],[-59.34284,-38.67461],[-59.34304,-38.67504],[-59.3435,-38.6758],[-59.344,-38.67646],[-59.34461,-38.67712],[-59.34524,-38.6777],[-59.34587,-38.67818],[-59.3465,-38.67855],[-59.34679,-38.67868],[-59.34708,-38.67877],[-59.34736,-38.67881],[-59.34754,-38.67881],[-59.34779,-38.67872],[-59.34798,-38.67852],[-59.34807,-38.67826],[-59.3481,-38.678],[-59.34807,-38.67754],[-59.34772,-38.67576],[-59.34765,-38.67507],[-59.34768,-38.67461],[-59.34777,-38.67421],[-59.34794,-38.67381],[-59.34813,-38.67351],[-59.34854,-38.67304],[-59.34893,-38.67271],[-59.35039,-38.67169],[-59.35232,-38.67017],[-59.35284,-38.66981],[-59.35334,-38.66951],[-59.35383,-38.66926],[-59.35422,-38.66911],[-59.35455,-38.66902],[-59.35486,-38.66898],[-59.35515,-38.66898],[-59.35542,-38.66902],[-59.3556,-38.66908],[-59.3559,-38.66922],[-59.35649,-38.66963],[-59.35685,-38.66985],[-59.35712,-38.66996],[-59.35759,-38.67007],[-59.35795,-38.67009],[-59.35842,-38.67006],[-59.35982,-38.66982],[-59.36025,-38.66977],[-59.36068,-38.66976],[-59.36115,-38.66981],[-59.36153,-38.6699],[-59.36188,-38.67003],[-59.36311,-38.6706],[-59.36356,-38.67078],[-59.36432,-38.67099],[-59.36522,-38.67113],[-59.36598,-38.67117],[-59.36679,-38.67114],[-59.36781,-38.67101],[-59.36996,-38.67061],[-59.37051,-38.67057],[-59.37105,-38.6706],[-59.37141,-38.67069],[-59.37171,-38.67083],[-59.37203,-38.67103],[-59.37235,-38.67127],[-59.37348,-38.67225],[-59.37399,-38.67264],[-59.37437,-38.67289],[-59.37485,-38.67315],[-59.37527,-38.67334],[-59.37733,-38.67414],[-59.37788,-38.67445],[-59.37815,-38.67467],[-59.37833,-38.6749],[-59.37843,-38.67513],[-59.37846,-38.67528],[-59.37846,-38.67548],[-59.37842,-38.67576],[-59.3781,-38.67684],[-59.37804,-38.67737],[-59.37807,-38.67769],[-59.37819,-38.67805],[-59.37834,-38.67831],[-59.37857,-38.67856],[-59.37889,-38.67877],[-59.37935,-38.67893],[-59.37982,-38.67899],[-59.38028,-38.67898],[-59.3809,-38.67888],[-59.38123,-38.6788],[-59.38295,-38.6783],[-59.38405,-38.67803],[-59.38476,-38.67793],[-59.38522,-38.67789],[-59.38571,-38.6779],[-59.38605,-38.67793],[-59.38638,-38.67798],[-59.38685,-38.67811],[-59.38727,-38.67827],[-59.38771,-38.67849],[-59.38832,-38.67889],[-59.38949,-38.67983],[-59.39009,-38.68027],[-59.3908,-38.68071],[-59.3915,-38.68109],[-59.39215,-38.68141],[-59.39295,-38.68175],[-59.39369,-38.682],[-59.39433,-38.68218],[-59.39498,-38.68232],[-59.39542,-38.68238],[-59.39587,-38.68243],[-59.39655,-38.68246],[-59.39723,-38.68243],[-59.3979,-38.68236],[-59.40009,-38.68196],[-59.40058,-38.6819],[-59.40112,-38.68189],[-59.40155,-38.68193],[-59.40195,-38.68203],[-59.40215,-38.6821],[-59.40245,-38.68227],[-59.40265,-38.68246],[-59.40281,-38.68275],[-59.40289,-38.68307],[-59.4029,-38.68335],[-59.40288,-38.68367],[-59.40244,-38.68555],[-59.4024,-38.68588],[-59.40239,-38.68629],[-59.40244,-38.68669],[-59.40257,-38.68709],[-59.40278,-38.68742],[-59.40307,-38.68769],[-59.40327,-38.68782],[-59.40359,-38.68797],[-59.40389,-38.68805],[-59.40437,-38.68813],[-59.40499,-38.68814],[-59.40645,-38.68807],[-59.407,-38.68809],[-59.40753,-38.68816],[-59.40827,-38.68834],[-59.40917,-38.68868],[-59.40998,-38.68907],[-59.41098,-38.68963],[-59.41473,-38.69195],[-59.41615,-38.69278],[-59.41725,-38.69336],[-59.41988,-38.69465],[-59.42085,-38.69518],[-59.4217,-38.69571],[-59.42323,-38.69673],[-59.42404,-38.69721],[-59.42485,-38.6976],[-59.42559,-38.69785],[-59.42603,-38.69794],[-59.4264,-38.69796],[-59.42675,-38.69794],[-59.42704,-38.69787],[-59.42737,-38.69773],[-59.42771,-38.69751],[-59.42811,-38.69716],[-59.42841,-38.69684],[-59.42895,-38.69618],[-59.42947,-38.69549],[-59.43006,-38.69463],[-59.43076,-38.69353],[-59.43163,-38.69208],[-59.43258,-38.69023],[-59.4329,-38.68966],[-59.43317,-38.68927],[-59.43345,-38.68891],[-59.43374,-38.6886],[-59.43404,-38.68833],[-59.43437,-38.68809],[-59.43471,-38.6879],[-59.43508,-38.68774],[-59.4355,-38.68763],[-59.43591,-38.68759],[-59.43629,-38.68762],[-59.43668,-38.6877],[-59.43702,-38.68783],[-59.43732,-38.68801],[-59.43759,-38.68822],[-59.43789,-38.68855],[-59.43814,-38.68892],[-59.43831,-38.68932],[-59.43843,-38.68978],[-59.43847,-38.69023],[-59.43846,-38.69053],[-59.43843,-38.69081],[-59.43833,-38.69123],[-59.4382,-38.69161],[-59.43804,-38.692],[-59.43764,-38.69272],[-59.43663,-38.69436],[-59.43637,-38.69489],[-59.4362,-38.69529],[-59.43602,-38.69595],[-59.43597,-38.69621],[-59.43593,-38.69671],[-59.43595,-38.69724],[-59.43602,-38.6977],[-59.43623,-38.69838],[-59.43648,-38.69891],[-59.4367,-38.69928],[-59.43695,-38.69963],[-59.4375,-38.70025],[-59.43816,-38.70085],[-59.4387,-38.70123],[-59.43906,-38.70142],[-59.43936,-38.70154],[-59.43992,-38.7017],[-59.44026,-38.70176],[-59.44067,-38.70179],[-59.44153,-38.70175],[-59.44487,-38.70129],[-59.44575,-38.70121],[-59.44652,-38.70117],[-59.44729,-38.70116],[-59.44807,-38.70119],[-59.44885,-38.70126],[-59.44961,-38.70136],[-59.45066,-38.70157],[-59.45178,-38.70189],[-59.45748,-38.70397],[-59.45855,-38.70433],[-59.45956,-38.70463],[-59.46069,-38.70491],[-59.46324,-38.70548],[-59.46482,-38.70587],[-59.46832,-38.70685],[-59.46916,-38.70706],[-59.47201,-38.70769],[-59.4752,-38.70849],[-59.47677,-38.7088],[-59.4779,-38.70898],[-59.47893,-38.7091],[-59.48409,-38.7095],[-59.48638,-38.70976],[-59.48895,-38.71018],[-59.49042,-38.71045],[-59.49128,-38.71064],[-59.49345,-38.7112],[-59.4942,-38.71134],[-59.49475,-38.7114],[-59.49547,-38.71143],[-59.49627,-38.7114],[-59.49852,-38.71109],[-59.49949,-38.71103],[-59.50046,-38.71107],[-59.50206,-38.7112],[-59.50279,-38.71124],[-59.50352,-38.71124],[-59.50531,-38.71118],[-59.50637,-38.71116],[-59.50725,-38.7112],[-59.50845,-38.71131],[-59.50948,-38.71145],[-59.51066,-38.71164],[-59.51161,-38.71182],[-59.51253,-38.71202],[-59.51376,-38.71238],[-59.51613,-38.71326],[-59.51726,-38.71357],[-59.51844,-38.71379],[-59.51933,-38.71393],[-59.52084,-38.71411],[-59.52226,-38.71424],[-59.52349,-38.7143],[-59.52458,-38.71425],[-59.52515,-38.71418],[-59.52577,-38.71406],[-59.52636,-38.71391],[-59.52691,-38.71374],[-59.5278,-38.71338],[-59.52879,-38.71289],[-59.52977,-38.71231],[-59.53185,-38.711],[-59.53252,-38.71063],[-59.53315,-38.71032],[-59.53392,-38.71001],[-59.53443,-38.70985],[-59.53508,-38.70971],[-59.53579,-38.70962],[-59.53705,-38.70957],[-59.53953,-38.7096],[-59.54023,-38.70967],[-59.54225,-38.71001],[-59.54356,-38.71017],[-59.54492,-38.71022],[-59.5474,-38.71018],[-59.54831,-38.71022],[-59.54904,-38.7103],[-59.5497,-38.71042],[-59.55194,-38.71099],[-59.55282,-38.71118],[-59.55353,-38.71129],[-59.55417,-38.71134],[-59.55503,-38.71136],[-59.55579,-38.71133],[-59.55673,-38.71123],[-59.5592,-38.71092],[-59.56031,-38.71085],[-59.5608,-38.71086],[-59.56153,-38.71091],[-59.56224,-38.71101],[-59.56284,-38.71114],[-59.5703,-38.71317],[-59.57123,-38.71339],[-59.57314,-38.71377],[-59.57434,-38.71407],[-59.57502,-38.7143],[-59.57553,-38.71451],[-59.57721,-38.71531],[-59.57797,-38.71563],[-59.57873,-38.71588],[-59.58069,-38.71642],[-59.58158,-38.71671],[-59.58253,-38.71709],[-59.58489,-38.71813],[-59.58543,-38.71835],[-59.58622,-38.71862],[-59.58695,-38.71882],[-59.58769,-38.71899],[-59.5906,-38.7195],[-59.59154,-38.7197],[-59.59249,-38.71996],[-59.59365,-38.72036],[-59.59491,-38.72091],[-59.59611,-38.72155],[-59.59706,-38.72213],[-59.59851,-38.72306],[-59.60137,-38.725],[-59.6024,-38.72559],[-59.60407,-38.72644],[-59.60509,-38.72699],[-59.60792,-38.7287],[-59.60879,-38.72914],[-59.60941,-38.72942],[-59.6101,-38.7297],[-59.61102,-38.73002],[-59.61275,-38.73056],[-59.61393,-38.73089],[-59.61511,-38.73115],[-59.61626,-38.73133],[-59.61703,-38.73141],[-59.61791,-38.73147],[-59.62084,-38.73149],[-59.62183,-38.73152],[-59.6226,-38.73158],[-59.62379,-38.73175],[-59.62518,-38.73202],[-59.62774,-38.73258],[-59.62908,-38.73294],[-59.63012,-38.7333],[-59.63118,-38.73372],[-59.6325,-38.73434],[-59.63386,-38.73508],[-59.63495,-38.73575],[-59.63615,-38.73659],[-59.63733,-38.73753],[-59.63799,-38.73811],[-59.63909,-38.73921],[-59.63943,-38.73952],[-59.6399,-38.73984],[-59.64055,-38.74012],[-59.64116,-38.7403],[-59.64196,-38.74046],[-59.64267,-38.74054],[-59.64362,-38.74057],[-59.64433,-38.74055],[-59.64524,-38.74048],[-59.64851,-38.74011],[-59.64923,-38.74008],[-59.64997,-38.74009],[-59.65072,-38.74017],[-59.65148,-38.7403],[-59.65225,-38.74049],[-59.653,-38.74074],[-59.65377,-38.74107],[-59.65458,-38.74149],[-59.65541,-38.74199],[-59.65609,-38.74246],[-59.65719,-38.74333],[-59.65915,-38.74506],[-59.66046,-38.74617],[-59.66164,-38.74708],[-59.66253,-38.7477],[-59.66332,-38.74816],[-59.66433,-38.74865],[-59.66529,-38.749],[-59.66616,-38.74921],[-59.6667,-38.74929],[-59.66731,-38.74932],[-59.66799,-38.74929],[-59.66873,-38.74918],[-59.66937,-38.74901],[-59.66982,-38.74887],[-59.67146,-38.74827],[-59.67229,-38.74801],[-59.67307,-38.74783],[-59.6735,-38.74777],[-59.67403,-38.74773],[-59.67501,-38.74775],[-59.67767,-38.74801],[-59.6792,-38.7481],[-59.68161,-38.74819],[-59.68521,-38.74828],[-59.68869,-38.7485],[-59.68919,-38.7485],[-59.6898,-38.74844],[-59.69058,-38.74827],[-59.69116,-38.74809],[-59.69177,-38.74785],[-59.69293,-38.74733],[-59.69523,-38.74615],[-59.69613,-38.74571],[-59.69712,-38.74532],[-59.69784,-38.74508],[-59.69933,-38.74468],[-59.70074,-38.7444],[-59.7019,-38.74426],[-59.70255,-38.74423],[-59.70316,-38.74425],[-59.70391,-38.74432],[-59.70467,-38.74446],[-59.70529,-38.74463],[-59.70614,-38.74493],[-59.70706,-38.74532],[-59.70799,-38.74578],[-59.70878,-38.74621],[-59.70934,-38.74657],[-59.70975,-38.74688],[-59.71008,-38.74718],[-59.71043,-38.74755],[-59.71081,-38.74808],[-59.71103,-38.74843],[-59.71128,-38.74894],[-59.71193,-38.75058],[-59.71211,-38.75089],[-59.71226,-38.75108],[-59.71257,-38.75134],[-59.71291,-38.75149],[-59.71331,-38.75157],[-59.71352,-38.75158],[-59.7139,-38.75155],[-59.71426,-38.75147],[-59.71474,-38.75131],[-59.71538,-38.75103],[-59.71593,-38.75073],[-59.71655,-38.75036],[-59.71885,-38.74884],[-59.71965,-38.74835],[-59.7204,-38.74796],[-59.72078,-38.74781],[-59.72115,-38.74772],[-59.72145,-38.74767],[-59.72199,-38.74769],[-59.7224,-38.74778],[-59.72263,-38.74786],[-59.72318,-38.74812],[-59.72431,-38.74882],[-59.72476,-38.74901],[-59.72507,-38.7491],[-59.72533,-38.74913],[-59.7256,-38.74913],[-59.72586,-38.7491],[-59.72618,-38.74902],[-59.72641,-38.74892],[-59.72664,-38.74879],[-59.72683,-38.74864],[-59.72701,-38.74844],[-59.72722,-38.74809],[-59.72759,-38.74726],[-59.72786,-38.74691],[-59.72803,-38.74677],[-59.72827,-38.74666],[-59.72849,-38.7466],[-59.72882,-38.7466],[-59.72914,-38.74668],[-59.72948,-38.74684],[-59.73075,-38.7477],[-59.73246,-38.74862],[-59.733,-38.74894],[-59.73352,-38.7493],[-59.73397,-38.74964],[-59.7347,-38.75029],[-59.73646,-38.75207],[-59.73716,-38.75271],[-59.73798,-38.75332],[-59.73843,-38.7536],[-59.73894,-38.75387],[-59.73963,-38.75417],[-59.74065,-38.7545],[-59.74156,-38.75471],[-59.74271,-38.75487],[-59.74404,-38.75494],[-59.74486,-38.75493],[-59.74595,-38.75486],[-59.74836,-38.75462],[-59.74896,-38.75458],[-59.74974,-38.75456],[-59.75029,-38.75459],[-59.7509,-38.75468],[-59.75149,-38.75482],[-59.75184,-38.75493],[-59.75242,-38.75517],[-59.75292,-38.75542],[-59.75365,-38.75587],[-59.75414,-38.75621],[-59.75458,-38.75656],[-59.75532,-38.75719],[-59.75694,-38.75875],[-59.7575,-38.75926],[-59.75813,-38.75977],[-59.75865,-38.76013],[-59.75943,-38.76059],[-59.76041,-38.76107],[-59.76108,-38.76133],[-59.76195,-38.7616],[-59.76233,-38.76168],[-59.76274,-38.76173],[-59.76341,-38.76174],[-59.76423,-38.76165],[-59.76626,-38.76129],[-59.76726,-38.76116],[-59.76772,-38.76113],[-59.76847,-38.76112],[-59.76899,-38.76115],[-59.76952,-38.76121],[-59.77032,-38.76137],[-59.7708,-38.76152],[-59.77165,-38.76184],[-59.77244,-38.76224],[-59.774,-38.76311],[-59.77476,-38.76342],[-59.77547,-38.76359],[-59.77586,-38.76364],[-59.77626,-38.76366],[-59.77698,-38.76362],[-59.77769,-38.76351],[-59.78013,-38.76289],[-59.78237,-38.7624],[-59.78346,-38.7621],[-59.78553,-38.76141],[-59.78612,-38.76125],[-59.78672,-38.76114],[-59.78733,-38.76107],[-59.78799,-38.76108],[-59.7885,-38.76114],[-59.78897,-38.76123],[-59.78943,-38.76136],[-59.79034,-38.76168],[-59.7914,-38.76215],[-59.79212,-38.76254],[-59.79288,-38.76304],[-59.79342,-38.76346],[-59.79411,-38.76415],[-59.79456,-38.76468],[-59.79593,-38.76651],[-59.79654,-38.76719],[-59.79697,-38.7676],[-59.7977,-38.76818],[-59.79858,-38.76874],[-59.79902,-38.76897],[-59.79948,-38.76917],[-59.79995,-38.76934],[-59.80045,-38.76948],[-59.80099,-38.76958],[-59.80165,-38.76964],[-59.80202,-38.76965],[-59.80281,-38.76958],[-59.80332,-38.76949],[-59.80409,-38.7693],[-59.80463,-38.76912],[-59.80531,-38.76884],[-59.80596,-38.76854],[-59.80653,-38.76823],[-59.80727,-38.7678],[-59.80812,-38.76725],[-59.80986,-38.76603],[-59.81232,-38.76421],[-59.81309,-38.76371],[-59.81348,-38.7635],[-59.81404,-38.76331],[-59.81443,-38.76326],[-59.81474,-38.7633],[-59.81502,-38.76342],[-59.81526,-38.76361],[-59.81549,-38.76392],[-59.81568,-38.76433],[-59.8158,-38.7648],[-59.81588,-38.76535],[-59.81599,-38.767],[-59.81612,-38.76794],[-59.81632,-38.76869],[-59.81662,-38.76941],[-59.81686,-38.76982],[-59.81707,-38.77011],[-59.81754,-38.77063],[-59.81786,-38.77092],[-59.81821,-38.77119],[-59.81884,-38.77157],[-59.81936,-38.77179],[-59.81981,-38.77192],[-59.82041,-38.77202],[-59.82078,-38.77204],[-59.82121,-38.77204],[-59.82185,-38.772],[-59.82424,-38.7717],[-59.82583,-38.77158],[-59.82657,-38.77157],[-59.82744,-38.7716],[-59.82821,-38.77168],[-59.82887,-38.77181],[-59.82965,-38.77204],[-59.83013,-38.77223],[-59.83061,-38.77246],[-59.8315,-38.77296],[-59.8334,-38.77415],[-59.83435,-38.77472],[-59.83534,-38.77525],[-59.83636,-38.77574],[-59.83714,-38.77606],[-59.83818,-38.77641],[-59.83928,-38.7767],[-59.84058,-38.77695],[-59.84433,-38.77746],[-59.84622,-38.77767],[-59.84793,-38.77775],[-59.84945,-38.7777],[-59.8511,-38.7775],[-59.8524,-38.77728],[-59.85327,-38.7771],[-59.8548,-38.77673],[-59.85832,-38.77571],[-59.85934,-38.77548],[-59.86027,-38.77533],[-59.86234,-38.77509],[-59.86456,-38.77493],[-59.86598,-38.77493],[-59.86659,-38.77498],[-59.86729,-38.77507],[-59.8682,-38.77525],[-59.86916,-38.77551],[-59.87016,-38.77583],[-59.87225,-38.77656],[-59.87342,-38.77693],[-59.87457,-38.77722],[-59.8782,-38.77808],[-59.87922,-38.77836],[-59.88043,-38.77873],[-59.88172,-38.7792],[-59.88243,-38.77952],[-59.88313,-38.7799],[-59.88454,-38.78071],[-59.88511,-38.78098],[-59.88575,-38.7812],[-59.88621,-38.7813],[-59.88653,-38.78134],[-59.88701,-38.78137],[-59.8879,-38.78131],[-59.88893,-38.78112],[-59.89123,-38.78054],[-59.89207,-38.78036],[-59.89315,-38.78021],[-59.89401,-38.78018],[-59.89485,-38.78024],[-59.89534,-38.78031],[-59.89591,-38.78043],[-59.89669,-38.78067],[-59.89846,-38.78133],[-59.89901,-38.78149],[-59.89975,-38.78165],[-59.9009,-38.78181],[-59.90202,-38.78187],[-59.90265,-38.78185],[-59.90325,-38.78181],[-59.90411,-38.78169],[-59.90577,-38.78135],[-59.90636,-38.7813],[-59.90692,-38.78133],[-59.90747,-38.78144],[-59.90784,-38.78156],[-59.9083,-38.78175],[-59.90875,-38.78197],[-59.90919,-38.78226],[-59.90953,-38.78252],[-59.9098,-38.78278],[-59.91003,-38.78305],[-59.9102,-38.78332],[-59.91033,-38.78362],[-59.91041,-38.78395],[-59.91044,-38.78426],[-59.91043,-38.78456],[-59.91036,-38.78495],[-59.91023,-38.78534],[-59.91001,-38.78588],[-59.90994,-38.78614],[-59.90997,-38.78646],[-59.91004,-38.78662],[-59.91018,-38.78683],[-59.91037,-38.78701],[-59.91068,-38.78721],[-59.91104,-38.78739],[-59.91148,-38.78756],[-59.91184,-38.78767],[-59.9124,-38.78779],[-59.91324,-38.78789],[-59.91416,-38.78787],[-59.91507,-38.78775],[-59.91611,-38.78749],[-59.91691,-38.7872],[-59.91762,-38.78689],[-59.91834,-38.7865],[-59.91912,-38.78601],[-59.92058,-38.78498],[-59.92139,-38.78445],[-59.9222,-38.78399],[-59.9229,-38.78365],[-59.92435,-38.78306],[-59.92597,-38.78248],[-59.92757,-38.78197],[-59.92919,-38.78154],[-59.93058,-38.78123],[-59.93181,-38.78103],[-59.93286,-38.78092],[-59.93426,-38.78086],[-59.93576,-38.78087],[-59.93681,-38.78094],[-59.93838,-38.78111],[-59.9397,-38.78134],[-59.94091,-38.78164],[-59.94192,-38.78198],[-59.94274,-38.78232],[-59.94352,-38.78272],[-59.94396,-38.78297],[-59.94448,-38.78333],[-59.94481,-38.7836],[-59.94514,-38.78393],[-59.94541,-38.78428],[-59.94555,-38.78449],[-59.94613,-38.78556],[-59.94639,-38.78588],[-59.94665,-38.78609],[-59.94698,-38.78628],[-59.94734,-38.78641],[-59.94902,-38.78684],[-59.94963,-38.78703],[-59.95026,-38.78728],[-59.95096,-38.78762],[-59.95142,-38.78789],[-59.95185,-38.78817],[-59.95238,-38.78858],[-59.95288,-38.78903],[-59.95352,-38.78969],[-59.95559,-38.79205],[-59.95625,-38.79284],[-59.95698,-38.79384],[-59.95834,-38.79601],[-59.95886,-38.79673],[-59.9593,-38.79728],[-59.96001,-38.79803],[-59.96039,-38.79835],[-59.96078,-38.79865],[-59.96153,-38.79911],[-59.96194,-38.79931],[-59.96257,-38.79957],[-59.96573,-38.80057],[-59.96707,-38.80092],[-59.96861,-38.80124],[-59.9702,-38.8015],[-59.97677,-38.80243],[-59.97847,-38.80264],[-59.97957,-38.80272],[-59.98315,-38.80286],[-59.98385,-38.80284],[-59.98416,-38.8028],[-59.98443,-38.80272],[-59.98473,-38.80251],[-59.98482,-38.80239],[-59.98488,-38.80222],[-59.98489,-38.80204],[-59.98488,-38.80188],[-59.98473,-38.80144],[-59.98448,-38.80101],[-59.98418,-38.8006],[-59.98201,-38.79802],[-59.98132,-38.79712],[-59.98084,-38.79645],[-59.9804,-38.79569],[-59.98014,-38.79509],[-59.97999,-38.79453],[-59.97996,-38.79411],[-59.97998,-38.79379],[-59.98007,-38.79342],[-59.98021,-38.79309],[-59.98041,-38.79281],[-59.98065,-38.79254],[-59.98094,-38.7923],[-59.9813,-38.79209],[-59.98159,-38.79196],[-59.9821,-38.7918],[-59.9826,-38.79172],[-59.98332,-38.7917],[-59.9837,-38.79174],[-59.98415,-38.79182],[-59.98466,-38.79198],[-59.98509,-38.79216],[-59.98551,-38.79238],[-59.98593,-38.79263],[-59.98673,-38.79321],[-59.9872,-38.79362],[-59.98777,-38.79418],[-59.98849,-38.79502],[-59.98919,-38.79601],[-59.98972,-38.7969],[-59.99002,-38.79744],[-59.9903,-38.79798],[-59.99061,-38.79871],[-59.99077,-38.7992],[-59.99087,-38.79964],[-59.99093,-38.80017],[-59.99091,-38.80072],[-59.99081,-38.80125],[-59.99071,-38.80159],[-59.99056,-38.80197],[-59.99035,-38.80241],[-59.99012,-38.80282],[-59.98907,-38.80445],[-59.98867,-38.80511],[-59.98828,-38.80588],[-59.98802,-38.80653],[-59.9879,-38.80694],[-59.98785,-38.80741],[-59.98788,-38.80769],[-59.98791,-38.80783],[-59.98804,-38.80808],[-59.98833,-38.80835],[-59.98883,-38.80861],[-59.98947,-38.80882],[-59.99023,-38.80899],[-59.99174,-38.80922],[-59.99557,-38.80963],[-60.0,-38.81018]]]}},{"type":"Feature","properties":{"fdc":"Atlas 500k 1° Ediciónl","sag":"IGN","crv":10,"mo2":2,"tipo":"Curva de nivel","ign":"lineas_de_geomorfologia_CA010.17498"},"geometry":{"type":"MultiLineString","coordinates":[[[-58.94893,-38.6549],[-58.94903,-38.65493],[-58.95033,-38.65528],[-58.95163,-38.65558],[-58.95295,-38.65582],[-58.95396,-38.65597],[-58.95514,-38.65609],[-58.95828,-38.6563],[-58.95942,-38.65641],[-58.96082,-38.65659],[-58.96248,-38.65688],[-58.96445,-38.6573],[-58.96645,-38.65777],[-58.96914,-38.65847],[-58.97108,-38.65901],[-58.97285,-38.6596],[-58.97641,-38.66099],[-58.97923,-38.662],[-58.98089,-38.66256],[-58.98467,-38.66376],[-58.98788,-38.66481],[-58.99059,-38.66563],[-58.99582,-38.66704],[-58.99817,-38.66771],[-59.00165,-38.66877],[-59.00371,-38.66946],[-59.00519,-38.67002],[-59.00699,-38.67079],[-59.00882,-38.67166],[-59.0127,-38.67363],[-59.01373,-38.67409],[-59.0148,-38.67449],[-59.01553,-38.67472],[-59.01642,-38.67494],[-59.0192,-38.67552],[-59.02065,-38.67588],[-59.02172,-38.67622],[-59.02446,-38.67718],[-59.02591,-38.67766],[-59.02822,-38.67837],[-59.02996,-38.67886],[-59.0317,-38.67927],[-59.03492,-38.67994],[-59.03828,-38.68068],[-59.03949,-38.68092],[-59.04094,-38.68115],[-59.04439,-38.68154],[-59.04611,-38.68179],[-59.04865,-38.68228],[-59.05277,-38.68316],[-59.05424,-38.68342],[-59.06079,-38.68436],[-59.06238,-38.68454],[-59.06513,-38.68479],[-59.06588,-38.68489],[-59.06668,-38.68504],[-59.06777,-38.68535],[-59.07042,-38.68633],[-59.07215,-38.6869],[-59.0748,-38.68766],[-59.07698,-38.68821],[-59.08265,-38.6894],[-59.09173,-38.69155],[-59.09508,-38.69229],[-59.09614,-38.69249],[-59.09733,-38.69267],[-59.0983,-38.69277],[-59.10005,-38.6929],[-59.10142,-38.69306],[-59.10228,-38.69321],[-59.10312,-38.69342],[-59.10371,-38.6936],[-59.10432,-38.69383],[-59.1053,-38.6943],[-59.10598,-38.69469],[-59.10833,-38.69615],[-59.10905,-38.69655],[-59.10967,-38.69685],[-59.11045,-38.69717],[-59.1112,-38.69743],[-59.11201,-38.69764],[-59.11344,-38.69792],[-59.11464,-38.69808],[-59.11645,-38.69829],[-59.11743,-38.69837],[-59.11818,-38.6984],[-59.11923,-38.6984],[-59.12158,-38.69834],[-59.12233,-38.69837],[-59.12416,-38.6985],[-59.125,-38.69851],[-59.12616,-38.69841],[-59.12821,-38.69812],[-59.12924,-38.69805],[-59.12979,-38.69806],[-59.13041,-38.69812],[-59.13236,-38.69843],[-59.13352,-38.69858],[-59.13511,-38.69869],[-59.13666,-38.69871],[-59.13889,-38.69869],[-59.13993,-38.69864],[-59.14172,-38.69849],[-59.1426,-38.69845],[-59.14328,-38.69846],[-59.14396,-38.6985],[-59.1447,-38.6986],[-59.14583,-38.69884],[-59.14876,-38.69974],[-59.15003,-38.70002],[-59.15082,-38.70014],[-59.15156,-38.70021],[-59.15402,-38.70039],[-59.15495,-38.70048],[-59.15616,-38.70065],[-59.15714,-38.70087],[-59.15787,-38.70109],[-59.15847,-38.70132],[-59.16063,-38.70224],[-59.16202,-38.70279],[-59.16431,-38.7036],[-59.16651,-38.70432],[-59.16817,-38.70481],[-59.16984,-38.70525],[-59.1709,-38.70546],[-59.17147,-38.70553],[-59.17213,-38.70555],[-59.17274,-38.7055],[-59.17332,-38.70538],[-59.17389,-38.70518],[-59.1744,-38.70491],[-59.17483,-38.70462],[-59.17577,-38.70392],[-59.17616,-38.70368],[-59.17646,-38.70354],[-59.1769,-38.70343],[-59.17732,-38.70342],[-59.17752,-38.70345],[-59.17785,-38.70355],[-59.17807,-38.70366],[-59.17851,-38.70399],[-59.17882,-38.70431],[-59.17985,-38.70557],[-59.18019,-38.70592],[-59.18061,-38.70628],[-59.18103,-38.70657],[-59.1816,-38.70688],[-59.18211,-38.70708],[-59.18267,-38.70725],[-59.18332,-38.70738],[-59.18407,-38.70747],[-59.18498,-38.70752],[-59.18699,-38.70755],[-59.18786,-38.70766],[-59.18882,-38.70787],[-59.19137,-38.70855],[-59.19351,-38.70906],[-59.195,-38.70938],[-59.20021,-38.7104],[-59.20148,-38.71063],[-59.20247,-38.71077],[-59.20578,-38.71115],[-59.2067,-38.71123],[-59.20816,-38.71131],[-59.21237,-38.71131],[-59.21637,-38.7115],[-59.21775,-38.7115],[-59.22077,-38.71142],[-59.22225,-38.71146],[-59.22317,-38.71153],[-59.22401,-38.71164],[-59.2267,-38.71215],[-59.22745,-38.71227],[-59.22815,-38.71235],[-59.22875,-38.71238],[-59.2295,-38.71237],[-59.2303,-38.7123],[-59.23092,-38.7122],[-59.2328,-38.71185],[-59.23348,-38.71175],[-59.23419,-38.71171],[-59.23472,-38.71173],[-59.23536,-38.71181],[-59.23591,-38.71192],[-59.23857,-38.71264],[-59.23989,-38.71294],[-59.24099,-38.71312],[-59.24147,-38.71317],[-59.2421,-38.7132],[-59.24268,-38.71319],[-59.24358,-38.71312],[-59.24988,-38.71245],[-59.2513,-38.71234],[-59.25246,-38.71229],[-59.25375,-38.71229],[-59.25503,-38.71234],[-59.25582,-38.71241],[-59.25664,-38.71255],[-59.25706,-38.71266],[-59.25748,-38.71281],[-59.25807,-38.71308],[-59.25865,-38.71347],[-59.25917,-38.71395],[-59.25959,-38.71447],[-59.2606,-38.71612],[-59.26108,-38.71672],[-59.2614,-38.71703],[-59.26191,-38.7174],[-59.26236,-38.71763],[-59.26279,-38.71779],[-59.26322,-38.7179],[-59.26355,-38.71795],[-59.2642,-38.71799],[-59.265,-38.71794],[-59.26659,-38.71776],[-59.26738,-38.71775],[-59.26821,-38.71783],[-59.2689,-38.71797],[-59.2695,-38.71812],[-59.27019,-38.71834],[-59.27227,-38.71915],[-59.27318,-38.71946],[-59.27417,-38.71972],[-59.27637,-38.72022],[-59.27737,-38.7205],[-59.27797,-38.72071],[-59.27844,-38.7209],[-59.27997,-38.72164],[-59.28066,-38.72194],[-59.28145,-38.72218],[-59.28184,-38.72225],[-59.28226,-38.7223],[-59.28272,-38.72231],[-59.28335,-38.72227],[-59.28377,-38.72221],[-59.28438,-38.72206],[-59.285,-38.72185],[-59.28542,-38.72168],[-59.28746,-38.72072],[-59.28849,-38.72029],[-59.28889,-38.72017],[-59.28922,-38.72011],[-59.28958,-38.72009],[-59.28992,-38.72014],[-59.29005,-38.72019],[-59.29044,-38.7204],[-59.29067,-38.7206],[-59.29093,-38.72086],[-59.29145,-38.72153],[-59.29234,-38.72292],[-59.29268,-38.72337],[-59.29302,-38.72374],[-59.29346,-38.72408],[-59.29385,-38.7243],[-59.29422,-38.72445],[-59.29463,-38.72455],[-59.29513,-38.72458],[-59.29557,-38.72455],[-59.29612,-38.72441],[-59.29664,-38.7242],[-59.297,-38.72401],[-59.29736,-38.72378],[-59.29908,-38.72244],[-59.29953,-38.72214],[-59.30004,-38.72185],[-59.30084,-38.72151],[-59.30139,-38.72134],[-59.30202,-38.72121],[-59.30262,-38.72112],[-59.30349,-38.72107],[-59.30424,-38.72107],[-59.30563,-38.72118],[-59.30663,-38.72132],[-59.3081,-38.72162],[-59.30948,-38.72199],[-59.31028,-38.72225],[-59.31106,-38.72255],[-59.31197,-38.72296],[-59.31389,-38.7239],[-59.31498,-38.72434],[-59.31598,-38.72466],[-59.31875,-38.72542],[-59.31945,-38.7256],[-59.32038,-38.7258],[-59.32104,-38.72591],[-59.32186,-38.72601],[-59.32279,-38.72607],[-59.32364,-38.72608],[-59.32486,-38.72601],[-59.32694,-38.72577],[-59.32763,-38.72571],[-59.32846,-38.72567],[-59.32934,-38.72568],[-59.33072,-38.72574],[-59.33168,-38.72581],[-59.33244,-38.7259],[-59.33347,-38.72606],[-59.33485,-38.72639],[-59.33563,-38.72662],[-59.33639,-38.72687],[-59.33687,-38.72705],[-59.33747,-38.72732],[-59.33814,-38.72773],[-59.33851,-38.72801],[-59.33884,-38.72832],[-59.33934,-38.72889],[-59.33985,-38.72963],[-59.34066,-38.73096],[-59.34089,-38.73129],[-59.34116,-38.73162],[-59.34137,-38.73183],[-59.34176,-38.73214],[-59.34211,-38.73235],[-59.34244,-38.73252],[-59.34298,-38.73272],[-59.34367,-38.73291],[-59.34447,-38.73308],[-59.34701,-38.73353],[-59.34795,-38.73375],[-59.34866,-38.73397],[-59.34943,-38.73426],[-59.35032,-38.73466],[-59.35106,-38.73506],[-59.35247,-38.73593],[-59.35292,-38.73618],[-59.35354,-38.73649],[-59.35409,-38.73672],[-59.35479,-38.73696],[-59.35541,-38.73714],[-59.35841,-38.73786],[-59.36141,-38.73866],[-59.36249,-38.73888],[-59.3649,-38.73931],[-59.36751,-38.73986],[-59.36909,-38.74012],[-59.37093,-38.74031],[-59.37771,-38.74081],[-59.37843,-38.74081],[-59.3792,-38.74078],[-59.38026,-38.74066],[-59.38145,-38.74047],[-59.38239,-38.74027],[-59.38329,-38.74001],[-59.38388,-38.73978],[-59.38522,-38.7392],[-59.38562,-38.73907],[-59.38598,-38.73898],[-59.38641,-38.73892],[-59.38685,-38.73892],[-59.38737,-38.73902],[-59.38773,-38.73919],[-59.38785,-38.73926],[-59.38802,-38.7394],[-59.38825,-38.73966],[-59.38838,-38.73987],[-59.38853,-38.74017],[-59.38904,-38.74162],[-59.38929,-38.74218],[-59.3895,-38.74257],[-59.38988,-38.74317],[-59.39027,-38.74368],[-59.39105,-38.74458],[-59.39141,-38.74494],[-59.39193,-38.7454],[-59.39238,-38.74574],[-59.39301,-38.74615],[-59.39355,-38.74643],[-59.39401,-38.74662],[-59.39452,-38.74679],[-59.39508,-38.74692],[-59.39588,-38.74702],[-59.3964,-38.74704],[-59.39702,-38.74701],[-59.39795,-38.74687],[-59.40021,-38.74635],[-59.40064,-38.7463],[-59.4011,-38.74629],[-59.40155,-38.74635],[-59.40198,-38.74648],[-59.40242,-38.74667],[-59.40339,-38.74717],[-59.40398,-38.74743],[-59.40481,-38.74771],[-59.40548,-38.7479],[-59.40657,-38.74817],[-59.40812,-38.74848],[-59.40931,-38.74868],[-59.4106,-38.74884],[-59.4126,-38.749],[-59.41444,-38.74904],[-59.41583,-38.74899],[-59.41864,-38.74875],[-59.41932,-38.74874],[-59.41993,-38.74876],[-59.4205,-38.74882],[-59.4209,-38.74891],[-59.42206,-38.74923],[-59.42255,-38.74934],[-59.42299,-38.74941],[-59.42348,-38.74943],[-59.42439,-38.74938],[-59.42578,-38.74916],[-59.42642,-38.7491],[-59.42685,-38.74909],[-59.4274,-38.74915],[-59.42801,-38.74931],[-59.42868,-38.74958],[-59.42926,-38.74988],[-59.43095,-38.75087],[-59.4315,-38.75116],[-59.4327,-38.75169],[-59.43384,-38.75208],[-59.43553,-38.75254],[-59.43725,-38.75291],[-59.43902,-38.75319],[-59.44251,-38.75366],[-59.44346,-38.75382],[-59.44412,-38.75397],[-59.44478,-38.75415],[-59.4454,-38.75436],[-59.44783,-38.75534],[-59.44853,-38.75557],[-59.44913,-38.75573],[-59.45006,-38.75589],[-59.45075,-38.75595],[-59.45151,-38.75597],[-59.45351,-38.75592],[-59.45413,-38.75593],[-59.4548,-38.75599],[-59.45579,-38.75618],[-59.45795,-38.75677],[-59.45923,-38.75705],[-59.46019,-38.75719],[-59.46226,-38.75744],[-59.46315,-38.75756],[-59.46532,-38.75798],[-59.46686,-38.7582],[-59.4679,-38.75829],[-59.46898,-38.75832],[-59.46996,-38.75829],[-59.47109,-38.7582],[-59.47267,-38.75799],[-59.47472,-38.75765],[-59.47578,-38.75744],[-59.47773,-38.75699],[-59.47844,-38.75687],[-59.47997,-38.75674],[-59.48268,-38.75661],[-59.48373,-38.75664],[-59.4847,-38.75677],[-59.48804,-38.7575],[-59.48912,-38.7577],[-59.4897,-38.75778],[-59.49033,-38.75785],[-59.49114,-38.7579],[-59.49376,-38.75795],[-59.49434,-38.75799],[-59.49505,-38.75807],[-59.49561,-38.75817],[-59.49617,-38.75832],[-59.49815,-38.759],[-59.49906,-38.75923],[-59.49967,-38.75932],[-59.50015,-38.75937],[-59.50082,-38.75939],[-59.5022,-38.7594],[-59.50305,-38.75945],[-59.5038,-38.75956],[-59.50426,-38.75967],[-59.50466,-38.75981],[-59.50533,-38.76013],[-59.50583,-38.7605],[-59.50621,-38.76087],[-59.5071,-38.76187],[-59.50758,-38.76229],[-59.50788,-38.76248],[-59.50819,-38.76264],[-59.50872,-38.7628],[-59.50907,-38.76285],[-59.50941,-38.76286],[-59.51001,-38.76282],[-59.51079,-38.76266],[-59.51239,-38.76216],[-59.5132,-38.76196],[-59.51363,-38.7619],[-59.51409,-38.76187],[-59.51473,-38.7619],[-59.51563,-38.76204],[-59.51857,-38.7627],[-59.52013,-38.76297],[-59.52189,-38.76319],[-59.52476,-38.76341],[-59.5257,-38.76351],[-59.52671,-38.76368],[-59.52882,-38.76411],[-59.53006,-38.76432],[-59.53104,-38.76443],[-59.53328,-38.76463],[-59.53458,-38.76478],[-59.53638,-38.76503],[-59.5395,-38.76552],[-59.54249,-38.76585],[-59.54369,-38.76602],[-59.54544,-38.76637],[-59.54913,-38.76727],[-59.55024,-38.76761],[-59.55342,-38.76871],[-59.55433,-38.76898],[-59.55517,-38.76919],[-59.55615,-38.76936],[-59.55698,-38.76943],[-59.55794,-38.76945],[-59.56012,-38.76944],[-59.56094,-38.76948],[-59.56168,-38.76957],[-59.56234,-38.76969],[-59.56334,-38.76995],[-59.56693,-38.77114],[-59.56847,-38.7716],[-59.56965,-38.77191],[-59.57074,-38.77212],[-59.57138,-38.7722],[-59.57331,-38.77237],[-59.57415,-38.77251],[-59.57475,-38.77268],[-59.57563,-38.77301],[-59.57648,-38.7734],[-59.57812,-38.77423],[-59.57904,-38.77463],[-59.57952,-38.77479],[-59.58005,-38.77494],[-59.58086,-38.77508],[-59.58184,-38.77516],[-59.58254,-38.77515],[-59.58321,-38.77512],[-59.58741,-38.77468],[-59.59091,-38.77425],[-59.59186,-38.77418],[-59.5927,-38.77419],[-59.59379,-38.77429],[-59.59597,-38.77468],[-59.59687,-38.77481],[-59.59982,-38.77516],[-59.6012,-38.77528],[-59.60371,-38.77536],[-59.60473,-38.77546],[-59.60538,-38.77558],[-59.60613,-38.77576],[-59.60783,-38.77629],[-59.60884,-38.77657],[-59.6098,-38.77678],[-59.61082,-38.77691],[-59.61239,-38.77702],[-59.61386,-38.77705],[-59.61473,-38.77703],[-59.61684,-38.77691],[-59.61788,-38.77691],[-59.61885,-38.77696],[-59.61991,-38.77709],[-59.62111,-38.77733],[-59.62232,-38.77767],[-59.62359,-38.77809],[-59.62482,-38.77857],[-59.62546,-38.77886],[-59.62631,-38.7793],[-59.62879,-38.78082],[-59.62923,-38.78105],[-59.62968,-38.78124],[-59.63025,-38.78144],[-59.63095,-38.78161],[-59.63199,-38.78177],[-59.63279,-38.78183],[-59.63568,-38.78197],[-59.63668,-38.78207],[-59.63744,-38.78218],[-59.63831,-38.78235],[-59.63937,-38.78261],[-59.64053,-38.78293],[-59.64174,-38.78332],[-59.64325,-38.78389],[-59.64406,-38.78426],[-59.64456,-38.78453],[-59.64527,-38.78496],[-59.64709,-38.78626],[-59.6479,-38.78672],[-59.64844,-38.78696],[-59.6489,-38.78712],[-59.64925,-38.78722],[-59.64982,-38.78732],[-59.65055,-38.78738],[-59.65133,-38.78736],[-59.65193,-38.78729],[-59.65388,-38.78699],[-59.65445,-38.78694],[-59.65526,-38.78693],[-59.65624,-38.78701],[-59.65724,-38.78716],[-59.65828,-38.7874],[-59.65972,-38.78779],[-59.66033,-38.78791],[-59.66108,-38.78795],[-59.66265,-38.78786],[-59.66468,-38.78788],[-59.6652,-38.7878],[-59.66562,-38.78766],[-59.66583,-38.78755],[-59.66602,-38.78743],[-59.66634,-38.78719],[-59.66715,-38.78645],[-59.66733,-38.78631],[-59.66765,-38.78613],[-59.66798,-38.78601],[-59.6684,-38.78593],[-59.66882,-38.78592],[-59.6693,-38.78599],[-59.66988,-38.78615],[-59.67072,-38.78648],[-59.67159,-38.7869],[-59.67245,-38.78736],[-59.67453,-38.7885],[-59.67559,-38.78911],[-59.67633,-38.78959],[-59.67768,-38.79059],[-59.67807,-38.79084],[-59.67844,-38.79104],[-59.67902,-38.79128],[-59.67969,-38.79148],[-59.68293,-38.79229],[-59.6844,-38.79261],[-59.68591,-38.79284],[-59.69084,-38.79342],[-59.69175,-38.79356],[-59.69258,-38.79373],[-59.69322,-38.7939],[-59.6939,-38.79412],[-59.69589,-38.79486],[-59.69709,-38.79527],[-59.70002,-38.79619],[-59.70345,-38.79735],[-59.70506,-38.79783],[-59.70642,-38.79815],[-59.70784,-38.79842],[-59.70898,-38.7986],[-59.71135,-38.79891],[-59.7125,-38.7991],[-59.71328,-38.79926],[-59.71442,-38.79955],[-59.71599,-38.80007],[-59.7195,-38.80139],[-59.72103,-38.80192],[-59.72264,-38.80241],[-59.72622,-38.80335],[-59.72739,-38.80372],[-59.72843,-38.80408],[-59.7297,-38.80459],[-59.73077,-38.80506],[-59.73474,-38.80693],[-59.73928,-38.809],[-59.74009,-38.80934],[-59.74072,-38.80956],[-59.74184,-38.80988],[-59.74269,-38.81005],[-59.74361,-38.81016],[-59.74465,-38.81023],[-59.74717,-38.81034],[-59.74866,-38.81048],[-59.74959,-38.8106],[-59.75152,-38.81095],[-59.75236,-38.81103],[-59.75293,-38.81102],[-59.7535,-38.81094],[-59.754,-38.81082],[-59.75537,-38.81041],[-59.75576,-38.81033],[-59.75623,-38.81027],[-59.75705,-38.81026],[-59.75748,-38.81031],[-59.75806,-38.81042],[-59.75858,-38.81058],[-59.75904,-38.81078],[-59.75943,-38.81099],[-59.7599,-38.81129],[-59.76043,-38.81171],[-59.76077,-38.81204],[-59.76193,-38.81326],[-59.76238,-38.81369],[-59.76313,-38.81428],[-59.76355,-38.81455],[-59.76398,-38.81479],[-59.76463,-38.8151],[-59.76526,-38.81535],[-59.76676,-38.81587],[-59.76859,-38.81641],[-59.76936,-38.81659],[-59.77007,-38.81671],[-59.77081,-38.8168],[-59.77179,-38.81684],[-59.77288,-38.8168],[-59.77483,-38.81666],[-59.77577,-38.81663],[-59.77752,-38.81664],[-59.77862,-38.8167],[-59.77956,-38.81684],[-59.78029,-38.81701],[-59.78109,-38.81726],[-59.78294,-38.81789],[-59.78369,-38.8181],[-59.78439,-38.81825],[-59.78532,-38.81841],[-59.78655,-38.81857],[-59.78862,-38.81878],[-59.79018,-38.81885],[-59.79158,-38.81883],[-59.7929,-38.81874],[-59.79506,-38.81853],[-59.79659,-38.81847],[-59.79757,-38.8185],[-59.79987,-38.81862],[-59.80206,-38.81868],[-59.80273,-38.81873],[-59.80331,-38.81883],[-59.80383,-38.81895],[-59.80437,-38.81913],[-59.80508,-38.81943],[-59.80579,-38.81981],[-59.80768,-38.82096],[-59.80853,-38.82144],[-59.80948,-38.82187],[-59.80991,-38.82202],[-59.81035,-38.82214],[-59.81081,-38.82223],[-59.8113,-38.82228],[-59.81193,-38.82226],[-59.81245,-38.8222],[-59.81401,-38.82187],[-59.81471,-38.82175],[-59.81546,-38.82168],[-59.81625,-38.82166],[-59.81689,-38.82168],[-59.81812,-38.82181],[-59.81908,-38.82199],[-59.82009,-38.82225],[-59.82067,-38.82244],[-59.82137,-38.8227],[-59.82271,-38.82332],[-59.82419,-38.82414],[-59.82655,-38.82557],[-59.8275,-38.82607],[-59.82817,-38.82637],[-59.82888,-38.82662],[-59.82937,-38.82677],[-59.83009,-38.82694],[-59.83126,-38.82712],[-59.8338,-38.82729],[-59.83481,-38.82742],[-59.83575,-38.8276],[-59.83745,-38.82803],[-59.83835,-38.82823],[-59.83941,-38.82842],[-59.84032,-38.82853],[-59.84167,-38.82861],[-59.84276,-38.82861],[-59.8439,-38.82856],[-59.84623,-38.8284],[-59.84695,-38.82837],[-59.84763,-38.82837],[-59.84828,-38.82841],[-59.84893,-38.82848],[-59.84966,-38.82861],[-59.85032,-38.82876],[-59.85105,-38.82898],[-59.85181,-38.82933],[-59.85221,-38.82956],[-59.85267,-38.8299],[-59.85385,-38.83091],[-59.85432,-38.83125],[-59.85473,-38.83149],[-59.85496,-38.83159],[-59.85549,-38.83175],[-59.85586,-38.8318],[-59.85621,-38.8318],[-59.85684,-38.83173],[-59.85717,-38.83165],[-59.8576,-38.83151],[-59.8582,-38.83122],[-59.8585,-38.83104],[-59.85889,-38.83076],[-59.8593,-38.83042],[-59.85966,-38.83006],[-59.85995,-38.82976],[-59.86043,-38.82917],[-59.86131,-38.82794],[-59.86165,-38.8276],[-59.86201,-38.82735],[-59.86239,-38.8272],[-59.86281,-38.82713],[-59.86329,-38.82715],[-59.86381,-38.82728],[-59.86443,-38.82753],[-59.86752,-38.82916],[-59.8684,-38.82957],[-59.86935,-38.8299],[-59.87136,-38.83045],[-59.87188,-38.83063],[-59.87236,-38.83083],[-59.87301,-38.83119],[-59.87362,-38.83161],[-59.87617,-38.83367],[-59.87666,-38.83404],[-59.87719,-38.83439],[-59.8779,-38.83478],[-59.87862,-38.83511],[-59.87955,-38.83544],[-59.88002,-38.83556],[-59.88051,-38.83566],[-59.88101,-38.83571],[-59.88158,-38.83572],[-59.8821,-38.83567],[-59.88261,-38.83559],[-59.88308,-38.83547],[-59.88359,-38.83532],[-59.88429,-38.83505],[-59.88503,-38.83472],[-59.88706,-38.8337],[-59.88802,-38.83326],[-59.88909,-38.83284],[-59.89023,-38.8325],[-59.89118,-38.8323],[-59.89224,-38.83216],[-59.89308,-38.83214],[-59.89391,-38.8322],[-59.89474,-38.83234],[-59.89541,-38.83253],[-59.89643,-38.83289],[-59.89717,-38.83321],[-59.898,-38.83363],[-59.89891,-38.83415],[-59.89978,-38.8347],[-59.90104,-38.83554],[-59.90175,-38.83596],[-59.90231,-38.83623],[-59.90295,-38.83644],[-59.90339,-38.83652],[-59.90385,-38.83656],[-59.90428,-38.83656],[-59.90611,-38.83649],[-59.90718,-38.83652],[-59.90855,-38.83664],[-59.90966,-38.83679],[-59.91037,-38.83693],[-59.91105,-38.83711],[-59.91168,-38.83733],[-59.91332,-38.83796],[-59.91397,-38.83817],[-59.91483,-38.83837],[-59.91551,-38.83847],[-59.91602,-38.83851],[-59.91681,-38.83853],[-59.91946,-38.83845],[-59.92139,-38.83845],[-59.92263,-38.8385],[-59.92326,-38.83856],[-59.92394,-38.83866],[-59.92504,-38.83889],[-59.92642,-38.83929],[-59.92775,-38.83976],[-59.92987,-38.84061],[-59.93058,-38.84085],[-59.93132,-38.84105],[-59.93186,-38.84117],[-59.93269,-38.84131],[-59.93645,-38.84176],[-59.93778,-38.84195],[-59.93889,-38.84216],[-59.94117,-38.84268],[-59.94228,-38.84287],[-59.94291,-38.84295],[-59.94366,-38.843],[-59.94421,-38.84301],[-59.9452,-38.84299],[-59.94816,-38.84275],[-59.95142,-38.84239],[-59.9519,-38.84236],[-59.95258,-38.84237],[-59.95328,-38.84245],[-59.95377,-38.84255],[-59.95424,-38.84269],[-59.95515,-38.84304],[-59.95765,-38.8442],[-59.95884,-38.84469],[-59.95988,-38.84501],[-59.96036,-38.84512],[-59.96112,-38.84523],[-59.96183,-38.84528],[-59.96248,-38.84527],[-59.96322,-38.84523],[-59.96599,-38.84498],[-59.96689,-38.84495],[-59.96814,-38.84494],[-59.96992,-38.84503],[-59.97276,-38.84529],[-59.97398,-38.84538],[-59.97495,-38.84543],[-59.97629,-38.84544],[-59.97752,-38.8454],[-59.98088,-38.84512],[-59.98171,-38.8451],[-59.98256,-38.84512],[-59.9833,-38.84517],[-59.98436,-38.84529],[-59.9884,-38.84589],[-59.99014,-38.84613],[-59.99451,-38.84661],[-59.99599,-38.8468],[-59.99806,-38.84715],[-60.0,-38.84756]]]}},{"type":"Feature","properties":{"fdc":"Atlas 500k 1° Ediciónl","sag":"IGN","crv":20,"mo2":2,"tipo":"Curva de nivel","ign":"lineas_de_geomorfologia_CA010.17425"},"geometry":{"type":"MultiLineString","coordinates":[[[-58.96417,-38.5968],[-58.96431,-38.59694],[-58.96469,-38.59716],[-58.96491,-38.59725],[-58.96535,-38.59736],[-58.96579,-38.59739],[-58.96611,-38.59735],[-58.96646,-38.59723],[-58.96669,-38.59712],[-58.967,-38.59693],[-58.96724,-38.59671],[-58.96748,-38.59643],[-58.96763,-38.59615],[-58.96776,-38.59578],[-58.96779,-38.59548],[-58.96776,-38.59515],[-58.96765,-38.59482],[-58.96751,-38.59461],[-58.96741,-38.59453],[-58.96715,-38.59439],[-58.96698,-38.59436],[-58.96681,-38.59435],[-58.96657,-38.59438],[-58.96641,-38.59443],[-58.96607,-38.59459],[-58.96573,-38.59481],[-58.96553,-38.59497],[-58.96528,-38.5952],[-58.96497,-38.59554],[-58.96448,-38.5962],[-58.96421,-38.59665],[-58.96417,-38.5968]]]}},{"type":"Feature","properties":{"fdc":"Atlas 500k 1° Ediciónl","sag":"IGN","crv":20,"mo2":2,"tipo":"Curva de nivel","ign":"lineas_de_geomorfologia_CA010.17429"},"geometry":{"type":"MultiLineString","coordinates":[[[-59.01333,-38.60708],[-59.01325,-38.60705],[-59.0131,-38.6069],[-59.01295,-38.60665],[-59.01283,-38.6063],[-59.01281,-38.6061],[-59.01281,-38.6059],[-59.01284,-38.60567],[-59.01291,-38.60545],[-59.01311,-38.60512],[-59.0133,-38.6049],[-59.01364,-38.60463],[-59.01403,-38.60442],[-59.01433,-38.60432],[-59.01466,-38.60427],[-59.01499,-38.60428],[-59.01521,-38.60433],[-59.01555,-38.60448],[-59.01576,-38.60463],[-59.01595,-38.60486],[-59.01612,-38.60518],[-59.0162,-38.60545],[-59.01625,-38.60581],[-59.01623,-38.6062],[-59.0162,-38.60642],[-59.0161,-38.60672],[-59.01593,-38.607],[-59.01579,-38.60713],[-59.01549,-38.60731],[-59.01528,-38.60737],[-59.01497,-38.6074],[-59.01471,-38.6074],[-59.01425,-38.60734],[-59.01367,-38.6072],[-59.01333,-38.60708]]]}},{"type":"Feature","properties":{"fdc":"Atlas 500k 1° Ediciónl","sag":"IGN","crv":30,"mo2":2,"tipo":"Curva de nivel","ign":"lineas_de_geomorfologia_CA010.17415"},"geometry":{"type":"MultiLineString","coordinates":[[[-58.97417,-38.52188],[-58.97406,-38.52181],[-58.97399,-38.52173],[-58.97378,-38.52131],[-58.97367,-38.52092],[-58.97362,-38.52059],[-58.97362,-38.52026],[-58.97368,-38.5199],[-58.97381,-38.51955],[-58.97393,-38.51937],[-58.97424,-38.51906],[-58.97446,-38.51889],[-58.97484,-38.51866],[-58.97541,-38.51839],[-58.97589,-38.51823],[-58.97647,-38.51812],[-58.97699,-38.51812],[-58.97727,-38.51817],[-58.97748,-38.51824],[-58.97773,-38.51837],[-58.97802,-38.51864],[-58.97813,-38.51879],[-58.97826,-38.51909],[-58.9783,-38.51926],[-58.97831,-38.51947],[-58.97828,-38.51968],[-58.97822,-38.5199],[-58.97807,-38.52022],[-58.97783,-38.52055],[-58.97754,-38.52084],[-58.97722,-38.52107],[-58.97692,-38.52125],[-58.97647,-38.52145],[-58.97615,-38.52156],[-58.97561,-38.52171],[-58.97501,-38.52182],[-58.9746,-38.52187],[-58.97417,-38.52188]]]}},{"type":"Feature","properties":{"fdc":"Atlas 500k 1° Ediciónl","sag":"IGN","crv":30,"mo2":2,"tipo":"Curva de nivel","ign":"lineas_de_geomorfologia_CA010.17427"},"geometry":{"type":"MultiLineString","coordinates":[[[-59.42833,-38.60421],[-59.42828,-38.60417],[-59.42809,-38.60392],[-59.42793,-38.60364],[-59.4278,-38.60334],[-59.42765,-38.60282],[-59.42762,-38.60253],[-59.42761,-38.60225],[-59.42763,-38.60198],[-59.42768,-38.60171],[-59.42777,-38.60146],[-59.42786,-38.6013],[-59.42808,-38.60098],[-59.42822,-38.60083],[-59.4286,-38.60052],[-59.42897,-38.60031],[-59.42924,-38.60022],[-59.42955,-38.60015],[-59.43006,-38.60012],[-59.43037,-38.60016],[-59.43067,-38.60022],[-59.43122,-38.60043],[-59.43165,-38.60069],[-59.43203,-38.60102],[-59.43233,-38.60136],[-59.43254,-38.60169],[-59.43275,-38.60219],[-59.43285,-38.60268],[-59.43285,-38.60309],[-59.43282,-38.60327],[-59.43274,-38.60357],[-59.43256,-38.60393],[-59.4323,-38.60426],[-59.43209,-38.60445],[-59.43171,-38.60467],[-59.43137,-38.6048],[-59.43087,-38.60487],[-59.43049,-38.60486],[-59.42985,-38.60478],[-59.42929,-38.60464],[-59.42877,-38.60444],[-59.42849,-38.60431],[-59.42833,-38.60421]]]}},{"type":"Feature","properties":{"fdc":"Atlas 500k 1° Ediciónl","sag":"IGN","crv":20,"mo2":2,"tipo":"Curva de nivel","ign":"lineas_de_geomorfologia_CA010.17431"},"geometry":{"type":"MultiLineString","coordinates":[[[-59.17583,-38.6217],[-59.17616,-38.62188],[-59.17666,-38.62205],[-59.17702,-38.62213],[-59.17767,-38.62221],[-59.17813,-38.6222],[-59.17839,-38.62216],[-59.17876,-38.62203],[-59.17899,-38.6219],[-59.17927,-38.62167],[-59.17948,-38.62138],[-59.17962,-38.62111],[-59.17971,-38.62078],[-59.17974,-38.6204],[-59.1797,-38.62],[-59.17957,-38.61957],[-59.17938,-38.61923],[-59.17912,-38.61893],[-59.17898,-38.61882],[-59.17867,-38.61863],[-59.17827,-38.61847],[-59.17772,-38.61837],[-59.17719,-38.61838],[-59.17672,-38.61847],[-59.17622,-38.61867],[-59.17591,-38.61886],[-59.17557,-38.61918],[-59.1754,-38.61945],[-59.17531,-38.61971],[-59.17526,-38.62011],[-59.17528,-38.62044],[-59.1754,-38.62094],[-59.17556,-38.62133],[-59.17575,-38.62162],[-59.17583,-38.6217]]]}},{"type":"Feature","properties":{"fdc":"Atlas 500k 1° Ediciónl","sag":"IGN","crv":20,"mo2":2,"tipo":"Curva de nivel","ign":"lineas_de_geomorfologia_CA010.17432"},"geometry":{"type":"MultiLineString","coordinates":[[[-59.14833,-38.62541],[-59.14848,-38.62548],[-59.14886,-38.62555],[-59.14932,-38.62556],[-59.14956,-38.62554],[-59.14998,-38.62543],[-59.15017,-38.62533],[-59.15034,-38.62519],[-59.15045,-38.62504],[-59.15049,-38.62492],[-59.15048,-38.62464],[-59.1504,-38.62445],[-59.15025,-38.62417],[-59.14994,-38.62378],[-59.14975,-38.62358],[-59.14912,-38.62305],[-59.14857,-38.62269],[-59.14749,-38.6221],[-59.14715,-38.62194],[-59.14667,-38.62175],[-59.14626,-38.62165],[-59.14598,-38.62162],[-59.14563,-38.62164],[-59.1454,-38.62169],[-59.14519,-38.62178],[-59.14505,-38.62188],[-59.1449,-38.62202],[-59.14476,-38.6222],[-59.14463,-38.6225],[-59.14459,-38.62272],[-59.14458,-38.62295],[-59.14462,-38.62317],[-59.14474,-38.62349],[-59.14488,-38.6237],[-59.14505,-38.62389],[-59.14522,-38.62402],[-59.14562,-38.62425],[-59.14733,-38.62494],[-59.14799,-38.62523],[-59.14833,-38.62541]]]}},{"type":"Feature","properties":{"fdc":"Atlas 500k 1° Ediciónl","sag":"IGN","crv":30,"mo2":2,"tipo":"Curva de nivel","ign":"lineas_de_geomorfologia_CA010.17416"},"geometry":{"type":"MultiLineString","coordinates":[[[-58.95833,-38.52423],[-58.95844,-38.52395],[-58.95875,-38.5234],[-58.9592,-38.5228],[-58.95952,-38.52243],[-58.95988,-38.52207],[-58.96023,-38.52179],[-58.96073,-38.52145],[-58.96128,-38.52117],[-58.96176,-38.52099],[-58.96209,-38.52092],[-58.96251,-38.52087],[-58.96285,-38.52089],[-58.96324,-38.521],[-58.96354,-38.52117],[-58.9637,-38.52132],[-58.96384,-38.5215],[-58.96395,-38.52169],[-58.96403,-38.52196],[-58.96405,-38.5222],[-58.96403,-38.52244],[-58.96396,-38.52271],[-58.96386,-38.52297],[-58.96372,-38.52322],[-58.96355,-38.52345],[-58.96314,-38.52386],[-58.96266,-38.5242],[-58.96229,-38.52439],[-58.96191,-38.52454],[-58.96144,-38.52467],[-58.96111,-38.52472],[-58.96056,-38.52474],[-58.96002,-38.5247],[-58.95935,-38.52458],[-58.95876,-38.52441],[-58.95833,-38.52423]]]}},{"type":"Feature","properties":{"fdc":"Atlas 500k 1° Ediciónl","sag":"IGN","crv":50,"mo2":2,"tipo":"Curva de nivel","ign":"lineas_de_geomorfologia_CA010.17417"},"geometry":{"type":"MultiLineString","coordinates":[[[-59.29667,-38.52504],[-59.29646,-38.52489],[-59.29617,-38.52462],[-59.29592,-38.52432],[-59.29564,-38.52389],[-59.29548,-38.52355],[-59.29538,-38.52329],[-59.29531,-38.52299],[-59.29529,-38.52266],[-59.29535,-38.52226],[-59.29543,-38.52197],[-59.29558,-38.52166],[-59.29583,-38.52135],[-59.29613,-38.52114],[-59.2963,-38.52106],[-59.29666,-38.52098],[-59.2969,-38.52098],[-59.29711,-38.521],[-59.29746,-38.52109],[-59.29787,-38.52128],[-59.29827,-38.52154],[-59.2986,-38.52187],[-59.29895,-38.52234],[-59.29924,-38.52293],[-59.29936,-38.52332],[-59.29942,-38.52358],[-59.29946,-38.52412],[-59.29942,-38.52443],[-59.29937,-38.52462],[-59.29926,-38.52483],[-59.29918,-38.52495],[-59.29907,-38.52505],[-59.29876,-38.5252],[-59.29838,-38.52528],[-59.29789,-38.5253],[-59.29758,-38.52527],[-59.29714,-38.52519],[-59.29667,-38.52504]]]}},{"type":"Feature","properties":{"fdc":"Atlas 500k 1° Ediciónl","sag":"IGN","crv":20,"mo2":2,"tipo":"Curva de nivel","ign":"lineas_de_geomorfologia_CA010.17441"},"geometry":{"type":"MultiLineString","coordinates":[[[-59.17083,-38.63858],[-59.17099,-38.6386],[-59.17123,-38.63858],[-59.17169,-38.63849],[-59.17223,-38.63832],[-59.17293,-38.63802],[-59.17337,-38.63778],[-59.1738,-38.63749],[-59.17423,-38.63715],[-59.17466,-38.63673],[-59.17489,-38.63645],[-59.17509,-38.63613],[-59.17527,-38.63572],[-59.17534,-38.63537],[-59.17534,-38.63514],[-59.17528,-38.63481],[-59.17514,-38.6345],[-59.1749,-38.63421],[-59.17466,-38.63403],[-59.17433,-38.63387],[-59.17404,-38.63379],[-59.17373,-38.63378],[-59.17346,-38.63382],[-59.17314,-38.63394],[-59.17296,-38.63406],[-59.17264,-38.63434],[-59.17235,-38.63472],[-59.17202,-38.63526],[-59.17152,-38.63624],[-59.1711,-38.63717],[-59.1709,-38.63769],[-59.1708,-38.6381],[-59.17077,-38.63843],[-59.17079,-38.63852],[-59.17083,-38.63858]]]}},{"type":"Feature","properties":{"fdc":"Atlas 500k 1° Ediciónl","sag":"IGN","crv":30,"mo2":2,"tipo":"Curva de nivel","ign":"lineas_de_geomorfologia_CA010.17423"},"geometry":{"type":"MultiLineString","coordinates":[[[-59.355,-38.57502],[-59.35509,-38.575],[-59.35522,-38.57491],[-59.35537,-38.57475],[-59.35562,-38.57437],[-59.35579,-38.57397],[-59.35586,-38.57372],[-59.35593,-38.57342],[-59.356,-38.57289],[-59.35602,-38.57243],[-59.356,-38.57126],[-59.35604,-38.56993],[-59.35601,-38.56948],[-59.35596,-38.56926],[-59.35586,-38.5691],[-59.35577,-38.56902],[-59.35567,-38.56897],[-59.35555,-38.56895],[-59.35527,-38.569],[-59.35505,-38.5691],[-59.35488,-38.56921],[-59.35439,-38.56963],[-59.35393,-38.57015],[-59.35362,-38.57061],[-59.35344,-38.57097],[-59.35327,-38.57147],[-59.35317,-38.57203],[-59.35315,-38.57244],[-59.35319,-38.57289],[-59.3533,-38.5733],[-59.35352,-38.57377],[-59.35389,-38.57427],[-59.35424,-38.57462],[-59.35462,-38.57488],[-59.35486,-38.57499],[-59.355,-38.57502]]]}},{"type":"Feature","properties":{"fdc":"Atlas 500k 1° Ediciónl","sag":"IGN","crv":30,"mo2":2,"tipo":"Curva de nivel","ign":"lineas_de_geomorfologia_CA010.17424"},"geometry":{"type":"MultiLineString","coordinates":[[[-59.33667,-38.58938],[-59.33658,-38.58937],[-59.33644,-38.58924],[-59.33616,-38.58883],[-59.33586,-38.58818],[-59.33567,-38.58762],[-59.33551,-38.58696],[-59.3354,-38.58637],[-59.33503,-38.58411],[-59.33491,-38.58367],[-59.33444,-38.58226],[-59.33438,-38.58192],[-59.33438,-38.58177],[-59.33442,-38.58158],[-59.33452,-38.58138],[-59.33468,-38.58124],[-59.3348,-38.5812],[-59.33498,-38.58117],[-59.33522,-38.58117],[-59.33561,-38.58125],[-59.33683,-38.58165],[-59.33727,-38.58173],[-59.33755,-38.58174],[-59.3381,-38.58173],[-59.33972,-38.58154],[-59.34033,-38.58155],[-59.34076,-38.58162],[-59.34109,-38.58172],[-59.34154,-38.58195],[-59.34193,-38.58225],[-59.34218,-38.58254],[-59.34229,-38.58271],[-59.34249,-38.58309],[-59.34258,-38.58337],[-59.34266,-38.58376],[-59.34269,-38.58409],[-59.34268,-38.5846],[-59.34257,-38.58531],[-59.34238,-38.58596],[-59.3422,-38.5864],[-59.342,-38.58678],[-59.34161,-38.58728],[-59.34109,-38.58775],[-59.34047,-38.58819],[-59.33977,-38.58858],[-59.339,-38.5889],[-59.33825,-38.58915],[-59.33731,-38.58936],[-59.33687,-38.5894],[-59.33667,-38.58938]]]}},{"type":"Feature","properties":{"fdc":"Atlas 500k 1° Ediciónl","sag":"IGN","crv":30,"mo2":2,"tipo":"Curva de nivel","ign":"lineas_de_geomorfologia_CA010.17420"},"geometry":{"type":"MultiLineString","coordinates":[[[-59.105,-38.56092],[-59.10476,-38.56082],[-59.10444,-38.56063],[-59.10405,-38.56033],[-59.10388,-38.56015],[-59.10373,-38.55996],[-59.10359,-38.55971],[-59.10351,-38.55952],[-59.10345,-38.55911],[-59.10347,-38.55887],[-59.10357,-38.55849],[-59.10376,-38.55818],[-59.10389,-38.55803],[-59.10405,-38.5579],[-59.10438,-38.55773],[-59.10474,-38.55764],[-59.105,-38.55762],[-59.10526,-38.55764],[-59.10562,-38.55772],[-59.10598,-38.55788],[-59.10628,-38.55811],[-59.10651,-38.55835],[-59.10669,-38.55865],[-59.1068,-38.55895],[-59.10684,-38.55934],[-59.10682,-38.55963],[-59.10674,-38.55991],[-59.10661,-38.56013],[-59.10638,-38.56038],[-59.10604,-38.56062],[-59.10565,-38.5608],[-59.10531,-38.5609],[-59.105,-38.56092]]]}},{"type":"Feature","properties":{"fdc":"Atlas 500k 1° Ediciónl","sag":"IGN","crv":30,"mo2":2,"tipo":"Curva de nivel","ign":"lineas_de_geomorfologia_CA010.17421"},"geometry":{"type":"MultiLineString","coordinates":[[[-59.24917,-38.56865],[-59.24912,-38.56863],[-59.24904,-38.56851],[-59.24891,-38.56815],[-59.24885,-38.56788],[-59.2488,-38.56737],[-59.24881,-38.56712],[-59.24885,-38.5668],[-59.24895,-38.56651],[-59.24914,-38.56613],[-59.2494,-38.56581],[-59.24962,-38.56562],[-59.24989,-38.56547],[-59.25006,-38.56542],[-59.25036,-38.56538],[-59.25065,-38.56541],[-59.25081,-38.56546],[-59.25109,-38.5656],[-59.25138,-38.56585],[-59.25155,-38.56608],[-59.25169,-38.56635],[-59.25178,-38.56665],[-59.25183,-38.56712],[-59.25179,-38.56745],[-59.2517,-38.56772],[-59.25157,-38.56798],[-59.25136,-38.56824],[-59.25121,-38.56836],[-59.25104,-38.56847],[-59.25079,-38.56857],[-59.25033,-38.56867],[-59.24995,-38.56871],[-59.2495,-38.5687],[-59.24917,-38.56865]]]}},{"type":"Feature","properties":{"fdc":"Atlas 500k 1° Ediciónl","sag":"IGN","crv":20,"mo2":2,"tipo":"Curva de nivel","ign":"lineas_de_geomorfologia_CA010.17435"},"geometry":{"type":"MultiLineString","coordinates":[[[-59.12167,-38.6294],[-59.12152,-38.62933],[-59.12122,-38.6291],[-59.12078,-38.62862],[-59.12048,-38.62813],[-59.12031,-38.62768],[-59.12024,-38.6273],[-59.12024,-38.62704],[-59.12028,-38.62681],[-59.12041,-38.62642],[-59.12062,-38.62603],[-59.12093,-38.62568],[-59.12109,-38.62553],[-59.12146,-38.62529],[-59.12173,-38.62516],[-59.12199,-38.62507],[-59.12247,-38.62497],[-59.12308,-38.62495],[-59.12356,-38.62502],[-59.12403,-38.62517],[-59.12443,-38.62539],[-59.12471,-38.62562],[-59.12491,-38.6259],[-59.12504,-38.62619],[-59.12512,-38.62663],[-59.1251,-38.62708],[-59.12501,-38.62745],[-59.1249,-38.62775],[-59.12464,-38.62822],[-59.12444,-38.62848],[-59.12416,-38.62873],[-59.12391,-38.6289],[-59.12348,-38.62911],[-59.12303,-38.62927],[-59.12256,-38.62938],[-59.12207,-38.62943],[-59.12184,-38.62943],[-59.12167,-38.6294]]]}},{"type":"Feature","properties":{"fdc":"Atlas 500k 1° Ediciónl","sag":"IGN","crv":20,"mo2":2,"tipo":"Curva de nivel","ign":"lineas_de_geomorfologia_CA010.17437"},"geometry":{"type":"MultiLineString","coordinates":[[[-59.19583,-38.63269],[-59.19587,-38.63272],[-59.19594,-38.63273],[-59.1961,-38.63273],[-59.19631,-38.6327],[-59.19668,-38.63258],[-59.19695,-38.63245],[-59.19726,-38.63224],[-59.19758,-38.63197],[-59.19779,-38.63174],[-59.19804,-38.63135],[-59.1982,-38.63094],[-59.19824,-38.63069],[-59.19825,-38.63044],[-59.19822,-38.63016],[-59.19814,-38.6299],[-59.19791,-38.62944],[-59.19738,-38.6285],[-59.19716,-38.62801],[-59.19698,-38.62744],[-59.19692,-38.62713],[-59.19686,-38.62657],[-59.19677,-38.62506],[-59.19673,-38.62465],[-59.19663,-38.62415],[-59.19646,-38.62369],[-59.1963,-38.62341],[-59.19616,-38.62325],[-59.19599,-38.62309],[-59.19563,-38.6229],[-59.19553,-38.62286],[-59.19524,-38.6228],[-59.19489,-38.62279],[-59.19439,-38.62288],[-59.1939,-38.62308],[-59.19348,-38.62336],[-59.19311,-38.6237],[-59.19283,-38.62411],[-59.19273,-38.6243],[-59.19262,-38.6246],[-59.19256,-38.62487],[-59.19253,-38.62518],[-59.19256,-38.62558],[-59.19269,-38.62611],[-59.1928,-38.6264],[-59.19299,-38.62679],[-59.19399,-38.62849],[-59.19444,-38.62949],[-59.19527,-38.63172],[-59.19557,-38.63235],[-59.19571,-38.63257],[-59.1958,-38.63268],[-59.19583,-38.63269]]]}},{"type":"Feature","properties":{"fdc":"Atlas 500k 1° Ediciónl","sag":"IGN","crv":20,"mo2":2,"tipo":"Curva de nivel","ign":"lineas_de_geomorfologia_CA010.17438"},"geometry":{"type":"MultiLineString","coordinates":[[[-59.35417,-38.63782],[-59.35427,-38.63784],[-59.35448,-38.63783],[-59.3548,-38.63776],[-59.35516,-38.6376],[-59.35558,-38.63732],[-59.35578,-38.63712],[-59.35601,-38.63679],[-59.35615,-38.63642],[-59.35624,-38.63598],[-59.35624,-38.63558],[-59.35617,-38.63518],[-59.35605,-38.63488],[-59.35589,-38.6346],[-59.35564,-38.63432],[-59.35534,-38.63409],[-59.35497,-38.63393],[-59.35465,-38.63386],[-59.35436,-38.63385],[-59.35407,-38.6339],[-59.35377,-38.63402],[-59.35362,-38.63412],[-59.35346,-38.63425],[-59.35324,-38.63455],[-59.35312,-38.63484],[-59.35307,-38.6351],[-59.35304,-38.63545],[-59.35306,-38.63576],[-59.35311,-38.636],[-59.35324,-38.63642],[-59.3534,-38.63677],[-59.35362,-38.63714],[-59.35395,-38.63759],[-59.35417,-38.63782]]]}},{"type":"Feature","properties":{"fdc":"Atlas 500k 1° Ediciónl","sag":"IGN","crv":20,"mo2":2,"tipo":"Curva de nivel","ign":"lineas_de_geomorfologia_CA010.17439"},"geometry":{"type":"MultiLineString","coordinates":[[[-59.25667,-38.63794],[-59.25672,-38.63797],[-59.25695,-38.63797],[-59.2573,-38.63788],[-59.25757,-38.63776],[-59.25778,-38.63763],[-59.25798,-38.63747],[-59.25821,-38.63724],[-59.25838,-38.637],[-59.25853,-38.63673],[-59.25864,-38.63635],[-59.25866,-38.63594],[-59.25862,-38.63567],[-59.25853,-38.63542],[-59.25838,-38.63516],[-59.2581,-38.63483],[-59.25763,-38.6344],[-59.2568,-38.6337],[-59.25649,-38.63341],[-59.25615,-38.63303],[-59.25594,-38.63275],[-59.25563,-38.63223],[-59.25518,-38.63133],[-59.25495,-38.63092],[-59.25486,-38.63079],[-59.25461,-38.63052],[-59.25445,-38.6304],[-59.25415,-38.63026],[-59.25401,-38.63024],[-59.25369,-38.63025],[-59.25343,-38.63033],[-59.25333,-38.63038],[-59.25303,-38.6306],[-59.2528,-38.63084],[-59.25266,-38.63103],[-59.25235,-38.63161],[-59.25208,-38.63235],[-59.25185,-38.6332],[-59.25175,-38.63391],[-59.25178,-38.63442],[-59.2519,-38.63495],[-59.25207,-38.63534],[-59.2522,-38.63554],[-59.25239,-38.63578],[-59.25261,-38.63598],[-59.25288,-38.63619],[-59.25357,-38.63658],[-59.25446,-38.63696],[-59.25598,-38.63757],[-59.25649,-38.63781],[-59.25665,-38.6379],[-59.25667,-38.63794]]]}},{"type":"Feature","properties":{"fdc":"Atlas 500k 1° Ediciónl","sag":"IGN","crv":10,"mo2":2,"tipo":"Curva de nivel","ign":"lineas_de_geomorfologia_CA010.17452"},"geometry":{"type":"MultiLineString","coordinates":[[[-59.00833,-38.66507],[-59.00885,-38.66526],[-59.00928,-38.66536],[-59.00967,-38.66541],[-59.01016,-38.66544],[-59.01041,-38.66542],[-59.01071,-38.66538],[-59.01106,-38.6653],[-59.01139,-38.66519],[-59.01179,-38.665],[-59.01198,-38.66487],[-59.01222,-38.66465],[-59.01241,-38.66437],[-59.01246,-38.66424],[-59.01248,-38.66399],[-59.01244,-38.66383],[-59.01236,-38.66369],[-59.01227,-38.66357],[-59.01199,-38.66335],[-59.01169,-38.66321],[-59.01133,-38.6631],[-59.01054,-38.66294],[-59.00968,-38.66282],[-59.00906,-38.6628],[-59.00865,-38.66286],[-59.00845,-38.66293],[-59.00831,-38.66302],[-59.00819,-38.66315],[-59.0081,-38.66329],[-59.008,-38.66363],[-59.00798,-38.66401],[-59.00804,-38.66441],[-59.00817,-38.66479],[-59.00827,-38.66499],[-59.00833,-38.66507]]]}},{"type":"Feature","properties":{"fdc":"Atlas 500k 1° Ediciónl","sag":"IGN","crv":10,"mo2":2,"tipo":"Curva de nivel","ign":"lineas_de_geomorfologia_CA010.17444"},"geometry":{"type":"MultiLineString","coordinates":[[[-58.99333,-38.65273],[-58.99344,-38.65278],[-58.99367,-38.65281],[-58.99406,-38.65279],[-58.99447,-38.65271],[-58.995,-38.65252],[-58.99522,-38.65241],[-58.99561,-38.65217],[-58.99601,-38.65185],[-58.99625,-38.65161],[-58.99647,-38.65134],[-58.99674,-38.65093],[-58.99696,-38.65054],[-58.99724,-38.64991],[-58.99742,-38.64926],[-58.99748,-38.64868],[-58.99743,-38.64818],[-58.99737,-38.64791],[-58.99726,-38.64758],[-58.997,-38.64706],[-58.99665,-38.64661],[-58.99625,-38.64625],[-58.99604,-38.6461],[-58.99575,-38.64596],[-58.99549,-38.64588],[-58.99506,-38.64583],[-58.99464,-38.64589],[-58.99433,-38.64603],[-58.99413,-38.64617],[-58.99396,-38.64633],[-58.9937,-38.64665],[-58.9935,-38.647],[-58.9932,-38.64771],[-58.99294,-38.64854],[-58.99273,-38.64932],[-58.99264,-38.65002],[-58.99264,-38.65065],[-58.99271,-38.65126],[-58.99287,-38.6519],[-58.99307,-38.65238],[-58.99322,-38.65263],[-58.99333,-38.65273]]]}},{"type":"Feature","properties":{"fdc":"Atlas 500k 1° Ediciónl","sag":"IGN","crv":20,"mo2":2,"tipo":"Curva de nivel","ign":"lineas_de_geomorfologia_CA010.17445"},"geometry":{"type":"MultiLineString","coordinates":[[[-59.20917,-38.65434],[-59.20898,-38.65427],[-59.20871,-38.65407],[-59.20839,-38.65374],[-59.20826,-38.65356],[-59.20809,-38.65319],[-59.20803,-38.65283],[-59.20803,-38.65265],[-59.20806,-38.65248],[-59.20819,-38.6522],[-59.20829,-38.65206],[-59.20854,-38.65178],[-59.20885,-38.65152],[-59.20909,-38.65136],[-59.20935,-38.65124],[-59.20966,-38.65116],[-59.20998,-38.65114],[-59.21031,-38.65121],[-59.21061,-38.65135],[-59.21102,-38.65166],[-59.21172,-38.65237],[-59.21232,-38.65308],[-59.21261,-38.65353],[-59.21272,-38.6538],[-59.21276,-38.65396],[-59.21277,-38.65411],[-59.21274,-38.65425],[-59.21267,-38.65438],[-59.21257,-38.65449],[-59.21231,-38.65465],[-59.21197,-38.65473],[-59.21147,-38.65474],[-59.21086,-38.65467],[-59.21009,-38.65454],[-59.20917,-38.65434]]]}},{"type":"Feature","properties":{"fdc":"Atlas 500k 1° Ediciónl","sag":"IGN","crv":20,"mo2":2,"tipo":"Curva de nivel","ign":"lineas_de_geomorfologia_CA010.17446"},"geometry":{"type":"MultiLineString","coordinates":[[[-59.15083,-38.65549],[-59.14963,-38.65464],[-59.14861,-38.65381],[-59.1479,-38.65313],[-59.14745,-38.65259],[-59.14723,-38.65221],[-59.14718,-38.65207],[-59.14712,-38.65181],[-59.14711,-38.65155],[-59.14715,-38.65128],[-59.14732,-38.65084],[-59.14745,-38.65061],[-59.1477,-38.65031],[-59.14783,-38.65017],[-59.14818,-38.64992],[-59.1487,-38.64967],[-59.14946,-38.64947],[-59.15,-38.64938],[-59.15082,-38.6493],[-59.15166,-38.64924],[-59.15249,-38.64922],[-59.15294,-38.64925],[-59.15336,-38.6493],[-59.15368,-38.64937],[-59.15412,-38.64954],[-59.15451,-38.64978],[-59.15498,-38.65023],[-59.1554,-38.65082],[-59.15566,-38.65128],[-59.15597,-38.6519],[-59.15627,-38.65268],[-59.15636,-38.65317],[-59.15635,-38.65359],[-59.15627,-38.65387],[-59.15615,-38.65411],[-59.15604,-38.65427],[-59.15568,-38.65458],[-59.15551,-38.65468],[-59.15493,-38.6549],[-59.15441,-38.65501],[-59.15391,-38.65509],[-59.15193,-38.65527],[-59.15137,-38.65535],[-59.15094,-38.65543],[-59.15086,-38.65545],[-59.15083,-38.65549]]]}},{"type":"Feature","properties":{"fdc":"Atlas 500k 1° Ediciónl","sag":"IGN","crv":10,"mo2":2,"tipo":"Curva de nivel","ign":"lineas_de_geomorfologia_CA010.17447"},"geometry":{"type":"MultiLineString","coordinates":[[[-58.97417,-38.65683],[-58.97428,-38.65684],[-58.97443,-38.65674],[-58.97449,-38.65663],[-58.97452,-38.65648],[-58.97452,-38.65631],[-58.97444,-38.65594],[-58.97417,-38.65538],[-58.97392,-38.65496],[-58.9734,-38.65421],[-58.97268,-38.65329],[-58.97233,-38.65295],[-58.97212,-38.65277],[-58.97164,-38.65247],[-58.97103,-38.65222],[-58.97033,-38.65207],[-58.96959,-38.65203],[-58.96911,-38.65207],[-58.96866,-38.65216],[-58.96836,-38.65227],[-58.9681,-38.65241],[-58.9679,-38.65255],[-58.96769,-38.65273],[-58.96751,-38.65295],[-58.96739,-38.65315],[-58.96728,-38.6534],[-58.96718,-38.6538],[-58.96717,-38.6541],[-58.96722,-38.65448],[-58.96733,-38.6548],[-58.96743,-38.65499],[-58.96761,-38.65523],[-58.96775,-38.65538],[-58.968,-38.65557],[-58.96818,-38.65568],[-58.96847,-38.65581],[-58.96879,-38.65591],[-58.96929,-38.656],[-58.96985,-38.65604],[-58.97137,-38.65608],[-58.97239,-38.65619],[-58.97287,-38.65628],[-58.97333,-38.6564],[-58.97379,-38.65657],[-58.9741,-38.65674],[-58.97417,-38.65683]]]}},{"type":"Feature","properties":{"fdc":"Atlas 500k 1° Ediciónl","sag":"IGN","crv":20,"mo2":2,"tipo":"Curva de nivel","ign":"lineas_de_geomorfologia_CA010.17450"},"geometry":{"type":"MultiLineString","coordinates":[[[-59.28167,-38.66271],[-59.28182,-38.6628],[-59.28204,-38.66288],[-59.28241,-38.66296],[-59.28297,-38.663],[-59.28331,-38.66297],[-59.28355,-38.66292],[-59.28388,-38.66276],[-59.28413,-38.66255],[-59.28425,-38.6624],[-59.28434,-38.66224],[-59.28443,-38.66195],[-59.28447,-38.66165],[-59.28441,-38.66121],[-59.28429,-38.66084],[-59.28403,-38.6604],[-59.2838,-38.66012],[-59.28359,-38.65992],[-59.28329,-38.65972],[-59.28313,-38.65964],[-59.28284,-38.65956],[-59.28269,-38.65954],[-59.28242,-38.65958],[-59.28219,-38.65968],[-59.28193,-38.65988],[-59.2818,-38.66003],[-59.28166,-38.66025],[-59.28152,-38.66059],[-59.28147,-38.66079],[-59.28142,-38.66112],[-59.28141,-38.66149],[-59.28144,-38.66187],[-59.2815,-38.66223],[-59.28159,-38.66257],[-59.28167,-38.66271]]]}},{"type":"Feature","properties":{"fdc":"Atlas 500k 1° Ediciónl","sag":"IGN","crv":40,"mo2":2,"tipo":"Curva de nivel","ign":"lineas_de_geomorfologia_CA010.17462"},"geometry":{"type":"MultiLineString","coordinates":[[[-58.97486,-38.44761],[-58.9754,-38.44778],[-58.97627,-38.44817],[-58.97722,-38.44871],[-58.98016,-38.45068],[-58.98143,-38.45147],[-58.98203,-38.45179],[-58.98269,-38.45211],[-58.9853,-38.45323],[-58.98594,-38.45356],[-58.98639,-38.45382],[-58.98695,-38.45418],[-58.98754,-38.45462],[-58.98898,-38.45583],[-58.98944,-38.45619],[-58.99002,-38.45657],[-58.9906,-38.45686],[-58.9912,-38.4571],[-58.99182,-38.45727],[-58.99403,-38.4577],[-58.99483,-38.45789],[-58.99578,-38.45821],[-58.99795,-38.45906],[-58.9992,-38.45948],[-59.00002,-38.45972],[-59.00181,-38.46016],[-59.00258,-38.46037],[-59.00302,-38.46052],[-59.00342,-38.46069],[-59.00493,-38.46145],[-59.00553,-38.46166],[-59.00597,-38.46177],[-59.00661,-38.46185],[-59.00707,-38.46188],[-59.00771,-38.46186],[-59.00836,-38.4618],[-59.00897,-38.46171],[-59.01085,-38.46133],[-59.01166,-38.4612],[-59.01259,-38.46114],[-59.01329,-38.46117],[-59.01383,-38.46125],[-59.01437,-38.46138],[-59.01494,-38.46158],[-59.01667,-38.46228],[-59.01728,-38.46247],[-59.01814,-38.46266],[-59.01888,-38.46276],[-59.02074,-38.46293],[-59.0227,-38.46321],[-59.02343,-38.46328],[-59.02439,-38.46331],[-59.02685,-38.46326],[-59.0278,-38.4633],[-59.02857,-38.46343],[-59.02949,-38.46369],[-59.03039,-38.46404],[-59.03144,-38.46454],[-59.032,-38.46487],[-59.03243,-38.46515],[-59.03284,-38.46547],[-59.03327,-38.46587],[-59.03386,-38.46652],[-59.03433,-38.46716],[-59.03538,-38.46877],[-59.0358,-38.46934],[-59.03616,-38.46977],[-59.03683,-38.4704],[-59.03724,-38.47071],[-59.03774,-38.47103],[-59.03824,-38.47128],[-59.03858,-38.47141],[-59.0392,-38.47161],[-59.04018,-38.47181],[-59.04131,-38.47194],[-59.04415,-38.47216],[-59.04492,-38.47225],[-59.04572,-38.47239],[-59.04679,-38.47261],[-59.04789,-38.47289],[-59.0491,-38.47322],[-59.05012,-38.47353],[-59.05072,-38.47375],[-59.05133,-38.47401],[-59.05199,-38.47434],[-59.05241,-38.47461],[-59.05287,-38.47493],[-59.05333,-38.47529],[-59.05544,-38.47718],[-59.05651,-38.47801],[-59.05713,-38.47843],[-59.05773,-38.47878],[-59.05839,-38.47911],[-59.05894,-38.47934],[-59.05964,-38.47959],[-59.06015,-38.47974],[-59.0607,-38.47988],[-59.06132,-38.47998],[-59.06241,-38.48007],[-59.06449,-38.48007],[-59.06503,-38.4801],[-59.06594,-38.4802],[-59.06665,-38.48033],[-59.06764,-38.48061],[-59.06858,-38.48096],[-59.06988,-38.48153],[-59.07099,-38.4821],[-59.07166,-38.48251],[-59.07215,-38.4829],[-59.07248,-38.48323],[-59.07265,-38.48344],[-59.07287,-38.4838],[-59.07305,-38.48418],[-59.07314,-38.48445],[-59.07328,-38.48502],[-59.07338,-38.48565],[-59.07355,-38.48728],[-59.0737,-38.48797],[-59.07386,-38.48833],[-59.07405,-38.48859],[-59.07424,-38.48874],[-59.07446,-38.48884],[-59.07474,-38.48887],[-59.07495,-38.48884],[-59.07524,-38.48872],[-59.07551,-38.48856],[-59.07597,-38.48818],[-59.07721,-38.48699],[-59.07792,-38.48638],[-59.07866,-38.48585],[-59.07931,-38.48548],[-59.07991,-38.48522],[-59.08036,-38.48508],[-59.08074,-38.48499],[-59.08143,-38.4849],[-59.0821,-38.4849],[-59.08268,-38.48496],[-59.08304,-38.48503],[-59.08366,-38.48521],[-59.084,-38.48533],[-59.08473,-38.48564],[-59.08719,-38.48678],[-59.09019,-38.48805],[-59.0917,-38.48863],[-59.09249,-38.48887],[-59.09308,-38.48902],[-59.09384,-38.48915],[-59.09482,-38.48924],[-59.09565,-38.48924],[-59.0977,-38.48916],[-59.09865,-38.48918],[-59.09937,-38.48925],[-59.09997,-38.48934],[-59.10067,-38.48948],[-59.10308,-38.49013],[-59.10383,-38.49029],[-59.10455,-38.49042],[-59.10527,-38.49052],[-59.10633,-38.49061],[-59.10951,-38.49079],[-59.11013,-38.49087],[-59.11067,-38.49099],[-59.1112,-38.49117],[-59.11164,-38.49141],[-59.11194,-38.49167],[-59.11222,-38.49204],[-59.11233,-38.49225],[-59.11247,-38.49262],[-59.11291,-38.49447],[-59.11309,-38.49504],[-59.11328,-38.49555],[-59.1135,-38.49603],[-59.11374,-38.49645],[-59.1142,-38.49711],[-59.11452,-38.49749],[-59.11502,-38.49798],[-59.11571,-38.49856],[-59.11804,-38.50027],[-59.11846,-38.50054],[-59.11894,-38.5008],[-59.11938,-38.50097],[-59.11978,-38.50104],[-59.1201,-38.50103],[-59.12035,-38.50092],[-59.12049,-38.50077],[-59.12054,-38.50054],[-59.12049,-38.50024],[-59.12011,-38.49932],[-59.12002,-38.49906],[-59.11992,-38.49864],[-59.11988,-38.4982],[-59.11991,-38.49777],[-59.12003,-38.49727],[-59.12014,-38.49704],[-59.1203,-38.49676],[-59.1205,-38.49654],[-59.12073,-38.49634],[-59.12099,-38.49619],[-59.12129,-38.49607],[-59.12181,-38.496],[-59.1223,-38.49604],[-59.12263,-38.49611],[-59.12296,-38.49622],[-59.12348,-38.49644],[-59.12461,-38.497],[-59.12521,-38.49727],[-59.12587,-38.49751],[-59.12665,-38.49771],[-59.12727,-38.49782],[-59.12801,-38.49789],[-59.12865,-38.49792],[-59.1301,-38.49792],[-59.13069,-38.49795],[-59.13122,-38.49803],[-59.1315,-38.4981],[-59.13191,-38.49823],[-59.13263,-38.49858],[-59.13315,-38.49891],[-59.13424,-38.49971],[-59.13466,-38.49996],[-59.13524,-38.50021],[-59.13576,-38.50034],[-59.13628,-38.50039],[-59.13684,-38.50038],[-59.13958,-38.50013],[-59.14115,-38.50007],[-59.14215,-38.50009],[-59.1444,-38.50019],[-59.14674,-38.50022],[-59.14754,-38.50027],[-59.14945,-38.50046],[-59.15024,-38.50045],[-59.15063,-38.50039],[-59.15108,-38.50026],[-59.15134,-38.50014],[-59.15151,-38.50003],[-59.1518,-38.49978],[-59.15202,-38.49951],[-59.15215,-38.49926],[-59.15229,-38.49886],[-59.15233,-38.49861],[-59.15235,-38.49826],[-59.15233,-38.49802],[-59.15221,-38.4975],[-59.15203,-38.49711],[-59.15136,-38.49613],[-59.15122,-38.49582],[-59.15117,-38.4955],[-59.15118,-38.49534],[-59.15126,-38.49509],[-59.1514,-38.49489],[-59.15169,-38.49464],[-59.15204,-38.49447],[-59.1523,-38.49438],[-59.1526,-38.49432],[-59.15303,-38.49427],[-59.1535,-38.49427],[-59.15399,-38.49432],[-59.15454,-38.49446],[-59.15501,-38.49466],[-59.15549,-38.49497],[-59.15588,-38.49532],[-59.15627,-38.49582],[-59.15661,-38.49638],[-59.15764,-38.49852],[-59.15791,-38.499],[-59.15818,-38.4994],[-59.1585,-38.49977],[-59.15875,-38.49998],[-59.15908,-38.50019],[-59.15935,-38.5003],[-59.1596,-38.50037],[-59.16014,-38.50044],[-59.16053,-38.50044],[-59.16126,-38.50038],[-59.1618,-38.50029],[-59.16336,-38.49994],[-59.16689,-38.49897],[-59.16796,-38.49875],[-59.16909,-38.49861],[-59.17027,-38.49857],[-59.17268,-38.49866],[-59.17578,-38.49872],[-59.17704,-38.49881],[-59.17823,-38.499],[-59.17884,-38.49915],[-59.17963,-38.4994],[-59.18309,-38.50065],[-59.18775,-38.50246],[-59.19295,-38.50452],[-59.19392,-38.50488],[-59.19473,-38.50513],[-59.19521,-38.50525],[-59.19569,-38.50533],[-59.19636,-38.50537],[-59.19676,-38.50534],[-59.19715,-38.50527],[-59.19822,-38.50495],[-59.19878,-38.50484],[-59.19931,-38.50484],[-59.19952,-38.50488],[-59.19987,-38.50499],[-59.20015,-38.50513],[-59.20042,-38.50531],[-59.20066,-38.50552],[-59.20089,-38.50578],[-59.20125,-38.5063],[-59.20182,-38.50733],[-59.20209,-38.50776],[-59.20244,-38.50821],[-59.20284,-38.50861],[-59.20324,-38.50892],[-59.20361,-38.50916],[-59.20488,-38.50985],[-59.20549,-38.51022],[-59.20616,-38.51071],[-59.20719,-38.51163],[-59.20747,-38.51184],[-59.20782,-38.51206],[-59.20824,-38.51222],[-59.20866,-38.51228],[-59.20899,-38.51227],[-59.20946,-38.51218],[-59.20994,-38.51204],[-59.21068,-38.51174],[-59.21147,-38.51137],[-59.21354,-38.51024],[-59.214,-38.51002],[-59.21443,-38.50986],[-59.21476,-38.50976],[-59.21535,-38.50967],[-59.21601,-38.50967],[-59.21685,-38.50978],[-59.21772,-38.50999],[-59.22029,-38.51069],[-59.2212,-38.51088],[-59.22191,-38.51096],[-59.22262,-38.51097],[-59.22313,-38.51093],[-59.2238,-38.51082],[-59.22552,-38.51044],[-59.22634,-38.51031],[-59.22689,-38.51026],[-59.22747,-38.51024],[-59.22807,-38.51027],[-59.22869,-38.51035],[-59.22917,-38.51048],[-59.22953,-38.51063],[-59.22975,-38.51081],[-59.22988,-38.51102],[-59.22993,-38.51125],[-59.22993,-38.51148],[-59.22989,-38.51257],[-59.22993,-38.51303],[-59.23,-38.51335],[-59.23012,-38.51368],[-59.23032,-38.51405],[-59.23058,-38.51437],[-59.23084,-38.51462],[-59.23124,-38.5149],[-59.23169,-38.51514],[-59.23219,-38.51535],[-59.23296,-38.5156],[-59.23474,-38.51608],[-59.23522,-38.51626],[-59.23661,-38.51684],[-59.2369,-38.51694],[-59.23731,-38.51703],[-59.23782,-38.51706],[-59.23833,-38.517],[-59.23891,-38.51682],[-59.23941,-38.51656],[-59.23984,-38.51624],[-59.24023,-38.51584],[-59.24041,-38.51557],[-59.24056,-38.51528],[-59.24067,-38.51495],[-59.24073,-38.51455],[-59.24072,-38.51415],[-59.24066,-38.51381],[-59.24056,-38.51349],[-59.24036,-38.51307],[-59.24014,-38.5127],[-59.23933,-38.51163],[-59.2391,-38.51125],[-59.23901,-38.51098],[-59.23899,-38.51077],[-59.23903,-38.51055],[-59.23912,-38.51037],[-59.23935,-38.51013],[-59.2397,-38.50994],[-59.24009,-38.50981],[-59.24037,-38.50976],[-59.24089,-38.50971],[-59.24144,-38.50971],[-59.24202,-38.50976],[-59.24259,-38.50985],[-59.24329,-38.51002],[-59.24409,-38.51027],[-59.24735,-38.51163],[-59.24845,-38.51201],[-59.24976,-38.51239],[-59.25032,-38.51258],[-59.2507,-38.51276],[-59.25107,-38.51301],[-59.2513,-38.51322],[-59.2519,-38.5139],[-59.25215,-38.51412],[-59.25244,-38.51432],[-59.25277,-38.51449],[-59.25323,-38.51467],[-59.25375,-38.51482],[-59.25435,-38.51495],[-59.25539,-38.5151],[-59.25743,-38.51527],[-59.25814,-38.51535],[-59.2592,-38.51556],[-59.26106,-38.51607],[-59.26189,-38.51626],[-59.26266,-38.51639],[-59.26349,-38.51646],[-59.26422,-38.51646],[-59.26505,-38.51641],[-59.26627,-38.51621],[-59.26796,-38.51583],[-59.26877,-38.51567],[-59.26961,-38.51559],[-59.27033,-38.51561],[-59.27097,-38.5157],[-59.27194,-38.51592],[-59.27285,-38.5162],[-59.27526,-38.51703],[-59.27639,-38.51737],[-59.27761,-38.51769],[-59.27904,-38.51798],[-59.2801,-38.5181],[-59.28085,-38.51812],[-59.28179,-38.51808],[-59.28366,-38.51795],[-59.2843,-38.51793],[-59.28514,-38.51793],[-59.2859,-38.51798],[-59.28668,-38.5181],[-59.28723,-38.51823],[-59.28764,-38.51837],[-59.28815,-38.5186],[-59.28854,-38.51885],[-59.28889,-38.51913],[-59.28918,-38.51941],[-59.28963,-38.51995],[-59.28992,-38.52036],[-59.29021,-38.52084],[-59.29051,-38.52143],[-59.29083,-38.52217],[-59.29106,-38.52284],[-59.29125,-38.52353],[-59.29146,-38.52448],[-59.29181,-38.52642],[-59.29199,-38.52715],[-59.2922,-38.52773],[-59.29249,-38.52829],[-59.29273,-38.52863],[-59.293,-38.52893],[-59.2933,-38.5292],[-59.29357,-38.52938],[-59.29389,-38.52957],[-59.2942,-38.5297],[-59.29466,-38.52984],[-59.29497,-38.5299],[-59.29543,-38.52994],[-59.29605,-38.5299],[-59.29661,-38.52979],[-59.29703,-38.52965],[-59.29754,-38.52944],[-59.29827,-38.52907],[-59.29915,-38.52853],[-59.2999,-38.52799],[-59.30041,-38.52754],[-59.30074,-38.52721],[-59.30105,-38.52686],[-59.30142,-38.52637],[-59.30195,-38.52549],[-59.30279,-38.52384],[-59.30314,-38.52334],[-59.30335,-38.52312],[-59.30356,-38.52294],[-59.30391,-38.52276],[-59.30413,-38.52269],[-59.30449,-38.52262],[-59.30493,-38.52261],[-59.30566,-38.52269],[-59.30698,-38.52292],[-59.30766,-38.52301],[-59.30833,-38.52305],[-59.309,-38.52304],[-59.30964,-38.52298],[-59.31024,-38.52287],[-59.31233,-38.52231],[-59.3136,-38.52203],[-59.31485,-38.52182],[-59.31617,-38.52167],[-59.31703,-38.52161],[-59.31818,-38.52155],[-59.3206,-38.52155],[-59.32168,-38.52152],[-59.32544,-38.52125],[-59.32677,-38.52117],[-59.32787,-38.52114],[-59.32891,-38.52116],[-59.3297,-38.52121],[-59.33044,-38.52131],[-59.33101,-38.52142],[-59.33152,-38.52155],[-59.33237,-38.52183],[-59.33593,-38.52307],[-59.33861,-38.52406],[-59.3395,-38.5243],[-59.34023,-38.52443],[-59.34109,-38.52448],[-59.34173,-38.52446],[-59.3425,-38.52438],[-59.34339,-38.52423],[-59.34624,-38.52365],[-59.34723,-38.52352],[-59.34775,-38.5235],[-59.34837,-38.52352],[-59.34888,-38.52357],[-59.3495,-38.5237],[-59.3506,-38.52402],[-59.35331,-38.525],[-59.3546,-38.52551],[-59.3566,-38.52635],[-59.35787,-38.5268],[-59.35896,-38.52708],[-59.35981,-38.52725],[-59.36422,-38.52791],[-59.36557,-38.52818],[-59.36682,-38.52849],[-59.36904,-38.52914],[-59.37145,-38.52991],[-59.37245,-38.53027],[-59.3751,-38.53134],[-59.37609,-38.5317],[-59.37718,-38.53202],[-59.37777,-38.53216],[-59.37844,-38.53227],[-59.37967,-38.53239],[-59.38194,-38.53246],[-59.38341,-38.53256],[-59.38515,-38.53277],[-59.38829,-38.53323],[-59.38932,-38.53336],[-59.39022,-38.53344],[-59.39145,-38.5335],[-59.39274,-38.53351],[-59.39413,-38.53346],[-59.39537,-38.53336],[-59.39811,-38.53304],[-59.39955,-38.5329],[-59.40062,-38.53284],[-59.40152,-38.53287],[-59.40193,-38.53293],[-59.40233,-38.53303],[-59.40274,-38.53318],[-59.40313,-38.53335],[-59.40352,-38.53357],[-59.40488,-38.53446],[-59.40541,-38.53477],[-59.40602,-38.53507],[-59.40686,-38.53537],[-59.40762,-38.53557],[-59.40878,-38.53578],[-59.41088,-38.53606],[-59.41233,-38.5362],[-59.41328,-38.53621],[-59.41395,-38.53616],[-59.41469,-38.53605],[-59.41524,-38.53591],[-59.41573,-38.53576],[-59.41665,-38.53537],[-59.41726,-38.53507],[-59.41908,-38.53408],[-59.41969,-38.5338],[-59.42011,-38.53362],[-59.42085,-38.5334],[-59.42145,-38.53327],[-59.42214,-38.53317],[-59.42288,-38.53313],[-59.42327,-38.53315],[-59.42366,-38.53319],[-59.42403,-38.5333],[-59.4242,-38.53339],[-59.42449,-38.53361],[-59.42467,-38.53381],[-59.42537,-38.53491],[-59.42567,-38.53527],[-59.42599,-38.53555],[-59.42645,-38.53584],[-59.42694,-38.53606],[-59.42748,-38.53621],[-59.42814,-38.53633],[-59.42878,-38.53639],[-59.42946,-38.53641],[-59.43017,-38.5364],[-59.43106,-38.53634],[-59.43445,-38.536],[-59.43817,-38.53551],[-59.43962,-38.53539],[-59.44083,-38.53538],[-59.44229,-38.53544],[-59.44331,-38.53553],[-59.44463,-38.53573],[-59.4458,-38.53598],[-59.44896,-38.53683],[-59.44987,-38.53703],[-59.45206,-38.53743],[-59.45291,-38.53765],[-59.45345,-38.53782],[-59.45402,-38.53805],[-59.456,-38.53897],[-59.45718,-38.53943],[-59.45867,-38.53989],[-59.4614,-38.54062],[-59.46284,-38.54095],[-59.46421,-38.54119],[-59.46849,-38.54176],[-59.47044,-38.54209],[-59.47272,-38.54254],[-59.47374,-38.54277],[-59.47466,-38.54303],[-59.47553,-38.54334],[-59.47617,-38.54362],[-59.47719,-38.54416],[-59.47956,-38.54561],[-59.48457,-38.54853],[-59.48604,-38.54946],[-59.48789,-38.55074],[-59.48865,-38.55119],[-59.48984,-38.55177],[-59.49212,-38.55274],[-59.49317,-38.55322],[-59.49607,-38.55473],[-59.49888,-38.55614],[-59.49999,-38.55674],[-59.50077,-38.55722],[-59.50135,-38.55763],[-59.50191,-38.55809],[-59.50334,-38.55934],[-59.50384,-38.55971],[-59.50424,-38.55996],[-59.50462,-38.56015],[-59.50499,-38.56032],[-59.50551,-38.56051],[-59.50635,-38.56073],[-59.50709,-38.56084],[-59.50778,-38.56086],[-59.50869,-38.56079],[-59.50933,-38.56068],[-59.51044,-38.56042],[-59.5133,-38.55952],[-59.51466,-38.55914],[-59.51562,-38.55895],[-59.51606,-38.55892],[-59.51655,-38.55896],[-59.51696,-38.55908],[-59.51724,-38.55924],[-59.51738,-38.55936],[-59.51749,-38.55951],[-59.51756,-38.55963],[-59.51762,-38.55984],[-59.51763,-38.56006],[-59.5176,-38.5603],[-59.51726,-38.56123],[-59.51719,-38.56159],[-59.51717,-38.56196],[-59.51721,-38.5623],[-59.51734,-38.56272],[-59.51749,-38.56297],[-59.5176,-38.5631],[-59.51787,-38.56332],[-59.51819,-38.56344],[-59.51857,-38.56348],[-59.51889,-38.56344],[-59.5192,-38.56337],[-59.51954,-38.56325],[-59.52153,-38.56234],[-59.52266,-38.56191],[-59.52345,-38.56166],[-59.52433,-38.56141],[-59.52511,-38.56123],[-59.5259,-38.56109],[-59.52677,-38.56099],[-59.52783,-38.56094],[-59.52879,-38.56095],[-59.52991,-38.561],[-59.53104,-38.56109],[-59.53327,-38.56132],[-59.53491,-38.56152],[-59.53597,-38.56168],[-59.53759,-38.56198],[-59.539,-38.56229],[-59.54163,-38.56298],[-59.54285,-38.56326],[-59.54437,-38.56354],[-59.5469,-38.56393],[-59.54795,-38.56414],[-59.54867,-38.56435],[-59.54933,-38.56461],[-59.54979,-38.56485],[-59.5503,-38.5652],[-59.55078,-38.56565],[-59.55108,-38.56604],[-59.55135,-38.5665],[-59.55157,-38.56695],[-59.55215,-38.56851],[-59.55232,-38.5689],[-59.55256,-38.56934],[-59.5528,-38.56967],[-59.55306,-38.56992],[-59.55338,-38.57014],[-59.5536,-38.57024],[-59.55399,-38.57034],[-59.55438,-38.57036],[-59.55475,-38.57031],[-59.55521,-38.57019],[-59.55578,-38.56994],[-59.55631,-38.56963],[-59.55692,-38.56921],[-59.55753,-38.56871],[-59.55866,-38.56772],[-59.55914,-38.56738],[-59.5595,-38.5672],[-59.55986,-38.56708],[-59.56009,-38.56704],[-59.5606,-38.56702],[-59.56115,-38.56708],[-59.56175,-38.56722],[-59.56221,-38.56737],[-59.56305,-38.56774],[-59.56392,-38.56817],[-59.56489,-38.5687],[-59.56796,-38.5705],[-59.56851,-38.57079],[-59.56918,-38.57108],[-59.56978,-38.57127],[-59.57029,-38.57137],[-59.57075,-38.57142],[-59.57147,-38.57141],[-59.57223,-38.57133],[-59.57325,-38.57113],[-59.57396,-38.57094],[-59.57477,-38.57067],[-59.57549,-38.57038],[-59.57713,-38.56965],[-59.57874,-38.56888],[-59.57965,-38.5684],[-59.58125,-38.56748],[-59.58184,-38.56718],[-59.58238,-38.56695],[-59.58305,-38.56675],[-59.58422,-38.56653],[-59.58708,-38.56615],[-59.58853,-38.56599],[-59.59075,-38.5658],[-59.59184,-38.56564],[-59.59246,-38.56551],[-59.59329,-38.56529],[-59.59547,-38.56463],[-59.59662,-38.56431],[-59.59786,-38.564],[-59.59883,-38.56381],[-59.59936,-38.56374],[-59.60001,-38.56371],[-59.60065,-38.56376],[-59.6012,-38.56385],[-59.60169,-38.56397],[-59.60259,-38.56426],[-59.60441,-38.5649],[-59.60531,-38.56525],[-59.60587,-38.56551],[-59.60635,-38.56578],[-59.60663,-38.56597],[-59.60702,-38.5663],[-59.60725,-38.56655],[-59.60752,-38.56689],[-59.60777,-38.5673],[-59.60802,-38.56783],[-59.60818,-38.56835],[-59.60827,-38.5688],[-59.60851,-38.57048],[-59.6086,-38.57085],[-59.60877,-38.57128],[-59.609,-38.57167],[-59.60921,-38.5719],[-59.60957,-38.57217],[-59.60987,-38.57231],[-59.61016,-38.57239],[-59.61048,-38.57244],[-59.61197,-38.57256],[-59.61253,-38.57264],[-59.61334,-38.57283],[-59.61409,-38.57306],[-59.61484,-38.57335],[-59.61575,-38.57376],[-59.61975,-38.57574],[-59.62074,-38.57621],[-59.62175,-38.57662],[-59.62274,-38.57691],[-59.62338,-38.57702],[-59.62378,-38.57706],[-59.62429,-38.57707],[-59.62475,-38.57706],[-59.62568,-38.57696],[-59.62771,-38.57659],[-59.62863,-38.57646],[-59.62947,-38.57642],[-59.6301,-38.57643],[-59.63066,-38.57649],[-59.63172,-38.57666],[-59.63281,-38.57693],[-59.63388,-38.57724],[-59.63593,-38.57789],[-59.63712,-38.57821],[-59.63857,-38.57847],[-59.64154,-38.57883],[-59.64281,-38.57904],[-59.64351,-38.57921],[-59.64404,-38.5794],[-59.64445,-38.57959],[-59.64471,-38.57975],[-59.64498,-38.57995],[-59.64531,-38.5803],[-59.64549,-38.58058],[-59.64557,-38.58074],[-59.64568,-38.58115],[-59.64571,-38.58159],[-59.64566,-38.58199],[-59.6456,-38.58225],[-59.64545,-38.58266],[-59.64495,-38.58362],[-59.64485,-38.5839],[-59.64483,-38.58407],[-59.64484,-38.58423],[-59.64491,-38.58443],[-59.645,-38.58457],[-59.64527,-38.58483],[-59.64557,-38.58502],[-59.64591,-38.58521],[-59.64952,-38.58703],[-59.65032,-38.58738],[-59.65113,-38.58767],[-59.65213,-38.58796],[-59.65314,-38.58818],[-59.65426,-38.58834],[-59.65625,-38.58854],[-59.65732,-38.58867],[-59.65863,-38.58892],[-59.65972,-38.5892],[-59.66088,-38.58957],[-59.66193,-38.59],[-59.66297,-38.5905],[-59.66526,-38.59167],[-59.66611,-38.59205],[-59.66705,-38.59237],[-59.66775,-38.59251],[-59.66857,-38.59259],[-59.66921,-38.59259],[-59.66984,-38.59255],[-59.67113,-38.59236],[-59.67345,-38.59189],[-59.67442,-38.59174],[-59.67559,-38.59164],[-59.67685,-38.59165],[-59.67793,-38.59172],[-59.67904,-38.59185],[-59.68035,-38.59203],[-59.68171,-38.59226],[-59.68616,-38.59308],[-59.68745,-38.59336],[-59.68872,-38.59368],[-59.69073,-38.5943],[-59.69684,-38.59635],[-59.69798,-38.59678],[-59.69868,-38.59709],[-59.69919,-38.59735],[-59.70016,-38.59794],[-59.7009,-38.5985],[-59.70154,-38.59907],[-59.70364,-38.60111],[-59.70438,-38.60177],[-59.70493,-38.60221],[-59.70544,-38.60256],[-59.70586,-38.60279],[-59.70637,-38.60299],[-59.70689,-38.60314],[-59.70728,-38.60321],[-59.70777,-38.60327],[-59.70854,-38.60329],[-59.70925,-38.60326],[-59.71005,-38.60316],[-59.71079,-38.60302],[-59.7117,-38.60281],[-59.71253,-38.60258],[-59.71467,-38.60194],[-59.7154,-38.60175],[-59.7163,-38.6016],[-59.71674,-38.60157],[-59.71715,-38.60158],[-59.7178,-38.60167],[-59.71954,-38.60211],[-59.72229,-38.60266],[-59.72342,-38.60291],[-59.72425,-38.60313],[-59.72528,-38.60346],[-59.72642,-38.60394],[-59.72697,-38.60421],[-59.7275,-38.60452],[-59.72836,-38.60511],[-59.7291,-38.60574],[-59.73001,-38.60668],[-59.73069,-38.60751],[-59.73139,-38.60852],[-59.73259,-38.61041],[-59.73298,-38.61096],[-59.73332,-38.61138],[-59.73392,-38.61201],[-59.73438,-38.61239],[-59.73487,-38.61269],[-59.73528,-38.61286],[-59.73554,-38.61291],[-59.73579,-38.61293],[-59.73615,-38.61289],[-59.73648,-38.61278],[-59.73671,-38.61268],[-59.73705,-38.61248],[-59.73741,-38.61221],[-59.73785,-38.61184],[-59.73933,-38.61039],[-59.7399,-38.60986],[-59.74037,-38.60948],[-59.74101,-38.60905],[-59.74144,-38.60882],[-59.74185,-38.60864],[-59.74259,-38.60838],[-59.74336,-38.6082],[-59.74399,-38.60811],[-59.74462,-38.6081],[-59.74532,-38.60817],[-59.74567,-38.60825],[-59.74604,-38.60838],[-59.74657,-38.60866],[-59.74708,-38.60905],[-59.74749,-38.60948],[-59.74783,-38.60991],[-59.7486,-38.61101],[-59.74893,-38.61138],[-59.74919,-38.61159],[-59.74944,-38.61174],[-59.74974,-38.61185],[-59.75011,-38.61191],[-59.75043,-38.6119],[-59.75073,-38.61183],[-59.751,-38.61173],[-59.75127,-38.61159],[-59.75159,-38.61138],[-59.75253,-38.61065],[-59.75295,-38.6104],[-59.75335,-38.61025],[-59.75365,-38.61021],[-59.75391,-38.61022],[-59.75421,-38.61028],[-59.75439,-38.61035],[-59.75479,-38.61054],[-59.75526,-38.61086],[-59.75616,-38.61155],[-59.75658,-38.61184],[-59.75703,-38.6121],[-59.75756,-38.61233],[-59.75804,-38.61248],[-59.75863,-38.61257],[-59.75925,-38.6126],[-59.76,-38.61257],[-59.76075,-38.61248],[-59.76173,-38.61232],[-59.76298,-38.61207],[-59.76398,-38.61184],[-59.7652,-38.61148],[-59.76582,-38.61125],[-59.76725,-38.61067],[-59.76793,-38.61045],[-59.76826,-38.61037],[-59.76874,-38.61029],[-59.76937,-38.61025],[-59.76995,-38.61028],[-59.77039,-38.61033],[-59.77089,-38.61041],[-59.77156,-38.61057],[-59.77206,-38.61073],[-59.77259,-38.61095],[-59.77299,-38.61116],[-59.77341,-38.61146],[-59.77371,-38.61172],[-59.77398,-38.61201],[-59.7742,-38.61232],[-59.7744,-38.61268],[-59.77462,-38.61323],[-59.77474,-38.61375],[-59.77493,-38.61523],[-59.77505,-38.61587],[-59.77524,-38.61655],[-59.77541,-38.61697],[-59.7756,-38.61735],[-59.7758,-38.61769],[-59.77603,-38.618],[-59.77629,-38.61829],[-59.77661,-38.61858],[-59.77685,-38.61875],[-59.77721,-38.61894],[-59.77749,-38.61905],[-59.77775,-38.61911],[-59.77807,-38.61913],[-59.77845,-38.61911],[-59.77882,-38.61904],[-59.7794,-38.61885],[-59.77997,-38.61861],[-59.78172,-38.6178],[-59.78272,-38.61737],[-59.78382,-38.61696],[-59.78466,-38.61672],[-59.78582,-38.6165],[-59.78843,-38.61619],[-59.792,-38.61567],[-59.79338,-38.61552],[-59.79459,-38.61545],[-59.79555,-38.61543],[-59.79655,-38.61548],[-59.79723,-38.61557],[-59.79803,-38.61573],[-59.79884,-38.61597],[-59.80062,-38.61671],[-59.80131,-38.61695],[-59.80166,-38.61703],[-59.80211,-38.6171],[-59.80255,-38.61712],[-59.80309,-38.61707],[-59.80365,-38.61694],[-59.804,-38.61682],[-59.80485,-38.61645],[-59.80571,-38.61597],[-59.80754,-38.61482],[-59.80813,-38.61451],[-59.80856,-38.61433],[-59.80925,-38.61409],[-59.80977,-38.61397],[-59.8103,-38.61391],[-59.81085,-38.61393],[-59.8113,-38.614],[-59.8117,-38.61412],[-59.81207,-38.61428],[-59.81246,-38.61448],[-59.81296,-38.61482],[-59.81426,-38.61585],[-59.81494,-38.61636],[-59.81913,-38.61932],[-59.82015,-38.61999],[-59.82092,-38.62044],[-59.82183,-38.62093],[-59.82299,-38.6215],[-59.82479,-38.62234],[-59.82524,-38.62259],[-59.82604,-38.62309],[-59.82773,-38.62433],[-59.82858,-38.62489],[-59.82957,-38.62543],[-59.8304,-38.6258],[-59.83111,-38.62607],[-59.83196,-38.62637],[-59.83318,-38.62673],[-59.83388,-38.62692],[-59.8348,-38.62712],[-59.83534,-38.62722],[-59.83598,-38.62729],[-59.83668,-38.62734],[-59.83735,-38.62734],[-59.83825,-38.6273],[-59.84241,-38.6269],[-59.84338,-38.62684],[-59.84565,-38.62675],[-59.84795,-38.62654],[-59.84854,-38.62653],[-59.84892,-38.62655],[-59.84962,-38.62666],[-59.85018,-38.62685],[-59.85055,-38.62702],[-59.85091,-38.62722],[-59.85147,-38.62761],[-59.85192,-38.62799],[-59.85226,-38.62834],[-59.85272,-38.62896],[-59.85296,-38.62938],[-59.85367,-38.63079],[-59.85407,-38.63138],[-59.85437,-38.63171],[-59.85477,-38.63202],[-59.85524,-38.63226],[-59.8556,-38.63237],[-59.85609,-38.63243],[-59.85644,-38.63241],[-59.85682,-38.63235],[-59.85719,-38.63226],[-59.85873,-38.63172],[-59.85935,-38.63153],[-59.86011,-38.63136],[-59.86077,-38.63128],[-59.86137,-38.63127],[-59.86194,-38.63131],[-59.86391,-38.63165],[-59.86485,-38.63176],[-59.86591,-38.63177],[-59.86679,-38.63169],[-59.86828,-38.63147],[-59.86996,-38.63117],[-59.87124,-38.63088],[-59.87346,-38.63031],[-59.87469,-38.63004],[-59.87586,-38.62984],[-59.87696,-38.62971],[-59.87782,-38.62966],[-59.88056,-38.62963],[-59.88385,-38.62948],[-59.88571,-38.62946],[-59.88657,-38.62949],[-59.8873,-38.62955],[-59.88804,-38.62966],[-59.88871,-38.62983],[-59.88919,-38.63],[-59.88962,-38.63018],[-59.89045,-38.63063],[-59.89115,-38.6311],[-59.89181,-38.63164],[-59.89229,-38.63209],[-59.89272,-38.63254],[-59.89354,-38.63351],[-59.89428,-38.6345],[-59.89585,-38.63686],[-59.89652,-38.63771],[-59.89723,-38.63847],[-59.89799,-38.63914],[-59.89844,-38.6395],[-59.90034,-38.64086],[-59.90107,-38.64146],[-59.90197,-38.6423],[-59.90364,-38.64406],[-59.90453,-38.64487],[-59.90522,-38.64541],[-59.90661,-38.6464],[-59.90725,-38.64681],[-59.9077,-38.64704],[-59.90806,-38.64718],[-59.90855,-38.6473],[-59.90901,-38.64734],[-59.90938,-38.64732],[-59.90969,-38.64727],[-59.91014,-38.64713],[-59.91055,-38.64694],[-59.91165,-38.64635],[-59.912,-38.6462],[-59.91273,-38.64599],[-59.91346,-38.64589],[-59.9142,-38.64588],[-59.91485,-38.64593],[-59.91551,-38.64604],[-59.91602,-38.64617],[-59.91658,-38.64638],[-59.9173,-38.64677],[-59.9179,-38.64719],[-59.91894,-38.64804],[-59.91976,-38.64864],[-59.92059,-38.64913],[-59.92125,-38.64946],[-59.92215,-38.64986],[-59.92335,-38.65034],[-59.92438,-38.65069],[-59.92603,-38.65123],[-59.92699,-38.65159],[-59.92784,-38.65198],[-59.92974,-38.65293],[-59.93105,-38.65351],[-59.93194,-38.65384],[-59.93282,-38.6541],[-59.93352,-38.65427],[-59.93656,-38.65486],[-59.93784,-38.6552],[-59.93916,-38.65564],[-59.94149,-38.65659],[-59.94228,-38.65689],[-59.94348,-38.65727],[-59.94564,-38.65789],[-59.94652,-38.65817],[-59.94738,-38.6585],[-59.94816,-38.65887],[-59.94872,-38.65916],[-59.9501,-38.65996],[-59.95082,-38.66034],[-59.95146,-38.66061],[-59.95203,-38.6608],[-59.95299,-38.66103],[-59.95397,-38.66117],[-59.95503,-38.66123],[-59.95584,-38.66119],[-59.95645,-38.66108],[-59.95689,-38.66094],[-59.95732,-38.66075],[-59.95817,-38.6603],[-59.95855,-38.66014],[-59.959,-38.66002],[-59.95933,-38.65999],[-59.95976,-38.66001],[-59.96026,-38.66012],[-59.96081,-38.66034],[-59.96123,-38.66059],[-59.96153,-38.66081],[-59.96177,-38.66104],[-59.96197,-38.66128],[-59.96212,-38.66153],[-59.96222,-38.6618],[-59.96227,-38.6621],[-59.96224,-38.66248],[-59.96215,-38.6628],[-59.96191,-38.66321],[-59.96152,-38.66367],[-59.9611,-38.66405],[-59.9601,-38.66485],[-59.95962,-38.66528],[-59.95907,-38.66585],[-59.95857,-38.6665],[-59.95813,-38.66724],[-59.95785,-38.66785],[-59.95765,-38.66853],[-59.9576,-38.66878],[-59.95755,-38.66931],[-59.95758,-38.66997],[-59.95771,-38.6707],[-59.95784,-38.67114],[-59.95799,-38.67151],[-59.95816,-38.67187],[-59.95843,-38.67231],[-59.95879,-38.67278],[-59.9591,-38.67311],[-59.95945,-38.67342],[-59.95982,-38.6737],[-59.96015,-38.67391],[-59.96101,-38.67434],[-59.96197,-38.67469],[-59.96566,-38.67583],[-59.96645,-38.67605],[-59.96707,-38.67619],[-59.96763,-38.67628],[-59.96818,-38.67632],[-59.96882,-38.67634],[-59.96983,-38.67629],[-59.97101,-38.67614],[-59.97416,-38.67558],[-59.97838,-38.67496],[-59.98162,-38.67438],[-59.98285,-38.67419],[-59.98433,-38.67402],[-59.98547,-38.67393],[-59.98625,-38.6739],[-59.98714,-38.67394],[-59.9879,-38.67403],[-59.98862,-38.67415],[-59.99066,-38.67464],[-60.0,-38.67722]]]}},{"type":"Feature","properties":{"fdc":"Atlas 500k 1° Ediciónl","sag":"IGN","crv":20,"mo2":2,"tipo":"Curva de nivel","ign":"lineas_de_geomorfologia_CA010.17453"},"geometry":{"type":"MultiLineString","coordinates":[[[-59.3725,-38.66643],[-59.37585,-38.66174],[-59.37649,-38.6608],[-59.37681,-38.66027],[-59.37707,-38.65972],[-59.37717,-38.65939],[-59.3772,-38.65898],[-59.37713,-38.6586],[-59.37699,-38.65831],[-59.37676,-38.65804],[-59.37622,-38.65766],[-59.37574,-38.65743],[-59.37448,-38.65691],[-59.37375,-38.65653],[-59.37319,-38.65616],[-59.37214,-38.65536],[-59.37172,-38.65513],[-59.37123,-38.65497],[-59.3707,-38.65491],[-59.37012,-38.65497],[-59.36962,-38.65509],[-59.36915,-38.65526],[-59.36866,-38.65547],[-59.3655,-38.65715],[-59.36499,-38.65747],[-59.3645,-38.65785],[-59.36423,-38.65813],[-59.36394,-38.65856],[-59.36379,-38.6589],[-59.36374,-38.65913],[-59.36372,-38.6594],[-59.36374,-38.65969],[-59.36378,-38.65989],[-59.36394,-38.66027],[-59.36421,-38.66066],[-59.36437,-38.66084],[-59.36472,-38.66116],[-59.365,-38.66138],[-59.36604,-38.66209],[-59.36754,-38.66304],[-59.37009,-38.6646],[-59.37131,-38.66539],[-59.37178,-38.66573],[-59.37227,-38.66611],[-59.37248,-38.66633],[-59.37251,-38.66638],[-59.3725,-38.66643]]]}},{"type":"Feature","properties":{"fdc":"Atlas 500k 1° Ediciónl","sag":"IGN","crv":20,"mo2":2,"tipo":"Curva de nivel","ign":"lineas_de_geomorfologia_CA010.17455"},"geometry":{"type":"MultiLineString","coordinates":[[[-59.33667,-38.67014],[-59.33664,-38.67015],[-59.33652,-38.6701],[-59.33644,-38.67004],[-59.33618,-38.66973],[-59.33606,-38.66951],[-59.33593,-38.66914],[-59.33583,-38.6687],[-59.3358,-38.66827],[-59.33584,-38.66776],[-59.33598,-38.66719],[-59.33617,-38.66679],[-59.33647,-38.66636],[-59.3377,-38.66506],[-59.3391,-38.66329],[-59.33957,-38.66284],[-59.33995,-38.66256],[-59.34017,-38.66245],[-59.34039,-38.6624],[-59.34064,-38.66239],[-59.3409,-38.66247],[-59.34118,-38.66268],[-59.34137,-38.66289],[-59.34163,-38.66331],[-59.34181,-38.66374],[-59.34188,-38.66405],[-59.3419,-38.66426],[-59.34188,-38.66454],[-59.34185,-38.66472],[-59.34172,-38.66505],[-59.34149,-38.66542],[-59.34125,-38.6657],[-59.34018,-38.66664],[-59.33992,-38.66692],[-59.33969,-38.66726],[-59.33902,-38.6685],[-59.33883,-38.66879],[-59.33845,-38.66924],[-59.33802,-38.6696],[-59.33757,-38.66988],[-59.33723,-38.67003],[-59.33699,-38.67011],[-59.33675,-38.67015],[-59.33667,-38.67014]]]}},{"type":"Feature","properties":{"fdc":"Atlas 500k 1° Ediciónl","sag":"IGN","crv":20,"mo2":2,"tipo":"Curva de nivel","ign":"lineas_de_geomorfologia_CA010.17456"},"geometry":{"type":"MultiLineString","coordinates":[[[-59.23167,-38.67017],[-59.23156,-38.67004],[-59.23145,-38.66983],[-59.23126,-38.66936],[-59.23118,-38.66906],[-59.23114,-38.66856],[-59.23116,-38.66833],[-59.23121,-38.66813],[-59.23129,-38.66796],[-59.23144,-38.66776],[-59.23168,-38.66753],[-59.23209,-38.6673],[-59.23239,-38.66722],[-59.23285,-38.66717],[-59.23318,-38.6672],[-59.23358,-38.66729],[-59.23395,-38.66744],[-59.23431,-38.66767],[-59.23456,-38.66793],[-59.23473,-38.66821],[-59.23482,-38.66843],[-59.23486,-38.66863],[-59.23485,-38.66904],[-59.2348,-38.66928],[-59.23465,-38.6696],[-59.23443,-38.6699],[-59.23418,-38.67013],[-59.23382,-38.67034],[-59.23355,-38.67043],[-59.23328,-38.67048],[-59.23296,-38.6705],[-59.23252,-38.67046],[-59.23224,-38.6704],[-59.23183,-38.67026],[-59.23167,-38.67017]]]}},{"type":"Feature","properties":{"fdc":"Atlas 500k 1° Ediciónl","sag":"IGN","crv":30,"mo2":2,"tipo":"Curva de nivel","ign":"lineas_de_geomorfologia_CA010.17479"},"geometry":{"type":"MultiLineString","coordinates":[[[-58.95909,-38.51002],[-58.95936,-38.50993],[-58.96034,-38.50967],[-58.96091,-38.50958],[-58.96125,-38.50958],[-58.96151,-38.5096],[-58.96179,-38.50967],[-58.9621,-38.50985],[-58.96223,-38.50998],[-58.96235,-38.51018],[-58.96245,-38.51052],[-58.96246,-38.51071],[-58.96243,-38.511],[-58.96227,-38.51153],[-58.96212,-38.51187],[-58.96181,-38.51244],[-58.96123,-38.51332],[-58.96099,-38.51379],[-58.96094,-38.51398],[-58.96091,-38.51421],[-58.96094,-38.5144],[-58.96103,-38.51459],[-58.96112,-38.51468],[-58.96129,-38.51479],[-58.96169,-38.51493],[-58.96346,-38.51522],[-58.96409,-38.51536],[-58.96468,-38.51553],[-58.96551,-38.51584],[-58.96758,-38.51673],[-58.96834,-38.51699],[-58.96887,-38.5171],[-58.96927,-38.51714],[-58.96988,-38.51713],[-58.9706,-38.51701],[-58.97129,-38.51678],[-58.97206,-38.51641],[-58.97262,-38.51608],[-58.97618,-38.5137],[-58.97744,-38.51292],[-58.97851,-38.51233],[-58.97938,-38.51193],[-58.97979,-38.51179],[-58.98025,-38.51167],[-58.98072,-38.51158],[-58.9812,-38.51155],[-58.98172,-38.51159],[-58.98203,-38.51165],[-58.98237,-38.51176],[-58.98283,-38.51198],[-58.98329,-38.51232],[-58.9837,-38.51274],[-58.98386,-38.51295],[-58.98412,-38.51334],[-58.98443,-38.51391],[-58.98547,-38.5163],[-58.98589,-38.51714],[-58.98622,-38.51774],[-58.98649,-38.51818],[-58.98688,-38.51873],[-58.98718,-38.51905],[-58.98768,-38.51946],[-58.98811,-38.5197],[-58.98846,-38.51985],[-58.98884,-38.51996],[-58.98937,-38.52007],[-58.9908,-38.52029],[-58.99174,-38.52053],[-58.99247,-38.5208],[-58.99453,-38.52166],[-58.9951,-38.52185],[-58.99558,-38.52196],[-58.99621,-38.52206],[-58.99675,-38.52211],[-58.99755,-38.52212],[-58.99845,-38.52206],[-59.00008,-38.5219],[-59.00108,-38.52186],[-59.00193,-38.52194],[-59.0024,-38.52207],[-59.00261,-38.52218],[-59.00276,-38.52231],[-59.00287,-38.5225],[-59.0029,-38.52264],[-59.00287,-38.52288],[-59.00251,-38.52367],[-59.00241,-38.52409],[-59.00239,-38.52461],[-59.00242,-38.52485],[-59.00249,-38.52517],[-59.00269,-38.52562],[-59.00297,-38.52596],[-59.00323,-38.52614],[-59.00355,-38.52626],[-59.004,-38.52629],[-59.00452,-38.5262],[-59.00514,-38.52598],[-59.00577,-38.52567],[-59.00681,-38.52502],[-59.00864,-38.52371],[-59.00972,-38.52298],[-59.01087,-38.52227],[-59.0134,-38.5208],[-59.0139,-38.52057],[-59.01432,-38.52044],[-59.01475,-38.52038],[-59.0153,-38.52041],[-59.01593,-38.52054],[-59.0165,-38.52073],[-59.02052,-38.52244],[-59.02161,-38.52283],[-59.02287,-38.5232],[-59.02427,-38.52352],[-59.02584,-38.52379],[-59.02743,-38.52399],[-59.03038,-38.52428],[-59.03135,-38.52443],[-59.03223,-38.52462],[-59.0328,-38.52479],[-59.03321,-38.52494],[-59.03385,-38.52522],[-59.03444,-38.52554],[-59.03503,-38.52591],[-59.03561,-38.52631],[-59.03666,-38.52717],[-59.03825,-38.52869],[-59.03929,-38.52957],[-59.04014,-38.53025],[-59.041,-38.5309],[-59.04212,-38.53163],[-59.04282,-38.53204],[-59.04365,-38.53247],[-59.04458,-38.53292],[-59.04565,-38.53338],[-59.04658,-38.53374],[-59.04735,-38.534],[-59.04811,-38.53422],[-59.04898,-38.53443],[-59.04965,-38.53453],[-59.05041,-38.53459],[-59.05108,-38.53456],[-59.05159,-38.53448],[-59.05192,-38.53439],[-59.05245,-38.53422],[-59.0542,-38.53349],[-59.05478,-38.53326],[-59.05549,-38.53304],[-59.05612,-38.53288],[-59.05707,-38.53271],[-59.05997,-38.53244],[-59.06131,-38.53223],[-59.06205,-38.53207],[-59.06273,-38.5319],[-59.06536,-38.53106],[-59.06611,-38.53085],[-59.06692,-38.53066],[-59.06773,-38.53052],[-59.06827,-38.53047],[-59.06903,-38.53045],[-59.0694,-38.53047],[-59.07025,-38.53057],[-59.07081,-38.53068],[-59.07141,-38.53085],[-59.0721,-38.53111],[-59.07278,-38.53142],[-59.07337,-38.53175],[-59.07391,-38.53213],[-59.07434,-38.5325],[-59.07461,-38.53279],[-59.07493,-38.53319],[-59.07529,-38.53377],[-59.07553,-38.53426],[-59.07575,-38.53481],[-59.07622,-38.53624],[-59.07649,-38.53686],[-59.07672,-38.53726],[-59.07698,-38.53759],[-59.07727,-38.53789],[-59.07763,-38.53817],[-59.07816,-38.53851],[-59.07864,-38.53875],[-59.0819,-38.54016],[-59.0829,-38.54052],[-59.08378,-38.54074],[-59.08434,-38.54083],[-59.08484,-38.54088],[-59.08609,-38.5409],[-59.08792,-38.54081],[-59.08885,-38.54071],[-59.08941,-38.54061],[-59.09021,-38.54042],[-59.09117,-38.54009],[-59.09186,-38.53979],[-59.09311,-38.53917],[-59.09384,-38.53886],[-59.0943,-38.53872],[-59.09493,-38.5386],[-59.09547,-38.53855],[-59.09595,-38.53855],[-59.09669,-38.53859],[-59.09817,-38.53875],[-59.09868,-38.53877],[-59.09945,-38.53876],[-59.10008,-38.5387],[-59.10109,-38.53852],[-59.1031,-38.53795],[-59.10404,-38.53774],[-59.10475,-38.53767],[-59.10518,-38.53766],[-59.10555,-38.53768],[-59.10615,-38.53778],[-59.10679,-38.53797],[-59.10747,-38.53828],[-59.10798,-38.53859],[-59.10956,-38.53962],[-59.11165,-38.5408],[-59.11224,-38.54116],[-59.11282,-38.54158],[-59.11333,-38.542],[-59.11371,-38.54234],[-59.11426,-38.5429],[-59.11489,-38.5436],[-59.11557,-38.5444],[-59.11618,-38.54517],[-59.11665,-38.54583],[-59.11705,-38.54645],[-59.11796,-38.54811],[-59.11848,-38.54896],[-59.1187,-38.54925],[-59.11905,-38.54964],[-59.11959,-38.55013],[-59.12012,-38.5505],[-59.12067,-38.55083],[-59.1213,-38.55116],[-59.12213,-38.55155],[-59.12276,-38.55182],[-59.12341,-38.55204],[-59.12384,-38.55216],[-59.12434,-38.55226],[-59.1249,-38.55231],[-59.1255,-38.55231],[-59.12604,-38.55225],[-59.12664,-38.55211],[-59.12705,-38.55194],[-59.12734,-38.55176],[-59.12754,-38.55157],[-59.12767,-38.5514],[-59.12775,-38.55123],[-59.12781,-38.551],[-59.12782,-38.55075],[-59.12773,-38.55036],[-59.12755,-38.55],[-59.12702,-38.54908],[-59.12673,-38.54843],[-59.12663,-38.5481],[-59.12656,-38.54774],[-59.12653,-38.5474],[-59.12654,-38.54703],[-59.12665,-38.54648],[-59.12685,-38.54589],[-59.12719,-38.54521],[-59.12783,-38.5441],[-59.12815,-38.54351],[-59.12838,-38.54301],[-59.12864,-38.54226],[-59.1288,-38.54158],[-59.12888,-38.54101],[-59.12899,-38.53911],[-59.12908,-38.53869],[-59.12925,-38.53831],[-59.12951,-38.538],[-59.12984,-38.53775],[-59.1303,-38.53755],[-59.13092,-38.53737],[-59.13168,-38.53722],[-59.13215,-38.53718],[-59.13281,-38.53718],[-59.13354,-38.53728],[-59.13419,-38.53746],[-59.13464,-38.53764],[-59.13505,-38.53787],[-59.13541,-38.53813],[-59.13568,-38.53843],[-59.13588,-38.53872],[-59.13604,-38.53911],[-59.13613,-38.53961],[-59.13614,-38.53991],[-59.13609,-38.54054],[-59.13596,-38.54117],[-59.13577,-38.54177],[-59.13535,-38.54282],[-59.13437,-38.5449],[-59.13422,-38.54527],[-59.13405,-38.54582],[-59.13398,-38.54631],[-59.13398,-38.54677],[-59.13404,-38.54706],[-59.13419,-38.54739],[-59.13435,-38.54759],[-59.13454,-38.54778],[-59.13477,-38.54794],[-59.135,-38.54806],[-59.1355,-38.54824],[-59.13582,-38.54832],[-59.13628,-38.54838],[-59.1376,-38.54843],[-59.13797,-38.54847],[-59.13841,-38.54857],[-59.13879,-38.54874],[-59.13903,-38.54888],[-59.13925,-38.54906],[-59.13955,-38.54936],[-59.13982,-38.5497],[-59.1404,-38.55055],[-59.14066,-38.55088],[-59.14103,-38.55127],[-59.14128,-38.5515],[-59.14166,-38.55178],[-59.14202,-38.552],[-59.14257,-38.55227],[-59.14307,-38.55246],[-59.14369,-38.55263],[-59.1445,-38.55279],[-59.14864,-38.55328],[-59.1497,-38.55343],[-59.15056,-38.5536],[-59.15113,-38.55374],[-59.1517,-38.55391],[-59.15249,-38.55422],[-59.15323,-38.5546],[-59.15381,-38.55495],[-59.15592,-38.55637],[-59.1567,-38.55683],[-59.15721,-38.55711],[-59.15788,-38.55742],[-59.15844,-38.55763],[-59.15901,-38.55779],[-59.15954,-38.55789],[-59.16001,-38.55794],[-59.16058,-38.55795],[-59.16128,-38.5579],[-59.16277,-38.55774],[-59.16364,-38.55771],[-59.16895,-38.558],[-59.16968,-38.55809],[-59.17037,-38.55821],[-59.17115,-38.55841],[-59.17259,-38.55881],[-59.17352,-38.55903],[-59.17432,-38.55916],[-59.17502,-38.55923],[-59.17585,-38.55925],[-59.17839,-38.55916],[-59.18083,-38.55919],[-59.18325,-38.55914],[-59.18401,-38.55915],[-59.18471,-38.5592],[-59.18691,-38.55946],[-59.18903,-38.55965],[-59.1897,-38.55973],[-59.19094,-38.55998],[-59.19334,-38.5606],[-59.19411,-38.56078],[-59.19528,-38.56098],[-59.19664,-38.56114],[-59.19766,-38.56117],[-59.19842,-38.56115],[-59.19951,-38.56104],[-59.20162,-38.56075],[-59.20254,-38.5607],[-59.20337,-38.56074],[-59.20391,-38.56081],[-59.20474,-38.56096],[-59.20774,-38.5617],[-59.20872,-38.56191],[-59.20971,-38.56205],[-59.21126,-38.56219],[-59.21177,-38.56227],[-59.21224,-38.56237],[-59.21283,-38.56254],[-59.21353,-38.56278],[-59.2153,-38.56352],[-59.21558,-38.56362],[-59.21587,-38.56369],[-59.21618,-38.56371],[-59.21653,-38.56368],[-59.21769,-38.56335],[-59.2182,-38.56324],[-59.21862,-38.56318],[-59.21924,-38.56316],[-59.2199,-38.56324],[-59.22013,-38.5633],[-59.22053,-38.56346],[-59.22088,-38.56365],[-59.22129,-38.56393],[-59.2217,-38.56426],[-59.22319,-38.5656],[-59.22396,-38.56625],[-59.22583,-38.5677],[-59.22757,-38.56909],[-59.22867,-38.56988],[-59.22952,-38.57039],[-59.23024,-38.57072],[-59.23105,-38.57099],[-59.23181,-38.57115],[-59.23245,-38.57121],[-59.23308,-38.57121],[-59.23379,-38.57112],[-59.23452,-38.57095],[-59.23488,-38.57082],[-59.2355,-38.57056],[-59.23625,-38.57014],[-59.23697,-38.56966],[-59.23939,-38.56779],[-59.24031,-38.56714],[-59.24109,-38.56663],[-59.24194,-38.56611],[-59.24277,-38.56566],[-59.24361,-38.56527],[-59.24435,-38.56497],[-59.2451,-38.5647],[-59.24589,-38.56446],[-59.24728,-38.56411],[-59.24829,-38.5639],[-59.24948,-38.56369],[-59.25023,-38.56361],[-59.25085,-38.56357],[-59.25154,-38.56358],[-59.25235,-38.56368],[-59.25328,-38.56389],[-59.25424,-38.56418],[-59.25536,-38.56459],[-59.25663,-38.56511],[-59.2578,-38.56564],[-59.25863,-38.56608],[-59.2607,-38.56721],[-59.26168,-38.56767],[-59.26219,-38.56787],[-59.26289,-38.56811],[-59.26359,-38.56829],[-59.2643,-38.56845],[-59.2658,-38.56867],[-59.26823,-38.5689],[-59.26925,-38.56903],[-59.27025,-38.56921],[-59.27286,-38.56983],[-59.27363,-38.56996],[-59.27437,-38.57004],[-59.27542,-38.57008],[-59.27637,-38.57005],[-59.27741,-38.56993],[-59.27978,-38.56957],[-59.2803,-38.56952],[-59.28098,-38.5695],[-59.28184,-38.56954],[-59.28274,-38.56966],[-59.28395,-38.5699],[-59.28471,-38.57011],[-59.28535,-38.57035],[-59.28604,-38.57069],[-59.28654,-38.57102],[-59.28718,-38.57156],[-59.28772,-38.57214],[-59.28836,-38.57293],[-59.28889,-38.57367],[-59.29013,-38.57554],[-59.29061,-38.57614],[-59.29094,-38.57647],[-59.29138,-38.5768],[-59.2917,-38.57696],[-59.29211,-38.57708],[-59.29244,-38.57712],[-59.29263,-38.57712],[-59.29282,-38.5771],[-59.29317,-38.57703],[-59.29347,-38.57691],[-59.29377,-38.57674],[-59.29403,-38.57654],[-59.29428,-38.57631],[-59.29457,-38.57594],[-59.29472,-38.57567],[-59.29488,-38.57533],[-59.29504,-38.57486],[-59.2953,-38.57378],[-59.29545,-38.57328],[-59.2956,-38.57293],[-59.29574,-38.57268],[-59.296,-38.57235],[-59.29624,-38.57211],[-59.29672,-38.57178],[-59.29707,-38.57159],[-59.29762,-38.57138],[-59.29823,-38.57121],[-59.29906,-38.57106],[-59.29954,-38.57102],[-59.29996,-38.57102],[-59.30047,-38.57105],[-59.3024,-38.57133],[-59.30344,-38.57139],[-59.30407,-38.57136],[-59.3045,-38.57132],[-59.30495,-38.57124],[-59.30554,-38.57111],[-59.30617,-38.57091],[-59.30664,-38.57073],[-59.30721,-38.57048],[-59.30793,-38.57011],[-59.30899,-38.56948],[-59.31051,-38.56846],[-59.31129,-38.56802],[-59.31166,-38.56787],[-59.31204,-38.56775],[-59.31248,-38.56768],[-59.3129,-38.56767],[-59.31329,-38.56772],[-59.31347,-38.56777],[-59.31376,-38.56789],[-59.31396,-38.568],[-59.31418,-38.56815],[-59.31444,-38.56839],[-59.31473,-38.56879],[-59.31491,-38.56914],[-59.31503,-38.56948],[-59.31512,-38.5699],[-59.31519,-38.57054],[-59.31521,-38.57161],[-59.31526,-38.57217],[-59.31536,-38.57265],[-59.31555,-38.57317],[-59.31571,-38.5735],[-59.31591,-38.57382],[-59.31613,-38.57411],[-59.31637,-38.57437],[-59.31664,-38.57461],[-59.31692,-38.57481],[-59.31722,-38.57498],[-59.31754,-38.5751],[-59.31789,-38.57518],[-59.31827,-38.57519],[-59.31863,-38.57514],[-59.31898,-38.57505],[-59.31934,-38.57492],[-59.3198,-38.5747],[-59.32056,-38.57423],[-59.32092,-38.57397],[-59.32135,-38.57359],[-59.32177,-38.57315],[-59.32206,-38.5728],[-59.3226,-38.572],[-59.32332,-38.57069],[-59.3236,-38.57022],[-59.32391,-38.56982],[-59.32412,-38.56961],[-59.32435,-38.56943],[-59.32462,-38.56928],[-59.32506,-38.56912],[-59.32533,-38.56908],[-59.32564,-38.56905],[-59.32623,-38.56908],[-59.32784,-38.56928],[-59.32958,-38.56946],[-59.33091,-38.56967],[-59.33187,-38.56989],[-59.33257,-38.57009],[-59.33353,-38.57043],[-59.33418,-38.5707],[-59.33512,-38.5712],[-59.33556,-38.57148],[-59.33626,-38.57198],[-59.33694,-38.57251],[-59.33757,-38.57304],[-59.33947,-38.57488],[-59.33982,-38.57515],[-59.34019,-38.57539],[-59.34076,-38.57565],[-59.34127,-38.57577],[-59.34166,-38.57581],[-59.34205,-38.57581],[-59.34251,-38.57577],[-59.34399,-38.57551],[-59.34452,-38.57546],[-59.34494,-38.57545],[-59.34545,-38.57547],[-59.34639,-38.57561],[-59.34744,-38.57586],[-59.34803,-38.57604],[-59.3488,-38.57633],[-59.34956,-38.5767],[-59.35116,-38.57766],[-59.35178,-38.57798],[-59.35207,-38.57808],[-59.35258,-38.57822],[-59.35304,-38.57827],[-59.35352,-38.57828],[-59.35429,-38.57818],[-59.35484,-38.57805],[-59.3557,-38.57778],[-59.35717,-38.57725],[-59.35826,-38.57691],[-59.35969,-38.57655],[-59.36162,-38.57617],[-59.36195,-38.57608],[-59.36237,-38.57591],[-59.36269,-38.57572],[-59.36303,-38.5754],[-59.36322,-38.57511],[-59.36331,-38.57491],[-59.3634,-38.57462],[-59.36345,-38.57433],[-59.36352,-38.57326],[-59.36362,-38.5727],[-59.36375,-38.57228],[-59.36385,-38.57206],[-59.36412,-38.57161],[-59.36433,-38.57138],[-59.3646,-38.57113],[-59.36502,-38.57088],[-59.36535,-38.57074],[-59.36557,-38.57068],[-59.36599,-38.57061],[-59.36645,-38.5706],[-59.3669,-38.57066],[-59.36737,-38.57081],[-59.36756,-38.57089],[-59.36797,-38.57114],[-59.3682,-38.57132],[-59.36851,-38.57159],[-59.36886,-38.57197],[-59.36989,-38.57313],[-59.37059,-38.57382],[-59.3711,-38.57426],[-59.37185,-38.57486],[-59.37322,-38.57585],[-59.3746,-38.57675],[-59.37516,-38.57708],[-59.37597,-38.57752],[-59.37693,-38.57795],[-59.37744,-38.57813],[-59.37799,-38.57829],[-59.37857,-38.57841],[-59.3792,-38.57849],[-59.37988,-38.57851],[-59.38042,-38.57849],[-59.38082,-38.57845],[-59.38149,-38.57834],[-59.3834,-38.57788],[-59.38415,-38.57773],[-59.38487,-38.57763],[-59.38555,-38.5776],[-59.38618,-38.57763],[-59.38663,-38.57769],[-59.38906,-38.57826],[-59.38993,-38.5784],[-59.39072,-38.57847],[-59.39271,-38.57853],[-59.39365,-38.57853],[-59.39464,-38.57846],[-59.39655,-38.57823],[-59.39727,-38.57821],[-59.39772,-38.57825],[-59.39815,-38.57834],[-59.39846,-38.57843],[-59.399,-38.57868],[-59.39932,-38.57886],[-59.39983,-38.57922],[-59.40125,-38.58034],[-59.40185,-38.58078],[-59.40241,-38.58115],[-59.40308,-38.58153],[-59.4038,-38.58187],[-59.40462,-38.5822],[-59.40566,-38.58254],[-59.40639,-38.58273],[-59.40689,-38.58283],[-59.40753,-38.58292],[-59.40815,-38.58296],[-59.40885,-38.58295],[-59.40946,-38.58289],[-59.40994,-38.58282],[-59.41234,-38.58235],[-59.41313,-38.58226],[-59.41412,-38.58225],[-59.41516,-38.58234],[-59.41858,-38.58285],[-59.42179,-38.5832],[-59.42323,-38.5834],[-59.42481,-38.58369],[-59.42617,-38.58398],[-59.42748,-38.58432],[-59.42855,-38.58466],[-59.42949,-38.58501],[-59.43053,-38.58547],[-59.43186,-38.58613],[-59.43331,-38.58691],[-59.43426,-38.58748],[-59.43483,-38.58786],[-59.43531,-38.58823],[-59.43581,-38.5887],[-59.43618,-38.5891],[-59.43669,-38.58976],[-59.43708,-38.59038],[-59.43743,-38.59108],[-59.43776,-38.59195],[-59.43791,-38.59254],[-59.43799,-38.5931],[-59.43803,-38.59371],[-59.438,-38.59428],[-59.43792,-38.59491],[-59.43772,-38.59604],[-59.43769,-38.59647],[-59.43769,-38.59675],[-59.43776,-38.5971],[-59.43781,-38.59725],[-59.43796,-38.5975],[-59.43814,-38.59769],[-59.43841,-38.59787],[-59.43858,-38.59794],[-59.439,-38.59804],[-59.43958,-38.59809],[-59.44082,-38.5981],[-59.44133,-38.59814],[-59.44188,-38.59823],[-59.44235,-38.59836],[-59.44279,-38.5985],[-59.44371,-38.59889],[-59.44442,-38.59928],[-59.44496,-38.59961],[-59.44703,-38.60107],[-59.44808,-38.60172],[-59.44876,-38.60207],[-59.44927,-38.6023],[-59.45131,-38.60312],[-59.45166,-38.6033],[-59.45205,-38.60353],[-59.45245,-38.60383],[-59.45303,-38.60434],[-59.45425,-38.60555],[-59.4546,-38.60599],[-59.45469,-38.60618],[-59.4547,-38.60633],[-59.45466,-38.60645],[-59.45456,-38.60655],[-59.45444,-38.60661],[-59.45423,-38.60667],[-59.45377,-38.60672],[-59.45301,-38.6067],[-59.45117,-38.60652],[-59.44922,-38.60639],[-59.44701,-38.6062],[-59.44603,-38.6062],[-59.44558,-38.60625],[-59.44506,-38.60636],[-59.44462,-38.60652],[-59.44424,-38.60671],[-59.44391,-38.60693],[-59.44366,-38.60714],[-59.44333,-38.60749],[-59.4431,-38.60783],[-59.44287,-38.60827],[-59.44271,-38.60876],[-59.44262,-38.60931],[-59.44261,-38.60965],[-59.44266,-38.6101],[-59.44276,-38.61055],[-59.44295,-38.61107],[-59.4431,-38.61139],[-59.44339,-38.61186],[-59.44373,-38.6123],[-59.44417,-38.61275],[-59.44452,-38.61303],[-59.4449,-38.61331],[-59.44564,-38.61372],[-59.44639,-38.61405],[-59.44775,-38.61456],[-59.44837,-38.61482],[-59.44895,-38.61512],[-59.44959,-38.61552],[-59.45024,-38.61603],[-59.4509,-38.61664],[-59.4516,-38.61738],[-59.45263,-38.61857],[-59.45305,-38.619],[-59.4535,-38.61934],[-59.45382,-38.61951],[-59.45407,-38.6196],[-59.45442,-38.61969],[-59.45496,-38.61972],[-59.45552,-38.61968],[-59.45612,-38.61957],[-59.4573,-38.61922],[-59.46069,-38.61796],[-59.46163,-38.61764],[-59.46227,-38.61746],[-59.46294,-38.61729],[-59.46373,-38.61715],[-59.46443,-38.61707],[-59.46503,-38.61705],[-59.4661,-38.6171],[-59.46736,-38.61724],[-59.46829,-38.61739],[-59.46944,-38.61763],[-59.47051,-38.61791],[-59.47154,-38.61823],[-59.47451,-38.61925],[-59.47554,-38.61959],[-59.47628,-38.61978],[-59.47732,-38.61998],[-59.47811,-38.62006],[-59.47876,-38.62009],[-59.47993,-38.62005],[-59.48114,-38.61993],[-59.48336,-38.61964],[-59.48404,-38.61959],[-59.48469,-38.6196],[-59.4854,-38.61972],[-59.48567,-38.6198],[-59.48605,-38.61997],[-59.48642,-38.62018],[-59.4868,-38.62045],[-59.48721,-38.62081],[-59.48869,-38.62231],[-59.48953,-38.62312],[-59.49036,-38.62386],[-59.491,-38.62434],[-59.49155,-38.62467],[-59.49211,-38.62493],[-59.49275,-38.62516],[-59.49424,-38.6256],[-59.49477,-38.62579],[-59.49522,-38.62597],[-59.49591,-38.62633],[-59.4966,-38.62682],[-59.49693,-38.62711],[-59.49723,-38.62743],[-59.49749,-38.62776],[-59.49773,-38.62813],[-59.49795,-38.62853],[-59.49893,-38.63051],[-59.49935,-38.63119],[-59.49977,-38.63175],[-59.50035,-38.63238],[-59.50084,-38.63279],[-59.50128,-38.63308],[-59.50182,-38.63336],[-59.50233,-38.63354],[-59.50283,-38.63363],[-59.50325,-38.63366],[-59.50387,-38.63362],[-59.50451,-38.6335],[-59.50632,-38.63303],[-59.50761,-38.63273],[-59.50892,-38.63245],[-59.51002,-38.63225],[-59.51107,-38.63213],[-59.51166,-38.63213],[-59.51226,-38.63219],[-59.51271,-38.63229],[-59.51333,-38.6325],[-59.5142,-38.6329],[-59.51744,-38.63456],[-59.5202,-38.63609],[-59.52116,-38.63652],[-59.522,-38.6368],[-59.52271,-38.63699],[-59.52326,-38.63709],[-59.52396,-38.63719],[-59.52468,-38.63725],[-59.52584,-38.63727],[-59.52791,-38.63717],[-59.52882,-38.63718],[-59.52932,-38.63724],[-59.52972,-38.63732],[-59.53048,-38.63756],[-59.53133,-38.63796],[-59.5323,-38.63854],[-59.53301,-38.63903],[-59.53588,-38.64115],[-59.5371,-38.64197],[-59.53753,-38.64221],[-59.53814,-38.64248],[-59.53867,-38.64264],[-59.53923,-38.64275],[-59.54022,-38.64283],[-59.54113,-38.64285],[-59.54239,-38.64279],[-59.54334,-38.64269],[-59.54409,-38.64257],[-59.54483,-38.64242],[-59.54785,-38.64162],[-59.55004,-38.64113],[-59.55153,-38.64088],[-59.55432,-38.64053],[-59.55593,-38.64026],[-59.55712,-38.64],[-59.55867,-38.63959],[-59.56359,-38.63804],[-59.5682,-38.6368],[-59.57096,-38.63596],[-59.57196,-38.63569],[-59.57337,-38.63542],[-59.57516,-38.63519],[-59.5757,-38.63516],[-59.57607,-38.63516],[-59.57642,-38.63521],[-59.57667,-38.63527],[-59.57706,-38.63544],[-59.57734,-38.63568],[-59.57757,-38.63601],[-59.57772,-38.63644],[-59.57778,-38.637],[-59.57775,-38.63761],[-59.57763,-38.63852],[-59.57748,-38.63922],[-59.57734,-38.63966],[-59.5772,-38.63997],[-59.57697,-38.64036],[-59.57674,-38.64067],[-59.57643,-38.64098],[-59.57618,-38.64121],[-59.57495,-38.64219],[-59.57461,-38.64255],[-59.5744,-38.64285],[-59.57427,-38.64314],[-59.57421,-38.64335],[-59.57417,-38.64362],[-59.57417,-38.64403],[-59.57424,-38.64441],[-59.57435,-38.64477],[-59.57451,-38.64512],[-59.57471,-38.64547],[-59.57494,-38.64582],[-59.57542,-38.64643],[-59.57723,-38.64851],[-59.57809,-38.64958],[-59.57892,-38.65073],[-59.58019,-38.65267],[-59.58053,-38.6531],[-59.5809,-38.65348],[-59.58121,-38.65371],[-59.58164,-38.65395],[-59.5821,-38.6541],[-59.58262,-38.65416],[-59.58306,-38.65414],[-59.58357,-38.65405],[-59.58405,-38.65391],[-59.58462,-38.6537],[-59.58635,-38.65295],[-59.58713,-38.65264],[-59.58776,-38.65246],[-59.5881,-38.65239],[-59.58862,-38.65234],[-59.58917,-38.65233],[-59.58993,-38.65241],[-59.59198,-38.65275],[-59.59536,-38.65316],[-59.59613,-38.65328],[-59.59683,-38.65346],[-59.59731,-38.65365],[-59.59773,-38.65386],[-59.59811,-38.6541],[-59.59861,-38.65448],[-59.60032,-38.65606],[-59.60136,-38.65695],[-59.60233,-38.65766],[-59.60293,-38.65804],[-59.60342,-38.65832],[-59.60395,-38.65858],[-59.60471,-38.65891],[-59.60571,-38.65922],[-59.60621,-38.65933],[-59.60671,-38.6594],[-59.60749,-38.65944],[-59.60841,-38.65935],[-59.60921,-38.65918],[-59.61022,-38.65885],[-59.61079,-38.65862],[-59.61148,-38.65829],[-59.61263,-38.65766],[-59.6138,-38.65693],[-59.61494,-38.65615],[-59.61632,-38.65513],[-59.61694,-38.65472],[-59.61744,-38.65443],[-59.61778,-38.65426],[-59.61874,-38.65389],[-59.61946,-38.65368],[-59.62041,-38.65348],[-59.62167,-38.65327],[-59.62305,-38.65311],[-59.62404,-38.65304],[-59.6248,-38.65304],[-59.62552,-38.65309],[-59.62619,-38.65317],[-59.62688,-38.65333],[-59.62746,-38.65352],[-59.62798,-38.65376],[-59.62829,-38.65395],[-59.62858,-38.65416],[-59.62895,-38.65449],[-59.6292,-38.65477],[-59.6295,-38.65516],[-59.63021,-38.65619],[-59.63049,-38.65655],[-59.63088,-38.65697],[-59.63152,-38.65751],[-59.63296,-38.65851],[-59.6336,-38.65907],[-59.63412,-38.65967],[-59.63455,-38.66029],[-59.63508,-38.6612],[-59.63652,-38.66384],[-59.63683,-38.66436],[-59.63712,-38.66478],[-59.63757,-38.6653],[-59.63793,-38.66562],[-59.63826,-38.66581],[-59.63846,-38.66589],[-59.6388,-38.66596],[-59.63898,-38.66596],[-59.63921,-38.66592],[-59.63948,-38.66583],[-59.63977,-38.66565],[-59.63997,-38.66548],[-59.64031,-38.66514],[-59.64114,-38.66417],[-59.64168,-38.66362],[-59.64234,-38.66301],[-59.64437,-38.66128],[-59.64521,-38.66047],[-59.64665,-38.65899],[-59.64705,-38.65862],[-59.64741,-38.65834],[-59.64775,-38.65814],[-59.64796,-38.65804],[-59.64843,-38.6579],[-59.64881,-38.65788],[-59.64907,-38.65791],[-59.64949,-38.65803],[-59.65003,-38.65831],[-59.6505,-38.65863],[-59.65111,-38.65915],[-59.65169,-38.65976],[-59.65219,-38.66043],[-59.65252,-38.66099],[-59.65278,-38.66155],[-59.65296,-38.66216],[-59.65302,-38.66262],[-59.65302,-38.66294],[-59.65295,-38.66336],[-59.65285,-38.6637],[-59.6527,-38.66404],[-59.65252,-38.66434],[-59.65167,-38.66557],[-59.65143,-38.66599],[-59.65124,-38.66643],[-59.65112,-38.6669],[-59.65109,-38.66723],[-59.6511,-38.66749],[-59.65118,-38.66794],[-59.65128,-38.66822],[-59.65139,-38.66841],[-59.65164,-38.66872],[-59.65201,-38.669],[-59.65244,-38.66922],[-59.65293,-38.66938],[-59.65344,-38.66948],[-59.65387,-38.66951],[-59.65449,-38.66951],[-59.65687,-38.66927],[-59.65753,-38.66926],[-59.65829,-38.66931],[-59.65948,-38.66948],[-59.66139,-38.66982],[-59.66239,-38.67003],[-59.66338,-38.67028],[-59.66456,-38.67066],[-59.6657,-38.67115],[-59.66915,-38.67296],[-59.67034,-38.67353],[-59.6723,-38.67439],[-59.67281,-38.67465],[-59.67337,-38.67499],[-59.67381,-38.67531],[-59.67414,-38.6756],[-59.67445,-38.67591],[-59.67474,-38.67625],[-59.67499,-38.67662],[-59.67519,-38.677],[-59.67539,-38.67756],[-59.67553,-38.67818],[-59.67561,-38.67917],[-59.67561,-38.68009],[-59.67553,-38.68148],[-59.67553,-38.68214],[-59.67559,-38.6827],[-59.6757,-38.68321],[-59.67597,-38.68394],[-59.67618,-38.68436],[-59.67639,-38.68472],[-59.67666,-38.68511],[-59.67711,-38.68566],[-59.67753,-38.68609],[-59.67807,-38.68656],[-59.67854,-38.68691],[-59.67886,-38.68711],[-59.67939,-38.68739],[-59.67986,-38.68759],[-59.6804,-38.68778],[-59.68109,-38.68795],[-59.68205,-38.6881],[-59.68535,-38.68841],[-59.68717,-38.68865],[-59.68815,-38.68882],[-59.6894,-38.68908],[-59.69051,-38.68935],[-59.69143,-38.68961],[-59.69213,-38.68984],[-59.69273,-38.69007],[-59.69342,-38.69038],[-59.69395,-38.69066],[-59.69463,-38.69107],[-59.69504,-38.69135],[-59.69622,-38.69222],[-59.69705,-38.69278],[-59.69791,-38.69326],[-59.69867,-38.69358],[-59.69931,-38.69378],[-59.70008,-38.69394],[-59.70074,-38.69403],[-59.70259,-38.69419],[-59.70349,-38.6943],[-59.70459,-38.69449],[-59.7059,-38.69481],[-59.70651,-38.695],[-59.7075,-38.69538],[-59.7084,-38.6958],[-59.70975,-38.69649],[-59.7104,-38.69678],[-59.71103,-38.69701],[-59.71151,-38.69714],[-59.71201,-38.69723],[-59.71258,-38.69728],[-59.71417,-38.69727],[-59.71477,-38.69729],[-59.71517,-38.69733],[-59.71558,-38.69742],[-59.71604,-38.6976],[-59.71643,-38.69782],[-59.71759,-38.69871],[-59.71808,-38.69903],[-59.71848,-38.69922],[-59.71888,-38.69936],[-59.71937,-38.69945],[-59.71976,-38.69946],[-59.72014,-38.69943],[-59.72059,-38.69934],[-59.72108,-38.69915],[-59.72138,-38.699],[-59.72171,-38.69879],[-59.72201,-38.69855],[-59.72225,-38.69832],[-59.72258,-38.69791],[-59.72275,-38.69764],[-59.72289,-38.69731],[-59.72298,-38.69694],[-59.723,-38.6967],[-59.72296,-38.69633],[-59.72281,-38.69591],[-59.72262,-38.69559],[-59.72225,-38.69517],[-59.72172,-38.69475],[-59.72117,-38.69441],[-59.72033,-38.69401],[-59.71805,-38.69313],[-59.71739,-38.69286],[-59.71613,-38.69228],[-59.71544,-38.6919],[-59.71509,-38.69162],[-59.71485,-38.69131],[-59.71474,-38.691],[-59.71473,-38.69068],[-59.71481,-38.69038],[-59.7149,-38.69018],[-59.71512,-38.68987],[-59.71553,-38.68948],[-59.7161,-38.68906],[-59.71723,-38.68834],[-59.71828,-38.68776],[-59.71917,-38.68737],[-59.71993,-38.68716],[-59.72065,-38.68708],[-59.72113,-38.68708],[-59.72157,-38.68713],[-59.72186,-38.68719],[-59.7223,-38.68731],[-59.72276,-38.68749],[-59.72303,-38.68763],[-59.72353,-38.68794],[-59.7239,-38.68821],[-59.72439,-38.68863],[-59.72566,-38.68979],[-59.72617,-38.6902],[-59.72671,-38.69059],[-59.72879,-38.69199],[-59.72952,-38.69245],[-59.73016,-38.69281],[-59.73105,-38.69322],[-59.73209,-38.6936],[-59.73279,-38.6938],[-59.73354,-38.69398],[-59.73578,-38.69441],[-59.7376,-38.69468],[-59.7386,-38.69476],[-59.73961,-38.6948],[-59.7405,-38.69478],[-59.74161,-38.69472],[-59.74301,-38.6946],[-59.74552,-38.69432],[-59.75057,-38.69365],[-59.75155,-38.69349],[-59.75257,-38.6933],[-59.75337,-38.69312],[-59.7542,-38.6929],[-59.75536,-38.69252],[-59.75768,-38.69163],[-59.7586,-38.69135],[-59.75925,-38.69124],[-59.75974,-38.6912],[-59.7603,-38.6912],[-59.76106,-38.69127],[-59.76164,-38.69138],[-59.76207,-38.69149],[-59.76269,-38.69168],[-59.76328,-38.69191],[-59.76444,-38.69243],[-59.76611,-38.69329],[-59.76864,-38.69469],[-59.77079,-38.69584],[-59.77215,-38.69663],[-59.77286,-38.69711],[-59.77348,-38.69757],[-59.77565,-38.69934],[-59.77601,-38.69961],[-59.77662,-38.7],[-59.77734,-38.70039],[-59.778,-38.70067],[-59.77861,-38.70088],[-59.77922,-38.70106],[-59.7802,-38.70131],[-59.78196,-38.70171],[-59.78367,-38.70206],[-59.78496,-38.7023],[-59.78669,-38.70255],[-59.78752,-38.70262],[-59.7883,-38.70266],[-59.78956,-38.70266],[-59.79114,-38.70255],[-59.79253,-38.70239],[-59.79589,-38.70191],[-59.79748,-38.70175],[-59.79818,-38.70172],[-59.79883,-38.70173],[-59.79938,-38.70177],[-59.80002,-38.70184],[-59.80114,-38.70207],[-59.80222,-38.70236],[-59.80534,-38.70336],[-59.81009,-38.70477],[-59.81424,-38.70613],[-59.81635,-38.70674],[-59.81722,-38.70702],[-59.81764,-38.7072],[-59.81803,-38.7074],[-59.81843,-38.70768],[-59.81885,-38.70809],[-59.81919,-38.70859],[-59.8194,-38.70906],[-59.81955,-38.70963],[-59.81965,-38.71036],[-59.81972,-38.71174],[-59.81982,-38.71234],[-59.81998,-38.71279],[-59.8201,-38.71301],[-59.82028,-38.71327],[-59.82055,-38.71355],[-59.82081,-38.71376],[-59.82133,-38.71406],[-59.82164,-38.71419],[-59.82202,-38.71431],[-59.82236,-38.71438],[-59.82274,-38.71442],[-59.82315,-38.71442],[-59.82358,-38.71436],[-59.82406,-38.71421],[-59.82426,-38.71412],[-59.82462,-38.71392],[-59.825,-38.7136],[-59.8252,-38.7134],[-59.82548,-38.71303],[-59.82578,-38.71252],[-59.82604,-38.71199],[-59.82671,-38.71032],[-59.82703,-38.70963],[-59.82743,-38.70889],[-59.82778,-38.70834],[-59.8283,-38.70764],[-59.82915,-38.70665],[-59.83018,-38.70558],[-59.83127,-38.70455],[-59.8321,-38.70386],[-59.83299,-38.70321],[-59.83388,-38.70265],[-59.83473,-38.70218],[-59.83553,-38.70184],[-59.83624,-38.70162],[-59.83679,-38.70155],[-59.83732,-38.70156],[-59.83758,-38.70161],[-59.83807,-38.70176],[-59.83864,-38.70201],[-59.83937,-38.70238],[-59.83986,-38.70267],[-59.84026,-38.70293],[-59.84062,-38.70323],[-59.84094,-38.70354],[-59.84125,-38.70397],[-59.84156,-38.70458],[-59.84177,-38.70512],[-59.84249,-38.70717],[-59.84292,-38.70819],[-59.84342,-38.70914],[-59.84391,-38.70988],[-59.84433,-38.71041],[-59.84471,-38.71083],[-59.84528,-38.71137],[-59.84779,-38.7136],[-59.84836,-38.71404],[-59.84899,-38.71446],[-59.84972,-38.71486],[-59.85053,-38.7152],[-59.85151,-38.71551],[-59.85262,-38.71578],[-59.85474,-38.71616],[-59.85576,-38.71632],[-59.85679,-38.7164],[-59.85841,-38.71645],[-59.85919,-38.7165],[-59.85985,-38.71658],[-59.86048,-38.71673],[-59.86115,-38.71695],[-59.86178,-38.71724],[-59.86375,-38.71832],[-59.86439,-38.71864],[-59.86496,-38.71886],[-59.86542,-38.71901],[-59.86589,-38.71913],[-59.86672,-38.71926],[-59.86738,-38.71929],[-59.86804,-38.71926],[-59.86869,-38.71916],[-59.86918,-38.71903],[-59.8698,-38.7188],[-59.87039,-38.71852],[-59.87229,-38.71751],[-59.87294,-38.71722],[-59.87363,-38.71697],[-59.87439,-38.71678],[-59.87521,-38.71667],[-59.87605,-38.71666],[-59.87668,-38.71672],[-59.87744,-38.71685],[-59.88175,-38.7177],[-59.88266,-38.71797],[-59.88325,-38.71822],[-59.88385,-38.71857],[-59.88445,-38.71901],[-59.88496,-38.71946],[-59.88605,-38.7205],[-59.88664,-38.72102],[-59.88727,-38.72151],[-59.88799,-38.72201],[-59.88936,-38.72287],[-59.89028,-38.72337],[-59.89075,-38.72359],[-59.89123,-38.72376],[-59.89197,-38.72395],[-59.89301,-38.72409],[-59.89411,-38.72415],[-59.89557,-38.72413],[-59.89614,-38.72408],[-59.89665,-38.72401],[-59.89718,-38.72388],[-59.89768,-38.72367],[-59.8982,-38.72337],[-59.89921,-38.72262],[-59.89966,-38.72237],[-59.9,-38.72225],[-59.90026,-38.72221],[-59.90055,-38.72221],[-59.90086,-38.72226],[-59.9012,-38.72236],[-59.90175,-38.72261],[-59.9025,-38.72304],[-59.90366,-38.72379],[-59.90425,-38.72414],[-59.90486,-38.72445],[-59.90573,-38.72479],[-59.90625,-38.72494],[-59.90691,-38.72507],[-59.90913,-38.72534],[-59.91014,-38.72552],[-59.91105,-38.72575],[-59.91303,-38.72632],[-59.91399,-38.72651],[-59.91485,-38.72659],[-59.91538,-38.72659],[-59.91596,-38.72655],[-59.92079,-38.72597],[-59.92356,-38.72561],[-59.92466,-38.7255],[-59.92571,-38.72547],[-59.92661,-38.72554],[-59.9272,-38.72564],[-59.92774,-38.72576],[-59.92842,-38.72597],[-59.92902,-38.7262],[-59.93022,-38.72672],[-59.9322,-38.72769],[-59.93323,-38.72816],[-59.9342,-38.72856],[-59.93515,-38.72892],[-59.93672,-38.72943],[-59.93872,-38.73004],[-59.9398,-38.73028],[-59.9408,-38.73042],[-59.94176,-38.73047],[-59.94255,-38.73045],[-59.9436,-38.73037],[-59.94471,-38.73023],[-59.94564,-38.73007],[-59.94663,-38.72986],[-59.94928,-38.72917],[-59.95024,-38.72894],[-59.95099,-38.72882],[-59.95175,-38.72876],[-59.95285,-38.72878],[-59.96,-38.72925],[-59.96415,-38.72931],[-59.96522,-38.72939],[-59.9661,-38.72951],[-59.96734,-38.72975],[-59.96819,-38.72997],[-59.96918,-38.73025],[-59.97126,-38.73093],[-59.97266,-38.73134],[-59.97685,-38.73239],[-59.97831,-38.73278],[-59.97984,-38.73323],[-59.98229,-38.73402],[-59.98347,-38.73437],[-59.98444,-38.73461],[-59.98721,-38.73521],[-59.98881,-38.73564],[-59.98999,-38.73602],[-59.99681,-38.7383],[-59.99849,-38.73891],[-60.0,-38.73953]]]}},{"type":"Feature","properties":{"fdc":"Atlas 500k 1° Ediciónl","sag":"IGN","crv":20,"mo2":2,"tipo":"Curva de nivel","ign":"lineas_de_geomorfologia_CA010.17460"},"geometry":{"type":"MultiLineString","coordinates":[[[-59.13833,-38.67561],[-59.1383,-38.6756],[-59.13824,-38.67553],[-59.13818,-38.67542],[-59.13803,-38.67498],[-59.13796,-38.67457],[-59.13794,-38.67407],[-59.13796,-38.67378],[-59.13804,-38.67328],[-59.13819,-38.67284],[-59.13841,-38.67241],[-59.13862,-38.67211],[-59.13887,-38.67184],[-59.13915,-38.67163],[-59.13952,-38.67147],[-59.13986,-38.67143],[-59.14014,-38.67146],[-59.14045,-38.67155],[-59.14077,-38.67173],[-59.14109,-38.67198],[-59.14139,-38.67229],[-59.14169,-38.6727],[-59.14194,-38.6732],[-59.14203,-38.67348],[-59.14207,-38.67381],[-59.14204,-38.67405],[-59.14198,-38.67422],[-59.14189,-38.67438],[-59.14167,-38.67463],[-59.14138,-38.67485],[-59.14101,-38.67507],[-59.14068,-38.6752],[-59.14026,-38.67533],[-59.13958,-38.67549],[-59.13893,-38.67558],[-59.13833,-38.67561]]]}},{"type":"Feature","properties":{"fdc":"Atlas 500k 1° Ediciónl","sag":"IGN","crv":20,"mo2":2,"tipo":"Curva de nivel","ign":"lineas_de_geomorfologia_CA010.17465"},"geometry":{"type":"MultiLineString","coordinates":[[[-59.2875,-38.68419],[-59.2874,-38.68419],[-59.28705,-38.68412],[-59.28664,-38.68395],[-59.28641,-38.68381],[-59.28618,-38.68364],[-59.28597,-38.68344],[-59.28582,-38.68324],[-59.28574,-38.68309],[-59.28568,-38.68289],[-59.28566,-38.68246],[-59.28575,-38.68209],[-59.28593,-38.68171],[-59.28617,-38.6814],[-59.28656,-38.68106],[-59.28695,-38.68083],[-59.28734,-38.68066],[-59.28783,-38.68053],[-59.28834,-38.68051],[-59.28876,-38.6806],[-59.28898,-38.68069],[-59.28917,-38.68082],[-59.28937,-38.68105],[-59.28948,-38.68126],[-59.28955,-38.68144],[-59.2896,-38.68179],[-59.28956,-38.68222],[-59.28947,-38.68254],[-59.2893,-38.68289],[-59.28902,-38.68323],[-59.28878,-38.68346],[-59.2882,-38.68387],[-59.2878,-38.68408],[-59.2875,-38.68419]]]}},{"type":"Feature","properties":{"fdc":"Atlas 500k 1° Ediciónl","sag":"IGN","crv":30,"mo2":2,"tipo":"Curva de nivel","ign":"lineas_de_geomorfologia_CA010.17466"},"geometry":{"type":"MultiLineString","coordinates":[[[-59.09333,-38.68436],[-59.09332,-38.68431],[-59.09327,-38.68425],[-59.09311,-38.68411],[-59.09254,-38.6837],[-59.09209,-38.68343],[-59.09163,-38.68321],[-59.09112,-38.68302],[-59.09059,-38.68287],[-59.08896,-38.68253],[-59.08852,-38.68242],[-59.08794,-38.6822],[-59.08771,-38.68208],[-59.08753,-38.68196],[-59.08731,-38.68177],[-59.08718,-38.68161],[-59.08707,-38.68141],[-59.08699,-38.68115],[-59.08698,-38.68101],[-59.08697,-38.68083],[-59.08702,-38.68053],[-59.08713,-38.68022],[-59.08723,-38.68003],[-59.08749,-38.67971],[-59.08775,-38.67947],[-59.08801,-38.6793],[-59.08852,-38.67906],[-59.08902,-38.67891],[-59.08966,-38.67881],[-59.09108,-38.67875],[-59.09144,-38.67872],[-59.09185,-38.67862],[-59.09224,-38.67846],[-59.09258,-38.67826],[-59.09293,-38.67794],[-59.09311,-38.67772],[-59.09381,-38.67674],[-59.09408,-38.67645],[-59.09436,-38.67622],[-59.09467,-38.67604],[-59.09499,-38.67594],[-59.09536,-38.67591],[-59.09562,-38.67595],[-59.09594,-38.67607],[-59.09608,-38.67615],[-59.09643,-38.6764],[-59.09678,-38.67673],[-59.09772,-38.67772],[-59.09833,-38.67826],[-59.09971,-38.67939],[-59.10048,-38.68012],[-59.10078,-38.68047],[-59.10098,-38.68074],[-59.10111,-38.68095],[-59.10132,-38.68137],[-59.10141,-38.68165],[-59.10146,-38.68201],[-59.10146,-38.68221],[-59.1014,-38.68256],[-59.10123,-38.6829],[-59.10099,-38.68315],[-59.10083,-38.68326],[-59.10032,-38.68353],[-59.09951,-38.68377],[-59.09846,-38.68395],[-59.09524,-38.68433],[-59.09451,-38.68439],[-59.09386,-38.68442],[-59.09346,-38.68441],[-59.09336,-38.68439],[-59.09333,-38.68436]]]}},{"type":"Feature","properties":{"fdc":"Atlas 500k 1° Ediciónl","sag":"IGN","crv":20,"mo2":2,"tipo":"Curva de nivel","ign":"lineas_de_geomorfologia_CA010.17468"},"geometry":{"type":"MultiLineString","coordinates":[[[-59.11583,-38.6903],[-59.11578,-38.69029],[-59.11573,-38.69022],[-59.11569,-38.69003],[-59.11569,-38.68972],[-59.11574,-38.68924],[-59.11581,-38.68873],[-59.11613,-38.6873],[-59.11693,-38.68425],[-59.11705,-38.68365],[-59.11713,-38.68292],[-59.11712,-38.68254],[-59.11707,-38.68228],[-59.11697,-38.68202],[-59.11684,-38.68181],[-59.11667,-38.68164],[-59.1165,-38.68152],[-59.11628,-38.68141],[-59.11603,-38.68134],[-59.11558,-38.68128],[-59.1152,-38.68129],[-59.11455,-38.68135],[-59.11359,-38.68147],[-59.11251,-38.68167],[-59.11182,-38.68186],[-59.1113,-38.68205],[-59.11082,-38.68225],[-59.11016,-38.68258],[-59.10735,-38.68416],[-59.10609,-38.68481],[-59.10472,-38.68549],[-59.10369,-38.68597],[-59.10269,-38.6864],[-59.10192,-38.68669],[-59.10116,-38.68692],[-59.10059,-38.68705],[-59.09996,-38.68714],[-59.0993,-38.6872],[-59.09875,-38.68721],[-59.0977,-38.68717],[-59.096,-38.68704],[-59.09382,-38.68683],[-59.09261,-38.68666],[-59.09118,-38.68642],[-59.09015,-38.68622],[-59.08949,-38.68606],[-59.08883,-38.68586],[-59.08817,-38.68562],[-59.08695,-38.68508],[-59.08617,-38.68467],[-59.08546,-38.68426],[-59.0847,-38.68378],[-59.08413,-38.68338],[-59.0836,-38.68294],[-59.08324,-38.68258],[-59.08226,-38.68141],[-59.08175,-38.68089],[-59.08126,-38.68054],[-59.08077,-38.68031],[-59.08032,-38.6802],[-59.0801,-38.68017],[-59.0797,-38.68016],[-59.07932,-38.68018],[-59.07853,-38.68031],[-59.07646,-38.68078],[-59.0756,-38.68091],[-59.07513,-38.68093],[-59.0746,-38.68091],[-59.07383,-38.68078],[-59.07348,-38.68067],[-59.07308,-38.6805],[-59.07273,-38.68031],[-59.07237,-38.68007],[-59.07178,-38.67959],[-59.07091,-38.67878],[-59.07048,-38.67843],[-59.07005,-38.67813],[-59.06959,-38.67788],[-59.06912,-38.67767],[-59.06845,-38.67745],[-59.06793,-38.6773],[-59.06698,-38.67708],[-59.06602,-38.67689],[-59.06518,-38.67676],[-59.06453,-38.67668],[-59.06383,-38.67664],[-59.06309,-38.67663],[-59.06033,-38.67677],[-59.05913,-38.67676],[-59.05849,-38.67671],[-59.05782,-38.67661],[-59.05736,-38.67651],[-59.05674,-38.67632],[-59.05631,-38.67613],[-59.05568,-38.67578],[-59.05526,-38.67544],[-59.05493,-38.67507],[-59.05475,-38.67476],[-59.05466,-38.67444],[-59.05464,-38.67403],[-59.0547,-38.67375],[-59.05489,-38.67336],[-59.05512,-38.67309],[-59.0555,-38.67278],[-59.0558,-38.67261],[-59.05612,-38.67247],[-59.05664,-38.6723],[-59.05725,-38.67217],[-59.05795,-38.67208],[-59.05894,-38.67204],[-59.05969,-38.67206],[-59.0605,-38.67212],[-59.06179,-38.67227],[-59.06288,-38.67245],[-59.06456,-38.67279],[-59.06849,-38.67373],[-59.06985,-38.67399],[-59.07103,-38.67418],[-59.07319,-38.67445],[-59.07551,-38.6747],[-59.07745,-38.67486],[-59.07909,-38.67493],[-59.08059,-38.67493],[-59.08245,-38.67487],[-59.08596,-38.6747],[-59.08775,-38.67455],[-59.08933,-38.67434],[-59.09067,-38.67411],[-59.09168,-38.6739],[-59.09426,-38.67329],[-59.09575,-38.67299],[-59.09718,-38.67282],[-59.0984,-38.67275],[-59.09929,-38.67274],[-59.1008,-38.67278],[-59.10264,-38.6729],[-59.10454,-38.67311],[-59.10897,-38.67373],[-59.11095,-38.67396],[-59.11356,-38.67419],[-59.11504,-38.67427],[-59.11627,-38.67431],[-59.11871,-38.6743],[-59.12084,-38.67422],[-59.12249,-38.67407],[-59.12596,-38.67361],[-59.12727,-38.67347],[-59.12902,-38.67338],[-59.1298,-38.67338],[-59.1306,-38.67341],[-59.1314,-38.67351],[-59.13181,-38.67358],[-59.13234,-38.67372],[-59.13291,-38.67392],[-59.13331,-38.6741],[-59.13381,-38.67435],[-59.13467,-38.67489],[-59.13583,-38.67575],[-59.13663,-38.67642],[-59.13805,-38.6777],[-59.13838,-38.67798],[-59.13886,-38.67833],[-59.13935,-38.67862],[-59.13992,-38.67887],[-59.14057,-38.67909],[-59.14111,-38.67922],[-59.14198,-38.67935],[-59.14293,-38.67938],[-59.14369,-38.67933],[-59.14477,-38.67917],[-59.14585,-38.67894],[-59.14708,-38.67862],[-59.15081,-38.67754],[-59.15297,-38.67694],[-59.15406,-38.67669],[-59.15523,-38.67647],[-59.15623,-38.67635],[-59.1576,-38.67627],[-59.15882,-38.67629],[-59.16014,-38.67639],[-59.16119,-38.67653],[-59.16224,-38.67673],[-59.16323,-38.67697],[-59.16413,-38.67722],[-59.16525,-38.67758],[-59.16649,-38.67804],[-59.16763,-38.67849],[-59.16879,-38.679],[-59.16978,-38.67948],[-59.17062,-38.67994],[-59.17128,-38.68036],[-59.17193,-38.68082],[-59.17266,-38.68145],[-59.17313,-38.68191],[-59.17338,-38.68226],[-59.17347,-38.68245],[-59.17351,-38.68258],[-59.17351,-38.68273],[-59.17349,-38.68284],[-59.17343,-38.68295],[-59.17324,-38.6831],[-59.17299,-38.68319],[-59.1712,-38.68341],[-59.16886,-38.68389],[-59.16841,-38.68396],[-59.16769,-38.68401],[-59.16702,-38.684],[-59.16618,-38.68391],[-59.16536,-38.68375],[-59.16345,-38.68332],[-59.16222,-38.68313],[-59.16044,-38.68297],[-59.15813,-38.68287],[-59.15595,-38.68286],[-59.15423,-38.68294],[-59.15306,-38.68304],[-59.15063,-38.68329],[-59.14963,-38.68342],[-59.14884,-38.68354],[-59.14782,-38.68377],[-59.14717,-38.68394],[-59.14654,-38.68415],[-59.14582,-38.68443],[-59.1454,-38.68465],[-59.14503,-38.68489],[-59.14463,-38.68523],[-59.14444,-38.68544],[-59.14417,-38.68579],[-59.14387,-38.68631],[-59.14336,-38.68744],[-59.14308,-38.68788],[-59.14285,-38.68809],[-59.14267,-38.68822],[-59.14239,-38.68833],[-59.14211,-38.68839],[-59.14182,-38.68841],[-59.14111,-38.68839],[-59.14076,-38.68833],[-59.14039,-38.68824],[-59.14002,-38.68811],[-59.13977,-38.68799],[-59.13937,-38.68775],[-59.13885,-38.68731],[-59.13851,-38.68693],[-59.13816,-38.68647],[-59.13731,-38.68525],[-59.13693,-38.68482],[-59.13654,-38.68451],[-59.13616,-38.68433],[-59.13577,-38.68426],[-59.1354,-38.68427],[-59.1349,-38.68437],[-59.13424,-38.68461],[-59.13371,-38.68487],[-59.13192,-38.68583],[-59.13121,-38.68614],[-59.13057,-38.68636],[-59.12992,-38.68654],[-59.12923,-38.6867],[-59.1268,-38.68711],[-59.12566,-38.68736],[-59.12437,-38.68776],[-59.12183,-38.6887],[-59.12039,-38.68917],[-59.11634,-38.69025],[-59.11594,-38.69033],[-59.11585,-38.69032],[-59.11583,-38.6903]]]}},{"type":"Feature","properties":{"fdc":"Atlas 500k 1° Ediciónl","sag":"IGN","crv":30,"mo2":2,"tipo":"Curva de nivel","ign":"lineas_de_geomorfologia_CA010.17469"},"geometry":{"type":"MultiLineString","coordinates":[[[-59.19833,-38.69114],[-59.19827,-38.69105],[-59.19818,-38.69083],[-59.19809,-38.69046],[-59.19806,-38.69024],[-59.19807,-38.68976],[-59.19813,-38.68943],[-59.19821,-38.68924],[-59.19831,-38.68906],[-59.19844,-38.68893],[-59.19875,-38.68871],[-59.19909,-38.68856],[-59.19953,-38.68846],[-59.19995,-38.68845],[-59.20047,-38.68852],[-59.20086,-38.68863],[-59.20139,-38.68887],[-59.20176,-38.6891],[-59.20204,-38.68936],[-59.20221,-38.68962],[-59.20226,-38.68976],[-59.2023,-38.68997],[-59.20226,-38.69018],[-59.20213,-38.69045],[-59.20201,-38.6906],[-59.20176,-38.69083],[-59.20153,-38.691],[-59.20126,-38.69115],[-59.20079,-38.69136],[-59.20047,-38.69145],[-59.20003,-38.69152],[-59.19937,-38.6915],[-59.19882,-38.69138],[-59.19852,-38.69126],[-59.19833,-38.69114]]]}},{"type":"Feature","properties":{"fdc":"Atlas 500k 1° Ediciónl","sag":"IGN","crv":20,"mo2":2,"tipo":"Curva de nivel","ign":"lineas_de_geomorfologia_CA010.17471"},"geometry":{"type":"MultiLineString","coordinates":[[[-59.28417,-38.70704],[-59.28411,-38.70693],[-59.28382,-38.70675],[-59.28314,-38.70647],[-59.2824,-38.70624],[-59.28099,-38.70594],[-59.2799,-38.70576],[-59.27805,-38.7055],[-59.27278,-38.70488],[-59.27028,-38.70456],[-59.26819,-38.70422],[-59.26596,-38.70376],[-59.26511,-38.70355],[-59.26387,-38.7032],[-59.26298,-38.7029],[-59.26054,-38.70202],[-59.25901,-38.70154],[-59.25672,-38.70095],[-59.2557,-38.70073],[-59.25489,-38.70059],[-59.25405,-38.70047],[-59.25249,-38.70031],[-59.25047,-38.70018],[-59.24918,-38.70014],[-59.2476,-38.70018],[-59.24518,-38.70038],[-59.24405,-38.70044],[-59.24013,-38.70057],[-59.2395,-38.70055],[-59.23902,-38.70051],[-59.23845,-38.70041],[-59.23775,-38.70023],[-59.23521,-38.69934],[-59.23456,-38.69915],[-59.23386,-38.69898],[-59.23304,-38.69883],[-59.23017,-38.69838],[-59.22649,-38.69755],[-59.22254,-38.69687],[-59.21816,-38.69601],[-59.21667,-38.69576],[-59.21342,-38.69532],[-59.20988,-38.69468],[-59.20837,-38.69447],[-59.20628,-38.69427],[-59.20232,-38.69402],[-59.20051,-38.69383],[-59.19932,-38.69363],[-59.19857,-38.69346],[-59.19782,-38.69322],[-59.19731,-38.69302],[-59.19662,-38.69271],[-59.19565,-38.69219],[-59.19369,-38.691],[-59.19264,-38.69041],[-59.19123,-38.68969],[-59.19,-38.68916],[-59.18878,-38.68871],[-59.18811,-38.6885],[-59.18609,-38.68795],[-59.18407,-38.68749],[-59.1833,-38.68735],[-59.18171,-38.68711],[-59.18121,-38.687],[-59.18089,-38.68685],[-59.18072,-38.68669],[-59.18063,-38.68648],[-59.18062,-38.68623],[-59.18068,-38.68601],[-59.18077,-38.6858],[-59.18101,-38.68546],[-59.18131,-38.68519],[-59.18173,-38.68495],[-59.18222,-38.68479],[-59.18279,-38.6847],[-59.18347,-38.68466],[-59.18419,-38.68467],[-59.18525,-38.68474],[-59.18625,-38.68482],[-59.19075,-38.68526],[-59.1958,-38.6858],[-59.20152,-38.6863],[-59.20775,-38.68699],[-59.20995,-38.68726],[-59.21258,-38.68765],[-59.21495,-38.68806],[-59.21671,-38.68842],[-59.2187,-38.6889],[-59.22238,-38.68991],[-59.22643,-38.69112],[-59.22841,-38.69176],[-59.23168,-38.69292],[-59.233,-38.69333],[-59.23423,-38.69366],[-59.23573,-38.69402],[-59.23778,-38.69444],[-59.2392,-38.69467],[-59.24084,-38.69489],[-59.24743,-38.6957],[-59.25609,-38.69713],[-59.2581,-38.69741],[-59.25954,-38.69756],[-59.26088,-38.69766],[-59.26754,-38.69801],[-59.27063,-38.69823],[-59.27184,-38.69836],[-59.27352,-38.69857],[-59.27504,-38.69881],[-59.27667,-38.69911],[-59.27823,-38.69947],[-59.27929,-38.69977],[-59.28071,-38.70026],[-59.28184,-38.70072],[-59.283,-38.70129],[-59.2841,-38.70192],[-59.2849,-38.70247],[-59.28526,-38.70277],[-59.28565,-38.70315],[-59.28606,-38.7037],[-59.28622,-38.70403],[-59.28629,-38.70424],[-59.28632,-38.70438],[-59.28635,-38.70474],[-59.28632,-38.70502],[-59.28624,-38.7053],[-59.28611,-38.70558],[-59.28591,-38.70589],[-59.28569,-38.70616],[-59.28527,-38.70654],[-59.28491,-38.7068],[-59.28461,-38.70696],[-59.28435,-38.70705],[-59.28417,-38.70704]]]}},{"type":"Feature","properties":{"fdc":"Atlas 500k 1° Ediciónl","sag":"IGN","crv":20,"mo2":2,"tipo":"Curva de nivel","ign":"lineas_de_geomorfologia_CA010.17472"},"geometry":{"type":"MultiLineString","coordinates":[[[-59.34917,-38.70841],[-59.34898,-38.70825],[-59.34867,-38.70783],[-59.34843,-38.70741],[-59.3483,-38.70709],[-59.34819,-38.70674],[-59.34812,-38.70633],[-59.34812,-38.70594],[-59.34821,-38.70554],[-59.34831,-38.70529],[-59.34845,-38.70505],[-59.34866,-38.70478],[-59.34904,-38.70443],[-59.34925,-38.70429],[-59.34959,-38.70415],[-59.35002,-38.70408],[-59.35023,-38.70409],[-59.35046,-38.70412],[-59.35068,-38.70419],[-59.35109,-38.7044],[-59.3513,-38.70454],[-59.3517,-38.70488],[-59.35234,-38.70555],[-59.35268,-38.706],[-59.35294,-38.70648],[-59.35304,-38.70681],[-59.35307,-38.70706],[-59.35305,-38.70731],[-59.35298,-38.70761],[-59.35287,-38.70784],[-59.35275,-38.70803],[-59.35249,-38.7083],[-59.35232,-38.70843],[-59.35207,-38.70858],[-59.35166,-38.70872],[-59.35131,-38.70878],[-59.35093,-38.7088],[-59.35024,-38.70874],[-59.34961,-38.7086],[-59.34933,-38.7085],[-59.34917,-38.70841]]]}},{"type":"Feature","properties":{"fdc":"Atlas 500k 1° Ediciónl","sag":"IGN","crv":20,"mo2":2,"tipo":"Curva de nivel","ign":"lineas_de_geomorfologia_CA010.17473"},"geometry":{"type":"MultiLineString","coordinates":[[[-59.37,-38.71686],[-59.36996,-38.71681],[-59.36976,-38.71674],[-59.36913,-38.71661],[-59.36831,-38.71651],[-59.36715,-38.71642],[-59.36417,-38.7163],[-59.35911,-38.71624],[-59.35779,-38.7162],[-59.35613,-38.71608],[-59.35461,-38.71587],[-59.35352,-38.71566],[-59.35227,-38.71534],[-59.3498,-38.71459],[-59.34544,-38.71338],[-59.34197,-38.71233],[-59.34098,-38.71206],[-59.33968,-38.71176],[-59.3383,-38.71156],[-59.33683,-38.71145],[-59.33498,-38.71142],[-59.33335,-38.71146],[-59.33,-38.71167],[-59.32835,-38.71174],[-59.32668,-38.71175],[-59.32524,-38.71167],[-59.32344,-38.71145],[-59.31756,-38.71057],[-59.31209,-38.70964],[-59.31056,-38.70941],[-59.30919,-38.70925],[-59.30552,-38.70889],[-59.30297,-38.70861],[-59.30154,-38.70842],[-59.30016,-38.70816],[-59.29886,-38.70783],[-59.29774,-38.70746],[-59.2963,-38.70688],[-59.29504,-38.70627],[-59.29417,-38.70577],[-59.29387,-38.70555],[-59.29366,-38.70533],[-59.29355,-38.70514],[-59.29352,-38.70503],[-59.29352,-38.70484],[-59.29362,-38.70465],[-59.29375,-38.70453],[-59.29412,-38.70431],[-59.29479,-38.7041],[-59.29578,-38.70393],[-59.29709,-38.70382],[-59.29839,-38.7038],[-59.29986,-38.70383],[-59.30119,-38.70392],[-59.30234,-38.70403],[-59.30537,-38.70441],[-59.30803,-38.7047],[-59.30936,-38.70488],[-59.31126,-38.70522],[-59.31438,-38.70588],[-59.31594,-38.70613],[-59.31673,-38.70623],[-59.31823,-38.70636],[-59.32337,-38.70674],[-59.32864,-38.70726],[-59.33661,-38.7082],[-59.34052,-38.70877],[-59.34141,-38.70892],[-59.34228,-38.70912],[-59.34304,-38.70934],[-59.34382,-38.70961],[-59.34444,-38.70986],[-59.34517,-38.7102],[-59.3476,-38.71147],[-59.3483,-38.7118],[-59.34877,-38.712],[-59.34933,-38.7122],[-59.34981,-38.71233],[-59.35029,-38.71244],[-59.35109,-38.71253],[-59.35174,-38.71255],[-59.35673,-38.7125],[-59.35852,-38.71252],[-59.36083,-38.71258],[-59.36251,-38.71271],[-59.36339,-38.71283],[-59.3645,-38.71302],[-59.36544,-38.71324],[-59.36628,-38.71348],[-59.36697,-38.71373],[-59.36759,-38.71399],[-59.36814,-38.71426],[-59.36863,-38.71453],[-59.36906,-38.71481],[-59.36945,-38.71511],[-59.36978,-38.7154],[-59.37003,-38.71568],[-59.37021,-38.71594],[-59.37033,-38.71621],[-59.37037,-38.7165],[-59.37031,-38.7167],[-59.37017,-38.71682],[-59.37,-38.71686]]]}},{"type":"Feature","properties":{"fdc":"Atlas 500k 1° Ediciónl","sag":"IGN","crv":30,"mo2":2,"tipo":"Curva de nivel","ign":"lineas_de_geomorfologia_CA010.17533"},"geometry":{"type":"MultiLineString","coordinates":[[[-58.95833,-38.52423],[-58.95844,-38.52395],[-58.95875,-38.5234],[-58.9592,-38.5228],[-58.95952,-38.52243],[-58.95988,-38.52207],[-58.96023,-38.52179],[-58.96073,-38.52145],[-58.96128,-38.52117],[-58.96176,-38.52099],[-58.96209,-38.52092],[-58.96251,-38.52087],[-58.96285,-38.52089],[-58.96324,-38.521],[-58.96354,-38.52117],[-58.9637,-38.52132],[-58.96384,-38.5215],[-58.96395,-38.52169],[-58.96403,-38.52196],[-58.96405,-38.5222],[-58.96403,-38.52244],[-58.96396,-38.52271],[-58.96386,-38.52297],[-58.96372,-38.52322],[-58.96355,-38.52345],[-58.96314,-38.52386],[-58.96266,-38.5242],[-58.96229,-38.52439],[-58.96191,-38.52454],[-58.96144,-38.52467],[-58.96111,-38.52472],[-58.96056,-38.52474],[-58.96002,-38.5247],[-58.95935,-38.52458],[-58.95876,-38.52441],[-58.95833,-38.52423]]]}},{"type":"Feature","properties":{"fdc":"SIG 250 mil","sag":"IGN","crv":20,"mo2":6,"tipo":"Curva de nivel","ign":"lineas_de_geomorfologia_CA010.110733"},"geometry":{"type":"MultiLineString","coordinates":[[[-58.98264,-38.59662],[-58.98061,-38.59558],[-58.97964,-38.59441],[-58.97954,-38.59295],[-58.97832,-38.59178],[-58.97872,-38.58984],[-58.97972,-38.58869],[-58.98283,-38.58755],[-58.98443,-38.58786],[-58.98478,-38.58921],[-58.98537,-38.59087],[-58.98534,-38.59291],[-58.98488,-38.59457],[-58.98407,-38.59589],[-58.98264,-38.59662]]]}},{"type":"Feature","properties":{"fdc":"SIG 250 mil","sag":"IGN","crv":10,"mo2":6,"tipo":"Curva de nivel","ign":"lineas_de_geomorfologia_CA010.110769"},"geometry":{"type":"MultiLineString","coordinates":[[[-58.99231,-38.65287],[-58.99135,-38.65231],[-58.99118,-38.6512],[-58.99217,-38.65031],[-58.99289,-38.64914],[-58.99239,-38.64754],[-58.99258,-38.64664],[-58.99311,-38.64574],[-58.99409,-38.64574],[-58.9948,-38.64548],[-58.99569,-38.64465],[-58.99693,-38.64473],[-58.9971,-38.64522],[-58.997,-38.64619],[-58.99698,-38.64723],[-58.99715,-38.64834],[-58.99704,-38.64952],[-58.9957,-38.65068],[-58.99443,-38.65178],[-58.99355,-38.65282],[-58.99231,-38.65287]]]}},{"type":"Feature","properties":{"fdc":"SIG 250 mil","sag":"IGN","crv":50,"mo2":6,"tipo":"Curva de nivel","ign":"lineas_de_geomorfologia_CA010.110667"},"geometry":{"type":"MultiLineString","coordinates":[[[-59.64645,-38.51313],[-59.64357,-38.51345],[-59.6405,-38.51516],[-59.63977,-38.51573],[-59.63831,-38.5163],[-59.632,-38.51617],[-59.63005,-38.51665],[-59.62909,-38.51655],[-59.62727,-38.51578],[-59.62679,-38.51473],[-59.62825,-38.51264],[-59.62851,-38.51121],[-59.62814,-38.51054],[-59.62698,-38.51023],[-59.62549,-38.51178],[-59.62239,-38.51116],[-59.61916,-38.51242],[-59.61842,-38.51299],[-59.61713,-38.51324],[-59.61345,-38.51297],[-59.6115,-38.51335],[-59.60992,-38.51458],[-59.6081,-38.51524],[-59.60568,-38.51361],[-59.60153,-38.51251],[-59.60031,-38.51178],[-59.59855,-38.50949],[-59.59354,-38.5075],[-59.59003,-38.50552],[-59.58936,-38.50335],[-59.58814,-38.50297],[-59.5873,-38.50306],[-59.58571,-38.50401],[-59.58449,-38.50544],[-59.5827,-38.50683],[-59.57999,-38.50742],[-59.57804,-38.50751],[-59.57444,-38.50566],[-59.5726,-38.5053],[-59.57102,-38.50567],[-59.56956,-38.50662],[-59.56871,-38.50671],[-59.56762,-38.50652],[-59.56678,-38.50518],[-59.56606,-38.50461],[-59.56509,-38.50441],[-59.56168,-38.50507],[-59.5612,-38.50497],[-59.56023,-38.50449],[-59.55927,-38.50315],[-59.55839,-38.50259],[-59.55454,-38.50275],[-59.5526,-38.50189],[-59.55046,-38.50188],[-59.5481,-38.50325],[-59.54689,-38.50301],[-59.54593,-38.50243],[-59.54545,-38.50167],[-59.54472,-38.50138],[-59.54278,-38.50166],[-59.53841,-38.50078],[-59.53793,-38.50087],[-59.53658,-38.50201],[-59.53476,-38.50306],[-59.53209,-38.50613],[-59.53122,-38.50657],[-59.52927,-38.50666],[-59.52538,-38.50817],[-59.52344,-38.50835],[-59.52247,-38.50806],[-59.52078,-38.507],[-59.51995,-38.50481],[-59.51996,-38.50252],[-59.51948,-38.50195],[-59.51851,-38.50194],[-59.51498,-38.50431],[-59.51303,-38.5044],[-59.51207,-38.50411],[-59.51037,-38.50286],[-59.50883,-38.49828],[-59.50774,-38.49856],[-59.50627,-38.49979],[-59.50529,-38.50131],[-59.5037,-38.50254],[-59.50177,-38.50244],[-59.49928,-38.49929],[-59.49827,-38.49871],[-59.49633,-38.49861],[-59.49439,-38.49803],[-59.49273,-38.49518],[-59.48956,-38.49486],[-59.48696,-38.49192],[-59.48583,-38.4917],[-59.4851,-38.49207],[-59.48436,-38.49274],[-59.48375,-38.49426],[-59.4828,-38.49458],[-59.47793,-38.49328],[-59.47672,-38.49213],[-59.47658,-38.49154],[-59.47489,-38.49014],[-59.47452,-38.48878],[-59.47385,-38.48796],[-59.47337,-38.4884],[-59.4727,-38.48945],[-59.4725,-38.49058],[-59.47211,-38.49147],[-59.47093,-38.49166],[-59.47029,-38.49163],[-59.46866,-38.48983],[-59.4674,-38.48933],[-59.46387,-38.49103],[-59.46302,-38.49102],[-59.46109,-38.49034],[-59.46037,-38.48891],[-59.46051,-38.48739],[-59.45966,-38.48681],[-59.45772,-38.4868],[-59.45627,-38.48623],[-59.45474,-38.48501],[-59.45313,-38.48469],[-59.45203,-38.48478],[-59.45033,-38.48572],[-59.44948,-38.48562],[-59.44658,-38.48446],[-59.44463,-38.48512],[-59.44395,-38.48581],[-59.44068,-38.48727],[-59.44,-38.48806],[-59.43999,-38.49006],[-59.43988,-38.49018],[-59.43909,-38.49102],[-59.43823,-38.49109],[-59.43699,-38.49093],[-59.43537,-38.4907],[-59.43354,-38.49126],[-59.43086,-38.49278],[-59.42892,-38.49334],[-59.42749,-38.49303],[-59.4259,-38.49142],[-59.42603,-38.48989],[-59.4269,-38.48856],[-59.43068,-38.48643],[-59.4308,-38.48515],[-59.43036,-38.48468],[-59.43008,-38.48438],[-59.42884,-38.48362],[-59.42731,-38.48331],[-59.42476,-38.48341],[-59.42305,-38.4832],[-59.42161,-38.48205],[-59.41992,-38.48129],[-59.41809,-38.48175],[-59.41616,-38.48165],[-59.41518,-38.48117],[-59.41335,-38.48122],[-59.41198,-38.47948],[-59.4108,-38.47957],[-59.41074,-38.48061],[-59.40808,-38.48212],[-59.40605,-38.48422],[-59.40473,-38.48445],[-59.4034,-38.48339],[-59.40282,-38.47961],[-59.40223,-38.4789],[-59.40126,-38.479],[-59.40015,-38.48042],[-59.39841,-38.48489],[-59.3974,-38.48583],[-59.39552,-38.48611],[-59.39284,-38.48544],[-59.39212,-38.48436],[-59.3916,-38.48336],[-59.39097,-38.48303],[-59.38944,-38.4826],[-59.38882,-38.48198],[-59.38857,-38.4807],[-59.38847,-38.47933],[-59.38764,-38.47871],[-59.38648,-38.47862],[-59.38575,-38.47845],[-59.38496,-38.47807],[-59.38428,-38.47807],[-59.38354,-38.47848],[-59.38337,-38.47902],[-59.38327,-38.47943],[-59.383,-38.47992],[-59.38242,-38.48026],[-59.3819,-38.48042],[-59.37971,-38.48064],[-59.37822,-38.47966],[-59.37672,-38.47776],[-59.37656,-38.47617],[-59.3758,-38.47566],[-59.37468,-38.47581],[-59.3744,-38.47624],[-59.37433,-38.47705],[-59.37446,-38.47802],[-59.37391,-38.47894],[-59.37383,-38.47991],[-59.37382,-38.48082],[-59.3734,-38.48147],[-59.37272,-38.48155],[-59.37237,-38.48151],[-59.37117,-38.48017],[-59.3702,-38.47988],[-59.36837,-38.48063],[-59.36643,-38.48082],[-59.3645,-38.48042],[-59.36268,-38.47955],[-59.36075,-38.47926],[-59.35784,-38.47924],[-59.3547,-38.47694],[-59.35373,-38.47712],[-59.353,-38.47769],[-59.35299,-38.47826],[-59.35141,-38.48071],[-59.35054,-38.48111],[-59.34969,-38.4812],[-59.34776,-38.48081],[-59.34541,-38.47913],[-59.3423,-38.47992],[-59.34049,-38.47963],[-59.33989,-38.47895],[-59.33929,-38.47752],[-59.33869,-38.47704],[-59.33377,-38.47858],[-59.33187,-38.48005],[-59.33051,-38.48005],[-59.32756,-38.47808],[-59.32668,-38.47792],[-59.32497,-38.47849],[-59.32206,-38.47885],[-59.32049,-38.47798],[-59.31856,-38.47749],[-59.31758,-38.47778],[-59.31564,-38.47786],[-59.315,-38.4776],[-59.3136,-38.47537],[-59.313,-38.47505],[-59.31163,-38.47332],[-59.31116,-38.47197],[-59.31083,-38.47126],[-59.30988,-38.47093],[-59.30946,-38.47168],[-59.30889,-38.47314],[-59.30888,-38.47421],[-59.30956,-38.47546],[-59.30956,-38.47551],[-59.30783,-38.47626],[-59.30653,-38.47668],[-59.30523,-38.47672],[-59.30428,-38.47613],[-59.30388,-38.47435],[-59.30389,-38.47327],[-59.30335,-38.47283],[-59.30252,-38.47261],[-59.30218,-38.47299],[-59.30204,-38.47385],[-59.30155,-38.47477],[-59.30127,-38.47541],[-59.30071,-38.47573],[-59.30019,-38.47583],[-59.29917,-38.47557],[-59.29821,-38.4749],[-59.29641,-38.47279],[-59.29459,-38.47211],[-59.2929,-38.47095],[-59.29053,-38.47186],[-59.28926,-38.4716],[-59.28757,-38.47064],[-59.28758,-38.46988],[-59.28662,-38.4693],[-59.28552,-38.46938],[-59.28394,-38.47052],[-59.28308,-38.4708],[-59.28115,-38.4706],[-59.2803,-38.47078],[-59.27944,-38.47135],[-59.27882,-38.47287],[-59.27724,-38.47372],[-59.27529,-38.4738],[-59.27359,-38.47456],[-59.27165,-38.47445],[-59.26971,-38.47358],[-59.26986,-38.47205],[-59.27134,-38.46977],[-59.27085,-38.46901],[-59.26964,-38.469],[-59.26744,-38.47052],[-59.26199,-38.47048],[-59.25979,-38.47208],[-59.25797,-38.47236],[-59.25603,-38.47197],[-59.25428,-38.4701],[-59.2529,-38.46938],[-59.25109,-38.46888],[-59.25073,-38.46812],[-59.24834,-38.46621],[-59.24315,-38.46744],[-59.23874,-38.4669],[-59.23681,-38.46603],[-59.23487,-38.46554],[-59.23099,-38.46608],[-59.22905,-38.46598],[-59.22304,-38.46463],[-59.21976,-38.463],[-59.21832,-38.46066],[-59.21738,-38.45761],[-59.21614,-38.45623],[-59.2157,-38.45536],[-59.21526,-38.45411],[-59.21354,-38.45333]]]}},{"type":"Feature","properties":{"fdc":"SIG 250 mil","sag":"IGN","crv":40,"mo2":6,"tipo":"Curva de nivel","ign":"lineas_de_geomorfologia_CA010.110688"},"geometry":{"type":"MultiLineString","coordinates":[[[-59.20922,-38.49779],[-59.21136,-38.49837],[-59.21383,-38.50257],[-59.2223,-38.50366],[-59.22663,-38.5],[-59.22881,-38.5002],[-59.231,-38.50003],[-59.23699,-38.50059],[-59.2396,-38.49998],[-59.24373,-38.49973],[-59.24603,-38.50013],[-59.25,-38.50387],[-59.25325,-38.50627],[-59.25519,-38.50657],[-59.25932,-38.50564],[-59.26127,-38.5048],[-59.26312,-38.50185],[-59.26471,-38.50043],[-59.26642,-38.4993],[-59.26813,-38.49912],[-59.26932,-38.50046],[-59.26943,-38.5018],[-59.26807,-38.50522],[-59.26926,-38.50637],[-59.27145,-38.50601],[-59.27244,-38.50467],[-59.27402,-38.50393],[-59.27839,-38.50433],[-59.28008,-38.50492],[-59.28223,-38.50779],[-59.2861,-38.50886],[-59.28936,-38.51155],[-59.29334,-38.51281],[-59.29491,-38.51416],[-59.29684,-38.51512],[-59.29903,-38.51495],[-59.3005,-38.51362],[-59.30051,-38.51191],[-59.30102,-38.51019],[-59.30188,-38.50819],[-59.30227,-38.50655],[-59.3031,-38.50483],[-59.30447,-38.50468],[-59.30579,-38.50545],[-59.30795,-38.50861],[-59.31382,-38.5113],[-59.31484,-38.51142],[-59.32103,-38.51069],[-59.32163,-38.51107],[-59.32112,-38.51431],[-59.32208,-38.51527],[-59.32427,-38.5149],[-59.3261,-38.51415],[-59.33046,-38.51408],[-59.33253,-38.51342],[-59.33449,-38.5121],[-59.33643,-38.51173],[-59.34055,-38.51233],[-59.34261,-38.5131],[-59.34709,-38.51398],[-59.35013,-38.51286],[-59.35171,-38.51372],[-59.35217,-38.51544],[-59.35313,-38.51697],[-59.35433,-38.51812],[-59.35651,-38.51852],[-59.35846,-38.51776],[-59.35993,-38.51644],[-59.36066,-38.51663],[-59.36186,-38.51788],[-59.36123,-38.52126],[-59.36123,-38.52131],[-59.3605,-38.52266],[-59.36035,-38.52406],[-59.36073,-38.52407],[-59.36229,-38.52407],[-59.36424,-38.52314],[-59.36618,-38.52372],[-59.36763,-38.52487],[-59.36956,-38.52545],[-59.37162,-38.52546],[-59.37456,-38.5229],[-59.37651,-38.52225],[-59.38037,-38.5237],[-59.3822,-38.52323],[-59.38367,-38.52171],[-59.38538,-38.52096],[-59.38962,-38.52117],[-59.39316,-38.51909],[-59.39538,-38.5196],[-59.39594,-38.5238],[-59.39796,-38.52541],[-59.4022,-38.52591],[-59.40583,-38.52764],[-59.40766,-38.52727],[-59.41035,-38.52433],[-59.41061,-38.52261],[-59.41207,-38.52186],[-59.41352,-38.52263],[-59.41496,-38.52426],[-59.41784,-38.52894],[-59.41806,-38.53066],[-59.41903,-38.53143],[-59.42317,-38.52973],[-59.4268,-38.53127],[-59.42849,-38.53157],[-59.43155,-38.5292],[-59.43289,-38.52768],[-59.43484,-38.52788],[-59.43531,-38.52884],[-59.43554,-38.5317],[-59.4365,-38.53209],[-59.43832,-38.53219],[-59.44158,-38.53478],[-59.44352,-38.53555],[-59.44547,-38.53499],[-59.4468,-38.53404],[-59.45094,-38.53339],[-59.45239,-38.53397],[-59.45468,-38.53608],[-59.45892,-38.53677],[-59.46553,-38.53661],[-59.46656,-38.53775],[-59.4668,-38.5389],[-59.46533,-38.54042],[-59.46508,-38.54156],[-59.46677,-38.54233],[-59.46896,-38.54177],[-59.47042,-38.54044],[-59.47213,-38.53978],[-59.47512,-38.53973]]]}},{"type":"Feature","properties":{"fdc":"SIG 250 mil","sag":"IGN","crv":30,"mo2":6,"tipo":"Curva de nivel","ign":"lineas_de_geomorfologia_CA010.110724"},"geometry":{"type":"MultiLineString","coordinates":[[[-59.44513,-38.5801],[-59.44194,-38.58216],[-59.43951,-38.58064],[-59.43806,-38.58041],[-59.43535,-38.58037],[-59.43415,-38.58014],[-59.43346,-38.57993],[-59.43119,-38.57812],[-59.43019,-38.57867],[-59.42872,-38.58019],[-59.42555,-38.58189],[-59.42469,-38.58341],[-59.42383,-38.58398],[-59.42188,-38.58454],[-59.41877,-38.58335],[-59.41521,-38.58299],[-59.41437,-38.58155],[-59.41452,-38.57926],[-59.41534,-38.578],[-59.41768,-38.57847],[-59.41769,-38.57718],[-59.41721,-38.57651],[-59.41551,-38.57593],[-59.41407,-38.57459],[-59.4131,-38.57468],[-59.41285,-38.57497],[-59.41283,-38.57763],[-59.41258,-38.57792],[-59.41161,-38.5783],[-59.40966,-38.57838],[-59.40864,-38.57882],[-59.40794,-38.58095],[-59.40745,-38.58152],[-59.40672,-38.58171],[-59.40411,-38.58066],[-59.4031,-38.57959],[-59.4031,-38.57883],[-59.40518,-38.57693],[-59.40563,-38.57593],[-59.40435,-38.57426],[-59.40278,-38.57368],[-59.40424,-38.57254],[-59.40438,-38.57178],[-59.40377,-38.57111],[-59.40184,-38.57024],[-59.40086,-38.57052],[-59.39976,-38.57195],[-59.39793,-38.57241],[-59.39708,-38.57288],[-59.39674,-38.5739],[-59.39715,-38.57659],[-59.39631,-38.57745],[-59.39242,-38.5782],[-59.39125,-38.5788],[-59.39085,-38.58118],[-59.3902,-38.58229],[-59.38849,-38.58313],[-59.38375,-38.58302],[-59.38181,-38.58358],[-59.38085,-38.58348],[-59.37825,-38.58106],[-59.37405,-38.58134],[-59.37224,-38.58057],[-59.37091,-38.57913],[-59.36898,-38.57817],[-59.36837,-38.57759],[-59.36839,-38.57607],[-59.37035,-38.57417],[-59.37133,-38.57265],[-59.37305,-38.57123],[-59.37791,-38.5705],[-59.37852,-38.56974],[-59.37842,-38.56821],[-59.37576,-38.56629],[-59.37503,-38.56628],[-59.37394,-38.56676],[-59.37235,-38.56789],[-59.37137,-38.56798],[-59.37053,-38.56759],[-59.3692,-38.56616],[-59.36899,-38.5632],[-59.36802,-38.56253],[-59.36608,-38.56242],[-59.36415,-38.56136],[-59.36317,-38.56145],[-59.36317,-38.56222],[-59.36388,-38.56355],[-59.36477,-38.56426],[-59.3651,-38.56894],[-59.36395,-38.56956],[-59.36214,-38.56926],[-59.36166,-38.5685],[-59.36166,-38.56774],[-59.36106,-38.56697],[-59.35925,-38.56591],[-59.35868,-38.5649],[-59.35892,-38.5621],[-59.35698,-38.56161],[-59.35613,-38.56113],[-59.35518,-38.55979],[-59.35349,-38.55844],[-59.35252,-38.55844],[-59.35105,-38.55929],[-59.34923,-38.55976],[-59.34885,-38.56042],[-59.34914,-38.56136],[-59.35065,-38.56354],[-59.35072,-38.56427],[-59.35051,-38.56546],[-59.351,-38.56651],[-59.35157,-38.56684],[-59.35184,-38.5673],[-59.35226,-38.56824],[-59.35238,-38.56933],[-59.35228,-38.57004],[-59.35157,-38.57038],[-59.35077,-38.57055],[-59.34931,-38.57072],[-59.34784,-38.57071],[-59.34629,-38.57029],[-59.34451,-38.56915],[-59.34355,-38.56873],[-59.34297,-38.56875],[-59.34234,-38.56887],[-59.3412,-38.56877],[-59.33813,-38.56541],[-59.33619,-38.56512],[-59.33462,-38.56416],[-59.33369,-38.56232],[-59.33282,-38.56129],[-59.33113,-38.56071],[-59.32746,-38.56355],[-59.32441,-38.56477],[-59.32259,-38.56475],[-59.31852,-38.56132],[-59.31708,-38.55804],[-59.31618,-38.55759]]]}},{"type":"Feature","properties":{"fdc":"SIG 250 mil","sag":"IGN","crv":10,"mo2":6,"tipo":"Curva de nivel","ign":"lineas_de_geomorfologia_CA010.110780"},"geometry":{"type":"MultiLineString","coordinates":[[[-59.02162,-38.66855],[-59.02551,-38.66787],[-59.02644,-38.66609],[-59.02828,-38.66557],[-59.03079,-38.66505],[-59.03352,-38.66615],[-59.03512,-38.6658],[-59.03649,-38.66528],[-59.03832,-38.66511],[-59.03992,-38.66441],[-59.03917,-38.66332],[-59.03756,-38.66207],[-59.03402,-38.6624],[-59.03151,-38.66201],[-59.03014,-38.66236],[-59.02922,-38.66271],[-59.0274,-38.6627],[-59.02627,-38.66215],[-59.02397,-38.66338],[-59.02262,-38.66421],[-59.02213,-38.66473],[-59.02251,-38.66514],[-59.02303,-38.66543],[-59.02357,-38.66603],[-59.02331,-38.66696],[-59.02286,-38.66752],[-59.02277,-38.66766],[-59.02162,-38.66855]]]}},{"type":"Feature","properties":{"fdc":"SIG 250 mil","sag":"IGN","crv":20,"mo2":6,"tipo":"Curva de nivel","ign":"lineas_de_geomorfologia_CA010.110778"},"geometry":{"type":"MultiLineString","coordinates":[[[-58.75708,-38.47517],[-58.75533,-38.47793],[-58.75173,-38.47883],[-58.7483,-38.48123],[-58.75499,-38.484],[-58.75491,-38.48624],[-58.75577,-38.48955],[-58.75527,-38.49275],[-58.75437,-38.49481],[-58.75242,-38.49575],[-58.75029,-38.49785],[-58.74796,-38.49984],[-58.74861,-38.50121],[-58.75079,-38.50104],[-58.75387,-38.5],[-58.75875,-38.49693],[-58.76303,-38.49535],[-58.76486,-38.49432],[-58.76842,-38.4916],[-58.76947,-38.49256],[-58.76471,-38.4976],[-58.75246,-38.50369],[-58.75194,-38.50505],[-58.75351,-38.50574],[-58.75788,-38.50521],[-58.75921,-38.5057],[-58.75875,-38.51085],[-58.75785,-38.51408],[-58.75806,-38.51599],[-58.7595,-38.51677],[-58.76168,-38.51679],[-58.76592,-38.5174],[-58.76994,-38.51706],[-58.77162,-38.51785],[-58.7733,-38.51901],[-58.77436,-38.52064],[-58.77359,-38.52339],[-58.77247,-38.52491],[-58.77099,-38.52623],[-58.76719,-38.52838],[-58.76336,-38.53273],[-58.7604,-38.53546],[-58.76036,-38.53717],[-58.76168,-38.53843],[-58.76592,-38.53895],[-58.7676,-38.53992],[-58.76879,-38.54146],[-58.77096,-38.54224],[-58.77315,-38.54208],[-58.77532,-38.54305],[-58.77662,-38.54478],[-58.78084,-38.54673],[-58.7837,-38.54972],[-58.78588,-38.55022],[-58.78807,-38.54967],[-58.79003,-38.54873],[-58.79197,-38.54923],[-58.79215,-38.55267],[-58.79334,-38.55411],[-58.79527,-38.55499],[-58.79964,-38.55512],[-58.8018,-38.55629],[-58.80398,-38.55688],[-58.81054,-38.55638],[-58.81272,-38.55697],[-58.8149,-38.557],[-58.81709,-38.55664],[-58.8193,-38.55552],[-58.82077,-38.55439],[-58.82735,-38.55274],[-58.82953,-38.55314],[-58.8317,-38.55431],[-58.83388,-38.55452],[-58.83607,-38.55435],[-58.83815,-38.55361],[-58.84253,-38.55289],[-58.8447,-38.55348],[-58.84781,-38.55637],[-58.85192,-38.55775],[-58.85275,-38.55928],[-58.85248,-38.561],[-58.85318,-38.56253],[-58.85511,-38.5635],[-58.8573,-38.56323],[-58.85954,-38.5602],[-58.86333,-38.55814],[-58.86541,-38.5575],[-58.86733,-38.55856],[-58.87169,-38.55908],[-58.87386,-38.56006],[-58.87481,-38.56178],[-58.87698,-38.56256],[-58.87916,-38.56297],[-58.88122,-38.56289],[-58.88549,-38.5615],[-58.88948,-38.56316],[-58.89396,-38.56387],[-58.89589,-38.56485],[-58.89732,-38.56638],[-58.89951,-38.5666],[-58.9017,-38.56642],[-58.90389,-38.56568],[-58.90582,-38.56627],[-58.90529,-38.5697],[-58.90405,-38.57121],[-58.8998,-38.57108],[-58.89797,-38.57173],[-58.8977,-38.57344],[-58.8984,-38.57516],[-58.90059,-38.57499],[-58.90279,-38.57425],[-58.90484,-38.57484],[-58.90907,-38.5766],[-58.91023,-38.57995],[-58.90981,-38.58337],[-58.91088,-38.58501],[-58.91293,-38.58569],[-58.91731,-38.58564],[-58.91962,-38.58585],[-58.92179,-38.58663],[-58.92397,-38.58703],[-58.92603,-38.58696],[-58.92983,-38.58499],[-58.93422,-38.58436],[-58.93616,-38.58371],[-58.93716,-38.582],[-58.93864,-38.58068],[-58.94082,-38.58108],[-58.94302,-38.58034],[-58.94473,-38.57921],[-58.94573,-38.57751],[-58.94721,-38.57599],[-58.94927,-38.57649],[-58.95031,-38.57983],[-58.95175,-38.58118],[-58.95209,-38.58281],[-58.95144,-38.58604],[-58.95362,-38.58635],[-58.95581,-38.58561],[-58.95778,-38.58448],[-58.95984,-38.58478],[-58.96421,-38.58463],[-58.96651,-38.58532],[-58.9687,-38.58496],[-58.97064,-38.58555],[-58.97085,-38.58727],[-58.97034,-38.58898],[-58.97105,-38.5907],[-58.97298,-38.59167],[-58.97515,-38.59226],[-58.97635,-38.5938],[-58.97584,-38.59532],[-58.97581,-38.59703],[-58.97628,-38.59875],[-58.97795,-38.60029],[-58.98014,-38.60069],[-58.98209,-38.60033],[-58.98332,-38.59882],[-58.98399,-38.59742],[-58.985,-38.59681],[-58.98626,-38.59712],[-58.98623,-38.59893],[-58.99131,-38.60098],[-58.99396,-38.60271],[-58.99714,-38.60084],[-58.99986,-38.59809],[-59.00205,-38.59764],[-59.00422,-38.59842],[-59.00593,-38.59767],[-59.00571,-38.59615],[-59.00476,-38.5948],[-59.00648,-38.59367],[-59.00843,-38.59274],[-59.01062,-38.59314],[-59.0128,-38.59296],[-59.01428,-38.59174],[-59.01384,-38.5883],[-59.01459,-38.58669],[-59.0134,-38.58496],[-59.01474,-38.58402],[-59.01912,-38.58387],[-59.02142,-38.58446],[-59.02286,-38.58542],[-59.02333,-38.58695],[-59.02306,-38.58876],[-59.02448,-38.59211],[-59.02397,-38.59363],[-59.02273,-38.59515],[-59.02123,-38.59828],[-59.02219,-38.59953],[-59.02364,-38.59992],[-59.02556,-38.60146],[-59.02603,-38.60318],[-59.02697,-38.6049],[-59.02891,-38.60568],[-59.0311,-38.60532],[-59.03281,-38.60419],[-59.03501,-38.60383],[-59.03783,-38.60128],[-59.0399,-38.6012],[-59.04158,-38.60274],[-59.04364,-38.60361],[-59.04566,-38.60677],[-59.0471,-38.60812],[-59.04781,-38.60984],[-59.04961,-38.61081],[-59.05376,-38.6096],[-59.05768,-38.60725],[-59.05987,-38.60698],[-59.06423,-38.60826],[-59.0663,-38.60809],[-59.06849,-38.60734],[-59.07068,-38.60735],[-59.07262,-38.60814],[-59.0748,-38.60815],[-59.07652,-38.60683],[-59.07846,-38.60723],[-59.07965,-38.60895],[-59.0811,-38.6103],[-59.08327,-38.61089],[-59.08546,-38.61053],[-59.08742,-38.60958],[-59.0896,-38.6096],[-59.09168,-38.60905],[-59.0931,-38.6123],[-59.09709,-38.61367],[-59.10022,-38.61617],[-59.10241,-38.61599],[-59.10437,-38.61486],[-59.1056,-38.61335],[-59.10755,-38.6126],[-59.10973,-38.613],[-59.11193,-38.61263],[-59.1134,-38.6115],[-59.11391,-38.60998],[-59.11709,-38.60743],[-59.11929,-38.60716],[-59.12149,-38.60603],[-59.12367,-38.60605],[-59.12561,-38.60683],[-59.12779,-38.60722],[-59.13147,-38.60468],[-59.13366,-38.60422],[-59.13561,-38.60328],[-59.13767,-38.60396],[-59.14205,-38.60332],[-59.14313,-38.60467],[-59.14214,-38.60619],[-59.14054,-38.60789],[-59.13916,-38.61093],[-59.13721,-38.61168],[-59.13527,-38.61185],[-59.13356,-38.61261],[-59.13305,-38.61432],[-59.13498,-38.61548],[-59.13569,-38.6172],[-59.13542,-38.61891],[-59.13662,-38.62064],[-59.13684,-38.62236],[-59.13877,-38.62313],[-59.14096,-38.62334],[-59.14267,-38.6224],[-59.14318,-38.62069],[-59.14489,-38.61993],[-59.14708,-38.61995],[-59.14758,-38.61881],[-59.14735,-38.61728],[-59.14954,-38.61768],[-59.15134,-38.61874],[-59.15313,-38.62218],[-59.15506,-38.62344],[-59.15601,-38.62497],[-59.15623,-38.62679],[-59.1579,-38.62984],[-59.15958,-38.63129],[-59.1637,-38.63247],[-59.16589,-38.63267],[-59.16806,-38.63345],[-59.17025,-38.63327],[-59.17125,-38.63195],[-59.17247,-38.631],[-59.17343,-38.63253],[-59.17292,-38.63425],[-59.17326,-38.63596],[-59.17237,-38.63939],[-59.17284,-38.64101],[-59.1767,-38.64352],[-59.18108,-38.64346],[-59.18327,-38.64309],[-59.18547,-38.64215],[-59.18741,-38.64293],[-59.18848,-38.64446],[-59.19239,-38.64344],[-59.19469,-38.64336],[-59.19665,-38.64242],[-59.1974,-38.6409],[-59.19717,-38.63937],[-59.19508,-38.63714],[-59.19245,-38.63241],[-59.18975,-38.62734],[-59.18795,-38.62372],[-59.18615,-38.62009],[-59.18853,-38.61817],[-59.19315,-38.61876],[-59.19521,-38.61857],[-59.19717,-38.61764],[-59.19912,-38.61765],[-59.20617,-38.61875],[-59.20868,-38.62108],[-59.20747,-38.62554],[-59.20819,-38.62929],[-59.20439,-38.63165],[-59.19963,-38.63363],[-59.19917,-38.63481],[-59.20132,-38.63787],[-59.20154,-38.63959],[-59.2025,-38.64132],[-59.20419,-38.64266],[-59.20526,-38.64429],[-59.20632,-38.64745],[-59.208,-38.64879],[-59.2097,-38.64956],[-59.21408,-38.6495],[-59.21832,-38.65019],[-59.22039,-38.6502],[-59.22578,-38.64662],[-59.22798,-38.64597],[-59.23211,-38.64618],[-59.23537,-38.64783],[-59.24389,-38.64702],[-59.24779,-38.64638],[-59.24985,-38.64687],[-59.25422,-38.64719],[-59.25797,-38.64893],[-59.26223,-38.64924],[-59.26416,-38.6503],[-59.2656,-38.65164],[-59.26778,-38.65242],[-59.27107,-38.65244],[-59.27543,-38.65323],[-59.27863,-38.65394],[-59.28065,-38.65473],[-59.28428,-38.65605],[-59.28647,-38.65597],[-59.28794,-38.65541],[-59.28892,-38.65427],[-59.28893,-38.65274],[-59.2903,-38.64989],[-59.29433,-38.64772],[-59.29488,-38.64766],[-59.29653,-38.64748],[-59.29844,-38.64613],[-59.30011,-38.64459],[-59.30202,-38.64336],[-59.30329,-38.64313],[-59.30468,-38.64261],[-59.30593,-38.64341],[-59.30734,-38.64507],[-59.30494,-38.64787],[-59.30275,-38.64956],[-59.30301,-38.651],[-59.30206,-38.65263],[-59.30205,-38.65435],[-59.30374,-38.65569],[-59.30894,-38.65849],[-59.31101,-38.65859],[-59.31295,-38.65803],[-59.31395,-38.6566],[-59.31312,-38.65317],[-59.31326,-38.65155],[-59.31449,-38.65003],[-59.3162,-38.64947],[-59.31791,-38.65138],[-59.32001,-38.65588],[-59.32099,-38.65722],[-59.32449,-38.65924],[-59.32483,-38.66268],[-59.32579,-38.66421],[-59.32748,-38.66536],[-59.32966,-38.66576],[-59.33381,-38.66483],[-59.33479,-38.66359],[-59.33494,-38.66035],[-59.33556,-38.65892],[-59.33728,-38.65779],[-59.33922,-38.65742],[-59.3397,-38.65857],[-59.33895,-38.66028],[-59.33906,-38.6619],[-59.34208,-38.66459],[-59.34402,-38.66469],[-59.34549,-38.66375],[-59.34771,-38.6609],[-59.34917,-38.66034],[-59.35025,-38.66187],[-59.35168,-38.66521],[-59.3535,-38.66513],[-59.3584,-38.66134],[-59.35971,-38.65993],[-59.36024,-38.65731],[-59.36008,-38.65624],[-59.35841,-38.65343],[-59.35706,-38.65101],[-59.35793,-38.64995],[-59.35911,-38.65009],[-59.36047,-38.65077],[-59.36268,-38.65088],[-59.3636,-38.65088],[-59.36531,-38.64994],[-59.36595,-38.64689],[-59.36961,-38.64529],[-59.37142,-38.64597],[-59.37263,-38.6475],[-59.37482,-38.64732],[-59.37629,-38.64599],[-59.3763,-38.64428],[-59.37716,-38.64276],[-59.38142,-38.6423],[-59.38362,-38.64165],[-59.3858,-38.64204],[-59.38628,-38.64226],[-59.38759,-38.64198],[-59.38985,-38.64291]]]}},{"type":"Feature","properties":{"fdc":"SIG 250 mil","sag":"IGN","crv":10,"mo2":6,"tipo":"Curva de nivel","ign":"lineas_de_geomorfologia_CA010.110784"},"geometry":{"type":"MultiLineString","coordinates":[[[-59.00495,-38.67133],[-59.00238,-38.66866],[-58.99961,-38.66774],[-58.99062,-38.66522],[-58.98621,-38.66395],[-58.98336,-38.6626],[-58.98147,-38.66095],[-58.98038,-38.66076],[-58.97881,-38.6596],[-58.97932,-38.65817],[-58.9803,-38.65751],[-58.98128,-38.65733],[-58.98259,-38.65786],[-58.98353,-38.65869],[-58.98416,-38.65923],[-58.98478,-38.65924],[-58.9852,-38.65916],[-58.98605,-38.65908],[-58.98678,-38.65901],[-58.98752,-38.65897],[-58.98898,-38.65956],[-58.98965,-38.65994],[-58.99018,-38.65994],[-58.99097,-38.65987],[-58.99144,-38.65983],[-58.99207,-38.65988],[-58.99343,-38.66047],[-58.99447,-38.66097],[-58.99531,-38.66102],[-58.99632,-38.66061],[-58.9971,-38.66037],[-58.99774,-38.66034],[-58.99868,-38.66043],[-59.00019,-38.66077],[-59.00119,-38.66074],[-59.00256,-38.6612],[-59.00391,-38.66175],[-59.0049,-38.66241],[-59.0059,-38.66255],[-59.0072,-38.66289],[-59.00851,-38.66335],[-59.00913,-38.66381],[-59.0096,-38.66472],[-59.01043,-38.66551],[-59.01167,-38.66559],[-59.01377,-38.66575],[-59.01485,-38.66583],[-59.01616,-38.66575],[-59.01689,-38.66557],[-59.01732,-38.66536],[-59.01763,-38.66493],[-59.01764,-38.6644],[-59.01695,-38.66359],[-59.01581,-38.66302],[-59.01464,-38.66267],[-59.01283,-38.66161],[-59.01089,-38.66092],[-59.00898,-38.65862],[-59.00717,-38.65774],[-59.00522,-38.65782],[-59.00341,-38.65714],[-59.00095,-38.65534],[-58.99993,-38.65495],[-58.99895,-38.65485],[-58.9984,-38.65485],[-58.9978,-38.65493],[-58.99741,-38.65506],[-58.99575,-38.65707],[-58.99522,-38.65725],[-58.99377,-38.6576],[-58.99226,-38.65729],[-58.99177,-38.6561],[-58.99078,-38.65471],[-58.98991,-38.65421],[-58.9889,-38.6542],[-58.98815,-38.6543],[-58.98727,-38.65399],[-58.9854,-38.65308],[-58.98351,-38.65316],[-58.98135,-38.65394],[-58.97745,-38.6543],[-58.9762,-38.6532],[-58.97546,-38.6524],[-58.97471,-38.6522],[-58.97357,-38.65289],[-58.97268,-38.65297],[-58.97168,-38.65257],[-58.97092,-38.65306],[-58.97141,-38.65424],[-58.97205,-38.65591],[-58.97269,-38.65639],[-58.9739,-38.65739],[-58.97421,-38.65841],[-58.97323,-38.65898],[-58.97226,-38.65906],[-58.97032,-38.65866],[-58.96646,-38.65606],[-58.96453,-38.65565],[-58.95979,-38.65537],[-58.95698,-38.65597],[-58.95491,-38.65595],[-58.95298,-38.65508],[-58.95116,-38.65459],[-58.94416,-38.65128],[-58.94234,-38.65136],[-58.9404,-38.65086],[-58.93717,-38.64883],[-58.93359,-38.64845],[-58.9323,-38.64793],[-58.93158,-38.64745],[-58.93136,-38.64592],[-58.9304,-38.64458],[-58.92787,-38.64322],[-58.92593,-38.64301],[-58.91911,-38.64139],[-58.91694,-38.63966],[-58.91468,-38.63919],[-58.91068,-38.63887],[-58.90308,-38.63708],[-58.8999,-38.6349],[-58.89157,-38.63131],[-58.88954,-38.63009],[-58.88592,-38.62934],[-58.88266,-38.62735],[-58.88072,-38.62676],[-58.8778,-38.62683],[-58.876,-38.62595],[-58.87037,-38.62493],[-58.86679,-38.62349],[-58.85878,-38.62341],[-58.85574,-38.62366],[-58.85392,-38.62317],[-58.85223,-38.62229],[-58.84908,-38.62217],[-58.84618,-38.62099],[-58.84245,-38.62096],[-58.83891,-38.61987],[-58.83527,-38.61948],[-58.82777,-38.61719],[-58.82318,-38.61533],[-58.82017,-38.61351],[-58.81812,-38.61299],[-58.81559,-38.61134],[-58.81366,-38.61047],[-58.8105,-38.60969],[-58.80502,-38.60653],[-58.80293,-38.60569],[-58.8005,-38.60566],[-58.79746,-38.60321],[-58.79314,-38.60234],[-58.79024,-38.60117],[-58.78856,-38.60001],[-58.78079,-38.59745],[-58.77889,-38.59724],[-58.77417,-38.59595],[-58.77236,-38.59574],[-58.76765,-38.59369],[-58.76248,-38.59312],[-58.75564,-38.59002],[-58.75372,-38.59037],[-58.74915,-38.58901],[-58.7472,-38.58909],[-58.74397,-38.58696],[-58.74203,-38.58636],[-58.74106,-38.58654],[-58.73912,-38.58576],[-58.73519,-38.58142],[-58.73339,-38.58064],[-58.73228,-38.57856],[-58.72959,-38.57564],[-58.72961,-38.57412],[-58.73085,-38.5729],[-58.73086,-38.57213],[-58.72968,-38.57079],[-58.72969,-38.57002],[-58.72909,-38.56925],[-58.7274,-38.56866],[-58.72529,-38.56604],[-58.72285,-38.56527],[-58.72215,-38.56374],[-58.72228,-38.56289],[-58.7229,-38.56232],[-58.72485,-38.56186],[-58.72633,-38.56074],[-58.72816,-38.56009],[-58.72866,-38.55933],[-58.72795,-38.55616],[-58.72745,-38.55548],[-58.72843,-38.55431],[-58.73018,-38.55381],[-58.73238,-38.55106],[-58.73366,-38.54957],[-58.73335,-38.54828],[-58.73325,-38.5468],[-58.73231,-38.54526],[-58.73232,-38.5445],[-58.73264,-38.54403],[-58.73282,-38.54346],[-58.73444,-38.54119],[-58.7336,-38.54032],[-58.73248,-38.53795],[-58.73228,-38.5376],[-58.73191,-38.53674],[-58.73119,-38.53521],[-58.73216,-38.53431],[-58.73294,-38.53389],[-58.73604,-38.53476],[-58.73816,-38.53391],[-58.74048,-38.53134],[-58.74125,-38.52651],[-58.74048,-38.5218],[-58.74171,-38.52096],[-58.74267,-38.52154],[-58.7434,-38.52155],[-58.74486,-38.52137],[-58.74608,-38.52091],[-58.74997,-38.52085],[-58.74997,-38.52028],[-58.74819,-38.51836],[-58.74566,-38.517],[-58.74469,-38.51699],[-58.74397,-38.5166],[-58.74315,-38.51525],[-58.74378,-38.51383],[-58.74601,-38.51109],[-58.74567,-38.50966],[-58.74374,-38.50887],[-58.7422,-38.508],[-58.74237,-38.50705],[-58.7435,-38.50508],[-58.743,-38.50286],[-58.74424,-38.50169],[-58.74509,-38.50085],[-58.74482,-38.49965]]]}},{"type":"Feature","properties":{"fdc":"Atlas 500k 1° Ediciónl","sag":"IGN","crv":300,"mo2":2,"tipo":"Curva de nivel","ign":"lineas_de_geomorfologia_CA010.5611"},"geometry":{"type":"MultiLineString","coordinates":[[[-59.23583,-37.68425],[-59.23571,-37.68411],[-59.23528,-37.68381],[-59.23253,-37.68196],[-59.23183,-37.68144],[-59.2309,-37.68067],[-59.23017,-37.67994],[-59.22966,-37.67932],[-59.22922,-37.67867],[-59.2289,-37.67804],[-59.22867,-37.67743],[-59.22847,-37.67665],[-59.22837,-37.67595],[-59.22834,-37.67521],[-59.22839,-37.67335],[-59.22841,-37.67075],[-59.22848,-37.66951],[-59.22865,-37.66806],[-59.22912,-37.6656],[-59.22921,-37.66478],[-59.22919,-37.66407],[-59.22914,-37.66365],[-59.22905,-37.6633],[-59.2289,-37.66285],[-59.22872,-37.66244],[-59.22847,-37.66198],[-59.22808,-37.6614],[-59.2273,-37.66045],[-59.22559,-37.6586],[-59.22316,-37.6559],[-59.22289,-37.65555],[-59.22274,-37.65528],[-59.22265,-37.65497],[-59.22264,-37.65475],[-59.22269,-37.65449],[-59.22276,-37.65434],[-59.22289,-37.65413],[-59.22304,-37.65396],[-59.22334,-37.6537],[-59.22462,-37.65278],[-59.22515,-37.65233],[-59.22589,-37.6516],[-59.22653,-37.65082],[-59.22699,-37.65017],[-59.2274,-37.64953],[-59.22879,-37.64708],[-59.22925,-37.64631],[-59.22986,-37.64544],[-59.23031,-37.6449],[-59.23096,-37.64423],[-59.23164,-37.64365],[-59.2324,-37.64309],[-59.23413,-37.64193],[-59.23479,-37.64146],[-59.23552,-37.64089],[-59.23637,-37.64012],[-59.23689,-37.63959],[-59.23733,-37.6391],[-59.23799,-37.63826],[-59.23828,-37.63782],[-59.23861,-37.63723],[-59.23877,-37.63688],[-59.2389,-37.63654],[-59.23901,-37.63601],[-59.23899,-37.63562],[-59.23887,-37.63531],[-59.23873,-37.63514],[-59.2386,-37.63504],[-59.23828,-37.63491],[-59.23789,-37.63484],[-59.23597,-37.63476],[-59.23517,-37.63469],[-59.23432,-37.63453],[-59.23367,-37.63435],[-59.23285,-37.63404],[-59.23239,-37.63381],[-59.23196,-37.63354],[-59.23155,-37.63326],[-59.23116,-37.63294],[-59.23081,-37.6326],[-59.23047,-37.63223],[-59.22996,-37.63153],[-59.22961,-37.6309],[-59.22935,-37.63035],[-59.22913,-37.62973],[-59.22892,-37.62899],[-59.22878,-37.62834],[-59.22867,-37.62768],[-59.22852,-37.62645],[-59.22843,-37.62505],[-59.22841,-37.62371],[-59.22846,-37.62268],[-59.22855,-37.62189],[-59.22869,-37.62109],[-59.22893,-37.6201],[-59.22913,-37.61943],[-59.22951,-37.6184],[-59.22993,-37.61742],[-59.23063,-37.61596],[-59.23193,-37.61345],[-59.23235,-37.61269],[-59.23298,-37.61171],[-59.23338,-37.61113],[-59.23402,-37.61031],[-59.23713,-37.60652],[-59.23787,-37.60551],[-59.23843,-37.60468],[-59.23889,-37.60387],[-59.23908,-37.60347],[-59.23923,-37.60308],[-59.23934,-37.60268],[-59.2394,-37.60226],[-59.23941,-37.60204],[-59.23937,-37.60168],[-59.23924,-37.60123],[-59.23903,-37.60087],[-59.2388,-37.60061],[-59.23846,-37.60035],[-59.23811,-37.60014],[-59.23769,-37.59993],[-59.23465,-37.59856],[-59.23293,-37.5977],[-59.23231,-37.59735],[-59.23146,-37.5968],[-59.23093,-37.59641],[-59.23018,-37.59577],[-59.22926,-37.59483],[-59.22674,-37.59195],[-59.22401,-37.58913],[-59.22169,-37.58659],[-59.221,-37.58592],[-59.22062,-37.58558],[-59.21924,-37.58446],[-59.21874,-37.584],[-59.21852,-37.5837],[-59.21844,-37.58355],[-59.21839,-37.58337],[-59.21841,-37.58311],[-59.21853,-37.58288],[-59.21873,-37.58271],[-59.21907,-37.58252],[-59.21954,-37.58236],[-59.22004,-37.58223],[-59.22146,-37.58196],[-59.2233,-37.58173],[-59.22407,-37.58161],[-59.22489,-37.58141],[-59.22536,-37.58121],[-59.22571,-37.58098],[-59.22593,-37.58076],[-59.2261,-37.5805],[-59.22626,-37.5801],[-59.22652,-37.57913],[-59.22669,-37.57866],[-59.22686,-37.57831],[-59.22703,-37.57803],[-59.22727,-37.57773],[-59.22755,-37.57744],[-59.22783,-37.57721],[-59.22843,-37.57679],[-59.22925,-37.57635],[-59.23019,-37.57594],[-59.23116,-37.57561],[-59.23176,-37.57546],[-59.23268,-37.57529],[-59.23359,-37.57519],[-59.23468,-37.57512],[-59.23597,-37.57512],[-59.23729,-37.57518],[-59.23841,-37.57527],[-59.23919,-37.57538],[-59.24045,-37.5756],[-59.24146,-37.57586],[-59.24235,-37.57614],[-59.24342,-37.57655],[-59.24426,-37.57693],[-59.24511,-37.57739],[-59.2459,-37.5779],[-59.24657,-37.57843],[-59.24722,-37.57909],[-59.2478,-37.57981],[-59.24825,-37.58053],[-59.24859,-37.58122],[-59.24887,-37.5819],[-59.2492,-37.58304],[-59.24957,-37.58459],[-59.24977,-37.58521],[-59.2501,-37.58586],[-59.25028,-37.58612],[-59.25054,-37.58641],[-59.25083,-37.58665],[-59.25123,-37.5869],[-59.25166,-37.58708],[-59.2522,-37.58721],[-59.25301,-37.58729],[-59.25361,-37.5873],[-59.25436,-37.58727],[-59.25505,-37.5872],[-59.25574,-37.58709],[-59.25642,-37.58692],[-59.25712,-37.58669],[-59.25781,-37.58638],[-59.25856,-37.58599],[-59.25946,-37.58547],[-59.26053,-37.58479],[-59.26128,-37.58426],[-59.2617,-37.58393],[-59.26226,-37.58341],[-59.26273,-37.58291],[-59.26298,-37.5826],[-59.26346,-37.58192],[-59.26481,-37.57981],[-59.26526,-37.57919],[-59.26556,-37.57884],[-59.26592,-37.57848],[-59.26639,-37.57812],[-59.26683,-37.57789],[-59.26727,-37.57775],[-59.26767,-37.5777],[-59.26802,-37.57772],[-59.26822,-37.57775],[-59.26867,-37.57788],[-59.26896,-37.57802],[-59.26922,-37.57818],[-59.26951,-37.57841],[-59.26977,-37.57867],[-59.27002,-37.579],[-59.27017,-37.57924],[-59.27048,-37.57988],[-59.27079,-37.5808],[-59.27121,-37.58237],[-59.27136,-37.58279],[-59.2715,-37.58307],[-59.27168,-37.58332],[-59.2719,-37.5835],[-59.27209,-37.58355],[-59.2723,-37.58353],[-59.27246,-37.58345],[-59.27266,-37.58327],[-59.27288,-37.58301],[-59.27321,-37.58248],[-59.27386,-37.58118],[-59.27533,-37.57793],[-59.2757,-37.57725],[-59.27601,-37.57678],[-59.27633,-37.57638],[-59.27666,-37.57605],[-59.277,-37.57576],[-59.27738,-37.5755],[-59.27789,-37.57525],[-59.27832,-37.57509],[-59.27896,-37.57494],[-59.27942,-37.57489],[-59.2801,-37.57488],[-59.28087,-37.57494],[-59.28186,-37.57513],[-59.28287,-37.5754],[-59.28389,-37.57574],[-59.28502,-37.57614],[-59.28626,-37.57663],[-59.28686,-37.57691],[-59.2874,-37.57719],[-59.28806,-37.57761],[-59.28854,-37.57798],[-59.2889,-37.57831],[-59.28923,-37.57868],[-59.28957,-37.57912],[-59.2899,-37.57963],[-59.29022,-37.5802],[-59.29113,-37.58199],[-59.2914,-37.5825],[-59.29175,-37.58304],[-59.29209,-37.58348],[-59.29259,-37.58399],[-59.29295,-37.58429],[-59.29328,-37.58451],[-59.29375,-37.58478],[-59.29439,-37.58505],[-59.29471,-37.58516],[-59.29534,-37.5853],[-59.29589,-37.58538],[-59.29664,-37.58542],[-59.29874,-37.58543],[-59.30059,-37.58549],[-59.3016,-37.5855],[-59.30236,-37.58547],[-59.30441,-37.58533],[-59.30531,-37.5853],[-59.30621,-37.58532],[-59.30836,-37.58545],[-59.30923,-37.58544],[-59.30995,-37.58537],[-59.31094,-37.58517],[-59.3124,-37.58478],[-59.31491,-37.58401],[-59.31564,-37.58376],[-59.31668,-37.58335],[-59.31866,-37.58241],[-59.31933,-37.58211],[-59.3202,-37.5818],[-59.32168,-37.5813],[-59.32237,-37.58104],[-59.32293,-37.5808],[-59.32337,-37.58057],[-59.32412,-37.5801],[-59.3247,-37.57967],[-59.32582,-37.57877],[-59.32629,-37.57845],[-59.3267,-37.57823],[-59.32728,-37.57801],[-59.32817,-37.57782],[-59.3303,-37.57753],[-59.3309,-37.5774],[-59.33141,-37.57725],[-59.33247,-37.57685],[-59.33431,-37.57598],[-59.33481,-37.57576],[-59.3355,-37.57552],[-59.33604,-37.5754],[-59.33646,-37.57535],[-59.33671,-37.57535],[-59.33698,-37.57537],[-59.33741,-37.57545],[-59.33763,-37.57551],[-59.33805,-37.57569],[-59.33834,-37.57587],[-59.33878,-37.57622],[-59.33894,-37.57638],[-59.33924,-37.57677],[-59.33942,-37.57707],[-59.33964,-37.57753],[-59.33975,-37.57785],[-59.33989,-37.57843],[-59.34,-37.57923],[-59.34001,-37.57973],[-59.33998,-37.58022],[-59.33993,-37.58059],[-59.33984,-37.58099],[-59.33963,-37.58159],[-59.33926,-37.58227],[-59.33887,-37.58279],[-59.33855,-37.58314],[-59.33805,-37.58361],[-59.33759,-37.58398],[-59.3366,-37.58465],[-59.33456,-37.58587],[-59.33372,-37.5864],[-59.33142,-37.58796],[-59.33073,-37.58848],[-59.33027,-37.58889],[-59.32988,-37.58935],[-59.32962,-37.58977],[-59.32945,-37.59017],[-59.32932,-37.59071],[-59.32928,-37.59117],[-59.32929,-37.59152],[-59.32937,-37.5921],[-59.32948,-37.59254],[-59.32963,-37.59298],[-59.33001,-37.59386],[-59.33042,-37.59465],[-59.33125,-37.59611],[-59.33187,-37.59715],[-59.33252,-37.59811],[-59.3332,-37.599],[-59.3338,-37.59967],[-59.33416,-37.60001],[-59.33451,-37.6003],[-59.33487,-37.60056],[-59.33516,-37.60073],[-59.3356,-37.60092],[-59.33592,-37.60101],[-59.33627,-37.60106],[-59.33656,-37.60106],[-59.33691,-37.60101],[-59.33731,-37.60091],[-59.3377,-37.60074],[-59.33807,-37.60054],[-59.33867,-37.6001],[-59.33922,-37.59962],[-59.3396,-37.59925],[-59.34177,-37.59697],[-59.34267,-37.59612],[-59.34324,-37.59564],[-59.34392,-37.59515],[-59.34439,-37.59486],[-59.34503,-37.59453],[-59.34589,-37.59419],[-59.34648,-37.59404],[-59.34716,-37.59392],[-59.34795,-37.59388],[-59.3487,-37.59392],[-59.34928,-37.594],[-59.34985,-37.59413],[-59.35038,-37.59429],[-59.35089,-37.59449],[-59.35138,-37.59472],[-59.35205,-37.59512],[-59.35253,-37.59548],[-59.35301,-37.59592],[-59.35351,-37.59648],[-59.35381,-37.59691],[-59.35412,-37.59746],[-59.35437,-37.59802],[-59.35453,-37.59849],[-59.35468,-37.59908],[-59.35482,-37.59994],[-59.35487,-37.60053],[-59.35489,-37.60124],[-59.35485,-37.60331],[-59.35487,-37.6041],[-59.35496,-37.6047],[-59.35503,-37.60495],[-59.3552,-37.60535],[-59.35543,-37.6057],[-59.35564,-37.60592],[-59.35596,-37.60616],[-59.35644,-37.60642],[-59.35746,-37.60685],[-59.35805,-37.60714],[-59.35844,-37.60739],[-59.35875,-37.60763],[-59.35907,-37.60795],[-59.35923,-37.60816],[-59.35941,-37.60845],[-59.35962,-37.60894],[-59.35972,-37.60943],[-59.35974,-37.60973],[-59.35972,-37.61011],[-59.3596,-37.61066],[-59.35944,-37.61104],[-59.3593,-37.61129],[-59.35901,-37.61167],[-59.35875,-37.61196],[-59.35843,-37.61223],[-59.35785,-37.61263],[-59.35711,-37.61301],[-59.35573,-37.61364],[-59.35528,-37.61386],[-59.35489,-37.6141],[-59.35446,-37.61443],[-59.3541,-37.61481],[-59.35377,-37.61531],[-59.35352,-37.61585],[-59.35336,-37.61638],[-59.35313,-37.61751],[-59.35291,-37.61907],[-59.35251,-37.62238],[-59.35221,-37.62566],[-59.35212,-37.6263],[-59.35199,-37.62704],[-59.35175,-37.62801],[-59.35148,-37.62888],[-59.35116,-37.62979],[-59.35037,-37.63183],[-59.34999,-37.63299],[-59.3498,-37.63373],[-59.34959,-37.63486],[-59.34947,-37.63586],[-59.34943,-37.63651],[-59.34944,-37.63731],[-59.34949,-37.63795],[-59.34963,-37.63877],[-59.3498,-37.63946],[-59.35014,-37.64044],[-59.35094,-37.64233],[-59.35131,-37.64328],[-59.35159,-37.64418],[-59.35176,-37.64488],[-59.3519,-37.6456],[-59.35197,-37.64627],[-59.35199,-37.64683],[-59.35194,-37.64739],[-59.35187,-37.64773],[-59.35172,-37.64816],[-59.35154,-37.6485],[-59.35138,-37.64872],[-59.35119,-37.64896],[-59.35088,-37.64927],[-59.3498,-37.65019],[-59.34943,-37.65054],[-59.34911,-37.65089],[-59.34877,-37.65137],[-59.3484,-37.65209],[-59.34778,-37.65372],[-59.34751,-37.65434],[-59.34733,-37.65467],[-59.34706,-37.65508],[-59.34684,-37.65537],[-59.34656,-37.65567],[-59.3462,-37.65598],[-59.34588,-37.6562],[-59.34527,-37.65652],[-59.34462,-37.65673],[-59.3439,-37.65684],[-59.34337,-37.65685],[-59.34257,-37.65678],[-59.33993,-37.65626],[-59.33921,-37.65616],[-59.33864,-37.65611],[-59.3381,-37.65609],[-59.33751,-37.65612],[-59.33686,-37.6562],[-59.33613,-37.65637],[-59.33552,-37.65655],[-59.33453,-37.65691],[-59.33101,-37.65837],[-59.32987,-37.65891],[-59.32748,-37.66019],[-59.32655,-37.66064],[-59.32559,-37.661],[-59.32511,-37.66114],[-59.32463,-37.66124],[-59.32417,-37.66131],[-59.32354,-37.66131],[-59.32318,-37.66126],[-59.32276,-37.66112],[-59.32245,-37.66095],[-59.32215,-37.66072],[-59.32192,-37.66046],[-59.32167,-37.66003],[-59.3215,-37.65952],[-59.32143,-37.65898],[-59.32146,-37.65842],[-59.32159,-37.6578],[-59.32184,-37.65711],[-59.3222,-37.6564],[-59.32256,-37.65585],[-59.32303,-37.65522],[-59.32338,-37.65482],[-59.32394,-37.65423],[-59.3245,-37.6537],[-59.32522,-37.65307],[-59.32658,-37.65198],[-59.32895,-37.65021],[-59.33006,-37.64935],[-59.33107,-37.6485],[-59.33181,-37.64783],[-59.33269,-37.64695],[-59.33358,-37.64593],[-59.33429,-37.64498],[-59.33495,-37.64398],[-59.33564,-37.64274],[-59.33594,-37.64211],[-59.33625,-37.64138],[-59.33667,-37.64018],[-59.33683,-37.63962],[-59.33702,-37.63876],[-59.33714,-37.63773],[-59.33716,-37.63716],[-59.33712,-37.63668],[-59.33701,-37.63613],[-59.33688,-37.63584],[-59.33675,-37.63566],[-59.33668,-37.6356],[-59.33652,-37.63553],[-59.33636,-37.63552],[-59.3362,-37.63558],[-59.33588,-37.63579],[-59.33553,-37.63613],[-59.33407,-37.63775],[-59.33362,-37.63818],[-59.33314,-37.63859],[-59.33254,-37.63903],[-59.33226,-37.6392],[-59.33153,-37.63957],[-59.33113,-37.63971],[-59.33068,-37.63984],[-59.33017,-37.63993],[-59.32965,-37.63998],[-59.3287,-37.63998],[-59.32719,-37.63984],[-59.3265,-37.63981],[-59.32619,-37.63983],[-59.32592,-37.63989],[-59.32561,-37.64],[-59.32541,-37.64013],[-59.32526,-37.64027],[-59.32513,-37.64043],[-59.32496,-37.6407],[-59.32478,-37.64107],[-59.32432,-37.64234],[-59.32412,-37.64283],[-59.32389,-37.64327],[-59.32371,-37.64354],[-59.32345,-37.64388],[-59.32319,-37.64415],[-59.3229,-37.64438],[-59.32254,-37.64462],[-59.32197,-37.64489],[-59.32125,-37.6451],[-59.32072,-37.64517],[-59.32015,-37.64519],[-59.3196,-37.64516],[-59.31905,-37.64506],[-59.31845,-37.64491],[-59.31686,-37.64437],[-59.31628,-37.6442],[-59.3159,-37.64412],[-59.31554,-37.64409],[-59.31514,-37.64412],[-59.31476,-37.6442],[-59.31441,-37.64435],[-59.31409,-37.64453],[-59.31378,-37.64477],[-59.31348,-37.64506],[-59.31316,-37.64544],[-59.3128,-37.64597],[-59.31245,-37.64655],[-59.31177,-37.64781],[-59.31028,-37.65083],[-59.30985,-37.65155],[-59.3094,-37.65221],[-59.30905,-37.65267],[-59.30843,-37.65341],[-59.30673,-37.65523],[-59.3064,-37.65554],[-59.30617,-37.65571],[-59.30596,-37.65582],[-59.30573,-37.65588],[-59.30552,-37.65588],[-59.3052,-37.65577],[-59.30494,-37.65558],[-59.30474,-37.65538],[-59.30456,-37.65515],[-59.30432,-37.65477],[-59.30397,-37.6541],[-59.30369,-37.65344],[-59.30332,-37.65245],[-59.30292,-37.65109],[-59.30263,-37.64985],[-59.30239,-37.64856],[-59.3018,-37.645],[-59.30147,-37.64338],[-59.30103,-37.64163],[-59.30083,-37.64101],[-59.30062,-37.64048],[-59.30047,-37.64014],[-59.30025,-37.63974],[-59.29991,-37.63931],[-59.29972,-37.63915],[-59.29948,-37.63902],[-59.29919,-37.63896],[-59.29893,-37.63898],[-59.29867,-37.63909],[-59.29847,-37.63922],[-59.29813,-37.6396],[-59.29784,-37.64011],[-59.29746,-37.64101],[-59.29709,-37.64205],[-59.29674,-37.64315],[-59.29586,-37.64625],[-59.29541,-37.64769],[-59.29419,-37.65108],[-59.29315,-37.65429],[-59.29282,-37.65512],[-59.29238,-37.65601],[-59.29201,-37.65659],[-59.29148,-37.6573],[-59.29105,-37.65779],[-59.29051,-37.65832],[-59.2899,-37.65883],[-59.28947,-37.65915],[-59.28856,-37.65977],[-59.28738,-37.66052],[-59.28677,-37.66095],[-59.28638,-37.66129],[-59.28617,-37.66153],[-59.28589,-37.66199],[-59.2858,-37.66231],[-59.28578,-37.66259],[-59.28581,-37.66297],[-59.28594,-37.66348],[-59.28627,-37.6643],[-59.28778,-37.66759],[-59.288,-37.66817],[-59.28814,-37.66873],[-59.2882,-37.66927],[-59.28816,-37.66972],[-59.28813,-37.6699],[-59.28804,-37.67019],[-59.28789,-37.67053],[-59.28769,-37.67084],[-59.28746,-37.67112],[-59.28713,-37.6714],[-59.28687,-37.67157],[-59.28649,-37.67175],[-59.28597,-37.67192],[-59.28523,-37.67203],[-59.28433,-37.67205],[-59.28329,-37.672],[-59.28189,-37.67188],[-59.28096,-37.67174],[-59.28031,-37.67159],[-59.27968,-37.6714],[-59.27899,-37.67113],[-59.27833,-37.67081],[-59.2779,-37.67057],[-59.27708,-37.67005],[-59.2758,-37.66913],[-59.27527,-37.66879],[-59.2746,-37.66843],[-59.27408,-37.66824],[-59.27375,-37.66816],[-59.27335,-37.6681],[-59.27308,-37.66809],[-59.27259,-37.66812],[-59.27213,-37.66822],[-59.27174,-37.66835],[-59.27117,-37.66862],[-59.27063,-37.66896],[-59.27026,-37.66924],[-59.26864,-37.67062],[-59.26818,-37.67099],[-59.26786,-37.67121],[-59.26741,-37.67143],[-59.26712,-37.6715],[-59.26679,-37.67149],[-59.26651,-37.67139],[-59.26627,-37.67122],[-59.26599,-37.67093],[-59.26572,-37.67051],[-59.26549,-37.67001],[-59.26531,-37.66953],[-59.26512,-37.66883],[-59.26498,-37.66817],[-59.26484,-37.66729],[-59.26469,-37.66602],[-59.26447,-37.66408],[-59.26436,-37.66279],[-59.26427,-37.66109],[-59.26417,-37.65708],[-59.26407,-37.65573],[-59.26397,-37.65508],[-59.26385,-37.65446],[-59.26323,-37.65212],[-59.26303,-37.65124],[-59.2629,-37.65044],[-59.2628,-37.6495],[-59.26276,-37.64873],[-59.26279,-37.64752],[-59.26288,-37.64655],[-59.263,-37.64576],[-59.26317,-37.64495],[-59.26339,-37.64411],[-59.26432,-37.64098],[-59.26448,-37.64027],[-59.2646,-37.63955],[-59.26468,-37.6388],[-59.26472,-37.63809],[-59.26473,-37.63727],[-59.26467,-37.63648],[-59.26459,-37.63597],[-59.26442,-37.6354],[-59.26421,-37.63494],[-59.26398,-37.63464],[-59.26365,-37.63436],[-59.26344,-37.63426],[-59.26319,-37.63418],[-59.26286,-37.63415],[-59.26267,-37.63416],[-59.2623,-37.63422],[-59.26192,-37.63435],[-59.26142,-37.63461],[-59.26101,-37.63491],[-59.26059,-37.63531],[-59.26026,-37.63569],[-59.25988,-37.63622],[-59.25845,-37.63843],[-59.258,-37.63905],[-59.25743,-37.63976],[-59.25676,-37.64048],[-59.25599,-37.6412],[-59.25537,-37.64172],[-59.25386,-37.64291],[-59.25322,-37.64347],[-59.25281,-37.6439],[-59.25257,-37.64421],[-59.25234,-37.64457],[-59.25208,-37.64516],[-59.25192,-37.64566],[-59.25179,-37.64631],[-59.2517,-37.64698],[-59.25164,-37.64765],[-59.25161,-37.64837],[-59.25161,-37.64906],[-59.25167,-37.64993],[-59.25178,-37.65066],[-59.252,-37.65165],[-59.25243,-37.65326],[-59.25269,-37.65432],[-59.25286,-37.65529],[-59.25295,-37.65609],[-59.25299,-37.65684],[-59.25296,-37.65783],[-59.25283,-37.65865],[-59.25273,-37.65904],[-59.2526,-37.65939],[-59.2524,-37.65981],[-59.25217,-37.66016],[-59.25192,-37.66045],[-59.25163,-37.66071],[-59.25124,-37.66096],[-59.25088,-37.66114],[-59.25033,-37.66136],[-59.24925,-37.66174],[-59.24851,-37.66207],[-59.24815,-37.66227],[-59.24779,-37.66251],[-59.24712,-37.66308],[-59.24643,-37.66381],[-59.24525,-37.66532],[-59.24459,-37.66607],[-59.24376,-37.66691],[-59.24211,-37.66846],[-59.24127,-37.66936],[-59.24066,-37.6701],[-59.23951,-37.67161],[-59.23822,-37.67322],[-59.2377,-37.67391],[-59.2373,-37.67458],[-59.23697,-37.67532],[-59.23679,-37.67587],[-59.23669,-37.67631],[-59.23659,-37.67699],[-59.23654,-37.67762],[-59.23654,-37.67861],[-59.23673,-37.68129],[-59.23676,-37.68201],[-59.23675,-37.68261],[-59.23669,-37.68313],[-59.23659,-37.68352],[-59.23652,-37.68375],[-59.23636,-37.68404],[-59.23623,-37.68419],[-59.23608,-37.68428],[-59.23597,-37.6843],[-59.23583,-37.68425]]]}},{"type":"Feature","properties":{"fdc":"SIG 250 mil","sag":"IGN","crv":300,"mo2":6,"tipo":"Curva de nivel","ign":"lineas_de_geomorfologia_CA010.108290"},"geometry":{"type":"MultiLineString","coordinates":[[[-59.18278,-37.66525],[-59.18106,-37.66403],[-59.18337,-37.66342],[-59.18517,-37.66348],[-59.18537,-37.66521],[-59.18278,-37.66525]]]}},{"type":"Feature","properties":{"fdc":"Atlas 500k 1° Ediciónl","sag":"IGN","crv":250,"mo2":2,"tipo":"Curva de nivel","ign":"lineas_de_geomorfologia_CA010.5646"},"geometry":{"type":"MultiLineString","coordinates":[[[-59.21167,-37.77011],[-59.21149,-37.77012],[-59.21133,-37.77005],[-59.21113,-37.7699],[-59.21067,-37.76942],[-59.21029,-37.7689],[-59.20993,-37.76829],[-59.20962,-37.76764],[-59.20933,-37.76685],[-59.20918,-37.76631],[-59.20905,-37.76572],[-59.20896,-37.76517],[-59.20886,-37.76406],[-59.20885,-37.76278],[-59.209,-37.76039],[-59.20902,-37.7597],[-59.20896,-37.7591],[-59.20886,-37.7588],[-59.20877,-37.75862],[-59.20855,-37.75835],[-59.20827,-37.75815],[-59.20804,-37.75804],[-59.20754,-37.7579],[-59.20712,-37.75784],[-59.2065,-37.7578],[-59.20405,-37.75777],[-59.20301,-37.75771],[-59.2024,-37.75763],[-59.20172,-37.75748],[-59.20119,-37.75729],[-59.20086,-37.75713],[-59.20062,-37.75698],[-59.20038,-37.75679],[-59.20006,-37.75644],[-59.19983,-37.75604],[-59.19971,-37.75569],[-59.19966,-37.75525],[-59.19972,-37.75475],[-59.19983,-37.7544],[-59.19993,-37.75418],[-59.2002,-37.75373],[-59.20055,-37.7533],[-59.2009,-37.75296],[-59.20146,-37.75251],[-59.20188,-37.75222],[-59.20249,-37.75186],[-59.20336,-37.7514],[-59.2056,-37.75037],[-59.20664,-37.74983],[-59.20724,-37.74945],[-59.20768,-37.74912],[-59.2082,-37.74866],[-59.20853,-37.74831],[-59.20902,-37.74769],[-59.20943,-37.74701],[-59.20979,-37.74626],[-59.20999,-37.74568],[-59.21017,-37.74494],[-59.21025,-37.74444],[-59.21051,-37.74193],[-59.21059,-37.7414],[-59.21071,-37.74084],[-59.21093,-37.74014],[-59.21111,-37.7397],[-59.21135,-37.73922],[-59.21171,-37.73863],[-59.21224,-37.73794],[-59.21271,-37.73741],[-59.21337,-37.73678],[-59.21427,-37.73599],[-59.21562,-37.73493],[-59.21696,-37.73392],[-59.21856,-37.73279],[-59.21953,-37.73215],[-59.22034,-37.73165],[-59.22103,-37.73126],[-59.22176,-37.73088],[-59.2226,-37.73049],[-59.22349,-37.73013],[-59.2243,-37.72985],[-59.2255,-37.72953],[-59.22674,-37.72929],[-59.22789,-37.72915],[-59.23141,-37.72893],[-59.23328,-37.72875],[-59.23899,-37.72789],[-59.23972,-37.72776],[-59.24036,-37.72761],[-59.24107,-37.72739],[-59.24173,-37.72712],[-59.24219,-37.72688],[-59.24261,-37.72659],[-59.24294,-37.72632],[-59.24323,-37.72603],[-59.24361,-37.7256],[-59.24487,-37.72392],[-59.24533,-37.72336],[-59.24598,-37.72267],[-59.24753,-37.72114],[-59.24787,-37.72074],[-59.24815,-37.72036],[-59.24837,-37.72001],[-59.24859,-37.71956],[-59.24875,-37.71915],[-59.24887,-37.71874],[-59.24927,-37.71718],[-59.24947,-37.7166],[-59.24969,-37.71613],[-59.25009,-37.7155],[-59.25057,-37.71492],[-59.25138,-37.71412],[-59.25292,-37.71272],[-59.2533,-37.7123],[-59.25362,-37.71189],[-59.25379,-37.71157],[-59.25391,-37.71128],[-59.25398,-37.71094],[-59.25397,-37.71057],[-59.25388,-37.71023],[-59.25368,-37.70988],[-59.25344,-37.7096],[-59.25321,-37.7094],[-59.25284,-37.70914],[-59.25256,-37.70898],[-59.25194,-37.70867],[-59.25089,-37.70827],[-59.24989,-37.70795],[-59.24847,-37.70756],[-59.24718,-37.70727],[-59.24622,-37.70715],[-59.24569,-37.70713],[-59.24514,-37.70716],[-59.24421,-37.7073],[-59.242,-37.70778],[-59.24157,-37.70785],[-59.24102,-37.7079],[-59.24053,-37.70789],[-59.24001,-37.70782],[-59.23955,-37.70766],[-59.23919,-37.70746],[-59.23888,-37.70718],[-59.23863,-37.7068],[-59.23854,-37.70655],[-59.23848,-37.70633],[-59.23844,-37.70595],[-59.23844,-37.70554],[-59.23853,-37.70488],[-59.23865,-37.70434],[-59.23938,-37.70192],[-59.23954,-37.70127],[-59.23965,-37.70068],[-59.23967,-37.70019],[-59.2396,-37.6998],[-59.23944,-37.69949],[-59.23926,-37.69932],[-59.23912,-37.69925],[-59.23881,-37.69917],[-59.23854,-37.69917],[-59.23822,-37.69921],[-59.23767,-37.69934],[-59.23714,-37.69949],[-59.23279,-37.70083],[-59.2301,-37.7017],[-59.22702,-37.70258],[-59.22619,-37.70286],[-59.22347,-37.70386],[-59.22275,-37.70407],[-59.22193,-37.70425],[-59.22102,-37.70437],[-59.2201,-37.70442],[-59.21744,-37.70438],[-59.21492,-37.7044],[-59.2143,-37.70436],[-59.2138,-37.7043],[-59.21323,-37.70417],[-59.21275,-37.70401],[-59.21202,-37.70366],[-59.21165,-37.70343],[-59.21126,-37.70314],[-59.21088,-37.70282],[-59.21052,-37.70246],[-59.20985,-37.7017],[-59.2094,-37.70109],[-59.20912,-37.70066],[-59.20888,-37.70025],[-59.20859,-37.69967],[-59.20835,-37.69908],[-59.20823,-37.69872],[-59.20806,-37.69795],[-59.20798,-37.69714],[-59.20798,-37.69632],[-59.20806,-37.69543],[-59.20823,-37.69455],[-59.20851,-37.69354],[-59.20885,-37.69262],[-59.20933,-37.69151],[-59.21027,-37.68952],[-59.21056,-37.68884],[-59.21067,-37.68848],[-59.21077,-37.68805],[-59.21077,-37.68767],[-59.21068,-37.68741],[-59.21054,-37.68726],[-59.21034,-37.68716],[-59.21006,-37.68712],[-59.20979,-37.68715],[-59.2095,-37.68722],[-59.20891,-37.68745],[-59.20683,-37.68841],[-59.20588,-37.6888],[-59.20469,-37.68919],[-59.20392,-37.68938],[-59.20314,-37.68954],[-59.20175,-37.68972],[-59.20103,-37.68977],[-59.20005,-37.68981],[-59.19945,-37.68981],[-59.19867,-37.68976],[-59.19798,-37.68966],[-59.19751,-37.68956],[-59.19675,-37.68933],[-59.19629,-37.68915],[-59.1958,-37.68892],[-59.1952,-37.68861],[-59.19449,-37.68819],[-59.1939,-37.68779],[-59.19339,-37.68741],[-59.19291,-37.68699],[-59.19226,-37.68631],[-59.19165,-37.68551],[-59.19111,-37.68465],[-59.19006,-37.68281],[-59.18973,-37.6823],[-59.18916,-37.68154],[-59.18853,-37.6808],[-59.18788,-37.68014],[-59.18723,-37.67957],[-59.18657,-37.6791],[-59.18625,-37.67892],[-59.18598,-37.6788],[-59.18561,-37.6787],[-59.18518,-37.67866],[-59.18493,-37.67869],[-59.18473,-37.67874],[-59.18434,-37.67891],[-59.18335,-37.67954],[-59.18283,-37.67983],[-59.18255,-37.67994],[-59.18225,-37.68002],[-59.18184,-37.68006],[-59.18153,-37.68003],[-59.18135,-37.67999],[-59.18093,-37.67982],[-59.18069,-37.67966],[-59.18044,-37.67946],[-59.18013,-37.67915],[-59.17984,-37.67879],[-59.17955,-37.67835],[-59.17852,-37.67664],[-59.17797,-37.6758],[-59.17738,-37.67499],[-59.17654,-37.67393],[-59.17594,-37.67323],[-59.17539,-37.67267],[-59.17475,-37.67211],[-59.17302,-37.67071],[-59.17259,-37.67034],[-59.17214,-37.66988],[-59.1716,-37.66926],[-59.17126,-37.66878],[-59.17101,-37.66836],[-59.17079,-37.6679],[-59.1706,-37.66739],[-59.1705,-37.66704],[-59.17036,-37.66636],[-59.17032,-37.66601],[-59.1703,-37.66522],[-59.17033,-37.66459],[-59.17041,-37.66395],[-59.17058,-37.66299],[-59.17074,-37.66237],[-59.17093,-37.66173],[-59.17117,-37.66109],[-59.17144,-37.66052],[-59.17172,-37.66003],[-59.17202,-37.6596],[-59.17233,-37.65921],[-59.17267,-37.65886],[-59.17304,-37.65855],[-59.17343,-37.65827],[-59.17386,-37.65802],[-59.17434,-37.6578],[-59.17471,-37.65767],[-59.17516,-37.65754],[-59.17602,-37.65739],[-59.17712,-37.65732],[-59.17845,-37.65735],[-59.18135,-37.65749],[-59.18237,-37.65756],[-59.18338,-37.65768],[-59.18408,-37.6578],[-59.18518,-37.65808],[-59.18627,-37.65844],[-59.18717,-37.6588],[-59.18999,-37.66007],[-59.19112,-37.66052],[-59.1918,-37.66072],[-59.19221,-37.6608],[-59.19281,-37.66083],[-59.19312,-37.66081],[-59.19366,-37.66068],[-59.19392,-37.66057],[-59.19424,-37.66038],[-59.19449,-37.6602],[-59.19482,-37.65989],[-59.19522,-37.65944],[-59.19549,-37.65907],[-59.19585,-37.65848],[-59.19604,-37.6581],[-59.19619,-37.65771],[-59.19632,-37.65729],[-59.19642,-37.65678],[-59.19647,-37.65633],[-59.19647,-37.65588],[-59.19645,-37.65541],[-59.19638,-37.65491],[-59.19626,-37.65434],[-59.19614,-37.65396],[-59.19597,-37.65356],[-59.19576,-37.65323],[-59.19558,-37.65302],[-59.19543,-37.65287],[-59.19515,-37.65268],[-59.19476,-37.65248],[-59.19429,-37.65231],[-59.1933,-37.65203],[-59.19276,-37.65185],[-59.19225,-37.65163],[-59.19174,-37.65135],[-59.19133,-37.65105],[-59.19086,-37.65063],[-59.19052,-37.6502],[-59.19024,-37.64975],[-59.19006,-37.64936],[-59.18988,-37.64879],[-59.18981,-37.64831],[-59.1898,-37.64797],[-59.18986,-37.64747],[-59.18991,-37.64719],[-59.19028,-37.64599],[-59.1904,-37.6455],[-59.19045,-37.64514],[-59.19046,-37.64469],[-59.19041,-37.64428],[-59.19025,-37.64378],[-59.19011,-37.64347],[-59.18981,-37.64302],[-59.18965,-37.64283],[-59.18929,-37.6425],[-59.18881,-37.64215],[-59.18843,-37.64193],[-59.18772,-37.6416],[-59.18608,-37.64095],[-59.18528,-37.64059],[-59.18468,-37.64028],[-59.18399,-37.63983],[-59.18362,-37.63955],[-59.1833,-37.63926],[-59.18274,-37.63866],[-59.18207,-37.63777],[-59.18162,-37.63701],[-59.18147,-37.63668],[-59.18134,-37.63625],[-59.18127,-37.63573],[-59.18128,-37.63532],[-59.18132,-37.63503],[-59.18144,-37.63453],[-59.1816,-37.63409],[-59.18186,-37.63351],[-59.18281,-37.63167],[-59.18368,-37.62992],[-59.18411,-37.62916],[-59.18459,-37.62851],[-59.18506,-37.62805],[-59.18553,-37.62773],[-59.18599,-37.62753],[-59.1866,-37.62737],[-59.18729,-37.62729],[-59.18866,-37.62723],[-59.18911,-37.62716],[-59.18939,-37.62709],[-59.18978,-37.62694],[-59.19011,-37.62674],[-59.19038,-37.62652],[-59.19062,-37.62626],[-59.19086,-37.6259],[-59.19105,-37.62548],[-59.19121,-37.62495],[-59.1913,-37.62439],[-59.19133,-37.6234],[-59.19125,-37.62097],[-59.19129,-37.6201],[-59.19141,-37.61945],[-59.19152,-37.61912],[-59.19162,-37.61891],[-59.19188,-37.61852],[-59.19225,-37.61817],[-59.19241,-37.61808],[-59.19277,-37.6179],[-59.19328,-37.61776],[-59.19385,-37.61769],[-59.19446,-37.6177],[-59.19503,-37.61777],[-59.19606,-37.61799],[-59.19901,-37.61887],[-59.2001,-37.61915],[-59.20074,-37.61928],[-59.20203,-37.61947],[-59.20473,-37.61972],[-59.20592,-37.61987],[-59.20714,-37.62007],[-59.20913,-37.62045],[-59.20988,-37.62056],[-59.2103,-37.62059],[-59.2107,-37.62057],[-59.21112,-37.62049],[-59.21151,-37.62032],[-59.21171,-37.62015],[-59.21189,-37.61988],[-59.21199,-37.61952],[-59.21197,-37.61911],[-59.21183,-37.61872],[-59.21164,-37.61842],[-59.2113,-37.61806],[-59.21085,-37.61771],[-59.2103,-37.61738],[-59.20923,-37.61686],[-59.20705,-37.61595],[-59.20567,-37.61534],[-59.20044,-37.61293],[-59.19952,-37.61248],[-59.19823,-37.61179],[-59.19618,-37.61064],[-59.19328,-37.60906],[-59.19227,-37.60844],[-59.19125,-37.60773],[-59.19028,-37.60694],[-59.18961,-37.60631],[-59.18903,-37.60564],[-59.18871,-37.60514],[-59.18847,-37.60457],[-59.18839,-37.60426],[-59.18833,-37.60375],[-59.18837,-37.6031],[-59.18862,-37.60164],[-59.18862,-37.60136],[-59.18856,-37.60098],[-59.18848,-37.6008],[-59.18836,-37.60061],[-59.18824,-37.60049],[-59.18801,-37.60033],[-59.18754,-37.60016],[-59.187,-37.60008],[-59.18661,-37.60007],[-59.18603,-37.60012],[-59.18543,-37.6002],[-59.1849,-37.60031],[-59.18434,-37.60046],[-59.18379,-37.60064],[-59.18325,-37.60086],[-59.18271,-37.60112],[-59.18233,-37.60133],[-59.18185,-37.60164],[-59.18131,-37.60208],[-59.18096,-37.60244],[-59.18069,-37.60275],[-59.18041,-37.60313],[-59.18014,-37.60353],[-59.1799,-37.60397],[-59.17964,-37.60449],[-59.17926,-37.60546],[-59.17899,-37.60645],[-59.17886,-37.60704],[-59.17877,-37.60764],[-59.17871,-37.60825],[-59.17868,-37.60892],[-59.17868,-37.6095],[-59.17874,-37.61049],[-59.17887,-37.61222],[-59.17888,-37.61306],[-59.17886,-37.61351],[-59.17881,-37.61386],[-59.1787,-37.61432],[-59.17854,-37.61476],[-59.17835,-37.61512],[-59.17811,-37.61549],[-59.17783,-37.61582],[-59.17752,-37.61613],[-59.17716,-37.61642],[-59.17676,-37.61668],[-59.17631,-37.61692],[-59.17584,-37.61713],[-59.17535,-37.6173],[-59.17484,-37.61745],[-59.17435,-37.61755],[-59.17341,-37.61765],[-59.17269,-37.61764],[-59.17211,-37.61758],[-59.17156,-37.61749],[-59.17079,-37.61729],[-59.16916,-37.61679],[-59.16858,-37.61667],[-59.16795,-37.61659],[-59.16712,-37.61654],[-59.16634,-37.61655],[-59.16151,-37.61681],[-59.15888,-37.61687],[-59.15763,-37.61686],[-59.15673,-37.61679],[-59.15632,-37.61673],[-59.15576,-37.6166],[-59.15515,-37.61641],[-59.15467,-37.61621],[-59.15423,-37.61597],[-59.15377,-37.61568],[-59.15306,-37.61511],[-59.15263,-37.61471],[-59.15227,-37.61432],[-59.15173,-37.61365],[-59.15127,-37.61301],[-59.15091,-37.61243],[-59.15044,-37.61162],[-59.15019,-37.61111],[-59.14987,-37.6104],[-59.14968,-37.60992],[-59.14944,-37.60918],[-59.14924,-37.60844],[-59.14908,-37.60771],[-59.14865,-37.60541],[-59.14849,-37.60464],[-59.14829,-37.60396],[-59.14803,-37.60329],[-59.14768,-37.60257],[-59.14724,-37.60187],[-59.14683,-37.60131],[-59.14575,-37.59993],[-59.14518,-37.59911],[-59.14472,-37.59827],[-59.14452,-37.59782],[-59.14435,-37.59736],[-59.14422,-37.5969],[-59.14413,-37.59646],[-59.14408,-37.59594],[-59.14407,-37.59535],[-59.14416,-37.59468],[-59.14431,-37.59408],[-59.14445,-37.59365],[-59.14521,-37.59181],[-59.14546,-37.59112],[-59.14557,-37.5907],[-59.14564,-37.59032],[-59.14569,-37.58973],[-59.14568,-37.58931],[-59.14563,-37.5889],[-59.14545,-37.58804],[-59.14512,-37.58704],[-59.14491,-37.58656],[-59.1447,-37.58618],[-59.14456,-37.58597],[-59.14435,-37.58571],[-59.14405,-37.58546],[-59.14363,-37.58524],[-59.14322,-37.58512],[-59.14276,-37.58508],[-59.14238,-37.5851],[-59.14205,-37.58515],[-59.14147,-37.58528],[-59.14071,-37.58553],[-59.1398,-37.58593],[-59.13908,-37.58631],[-59.13844,-37.58667],[-59.13715,-37.5875],[-59.1361,-37.58828],[-59.13541,-37.58891],[-59.13496,-37.58939],[-59.13448,-37.58999],[-59.1336,-37.59125],[-59.13317,-37.59177],[-59.13285,-37.5921],[-59.13264,-37.59227],[-59.13232,-37.59249],[-59.13202,-37.59264],[-59.13168,-37.59276],[-59.13126,-37.59281],[-59.13091,-37.59279],[-59.13056,-37.59271],[-59.13023,-37.59259],[-59.1299,-37.59242],[-59.1295,-37.59214],[-59.12905,-37.59173],[-59.12874,-37.59136],[-59.1285,-37.59099],[-59.12829,-37.59059],[-59.12805,-37.59002],[-59.12784,-37.58931],[-59.12766,-37.58847],[-59.12756,-37.58775],[-59.12752,-37.58685],[-59.12754,-37.58638],[-59.12762,-37.58586],[-59.12774,-37.58544],[-59.12793,-37.58496],[-59.12826,-37.58439],[-59.12917,-37.58313],[-59.12932,-37.58287],[-59.12944,-37.58259],[-59.12953,-37.58224],[-59.12957,-37.58183],[-59.12954,-37.58147],[-59.12946,-37.58109],[-59.12934,-37.58072],[-59.12919,-37.58035],[-59.1288,-37.57964],[-59.1285,-37.57922],[-59.12812,-37.57872],[-59.12742,-37.57798],[-59.12677,-37.57742],[-59.12624,-37.57706],[-59.12571,-37.57677],[-59.12437,-37.57619],[-59.12383,-37.57589],[-59.12345,-37.57555],[-59.12328,-37.57531],[-59.12317,-37.57511],[-59.12302,-37.57464],[-59.12298,-37.5743],[-59.12297,-37.57393],[-59.12307,-37.57318],[-59.12344,-37.57158],[-59.12359,-37.57072],[-59.12366,-37.56986],[-59.12362,-37.56912],[-59.12354,-37.56862],[-59.12338,-37.5681],[-59.12318,-37.56764],[-59.12294,-37.5673],[-59.12268,-37.56705],[-59.12252,-37.56695],[-59.12223,-37.56682],[-59.12194,-37.56678],[-59.12167,-37.56678],[-59.12143,-37.56682],[-59.12118,-37.5669],[-59.1208,-37.56706],[-59.12051,-37.56721],[-59.12009,-37.56749],[-59.11961,-37.56787],[-59.11916,-37.56828],[-59.11851,-37.56898],[-59.1179,-37.56977],[-59.11762,-37.5702],[-59.11735,-37.57067],[-59.11696,-37.5715],[-59.1167,-37.57215],[-59.11635,-37.57319],[-59.11595,-37.57452],[-59.11564,-37.57567],[-59.11542,-37.57658],[-59.11487,-37.57928],[-59.11454,-37.58074],[-59.11345,-37.58514],[-59.11259,-37.58853],[-59.11198,-37.59108],[-59.11172,-37.592],[-59.11151,-37.59267],[-59.11131,-37.59317],[-59.11091,-37.59395],[-59.11073,-37.59423],[-59.11042,-37.59463],[-59.11009,-37.59496],[-59.10973,-37.59524],[-59.10932,-37.59548],[-59.10875,-37.59575],[-59.10815,-37.59596],[-59.10748,-37.59613],[-59.10692,-37.59623],[-59.10623,-37.5963],[-59.10575,-37.5963],[-59.1052,-37.59625],[-59.10446,-37.5961],[-59.10353,-37.59582],[-59.10267,-37.59548],[-59.10019,-37.59443],[-59.09914,-37.59404],[-59.09829,-37.59378],[-59.09736,-37.59355],[-59.09617,-37.59336],[-59.09535,-37.59331],[-59.09466,-37.59332],[-59.094,-37.59339],[-59.09362,-37.59347],[-59.09306,-37.59362],[-59.0926,-37.59381],[-59.09192,-37.59418],[-59.09039,-37.59524],[-59.08965,-37.59569],[-59.08925,-37.59589],[-59.08856,-37.59618],[-59.0881,-37.59633],[-59.08755,-37.59648],[-59.08685,-37.59661],[-59.08613,-37.59669],[-59.0854,-37.59673],[-59.08473,-37.59674],[-59.08337,-37.59667],[-59.08055,-37.5964],[-59.07985,-37.59638],[-59.07947,-37.5964],[-59.07891,-37.59649],[-59.07843,-37.59665],[-59.07803,-37.59688],[-59.07786,-37.59704],[-59.0777,-37.59722],[-59.07748,-37.59765],[-59.07738,-37.59817],[-59.07738,-37.59855],[-59.07741,-37.59888],[-59.07753,-37.59945],[-59.07763,-37.59982],[-59.07802,-37.60094],[-59.07849,-37.60195],[-59.07886,-37.60253],[-59.07911,-37.60287],[-59.07943,-37.60324],[-59.08003,-37.6038],[-59.08061,-37.60425],[-59.08137,-37.60474],[-59.08194,-37.60505],[-59.08321,-37.60564],[-59.08596,-37.60674],[-59.08685,-37.60717],[-59.08752,-37.60757],[-59.08815,-37.60802],[-59.08865,-37.60848],[-59.08882,-37.60868],[-59.08902,-37.60896],[-59.08911,-37.60917],[-59.08917,-37.60945],[-59.08914,-37.60968],[-59.08904,-37.60988],[-59.0889,-37.61003],[-59.08874,-37.61016],[-59.08839,-37.61035],[-59.08799,-37.61051],[-59.08752,-37.61066],[-59.08487,-37.61142],[-59.08405,-37.61169],[-59.08341,-37.61194],[-59.08285,-37.61218],[-59.0823,-37.61246],[-59.08163,-37.61286],[-59.08115,-37.61323],[-59.08066,-37.61368],[-59.08032,-37.61407],[-59.07991,-37.61467],[-59.07949,-37.61545],[-59.07931,-37.6159],[-59.07917,-37.61631],[-59.07902,-37.61692],[-59.07895,-37.61761],[-59.07899,-37.61818],[-59.07904,-37.61838],[-59.07919,-37.61882],[-59.07996,-37.62028],[-59.08026,-37.62093],[-59.08049,-37.62152],[-59.08113,-37.62338],[-59.0814,-37.624],[-59.08172,-37.62457],[-59.0819,-37.62485],[-59.08227,-37.62534],[-59.08297,-37.62607],[-59.08378,-37.62675],[-59.08456,-37.62727],[-59.08537,-37.6277],[-59.08592,-37.6279],[-59.08623,-37.62799],[-59.08668,-37.62809],[-59.08699,-37.62812],[-59.08743,-37.62814],[-59.08786,-37.62811],[-59.08822,-37.62806],[-59.0887,-37.62795],[-59.08937,-37.62773],[-59.09077,-37.6272],[-59.09135,-37.62702],[-59.09195,-37.62692],[-59.09236,-37.6269],[-59.09268,-37.6269],[-59.09308,-37.62695],[-59.09343,-37.62702],[-59.09384,-37.62716],[-59.09413,-37.62729],[-59.09454,-37.62753],[-59.09476,-37.62768],[-59.09516,-37.62802],[-59.09549,-37.62837],[-59.0958,-37.6288],[-59.09603,-37.62925],[-59.09622,-37.62981],[-59.09632,-37.63025],[-59.0964,-37.63086],[-59.09659,-37.63299],[-59.09673,-37.63404],[-59.09691,-37.63492],[-59.09718,-37.6358],[-59.09736,-37.63621],[-59.09754,-37.63656],[-59.09794,-37.63714],[-59.09818,-37.63742],[-59.0985,-37.63771],[-59.09884,-37.63796],[-59.09915,-37.63814],[-59.09963,-37.63836],[-59.10015,-37.6385],[-59.10052,-37.63856],[-59.10097,-37.6386],[-59.10152,-37.6386],[-59.10262,-37.63848],[-59.1052,-37.63802],[-59.10616,-37.63787],[-59.10696,-37.63777],[-59.10831,-37.63764],[-59.10986,-37.63755],[-59.11084,-37.63753],[-59.11192,-37.63754],[-59.11312,-37.63762],[-59.11411,-37.63773],[-59.11535,-37.63794],[-59.11635,-37.63817],[-59.11727,-37.63846],[-59.11786,-37.63871],[-59.11822,-37.63889],[-59.11868,-37.63917],[-59.1192,-37.63958],[-59.11967,-37.64003],[-59.12027,-37.64075],[-59.12098,-37.64182],[-59.1218,-37.64326],[-59.12256,-37.64478],[-59.12357,-37.64697],[-59.12423,-37.64859],[-59.12456,-37.64961],[-59.12469,-37.65014],[-59.12479,-37.6507],[-59.12486,-37.65134],[-59.12489,-37.65191],[-59.12487,-37.65252],[-59.12483,-37.6531],[-59.12463,-37.65437],[-59.12416,-37.65667],[-59.12401,-37.6575],[-59.12389,-37.65847],[-59.12381,-37.65962],[-59.12381,-37.66069],[-59.12393,-37.66398],[-59.12391,-37.66537],[-59.12383,-37.66768],[-59.12384,-37.66855],[-59.12389,-37.66909],[-59.12396,-37.66952],[-59.12407,-37.66991],[-59.1242,-37.67023],[-59.12437,-37.67054],[-59.12452,-37.67074],[-59.12474,-37.67099],[-59.12512,-37.67133],[-59.12556,-37.67163],[-59.12586,-37.67181],[-59.12674,-37.67224],[-59.1278,-37.67264],[-59.1293,-37.6731],[-59.13083,-37.67347],[-59.13382,-37.6741],[-59.13453,-37.67428],[-59.13522,-37.67449],[-59.13588,-37.67473],[-59.13654,-37.67503],[-59.1371,-37.67535],[-59.13745,-37.6756],[-59.1378,-37.67589],[-59.13826,-37.6764],[-59.1386,-37.67696],[-59.13885,-37.67757],[-59.13923,-37.67889],[-59.13937,-37.67929],[-59.1396,-37.67982],[-59.14002,-37.68054],[-59.14051,-37.68121],[-59.14093,-37.6817],[-59.14276,-37.68368],[-59.14345,-37.68449],[-59.14407,-37.68533],[-59.14469,-37.68635],[-59.14501,-37.68696],[-59.14559,-37.68817],[-59.1459,-37.68888],[-59.14619,-37.68964],[-59.14632,-37.69014],[-59.14636,-37.69053],[-59.14632,-37.69085],[-59.14621,-37.69112],[-59.146,-37.69135],[-59.14581,-37.69146],[-59.14545,-37.69158],[-59.14502,-37.69163],[-59.14452,-37.69162],[-59.14407,-37.69155],[-59.1435,-37.6914],[-59.14296,-37.6912],[-59.14211,-37.69078],[-59.14115,-37.69018],[-59.14031,-37.68959],[-59.13754,-37.68751],[-59.13607,-37.68649],[-59.13473,-37.68567],[-59.13348,-37.68498],[-59.1326,-37.68455],[-59.13189,-37.68424],[-59.13094,-37.68388],[-59.13017,-37.68364],[-59.12935,-37.68344],[-59.12871,-37.68336],[-59.12819,-37.68338],[-59.12789,-37.68348],[-59.12782,-37.68353],[-59.12769,-37.68369],[-59.12765,-37.68385],[-59.12765,-37.68399],[-59.12773,-37.68432],[-59.12794,-37.68476],[-59.12845,-37.68551],[-59.12992,-37.68737],[-59.13054,-37.68826],[-59.13084,-37.68872],[-59.13129,-37.6895],[-59.13166,-37.69025],[-59.13192,-37.69084],[-59.1324,-37.69213],[-59.13279,-37.69337],[-59.13321,-37.69498],[-59.13402,-37.69833],[-59.13431,-37.69966],[-59.13442,-37.70033],[-59.1345,-37.70099],[-59.13454,-37.70196],[-59.13454,-37.7025],[-59.13449,-37.70316],[-59.13437,-37.70396],[-59.13422,-37.70458],[-59.13405,-37.70507],[-59.13393,-37.70536],[-59.13369,-37.70579],[-59.13344,-37.70615],[-59.13323,-37.70641],[-59.13274,-37.70687],[-59.13222,-37.70724],[-59.13172,-37.7075],[-59.13123,-37.7077],[-59.1308,-37.70783],[-59.1301,-37.70794],[-59.12954,-37.70794],[-59.12917,-37.70788],[-59.12874,-37.70774],[-59.12841,-37.70758],[-59.1282,-37.70745],[-59.12771,-37.70704],[-59.12691,-37.70625],[-59.12623,-37.70565],[-59.12557,-37.70521],[-59.1249,-37.70487],[-59.12384,-37.70446],[-59.12171,-37.70375],[-59.11937,-37.70289],[-59.11853,-37.70261],[-59.11786,-37.70246],[-59.11734,-37.70242],[-59.11697,-37.70244],[-59.11657,-37.70253],[-59.11604,-37.70274],[-59.11573,-37.70293],[-59.11538,-37.70323],[-59.11512,-37.70353],[-59.11493,-37.70381],[-59.1147,-37.70422],[-59.11417,-37.70538],[-59.11387,-37.70592],[-59.11355,-37.70638],[-59.11318,-37.7068],[-59.11284,-37.70711],[-59.11236,-37.70749],[-59.11176,-37.70788],[-59.11013,-37.70889],[-59.10918,-37.70954],[-59.10871,-37.7099],[-59.10799,-37.7105],[-59.10729,-37.71114],[-59.10684,-37.71159],[-59.10628,-37.7122],[-59.10582,-37.71277],[-59.10538,-37.71339],[-59.10451,-37.71472],[-59.10415,-37.71521],[-59.10375,-37.71567],[-59.10321,-37.7162],[-59.10282,-37.7165],[-59.10234,-37.71682],[-59.10172,-37.71717],[-59.10124,-37.71738],[-59.10051,-37.71764],[-59.09976,-37.71783],[-59.09911,-37.71795],[-59.09865,-37.718],[-59.09798,-37.71803],[-59.09736,-37.71803],[-59.09655,-37.71798],[-59.09548,-37.71786],[-59.09433,-37.71768],[-59.09345,-37.7175],[-59.09271,-37.7173],[-59.09201,-37.71706],[-59.09155,-37.71686],[-59.09104,-37.71659],[-59.0906,-37.71631],[-59.08994,-37.71579],[-59.08957,-37.71543],[-59.08912,-37.71494],[-59.08873,-37.71441],[-59.08835,-37.7138],[-59.08791,-37.71293],[-59.08765,-37.7123],[-59.08738,-37.71155],[-59.08714,-37.71073],[-59.08696,-37.71002],[-59.08672,-37.70873],[-59.0866,-37.70763],[-59.08653,-37.70626],[-59.08647,-37.6992],[-59.08639,-37.69724],[-59.08629,-37.69645],[-59.0862,-37.6961],[-59.08611,-37.69589],[-59.086,-37.69572],[-59.08586,-37.69561],[-59.08575,-37.69557],[-59.08555,-37.69558],[-59.08539,-37.69566],[-59.0852,-37.6958],[-59.08501,-37.69601],[-59.08483,-37.69625],[-59.08462,-37.6966],[-59.08445,-37.69695],[-59.08418,-37.6977],[-59.08395,-37.69866],[-59.08347,-37.70154],[-59.08317,-37.70295],[-59.08278,-37.70447],[-59.08193,-37.70752],[-59.08152,-37.70919],[-59.08129,-37.71042],[-59.08116,-37.71161],[-59.08109,-37.71273],[-59.08097,-37.7157],[-59.08087,-37.71697],[-59.08071,-37.71797],[-59.08054,-37.71862],[-59.08033,-37.71916],[-59.08002,-37.71967],[-59.07973,-37.72002],[-59.07941,-37.72029],[-59.07895,-37.72056],[-59.07849,-37.72074],[-59.07793,-37.72088],[-59.07732,-37.72095],[-59.07681,-37.72094],[-59.07626,-37.72088],[-59.07594,-37.72081],[-59.07547,-37.72066],[-59.07496,-37.72044],[-59.07454,-37.72021],[-59.07413,-37.71994],[-59.07373,-37.71964],[-59.07334,-37.7193],[-59.07286,-37.71882],[-59.07237,-37.71828],[-59.07186,-37.71765],[-59.07078,-37.7162],[-59.06981,-37.71473],[-59.06888,-37.71317],[-59.06799,-37.71147],[-59.06662,-37.70856],[-59.06592,-37.70693],[-59.06548,-37.70572],[-59.06518,-37.70478],[-59.06426,-37.7013],[-59.06402,-37.70046],[-59.06369,-37.6995],[-59.06331,-37.69855],[-59.06285,-37.69756],[-59.06235,-37.69667],[-59.06189,-37.69603],[-59.06152,-37.69565],[-59.06121,-37.69544],[-59.06099,-37.69534],[-59.0608,-37.69528],[-59.06041,-37.69525],[-59.0601,-37.69528],[-59.05975,-37.69536],[-59.05938,-37.69548],[-59.05759,-37.69621],[-59.05698,-37.69641],[-59.05653,-37.69653],[-59.05587,-37.69667],[-59.05524,-37.69674],[-59.0547,-37.69676],[-59.05407,-37.69674],[-59.05338,-37.69666],[-59.05283,-37.69656],[-59.0518,-37.69627],[-59.05092,-37.69595],[-59.04893,-37.69508],[-59.04825,-37.69482],[-59.04794,-37.69474],[-59.04766,-37.6947],[-59.04739,-37.6947],[-59.04721,-37.69474],[-59.04708,-37.69482],[-59.04695,-37.69496],[-59.04688,-37.69518],[-59.04689,-37.69541],[-59.04699,-37.6958],[-59.04709,-37.69604],[-59.04746,-37.69669],[-59.04793,-37.69736],[-59.04856,-37.69816],[-59.04923,-37.69891],[-59.05105,-37.70089],[-59.05209,-37.70213],[-59.05269,-37.70299],[-59.05299,-37.70347],[-59.05328,-37.70399],[-59.05363,-37.70479],[-59.0538,-37.70528],[-59.05393,-37.7058],[-59.05402,-37.70639],[-59.05406,-37.70693],[-59.05403,-37.70785],[-59.05384,-37.7096],[-59.05382,-37.71009],[-59.05385,-37.71065],[-59.05394,-37.71124],[-59.05404,-37.71158],[-59.05422,-37.71203],[-59.05441,-37.71238],[-59.05483,-37.71295],[-59.05547,-37.71361],[-59.05637,-37.71436],[-59.05799,-37.71557],[-59.05878,-37.71619],[-59.05936,-37.71671],[-59.05996,-37.71731],[-59.06042,-37.71786],[-59.06088,-37.71853],[-59.06133,-37.71933],[-59.06173,-37.72022],[-59.06202,-37.721],[-59.06231,-37.72192],[-59.06257,-37.72292],[-59.06277,-37.72386],[-59.06298,-37.72506],[-59.06331,-37.7276],[-59.0637,-37.73003],[-59.06379,-37.73077],[-59.06383,-37.73127],[-59.06383,-37.73178],[-59.06379,-37.73232],[-59.0637,-37.73284],[-59.0635,-37.73346],[-59.06336,-37.73376],[-59.06313,-37.73413],[-59.06287,-37.73445],[-59.06259,-37.73472],[-59.06217,-37.73501],[-59.06179,-37.73519],[-59.06142,-37.73531],[-59.06107,-37.73538],[-59.06066,-37.73543],[-59.06,-37.73543],[-59.05954,-37.73539],[-59.05895,-37.73529],[-59.05818,-37.7351],[-59.05625,-37.73452],[-59.05567,-37.73438],[-59.05527,-37.73431],[-59.05489,-37.73427],[-59.05451,-37.73428],[-59.05413,-37.73434],[-59.05376,-37.73448],[-59.05339,-37.73472],[-59.05323,-37.73486],[-59.05294,-37.73519],[-59.05188,-37.73673],[-59.05135,-37.73741],[-59.05077,-37.73806],[-59.04977,-37.73908],[-59.04939,-37.73951],[-59.04908,-37.73994],[-59.04882,-37.74047],[-59.0487,-37.74087],[-59.04867,-37.74112],[-59.04868,-37.74165],[-59.0488,-37.74239],[-59.04919,-37.74407],[-59.04928,-37.74482],[-59.04929,-37.74532],[-59.04924,-37.74593],[-59.04915,-37.74638],[-59.04906,-37.74672],[-59.04882,-37.74728],[-59.04864,-37.74761],[-59.04846,-37.74787],[-59.0481,-37.74827],[-59.0477,-37.74862],[-59.04712,-37.749],[-59.0464,-37.74938],[-59.04273,-37.75104],[-59.04192,-37.75137],[-59.04108,-37.75164],[-59.04064,-37.75174],[-59.0402,-37.7518],[-59.03984,-37.75182],[-59.03944,-37.7518],[-59.03901,-37.75173],[-59.03869,-37.75165],[-59.03827,-37.7515],[-59.03792,-37.75135],[-59.03739,-37.75107],[-59.03652,-37.75051],[-59.03207,-37.74728],[-59.03115,-37.74666],[-59.0304,-37.7462],[-59.02946,-37.74573],[-59.02858,-37.74538],[-59.028,-37.7452],[-59.02746,-37.74507],[-59.02694,-37.74496],[-59.02639,-37.74489],[-59.02579,-37.74486],[-59.02544,-37.74487],[-59.02512,-37.74489],[-59.02457,-37.74497],[-59.02421,-37.74506],[-59.02376,-37.7452],[-59.02316,-37.74549],[-59.02277,-37.74575],[-59.02247,-37.74602],[-59.02206,-37.74648],[-59.02127,-37.74757],[-59.02089,-37.74804],[-59.02034,-37.74863],[-59.01966,-37.74919],[-59.01919,-37.74951],[-59.01876,-37.74977],[-59.01831,-37.75001],[-59.01782,-37.75022],[-59.01691,-37.75053],[-59.01621,-37.75069],[-59.01573,-37.75077],[-59.01506,-37.75085],[-59.01436,-37.75088],[-59.01355,-37.75088],[-59.0128,-37.75083],[-59.01223,-37.75076],[-59.01179,-37.75069],[-59.01119,-37.75055]]]}},{"type":"Feature","properties":{"fdc":"Atlas 500k 1° Ediciónl","sag":"IGN","crv":250,"mo2":2,"tipo":"Curva de nivel","ign":"lineas_de_geomorfologia_CA010.5647"},"geometry":{"type":"MultiLineString","coordinates":[[[-59.02995,-37.46985],[-59.03012,-37.4697],[-59.03044,-37.46935],[-59.03068,-37.46903],[-59.03091,-37.46862],[-59.03109,-37.46824],[-59.03169,-37.46649],[-59.03193,-37.4659],[-59.03212,-37.46553],[-59.03238,-37.46511],[-59.03274,-37.46464],[-59.03318,-37.46419],[-59.03355,-37.46387],[-59.03403,-37.46353],[-59.03466,-37.46316],[-59.03539,-37.46283],[-59.03604,-37.4626],[-59.03671,-37.4624],[-59.0376,-37.46221],[-59.03862,-37.46206],[-59.03911,-37.46203],[-59.03976,-37.46204],[-59.04044,-37.46212],[-59.04116,-37.4623],[-59.04193,-37.46259],[-59.0425,-37.46286],[-59.04338,-37.46336],[-59.04552,-37.46474],[-59.04638,-37.46526],[-59.04726,-37.4657],[-59.04771,-37.46587],[-59.04825,-37.46602],[-59.04868,-37.46611],[-59.04931,-37.46619],[-59.05001,-37.46621],[-59.05201,-37.4662],[-59.05269,-37.46624],[-59.05346,-37.46635],[-59.0541,-37.46648],[-59.05514,-37.46676],[-59.05818,-37.46782],[-59.0589,-37.468],[-59.05938,-37.46807],[-59.05995,-37.46808],[-59.06041,-37.46802],[-59.0609,-37.46787],[-59.06138,-37.46763],[-59.0619,-37.46728],[-59.06239,-37.46685],[-59.06302,-37.46621],[-59.06446,-37.46463],[-59.06513,-37.46401],[-59.0656,-37.46367],[-59.06603,-37.46341],[-59.06653,-37.46317],[-59.06718,-37.46293],[-59.06795,-37.46271],[-59.06978,-37.46228],[-59.07029,-37.46213],[-59.07064,-37.462],[-59.07095,-37.46184],[-59.07117,-37.46169],[-59.07141,-37.46147],[-59.07161,-37.4612],[-59.07176,-37.46089],[-59.07182,-37.46064],[-59.07186,-37.46029],[-59.07186,-37.46004],[-59.07178,-37.45938],[-59.07138,-37.45728],[-59.07126,-37.4563],[-59.07123,-37.4556],[-59.07124,-37.45484],[-59.07128,-37.4541],[-59.07135,-37.45337],[-59.07146,-37.45266],[-59.07159,-37.45198],[-59.0718,-37.4512],[-59.07198,-37.4506],[-59.07246,-37.44929],[-59.07284,-37.44834],[-59.07312,-37.44778],[-59.07343,-37.44735],[-59.07377,-37.44705],[-59.07401,-37.44691],[-59.07444,-37.44677],[-59.075,-37.44668],[-59.07559,-37.44668],[-59.07603,-37.44671],[-59.07808,-37.44695],[-59.07945,-37.44706],[-59.08089,-37.44708],[-59.08249,-37.44704],[-59.08426,-37.44691],[-59.08566,-37.44672],[-59.08619,-37.4466],[-59.08664,-37.44647],[-59.08704,-37.4463],[-59.08727,-37.44617],[-59.08743,-37.44604],[-59.08758,-37.44588],[-59.0877,-37.44567],[-59.08777,-37.44543],[-59.08778,-37.44529],[-59.08775,-37.445],[-59.08767,-37.44474],[-59.08745,-37.44428],[-59.08716,-37.44384],[-59.08618,-37.44245],[-59.08588,-37.44196],[-59.08566,-37.44151],[-59.08544,-37.44091],[-59.08533,-37.44041],[-59.08527,-37.43986],[-59.08528,-37.43921],[-59.08534,-37.43864],[-59.08547,-37.43806],[-59.0856,-37.43761],[-59.08576,-37.43719],[-59.08611,-37.43643],[-59.08698,-37.43486],[-59.08725,-37.43431],[-59.08749,-37.43372],[-59.08802,-37.43224],[-59.08819,-37.43188],[-59.08838,-37.43156],[-59.08856,-37.43132],[-59.08885,-37.43099],[-59.08908,-37.43078],[-59.08957,-37.4304],[-59.09,-37.43012],[-59.09059,-37.42979],[-59.09174,-37.42922],[-59.09266,-37.42885],[-59.09372,-37.42853],[-59.09476,-37.4283],[-59.09721,-37.42784],[-59.09799,-37.42766],[-59.09853,-37.4275],[-59.09903,-37.42731],[-59.0995,-37.42705],[-59.09989,-37.42675],[-59.10006,-37.42656],[-59.10025,-37.42628],[-59.10042,-37.42586],[-59.10049,-37.4254],[-59.10045,-37.42488],[-59.10029,-37.42426],[-59.1,-37.42358],[-59.09974,-37.4231],[-59.09934,-37.42247],[-59.0981,-37.42066],[-59.09774,-37.42003],[-59.09742,-37.41939],[-59.09719,-37.41881],[-59.09706,-37.41838],[-59.09698,-37.41797],[-59.0969,-37.41741],[-59.0969,-37.41666],[-59.09694,-37.41628],[-59.09703,-37.41577],[-59.09723,-37.41507],[-59.0975,-37.4144],[-59.09786,-37.41371],[-59.09814,-37.41329],[-59.09857,-37.41271],[-59.1004,-37.41067],[-59.1007,-37.41027],[-59.10093,-37.40991],[-59.10113,-37.40951],[-59.10127,-37.40911],[-59.10138,-37.40863],[-59.10142,-37.40808],[-59.10136,-37.40749],[-59.10126,-37.40706],[-59.1011,-37.40664],[-59.10091,-37.40625],[-59.10067,-37.40587],[-59.1004,-37.4055],[-59.10008,-37.40512],[-59.09936,-37.40438],[-59.09844,-37.40356],[-59.09743,-37.40279],[-59.0966,-37.40226],[-59.09495,-37.40131],[-59.0944,-37.4009],[-59.09407,-37.40058],[-59.09393,-37.40039],[-59.09379,-37.40013],[-59.09373,-37.39995],[-59.09369,-37.39969],[-59.09371,-37.39943],[-59.09376,-37.39927],[-59.09384,-37.39907],[-59.09402,-37.39881],[-59.09435,-37.39849],[-59.09458,-37.39833],[-59.09505,-37.39811],[-59.09532,-37.39802],[-59.09579,-37.39791],[-59.09624,-37.39788],[-59.09665,-37.39789],[-59.097,-37.39792],[-59.09754,-37.39804],[-59.098,-37.39819],[-59.09857,-37.39841],[-59.10012,-37.39915],[-59.10073,-37.39941],[-59.10175,-37.39975],[-59.10236,-37.3999],[-59.10333,-37.40008],[-59.10405,-37.40016],[-59.10502,-37.40021],[-59.10738,-37.40024],[-59.10814,-37.4003],[-59.10886,-37.40039],[-59.10962,-37.40054],[-59.11036,-37.40075],[-59.11264,-37.40156],[-59.11334,-37.40176],[-59.1143,-37.40194],[-59.11525,-37.40201],[-59.1165,-37.40199],[-59.11807,-37.40184],[-59.11985,-37.40156],[-59.12052,-37.40141],[-59.12105,-37.40126],[-59.12152,-37.40108],[-59.12181,-37.40094],[-59.12208,-37.40078],[-59.12245,-37.40051],[-59.12274,-37.40023],[-59.12297,-37.39991],[-59.12319,-37.39948],[-59.12333,-37.39903],[-59.1234,-37.39855],[-59.12342,-37.39811],[-59.12338,-37.39763],[-59.12331,-37.39717],[-59.12319,-37.3967],[-59.12304,-37.39622],[-59.12285,-37.39575],[-59.12261,-37.39528],[-59.12232,-37.39482],[-59.12199,-37.39441],[-59.12169,-37.3941],[-59.1213,-37.39379],[-59.12107,-37.39363],[-59.12071,-37.39343],[-59.12029,-37.39324],[-59.1196,-37.39299],[-59.11907,-37.39284],[-59.11652,-37.39229],[-59.11537,-37.39199],[-59.1142,-37.3916],[-59.11208,-37.39075],[-59.11123,-37.39048],[-59.11045,-37.3903],[-59.10972,-37.3902],[-59.10881,-37.39013],[-59.10559,-37.39012],[-59.104,-37.39006],[-59.10241,-37.38989],[-59.10161,-37.38975],[-59.1008,-37.38958],[-59.09909,-37.38914],[-59.09735,-37.38859],[-59.09674,-37.38835],[-59.09624,-37.38811],[-59.09594,-37.38794],[-59.09547,-37.38761],[-59.09532,-37.38748],[-59.09501,-37.38713],[-59.09485,-37.38688],[-59.09468,-37.38652],[-59.09458,-37.38615],[-59.09454,-37.38576],[-59.09456,-37.38532],[-59.09464,-37.3849],[-59.09476,-37.3845],[-59.09491,-37.38411],[-59.09512,-37.3837],[-59.09536,-37.38329],[-59.09595,-37.38247],[-59.09712,-37.38098],[-59.09746,-37.38046],[-59.09771,-37.37992],[-59.09777,-37.37969],[-59.0978,-37.37934],[-59.09775,-37.37905],[-59.09765,-37.37879],[-59.09749,-37.37858],[-59.09723,-37.37835],[-59.09692,-37.37817],[-59.09665,-37.37805],[-59.09503,-37.37754],[-59.0947,-37.37741],[-59.09426,-37.37719],[-59.09389,-37.37696],[-59.09352,-37.37663],[-59.09328,-37.3763],[-59.09315,-37.37603],[-59.09306,-37.37567],[-59.09305,-37.3754],[-59.09308,-37.37508],[-59.09317,-37.37478],[-59.09331,-37.37443],[-59.09364,-37.37389],[-59.09393,-37.37351],[-59.09474,-37.37258],[-59.095,-37.3722],[-59.09507,-37.37204],[-59.09513,-37.37176],[-59.09511,-37.37159],[-59.09499,-37.37134],[-59.09486,-37.37121],[-59.09464,-37.37104],[-59.09431,-37.37088],[-59.09385,-37.37072],[-59.09279,-37.37048],[-59.08955,-37.36998],[-59.08787,-37.36965],[-59.08704,-37.36944],[-59.08628,-37.36923],[-59.08551,-37.36897],[-59.08468,-37.36865],[-59.08375,-37.36823],[-59.08307,-37.36786],[-59.08247,-37.3675],[-59.08186,-37.36707],[-59.08128,-37.3666],[-59.08077,-37.36611],[-59.07896,-37.36414],[-59.07813,-37.36336],[-59.07747,-37.36284],[-59.07679,-37.36238],[-59.07592,-37.36188],[-59.07505,-37.36143],[-59.07386,-37.36087],[-59.07212,-37.36012],[-59.07066,-37.35954],[-59.06949,-37.35914],[-59.06848,-37.35885],[-59.06745,-37.3586],[-59.06639,-37.35841],[-59.06398,-37.35803],[-59.06327,-37.3579],[-59.06254,-37.35773],[-59.06184,-37.35752],[-59.06118,-37.35725],[-59.06064,-37.35698],[-59.0601,-37.35664],[-59.05973,-37.35634],[-59.05921,-37.35581],[-59.0587,-37.35512],[-59.05842,-37.35462],[-59.05804,-37.35381],[-59.05783,-37.3532],[-59.05764,-37.3524],[-59.05757,-37.35178],[-59.05756,-37.35112],[-59.05763,-37.35048],[-59.05778,-37.34987],[-59.05796,-37.34941],[-59.05818,-37.34898],[-59.05849,-37.34852],[-59.05888,-37.34809],[-59.0592,-37.34781],[-59.05939,-37.34767],[-59.05989,-37.34737],[-59.06042,-37.34714],[-59.06098,-37.34696],[-59.062,-37.34674],[-59.06456,-37.34637],[-59.06567,-37.34614],[-59.0665,-37.34591],[-59.06704,-37.34571],[-59.06749,-37.34551],[-59.06806,-37.3452],[-59.06827,-37.34505],[-59.06859,-37.34478],[-59.06883,-37.34452],[-59.069,-37.34426],[-59.06913,-37.34397],[-59.06922,-37.34367],[-59.06928,-37.34337],[-59.06938,-37.34214],[-59.06943,-37.34178],[-59.06958,-37.3413],[-59.06976,-37.34096],[-59.06997,-37.34071],[-59.07025,-37.34046],[-59.07063,-37.34023],[-59.07113,-37.34004],[-59.07168,-37.33989],[-59.07238,-37.33978],[-59.07304,-37.33973],[-59.07414,-37.3397],[-59.07511,-37.33972],[-59.07639,-37.33979],[-59.08112,-37.34014],[-59.08261,-37.34022],[-59.08357,-37.34024],[-59.08416,-37.34022],[-59.08467,-37.34018],[-59.08515,-37.34011],[-59.08564,-37.34001],[-59.08595,-37.33991],[-59.08639,-37.33973],[-59.08682,-37.3395],[-59.08722,-37.33922],[-59.08756,-37.33895],[-59.08908,-37.33752],[-59.08953,-37.33713],[-59.09007,-37.3367],[-59.09056,-37.33638],[-59.09099,-37.33613],[-59.09182,-37.33574],[-59.09245,-37.33552],[-59.09301,-37.33538],[-59.09364,-37.33527],[-59.09428,-37.33522],[-59.09502,-37.33523],[-59.09557,-37.33528],[-59.09651,-37.33545],[-59.0971,-37.33559],[-59.0981,-37.33588],[-59.09977,-37.33647],[-59.10045,-37.33676],[-59.10106,-37.33706],[-59.10153,-37.33735],[-59.10191,-37.33763],[-59.10224,-37.33791],[-59.10251,-37.33819],[-59.10293,-37.33873],[-59.10311,-37.33901],[-59.10332,-37.33944],[-59.10381,-37.34063],[-59.10406,-37.34117],[-59.10433,-37.34159],[-59.10471,-37.34206],[-59.10504,-37.34238],[-59.10539,-37.34268],[-59.10614,-37.34321],[-59.10692,-37.34366],[-59.10751,-37.34393],[-59.10802,-37.34412],[-59.10863,-37.34428],[-59.10921,-37.34436],[-59.10989,-37.34438],[-59.11088,-37.34431],[-59.11345,-37.34394],[-59.1151,-37.34377],[-59.11659,-37.34372],[-59.11726,-37.34374],[-59.1179,-37.34379],[-59.11852,-37.34388],[-59.11912,-37.34402],[-59.11951,-37.34415],[-59.11999,-37.34436],[-59.12036,-37.34458],[-59.12067,-37.34484],[-59.12097,-37.34517],[-59.12118,-37.34552],[-59.12137,-37.34601],[-59.12152,-37.34675],[-59.12165,-37.3482],[-59.12167,-37.3494],[-59.12163,-37.34988],[-59.12151,-37.35051],[-59.12131,-37.35109],[-59.12098,-37.35171],[-59.12072,-37.35208],[-59.12035,-37.35253],[-59.11994,-37.35294],[-59.11938,-37.35342],[-59.1181,-37.35438],[-59.11492,-37.35655],[-59.11418,-37.35713],[-59.11357,-37.35767],[-59.11294,-37.35836],[-59.11247,-37.35901],[-59.11206,-37.35977],[-59.11178,-37.36048],[-59.11164,-37.36099],[-59.11155,-37.36154],[-59.11152,-37.36194],[-59.11153,-37.36246],[-59.1116,-37.36312],[-59.11171,-37.36382],[-59.11207,-37.36572],[-59.11231,-37.36656],[-59.11246,-37.36697],[-59.11267,-37.36737],[-59.11302,-37.36783],[-59.11332,-37.3681],[-59.1136,-37.36827],[-59.11394,-37.36843],[-59.11425,-37.36854],[-59.11475,-37.36867],[-59.11538,-37.36878],[-59.11604,-37.36886],[-59.11671,-37.36891],[-59.11786,-37.36892],[-59.12148,-37.36872],[-59.12497,-37.36872],[-59.1261,-37.36869],[-59.12688,-37.36863],[-59.12803,-37.3685],[-59.129,-37.36833],[-59.12959,-37.36819],[-59.13003,-37.36805],[-59.13057,-37.36783],[-59.13103,-37.36759],[-59.13133,-37.3674],[-59.13187,-37.36697],[-59.13212,-37.36671],[-59.13236,-37.36641],[-59.13273,-37.36578],[-59.13296,-37.36519],[-59.13315,-37.36449],[-59.13358,-37.36222],[-59.13382,-37.36122],[-59.13402,-37.36064],[-59.13418,-37.36023],[-59.13453,-37.35961],[-59.13477,-37.35929],[-59.13494,-37.35912],[-59.13531,-37.35882],[-59.13564,-37.35865],[-59.136,-37.35854],[-59.13617,-37.35851],[-59.13655,-37.35849],[-59.1369,-37.35854],[-59.13728,-37.35863],[-59.13809,-37.35893],[-59.14077,-37.36008],[-59.14149,-37.36044],[-59.14205,-37.36077],[-59.14256,-37.36113],[-59.14327,-37.36176],[-59.14384,-37.36235],[-59.14536,-37.36415],[-59.14607,-37.36488],[-59.1465,-37.36525],[-59.14691,-37.36556],[-59.14737,-37.36587],[-59.14789,-37.36618],[-59.14897,-37.3667],[-59.15161,-37.36777],[-59.15362,-37.36865],[-59.15395,-37.36877],[-59.15426,-37.36885],[-59.15454,-37.36888],[-59.15483,-37.36884],[-59.15508,-37.36874],[-59.15518,-37.36868],[-59.15532,-37.36853],[-59.15542,-37.36838],[-59.15554,-37.36801],[-59.15558,-37.36775],[-59.15559,-37.36737],[-59.15555,-37.36694],[-59.15544,-37.36632],[-59.15484,-37.36376],[-59.1546,-37.36246],[-59.15452,-37.36184],[-59.15447,-37.36113],[-59.15446,-37.36043],[-59.1545,-37.35975],[-59.15461,-37.35903],[-59.15475,-37.3585],[-59.15495,-37.35802],[-59.15517,-37.35763],[-59.15542,-37.3573],[-59.15571,-37.357],[-59.15599,-37.35677],[-59.15617,-37.35664],[-59.15663,-37.35639],[-59.15706,-37.35622],[-59.15764,-37.35606],[-59.15838,-37.35593],[-59.16001,-37.35575],[-59.16072,-37.35564],[-59.16142,-37.3555],[-59.16249,-37.35519],[-59.16297,-37.35501],[-59.16388,-37.3546],[-59.16445,-37.35429],[-59.16612,-37.35334],[-59.16663,-37.35308],[-59.16737,-37.35278],[-59.16845,-37.35246],[-59.17014,-37.35208],[-59.17094,-37.35194],[-59.17174,-37.35183],[-59.17305,-37.35173],[-59.17508,-37.35168],[-59.1759,-37.35161],[-59.17654,-37.3515],[-59.17707,-37.35138],[-59.17773,-37.35117],[-59.17818,-37.35098],[-59.17859,-37.35077],[-59.17892,-37.35057],[-59.17933,-37.35026],[-59.17987,-37.34977],[-59.18097,-37.34857],[-59.1817,-37.34784],[-59.18223,-37.3474],[-59.18282,-37.347],[-59.18329,-37.34673],[-59.18375,-37.3465],[-59.18422,-37.34629],[-59.18478,-37.34609],[-59.18584,-37.34579],[-59.18758,-37.34544],[-59.18792,-37.34533],[-59.18823,-37.3452],[-59.18858,-37.34498],[-59.18873,-37.34483],[-59.18886,-37.34465],[-59.18901,-37.34435],[-59.18907,-37.34406],[-59.1891,-37.34376],[-59.18905,-37.34333],[-59.18894,-37.34293],[-59.18882,-37.34263],[-59.18859,-37.34221],[-59.18835,-37.34186],[-59.18806,-37.34149],[-59.1876,-37.34098],[-59.18522,-37.33862],[-59.18367,-37.33704],[-59.18281,-37.33625],[-59.18207,-37.33568],[-59.18158,-37.33538],[-59.18094,-37.33508],[-59.18049,-37.33493],[-59.18,-37.33484],[-59.17936,-37.33479],[-59.17873,-37.33483],[-59.17823,-37.33491],[-59.17733,-37.33516],[-59.17538,-37.33587],[-59.17455,-37.33613],[-59.17308,-37.33654],[-59.17142,-37.33696],[-59.16994,-37.33729],[-59.16891,-37.33747],[-59.16754,-37.33766],[-59.16599,-37.33783],[-59.16479,-37.33793],[-59.16372,-37.33797],[-59.16249,-37.33796],[-59.16153,-37.33789],[-59.16033,-37.33771],[-59.15945,-37.3375],[-59.15882,-37.33729],[-59.15849,-37.33716],[-59.15805,-37.33694],[-59.1577,-37.33671],[-59.15737,-37.33644],[-59.1571,-37.33617],[-59.15697,-37.336],[-59.1568,-37.33571],[-59.15666,-37.33534],[-59.15659,-37.3349],[-59.1566,-37.33455],[-59.15669,-37.3341],[-59.15691,-37.33346],[-59.15776,-37.33155],[-59.15833,-37.33003],[-59.15857,-37.32952],[-59.15876,-37.32918],[-59.15906,-37.32875],[-59.15932,-37.32846],[-59.15963,-37.32818],[-59.16,-37.32791],[-59.16058,-37.32759],[-59.16136,-37.3273],[-59.16194,-37.32718],[-59.16257,-37.32711],[-59.1631,-37.32709],[-59.1636,-37.32711],[-59.16644,-37.32743],[-59.16728,-37.32748],[-59.16796,-37.32749],[-59.16873,-37.32745],[-59.16942,-37.32737],[-59.17009,-37.32725],[-59.17074,-37.32706],[-59.17121,-37.32687],[-59.17176,-37.32658],[-59.17243,-37.3261],[-59.1731,-37.32544],[-59.17443,-37.32388],[-59.17507,-37.32321],[-59.17556,-37.32277],[-59.17595,-37.32245],[-59.17682,-37.32185],[-59.17728,-37.32158],[-59.17787,-37.32129],[-59.17857,-37.321],[-59.17917,-37.32082],[-59.17969,-37.32071],[-59.18027,-37.32063],[-59.18079,-37.32061],[-59.18138,-37.32064],[-59.18193,-37.32071],[-59.18256,-37.32084],[-59.18347,-37.32112],[-59.18421,-37.32142],[-59.185,-37.32178],[-59.18559,-37.3221],[-59.1864,-37.3226],[-59.18702,-37.32305],[-59.18785,-37.32377],[-59.1886,-37.32455],[-59.18948,-37.32558],[-59.19154,-37.32809],[-59.1924,-37.32904],[-59.19296,-37.32954],[-59.19354,-37.32994],[-59.19398,-37.33016],[-59.1944,-37.3303],[-59.19491,-37.33042],[-59.19537,-37.33048],[-59.19582,-37.3305],[-59.19677,-37.33045],[-59.19815,-37.33027],[-59.19906,-37.33007],[-59.19971,-37.32987],[-59.20036,-37.32962],[-59.20095,-37.32933],[-59.20174,-37.32884],[-59.2024,-37.32833],[-59.20294,-37.32782],[-59.20333,-37.32737],[-59.20368,-37.32678],[-59.20382,-37.32642],[-59.20393,-37.32599],[-59.204,-37.32522],[-59.20401,-37.32399],[-59.20403,-37.32344],[-59.2041,-37.32289],[-59.20422,-37.32244],[-59.2043,-37.3222],[-59.20454,-37.32173],[-59.20472,-37.32147],[-59.20502,-37.32112],[-59.20542,-37.32078],[-59.20597,-37.32041],[-59.20647,-37.32013],[-59.20832,-37.31919],[-59.20945,-37.31853],[-59.2101,-37.3181],[-59.21074,-37.31762],[-59.21203,-37.31652],[-59.21248,-37.31617],[-59.21284,-37.31594],[-59.21309,-37.31581],[-59.2135,-37.31567],[-59.21386,-37.31561],[-59.21434,-37.31563],[-59.21473,-37.31573],[-59.21511,-37.31591],[-59.21552,-37.31619],[-59.21583,-37.31646],[-59.21619,-37.31686],[-59.21651,-37.31727],[-59.21685,-37.31782],[-59.21714,-37.31839],[-59.2174,-37.31908],[-59.21755,-37.3196],[-59.21766,-37.32022],[-59.21775,-37.32101],[-59.2178,-37.32332],[-59.21792,-37.32399],[-59.2181,-37.32448],[-59.21828,-37.3248],[-59.21849,-37.32507],[-59.21874,-37.3253],[-59.21903,-37.32549],[-59.21936,-37.32564],[-59.21977,-37.32575],[-59.22014,-37.32579],[-59.2206,-37.32576],[-59.22114,-37.32563],[-59.22195,-37.32532],[-59.2228,-37.3249],[-59.22369,-37.32438],[-59.22507,-37.32351],[-59.22846,-37.3212],[-59.23252,-37.31863],[-59.23343,-37.31795],[-59.23375,-37.31768],[-59.23416,-37.31727],[-59.23455,-37.31681],[-59.23575,-37.31518],[-59.23607,-37.31481],[-59.23643,-37.31447],[-59.23677,-37.3142],[-59.23732,-37.31386],[-59.23781,-37.31365],[-59.23825,-37.31352],[-59.23888,-37.31339],[-59.23952,-37.31333],[-59.24015,-37.31332],[-59.24071,-37.31335],[-59.24162,-37.31344],[-59.24249,-37.31358],[-59.24333,-37.31375],[-59.24437,-37.31399],[-59.2456,-37.31436],[-59.2464,-37.31465],[-59.24702,-37.31491],[-59.24806,-37.31538],[-59.25289,-37.31766],[-59.25384,-37.31808],[-59.25448,-37.31833],[-59.25535,-37.3186],[-59.25615,-37.31872],[-59.25692,-37.31873],[-59.25756,-37.31866],[-59.25812,-37.31854],[-59.25861,-37.31839],[-59.25914,-37.31817],[-59.25968,-37.31787],[-59.26018,-37.3175],[-59.26061,-37.3171],[-59.261,-37.31665],[-59.26177,-37.31571],[-59.26217,-37.31527],[-59.26253,-37.31494],[-59.26295,-37.31461],[-59.26339,-37.31431],[-59.26386,-37.31404],[-59.26624,-37.31285],[-59.26699,-37.31244],[-59.26749,-37.31213],[-59.26791,-37.31183],[-59.26858,-37.31132],[-59.2706,-37.30961],[-59.27128,-37.3091],[-59.27186,-37.30873],[-59.27235,-37.30844],[-59.27308,-37.30807],[-59.27367,-37.30781],[-59.27461,-37.30744],[-59.27566,-37.3071],[-59.27771,-37.30651],[-59.27874,-37.30618],[-59.27971,-37.30582],[-59.28152,-37.30503],[-59.28246,-37.30467],[-59.2832,-37.30444],[-59.28399,-37.30427],[-59.28491,-37.30416],[-59.28559,-37.30415],[-59.28621,-37.30419],[-59.28818,-37.30439],[-59.28904,-37.30439],[-59.28966,-37.30435],[-59.29068,-37.30421],[-59.29445,-37.30342],[-59.29525,-37.3033],[-59.29616,-37.30319],[-59.29726,-37.30314],[-59.29824,-37.30314],[-59.29933,-37.3032],[-59.30046,-37.30334],[-59.30102,-37.30347],[-59.30149,-37.30363],[-59.30188,-37.30385],[-59.30206,-37.304],[-59.30218,-37.30414],[-59.30228,-37.30432],[-59.30233,-37.30447],[-59.30237,-37.3048],[-59.30229,-37.30519],[-59.30213,-37.30556],[-59.30187,-37.30601],[-59.30148,-37.3065],[-59.30104,-37.30698],[-59.30032,-37.30763],[-59.2995,-37.30827],[-59.29882,-37.30875],[-59.29815,-37.30918],[-59.29717,-37.30975],[-59.29623,-37.31022],[-59.29534,-37.31062],[-59.29041,-37.31269],[-59.28533,-37.31501],[-59.28425,-37.31547],[-59.28344,-37.31578],[-59.28205,-37.31623],[-59.28077,-37.31653],[-59.2798,-37.31669],[-59.27709,-37.31704],[-59.27598,-37.31727],[-59.27518,-37.3175],[-59.27417,-37.31787],[-59.26984,-37.31959],[-59.26922,-37.31988],[-59.26873,-37.32013],[-59.26836,-37.32036],[-59.26791,-37.32067],[-59.26739,-37.32111],[-59.26685,-37.3217],[-59.26654,-37.32215],[-59.26637,-37.32245],[-59.26606,-37.3231],[-59.26563,-37.32424],[-59.26465,-37.32728],[-59.26397,-37.32952],[-59.26366,-37.33078],[-59.26352,-37.33172],[-59.2635,-37.33262],[-59.26353,-37.33306],[-59.2636,-37.33354],[-59.2637,-37.334],[-59.26383,-37.33443],[-59.26398,-37.33485],[-59.26416,-37.33526],[-59.26436,-37.3356],[-59.26454,-37.33588],[-59.2647,-37.33607],[-59.26502,-37.33636],[-59.26524,-37.3365],[-59.26558,-37.33663],[-59.26595,-37.33668],[-59.2663,-37.33665],[-59.26668,-37.33656],[-59.26722,-37.33636],[-59.26785,-37.33605],[-59.26987,-37.3349],[-59.27117,-37.33424],[-59.27307,-37.33339],[-59.27381,-37.33311],[-59.27443,-37.33292],[-59.27484,-37.33283],[-59.27543,-37.33278],[-59.2758,-37.3328],[-59.27618,-37.33288],[-59.27657,-37.33302],[-59.27698,-37.33327],[-59.27729,-37.33358],[-59.27746,-37.33384],[-59.27759,-37.33415],[-59.27766,-37.33451],[-59.27767,-37.33477],[-59.27766,-37.33508],[-59.27758,-37.33554],[-59.27735,-37.33632],[-59.27671,-37.338],[-59.27641,-37.33888],[-59.27622,-37.3396],[-59.27612,-37.34011],[-59.27603,-37.34081],[-59.276,-37.34147],[-59.27602,-37.34217],[-59.27612,-37.34299],[-59.27622,-37.34343],[-59.27643,-37.3441],[-59.27666,-37.34465],[-59.27684,-37.345],[-59.27737,-37.34587],[-59.27863,-37.34776],[-59.27899,-37.34836],[-59.2794,-37.34915],[-59.27979,-37.3501],[-59.28114,-37.354],[-59.28175,-37.35565],[-59.28214,-37.35661],[-59.28257,-37.35755],[-59.28292,-37.3582],[-59.28346,-37.35912],[-59.28433,-37.3605],[-59.28481,-37.36136],[-59.28522,-37.36227],[-59.28547,-37.36301],[-59.28559,-37.36355],[-59.28565,-37.36404],[-59.28565,-37.36449],[-59.28558,-37.36497],[-59.28548,-37.36537],[-59.28529,-37.36588],[-59.28472,-37.36719],[-59.28443,-37.36798],[-59.28431,-37.3684],[-59.28421,-37.36887],[-59.28415,-37.36928],[-59.28413,-37.36975],[-59.28414,-37.37005],[-59.28421,-37.37064],[-59.28439,-37.37131],[-59.28456,-37.37175],[-59.28477,-37.37219],[-59.28552,-37.37361],[-59.2857,-37.37413],[-59.28573,-37.37449],[-59.28567,-37.37477],[-59.2855,-37.37505],[-59.2853,-37.37523],[-59.28506,-37.37537],[-59.28472,-37.37549],[-59.28428,-37.37557],[-59.28368,-37.37557],[-59.28302,-37.3755],[-59.28216,-37.37532],[-59.28119,-37.37504],[-59.27927,-37.37436],[-59.27642,-37.3733],[-59.27545,-37.37298],[-59.27497,-37.37285],[-59.27421,-37.37272],[-59.27381,-37.37268],[-59.27332,-37.37267],[-59.27292,-37.37269],[-59.27247,-37.37275],[-59.27188,-37.37289],[-59.27161,-37.37299],[-59.27117,-37.37322],[-59.27085,-37.37344],[-59.2705,-37.37378],[-59.2702,-37.37418],[-59.26993,-37.37469],[-59.26978,-37.3751],[-59.26966,-37.3756],[-59.26962,-37.37594],[-59.26961,-37.37635],[-59.26968,-37.37698],[-59.26982,-37.37756],[-59.27034,-37.37936],[-59.27042,-37.37975],[-59.27047,-37.38025],[-59.27047,-37.3807],[-59.27041,-37.38105],[-59.27028,-37.38142],[-59.27011,-37.38171],[-59.26995,-37.38191],[-59.26979,-37.38205],[-59.26946,-37.38225],[-59.26927,-37.38233],[-59.26879,-37.38245],[-59.26825,-37.3825],[-59.26767,-37.38247],[-59.2669,-37.38234],[-59.26594,-37.38209],[-59.26504,-37.3818],[-59.26348,-37.3812],[-59.26276,-37.38087],[-59.26204,-37.38051],[-59.26096,-37.37987],[-59.26032,-37.37943],[-59.25955,-37.37887],[-59.25798,-37.3776],[-59.25647,-37.37626],[-59.25445,-37.3743],[-59.25272,-37.37267],[-59.25216,-37.37209],[-59.25187,-37.37173],[-59.25163,-37.37138],[-59.25141,-37.3709],[-59.2513,-37.37044],[-59.25129,-37.36999],[-59.25136,-37.36957],[-59.25156,-37.36906],[-59.25265,-37.36721],[-59.25289,-37.36669],[-59.25304,-37.36621],[-59.2531,-37.36575],[-59.25304,-37.36538],[-59.25301,-37.36529],[-59.25286,-37.36506],[-59.25266,-37.36489],[-59.25254,-37.36482],[-59.25211,-37.36465],[-59.25157,-37.36451],[-59.24747,-37.36369],[-59.24608,-37.36344],[-59.2429,-37.36292],[-59.24028,-37.36239],[-59.23867,-37.36202],[-59.23793,-37.36179],[-59.23746,-37.36162],[-59.23657,-37.36122],[-59.23589,-37.36085],[-59.23112,-37.35795],[-59.23045,-37.35751],[-59.22971,-37.35698],[-59.22789,-37.35552],[-59.22732,-37.3551],[-59.22687,-37.35481],[-59.22653,-37.35465],[-59.22614,-37.3545],[-59.22564,-37.35439],[-59.22517,-37.35437],[-59.22471,-37.35442],[-59.22429,-37.35453],[-59.22391,-37.35469],[-59.22337,-37.35502],[-59.22298,-37.35533],[-59.22205,-37.3562],[-59.22173,-37.35642],[-59.2214,-37.35654],[-59.22107,-37.35657],[-59.22094,-37.35655],[-59.22058,-37.35645],[-59.22024,-37.35629],[-59.21985,-37.35601],[-59.21922,-37.35543],[-59.21873,-37.35487],[-59.2184,-37.35446],[-59.21708,-37.35255],[-59.21638,-37.35163],[-59.21603,-37.35124],[-59.21558,-37.35081],[-59.2153,-37.35057],[-59.21478,-37.35022],[-59.21417,-37.3499],[-59.21355,-37.34966],[-59.2129,-37.34949],[-59.21224,-37.34938],[-59.21145,-37.34931],[-59.21073,-37.34932],[-59.20995,-37.34939],[-59.20944,-37.3495],[-59.20895,-37.34965],[-59.20849,-37.34987],[-59.20811,-37.35012],[-59.20773,-37.35043],[-59.2074,-37.35079],[-59.20702,-37.35133],[-59.20654,-37.35218],[-59.20601,-37.35339],[-59.20553,-37.35472],[-59.20521,-37.35578],[-59.20491,-37.35706],[-59.20471,-37.35827],[-59.20458,-37.35952],[-59.20449,-37.36109],[-59.20447,-37.36233],[-59.2045,-37.3636],[-59.20458,-37.36486],[-59.20477,-37.36647],[-59.20488,-37.36706],[-59.20501,-37.36759],[-59.20514,-37.36799],[-59.20536,-37.36847],[-59.20552,-37.36874],[-59.20578,-37.36908],[-59.20602,-37.36934],[-59.20631,-37.36959],[-59.20657,-37.36978],[-59.207,-37.37003],[-59.20774,-37.37033],[-59.20821,-37.37046],[-59.20998,-37.37087],[-59.21055,-37.37102],[-59.21111,-37.37121],[-59.21149,-37.37137],[-59.21208,-37.37169],[-59.2125,-37.37198],[-59.21285,-37.37228],[-59.21327,-37.37274],[-59.21367,-37.37333],[-59.21396,-37.37392],[-59.21416,-37.37455],[-59.21425,-37.37502],[-59.21427,-37.37553],[-59.21421,-37.37601],[-59.21413,-37.37632],[-59.21401,-37.37665],[-59.21383,-37.37701],[-59.2136,-37.37737],[-59.21338,-37.37767],[-59.21305,-37.37802],[-59.21267,-37.37835],[-59.21236,-37.37858],[-59.21197,-37.37882],[-59.21133,-37.37914],[-59.21068,-37.37936],[-59.21003,-37.3795],[-59.20927,-37.37958],[-59.2087,-37.37959],[-59.20815,-37.37957],[-59.20708,-37.37947],[-59.20197,-37.37883],[-59.19956,-37.37847],[-59.19868,-37.37838],[-59.19806,-37.37835],[-59.19735,-37.37839],[-59.19682,-37.37848],[-59.19638,-37.3786],[-59.19588,-37.37881],[-59.1956,-37.37895],[-59.19502,-37.37932],[-59.19419,-37.37999],[-59.1927,-37.38139],[-59.19141,-37.38268],[-59.19062,-37.38357],[-59.19035,-37.38394],[-59.19018,-37.38424],[-59.19007,-37.38454],[-59.19003,-37.38483],[-59.1901,-37.38521],[-59.19023,-37.38544],[-59.19045,-37.38571],[-59.19074,-37.38595],[-59.19105,-37.38617],[-59.19149,-37.38641],[-59.19196,-37.38663],[-59.19317,-37.3871],[-59.19567,-37.38795],[-59.19722,-37.3885],[-59.19858,-37.38905],[-59.20123,-37.39018],[-59.2023,-37.3906],[-59.20345,-37.39099],[-59.20589,-37.39173],[-59.2069,-37.39211],[-59.20749,-37.39239],[-59.20782,-37.39258],[-59.20815,-37.39281],[-59.2084,-37.39305],[-59.20861,-37.39337],[-59.20869,-37.39363],[-59.20869,-37.39393],[-59.2086,-37.39423],[-59.20841,-37.39454],[-59.20802,-37.39492],[-59.20762,-37.39519],[-59.20706,-37.39547],[-59.20661,-37.39563],[-59.206,-37.39578],[-59.20545,-37.39588],[-59.20352,-37.39615],[-59.20292,-37.39627],[-59.20226,-37.39644],[-59.20148,-37.39669],[-59.2009,-37.39691],[-59.19698,-37.39846],[-59.19604,-37.39886],[-59.19513,-37.39933],[-59.19438,-37.39981],[-59.19287,-37.40088],[-59.19243,-37.40114],[-59.19175,-37.40144],[-59.19102,-37.40162],[-59.1904,-37.40167],[-59.18972,-37.40164],[-59.18899,-37.40153],[-59.18824,-37.40134],[-59.18694,-37.40091],[-59.1837,-37.39962],[-59.18274,-37.39931],[-59.18219,-37.39917],[-59.18143,-37.39905],[-59.18098,-37.39903],[-59.18059,-37.39906],[-59.18004,-37.39918],[-59.17981,-37.39927],[-59.17942,-37.39947],[-59.17898,-37.39979],[-59.17855,-37.40019],[-59.17796,-37.40087],[-59.17646,-37.4028],[-59.17596,-37.40335],[-59.1755,-37.4038],[-59.17472,-37.40444],[-59.17421,-37.40478],[-59.17359,-37.40514],[-59.17286,-37.40548],[-59.17212,-37.40576],[-59.17154,-37.40592],[-59.17081,-37.40607],[-59.16999,-37.40617],[-59.16944,-37.4062],[-59.16726,-37.4062],[-59.16633,-37.40624],[-59.16529,-37.40638],[-59.16476,-37.4065],[-59.16422,-37.40666],[-59.1635,-37.40691],[-59.16281,-37.40721],[-59.16218,-37.40756],[-59.16158,-37.40795],[-59.1611,-37.40834],[-59.16066,-37.40878],[-59.1603,-37.40924],[-59.15997,-37.40974],[-59.15966,-37.41035],[-59.15946,-37.41083],[-59.15887,-37.41234],[-59.15854,-37.41314],[-59.15715,-37.41599],[-59.15653,-37.41735],[-59.1561,-37.41841],[-59.15579,-37.41932],[-59.15564,-37.41999],[-59.15557,-37.42048],[-59.15557,-37.42107],[-59.15565,-37.42157],[-59.15582,-37.42202],[-59.15601,-37.42233],[-59.15624,-37.4226],[-59.15654,-37.42284],[-59.15706,-37.42312],[-59.15776,-37.42336],[-59.16008,-37.42388],[-59.16246,-37.42448],[-59.16372,-37.42473],[-59.16466,-37.42486],[-59.16567,-37.42494],[-59.16867,-37.42502],[-59.16997,-37.42509],[-59.17126,-37.42525],[-59.1726,-37.42552],[-59.17379,-37.42586],[-59.1749,-37.42626],[-59.17593,-37.42671],[-59.17845,-37.42791],[-59.17933,-37.42828],[-59.1801,-37.42854],[-59.18092,-37.42873],[-59.18149,-37.42881],[-59.18195,-37.42883],[-59.18255,-37.42883],[-59.18331,-37.42878],[-59.18437,-37.42863],[-59.18698,-37.42816],[-59.18816,-37.42803],[-59.18885,-37.42802],[-59.18937,-37.42807],[-59.18993,-37.42821],[-59.1902,-37.42831],[-59.19052,-37.42847],[-59.19075,-37.42862],[-59.19102,-37.42884],[-59.1913,-37.42915],[-59.19157,-37.42956],[-59.19173,-37.42988],[-59.1919,-37.43031],[-59.19251,-37.43235],[-59.19275,-37.43295],[-59.19302,-37.43353],[-59.19334,-37.43411],[-59.19385,-37.43494],[-59.1955,-37.43728],[-59.19589,-37.43789],[-59.19609,-37.43828],[-59.19628,-37.43872],[-59.19644,-37.43933],[-59.19647,-37.43958],[-59.19648,-37.44009],[-59.19643,-37.44047],[-59.1963,-37.44101],[-59.19613,-37.44153],[-59.19586,-37.44217],[-59.19563,-37.44265],[-59.19525,-37.44334],[-59.19481,-37.44401],[-59.1942,-37.44476],[-59.19351,-37.4455],[-59.1921,-37.44687],[-59.19161,-37.44744],[-59.19121,-37.44802],[-59.19092,-37.44865],[-59.19082,-37.449],[-59.19071,-37.44959],[-59.19069,-37.45036],[-59.19076,-37.45111],[-59.19112,-37.4531],[-59.19115,-37.45351],[-59.19113,-37.45403],[-59.19104,-37.45452],[-59.19084,-37.45499],[-59.19058,-37.45537],[-59.19033,-37.45562],[-59.19002,-37.45585],[-59.18962,-37.45606],[-59.18902,-37.45628],[-59.18842,-37.45641],[-59.18748,-37.45654],[-59.18568,-37.4567],[-59.18461,-37.45677],[-59.18355,-37.4568],[-59.1829,-37.45677],[-59.18224,-37.45672],[-59.18122,-37.45656],[-59.18023,-37.45631],[-59.17834,-37.45572],[-59.17753,-37.45554],[-59.17722,-37.4555],[-59.17681,-37.45549],[-59.17636,-37.45554],[-59.17592,-37.45566],[-59.17566,-37.45578],[-59.1754,-37.45594],[-59.17492,-37.45636],[-59.17446,-37.45689],[-59.17354,-37.45815],[-59.17312,-37.45868],[-59.17259,-37.45928],[-59.17203,-37.45983],[-59.17111,-37.46063],[-59.16873,-37.46245],[-59.16805,-37.46304],[-59.16775,-37.46334],[-59.16728,-37.4639],[-59.16689,-37.46449],[-59.16664,-37.46505],[-59.1665,-37.46557],[-59.16648,-37.46575],[-59.1665,-37.4663],[-59.16661,-37.46675],[-59.16683,-37.46717],[-59.16713,-37.46752],[-59.16744,-37.46778],[-59.16796,-37.46808],[-59.16832,-37.46823],[-59.16885,-37.46839],[-59.16991,-37.46859],[-59.17302,-37.46892],[-59.17389,-37.46904],[-59.17514,-37.46928],[-59.17616,-37.46955],[-59.17701,-37.46982],[-59.17764,-37.47005],[-59.18079,-37.47135],[-59.18209,-37.47181],[-59.18288,-37.47204],[-59.18367,-37.47223],[-59.18665,-37.4728],[-59.18755,-37.47299],[-59.1884,-37.47321],[-59.18922,-37.47348],[-59.1902,-37.47388],[-59.19108,-37.47435],[-59.1916,-37.4747],[-59.19199,-37.47501],[-59.19237,-37.47534],[-59.19297,-37.47597],[-59.19344,-37.47657],[-59.1938,-37.47714],[-59.19399,-37.47751],[-59.19413,-37.47788],[-59.19423,-37.47826],[-59.19428,-37.47864],[-59.19425,-37.47911],[-59.19417,-37.47942],[-59.19403,-37.47975],[-59.19382,-37.48007],[-59.19351,-37.48039],[-59.19303,-37.48073],[-59.19261,-37.48094],[-59.19205,-37.48113],[-59.19152,-37.48126],[-59.19102,-37.48135],[-59.18849,-37.48166],[-59.18758,-37.4818],[-59.18656,-37.48206],[-59.18599,-37.48226],[-59.18563,-37.48242],[-59.18538,-37.48256],[-59.18499,-37.48285],[-59.18479,-37.48306],[-59.18466,-37.48323],[-59.18453,-37.48346],[-59.18443,-37.48379],[-59.1844,-37.48417],[-59.18443,-37.48451],[-59.18453,-37.48485],[-59.1847,-37.48523],[-59.18497,-37.48564],[-59.18541,-37.48609],[-59.18582,-37.48639],[-59.18647,-37.48677],[-59.18866,-37.48777],[-59.1896,-37.48825],[-59.19049,-37.48878],[-59.19094,-37.48909],[-59.19154,-37.48957],[-59.192,-37.48997],[-59.19249,-37.49047],[-59.19283,-37.49086],[-59.19325,-37.49142],[-59.19362,-37.49196],[-59.19398,-37.49256],[-59.1949,-37.49427],[-59.19525,-37.49485],[-59.19557,-37.49531],[-59.19597,-37.49577],[-59.19655,-37.49627],[-59.19692,-37.49653],[-59.19744,-37.49683],[-59.19814,-37.49717],[-59.19987,-37.49791],[-59.20032,-37.49814],[-59.20074,-37.4984],[-59.2011,-37.49868],[-59.20134,-37.49894],[-59.20152,-37.4992],[-59.20164,-37.49952],[-59.20169,-37.49985],[-59.20167,-37.50015],[-59.20163,-37.50032],[-59.2015,-37.50066],[-59.20118,-37.50115],[-59.20075,-37.50163],[-59.20024,-37.50207],[-59.19964,-37.50252],[-59.19882,-37.50304],[-59.19794,-37.50353],[-59.19664,-37.50416],[-59.19572,-37.50455],[-59.19278,-37.5057],[-59.19116,-37.50642],[-59.18658,-37.50874],[-59.18283,-37.51044],[-59.18223,-37.51076],[-59.18172,-37.51111],[-59.18126,-37.51154],[-59.18092,-37.51198],[-59.18066,-37.51246],[-59.18049,-37.51289],[-59.18037,-37.51333],[-59.18031,-37.51368],[-59.18029,-37.51399],[-59.18032,-37.51446],[-59.18044,-37.51493],[-59.18066,-37.51535],[-59.1809,-37.51563],[-59.18118,-37.51586],[-59.1816,-37.51609],[-59.182,-37.51625],[-59.18254,-37.51638],[-59.18339,-37.51652],[-59.18482,-37.51664],[-59.18652,-37.51668],[-59.18891,-37.51662],[-59.19135,-37.51644],[-59.19618,-37.51595],[-59.19736,-37.51589],[-59.19841,-37.51587],[-59.19956,-37.51591],[-59.20071,-37.516],[-59.20422,-37.51644],[-59.20567,-37.51659],[-59.20908,-37.51679],[-59.21009,-37.5169],[-59.21077,-37.51703],[-59.21167,-37.51728],[-59.2122,-37.51748],[-59.21258,-37.51765],[-59.21314,-37.51795],[-59.21381,-37.51841],[-59.21431,-37.51882],[-59.2148,-37.51929],[-59.21532,-37.51988],[-59.21623,-37.52096],[-59.21683,-37.52159],[-59.2174,-37.52207],[-59.21804,-37.52249],[-59.21853,-37.52274],[-59.21902,-37.52296],[-59.21967,-37.5232],[-59.22052,-37.52345],[-59.2224,-37.52391],[-59.22334,-37.52423],[-59.22372,-37.5244],[-59.2241,-37.5246],[-59.2245,-37.52486],[-59.22501,-37.52525],[-59.22559,-37.52578],[-59.22614,-37.52636],[-59.22679,-37.52712],[-59.22752,-37.52802],[-59.22889,-37.52974],[-59.22954,-37.5306],[-59.23016,-37.5315],[-59.23064,-37.53226],[-59.23104,-37.53294],[-59.23149,-37.53378],[-59.23178,-37.53441],[-59.23196,-37.53493],[-59.23208,-37.53547],[-59.2321,-37.53588],[-59.23205,-37.53638],[-59.23194,-37.53679],[-59.23175,-37.53724],[-59.23148,-37.53769],[-59.23129,-37.53796],[-59.23085,-37.53847],[-59.23034,-37.53895],[-59.22989,-37.53934],[-59.22883,-37.54014],[-59.22658,-37.54166],[-59.22476,-37.5428],[-59.22337,-37.54359],[-59.2202,-37.54523],[-59.21928,-37.54579],[-59.21857,-37.54629],[-59.21804,-37.54678],[-59.21767,-37.54725],[-59.21745,-37.5477],[-59.21737,-37.54804],[-59.21735,-37.54826],[-59.21739,-37.54855],[-59.21751,-37.54886],[-59.21764,-37.54903],[-59.21777,-37.54918],[-59.2181,-37.54941],[-59.21861,-37.54965],[-59.21964,-37.55002],[-59.22016,-37.55022],[-59.22083,-37.55057],[-59.22161,-37.5511],[-59.22321,-37.55241],[-59.22363,-37.5527],[-59.22411,-37.55299],[-59.22443,-37.55315],[-59.22487,-37.55333],[-59.22538,-37.55348],[-59.22598,-37.5536],[-59.2267,-37.55367],[-59.22742,-37.55367],[-59.23,-37.55356],[-59.23085,-37.55355],[-59.23162,-37.55358],[-59.2332,-37.55371],[-59.23591,-37.55405],[-59.23733,-37.55415],[-59.23806,-37.55415],[-59.23876,-37.55411],[-59.23939,-37.55402],[-59.23998,-37.55389],[-59.24067,-37.55365],[-59.2412,-37.55339],[-59.24173,-37.55305],[-59.24215,-37.5527],[-59.24258,-37.55227],[-59.24288,-37.55192],[-59.24321,-37.55145],[-59.24416,-37.54996],[-59.24454,-37.54946],[-59.24484,-37.54915],[-59.24515,-37.54889],[-59.24549,-37.54866],[-59.24579,-37.5485],[-59.2464,-37.54828],[-59.24714,-37.54812],[-59.24944,-37.54786],[-59.25039,-37.5477],[-59.25168,-37.5474],[-59.25309,-37.54702],[-59.25421,-37.54664],[-59.25508,-37.54626],[-59.25578,-37.5459],[-59.25727,-37.54506],[-59.2581,-37.54465],[-59.25851,-37.54449],[-59.25893,-37.54436],[-59.25936,-37.54427],[-59.25989,-37.54423],[-59.26045,-37.54427],[-59.26101,-37.5444],[-59.26154,-37.54462],[-59.26196,-37.54487],[-59.2624,-37.54523],[-59.26283,-37.54567],[-59.26467,-37.54788],[-59.26539,-37.54863],[-59.26605,-37.54922],[-59.26647,-37.54955],[-59.26683,-37.54979],[-59.26724,-37.55002],[-59.26794,-37.55033],[-59.26857,-37.55051],[-59.26922,-37.55063],[-59.2699,-37.55069],[-59.27041,-37.5507],[-59.27233,-37.55069],[-59.27287,-37.55071],[-59.27351,-37.55076],[-59.27434,-37.55089],[-59.27494,-37.55102],[-59.27596,-37.55132],[-59.27888,-37.55243],[-59.27989,-37.55275],[-59.28043,-37.55289],[-59.28103,-37.55301],[-59.28175,-37.55311],[-59.28254,-37.55317],[-59.2835,-37.55319],[-59.28479,-37.55318],[-59.28587,-37.55316],[-59.28667,-37.55311],[-59.2876,-37.55302],[-59.28885,-37.55285],[-59.29329,-37.55214],[-59.29424,-37.55202],[-59.29507,-37.55196],[-59.29581,-37.55196],[-59.29692,-37.55203],[-59.29773,-37.55213],[-59.29894,-37.55236],[-59.30073,-37.5528],[-59.30228,-37.55328],[-59.30541,-37.55441],[-59.30615,-37.55463],[-59.30674,-37.55478],[-59.30755,-37.55492],[-59.30846,-37.555],[-59.30921,-37.55501],[-59.31014,-37.55494],[-59.31091,-37.55482],[-59.31183,-37.5546],[-59.31286,-37.55427],[-59.31409,-37.55382],[-59.3152,-37.55337],[-59.31619,-37.5529],[-59.31855,-37.55158],[-59.31932,-37.5512],[-59.31985,-37.55098],[-59.3202,-37.55087],[-59.32056,-37.55078],[-59.32105,-37.5507],[-59.32146,-37.55067],[-59.32197,-37.55068],[-59.32249,-37.55075],[-59.32293,-37.55086],[-59.32379,-37.55115],[-59.32598,-37.55207],[-59.32673,-37.55231],[-59.32739,-37.55247],[-59.32806,-37.55256],[-59.32881,-37.55258],[-59.32944,-37.55252],[-59.33002,-37.55238],[-59.3305,-37.55218],[-59.33088,-37.55198],[-59.33121,-37.55174],[-59.33156,-37.55143],[-59.33211,-37.55079],[-59.33331,-37.54903],[-59.33392,-37.54826],[-59.33426,-37.54792],[-59.33481,-37.54747],[-59.3352,-37.54723],[-59.33555,-37.54705],[-59.33591,-37.54692],[-59.3363,-37.54683],[-59.33683,-37.54679],[-59.33728,-37.54683],[-59.33772,-37.54692],[-59.33949,-37.54746],[-59.34003,-37.54758],[-59.34045,-37.54765],[-59.34098,-37.54769],[-59.34164,-37.54768],[-59.34214,-37.54762],[-59.34267,-37.54751],[-59.34313,-37.54739],[-59.34367,-37.5472],[-59.34424,-37.54697],[-59.34469,-37.54675],[-59.34517,-37.54649],[-59.34589,-37.54602],[-59.34752,-37.54479],[-59.34813,-37.54438],[-59.34843,-37.54421],[-59.34884,-37.54401],[-59.34924,-37.54387],[-59.34974,-37.54375],[-59.35021,-37.5437],[-59.35069,-37.5437],[-59.35119,-37.54374],[-59.35189,-37.54386],[-59.35244,-37.54399],[-59.35323,-37.54426],[-59.35402,-37.54459],[-59.35559,-37.5453],[-59.35667,-37.5457],[-59.35736,-37.54587],[-59.35787,-37.54592],[-59.35838,-37.54589],[-59.35869,-37.5458],[-59.35901,-37.54565],[-59.35922,-37.5455],[-59.35939,-37.54533],[-59.35958,-37.5451],[-59.35975,-37.54482],[-59.35993,-37.54441],[-59.36014,-37.54372],[-59.36023,-37.54318],[-59.36028,-37.54257],[-59.36034,-37.54127],[-59.36039,-37.54082],[-59.36047,-37.54043],[-59.36062,-37.53991],[-59.3607,-37.5397],[-59.36091,-37.53931],[-59.36116,-37.53897],[-59.36142,-37.53868],[-59.36178,-37.5384],[-59.36215,-37.53817],[-59.36262,-37.53796],[-59.36315,-37.53779],[-59.36374,-37.53768],[-59.3643,-37.53762],[-59.36498,-37.5376],[-59.36585,-37.53765],[-59.36669,-37.53775],[-59.36774,-37.53793],[-59.36999,-37.53837],[-59.3712,-37.53859],[-59.3748,-37.53905],[-59.37525,-37.53914],[-59.37593,-37.53932],[-59.37636,-37.53947],[-59.37698,-37.53974],[-59.37753,-37.54003],[-59.37813,-37.5404],[-59.37911,-37.5411],[-59.3806,-37.54231],[-59.38124,-37.5428],[-59.38185,-37.54319],[-59.38239,-37.54348],[-59.38276,-37.54363],[-59.38321,-37.54378],[-59.38394,-37.54396],[-59.3844,-37.54403],[-59.38618,-37.54422],[-59.38715,-37.5444],[-59.38772,-37.54458],[-59.38804,-37.5447],[-59.38845,-37.5449],[-59.38884,-37.54513],[-59.38923,-37.5454],[-59.38965,-37.54574],[-59.39069,-37.5467],[-59.39107,-37.54711],[-59.3914,-37.54751],[-59.39168,-37.54789],[-59.3919,-37.54828],[-59.3921,-37.54869],[-59.39227,-37.54916],[-59.39241,-37.54974],[-59.39248,-37.55019],[-59.39253,-37.55103],[-59.39243,-37.55305],[-59.39244,-37.55354],[-59.39249,-37.55403],[-59.39261,-37.55449],[-59.39267,-37.55464],[-59.39291,-37.55509],[-59.39307,-37.5553],[-59.3934,-37.55564],[-59.39365,-37.55583],[-59.39402,-37.55606],[-59.39445,-37.55626],[-59.39478,-37.55637],[-59.39548,-37.55654],[-59.39611,-37.55662],[-59.3967,-37.55664],[-59.39732,-37.55663],[-59.39795,-37.55658],[-59.39878,-37.55647],[-59.39959,-37.55631],[-59.40034,-37.55614],[-59.40219,-37.55562],[-59.4038,-37.55508],[-59.40486,-37.55465],[-59.40741,-37.55345],[-59.40845,-37.55303],[-59.40909,-37.55282],[-59.40967,-37.55266],[-59.41081,-37.55242],[-59.41157,-37.55232],[-59.41232,-37.55227],[-59.41325,-37.55228],[-59.41423,-37.55241],[-59.41483,-37.55255],[-59.41545,-37.55274],[-59.41591,-37.55293],[-59.41641,-37.55316],[-59.41687,-37.55343],[-59.41731,-37.55372],[-59.41773,-37.55404],[-59.41813,-37.55438],[-59.41857,-37.5548],[-59.419,-37.55528],[-59.41971,-37.55621],[-59.42007,-37.55676],[-59.42049,-37.55747],[-59.42105,-37.55853],[-59.42245,-37.56146],[-59.42277,-37.56204],[-59.42313,-37.5626],[-59.42357,-37.56316],[-59.42392,-37.56351],[-59.42446,-37.56394],[-59.42493,-37.56425],[-59.42538,-37.56452],[-59.42618,-37.56493],[-59.42672,-37.56518],[-59.42744,-37.56549],[-59.42828,-37.5658],[-59.42922,-37.56611],[-59.42992,-37.5663],[-59.4311,-37.56655],[-59.43174,-37.56664],[-59.43242,-37.5667],[-59.43335,-37.56674],[-59.43456,-37.56672],[-59.43754,-37.56655],[-59.4383,-37.56655],[-59.43908,-37.56658],[-59.4402,-37.5667],[-59.44134,-37.5669],[-59.44207,-37.56706],[-59.44272,-37.56725],[-59.44336,-37.56748],[-59.44397,-37.56776],[-59.4445,-37.56807],[-59.44516,-37.5686],[-59.44573,-37.56918],[-59.44759,-37.57138],[-59.44851,-37.57236],[-59.44891,-37.57273],[-59.44944,-37.57318],[-59.4499,-37.57351],[-59.45071,-37.57403],[-59.45174,-37.57457],[-59.45286,-37.57506],[-59.45422,-37.57554],[-59.45667,-37.57629],[-59.45823,-37.57683],[-59.46119,-37.57797],[-59.46302,-37.57873],[-59.46447,-37.5794],[-59.46583,-37.58011],[-59.4671,-37.58087],[-59.46835,-37.58173],[-59.46883,-37.5821],[-59.46969,-37.58283],[-59.47065,-37.58374],[-59.47172,-37.58488],[-59.47216,-37.58539],[-59.47282,-37.58622],[-59.4739,-37.58776],[-59.47568,-37.59052],[-59.4765,-37.59188],[-59.47784,-37.59429],[-59.47859,-37.59559],[-59.47986,-37.59759],[-59.48122,-37.59962],[-59.48256,-37.60147],[-59.48362,-37.60278],[-59.48442,-37.60363],[-59.48487,-37.60402],[-59.48544,-37.60443],[-59.48616,-37.60483],[-59.487,-37.60516],[-59.48809,-37.60544],[-59.48934,-37.60565],[-59.49044,-37.60578],[-59.49182,-37.60587],[-59.49508,-37.60595],[-59.49628,-37.606],[-59.49739,-37.60612],[-59.49812,-37.60626],[-59.49883,-37.60644],[-59.4992,-37.60657],[-59.49975,-37.60679],[-59.50023,-37.60704],[-59.50067,-37.60732],[-59.50125,-37.60778],[-59.50184,-37.6084],[-59.5023,-37.60902],[-59.50267,-37.60965],[-59.50299,-37.61031],[-59.50325,-37.61097],[-59.50345,-37.61159],[-59.50399,-37.6134],[-59.50429,-37.61434],[-59.50535,-37.61701],[-59.5056,-37.61773],[-59.50573,-37.61823],[-59.50584,-37.61876],[-59.50593,-37.61941],[-59.50597,-37.62013],[-59.50593,-37.6208],[-59.50583,-37.62144],[-59.50566,-37.62203],[-59.50542,-37.62259],[-59.5051,-37.62311],[-59.50492,-37.62334],[-59.50462,-37.62364],[-59.50425,-37.62393],[-59.50382,-37.62419],[-59.50326,-37.62443],[-59.50253,-37.62465],[-59.50197,-37.62476],[-59.50079,-37.62492],[-59.49983,-37.62499],[-59.4986,-37.62503],[-59.49749,-37.625],[-59.49663,-37.62493],[-59.49537,-37.62473],[-59.49455,-37.62454],[-59.4937,-37.62429],[-59.49128,-37.62345],[-59.49042,-37.62318],[-59.48978,-37.62303],[-59.48939,-37.62298],[-59.48907,-37.62298],[-59.48877,-37.62302],[-59.48854,-37.6231],[-59.48836,-37.62322],[-59.48826,-37.62333],[-59.48818,-37.62346],[-59.48813,-37.62362],[-59.48812,-37.6239],[-59.48815,-37.62408],[-59.48828,-37.62447],[-59.48851,-37.62492],[-59.4889,-37.62546],[-59.48919,-37.62578],[-59.48963,-37.62619],[-59.49022,-37.62664],[-59.49069,-37.62695],[-59.49139,-37.62734],[-59.49249,-37.62787],[-59.49382,-37.6284],[-59.49502,-37.62882],[-59.49905,-37.63017],[-59.5003,-37.63063],[-59.50167,-37.63116],[-59.50318,-37.63182],[-59.50414,-37.63228],[-59.50543,-37.63299],[-59.5061,-37.6334],[-59.50684,-37.63393],[-59.50731,-37.63433],[-59.50791,-37.63495],[-59.50829,-37.63547],[-59.5086,-37.63605],[-59.50868,-37.6363],[-59.50879,-37.63671],[-59.50883,-37.63726],[-59.50877,-37.63781],[-59.50858,-37.63839],[-59.5084,-37.63875],[-59.50817,-37.63909],[-59.50789,-37.63944],[-59.50736,-37.63997],[-59.50575,-37.64131],[-59.50495,-37.64205],[-59.50463,-37.6424],[-59.50417,-37.64295],[-59.50293,-37.64468],[-59.50223,-37.64555],[-59.50184,-37.64597],[-59.5012,-37.64654],[-59.50076,-37.64687],[-59.5003,-37.64716],[-59.49992,-37.64737],[-59.49945,-37.64759],[-59.49889,-37.64779],[-59.49826,-37.64796],[-59.49727,-37.64814],[-59.49518,-37.6484],[-59.49459,-37.6485],[-59.49359,-37.64873],[-59.49271,-37.649],[-59.4909,-37.64963],[-59.48975,-37.64999],[-59.48539,-37.65117],[-59.48463,-37.65142],[-59.48369,-37.6518],[-59.48317,-37.65206],[-59.48269,-37.65235],[-59.4823,-37.65265],[-59.48199,-37.65293],[-59.48171,-37.65326],[-59.48147,-37.65359],[-59.4805,-37.65526],[-59.48014,-37.65575],[-59.47976,-37.65616],[-59.47953,-37.65636],[-59.47886,-37.65682],[-59.47808,-37.65722],[-59.47703,-37.65761],[-59.47636,-37.6578],[-59.47366,-37.65851],[-59.46882,-37.65995],[-59.46756,-37.66036],[-59.46671,-37.6607],[-59.46578,-37.66118],[-59.46522,-37.66154],[-59.46482,-37.66182],[-59.46387,-37.66257],[-59.46217,-37.66402],[-59.46105,-37.66486],[-59.46013,-37.66543],[-59.45971,-37.66564],[-59.45908,-37.66591],[-59.45836,-37.66616],[-59.45774,-37.66631],[-59.45706,-37.66643],[-59.45635,-37.66651],[-59.45563,-37.66653],[-59.45489,-37.66649],[-59.45416,-37.66641],[-59.45342,-37.66627],[-59.45267,-37.66606],[-59.4521,-37.66586],[-59.45132,-37.66553],[-59.45084,-37.6653],[-59.44969,-37.66465],[-59.44731,-37.66316],[-59.44675,-37.66286],[-59.44632,-37.66266],[-59.44593,-37.66253],[-59.44565,-37.66247],[-59.4454,-37.66244],[-59.44502,-37.66248],[-59.44472,-37.66262],[-59.4445,-37.66279],[-59.44435,-37.66299],[-59.44422,-37.66323],[-59.44411,-37.66351],[-59.44404,-37.66387],[-59.444,-37.6642],[-59.44398,-37.66493],[-59.44403,-37.66553],[-59.44415,-37.66643],[-59.44472,-37.66939],[-59.445,-37.67111],[-59.44514,-37.67249],[-59.44516,-37.67327],[-59.44515,-37.67378],[-59.44506,-37.67453],[-59.44492,-37.675],[-59.44481,-37.67524],[-59.4446,-37.67556],[-59.44447,-37.67571],[-59.44427,-37.67586],[-59.44405,-37.67597],[-59.44371,-37.67606],[-59.44335,-37.67607],[-59.44299,-37.67602],[-59.44264,-37.67592],[-59.44227,-37.67577],[-59.44189,-37.67559],[-59.44084,-37.67497],[-59.43617,-37.67184],[-59.43212,-37.66891],[-59.43062,-37.66775],[-59.42862,-37.66599],[-59.42786,-37.66539],[-59.42734,-37.66505],[-59.42687,-37.66483],[-59.42647,-37.6647],[-59.42614,-37.66464],[-59.42587,-37.66465],[-59.4257,-37.66468],[-59.4255,-37.66475],[-59.42534,-37.66485],[-59.42514,-37.66505],[-59.42502,-37.66524],[-59.42482,-37.66575],[-59.42471,-37.66633],[-59.42466,-37.66703],[-59.42466,-37.66972],[-59.42459,-37.67077],[-59.42452,-37.6713],[-59.42439,-37.67181],[-59.42424,-37.67225],[-59.42403,-37.67267],[-59.4238,-37.673],[-59.42351,-37.6733],[-59.42308,-37.67361],[-59.42258,-37.67382],[-59.42217,-37.67391],[-59.42167,-37.67395],[-59.4211,-37.67391],[-59.42057,-37.6738],[-59.42016,-37.67368],[-59.41953,-37.67344],[-59.4186,-37.67298],[-59.4177,-37.67246],[-59.41546,-37.67106],[-59.41465,-37.67062],[-59.41412,-37.67038],[-59.41363,-37.67018],[-59.41307,-37.66999],[-59.41249,-37.66984],[-59.41002,-37.66937],[-59.40943,-37.66923],[-59.409,-37.66909],[-59.40826,-37.66878],[-59.40783,-37.66853],[-59.40747,-37.66827],[-59.40715,-37.66798],[-59.40686,-37.66766],[-59.4066,-37.6673],[-59.4063,-37.66674],[-59.40611,-37.66618],[-59.40599,-37.66568],[-59.40591,-37.66505],[-59.40579,-37.66312],[-59.40566,-37.66212],[-59.40544,-37.66119],[-59.40501,-37.65982],[-59.40448,-37.65843],[-59.40403,-37.6575],[-59.40383,-37.65716],[-59.40358,-37.65684],[-59.40318,-37.65649],[-59.40295,-37.65637],[-59.40278,-37.65633],[-59.40261,-37.6563],[-59.40238,-37.6563],[-59.40214,-37.65635],[-59.40192,-37.65641],[-59.40146,-37.65666],[-59.40118,-37.65688],[-59.40083,-37.65721],[-59.39973,-37.65849],[-59.39932,-37.65891],[-59.39884,-37.65928],[-59.39857,-37.65942],[-59.39838,-37.65949],[-59.39806,-37.65956],[-59.39782,-37.65956],[-59.39765,-37.65952],[-59.39742,-37.65943],[-59.39714,-37.65925],[-59.397,-37.65912],[-59.39664,-37.65867],[-59.39641,-37.65824],[-59.39619,-37.65775],[-59.39532,-37.65527],[-59.39412,-37.65237],[-59.39291,-37.64928],[-59.39265,-37.64869],[-59.39217,-37.64771],[-59.39088,-37.64534],[-59.39047,-37.64441],[-59.39027,-37.64381],[-59.39009,-37.64306],[-59.39003,-37.64249],[-59.39001,-37.64187],[-59.39004,-37.64132],[-59.39012,-37.64075],[-59.39029,-37.63993],[-59.39046,-37.63931],[-59.39127,-37.63672],[-59.39196,-37.63439],[-59.39217,-37.63377],[-59.39246,-37.63304],[-59.39275,-37.63243],[-59.39312,-37.63178],[-59.3935,-37.6312],[-59.39389,-37.63069],[-59.39467,-37.62981],[-59.39612,-37.62838],[-59.39645,-37.62803],[-59.39676,-37.62763],[-59.397,-37.62717],[-59.39708,-37.6269],[-59.39712,-37.6265],[-59.39705,-37.62609],[-59.39695,-37.62579],[-59.39681,-37.62549],[-59.39661,-37.62515],[-59.3962,-37.62464],[-59.39565,-37.62412],[-59.39533,-37.6239],[-59.395,-37.6237],[-59.39449,-37.62348],[-59.39406,-37.62337],[-59.39377,-37.62332],[-59.39315,-37.62328],[-59.39155,-37.6233],[-59.39106,-37.62328],[-59.39039,-37.6232],[-59.39006,-37.62313],[-59.38959,-37.623],[-59.38923,-37.62286],[-59.3888,-37.62265],[-59.3884,-37.62241],[-59.38801,-37.62213],[-59.38763,-37.62181],[-59.38731,-37.62149],[-59.38691,-37.62107],[-59.38658,-37.62066],[-59.38596,-37.61979],[-59.38539,-37.61883],[-59.38493,-37.61787],[-59.38455,-37.61695],[-59.38386,-37.61505],[-59.38331,-37.61331],[-59.38295,-37.61194],[-59.38196,-37.60785],[-59.38166,-37.60676],[-59.38143,-37.60621],[-59.38121,-37.60589],[-59.38102,-37.60576],[-59.38078,-37.60575],[-59.38064,-37.60582],[-59.3805,-37.60595],[-59.38029,-37.60628],[-59.3801,-37.60681],[-59.37994,-37.60762],[-59.37986,-37.60842],[-59.37964,-37.61144],[-59.37913,-37.61604],[-59.37907,-37.61697],[-59.37908,-37.61777],[-59.37914,-37.61839],[-59.37923,-37.61889],[-59.37995,-37.62179],[-59.38006,-37.62234],[-59.38017,-37.62306],[-59.38024,-37.62383],[-59.38025,-37.62475],[-59.38014,-37.62675],[-59.38013,-37.62736],[-59.38015,-37.62786],[-59.38026,-37.62869],[-59.38041,-37.62936],[-59.38072,-37.63033],[-59.3811,-37.63127],[-59.38191,-37.63315],[-59.38226,-37.6341],[-59.38242,-37.63466],[-59.38252,-37.63509],[-59.38261,-37.63563],[-59.38267,-37.63649],[-59.38266,-37.63688],[-59.38261,-37.63733],[-59.38248,-37.63797],[-59.38222,-37.63872],[-59.38205,-37.63907],[-59.3818,-37.63947],[-59.38152,-37.63983],[-59.38122,-37.64013],[-59.38089,-37.64039],[-59.38052,-37.64062],[-59.38001,-37.64085],[-59.37946,-37.641],[-59.37897,-37.64109],[-59.37803,-37.64116],[-59.37606,-37.64116],[-59.37506,-37.6412],[-59.37441,-37.64128],[-59.37398,-37.64136],[-59.37321,-37.64156],[-59.37268,-37.64178],[-59.37231,-37.64199],[-59.37195,-37.64227],[-59.37181,-37.6424],[-59.37155,-37.64274],[-59.37138,-37.64308],[-59.3713,-37.64337],[-59.37128,-37.64363],[-59.37134,-37.64397],[-59.37142,-37.64416],[-59.37154,-37.64436],[-59.37168,-37.64453],[-59.37192,-37.64475],[-59.37231,-37.64504],[-59.37266,-37.64526],[-59.37443,-37.64629],[-59.37538,-37.64694],[-59.37652,-37.64786],[-59.37729,-37.64856],[-59.37803,-37.64929],[-59.37889,-37.65022],[-59.37945,-37.65089],[-59.37987,-37.65145],[-59.38054,-37.65246],[-59.38084,-37.65301],[-59.38113,-37.6536],[-59.38138,-37.6542],[-59.38158,-37.65475],[-59.38187,-37.65583],[-59.38206,-37.65685],[-59.38229,-37.65864],[-59.38247,-37.6597],[-59.38268,-37.66062],[-59.38312,-37.66232],[-59.38326,-37.66308],[-59.38332,-37.66368],[-59.38334,-37.66415],[-59.3833,-37.66474],[-59.3832,-37.66532],[-59.38306,-37.66579],[-59.38285,-37.66629],[-59.38262,-37.6667],[-59.38235,-37.66706],[-59.38202,-37.66743],[-59.38162,-37.66779],[-59.38112,-37.66817],[-59.38048,-37.66857],[-59.37984,-37.66892],[-59.37867,-37.66944],[-59.37726,-37.66992],[-59.37428,-37.67078],[-59.37329,-37.67102],[-59.3728,-37.67111],[-59.37232,-37.67118],[-59.37187,-37.67121],[-59.3713,-37.67119],[-59.37092,-37.67115],[-59.37037,-37.67103],[-59.3699,-37.67088],[-59.36946,-37.67068],[-59.36903,-37.67045],[-59.36861,-37.67019],[-59.36822,-37.66989],[-59.36784,-37.66956],[-59.36748,-37.6692],[-59.36713,-37.66882],[-59.36663,-37.66817],[-59.36614,-37.66741],[-59.36563,-37.66654],[-59.36476,-37.66496],[-59.36415,-37.66396],[-59.36365,-37.66325],[-59.36333,-37.66288],[-59.36301,-37.66254],[-59.36267,-37.66225],[-59.36232,-37.66199],[-59.36196,-37.66178],[-59.36157,-37.6616],[-59.36114,-37.66148],[-59.36085,-37.66143],[-59.36053,-37.66141],[-59.36004,-37.66144],[-59.35973,-37.6615],[-59.35939,-37.6616],[-59.35874,-37.66189],[-59.35822,-37.66221],[-59.35656,-37.66338],[-59.35597,-37.66374],[-59.35529,-37.66412],[-59.35424,-37.66461],[-59.35336,-37.66496],[-59.35284,-37.66514],[-59.35159,-37.66549],[-59.35075,-37.66567],[-59.34972,-37.66582],[-59.34743,-37.6661],[-59.34568,-37.66641],[-59.34355,-37.6669],[-59.34241,-37.66722],[-59.34187,-37.66741],[-59.34099,-37.66781],[-59.34034,-37.66821],[-59.33975,-37.66865],[-59.33806,-37.67003],[-59.33717,-37.67067],[-59.33522,-37.67195],[-59.33429,-37.67249],[-59.33382,-37.67274],[-59.33334,-37.67297],[-59.3327,-37.67322],[-59.33212,-37.67341],[-59.33138,-37.6736],[-59.33024,-37.67378],[-59.3296,-37.67383],[-59.3288,-37.67385],[-59.32402,-37.67371],[-59.32248,-37.67361],[-59.32166,-37.6735],[-59.32085,-37.67335],[-59.32008,-37.67317],[-59.3193,-37.67293],[-59.31847,-37.67263],[-59.31739,-37.67213],[-59.31688,-37.67184],[-59.31641,-37.67154],[-59.3157,-37.67102],[-59.31517,-37.67056],[-59.31444,-37.66981],[-59.31395,-37.66923],[-59.313,-37.66805],[-59.31258,-37.66756],[-59.31212,-37.66714],[-59.3119,-37.66697],[-59.31158,-37.66678],[-59.31121,-37.66663],[-59.31094,-37.66656],[-59.31074,-37.66654],[-59.31032,-37.66654],[-59.30979,-37.66664],[-59.30939,-37.66677],[-59.30905,-37.66692],[-59.30869,-37.66713],[-59.30836,-37.66736],[-59.30805,-37.66764],[-59.30781,-37.66794],[-59.30767,-37.66819],[-59.3076,-37.66835],[-59.30748,-37.6688],[-59.30744,-37.66916],[-59.30744,-37.66955],[-59.3075,-37.67009],[-59.30759,-37.67061],[-59.30803,-37.6726],[-59.30823,-37.67373],[-59.30831,-37.6745],[-59.30839,-37.67625],[-59.30848,-37.67692],[-59.30858,-37.67731],[-59.3088,-37.6778],[-59.30904,-37.67818],[-59.30942,-37.67861],[-59.30981,-37.67893],[-59.31027,-37.67925],[-59.31077,-37.67954],[-59.31131,-37.67982],[-59.31211,-37.68018],[-59.31296,-37.68053],[-59.31517,-37.68134],[-59.31638,-37.68172],[-59.31945,-37.68261],[-59.32233,-37.68358],[-59.32327,-37.68386],[-59.32399,-37.68403],[-59.32446,-37.68412],[-59.32629,-37.68429],[-59.32675,-37.68439],[-59.32701,-37.68448],[-59.32741,-37.68471],[-59.32777,-37.68504],[-59.32797,-37.68533],[-59.32814,-37.68569],[-59.32827,-37.68612],[-59.32835,-37.68672],[-59.32832,-37.68739],[-59.32826,-37.68779],[-59.32817,-37.6882],[-59.32778,-37.6895],[-59.32762,-37.69014],[-59.32753,-37.69069],[-59.32744,-37.69156],[-59.32742,-37.69293],[-59.32754,-37.69674],[-59.32753,-37.69756],[-59.32747,-37.69851],[-59.32739,-37.69914],[-59.32723,-37.6999],[-59.32701,-37.70062],[-59.32668,-37.70141],[-59.3264,-37.70195],[-59.3261,-37.70245],[-59.32559,-37.70317],[-59.32517,-37.70368],[-59.32442,-37.70445],[-59.32402,-37.7048],[-59.32344,-37.70524],[-59.3229,-37.70559],[-59.32245,-37.70583],[-59.32172,-37.70616],[-59.32134,-37.70629],[-59.32047,-37.70651],[-59.31985,-37.70661],[-59.31907,-37.70668],[-59.31807,-37.70669],[-59.31717,-37.70664],[-59.31601,-37.70651],[-59.31528,-37.70639],[-59.31429,-37.70618],[-59.31352,-37.70597],[-59.31276,-37.70572],[-59.31197,-37.70539],[-59.31139,-37.7051],[-59.31042,-37.70455],[-59.3095,-37.70395],[-59.30844,-37.70318],[-59.30768,-37.70256],[-59.307,-37.70192],[-59.30647,-37.70133],[-59.30607,-37.70077],[-59.3059,-37.70048],[-59.30572,-37.7001],[-59.3056,-37.69973],[-59.30553,-37.69943],[-59.30551,-37.69919],[-59.30552,-37.69876],[-59.30558,-37.69844],[-59.30569,-37.69812],[-59.30597,-37.69756],[-59.30626,-37.69713],[-59.30658,-37.69673],[-59.30795,-37.69515],[-59.30843,-37.69453],[-59.30872,-37.69411],[-59.30909,-37.69349],[-59.30935,-37.69298],[-59.3095,-37.69262],[-59.30963,-37.69211],[-59.30967,-37.69171],[-59.30966,-37.6915],[-59.30959,-37.69115],[-59.30944,-37.69081],[-59.30927,-37.69055],[-59.30894,-37.69018],[-59.30856,-37.68989],[-59.30818,-37.68967],[-59.30783,-37.68953],[-59.30746,-37.68942],[-59.30707,-37.68935],[-59.30665,-37.68932],[-59.30617,-37.68935],[-59.30572,-37.68945],[-59.3051,-37.68966],[-59.30455,-37.68993],[-59.30403,-37.69022],[-59.3002,-37.69264],[-59.29887,-37.69352],[-59.29698,-37.69485],[-59.29611,-37.69538],[-59.29555,-37.69566],[-59.29482,-37.69592],[-59.29436,-37.69602],[-59.29391,-37.69606],[-59.29329,-37.69604],[-59.29279,-37.69595],[-59.2925,-37.69585],[-59.29197,-37.6956],[-59.29142,-37.69523],[-59.29103,-37.69486],[-59.29042,-37.69412],[-59.28908,-37.69202],[-59.28819,-37.69077],[-59.28767,-37.69013],[-59.28719,-37.68958],[-59.28656,-37.68892],[-59.28621,-37.6886],[-59.28552,-37.68804],[-59.28518,-37.6878],[-59.28471,-37.68755],[-59.28427,-37.68738],[-59.28392,-37.68731],[-59.28365,-37.68731],[-59.28339,-37.68733],[-59.28318,-37.68739],[-59.28288,-37.68752],[-59.28255,-37.68774],[-59.28218,-37.6881],[-59.28185,-37.68849],[-59.28153,-37.68893],[-59.28051,-37.69043],[-59.27979,-37.69141],[-59.27913,-37.69217],[-59.27878,-37.69251],[-59.27837,-37.69285],[-59.27805,-37.69307],[-59.27764,-37.6933],[-59.27702,-37.69354],[-59.27659,-37.69363],[-59.27603,-37.69368],[-59.27555,-37.69365],[-59.2751,-37.69357],[-59.27466,-37.69345],[-59.27376,-37.69312],[-59.2731,-37.6928],[-59.27239,-37.69239],[-59.2715,-37.6918],[-59.27024,-37.69081],[-59.26815,-37.689],[-59.26709,-37.68814],[-59.26609,-37.68741],[-59.26387,-37.68592],[-59.26291,-37.68523],[-59.26179,-37.6844],[-59.26076,-37.68354],[-59.2601,-37.68294],[-59.25932,-37.68212],[-59.2589,-37.68161],[-59.25829,-37.68076],[-59.25792,-37.68018],[-59.25753,-37.67949],[-59.25709,-37.67866],[-59.25595,-37.67634],[-59.2556,-37.67574],[-59.25535,-37.67537],[-59.25499,-37.67499],[-59.25477,-37.67486],[-59.2546,-37.6748],[-59.25433,-37.67478],[-59.25417,-37.67482],[-59.25385,-37.67498],[-59.25365,-37.67514],[-59.25344,-37.67535],[-59.25312,-37.67574],[-59.25277,-37.67628],[-59.25241,-37.67691],[-59.25207,-37.67762],[-59.25176,-37.67839],[-59.25149,-37.67918],[-59.25132,-37.67984],[-59.25116,-37.68065],[-59.25104,-37.6815],[-59.25093,-37.68275],[-59.25089,-37.68369],[-59.2509,-37.68445],[-59.25094,-37.68521],[-59.25103,-37.68593],[-59.25119,-37.68661],[-59.25135,-37.68711],[-59.2516,-37.68768],[-59.25182,-37.68807],[-59.25229,-37.68873],[-59.2526,-37.68907],[-59.25296,-37.68941],[-59.25349,-37.68986],[-59.25444,-37.69058],[-59.25495,-37.69103],[-59.25531,-37.69142],[-59.25572,-37.69197],[-59.25602,-37.69251],[-59.25638,-37.69332],[-59.25716,-37.69556],[-59.25744,-37.69628],[-59.25786,-37.69712],[-59.25812,-37.69753],[-59.25843,-37.69795],[-59.2592,-37.69886],[-59.26018,-37.69986],[-59.2612,-37.70081],[-59.26279,-37.70215],[-59.2633,-37.70265],[-59.26363,-37.70302],[-59.26391,-37.70339],[-59.26434,-37.7041],[-59.26462,-37.70472],[-59.26481,-37.70528],[-59.26496,-37.70587],[-59.26506,-37.7064],[-59.2654,-37.70897],[-59.26573,-37.71091],[-59.2658,-37.71144],[-59.26586,-37.71246],[-59.26581,-37.71329],[-59.2657,-37.71397],[-59.26551,-37.71471],[-59.26527,-37.71536],[-59.26493,-37.7161],[-59.26399,-37.71792],[-59.26309,-37.7198],[-59.26275,-37.72046],[-59.26246,-37.72092],[-59.26216,-37.72132],[-59.26186,-37.72165],[-59.26159,-37.7219],[-59.26115,-37.72221],[-59.26076,-37.72243],[-59.26018,-37.72266],[-59.25962,-37.7228],[-59.25902,-37.7229],[-59.25852,-37.72294],[-59.25596,-37.72301],[-59.25505,-37.72309],[-59.25435,-37.7232],[-59.25396,-37.72329],[-59.25335,-37.72347],[-59.25281,-37.72368],[-59.25224,-37.72395],[-59.25169,-37.72429],[-59.2512,-37.72465],[-59.2507,-37.72507],[-59.2503,-37.72545],[-59.24965,-37.72615],[-59.24912,-37.72683],[-59.24878,-37.72736],[-59.24854,-37.72778],[-59.24833,-37.72822],[-59.24815,-37.72867],[-59.24801,-37.72913],[-59.24794,-37.72942],[-59.24786,-37.73],[-59.24783,-37.73074],[-59.24787,-37.73165],[-59.24793,-37.73233],[-59.24851,-37.73703],[-59.24868,-37.73879],[-59.24871,-37.73937],[-59.24871,-37.74012],[-59.24866,-37.74086],[-59.24854,-37.74162],[-59.24839,-37.74222],[-59.24817,-37.74286],[-59.24793,-37.7434],[-59.24755,-37.74411],[-59.24701,-37.74493],[-59.24652,-37.74554],[-59.24541,-37.74686],[-59.24508,-37.7473],[-59.24478,-37.74778],[-59.24462,-37.74813],[-59.24455,-37.74834],[-59.24449,-37.74868],[-59.2445,-37.74903],[-59.24454,-37.74925],[-59.2447,-37.74964],[-59.24487,-37.74991],[-59.24522,-37.75028],[-59.24551,-37.75051],[-59.24592,-37.75074],[-59.24653,-37.75098],[-59.24693,-37.75108],[-59.24782,-37.7512],[-59.24876,-37.75125],[-59.25434,-37.75114],[-59.25597,-37.75114],[-59.2576,-37.75116],[-59.25985,-37.75128],[-59.26195,-37.75148],[-59.26275,-37.7516],[-59.26351,-37.75175],[-59.26413,-37.75194],[-59.26461,-37.75216],[-59.26502,-37.75245],[-59.26528,-37.75276],[-59.26538,-37.75299],[-59.2654,-37.75312],[-59.26538,-37.75331],[-59.26535,-37.75343],[-59.2652,-37.75363],[-59.26506,-37.75375],[-59.26475,-37.75392],[-59.26437,-37.75404],[-59.26381,-37.75416],[-59.26239,-37.75439],[-59.26145,-37.7546],[-59.25807,-37.75556],[-59.25686,-37.75586],[-59.25544,-37.75612],[-59.25465,-37.75621],[-59.2535,-37.75626],[-59.25275,-37.75624],[-59.252,-37.75616],[-59.25116,-37.75602],[-59.25048,-37.75587],[-59.24795,-37.75523],[-59.24737,-37.75512],[-59.24664,-37.75502],[-59.24601,-37.75499],[-59.2454,-37.75503],[-59.24489,-37.75512],[-59.24442,-37.75524],[-59.24399,-37.7554],[-59.24357,-37.75559],[-59.24301,-37.75592],[-59.24268,-37.75616],[-59.24233,-37.75648],[-59.24208,-37.75673],[-59.24179,-37.75708],[-59.2414,-37.75769],[-59.24119,-37.75817],[-59.24103,-37.75872],[-59.24076,-37.75989],[-59.24063,-37.76027],[-59.24052,-37.7605],[-59.24032,-37.76084],[-59.24009,-37.76111],[-59.23983,-37.76133],[-59.23948,-37.76155],[-59.23913,-37.76169],[-59.23887,-37.76177],[-59.23848,-37.76184],[-59.23789,-37.76189],[-59.23424,-37.76193],[-59.23344,-37.76196],[-59.23237,-37.76203],[-59.23128,-37.76219],[-59.23073,-37.7623],[-59.23017,-37.76246],[-59.22953,-37.76269],[-59.22857,-37.76312],[-59.2277,-37.76358],[-59.22528,-37.76498],[-59.22465,-37.7653],[-59.22393,-37.76561],[-59.22281,-37.76601],[-59.21984,-37.76692],[-59.21835,-37.76743],[-59.21669,-37.76807],[-59.21292,-37.76963],[-59.21167,-37.77011]]]}},{"type":"Feature","properties":{"fdc":"Atlas 500k 1° Ediciónl","sag":"IGN","crv":300,"mo2":2,"tipo":"Curva de nivel","ign":"lineas_de_geomorfologia_CA010.5603"},"geometry":{"type":"MultiLineString","coordinates":[[[-59.175,-37.66509],[-59.17491,-37.66492],[-59.17482,-37.66463],[-59.17479,-37.66412],[-59.17487,-37.66366],[-59.17498,-37.66341],[-59.17507,-37.66326],[-59.17526,-37.66305],[-59.17555,-37.66282],[-59.17577,-37.6627],[-59.17596,-37.66263],[-59.17621,-37.66261],[-59.17645,-37.66263],[-59.17664,-37.66269],[-59.17683,-37.66281],[-59.17708,-37.66309],[-59.17717,-37.66333],[-59.17718,-37.66347],[-59.17715,-37.66369],[-59.17709,-37.66388],[-59.17691,-37.66418],[-59.17658,-37.66448],[-59.17614,-37.66473],[-59.17566,-37.66493],[-59.175,-37.66509]]]}},{"type":"Feature","properties":{"fdc":"Atlas 500k 1° Ediciónl","sag":"IGN","crv":250,"mo2":2,"tipo":"Curva de nivel","ign":"lineas_de_geomorfologia_CA010.5616"},"geometry":{"type":"MultiLineString","coordinates":[[[-59.18167,-37.6957],[-59.18156,-37.69551],[-59.18108,-37.69442],[-59.18049,-37.69327],[-59.18007,-37.69256],[-59.1794,-37.69159],[-59.17878,-37.69079],[-59.1783,-37.69022],[-59.17665,-37.68838],[-59.17608,-37.68772],[-59.17436,-37.68556],[-59.17304,-37.68399],[-59.17255,-37.68336],[-59.17231,-37.68301],[-59.1721,-37.68264],[-59.17192,-37.68222],[-59.17187,-37.68203],[-59.17183,-37.68164],[-59.17193,-37.68118],[-59.1721,-37.68093],[-59.17236,-37.68072],[-59.17282,-37.68053],[-59.1734,-37.68047],[-59.1741,-37.68053],[-59.17486,-37.6807],[-59.17566,-37.68095],[-59.17662,-37.68134],[-59.17774,-37.68189],[-59.17851,-37.68237],[-59.17893,-37.68269],[-59.17924,-37.68296],[-59.17971,-37.68344],[-59.18025,-37.68408],[-59.18083,-37.68487],[-59.1818,-37.68626],[-59.18282,-37.68781],[-59.18314,-37.68838],[-59.18336,-37.68888],[-59.1835,-37.68929],[-59.18364,-37.68992],[-59.18372,-37.69057],[-59.18374,-37.69101],[-59.18372,-37.69134],[-59.18366,-37.69196],[-59.18352,-37.69261],[-59.18336,-37.69315],[-59.18319,-37.69357],[-59.1829,-37.69418],[-59.1825,-37.69484],[-59.18213,-37.69532],[-59.18187,-37.69558],[-59.18173,-37.69569],[-59.18167,-37.6957]]]}},{"type":"Feature","properties":{"fdc":"Atlas 500k 1° Ediciónl","sag":"IGN","crv":250,"mo2":2,"tipo":"Curva de nivel","ign":"lineas_de_geomorfologia_CA010.5618"},"geometry":{"type":"MultiLineString","coordinates":[[[-59.20333,-37.70076],[-59.20299,-37.70036],[-59.20279,-37.70006],[-59.20276,-37.69996],[-59.20275,-37.69979],[-59.20285,-37.69948],[-59.20294,-37.69933],[-59.20305,-37.69922],[-59.20319,-37.69914],[-59.20335,-37.69909],[-59.20374,-37.69908],[-59.20393,-37.69912],[-59.20414,-37.69919],[-59.20436,-37.69937],[-59.20452,-37.69962],[-59.2046,-37.69988],[-59.2046,-37.69996],[-59.20456,-37.70012],[-59.20447,-37.70026],[-59.20432,-37.70044],[-59.20409,-37.70059],[-59.20378,-37.70069],[-59.20333,-37.70076]]]}},{"type":"Feature","properties":{"fdc":"SIG 250 mil","sag":"IGN","crv":250,"mo2":6,"tipo":"Curva de nivel","ign":"lineas_de_geomorfologia_CA010.108226"},"geometry":{"type":"MultiLineString","coordinates":[[[-59.17679,-37.63719],[-59.17448,-37.63717],[-59.17544,-37.63518],[-59.17711,-37.6341],[-59.1769,-37.63238],[-59.1775,-37.63112],[-59.17816,-37.63027],[-59.17866,-37.6301],[-59.18024,-37.63045],[-59.181,-37.63372],[-59.18062,-37.63567],[-59.17887,-37.63697],[-59.17679,-37.63719]]]}},{"type":"Feature","properties":{"fdc":"SIG 250 mil","sag":"IGN","crv":300,"mo2":6,"tipo":"Curva de nivel","ign":"lineas_de_geomorfologia_CA010.108292"},"geometry":{"type":"MultiLineString","coordinates":[[[-59.17285,-37.66585],[-59.17075,-37.66522],[-59.17277,-37.66432],[-59.17419,-37.66488],[-59.17285,-37.66585]]]}},{"type":"Feature","properties":{"fdc":"SIG 250 mil","sag":"IGN","crv":300,"mo2":6,"tipo":"Curva de nivel","ign":"lineas_de_geomorfologia_CA010.108320"},"geometry":{"type":"MultiLineString","coordinates":[[[-59.23424,-37.68232],[-59.23447,-37.68049],[-59.23549,-37.67861],[-59.23407,-37.67717],[-59.23344,-37.67538],[-59.23281,-37.67338],[-59.23304,-37.67143],[-59.23363,-37.66954],[-59.23574,-37.66818],[-59.23676,-37.66647],[-59.23886,-37.66551],[-59.24145,-37.66552],[-59.24369,-37.66508],[-59.24549,-37.66383],[-59.24563,-37.66243],[-59.24736,-37.65908],[-59.24821,-37.65775],[-59.25055,-37.65642],[-59.25163,-37.65374],[-59.25166,-37.65105],[-59.25168,-37.6487],[-59.25127,-37.64735],[-59.24939,-37.64532],[-59.25089,-37.64399],[-59.25258,-37.64317],[-59.25428,-37.64233],[-59.25536,-37.63949],[-59.25644,-37.63731],[-59.2575,-37.63681],[-59.25899,-37.63548],[-59.25922,-37.63396],[-59.25965,-37.63279],[-59.26177,-37.63163],[-59.26326,-37.63013],[-59.26497,-37.62796],[-59.26604,-37.62628],[-59.26586,-37.62393],[-59.26862,-37.6216],[-59.27074,-37.62111],[-59.27368,-37.62263],[-59.2745,-37.62499],[-59.27427,-37.62667],[-59.27214,-37.62834],[-59.27023,-37.63017],[-59.26704,-37.63284],[-59.26511,-37.63568],[-59.26423,-37.6387],[-59.26358,-37.64054],[-59.25996,-37.64371],[-59.25952,-37.64589],[-59.25823,-37.6484],[-59.25948,-37.64993],[-59.25922,-37.65462],[-59.2594,-37.65781],[-59.26127,-37.66068],[-59.26296,-37.66086],[-59.26571,-37.66071],[-59.26759,-37.66031],[-59.26841,-37.66224],[-59.27078,-37.66299],[-59.27257,-37.66421],[-59.27451,-37.66525],[-59.27594,-37.66669],[-59.27765,-37.66801],[-59.27995,-37.66888],[-59.28225,-37.66856],[-59.28456,-37.66885],[-59.28659,-37.66761],[-59.28825,-37.66636],[-59.28682,-37.66474],[-59.28416,-37.66415],[-59.28165,-37.66386],[-59.28159,-37.66191],[-59.27981,-37.66076],[-59.27898,-37.65885],[-59.28012,-37.65653],[-59.2799,-37.65498],[-59.27927,-37.65286],[-59.28079,-37.65149],[-59.28323,-37.65231],[-59.28436,-37.65414],[-59.28613,-37.65562],[-59.28761,-37.65562],[-59.28863,-37.65393],[-59.2896,-37.65202],[-59.29424,-37.65073],[-59.29609,-37.64758],[-59.29695,-37.64416],[-59.29813,-37.64153],[-59.30178,-37.64129],[-59.30291,-37.6442],[-59.30289,-37.64617],[-59.3017,-37.64893],[-59.30151,-37.65143],[-59.30383,-37.65197],[-59.30513,-37.65159],[-59.30689,-37.65133],[-59.30757,-37.65083],[-59.30997,-37.65003],[-59.31527,-37.64901],[-59.32125,-37.64602],[-59.32227,-37.64378],[-59.32129,-37.64259],[-59.32146,-37.64115],[-59.32262,-37.64063],[-59.32395,-37.64064],[-59.32494,-37.64103],[-59.32709,-37.64157],[-59.32858,-37.64185],[-59.32975,-37.63987],[-59.33043,-37.63791],[-59.33094,-37.63607],[-59.3298,-37.63422],[-59.32915,-37.63211],[-59.32951,-37.62974],[-59.3305,-37.62948],[-59.33133,-37.62936],[-59.33364,-37.63003],[-59.3338,-37.63095],[-59.33428,-37.63253],[-59.33493,-37.63451],[-59.33523,-37.63728],[-59.3352,-37.64056],[-59.33502,-37.6428],[-59.333,-37.64556],[-59.33117,-37.64699],[-59.32868,-37.64816],[-59.32669,-37.64842],[-59.32336,-37.65116],[-59.32137,-37.65207],[-59.31953,-37.6543],[-59.31768,-37.65705],[-59.31699,-37.66007],[-59.31848,-37.66004],[-59.32035,-37.66005],[-59.32287,-37.66012],[-59.32468,-37.65875],[-59.32571,-37.65675],[-59.32809,-37.65613],[-59.3304,-37.65557],[-59.32991,-37.65368],[-59.33057,-37.65179],[-59.3328,-37.65232],[-59.3348,-37.65353],[-59.33703,-37.65406],[-59.33955,-37.65442],[-59.34143,-37.65316],[-59.34288,-37.65134],[-59.34261,-37.64939],[-59.34472,-37.64831],[-59.34673,-37.6474],[-59.34711,-37.64534],[-59.3489,-37.64264],[-59.34772,-37.64151],[-59.34821,-37.64027],[-59.34766,-37.6388],[-59.34739,-37.63722],[-59.34811,-37.63519],[-59.34756,-37.63327],[-59.3473,-37.63158],[-59.349,-37.63113],[-59.35029,-37.62967],[-59.3496,-37.62775],[-59.3499,-37.62617],[-59.35006,-37.62336],[-59.34994,-37.62121],[-59.34996,-37.6185],[-59.34828,-37.61597],[-59.34966,-37.6142],[-59.35004,-37.61237],[-59.35056,-37.61053],[-59.35251,-37.6094],[-59.35481,-37.6097],[-59.35676,-37.60873],[-59.3567,-37.60673],[-59.35521,-37.60495],[-59.35255,-37.60453],[-59.35121,-37.60554],[-59.34966,-37.60542],[-59.34909,-37.60473],[-59.34925,-37.60282],[-59.35039,-37.60181],[-59.35183,-37.60001],[-59.35199,-37.59719],[-59.35158,-37.59595],[-59.34895,-37.59478],[-59.34804,-37.59266],[-59.34574,-37.59201],[-59.34344,-37.59177],[-59.34225,-37.5917],[-59.34028,-37.59063],[-59.33829,-37.59062],[-59.33779,-37.59167],[-59.33595,-37.59416],[-59.33576,-37.596],[-59.33376,-37.59797],[-59.33079,-37.59768],[-59.32956,-37.59727],[-59.32966,-37.59669],[-59.3283,-37.59491],[-59.32818,-37.59301],[-59.32898,-37.59113],[-59.32698,-37.59009],[-59.32461,-37.58961],[-59.32304,-37.58818],[-59.32096,-37.58736],[-59.32011,-37.58541],[-59.32242,-37.58463],[-59.32473,-37.58406],[-59.32687,-37.58545],[-59.32918,-37.58483],[-59.32891,-37.58288],[-59.33007,-37.58123],[-59.33244,-37.58216],[-59.33475,-37.58148],[-59.33698,-37.58097],[-59.33857,-37.57961],[-59.33751,-37.57788],[-59.33666,-37.57599],[-59.33847,-37.57462],[-59.33827,-37.57273],[-59.33749,-37.57072],[-59.33498,-37.57043],[-59.33261,-37.57041],[-59.33053,-37.56937],[-59.32895,-37.56953],[-59.32742,-37.5709],[-59.32972,-37.57137],[-59.33158,-37.57253],[-59.33027,-37.57424],[-59.32897,-37.57584],[-59.32787,-37.57749],[-59.32558,-37.57702],[-59.32393,-37.57553],[-59.32338,-37.57358],[-59.32092,-37.57413],[-59.32221,-37.57563],[-59.32183,-37.57746],[-59.32002,-37.57889],[-59.31825,-37.57957],[-59.31582,-37.5799],[-59.3144,-37.5799],[-59.31297,-37.58135],[-59.31253,-37.58315],[-59.31251,-37.58473],[-59.31264,-37.58654],[-59.31205,-37.58868],[-59.31034,-37.59002],[-59.30864,-37.59013],[-59.30709,-37.58865],[-59.30668,-37.58718],[-59.30556,-37.58571],[-59.30444,-37.58468],[-59.30346,-37.58378],[-59.30275,-37.58298],[-59.29538,-37.58339],[-59.29296,-37.58405],[-59.29012,-37.58573],[-59.28883,-37.5864],[-59.287,-37.58582],[-59.28744,-37.58436],[-59.28944,-37.58234],[-59.28974,-37.5811],[-59.2882,-37.57928],[-59.28656,-37.57796],[-59.28637,-37.57745],[-59.28502,-37.5759],[-59.28294,-37.57486],[-59.28079,-37.57427],[-59.27929,-37.57272],[-59.27794,-37.57111],[-59.27563,-37.57201],[-59.27394,-37.57322],[-59.27421,-37.57537],[-59.27404,-37.57762],[-59.2743,-37.58022],[-59.27456,-37.5827],[-59.27497,-37.58417],[-59.27481,-37.58552],[-59.27496,-37.58609],[-59.27395,-37.58733],[-59.26924,-37.58635],[-59.26929,-37.58549],[-59.26846,-37.58424],[-59.26748,-37.58288],[-59.26707,-37.58152],[-59.26708,-37.57995],[-59.26543,-37.57831],[-59.26437,-37.57664],[-59.26316,-37.57475],[-59.26086,-37.57531],[-59.26084,-37.57726],[-59.26133,-37.5792],[-59.26196,-37.58127],[-59.26115,-37.58315],[-59.2587,-37.58332],[-59.25739,-37.58486],[-59.25821,-37.58813],[-59.25666,-37.58834],[-59.25496,-37.58754],[-59.2537,-37.58641],[-59.252,-37.58662],[-59.2507,-37.58842],[-59.24816,-37.58795],[-59.24777,-37.58445],[-59.24764,-37.58287],[-59.24738,-37.58073],[-59.24498,-37.57924],[-59.24336,-37.57716],[-59.24114,-37.57663],[-59.23943,-37.57507],[-59.23742,-37.5742],[-59.23483,-37.57424],[-59.23261,-37.57349],[-59.23198,-37.57171],[-59.22954,-37.57084],[-59.22687,-37.57139],[-59.22671,-37.57323],[-59.22469,-37.57425],[-59.2226,-37.57503],[-59.22022,-37.57571],[-59.22049,-37.57766],[-59.2227,-37.57881],[-59.22485,-37.57963],[-59.22708,-37.5801],[-59.22945,-37.58057],[-59.23015,-37.58235],[-59.22806,-37.5832],[-59.22569,-37.58295],[-59.22339,-37.58214],[-59.2211,-37.58133],[-59.21865,-37.58171],[-59.21627,-37.58158],[-59.21391,-37.58077],[-59.21131,-37.58121],[-59.21165,-37.58305],[-59.21373,-37.58403],[-59.21566,-37.58513],[-59.21796,-37.58572],[-59.22018,-37.58676],[-59.2211,-37.58848],[-59.22072,-37.59043],[-59.21834,-37.59093],[-59.21553,-37.59114],[-59.21329,-37.59188],[-59.2117,-37.59335],[-59.21262,-37.59508],[-59.21358,-37.59624],[-59.2159,-37.59926],[-59.21967,-37.60113],[-59.22359,-37.60165],[-59.22641,-37.60202],[-59.2298,-37.60086],[-59.23338,-37.60088],[-59.23484,-37.60274],[-59.23482,-37.60476],[-59.23186,-37.60558],[-59.23014,-37.60809],[-59.22465,-37.60889],[-59.22273,-37.6114],[-59.22142,-37.61525],[-59.21822,-37.61842],[-59.21756,-37.62127],[-59.2188,-37.6238],[-59.21961,-37.62649],[-59.22169,-37.62936],[-59.22442,-37.63106],[-59.22715,-37.63292],[-59.23051,-37.63378],[-59.23284,-37.6338],[-59.23431,-37.63482],[-59.23513,-37.63617],[-59.23426,-37.63868],[-59.23258,-37.63866],[-59.23038,-37.64003],[-59.22916,-37.64025],[-59.22672,-37.64001],[-59.22419,-37.6408],[-59.22525,-37.64264],[-59.22502,-37.6447],[-59.22464,-37.64652],[-59.22368,-37.64847],[-59.22259,-37.65012],[-59.22021,-37.64982],[-59.21783,-37.65101],[-59.21853,-37.65279],[-59.2209,-37.65326],[-59.22211,-37.65493],[-59.22368,-37.65643],[-59.22605,-37.65696],[-59.22711,-37.65868],[-59.22738,-37.66063],[-59.22954,-37.66139],[-59.22923,-37.66328],[-59.22792,-37.66499],[-59.22963,-37.66631],[-59.22882,-37.6682],[-59.22823,-37.67003],[-59.2267,-37.67139],[-59.22596,-37.67316],[-59.22437,-37.67448],[-59.22385,-37.67648],[-59.22629,-37.67683],[-59.22881,-37.67696],[-59.2306,-37.67841],[-59.23094,-37.68042],[-59.23186,-37.68214],[-59.23424,-37.68232]]]}},{"type":"Feature","properties":{"fdc":"SIG 250 mil","sag":"IGN","crv":250,"mo2":6,"tipo":"Curva de nivel","ign":"lineas_de_geomorfologia_CA010.108401"},"geometry":{"type":"MultiLineString","coordinates":[[[-59.27816,-37.71585],[-59.27839,-37.71395],[-59.27985,-37.71241],[-59.27986,-37.71081],[-59.27648,-37.71051],[-59.2741,-37.71038],[-59.27279,-37.71186],[-59.274,-37.71353],[-59.27593,-37.71491],[-59.27816,-37.71585]]]}},{"type":"Feature","properties":{"fdc":"SIG 250 mil","sag":"IGN","crv":250,"mo2":6,"tipo":"Curva de nivel","ign":"lineas_de_geomorfologia_CA010.108418"},"geometry":{"type":"MultiLineString","coordinates":[[[-59.13081,-37.69854],[-59.13186,-37.69761],[-59.1331,-37.69596],[-59.13269,-37.69407],[-59.13148,-37.69251],[-59.13057,-37.69067],[-59.12965,-37.68895],[-59.12765,-37.68727],[-59.12528,-37.68623],[-59.12365,-37.68484],[-59.1237,-37.6826],[-59.12239,-37.68134],[-59.12418,-37.68116],[-59.12539,-37.68116],[-59.12768,-37.68082],[-59.13042,-37.68108],[-59.13101,-37.68217],[-59.13267,-37.6825],[-59.13453,-37.68383],[-59.13602,-37.68521],[-59.13767,-37.68665],[-59.13938,-37.68798],[-59.14109,-37.68948],[-59.14332,-37.69019],[-59.14392,-37.68824],[-59.14322,-37.68646],[-59.14266,-37.68463],[-59.1429,-37.68251],[-59.14104,-37.68118],[-59.13874,-37.68036],[-59.13688,-37.67932],[-59.1351,-37.67799],[-59.13534,-37.67616],[-59.137,-37.67485],[-59.13652,-37.67307],[-59.13437,-37.67202],[-59.13222,-37.67121],[-59.12992,-37.67102],[-59.1274,-37.67078],[-59.12517,-37.67019],[-59.12287,-37.67012],[-59.12049,-37.66982],[-59.11842,-37.66831],[-59.12031,-37.66712],[-59.12277,-37.66639],[-59.12344,-37.66462],[-59.12596,-37.66452],[-59.12612,-37.66263],[-59.12404,-37.66188],[-59.12276,-37.66027],[-59.12024,-37.65979],[-59.11875,-37.65823],[-59.11914,-37.65623],[-59.12123,-37.65538],[-59.1219,-37.65339],[-59.12235,-37.65162],[-59.12402,-37.65031],[-59.1244,-37.64837],[-59.12564,-37.64677],[-59.12451,-37.6451],[-59.12425,-37.64315],[-59.1234,-37.64137],[-59.12241,-37.63964],[-59.12178,-37.63786],[-59.11993,-37.6367],[-59.11758,-37.63371],[-59.11556,-37.63427],[-59.11362,-37.6352],[-59.11233,-37.63567],[-59.11086,-37.63681],[-59.10838,-37.63887],[-59.10458,-37.6416],[-59.10226,-37.64193],[-59.0998,-37.64168],[-59.09882,-37.63983],[-59.09985,-37.63765],[-59.10075,-37.63512],[-59.10106,-37.63351],[-59.10195,-37.63168],[-59.10242,-37.62938],[-59.10258,-37.62754],[-59.10124,-37.62608],[-59.09976,-37.62494],[-59.09761,-37.62429],[-59.09509,-37.62451],[-59.09249,-37.62432],[-59.09013,-37.62407],[-59.08817,-37.62521],[-59.08593,-37.62628],[-59.08347,-37.62672],[-59.08102,-37.6275],[-59.07877,-37.62852],[-59.07648,-37.6277],[-59.07426,-37.62671],[-59.07216,-37.62773],[-59.07,-37.62834],[-59.06784,-37.62769],[-59.06532,-37.62819],[-59.06273,-37.62795],[-59.06087,-37.62661],[-59.05894,-37.62563],[-59.05824,-37.62373],[-59.0587,-37.62196],[-59.05655,-37.62114],[-59.05513,-37.6189],[-59.05838,-37.61835],[-59.06098,-37.61774],[-59.0614,-37.61808],[-59.06248,-37.61906],[-59.06462,-37.61994],[-59.06722,-37.6195],[-59.06747,-37.6194],[-59.06889,-37.61837],[-59.07005,-37.61775],[-59.07119,-37.61861],[-59.07204,-37.61925],[-59.07378,-37.6188],[-59.07593,-37.61962],[-59.07786,-37.62061],[-59.08002,-37.61999],[-59.08033,-37.61805],[-59.0792,-37.61586],[-59.08024,-37.61404],[-59.08083,-37.61204],[-59.07854,-37.61128],[-59.07639,-37.61052],[-59.07735,-37.60857],[-59.08038,-37.60814],[-59.08126,-37.6066],[-59.08264,-37.60558],[-59.07978,-37.60338],[-59.07741,-37.60342],[-59.07597,-37.60376],[-59.07463,-37.60111],[-59.07503,-37.59912],[-59.07512,-37.5978],[-59.07246,-37.59678],[-59.06997,-37.59459],[-59.06894,-37.59291],[-59.06853,-37.5919],[-59.06731,-37.58855],[-59.0669,-37.58754],[-59.06948,-37.58516],[-59.0717,-37.58591],[-59.07341,-37.58719],[-59.07541,-37.58863],[-59.07632,-37.59036],[-59.0776,-37.59209],[-59.07916,-37.59376],[-59.08152,-37.59469],[-59.08342,-37.59436],[-59.08406,-37.59269],[-59.0845,-37.59153],[-59.08388,-37.59085],[-59.08417,-37.59002],[-59.08268,-37.58846],[-59.08234,-37.58634],[-59.08372,-37.58486],[-59.08437,-37.58467],[-59.08522,-37.584],[-59.08545,-37.58317],[-59.0863,-37.58134],[-59.08675,-37.579],[-59.09291,-37.58039],[-59.0931,-37.58235],[-59.09445,-37.58401],[-59.09414,-37.58585],[-59.09297,-37.58761],[-59.09314,-37.59021],[-59.09492,-37.59191],[-59.09628,-37.59244],[-59.09832,-37.59362],[-59.09996,-37.59447],[-59.1021,-37.59473],[-59.10357,-37.59341],[-59.10587,-37.59388],[-59.10743,-37.59538],[-59.1098,-37.59551],[-59.11119,-37.59386],[-59.11121,-37.59203],[-59.10957,-37.59053],[-59.10902,-37.58841],[-59.1094,-37.58641],[-59.10884,-37.58457],[-59.10937,-37.58274],[-59.1104,-37.58074],[-59.11186,-37.5792],[-59.11259,-37.57795],[-59.11404,-37.57487],[-59.11513,-37.57234],[-59.11562,-37.56993],[-59.11595,-37.56715],[-59.11765,-37.56522],[-59.11965,-37.56294],[-59.12241,-37.56078],[-59.12197,-37.5592],[-59.12199,-37.55727],[-59.12232,-37.55546],[-59.12445,-37.55463],[-59.12627,-37.55549],[-59.12745,-37.55816],[-59.12819,-37.55986],[-59.12953,-37.56216],[-59.12875,-37.56433],[-59.12599,-37.56662],[-59.12399,-37.56866],[-59.12244,-37.57095],[-59.12379,-37.57306],[-59.12494,-37.57345],[-59.12694,-37.57461],[-59.12901,-37.57565],[-59.12943,-37.57755],[-59.12976,-37.57949],[-59.12774,-37.58086],[-59.12571,-37.58193],[-59.1239,-37.58329],[-59.12358,-37.58524],[-59.12256,-37.58695],[-59.12154,-37.58866],[-59.12252,-37.59039],[-59.12512,-37.59018],[-59.12729,-37.58881],[-59.12825,-37.5871],[-59.12884,-37.58522],[-59.13051,-37.58368],[-59.1331,-37.58364],[-59.13481,-37.58503],[-59.13612,-37.58355],[-59.13557,-37.58148],[-59.13602,-37.57971],[-59.13824,-37.58024],[-59.14027,-37.57882],[-59.14258,-37.57843],[-59.14364,-37.58016],[-59.14557,-37.58115],[-59.14787,-37.58121],[-59.15018,-37.58072],[-59.15242,-37.58004],[-59.15479,-37.57954],[-59.1571,-37.57933],[-59.15751,-37.58116],[-59.15584,-37.58253],[-59.15396,-37.58361],[-59.15158,-37.58382],[-59.1492,-37.58449],[-59.14825,-37.58632],[-59.14715,-37.58814],[-59.14584,-37.58997],[-59.14402,-37.59127],[-59.14393,-37.59322],[-59.14463,-37.59512],[-59.14598,-37.59673],[-59.14733,-37.5984],[-59.14911,-37.59984],[-59.15061,-37.60134],[-59.15152,-37.60306],[-59.14921,-37.60431],[-59.14676,-37.60509],[-59.14702,-37.60704],[-59.14852,-37.60843],[-59.14915,-37.61026],[-59.14885,-37.61084],[-59.14904,-37.61284],[-59.14902,-37.61485],[-59.15081,-37.616],[-59.15332,-37.61636],[-59.15556,-37.61597],[-59.15808,-37.61547],[-59.16025,-37.61486],[-59.16249,-37.61407],[-59.16487,-37.61386],[-59.16724,-37.61462],[-59.16959,-37.61589],[-59.17211,-37.61648],[-59.17434,-37.61615],[-59.17608,-37.61491],[-59.17782,-37.61371],[-59.17819,-37.6132],[-59.17799,-37.61119],[-59.17584,-37.61049],[-59.17369,-37.60973],[-59.17183,-37.60863],[-59.16968,-37.60788],[-59.16904,-37.60735],[-59.17049,-37.60553],[-59.17145,-37.60405],[-59.17347,-37.60286],[-59.17479,-37.60115],[-59.17495,-37.5992],[-59.1736,-37.59771],[-59.17368,-37.597],[-59.17397,-37.59563],[-59.17415,-37.59298],[-59.17675,-37.59203],[-59.18058,-37.58903],[-59.18229,-37.58602],[-59.18457,-37.58458],[-59.18686,-37.58435],[-59.18867,-37.58582],[-59.18863,-37.58872],[-59.1886,-37.59175],[-59.19162,-37.59275],[-59.19207,-37.59295],[-59.19247,-37.59479],[-59.19131,-37.5965],[-59.19223,-37.59816],[-59.19041,-37.59953],[-59.18818,-37.60003],[-59.18615,-37.6011],[-59.18406,-37.60212],[-59.18231,-37.6036],[-59.1841,-37.60493],[-59.18647,-37.60592],[-59.1868,-37.60815],[-59.18874,-37.60925],[-59.19161,-37.60904],[-59.19392,-37.60905],[-59.19635,-37.60999],[-59.1985,-37.61109],[-59.20094,-37.61185],[-59.20323,-37.61295],[-59.20582,-37.61319],[-59.20812,-37.61304],[-59.21057,-37.61294],[-59.2126,-37.61186],[-59.21376,-37.61015],[-59.21938,-37.60902],[-59.21978,-37.61104],[-59.21953,-37.61406],[-59.21782,-37.61623],[-59.21607,-37.61675],[-59.21412,-37.61777],[-59.21367,-37.61972],[-59.21546,-37.62093],[-59.2163,-37.62276],[-59.2171,-37.62463],[-59.21771,-37.62698],[-59.21621,-37.62855],[-59.21489,-37.62769],[-59.21318,-37.6263],[-59.21153,-37.62491],[-59.2096,-37.62387],[-59.20743,-37.62466],[-59.20645,-37.62265],[-59.20618,-37.62058],[-59.20432,-37.61937],[-59.20202,-37.61907],[-59.19973,-37.61826],[-59.1978,-37.61716],[-59.19564,-37.61611],[-59.19342,-37.61512],[-59.19127,-37.61454],[-59.18897,-37.6143],[-59.1878,-37.61618],[-59.18944,-37.61779],[-59.19057,-37.61952],[-59.1907,-37.62164],[-59.1911,-37.62365],[-59.19181,-37.62537],[-59.19093,-37.62714],[-59.18897,-37.6285],[-59.1874,-37.627],[-59.18525,-37.6263],[-59.18324,-37.6252],[-59.18265,-37.62714],[-59.18284,-37.62909],[-59.18283,-37.63099],[-59.18374,-37.63271],[-59.18401,-37.63454],[-59.18306,-37.63643],[-59.1821,-37.63814],[-59.18389,-37.63935],[-59.18613,-37.63856],[-59.18816,-37.6376],[-59.18975,-37.6363],[-59.19191,-37.63688],[-59.1916,-37.63888],[-59.19015,-37.6403],[-59.18848,-37.64167],[-59.18788,-37.6435],[-59.18729,-37.6455],[-59.18676,-37.64738],[-59.18884,-37.64832],[-59.19122,-37.6485],[-59.19353,-37.64766],[-59.19605,-37.64722],[-59.1985,-37.64729],[-59.20117,-37.64708],[-59.20251,-37.64874],[-59.20042,-37.6497],[-59.19825,-37.65026],[-59.19616,-37.65105],[-59.19802,-37.65238],[-59.2001,-37.65354],[-59.20224,-37.65504],[-59.20128,-37.65687],[-59.19883,-37.65686],[-59.19667,-37.65753],[-59.19401,-37.65746],[-59.19191,-37.65842],[-59.19297,-37.66014],[-59.19209,-37.66185],[-59.18964,-37.6623],[-59.1879,-37.66147],[-59.18482,-37.66067],[-59.18252,-37.65927],[-59.17934,-37.65879],[-59.17398,-37.65875],[-59.17166,-37.65919],[-59.1686,-37.66125],[-59.16698,-37.66331],[-59.16653,-37.66538],[-59.16534,-37.66779],[-59.16576,-37.66952],[-59.16704,-37.67091],[-59.16877,-37.67196],[-59.17094,-37.67209],[-59.17355,-37.67165],[-59.1763,-37.67155],[-59.17718,-37.67087],[-59.18023,-37.66974],[-59.18184,-37.66883],[-59.18415,-37.66873],[-59.18559,-37.66966],[-59.1869,-37.67059],[-59.18695,-37.67116],[-59.18723,-37.67305],[-59.18691,-37.67511],[-59.1887,-37.67633],[-59.19114,-37.67686],[-59.19012,-37.67868],[-59.19104,-37.68035],[-59.19022,-37.68235],[-59.18956,-37.68418],[-59.19201,-37.68419],[-59.19394,-37.68535],[-59.19551,-37.68696],[-59.19803,-37.68686],[-59.20063,-37.68636],[-59.2023,-37.68494],[-59.20304,-37.68305],[-59.2037,-37.68111],[-59.20588,-37.67992],[-59.20676,-37.67815],[-59.20914,-37.67748],[-59.21159,-37.67749],[-59.2139,-37.67728],[-59.21482,-37.679],[-59.21639,-37.6805],[-59.21637,-37.68233],[-59.2137,-37.6826],[-59.21132,-37.68311],[-59.20958,-37.6843],[-59.20884,-37.68607],[-59.20653,-37.68692],[-59.20608,-37.6888],[-59.20736,-37.6903],[-59.20698,-37.69236],[-59.20588,-37.69413],[-59.20745,-37.69551],[-59.20983,-37.69581],[-59.21176,-37.69708],[-59.21333,-37.69841],[-59.2157,-37.69928],[-59.21698,-37.70107],[-59.21886,-37.69999],[-59.21938,-37.6981],[-59.22084,-37.69662],[-59.22122,-37.69468],[-59.22303,-37.69343],[-59.22482,-37.69476],[-59.22741,-37.695],[-59.22965,-37.69467],[-59.23196,-37.69371],[-59.23321,-37.69205],[-59.23566,-37.69207],[-59.23773,-37.69294],[-59.24011,-37.69352],[-59.24052,-37.69542],[-59.24108,-37.69725],[-59.242,-37.69909],[-59.24321,-37.7007],[-59.24449,-37.70226],[-59.24657,-37.70358],[-59.24879,-37.70434],[-59.25015,-37.70589],[-59.25201,-37.70699],[-59.25373,-37.70838],[-59.25263,-37.71003],[-59.25011,-37.71025],[-59.24773,-37.71046],[-59.24542,-37.71074],[-59.24418,-37.71239],[-59.24546,-37.714],[-59.24624,-37.71578],[-59.24485,-37.71743],[-59.24261,-37.71823],[-59.24059,-37.71907],[-59.23928,-37.72061]]]}},{"type":"Feature","properties":{"fdc":"SIG 250 mil","sag":"IGN","crv":250,"mo2":6,"tipo":"Curva de nivel","ign":"lineas_de_geomorfologia_CA010.108423"},"geometry":{"type":"MultiLineString","coordinates":[[[-59.23928,-37.72061],[-59.2415,-37.72114],[-59.24402,-37.72127],[-59.24625,-37.72202],[-59.24884,-37.72232],[-59.25072,-37.72125],[-59.2529,-37.72023],[-59.25521,-37.72001],[-59.25774,-37.7194],[-59.25847,-37.71751],[-59.25792,-37.71562],[-59.25973,-37.71397],[-59.26211,-37.71312],[-59.26321,-37.71152],[-59.26222,-37.70992],[-59.26072,-37.70808],[-59.25856,-37.70749],[-59.25692,-37.70617],[-59.25744,-37.70433],[-59.25817,-37.70262],[-59.2563,-37.70312],[-59.25485,-37.70391],[-59.25293,-37.70058],[-59.25332,-37.69858],[-59.25203,-37.69709],[-59.25082,-37.69553],[-59.25192,-37.69388],[-59.251,-37.69215],[-59.2513,-37.69009],[-59.24908,-37.68945],[-59.24707,-37.68858],[-59.24659,-37.68657],[-59.24421,-37.68633],[-59.24235,-37.68512],[-59.24237,-37.68328],[-59.2421,-37.68134],[-59.24247,-37.67933],[-59.24127,-37.67749],[-59.24165,-37.67561],[-59.24374,-37.67442],[-59.24541,-37.67305],[-59.24741,-37.67396],[-59.25038,-37.67331],[-59.25188,-37.6708],[-59.25381,-37.66846],[-59.25425,-37.66618],[-59.25533,-37.66401],[-59.25912,-37.6647],[-59.25973,-37.66689],[-59.26035,-37.66824],[-59.25672,-37.67292],[-59.25607,-37.67485],[-59.25605,-37.67637],[-59.25645,-37.67855],[-59.25688,-37.67901],[-59.25933,-37.67926],[-59.26076,-37.68081],[-59.26167,-37.68259],[-59.26434,-37.68261],[-59.26591,-37.6841],[-59.26683,-37.68583],[-59.26783,-37.68749],[-59.26911,-37.6891],[-59.27024,-37.69083],[-59.27247,-37.69164],[-59.2747,-37.69211],[-59.27516,-37.68891],[-59.27654,-37.68714],[-59.27613,-37.6853],[-59.276,-37.68336],[-59.27703,-37.68164],[-59.27726,-37.6797],[-59.2807,-37.68098],[-59.28301,-37.6807],[-59.28386,-37.68225],[-59.28456,-37.68398],[-59.28687,-37.68439],[-59.28713,-37.68719],[-59.28712,-37.68909],[-59.28775,-37.69104],[-59.28593,-37.69235],[-59.28427,-37.69365],[-59.28635,-37.69458],[-59.28859,-37.6939],[-59.29033,-37.69225],[-59.29264,-37.69152],[-59.29316,-37.68935],[-59.29498,-37.68792],[-59.29736,-37.6876],[-59.29953,-37.68692],[-59.29832,-37.68525],[-59.29601,-37.68472],[-59.29401,-37.68351],[-59.29718,-37.68267],[-59.29978,-37.68222],[-59.30237,-37.68281],[-59.30423,-37.68419],[-59.30617,-37.68518],[-59.30862,-37.68531],[-59.3107,-37.68617],[-59.31191,-37.68721],[-59.31423,-37.68827],[-59.31401,-37.68862],[-59.31363,-37.68871],[-59.31103,-37.68881],[-59.30894,-37.6896],[-59.30691,-37.69051],[-59.30461,-37.69078],[-59.30379,-37.69267],[-59.3022,-37.69415],[-59.30125,-37.69598],[-59.30166,-37.69793],[-59.30345,-37.69925],[-59.30531,-37.70075],[-59.30711,-37.70208],[-59.30962,-37.70261],[-59.312,-37.70285],[-59.31379,-37.70417],[-59.31631,-37.70447],[-59.3179,-37.70299],[-59.31928,-37.70134],[-59.32052,-37.69968],[-59.32283,-37.69924],[-59.32557,-37.69931],[-59.32315,-37.69632],[-59.32179,-37.69459],[-59.32116,-37.69264],[-59.32089,-37.69075],[-59.3196,-37.68925],[-59.31781,-37.68793],[-59.31718,-37.68592],[-59.31749,-37.6838],[-59.31779,-37.68168],[-59.31744,-37.68082],[-59.31594,-37.67921],[-59.31364,-37.67909],[-59.31126,-37.6793],[-59.30926,-37.6778],[-59.30761,-37.67642],[-59.30386,-37.67646],[-59.30121,-37.67559],[-59.30034,-37.67632],[-59.29988,-37.67873],[-59.29766,-37.67786],[-59.29703,-37.67585],[-59.29553,-37.67447],[-59.29756,-37.6727],[-59.29765,-37.6711],[-59.29988,-37.6706],[-59.30225,-37.67078],[-59.30267,-37.67053],[-59.305,-37.6683],[-59.30501,-37.66724],[-59.30272,-37.66381],[-59.30555,-37.6629],[-59.30785,-37.66344],[-59.30935,-37.66293],[-59.3097,-37.66135],[-59.31087,-37.65951],[-59.31302,-37.65979],[-59.314,-37.66164],[-59.31364,-37.66426],[-59.31528,-37.66639],[-59.31609,-37.66823],[-59.31812,-37.66848],[-59.32049,-37.66881],[-59.32294,-37.66837],[-59.32532,-37.66883],[-59.32763,-37.66862],[-59.32879,-37.6669],[-59.32952,-37.66519],[-59.33146,-37.66669],[-59.33405,-37.6667],[-59.335,-37.66482],[-59.3353,-37.66275],[-59.33695,-37.6628],[-59.33868,-37.66449],[-59.34027,-37.6629],[-59.3428,-37.66222],[-59.34531,-37.66309],[-59.34747,-37.66413],[-59.34991,-37.66437],[-59.35222,-37.66393],[-59.35446,-37.66319],[-59.35426,-37.66119],[-59.356,-37.65999],[-59.35609,-37.65799],[-59.35732,-37.65639],[-59.3587,-37.65474],[-59.36116,-37.65423],[-59.36266,-37.6547],[-59.36351,-37.65602],[-59.36314,-37.65802],[-59.36385,-37.65986],[-59.3652,-37.66135],[-59.3662,-37.66313],[-59.36712,-37.66497],[-59.36929,-37.66429],[-59.37159,-37.66385],[-59.37317,-37.66523],[-59.37539,-37.6657],[-59.37687,-37.66606],[-59.37829,-37.66678],[-59.37964,-37.66606],[-59.38037,-37.66411],[-59.37981,-37.66325],[-59.37888,-37.66159],[-59.37818,-37.65952],[-59.37668,-37.65768],[-59.37416,-37.65756],[-59.37237,-37.65629],[-59.37174,-37.65428],[-59.37326,-37.65274],[-59.37197,-37.65119],[-59.36997,-37.64997],[-59.3684,-37.64842],[-59.36603,-37.64761],[-59.36358,-37.64783],[-59.36177,-37.64908],[-59.35932,-37.64872],[-59.35746,-37.64763],[-59.35596,-37.64596],[-59.35533,-37.64412],[-59.35513,-37.64223],[-59.35428,-37.64034],[-59.35558,-37.63948],[-59.35759,-37.64104],[-59.35923,-37.64248],[-59.36094,-37.64381],[-59.36347,-37.6433],[-59.36564,-37.64217],[-59.36637,-37.64028],[-59.3684,-37.63914],[-59.37055,-37.63979],[-59.373,-37.64025],[-59.3753,-37.64038],[-59.37768,-37.63959],[-59.37827,-37.63822],[-59.37886,-37.63621],[-59.37865,-37.63501],[-59.37902,-37.63318],[-59.37731,-37.6318],[-59.37603,-37.6303],[-59.37474,-37.62881],[-59.37447,-37.62697],[-59.37318,-37.62536],[-59.37491,-37.6233],[-59.37664,-37.62265],[-59.377,-37.61923],[-59.37635,-37.61739],[-59.37655,-37.61422],[-59.37756,-37.61173],[-59.3789,-37.60976],[-59.38008,-37.6074],[-59.3801,-37.60503],[-59.37995,-37.60292],[-59.38243,-37.60241],[-59.38407,-37.60518],[-59.38453,-37.60821],[-59.38567,-37.61072],[-59.38565,-37.61401],[-59.38513,-37.61625],[-59.38494,-37.61875],[-59.38609,-37.61994],[-59.38625,-37.62151],[-59.38706,-37.62336],[-59.38936,-37.62416],[-59.38986,-37.62456],[-59.39367,-37.62419],[-59.39532,-37.62459],[-59.39929,-37.62461],[-59.40108,-37.62712],[-59.39959,-37.6279],[-59.39628,-37.62867],[-59.39346,-37.63011],[-59.39228,-37.63195],[-59.3906,-37.63483],[-59.38992,-37.63681],[-59.38957,-37.63943],[-59.39134,-37.6455],[-59.39132,-37.64879],[-59.39229,-37.65064],[-59.39428,-37.65117],[-59.39444,-37.65118],[-59.39688,-37.65136],[-59.3994,-37.65234],[-59.40126,-37.65378],[-59.40298,-37.65511],[-59.40448,-37.65649],[-59.4049,-37.6585],[-59.40331,-37.65997],[-59.40114,-37.66105],[-59.3999,-37.66265],[-59.39953,-37.66454],[-59.40154,-37.66547],[-59.40377,-37.66502],[-59.40608,-37.66423],[-59.40846,-37.66406],[-59.41054,-37.66482],[-59.41263,-37.66557],[-59.41384,-37.66741],[-59.41563,-37.66867],[-59.41771,-37.66949],[-59.41979,-37.6703],[-59.42103,-37.66859],[-59.42004,-37.66686],[-59.41875,-37.66514],[-59.41776,-37.66307],[-59.41806,-37.66113],[-59.4193,-37.65936],[-59.42123,-37.6608],[-59.42345,-37.66132],[-59.42576,-37.66156],[-59.42791,-37.66243],[-59.42891,-37.66421],[-59.42897,-37.66621],[-59.43105,-37.66725],[-59.43197,-37.66897],[-59.43427,-37.66967],[-59.43585,-37.67105],[-59.43779,-37.67215],[-59.43909,-37.6706],[-59.43875,-37.66866],[-59.43876,-37.66648],[-59.43978,-37.6646],[-59.44061,-37.66335],[-59.44203,-37.66106],[-59.44247,-37.65783],[-59.44133,-37.65453],[-59.44195,-37.65039],[-59.44394,-37.65007],[-59.44706,-37.65272],[-59.44688,-37.65516],[-59.44735,-37.65772],[-59.44701,-37.65996],[-59.44806,-37.66233],[-59.44863,-37.66405],[-59.44849,-37.66492],[-59.45108,-37.66464],[-59.45326,-37.66356],[-59.45579,-37.66315],[-59.45536,-37.6607],[-59.45602,-37.65859],[-59.45668,-37.65659],[-59.45818,-37.65472],[-59.45994,-37.65431],[-59.46202,-37.65524],[-59.46374,-37.6569],[-59.4656,-37.65822],[-59.46855,-37.65869],[-59.46878,-37.65652],[-59.46757,-37.65456],[-59.46995,-37.65452],[-59.47181,-37.65561],[-59.47411,-37.65585],[-59.47599,-37.65471],[-59.47564,-37.65282],[-59.47523,-37.65081],[-59.47445,-37.64943],[-59.47531,-37.64818],[-59.47798,-37.64894],[-59.48049,-37.64917],[-59.4828,-37.64923],[-59.48489,-37.64827],[-59.48598,-37.64667],[-59.48671,-37.64473],[-59.48923,-37.64479],[-59.49131,-37.6456],[-59.49354,-37.64653],[-59.49585,-37.64631],[-59.4978,-37.64528],[-59.49917,-37.64351],[-59.49919,-37.64156],[-59.49855,-37.63979],[-59.4969,-37.63852],[-59.49878,-37.63732],[-59.5013,-37.6371],[-59.5036,-37.63711],[-59.50584,-37.63643],[-59.50621,-37.63431],[-59.50622,-37.63231],[-59.5048,-37.6307],[-59.50228,-37.63018],[-59.50048,-37.62874],[-59.4991,-37.62863],[-59.49562,-37.62888],[-59.49314,-37.62808],[-59.49133,-37.62715],[-59.48952,-37.62609],[-59.48788,-37.62476],[-59.48819,-37.62203],[-59.48905,-37.62201],[-59.49134,-37.62138],[-59.49533,-37.62243],[-59.49729,-37.62128],[-59.49974,-37.62083],[-59.50155,-37.61958],[-59.50221,-37.61757],[-59.50179,-37.61574],[-59.50064,-37.61414],[-59.49827,-37.61367],[-59.49627,-37.6128],[-59.4957,-37.61097],[-59.49693,-37.60902],[-59.49687,-37.60713],[-59.49537,-37.60558],[-59.493,-37.6046],[-59.49098,-37.60503],[-59.489,-37.60503],[-59.48701,-37.60567],[-59.48518,-37.60672],[-59.48287,-37.60671],[-59.48097,-37.60674],[-59.47926,-37.60541],[-59.47859,-37.60406],[-59.47876,-37.60301],[-59.47713,-37.60007],[-59.47563,-37.59852],[-59.47448,-37.59692],[-59.47421,-37.59473],[-59.47343,-37.59301],[-59.47164,-37.59175],[-59.46971,-37.59048],[-59.46828,-37.58876],[-59.46829,-37.58687],[-59.46686,-37.58526],[-59.465,-37.58399],[-59.46321,-37.58278],[-59.46164,-37.58146],[-59.46021,-37.57985],[-59.45834,-37.57858],[-59.45591,-37.57771],[-59.45361,-37.57748],[-59.45116,-37.57741],[-59.44879,-37.57757],[-59.44663,-37.57647],[-59.44448,-37.57584],[-59.44204,-37.57582],[-59.4393,-37.57668],[-59.43692,-37.57666],[-59.43564,-37.57517],[-59.43544,-37.57311],[-59.43451,-37.57127],[-59.43207,-37.57074],[-59.42962,-37.57148],[-59.4271,-37.57118],[-59.42503,-37.57014],[-59.42303,-37.56859],[-59.42044,-37.56829],[-59.41807,-37.56828],[-59.41576,-37.56827],[-59.41347,-37.56718],[-59.41125,-37.56619],[-59.41349,-37.56511],[-59.41594,-37.56461],[-59.41731,-37.56312],[-59.4184,-37.56147],[-59.41813,-37.55935],[-59.41677,-37.55762],[-59.41484,-37.55658],[-59.41378,-37.55486],[-59.41444,-37.55274],[-59.41366,-37.55085],[-59.41166,-37.54947],[-59.40965,-37.54843],[-59.40714,-37.5475],[-59.40519,-37.54864],[-59.40453,-37.55058],[-59.40372,-37.55259],[-59.40342,-37.55442],[-59.40247,-37.55624],[-59.40038,-37.55744],[-59.39815,-37.55697],[-59.39665,-37.55553],[-59.39465,-37.55455],[-59.39243,-37.55357],[-59.391,-37.55201],[-59.3903,-37.54995],[-59.39045,-37.54806],[-59.38947,-37.5461],[-59.38746,-37.54484],[-59.38508,-37.54483],[-59.38235,-37.54533],[-59.37997,-37.54532],[-59.37768,-37.54451],[-59.37531,-37.54398],[-59.37273,-37.5438],[-59.37021,-37.54401],[-59.36776,-37.54452],[-59.36539,-37.54428],[-59.36332,-37.54324],[-59.36116,-37.54191],[-59.36094,-37.54374],[-59.36157,-37.54581],[-59.36141,-37.54799],[-59.35896,-37.5486],[-59.35674,-37.54739],[-59.35452,-37.54641],[-59.35281,-37.54502],[-59.35051,-37.54393]]]}},{"type":"Feature","properties":{"fdc":"SIG 250 mil","sag":"IGN","crv":300,"mo2":6,"tipo":"Curva de nivel","ign":"lineas_de_geomorfologia_CA010.108483"},"geometry":{"type":"MultiLineString","coordinates":[[[-59.24257,-37.74371],[-59.24474,-37.74315],[-59.24404,-37.74126],[-59.24311,-37.73959],[-59.24191,-37.73798],[-59.24125,-37.73798],[-59.23981,-37.73755],[-59.23938,-37.73758],[-59.23911,-37.73769],[-59.23857,-37.73899],[-59.2387,-37.74094],[-59.24042,-37.74256],[-59.24257,-37.74371]]]}},{"type":"Feature","properties":{"fdc":"SIG 250 mil","sag":"IGN","crv":300,"mo2":6,"tipo":"Curva de nivel","ign":"lineas_de_geomorfologia_CA010.108514"},"geometry":{"type":"MultiLineString","coordinates":[[[-59.22173,-37.75731],[-59.22433,-37.7568],[-59.22543,-37.75521],[-59.22731,-37.7539],[-59.22676,-37.75206],[-59.22547,-37.75051],[-59.2252,-37.74862],[-59.22681,-37.74702],[-59.22862,-37.74583],[-59.23072,-37.74481],[-59.23295,-37.7454],[-59.23434,-37.74369],[-59.23471,-37.74169],[-59.23343,-37.74013],[-59.23345,-37.73824],[-59.2334,-37.73629],[-59.23177,-37.73549],[-59.22929,-37.73627],[-59.22684,-37.73654],[-59.22481,-37.7375],[-59.2245,-37.73945],[-59.2242,-37.74128],[-59.22396,-37.7434],[-59.22293,-37.74523],[-59.22198,-37.74688],[-59.21967,-37.74767],[-59.21856,-37.74932],[-59.22094,-37.75042],[-59.22135,-37.7522],[-59.22047,-37.75392],[-59.21872,-37.75517],[-59.21943,-37.757],[-59.22173,-37.75731]]]}},{"type":"Feature","properties":{"fdc":"SIG 250 mil","sag":"IGN","crv":250,"mo2":6,"tipo":"Curva de nivel","ign":"lineas_de_geomorfologia_CA010.108550"},"geometry":{"type":"MultiLineString","coordinates":[[[-59.21724,-37.76931],[-59.21479,-37.76907],[-59.21241,-37.76883],[-59.21003,-37.76892],[-59.20875,-37.76737],[-59.20652,-37.76644],[-59.20538,-37.76471],[-59.2072,-37.76352],[-59.20901,-37.76228],[-59.21033,-37.76045],[-59.21193,-37.75903],[-59.21324,-37.75743],[-59.21319,-37.75543],[-59.2122,-37.75359],[-59.20982,-37.75409],[-59.20757,-37.75511],[-59.20521,-37.75676],[-59.20346,-37.75744],[-59.20012,-37.75788],[-59.19783,-37.75579],[-59.19843,-37.75429],[-59.19959,-37.75384],[-59.20178,-37.75213],[-59.20396,-37.75111],[-59.20618,-37.74931],[-59.20836,-37.74807],[-59.21081,-37.7478],[-59.21292,-37.74649],[-59.21409,-37.74489],[-59.21259,-37.74334],[-59.21095,-37.74184],[-59.21082,-37.73995],[-59.21098,-37.73811],[-59.21223,-37.73646],[-59.21432,-37.73544],[-59.21628,-37.73448],[-59.21724,-37.73277],[-59.21926,-37.73181],[-59.22108,-37.7305],[-59.22261,-37.72902],[-59.22428,-37.7276],[-59.22531,-37.7271],[-59.22617,-37.72595],[-59.22833,-37.72539],[-59.23093,-37.725],[-59.23294,-37.72627],[-59.23465,-37.72766],[-59.23695,-37.72853],[-59.23947,-37.72855],[-59.24148,-37.72959],[-59.24269,-37.7312],[-59.24412,-37.73275],[-59.24461,-37.73465],[-59.24596,-37.73614],[-59.24725,-37.73769],[-59.24817,-37.73948],[-59.24736,-37.74148],[-59.24726,-37.74342],[-59.24617,-37.74513],[-59.24393,-37.7457],[-59.24155,-37.7458],[-59.23937,-37.7467],[-59.24073,-37.74831],[-59.24324,-37.74919],[-59.24569,-37.74943],[-59.24822,-37.74933],[-59.25081,-37.74905],[-59.25341,-37.74924],[-59.25586,-37.74943],[-59.25824,-37.74921],[-59.26076,-37.74963],[-59.26335,-37.74993],[-59.26573,-37.75],[-59.26723,-37.75167],[-59.26549,-37.75286],[-59.26304,-37.75245],[-59.2603,-37.75243],[-59.25806,-37.75288],[-59.25596,-37.75389],[-59.25443,-37.75526],[-59.25212,-37.75537],[-59.24983,-37.75461],[-59.24789,-37.75333],[-59.24544,-37.75292],[-59.24285,-37.75291],[-59.2401,-37.75306],[-59.23773,-37.75334],[-59.23727,-37.75522],[-59.23899,-37.75644],[-59.24115,-37.75731],[-59.24098,-37.75937],[-59.24147,-37.76131],[-59.24117,-37.76326],[-59.23857,-37.76331],[-59.23728,-37.7617],[-59.23644,-37.75974],[-59.23436,-37.75882],[-59.23198,-37.75811],[-59.2299,-37.7573],[-59.22723,-37.7578],[-59.2262,-37.75963],[-59.22539,-37.76151],[-59.22487,-37.76334],[-59.22227,-37.7631],[-59.22004,-37.76223],[-59.2188,-37.76405],[-59.21792,-37.76576],[-59.21848,-37.76766],[-59.21724,-37.76931]]]}}]}
