{"type":"FeatureCollection","features":[{"type":"Feature","properties":{"acq_date":"2012-02-10","acq_time":"0506","satellite":"N","confidence":"n","frp":0.13,"daynight":"N","type":0,"version":"2"},"geometry":{"type":"Point","coordinates":[-59.31609,-38.68523]}},{"type":"Feature","properties":{"acq_date":"2012-02-14","acq_time":"1750","satellite":"N","confidence":"l","frp":2.89,"daynight":"D","type":0,"version":"2"},"geometry":{"type":"Point","coordinates":[-58.69128,-38.55744]}},{"type":"Feature","properties":{"acq_date":"2012-02-21","acq_time":"1719","satellite":"N","confidence":"n","frp":4.43,"daynight":"D","type":0,"version":"2"},"geometry":{"type":"Point","coordinates":[-58.70732,-38.52799]}},{"type":"Feature","properties":{"acq_date":"2012-03-01","acq_time":"1750","satellite":"N","confidence":"n","frp":7.23,"daynight":"D","type":0,"version":"2"},"geometry":{"type":"Point","coordinates":[-59.16845,-38.56847]}},{"type":"Feature","properties":{"acq_date":"2012-04-03","acq_time":"1732","satellite":"N","confidence":"n","frp":2.44,"daynight":"D","type":0,"version":"2"},"geometry":{"type":"Point","coordinates":[-59.30393,-38.52583]}},{"type":"Feature","properties":{"acq_date":"2012-04-20","acq_time":"1713","satellite":"N","confidence":"n","frp":9.49,"daynight":"D","type":0,"version":"2"},"geometry":{"type":"Point","coordinates":[-58.80246,-38.55576]}},{"type":"Feature","properties":{"acq_date":"2012-04-20","acq_time":"1713","satellite":"N","confidence":"n","frp":58.73,"daynight":"D","type":0,"version":"2"},"geometry":{"type":"Point","coordinates":[-58.8001,-38.55875]}},{"type":"Feature","properties":{"acq_date":"2012-05-16","acq_time":"1725","satellite":"N","confidence":"n","frp":6.32,"daynight":"D","type":0,"version":"2"},"geometry":{"type":"Point","coordinates":[-59.16314,-38.67636]}},{"type":"Feature","properties":{"acq_date":"2012-05-16","acq_time":"1725","satellite":"N","confidence":"n","frp":1.69,"daynight":"D","type":0,"version":"2"},"geometry":{"type":"Point","coordinates":[-59.16403,-38.67923]}},{"type":"Feature","properties":{"acq_date":"2012-05-23","acq_time":"1653","satellite":"N","confidence":"n","frp":5.12,"daynight":"D","type":0,"version":"2"},"geometry":{"type":"Point","coordinates":[-59.16632,-38.67801]}},{"type":"Feature","properties":{"acq_date":"2012-05-23","acq_time":"1653","satellite":"N","confidence":"n","frp":7.2,"daynight":"D","type":0,"version":"2"},"geometry":{"type":"Point","coordinates":[-59.16063,-38.67778]}},{"type":"Feature","properties":{"acq_date":"2012-05-23","acq_time":"1653","satellite":"N","confidence":"n","frp":9.12,"daynight":"D","type":0,"version":"2"},"geometry":{"type":"Point","coordinates":[-59.16414,-38.67852]}},{"type":"Feature","properties":{"acq_date":"2012-05-23","acq_time":"1834","satellite":"N","confidence":"n","frp":4.34,"daynight":"D","type":0,"version":"2"},"geometry":{"type":"Point","coordinates":[-59.16253,-38.67908]}},{"type":"Feature","properties":{"acq_date":"2012-06-14","acq_time":"1821","satellite":"N","confidence":"n","frp":0.05,"daynight":"D","type":0,"version":"2"},"geometry":{"type":"Point","coordinates":[-59.31173,-38.26126]}},{"type":"Feature","properties":{"acq_date":"2012-06-16","acq_time":"1743","satellite":"N","confidence":"n","frp":2.08,"daynight":"D","type":0,"version":"2"},"geometry":{"type":"Point","coordinates":[-58.69659,-38.53266]}},{"type":"Feature","properties":{"acq_date":"2012-07-31","acq_time":"1659","satellite":"N","confidence":"n","frp":3.25,"daynight":"D","type":0,"version":"2"},"geometry":{"type":"Point","coordinates":[-59.14787,-38.59815]}},{"type":"Feature","properties":{"acq_date":"2012-07-31","acq_time":"1839","satellite":"N","confidence":"n","frp":3.14,"daynight":"D","type":0,"version":"2"},"geometry":{"type":"Point","coordinates":[-59.02454,-38.19139]}},{"type":"Feature","properties":{"acq_date":"2012-07-31","acq_time":"1839","satellite":"N","confidence":"n","frp":2.69,"daynight":"D","type":0,"version":"2"},"geometry":{"type":"Point","coordinates":[-59.02274,-38.19079]}},{"type":"Feature","properties":{"acq_date":"2012-10-04","acq_time":"1820","satellite":"N","confidence":"n","frp":8.74,"daynight":"D","type":0,"version":"2"},"geometry":{"type":"Point","coordinates":[-58.78162,-38.54057]}},{"type":"Feature","properties":{"acq_date":"2012-10-10","acq_time":"1808","satellite":"N","confidence":"n","frp":4.04,"daynight":"D","type":0,"version":"2"},"geometry":{"type":"Point","coordinates":[-58.97515,-38.52768]}},{"type":"Feature","properties":{"acq_date":"2012-10-24","acq_time":"1705","satellite":"N","confidence":"n","frp":4.22,"daynight":"D","type":0,"version":"2"},"geometry":{"type":"Point","coordinates":[-58.98422,-38.49406]}},{"type":"Feature","properties":{"acq_date":"2012-11-01","acq_time":"1756","satellite":"N","confidence":"l","frp":2.71,"daynight":"D","type":0,"version":"2"},"geometry":{"type":"Point","coordinates":[-59.23651,-37.8086]}},{"type":"Feature","properties":{"acq_date":"2012-11-02","acq_time":"1737","satellite":"N","confidence":"h","frp":89.95,"daynight":"D","type":0,"version":"2"},"geometry":{"type":"Point","coordinates":[-59.02181,-38.13002]}},{"type":"Feature","properties":{"acq_date":"2012-11-02","acq_time":"1737","satellite":"N","confidence":"n","frp":14.99,"daynight":"D","type":0,"version":"2"},"geometry":{"type":"Point","coordinates":[-59.02656,-38.13065]}},{"type":"Feature","properties":{"acq_date":"2012-11-02","acq_time":"1737","satellite":"N","confidence":"n","frp":89.95,"daynight":"D","type":0,"version":"2"},"geometry":{"type":"Point","coordinates":[-59.02254,-38.12657]}},{"type":"Feature","properties":{"acq_date":"2012-11-02","acq_time":"1737","satellite":"N","confidence":"n","frp":14.99,"daynight":"D","type":0,"version":"2"},"geometry":{"type":"Point","coordinates":[-59.02728,-38.12719]}},{"type":"Feature","properties":{"acq_date":"2012-11-05","acq_time":"1640","satellite":"N","confidence":"n","frp":7.16,"daynight":"D","type":0,"version":"2"},"geometry":{"type":"Point","coordinates":[-59.2494,-38.48595]}},{"type":"Feature","properties":{"acq_date":"2012-11-05","acq_time":"1640","satellite":"N","confidence":"n","frp":9.83,"daynight":"D","type":0,"version":"2"},"geometry":{"type":"Point","coordinates":[-59.24872,-38.48285]}},{"type":"Feature","properties":{"acq_date":"2012-11-12","acq_time":"1749","satellite":"N","confidence":"l","frp":1.93,"daynight":"D","type":0,"version":"2"},"geometry":{"type":"Point","coordinates":[-59.1703,-38.35363]}},{"type":"Feature","properties":{"acq_date":"2012-11-13","acq_time":"1730","satellite":"N","confidence":"n","frp":7.28,"daynight":"D","type":0,"version":"2"},"geometry":{"type":"Point","coordinates":[-59.11945,-38.29924]}},{"type":"Feature","properties":{"acq_date":"2012-11-17","acq_time":"1755","satellite":"N","confidence":"n","frp":3.18,"daynight":"D","type":0,"version":"2"},"geometry":{"type":"Point","coordinates":[-59.05462,-38.67546]}},{"type":"Feature","properties":{"acq_date":"2012-12-01","acq_time":"1833","satellite":"N","confidence":"n","frp":1.0,"daynight":"D","type":0,"version":"2"},"geometry":{"type":"Point","coordinates":[-59.0396,-38.53967]}},{"type":"Feature","properties":{"acq_date":"2012-12-14","acq_time":"1749","satellite":"N","confidence":"n","frp":7.03,"daynight":"D","type":0,"version":"2"},"geometry":{"type":"Point","coordinates":[-58.87387,-38.39038]}},{"type":"Feature","properties":{"acq_date":"2012-12-14","acq_time":"1749","satellite":"N","confidence":"n","frp":23.66,"daynight":"D","type":0,"version":"2"},"geometry":{"type":"Point","coordinates":[-58.87028,-38.38632]}},{"type":"Feature","properties":{"acq_date":"2012-12-14","acq_time":"1749","satellite":"N","confidence":"n","frp":12.33,"daynight":"D","type":0,"version":"2"},"geometry":{"type":"Point","coordinates":[-58.87473,-38.38704]}},{"type":"Feature","properties":{"acq_date":"2012-12-14","acq_time":"1749","satellite":"N","confidence":"n","frp":12.33,"daynight":"D","type":0,"version":"2"},"geometry":{"type":"Point","coordinates":[-58.87919,-38.38774]}},{"type":"Feature","properties":{"acq_date":"2012-12-14","acq_time":"1749","satellite":"N","confidence":"l","frp":3.87,"daynight":"D","type":0,"version":"2"},"geometry":{"type":"Point","coordinates":[-58.86942,-38.38966]}},{"type":"Feature","properties":{"acq_date":"2012-12-27","acq_time":"1845","satellite":"N","confidence":"n","frp":10.91,"daynight":"D","type":0,"version":"2"},"geometry":{"type":"Point","coordinates":[-59.17356,-38.05208]}},{"type":"Feature","properties":{"acq_date":"2012-12-27","acq_time":"1845","satellite":"N","confidence":"n","frp":6.55,"daynight":"D","type":0,"version":"2"},"geometry":{"type":"Point","coordinates":[-59.17449,-38.05759]}},{"type":"Feature","properties":{"acq_date":"2012-12-27","acq_time":"1845","satellite":"N","confidence":"n","frp":6.55,"daynight":"D","type":0,"version":"2"},"geometry":{"type":"Point","coordinates":[-59.17722,-38.05168]}},{"type":"Feature","properties":{"acq_date":"2012-12-27","acq_time":"1845","satellite":"N","confidence":"n","frp":9.28,"daynight":"D","type":0,"version":"2"},"geometry":{"type":"Point","coordinates":[-59.17927,-38.05374]}},{"type":"Feature","properties":{"acq_date":"2013-01-07","acq_time":"1839","satellite":"N","confidence":"n","frp":4.15,"daynight":"D","type":0,"version":"2"},"geometry":{"type":"Point","coordinates":[-59.37632,-38.60942]}},{"type":"Feature","properties":{"acq_date":"2013-02-15","acq_time":"1808","satellite":"N","confidence":"l","frp":2.8,"daynight":"D","type":0,"version":"2"},"geometry":{"type":"Point","coordinates":[-58.74614,-38.52195]}},{"type":"Feature","properties":{"acq_date":"2013-02-15","acq_time":"1808","satellite":"N","confidence":"n","frp":5.19,"daynight":"D","type":0,"version":"2"},"geometry":{"type":"Point","coordinates":[-58.74683,-38.52311]}},{"type":"Feature","properties":{"acq_date":"2013-02-20","acq_time":"1815","satellite":"N","confidence":"n","frp":2.64,"daynight":"D","type":0,"version":"2"},"geometry":{"type":"Point","coordinates":[-58.7484,-38.56821]}},{"type":"Feature","properties":{"acq_date":"2013-03-05","acq_time":"1731","satellite":"N","confidence":"l","frp":2.8,"daynight":"D","type":0,"version":"2"},"geometry":{"type":"Point","coordinates":[-59.06391,-38.67498]}},{"type":"Feature","properties":{"acq_date":"2013-03-23","acq_time":"1654","satellite":"N","confidence":"n","frp":5.76,"daynight":"D","type":0,"version":"2"},"geometry":{"type":"Point","coordinates":[-59.2485,-38.49298]}},{"type":"Feature","properties":{"acq_date":"2013-05-13","acq_time":"1738","satellite":"N","confidence":"n","frp":4.05,"daynight":"D","type":0,"version":"2"},"geometry":{"type":"Point","coordinates":[-59.06054,-38.67715]}},{"type":"Feature","properties":{"acq_date":"2013-05-13","acq_time":"1738","satellite":"N","confidence":"n","frp":3.57,"daynight":"D","type":0,"version":"2"},"geometry":{"type":"Point","coordinates":[-59.0588,-38.67649]}},{"type":"Feature","properties":{"acq_date":"2013-06-21","acq_time":"1707","satellite":"N","confidence":"n","frp":14.08,"daynight":"D","type":0,"version":"2"},"geometry":{"type":"Point","coordinates":[-58.68142,-38.53691]}},{"type":"Feature","properties":{"acq_date":"2013-06-21","acq_time":"1707","satellite":"N","confidence":"n","frp":7.45,"daynight":"D","type":0,"version":"2"},"geometry":{"type":"Point","coordinates":[-58.68076,-38.5358]}},{"type":"Feature","properties":{"acq_date":"2013-08-14","acq_time":"1655","satellite":"N","confidence":"h","frp":12.49,"daynight":"D","type":0,"version":"2"},"geometry":{"type":"Point","coordinates":[-59.31746,-37.99184]}},{"type":"Feature","properties":{"acq_date":"2013-08-14","acq_time":"1835","satellite":"N","confidence":"n","frp":6.68,"daynight":"D","type":0,"version":"2"},"geometry":{"type":"Point","coordinates":[-58.87276,-38.54726]}},{"type":"Feature","properties":{"acq_date":"2013-08-14","acq_time":"1835","satellite":"N","confidence":"n","frp":6.68,"daynight":"D","type":0,"version":"2"},"geometry":{"type":"Point","coordinates":[-58.8687,-38.54619]}},{"type":"Feature","properties":{"acq_date":"2013-08-17","acq_time":"1739","satellite":"N","confidence":"n","frp":2.09,"daynight":"D","type":0,"version":"2"},"geometry":{"type":"Point","coordinates":[-59.33221,-38.47808]}},{"type":"Feature","properties":{"acq_date":"2013-08-23","acq_time":"1727","satellite":"N","confidence":"n","frp":45.36,"daynight":"D","type":0,"version":"2"},"geometry":{"type":"Point","coordinates":[-59.17392,-37.76081]}},{"type":"Feature","properties":{"acq_date":"2013-08-23","acq_time":"1727","satellite":"N","confidence":"n","frp":44.11,"daynight":"D","type":0,"version":"2"},"geometry":{"type":"Point","coordinates":[-59.16781,-37.76017]}},{"type":"Feature","properties":{"acq_date":"2013-08-23","acq_time":"1727","satellite":"N","confidence":"n","frp":45.36,"daynight":"D","type":0,"version":"2"},"geometry":{"type":"Point","coordinates":[-59.17322,-37.76474]}},{"type":"Feature","properties":{"acq_date":"2013-08-26","acq_time":"1810","satellite":"N","confidence":"n","frp":2.64,"daynight":"D","type":0,"version":"2"},"geometry":{"type":"Point","coordinates":[-59.12832,-38.23901]}},{"type":"Feature","properties":{"acq_date":"2013-08-29","acq_time":"1854","satellite":"N","confidence":"n","frp":5.72,"daynight":"D","type":0,"version":"2"},"geometry":{"type":"Point","coordinates":[-59.19198,-38.11685]}},{"type":"Feature","properties":{"acq_date":"2013-09-25","acq_time":"1708","satellite":"N","confidence":"n","frp":5.03,"daynight":"D","type":0,"version":"2"},"geometry":{"type":"Point","coordinates":[-59.15742,-38.47746]}},{"type":"Feature","properties":{"acq_date":"2013-10-15","acq_time":"1734","satellite":"N","confidence":"n","frp":4.36,"daynight":"D","type":0,"version":"2"},"geometry":{"type":"Point","coordinates":[-59.13562,-37.84894]}},{"type":"Feature","properties":{"acq_date":"2013-10-15","acq_time":"1734","satellite":"N","confidence":"n","frp":4.36,"daynight":"D","type":0,"version":"2"},"geometry":{"type":"Point","coordinates":[-59.13631,-37.84529]}},{"type":"Feature","properties":{"acq_date":"2013-10-15","acq_time":"1734","satellite":"N","confidence":"n","frp":5.42,"daynight":"D","type":0,"version":"2"},"geometry":{"type":"Point","coordinates":[-59.131,-37.84465]}},{"type":"Feature","properties":{"acq_date":"2013-10-15","acq_time":"1734","satellite":"N","confidence":"n","frp":12.25,"daynight":"D","type":0,"version":"2"},"geometry":{"type":"Point","coordinates":[-59.35898,-38.10501]}},{"type":"Feature","properties":{"acq_date":"2013-10-15","acq_time":"1734","satellite":"N","confidence":"l","frp":37.4,"daynight":"D","type":0,"version":"2"},"geometry":{"type":"Point","coordinates":[-59.35829,-38.10871]}},{"type":"Feature","properties":{"acq_date":"2013-10-15","acq_time":"1734","satellite":"N","confidence":"n","frp":4.2,"daynight":"D","type":0,"version":"2"},"geometry":{"type":"Point","coordinates":[-59.36141,-38.11053]}},{"type":"Feature","properties":{"acq_date":"2013-12-28","acq_time":"1747","satellite":"N","confidence":"n","frp":5.74,"daynight":"D","type":0,"version":"2"},"geometry":{"type":"Point","coordinates":[-58.73962,-38.52063]}},{"type":"Feature","properties":{"acq_date":"2013-12-28","acq_time":"1747","satellite":"N","confidence":"n","frp":4.52,"daynight":"D","type":0,"version":"2"},"geometry":{"type":"Point","coordinates":[-59.08755,-38.51185]}},{"type":"Feature","properties":{"acq_date":"2013-12-28","acq_time":"1747","satellite":"N","confidence":"n","frp":4.52,"daynight":"D","type":0,"version":"2"},"geometry":{"type":"Point","coordinates":[-59.08677,-38.51521]}},{"type":"Feature","properties":{"acq_date":"2013-12-30","acq_time":"1709","satellite":"N","confidence":"n","frp":2.88,"daynight":"D","type":0,"version":"2"},"geometry":{"type":"Point","coordinates":[-58.74657,-38.53588]}},{"type":"Feature","properties":{"acq_date":"2014-01-02","acq_time":"1754","satellite":"N","confidence":"n","frp":1.14,"daynight":"D","type":0,"version":"2"},"geometry":{"type":"Point","coordinates":[-58.72911,-38.53366]}},{"type":"Feature","properties":{"acq_date":"2014-01-03","acq_time":"0515","satellite":"N","confidence":"n","frp":1.56,"daynight":"N","type":0,"version":"2"},"geometry":{"type":"Point","coordinates":[-59.20538,-38.27401]}},{"type":"Feature","properties":{"acq_date":"2014-01-03","acq_time":"0515","satellite":"N","confidence":"n","frp":5.69,"daynight":"N","type":0,"version":"2"},"geometry":{"type":"Point","coordinates":[-58.74501,-38.53609]}},{"type":"Feature","properties":{"acq_date":"2014-01-03","acq_time":"1735","satellite":"N","confidence":"n","frp":3.61,"daynight":"D","type":0,"version":"2"},"geometry":{"type":"Point","coordinates":[-58.83102,-38.51838]}},{"type":"Feature","properties":{"acq_date":"2014-01-04","acq_time":"1716","satellite":"N","confidence":"n","frp":35.01,"daynight":"D","type":0,"version":"2"},"geometry":{"type":"Point","coordinates":[-58.78781,-38.55359]}},{"type":"Feature","properties":{"acq_date":"2014-01-05","acq_time":"1837","satellite":"N","confidence":"n","frp":1.56,"daynight":"D","type":0,"version":"2"},"geometry":{"type":"Point","coordinates":[-58.71265,-38.56835]}},{"type":"Feature","properties":{"acq_date":"2014-01-07","acq_time":"1800","satellite":"N","confidence":"n","frp":10.02,"daynight":"D","type":0,"version":"2"},"geometry":{"type":"Point","coordinates":[-58.74968,-38.52956]}},{"type":"Feature","properties":{"acq_date":"2014-01-07","acq_time":"1800","satellite":"N","confidence":"l","frp":2.23,"daynight":"D","type":0,"version":"2"},"geometry":{"type":"Point","coordinates":[-58.76478,-38.54663]}},{"type":"Feature","properties":{"acq_date":"2014-01-07","acq_time":"1800","satellite":"N","confidence":"n","frp":2.32,"daynight":"D","type":0,"version":"2"},"geometry":{"type":"Point","coordinates":[-58.7638,-38.55006]}},{"type":"Feature","properties":{"acq_date":"2014-01-10","acq_time":"1844","satellite":"N","confidence":"h","frp":11.17,"daynight":"D","type":0,"version":"2"},"geometry":{"type":"Point","coordinates":[-58.69457,-38.52375]}},{"type":"Feature","properties":{"acq_date":"2014-01-12","acq_time":"1806","satellite":"N","confidence":"l","frp":3.14,"daynight":"D","type":0,"version":"2"},"geometry":{"type":"Point","coordinates":[-59.23369,-38.03213]}},{"type":"Feature","properties":{"acq_date":"2014-01-12","acq_time":"1806","satellite":"N","confidence":"l","frp":9.47,"daynight":"D","type":0,"version":"2"},"geometry":{"type":"Point","coordinates":[-58.66393,-38.56147]}},{"type":"Feature","properties":{"acq_date":"2014-01-12","acq_time":"1806","satellite":"N","confidence":"n","frp":15.25,"daynight":"D","type":0,"version":"2"},"geometry":{"type":"Point","coordinates":[-58.64682,-38.56201]}},{"type":"Feature","properties":{"acq_date":"2014-01-12","acq_time":"1806","satellite":"N","confidence":"n","frp":15.25,"daynight":"D","type":0,"version":"2"},"geometry":{"type":"Point","coordinates":[-58.64796,-38.5584]}},{"type":"Feature","properties":{"acq_date":"2014-01-12","acq_time":"1806","satellite":"N","confidence":"l","frp":3.14,"daynight":"D","type":0,"version":"2"},"geometry":{"type":"Point","coordinates":[-59.22962,-38.0276]}},{"type":"Feature","properties":{"acq_date":"2014-01-12","acq_time":"1806","satellite":"N","confidence":"n","frp":8.31,"daynight":"D","type":0,"version":"2"},"geometry":{"type":"Point","coordinates":[-59.23068,-38.02403]}},{"type":"Feature","properties":{"acq_date":"2014-01-12","acq_time":"1806","satellite":"N","confidence":"l","frp":8.31,"daynight":"D","type":0,"version":"2"},"geometry":{"type":"Point","coordinates":[-59.23582,-38.025]}},{"type":"Feature","properties":{"acq_date":"2014-01-12","acq_time":"1807","satellite":"N","confidence":"l","frp":10.6,"daynight":"D","type":0,"version":"2"},"geometry":{"type":"Point","coordinates":[-59.33726,-37.78407]}},{"type":"Feature","properties":{"acq_date":"2014-01-12","acq_time":"1807","satellite":"N","confidence":"l","frp":8.97,"daynight":"D","type":0,"version":"2"},"geometry":{"type":"Point","coordinates":[-59.33214,-37.78312]}},{"type":"Feature","properties":{"acq_date":"2014-01-12","acq_time":"1807","satellite":"N","confidence":"n","frp":53.89,"daynight":"D","type":0,"version":"2"},"geometry":{"type":"Point","coordinates":[-59.33443,-37.78345]}},{"type":"Feature","properties":{"acq_date":"2014-01-13","acq_time":"0528","satellite":"N","confidence":"n","frp":2.76,"daynight":"N","type":0,"version":"2"},"geometry":{"type":"Point","coordinates":[-59.35355,-38.04952]}},{"type":"Feature","properties":{"acq_date":"2014-01-13","acq_time":"1748","satellite":"N","confidence":"l","frp":31.82,"daynight":"D","type":0,"version":"2"},"geometry":{"type":"Point","coordinates":[-58.93328,-38.36571]}},{"type":"Feature","properties":{"acq_date":"2014-01-13","acq_time":"1748","satellite":"N","confidence":"l","frp":31.82,"daynight":"D","type":0,"version":"2"},"geometry":{"type":"Point","coordinates":[-58.93407,-38.36236]}},{"type":"Feature","properties":{"acq_date":"2014-01-13","acq_time":"1748","satellite":"N","confidence":"l","frp":5.32,"daynight":"D","type":0,"version":"2"},"geometry":{"type":"Point","coordinates":[-58.65158,-38.55411]}},{"type":"Feature","properties":{"acq_date":"2014-01-14","acq_time":"1729","satellite":"N","confidence":"n","frp":30.57,"daynight":"D","type":0,"version":"2"},"geometry":{"type":"Point","coordinates":[-59.5498,-37.98716]}},{"type":"Feature","properties":{"acq_date":"2014-01-14","acq_time":"1729","satellite":"N","confidence":"n","frp":28.73,"daynight":"D","type":0,"version":"2"},"geometry":{"type":"Point","coordinates":[-59.55762,-37.97978]}},{"type":"Feature","properties":{"acq_date":"2014-01-14","acq_time":"1729","satellite":"N","confidence":"l","frp":53.24,"daynight":"D","type":0,"version":"2"},"geometry":{"type":"Point","coordinates":[-59.55568,-37.99186]}},{"type":"Feature","properties":{"acq_date":"2014-01-14","acq_time":"1729","satellite":"N","confidence":"l","frp":30.57,"daynight":"D","type":0,"version":"2"},"geometry":{"type":"Point","coordinates":[-59.55633,-37.98783]}},{"type":"Feature","properties":{"acq_date":"2014-01-14","acq_time":"1729","satellite":"N","confidence":"n","frp":30.57,"daynight":"D","type":0,"version":"2"},"geometry":{"type":"Point","coordinates":[-59.55698,-37.98381]}},{"type":"Feature","properties":{"acq_date":"2014-01-14","acq_time":"1729","satellite":"N","confidence":"l","frp":53.24,"daynight":"D","type":0,"version":"2"},"geometry":{"type":"Point","coordinates":[-59.54915,-37.99118]}},{"type":"Feature","properties":{"acq_date":"2014-01-15","acq_time":"0450","satellite":"N","confidence":"n","frp":0.63,"daynight":"N","type":0,"version":"2"},"geometry":{"type":"Point","coordinates":[-59.55575,-37.97915]}},{"type":"Feature","properties":{"acq_date":"2014-01-15","acq_time":"0450","satellite":"N","confidence":"n","frp":0.81,"daynight":"N","type":0,"version":"2"},"geometry":{"type":"Point","coordinates":[-59.52471,-38.01527]}},{"type":"Feature","properties":{"acq_date":"2014-01-15","acq_time":"0450","satellite":"N","confidence":"n","frp":0.52,"daynight":"N","type":0,"version":"2"},"geometry":{"type":"Point","coordinates":[-58.75964,-38.53605]}},{"type":"Feature","properties":{"acq_date":"2014-01-15","acq_time":"1710","satellite":"N","confidence":"n","frp":1.74,"daynight":"D","type":0,"version":"2"},"geometry":{"type":"Point","coordinates":[-59.5582,-37.97797]}},{"type":"Feature","properties":{"acq_date":"2014-01-15","acq_time":"1710","satellite":"N","confidence":"n","frp":2.87,"daynight":"D","type":0,"version":"2"},"geometry":{"type":"Point","coordinates":[-59.20953,-38.28679]}},{"type":"Feature","properties":{"acq_date":"2014-01-15","acq_time":"1710","satellite":"N","confidence":"n","frp":2.44,"daynight":"D","type":0,"version":"2"},"geometry":{"type":"Point","coordinates":[-59.20993,-38.28574]}},{"type":"Feature","properties":{"acq_date":"2014-01-15","acq_time":"1850","satellite":"N","confidence":"h","frp":13.68,"daynight":"D","type":0,"version":"2"},"geometry":{"type":"Point","coordinates":[-59.54977,-38.00671]}},{"type":"Feature","properties":{"acq_date":"2014-01-15","acq_time":"1850","satellite":"N","confidence":"n","frp":13.68,"daynight":"D","type":0,"version":"2"},"geometry":{"type":"Point","coordinates":[-59.55532,-38.00833]}},{"type":"Feature","properties":{"acq_date":"2014-01-15","acq_time":"1850","satellite":"N","confidence":"n","frp":7.56,"daynight":"D","type":0,"version":"2"},"geometry":{"type":"Point","coordinates":[-58.69284,-38.52631]}},{"type":"Feature","properties":{"acq_date":"2014-01-15","acq_time":"1850","satellite":"N","confidence":"h","frp":80.5,"daynight":"D","type":0,"version":"2"},"geometry":{"type":"Point","coordinates":[-59.55246,-38.00087]}},{"type":"Feature","properties":{"acq_date":"2014-01-15","acq_time":"1850","satellite":"N","confidence":"l","frp":80.5,"daynight":"D","type":0,"version":"2"},"geometry":{"type":"Point","coordinates":[-59.55801,-38.00249]}},{"type":"Feature","properties":{"acq_date":"2014-01-15","acq_time":"1850","satellite":"N","confidence":"n","frp":69.31,"daynight":"D","type":0,"version":"2"},"geometry":{"type":"Point","coordinates":[-59.54691,-37.99925]}},{"type":"Feature","properties":{"acq_date":"2014-01-15","acq_time":"1850","satellite":"N","confidence":"n","frp":80.5,"daynight":"D","type":0,"version":"2"},"geometry":{"type":"Point","coordinates":[-59.56067,-37.99666]}},{"type":"Feature","properties":{"acq_date":"2014-01-17","acq_time":"1813","satellite":"N","confidence":"n","frp":6.1,"daynight":"D","type":0,"version":"2"},"geometry":{"type":"Point","coordinates":[-58.69522,-38.53861]}},{"type":"Feature","properties":{"acq_date":"2014-01-18","acq_time":"1754","satellite":"N","confidence":"n","frp":17.78,"daynight":"D","type":0,"version":"2"},"geometry":{"type":"Point","coordinates":[-59.243,-38.01887]}},{"type":"Feature","properties":{"acq_date":"2014-01-18","acq_time":"1754","satellite":"N","confidence":"n","frp":10.93,"daynight":"D","type":0,"version":"2"},"geometry":{"type":"Point","coordinates":[-59.24215,-38.02221]}},{"type":"Feature","properties":{"acq_date":"2014-01-18","acq_time":"1754","satellite":"N","confidence":"n","frp":2.86,"daynight":"D","type":0,"version":"2"},"geometry":{"type":"Point","coordinates":[-58.68052,-38.51997]}},{"type":"Feature","properties":{"acq_date":"2014-01-18","acq_time":"1754","satellite":"N","confidence":"l","frp":20.69,"daynight":"D","type":0,"version":"2"},"geometry":{"type":"Point","coordinates":[-58.67604,-38.51925]}},{"type":"Feature","properties":{"acq_date":"2014-01-18","acq_time":"1754","satellite":"N","confidence":"n","frp":7.14,"daynight":"D","type":0,"version":"2"},"geometry":{"type":"Point","coordinates":[-58.67964,-38.52332]}},{"type":"Feature","properties":{"acq_date":"2014-01-31","acq_time":"1710","satellite":"N","confidence":"n","frp":1.7,"daynight":"D","type":0,"version":"2"},"geometry":{"type":"Point","coordinates":[-59.18992,-38.27874]}},{"type":"Feature","properties":{"acq_date":"2014-02-01","acq_time":"1832","satellite":"N","confidence":"n","frp":3.85,"daynight":"D","type":0,"version":"2"},"geometry":{"type":"Point","coordinates":[-58.82316,-38.60451]}},{"type":"Feature","properties":{"acq_date":"2014-02-04","acq_time":"1735","satellite":"N","confidence":"n","frp":2.96,"daynight":"D","type":0,"version":"2"},"geometry":{"type":"Point","coordinates":[-59.38203,-38.64699]}},{"type":"Feature","properties":{"acq_date":"2014-02-19","acq_time":"1755","satellite":"N","confidence":"n","frp":5.47,"daynight":"D","type":0,"version":"2"},"geometry":{"type":"Point","coordinates":[-59.15057,-38.16937]}},{"type":"Feature","properties":{"acq_date":"2014-02-19","acq_time":"1755","satellite":"N","confidence":"n","frp":12.48,"daynight":"D","type":0,"version":"2"},"geometry":{"type":"Point","coordinates":[-59.14258,-38.16462]}},{"type":"Feature","properties":{"acq_date":"2014-02-19","acq_time":"1755","satellite":"N","confidence":"n","frp":12.48,"daynight":"D","type":0,"version":"2"},"geometry":{"type":"Point","coordinates":[-59.14701,-38.16533]}},{"type":"Feature","properties":{"acq_date":"2014-02-19","acq_time":"1755","satellite":"N","confidence":"n","frp":5.47,"daynight":"D","type":0,"version":"2"},"geometry":{"type":"Point","coordinates":[-59.15143,-38.16603]}},{"type":"Feature","properties":{"acq_date":"2014-02-19","acq_time":"1755","satellite":"N","confidence":"n","frp":27.26,"daynight":"D","type":0,"version":"2"},"geometry":{"type":"Point","coordinates":[-59.14343,-38.16129]}},{"type":"Feature","properties":{"acq_date":"2014-02-19","acq_time":"1755","satellite":"N","confidence":"n","frp":12.48,"daynight":"D","type":0,"version":"2"},"geometry":{"type":"Point","coordinates":[-59.14615,-38.16866]}},{"type":"Feature","properties":{"acq_date":"2014-04-11","acq_time":"1659","satellite":"N","confidence":"n","frp":10.31,"daynight":"D","type":0,"version":"2"},"geometry":{"type":"Point","coordinates":[-59.19674,-38.09772]}},{"type":"Feature","properties":{"acq_date":"2014-04-11","acq_time":"1659","satellite":"N","confidence":"h","frp":121.2,"daynight":"D","type":0,"version":"2"},"geometry":{"type":"Point","coordinates":[-59.18525,-38.10336]}},{"type":"Feature","properties":{"acq_date":"2014-04-11","acq_time":"1659","satellite":"N","confidence":"h","frp":16.92,"daynight":"D","type":0,"version":"2"},"geometry":{"type":"Point","coordinates":[-59.19115,-38.09752]}},{"type":"Feature","properties":{"acq_date":"2014-04-11","acq_time":"1659","satellite":"N","confidence":"n","frp":16.92,"daynight":"D","type":0,"version":"2"},"geometry":{"type":"Point","coordinates":[-59.18559,-38.0973]}},{"type":"Feature","properties":{"acq_date":"2014-04-11","acq_time":"1700","satellite":"N","confidence":"n","frp":71.49,"daynight":"D","type":0,"version":"2"},"geometry":{"type":"Point","coordinates":[-59.18201,-38.10213]}},{"type":"Feature","properties":{"acq_date":"2014-04-11","acq_time":"1700","satellite":"N","confidence":"h","frp":71.49,"daynight":"D","type":0,"version":"2"},"geometry":{"type":"Point","coordinates":[-59.18758,-38.10238]}},{"type":"Feature","properties":{"acq_date":"2014-04-24","acq_time":"1756","satellite":"N","confidence":"n","frp":1.76,"daynight":"D","type":0,"version":"2"},"geometry":{"type":"Point","coordinates":[-59.16647,-38.47479]}},{"type":"Feature","properties":{"acq_date":"2014-05-06","acq_time":"0512","satellite":"N","confidence":"n","frp":3.03,"daynight":"N","type":0,"version":"2"},"geometry":{"type":"Point","coordinates":[-59.06845,-38.67652]}},{"type":"Feature","properties":{"acq_date":"2014-08-04","acq_time":"1746","satellite":"N","confidence":"n","frp":7.24,"daynight":"D","type":0,"version":"2"},"geometry":{"type":"Point","coordinates":[-59.21012,-37.91499]}},{"type":"Feature","properties":{"acq_date":"2014-08-04","acq_time":"1746","satellite":"N","confidence":"n","frp":7.24,"daynight":"D","type":0,"version":"2"},"geometry":{"type":"Point","coordinates":[-59.2094,-37.91846]}},{"type":"Feature","properties":{"acq_date":"2014-08-14","acq_time":"1759","satellite":"N","confidence":"n","frp":1.29,"daynight":"D","type":0,"version":"2"},"geometry":{"type":"Point","coordinates":[-59.23083,-38.00562]}},{"type":"Feature","properties":{"acq_date":"2014-08-16","acq_time":"1901","satellite":"N","confidence":"n","frp":4.51,"daynight":"D","type":0,"version":"2"},"geometry":{"type":"Point","coordinates":[-59.20395,-38.07139]}},{"type":"Feature","properties":{"acq_date":"2014-08-17","acq_time":"0443","satellite":"N","confidence":"n","frp":0.51,"daynight":"N","type":0,"version":"2"},"geometry":{"type":"Point","coordinates":[-58.8298,-38.51716]}},{"type":"Feature","properties":{"acq_date":"2014-08-17","acq_time":"1702","satellite":"N","confidence":"n","frp":1.19,"daynight":"D","type":0,"version":"2"},"geometry":{"type":"Point","coordinates":[-58.99181,-38.55033]}},{"type":"Feature","properties":{"acq_date":"2014-10-22","acq_time":"1806","satellite":"N","confidence":"n","frp":8.13,"daynight":"D","type":0,"version":"2"},"geometry":{"type":"Point","coordinates":[-58.95911,-38.15283]}},{"type":"Feature","properties":{"acq_date":"2014-10-22","acq_time":"1806","satellite":"N","confidence":"n","frp":20.96,"daynight":"D","type":0,"version":"2"},"geometry":{"type":"Point","coordinates":[-59.31604,-38.63929]}},{"type":"Feature","properties":{"acq_date":"2014-10-22","acq_time":"1806","satellite":"N","confidence":"n","frp":20.96,"daynight":"D","type":0,"version":"2"},"geometry":{"type":"Point","coordinates":[-59.32068,-38.64008]}},{"type":"Feature","properties":{"acq_date":"2014-10-22","acq_time":"1806","satellite":"N","confidence":"n","frp":23.93,"daynight":"D","type":0,"version":"2"},"geometry":{"type":"Point","coordinates":[-59.32161,-38.63668]}},{"type":"Feature","properties":{"acq_date":"2014-10-22","acq_time":"1806","satellite":"N","confidence":"n","frp":23.93,"daynight":"D","type":0,"version":"2"},"geometry":{"type":"Point","coordinates":[-59.31697,-38.6359]}},{"type":"Feature","properties":{"acq_date":"2014-12-25","acq_time":"1805","satellite":"N","confidence":"l","frp":1.99,"daynight":"D","type":0,"version":"2"},"geometry":{"type":"Point","coordinates":[-59.20955,-38.17425]}},{"type":"Feature","properties":{"acq_date":"2015-01-12","acq_time":"1907","satellite":"N","confidence":"n","frp":5.25,"daynight":"D","type":0,"version":"2"},"geometry":{"type":"Point","coordinates":[-58.705,-38.53098]}},{"type":"Feature","properties":{"acq_date":"2015-02-22","acq_time":"1757","satellite":"N","confidence":"n","frp":11.84,"daynight":"D","type":0,"version":"2"},"geometry":{"type":"Point","coordinates":[-59.25163,-38.05064]}},{"type":"Feature","properties":{"acq_date":"2015-02-22","acq_time":"1757","satellite":"N","confidence":"n","frp":4.27,"daynight":"D","type":0,"version":"2"},"geometry":{"type":"Point","coordinates":[-59.25079,-38.05397]}},{"type":"Feature","properties":{"acq_date":"2015-05-27","acq_time":"1653","satellite":"N","confidence":"n","frp":3.73,"daynight":"D","type":0,"version":"2"},"geometry":{"type":"Point","coordinates":[-59.12296,-38.49763]}},{"type":"Feature","properties":{"acq_date":"2015-06-03","acq_time":"1802","satellite":"N","confidence":"n","frp":2.43,"daynight":"D","type":0,"version":"2"},"geometry":{"type":"Point","coordinates":[-59.47107,-38.0652]}},{"type":"Feature","properties":{"acq_date":"2015-06-03","acq_time":"1802","satellite":"N","confidence":"n","frp":2.01,"daynight":"D","type":0,"version":"2"},"geometry":{"type":"Point","coordinates":[-59.47566,-38.06598]}},{"type":"Feature","properties":{"acq_date":"2015-06-18","acq_time":"1821","satellite":"N","confidence":"n","frp":16.96,"daynight":"D","type":0,"version":"2"},"geometry":{"type":"Point","coordinates":[-59.26139,-37.87213]}},{"type":"Feature","properties":{"acq_date":"2015-07-06","acq_time":"1743","satellite":"N","confidence":"n","frp":0.15,"daynight":"D","type":0,"version":"2"},"geometry":{"type":"Point","coordinates":[-59.44241,-37.97609]}},{"type":"Feature","properties":{"acq_date":"2015-07-07","acq_time":"1724","satellite":"N","confidence":"n","frp":1.98,"daynight":"D","type":0,"version":"2"},"geometry":{"type":"Point","coordinates":[-59.17476,-37.75058]}},{"type":"Feature","properties":{"acq_date":"2015-07-25","acq_time":"1827","satellite":"N","confidence":"n","frp":33.76,"daynight":"D","type":0,"version":"2"},"geometry":{"type":"Point","coordinates":[-59.17383,-38.37731]}},{"type":"Feature","properties":{"acq_date":"2015-07-25","acq_time":"1827","satellite":"N","confidence":"n","frp":14.31,"daynight":"D","type":0,"version":"2"},"geometry":{"type":"Point","coordinates":[-59.17547,-38.37292]}},{"type":"Feature","properties":{"acq_date":"2015-07-25","acq_time":"1827","satellite":"N","confidence":"n","frp":14.31,"daynight":"D","type":0,"version":"2"},"geometry":{"type":"Point","coordinates":[-59.18101,-38.37419]}},{"type":"Feature","properties":{"acq_date":"2015-07-29","acq_time":"1851","satellite":"N","confidence":"n","frp":9.46,"daynight":"D","type":0,"version":"2"},"geometry":{"type":"Point","coordinates":[-58.8866,-38.3519]}},{"type":"Feature","properties":{"acq_date":"2015-07-29","acq_time":"1851","satellite":"N","confidence":"n","frp":13.19,"daynight":"D","type":0,"version":"2"},"geometry":{"type":"Point","coordinates":[-58.8807,-38.35014]}},{"type":"Feature","properties":{"acq_date":"2015-07-29","acq_time":"1851","satellite":"N","confidence":"n","frp":9.46,"daynight":"D","type":0,"version":"2"},"geometry":{"type":"Point","coordinates":[-58.88967,-38.35961]}},{"type":"Feature","properties":{"acq_date":"2015-07-30","acq_time":"0433","satellite":"N","confidence":"n","frp":1.09,"daynight":"N","type":0,"version":"2"},"geometry":{"type":"Point","coordinates":[-59.30485,-38.71349]}},{"type":"Feature","properties":{"acq_date":"2015-07-30","acq_time":"0433","satellite":"N","confidence":"n","frp":1.57,"daynight":"N","type":0,"version":"2"},"geometry":{"type":"Point","coordinates":[-59.3053,-38.7139]}},{"type":"Feature","properties":{"acq_date":"2015-08-27","acq_time":"1807","satellite":"N","confidence":"n","frp":4.26,"daynight":"D","type":0,"version":"2"},"geometry":{"type":"Point","coordinates":[-59.24479,-38.3098]}},{"type":"Feature","properties":{"acq_date":"2015-08-27","acq_time":"1807","satellite":"N","confidence":"n","frp":4.5,"daynight":"D","type":0,"version":"2"},"geometry":{"type":"Point","coordinates":[-59.24694,-38.31061]}},{"type":"Feature","properties":{"acq_date":"2015-09-03","acq_time":"1736","satellite":"N","confidence":"n","frp":2.99,"daynight":"D","type":0,"version":"2"},"geometry":{"type":"Point","coordinates":[-58.98325,-38.58915]}},{"type":"Feature","properties":{"acq_date":"2015-09-15","acq_time":"1710","satellite":"N","confidence":"n","frp":6.88,"daynight":"D","type":0,"version":"2"},"geometry":{"type":"Point","coordinates":[-58.77731,-38.56493]}},{"type":"Feature","properties":{"acq_date":"2015-09-19","acq_time":"1735","satellite":"N","confidence":"n","frp":14.29,"daynight":"D","type":0,"version":"2"},"geometry":{"type":"Point","coordinates":[-59.03847,-38.56037]}},{"type":"Feature","properties":{"acq_date":"2015-09-28","acq_time":"1807","satellite":"N","confidence":"n","frp":4.43,"daynight":"D","type":0,"version":"2"},"geometry":{"type":"Point","coordinates":[-58.93319,-38.25229]}},{"type":"Feature","properties":{"acq_date":"2015-09-28","acq_time":"1807","satellite":"N","confidence":"n","frp":5.77,"daynight":"D","type":0,"version":"2"},"geometry":{"type":"Point","coordinates":[-58.93464,-38.25303]}},{"type":"Feature","properties":{"acq_date":"2015-09-30","acq_time":"1729","satellite":"N","confidence":"n","frp":10.84,"daynight":"D","type":0,"version":"2"},"geometry":{"type":"Point","coordinates":[-58.94466,-38.25406]}},{"type":"Feature","properties":{"acq_date":"2015-09-30","acq_time":"1729","satellite":"N","confidence":"n","frp":10.84,"daynight":"D","type":0,"version":"2"},"geometry":{"type":"Point","coordinates":[-58.9453,-38.25014]}},{"type":"Feature","properties":{"acq_date":"2015-11-15","acq_time":"1806","satellite":"N","confidence":"l","frp":4.29,"daynight":"D","type":0,"version":"2"},"geometry":{"type":"Point","coordinates":[-59.05302,-38.57299]}},{"type":"Feature","properties":{"acq_date":"2015-11-15","acq_time":"1806","satellite":"N","confidence":"l","frp":5.15,"daynight":"D","type":0,"version":"2"},"geometry":{"type":"Point","coordinates":[-59.05819,-38.57395]}},{"type":"Feature","properties":{"acq_date":"2015-12-10","acq_time":"1837","satellite":"N","confidence":"h","frp":13.66,"daynight":"D","type":0,"version":"2"},"geometry":{"type":"Point","coordinates":[-58.82911,-38.51591]}},{"type":"Feature","properties":{"acq_date":"2015-12-10","acq_time":"1837","satellite":"N","confidence":"n","frp":6.59,"daynight":"D","type":0,"version":"2"},"geometry":{"type":"Point","coordinates":[-58.83323,-38.51699]}},{"type":"Feature","properties":{"acq_date":"2015-12-11","acq_time":"0419","satellite":"N","confidence":"n","frp":0.81,"daynight":"N","type":0,"version":"2"},"geometry":{"type":"Point","coordinates":[-58.8298,-38.51712]}},{"type":"Feature","properties":{"acq_date":"2015-12-11","acq_time":"0419","satellite":"N","confidence":"n","frp":0.97,"daynight":"N","type":0,"version":"2"},"geometry":{"type":"Point","coordinates":[-58.82998,-38.51553]}},{"type":"Feature","properties":{"acq_date":"2015-12-20","acq_time":"1850","satellite":"N","confidence":"h","frp":17.44,"daynight":"D","type":0,"version":"2"},"geometry":{"type":"Point","coordinates":[-58.89447,-38.45973]}},{"type":"Feature","properties":{"acq_date":"2015-12-20","acq_time":"1850","satellite":"N","confidence":"n","frp":9.14,"daynight":"D","type":0,"version":"2"},"geometry":{"type":"Point","coordinates":[-58.88861,-38.45797]}},{"type":"Feature","properties":{"acq_date":"2015-12-20","acq_time":"1850","satellite":"N","confidence":"n","frp":9.14,"daynight":"D","type":0,"version":"2"},"geometry":{"type":"Point","coordinates":[-58.88556,-38.45027]}},{"type":"Feature","properties":{"acq_date":"2015-12-20","acq_time":"1850","satellite":"N","confidence":"n","frp":9.14,"daynight":"D","type":0,"version":"2"},"geometry":{"type":"Point","coordinates":[-58.89143,-38.45203]}},{"type":"Feature","properties":{"acq_date":"2015-12-20","acq_time":"1850","satellite":"N","confidence":"h","frp":9.5,"daynight":"D","type":0,"version":"2"},"geometry":{"type":"Point","coordinates":[-58.89001,-38.46098]}},{"type":"Feature","properties":{"acq_date":"2015-12-20","acq_time":"1850","satellite":"N","confidence":"n","frp":9.5,"daynight":"D","type":0,"version":"2"},"geometry":{"type":"Point","coordinates":[-58.89587,-38.4627]}},{"type":"Feature","properties":{"acq_date":"2015-12-20","acq_time":"1850","satellite":"N","confidence":"n","frp":7.19,"daynight":"D","type":0,"version":"2"},"geometry":{"type":"Point","coordinates":[-58.88107,-38.45158]}},{"type":"Feature","properties":{"acq_date":"2015-12-20","acq_time":"1850","satellite":"N","confidence":"n","frp":7.19,"daynight":"D","type":0,"version":"2"},"geometry":{"type":"Point","coordinates":[-58.88697,-38.45331]}},{"type":"Feature","properties":{"acq_date":"2015-12-20","acq_time":"1850","satellite":"N","confidence":"n","frp":7.84,"daynight":"D","type":0,"version":"2"},"geometry":{"type":"Point","coordinates":[-58.89285,-38.45504]}},{"type":"Feature","properties":{"acq_date":"2015-12-27","acq_time":"1818","satellite":"N","confidence":"n","frp":7.15,"daynight":"D","type":0,"version":"2"},"geometry":{"type":"Point","coordinates":[-58.66999,-38.54797]}},{"type":"Feature","properties":{"acq_date":"2015-12-27","acq_time":"1818","satellite":"N","confidence":"n","frp":5.16,"daynight":"D","type":0,"version":"2"},"geometry":{"type":"Point","coordinates":[-58.67147,-38.54381]}},{"type":"Feature","properties":{"acq_date":"2015-12-29","acq_time":"1741","satellite":"N","confidence":"n","frp":1.28,"daynight":"D","type":0,"version":"2"},"geometry":{"type":"Point","coordinates":[-58.76463,-38.54995]}},{"type":"Feature","properties":{"acq_date":"2016-01-13","acq_time":"1759","satellite":"N","confidence":"l","frp":1.93,"daynight":"D","type":0,"version":"2"},"geometry":{"type":"Point","coordinates":[-58.72796,-38.51397]}},{"type":"Feature","properties":{"acq_date":"2016-01-15","acq_time":"1722","satellite":"N","confidence":"n","frp":15.3,"daynight":"D","type":0,"version":"2"},"geometry":{"type":"Point","coordinates":[-58.64574,-38.5645]}},{"type":"Feature","properties":{"acq_date":"2016-01-15","acq_time":"1722","satellite":"N","confidence":"n","frp":7.29,"daynight":"D","type":0,"version":"2"},"geometry":{"type":"Point","coordinates":[-58.66012,-38.56588]}},{"type":"Feature","properties":{"acq_date":"2016-01-15","acq_time":"1722","satellite":"N","confidence":"n","frp":3.02,"daynight":"D","type":0,"version":"2"},"geometry":{"type":"Point","coordinates":[-58.66492,-38.56634]}},{"type":"Feature","properties":{"acq_date":"2016-01-15","acq_time":"1722","satellite":"N","confidence":"l","frp":1.57,"daynight":"D","type":0,"version":"2"},"geometry":{"type":"Point","coordinates":[-58.77436,-38.55537]}},{"type":"Feature","properties":{"acq_date":"2016-01-21","acq_time":"1849","satellite":"N","confidence":"n","frp":8.37,"daynight":"D","type":0,"version":"2"},"geometry":{"type":"Point","coordinates":[-58.77458,-38.58228]}},{"type":"Feature","properties":{"acq_date":"2016-01-21","acq_time":"1849","satellite":"N","confidence":"n","frp":5.32,"daynight":"D","type":0,"version":"2"},"geometry":{"type":"Point","coordinates":[-58.77744,-38.57633]}},{"type":"Feature","properties":{"acq_date":"2016-02-03","acq_time":"1805","satellite":"N","confidence":"l","frp":7.08,"daynight":"D","type":0,"version":"2"},"geometry":{"type":"Point","coordinates":[-59.23107,-38.00961]}},{"type":"Feature","properties":{"acq_date":"2016-03-20","acq_time":"1702","satellite":"N","confidence":"n","frp":3.4,"daynight":"D","type":0,"version":"2"},"geometry":{"type":"Point","coordinates":[-59.17022,-38.61765]}},{"type":"Feature","properties":{"acq_date":"2016-03-22","acq_time":"1805","satellite":"N","confidence":"n","frp":23.53,"daynight":"D","type":0,"version":"2"},"geometry":{"type":"Point","coordinates":[-58.89941,-38.41248]}},{"type":"Feature","properties":{"acq_date":"2016-03-22","acq_time":"1805","satellite":"N","confidence":"n","frp":23.53,"daynight":"D","type":0,"version":"2"},"geometry":{"type":"Point","coordinates":[-58.89421,-38.4115]}},{"type":"Feature","properties":{"acq_date":"2016-06-26","acq_time":"1805","satellite":"N","confidence":"n","frp":7.59,"daynight":"D","type":0,"version":"2"},"geometry":{"type":"Point","coordinates":[-58.90314,-38.63076]}},{"type":"Feature","properties":{"acq_date":"2016-06-26","acq_time":"1805","satellite":"N","confidence":"n","frp":7.59,"daynight":"D","type":0,"version":"2"},"geometry":{"type":"Point","coordinates":[-58.90205,-38.63434]}},{"type":"Feature","properties":{"acq_date":"2016-08-22","acq_time":"1655","satellite":"N","confidence":"n","frp":3.11,"daynight":"D","type":0,"version":"2"},"geometry":{"type":"Point","coordinates":[-58.91953,-38.61879]}},{"type":"Feature","properties":{"acq_date":"2016-10-09","acq_time":"0435","satellite":"N","confidence":"n","frp":0.99,"daynight":"N","type":0,"version":"2"},"geometry":{"type":"Point","coordinates":[-59.13337,-37.99125]}},{"type":"Feature","properties":{"acq_date":"2016-12-01","acq_time":"0442","satellite":"N","confidence":"n","frp":0.39,"daynight":"N","type":0,"version":"2"},"geometry":{"type":"Point","coordinates":[-58.73409,-38.54609]}},{"type":"Feature","properties":{"acq_date":"2016-12-01","acq_time":"0442","satellite":"N","confidence":"n","frp":1.96,"daynight":"N","type":0,"version":"2"},"geometry":{"type":"Point","coordinates":[-59.18976,-38.11722]}},{"type":"Feature","properties":{"acq_date":"2016-12-01","acq_time":"0442","satellite":"N","confidence":"n","frp":1.22,"daynight":"N","type":0,"version":"2"},"geometry":{"type":"Point","coordinates":[-59.19362,-38.11283]}},{"type":"Feature","properties":{"acq_date":"2016-12-11","acq_time":"1714","satellite":"N","confidence":"n","frp":9.27,"daynight":"D","type":0,"version":"2"},"geometry":{"type":"Point","coordinates":[-59.05138,-38.36629]}},{"type":"Feature","properties":{"acq_date":"2016-12-11","acq_time":"1714","satellite":"N","confidence":"n","frp":14.66,"daynight":"D","type":0,"version":"2"},"geometry":{"type":"Point","coordinates":[-59.04995,-38.36427]}},{"type":"Feature","properties":{"acq_date":"2016-12-15","acq_time":"1739","satellite":"N","confidence":"l","frp":195.29,"daynight":"D","type":0,"version":"2"},"geometry":{"type":"Point","coordinates":[-58.98101,-38.26693]}},{"type":"Feature","properties":{"acq_date":"2016-12-15","acq_time":"1739","satellite":"N","confidence":"h","frp":82.57,"daynight":"D","type":0,"version":"2"},"geometry":{"type":"Point","coordinates":[-58.98175,-38.26348]}},{"type":"Feature","properties":{"acq_date":"2016-12-15","acq_time":"1739","satellite":"N","confidence":"h","frp":98.06,"daynight":"D","type":0,"version":"2"},"geometry":{"type":"Point","coordinates":[-58.98646,-38.26411]}},{"type":"Feature","properties":{"acq_date":"2016-12-15","acq_time":"1739","satellite":"N","confidence":"n","frp":82.57,"daynight":"D","type":0,"version":"2"},"geometry":{"type":"Point","coordinates":[-58.9825,-38.26004]}},{"type":"Feature","properties":{"acq_date":"2016-12-15","acq_time":"1739","satellite":"N","confidence":"l","frp":98.06,"daynight":"D","type":0,"version":"2"},"geometry":{"type":"Point","coordinates":[-58.98721,-38.26067]}},{"type":"Feature","properties":{"acq_date":"2016-12-15","acq_time":"1739","satellite":"N","confidence":"h","frp":65.26,"daynight":"D","type":0,"version":"2"},"geometry":{"type":"Point","coordinates":[-58.99269,-38.25785]}},{"type":"Feature","properties":{"acq_date":"2016-12-15","acq_time":"1739","satellite":"N","confidence":"n","frp":65.26,"daynight":"D","type":0,"version":"2"},"geometry":{"type":"Point","coordinates":[-58.98796,-38.25723]}},{"type":"Feature","properties":{"acq_date":"2016-12-15","acq_time":"1739","satellite":"N","confidence":"n","frp":13.68,"daynight":"D","type":0,"version":"2"},"geometry":{"type":"Point","coordinates":[-58.99741,-38.25847]}},{"type":"Feature","properties":{"acq_date":"2016-12-15","acq_time":"1739","satellite":"N","confidence":"h","frp":65.26,"daynight":"D","type":0,"version":"2"},"geometry":{"type":"Point","coordinates":[-58.99344,-38.25441]}},{"type":"Feature","properties":{"acq_date":"2016-12-15","acq_time":"1739","satellite":"N","confidence":"n","frp":13.68,"daynight":"D","type":0,"version":"2"},"geometry":{"type":"Point","coordinates":[-58.99814,-38.25503]}},{"type":"Feature","properties":{"acq_date":"2016-12-15","acq_time":"1739","satellite":"N","confidence":"l","frp":65.26,"daynight":"D","type":0,"version":"2"},"geometry":{"type":"Point","coordinates":[-58.98872,-38.25378]}},{"type":"Feature","properties":{"acq_date":"2016-12-15","acq_time":"1739","satellite":"N","confidence":"n","frp":34.74,"daynight":"D","type":0,"version":"2"},"geometry":{"type":"Point","coordinates":[-58.98946,-38.25034]}},{"type":"Feature","properties":{"acq_date":"2016-12-15","acq_time":"1739","satellite":"N","confidence":"n","frp":13.06,"daynight":"D","type":0,"version":"2"},"geometry":{"type":"Point","coordinates":[-58.99889,-38.25159]}},{"type":"Feature","properties":{"acq_date":"2016-12-15","acq_time":"1739","satellite":"N","confidence":"n","frp":34.74,"daynight":"D","type":0,"version":"2"},"geometry":{"type":"Point","coordinates":[-58.99493,-38.24752]}},{"type":"Feature","properties":{"acq_date":"2016-12-15","acq_time":"1739","satellite":"N","confidence":"l","frp":13.06,"daynight":"D","type":0,"version":"2"},"geometry":{"type":"Point","coordinates":[-58.99963,-38.24814]}},{"type":"Feature","properties":{"acq_date":"2016-12-15","acq_time":"1739","satellite":"N","confidence":"l","frp":13.06,"daynight":"D","type":0,"version":"2"},"geometry":{"type":"Point","coordinates":[-59.00432,-38.24876]}},{"type":"Feature","properties":{"acq_date":"2016-12-15","acq_time":"1739","satellite":"N","confidence":"n","frp":12.35,"daynight":"D","type":0,"version":"2"},"geometry":{"type":"Point","coordinates":[-59.00035,-38.24469]}},{"type":"Feature","properties":{"acq_date":"2016-12-15","acq_time":"1739","satellite":"N","confidence":"n","frp":3.52,"daynight":"D","type":0,"version":"2"},"geometry":{"type":"Point","coordinates":[-59.17447,-38.19218]}},{"type":"Feature","properties":{"acq_date":"2016-12-15","acq_time":"1739","satellite":"N","confidence":"n","frp":4.32,"daynight":"D","type":0,"version":"2"},"geometry":{"type":"Point","coordinates":[-59.17044,-38.1881]}},{"type":"Feature","properties":{"acq_date":"2016-12-15","acq_time":"1739","satellite":"N","confidence":"n","frp":17.21,"daynight":"D","type":0,"version":"2"},"geometry":{"type":"Point","coordinates":[-59.1752,-38.18872]}},{"type":"Feature","properties":{"acq_date":"2016-12-15","acq_time":"1739","satellite":"N","confidence":"n","frp":4.32,"daynight":"D","type":0,"version":"2"},"geometry":{"type":"Point","coordinates":[-59.17117,-38.18464]}},{"type":"Feature","properties":{"acq_date":"2016-12-15","acq_time":"1739","satellite":"N","confidence":"n","frp":17.21,"daynight":"D","type":0,"version":"2"},"geometry":{"type":"Point","coordinates":[-59.17593,-38.18526]}},{"type":"Feature","properties":{"acq_date":"2016-12-15","acq_time":"1739","satellite":"N","confidence":"n","frp":5.77,"daynight":"D","type":0,"version":"2"},"geometry":{"type":"Point","coordinates":[-59.17191,-38.18118]}},{"type":"Feature","properties":{"acq_date":"2016-12-15","acq_time":"1739","satellite":"N","confidence":"n","frp":30.42,"daynight":"D","type":0,"version":"2"},"geometry":{"type":"Point","coordinates":[-59.17667,-38.1818]}},{"type":"Feature","properties":{"acq_date":"2016-12-16","acq_time":"1720","satellite":"N","confidence":"n","frp":8.9,"daynight":"D","type":0,"version":"2"},"geometry":{"type":"Point","coordinates":[-59.05305,-38.33473]}},{"type":"Feature","properties":{"acq_date":"2016-12-16","acq_time":"1720","satellite":"N","confidence":"l","frp":89.27,"daynight":"D","type":0,"version":"2"},"geometry":{"type":"Point","coordinates":[-59.05365,-38.33047]}},{"type":"Feature","properties":{"acq_date":"2016-12-16","acq_time":"1720","satellite":"N","confidence":"l","frp":89.27,"daynight":"D","type":0,"version":"2"},"geometry":{"type":"Point","coordinates":[-59.0586,-38.33093]}},{"type":"Feature","properties":{"acq_date":"2016-12-16","acq_time":"1900","satellite":"N","confidence":"n","frp":6.74,"daynight":"D","type":0,"version":"2"},"geometry":{"type":"Point","coordinates":[-58.75083,-38.57712]}},{"type":"Feature","properties":{"acq_date":"2016-12-16","acq_time":"1900","satellite":"N","confidence":"n","frp":7.89,"daynight":"D","type":0,"version":"2"},"geometry":{"type":"Point","coordinates":[-58.74773,-38.57809]}},{"type":"Feature","properties":{"acq_date":"2016-12-16","acq_time":"1901","satellite":"N","confidence":"n","frp":21.57,"daynight":"D","type":0,"version":"2"},"geometry":{"type":"Point","coordinates":[-59.23133,-37.66877]}},{"type":"Feature","properties":{"acq_date":"2016-12-16","acq_time":"1901","satellite":"N","confidence":"h","frp":48.92,"daynight":"D","type":0,"version":"2"},"geometry":{"type":"Point","coordinates":[-59.22242,-37.66585]}},{"type":"Feature","properties":{"acq_date":"2016-12-16","acq_time":"1901","satellite":"N","confidence":"l","frp":14.81,"daynight":"D","type":0,"version":"2"},"geometry":{"type":"Point","coordinates":[-59.22443,-37.66085]}},{"type":"Feature","properties":{"acq_date":"2016-12-16","acq_time":"1901","satellite":"N","confidence":"n","frp":14.81,"daynight":"D","type":0,"version":"2"},"geometry":{"type":"Point","coordinates":[-59.22963,-37.67054]}},{"type":"Feature","properties":{"acq_date":"2016-12-16","acq_time":"1901","satellite":"N","confidence":"h","frp":14.81,"daynight":"D","type":0,"version":"2"},"geometry":{"type":"Point","coordinates":[-59.22076,-37.66758]}},{"type":"Feature","properties":{"acq_date":"2016-12-17","acq_time":"0442","satellite":"N","confidence":"n","frp":0.38,"daynight":"N","type":0,"version":"2"},"geometry":{"type":"Point","coordinates":[-58.70583,-38.55632]}},{"type":"Feature","properties":{"acq_date":"2017-01-02","acq_time":"1701","satellite":"N","confidence":"n","frp":3.12,"daynight":"D","type":0,"version":"2"},"geometry":{"type":"Point","coordinates":[-58.77576,-38.56161]}},{"type":"Feature","properties":{"acq_date":"2017-01-02","acq_time":"1701","satellite":"N","confidence":"l","frp":3.76,"daynight":"D","type":0,"version":"2"},"geometry":{"type":"Point","coordinates":[-58.77628,-38.56161]}},{"type":"Feature","properties":{"acq_date":"2017-01-04","acq_time":"1804","satellite":"N","confidence":"n","frp":18.8,"daynight":"D","type":0,"version":"2"},"geometry":{"type":"Point","coordinates":[-58.85863,-38.57419]}},{"type":"Feature","properties":{"acq_date":"2017-01-05","acq_time":"1745","satellite":"N","confidence":"l","frp":1.74,"daynight":"D","type":0,"version":"2"},"geometry":{"type":"Point","coordinates":[-58.75898,-38.56767]}},{"type":"Feature","properties":{"acq_date":"2017-01-10","acq_time":"1752","satellite":"N","confidence":"n","frp":1.41,"daynight":"D","type":0,"version":"2"},"geometry":{"type":"Point","coordinates":[-58.76225,-38.57867]}},{"type":"Feature","properties":{"acq_date":"2017-01-11","acq_time":"1733","satellite":"N","confidence":"n","frp":2.38,"daynight":"D","type":0,"version":"2"},"geometry":{"type":"Point","coordinates":[-58.68755,-38.5508]}},{"type":"Feature","properties":{"acq_date":"2017-01-16","acq_time":"1739","satellite":"N","confidence":"n","frp":7.43,"daynight":"D","type":0,"version":"2"},"geometry":{"type":"Point","coordinates":[-58.69474,-38.53886]}},{"type":"Feature","properties":{"acq_date":"2017-01-17","acq_time":"1720","satellite":"N","confidence":"n","frp":6.93,"daynight":"D","type":0,"version":"2"},"geometry":{"type":"Point","coordinates":[-59.38336,-38.01925]}},{"type":"Feature","properties":{"acq_date":"2017-01-17","acq_time":"1720","satellite":"N","confidence":"l","frp":3.08,"daynight":"D","type":0,"version":"2"},"geometry":{"type":"Point","coordinates":[-58.70974,-38.55103]}},{"type":"Feature","properties":{"acq_date":"2017-01-18","acq_time":"1701","satellite":"N","confidence":"n","frp":4.33,"daynight":"D","type":0,"version":"2"},"geometry":{"type":"Point","coordinates":[-58.74999,-38.53386]}},{"type":"Feature","properties":{"acq_date":"2017-01-18","acq_time":"1701","satellite":"N","confidence":"n","frp":4.33,"daynight":"D","type":0,"version":"2"},"geometry":{"type":"Point","coordinates":[-58.75046,-38.5284]}},{"type":"Feature","properties":{"acq_date":"2017-01-19","acq_time":"1642","satellite":"N","confidence":"n","frp":11.24,"daynight":"D","type":0,"version":"2"},"geometry":{"type":"Point","coordinates":[-58.73885,-38.51067]}},{"type":"Feature","properties":{"acq_date":"2017-01-19","acq_time":"1642","satellite":"N","confidence":"n","frp":11.46,"daynight":"D","type":0,"version":"2"},"geometry":{"type":"Point","coordinates":[-58.73877,-38.5176]}},{"type":"Feature","properties":{"acq_date":"2017-01-19","acq_time":"1642","satellite":"N","confidence":"n","frp":15.37,"daynight":"D","type":0,"version":"2"},"geometry":{"type":"Point","coordinates":[-58.73072,-38.51749]}},{"type":"Feature","properties":{"acq_date":"2017-01-20","acq_time":"1804","satellite":"N","confidence":"n","frp":4.48,"daynight":"D","type":0,"version":"2"},"geometry":{"type":"Point","coordinates":[-58.83079,-38.51728]}},{"type":"Feature","properties":{"acq_date":"2017-01-21","acq_time":"1745","satellite":"N","confidence":"n","frp":2.46,"daynight":"D","type":0,"version":"2"},"geometry":{"type":"Point","coordinates":[-58.83165,-38.51686]}},{"type":"Feature","properties":{"acq_date":"2017-01-29","acq_time":"1655","satellite":"N","confidence":"n","frp":9.39,"daynight":"D","type":0,"version":"2"},"geometry":{"type":"Point","coordinates":[-58.83041,-38.5164]}},{"type":"Feature","properties":{"acq_date":"2017-01-29","acq_time":"1835","satellite":"N","confidence":"n","frp":7.7,"daynight":"D","type":0,"version":"2"},"geometry":{"type":"Point","coordinates":[-58.83183,-38.52049]}},{"type":"Feature","properties":{"acq_date":"2017-01-29","acq_time":"1835","satellite":"N","confidence":"l","frp":6.7,"daynight":"D","type":0,"version":"2"},"geometry":{"type":"Point","coordinates":[-58.82772,-38.5194]}},{"type":"Feature","properties":{"acq_date":"2017-01-30","acq_time":"0416","satellite":"N","confidence":"n","frp":2.48,"daynight":"N","type":0,"version":"2"},"geometry":{"type":"Point","coordinates":[-58.83067,-38.51849]}},{"type":"Feature","properties":{"acq_date":"2017-01-30","acq_time":"1817","satellite":"N","confidence":"l","frp":4.88,"daynight":"D","type":0,"version":"2"},"geometry":{"type":"Point","coordinates":[-59.21626,-38.16876]}},{"type":"Feature","properties":{"acq_date":"2017-01-30","acq_time":"1817","satellite":"N","confidence":"n","frp":17.51,"daynight":"D","type":0,"version":"2"},"geometry":{"type":"Point","coordinates":[-59.21017,-38.17183]}},{"type":"Feature","properties":{"acq_date":"2017-01-30","acq_time":"1817","satellite":"N","confidence":"n","frp":17.51,"daynight":"D","type":0,"version":"2"},"geometry":{"type":"Point","coordinates":[-59.20875,-38.1759]}},{"type":"Feature","properties":{"acq_date":"2017-01-30","acq_time":"1817","satellite":"N","confidence":"l","frp":115.37,"daynight":"D","type":0,"version":"2"},"geometry":{"type":"Point","coordinates":[-59.212,-38.18101]}},{"type":"Feature","properties":{"acq_date":"2017-01-30","acq_time":"1817","satellite":"N","confidence":"h","frp":115.37,"daynight":"D","type":0,"version":"2"},"geometry":{"type":"Point","coordinates":[-59.20732,-38.17999]}},{"type":"Feature","properties":{"acq_date":"2017-01-30","acq_time":"1817","satellite":"N","confidence":"n","frp":115.37,"daynight":"D","type":0,"version":"2"},"geometry":{"type":"Point","coordinates":[-59.20591,-38.18407]}},{"type":"Feature","properties":{"acq_date":"2017-01-30","acq_time":"1817","satellite":"N","confidence":"l","frp":3.0,"daynight":"D","type":0,"version":"2"},"geometry":{"type":"Point","coordinates":[-59.21908,-38.16059]}},{"type":"Feature","properties":{"acq_date":"2017-01-30","acq_time":"1817","satellite":"N","confidence":"l","frp":5.38,"daynight":"D","type":0,"version":"2"},"geometry":{"type":"Point","coordinates":[-59.21669,-38.16426]}},{"type":"Feature","properties":{"acq_date":"2017-01-30","acq_time":"1817","satellite":"N","confidence":"n","frp":4.88,"daynight":"D","type":0,"version":"2"},"geometry":{"type":"Point","coordinates":[-59.21767,-38.16467]}},{"type":"Feature","properties":{"acq_date":"2017-01-30","acq_time":"1817","satellite":"N","confidence":"l","frp":17.51,"daynight":"D","type":0,"version":"2"},"geometry":{"type":"Point","coordinates":[-59.21484,-38.17284]}},{"type":"Feature","properties":{"acq_date":"2017-01-31","acq_time":"0358","satellite":"N","confidence":"n","frp":2.76,"daynight":"N","type":0,"version":"2"},"geometry":{"type":"Point","coordinates":[-59.20687,-38.18098]}},{"type":"Feature","properties":{"acq_date":"2017-01-31","acq_time":"0358","satellite":"N","confidence":"n","frp":2.76,"daynight":"N","type":0,"version":"2"},"geometry":{"type":"Point","coordinates":[-59.20414,-38.17528]}},{"type":"Feature","properties":{"acq_date":"2017-02-19","acq_time":"0441","satellite":"N","confidence":"n","frp":0.9,"daynight":"N","type":0,"version":"2"},"geometry":{"type":"Point","coordinates":[-59.26243,-38.70475]}},{"type":"Feature","properties":{"acq_date":"2017-05-04","acq_time":"1713","satellite":"N","confidence":"n","frp":25.1,"daynight":"D","type":0,"version":"2"},"geometry":{"type":"Point","coordinates":[-59.14164,-38.09811]}},{"type":"Feature","properties":{"acq_date":"2017-05-04","acq_time":"1713","satellite":"N","confidence":"n","frp":18.99,"daynight":"D","type":0,"version":"2"},"geometry":{"type":"Point","coordinates":[-59.14138,-38.09898]}},{"type":"Feature","properties":{"acq_date":"2017-05-04","acq_time":"1713","satellite":"N","confidence":"n","frp":8.74,"daynight":"D","type":0,"version":"2"},"geometry":{"type":"Point","coordinates":[-59.14809,-38.09474]}},{"type":"Feature","properties":{"acq_date":"2017-05-04","acq_time":"1713","satellite":"N","confidence":"n","frp":18.99,"daynight":"D","type":0,"version":"2"},"geometry":{"type":"Point","coordinates":[-59.14196,-38.09428]}},{"type":"Feature","properties":{"acq_date":"2017-05-04","acq_time":"1713","satellite":"N","confidence":"n","frp":8.74,"daynight":"D","type":0,"version":"2"},"geometry":{"type":"Point","coordinates":[-59.14752,-38.09944]}},{"type":"Feature","properties":{"acq_date":"2017-05-04","acq_time":"1713","satellite":"N","confidence":"n","frp":25.1,"daynight":"D","type":0,"version":"2"},"geometry":{"type":"Point","coordinates":[-59.14777,-38.0986]}},{"type":"Feature","properties":{"acq_date":"2017-05-06","acq_time":"1816","satellite":"N","confidence":"n","frp":29.15,"daynight":"D","type":0,"version":"2"},"geometry":{"type":"Point","coordinates":[-59.14345,-38.10474]}},{"type":"Feature","properties":{"acq_date":"2017-06-28","acq_time":"1642","satellite":"N","confidence":"n","frp":0.21,"daynight":"D","type":0,"version":"2"},"geometry":{"type":"Point","coordinates":[-59.34134,-38.28352]}},{"type":"Feature","properties":{"acq_date":"2017-07-24","acq_time":"1654","satellite":"N","confidence":"n","frp":3.02,"daynight":"D","type":0,"version":"2"},"geometry":{"type":"Point","coordinates":[-58.79958,-38.46618]}},{"type":"Feature","properties":{"acq_date":"2017-07-24","acq_time":"1654","satellite":"N","confidence":"n","frp":4.44,"daynight":"D","type":0,"version":"2"},"geometry":{"type":"Point","coordinates":[-58.79621,-38.47022]}},{"type":"Feature","properties":{"acq_date":"2017-10-06","acq_time":"1708","satellite":"N","confidence":"n","frp":4.57,"daynight":"D","type":0,"version":"2"},"geometry":{"type":"Point","coordinates":[-59.20641,-37.96923]}},{"type":"Feature","properties":{"acq_date":"2017-10-14","acq_time":"1758","satellite":"N","confidence":"n","frp":4.19,"daynight":"D","type":0,"version":"2"},"geometry":{"type":"Point","coordinates":[-59.38781,-37.96976]}},{"type":"Feature","properties":{"acq_date":"2018-01-10","acq_time":"1707","satellite":"N","confidence":"n","frp":4.66,"daynight":"D","type":0,"version":"2"},"geometry":{"type":"Point","coordinates":[-58.67484,-38.56318]}},{"type":"Feature","properties":{"acq_date":"2018-01-19","acq_time":"1739","satellite":"N","confidence":"l","frp":2.26,"daynight":"D","type":0,"version":"2"},"geometry":{"type":"Point","coordinates":[-58.77708,-38.5604]}},{"type":"Feature","properties":{"acq_date":"2018-01-28","acq_time":"1810","satellite":"N","confidence":"l","frp":3.76,"daynight":"D","type":0,"version":"2"},"geometry":{"type":"Point","coordinates":[-58.70031,-38.54901]}},{"type":"Feature","properties":{"acq_date":"2018-02-01","acq_time":"0435","satellite":"N","confidence":"n","frp":0.56,"daynight":"N","type":0,"version":"2"},"geometry":{"type":"Point","coordinates":[-58.83003,-38.51559]}},{"type":"Feature","properties":{"acq_date":"2018-02-01","acq_time":"1835","satellite":"N","confidence":"n","frp":2.6,"daynight":"D","type":0,"version":"2"},"geometry":{"type":"Point","coordinates":[-58.76836,-38.58237]}},{"type":"Feature","properties":{"acq_date":"2018-02-14","acq_time":"1751","satellite":"N","confidence":"n","frp":2.78,"daynight":"D","type":0,"version":"2"},"geometry":{"type":"Point","coordinates":[-58.72274,-38.5388]}},{"type":"Feature","properties":{"acq_date":"2018-02-15","acq_time":"1732","satellite":"N","confidence":"n","frp":12.49,"daynight":"D","type":0,"version":"2"},"geometry":{"type":"Point","coordinates":[-58.83232,-38.51783]}},{"type":"Feature","properties":{"acq_date":"2018-03-02","acq_time":"1751","satellite":"N","confidence":"n","frp":2.43,"daynight":"D","type":0,"version":"2"},"geometry":{"type":"Point","coordinates":[-58.68518,-38.53705]}},{"type":"Feature","properties":{"acq_date":"2018-03-07","acq_time":"1757","satellite":"N","confidence":"n","frp":2.22,"daynight":"D","type":0,"version":"2"},"geometry":{"type":"Point","coordinates":[-58.70993,-38.56441]}},{"type":"Feature","properties":{"acq_date":"2018-03-08","acq_time":"1738","satellite":"N","confidence":"n","frp":1.96,"daynight":"D","type":0,"version":"2"},"geometry":{"type":"Point","coordinates":[-59.10706,-38.32223]}},{"type":"Feature","properties":{"acq_date":"2018-03-09","acq_time":"1719","satellite":"N","confidence":"n","frp":5.28,"daynight":"D","type":0,"version":"2"},"geometry":{"type":"Point","coordinates":[-59.11561,-38.19661]}},{"type":"Feature","properties":{"acq_date":"2018-03-19","acq_time":"1732","satellite":"N","confidence":"n","frp":4.32,"daynight":"D","type":0,"version":"2"},"geometry":{"type":"Point","coordinates":[-59.23994,-38.05737]}},{"type":"Feature","properties":{"acq_date":"2018-03-26","acq_time":"1701","satellite":"N","confidence":"n","frp":0.16,"daynight":"D","type":0,"version":"2"},"geometry":{"type":"Point","coordinates":[-59.15956,-38.12397]}},{"type":"Feature","properties":{"acq_date":"2018-03-27","acq_time":"1822","satellite":"N","confidence":"n","frp":6.1,"daynight":"D","type":0,"version":"2"},"geometry":{"type":"Point","coordinates":[-58.78273,-38.58827]}},{"type":"Feature","properties":{"acq_date":"2018-04-03","acq_time":"1751","satellite":"N","confidence":"n","frp":4.58,"daynight":"D","type":0,"version":"2"},"geometry":{"type":"Point","coordinates":[-58.92021,-38.41079]}},{"type":"Feature","properties":{"acq_date":"2018-05-03","acq_time":"1829","satellite":"N","confidence":"n","frp":9.02,"daynight":"D","type":0,"version":"2"},"geometry":{"type":"Point","coordinates":[-59.26168,-38.42208]}},{"type":"Feature","properties":{"acq_date":"2018-06-25","acq_time":"1835","satellite":"N","confidence":"n","frp":5.93,"daynight":"D","type":0,"version":"2"},"geometry":{"type":"Point","coordinates":[-59.26186,-38.39085]}},{"type":"Feature","properties":{"acq_date":"2018-07-14","acq_time":"1738","satellite":"N","confidence":"n","frp":6.09,"daynight":"D","type":0,"version":"2"},"geometry":{"type":"Point","coordinates":[-58.78658,-38.419]}},{"type":"Feature","properties":{"acq_date":"2018-07-14","acq_time":"1738","satellite":"N","confidence":"n","frp":6.16,"daynight":"D","type":0,"version":"2"},"geometry":{"type":"Point","coordinates":[-58.78732,-38.41555]}},{"type":"Feature","properties":{"acq_date":"2018-08-01","acq_time":"1701","satellite":"N","confidence":"n","frp":3.0,"daynight":"D","type":0,"version":"2"},"geometry":{"type":"Point","coordinates":[-58.82434,-38.60883]}},{"type":"Feature","properties":{"acq_date":"2018-08-02","acq_time":"1823","satellite":"N","confidence":"n","frp":8.66,"daynight":"D","type":0,"version":"2"},"geometry":{"type":"Point","coordinates":[-59.41832,-38.06042]}},{"type":"Feature","properties":{"acq_date":"2018-08-02","acq_time":"1823","satellite":"N","confidence":"n","frp":17.27,"daynight":"D","type":0,"version":"2"},"geometry":{"type":"Point","coordinates":[-59.42171,-38.05849]}},{"type":"Feature","properties":{"acq_date":"2018-08-02","acq_time":"1823","satellite":"N","confidence":"n","frp":6.78,"daynight":"D","type":0,"version":"2"},"geometry":{"type":"Point","coordinates":[-59.41989,-38.05607]}},{"type":"Feature","properties":{"acq_date":"2018-08-04","acq_time":"1745","satellite":"N","confidence":"n","frp":4.07,"daynight":"D","type":0,"version":"2"},"geometry":{"type":"Point","coordinates":[-59.22297,-38.25579]}},{"type":"Feature","properties":{"acq_date":"2018-08-04","acq_time":"1745","satellite":"N","confidence":"n","frp":4.07,"daynight":"D","type":0,"version":"2"},"geometry":{"type":"Point","coordinates":[-59.22747,-38.25644]}},{"type":"Feature","properties":{"acq_date":"2018-08-15","acq_time":"1739","satellite":"N","confidence":"n","frp":1.19,"daynight":"D","type":0,"version":"2"},"geometry":{"type":"Point","coordinates":[-58.67222,-38.53046]}},{"type":"Feature","properties":{"acq_date":"2018-08-22","acq_time":"1848","satellite":"N","confidence":"n","frp":7.62,"daynight":"D","type":0,"version":"2"},"geometry":{"type":"Point","coordinates":[-58.73688,-38.52222]}},{"type":"Feature","properties":{"acq_date":"2018-08-28","acq_time":"1835","satellite":"N","confidence":"h","frp":6.03,"daynight":"D","type":0,"version":"2"},"geometry":{"type":"Point","coordinates":[-58.92369,-38.51339]}},{"type":"Feature","properties":{"acq_date":"2018-08-28","acq_time":"1835","satellite":"N","confidence":"n","frp":3.54,"daynight":"D","type":0,"version":"2"},"geometry":{"type":"Point","coordinates":[-58.92586,-38.50826]}},{"type":"Feature","properties":{"acq_date":"2018-08-28","acq_time":"1835","satellite":"N","confidence":"n","frp":3.54,"daynight":"D","type":0,"version":"2"},"geometry":{"type":"Point","coordinates":[-58.92986,-38.50933]}},{"type":"Feature","properties":{"acq_date":"2018-08-28","acq_time":"1835","satellite":"N","confidence":"h","frp":10.81,"daynight":"D","type":0,"version":"2"},"geometry":{"type":"Point","coordinates":[-58.92571,-38.51086]}},{"type":"Feature","properties":{"acq_date":"2018-08-28","acq_time":"1835","satellite":"N","confidence":"n","frp":7.16,"daynight":"D","type":0,"version":"2"},"geometry":{"type":"Point","coordinates":[-58.92168,-38.50982]}},{"type":"Feature","properties":{"acq_date":"2018-09-08","acq_time":"1649","satellite":"N","confidence":"n","frp":4.2,"daynight":"D","type":0,"version":"2"},"geometry":{"type":"Point","coordinates":[-58.94506,-38.24868]}},{"type":"Feature","properties":{"acq_date":"2018-09-08","acq_time":"1649","satellite":"N","confidence":"n","frp":7.62,"daynight":"D","type":0,"version":"2"},"geometry":{"type":"Point","coordinates":[-58.94615,-38.2504]}},{"type":"Feature","properties":{"acq_date":"2018-09-08","acq_time":"1829","satellite":"N","confidence":"n","frp":4.78,"daynight":"D","type":0,"version":"2"},"geometry":{"type":"Point","coordinates":[-58.94333,-38.24945]}},{"type":"Feature","properties":{"acq_date":"2018-10-04","acq_time":"1701","satellite":"N","confidence":"h","frp":14.08,"daynight":"D","type":0,"version":"2"},"geometry":{"type":"Point","coordinates":[-58.99184,-38.25833]}},{"type":"Feature","properties":{"acq_date":"2018-10-04","acq_time":"1701","satellite":"N","confidence":"h","frp":11.24,"daynight":"D","type":0,"version":"2"},"geometry":{"type":"Point","coordinates":[-58.99635,-38.25857]}},{"type":"Feature","properties":{"acq_date":"2018-10-04","acq_time":"1842","satellite":"N","confidence":"n","frp":7.31,"daynight":"D","type":0,"version":"2"},"geometry":{"type":"Point","coordinates":[-58.99387,-38.26073]}},{"type":"Feature","properties":{"acq_date":"2018-10-11","acq_time":"1810","satellite":"N","confidence":"n","frp":13.44,"daynight":"D","type":0,"version":"2"},"geometry":{"type":"Point","coordinates":[-58.91229,-38.49611]}},{"type":"Feature","properties":{"acq_date":"2018-10-11","acq_time":"1810","satellite":"N","confidence":"n","frp":35.21,"daynight":"D","type":0,"version":"2"},"geometry":{"type":"Point","coordinates":[-58.91339,-38.49661]}},{"type":"Feature","properties":{"acq_date":"2018-10-11","acq_time":"1810","satellite":"N","confidence":"n","frp":35.21,"daynight":"D","type":0,"version":"2"},"geometry":{"type":"Point","coordinates":[-58.91941,-38.49782]}},{"type":"Feature","properties":{"acq_date":"2018-10-11","acq_time":"1810","satellite":"N","confidence":"n","frp":22.3,"daynight":"D","type":0,"version":"2"},"geometry":{"type":"Point","coordinates":[-58.90861,-38.49158]}},{"type":"Feature","properties":{"acq_date":"2018-10-11","acq_time":"1810","satellite":"N","confidence":"n","frp":35.21,"daynight":"D","type":0,"version":"2"},"geometry":{"type":"Point","coordinates":[-58.91464,-38.49279]}},{"type":"Feature","properties":{"acq_date":"2018-10-11","acq_time":"1810","satellite":"N","confidence":"n","frp":6.28,"daynight":"D","type":0,"version":"2"},"geometry":{"type":"Point","coordinates":[-58.9183,-38.49735]}},{"type":"Feature","properties":{"acq_date":"2018-12-12","acq_time":"0448","satellite":"N","confidence":"n","frp":0.71,"daynight":"N","type":0,"version":"2"},"geometry":{"type":"Point","coordinates":[-58.83103,-38.51616]}},{"type":"Feature","properties":{"acq_date":"2018-12-23","acq_time":"1842","satellite":"N","confidence":"n","frp":8.48,"daynight":"D","type":0,"version":"2"},"geometry":{"type":"Point","coordinates":[-59.34658,-38.44688]}},{"type":"Feature","properties":{"acq_date":"2018-12-23","acq_time":"1842","satellite":"N","confidence":"h","frp":33.59,"daynight":"D","type":0,"version":"2"},"geometry":{"type":"Point","coordinates":[-59.349,-38.44143]}},{"type":"Feature","properties":{"acq_date":"2018-12-23","acq_time":"1842","satellite":"N","confidence":"n","frp":32.57,"daynight":"D","type":0,"version":"2"},"geometry":{"type":"Point","coordinates":[-59.35368,-38.44271]}},{"type":"Feature","properties":{"acq_date":"2018-12-26","acq_time":"0525","satellite":"N","confidence":"n","frp":0.57,"daynight":"N","type":0,"version":"2"},"geometry":{"type":"Point","coordinates":[-59.19603,-38.06764]}},{"type":"Feature","properties":{"acq_date":"2018-12-26","acq_time":"0525","satellite":"N","confidence":"n","frp":0.57,"daynight":"N","type":0,"version":"2"},"geometry":{"type":"Point","coordinates":[-59.19055,-38.06811]}},{"type":"Feature","properties":{"acq_date":"2018-12-26","acq_time":"0525","satellite":"N","confidence":"n","frp":0.99,"daynight":"N","type":0,"version":"2"},"geometry":{"type":"Point","coordinates":[-59.19118,-38.07257]}},{"type":"Feature","properties":{"acq_date":"2018-12-26","acq_time":"0525","satellite":"N","confidence":"n","frp":0.99,"daynight":"N","type":0,"version":"2"},"geometry":{"type":"Point","coordinates":[-59.19729,-38.07656]}},{"type":"Feature","properties":{"acq_date":"2018-12-26","acq_time":"0525","satellite":"N","confidence":"n","frp":0.99,"daynight":"N","type":0,"version":"2"},"geometry":{"type":"Point","coordinates":[-59.19182,-38.07703]}},{"type":"Feature","properties":{"acq_date":"2018-12-26","acq_time":"0525","satellite":"N","confidence":"n","frp":2.09,"daynight":"N","type":0,"version":"2"},"geometry":{"type":"Point","coordinates":[-59.19793,-38.08102]}},{"type":"Feature","properties":{"acq_date":"2018-12-26","acq_time":"0525","satellite":"N","confidence":"n","frp":2.09,"daynight":"N","type":0,"version":"2"},"geometry":{"type":"Point","coordinates":[-59.19245,-38.08149]}},{"type":"Feature","properties":{"acq_date":"2018-12-26","acq_time":"0525","satellite":"N","confidence":"n","frp":2.09,"daynight":"N","type":0,"version":"2"},"geometry":{"type":"Point","coordinates":[-59.19309,-38.08596]}},{"type":"Feature","properties":{"acq_date":"2019-02-07","acq_time":"1739","satellite":"N","confidence":"n","frp":5.99,"daynight":"D","type":0,"version":"2"},"geometry":{"type":"Point","coordinates":[-58.66673,-38.56682]}},{"type":"Feature","properties":{"acq_date":"2019-02-13","acq_time":"1726","satellite":"N","confidence":"l","frp":2.89,"daynight":"D","type":0,"version":"2"},"geometry":{"type":"Point","coordinates":[-58.69898,-38.54942]}},{"type":"Feature","properties":{"acq_date":"2019-02-14","acq_time":"1707","satellite":"N","confidence":"n","frp":5.37,"daynight":"D","type":0,"version":"2"},"geometry":{"type":"Point","coordinates":[-58.75595,-38.56794]}},{"type":"Feature","properties":{"acq_date":"2019-02-14","acq_time":"1707","satellite":"N","confidence":"n","frp":11.21,"daynight":"D","type":0,"version":"2"},"geometry":{"type":"Point","coordinates":[-58.88118,-38.62218]}},{"type":"Feature","properties":{"acq_date":"2019-02-14","acq_time":"1707","satellite":"N","confidence":"n","frp":33.44,"daynight":"D","type":0,"version":"2"},"geometry":{"type":"Point","coordinates":[-58.87389,-38.62167]}},{"type":"Feature","properties":{"acq_date":"2019-02-14","acq_time":"1707","satellite":"N","confidence":"n","frp":93.9,"daynight":"D","type":0,"version":"2"},"geometry":{"type":"Point","coordinates":[-58.87496,-38.62543]}},{"type":"Feature","properties":{"acq_date":"2019-02-14","acq_time":"1847","satellite":"N","confidence":"n","frp":11.81,"daynight":"D","type":0,"version":"2"},"geometry":{"type":"Point","coordinates":[-58.87533,-38.62534]}},{"type":"Feature","properties":{"acq_date":"2019-02-18","acq_time":"0513","satellite":"N","confidence":"n","frp":0.71,"daynight":"N","type":0,"version":"2"},"geometry":{"type":"Point","coordinates":[-58.85848,-38.44939]}},{"type":"Feature","properties":{"acq_date":"2019-02-18","acq_time":"1732","satellite":"N","confidence":"l","frp":2.28,"daynight":"D","type":0,"version":"2"},"geometry":{"type":"Point","coordinates":[-58.71698,-38.53624]}},{"type":"Feature","properties":{"acq_date":"2019-03-27","acq_time":"1738","satellite":"N","confidence":"n","frp":13.67,"daynight":"D","type":0,"version":"2"},"geometry":{"type":"Point","coordinates":[-59.29985,-38.30782]}},{"type":"Feature","properties":{"acq_date":"2019-03-27","acq_time":"1738","satellite":"N","confidence":"n","frp":6.34,"daynight":"D","type":0,"version":"2"},"geometry":{"type":"Point","coordinates":[-59.29912,-38.31132]}},{"type":"Feature","properties":{"acq_date":"2019-04-25","acq_time":"1835","satellite":"N","confidence":"n","frp":5.17,"daynight":"D","type":0,"version":"2"},"geometry":{"type":"Point","coordinates":[-58.89133,-38.36766]}},{"type":"Feature","properties":{"acq_date":"2019-04-25","acq_time":"1835","satellite":"N","confidence":"n","frp":2.75,"daynight":"D","type":0,"version":"2"},"geometry":{"type":"Point","coordinates":[-58.8903,-38.37024]}},{"type":"Feature","properties":{"acq_date":"2019-04-25","acq_time":"1835","satellite":"N","confidence":"n","frp":2.75,"daynight":"D","type":0,"version":"2"},"geometry":{"type":"Point","coordinates":[-58.89248,-38.36508]}},{"type":"Feature","properties":{"acq_date":"2019-04-30","acq_time":"1841","satellite":"N","confidence":"h","frp":12.79,"daynight":"D","type":0,"version":"2"},"geometry":{"type":"Point","coordinates":[-58.87627,-38.41658]}},{"type":"Feature","properties":{"acq_date":"2019-04-30","acq_time":"1841","satellite":"N","confidence":"n","frp":12.79,"daynight":"D","type":0,"version":"2"},"geometry":{"type":"Point","coordinates":[-58.88116,-38.41795]}},{"type":"Feature","properties":{"acq_date":"2019-04-30","acq_time":"1841","satellite":"N","confidence":"n","frp":12.79,"daynight":"D","type":0,"version":"2"},"geometry":{"type":"Point","coordinates":[-58.88364,-38.41241]}},{"type":"Feature","properties":{"acq_date":"2019-04-30","acq_time":"1841","satellite":"N","confidence":"l","frp":12.79,"daynight":"D","type":0,"version":"2"},"geometry":{"type":"Point","coordinates":[-58.87875,-38.41103]}},{"type":"Feature","properties":{"acq_date":"2019-05-05","acq_time":"1707","satellite":"N","confidence":"n","frp":9.2,"daynight":"D","type":0,"version":"2"},"geometry":{"type":"Point","coordinates":[-59.18733,-37.78641]}},{"type":"Feature","properties":{"acq_date":"2019-05-05","acq_time":"1707","satellite":"N","confidence":"n","frp":7.96,"daynight":"D","type":0,"version":"2"},"geometry":{"type":"Point","coordinates":[-59.18772,-37.78411]}},{"type":"Feature","properties":{"acq_date":"2019-05-16","acq_time":"1841","satellite":"N","confidence":"h","frp":148.73,"daynight":"D","type":0,"version":"2"},"geometry":{"type":"Point","coordinates":[-59.17245,-38.41617]}},{"type":"Feature","properties":{"acq_date":"2019-05-16","acq_time":"1841","satellite":"N","confidence":"n","frp":112.89,"daynight":"D","type":0,"version":"2"},"geometry":{"type":"Point","coordinates":[-59.16772,-38.41485]}},{"type":"Feature","properties":{"acq_date":"2019-05-16","acq_time":"1841","satellite":"N","confidence":"l","frp":148.73,"daynight":"D","type":0,"version":"2"},"geometry":{"type":"Point","coordinates":[-59.17718,-38.41749]}},{"type":"Feature","properties":{"acq_date":"2019-07-27","acq_time":"1752","satellite":"N","confidence":"n","frp":1.38,"daynight":"D","type":0,"version":"2"},"geometry":{"type":"Point","coordinates":[-59.37794,-38.02946]}},{"type":"Feature","properties":{"acq_date":"2019-08-05","acq_time":"1823","satellite":"N","confidence":"n","frp":3.92,"daynight":"D","type":0,"version":"2"},"geometry":{"type":"Point","coordinates":[-58.8951,-38.3421]}},{"type":"Feature","properties":{"acq_date":"2019-08-05","acq_time":"1823","satellite":"N","confidence":"n","frp":3.92,"daynight":"D","type":0,"version":"2"},"geometry":{"type":"Point","coordinates":[-58.89679,-38.33765]}},{"type":"Feature","properties":{"acq_date":"2019-08-05","acq_time":"1823","satellite":"N","confidence":"n","frp":4.44,"daynight":"D","type":0,"version":"2"},"geometry":{"type":"Point","coordinates":[-58.90419,-38.33454]}},{"type":"Feature","properties":{"acq_date":"2019-08-09","acq_time":"1708","satellite":"N","confidence":"n","frp":12.62,"daynight":"D","type":0,"version":"2"},"geometry":{"type":"Point","coordinates":[-59.1671,-38.10448]}},{"type":"Feature","properties":{"acq_date":"2019-08-16","acq_time":"1817","satellite":"N","confidence":"n","frp":8.84,"daynight":"D","type":0,"version":"2"},"geometry":{"type":"Point","coordinates":[-59.35884,-38.69483]}},{"type":"Feature","properties":{"acq_date":"2019-09-18","acq_time":"1758","satellite":"N","confidence":"n","frp":30.53,"daynight":"D","type":0,"version":"2"},"geometry":{"type":"Point","coordinates":[-59.21612,-37.98396]}},{"type":"Feature","properties":{"acq_date":"2019-09-18","acq_time":"1758","satellite":"N","confidence":"n","frp":30.53,"daynight":"D","type":0,"version":"2"},"geometry":{"type":"Point","coordinates":[-59.21983,-37.98817]}},{"type":"Feature","properties":{"acq_date":"2019-09-18","acq_time":"1758","satellite":"N","confidence":"n","frp":30.53,"daynight":"D","type":0,"version":"2"},"geometry":{"type":"Point","coordinates":[-59.21519,-37.98737]}},{"type":"Feature","properties":{"acq_date":"2019-09-26","acq_time":"1707","satellite":"N","confidence":"n","frp":10.92,"daynight":"D","type":0,"version":"2"},"geometry":{"type":"Point","coordinates":[-59.05057,-38.26574]}},{"type":"Feature","properties":{"acq_date":"2019-09-26","acq_time":"1707","satellite":"N","confidence":"n","frp":8.58,"daynight":"D","type":0,"version":"2"},"geometry":{"type":"Point","coordinates":[-59.04315,-38.26527]}},{"type":"Feature","properties":{"acq_date":"2019-09-26","acq_time":"1707","satellite":"N","confidence":"n","frp":8.58,"daynight":"D","type":0,"version":"2"},"geometry":{"type":"Point","coordinates":[-59.04263,-38.27036]}},{"type":"Feature","properties":{"acq_date":"2019-09-26","acq_time":"1848","satellite":"N","confidence":"h","frp":17.8,"daynight":"D","type":0,"version":"2"},"geometry":{"type":"Point","coordinates":[-59.17758,-38.53878]}},{"type":"Feature","properties":{"acq_date":"2019-09-26","acq_time":"1848","satellite":"N","confidence":"n","frp":17.8,"daynight":"D","type":0,"version":"2"},"geometry":{"type":"Point","coordinates":[-59.17485,-38.54463]}},{"type":"Feature","properties":{"acq_date":"2019-09-26","acq_time":"1848","satellite":"N","confidence":"n","frp":26.19,"daynight":"D","type":0,"version":"2"},"geometry":{"type":"Point","coordinates":[-59.16921,-38.54297]}},{"type":"Feature","properties":{"acq_date":"2019-10-09","acq_time":"1804","satellite":"N","confidence":"n","frp":10.24,"daynight":"D","type":0,"version":"2"},"geometry":{"type":"Point","coordinates":[-58.95246,-38.25325]}},{"type":"Feature","properties":{"acq_date":"2019-10-09","acq_time":"1804","satellite":"N","confidence":"n","frp":5.24,"daynight":"D","type":0,"version":"2"},"geometry":{"type":"Point","coordinates":[-59.30256,-38.13399]}},{"type":"Feature","properties":{"acq_date":"2019-10-10","acq_time":"1745","satellite":"N","confidence":"n","frp":4.31,"daynight":"D","type":0,"version":"2"},"geometry":{"type":"Point","coordinates":[-58.89954,-38.35881]}},{"type":"Feature","properties":{"acq_date":"2019-10-10","acq_time":"1745","satellite":"N","confidence":"n","frp":4.06,"daynight":"D","type":0,"version":"2"},"geometry":{"type":"Point","coordinates":[-58.90398,-38.35946]}},{"type":"Feature","properties":{"acq_date":"2019-10-31","acq_time":"1751","satellite":"N","confidence":"n","frp":2.65,"daynight":"D","type":0,"version":"2"},"geometry":{"type":"Point","coordinates":[-58.7789,-38.55571]}},{"type":"Feature","properties":{"acq_date":"2020-01-17","acq_time":"1828","satellite":"N","confidence":"n","frp":11.94,"daynight":"D","type":0,"version":"2"},"geometry":{"type":"Point","coordinates":[-59.2501,-37.75217]}},{"type":"Feature","properties":{"acq_date":"2020-01-17","acq_time":"1828","satellite":"N","confidence":"h","frp":20.1,"daynight":"D","type":0,"version":"2"},"geometry":{"type":"Point","coordinates":[-59.24762,-37.75239]}},{"type":"Feature","properties":{"acq_date":"2020-01-27","acq_time":"0441","satellite":"N","confidence":"n","frp":0.89,"daynight":"N","type":0,"version":"2"},"geometry":{"type":"Point","coordinates":[-58.83015,-38.51861]}},{"type":"Feature","properties":{"acq_date":"2020-01-27","acq_time":"0441","satellite":"N","confidence":"n","frp":0.89,"daynight":"N","type":0,"version":"2"},"geometry":{"type":"Point","coordinates":[-58.82914,-38.51516]}},{"type":"Feature","properties":{"acq_date":"2020-01-27","acq_time":"1700","satellite":"N","confidence":"n","frp":2.56,"daynight":"D","type":0,"version":"2"},"geometry":{"type":"Point","coordinates":[-58.69135,-38.53493]}},{"type":"Feature","properties":{"acq_date":"2020-01-27","acq_time":"1700","satellite":"N","confidence":"n","frp":1.94,"daynight":"D","type":0,"version":"2"},"geometry":{"type":"Point","coordinates":[-58.74646,-38.57095]}},{"type":"Feature","properties":{"acq_date":"2020-04-10","acq_time":"1853","satellite":"N","confidence":"n","frp":3.29,"daynight":"D","type":0,"version":"2"},"geometry":{"type":"Point","coordinates":[-59.047,-38.59435]}},{"type":"Feature","properties":{"acq_date":"2020-04-11","acq_time":"1835","satellite":"N","confidence":"n","frp":0.28,"daynight":"D","type":0,"version":"2"},"geometry":{"type":"Point","coordinates":[-59.36454,-37.94479]}},{"type":"Feature","properties":{"acq_date":"2020-04-15","acq_time":"1719","satellite":"N","confidence":"n","frp":2.75,"daynight":"D","type":0,"version":"2"},"geometry":{"type":"Point","coordinates":[-59.0176,-38.3364]}},{"type":"Feature","properties":{"acq_date":"2020-08-13","acq_time":"1810","satellite":"N","confidence":"n","frp":8.81,"daynight":"D","type":0,"version":"2"},"geometry":{"type":"Point","coordinates":[-58.88175,-38.52677]}},{"type":"Feature","properties":{"acq_date":"2020-08-13","acq_time":"1810","satellite":"N","confidence":"n","frp":8.81,"daynight":"D","type":0,"version":"2"},"geometry":{"type":"Point","coordinates":[-58.87573,-38.52556]}},{"type":"Feature","properties":{"acq_date":"2020-08-13","acq_time":"1810","satellite":"N","confidence":"n","frp":8.81,"daynight":"D","type":0,"version":"2"},"geometry":{"type":"Point","coordinates":[-58.8805,-38.53058]}},{"type":"Feature","properties":{"acq_date":"2020-08-31","acq_time":"1733","satellite":"N","confidence":"n","frp":14.91,"daynight":"D","type":0,"version":"2"},"geometry":{"type":"Point","coordinates":[-59.29164,-37.93816]}},{"type":"Feature","properties":{"acq_date":"2020-08-31","acq_time":"1733","satellite":"N","confidence":"n","frp":14.91,"daynight":"D","type":0,"version":"2"},"geometry":{"type":"Point","coordinates":[-59.29232,-37.93447]}},{"type":"Feature","properties":{"acq_date":"2020-09-01","acq_time":"1714","satellite":"N","confidence":"n","frp":5.33,"daynight":"D","type":0,"version":"2"},"geometry":{"type":"Point","coordinates":[-58.90731,-38.30079]}},{"type":"Feature","properties":{"acq_date":"2020-09-01","acq_time":"1714","satellite":"N","confidence":"n","frp":4.07,"daynight":"D","type":0,"version":"2"},"geometry":{"type":"Point","coordinates":[-58.90343,-38.29768]}},{"type":"Feature","properties":{"acq_date":"2020-09-21","acq_time":"1739","satellite":"N","confidence":"n","frp":2.62,"daynight":"D","type":0,"version":"2"},"geometry":{"type":"Point","coordinates":[-59.1404,-38.31841]}},{"type":"Feature","properties":{"acq_date":"2020-09-23","acq_time":"0441","satellite":"N","confidence":"n","frp":1.85,"daynight":"N","type":0,"version":"2"},"geometry":{"type":"Point","coordinates":[-58.74438,-38.53049]}},{"type":"Feature","properties":{"acq_date":"2020-09-23","acq_time":"1701","satellite":"N","confidence":"n","frp":3.78,"daynight":"D","type":0,"version":"2"},"geometry":{"type":"Point","coordinates":[-59.33703,-38.03397]}},{"type":"Feature","properties":{"acq_date":"2020-09-23","acq_time":"1701","satellite":"N","confidence":"n","frp":3.78,"daynight":"D","type":0,"version":"2"},"geometry":{"type":"Point","coordinates":[-59.34172,-38.03421]}},{"type":"Feature","properties":{"acq_date":"2020-09-23","acq_time":"1701","satellite":"N","confidence":"n","frp":3.78,"daynight":"D","type":0,"version":"2"},"geometry":{"type":"Point","coordinates":[-59.34214,-38.02856]}},{"type":"Feature","properties":{"acq_date":"2020-09-23","acq_time":"1841","satellite":"N","confidence":"n","frp":2.08,"daynight":"D","type":0,"version":"2"},"geometry":{"type":"Point","coordinates":[-59.15917,-38.47896]}},{"type":"Feature","properties":{"acq_date":"2020-09-24","acq_time":"1642","satellite":"N","confidence":"n","frp":4.53,"daynight":"D","type":0,"version":"2"},"geometry":{"type":"Point","coordinates":[-58.94796,-38.45686]}},{"type":"Feature","properties":{"acq_date":"2020-09-24","acq_time":"1642","satellite":"N","confidence":"n","frp":4.53,"daynight":"D","type":0,"version":"2"},"geometry":{"type":"Point","coordinates":[-58.94791,-38.46389]}},{"type":"Feature","properties":{"acq_date":"2020-09-24","acq_time":"1642","satellite":"N","confidence":"n","frp":7.38,"daynight":"D","type":0,"version":"2"},"geometry":{"type":"Point","coordinates":[-58.9477,-38.46045]}},{"type":"Feature","properties":{"acq_date":"2020-10-07","acq_time":"1739","satellite":"N","confidence":"n","frp":2.32,"daynight":"D","type":0,"version":"2"},"geometry":{"type":"Point","coordinates":[-59.12327,-38.37196]}},{"type":"Feature","properties":{"acq_date":"2020-10-09","acq_time":"1701","satellite":"N","confidence":"h","frp":18.78,"daynight":"D","type":0,"version":"2"},"geometry":{"type":"Point","coordinates":[-58.91069,-38.49417]}},{"type":"Feature","properties":{"acq_date":"2020-10-09","acq_time":"1701","satellite":"N","confidence":"n","frp":13.92,"daynight":"D","type":0,"version":"2"},"geometry":{"type":"Point","coordinates":[-58.91519,-38.49439]}},{"type":"Feature","properties":{"acq_date":"2020-10-09","acq_time":"1701","satellite":"N","confidence":"n","frp":18.78,"daynight":"D","type":0,"version":"2"},"geometry":{"type":"Point","coordinates":[-58.90622,-38.49394]}},{"type":"Feature","properties":{"acq_date":"2020-10-09","acq_time":"1841","satellite":"N","confidence":"h","frp":10.51,"daynight":"D","type":0,"version":"2"},"geometry":{"type":"Point","coordinates":[-58.9105,-38.49163]}},{"type":"Feature","properties":{"acq_date":"2020-10-09","acq_time":"1841","satellite":"N","confidence":"n","frp":11.49,"daynight":"D","type":0,"version":"2"},"geometry":{"type":"Point","coordinates":[-58.9147,-38.49286]}},{"type":"Feature","properties":{"acq_date":"2020-10-09","acq_time":"1841","satellite":"N","confidence":"h","frp":11.49,"daynight":"D","type":0,"version":"2"},"geometry":{"type":"Point","coordinates":[-58.90983,-38.49152]}},{"type":"Feature","properties":{"acq_date":"2020-10-09","acq_time":"1841","satellite":"N","confidence":"h","frp":10.51,"daynight":"D","type":0,"version":"2"},"geometry":{"type":"Point","coordinates":[-58.91536,-38.493]}},{"type":"Feature","properties":{"acq_date":"2020-10-13","acq_time":"1726","satellite":"N","confidence":"n","frp":7.58,"daynight":"D","type":0,"version":"2"},"geometry":{"type":"Point","coordinates":[-58.86798,-38.51952]}},{"type":"Feature","properties":{"acq_date":"2020-10-13","acq_time":"1726","satellite":"N","confidence":"h","frp":23.56,"daynight":"D","type":0,"version":"2"},"geometry":{"type":"Point","coordinates":[-58.86732,-38.52343]}},{"type":"Feature","properties":{"acq_date":"2020-10-15","acq_time":"1829","satellite":"N","confidence":"n","frp":7.18,"daynight":"D","type":0,"version":"2"},"geometry":{"type":"Point","coordinates":[-58.93702,-38.50924]}},{"type":"Feature","properties":{"acq_date":"2020-10-15","acq_time":"1829","satellite":"N","confidence":"n","frp":10.68,"daynight":"D","type":0,"version":"2"},"geometry":{"type":"Point","coordinates":[-58.92838,-38.51234]}},{"type":"Feature","properties":{"acq_date":"2020-10-16","acq_time":"1810","satellite":"N","confidence":"n","frp":7.85,"daynight":"D","type":0,"version":"2"},"geometry":{"type":"Point","coordinates":[-59.06595,-38.05149]}},{"type":"Feature","properties":{"acq_date":"2020-10-16","acq_time":"1810","satellite":"N","confidence":"n","frp":5.66,"daynight":"D","type":0,"version":"2"},"geometry":{"type":"Point","coordinates":[-59.05871,-38.05409]}},{"type":"Feature","properties":{"acq_date":"2020-10-20","acq_time":"1835","satellite":"N","confidence":"h","frp":13.74,"daynight":"D","type":0,"version":"2"},"geometry":{"type":"Point","coordinates":[-58.91399,-38.49072]}},{"type":"Feature","properties":{"acq_date":"2020-10-20","acq_time":"1835","satellite":"N","confidence":"n","frp":4.55,"daynight":"D","type":0,"version":"2"},"geometry":{"type":"Point","coordinates":[-58.92019,-38.48664]}},{"type":"Feature","properties":{"acq_date":"2020-10-20","acq_time":"1835","satellite":"N","confidence":"n","frp":4.55,"daynight":"D","type":0,"version":"2"},"geometry":{"type":"Point","coordinates":[-58.91615,-38.48557]}},{"type":"Feature","properties":{"acq_date":"2020-10-20","acq_time":"1835","satellite":"N","confidence":"n","frp":13.74,"daynight":"D","type":0,"version":"2"},"geometry":{"type":"Point","coordinates":[-58.91803,-38.49179]}},{"type":"Feature","properties":{"acq_date":"2020-10-25","acq_time":"0441","satellite":"N","confidence":"n","frp":0.64,"daynight":"N","type":0,"version":"2"},"geometry":{"type":"Point","coordinates":[-58.83099,-38.51859]}},{"type":"Feature","properties":{"acq_date":"2020-11-30","acq_time":"0506","satellite":"N","confidence":"n","frp":0.75,"daynight":"N","type":0,"version":"2"},"geometry":{"type":"Point","coordinates":[-58.82742,-38.51534]}},{"type":"Feature","properties":{"acq_date":"2020-12-13","acq_time":"1641","satellite":"N","confidence":"n","frp":3.76,"daynight":"D","type":0,"version":"2"},"geometry":{"type":"Point","coordinates":[-58.65617,-38.55814]}},{"type":"Feature","properties":{"acq_date":"2020-12-13","acq_time":"1641","satellite":"N","confidence":"n","frp":6.4,"daynight":"D","type":0,"version":"2"},"geometry":{"type":"Point","coordinates":[-58.65654,-38.55669]}},{"type":"Feature","properties":{"acq_date":"2020-12-13","acq_time":"1641","satellite":"N","confidence":"n","frp":3.76,"daynight":"D","type":0,"version":"2"},"geometry":{"type":"Point","coordinates":[-58.6642,-38.55827]}},{"type":"Feature","properties":{"acq_date":"2020-12-13","acq_time":"1822","satellite":"N","confidence":"l","frp":3.92,"daynight":"D","type":0,"version":"2"},"geometry":{"type":"Point","coordinates":[-58.65408,-38.56042]}},{"type":"Feature","properties":{"acq_date":"2020-12-13","acq_time":"1822","satellite":"N","confidence":"n","frp":4.38,"daynight":"D","type":0,"version":"2"},"geometry":{"type":"Point","coordinates":[-58.65209,-38.55899]}},{"type":"Feature","properties":{"acq_date":"2020-12-13","acq_time":"1822","satellite":"N","confidence":"l","frp":3.69,"daynight":"D","type":0,"version":"2"},"geometry":{"type":"Point","coordinates":[-58.65781,-38.56036]}},{"type":"Feature","properties":{"acq_date":"2020-12-13","acq_time":"1822","satellite":"N","confidence":"n","frp":3.92,"daynight":"D","type":0,"version":"2"},"geometry":{"type":"Point","coordinates":[-58.65577,-38.55596]}},{"type":"Feature","properties":{"acq_date":"2020-12-17","acq_time":"1707","satellite":"N","confidence":"n","frp":5.94,"daynight":"D","type":0,"version":"2"},"geometry":{"type":"Point","coordinates":[-58.70746,-38.54841]}},{"type":"Feature","properties":{"acq_date":"2020-12-17","acq_time":"1847","satellite":"N","confidence":"h","frp":8.4,"daynight":"D","type":0,"version":"2"},"geometry":{"type":"Point","coordinates":[-58.7177,-38.52578]}},{"type":"Feature","properties":{"acq_date":"2020-12-31","acq_time":"1744","satellite":"N","confidence":"n","frp":1.85,"daynight":"D","type":0,"version":"2"},"geometry":{"type":"Point","coordinates":[-58.69069,-38.53924]}},{"type":"Feature","properties":{"acq_date":"2021-01-15","acq_time":"1803","satellite":"N","confidence":"n","frp":3.44,"daynight":"D","type":0,"version":"2"},"geometry":{"type":"Point","coordinates":[-59.292,-38.19724]}},{"type":"Feature","properties":{"acq_date":"2021-01-15","acq_time":"1803","satellite":"N","confidence":"n","frp":3.67,"daynight":"D","type":0,"version":"2"},"geometry":{"type":"Point","coordinates":[-59.28892,-38.1972]}},{"type":"Feature","properties":{"acq_date":"2021-01-15","acq_time":"1803","satellite":"N","confidence":"n","frp":3.44,"daynight":"D","type":0,"version":"2"},"geometry":{"type":"Point","coordinates":[-59.2869,-38.1963]}},{"type":"Feature","properties":{"acq_date":"2021-01-23","acq_time":"1713","satellite":"N","confidence":"l","frp":2.63,"daynight":"D","type":0,"version":"2"},"geometry":{"type":"Point","coordinates":[-58.76637,-38.57721]}},{"type":"Feature","properties":{"acq_date":"2021-02-27","acq_time":"1757","satellite":"N","confidence":"n","frp":7.25,"daynight":"D","type":0,"version":"2"},"geometry":{"type":"Point","coordinates":[-59.22198,-38.27709]}},{"type":"Feature","properties":{"acq_date":"2021-03-31","acq_time":"1757","satellite":"N","confidence":"h","frp":55.84,"daynight":"D","type":0,"version":"2"},"geometry":{"type":"Point","coordinates":[-59.18526,-38.35991]}},{"type":"Feature","properties":{"acq_date":"2021-03-31","acq_time":"1757","satellite":"N","confidence":"n","frp":44.2,"daynight":"D","type":0,"version":"2"},"geometry":{"type":"Point","coordinates":[-59.18063,-38.35912]}},{"type":"Feature","properties":{"acq_date":"2021-03-31","acq_time":"1757","satellite":"N","confidence":"n","frp":44.2,"daynight":"D","type":0,"version":"2"},"geometry":{"type":"Point","coordinates":[-59.17694,-38.35492]}},{"type":"Feature","properties":{"acq_date":"2021-03-31","acq_time":"1757","satellite":"N","confidence":"n","frp":55.84,"daynight":"D","type":0,"version":"2"},"geometry":{"type":"Point","coordinates":[-59.1862,-38.35651]}},{"type":"Feature","properties":{"acq_date":"2021-03-31","acq_time":"1757","satellite":"N","confidence":"l","frp":44.2,"daynight":"D","type":0,"version":"2"},"geometry":{"type":"Point","coordinates":[-59.18157,-38.35572]}},{"type":"Feature","properties":{"acq_date":"2021-04-03","acq_time":"1700","satellite":"N","confidence":"n","frp":0.51,"daynight":"D","type":0,"version":"2"},"geometry":{"type":"Point","coordinates":[-59.17496,-37.80783]}},{"type":"Feature","properties":{"acq_date":"2021-04-15","acq_time":"1816","satellite":"N","confidence":"n","frp":2.63,"daynight":"D","type":0,"version":"2"},"geometry":{"type":"Point","coordinates":[-58.88997,-38.37158]}},{"type":"Feature","properties":{"acq_date":"2021-04-15","acq_time":"1816","satellite":"N","confidence":"n","frp":10.97,"daynight":"D","type":0,"version":"2"},"geometry":{"type":"Point","coordinates":[-58.8914,-38.36748]}},{"type":"Feature","properties":{"acq_date":"2021-04-15","acq_time":"1816","satellite":"N","confidence":"n","frp":10.97,"daynight":"D","type":0,"version":"2"},"geometry":{"type":"Point","coordinates":[-58.89284,-38.36338]}},{"type":"Feature","properties":{"acq_date":"2021-04-15","acq_time":"1816","satellite":"N","confidence":"n","frp":14.07,"daynight":"D","type":0,"version":"2"},"geometry":{"type":"Point","coordinates":[-58.89755,-38.36441]}},{"type":"Feature","properties":{"acq_date":"2021-05-15","acq_time":"1713","satellite":"N","confidence":"n","frp":12.94,"daynight":"D","type":0,"version":"2"},"geometry":{"type":"Point","coordinates":[-58.96828,-38.59344]}},{"type":"Feature","properties":{"acq_date":"2021-05-15","acq_time":"1853","satellite":"N","confidence":"n","frp":8.27,"daynight":"D","type":0,"version":"2"},"geometry":{"type":"Point","coordinates":[-58.9591,-38.58643]}},{"type":"Feature","properties":{"acq_date":"2021-05-18","acq_time":"1757","satellite":"N","confidence":"n","frp":2.99,"daynight":"D","type":0,"version":"2"},"geometry":{"type":"Point","coordinates":[-58.8776,-38.29434]}},{"type":"Feature","properties":{"acq_date":"2021-06-10","acq_time":"1726","satellite":"N","confidence":"n","frp":5.43,"daynight":"D","type":0,"version":"2"},"geometry":{"type":"Point","coordinates":[-59.31797,-38.65211]}},{"type":"Feature","properties":{"acq_date":"2021-06-12","acq_time":"1828","satellite":"N","confidence":"n","frp":2.48,"daynight":"D","type":0,"version":"2"},"geometry":{"type":"Point","coordinates":[-58.95924,-38.54742]}},{"type":"Feature","properties":{"acq_date":"2021-06-29","acq_time":"1810","satellite":"N","confidence":"n","frp":5.84,"daynight":"D","type":0,"version":"2"},"geometry":{"type":"Point","coordinates":[-59.11699,-38.58088]}},{"type":"Feature","properties":{"acq_date":"2021-07-12","acq_time":"1726","satellite":"N","confidence":"n","frp":5.74,"daynight":"D","type":0,"version":"2"},"geometry":{"type":"Point","coordinates":[-59.19888,-38.63179]}},{"type":"Feature","properties":{"acq_date":"2021-07-12","acq_time":"1726","satellite":"N","confidence":"n","frp":5.74,"daynight":"D","type":0,"version":"2"},"geometry":{"type":"Point","coordinates":[-59.2053,-38.63246]}},{"type":"Feature","properties":{"acq_date":"2021-07-12","acq_time":"1726","satellite":"N","confidence":"n","frp":5.74,"daynight":"D","type":0,"version":"2"},"geometry":{"type":"Point","coordinates":[-59.20596,-38.62848]}},{"type":"Feature","properties":{"acq_date":"2021-07-12","acq_time":"1726","satellite":"N","confidence":"n","frp":17.45,"daynight":"D","type":0,"version":"2"},"geometry":{"type":"Point","coordinates":[-59.11601,-38.58295]}},{"type":"Feature","properties":{"acq_date":"2021-07-16","acq_time":"1751","satellite":"N","confidence":"n","frp":7.12,"daynight":"D","type":0,"version":"2"},"geometry":{"type":"Point","coordinates":[-59.06176,-38.5089]}},{"type":"Feature","properties":{"acq_date":"2021-08-02","acq_time":"1733","satellite":"N","confidence":"n","frp":2.27,"daynight":"D","type":0,"version":"2"},"geometry":{"type":"Point","coordinates":[-58.69099,-38.52617]}},{"type":"Feature","properties":{"acq_date":"2021-08-09","acq_time":"0442","satellite":"N","confidence":"n","frp":1.08,"daynight":"N","type":0,"version":"2"},"geometry":{"type":"Point","coordinates":[-59.12845,-38.3607]}},{"type":"Feature","properties":{"acq_date":"2021-08-10","acq_time":"1823","satellite":"N","confidence":"n","frp":17.65,"daynight":"D","type":0,"version":"2"},"geometry":{"type":"Point","coordinates":[-59.11049,-38.58192]}},{"type":"Feature","properties":{"acq_date":"2021-08-28","acq_time":"1745","satellite":"N","confidence":"n","frp":23.36,"daynight":"D","type":0,"version":"2"},"geometry":{"type":"Point","coordinates":[-59.10323,-38.51041]}},{"type":"Feature","properties":{"acq_date":"2021-08-28","acq_time":"1745","satellite":"N","confidence":"n","frp":41.42,"daynight":"D","type":0,"version":"2"},"geometry":{"type":"Point","coordinates":[-59.10402,-38.50706]}},{"type":"Feature","properties":{"acq_date":"2021-10-11","acq_time":"0501","satellite":"N","confidence":"n","frp":1.16,"daynight":"N","type":0,"version":"2"},"geometry":{"type":"Point","coordinates":[-58.87889,-38.62769]}},{"type":"Feature","properties":{"acq_date":"2021-10-19","acq_time":"1811","satellite":"N","confidence":"n","frp":5.5,"daynight":"D","type":0,"version":"2"},"geometry":{"type":"Point","coordinates":[-58.93516,-38.50605]}},{"type":"Feature","properties":{"acq_date":"2021-10-19","acq_time":"1811","satellite":"N","confidence":"n","frp":50.03,"daynight":"D","type":0,"version":"2"},"geometry":{"type":"Point","coordinates":[-58.93642,-38.50223]}},{"type":"Feature","properties":{"acq_date":"2021-10-19","acq_time":"1811","satellite":"N","confidence":"l","frp":50.03,"daynight":"D","type":0,"version":"2"},"geometry":{"type":"Point","coordinates":[-58.9425,-38.50346]}},{"type":"Feature","properties":{"acq_date":"2021-10-19","acq_time":"1811","satellite":"N","confidence":"n","frp":8.86,"daynight":"D","type":0,"version":"2"},"geometry":{"type":"Point","coordinates":[-59.2924,-38.39179]}},{"type":"Feature","properties":{"acq_date":"2021-10-19","acq_time":"1811","satellite":"N","confidence":"n","frp":3.13,"daynight":"D","type":0,"version":"2"},"geometry":{"type":"Point","coordinates":[-59.32407,-37.89303]}},{"type":"Feature","properties":{"acq_date":"2021-12-16","acq_time":"0424","satellite":"N","confidence":"n","frp":1.48,"daynight":"N","type":0,"version":"2"},"geometry":{"type":"Point","coordinates":[-58.82958,-38.51639]}},{"type":"Feature","properties":{"acq_date":"2021-12-23","acq_time":"1752","satellite":"N","confidence":"n","frp":4.74,"daynight":"D","type":0,"version":"2"},"geometry":{"type":"Point","coordinates":[-58.7378,-38.53487]}},{"type":"Feature","properties":{"acq_date":"2021-12-23","acq_time":"1752","satellite":"N","confidence":"n","frp":2.86,"daynight":"D","type":0,"version":"2"},"geometry":{"type":"Point","coordinates":[-58.73682,-38.52076]}},{"type":"Feature","properties":{"acq_date":"2021-12-23","acq_time":"1752","satellite":"N","confidence":"n","frp":5.13,"daynight":"D","type":0,"version":"2"},"geometry":{"type":"Point","coordinates":[-58.74131,-38.52148]}},{"type":"Feature","properties":{"acq_date":"2021-12-24","acq_time":"0514","satellite":"N","confidence":"n","frp":0.71,"daynight":"N","type":0,"version":"2"},"geometry":{"type":"Point","coordinates":[-58.83163,-38.5178]}},{"type":"Feature","properties":{"acq_date":"2021-12-24","acq_time":"0514","satellite":"N","confidence":"n","frp":0.97,"daynight":"N","type":0,"version":"2"},"geometry":{"type":"Point","coordinates":[-58.83176,-38.51764]}},{"type":"Feature","properties":{"acq_date":"2021-12-31","acq_time":"1702","satellite":"N","confidence":"l","frp":2.79,"daynight":"D","type":0,"version":"2"},"geometry":{"type":"Point","coordinates":[-58.69324,-38.53555]}},{"type":"Feature","properties":{"acq_date":"2022-01-04","acq_time":"1727","satellite":"N","confidence":"n","frp":2.35,"daynight":"D","type":0,"version":"2"},"geometry":{"type":"Point","coordinates":[-58.74404,-38.53143]}},{"type":"Feature","properties":{"acq_date":"2022-01-10","acq_time":"0454","satellite":"N","confidence":"n","frp":0.75,"daynight":"N","type":0,"version":"2"},"geometry":{"type":"Point","coordinates":[-59.2038,-38.29042]}},{"type":"Feature","properties":{"acq_date":"2022-01-12","acq_time":"0417","satellite":"N","confidence":"n","frp":0.88,"daynight":"N","type":0,"version":"2"},"geometry":{"type":"Point","coordinates":[-58.68985,-38.54663]}},{"type":"Feature","properties":{"acq_date":"2022-02-16","acq_time":"0500","satellite":"N","confidence":"n","frp":0.53,"daynight":"N","type":0,"version":"2"},"geometry":{"type":"Point","coordinates":[-58.71763,-38.52797]}},{"type":"Feature","properties":{"acq_date":"2022-02-17","acq_time":"0441","satellite":"N","confidence":"n","frp":0.8,"daynight":"N","type":0,"version":"2"},"geometry":{"type":"Point","coordinates":[-58.83115,-38.51485]}},{"type":"Feature","properties":{"acq_date":"2022-05-04","acq_time":"1816","satellite":"N","confidence":"n","frp":2.95,"daynight":"D","type":0,"version":"2"},"geometry":{"type":"Point","coordinates":[-58.95444,-38.4589]}},{"type":"Feature","properties":{"acq_date":"2022-05-06","acq_time":"1738","satellite":"N","confidence":"n","frp":39.47,"daynight":"D","type":0,"version":"2"},"geometry":{"type":"Point","coordinates":[-58.83672,-38.52062]}},{"type":"Feature","properties":{"acq_date":"2022-05-06","acq_time":"1738","satellite":"N","confidence":"n","frp":4.12,"daynight":"D","type":0,"version":"2"},"geometry":{"type":"Point","coordinates":[-58.84774,-38.51495]}},{"type":"Feature","properties":{"acq_date":"2022-05-06","acq_time":"1738","satellite":"N","confidence":"n","frp":11.29,"daynight":"D","type":0,"version":"2"},"geometry":{"type":"Point","coordinates":[-58.84297,-38.51433]}},{"type":"Feature","properties":{"acq_date":"2022-05-06","acq_time":"1738","satellite":"N","confidence":"n","frp":11.29,"daynight":"D","type":0,"version":"2"},"geometry":{"type":"Point","coordinates":[-58.83819,-38.5137]}},{"type":"Feature","properties":{"acq_date":"2022-05-06","acq_time":"1738","satellite":"N","confidence":"l","frp":39.47,"daynight":"D","type":0,"version":"2"},"geometry":{"type":"Point","coordinates":[-58.84223,-38.51779]}},{"type":"Feature","properties":{"acq_date":"2022-05-06","acq_time":"1738","satellite":"N","confidence":"n","frp":39.47,"daynight":"D","type":0,"version":"2"},"geometry":{"type":"Point","coordinates":[-58.83746,-38.51716]}},{"type":"Feature","properties":{"acq_date":"2022-05-06","acq_time":"1738","satellite":"N","confidence":"n","frp":7.88,"daynight":"D","type":0,"version":"2"},"geometry":{"type":"Point","coordinates":[-58.83268,-38.51653]}},{"type":"Feature","properties":{"acq_date":"2022-05-06","acq_time":"1738","satellite":"N","confidence":"n","frp":7.88,"daynight":"D","type":0,"version":"2"},"geometry":{"type":"Point","coordinates":[-58.83194,-38.51999]}},{"type":"Feature","properties":{"acq_date":"2022-06-07","acq_time":"1738","satellite":"N","confidence":"n","frp":1.43,"daynight":"D","type":0,"version":"2"},"geometry":{"type":"Point","coordinates":[-59.05704,-38.47373]}},{"type":"Feature","properties":{"acq_date":"2022-06-08","acq_time":"1719","satellite":"N","confidence":"n","frp":12.01,"daynight":"D","type":0,"version":"2"},"geometry":{"type":"Point","coordinates":[-58.97686,-38.61193]}},{"type":"Feature","properties":{"acq_date":"2022-06-29","acq_time":"1726","satellite":"N","confidence":"n","frp":14.39,"daynight":"D","type":0,"version":"2"},"geometry":{"type":"Point","coordinates":[-58.92505,-38.30248]}},{"type":"Feature","properties":{"acq_date":"2022-06-29","acq_time":"1726","satellite":"N","confidence":"n","frp":14.39,"daynight":"D","type":0,"version":"2"},"geometry":{"type":"Point","coordinates":[-58.92573,-38.29855]}},{"type":"Feature","properties":{"acq_date":"2022-06-29","acq_time":"1726","satellite":"N","confidence":"n","frp":14.39,"daynight":"D","type":0,"version":"2"},"geometry":{"type":"Point","coordinates":[-58.93126,-38.30313]}},{"type":"Feature","properties":{"acq_date":"2022-06-29","acq_time":"1726","satellite":"N","confidence":"n","frp":14.39,"daynight":"D","type":0,"version":"2"},"geometry":{"type":"Point","coordinates":[-58.93193,-38.2992]}},{"type":"Feature","properties":{"acq_date":"2022-06-29","acq_time":"1726","satellite":"N","confidence":"n","frp":14.75,"daynight":"D","type":0,"version":"2"},"geometry":{"type":"Point","coordinates":[-58.84018,-38.39248]}},{"type":"Feature","properties":{"acq_date":"2022-06-29","acq_time":"1726","satellite":"N","confidence":"n","frp":14.75,"daynight":"D","type":0,"version":"2"},"geometry":{"type":"Point","coordinates":[-58.84638,-38.39313]}},{"type":"Feature","properties":{"acq_date":"2022-06-29","acq_time":"1726","satellite":"N","confidence":"n","frp":38.76,"daynight":"D","type":0,"version":"2"},"geometry":{"type":"Point","coordinates":[-58.91753,-38.30968]}},{"type":"Feature","properties":{"acq_date":"2022-06-29","acq_time":"1726","satellite":"N","confidence":"n","frp":38.76,"daynight":"D","type":0,"version":"2"},"geometry":{"type":"Point","coordinates":[-58.91819,-38.30575]}},{"type":"Feature","properties":{"acq_date":"2022-06-29","acq_time":"1726","satellite":"N","confidence":"n","frp":39.35,"daynight":"D","type":0,"version":"2"},"geometry":{"type":"Point","coordinates":[-58.92439,-38.30641]}},{"type":"Feature","properties":{"acq_date":"2022-07-03","acq_time":"1751","satellite":"N","confidence":"n","frp":1.72,"daynight":"D","type":0,"version":"2"},"geometry":{"type":"Point","coordinates":[-58.78674,-38.41303]}},{"type":"Feature","properties":{"acq_date":"2022-07-03","acq_time":"1751","satellite":"N","confidence":"n","frp":2.23,"daynight":"D","type":0,"version":"2"},"geometry":{"type":"Point","coordinates":[-58.7876,-38.40968]}},{"type":"Feature","properties":{"acq_date":"2022-07-04","acq_time":"1733","satellite":"N","confidence":"n","frp":5.76,"daynight":"D","type":0,"version":"2"},"geometry":{"type":"Point","coordinates":[-59.31135,-37.99923]}},{"type":"Feature","properties":{"acq_date":"2022-07-04","acq_time":"1733","satellite":"N","confidence":"n","frp":5.76,"daynight":"D","type":0,"version":"2"},"geometry":{"type":"Point","coordinates":[-59.31202,-37.99553]}},{"type":"Feature","properties":{"acq_date":"2022-07-13","acq_time":"1804","satellite":"N","confidence":"n","frp":2.88,"daynight":"D","type":0,"version":"2"},"geometry":{"type":"Point","coordinates":[-59.35726,-38.46949]}},{"type":"Feature","properties":{"acq_date":"2022-07-13","acq_time":"1804","satellite":"N","confidence":"n","frp":8.97,"daynight":"D","type":0,"version":"2"},"geometry":{"type":"Point","coordinates":[-59.36125,-38.47394]}},{"type":"Feature","properties":{"acq_date":"2022-07-22","acq_time":"1835","satellite":"N","confidence":"l","frp":9.57,"daynight":"D","type":0,"version":"2"},"geometry":{"type":"Point","coordinates":[-58.94434,-38.42194]}},{"type":"Feature","properties":{"acq_date":"2022-07-22","acq_time":"1835","satellite":"N","confidence":"l","frp":23.94,"daynight":"D","type":0,"version":"2"},"geometry":{"type":"Point","coordinates":[-58.93808,-38.42602]}},{"type":"Feature","properties":{"acq_date":"2022-07-22","acq_time":"1835","satellite":"N","confidence":"n","frp":9.57,"daynight":"D","type":0,"version":"2"},"geometry":{"type":"Point","coordinates":[-58.94214,-38.42709]}},{"type":"Feature","properties":{"acq_date":"2022-08-20","acq_time":"1752","satellite":"N","confidence":"n","frp":2.95,"daynight":"D","type":0,"version":"2"},"geometry":{"type":"Point","coordinates":[-58.96047,-38.46005]}},{"type":"Feature","properties":{"acq_date":"2022-08-25","acq_time":"1758","satellite":"N","confidence":"n","frp":1.6,"daynight":"D","type":0,"version":"2"},"geometry":{"type":"Point","coordinates":[-58.93922,-38.50696]}},{"type":"Feature","properties":{"acq_date":"2022-08-25","acq_time":"1758","satellite":"N","confidence":"n","frp":4.2,"daynight":"D","type":0,"version":"2"},"geometry":{"type":"Point","coordinates":[-58.93354,-38.50956]}},{"type":"Feature","properties":{"acq_date":"2022-09-01","acq_time":"1727","satellite":"N","confidence":"n","frp":30.69,"daynight":"D","type":0,"version":"2"},"geometry":{"type":"Point","coordinates":[-59.2415,-38.14914]}},{"type":"Feature","properties":{"acq_date":"2022-09-01","acq_time":"1727","satellite":"N","confidence":"n","frp":30.69,"daynight":"D","type":0,"version":"2"},"geometry":{"type":"Point","coordinates":[-59.23519,-38.14849]}},{"type":"Feature","properties":{"acq_date":"2022-09-01","acq_time":"1727","satellite":"N","confidence":"n","frp":30.69,"daynight":"D","type":0,"version":"2"},"geometry":{"type":"Point","coordinates":[-59.23584,-38.14454]}},{"type":"Feature","properties":{"acq_date":"2022-09-01","acq_time":"1727","satellite":"N","confidence":"n","frp":30.69,"daynight":"D","type":0,"version":"2"},"geometry":{"type":"Point","coordinates":[-59.24215,-38.14519]}},{"type":"Feature","properties":{"acq_date":"2022-09-01","acq_time":"1727","satellite":"N","confidence":"n","frp":24.73,"daynight":"D","type":0,"version":"2"},"geometry":{"type":"Point","coordinates":[-59.2365,-38.14059]}},{"type":"Feature","properties":{"acq_date":"2022-09-01","acq_time":"1727","satellite":"N","confidence":"n","frp":5.61,"daynight":"D","type":0,"version":"2"},"geometry":{"type":"Point","coordinates":[-59.23725,-38.13883]}},{"type":"Feature","properties":{"acq_date":"2022-09-05","acq_time":"1752","satellite":"N","confidence":"n","frp":2.94,"daynight":"D","type":0,"version":"2"},"geometry":{"type":"Point","coordinates":[-59.22197,-38.60229]}},{"type":"Feature","properties":{"acq_date":"2022-09-05","acq_time":"1752","satellite":"N","confidence":"n","frp":2.94,"daynight":"D","type":0,"version":"2"},"geometry":{"type":"Point","coordinates":[-59.22641,-38.603]}},{"type":"Feature","properties":{"acq_date":"2022-09-05","acq_time":"1752","satellite":"N","confidence":"n","frp":9.75,"daynight":"D","type":0,"version":"2"},"geometry":{"type":"Point","coordinates":[-59.22282,-38.59896]}},{"type":"Feature","properties":{"acq_date":"2022-09-15","acq_time":"1805","satellite":"N","confidence":"n","frp":1.84,"daynight":"D","type":0,"version":"2"},"geometry":{"type":"Point","coordinates":[-58.83099,-38.5191]}},{"type":"Feature","properties":{"acq_date":"2022-09-24","acq_time":"1656","satellite":"N","confidence":"l","frp":4.59,"daynight":"D","type":0,"version":"2"},"geometry":{"type":"Point","coordinates":[-59.38612,-37.86841]}},{"type":"Feature","properties":{"acq_date":"2022-10-07","acq_time":"1752","satellite":"N","confidence":"n","frp":2.4,"daynight":"D","type":0,"version":"2"},"geometry":{"type":"Point","coordinates":[-59.4955,-38.04766]}},{"type":"Feature","properties":{"acq_date":"2022-11-15","acq_time":"1721","satellite":"N","confidence":"n","frp":3.81,"daynight":"D","type":0,"version":"2"},"geometry":{"type":"Point","coordinates":[-58.83325,-38.51958]}},{"type":"Feature","properties":{"acq_date":"2022-11-23","acq_time":"1811","satellite":"N","confidence":"n","frp":10.57,"daynight":"D","type":0,"version":"2"},"geometry":{"type":"Point","coordinates":[-58.85786,-38.45399]}},{"type":"Feature","properties":{"acq_date":"2022-11-23","acq_time":"1811","satellite":"N","confidence":"n","frp":2.15,"daynight":"D","type":0,"version":"2"},"geometry":{"type":"Point","coordinates":[-58.8546,-38.45712]}},{"type":"Feature","properties":{"acq_date":"2022-12-10","acq_time":"1752","satellite":"N","confidence":"n","frp":7.08,"daynight":"D","type":0,"version":"2"},"geometry":{"type":"Point","coordinates":[-59.202,-38.56561]}},{"type":"Feature","properties":{"acq_date":"2022-12-13","acq_time":"1836","satellite":"N","confidence":"n","frp":1.28,"daynight":"D","type":0,"version":"2"},"geometry":{"type":"Point","coordinates":[-58.77276,-38.51409]}},{"type":"Feature","properties":{"acq_date":"2022-12-27","acq_time":"1733","satellite":"N","confidence":"n","frp":3.07,"daynight":"D","type":0,"version":"2"},"geometry":{"type":"Point","coordinates":[-58.76223,-38.57135]}},{"type":"Feature","properties":{"acq_date":"2022-12-30","acq_time":"1817","satellite":"N","confidence":"n","frp":3.37,"daynight":"D","type":0,"version":"2"},"geometry":{"type":"Point","coordinates":[-58.83095,-38.51603]}},{"type":"Feature","properties":{"acq_date":"2023-01-03","acq_time":"1702","satellite":"N","confidence":"n","frp":1.59,"daynight":"D","type":0,"version":"2"},"geometry":{"type":"Point","coordinates":[-59.24303,-38.16221]}},{"type":"Feature","properties":{"acq_date":"2023-01-16","acq_time":"1759","satellite":"N","confidence":"l","frp":3.02,"daynight":"D","type":0,"version":"2"},"geometry":{"type":"Point","coordinates":[-58.71865,-38.53754]}},{"type":"Feature","properties":{"acq_date":"2023-01-19","acq_time":"1702","satellite":"N","confidence":"n","frp":4.22,"daynight":"D","type":0,"version":"2"},"geometry":{"type":"Point","coordinates":[-58.68491,-38.56292]}},{"type":"Feature","properties":{"acq_date":"2023-02-05","acq_time":"1824","satellite":"N","confidence":"n","frp":5.37,"daynight":"D","type":0,"version":"2"},"geometry":{"type":"Point","coordinates":[-58.76573,-38.55366]}},{"type":"Feature","properties":{"acq_date":"2023-03-27","acq_time":"1747","satellite":"N","confidence":"n","frp":1.33,"daynight":"D","type":0,"version":"2"},"geometry":{"type":"Point","coordinates":[-59.21713,-38.27639]}},{"type":"Feature","properties":{"acq_date":"2023-04-25","acq_time":"1703","satellite":"N","confidence":"n","frp":1.37,"daynight":"D","type":0,"version":"2"},"geometry":{"type":"Point","coordinates":[-59.27834,-37.76591]}},{"type":"Feature","properties":{"acq_date":"2023-04-29","acq_time":"0508","satellite":"N","confidence":"n","frp":0.68,"daynight":"N","type":0,"version":"2"},"geometry":{"type":"Point","coordinates":[-58.83271,-38.518]}},{"type":"Feature","properties":{"acq_date":"2023-08-14","acq_time":"1721","satellite":"N","confidence":"n","frp":2.74,"daynight":"D","type":0,"version":"2"},"geometry":{"type":"Point","coordinates":[-58.9645,-38.54675]}},{"type":"Feature","properties":{"acq_date":"2023-08-24","acq_time":"1734","satellite":"N","confidence":"n","frp":2.69,"daynight":"D","type":0,"version":"2"},"geometry":{"type":"Point","coordinates":[-59.1692,-37.64602]}},{"type":"Feature","properties":{"acq_date":"2023-09-16","acq_time":"1702","satellite":"N","confidence":"h","frp":7.13,"daynight":"D","type":0,"version":"2"},"geometry":{"type":"Point","coordinates":[-58.86348,-38.57962]}},{"type":"Feature","properties":{"acq_date":"2023-10-06","acq_time":"1727","satellite":"N","confidence":"n","frp":3.35,"daynight":"D","type":0,"version":"2"},"geometry":{"type":"Point","coordinates":[-58.83689,-38.51802]}},{"type":"Feature","properties":{"acq_date":"2023-10-06","acq_time":"1727","satellite":"N","confidence":"n","frp":3.05,"daynight":"D","type":0,"version":"2"},"geometry":{"type":"Point","coordinates":[-58.83718,-38.51857]}},{"type":"Feature","properties":{"acq_date":"2023-10-06","acq_time":"1727","satellite":"N","confidence":"n","frp":3.05,"daynight":"D","type":0,"version":"2"},"geometry":{"type":"Point","coordinates":[-58.83097,-38.51791]}},{"type":"Feature","properties":{"acq_date":"2023-10-06","acq_time":"1727","satellite":"N","confidence":"n","frp":3.39,"daynight":"D","type":0,"version":"2"},"geometry":{"type":"Point","coordinates":[-58.83068,-38.51738]}},{"type":"Feature","properties":{"acq_date":"2023-11-06","acq_time":"1745","satellite":"N","confidence":"n","frp":19.31,"daynight":"D","type":0,"version":"2"},"geometry":{"type":"Point","coordinates":[-58.86406,-38.52631]}},{"type":"Feature","properties":{"acq_date":"2023-11-06","acq_time":"1745","satellite":"N","confidence":"n","frp":14.46,"daynight":"D","type":0,"version":"2"},"geometry":{"type":"Point","coordinates":[-58.85959,-38.52565]}},{"type":"Feature","properties":{"acq_date":"2023-11-09","acq_time":"1829","satellite":"N","confidence":"n","frp":2.62,"daynight":"D","type":0,"version":"2"},"geometry":{"type":"Point","coordinates":[-58.94459,-38.2745]}},{"type":"Feature","properties":{"acq_date":"2023-11-22","acq_time":"0346","satellite":"N","confidence":"n","frp":1.3,"daynight":"N","type":0,"version":"2"},"geometry":{"type":"Point","coordinates":[-58.83339,-38.51609]}},{"type":"Feature","properties":{"acq_date":"2023-12-11","acq_time":"1829","satellite":"N","confidence":"n","frp":9.05,"daynight":"D","type":0,"version":"2"},"geometry":{"type":"Point","coordinates":[-58.93312,-38.3637]}},{"type":"Feature","properties":{"acq_date":"2023-12-11","acq_time":"1829","satellite":"N","confidence":"n","frp":9.29,"daynight":"D","type":0,"version":"2"},"geometry":{"type":"Point","coordinates":[-58.92629,-38.3611]}},{"type":"Feature","properties":{"acq_date":"2023-12-11","acq_time":"1829","satellite":"N","confidence":"n","frp":9.71,"daynight":"D","type":0,"version":"2"},"geometry":{"type":"Point","coordinates":[-58.9331,-38.36277]}},{"type":"Feature","properties":{"acq_date":"2023-12-11","acq_time":"1829","satellite":"N","confidence":"n","frp":9.05,"daynight":"D","type":0,"version":"2"},"geometry":{"type":"Point","coordinates":[-58.92635,-38.36199]}},{"type":"Feature","properties":{"acq_date":"2023-12-28","acq_time":"1810","satellite":"N","confidence":"n","frp":6.84,"daynight":"D","type":0,"version":"2"},"geometry":{"type":"Point","coordinates":[-58.91871,-38.48344]}},{"type":"Feature","properties":{"acq_date":"2024-01-24","acq_time":"1804","satellite":"N","confidence":"n","frp":17.55,"daynight":"D","type":0,"version":"2"},"geometry":{"type":"Point","coordinates":[-59.55345,-37.91649]}},{"type":"Feature","properties":{"acq_date":"2024-01-24","acq_time":"1804","satellite":"N","confidence":"l","frp":17.55,"daynight":"D","type":0,"version":"2"},"geometry":{"type":"Point","coordinates":[-59.5545,-37.91295]}},{"type":"Feature","properties":{"acq_date":"2024-01-24","acq_time":"1804","satellite":"N","confidence":"l","frp":36.65,"daynight":"D","type":0,"version":"2"},"geometry":{"type":"Point","coordinates":[-59.55131,-37.91322]}},{"type":"Feature","properties":{"acq_date":"2024-01-24","acq_time":"1804","satellite":"N","confidence":"l","frp":3.17,"daynight":"D","type":0,"version":"2"},"geometry":{"type":"Point","coordinates":[-59.55553,-37.90941]}},{"type":"Feature","properties":{"acq_date":"2024-01-24","acq_time":"1804","satellite":"N","confidence":"n","frp":36.65,"daynight":"D","type":0,"version":"2"},"geometry":{"type":"Point","coordinates":[-59.55235,-37.90968]}},{"type":"Feature","properties":{"acq_date":"2024-01-31","acq_time":"1733","satellite":"N","confidence":"l","frp":1.36,"daynight":"D","type":0,"version":"2"},"geometry":{"type":"Point","coordinates":[-58.70993,-38.56715]}},{"type":"Feature","properties":{"acq_date":"2024-02-04","acq_time":"1758","satellite":"N","confidence":"l","frp":3.31,"daynight":"D","type":0,"version":"2"},"geometry":{"type":"Point","coordinates":[-58.7702,-38.55945]}},{"type":"Feature","properties":{"acq_date":"2024-02-19","acq_time":"1817","satellite":"N","confidence":"n","frp":4.33,"daynight":"D","type":0,"version":"2"},"geometry":{"type":"Point","coordinates":[-58.68761,-38.53324]}},{"type":"Feature","properties":{"acq_date":"2024-03-24","acq_time":"1739","satellite":"N","confidence":"n","frp":1.93,"daynight":"D","type":0,"version":"2"},"geometry":{"type":"Point","coordinates":[-58.77968,-38.57569]}},{"type":"Feature","properties":{"acq_date":"2024-05-03","acq_time":"1649","satellite":"N","confidence":"n","frp":6.12,"daynight":"D","type":0,"version":"2"},"geometry":{"type":"Point","coordinates":[-58.89557,-38.61845]}},{"type":"Feature","properties":{"acq_date":"2024-05-03","acq_time":"1649","satellite":"N","confidence":"n","frp":5.85,"daynight":"D","type":0,"version":"2"},"geometry":{"type":"Point","coordinates":[-58.89693,-38.61895]}},{"type":"Feature","properties":{"acq_date":"2024-05-03","acq_time":"1649","satellite":"N","confidence":"n","frp":3.73,"daynight":"D","type":0,"version":"2"},"geometry":{"type":"Point","coordinates":[-58.89713,-38.6125]}},{"type":"Feature","properties":{"acq_date":"2024-05-15","acq_time":"1804","satellite":"N","confidence":"n","frp":8.57,"daynight":"D","type":0,"version":"2"},"geometry":{"type":"Point","coordinates":[-59.17542,-38.45371]}},{"type":"Feature","properties":{"acq_date":"2024-05-15","acq_time":"1804","satellite":"N","confidence":"n","frp":32.17,"daynight":"D","type":0,"version":"2"},"geometry":{"type":"Point","coordinates":[-59.17024,-38.45274]}},{"type":"Feature","properties":{"acq_date":"2024-05-20","acq_time":"1810","satellite":"N","confidence":"n","frp":12.6,"daynight":"D","type":0,"version":"2"},"geometry":{"type":"Point","coordinates":[-58.96712,-38.50354]}},{"type":"Feature","properties":{"acq_date":"2024-05-20","acq_time":"1810","satellite":"N","confidence":"n","frp":58.13,"daynight":"D","type":0,"version":"2"},"geometry":{"type":"Point","coordinates":[-58.97129,-38.5084]}},{"type":"Feature","properties":{"acq_date":"2024-05-20","acq_time":"1810","satellite":"N","confidence":"n","frp":58.13,"daynight":"D","type":0,"version":"2"},"geometry":{"type":"Point","coordinates":[-58.96524,-38.50716]}},{"type":"Feature","properties":{"acq_date":"2024-05-22","acq_time":"1733","satellite":"N","confidence":"n","frp":3.06,"daynight":"D","type":0,"version":"2"},"geometry":{"type":"Point","coordinates":[-58.98049,-38.29894]}},{"type":"Feature","properties":{"acq_date":"2024-05-22","acq_time":"1733","satellite":"N","confidence":"n","frp":3.78,"daynight":"D","type":0,"version":"2"},"geometry":{"type":"Point","coordinates":[-58.98118,-38.2953]}},{"type":"Feature","properties":{"acq_date":"2024-05-28","acq_time":"1900","satellite":"N","confidence":"n","frp":6.99,"daynight":"D","type":0,"version":"2"},"geometry":{"type":"Point","coordinates":[-59.37389,-38.10333]}},{"type":"Feature","properties":{"acq_date":"2024-09-12","acq_time":"1854","satellite":"N","confidence":"l","frp":14.05,"daynight":"D","type":0,"version":"2"},"geometry":{"type":"Point","coordinates":[-59.35176,-38.416]}},{"type":"Feature","properties":{"acq_date":"2024-09-12","acq_time":"1854","satellite":"N","confidence":"n","frp":12.85,"daynight":"D","type":0,"version":"2"},"geometry":{"type":"Point","coordinates":[-59.34504,-38.41394]}},{"type":"Feature","properties":{"acq_date":"2024-09-12","acq_time":"1854","satellite":"N","confidence":"l","frp":14.79,"daynight":"D","type":0,"version":"2"},"geometry":{"type":"Point","coordinates":[-59.34863,-38.42223]}},{"type":"Feature","properties":{"acq_date":"2024-09-12","acq_time":"1854","satellite":"N","confidence":"n","frp":4.55,"daynight":"D","type":0,"version":"2"},"geometry":{"type":"Point","coordinates":[-59.34618,-38.41164]}},{"type":"Feature","properties":{"acq_date":"2024-09-12","acq_time":"1854","satellite":"N","confidence":"l","frp":25.7,"daynight":"D","type":0,"version":"2"},"geometry":{"type":"Point","coordinates":[-59.34979,-38.41998]}},{"type":"Feature","properties":{"acq_date":"2024-09-15","acq_time":"1758","satellite":"N","confidence":"n","frp":6.9,"daynight":"D","type":0,"version":"2"},"geometry":{"type":"Point","coordinates":[-58.84891,-38.45489]}},{"type":"Feature","properties":{"acq_date":"2024-09-15","acq_time":"1758","satellite":"N","confidence":"n","frp":10.92,"daynight":"D","type":0,"version":"2"},"geometry":{"type":"Point","coordinates":[-58.85366,-38.45572]}},{"type":"Feature","properties":{"acq_date":"2024-09-16","acq_time":"1739","satellite":"N","confidence":"n","frp":5.06,"daynight":"D","type":0,"version":"2"},"geometry":{"type":"Point","coordinates":[-59.41242,-37.91825]}},{"type":"Feature","properties":{"acq_date":"2024-09-16","acq_time":"1739","satellite":"N","confidence":"n","frp":5.06,"daynight":"D","type":0,"version":"2"},"geometry":{"type":"Point","coordinates":[-59.41314,-37.91477]}},{"type":"Feature","properties":{"acq_date":"2024-12-20","acq_time":"1758","satellite":"N","confidence":"n","frp":20.6,"daynight":"D","type":0,"version":"2"},"geometry":{"type":"Point","coordinates":[-59.32747,-38.72842]}},{"type":"Feature","properties":{"acq_date":"2024-12-20","acq_time":"1758","satellite":"N","confidence":"n","frp":7.19,"daynight":"D","type":0,"version":"2"},"geometry":{"type":"Point","coordinates":[-59.3284,-38.72503]}}]}
