{"type":"FeatureCollection","features":[{"type":"Feature","properties":{"nombre":"Partido de Necochea","id":"06581","fuente_captura":"ARBA - Gerencia de Servicios Catastrales","autoridad":"IGN"},"geometry":{"type":"MultiPolygon","coordinates":[[[[-59.18469,-37.61693],[-59.18453,-37.61731],[-59.18435,-37.61716],[-59.18404,-37.61691],[-59.18359,-37.61706],[-59.18335,-37.61761],[-59.18285,-37.61827],[-59.18268,-37.61841],[-59.18214,-37.61884],[-59.18169,-37.61907],[-59.18133,-37.61925],[-59.17943,-37.62105],[-59.17857,-37.62176],[-59.17755,-37.6228],[-59.17725,-37.62304],[-59.17628,-37.62383],[-59.17498,-37.6243],[-59.17396,-37.62441],[-59.17381,-37.62449],[-59.17214,-37.62537],[-59.17105,-37.62597],[-59.16995,-37.62658],[-59.16886,-37.62718],[-59.16697,-37.62789],[-59.16606,-37.62849],[-59.16539,-37.6294],[-59.16413,-37.63029],[-59.16256,-37.63156],[-59.16201,-37.63261],[-59.16169,-37.63383],[-59.1616,-37.63454],[-59.16094,-37.6356],[-59.15978,-37.63638],[-59.15896,-37.63702],[-59.15822,-37.6382],[-59.15811,-37.63876],[-59.15808,-37.63993],[-59.15782,-37.64161],[-59.15781,-37.64187],[-59.15752,-37.64221],[-59.1573,-37.64305],[-59.15729,-37.64381],[-59.15691,-37.64498],[-59.1569,-37.64574],[-59.157,-37.64633],[-59.15709,-37.64713],[-59.15687,-37.64789],[-59.15709,-37.64868],[-59.15676,-37.65032],[-59.15642,-37.65101],[-59.1561,-37.65183],[-59.15572,-37.65237],[-59.15501,-37.65294],[-59.15471,-37.65345],[-59.15441,-37.654],[-59.15433,-37.65473],[-59.15402,-37.65527],[-59.15364,-37.65564],[-59.15338,-37.65641],[-59.15306,-37.65744],[-59.15301,-37.65831],[-59.15302,-37.65896],[-59.15322,-37.66003],[-59.15348,-37.66066],[-59.154,-37.66159],[-59.15503,-37.66244],[-59.15606,-37.66329],[-59.15727,-37.66424],[-59.15776,-37.66505],[-59.15845,-37.66653],[-59.15864,-37.6671],[-59.15855,-37.66806],[-59.15869,-37.66878],[-59.15949,-37.66915],[-59.16005,-37.67007],[-59.16025,-37.67082],[-59.16104,-37.67185],[-59.16184,-37.67289],[-59.16174,-37.67369],[-59.16175,-37.67407],[-59.1622,-37.6746],[-59.16216,-37.67554],[-59.16213,-37.67649],[-59.16229,-37.6771],[-59.1628,-37.67804],[-59.16305,-37.67855],[-59.16304,-37.67929],[-59.16379,-37.68026],[-59.16425,-37.6814],[-59.16431,-37.68251],[-59.16437,-37.6835],[-59.16431,-37.68431],[-59.16536,-37.68581],[-59.16549,-37.6861],[-59.16557,-37.6863],[-59.16589,-37.68677],[-59.16614,-37.68756],[-59.16677,-37.68838],[-59.16695,-37.68908],[-59.16698,-37.6905],[-59.16716,-37.69121],[-59.1677,-37.69191],[-59.16795,-37.69255],[-59.16821,-37.69309],[-59.16889,-37.69347],[-59.16917,-37.69357],[-59.16935,-37.69404],[-59.16925,-37.69454],[-59.16906,-37.69512],[-59.16905,-37.6958],[-59.16926,-37.69636],[-59.16923,-37.69705],[-59.16892,-37.69746],[-59.16931,-37.69818],[-59.16987,-37.69895],[-59.16991,-37.69961],[-59.17073,-37.70008],[-59.17084,-37.70055],[-59.17066,-37.70099],[-59.17048,-37.70144],[-59.17004,-37.7016],[-59.16923,-37.70311],[-59.16887,-37.70354],[-59.16875,-37.70452],[-59.16863,-37.7055],[-59.16851,-37.70648],[-59.16887,-37.70742],[-59.16907,-37.70908],[-59.16839,-37.71037],[-59.16824,-37.71107],[-59.16844,-37.7121],[-59.16813,-37.71277],[-59.16814,-37.7143],[-59.16745,-37.71493],[-59.16701,-37.71508],[-59.16659,-37.71549],[-59.16623,-37.71599],[-59.16573,-37.71648],[-59.16562,-37.71718],[-59.16607,-37.71764],[-59.16665,-37.71796],[-59.16714,-37.71892],[-59.16724,-37.72047],[-59.16625,-37.72138],[-59.1654,-37.72237],[-59.16525,-37.72304],[-59.1654,-37.72404],[-59.1649,-37.72465],[-59.16494,-37.72497],[-59.16589,-37.72651],[-59.16608,-37.727],[-59.16669,-37.72741],[-59.16713,-37.72796],[-59.16725,-37.72845],[-59.16688,-37.72942],[-59.16659,-37.73024],[-59.16648,-37.73111],[-59.16661,-37.73211],[-59.16648,-37.73329],[-59.16641,-37.73376],[-59.16612,-37.73411],[-59.16609,-37.73497],[-59.16572,-37.73566],[-59.16588,-37.73607],[-59.16623,-37.7365],[-59.16608,-37.73704],[-59.16567,-37.73749],[-59.16499,-37.73741],[-59.16477,-37.73739],[-59.16465,-37.73753],[-59.16448,-37.73772],[-59.16382,-37.73766],[-59.16357,-37.7378],[-59.16314,-37.73828],[-59.16252,-37.73848],[-59.16229,-37.73851],[-59.16185,-37.73857],[-59.16157,-37.73874],[-59.16101,-37.73911],[-59.1606,-37.74079],[-59.16044,-37.74157],[-59.15999,-37.74206],[-59.15987,-37.74251],[-59.16042,-37.74379],[-59.16072,-37.74469],[-59.16052,-37.74506],[-59.15926,-37.74565],[-59.1587,-37.74621],[-59.15812,-37.74636],[-59.15769,-37.74647],[-59.15743,-37.74644],[-59.15635,-37.74674],[-59.15493,-37.74662],[-59.15416,-37.74642],[-59.15241,-37.74596],[-59.15128,-37.74555],[-59.15035,-37.74521],[-59.15019,-37.74516],[-59.14995,-37.74517],[-59.14926,-37.7452],[-59.1482,-37.74582],[-59.14642,-37.7467],[-59.14583,-37.74724],[-59.14588,-37.74852],[-59.14592,-37.74921],[-59.14527,-37.75022],[-59.14431,-37.75119],[-59.1435,-37.75167],[-59.14325,-37.75234],[-59.14244,-37.75278],[-59.14255,-37.75375],[-59.14153,-37.75442],[-59.14091,-37.75483],[-59.14073,-37.75484],[-59.13994,-37.75488],[-59.13952,-37.7549],[-59.1393,-37.75507],[-59.13821,-37.75518],[-59.13728,-37.75594],[-59.13635,-37.75618],[-59.13583,-37.75634],[-59.13483,-37.75671],[-59.13419,-37.75731],[-59.13357,-37.75749],[-59.13308,-37.75857],[-59.13283,-37.75967],[-59.13218,-37.76059],[-59.13201,-37.76156],[-59.13221,-37.7622],[-59.13207,-37.76267],[-59.13149,-37.76326],[-59.13144,-37.76404],[-59.13065,-37.76451],[-59.13029,-37.7648],[-59.13,-37.76533],[-59.1291,-37.76592],[-59.12878,-37.76629],[-59.12893,-37.76684],[-59.12894,-37.76691],[-59.12933,-37.76738],[-59.1299,-37.76808],[-59.13019,-37.76885],[-59.13013,-37.77033],[-59.13007,-37.77143],[-59.13058,-37.77208],[-59.13057,-37.77281],[-59.12938,-37.77388],[-59.1293,-37.77395],[-59.12907,-37.77416],[-59.12899,-37.77452],[-59.12946,-37.77508],[-59.12938,-37.77596],[-59.12852,-37.77693],[-59.12864,-37.77752],[-59.12807,-37.77817],[-59.12822,-37.7792],[-59.12758,-37.77999],[-59.12749,-37.78004],[-59.12665,-37.78056],[-59.12662,-37.78058],[-59.12577,-37.78142],[-59.12562,-37.78157],[-59.12458,-37.78184],[-59.12456,-37.78185],[-59.12403,-37.78215],[-59.12364,-37.78269],[-59.12336,-37.78288],[-59.1217,-37.78386],[-59.12024,-37.78534],[-59.11955,-37.78564],[-59.11912,-37.78631],[-59.1191,-37.78759],[-59.1186,-37.78807],[-59.11791,-37.78827],[-59.11761,-37.78836],[-59.11634,-37.78873],[-59.11611,-37.7888],[-59.11522,-37.78967],[-59.11493,-37.79014],[-59.11507,-37.79243],[-59.11488,-37.79319],[-59.11474,-37.79378],[-59.11405,-37.79433],[-59.11402,-37.79435],[-59.11402,-37.79437],[-59.11392,-37.79459],[-59.11364,-37.79525],[-59.11364,-37.7968],[-59.11382,-37.79703],[-59.11469,-37.7981],[-59.11518,-37.79881],[-59.11557,-37.79937],[-59.11592,-37.80034],[-59.11586,-37.80094],[-59.11512,-37.80172],[-59.1144,-37.80215],[-59.11378,-37.80269],[-59.11351,-37.80302],[-59.11278,-37.8033],[-59.11209,-37.80392],[-59.11172,-37.80425],[-59.11093,-37.80462],[-59.11082,-37.80467],[-59.11069,-37.80484],[-59.11029,-37.8054],[-59.11005,-37.80573],[-59.10986,-37.80728],[-59.10938,-37.80816],[-59.10951,-37.80832],[-59.11001,-37.80895],[-59.11003,-37.80908],[-59.11017,-37.81031],[-59.11007,-37.81174],[-59.11028,-37.8126],[-59.1103,-37.81266],[-59.11027,-37.81272],[-59.11007,-37.81328],[-59.10998,-37.81354],[-59.10909,-37.81441],[-59.1096,-37.81524],[-59.11109,-37.81594],[-59.11234,-37.81618],[-59.11289,-37.81692],[-59.11344,-37.81764],[-59.11345,-37.81823],[-59.11331,-37.81845],[-59.11302,-37.81892],[-59.11288,-37.81919],[-59.11244,-37.82002],[-59.1112,-37.8207],[-59.11084,-37.82128],[-59.11086,-37.82159],[-59.11091,-37.82218],[-59.11104,-37.82402],[-59.111,-37.82424],[-59.11077,-37.82571],[-59.11075,-37.82586],[-59.11071,-37.82614],[-59.11071,-37.82615],[-59.11039,-37.82643],[-59.11017,-37.82625],[-59.10941,-37.82675],[-59.10898,-37.82704],[-59.10895,-37.82743],[-59.10895,-37.82744],[-59.10887,-37.82832],[-59.10846,-37.82874],[-59.10839,-37.82882],[-59.10844,-37.82902],[-59.1085,-37.82929],[-59.10854,-37.82977],[-59.10908,-37.83055],[-59.109,-37.83122],[-59.1088,-37.83197],[-59.10912,-37.83268],[-59.1096,-37.83305],[-59.11012,-37.83345],[-59.11013,-37.83351],[-59.11015,-37.83361],[-59.11022,-37.83403],[-59.1105,-37.83424],[-59.11076,-37.83444],[-59.11079,-37.83457],[-59.1108,-37.83461],[-59.11088,-37.83468],[-59.11099,-37.83505],[-59.11073,-37.83604],[-59.11042,-37.83673],[-59.11018,-37.83711],[-59.10947,-37.83778],[-59.10923,-37.83812],[-59.10968,-37.83884],[-59.10977,-37.83892],[-59.11012,-37.83921],[-59.11066,-37.83966],[-59.11087,-37.83994],[-59.11098,-37.84008],[-59.11114,-37.84029],[-59.11131,-37.84034],[-59.11171,-37.84088],[-59.11223,-37.84102],[-59.11251,-37.8412],[-59.11288,-37.84227],[-59.11335,-37.84256],[-59.11345,-37.84285],[-59.11393,-37.84314],[-59.11424,-37.8433],[-59.1148,-37.84358],[-59.11539,-37.84376],[-59.11594,-37.84393],[-59.11625,-37.84395],[-59.11663,-37.84391],[-59.11694,-37.84376],[-59.11733,-37.84345],[-59.11762,-37.84322],[-59.11796,-37.84311],[-59.11816,-37.84315],[-59.11828,-37.84322],[-59.11851,-37.84335],[-59.11864,-37.84374],[-59.11875,-37.8441],[-59.11879,-37.8442],[-59.11884,-37.84468],[-59.11903,-37.84519],[-59.11926,-37.84538],[-59.11952,-37.84553],[-59.11968,-37.84563],[-59.12005,-37.84563],[-59.1217,-37.84517],[-59.12269,-37.84547],[-59.12309,-37.84565],[-59.12402,-37.846],[-59.12439,-37.84605],[-59.12467,-37.84614],[-59.12487,-37.84632],[-59.12517,-37.84668],[-59.12518,-37.84668],[-59.1252,-37.84671],[-59.12525,-37.84676],[-59.12549,-37.84698],[-59.12552,-37.84699],[-59.1258,-37.84707],[-59.1262,-37.84705],[-59.12697,-37.84681],[-59.12735,-37.84679],[-59.1282,-37.84707],[-59.12886,-37.8476],[-59.12969,-37.84821],[-59.12968,-37.84825],[-59.12967,-37.84836],[-59.12985,-37.84849],[-59.13026,-37.84879],[-59.1302,-37.8493],[-59.12936,-37.84989],[-59.1289,-37.85058],[-59.12886,-37.85078],[-59.12889,-37.85096],[-59.12956,-37.85178],[-59.12964,-37.85202],[-59.12941,-37.85276],[-59.12943,-37.85283],[-59.12982,-37.85309],[-59.12989,-37.85334],[-59.12993,-37.85346],[-59.13009,-37.85402],[-59.13026,-37.85429],[-59.13051,-37.85447],[-59.13059,-37.85481],[-59.13141,-37.85571],[-59.13146,-37.8559],[-59.13137,-37.85689],[-59.13125,-37.85718],[-59.1309,-37.85776],[-59.13022,-37.85867],[-59.1305,-37.85895],[-59.13079,-37.85913],[-59.13085,-37.85915],[-59.13087,-37.85915],[-59.13086,-37.85916],[-59.1308,-37.85925],[-59.13108,-37.85953],[-59.13136,-37.85971],[-59.13331,-37.86022],[-59.13332,-37.86022],[-59.13333,-37.86024],[-59.13348,-37.86055],[-59.1337,-37.86084],[-59.13391,-37.86101],[-59.13396,-37.86105],[-59.13403,-37.86108],[-59.13537,-37.86171],[-59.13551,-37.86185],[-59.1361,-37.86221],[-59.13809,-37.86252],[-59.1384,-37.8625],[-59.139,-37.86237],[-59.13923,-37.86224],[-59.13974,-37.86199],[-59.14008,-37.86188],[-59.14074,-37.86191],[-59.14099,-37.86196],[-59.14137,-37.86217],[-59.14139,-37.86218],[-59.14195,-37.86276],[-59.14292,-37.86375],[-59.14299,-37.86382],[-59.143,-37.86382],[-59.14301,-37.86382],[-59.14489,-37.86431],[-59.14508,-37.86464],[-59.14518,-37.86482],[-59.14545,-37.86488],[-59.14546,-37.86489],[-59.14547,-37.86489],[-59.1455,-37.86496],[-59.14561,-37.865],[-59.14618,-37.86518],[-59.14652,-37.86526],[-59.1474,-37.86516],[-59.14932,-37.86548],[-59.14976,-37.86576],[-59.14977,-37.86578],[-59.15002,-37.86614],[-59.15031,-37.86656],[-59.15032,-37.86659],[-59.15044,-37.86677],[-59.15104,-37.86759],[-59.15072,-37.8682],[-59.15052,-37.86881],[-59.15113,-37.86982],[-59.15116,-37.87005],[-59.15129,-37.87045],[-59.15155,-37.87062],[-59.15173,-37.87069],[-59.15175,-37.8707],[-59.15206,-37.87082],[-59.1524,-37.87085],[-59.15268,-37.87078],[-59.15351,-37.8704],[-59.15384,-37.87064],[-59.15418,-37.87088],[-59.15607,-37.87252],[-59.15624,-37.87275],[-59.15665,-37.8731],[-59.15668,-37.87315],[-59.15701,-37.8736],[-59.15726,-37.87373],[-59.15742,-37.87379],[-59.15773,-37.87391],[-59.15794,-37.87399],[-59.15803,-37.87423],[-59.15786,-37.87459],[-59.15766,-37.87492],[-59.15753,-37.87527],[-59.15754,-37.87528],[-59.15758,-37.87535],[-59.15763,-37.87537],[-59.15837,-37.87566],[-59.15864,-37.87577],[-59.15941,-37.87633],[-59.15954,-37.87632],[-59.16109,-37.87624],[-59.16177,-37.87626],[-59.16236,-37.87662],[-59.16245,-37.87672],[-59.16256,-37.87684],[-59.16262,-37.87702],[-59.16297,-37.87804],[-59.16353,-37.87859],[-59.16366,-37.87871],[-59.16393,-37.87898],[-59.16404,-37.87908],[-59.16431,-37.87938],[-59.16457,-37.87964],[-59.16486,-37.87997],[-59.16494,-37.88005],[-59.1654,-37.88065],[-59.16532,-37.88109],[-59.1652,-37.88134],[-59.16503,-37.88156],[-59.16475,-37.88192],[-59.16467,-37.8821],[-59.16468,-37.8822],[-59.16468,-37.88224],[-59.1647,-37.88244],[-59.16461,-37.88286],[-59.16464,-37.88311],[-59.16489,-37.88313],[-59.16518,-37.88306],[-59.16543,-37.88282],[-59.16574,-37.88301],[-59.16611,-37.88323],[-59.16621,-37.88332],[-59.1666,-37.88394],[-59.16673,-37.88415],[-59.16682,-37.88428],[-59.16693,-37.88453],[-59.16693,-37.88455],[-59.16696,-37.88476],[-59.1671,-37.88512],[-59.16726,-37.88546],[-59.16746,-37.88582],[-59.16762,-37.8862],[-59.16768,-37.8865],[-59.16745,-37.8867],[-59.16736,-37.8871],[-59.16724,-37.88742],[-59.16715,-37.88778],[-59.16718,-37.88828],[-59.16727,-37.8887],[-59.16722,-37.88906],[-59.16702,-37.88942],[-59.1667,-37.88969],[-59.16636,-37.89],[-59.16607,-37.89031],[-59.16604,-37.89047],[-59.16592,-37.89083],[-59.16589,-37.89119],[-59.16588,-37.89189],[-59.16585,-37.89225],[-59.16573,-37.89259],[-59.16553,-37.8929],[-59.16527,-37.89345],[-59.16538,-37.89407],[-59.16586,-37.89465],[-59.16616,-37.89511],[-59.16627,-37.8954],[-59.16638,-37.89595],[-59.16643,-37.89649],[-59.16617,-37.89703],[-59.16596,-37.89729],[-59.1655,-37.89781],[-59.16504,-37.89835],[-59.16487,-37.89886],[-59.16495,-37.89914],[-59.16514,-37.8997],[-59.16531,-37.9003],[-59.16539,-37.90051],[-59.16589,-37.90091],[-59.16596,-37.90109],[-59.16678,-37.90173],[-59.16733,-37.90179],[-59.16783,-37.90199],[-59.16879,-37.90287],[-59.16888,-37.90291],[-59.16904,-37.90299],[-59.16929,-37.90325],[-59.16932,-37.90328],[-59.16949,-37.90355],[-59.16944,-37.90378],[-59.16899,-37.90428],[-59.16846,-37.90481],[-59.16804,-37.90533],[-59.16789,-37.90544],[-59.16726,-37.90548],[-59.16692,-37.90553],[-59.16671,-37.90587],[-59.16659,-37.90614],[-59.16672,-37.90671],[-59.16675,-37.90698],[-59.16659,-37.90777],[-59.16677,-37.90822],[-59.16683,-37.90838],[-59.16691,-37.9085],[-59.16704,-37.90874],[-59.16724,-37.90892],[-59.16763,-37.90919],[-59.16809,-37.90947],[-59.16817,-37.90951],[-59.1685,-37.90984],[-59.16851,-37.90985],[-59.16868,-37.91005],[-59.16878,-37.91044],[-59.16878,-37.91046],[-59.16887,-37.91087],[-59.16895,-37.91118],[-59.16898,-37.91125],[-59.16914,-37.9115],[-59.1692,-37.91172],[-59.16908,-37.91211],[-59.16893,-37.91251],[-59.16884,-37.91292],[-59.16884,-37.91332],[-59.16889,-37.91371],[-59.16903,-37.91407],[-59.16917,-37.9145],[-59.16929,-37.91486],[-59.1693,-37.9151],[-59.16926,-37.91527],[-59.16899,-37.91565],[-59.16874,-37.9158],[-59.16819,-37.9161],[-59.1678,-37.91639],[-59.16766,-37.91671],[-59.16765,-37.91684],[-59.16787,-37.91715],[-59.16792,-37.91722],[-59.16822,-37.91764],[-59.1683,-37.91794],[-59.16833,-37.91824],[-59.16833,-37.91866],[-59.16837,-37.91881],[-59.1684,-37.9189],[-59.16842,-37.91897],[-59.16871,-37.91922],[-59.16898,-37.91941],[-59.16915,-37.91962],[-59.16938,-37.92],[-59.16954,-37.92038],[-59.16965,-37.92081],[-59.16943,-37.92176],[-59.1693,-37.92229],[-59.16915,-37.92275],[-59.16891,-37.92319],[-59.16871,-37.92364],[-59.16845,-37.92407],[-59.16822,-37.92445],[-59.16819,-37.92452],[-59.16801,-37.92495],[-59.16801,-37.9254],[-59.1681,-37.92579],[-59.1682,-37.92624],[-59.16822,-37.92635],[-59.16836,-37.92751],[-59.16838,-37.9277],[-59.16839,-37.92776],[-59.16874,-37.9295],[-59.16876,-37.92971],[-59.16878,-37.92991],[-59.16883,-37.93031],[-59.16886,-37.93072],[-59.16885,-37.9311],[-59.16879,-37.93135],[-59.16857,-37.93176],[-59.16831,-37.93223],[-59.16804,-37.93283],[-59.16795,-37.93323],[-59.16797,-37.93357],[-59.16808,-37.9338],[-59.16822,-37.93418],[-59.16836,-37.93459],[-59.16841,-37.93499],[-59.16849,-37.93535],[-59.1684,-37.93585],[-59.16824,-37.93612],[-59.16797,-37.93656],[-59.16791,-37.93666],[-59.16731,-37.93706],[-59.16691,-37.93737],[-59.16685,-37.93742],[-59.16659,-37.93793],[-59.16644,-37.9384],[-59.16629,-37.9389],[-59.16615,-37.93919],[-59.16594,-37.93941],[-59.16554,-37.93984],[-59.16517,-37.94006],[-59.16471,-37.94026],[-59.16466,-37.94027],[-59.1642,-37.94041],[-59.16405,-37.94046],[-59.1638,-37.94059],[-59.16334,-37.94086],[-59.16317,-37.94104],[-59.16276,-37.94137],[-59.16228,-37.94153],[-59.16179,-37.94159],[-59.16117,-37.94165],[-59.16057,-37.94174],[-59.16023,-37.94192],[-59.16011,-37.9421],[-59.15981,-37.94254],[-59.15939,-37.94288],[-59.15906,-37.94301],[-59.15804,-37.94331],[-59.15762,-37.9434],[-59.1572,-37.94346],[-59.15679,-37.94367],[-59.15645,-37.94405],[-59.15645,-37.94428],[-59.1565,-37.9448],[-59.15652,-37.94529],[-59.15646,-37.9457],[-59.15631,-37.94615],[-59.15605,-37.94662],[-59.15582,-37.94709],[-59.15567,-37.94761],[-59.15508,-37.94859],[-59.1548,-37.94897],[-59.15451,-37.94944],[-59.15445,-37.94992],[-59.15439,-37.95032],[-59.15461,-37.95044],[-59.1547,-37.9509],[-59.15472,-37.95097],[-59.1548,-37.95103],[-59.15495,-37.95115],[-59.15501,-37.95158],[-59.155,-37.95182],[-59.15492,-37.95212],[-59.15481,-37.95237],[-59.15458,-37.95265],[-59.1544,-37.95285],[-59.15412,-37.95296],[-59.15355,-37.95353],[-59.15333,-37.95402],[-59.15316,-37.95423],[-59.15276,-37.95446],[-59.15233,-37.95474],[-59.15188,-37.95505],[-59.15141,-37.95584],[-59.15119,-37.956],[-59.151,-37.95611],[-59.15034,-37.95638],[-59.14966,-37.95667],[-59.14941,-37.95691],[-59.1493,-37.95722],[-59.14916,-37.95771],[-59.14912,-37.95821],[-59.14909,-37.95866],[-59.1487,-37.95905],[-59.1485,-37.9594],[-59.14847,-37.95945],[-59.14837,-37.95962],[-59.14835,-37.95988],[-59.14839,-37.95994],[-59.14872,-37.96039],[-59.14869,-37.9607],[-59.14864,-37.96113],[-59.14863,-37.96123],[-59.14848,-37.96143],[-59.14814,-37.96163],[-59.1474,-37.96171],[-59.14686,-37.9619],[-59.1467,-37.96206],[-59.14657,-37.96218],[-59.14611,-37.96279],[-59.14554,-37.9631],[-59.14492,-37.96371],[-59.14474,-37.96423],[-59.14421,-37.96478],[-59.14404,-37.96484],[-59.14372,-37.96495],[-59.14335,-37.96497],[-59.14304,-37.96495],[-59.14264,-37.96488],[-59.14227,-37.96478],[-59.14108,-37.96451],[-59.14066,-37.96437],[-59.14026,-37.96421],[-59.13989,-37.96409],[-59.13944,-37.96393],[-59.13907,-37.96384],[-59.13877,-37.96377],[-59.13864,-37.96374],[-59.13839,-37.9637],[-59.13801,-37.96403],[-59.13775,-37.96435],[-59.13781,-37.96441],[-59.13798,-37.96462],[-59.13763,-37.96498],[-59.13734,-37.96531],[-59.13726,-37.96529],[-59.13677,-37.96555],[-59.13648,-37.96585],[-59.13614,-37.96631],[-59.13568,-37.96676],[-59.13539,-37.96694],[-59.13508,-37.96707],[-59.1347,-37.96718],[-59.13433,-37.96725],[-59.13394,-37.96731],[-59.13356,-37.96733],[-59.13317,-37.96737],[-59.13285,-37.96746],[-59.13251,-37.96762],[-59.13214,-37.96786],[-59.13207,-37.96793],[-59.13192,-37.96807],[-59.13168,-37.96838],[-59.13164,-37.96872],[-59.13162,-37.9688],[-59.13146,-37.96934],[-59.13117,-37.96986],[-59.13091,-37.97015],[-59.13068,-37.97033],[-59.13052,-37.97045],[-59.13025,-37.97064],[-59.12997,-37.97091],[-59.12988,-37.97107],[-59.12973,-37.97146],[-59.12953,-37.97201],[-59.12938,-37.97228],[-59.12918,-37.97255],[-59.12895,-37.97275],[-59.12866,-37.97297],[-59.12844,-37.97296],[-59.12829,-37.97295],[-59.12792,-37.9733],[-59.12769,-37.9736],[-59.12764,-37.97369],[-59.12754,-37.97389],[-59.12745,-37.97427],[-59.12732,-37.97553],[-59.12658,-37.97652],[-59.12634,-37.97683],[-59.12615,-37.97729],[-59.12594,-37.97908],[-59.12636,-37.98036],[-59.12655,-37.98066],[-59.12665,-37.9808],[-59.12671,-37.981],[-59.12677,-37.98111],[-59.12685,-37.98153],[-59.12688,-37.98168],[-59.12684,-37.98211],[-59.12681,-37.98237],[-59.12669,-37.98293],[-59.12649,-37.98307],[-59.12626,-37.98327],[-59.12615,-37.98336],[-59.12605,-37.98356],[-59.12596,-37.98375],[-59.12589,-37.9839],[-59.12579,-37.98432],[-59.12562,-37.985],[-59.12568,-37.98519],[-59.12577,-37.9855],[-59.12586,-37.98602],[-59.12515,-37.98698],[-59.12499,-37.98749],[-59.12521,-37.98831],[-59.12526,-37.9885],[-59.12542,-37.98865],[-59.12554,-37.98915],[-59.12573,-37.98933],[-59.12578,-37.98952],[-59.1258,-37.98962],[-59.12579,-37.98984],[-59.12573,-37.9902],[-59.12561,-37.99054],[-59.12549,-37.9909],[-59.1254,-37.99126],[-59.12538,-37.99157],[-59.12537,-37.99169],[-59.12562,-37.99197],[-59.12569,-37.99214],[-59.12569,-37.99231],[-59.12575,-37.9924],[-59.12575,-37.9924],[-59.12575,-37.99265],[-59.12563,-37.99289],[-59.12554,-37.99318],[-59.1254,-37.99342],[-59.12536,-37.99349],[-59.12531,-37.99357],[-59.12523,-37.99371],[-59.12519,-37.99412],[-59.12525,-37.99443],[-59.1253,-37.99479],[-59.12524,-37.99509],[-59.12501,-37.99533],[-59.12479,-37.99555],[-59.12478,-37.99556],[-59.12473,-37.99557],[-59.12461,-37.99561],[-59.12435,-37.99569],[-59.1239,-37.99571],[-59.12364,-37.99566],[-59.12316,-37.99561],[-59.12272,-37.99559],[-59.12267,-37.99558],[-59.12233,-37.99563],[-59.1219,-37.99571],[-59.12145,-37.99582],[-59.12102,-37.99598],[-59.12076,-37.99609],[-59.12044,-37.99649],[-59.12029,-37.99682],[-59.12024,-37.99694],[-59.11978,-37.99728],[-59.11956,-37.99735],[-59.11926,-37.99745],[-59.11848,-37.99839],[-59.11848,-37.9984],[-59.11821,-37.99867],[-59.11735,-37.99882],[-59.1166,-37.9988],[-59.11599,-37.99872],[-59.11581,-37.99861],[-59.1156,-37.99848],[-59.11425,-37.99812],[-59.11337,-37.99812],[-59.11272,-37.99825],[-59.11219,-37.99866],[-59.11159,-37.99935],[-59.11146,-37.99997],[-59.11182,-38.00019],[-59.11176,-38.0006],[-59.11242,-38.00105],[-59.11272,-38.00122],[-59.11322,-38.00163],[-59.11353,-38.00189],[-59.11365,-38.0021],[-59.11372,-38.00219],[-59.11376,-38.00224],[-59.11378,-38.00235],[-59.11378,-38.00251],[-59.11375,-38.00276],[-59.11369,-38.00294],[-59.11366,-38.00303],[-59.11359,-38.00319],[-59.11322,-38.00381],[-59.11308,-38.00404],[-59.1129,-38.00428],[-59.11267,-38.00451],[-59.11224,-38.00513],[-59.11192,-38.00558],[-59.11169,-38.00583],[-59.11146,-38.0061],[-59.11112,-38.00655],[-59.11085,-38.00688],[-59.11053,-38.0071],[-59.11036,-38.00728],[-59.11013,-38.00755],[-59.1099,-38.0078],[-59.10964,-38.008],[-59.1093,-38.00829],[-59.10892,-38.00847],[-59.10858,-38.00851],[-59.1083,-38.00857],[-59.10813,-38.00866],[-59.10778,-38.00882],[-59.10765,-38.00887],[-59.10744,-38.00895],[-59.10712,-38.00904],[-59.10678,-38.00912],[-59.10678,-38.00912],[-59.10644,-38.00919],[-59.1061,-38.00928],[-59.10575,-38.00932],[-59.10541,-38.00938],[-59.10507,-38.00943],[-59.10439,-38.00947],[-59.1042,-38.00954],[-59.10404,-38.0096],[-59.10373,-38.00969],[-59.10339,-38.00973],[-59.10307,-38.00979],[-59.10273,-38.00981],[-59.10205,-38.0099],[-59.10171,-38.00992],[-59.10136,-38.00992],[-59.10108,-38.00994],[-59.10108,-38.00994],[-59.1008,-38.01001],[-59.10034,-38.01013],[-59.10014,-38.01024],[-59.09996,-38.01038],[-59.09973,-38.01062],[-59.09933,-38.01116],[-59.09913,-38.01139],[-59.09902,-38.01153],[-59.09892,-38.01165],[-59.09863,-38.01192],[-59.09863,-38.01193],[-59.09849,-38.01201],[-59.09815,-38.01217],[-59.09778,-38.0123],[-59.09715,-38.01259],[-59.09697,-38.0127],[-59.09674,-38.01288],[-59.09663,-38.01303],[-59.09651,-38.01328],[-59.09642,-38.01353],[-59.09625,-38.01407],[-59.09613,-38.01431],[-59.09613,-38.01431],[-59.09611,-38.01432],[-59.0959,-38.01445],[-59.09567,-38.01451],[-59.09533,-38.0146],[-59.09507,-38.0146],[-59.09476,-38.01455],[-59.09442,-38.01448],[-59.09408,-38.01443],[-59.0934,-38.01429],[-59.09338,-38.01429],[-59.09305,-38.01425],[-59.09277,-38.01415],[-59.09209,-38.01401],[-59.09141,-38.01396],[-59.09118,-38.01398],[-59.09084,-38.01405],[-59.09036,-38.01405],[-59.0901,-38.01407],[-59.08947,-38.0141],[-59.08918,-38.01415],[-59.08887,-38.0143],[-59.08858,-38.01448],[-59.0883,-38.0147],[-59.08803,-38.01497],[-59.08726,-38.01571],[-59.08697,-38.01595],[-59.08668,-38.01622],[-59.0859,-38.01703],[-59.0857,-38.01727],[-59.08557,-38.01748],[-59.08535,-38.01779],[-59.08524,-38.01803],[-59.08515,-38.0183],[-59.08514,-38.01833],[-59.08512,-38.01855],[-59.08503,-38.01882],[-59.08488,-38.01909],[-59.08474,-38.01927],[-59.08448,-38.01952],[-59.08446,-38.01953],[-59.08443,-38.01955],[-59.08433,-38.01963],[-59.08407,-38.0197],[-59.08396,-38.01974],[-59.08365,-38.01985],[-59.08333,-38.01993],[-59.08302,-38.01996],[-59.08291,-38.01997],[-59.08268,-38.02],[-59.08199,-38.01995],[-59.0819,-38.01994],[-59.08168,-38.01992],[-59.08114,-38.01999],[-59.08095,-38.02001],[-59.07997,-38.02],[-59.07963,-38.02002],[-59.07932,-38.02006],[-59.07906,-38.02013],[-59.07877,-38.02024],[-59.07846,-38.02039],[-59.07829,-38.02066],[-59.07817,-38.02091],[-59.07816,-38.02095],[-59.07811,-38.02118],[-59.07813,-38.02134],[-59.07825,-38.02154],[-59.07844,-38.02181],[-59.07846,-38.02184],[-59.07878,-38.02235],[-59.07892,-38.02263],[-59.07897,-38.02278],[-59.07898,-38.02285],[-59.07905,-38.0236],[-59.07901,-38.02382],[-59.07895,-38.02409],[-59.07884,-38.02431],[-59.07873,-38.02448],[-59.07869,-38.02454],[-59.07843,-38.02481],[-59.07814,-38.02505],[-59.07783,-38.02528],[-59.07751,-38.02554],[-59.07725,-38.02581],[-59.07705,-38.02608],[-59.07699,-38.02619],[-59.07696,-38.02624],[-59.0769,-38.02633],[-59.07673,-38.02657],[-59.07667,-38.02678],[-59.07658,-38.02704],[-59.07652,-38.02731],[-59.07649,-38.02758],[-59.07649,-38.02785],[-59.07646,-38.0281],[-59.07637,-38.02837],[-59.07631,-38.02862],[-59.07627,-38.02889],[-59.0763,-38.02916],[-59.07627,-38.02936],[-59.07621,-38.02959],[-59.07609,-38.02977],[-59.07592,-38.02999],[-59.07549,-38.03023],[-59.07529,-38.03039],[-59.07497,-38.03068],[-59.07431,-38.03119],[-59.07402,-38.03148],[-59.07373,-38.03173],[-59.07339,-38.03209],[-59.07334,-38.03213],[-59.07295,-38.03253],[-59.07272,-38.03283],[-59.07249,-38.03307],[-59.07217,-38.03336],[-59.07194,-38.03349],[-59.07163,-38.03363],[-59.0714,-38.03365],[-59.07106,-38.03369],[-59.07075,-38.03373],[-59.0704,-38.03377],[-59.07006,-38.03384],[-59.06975,-38.03395],[-59.06952,-38.03406],[-59.0692,-38.03424],[-59.06889,-38.03444],[-59.06857,-38.03466],[-59.06828,-38.03491],[-59.06814,-38.03511],[-59.06805,-38.03527],[-59.06799,-38.03538],[-59.06787,-38.03565],[-59.06786,-38.03572],[-59.06781,-38.03592],[-59.06781,-38.03615],[-59.06781,-38.03619],[-59.0678,-38.0362],[-59.06772,-38.03641],[-59.06763,-38.03668],[-59.0676,-38.03693],[-59.06748,-38.03724],[-59.06734,-38.03751],[-59.06722,-38.03767],[-59.06654,-38.03822],[-59.06633,-38.0384],[-59.06613,-38.03854],[-59.06593,-38.03863],[-59.06547,-38.03874],[-59.06513,-38.03885],[-59.06481,-38.039],[-59.06453,-38.03916],[-59.06424,-38.03945],[-59.06401,-38.03972],[-59.064,-38.03972],[-59.06383,-38.03998],[-59.06369,-38.04025],[-59.06356,-38.04047],[-59.06354,-38.0405],[-59.06325,-38.04104],[-59.06313,-38.04131],[-59.06296,-38.04151],[-59.06273,-38.04175],[-59.06241,-38.04195],[-59.0621,-38.04209],[-59.06178,-38.04218],[-59.06144,-38.04226],[-59.0611,-38.04228],[-59.06078,-38.0423],[-59.0605,-38.04237],[-59.06024,-38.04245],[-59.05955,-38.04281],[-59.05933,-38.04297],[-59.05895,-38.04326],[-59.05863,-38.04355],[-59.05835,-38.04377],[-59.05743,-38.04412],[-59.05674,-38.04443],[-59.05643,-38.04459],[-59.05611,-38.04479],[-59.05588,-38.04496],[-59.05573,-38.04523],[-59.0555,-38.04577],[-59.0554,-38.04598],[-59.05538,-38.04602],[-59.05524,-38.04618],[-59.05521,-38.04619],[-59.05492,-38.04635],[-59.05458,-38.04653],[-59.05363,-38.04706],[-59.05349,-38.04729],[-59.05343,-38.04754],[-59.05325,-38.04817],[-59.05324,-38.04861],[-59.05329,-38.04889],[-59.05344,-38.04936],[-59.05354,-38.0497],[-59.05353,-38.05019],[-59.05356,-38.05047],[-59.05356,-38.0506],[-59.05354,-38.05154],[-59.0536,-38.05179],[-59.05365,-38.05206],[-59.05367,-38.05218],[-59.05372,-38.05255],[-59.05378,-38.05274],[-59.05383,-38.05344],[-59.05378,-38.0536],[-59.05377,-38.0536],[-59.05369,-38.05373],[-59.05366,-38.05378],[-59.05365,-38.05378],[-59.05326,-38.05404],[-59.053,-38.05427],[-59.05277,-38.05454],[-59.05256,-38.0548],[-59.05236,-38.05505],[-59.05199,-38.05525],[-59.05176,-38.05527],[-59.05142,-38.05531],[-59.0511,-38.0554],[-59.0509,-38.05553],[-59.05073,-38.05585],[-59.0507,-38.05603],[-59.05072,-38.05616],[-59.0508,-38.05643],[-59.05085,-38.05665],[-59.05086,-38.0567],[-59.05091,-38.05725],[-59.05096,-38.05752],[-59.05104,-38.05779],[-59.05101,-38.05808],[-59.05107,-38.05835],[-59.05106,-38.05862],[-59.05103,-38.05867],[-59.05089,-38.05887],[-59.05066,-38.05913],[-59.05045,-38.0594],[-59.05028,-38.05969],[-59.05019,-38.05994],[-59.0501,-38.06021],[-59.04998,-38.06046],[-59.04989,-38.06073],[-59.04983,-38.06127],[-59.04977,-38.06145],[-59.04948,-38.06176],[-59.04912,-38.06188],[-59.04833,-38.06175],[-59.04792,-38.06159],[-59.04752,-38.06145],[-59.04732,-38.06141],[-59.04689,-38.06145],[-59.04661,-38.06149],[-59.04621,-38.06155],[-59.04592,-38.06157],[-59.0455,-38.06157],[-59.04518,-38.06153],[-59.04473,-38.06145],[-59.04433,-38.0614],[-59.04399,-38.0614],[-59.04359,-38.06142],[-59.04337,-38.06167],[-59.04327,-38.062],[-59.04327,-38.0622],[-59.04332,-38.06241],[-59.04343,-38.06273],[-59.04351,-38.06302],[-59.04357,-38.06327],[-59.04348,-38.06363],[-59.04315,-38.06407],[-59.04272,-38.06454],[-59.04264,-38.0647],[-59.04229,-38.06492],[-59.04206,-38.06528],[-59.04194,-38.06555],[-59.04185,-38.06587],[-59.04182,-38.06611],[-59.04185,-38.06632],[-59.04196,-38.06663],[-59.04204,-38.06695],[-59.04218,-38.06726],[-59.04234,-38.06758],[-59.04245,-38.06787],[-59.04251,-38.06808],[-59.04245,-38.06842],[-59.04236,-38.06873],[-59.04235,-38.06896],[-59.04241,-38.06927],[-59.04252,-38.06956],[-59.04263,-38.0697],[-59.04266,-38.06974],[-59.04291,-38.06999],[-59.04305,-38.07011],[-59.0433,-38.07027],[-59.0441,-38.07068],[-59.04444,-38.07089],[-59.0448,-38.07116],[-59.04504,-38.07154],[-59.04508,-38.07175],[-59.0451,-38.07183],[-59.04516,-38.07202],[-59.0451,-38.07231],[-59.04504,-38.07258],[-59.04503,-38.07312],[-59.04497,-38.07332],[-59.04497,-38.07361],[-59.0446,-38.07388],[-59.04437,-38.07388],[-59.04371,-38.07426],[-59.04302,-38.07457],[-59.0427,-38.07475],[-59.04253,-38.07481],[-59.04228,-38.07485],[-59.04193,-38.07487],[-59.04159,-38.07487],[-59.04125,-38.07489],[-59.04094,-38.07489],[-59.04062,-38.07484],[-59.04028,-38.07482],[-59.03994,-38.07477],[-59.03968,-38.07477],[-59.03946,-38.07481],[-59.0392,-38.0749],[-59.03885,-38.07505],[-59.03868,-38.07514],[-59.03848,-38.07543],[-59.03828,-38.07568],[-59.0381,-38.07586],[-59.03799,-38.07597],[-59.03759,-38.07614],[-59.03724,-38.07628],[-59.03699,-38.07639],[-59.03687,-38.07668],[-59.03684,-38.0769],[-59.03686,-38.07717],[-59.03686,-38.07742],[-59.03683,-38.07769],[-59.03677,-38.07789],[-59.03669,-38.07806],[-59.03628,-38.0783],[-59.03605,-38.07838],[-59.03597,-38.07865],[-59.03612,-38.07897],[-59.03628,-38.07921],[-59.03627,-38.07927],[-59.03645,-38.07963],[-59.03664,-38.07992],[-59.0371,-38.0802],[-59.03742,-38.08039],[-59.03773,-38.08059],[-59.03803,-38.08079],[-59.03813,-38.08085],[-59.03831,-38.08098],[-59.0384,-38.08108],[-59.03847,-38.08135],[-59.0386,-38.08155],[-59.0386,-38.08172],[-59.03856,-38.08199],[-59.03856,-38.08226],[-59.03853,-38.08253],[-59.03829,-38.08325],[-59.03817,-38.08351],[-59.03811,-38.08378],[-59.03808,-38.08404],[-59.03808,-38.08405],[-59.03808,-38.08432],[-59.03808,-38.08434],[-59.0381,-38.0846],[-59.03816,-38.08487],[-59.03835,-38.08548],[-59.03849,-38.08575],[-59.03857,-38.086],[-59.03865,-38.08627],[-59.03862,-38.08656],[-59.03861,-38.08657],[-59.03859,-38.08667],[-59.03853,-38.08678],[-59.03838,-38.08696],[-59.03821,-38.0871],[-59.03798,-38.08721],[-59.03767,-38.08729],[-59.03735,-38.08736],[-59.03698,-38.08733],[-59.03661,-38.08738],[-59.03627,-38.08737],[-59.03593,-38.08735],[-59.03556,-38.08723],[-59.03519,-38.08723],[-59.03491,-38.08718],[-59.03456,-38.08711],[-59.03417,-38.08715],[-59.03399,-38.08722],[-59.03368,-38.08737],[-59.03353,-38.08749],[-59.03333,-38.08769],[-59.03307,-38.08805],[-59.03298,-38.08829],[-59.03283,-38.08858],[-59.03269,-38.08885],[-59.03257,-38.08912],[-59.03245,-38.08935],[-59.03231,-38.08955],[-59.03196,-38.08984],[-59.03171,-38.09002],[-59.03139,-38.09017],[-59.03105,-38.0903],[-59.03073,-38.09044],[-59.03039,-38.09061],[-59.03024,-38.09072],[-59.0301,-38.0909],[-59.02989,-38.09117],[-59.02981,-38.09144],[-59.02974,-38.09159],[-59.02963,-38.09198],[-59.02962,-38.09225],[-59.02956,-38.09245],[-59.02945,-38.09263],[-59.0293,-38.09277],[-59.02867,-38.09321],[-59.0283,-38.09341],[-59.02813,-38.09354],[-59.02784,-38.09383],[-59.02758,-38.0941],[-59.02729,-38.09435],[-59.027,-38.09462],[-59.02671,-38.09486],[-59.02642,-38.09513],[-59.02622,-38.09542],[-59.02587,-38.09596],[-59.02572,-38.09623],[-59.02558,-38.09643],[-59.02538,-38.09661],[-59.02512,-38.09678],[-59.02475,-38.09696],[-59.02443,-38.09714],[-59.0242,-38.09732],[-59.02391,-38.09761],[-59.02368,-38.09783],[-59.02351,-38.09794],[-59.02316,-38.09803],[-59.02248,-38.09825],[-59.0221,-38.0984],[-59.02182,-38.09856],[-59.02147,-38.09874],[-59.02116,-38.09894],[-59.02084,-38.09916],[-59.02055,-38.0994],[-59.02032,-38.0997],[-59.02012,-38.09996],[-59.01991,-38.10021],[-59.01971,-38.10048],[-59.01954,-38.10075],[-59.01924,-38.10129],[-59.01904,-38.10155],[-59.01887,-38.10182],[-59.01869,-38.102],[-59.01846,-38.10213],[-59.01818,-38.10218],[-59.01786,-38.1022],[-59.01752,-38.10222],[-59.01721,-38.10228],[-59.01686,-38.10237],[-59.01658,-38.10246],[-59.01626,-38.10259],[-59.01597,-38.10277],[-59.01563,-38.10297],[-59.01537,-38.10319],[-59.01511,-38.10346],[-59.01491,-38.10373],[-59.0147,-38.10417],[-59.01458,-38.10455],[-59.01455,-38.10476],[-59.01449,-38.10496],[-59.01437,-38.10523],[-59.01426,-38.10552],[-59.01411,-38.10577],[-59.01396,-38.10606],[-59.01385,-38.10624],[-59.0135,-38.10653],[-59.01343,-38.10661],[-59.01307,-38.10707],[-59.01281,-38.10736],[-59.01257,-38.10763],[-59.01234,-38.10785],[-59.01208,-38.10812],[-59.01171,-38.10829],[-59.01137,-38.10845],[-59.01102,-38.10863],[-59.01065,-38.10876],[-59.01031,-38.10887],[-59.00999,-38.10889],[-59.00965,-38.10889],[-59.00931,-38.10891],[-59.00871,-38.10906],[-59.00836,-38.10912],[-59.00802,-38.10921],[-59.00773,-38.10932],[-59.00739,-38.1095],[-59.00707,-38.10965],[-59.00667,-38.10978],[-59.00633,-38.10989],[-59.00604,-38.11],[-59.00541,-38.11036],[-59.00509,-38.11056],[-59.00492,-38.11071],[-59.00469,-38.11101],[-59.00446,-38.11125],[-59.00437,-38.11143],[-59.00431,-38.1117],[-59.00422,-38.11197],[-59.0041,-38.11222],[-59.00396,-38.11249],[-59.00381,-38.11271],[-59.00364,-38.11289],[-59.00335,-38.11311],[-59.00303,-38.11342],[-59.00283,-38.11367],[-59.00274,-38.11387],[-59.00268,-38.11414],[-59.00265,-38.11441],[-59.00256,-38.11466],[-59.00244,-38.11491],[-59.00212,-38.1154],[-59.0016,-38.1158],[-59.00129,-38.116],[-59.00106,-38.11609],[-59.00047,-38.11649],[-58.99993,-38.11686],[-58.99945,-38.1173],[-58.99895,-38.1176],[-58.99856,-38.1177],[-58.9973,-38.11778],[-58.99704,-38.11784],[-58.9966,-38.118],[-58.99555,-38.11844],[-58.99503,-38.11864],[-58.99453,-38.11884],[-58.99442,-38.11894],[-58.9942,-38.11938],[-58.99401,-38.1195],[-58.99364,-38.1195],[-58.99313,-38.11951],[-58.9928,-38.11957],[-58.99251,-38.11968],[-58.99209,-38.11989],[-58.99176,-38.12016],[-58.99141,-38.12043],[-58.99119,-38.12053],[-58.99088,-38.12053],[-58.9907,-38.12049],[-58.99058,-38.12043],[-58.99054,-38.12041],[-58.99046,-38.12037],[-58.98996,-38.12009],[-58.98974,-38.12013],[-58.9893,-38.12041],[-58.98919,-38.12056],[-58.98906,-38.12087],[-58.98901,-38.12119],[-58.98901,-38.1216],[-58.98896,-38.12199],[-58.9887,-38.12234],[-58.98844,-38.12248],[-58.98792,-38.12281],[-58.98767,-38.12303],[-58.98752,-38.12324],[-58.98736,-38.12364],[-58.98718,-38.12407],[-58.98705,-38.12447],[-58.98694,-38.1249],[-58.98693,-38.1251],[-58.987,-38.12531],[-58.98708,-38.12545],[-58.98719,-38.12563],[-58.98736,-38.12587],[-58.98748,-38.12604],[-58.98757,-38.12618],[-58.98772,-38.12642],[-58.98775,-38.12654],[-58.98777,-38.12659],[-58.98782,-38.12679],[-58.9877,-38.12722],[-58.98746,-38.12747],[-58.98711,-38.12786],[-58.9868,-38.12826],[-58.98652,-38.12867],[-58.98638,-38.12897],[-58.98618,-38.12941],[-58.98598,-38.13014],[-58.98589,-38.13035],[-58.98569,-38.13072],[-58.98552,-38.13096],[-58.98519,-38.13116],[-58.98489,-38.13127],[-58.98461,-38.13129],[-58.98439,-38.13125],[-58.98388,-38.13113],[-58.98343,-38.13106],[-58.9831,-38.13104],[-58.98254,-38.13146],[-58.98232,-38.13173],[-58.98197,-38.13208],[-58.9818,-38.13217],[-58.98154,-38.13225],[-58.98104,-38.13236],[-58.98054,-38.13249],[-58.98029,-38.13266],[-58.98017,-38.13278],[-58.97993,-38.13322],[-58.97958,-38.13345],[-58.97931,-38.13357],[-58.97879,-38.13375],[-58.97835,-38.13396],[-58.97815,-38.13416],[-58.97809,-38.13431],[-58.97806,-38.13455],[-58.97812,-38.13499],[-58.97818,-38.13538],[-58.97816,-38.1355],[-58.97818,-38.13589],[-58.97828,-38.13627],[-58.97842,-38.13668],[-58.97842,-38.13668],[-58.97845,-38.13678],[-58.97841,-38.1369],[-58.97831,-38.13719],[-58.97821,-38.13746],[-58.97817,-38.13776],[-58.97814,-38.13805],[-58.9781,-38.13827],[-58.97799,-38.13836],[-58.97764,-38.13866],[-58.97736,-38.13895],[-58.97725,-38.13915],[-58.97713,-38.13945],[-58.97712,-38.13977],[-58.97727,-38.1402],[-58.97743,-38.14043],[-58.97749,-38.14051],[-58.9775,-38.14084],[-58.97748,-38.14105],[-58.97747,-38.14112],[-58.97743,-38.14126],[-58.97732,-38.14141],[-58.97713,-38.14163],[-58.9768,-38.1418],[-58.97641,-38.14193],[-58.97609,-38.14206],[-58.9758,-38.1422],[-58.97539,-38.14248],[-58.97502,-38.14267],[-58.97467,-38.14288],[-58.97439,-38.1429],[-58.97403,-38.14307],[-58.97363,-38.14327],[-58.97322,-38.14345],[-58.973,-38.14358],[-58.97287,-38.14368],[-58.97251,-38.144],[-58.9722,-38.14422],[-58.97187,-38.14429],[-58.97155,-38.1443],[-58.97121,-38.14427],[-58.97082,-38.14418],[-58.97059,-38.14421],[-58.97035,-38.14428],[-58.96997,-38.14455],[-58.96983,-38.14493],[-58.96981,-38.14509],[-58.96986,-38.1454],[-58.96988,-38.14551],[-58.96998,-38.14584],[-58.97013,-38.14614],[-58.97015,-38.14629],[-58.97017,-38.14645],[-58.97016,-38.14672],[-58.97009,-38.14693],[-58.96994,-38.14721],[-58.96981,-38.1475],[-58.96975,-38.14776],[-58.96967,-38.14811],[-58.96955,-38.14842],[-58.96952,-38.14845],[-58.96945,-38.14852],[-58.96932,-38.1486],[-58.96891,-38.14863],[-58.9685,-38.14856],[-58.96809,-38.14859],[-58.9677,-38.14867],[-58.96731,-38.14879],[-58.96684,-38.14903],[-58.96636,-38.14934],[-58.96597,-38.14958],[-58.96558,-38.14976],[-58.96536,-38.14981],[-58.96502,-38.14989],[-58.96476,-38.14999],[-58.96445,-38.15031],[-58.96416,-38.15056],[-58.96397,-38.1507],[-58.96356,-38.15085],[-58.96278,-38.15111],[-58.96245,-38.15132],[-58.96206,-38.15136],[-58.96172,-38.15155],[-58.96113,-38.15194],[-58.9609,-38.15207],[-58.96065,-38.15222],[-58.96033,-38.15233],[-58.95992,-38.15233],[-58.95964,-38.15228],[-58.95893,-38.15205],[-58.95853,-38.15203],[-58.95809,-38.15211],[-58.95792,-38.15216],[-58.95772,-38.15221],[-58.95731,-38.15241],[-58.95712,-38.15252],[-58.95697,-38.15261],[-58.95686,-38.15273],[-58.95683,-38.15302],[-58.95691,-38.15313],[-58.95702,-38.15331],[-58.95718,-38.1534],[-58.95715,-38.15363],[-58.95738,-38.15392],[-58.95742,-38.15397],[-58.95772,-38.15414],[-58.95781,-38.15417],[-58.95794,-38.15421],[-58.95801,-38.15423],[-58.95798,-38.15427],[-58.95795,-38.1543],[-58.95778,-38.15447],[-58.95739,-38.15458],[-58.95722,-38.15453],[-58.95687,-38.15439],[-58.95666,-38.15427],[-58.95641,-38.15412],[-58.95606,-38.1543],[-58.9556,-38.15469],[-58.95526,-38.15484],[-58.95484,-38.15489],[-58.95471,-38.1549],[-58.95434,-38.1551],[-58.95421,-38.15537],[-58.95419,-38.15542],[-58.95429,-38.15575],[-58.95435,-38.15606],[-58.95444,-38.15636],[-58.95454,-38.15667],[-58.95457,-38.15692],[-58.95459,-38.15723],[-58.95457,-38.15745],[-58.95453,-38.1577],[-58.95452,-38.15774],[-58.95446,-38.15791],[-58.95439,-38.1581],[-58.95432,-38.15833],[-58.95403,-38.15864],[-58.95399,-38.15868],[-58.95365,-38.15899],[-58.95351,-38.15918],[-58.95347,-38.15931],[-58.95344,-38.15952],[-58.95348,-38.1597],[-58.95351,-38.15979],[-58.95358,-38.16001],[-58.95367,-38.16032],[-58.95368,-38.1605],[-58.95368,-38.16069],[-58.95359,-38.16101],[-58.9535,-38.16132],[-58.95348,-38.16163],[-58.95354,-38.16186],[-58.95371,-38.16219],[-58.95379,-38.16249],[-58.95387,-38.16278],[-58.95393,-38.16311],[-58.9539,-38.16328],[-58.95383,-38.16355],[-58.9537,-38.16384],[-58.95357,-38.16399],[-58.95329,-38.16404],[-58.95302,-38.16412],[-58.95243,-38.16414],[-58.95178,-38.16401],[-58.95119,-38.16398],[-58.95097,-38.16396],[-58.95048,-38.16401],[-58.95012,-38.16434],[-58.95011,-38.16472],[-58.95038,-38.16504],[-58.95052,-38.16515],[-58.95073,-38.16531],[-58.95084,-38.16539],[-58.951,-38.16548],[-58.95141,-38.16571],[-58.95172,-38.16585],[-58.9518,-38.16602],[-58.95179,-38.16637],[-58.95178,-38.16678],[-58.95181,-38.167],[-58.95172,-38.16738],[-58.95164,-38.16768],[-58.95163,-38.16772],[-58.95151,-38.16796],[-58.9514,-38.16812],[-58.95111,-38.16841],[-58.9509,-38.16859],[-58.95059,-38.16877],[-58.95022,-38.1689],[-58.94984,-38.16896],[-58.94957,-38.16901],[-58.94939,-38.16905],[-58.94933,-38.16914],[-58.94937,-38.1695],[-58.94952,-38.16979],[-58.94971,-38.17007],[-58.94985,-38.17029],[-58.95022,-38.17065],[-58.9505,-38.17104],[-58.95055,-38.17115],[-58.95051,-38.1712],[-58.94994,-38.17181],[-58.94977,-38.17196],[-58.9498,-38.17232],[-58.94979,-38.17234],[-58.94979,-38.17268],[-58.94973,-38.17288],[-58.94964,-38.17306],[-58.94934,-38.17337],[-58.94929,-38.17342],[-58.94903,-38.17375],[-58.94889,-38.17404],[-58.94902,-38.17445],[-58.94919,-38.17477],[-58.94941,-38.17502],[-58.94943,-38.17508],[-58.94959,-38.17543],[-58.94986,-38.17574],[-58.95017,-38.17607],[-58.95046,-38.17646],[-58.95076,-38.17675],[-58.95123,-38.17686],[-58.95147,-38.17692],[-58.95138,-38.17715],[-58.95138,-38.1774],[-58.95166,-38.17756],[-58.95179,-38.17763],[-58.95206,-38.17777],[-58.95214,-38.17792],[-58.95205,-38.17823],[-58.95191,-38.17869],[-58.9519,-38.17874],[-58.95181,-38.179],[-58.95152,-38.17934],[-58.95114,-38.17965],[-58.95103,-38.17981],[-58.95097,-38.18008],[-58.95084,-38.18079],[-58.9509,-38.18106],[-58.95101,-38.1814],[-58.95117,-38.18174],[-58.95128,-38.1821],[-58.95131,-38.18229],[-58.9511,-38.18268],[-58.95058,-38.1827],[-58.95055,-38.1827],[-58.95048,-38.18268],[-58.95043,-38.18267],[-58.95022,-38.18261],[-58.94976,-38.18252],[-58.94931,-38.18238],[-58.94888,-38.18222],[-58.94828,-38.18185],[-58.94794,-38.18165],[-58.94764,-38.18149],[-58.94735,-38.18139],[-58.94707,-38.18135],[-58.94681,-38.18134],[-58.94668,-38.18136],[-58.94635,-38.18141],[-58.94596,-38.1814],[-58.94556,-38.18133],[-58.94553,-38.18132],[-58.94527,-38.18122],[-58.94482,-38.18108],[-58.94453,-38.18105],[-58.94405,-38.18107],[-58.94371,-38.18114],[-58.94351,-38.18122],[-58.94296,-38.18129],[-58.9428,-38.18129],[-58.94268,-38.18128],[-58.94219,-38.18103],[-58.9418,-38.18064],[-58.94149,-38.18047],[-58.94143,-38.18045],[-58.94118,-38.18035],[-58.94096,-38.18039],[-58.94015,-38.18077],[-58.93971,-38.18151],[-58.93944,-38.18182],[-58.93918,-38.18204],[-58.93901,-38.18227],[-58.93892,-38.18247],[-58.93889,-38.18265],[-58.93903,-38.18303],[-58.93905,-38.1833],[-58.93902,-38.18346],[-58.9387,-38.18377],[-58.93836,-38.18384],[-58.93793,-38.1839],[-58.93788,-38.1839],[-58.93756,-38.18392],[-58.9375,-38.18392],[-58.9373,-38.18387],[-58.93708,-38.18373],[-58.93694,-38.18335],[-58.93662,-38.18328],[-58.93616,-38.18334],[-58.93572,-38.18357],[-58.93568,-38.18362],[-58.93555,-38.18379],[-58.93539,-38.18408],[-58.93541,-38.18424],[-58.93542,-38.18433],[-58.93559,-38.18465],[-58.93579,-38.18489],[-58.93586,-38.18494],[-58.93625,-38.18524],[-58.93625,-38.1853],[-58.93625,-38.18558],[-58.93607,-38.1857],[-58.93583,-38.18585],[-58.93585,-38.18601],[-58.93587,-38.18629],[-58.93576,-38.18657],[-58.9352,-38.18673],[-58.93477,-38.18692],[-58.93345,-38.18752],[-58.93288,-38.18792],[-58.93215,-38.18794],[-58.93191,-38.18818],[-58.93174,-38.18834],[-58.93124,-38.18842],[-58.93081,-38.18838],[-58.93025,-38.18834],[-58.92975,-38.18821],[-58.9294,-38.18818],[-58.92897,-38.18825],[-58.92833,-38.18841],[-58.92797,-38.18834],[-58.92763,-38.18832],[-58.92738,-38.18838],[-58.92709,-38.1885],[-58.92675,-38.18871],[-58.9262,-38.18903],[-58.92538,-38.18944],[-58.9247,-38.18975],[-58.92437,-38.18989],[-58.92431,-38.18992],[-58.92413,-38.1904],[-58.9241,-38.19047],[-58.92389,-38.19089],[-58.92369,-38.19099],[-58.92345,-38.19104],[-58.92287,-38.19116],[-58.92265,-38.19141],[-58.92239,-38.19162],[-58.92161,-38.19196],[-58.92142,-38.19206],[-58.92138,-38.19211],[-58.92095,-38.19257],[-58.92061,-38.19287],[-58.92047,-38.19306],[-58.92041,-38.19326],[-58.92017,-38.19376],[-58.91985,-38.19399],[-58.91946,-38.19427],[-58.91942,-38.19459],[-58.91952,-38.19481],[-58.91964,-38.1951],[-58.91975,-38.19526],[-58.91986,-38.19541],[-58.92007,-38.19565],[-58.92016,-38.19593],[-58.92014,-38.19615],[-58.92015,-38.19649],[-58.92021,-38.19665],[-58.9203,-38.19688],[-58.9205,-38.19721],[-58.92091,-38.19752],[-58.92121,-38.19762],[-58.92143,-38.19764],[-58.92172,-38.19771],[-58.92197,-38.19783],[-58.92208,-38.19788],[-58.92197,-38.19801],[-58.92179,-38.19815],[-58.9216,-38.1983],[-58.92139,-38.19857],[-58.92126,-38.1989],[-58.92124,-38.19895],[-58.9211,-38.19911],[-58.92087,-38.19933],[-58.92047,-38.19912],[-58.92038,-38.1991],[-58.9201,-38.19905],[-58.91982,-38.199],[-58.91936,-38.19929],[-58.91901,-38.19945],[-58.91875,-38.19951],[-58.91824,-38.19953],[-58.91792,-38.19959],[-58.91767,-38.1997],[-58.91727,-38.19981],[-58.91672,-38.1999],[-58.91629,-38.20021],[-58.91609,-38.20048],[-58.9156,-38.20056],[-58.91531,-38.20054],[-58.91497,-38.20054],[-58.91448,-38.20084],[-58.9141,-38.20118],[-58.9139,-38.20131],[-58.91376,-38.20134],[-58.91333,-38.2016],[-58.91298,-38.20185],[-58.91281,-38.20198],[-58.91313,-38.20241],[-58.91326,-38.20253],[-58.9134,-38.20266],[-58.91351,-38.2028],[-58.91376,-38.20309],[-58.91419,-38.20337],[-58.91456,-38.2035],[-58.91487,-38.20364],[-58.91512,-38.20378],[-58.91546,-38.20405],[-58.91577,-38.20424],[-58.91591,-38.20453],[-58.91593,-38.20472],[-58.91617,-38.20488],[-58.91632,-38.20515],[-58.91635,-38.20546],[-58.91642,-38.20571],[-58.91659,-38.206],[-58.91664,-38.20618],[-58.91666,-38.20625],[-58.91668,-38.20644],[-58.91662,-38.20661],[-58.91658,-38.20669],[-58.91649,-38.20697],[-58.91639,-38.20723],[-58.91641,-38.20735],[-58.91652,-38.20749],[-58.91653,-38.20759],[-58.91655,-38.20776],[-58.91654,-38.208],[-58.91617,-38.20818],[-58.91586,-38.20827],[-58.91551,-38.20835],[-58.91525,-38.20844],[-58.91502,-38.20869],[-58.91456,-38.20923],[-58.91435,-38.20947],[-58.91438,-38.20976],[-58.91448,-38.2103],[-58.91465,-38.21085],[-58.91467,-38.21107],[-58.91464,-38.21125],[-58.91458,-38.21148],[-58.91446,-38.21175],[-58.91444,-38.2119],[-58.91445,-38.21231],[-58.91451,-38.21258],[-58.9145,-38.21274],[-58.91436,-38.21301],[-58.91427,-38.21314],[-58.9139,-38.21318],[-58.91366,-38.2132],[-58.91356,-38.2132],[-58.91333,-38.21316],[-58.91322,-38.2131],[-58.91304,-38.21302],[-58.91282,-38.21295],[-58.91253,-38.21301],[-58.91222,-38.21312],[-58.91187,-38.21321],[-58.91156,-38.21332],[-58.91124,-38.21341],[-58.91104,-38.21349],[-58.91084,-38.21363],[-58.91049,-38.2138],[-58.91018,-38.21396],[-58.90971,-38.21445],[-58.90948,-38.21463],[-58.90913,-38.21487],[-58.90899,-38.21503],[-58.90887,-38.21525],[-58.90885,-38.2154],[-58.90878,-38.21579],[-58.9086,-38.21624],[-58.90897,-38.21656],[-58.90909,-38.2167],[-58.90903,-38.21686],[-58.90913,-38.21695],[-58.90913,-38.21726],[-58.9093,-38.21746],[-58.90955,-38.21757],[-58.90955,-38.21788],[-58.90975,-38.21811],[-58.90999,-38.2182],[-58.91002,-38.21853],[-58.90996,-38.21875],[-58.90982,-38.21898],[-58.90958,-38.21936],[-58.90932,-38.21969],[-58.90903,-38.21989],[-58.90872,-38.22003],[-58.90734,-38.22055],[-58.90693,-38.22075],[-58.9065,-38.22097],[-58.90604,-38.22126],[-58.90578,-38.22144],[-58.90558,-38.22164],[-58.90535,-38.22198],[-58.90514,-38.22234],[-58.90494,-38.22267],[-58.9047,-38.22303],[-58.90453,-38.22337],[-58.90444,-38.22363],[-58.9044,-38.22395],[-58.90443,-38.22418],[-58.90454,-38.22447],[-58.90473,-38.22476],[-58.90494,-38.22498],[-58.90498,-38.2251],[-58.90519,-38.22539],[-58.90545,-38.22568],[-58.90596,-38.22584],[-58.90627,-38.22595],[-58.90635,-38.22605],[-58.90659,-38.22634],[-58.90676,-38.22657],[-58.90688,-38.22689],[-58.9068,-38.22759],[-58.90673,-38.22795],[-58.90665,-38.2283],[-58.90665,-38.22871],[-58.90661,-38.22906],[-58.90661,-38.22943],[-58.90667,-38.22977],[-58.90681,-38.22995],[-58.90684,-38.23027],[-58.90685,-38.23033],[-58.90668,-38.23066],[-58.90651,-38.23088],[-58.90629,-38.231],[-58.9058,-38.23114],[-58.90558,-38.2312],[-58.90537,-38.23122],[-58.90503,-38.23115],[-58.90472,-38.23112],[-58.90416,-38.23117],[-58.9036,-38.23131],[-58.90316,-38.23143],[-58.90271,-38.23157],[-58.90241,-38.23188],[-58.90214,-38.23203],[-58.90203,-38.23209],[-58.90188,-38.23247],[-58.9021,-38.23319],[-58.90215,-38.23352],[-58.90229,-38.23381],[-58.90254,-38.23417],[-58.90277,-38.23451],[-58.90281,-38.2347],[-58.90277,-38.23489],[-58.90273,-38.23508],[-58.90276,-38.23534],[-58.90306,-38.23552],[-58.90335,-38.23554],[-58.90367,-38.23558],[-58.90371,-38.23568],[-58.90391,-38.2359],[-58.90402,-38.23601],[-58.90439,-38.23634],[-58.90453,-38.23652],[-58.90461,-38.23672],[-58.90462,-38.23676],[-58.90469,-38.2371],[-58.90466,-38.23733],[-58.9042,-38.23755],[-58.90394,-38.23762],[-58.90374,-38.23773],[-58.90359,-38.23811],[-58.90327,-38.23826],[-58.90305,-38.23861],[-58.90304,-38.23862],[-58.9026,-38.23872],[-58.90255,-38.23873],[-58.90224,-38.23866],[-58.90195,-38.2387],[-58.90109,-38.23914],[-58.90074,-38.23948],[-58.90034,-38.23963],[-58.90022,-38.23999],[-58.90039,-38.24038],[-58.90036,-38.24053],[-58.90038,-38.24076],[-58.90069,-38.24092],[-58.90082,-38.24095],[-58.90149,-38.24108],[-58.90195,-38.24111],[-58.90229,-38.24118],[-58.90284,-38.24138],[-58.90306,-38.24144],[-58.90348,-38.24129],[-58.90357,-38.24126],[-58.9039,-38.24132],[-58.90394,-38.24133],[-58.9044,-38.24149],[-58.90457,-38.24137],[-58.90486,-38.24118],[-58.90501,-38.24136],[-58.90519,-38.24158],[-58.90519,-38.24187],[-58.90526,-38.24196],[-58.90541,-38.24213],[-58.90565,-38.24239],[-58.90578,-38.24252],[-58.90579,-38.24264],[-58.9058,-38.2429],[-58.90586,-38.24324],[-58.90596,-38.24358],[-58.90613,-38.2439],[-58.90638,-38.24402],[-58.90644,-38.2442],[-58.90661,-38.24452],[-58.90657,-38.2452],[-58.90632,-38.24537],[-58.90605,-38.24563],[-58.90593,-38.24603],[-58.90581,-38.24628],[-58.90555,-38.24644],[-58.90529,-38.2465],[-58.90483,-38.24656],[-58.90449,-38.24663],[-58.90429,-38.24701],[-58.90417,-38.24735],[-58.90407,-38.24775],[-58.90375,-38.24822],[-58.90352,-38.2486],[-58.90332,-38.24874],[-58.90325,-38.24912],[-58.90322,-38.24948],[-58.9031,-38.24981],[-58.90301,-38.24997],[-58.90255,-38.25012],[-58.90221,-38.25032],[-58.90175,-38.25052],[-58.90126,-38.2507],[-58.9008,-38.25083],[-58.90034,-38.25094],[-58.89994,-38.25107],[-58.89935,-38.25166],[-58.89925,-38.2518],[-58.89895,-38.25224],[-58.89886,-38.25259],[-58.89871,-38.25288],[-58.89851,-38.25322],[-58.89827,-38.25353],[-58.89778,-38.25384],[-58.89729,-38.25411],[-58.89707,-38.25431],[-58.89683,-38.25453],[-58.89634,-38.25471],[-58.89623,-38.25486],[-58.89614,-38.25511],[-58.89613,-38.25547],[-58.89581,-38.25578],[-58.89521,-38.25594],[-58.89482,-38.25645],[-58.89445,-38.25706],[-58.89391,-38.25729],[-58.8934,-38.2575],[-58.89321,-38.2576],[-58.89292,-38.25832],[-58.8928,-38.25859],[-58.89237,-38.25892],[-58.89216,-38.25928],[-58.89204,-38.25962],[-58.89187,-38.26],[-58.89169,-38.26029],[-58.89154,-38.26048],[-58.89151,-38.26052],[-58.89123,-38.26067],[-58.89071,-38.26064],[-58.89065,-38.26063],[-58.89023,-38.26055],[-58.8898,-38.26075],[-58.88939,-38.26097],[-58.88891,-38.26119],[-58.88867,-38.26157],[-58.88841,-38.26186],[-58.88803,-38.26217],[-58.88768,-38.26262],[-58.88751,-38.26273],[-58.88708,-38.263],[-58.88679,-38.26338],[-58.88661,-38.26364],[-58.88621,-38.26362],[-58.88601,-38.26398],[-58.88595,-38.2643],[-58.88594,-38.26436],[-58.88588,-38.26456],[-58.88576,-38.26492],[-58.88567,-38.26526],[-58.88543,-38.26533],[-58.88497,-38.26549],[-58.88463,-38.2656],[-58.88463,-38.2656],[-58.88418,-38.26574],[-58.88372,-38.26587],[-58.88323,-38.26602],[-58.88231,-38.26637],[-58.88185,-38.2666],[-58.88139,-38.26677],[-58.88093,-38.26692],[-58.88001,-38.26727],[-58.87955,-38.26743],[-58.87915,-38.26761],[-58.87869,-38.26785],[-58.87849,-38.26798],[-58.87823,-38.26827],[-58.87797,-38.26861],[-58.87783,-38.26887],[-58.87779,-38.26897],[-58.87772,-38.26933],[-58.87769,-38.26966],[-58.87774,-38.26993],[-58.87783,-38.27029],[-58.87799,-38.27068],[-58.87824,-38.27104],[-58.87841,-38.27118],[-58.87846,-38.2713],[-58.87872,-38.27167],[-58.87889,-38.27181],[-58.87924,-38.27211],[-58.87937,-38.27227],[-58.87987,-38.27299],[-58.88009,-38.27338],[-58.88029,-38.27374],[-58.88045,-38.2741],[-58.88056,-38.27446],[-58.8807,-38.2748],[-58.88083,-38.27519],[-58.88094,-38.27553],[-58.88091,-38.27588],[-58.88053,-38.27627],[-58.88008,-38.27668],[-58.88002,-38.27671],[-58.87855,-38.27742],[-58.87699,-38.2785],[-58.87394,-38.28047],[-58.87306,-38.28071],[-58.87215,-38.28082],[-58.87181,-38.28086],[-58.87084,-38.28133],[-58.87033,-38.28209],[-58.87033,-38.28209],[-58.87022,-38.28227],[-58.87021,-38.28231],[-58.87009,-38.28356],[-58.86997,-38.28479],[-58.87007,-38.28557],[-58.87013,-38.28577],[-58.87034,-38.28641],[-58.87037,-38.28655],[-58.87054,-38.28703],[-58.87051,-38.2875],[-58.86983,-38.28862],[-58.86937,-38.28899],[-58.86869,-38.28994],[-58.86804,-38.29111],[-58.86722,-38.29209],[-58.86609,-38.29298],[-58.86557,-38.29316],[-58.86554,-38.29317],[-58.86533,-38.29324],[-58.86416,-38.29367],[-58.86238,-38.29402],[-58.8616,-38.29445],[-58.86095,-38.29509],[-58.86053,-38.29566],[-58.85979,-38.29606],[-58.85943,-38.29637],[-58.85828,-38.29669],[-58.8579,-38.29692],[-58.85709,-38.29781],[-58.85652,-38.29821],[-58.85571,-38.29838],[-58.8509,-38.29824],[-58.84939,-38.29784],[-58.84854,-38.29768],[-58.84749,-38.2977],[-58.84614,-38.29816],[-58.84377,-38.29853],[-58.84319,-38.29914],[-58.8419,-38.30006],[-58.84135,-38.30071],[-58.84056,-38.30165],[-58.83967,-38.30242],[-58.83829,-38.30324],[-58.8375,-38.30397],[-58.8369,-38.30469],[-58.83632,-38.30549],[-58.83529,-38.30656],[-58.8339,-38.30733],[-58.8324,-38.30813],[-58.82997,-38.30887],[-58.82898,-38.3089],[-58.82837,-38.30916],[-58.82744,-38.30962],[-58.8266,-38.31063],[-58.82625,-38.31093],[-58.82544,-38.31207],[-58.82504,-38.31309],[-58.82441,-38.31412],[-58.82413,-38.31466],[-58.82386,-38.31575],[-58.82346,-38.31699],[-58.82291,-38.31772],[-58.82174,-38.31866],[-58.82065,-38.3189],[-58.81846,-38.31929],[-58.81694,-38.31948],[-58.81642,-38.31971],[-58.81609,-38.32001],[-58.81574,-38.32063],[-58.8156,-38.32138],[-58.81579,-38.32172],[-58.81601,-38.32225],[-58.81606,-38.32236],[-58.81617,-38.32302],[-58.81606,-38.32375],[-58.8157,-38.3246],[-58.81569,-38.32461],[-58.81567,-38.32467],[-58.81563,-38.32473],[-58.8148,-38.32584],[-58.81396,-38.32685],[-58.81277,-38.32752],[-58.81109,-38.32799],[-58.80974,-38.32837],[-58.80898,-38.32882],[-58.8086,-38.32942],[-58.80861,-38.32948],[-58.80869,-38.33003],[-58.80878,-38.33013],[-58.80935,-38.33075],[-58.8112,-38.33192],[-58.81202,-38.33252],[-58.81204,-38.333],[-58.81206,-38.33329],[-58.81202,-38.33354],[-58.81189,-38.33439],[-58.8117,-38.33536],[-58.81166,-38.3359],[-58.81165,-38.33603],[-58.81163,-38.33626],[-58.81175,-38.33678],[-58.81183,-38.33714],[-58.81197,-38.33753],[-58.81251,-38.33843],[-58.81262,-38.33861],[-58.81293,-38.33928],[-58.81319,-38.33997],[-58.81319,-38.33998],[-58.81286,-38.34056],[-58.81283,-38.34057],[-58.81213,-38.34077],[-58.81106,-38.34062],[-58.81014,-38.34047],[-58.81002,-38.34055],[-58.80986,-38.34065],[-58.80949,-38.3409],[-58.80866,-38.34124],[-58.8071,-38.34179],[-58.80563,-38.34282],[-58.80481,-38.34418],[-58.80435,-38.34467],[-58.80325,-38.34493],[-58.80232,-38.3453],[-58.80186,-38.34573],[-58.80183,-38.34583],[-58.80168,-38.34633],[-58.80184,-38.34718],[-58.80241,-38.34842],[-58.80244,-38.34851],[-58.80265,-38.34937],[-58.80247,-38.35022],[-58.80246,-38.35028],[-58.80241,-38.35033],[-58.80187,-38.35086],[-58.80069,-38.35146],[-58.79983,-38.35208],[-58.79962,-38.35271],[-58.79948,-38.35357],[-58.79948,-38.35359],[-58.79945,-38.35364],[-58.79925,-38.35398],[-58.7992,-38.35415],[-58.79913,-38.35439],[-58.79904,-38.35469],[-58.79901,-38.35514],[-58.79789,-38.35611],[-58.79758,-38.35677],[-58.79753,-38.35717],[-58.79749,-38.35761],[-58.79742,-38.3577],[-58.79677,-38.35849],[-58.79628,-38.35943],[-58.79494,-38.36043],[-58.79398,-38.3616],[-58.79359,-38.36258],[-58.79295,-38.36312],[-58.79153,-38.36337],[-58.7908,-38.36363],[-58.79042,-38.36398],[-58.79023,-38.36465],[-58.79023,-38.36465],[-58.79049,-38.36517],[-58.79057,-38.36533],[-58.7912,-38.36655],[-58.79145,-38.36744],[-58.7915,-38.36762],[-58.79146,-38.36769],[-58.79089,-38.36863],[-58.78997,-38.36955],[-58.78884,-38.37014],[-58.78807,-38.37058],[-58.78751,-38.37114],[-58.78713,-38.37177],[-58.78715,-38.37229],[-58.78716,-38.37253],[-58.78716,-38.37273],[-58.78745,-38.37368],[-58.78734,-38.37438],[-58.78698,-38.37469],[-58.78633,-38.37475],[-58.78518,-38.37495],[-58.78467,-38.3753],[-58.78426,-38.37622],[-58.78377,-38.3768],[-58.78312,-38.37719],[-58.78225,-38.37796],[-58.78194,-38.37996],[-58.782,-38.38009],[-58.78218,-38.38057],[-58.78219,-38.38058],[-58.78349,-38.38157],[-58.78435,-38.38224],[-58.78474,-38.38302],[-58.78481,-38.38317],[-58.78481,-38.38317],[-58.78494,-38.38433],[-58.784,-38.38673],[-58.78259,-38.38758],[-58.78138,-38.38802],[-58.78098,-38.38833],[-58.78097,-38.38872],[-58.78115,-38.38892],[-58.7812,-38.38897],[-58.78144,-38.38924],[-58.7839,-38.39018],[-58.78498,-38.39104],[-58.78503,-38.39142],[-58.78506,-38.39162],[-58.78526,-38.39209],[-58.78506,-38.39349],[-58.78507,-38.39362],[-58.78513,-38.39448],[-58.78628,-38.39551],[-58.78623,-38.39596],[-58.78622,-38.39601],[-58.78616,-38.39653],[-58.78608,-38.39722],[-58.78623,-38.39762],[-58.78646,-38.3982],[-58.78729,-38.39957],[-58.78732,-38.39975],[-58.78742,-38.40023],[-58.78751,-38.40067],[-58.78752,-38.4007],[-58.78752,-38.40071],[-58.78723,-38.40158],[-58.78615,-38.40329],[-58.78552,-38.40372],[-58.78358,-38.40454],[-58.78315,-38.40477],[-58.78155,-38.40509],[-58.78124,-38.40544],[-58.78131,-38.40589],[-58.78133,-38.40601],[-58.78141,-38.40617],[-58.78206,-38.40739],[-58.78229,-38.40806],[-58.78239,-38.40857],[-58.78257,-38.4095],[-58.78263,-38.40966],[-58.78288,-38.4104],[-58.78351,-38.41137],[-58.78348,-38.41149],[-58.78339,-38.41179],[-58.78336,-38.4119],[-58.7827,-38.41216],[-58.78153,-38.41217],[-58.78093,-38.41213],[-58.77823,-38.41333],[-58.77685,-38.41367],[-58.77519,-38.41458],[-58.77468,-38.41524],[-58.77455,-38.41579],[-58.77451,-38.41599],[-58.77403,-38.4181],[-58.77405,-38.41821],[-58.77416,-38.4188],[-58.77425,-38.41889],[-58.77419,-38.41922],[-58.77457,-38.41962],[-58.77528,-38.41993],[-58.77615,-38.42051],[-58.77688,-38.42187],[-58.77685,-38.42227],[-58.77684,-38.42235],[-58.77683,-38.42255],[-58.77677,-38.42263],[-58.77598,-38.42377],[-58.77508,-38.42408],[-58.77214,-38.42458],[-58.77167,-38.42475],[-58.77101,-38.42525],[-58.77052,-38.42668],[-58.77049,-38.42728],[-58.77025,-38.42782],[-58.76941,-38.42866],[-58.76868,-38.4298],[-58.76866,-38.43028],[-58.76865,-38.43052],[-58.76873,-38.43059],[-58.76918,-38.431],[-58.77067,-38.4315],[-58.77273,-38.43161],[-58.77307,-38.43172],[-58.77327,-38.43213],[-58.77331,-38.43259],[-58.77335,-38.43291],[-58.77341,-38.43354],[-58.77353,-38.43405],[-58.77357,-38.43425],[-58.77364,-38.4344],[-58.77409,-38.43541],[-58.77415,-38.43577],[-58.77413,-38.4358],[-58.7741,-38.43585],[-58.77392,-38.43611],[-58.77219,-38.43721],[-58.77132,-38.4373],[-58.77032,-38.43752],[-58.76972,-38.43843],[-58.76949,-38.4391],[-58.76927,-38.43977],[-58.76864,-38.44069],[-58.76867,-38.44075],[-58.76883,-38.44109],[-58.76933,-38.44209],[-58.76935,-38.44239],[-58.76936,-38.44244],[-58.76938,-38.44274],[-58.76909,-38.44365],[-58.76867,-38.44431],[-58.76765,-38.44526],[-58.76686,-38.44564],[-58.76503,-38.44569],[-58.76377,-38.4458],[-58.76257,-38.44607],[-58.76171,-38.44653],[-58.76116,-38.44703],[-58.76102,-38.44752],[-58.76112,-38.44782],[-58.76116,-38.44794],[-58.76134,-38.44814],[-58.76215,-38.44902],[-58.76212,-38.44922],[-58.76212,-38.44923],[-58.76208,-38.44956],[-58.76105,-38.44998],[-58.7606,-38.45035],[-58.75989,-38.45189],[-58.75906,-38.45274],[-58.75826,-38.45333],[-58.75781,-38.4539],[-58.75786,-38.45475],[-58.75793,-38.45491],[-58.75804,-38.45515],[-58.75822,-38.45555],[-58.75829,-38.45599],[-58.75867,-38.45678],[-58.75917,-38.45774],[-58.75934,-38.45843],[-58.75985,-38.45911],[-58.76044,-38.45969],[-58.76047,-38.46009],[-58.76048,-38.46018],[-58.76052,-38.46068],[-58.75988,-38.46136],[-58.7579,-38.46218],[-58.75664,-38.46315],[-58.75572,-38.46472],[-58.75491,-38.46633],[-58.75495,-38.46674],[-58.75504,-38.46694],[-58.75519,-38.4673],[-58.75537,-38.46774],[-58.75545,-38.46816],[-58.75599,-38.46901],[-58.75691,-38.46974],[-58.75716,-38.47051],[-58.75718,-38.47062],[-58.75719,-38.47068],[-58.75725,-38.47114],[-58.75711,-38.47245],[-58.75673,-38.47286],[-58.75564,-38.47321],[-58.75481,-38.47372],[-58.75421,-38.47408],[-58.75336,-38.47512],[-58.7519,-38.47587],[-58.7507,-38.47587],[-58.75015,-38.4755],[-58.74945,-38.47531],[-58.74883,-38.47534],[-58.74841,-38.47569],[-58.74784,-38.47654],[-58.74722,-38.47684],[-58.7468,-38.47718],[-58.74621,-38.478],[-58.74554,-38.47834],[-58.74462,-38.47909],[-58.74402,-38.47916],[-58.74295,-38.47913],[-58.7407,-38.48018],[-58.74007,-38.48059],[-58.73996,-38.48101],[-58.74006,-38.48122],[-58.7401,-38.48132],[-58.7404,-38.48199],[-58.74054,-38.48251],[-58.74123,-38.48308],[-58.74229,-38.48391],[-58.74396,-38.48487],[-58.74419,-38.48537],[-58.74453,-38.48601],[-58.74508,-38.48633],[-58.74673,-38.48654],[-58.748,-38.48643],[-58.74929,-38.48628],[-58.75024,-38.48643],[-58.75085,-38.48683],[-58.75154,-38.48734],[-58.75192,-38.48788],[-58.75198,-38.48852],[-58.752,-38.48872],[-58.75191,-38.48884],[-58.75168,-38.48916],[-58.75114,-38.48962],[-58.74993,-38.48978],[-58.74952,-38.49036],[-58.74945,-38.4912],[-58.74949,-38.49215],[-58.74917,-38.49267],[-58.74778,-38.49378],[-58.74711,-38.49426],[-58.74614,-38.49475],[-58.74527,-38.49535],[-58.74411,-38.4955],[-58.74318,-38.49544],[-58.74234,-38.49568],[-58.74157,-38.49622],[-58.74128,-38.49691],[-58.74143,-38.49732],[-58.74148,-38.49747],[-58.74162,-38.49784],[-58.74168,-38.49799],[-58.74192,-38.49856],[-58.74198,-38.4987],[-58.74193,-38.49927],[-58.7417,-38.49979],[-58.74071,-38.50043],[-58.74059,-38.50047],[-58.73939,-38.50091],[-58.73876,-38.50146],[-58.73857,-38.50178],[-58.73861,-38.50212],[-58.73862,-38.50215],[-58.73887,-38.50282],[-58.73903,-38.50366],[-58.73914,-38.50491],[-58.73895,-38.50561],[-58.7386,-38.50609],[-58.73809,-38.50645],[-58.73718,-38.50682],[-58.73599,-38.50708],[-58.73521,-38.50723],[-58.73418,-38.50774],[-58.73396,-38.5082],[-58.73393,-38.50872],[-58.73425,-38.50908],[-58.73423,-38.50935],[-58.73489,-38.50989],[-58.73636,-38.51098],[-58.73833,-38.51185],[-58.73941,-38.51253],[-58.74013,-38.51327],[-58.74021,-38.51337],[-58.74039,-38.51419],[-58.74017,-38.51499],[-58.73921,-38.51586],[-58.73779,-38.51653],[-58.73628,-38.51713],[-58.73563,-38.51725],[-58.73521,-38.51725],[-58.735,-38.51725],[-58.73006,-38.51323],[-58.72677,-38.51052],[-58.72201,-38.5066],[-58.71596,-38.5016],[-58.71175,-38.49799],[-58.70802,-38.49502],[-58.70785,-38.49513],[-58.70766,-38.49528],[-58.70593,-38.49662],[-58.70492,-38.49736],[-58.704,-38.4981],[-58.70331,-38.49862],[-58.70288,-38.49899],[-58.70173,-38.4999],[-58.70057,-38.50076],[-58.69963,-38.5015],[-58.69951,-38.50158],[-58.69854,-38.50232],[-58.6976,-38.50301],[-58.69665,-38.5037],[-58.69628,-38.50398],[-58.69593,-38.50423],[-58.69568,-38.50442],[-58.6948,-38.50508],[-58.69379,-38.5058],[-58.69289,-38.50647],[-58.69282,-38.50652],[-58.69187,-38.50723],[-58.69094,-38.50791],[-58.69004,-38.5086],[-58.68941,-38.50907],[-58.68914,-38.50928],[-58.68549,-38.51203],[-58.68398,-38.5131],[-58.68299,-38.51385],[-58.68299,-38.51385],[-58.68113,-38.51526],[-58.6808,-38.51548],[-58.67913,-38.51675],[-58.67732,-38.51811],[-58.67697,-38.51842],[-58.6767,-38.51861],[-58.67324,-38.5212],[-58.6729,-38.52148],[-58.66964,-38.52392],[-58.6693,-38.52419],[-58.66564,-38.52696],[-58.66524,-38.52729],[-58.66058,-38.53081],[-58.66026,-38.53106],[-58.65483,-38.53518],[-58.65456,-38.53539],[-58.64913,-38.53948],[-58.64885,-38.5397],[-58.64531,-38.54236],[-58.64122,-38.54545],[-58.64105,-38.54559],[-58.63518,-38.55003],[-58.62769,-38.55567],[-58.62492,-38.55775],[-58.62056,-38.56104],[-58.61945,-38.56187],[-58.61951,-38.56189],[-58.61957,-38.5619],[-58.61966,-38.56193],[-58.61971,-38.56195],[-58.61976,-38.56196],[-58.6198,-38.56198],[-58.61981,-38.56198],[-58.61985,-38.56198],[-58.61988,-38.562],[-58.61993,-38.56202],[-58.62013,-38.5621],[-58.62017,-38.56211],[-58.62019,-38.56212],[-58.62026,-38.56215],[-58.62034,-38.56218],[-58.62035,-38.56219],[-58.62041,-38.56222],[-58.62046,-38.56224],[-58.62046,-38.56224],[-58.62052,-38.56227],[-58.62061,-38.56229],[-58.62067,-38.56231],[-58.62076,-38.56233],[-58.62086,-38.56235],[-58.62095,-38.56238],[-58.62096,-38.56238],[-58.62105,-38.56241],[-58.62111,-38.56244],[-58.62119,-38.56247],[-58.62125,-38.56249],[-58.62131,-38.5625],[-58.62138,-38.56252],[-58.62145,-38.56254],[-58.62149,-38.56255],[-58.62156,-38.56256],[-58.62165,-38.56256],[-58.62169,-38.56256],[-58.62178,-38.56258],[-58.62184,-38.56259],[-58.62189,-38.5626],[-58.62196,-38.56261],[-58.62197,-38.56261],[-58.62205,-38.56262],[-58.6221,-38.56262],[-58.62215,-38.56263],[-58.62222,-38.56264],[-58.62227,-38.56264],[-58.62228,-38.56264],[-58.6224,-38.56267],[-58.62244,-38.56268],[-58.62245,-38.56269],[-58.62256,-38.56271],[-58.62264,-38.56272],[-58.62273,-38.56275],[-58.62279,-38.56275],[-58.62286,-38.56276],[-58.62293,-38.56277],[-58.62299,-38.56278],[-58.62306,-38.56278],[-58.62313,-38.56278],[-58.62314,-38.56278],[-58.62322,-38.56278],[-58.62329,-38.56278],[-58.62337,-38.56278],[-58.62343,-38.56278],[-58.62351,-38.5628],[-58.62361,-38.56282],[-58.6237,-38.56283],[-58.62378,-38.56284],[-58.62379,-38.56284],[-58.62385,-38.56284],[-58.62392,-38.56284],[-58.62399,-38.56284],[-58.62402,-38.56284],[-58.62403,-38.56284],[-58.62411,-38.56284],[-58.62419,-38.56284],[-58.62424,-38.56284],[-58.62428,-38.56284],[-58.62435,-38.56284],[-58.62444,-38.56284],[-58.62446,-38.56284],[-58.62454,-38.56284],[-58.6246,-38.56285],[-58.62466,-38.56286],[-58.62471,-38.56286],[-58.62474,-38.56288],[-58.62475,-38.56288],[-58.62479,-38.56289],[-58.62484,-38.56291],[-58.62488,-38.56291],[-58.62489,-38.56291],[-58.62498,-38.56292],[-58.62501,-38.56292],[-58.62503,-38.56292],[-58.6251,-38.56292],[-58.62514,-38.56292],[-58.62515,-38.56292],[-58.6252,-38.56291],[-58.62524,-38.5629],[-58.6253,-38.5629],[-58.62535,-38.5629],[-58.6254,-38.5629],[-58.6254,-38.5629],[-58.62549,-38.5629],[-58.62554,-38.5629],[-58.62558,-38.5629],[-58.62561,-38.5629],[-58.62564,-38.5629],[-58.6257,-38.56291],[-58.62576,-38.56292],[-58.62585,-38.56296],[-58.62592,-38.56298],[-58.62597,-38.56299],[-58.626,-38.56301],[-58.62604,-38.56303],[-58.62609,-38.56306],[-58.62616,-38.56306],[-58.6262,-38.56307],[-58.62628,-38.56307],[-58.6263,-38.56308],[-58.62634,-38.56308],[-58.62639,-38.56308],[-58.62643,-38.56308],[-58.6265,-38.56308],[-58.62656,-38.56308],[-58.6266,-38.56309],[-58.62666,-38.56311],[-58.6267,-38.56313],[-58.62676,-38.56315],[-58.62681,-38.56316],[-58.62688,-38.56318],[-58.62695,-38.56319],[-58.62702,-38.5632],[-58.62709,-38.56321],[-58.62714,-38.56322],[-58.62715,-38.56322],[-58.6272,-38.56322],[-58.62726,-38.56323],[-58.62727,-38.56323],[-58.62734,-38.56324],[-58.6274,-38.56325],[-58.62745,-38.56326],[-58.62747,-38.56326],[-58.62753,-38.56326],[-58.62757,-38.56328],[-58.62758,-38.56328],[-58.62763,-38.5633],[-58.62769,-38.56332],[-58.62774,-38.56334],[-58.6278,-38.56334],[-58.62787,-38.56336],[-58.62792,-38.56336],[-58.62797,-38.56337],[-58.62802,-38.56337],[-58.62809,-38.56339],[-58.62814,-38.56339],[-58.62817,-38.56339],[-58.62834,-38.56345],[-58.62837,-38.56345],[-58.62849,-38.56345],[-58.6285,-38.56345],[-58.62857,-38.56345],[-58.62864,-38.56345],[-58.62867,-38.56345],[-58.62874,-38.56346],[-58.62875,-38.56347],[-58.62883,-38.56349],[-58.6289,-38.5635],[-58.62897,-38.56351],[-58.62898,-38.56351],[-58.62906,-38.56351],[-58.62913,-38.56351],[-58.62917,-38.56352],[-58.62918,-38.56352],[-58.62923,-38.56353],[-58.62931,-38.56354],[-58.62938,-38.56355],[-58.62945,-38.56358],[-58.62952,-38.56359],[-58.6296,-38.56361],[-58.6297,-38.56365],[-58.62971,-38.56365],[-58.62977,-38.56366],[-58.62984,-38.56368],[-58.6299,-38.56369],[-58.62995,-38.56369],[-58.63001,-38.5637],[-58.63002,-38.5637],[-58.63006,-38.56372],[-58.63012,-38.56374],[-58.63018,-38.56376],[-58.63024,-38.56378],[-58.63031,-38.5638],[-58.63039,-38.56381],[-58.63045,-38.56382],[-58.63051,-38.56383],[-58.63055,-38.56385],[-58.63061,-38.56386],[-58.63066,-38.56389],[-58.63071,-38.56389],[-58.63088,-38.56393],[-58.63091,-38.56394],[-58.63094,-38.56395],[-58.63101,-38.56397],[-58.63106,-38.56399],[-58.63107,-38.56399],[-58.63112,-38.564],[-58.63114,-38.56401],[-58.63117,-38.56403],[-58.63121,-38.56403],[-58.63128,-38.56403],[-58.63137,-38.56403],[-58.63143,-38.56403],[-58.63151,-38.56404],[-58.63152,-38.56404],[-58.63156,-38.56405],[-58.63161,-38.56406],[-58.63165,-38.56408],[-58.63171,-38.56409],[-58.63179,-38.56412],[-58.63189,-38.56413],[-58.63196,-38.56414],[-58.63202,-38.56414],[-58.63208,-38.56414],[-58.63214,-38.56414],[-58.63221,-38.56416],[-58.63227,-38.56419],[-58.63231,-38.56421],[-58.63236,-38.56423],[-58.63243,-38.56425],[-58.63249,-38.56426],[-58.63252,-38.56428],[-58.63257,-38.56429],[-58.63262,-38.56429],[-58.63268,-38.56431],[-58.63273,-38.56432],[-58.6328,-38.56432],[-58.63284,-38.56433],[-58.6329,-38.56435],[-58.63294,-38.56437],[-58.63315,-38.56444],[-58.63322,-38.56446],[-58.6333,-38.56447],[-58.63336,-38.56449],[-58.63343,-38.56451],[-58.63351,-38.56453],[-58.63362,-38.56453],[-58.6337,-38.56453],[-58.63377,-38.56453],[-58.63383,-38.56453],[-58.63388,-38.56453],[-58.63394,-38.56454],[-58.63401,-38.56454],[-58.63407,-38.56454],[-58.63408,-38.56454],[-58.6341,-38.56454],[-58.63412,-38.56454],[-58.63426,-38.56456],[-58.63427,-38.56456],[-58.63442,-38.56456],[-58.63444,-38.56456],[-58.6345,-38.56457],[-58.63453,-38.56458],[-58.63456,-38.56458],[-58.6346,-38.56459],[-58.63465,-38.56461],[-58.63467,-38.56463],[-58.63468,-38.56463],[-58.63473,-38.56464],[-58.63477,-38.56465],[-58.63481,-38.56467],[-58.63487,-38.56471],[-58.6349,-38.56473],[-58.63497,-38.56477],[-58.63502,-38.56479],[-58.63507,-38.56481],[-58.63511,-38.56484],[-58.63517,-38.56486],[-58.63523,-38.56488],[-58.63527,-38.56489],[-58.63531,-38.56491],[-58.63536,-38.56493],[-58.6354,-38.56496],[-58.63542,-38.56498],[-58.63544,-38.565],[-58.63545,-38.56501],[-58.63547,-38.56504],[-58.63549,-38.56507],[-58.63551,-38.5651],[-58.63552,-38.56511],[-58.63554,-38.56514],[-58.63558,-38.56516],[-58.63564,-38.56518],[-58.63565,-38.56518],[-58.63567,-38.56518],[-58.63573,-38.56518],[-58.63577,-38.5652],[-58.63583,-38.56522],[-58.63587,-38.56523],[-58.63592,-38.56525],[-58.63596,-38.56526],[-58.636,-38.56526],[-58.63601,-38.56527],[-58.63604,-38.56528],[-58.63609,-38.56528],[-58.6361,-38.56528],[-58.63617,-38.56529],[-58.63621,-38.56529],[-58.63622,-38.56529],[-58.63625,-38.56529],[-58.63627,-38.56529],[-58.63631,-38.56531],[-58.63636,-38.56532],[-58.6364,-38.56532],[-58.63645,-38.56533],[-58.63645,-38.56533],[-58.6365,-38.56534],[-58.63655,-38.56535],[-58.63658,-38.56535],[-58.63661,-38.56537],[-58.63667,-38.56539],[-58.63672,-38.56541],[-58.63676,-38.56542],[-58.63682,-38.56543],[-58.63685,-38.56543],[-58.63685,-38.56543],[-58.63689,-38.56544],[-58.63694,-38.56545],[-58.63698,-38.56546],[-58.63704,-38.56549],[-58.63709,-38.56551],[-58.63714,-38.56553],[-58.63719,-38.56555],[-58.63723,-38.56555],[-58.63725,-38.56555],[-58.63727,-38.56556],[-58.63731,-38.56556],[-58.63736,-38.56557],[-58.63742,-38.56558],[-58.63748,-38.56559],[-58.63752,-38.5656],[-58.63756,-38.56561],[-58.63757,-38.56561],[-58.6376,-38.56562],[-58.63765,-38.56564],[-58.63771,-38.56565],[-58.63772,-38.56566],[-58.63776,-38.56566],[-58.63781,-38.56567],[-58.63786,-38.56568],[-58.63792,-38.56569],[-58.63796,-38.56569],[-58.63801,-38.56569],[-58.63809,-38.5657],[-58.63815,-38.56571],[-58.63822,-38.56574],[-58.6383,-38.56576],[-58.63836,-38.56577],[-58.6384,-38.56579],[-58.63841,-38.56579],[-58.63845,-38.5658],[-58.63849,-38.5658],[-58.6385,-38.5658],[-58.63855,-38.5658],[-58.6386,-38.56582],[-58.63864,-38.56582],[-58.63865,-38.56582],[-58.63872,-38.56583],[-58.63877,-38.56583],[-58.63878,-38.56583],[-58.63878,-38.56583],[-58.63882,-38.56583],[-58.63887,-38.56583],[-58.63888,-38.56583],[-58.63894,-38.56583],[-58.639,-38.56584],[-58.63907,-38.56584],[-58.63912,-38.56586],[-58.63913,-38.56586],[-58.63935,-38.5659],[-58.63937,-38.5659],[-58.63944,-38.56591],[-58.63953,-38.56591],[-58.6396,-38.56592],[-58.63961,-38.56592],[-58.63969,-38.56594],[-58.63976,-38.56596],[-58.63981,-38.56597],[-58.63986,-38.56598],[-58.63994,-38.566],[-58.64001,-38.56601],[-58.64002,-38.56601],[-58.64007,-38.56601],[-58.64015,-38.56601],[-58.64021,-38.56602],[-58.64024,-38.56602],[-58.64029,-38.56602],[-58.6403,-38.56602],[-58.64038,-38.56604],[-58.64043,-38.56605],[-58.6405,-38.56607],[-58.64057,-38.56608],[-58.64064,-38.56608],[-58.64073,-38.56608],[-58.64079,-38.56609],[-58.64086,-38.56612],[-58.6409,-38.56614],[-58.64094,-38.56615],[-58.64096,-38.56617],[-58.64099,-38.56619],[-58.64099,-38.56621],[-58.64101,-38.56622],[-58.64113,-38.56633],[-58.64115,-38.56636],[-58.64118,-38.5664],[-58.64121,-38.56642],[-58.64125,-38.56645],[-58.64129,-38.56647],[-58.64131,-38.56648],[-58.64137,-38.56651],[-58.64139,-38.56652],[-58.64143,-38.56654],[-58.64147,-38.56657],[-58.64152,-38.56659],[-58.64157,-38.5666],[-58.64162,-38.56661],[-58.64168,-38.56663],[-58.64169,-38.56663],[-58.64174,-38.56665],[-58.64179,-38.56667],[-58.64185,-38.56668],[-58.64188,-38.56669],[-58.64194,-38.5667],[-58.64197,-38.56671],[-58.64201,-38.56671],[-58.64206,-38.56671],[-58.64211,-38.56672],[-58.64216,-38.56672],[-58.64218,-38.56673],[-58.64221,-38.56673],[-58.64227,-38.56673],[-58.64228,-38.56673],[-58.64231,-38.56673],[-58.64238,-38.56675],[-58.64244,-38.56677],[-58.64248,-38.56677],[-58.64251,-38.56679],[-58.64252,-38.56679],[-58.64256,-38.5668],[-58.64259,-38.56681],[-58.64264,-38.56683],[-58.64268,-38.56685],[-58.64273,-38.56686],[-58.64274,-38.56686],[-58.64278,-38.56689],[-58.64284,-38.5669],[-58.64287,-38.56691],[-58.64288,-38.56691],[-58.64295,-38.56693],[-58.64297,-38.56695],[-58.643,-38.56695],[-58.64303,-38.56695],[-58.64309,-38.56696],[-58.64315,-38.56697],[-58.64318,-38.56698],[-58.64325,-38.56698],[-58.64332,-38.56698],[-58.64337,-38.56698],[-58.64338,-38.56698],[-58.64345,-38.567],[-58.64352,-38.56701],[-58.64353,-38.56701],[-58.64358,-38.56702],[-58.64365,-38.56704],[-58.6437,-38.56706],[-58.64374,-38.56708],[-58.6438,-38.5671],[-58.64386,-38.56712],[-58.64392,-38.56714],[-58.64396,-38.56715],[-58.64401,-38.56715],[-58.64403,-38.56716],[-58.64409,-38.56717],[-58.64416,-38.5672],[-58.64419,-38.56721],[-58.64424,-38.56722],[-58.64431,-38.56724],[-58.64435,-38.56726],[-58.64436,-38.56728],[-58.64439,-38.5673],[-58.64439,-38.5673],[-58.64442,-38.56734],[-58.64445,-38.56737],[-58.64448,-38.56739],[-58.64453,-38.5674],[-58.64457,-38.56741],[-58.64463,-38.56742],[-58.6447,-38.56743],[-58.64476,-38.56746],[-58.6448,-38.56748],[-58.64484,-38.5675],[-58.64485,-38.5675],[-58.64489,-38.56753],[-58.64493,-38.56755],[-58.64496,-38.56755],[-58.645,-38.56756],[-58.64501,-38.56756],[-58.64506,-38.56757],[-58.6451,-38.56758],[-58.64511,-38.56758],[-58.64514,-38.56758],[-58.64522,-38.56759],[-58.64522,-38.5676],[-58.64527,-38.5676],[-58.64532,-38.5676],[-58.64536,-38.5676],[-58.64539,-38.5676],[-58.64544,-38.5676],[-58.64548,-38.5676],[-58.64553,-38.56761],[-58.64555,-38.56763],[-58.6456,-38.56765],[-58.64565,-38.56766],[-58.64566,-38.56766],[-58.64575,-38.56768],[-58.64578,-38.56768],[-58.64583,-38.56768],[-58.64589,-38.56769],[-58.64593,-38.5677],[-58.64597,-38.56771],[-58.64598,-38.56771],[-58.64603,-38.56772],[-58.64608,-38.56775],[-58.64614,-38.56778],[-58.64616,-38.56778],[-58.6462,-38.5678],[-58.64626,-38.56782],[-58.6463,-38.56783],[-58.64633,-38.56785],[-58.64638,-38.56786],[-58.64644,-38.56789],[-58.6465,-38.56791],[-58.64655,-38.56794],[-58.6466,-38.56795],[-58.64661,-38.56796],[-58.64667,-38.56797],[-58.64673,-38.568],[-58.64674,-38.568],[-58.64681,-38.56801],[-58.64687,-38.56802],[-58.64688,-38.56802],[-58.64692,-38.56804],[-58.64698,-38.56805],[-58.64705,-38.56807],[-58.64706,-38.56808],[-58.64711,-38.5681],[-58.64712,-38.5681],[-58.6472,-38.56811],[-58.64727,-38.56813],[-58.64728,-38.56813],[-58.64734,-38.56814],[-58.6474,-38.56815],[-58.64747,-38.56816],[-58.64753,-38.56817],[-58.64756,-38.56817],[-58.64759,-38.56817],[-58.64763,-38.56817],[-58.64768,-38.56817],[-58.64769,-38.56817],[-58.64774,-38.56818],[-58.64777,-38.56819],[-58.64783,-38.56819],[-58.64791,-38.56819],[-58.64796,-38.56819],[-58.64802,-38.5682],[-58.64808,-38.5682],[-58.64812,-38.56821],[-58.64818,-38.56821],[-58.64819,-38.56821],[-58.64825,-38.56821],[-58.64827,-38.56821],[-58.64831,-38.56821],[-58.64838,-38.56821],[-58.64839,-38.56821],[-58.64847,-38.56821],[-58.64854,-38.56819],[-58.6486,-38.56819],[-58.64869,-38.56819],[-58.64869,-38.56819],[-58.64882,-38.56816],[-58.64883,-38.56816],[-58.64889,-38.56817],[-58.64892,-38.56817],[-58.64897,-38.56817],[-58.64901,-38.56817],[-58.64907,-38.56817],[-58.64913,-38.56817],[-58.64914,-38.56817],[-58.64921,-38.56818],[-58.64928,-38.56818],[-58.64928,-38.56819],[-58.64934,-38.56819],[-58.64944,-38.56823],[-58.64952,-38.56825],[-58.64959,-38.56828],[-58.64964,-38.56829],[-58.6497,-38.56832],[-58.64976,-38.56834],[-58.64984,-38.56836],[-58.64995,-38.56838],[-58.65001,-38.56839],[-58.65002,-38.56839],[-58.65008,-38.56839],[-58.65016,-38.56839],[-58.65022,-38.56839],[-58.65023,-38.56839],[-58.65028,-38.56839],[-58.65028,-38.5684],[-58.65034,-38.56842],[-58.65043,-38.56844],[-58.65049,-38.56847],[-58.65056,-38.5685],[-58.6506,-38.56851],[-58.65065,-38.56851],[-58.65066,-38.56851],[-58.6507,-38.56851],[-58.65078,-38.56851],[-58.65086,-38.56852],[-58.65091,-38.56853],[-58.65095,-38.56853],[-58.65103,-38.56856],[-58.65108,-38.56857],[-58.65116,-38.56859],[-58.65121,-38.56863],[-58.65126,-38.56865],[-58.65132,-38.56868],[-58.65136,-38.56869],[-58.65137,-38.56869],[-58.65144,-38.5687],[-58.65151,-38.5687],[-58.65156,-38.5687],[-58.65162,-38.56871],[-58.65165,-38.56871],[-58.65172,-38.56871],[-58.6518,-38.56873],[-58.65185,-38.56875],[-58.65192,-38.56878],[-58.65193,-38.56878],[-58.65196,-38.56879],[-58.65199,-38.56881],[-58.65204,-38.56882],[-58.65207,-38.56883],[-58.65215,-38.56884],[-58.65219,-38.56885],[-58.65224,-38.56886],[-58.65226,-38.56887],[-58.65231,-38.56889],[-58.65231,-38.5689],[-58.65237,-38.56891],[-58.65239,-38.56891],[-58.6524,-38.56891],[-58.65244,-38.56892],[-58.65248,-38.56892],[-58.65252,-38.56892],[-58.65255,-38.56892],[-58.65258,-38.56893],[-58.65264,-38.56893],[-58.65269,-38.56894],[-58.6527,-38.56894],[-58.65275,-38.56895],[-58.6528,-38.56896],[-58.65283,-38.56896],[-58.65285,-38.56898],[-58.6529,-38.56898],[-58.65296,-38.569],[-58.65302,-38.56901],[-58.65305,-38.56903],[-58.65309,-38.56903],[-58.6531,-38.56903],[-58.65314,-38.56904],[-58.65319,-38.56905],[-58.65323,-38.56906],[-58.65328,-38.56908],[-58.65331,-38.56911],[-58.65332,-38.56911],[-58.65336,-38.56912],[-58.65339,-38.56914],[-58.65342,-38.56915],[-58.65343,-38.56916],[-58.65347,-38.56918],[-58.65351,-38.56918],[-58.65356,-38.56919],[-58.6536,-38.5692],[-58.65364,-38.5692],[-58.65368,-38.56921],[-58.65371,-38.56922],[-58.65374,-38.56924],[-58.65375,-38.56925],[-58.65379,-38.56928],[-58.65383,-38.56929],[-58.6539,-38.5693],[-58.65394,-38.56931],[-58.65399,-38.56931],[-58.65403,-38.56932],[-58.6541,-38.56934],[-58.65418,-38.56937],[-58.65422,-38.56937],[-58.65426,-38.56937],[-58.65431,-38.56937],[-58.65437,-38.56937],[-58.65441,-38.56937],[-58.65446,-38.56937],[-58.65452,-38.56938],[-58.65459,-38.5694],[-58.65463,-38.56942],[-58.65466,-38.56943],[-58.65467,-38.56944],[-58.65469,-38.56944],[-58.65473,-38.56944],[-58.65475,-38.56944],[-58.65477,-38.56944],[-58.6548,-38.56944],[-58.65481,-38.56945],[-58.65486,-38.56946],[-58.6549,-38.56947],[-58.65495,-38.56947],[-58.65498,-38.56948],[-58.65499,-38.56948],[-58.65502,-38.56949],[-58.65508,-38.56951],[-58.65514,-38.56952],[-58.65515,-38.56952],[-58.6552,-38.56953],[-58.65522,-38.56954],[-58.65526,-38.56954],[-58.65531,-38.56956],[-58.65535,-38.56957],[-58.6554,-38.56957],[-58.65543,-38.56958],[-58.65544,-38.56958],[-58.65546,-38.56958],[-58.65552,-38.56963],[-58.65553,-38.56963],[-58.6556,-38.56964],[-58.65568,-38.56965],[-58.65571,-38.56966],[-58.65574,-38.56966],[-58.65577,-38.56967],[-58.6558,-38.56968],[-58.65585,-38.56969],[-58.65587,-38.5697],[-58.65591,-38.56971],[-58.65594,-38.56972],[-58.65599,-38.56972],[-58.65602,-38.56972],[-58.65606,-38.56972],[-58.65612,-38.56972],[-58.65617,-38.56972],[-58.65621,-38.56972],[-58.65624,-38.56972],[-58.65627,-38.56972],[-58.6563,-38.56972],[-58.6563,-38.56973],[-58.65634,-38.56973],[-58.65638,-38.56973],[-58.65641,-38.56973],[-58.65645,-38.56974],[-58.6565,-38.56975],[-58.65655,-38.56977],[-58.65659,-38.56977],[-58.65662,-38.56978],[-58.65666,-38.56979],[-58.65671,-38.56981],[-58.65676,-38.56981],[-58.65682,-38.56982],[-58.65688,-38.56983],[-58.65689,-38.56983],[-58.65694,-38.56984],[-58.65698,-38.56984],[-58.65702,-38.56985],[-58.65705,-38.56985],[-58.65707,-38.56985],[-58.65711,-38.56985],[-58.65715,-38.56985],[-58.65721,-38.56987],[-58.65722,-38.56987],[-58.65726,-38.56987],[-58.65728,-38.56988],[-58.65732,-38.56988],[-58.65735,-38.56988],[-58.65738,-38.56988],[-58.65742,-38.56988],[-58.65743,-38.56988],[-58.65746,-38.56988],[-58.65747,-38.56988],[-58.6575,-38.56988],[-58.65756,-38.56988],[-58.6576,-38.56988],[-58.65764,-38.56988],[-58.65767,-38.56988],[-58.6577,-38.56989],[-58.65774,-38.5699],[-58.65778,-38.56992],[-58.65783,-38.56993],[-58.65787,-38.56994],[-58.65788,-38.56994],[-58.65791,-38.56995],[-58.65796,-38.56995],[-58.65797,-38.56995],[-58.65801,-38.56995],[-58.65806,-38.56995],[-58.65811,-38.56995],[-58.65812,-38.56995],[-58.65815,-38.56995],[-58.65818,-38.56995],[-58.65824,-38.56996],[-58.65827,-38.56996],[-58.65828,-38.56997],[-58.65831,-38.56997],[-58.65833,-38.56999],[-58.65836,-38.56999],[-58.65839,-38.57002],[-58.65842,-38.57003],[-58.65843,-38.57003],[-58.65846,-38.57004],[-58.65851,-38.57004],[-58.65853,-38.57004],[-58.65856,-38.57004],[-58.6586,-38.57004],[-58.65861,-38.57004],[-58.65866,-38.57004],[-58.65871,-38.57005],[-58.65873,-38.57005],[-58.65874,-38.57005],[-58.65878,-38.57005],[-58.65881,-38.57005],[-58.65885,-38.57006],[-58.65889,-38.57007],[-58.65893,-38.57008],[-58.65896,-38.57009],[-58.659,-38.5701],[-58.65905,-38.5701],[-58.65906,-38.5701],[-58.6591,-38.5701],[-58.65913,-38.5701],[-58.65915,-38.57009],[-58.65917,-38.57009],[-58.65922,-38.57008],[-58.65923,-38.57008],[-58.65927,-38.57007],[-58.65929,-38.57007],[-58.6593,-38.57007],[-58.65933,-38.57007],[-58.65935,-38.57006],[-58.65939,-38.57006],[-58.65944,-38.57006],[-58.65948,-38.57006],[-58.65951,-38.57007],[-58.65953,-38.57009],[-58.65954,-38.57009],[-58.65955,-38.57011],[-58.65957,-38.57011],[-58.6596,-38.57012],[-58.65964,-38.57012],[-58.65966,-38.57012],[-58.65969,-38.57012],[-58.65972,-38.57012],[-58.6598,-38.57014],[-58.65982,-38.57014],[-58.65989,-38.57012],[-58.65992,-38.57011],[-58.65995,-38.5701],[-58.65997,-38.57009],[-58.65999,-38.57009],[-58.66001,-38.57009],[-58.66006,-38.57009],[-58.66012,-38.57009],[-58.66013,-38.57009],[-58.66016,-38.57009],[-58.66017,-38.57009],[-58.66022,-38.57009],[-58.66023,-38.57009],[-58.66027,-38.5701],[-58.66031,-38.57011],[-58.66037,-38.57011],[-58.66043,-38.57011],[-58.66048,-38.5701],[-58.66052,-38.5701],[-58.66057,-38.5701],[-58.66065,-38.5701],[-58.66071,-38.5701],[-58.66074,-38.57011],[-58.66075,-38.57012],[-58.66079,-38.57012],[-58.6608,-38.57012],[-58.66085,-38.57012],[-58.66086,-38.57012],[-58.66089,-38.57012],[-58.66093,-38.57012],[-58.66095,-38.57012],[-58.66101,-38.57012],[-58.66106,-38.57012],[-58.6611,-38.57013],[-58.66113,-38.57013],[-58.66117,-38.57013],[-58.6612,-38.57013],[-58.66126,-38.57013],[-58.66131,-38.57014],[-58.66134,-38.57015],[-58.66139,-38.57017],[-58.66144,-38.57017],[-58.6615,-38.57019],[-58.66152,-38.5702],[-58.66156,-38.57021],[-58.6616,-38.57022],[-58.66165,-38.57022],[-58.66167,-38.5702],[-58.66168,-38.5702],[-58.66172,-38.5702],[-58.66177,-38.57019],[-58.66181,-38.57019],[-58.66185,-38.57018],[-58.66188,-38.57017],[-58.66192,-38.57015],[-58.66196,-38.57014],[-58.662,-38.57014],[-58.66205,-38.57013],[-58.6621,-38.57013],[-58.66213,-38.57012],[-58.66217,-38.57012],[-58.6622,-38.57012],[-58.66223,-38.57012],[-58.66225,-38.57013],[-58.66228,-38.57014],[-58.66231,-38.57016],[-58.66235,-38.57017],[-58.66236,-38.57018],[-58.66243,-38.57019],[-58.66246,-38.57019],[-58.66247,-38.5702],[-58.66249,-38.57022],[-58.66252,-38.57023],[-58.66256,-38.57023],[-58.6626,-38.57023],[-58.66265,-38.57023],[-58.6627,-38.57022],[-58.66272,-38.57021],[-58.66277,-38.5702],[-58.66279,-38.57019],[-58.6628,-38.57019],[-58.66284,-38.57018],[-58.66285,-38.57018],[-58.6629,-38.57017],[-58.6629,-38.57017],[-58.66294,-38.57017],[-58.66298,-38.57017],[-58.66301,-38.57016],[-58.66306,-38.57016],[-58.66309,-38.57016],[-58.66311,-38.57016],[-58.66313,-38.57017],[-58.66316,-38.57018],[-58.66319,-38.5702],[-58.66322,-38.57021],[-58.66324,-38.57022],[-58.66326,-38.57023],[-58.66327,-38.57023],[-58.66331,-38.57026],[-58.66334,-38.57026],[-58.66335,-38.57026],[-58.66336,-38.57027],[-58.6634,-38.5703],[-58.66342,-38.57031],[-58.66343,-38.57032],[-58.66346,-38.57033],[-58.66349,-38.57034],[-58.66351,-38.57035],[-58.66354,-38.57035],[-58.66355,-38.57035],[-58.66357,-38.57036],[-58.66363,-38.57036],[-58.66364,-38.57037],[-58.6637,-38.57037],[-58.66374,-38.57037],[-58.66377,-38.57037],[-58.6638,-38.57038],[-58.66383,-38.5704],[-58.66386,-38.57042],[-58.66387,-38.57042],[-58.66389,-38.57043],[-58.66392,-38.57044],[-58.66396,-38.57045],[-58.664,-38.57046],[-58.66404,-38.57046],[-58.66409,-38.57046],[-58.66414,-38.57045],[-58.66418,-38.57044],[-58.66421,-38.57044],[-58.66426,-38.57043],[-58.66429,-38.57042],[-58.66433,-38.57041],[-58.66438,-38.57041],[-58.66445,-38.57041],[-58.66446,-38.57041],[-58.6645,-38.57041],[-58.66455,-38.57043],[-58.66458,-38.57044],[-58.66461,-38.57045],[-58.66465,-38.57045],[-58.66469,-38.57044],[-58.66472,-38.57043],[-58.66477,-38.57043],[-58.6648,-38.57042],[-58.66482,-38.57042],[-58.66483,-38.57042],[-58.66485,-38.57042],[-58.66488,-38.57041],[-58.66491,-38.57041],[-58.66495,-38.57041],[-58.66498,-38.57041],[-58.665,-38.57041],[-58.66504,-38.57042],[-58.66507,-38.57044],[-58.66509,-38.57045],[-58.66511,-38.57047],[-58.66516,-38.57048],[-58.6652,-38.57048],[-58.66522,-38.57048],[-58.66524,-38.57046],[-58.66525,-38.57043],[-58.66527,-38.57042],[-58.66527,-38.57039],[-58.66529,-38.57039],[-58.66533,-38.57038],[-58.6654,-38.57037],[-58.66545,-38.57036],[-58.66547,-38.57036],[-58.66549,-38.57035],[-58.6655,-38.57035],[-58.66553,-38.57036],[-58.66554,-38.57036],[-58.66556,-38.57036],[-58.66557,-38.57038],[-58.66561,-38.5704],[-58.66565,-38.57041],[-58.66567,-38.57042],[-58.66571,-38.57043],[-58.66575,-38.57043],[-58.66576,-38.57042],[-58.66577,-38.57042],[-58.66579,-38.57042],[-58.66582,-38.57041],[-58.66586,-38.57041],[-58.66588,-38.57041],[-58.66588,-38.57043],[-58.66589,-38.57044],[-58.6659,-38.57045],[-58.66593,-38.57046],[-58.66594,-38.57046],[-58.66598,-38.57047],[-58.666,-38.57047],[-58.66602,-38.57048],[-58.66604,-38.5705],[-58.66606,-38.5705],[-58.66608,-38.5705],[-58.6661,-38.57051],[-58.66611,-38.57051],[-58.66613,-38.5705],[-58.66616,-38.57049],[-58.66618,-38.57049],[-58.66623,-38.5705],[-58.66624,-38.57051],[-58.66625,-38.57051],[-58.66626,-38.57053],[-58.66628,-38.57054],[-58.66632,-38.57054],[-58.66635,-38.57054],[-58.66636,-38.57054],[-58.66639,-38.57054],[-58.66642,-38.57054],[-58.66646,-38.57054],[-58.66647,-38.57054],[-58.66649,-38.57054],[-58.6665,-38.57054],[-58.66653,-38.57052],[-58.66655,-38.57051],[-58.66657,-38.57051],[-58.6666,-38.5705],[-58.66661,-38.5705],[-58.66662,-38.5705],[-58.66664,-38.5705],[-58.66665,-38.57051],[-58.66668,-38.57052],[-58.6667,-38.57053],[-58.66672,-38.57053],[-58.66676,-38.57053],[-58.66682,-38.57051],[-58.66685,-38.57049],[-58.66686,-38.57048],[-58.66687,-38.57047],[-58.6669,-38.57045],[-58.6669,-38.57044],[-58.66696,-38.57044],[-58.66699,-38.57044],[-58.66703,-38.57044],[-58.66704,-38.57044],[-58.66707,-38.57044],[-58.66711,-38.57045],[-58.66714,-38.57045],[-58.66718,-38.57045],[-58.66721,-38.57045],[-58.66725,-38.57045],[-58.66728,-38.57044],[-58.66729,-38.57044],[-58.66733,-38.57044],[-58.66734,-38.57044],[-58.66738,-38.57044],[-58.66741,-38.57044],[-58.66746,-38.57044],[-58.6675,-38.57043],[-58.66755,-38.57042],[-58.66759,-38.57042],[-58.66762,-38.57042],[-58.66765,-38.57042],[-58.66769,-38.57043],[-58.66772,-38.57043],[-58.66776,-38.57043],[-58.6678,-38.57043],[-58.66784,-38.57043],[-58.66791,-38.57043],[-58.66796,-38.57043],[-58.66797,-38.57043],[-58.66801,-38.57043],[-58.66805,-38.57043],[-58.66809,-38.57043],[-58.6681,-38.57044],[-58.66811,-38.57044],[-58.66815,-38.57044],[-58.66821,-38.57046],[-58.66825,-38.57047],[-58.66828,-38.57049],[-58.66832,-38.57051],[-58.66836,-38.57053],[-58.6684,-38.57055],[-58.66844,-38.57056],[-58.66851,-38.57056],[-58.66856,-38.57056],[-58.66859,-38.57056],[-58.66862,-38.57056],[-58.66863,-38.57056],[-58.66866,-38.57056],[-58.66872,-38.57056],[-58.66875,-38.57056],[-58.66876,-38.57056],[-58.6688,-38.57056],[-58.66882,-38.57056],[-58.66883,-38.57056],[-58.66886,-38.57056],[-58.66889,-38.57056],[-58.66893,-38.57058],[-58.66896,-38.57059],[-58.66899,-38.5706],[-58.66902,-38.57062],[-58.66904,-38.57063],[-58.66908,-38.57064],[-58.66913,-38.57065],[-58.6692,-38.57066],[-58.66924,-38.57066],[-58.66926,-38.57067],[-58.6693,-38.57069],[-58.66934,-38.57071],[-58.66938,-38.57072],[-58.66942,-38.57073],[-58.66945,-38.57073],[-58.66949,-38.57075],[-58.66954,-38.57076],[-58.66957,-38.57076],[-58.6696,-38.57077],[-58.66965,-38.57078],[-58.66971,-38.57078],[-58.66974,-38.5708],[-58.66979,-38.57081],[-58.66982,-38.57083],[-58.66987,-38.57084],[-58.66992,-38.57085],[-58.66996,-38.57086],[-58.67,-38.57086],[-58.67004,-38.57087],[-58.67009,-38.57087],[-58.67012,-38.57087],[-58.67013,-38.57087],[-58.67017,-38.57087],[-58.67021,-38.57087],[-58.67024,-38.57087],[-58.67028,-38.57087],[-58.67033,-38.57087],[-58.67035,-38.57087],[-58.67038,-38.57088],[-58.67041,-38.57089],[-58.67046,-38.5709],[-58.67048,-38.57091],[-58.67051,-38.57091],[-58.67056,-38.57092],[-58.67059,-38.57092],[-58.67062,-38.57092],[-58.67063,-38.57092],[-58.67066,-38.57092],[-58.67067,-38.57092],[-58.6707,-38.57092],[-58.67073,-38.57092],[-58.67078,-38.57092],[-58.67081,-38.57092],[-58.67085,-38.57092],[-58.67089,-38.57092],[-58.67093,-38.57093],[-58.67099,-38.57093],[-58.67101,-38.57094],[-58.67102,-38.57095],[-58.67105,-38.57096],[-58.67107,-38.57097],[-58.67111,-38.57097],[-58.67114,-38.57098],[-58.67115,-38.57098],[-58.67118,-38.57098],[-58.67121,-38.57098],[-58.67124,-38.57098],[-58.67127,-38.57098],[-58.6713,-38.57099],[-58.67133,-38.57099],[-58.67137,-38.57099],[-58.67139,-38.571],[-58.67143,-38.57101],[-58.67147,-38.57102],[-58.67152,-38.57103],[-58.67157,-38.57104],[-58.6716,-38.57104],[-58.67165,-38.57105],[-58.67166,-38.57105],[-58.67171,-38.57105],[-58.67176,-38.57107],[-58.67179,-38.57107],[-58.67184,-38.57107],[-58.67187,-38.57109],[-58.6719,-38.5711],[-58.67193,-38.57111],[-58.67195,-38.57112],[-58.67198,-38.57113],[-58.672,-38.57114],[-58.67203,-38.57115],[-58.67204,-38.57115],[-58.67215,-38.57119],[-58.67218,-38.5712],[-58.67227,-38.57122],[-58.67236,-38.57123],[-58.67243,-38.57124],[-58.67248,-38.57124],[-58.67253,-38.57126],[-58.67258,-38.57126],[-58.67261,-38.57128],[-58.67267,-38.5713],[-58.67272,-38.57131],[-58.67273,-38.57131],[-58.67277,-38.57134],[-58.67282,-38.57134],[-58.67287,-38.57135],[-58.67288,-38.57135],[-58.67293,-38.57135],[-58.67294,-38.57135],[-58.673,-38.57136],[-58.67301,-38.57136],[-58.67311,-38.57137],[-58.67312,-38.57137],[-58.67317,-38.57138],[-58.6732,-38.57139],[-58.67321,-38.57139],[-58.67326,-38.57141],[-58.67332,-38.57143],[-58.67338,-38.57145],[-58.67348,-38.57147],[-58.67354,-38.57147],[-58.6736,-38.57149],[-58.67368,-38.57151],[-58.67376,-38.57154],[-58.67384,-38.57155],[-58.6739,-38.57155],[-58.67398,-38.57158],[-58.67407,-38.5716],[-58.67414,-38.57161],[-58.67414,-38.57162],[-58.67418,-38.57163],[-58.67419,-38.57164],[-58.67424,-38.57165],[-58.6743,-38.57167],[-58.67431,-38.57167],[-58.67445,-38.57171],[-58.6745,-38.57172],[-58.67454,-38.57172],[-58.67456,-38.57174],[-58.67459,-38.57175],[-58.67465,-38.57175],[-58.67468,-38.57177],[-58.67473,-38.57179],[-58.67477,-38.57181],[-58.67482,-38.57184],[-58.67486,-38.57185],[-58.67493,-38.57187],[-58.675,-38.57188],[-58.67501,-38.57189],[-58.67506,-38.57191],[-58.67508,-38.57192],[-58.67509,-38.57194],[-58.67509,-38.57194],[-58.67509,-38.57195],[-58.67511,-38.57198],[-58.67515,-38.57203],[-58.6752,-38.57205],[-58.67523,-38.57207],[-58.67527,-38.57209],[-58.67532,-38.57209],[-58.67535,-38.57209],[-58.67537,-38.57209],[-58.67541,-38.57208],[-58.67546,-38.57208],[-58.67547,-38.57208],[-58.67554,-38.57208],[-58.67558,-38.57208],[-58.67559,-38.57209],[-58.67566,-38.5721],[-58.67571,-38.5721],[-58.67572,-38.5721],[-58.67574,-38.5721],[-58.67579,-38.5721],[-58.67582,-38.5721],[-58.67583,-38.5721],[-58.67587,-38.57211],[-58.67593,-38.57212],[-58.67598,-38.57214],[-58.67604,-38.57214],[-58.67605,-38.57214],[-58.67613,-38.57214],[-58.67618,-38.57215],[-58.67619,-38.57216],[-58.67624,-38.57217],[-58.6763,-38.5722],[-58.67634,-38.57224],[-58.67637,-38.57226],[-58.67639,-38.57228],[-58.67644,-38.57227],[-58.67648,-38.57226],[-58.67651,-38.57226],[-58.67653,-38.57225],[-58.67655,-38.57225],[-58.67659,-38.57226],[-58.67662,-38.57228],[-58.67665,-38.57229],[-58.67669,-38.57231],[-58.67672,-38.57232],[-58.67676,-38.57234],[-58.67679,-38.57234],[-58.67683,-38.57234],[-58.67687,-38.57234],[-58.67689,-38.57234],[-58.67691,-38.57235],[-58.67692,-38.57236],[-58.67693,-38.57236],[-58.67699,-38.57241],[-58.677,-38.57241],[-58.67712,-38.57243],[-58.67712,-38.57243],[-58.6772,-38.57244],[-58.67722,-38.57245],[-58.67725,-38.57245],[-58.67729,-38.57247],[-58.67733,-38.57248],[-58.67734,-38.57249],[-58.67738,-38.5725],[-58.67742,-38.5725],[-58.67746,-38.57251],[-58.6775,-38.57253],[-58.67751,-38.57253],[-58.67752,-38.57254],[-58.67753,-38.57254],[-58.67757,-38.57255],[-58.67758,-38.57256],[-58.67763,-38.57259],[-58.67768,-38.57261],[-58.67769,-38.57262],[-58.67775,-38.57264],[-58.67776,-38.57264],[-58.67783,-38.57267],[-58.67787,-38.57268],[-58.67791,-38.57269],[-58.67798,-38.5727],[-58.67803,-38.57271],[-58.67804,-38.57271],[-58.67805,-38.57271],[-58.67806,-38.57271],[-58.6781,-38.57271],[-58.6781,-38.57271],[-58.67815,-38.57273],[-58.67816,-38.57273],[-58.67825,-38.57274],[-58.67832,-38.57277],[-58.6784,-38.57279],[-58.67843,-38.5728],[-58.67845,-38.57281],[-58.6785,-38.57282],[-58.67851,-38.57282],[-58.6786,-38.57283],[-58.67862,-38.57283],[-58.67868,-38.57284],[-58.67875,-38.57285],[-58.67876,-38.57286],[-58.67886,-38.57289],[-58.67888,-38.5729],[-58.67896,-38.57292],[-58.67897,-38.57292],[-58.67898,-38.57292],[-58.67906,-38.57293],[-58.67907,-38.57293],[-58.67918,-38.57293],[-58.67919,-38.57293],[-58.67926,-38.57293],[-58.67932,-38.57293],[-58.67939,-38.57293],[-58.6794,-38.57293],[-58.67944,-38.57294],[-58.67949,-38.57295],[-58.67957,-38.57296],[-58.67963,-38.57297],[-58.6797,-38.57297],[-58.67976,-38.57295],[-58.67977,-38.57294],[-58.67984,-38.57294],[-58.67992,-38.57293],[-58.67999,-38.57293],[-58.68,-38.57293],[-58.68005,-38.57293],[-58.68006,-38.57293],[-58.6801,-38.57293],[-58.68017,-38.57293],[-58.68026,-38.57294],[-58.68032,-38.57294],[-58.68038,-38.57294],[-58.68047,-38.57296],[-58.68047,-38.57296],[-58.68052,-38.57296],[-58.68054,-38.57297],[-58.68055,-38.57297],[-58.68062,-38.57298],[-58.68067,-38.57299],[-58.6807,-38.57301],[-58.68076,-38.57302],[-58.68082,-38.57304],[-58.68085,-38.57304],[-58.68087,-38.57304],[-58.6809,-38.57305],[-58.68093,-38.57305],[-58.68095,-38.57305],[-58.681,-38.57305],[-58.68104,-38.57305],[-58.68109,-38.57305],[-58.68115,-38.57305],[-58.68121,-38.57306],[-58.68126,-38.57306],[-58.68133,-38.57306],[-58.68139,-38.57306],[-58.6814,-38.57307],[-58.68145,-38.57307],[-58.68149,-38.57307],[-58.68153,-38.57307],[-58.68154,-38.57307],[-58.68159,-38.57307],[-58.6816,-38.57307],[-58.68166,-38.57308],[-58.6817,-38.57308],[-58.68175,-38.57309],[-58.6818,-38.5731],[-58.68181,-38.5731],[-58.68185,-38.57312],[-58.68186,-38.57312],[-58.68191,-38.57313],[-58.68198,-38.57313],[-58.68204,-38.57314],[-58.68208,-38.57316],[-58.68215,-38.57317],[-58.68219,-38.57318],[-58.68225,-38.57319],[-58.68235,-38.57321],[-58.68243,-38.57321],[-58.68244,-38.57321],[-58.68249,-38.57322],[-58.68255,-38.57323],[-58.6826,-38.57324],[-58.68261,-38.57324],[-58.68266,-38.57325],[-58.68267,-38.57325],[-58.68274,-38.57325],[-58.68275,-38.57326],[-58.68284,-38.57328],[-58.68284,-38.57328],[-58.68292,-38.5733],[-58.68298,-38.57331],[-58.68305,-38.57332],[-58.68313,-38.57332],[-58.68319,-38.57332],[-58.68324,-38.57332],[-58.6833,-38.57332],[-58.68337,-38.57332],[-58.68343,-38.57332],[-58.68344,-38.57332],[-58.68352,-38.57333],[-58.6836,-38.57334],[-58.68361,-38.57334],[-58.6837,-38.57335],[-58.68378,-38.57337],[-58.68383,-38.57335],[-58.68384,-38.57335],[-58.6839,-38.57334],[-58.68394,-38.57334],[-58.68399,-38.57336],[-58.68404,-38.57337],[-58.68413,-38.5734],[-58.68421,-38.57342],[-58.68427,-38.57344],[-58.68428,-38.57345],[-58.68434,-38.57347],[-58.68438,-38.57349],[-58.68446,-38.57352],[-58.68456,-38.57354],[-58.68463,-38.57357],[-58.68471,-38.57359],[-58.68479,-38.57361],[-58.68486,-38.57361],[-58.68491,-38.57361],[-58.68493,-38.57361],[-58.68494,-38.57361],[-58.68503,-38.5736],[-58.68505,-38.5736],[-58.68506,-38.5736],[-58.68511,-38.57361],[-58.68516,-38.57362],[-58.6852,-38.57363],[-58.68528,-38.57365],[-58.68533,-38.57365],[-58.68534,-38.57366],[-58.68539,-38.57367],[-58.68548,-38.57369],[-58.68556,-38.5737],[-58.68557,-38.5737],[-58.68563,-38.57372],[-58.68564,-38.57372],[-58.6857,-38.57375],[-58.68578,-38.57377],[-58.68593,-38.57376],[-58.68595,-38.57376],[-58.68601,-38.57378],[-58.68606,-38.5738],[-58.68613,-38.57382],[-58.6862,-38.57383],[-58.68627,-38.57384],[-58.68632,-38.57384],[-58.68638,-38.57387],[-58.68647,-38.57391],[-58.68655,-38.57393],[-58.68665,-38.57394],[-58.68675,-38.57395],[-58.68679,-38.57395],[-58.68688,-38.57398],[-58.68695,-38.574],[-58.68699,-38.574],[-58.68704,-38.574],[-58.68717,-38.574],[-58.68718,-38.574],[-58.6872,-38.574],[-58.68723,-38.574],[-58.6873,-38.57402],[-58.68733,-38.57402],[-58.68736,-38.57402],[-58.68738,-38.57402],[-58.68743,-38.57403],[-58.68748,-38.57404],[-58.68753,-38.57405],[-58.68757,-38.57406],[-58.6876,-38.57406],[-58.68765,-38.57408],[-58.68771,-38.5741],[-58.68777,-38.57412],[-58.68784,-38.57415],[-58.68792,-38.57415],[-58.68797,-38.57415],[-58.688,-38.57416],[-58.68807,-38.57418],[-58.68817,-38.57421],[-58.68831,-38.57422],[-58.68837,-38.57424],[-58.6884,-38.57426],[-58.68847,-38.57429],[-58.68852,-38.5743],[-58.68858,-38.57433],[-58.68861,-38.57433],[-58.68866,-38.57433],[-58.68868,-38.57433],[-58.68872,-38.57434],[-58.68873,-38.57434],[-58.68876,-38.57437],[-58.6888,-38.57439],[-58.68885,-38.57441],[-58.68891,-38.57442],[-58.68894,-38.57443],[-58.68897,-38.57443],[-58.68901,-38.57443],[-58.68905,-38.57445],[-58.68906,-38.57445],[-58.68911,-38.57446],[-58.68916,-38.57448],[-58.6892,-38.57449],[-58.68924,-38.5745],[-58.68927,-38.57451],[-58.68932,-38.57451],[-58.68943,-38.57453],[-58.68945,-38.57453],[-58.68947,-38.57453],[-58.68951,-38.57454],[-58.68954,-38.57454],[-58.68957,-38.57456],[-58.6896,-38.57457],[-58.68963,-38.57459],[-58.68965,-38.5746],[-58.6897,-38.57461],[-58.68975,-38.57462],[-58.68979,-38.57464],[-58.68984,-38.57466],[-58.68989,-38.57468],[-58.68994,-38.5747],[-58.68996,-38.5747],[-58.69001,-38.57471],[-58.69005,-38.57472],[-58.6901,-38.57473],[-58.69016,-38.57476],[-58.69021,-38.57478],[-58.69025,-38.57481],[-58.6903,-38.57484],[-58.69034,-38.57485],[-58.6904,-38.57487],[-58.69046,-38.57489],[-58.69052,-38.57491],[-58.69055,-38.57494],[-58.6906,-38.57496],[-58.69066,-38.57497],[-58.69071,-38.57498],[-58.69074,-38.57499],[-58.69078,-38.575],[-58.69083,-38.57501],[-58.69087,-38.57502],[-58.69091,-38.57502],[-58.69093,-38.57504],[-58.69096,-38.57505],[-58.691,-38.57508],[-58.69104,-38.5751],[-58.69112,-38.57513],[-58.69113,-38.57515],[-58.69115,-38.57515],[-58.69115,-38.57517],[-58.69117,-38.57518],[-58.69119,-38.5752],[-58.6912,-38.57521],[-58.69124,-38.57523],[-58.69126,-38.57525],[-58.6913,-38.57528],[-58.69134,-38.5753],[-58.69139,-38.57533],[-58.69141,-38.57534],[-58.69143,-38.57535],[-58.69146,-38.57537],[-58.69151,-38.57538],[-58.69153,-38.57538],[-58.69158,-38.5754],[-58.69164,-38.57541],[-58.69166,-38.57542],[-58.69171,-38.57545],[-58.69177,-38.57547],[-58.69182,-38.57549],[-58.69184,-38.5755],[-58.69193,-38.57554],[-58.69195,-38.57554],[-58.69201,-38.57557],[-58.69203,-38.57559],[-58.69208,-38.57561],[-58.69212,-38.57564],[-58.69215,-38.57567],[-58.69218,-38.57569],[-58.69222,-38.5757],[-58.69227,-38.57572],[-58.69232,-38.57575],[-58.69233,-38.57576],[-58.69237,-38.57579],[-58.69244,-38.57583],[-58.69249,-38.57586],[-58.69253,-38.57589],[-58.69259,-38.57591],[-58.6926,-38.57591],[-58.69265,-38.57594],[-58.69267,-38.57595],[-58.69269,-38.57597],[-58.6927,-38.57597],[-58.69277,-38.57604],[-58.69278,-38.57605],[-58.69283,-38.57608],[-58.69286,-38.5761],[-58.69288,-38.57612],[-58.6929,-38.57614],[-58.69291,-38.57617],[-58.69292,-38.57618],[-58.69294,-38.57621],[-58.69296,-38.57624],[-58.69298,-38.57627],[-58.69301,-38.57629],[-58.69304,-38.57632],[-58.69307,-38.57633],[-58.6931,-38.57635],[-58.69313,-38.57637],[-58.69315,-38.57638],[-58.69317,-38.5764],[-58.69319,-38.57643],[-58.69322,-38.57647],[-58.69325,-38.57649],[-58.69326,-38.57652],[-58.69328,-38.57654],[-58.69329,-38.57655],[-58.69338,-38.5766],[-58.69339,-38.5766],[-58.69342,-38.57663],[-58.69345,-38.57665],[-58.69349,-38.57667],[-58.69352,-38.57669],[-58.69356,-38.57672],[-58.69359,-38.57675],[-58.69361,-38.57676],[-58.69365,-38.57678],[-58.69366,-38.57678],[-58.6937,-38.5768],[-58.69372,-38.57681],[-58.69377,-38.57683],[-58.69382,-38.57686],[-58.69385,-38.57687],[-58.69389,-38.57688],[-58.69392,-38.57689],[-58.69393,-38.57689],[-58.69398,-38.57691],[-58.69403,-38.57694],[-58.69409,-38.57695],[-58.6941,-38.57697],[-58.69412,-38.57699],[-58.69415,-38.57701],[-58.69418,-38.57702],[-58.69422,-38.57704],[-58.69426,-38.57706],[-58.6943,-38.57708],[-58.69435,-38.57712],[-58.69441,-38.57715],[-58.69446,-38.57718],[-58.69449,-38.57721],[-58.69452,-38.57723],[-58.69454,-38.57725],[-58.69458,-38.57727],[-58.69461,-38.5773],[-58.69464,-38.57735],[-58.69465,-38.57735],[-58.69468,-38.57739],[-58.69471,-38.57742],[-58.69474,-38.57745],[-58.69478,-38.57749],[-58.69483,-38.57754],[-58.69486,-38.57758],[-58.69488,-38.57763],[-58.69492,-38.57768],[-58.69496,-38.57772],[-58.69496,-38.57773],[-58.69501,-38.57777],[-58.69505,-38.5778],[-58.69508,-38.57783],[-58.69513,-38.57787],[-58.69516,-38.5779],[-58.6952,-38.57794],[-58.69525,-38.57797],[-58.69528,-38.57802],[-58.69533,-38.57806],[-58.69537,-38.57808],[-58.6954,-38.57812],[-58.69541,-38.57812],[-58.69544,-38.57815],[-58.69546,-38.57819],[-58.69548,-38.57823],[-58.6955,-38.57825],[-58.69552,-38.57827],[-58.69554,-38.5783],[-58.69558,-38.57833],[-58.69562,-38.57837],[-58.69565,-38.5784],[-58.69567,-38.57843],[-58.6957,-38.57846],[-58.69573,-38.57848],[-58.69576,-38.57853],[-58.69579,-38.57858],[-58.69579,-38.5786],[-58.69582,-38.57864],[-58.69583,-38.57864],[-58.69587,-38.57869],[-58.69591,-38.57875],[-58.69596,-38.57882],[-58.69601,-38.57885],[-58.69604,-38.5789],[-58.69606,-38.57893],[-58.69608,-38.57898],[-58.69611,-38.57901],[-58.69614,-38.57904],[-58.69617,-38.57908],[-58.69619,-38.57911],[-58.69624,-38.57917],[-58.69626,-38.57922],[-58.69629,-38.57925],[-58.69632,-38.5793],[-58.69636,-38.57935],[-58.6964,-38.57941],[-58.69643,-38.57946],[-58.69645,-38.57948],[-58.69646,-38.57952],[-58.69648,-38.57957],[-58.69651,-38.57964],[-58.69655,-38.57967],[-58.69657,-38.5797],[-58.69658,-38.57973],[-58.69659,-38.57975],[-58.69661,-38.57978],[-58.69663,-38.57983],[-58.69664,-38.57985],[-58.69665,-38.57988],[-58.69666,-38.57991],[-58.69666,-38.57994],[-58.69667,-38.58003],[-58.69667,-38.58004],[-58.69667,-38.58004],[-58.69667,-38.58007],[-58.69667,-38.58009],[-58.69667,-38.58012],[-58.69667,-38.58016],[-58.69667,-38.58017],[-58.69667,-38.58021],[-58.69667,-38.58022],[-58.69667,-38.58023],[-58.69667,-38.58024],[-58.69667,-38.58028],[-58.69667,-38.58031],[-58.69667,-38.58034],[-58.69667,-38.58037],[-58.69667,-38.5804],[-58.69667,-38.58042],[-58.69666,-38.58043],[-58.69666,-38.58046],[-58.69666,-38.58049],[-58.69666,-38.58052],[-58.69666,-38.58055],[-58.69667,-38.58058],[-58.69667,-38.58059],[-58.69667,-38.58063],[-58.69668,-38.58068],[-58.69669,-38.58072],[-58.6967,-38.58076],[-58.69671,-38.58079],[-58.69671,-38.58082],[-58.69671,-38.58084],[-58.69671,-38.58088],[-58.6967,-38.58092],[-58.6967,-38.58094],[-58.6967,-38.58096],[-58.69669,-38.58099],[-58.69669,-38.58102],[-58.69669,-38.58105],[-58.69667,-38.58108],[-58.69667,-38.58111],[-58.69667,-38.58113],[-58.69667,-38.58114],[-58.69667,-38.58117],[-58.69666,-38.58121],[-58.69666,-38.58124],[-58.69666,-38.58128],[-58.69666,-38.58131],[-58.69666,-38.58131],[-58.69665,-38.58134],[-58.69664,-38.58137],[-58.69662,-38.58139],[-58.6966,-38.58141],[-58.69659,-38.58142],[-58.69657,-38.58143],[-58.69656,-38.58144],[-58.69654,-38.58147],[-58.69653,-38.58149],[-58.6965,-38.58152],[-58.69648,-38.58155],[-58.69646,-38.58157],[-58.69646,-38.58159],[-58.69645,-38.58162],[-58.69644,-38.58162],[-58.69642,-38.58164],[-58.6964,-38.58168],[-58.69638,-38.58171],[-58.69637,-38.58174],[-58.69636,-38.58176],[-58.69636,-38.58177],[-58.69638,-38.58184],[-58.69639,-38.58184],[-58.69642,-38.58188],[-58.69644,-38.58191],[-58.69646,-38.58191],[-58.69649,-38.58192],[-58.69652,-38.58193],[-58.69653,-38.58194],[-58.69655,-38.58195],[-58.69656,-38.58196],[-58.69657,-38.58196],[-58.69658,-38.58196],[-58.69658,-38.58197],[-58.69659,-38.58197],[-58.69767,-38.58366],[-58.69765,-38.58366],[-58.69764,-38.58367],[-58.69762,-38.58368],[-58.6976,-38.58369],[-58.69755,-38.58372],[-58.69751,-38.58374],[-58.6975,-38.58375],[-58.69747,-38.58375],[-58.69745,-38.58377],[-58.69742,-38.58378],[-58.69739,-38.58379],[-58.69735,-38.58379],[-58.69732,-38.5838],[-58.69728,-38.58381],[-58.69724,-38.58383],[-58.69721,-38.58383],[-58.6972,-38.58383],[-58.69717,-38.58384],[-58.69714,-38.58386],[-58.69709,-38.58388],[-58.69703,-38.5839],[-58.69698,-38.58393],[-58.69696,-38.58393],[-58.69691,-38.58394],[-58.69685,-38.58396],[-58.69679,-38.58397],[-58.69673,-38.58398],[-58.69665,-38.584],[-58.69664,-38.584],[-58.69657,-38.58402],[-58.69649,-38.58404],[-58.69645,-38.58405],[-58.69639,-38.58408],[-58.69635,-38.5841],[-58.6963,-38.58412],[-58.69626,-38.58415],[-58.69618,-38.58418],[-58.69611,-38.58421],[-58.69606,-38.58422],[-58.69599,-38.58424],[-58.69594,-38.58426],[-58.69587,-38.58428],[-58.69581,-38.58431],[-58.69576,-38.58434],[-58.69571,-38.58437],[-58.69566,-38.58438],[-58.69561,-38.58441],[-58.69556,-38.58442],[-58.69555,-38.58443],[-58.6955,-38.58446],[-58.6954,-38.5845],[-58.69531,-38.58452],[-58.6953,-38.58452],[-58.69523,-38.58454],[-58.69517,-38.58456],[-58.69512,-38.58458],[-58.69507,-38.58459],[-58.695,-38.58462],[-58.69491,-38.58465],[-58.69482,-38.58467],[-58.69474,-38.58469],[-58.69464,-38.58471],[-58.69459,-38.58472],[-58.69458,-38.58472],[-58.69454,-38.58472],[-58.69449,-38.58472],[-58.69442,-38.58472],[-58.69438,-38.58473],[-58.69436,-38.58474],[-58.69428,-38.58478],[-58.69427,-38.58478],[-58.69422,-38.58481],[-58.69414,-38.58483],[-58.69407,-38.58486],[-58.69405,-38.58487],[-58.69404,-38.58487],[-58.69404,-38.58488],[-58.69401,-38.58491],[-58.694,-38.58491],[-58.69396,-38.58492],[-58.69391,-38.58494],[-58.69387,-38.58496],[-58.69381,-38.58497],[-58.69377,-38.58498],[-58.69371,-38.58499],[-58.69368,-38.585],[-58.69367,-38.58501],[-58.69362,-38.58502],[-58.69361,-38.58503],[-58.69355,-38.58504],[-58.6935,-38.58505],[-58.69346,-38.58507],[-58.6934,-38.5851],[-58.69335,-38.58512],[-58.6933,-38.58513],[-58.69323,-38.58515],[-58.69317,-38.58516],[-58.6931,-38.58517],[-58.69306,-38.58519],[-58.69301,-38.58522],[-58.69295,-38.58523],[-58.69292,-38.58526],[-58.69288,-38.58529],[-58.69286,-38.58531],[-58.69285,-38.58532],[-58.69285,-38.58532],[-58.6928,-38.58535],[-58.69277,-38.58538],[-58.69274,-38.58542],[-58.69272,-38.58547],[-58.6927,-38.58551],[-58.69267,-38.58556],[-58.69264,-38.58557],[-58.6926,-38.58561],[-58.6926,-38.58562],[-58.69256,-38.58564],[-58.69254,-38.58565],[-58.69247,-38.58576],[-58.69246,-38.58576],[-58.69246,-38.58578],[-58.69246,-38.58579],[-58.69242,-38.58583],[-58.69237,-38.58587],[-58.69236,-38.58587],[-58.69232,-38.58591],[-58.69227,-38.58595],[-58.69221,-38.58598],[-58.69216,-38.586],[-58.69211,-38.58603],[-58.69207,-38.58605],[-58.69203,-38.58608],[-58.69199,-38.5861],[-58.69196,-38.58613],[-58.69193,-38.58616],[-58.69189,-38.58619],[-58.69184,-38.58623],[-58.69177,-38.58627],[-58.69176,-38.58628],[-58.69171,-38.58631],[-58.69165,-38.58635],[-58.69157,-38.58641],[-58.69156,-38.58641],[-58.6915,-38.58646],[-58.69144,-38.5865],[-58.69138,-38.58654],[-58.69132,-38.58657],[-58.69125,-38.58661],[-58.6912,-38.58663],[-58.69119,-38.58664],[-58.69113,-38.58667],[-58.69109,-38.58669],[-58.69105,-38.58672],[-58.69101,-38.58675],[-58.69097,-38.58678],[-58.69091,-38.58682],[-58.69086,-38.58686],[-58.6908,-38.58689],[-58.69079,-38.5869],[-58.69074,-38.58693],[-58.69069,-38.58695],[-58.69064,-38.58697],[-58.69059,-38.587],[-58.69055,-38.58703],[-58.69051,-38.58705],[-58.6905,-38.58705],[-58.69045,-38.58708],[-58.69038,-38.58712],[-58.69034,-38.58714],[-58.6903,-38.58718],[-58.69024,-38.58722],[-58.6902,-38.58727],[-58.69016,-38.5873],[-58.69013,-38.58733],[-58.69009,-38.58734],[-58.69008,-38.58735],[-58.69005,-38.58736],[-58.68999,-38.58739],[-58.68995,-38.5874],[-58.68992,-38.58742],[-58.68988,-38.58744],[-58.68982,-38.58746],[-58.68977,-38.58748],[-58.68973,-38.5875],[-58.68967,-38.58753],[-58.68963,-38.58754],[-58.68959,-38.58755],[-58.68955,-38.58757],[-58.68954,-38.5876],[-58.68949,-38.58763],[-58.68945,-38.58767],[-58.68942,-38.5877],[-58.6894,-38.58773],[-58.68939,-38.58778],[-58.68938,-38.58779],[-58.68938,-38.58784],[-58.68938,-38.58786],[-58.6894,-38.5879],[-58.68941,-38.58791],[-58.68942,-38.58792],[-58.68946,-38.58793],[-58.68947,-38.58793],[-58.68951,-38.58794],[-58.68952,-38.58794],[-58.68953,-38.58794],[-58.68956,-38.58794],[-58.68961,-38.58794],[-58.68963,-38.58794],[-58.68966,-38.58793],[-58.6897,-38.58793],[-58.68972,-38.58792],[-58.68973,-38.58792],[-58.68975,-38.58789],[-58.68979,-38.58786],[-58.68984,-38.58783],[-58.68989,-38.5878],[-58.68993,-38.58779],[-58.68996,-38.58776],[-58.69009,-38.58769],[-58.69009,-38.58766],[-58.69011,-38.58764],[-58.69013,-38.58761],[-58.69017,-38.58757],[-58.6902,-38.58754],[-58.69023,-38.58752],[-58.69024,-38.58752],[-58.69027,-38.58749],[-58.69032,-38.58747],[-58.69036,-38.58744],[-58.69039,-38.58743],[-58.6904,-38.58742],[-58.69045,-38.58739],[-58.69051,-38.58735],[-58.69056,-38.58733],[-58.69066,-38.58728],[-58.69071,-38.58727],[-58.69073,-38.58726],[-58.69077,-38.58722],[-58.69083,-38.58717],[-58.69088,-38.58714],[-58.69088,-38.58713],[-58.69091,-38.58711],[-58.69094,-38.58708],[-58.69097,-38.58707],[-58.69098,-38.58707],[-58.69104,-38.58704],[-58.69109,-38.58701],[-58.69113,-38.58699],[-58.69118,-38.58695],[-58.69119,-38.58695],[-58.69125,-38.58692],[-58.6913,-38.58689],[-58.69134,-38.58686],[-58.69139,-38.58683],[-58.69141,-38.58682],[-58.69147,-38.58678],[-58.6915,-38.58675],[-58.69151,-38.58675],[-58.69154,-38.5867],[-58.69159,-38.58667],[-58.69162,-38.58664],[-58.69168,-38.5866],[-58.69172,-38.58657],[-58.69173,-38.58656],[-58.69178,-38.58654],[-58.6918,-38.58653],[-58.69184,-38.5865],[-58.69189,-38.58647],[-58.6919,-38.58647],[-58.69191,-38.58647],[-58.69194,-38.58645],[-58.69197,-38.58643],[-58.69201,-38.58641],[-58.69201,-38.5864],[-58.69212,-38.5863],[-58.69212,-38.5863],[-58.69218,-38.58627],[-58.69221,-38.58625],[-58.69222,-38.58624],[-58.69225,-38.58622],[-58.69226,-38.58622],[-58.69234,-38.58619],[-58.69237,-38.58617],[-58.6924,-38.58616],[-58.69244,-38.58615],[-58.69247,-38.58613],[-58.69251,-38.5861],[-58.69255,-38.58607],[-58.69259,-38.58604],[-58.69264,-38.58602],[-58.69266,-38.58601],[-58.6927,-38.58599],[-58.69273,-38.58597],[-58.69276,-38.58596],[-58.69285,-38.58592],[-58.6929,-38.5859],[-58.69291,-38.5859],[-58.69298,-38.58586],[-58.69301,-38.58584],[-58.69307,-38.5858],[-58.69308,-38.5858],[-58.69313,-38.58577],[-58.69316,-38.58576],[-58.69318,-38.58576],[-58.69319,-38.58576],[-58.69324,-38.58576],[-58.69328,-38.58575],[-58.69329,-38.58574],[-58.69334,-38.58573],[-58.69336,-38.58572],[-58.69337,-38.58571],[-58.69346,-38.58567],[-58.6935,-38.58564],[-58.69356,-38.58561],[-58.69358,-38.5856],[-58.69362,-38.58558],[-58.69363,-38.58557],[-58.69369,-38.58555],[-58.6937,-38.58554],[-58.6937,-38.58554],[-58.69371,-38.58554],[-58.69381,-38.58549],[-58.69386,-38.58547],[-58.69387,-38.58547],[-58.69399,-38.58544],[-58.69401,-38.58542],[-58.69409,-38.5854],[-58.69409,-38.58539],[-58.69411,-38.58538],[-58.69414,-38.58537],[-58.69416,-38.58536],[-58.69417,-38.58534],[-58.69422,-38.58532],[-58.69423,-38.58531],[-58.69428,-38.58531],[-58.69431,-38.5853],[-58.69436,-38.58528],[-58.69437,-38.58528],[-58.69444,-38.58526],[-58.69445,-38.58526],[-58.69448,-38.58525],[-58.69452,-38.58523],[-58.69453,-38.58523],[-58.69456,-38.58523],[-58.6946,-38.58522],[-58.69464,-38.5852],[-58.69468,-38.58518],[-58.69468,-38.58518],[-58.69468,-38.58517],[-58.69469,-38.58517],[-58.69469,-38.58517],[-58.69469,-38.58517],[-58.6947,-38.58517],[-58.69472,-38.58517],[-58.69474,-38.58516],[-58.69479,-38.58514],[-58.6948,-38.58514],[-58.69486,-38.58512],[-58.69488,-38.58511],[-58.69489,-38.5851],[-58.6949,-38.5851],[-58.69501,-38.58507],[-58.69505,-38.58504],[-58.69511,-38.58502],[-58.69512,-38.58502],[-58.6952,-38.58498],[-58.69525,-38.58497],[-58.69529,-38.58495],[-58.69534,-38.58493],[-58.69536,-38.58492],[-58.69538,-38.58492],[-58.69539,-38.58492],[-58.69541,-38.58491],[-58.69544,-38.5849],[-58.6955,-38.58486],[-58.69556,-38.58483],[-58.69558,-38.58482],[-58.69563,-38.58479],[-58.69567,-38.58477],[-58.69572,-38.58475],[-58.69579,-38.58471],[-58.69585,-38.58469],[-58.69586,-38.58468],[-58.69593,-38.58466],[-58.696,-38.58464],[-58.69608,-38.58461],[-58.69613,-38.58458],[-58.69614,-38.58458],[-58.69619,-38.58458],[-58.6962,-38.58458],[-58.69625,-38.58456],[-58.69625,-38.58455],[-58.69628,-38.58453],[-58.69635,-38.5845],[-58.69636,-38.58449],[-58.6964,-38.58448],[-58.69643,-38.58446],[-58.69646,-38.58445],[-58.6965,-38.58444],[-58.69656,-38.58442],[-58.69662,-38.5844],[-58.69665,-38.58439],[-58.69669,-38.58438],[-58.69673,-38.58436],[-58.69676,-38.58434],[-58.69681,-38.58432],[-58.69681,-38.58431],[-58.69684,-38.58429],[-58.69688,-38.58427],[-58.69689,-38.58427],[-58.69695,-38.58424],[-58.69699,-38.58423],[-58.69705,-38.58422],[-58.69711,-38.58421],[-58.69716,-38.58419],[-58.69721,-38.58419],[-58.69725,-38.58418],[-58.69728,-38.58416],[-58.69735,-38.58414],[-58.69735,-38.58413],[-58.6974,-38.58411],[-58.69745,-38.58409],[-58.69748,-38.58407],[-58.69749,-38.58406],[-58.6975,-38.58406],[-58.69751,-38.58406],[-58.69757,-38.58403],[-58.69761,-38.58401],[-58.69765,-38.584],[-58.69765,-38.58399],[-58.69774,-38.58396],[-58.69775,-38.58396],[-58.69777,-38.58395],[-58.69781,-38.58392],[-58.69783,-38.58391],[-58.69784,-38.58391],[-58.69785,-38.58389],[-58.69796,-38.58384],[-58.69798,-38.58383],[-58.69799,-38.58382],[-58.69804,-38.58376],[-58.69804,-38.58375],[-58.69807,-38.58373],[-58.69808,-38.58373],[-58.69811,-38.5837],[-58.69816,-38.58368],[-58.69818,-38.58367],[-58.69822,-38.58365],[-58.69826,-38.58363],[-58.69829,-38.58361],[-58.69835,-38.5836],[-58.69842,-38.58359],[-58.69846,-38.58355],[-58.69851,-38.58351],[-58.69852,-38.5835],[-58.69856,-38.58346],[-58.69858,-38.58346],[-58.69863,-38.58344],[-58.69865,-38.58342],[-58.69866,-38.58342],[-58.69876,-38.58337],[-58.69881,-38.58334],[-58.69888,-38.58329],[-58.69893,-38.58327],[-58.69897,-38.58325],[-58.69903,-38.58323],[-58.69904,-38.58322],[-58.69909,-38.5832],[-58.69912,-38.58319],[-58.69913,-38.58318],[-58.69914,-38.58317],[-58.69919,-38.58313],[-58.69924,-38.58309],[-58.6993,-38.58304],[-58.69933,-38.58301],[-58.69934,-38.583],[-58.69938,-38.58298],[-58.6994,-38.58295],[-58.69943,-38.58292],[-58.69947,-38.5829],[-58.69954,-38.58286],[-58.69954,-38.58285],[-58.69962,-38.58282],[-58.69964,-38.58281],[-58.69965,-38.5828],[-58.69975,-38.58273],[-58.6998,-38.58268],[-58.69984,-38.58265],[-58.6999,-38.58262],[-58.69991,-38.58261],[-58.70001,-38.58252],[-58.70009,-38.58245],[-58.70016,-38.5824],[-58.7002,-38.58237],[-58.7002,-38.58236],[-58.70026,-38.58233],[-58.7003,-38.5823],[-58.70034,-38.58228],[-58.70038,-38.58225],[-58.70043,-38.58221],[-58.70047,-38.58219],[-58.70052,-38.58216],[-58.70059,-38.58211],[-58.70061,-38.58208],[-58.70066,-38.58204],[-58.70072,-38.58201],[-58.70078,-38.58196],[-58.70079,-38.58194],[-58.70084,-38.58189],[-58.70086,-38.58188],[-58.70095,-38.58181],[-58.70099,-38.58181],[-58.70105,-38.58175],[-58.70111,-38.58171],[-58.70116,-38.58167],[-58.7012,-38.58164],[-58.70123,-38.58161],[-58.70127,-38.58158],[-58.70127,-38.58157],[-58.70134,-38.58152],[-58.70135,-38.5815],[-58.70148,-38.58142],[-58.70153,-38.58139],[-58.70156,-38.58135],[-58.70159,-38.58132],[-58.70159,-38.58131],[-58.70163,-38.58124],[-58.70163,-38.58123],[-58.70164,-38.58122],[-58.70165,-38.58122],[-58.70172,-38.58115],[-58.70173,-38.58115],[-58.70176,-38.58114],[-58.70178,-38.58113],[-58.70187,-38.5811],[-58.70191,-38.58109],[-58.70193,-38.58109],[-58.70198,-38.58108],[-58.702,-38.58108],[-58.70201,-38.58107],[-58.70203,-38.58105],[-58.70205,-38.58104],[-58.70211,-38.58101],[-58.70216,-38.58099],[-58.70219,-38.58098],[-58.70224,-38.58098],[-58.70226,-38.58098],[-58.70232,-38.581],[-58.7024,-38.58102],[-58.70252,-38.58105],[-58.70262,-38.58108],[-58.70266,-38.58109],[-58.70276,-38.5811],[-58.70283,-38.58112],[-58.70297,-38.58112],[-58.70308,-38.58112],[-58.70315,-38.58113],[-58.7032,-38.58114],[-58.70322,-38.58114],[-58.70332,-38.58116],[-58.7034,-38.58117],[-58.70348,-38.58118],[-58.70357,-38.58119],[-58.70358,-38.58119],[-58.70366,-38.58122],[-58.70374,-38.58124],[-58.70382,-38.58126],[-58.7039,-38.58128],[-58.70396,-38.5813],[-58.70396,-38.5813],[-58.70404,-38.58131],[-58.70412,-38.58133],[-58.70413,-38.58133],[-58.70422,-38.58134],[-58.7043,-38.58135],[-58.70437,-38.58137],[-58.70447,-38.58138],[-58.70455,-38.58138],[-58.70455,-38.58138],[-58.70462,-38.58138],[-58.7047,-38.5814],[-58.70477,-38.58141],[-58.70486,-38.58142],[-58.70492,-38.58144],[-58.70502,-38.58146],[-58.70502,-38.58147],[-58.70514,-38.58149],[-58.70515,-38.58149],[-58.70522,-38.5815],[-58.70533,-38.58151],[-58.7054,-38.58151],[-58.70546,-38.58151],[-58.70547,-38.58151],[-58.70553,-38.58151],[-58.70559,-38.58152],[-58.70565,-38.58152],[-58.70571,-38.58154],[-58.70574,-38.58155],[-58.70578,-38.58157],[-58.70581,-38.58158],[-58.70583,-38.58158],[-58.70594,-38.58158],[-58.70594,-38.58158],[-58.70605,-38.58159],[-58.70607,-38.5816],[-58.70615,-38.58161],[-58.70616,-38.58162],[-58.70627,-38.58164],[-58.70628,-38.58164],[-58.70637,-38.58166],[-58.70645,-38.58166],[-58.70652,-38.58166],[-58.70661,-38.58166],[-58.7067,-38.58166],[-58.70676,-38.58166],[-58.7068,-38.58166],[-58.70689,-38.58166],[-58.7069,-38.58166],[-58.70696,-38.58166],[-58.70702,-38.58166],[-58.70702,-38.58166],[-58.7071,-38.58166],[-58.7072,-38.58167],[-58.70724,-38.58168],[-58.70732,-38.58169],[-58.70732,-38.58169],[-58.70736,-38.58169],[-58.7074,-38.58169],[-58.70746,-38.58169],[-58.70747,-38.58169],[-58.70754,-38.58169],[-58.70755,-38.58169],[-58.70756,-38.58169],[-58.70765,-38.58168],[-58.70766,-38.58168],[-58.70771,-38.58169],[-58.70775,-38.5817],[-58.70781,-38.58171],[-58.70785,-38.58171],[-58.70788,-38.58171],[-58.70789,-38.58171],[-58.70791,-38.58171],[-58.70798,-38.58171],[-58.70799,-38.58171],[-58.70805,-38.58171],[-58.70808,-38.58171],[-58.70812,-38.58172],[-58.70819,-38.58174],[-58.7082,-38.58174],[-58.70827,-38.58175],[-58.70834,-38.58177],[-58.70835,-38.58178],[-58.7084,-38.58178],[-58.70846,-38.5818],[-58.70851,-38.58181],[-58.70862,-38.58182],[-58.7087,-38.58182],[-58.70879,-38.58184],[-58.70887,-38.58185],[-58.70893,-38.58187],[-58.70894,-38.58187],[-58.70901,-38.58187],[-58.70902,-38.58187],[-58.7091,-38.58187],[-58.70918,-38.58187],[-58.70919,-38.58187],[-58.70925,-38.58187],[-58.70926,-38.58187],[-58.70931,-38.58187],[-58.70939,-38.58187],[-58.70949,-38.58188],[-58.70955,-38.58189],[-58.70962,-38.58192],[-58.70967,-38.58193],[-58.70974,-38.58194],[-58.70982,-38.58194],[-58.7099,-38.58195],[-58.70997,-38.58195],[-58.71,-38.58195],[-58.71005,-38.58197],[-58.71011,-38.58199],[-58.71017,-38.582],[-58.71021,-38.58201],[-58.71028,-38.58202],[-58.71034,-38.58202],[-58.71043,-38.58204],[-58.71051,-38.58204],[-58.71057,-38.58204],[-58.71062,-38.58204],[-58.71068,-38.58204],[-58.71078,-38.58206],[-58.71085,-38.58208],[-58.71093,-38.58211],[-58.71098,-38.58212],[-58.71105,-38.58214],[-58.71106,-38.58215],[-58.71111,-38.58215],[-58.71114,-38.58216],[-58.7112,-38.58217],[-58.71127,-38.58218],[-58.71133,-38.58218],[-58.71134,-38.58218],[-58.7114,-38.58218],[-58.71141,-38.58218],[-58.71151,-38.58218],[-58.71152,-38.58218],[-58.71157,-38.58218],[-58.71158,-38.58218],[-58.71165,-38.58218],[-58.71169,-38.58218],[-58.71173,-38.58218],[-58.71179,-38.58219],[-58.71184,-38.58221],[-58.71189,-38.58221],[-58.71191,-38.58222],[-58.71196,-38.58223],[-58.712,-38.58224],[-58.71206,-38.58226],[-58.7121,-38.58227],[-58.71211,-38.58228],[-58.71217,-38.5823],[-58.71225,-38.58232],[-58.71231,-38.58234],[-58.71241,-38.58236],[-58.71253,-38.58238],[-58.71254,-38.58238],[-58.71271,-38.5824],[-58.71278,-38.5824],[-58.71281,-38.58241],[-58.71285,-38.58241],[-58.71286,-38.58242],[-58.71292,-38.58243],[-58.71301,-38.58247],[-58.71302,-38.58247],[-58.71307,-38.58248],[-58.71316,-38.58249],[-58.71318,-38.58249],[-58.71321,-38.5825],[-58.71337,-38.58254],[-58.71338,-38.58254],[-58.7136,-38.58254],[-58.71371,-38.58256],[-58.71378,-38.58257],[-58.71385,-38.5826],[-58.71396,-38.58262],[-58.71408,-38.58266],[-58.71417,-38.58267],[-58.71422,-38.58268],[-58.71431,-38.58268],[-58.71442,-38.58268],[-58.71449,-38.58268],[-58.71451,-38.58268],[-58.7146,-38.58269],[-58.71468,-38.5827],[-58.71475,-38.58271],[-58.71482,-38.58273],[-58.71491,-38.58277],[-58.715,-38.58278],[-58.71508,-38.58279],[-58.71509,-38.58279],[-58.71516,-38.58279],[-58.71525,-38.58279],[-58.71531,-38.58279],[-58.71537,-38.58279],[-58.71543,-38.58279],[-58.71544,-38.58279],[-58.71554,-38.58279],[-58.71559,-38.58279],[-58.71564,-38.58279],[-58.71569,-38.58279],[-58.71572,-38.58279],[-58.71581,-38.58279],[-58.71582,-38.5828],[-58.71596,-38.58282],[-58.71597,-38.58282],[-58.71606,-38.58284],[-58.71611,-38.58285],[-58.7162,-38.58288],[-58.71626,-38.5829],[-58.71627,-38.58291],[-58.71635,-38.58293],[-58.71636,-38.58293],[-58.71643,-38.58295],[-58.71654,-38.58298],[-58.7166,-38.58299],[-58.71667,-38.58299],[-58.71675,-38.58299],[-58.71684,-38.58299],[-58.71695,-38.583],[-58.71697,-38.583],[-58.71705,-38.583],[-58.71712,-38.58301],[-58.71718,-38.58302],[-58.71727,-38.58303],[-58.71729,-38.58303],[-58.71738,-38.58303],[-58.71743,-38.58305],[-58.71752,-38.58306],[-58.71754,-38.58306],[-58.7176,-38.58307],[-58.71767,-38.5831],[-58.71776,-38.58311],[-58.71784,-38.58313],[-58.71793,-38.58314],[-58.71794,-38.58314],[-58.71804,-38.58316],[-58.71808,-38.58317],[-58.71817,-38.58318],[-58.71828,-38.5832],[-58.71834,-38.5832],[-58.7184,-38.58321],[-58.71843,-38.58321],[-58.71852,-38.5832],[-58.71855,-38.5832],[-58.71857,-38.58321],[-58.71857,-38.58321],[-58.71868,-38.58324],[-58.71876,-38.58325],[-58.71883,-38.58327],[-58.71891,-38.58328],[-58.71893,-38.58328],[-58.71897,-38.58329],[-58.719,-38.5833],[-58.71905,-38.58332],[-58.71906,-38.58332],[-58.7191,-38.58333],[-58.71916,-38.58335],[-58.71916,-38.58335],[-58.71918,-38.58336],[-58.71924,-38.58337],[-58.71926,-38.58337],[-58.71927,-38.58337],[-58.71933,-38.58338],[-58.71935,-38.58338],[-58.71943,-38.58339],[-58.71951,-38.5834],[-58.71952,-38.5834],[-58.7196,-38.58342],[-58.71968,-38.58346],[-58.71974,-38.58347],[-58.71975,-38.58347],[-58.71981,-38.58349],[-58.71986,-38.58352],[-58.71988,-38.58352],[-58.7199,-38.58352],[-58.71994,-38.58353],[-58.71995,-38.58354],[-58.71999,-38.58355],[-58.72,-38.58356],[-58.72008,-38.58358],[-58.72011,-38.58358],[-58.72015,-38.58359],[-58.72016,-38.58359],[-58.72026,-38.58361],[-58.72028,-38.58361],[-58.72033,-38.58362],[-58.72034,-38.58362],[-58.72039,-38.58364],[-58.72042,-38.58365],[-58.72043,-38.58365],[-58.72049,-38.58364],[-58.7205,-38.58364],[-58.72054,-38.58367],[-58.72056,-38.58367],[-58.72057,-38.58367],[-58.7206,-38.58368],[-58.72069,-38.5837],[-58.72072,-38.58371],[-58.72077,-38.58373],[-58.72079,-38.58374],[-58.72089,-38.58376],[-58.72091,-38.58376],[-58.72102,-38.58379],[-58.72103,-38.5838],[-58.72116,-38.58386],[-58.72118,-38.58387],[-58.72131,-38.5839],[-58.72133,-38.5839],[-58.72144,-38.58392],[-58.72155,-38.58394],[-58.72167,-38.58394],[-58.72168,-38.58394],[-58.72178,-38.58394],[-58.72181,-38.58394],[-58.72186,-38.58394],[-58.72189,-38.58395],[-58.72193,-38.58395],[-58.72193,-38.58395],[-58.722,-38.58397],[-58.72202,-38.58397],[-58.72203,-38.58397],[-58.7221,-38.58398],[-58.72212,-38.58398],[-58.72217,-38.58398],[-58.72218,-38.58398],[-58.72225,-38.584],[-58.72232,-38.58402],[-58.72241,-38.58404],[-58.72242,-38.58405],[-58.72252,-38.58407],[-58.72263,-38.5841],[-58.72267,-38.58411],[-58.72272,-38.58414],[-58.72273,-38.58415],[-58.72277,-38.58418],[-58.72279,-38.58418],[-58.72284,-38.58421],[-58.72285,-38.58421],[-58.72287,-38.58423],[-58.72289,-38.58423],[-58.72297,-38.58427],[-58.72298,-38.58427],[-58.72307,-38.58431],[-58.72314,-38.58434],[-58.72314,-38.58435],[-58.72325,-38.58438],[-58.72328,-38.58439],[-58.72335,-38.58442],[-58.72338,-38.58443],[-58.72341,-38.58445],[-58.72343,-38.58445],[-58.72349,-38.58447],[-58.72356,-38.5845],[-58.72357,-38.5845],[-58.72366,-38.58452],[-58.72368,-38.58452],[-58.72374,-38.58452],[-58.72375,-38.58452],[-58.7238,-38.58452],[-58.72381,-38.58452],[-58.72388,-38.58452],[-58.72392,-38.58451],[-58.72393,-38.5845],[-58.72394,-38.5845],[-58.72397,-38.5845],[-58.72398,-38.5845],[-58.724,-38.5845],[-58.72406,-38.58449],[-58.72407,-38.58449],[-58.72409,-38.58449],[-58.72414,-38.58449],[-58.72415,-38.58449],[-58.72416,-38.58449],[-58.72421,-38.58449],[-58.72422,-38.58449],[-58.72429,-38.58449],[-58.7243,-38.58449],[-58.72438,-38.5845],[-58.72439,-38.5845],[-58.72449,-38.58453],[-58.72462,-38.58457],[-58.72463,-38.58457],[-58.72466,-38.58458],[-58.72474,-38.5846],[-58.72477,-38.5846],[-58.72489,-38.58465],[-58.72489,-38.58465],[-58.72493,-38.58467],[-58.72502,-38.58471],[-58.72504,-38.58472],[-58.72512,-38.58472],[-58.72514,-38.58472],[-58.72516,-38.58472],[-58.72519,-38.58471],[-58.72535,-38.58469],[-58.72538,-38.58469],[-58.72539,-38.58469],[-58.7254,-38.58469],[-58.72542,-38.58469],[-58.72544,-38.58469],[-58.72553,-38.5847],[-58.72556,-38.58471],[-58.72566,-38.58474],[-58.72567,-38.58475],[-58.72568,-38.58475],[-58.7258,-38.58478],[-58.72589,-38.5848],[-58.72591,-38.5848],[-58.72601,-38.58481],[-58.72602,-38.58481],[-58.7261,-38.58482],[-58.7262,-38.58484],[-58.72623,-38.58484],[-58.7263,-38.58486],[-58.72632,-38.58487],[-58.7264,-38.5849],[-58.72643,-38.58491],[-58.72649,-38.58493],[-58.7265,-38.58494],[-58.72652,-38.58494],[-58.72662,-38.58497],[-58.72663,-38.58498],[-58.72673,-38.58501],[-58.7268,-38.58504],[-58.72681,-38.58504],[-58.72689,-38.58504],[-58.72697,-38.58505],[-58.727,-38.58505],[-58.72706,-38.58506],[-58.72708,-38.58507],[-58.72718,-38.58509],[-58.72719,-38.58509],[-58.72723,-38.58512],[-58.72726,-38.58512],[-58.72731,-38.58514],[-58.72732,-38.58514],[-58.72742,-38.58516],[-58.72743,-38.58516],[-58.72744,-38.58517],[-58.72745,-38.58517],[-58.7275,-38.58516],[-58.72752,-38.58516],[-58.72754,-38.58515],[-58.72755,-38.58515],[-58.72757,-38.58515],[-58.72759,-38.58515],[-58.72762,-38.58516],[-58.72763,-38.58516],[-58.72768,-38.58517],[-58.72769,-38.58518],[-58.72775,-38.58522],[-58.7278,-38.58523],[-58.72785,-38.58525],[-58.72789,-38.58525],[-58.72792,-38.58524],[-58.72798,-38.58524],[-58.72799,-38.58524],[-58.728,-38.58524],[-58.72804,-38.58524],[-58.72805,-38.58524],[-58.72808,-38.58524],[-58.72809,-38.58524],[-58.72811,-38.58525],[-58.72812,-38.58526],[-58.72816,-38.58529],[-58.72822,-38.58535],[-58.72822,-38.58536],[-58.72827,-38.58539],[-58.72829,-38.5854],[-58.72835,-38.58545],[-58.72836,-38.58545],[-58.72839,-38.58547],[-58.7284,-38.58548],[-58.72844,-38.58548],[-58.72844,-38.58549],[-58.72847,-38.58549],[-58.72851,-38.58549],[-58.72853,-38.58549],[-58.72862,-38.58549],[-58.72865,-38.58549],[-58.72866,-38.58549],[-58.72874,-38.58549],[-58.7288,-38.58549],[-58.72881,-38.5855],[-58.72885,-38.58552],[-58.72889,-38.58554],[-58.72894,-38.58556],[-58.72897,-38.58557],[-58.72903,-38.58561],[-58.72904,-38.58561],[-58.7291,-38.58562],[-58.7291,-38.58563],[-58.72911,-38.58563],[-58.72915,-38.58564],[-58.72916,-38.58564],[-58.72918,-38.58565],[-58.72919,-38.58565],[-58.72923,-38.58566],[-58.72928,-38.58568],[-58.7293,-38.58568],[-58.72935,-38.58569],[-58.72937,-38.58569],[-58.72943,-38.5857],[-58.72947,-38.58571],[-58.72948,-38.58571],[-58.72951,-38.58572],[-58.72952,-38.58573],[-58.72956,-38.58574],[-58.72958,-38.58574],[-58.72962,-38.58576],[-58.72963,-38.58576],[-58.72965,-38.58576],[-58.7297,-38.58577],[-58.72973,-38.58578],[-58.72981,-38.5858],[-58.72982,-38.58581],[-58.7299,-38.58583],[-58.72991,-38.58584],[-58.72996,-38.58586],[-58.73001,-38.58589],[-58.73002,-38.5859],[-58.73006,-38.58593],[-58.73014,-38.58596],[-58.73021,-38.58599],[-58.73022,-38.58599],[-58.73025,-38.58602],[-58.73028,-38.58602],[-58.73036,-38.58605],[-58.73037,-38.58605],[-58.73042,-38.58606],[-58.73045,-38.58607],[-58.73048,-38.58607],[-58.73049,-38.58607],[-58.73053,-38.58607],[-58.73061,-38.58607],[-58.73064,-38.58607],[-58.73065,-38.58607],[-58.73067,-38.58607],[-58.7307,-38.58607],[-58.73071,-38.58607],[-58.73075,-38.58607],[-58.73076,-38.58607],[-58.73082,-38.58607],[-58.73084,-38.58607],[-58.73089,-38.58607],[-58.7309,-38.58607],[-58.73095,-38.58609],[-58.731,-38.58612],[-58.73101,-38.58612],[-58.73105,-38.58615],[-58.73106,-38.58616],[-58.7311,-38.58618],[-58.73112,-38.58619],[-58.73118,-38.58623],[-58.73119,-38.58624],[-58.73123,-38.58627],[-58.73124,-38.58628],[-58.73129,-38.5863],[-58.73134,-38.58632],[-58.73135,-38.58632],[-58.7314,-38.58633],[-58.73146,-38.58634],[-58.73147,-38.58634],[-58.73155,-38.58635],[-58.73157,-38.58635],[-58.7316,-38.58635],[-58.73162,-38.58635],[-58.73167,-38.58635],[-58.73168,-38.58635],[-58.73171,-38.58636],[-58.73172,-38.58636],[-58.73176,-38.58637],[-58.73177,-38.58637],[-58.7318,-38.58638],[-58.73185,-38.5864],[-58.73186,-38.5864],[-58.73192,-38.58641],[-58.73198,-38.58643],[-58.73199,-38.58643],[-58.732,-38.58643],[-58.73204,-38.58644],[-58.73206,-38.58645],[-58.73211,-38.58648],[-58.73215,-38.5865],[-58.73216,-38.5865],[-58.73219,-38.58651],[-58.73224,-38.58654],[-58.7323,-38.58655],[-58.73231,-38.58656],[-58.73236,-38.58658],[-58.73239,-38.58661],[-58.7324,-38.58661],[-58.7324,-38.58662],[-58.73242,-38.58663],[-58.73245,-38.58666],[-58.73246,-38.58666],[-58.7325,-38.58669],[-58.73251,-38.5867],[-58.73257,-38.58674],[-58.73262,-38.58677],[-58.73268,-38.5868],[-58.73271,-38.58682],[-58.73273,-38.58683],[-58.73278,-38.58685],[-58.73279,-38.58686],[-58.73283,-38.58687],[-58.73284,-38.58687],[-58.7329,-38.58687],[-58.73291,-38.58687],[-58.73298,-38.58687],[-58.73301,-38.58687],[-58.73302,-38.58687],[-58.73303,-38.58687],[-58.73305,-38.58687],[-58.73306,-38.58687],[-58.7331,-38.58687],[-58.73311,-38.58687],[-58.73312,-38.58687],[-58.73314,-38.58687],[-58.73315,-38.58687],[-58.73319,-38.58687],[-58.7332,-38.58687],[-58.73328,-38.58687],[-58.73329,-38.58687],[-58.73333,-38.58687],[-58.73337,-38.58687],[-58.73338,-38.58687],[-58.73339,-38.58687],[-58.7334,-38.58687],[-58.73348,-38.58686],[-58.73349,-38.58686],[-58.7335,-38.58686],[-58.73354,-38.58686],[-58.73355,-38.58686],[-58.7336,-38.58687],[-58.73362,-38.58687],[-58.73364,-38.58687],[-58.73365,-38.58687],[-58.73366,-38.58688],[-58.73371,-38.58691],[-58.73372,-38.58691],[-58.73376,-38.58694],[-58.73378,-38.58695],[-58.73379,-38.58695],[-58.73385,-38.58698],[-58.73386,-38.58698],[-58.73387,-38.58698],[-58.73391,-38.587],[-58.73393,-38.58701],[-58.73397,-38.58703],[-58.73398,-38.58703],[-58.73399,-38.58703],[-58.73403,-38.58704],[-58.73404,-38.58704],[-58.7341,-38.58704],[-58.73415,-38.58706],[-58.73416,-38.58706],[-58.73421,-38.58707],[-58.73427,-38.5871],[-58.7343,-38.58712],[-58.73431,-38.58713],[-58.73433,-38.58714],[-58.73433,-38.58715],[-58.73434,-38.58715],[-58.73436,-38.58718],[-58.73437,-38.58718],[-58.73438,-38.58719],[-58.73442,-38.5872],[-58.73443,-38.5872],[-58.73446,-38.58721],[-58.73447,-38.58721],[-58.73449,-38.58721],[-58.73456,-38.58724],[-58.73456,-38.58724],[-58.73457,-38.58724],[-58.7346,-38.58725],[-58.73462,-38.58725],[-58.73468,-38.58725],[-58.73473,-38.58725],[-58.73476,-38.58725],[-58.73477,-38.58725],[-58.73487,-38.58725],[-58.73494,-38.58725],[-58.73496,-38.58725],[-58.735,-38.58726],[-58.73502,-38.58727],[-58.73506,-38.58729],[-58.73507,-38.5873],[-58.73513,-38.58732],[-58.73513,-38.58733],[-58.73515,-38.58734],[-58.7352,-38.58736],[-58.73521,-38.58737],[-58.73524,-38.58739],[-58.73529,-38.58741],[-58.7353,-38.58742],[-58.73535,-38.58747],[-58.73536,-38.58747],[-58.73537,-38.58747],[-58.73543,-38.5875],[-58.73544,-38.58751],[-58.73548,-38.58753],[-58.73553,-38.58754],[-58.73559,-38.58754],[-58.73561,-38.58754],[-58.73566,-38.58755],[-58.73568,-38.58755],[-58.73573,-38.58755],[-58.73576,-38.58755],[-58.73577,-38.58755],[-58.7358,-38.58756],[-58.73581,-38.58756],[-58.73585,-38.58756],[-58.73586,-38.58757],[-58.73592,-38.58759],[-58.73596,-38.58761],[-58.73601,-38.58762],[-58.73608,-38.58764],[-58.7361,-38.58764],[-58.73614,-38.58766],[-58.73615,-38.58766],[-58.73618,-38.58767],[-58.73622,-38.58767],[-58.73623,-38.58767],[-58.73628,-38.58768],[-58.73629,-38.58768],[-58.73634,-38.58771],[-58.73639,-38.58773],[-58.73641,-38.58774],[-58.73647,-38.58776],[-58.73655,-38.5878],[-58.73657,-38.5878],[-58.7366,-38.58782],[-58.73664,-38.58784],[-58.73666,-38.58785],[-58.73669,-38.58785],[-58.7367,-38.58785],[-58.73672,-38.58786],[-58.73673,-38.58786],[-58.73676,-38.58786],[-58.73677,-38.58786],[-58.73679,-38.58787],[-58.7368,-38.58787],[-58.73684,-38.58788],[-58.73685,-38.58788],[-58.73686,-38.58789],[-58.73689,-38.58789],[-58.73689,-38.5879],[-58.7369,-38.5879],[-58.73695,-38.58791],[-58.73696,-38.58791],[-58.73704,-38.58793],[-58.73708,-38.58794],[-58.73713,-38.58796],[-58.73714,-38.58796],[-58.73717,-38.58797],[-58.73719,-38.58797],[-58.73723,-38.58799],[-58.73728,-38.58801],[-58.73729,-38.58801],[-58.73732,-38.58803],[-58.73734,-38.58804],[-58.73738,-38.58806],[-58.73743,-38.58807],[-58.73748,-38.58808],[-58.73752,-38.58809],[-58.73757,-38.58809],[-58.7376,-38.5881],[-58.73761,-38.5881],[-58.73763,-38.5881],[-58.73766,-38.58811],[-58.73767,-38.58811],[-58.7377,-38.58813],[-58.73771,-38.58813],[-58.73774,-38.58815],[-58.73775,-38.58815],[-58.7378,-38.58818],[-58.73781,-38.58818],[-58.73788,-38.58821],[-58.73791,-38.58822],[-58.73794,-38.58823],[-58.73795,-38.58823],[-58.73796,-38.58824],[-58.73801,-38.58826],[-58.73802,-38.58827],[-58.73805,-38.58828],[-58.73807,-38.58829],[-58.73813,-38.58832],[-58.73816,-38.58833],[-58.73823,-38.58835],[-58.73824,-38.58835],[-58.73829,-38.58838],[-58.7383,-38.58838],[-58.73835,-38.5884],[-58.73836,-38.5884],[-58.73837,-38.5884],[-58.73838,-38.5884],[-58.73839,-38.5884],[-58.73843,-38.5884],[-58.73844,-38.5884],[-58.73847,-38.58841],[-58.73848,-38.58841],[-58.73852,-38.58841],[-58.73853,-38.58841],[-58.73857,-38.58841],[-58.73858,-38.58841],[-58.73864,-38.58842],[-58.73865,-38.58842],[-58.73871,-38.58844],[-58.73874,-38.58846],[-58.73879,-38.58847],[-58.7388,-38.58847],[-58.73881,-38.58848],[-58.73887,-38.5885],[-58.73888,-38.58851],[-58.73893,-38.58853],[-58.73899,-38.58854],[-58.739,-38.58854],[-58.73904,-38.58856],[-58.73905,-38.58856],[-58.73909,-38.58856],[-58.7391,-38.58857],[-58.73911,-38.58857],[-58.73916,-38.58859],[-58.73917,-38.58859],[-58.73921,-38.5886],[-58.73922,-38.5886],[-58.73927,-38.58862],[-58.73928,-38.58862],[-58.73933,-38.58864],[-58.73934,-38.58865],[-58.7394,-38.58866],[-58.73946,-38.58868],[-58.73947,-38.58869],[-58.73952,-38.5887],[-58.73953,-38.58871],[-58.73958,-38.58872],[-58.7396,-38.58872],[-58.73965,-38.58872],[-58.73966,-38.58872],[-58.73973,-38.58874],[-58.7398,-38.58875],[-58.73986,-38.58876],[-58.73987,-38.58877],[-58.73989,-38.58878],[-58.73991,-38.58879],[-58.73992,-38.58879],[-58.73996,-38.5888],[-58.73998,-38.5888],[-58.74004,-38.58882],[-58.74005,-38.58883],[-58.7401,-38.58885],[-58.74011,-38.58885],[-58.74019,-38.58889],[-58.74026,-38.58892],[-58.74027,-38.58892],[-58.7403,-38.58894],[-58.74032,-38.58895],[-58.74036,-38.58896],[-58.74038,-38.58897],[-58.74044,-38.58899],[-58.74045,-38.58899],[-58.74049,-38.58901],[-58.7405,-38.58901],[-58.74055,-38.58903],[-58.74056,-38.58903],[-58.74061,-38.58904],[-58.74063,-38.58905],[-58.74068,-38.58907],[-58.7407,-38.58907],[-58.74078,-38.5891],[-58.7408,-38.5891],[-58.74086,-38.58912],[-58.74087,-38.58912],[-58.74094,-38.58914],[-58.74095,-38.58914],[-58.74102,-38.58916],[-58.74103,-38.58917],[-58.74108,-38.58919],[-58.74109,-38.5892],[-58.74114,-38.58922],[-58.74116,-38.58923],[-58.74122,-38.58925],[-58.74124,-38.58926],[-58.74125,-38.58926],[-58.74127,-38.58928],[-58.74129,-38.58928],[-58.74133,-38.58928],[-58.74134,-38.58928],[-58.74137,-38.58929],[-58.74138,-38.58929],[-58.74139,-38.58929],[-58.7414,-38.58929],[-58.74147,-38.58932],[-58.74151,-38.58935],[-58.74154,-38.58936],[-58.74157,-38.58937],[-58.74162,-38.58938],[-58.74167,-38.5894],[-58.74167,-38.5894],[-58.74172,-38.58941],[-58.74173,-38.58942],[-58.74178,-38.58943],[-58.74183,-38.58944],[-58.74184,-38.58944],[-58.74185,-38.58944],[-58.74188,-38.58944],[-58.7419,-38.58944],[-58.74194,-38.58945],[-58.74199,-38.58945],[-58.74199,-38.58946],[-58.74201,-38.58947],[-58.74202,-38.58948],[-58.74206,-38.5895],[-58.74206,-38.58951],[-58.7421,-38.58953],[-58.74211,-38.58953],[-58.74214,-38.58955],[-58.74215,-38.58956],[-58.74219,-38.58958],[-58.7422,-38.58959],[-58.74225,-38.5896],[-58.74226,-38.5896],[-58.74229,-38.58962],[-58.74232,-38.58963],[-58.7424,-38.58966],[-58.74246,-38.58968],[-58.7425,-38.58969],[-58.74255,-38.58971],[-58.74257,-38.58971],[-58.74262,-38.58972],[-58.74263,-38.58973],[-58.74268,-38.58976],[-58.74269,-38.58976],[-58.74274,-38.58978],[-58.74279,-38.58982],[-58.74285,-38.58985],[-58.74285,-38.58986],[-58.74289,-38.58988],[-58.74291,-38.58989],[-58.74296,-38.58991],[-58.74297,-38.58991],[-58.743,-38.58993],[-58.74301,-38.58993],[-58.74303,-38.58994],[-58.74303,-38.58995],[-58.74308,-38.58999],[-58.74313,-38.58999],[-58.74313,-38.59],[-58.74317,-38.59001],[-58.74318,-38.59002],[-58.74321,-38.59003],[-58.74325,-38.59005],[-58.74325,-38.59005],[-58.74329,-38.59006],[-58.74331,-38.59006],[-58.74336,-38.59007],[-58.74337,-38.59007],[-58.74341,-38.59008],[-58.74342,-38.59008],[-58.74346,-38.59008],[-58.74349,-38.59008],[-58.74354,-38.59009],[-58.74357,-38.59009],[-58.74358,-38.59009],[-58.74364,-38.59009],[-58.74365,-38.59009],[-58.74371,-38.59009],[-58.74372,-38.59009],[-58.74376,-38.59009],[-58.74377,-38.59009],[-58.7438,-38.5901],[-58.74381,-38.5901],[-58.74384,-38.59011],[-58.74388,-38.59014],[-58.7439,-38.59015],[-58.74393,-38.59017],[-58.74394,-38.59018],[-58.74399,-38.5902],[-58.744,-38.59021],[-58.74402,-38.59023],[-58.74404,-38.59024],[-58.74407,-38.59027],[-58.74412,-38.5903],[-58.74413,-38.5903],[-58.74418,-38.59032],[-58.74419,-38.59032],[-58.74423,-38.59035],[-58.74428,-38.59038],[-58.74429,-38.59039],[-58.74433,-38.5904],[-58.74434,-38.5904],[-58.74439,-38.59044],[-58.7444,-38.59044],[-58.74441,-38.59044],[-58.74444,-38.59046],[-58.74445,-38.59047],[-58.74449,-38.59048],[-58.74451,-38.59049],[-58.74463,-38.5905],[-58.74465,-38.59051],[-58.74466,-38.59052],[-58.74468,-38.59053],[-58.74473,-38.59055],[-58.74474,-38.59055],[-58.74481,-38.59058],[-58.74487,-38.59061],[-58.7449,-38.59062],[-58.74492,-38.59063],[-58.74493,-38.59064],[-58.74497,-38.59065],[-58.74497,-38.59066],[-58.74498,-38.59066],[-58.74502,-38.59069],[-58.74509,-38.5907],[-58.74513,-38.59072],[-58.74515,-38.59072],[-58.74517,-38.59073],[-58.74519,-38.59073],[-58.7452,-38.59073],[-58.74524,-38.59075],[-58.74526,-38.59075],[-58.74533,-38.59077],[-58.74534,-38.59078],[-58.74537,-38.59079],[-58.74542,-38.59081],[-58.74543,-38.59082],[-58.7455,-38.59084],[-58.74551,-38.59084],[-58.74554,-38.59086],[-58.74555,-38.59086],[-58.74562,-38.59088],[-58.74567,-38.59089],[-58.74572,-38.5909],[-58.74574,-38.5909],[-58.74581,-38.59092],[-58.74589,-38.59095],[-58.74591,-38.59096],[-58.74597,-38.59098],[-58.74598,-38.59098],[-58.74607,-38.59101],[-58.74609,-38.59103],[-58.74619,-38.59106],[-58.7462,-38.59106],[-58.7463,-38.59109],[-58.74631,-38.59109],[-58.7464,-38.5911],[-58.7464,-38.59111],[-58.74642,-38.59111],[-58.74647,-38.59113],[-58.74648,-38.59113],[-58.74649,-38.59114],[-58.74658,-38.59116],[-58.74659,-38.59117],[-58.74668,-38.5912],[-58.74677,-38.59122],[-58.7468,-38.59123],[-58.74684,-38.59125],[-58.74685,-38.59125],[-58.74686,-38.59125],[-58.74693,-38.59128],[-58.74694,-38.59128],[-58.74702,-38.59129],[-58.74703,-38.59129],[-58.74711,-38.59132],[-58.74719,-38.59134],[-58.74731,-38.59139],[-58.74733,-38.59141],[-58.7474,-38.59143],[-58.74742,-38.59144],[-58.74751,-38.59148],[-58.74752,-38.59148],[-58.74759,-38.5915],[-58.74768,-38.59153],[-58.74775,-38.59156],[-58.74778,-38.59157],[-58.74784,-38.59161],[-58.74786,-38.59161],[-58.74793,-38.59165],[-58.74794,-38.59165],[-58.74798,-38.59167],[-58.74799,-38.59167],[-58.74801,-38.59168],[-58.74806,-38.59168],[-58.74807,-38.59168],[-58.74813,-38.5917],[-58.74815,-38.59171],[-58.74818,-38.59172],[-58.74819,-38.59172],[-58.7482,-38.59173],[-58.74827,-38.59175],[-58.74829,-38.59175],[-58.74833,-38.59178],[-58.74835,-38.59178],[-58.74843,-38.5918],[-58.7485,-38.59182],[-58.74853,-38.59183],[-58.74858,-38.59185],[-58.74861,-38.59186],[-58.74866,-38.59187],[-58.74867,-38.59187],[-58.74874,-38.59188],[-58.74879,-38.59191],[-58.7488,-38.59191],[-58.74882,-38.59192],[-58.74887,-38.59194],[-58.74889,-38.59195],[-58.74894,-38.59197],[-58.74895,-38.59197],[-58.74901,-38.59198],[-58.74902,-38.59198],[-58.74909,-38.59199],[-58.74916,-38.592],[-58.74918,-38.59201],[-58.74923,-38.59202],[-58.74925,-38.59202],[-58.74932,-38.59205],[-58.74933,-38.59205],[-58.7494,-38.59208],[-58.74941,-38.59208],[-58.74948,-38.5921],[-58.74956,-38.59212],[-58.74962,-38.59214],[-58.74963,-38.59214],[-58.74964,-38.59214],[-58.74967,-38.59217],[-58.74968,-38.59217],[-58.74976,-38.59219],[-58.74981,-38.59221],[-58.74982,-38.59221],[-58.74989,-38.59224],[-58.74996,-38.59226],[-58.75,-38.59227],[-58.75005,-38.59228],[-58.75007,-38.59228],[-58.75013,-38.59229],[-58.75013,-38.5923],[-58.75015,-38.5923],[-58.7502,-38.59232],[-58.75025,-38.59234],[-58.75026,-38.59234],[-58.75032,-38.59237],[-58.75034,-38.59237],[-58.75037,-38.59238],[-58.75038,-38.59239],[-58.75039,-38.59239],[-58.75045,-38.5924],[-58.75047,-38.59241],[-58.75053,-38.59243],[-58.75054,-38.59243],[-58.75061,-38.59246],[-58.75063,-38.59246],[-58.75069,-38.59248],[-58.75071,-38.59249],[-58.75077,-38.5925],[-58.75086,-38.59252],[-58.75094,-38.59255],[-58.75104,-38.59258],[-58.75106,-38.59259],[-58.75109,-38.59261],[-58.75111,-38.59263],[-58.75115,-38.59264],[-58.75116,-38.59264],[-58.75126,-38.59267],[-58.75128,-38.59267],[-58.75135,-38.59269],[-58.75136,-38.59269],[-58.75146,-38.59272],[-58.75147,-38.59272],[-58.7515,-38.59272],[-58.75155,-38.59273],[-58.75157,-38.59273],[-58.75162,-38.59275],[-58.75166,-38.59276],[-58.75173,-38.59277],[-58.75173,-38.59277],[-58.75188,-38.59285],[-58.7519,-38.59285],[-58.75193,-38.59285],[-58.75193,-38.59285],[-58.75195,-38.59285],[-58.75196,-38.59285],[-58.75199,-38.59287],[-58.752,-38.59287],[-58.75204,-38.59288],[-58.75208,-38.5929],[-58.75213,-38.59293],[-58.75215,-38.59294],[-58.7522,-38.59297],[-58.75221,-38.59297],[-58.75226,-38.593],[-58.7523,-38.59302],[-58.75235,-38.59304],[-58.75241,-38.59307],[-58.75245,-38.59307],[-58.75245,-38.59308],[-58.75247,-38.59309],[-58.75248,-38.5931],[-58.75252,-38.59312],[-58.75252,-38.59312],[-58.75257,-38.59314],[-58.75262,-38.59315],[-58.75266,-38.59315],[-58.75267,-38.59315],[-58.75272,-38.59316],[-58.75272,-38.59316],[-58.75277,-38.59316],[-58.75278,-38.59317],[-58.75287,-38.5932],[-58.75288,-38.59321],[-58.75292,-38.59323],[-58.75297,-38.59326],[-58.75298,-38.59326],[-58.75299,-38.59327],[-58.75302,-38.59328],[-58.75308,-38.59329],[-58.7531,-38.59329],[-58.75313,-38.59331],[-58.75315,-38.59332],[-58.75319,-38.59333],[-58.7532,-38.59333],[-58.75326,-38.59335],[-58.75333,-38.59338],[-58.75336,-38.59339],[-58.7534,-38.59341],[-58.75342,-38.59342],[-58.75347,-38.59345],[-58.75348,-38.59345],[-58.75355,-38.59348],[-58.75363,-38.59351],[-58.75365,-38.59351],[-58.75369,-38.59353],[-58.7537,-38.59353],[-58.75373,-38.59353],[-58.75377,-38.59353],[-58.75378,-38.59353],[-58.75379,-38.59353],[-58.75383,-38.59354],[-58.75384,-38.59354],[-58.7539,-38.59356],[-58.75391,-38.59357],[-58.75393,-38.59359],[-58.75394,-38.59359],[-58.75396,-38.59361],[-58.75397,-38.59361],[-58.75398,-38.59362],[-58.75403,-38.59365],[-58.75404,-38.59365],[-58.75409,-38.59366],[-58.7541,-38.59366],[-58.75415,-38.59369],[-58.75416,-38.59369],[-58.75419,-38.59371],[-58.75421,-38.59372],[-58.75427,-38.59374],[-58.75428,-38.59374],[-58.75434,-38.59377],[-58.75435,-38.59377],[-58.7544,-38.59379],[-58.75447,-38.59382],[-58.75448,-38.59382],[-58.75452,-38.59385],[-58.75453,-38.59385],[-58.75454,-38.59385],[-58.75458,-38.59386],[-58.75459,-38.59387],[-58.75465,-38.59389],[-58.75469,-38.59391],[-58.75475,-38.59394],[-58.75478,-38.59395],[-58.75483,-38.59398],[-58.75485,-38.59398],[-58.7549,-38.59401],[-58.75492,-38.59402],[-58.75498,-38.59404],[-58.75505,-38.59406],[-58.75511,-38.59409],[-58.75513,-38.59409],[-58.75518,-38.59412],[-58.75519,-38.59412],[-58.75524,-38.59414],[-58.75526,-38.59415],[-58.75529,-38.59416],[-58.75531,-38.59416],[-58.75547,-38.59426],[-58.75548,-38.59428],[-58.75549,-38.59429],[-58.7555,-38.5943],[-58.75551,-38.59431],[-58.75552,-38.59431],[-58.75557,-38.59434],[-58.75561,-38.59437],[-58.75562,-38.59438],[-58.75564,-38.5944],[-58.75566,-38.59442],[-58.75567,-38.59442],[-58.75568,-38.59444],[-58.75569,-38.59444],[-58.75577,-38.59448],[-58.75577,-38.59449],[-58.75583,-38.5945],[-58.75583,-38.59451],[-58.75587,-38.59451],[-58.75588,-38.59452],[-58.75592,-38.59453],[-58.75593,-38.59453],[-58.75598,-38.59453],[-58.75603,-38.59454],[-58.75604,-38.59454],[-58.75608,-38.59455],[-58.75611,-38.59457],[-58.75614,-38.59459],[-58.75619,-38.59462],[-58.75623,-38.59463],[-58.75627,-38.59465],[-58.75633,-38.59468],[-58.75639,-38.59471],[-58.75644,-38.59473],[-58.7565,-38.59475],[-58.75656,-38.59478],[-58.75661,-38.5948],[-58.75663,-38.59481],[-58.75668,-38.59483],[-58.75673,-38.59484],[-58.75674,-38.59484],[-58.75678,-38.59486],[-58.75684,-38.59489],[-58.75688,-38.59491],[-58.75692,-38.59494],[-58.75697,-38.59497],[-58.757,-38.59499],[-58.75703,-38.595],[-58.75706,-38.59503],[-58.75709,-38.59505],[-58.75712,-38.59506],[-58.75713,-38.59507],[-58.75715,-38.59508],[-58.75717,-38.59509],[-58.75719,-38.59509],[-58.75719,-38.5951],[-58.7572,-38.59511],[-58.75722,-38.59512],[-58.75723,-38.59512],[-58.75726,-38.59515],[-58.75726,-38.59515],[-58.75728,-38.59517],[-58.75729,-38.59517],[-58.75731,-38.59518],[-58.75734,-38.5952],[-58.75735,-38.59521],[-58.75738,-38.59522],[-58.75743,-38.59524],[-58.75746,-38.59525],[-58.75752,-38.59527],[-58.75759,-38.59531],[-58.75761,-38.59531],[-58.75765,-38.59533],[-58.75766,-38.59534],[-58.75766,-38.59534],[-58.75771,-38.59536],[-58.75772,-38.59536],[-58.75778,-38.59539],[-58.75785,-38.59541],[-58.75786,-38.59542],[-58.7579,-38.59543],[-58.75791,-38.59543],[-58.75795,-38.59545],[-58.75797,-38.59546],[-58.75801,-38.59547],[-58.75807,-38.59549],[-58.75808,-38.5955],[-58.75812,-38.59551],[-58.75815,-38.59552],[-58.75821,-38.59556],[-58.75822,-38.59556],[-58.75827,-38.59558],[-58.75832,-38.5956],[-58.75834,-38.59561],[-58.75839,-38.59562],[-58.7584,-38.59562],[-58.75846,-38.59565],[-58.75847,-38.59565],[-58.75853,-38.59568],[-58.75854,-38.59568],[-58.75861,-38.59571],[-58.75862,-38.59571],[-58.75864,-38.59572],[-58.75866,-38.59573],[-58.75872,-38.59575],[-58.75872,-38.59576],[-58.75878,-38.59578],[-58.7588,-38.59579],[-58.75884,-38.5958],[-58.75886,-38.59581],[-58.75891,-38.59582],[-58.75893,-38.59583],[-58.75898,-38.59584],[-58.75899,-38.59584],[-58.75904,-38.59586],[-58.75905,-38.59587],[-58.7591,-38.59588],[-58.75912,-38.59589],[-58.75917,-38.59593],[-58.75922,-38.59595],[-58.75923,-38.59595],[-58.75928,-38.59597],[-58.7593,-38.59597],[-58.75937,-38.59599],[-58.75939,-38.596],[-58.75944,-38.59602],[-58.75951,-38.59603],[-58.75959,-38.59605],[-58.7596,-38.59605],[-58.75965,-38.59607],[-58.75967,-38.59608],[-58.75973,-38.5961],[-58.75974,-38.5961],[-58.75976,-38.59611],[-58.75983,-38.59613],[-58.75983,-38.59613],[-58.75984,-38.59614],[-58.7599,-38.59615],[-58.75991,-38.59615],[-58.75994,-38.59616],[-58.76,-38.59618],[-58.76006,-38.59621],[-58.76007,-38.59621],[-58.76011,-38.59622],[-58.76013,-38.59622],[-58.76014,-38.59623],[-58.76016,-38.59625],[-58.76019,-38.59626],[-58.76019,-38.59627],[-58.76022,-38.59631],[-58.76026,-38.59633],[-58.76032,-38.59635],[-58.76033,-38.59635],[-58.76034,-38.59635],[-58.7604,-38.59637],[-58.76041,-38.59637],[-58.76048,-38.59638],[-58.76049,-38.59638],[-58.76054,-38.5964],[-58.76056,-38.59641],[-58.76058,-38.59643],[-58.76058,-38.59644],[-58.7606,-38.59646],[-58.7606,-38.59647],[-58.76061,-38.59647],[-58.76065,-38.59648],[-58.76066,-38.59648],[-58.76069,-38.59649],[-58.76077,-38.59651],[-58.76083,-38.59654],[-58.76085,-38.59654],[-58.76088,-38.59657],[-58.76089,-38.59657],[-58.76092,-38.59659],[-58.76093,-38.59659],[-58.76099,-38.59661],[-58.761,-38.59661],[-58.76104,-38.59662],[-58.76109,-38.59664],[-58.7611,-38.59665],[-58.76114,-38.59667],[-58.76116,-38.59668],[-58.76119,-38.5967],[-58.7612,-38.59671],[-58.76123,-38.59672],[-58.76128,-38.59672],[-58.76135,-38.59675],[-58.76137,-38.59675],[-58.76142,-38.59678],[-58.76143,-38.59678],[-58.76149,-38.59682],[-58.76152,-38.59683],[-58.76153,-38.59684],[-58.76157,-38.59684],[-58.76159,-38.59684],[-58.76163,-38.59685],[-58.76165,-38.59686],[-58.76171,-38.59688],[-58.76171,-38.59689],[-58.76176,-38.59692],[-58.76181,-38.59697],[-58.76183,-38.59698],[-58.76188,-38.59701],[-58.76189,-38.59701],[-58.76189,-38.59702],[-58.76195,-38.59705],[-58.76196,-38.59706],[-58.76201,-38.59711],[-58.76203,-38.59712],[-58.76204,-38.59712],[-58.76207,-38.59712],[-58.7621,-38.59712],[-58.76211,-38.59712],[-58.76215,-38.59712],[-58.76219,-38.59713],[-58.7622,-38.59714],[-58.76221,-38.59716],[-58.7623,-38.59723],[-58.7623,-38.59724],[-58.76231,-38.59725],[-58.76233,-38.59725],[-58.76234,-38.59725],[-58.76235,-38.59725],[-58.76239,-38.59727],[-58.76242,-38.5973],[-58.76243,-38.5973],[-58.76247,-38.59733],[-58.76249,-38.59734],[-58.7625,-38.59734],[-58.76251,-38.59734],[-58.76253,-38.59735],[-58.76254,-38.59735],[-58.76257,-38.59735],[-58.76259,-38.59735],[-58.76264,-38.59736],[-58.76269,-38.59736],[-58.7627,-38.59736],[-58.76273,-38.59736],[-58.76275,-38.59736],[-58.76278,-38.59736],[-58.76279,-38.59736],[-58.7628,-38.59736],[-58.76282,-38.59736],[-58.76285,-38.59736],[-58.76286,-38.59736],[-58.76292,-38.59736],[-58.76294,-38.59736],[-58.76295,-38.59736],[-58.76296,-38.59736],[-58.76297,-38.59736],[-58.76299,-38.59737],[-58.76303,-38.59739],[-58.76304,-38.59739],[-58.76308,-38.59741],[-58.7631,-38.59741],[-58.76314,-38.59743],[-58.76317,-38.59746],[-58.76319,-38.59747],[-58.76321,-38.59748],[-58.76325,-38.5975],[-58.76326,-38.59751],[-58.76332,-38.59752],[-58.76332,-38.59753],[-58.76337,-38.59754],[-58.76342,-38.59754],[-58.76344,-38.59754],[-58.76349,-38.59754],[-58.7635,-38.59754],[-58.76355,-38.59755],[-58.76356,-38.59755],[-58.76362,-38.59757],[-58.76367,-38.59759],[-58.76368,-38.59759],[-58.76373,-38.59761],[-58.76375,-38.59761],[-58.76378,-38.59763],[-58.76379,-38.59763],[-58.76385,-38.59766],[-58.76392,-38.59769],[-58.76393,-38.59769],[-58.76395,-38.59769],[-58.76401,-38.59772],[-58.76402,-38.59773],[-58.76408,-38.59774],[-58.76409,-38.59774],[-58.76414,-38.59776],[-58.76416,-38.59776],[-58.76423,-38.59778],[-58.76424,-38.59779],[-58.7643,-38.5978],[-58.76431,-38.59781],[-58.76438,-38.59782],[-58.76448,-38.59785],[-58.76451,-38.59786],[-58.76455,-38.59787],[-58.76456,-38.59787],[-58.76462,-38.59789],[-58.76464,-38.59789],[-58.7647,-38.59791],[-58.76473,-38.59792],[-58.76476,-38.59794],[-58.76482,-38.59795],[-58.76483,-38.59796],[-58.76491,-38.59797],[-58.765,-38.59799],[-58.76506,-38.59799],[-58.76511,-38.598],[-58.76512,-38.598],[-58.76513,-38.598],[-58.76517,-38.59801],[-58.76526,-38.59804],[-58.76528,-38.59805],[-58.76533,-38.59806],[-58.76535,-38.59807],[-58.76541,-38.59809],[-58.76542,-38.59809],[-58.76548,-38.5981],[-58.76554,-38.59812],[-58.76555,-38.59812],[-58.7656,-38.59813],[-58.76563,-38.59814],[-58.76564,-38.59814],[-58.76568,-38.59816],[-58.76573,-38.59817],[-58.76575,-38.59818],[-58.76577,-38.59819],[-58.76579,-38.59819],[-58.76583,-38.59821],[-58.76588,-38.59823],[-58.76589,-38.59823],[-58.76595,-38.59823],[-58.76596,-38.59823],[-58.76602,-38.59825],[-58.76603,-38.59826],[-58.76607,-38.59827],[-58.76608,-38.59827],[-58.76609,-38.59827],[-58.76614,-38.59829],[-58.76614,-38.5983],[-58.76617,-38.59831],[-58.76618,-38.59831],[-58.76619,-38.59832],[-58.76624,-38.59834],[-58.76625,-38.59835],[-58.76627,-38.59836],[-58.76631,-38.59836],[-58.76631,-38.59837],[-58.76634,-38.59838],[-58.76634,-38.59838],[-58.76638,-38.59838],[-58.76642,-38.59838],[-58.76647,-38.59838],[-58.76649,-38.59838],[-58.76654,-38.59838],[-58.76654,-38.59838],[-58.76657,-38.59838],[-58.76658,-38.59838],[-58.76664,-38.59839],[-58.76672,-38.59842],[-58.76673,-38.59842],[-58.76676,-38.59845],[-58.76677,-38.59845],[-58.76682,-38.59847],[-58.76687,-38.59848],[-58.76691,-38.59848],[-58.76693,-38.59848],[-58.76695,-38.59848],[-58.76696,-38.59848],[-58.76699,-38.59848],[-58.767,-38.59848],[-58.76704,-38.59848],[-58.76709,-38.59848],[-58.7671,-38.59848],[-58.76713,-38.59851],[-58.76713,-38.59852],[-58.76714,-38.59853],[-58.76715,-38.59853],[-58.76721,-38.59857],[-58.76722,-38.59858],[-58.76723,-38.59858],[-58.76727,-38.59858],[-58.76733,-38.59859],[-58.76737,-38.59859],[-58.76739,-38.59859],[-58.76743,-38.59859],[-58.76744,-38.59859],[-58.76751,-38.59859],[-58.76752,-38.59859],[-58.76755,-38.59859],[-58.76757,-38.59859],[-58.76758,-38.59859],[-58.76765,-38.5986],[-58.76766,-38.59861],[-58.76767,-38.59861],[-58.76773,-38.59865],[-58.76774,-38.59865],[-58.76781,-38.59868],[-58.76782,-38.59869],[-58.76786,-38.5987],[-58.76788,-38.59871],[-58.7679,-38.59872],[-58.76793,-38.59873],[-58.76793,-38.59874],[-58.76798,-38.59875],[-58.76799,-38.59875],[-58.76805,-38.59877],[-58.7681,-38.59879],[-58.76812,-38.59879],[-58.76817,-38.5988],[-58.76824,-38.59882],[-58.76825,-38.59882],[-58.76826,-38.59883],[-58.76829,-38.59885],[-58.7683,-38.59885],[-58.76835,-38.59887],[-58.76836,-38.59887],[-58.76842,-38.59889],[-58.76843,-38.59889],[-58.76849,-38.5989],[-58.7685,-38.5989],[-58.76854,-38.59892],[-58.76855,-38.59892],[-58.76863,-38.59895],[-58.76864,-38.59895],[-58.76871,-38.59898],[-58.76877,-38.59899],[-58.76878,-38.59899],[-58.76884,-38.59901],[-58.76885,-38.59901],[-58.76886,-38.59901],[-58.76891,-38.59903],[-58.76892,-38.59903],[-58.76893,-38.59903],[-58.76899,-38.59904],[-58.76901,-38.59905],[-58.76906,-38.59905],[-58.76908,-38.59905],[-58.76914,-38.59907],[-58.76915,-38.59907],[-58.76921,-38.5991],[-58.76927,-38.59912],[-58.7693,-38.59914],[-58.76935,-38.59916],[-58.76937,-38.59916],[-58.76944,-38.59918],[-58.76947,-38.59918],[-58.76952,-38.5992],[-58.76954,-38.5992],[-58.76957,-38.59922],[-58.76959,-38.59922],[-58.76967,-38.59925],[-58.76968,-38.59925],[-58.76977,-38.59929],[-58.76983,-38.5993],[-58.76986,-38.59931],[-58.76991,-38.59932],[-58.76993,-38.59932],[-58.77,-38.59934],[-58.77008,-38.59935],[-58.77008,-38.59936],[-58.7701,-38.59937],[-58.77015,-38.59937],[-58.77016,-38.59938],[-58.77021,-38.59938],[-58.77021,-38.59939],[-58.77026,-38.59941],[-58.77032,-38.59943],[-58.77034,-38.59944],[-58.77042,-38.59947],[-58.77043,-38.59948],[-58.77052,-38.5995],[-58.77053,-38.59951],[-58.77062,-38.59953],[-58.77072,-38.59956],[-58.77074,-38.59956],[-58.77078,-38.59957],[-58.7708,-38.59958],[-58.77086,-38.59958],[-58.77087,-38.59958],[-58.77094,-38.59959],[-58.77095,-38.59959],[-58.77096,-38.59959],[-58.77101,-38.59959],[-58.77102,-38.5996],[-58.77108,-38.59963],[-58.77116,-38.59965],[-58.77119,-38.59967],[-58.77125,-38.59969],[-58.77127,-38.59969],[-58.77135,-38.59972],[-58.77143,-38.59972],[-58.77147,-38.59972],[-58.77147,-38.59972],[-58.77155,-38.59974],[-58.77157,-38.59974],[-58.77161,-38.59974],[-58.77167,-38.59977],[-58.77169,-38.59977],[-58.77174,-38.59978],[-58.77175,-38.59978],[-58.77179,-38.5998],[-58.7718,-38.59981],[-58.77185,-38.59982],[-58.7719,-38.59984],[-58.77191,-38.59984],[-58.77194,-38.59985],[-58.77195,-38.59985],[-58.772,-38.59987],[-58.77203,-38.59987],[-58.77204,-38.59988],[-58.77209,-38.5999],[-58.77211,-38.59991],[-58.77215,-38.59992],[-58.77216,-38.59992],[-58.77218,-38.59993],[-58.77219,-38.59993],[-58.77221,-38.59993],[-58.77225,-38.59993],[-58.77226,-38.59993],[-58.77229,-38.59993],[-58.7723,-38.59994],[-58.77236,-38.59995],[-58.77245,-38.59997],[-58.77252,-38.59999],[-58.77254,-38.59999],[-58.77261,-38.60001],[-58.77262,-38.60001],[-58.77267,-38.60002],[-58.77271,-38.60004],[-58.77278,-38.60006],[-58.77279,-38.60006],[-58.77285,-38.60008],[-58.77291,-38.60011],[-58.77292,-38.60011],[-58.77301,-38.60014],[-58.77302,-38.60014],[-58.77306,-38.60016],[-58.77315,-38.60017],[-58.77317,-38.60018],[-58.77323,-38.60019],[-58.77324,-38.60019],[-58.77328,-38.60021],[-58.77329,-38.60021],[-58.77334,-38.60022],[-58.77338,-38.60023],[-58.77344,-38.60024],[-58.77345,-38.60024],[-58.77346,-38.60024],[-58.77354,-38.60026],[-58.77356,-38.60026],[-58.77362,-38.60028],[-58.77363,-38.60028],[-58.77368,-38.6003],[-58.7737,-38.6003],[-58.77377,-38.60032],[-58.77384,-38.60032],[-58.77385,-38.60033],[-58.77398,-38.60034],[-58.77401,-38.60035],[-58.77406,-38.60037],[-58.77407,-38.60037],[-58.77412,-38.60039],[-58.77414,-38.6004],[-58.77415,-38.6004],[-58.77416,-38.6004],[-58.77421,-38.60042],[-58.77422,-38.60042],[-58.77426,-38.60044],[-58.77429,-38.60046],[-58.77431,-38.60048],[-58.77432,-38.60048],[-58.77436,-38.60049],[-58.77437,-38.60049],[-58.77442,-38.60049],[-58.77447,-38.60049],[-58.77449,-38.60049],[-58.77451,-38.60049],[-58.77457,-38.60049],[-58.77459,-38.60049],[-58.77464,-38.60049],[-58.7747,-38.60049],[-58.77471,-38.60049],[-58.77477,-38.60051],[-58.77479,-38.60051],[-58.77483,-38.60053],[-58.7749,-38.60055],[-58.77491,-38.60055],[-58.77496,-38.60057],[-58.77497,-38.60057],[-58.775,-38.60059],[-58.77502,-38.60059],[-58.77506,-38.60062],[-58.77507,-38.60062],[-58.77514,-38.60065],[-58.77519,-38.60067],[-58.7752,-38.60068],[-58.77522,-38.60069],[-58.77523,-38.60069],[-58.77527,-38.6007],[-58.77534,-38.60072],[-58.77535,-38.60072],[-58.77536,-38.60072],[-58.77537,-38.60072],[-58.77539,-38.60073],[-58.77544,-38.60075],[-58.77545,-38.60075],[-58.77553,-38.60076],[-58.77554,-38.60076],[-58.77556,-38.60078],[-58.77557,-38.60078],[-58.77562,-38.60081],[-58.77569,-38.60082],[-58.77572,-38.60083],[-58.77579,-38.60085],[-58.77585,-38.60086],[-58.7759,-38.60086],[-58.77591,-38.60086],[-58.77599,-38.60089],[-58.77601,-38.60089],[-58.77608,-38.6009],[-58.77611,-38.60091],[-58.77619,-38.60093],[-58.7762,-38.60093],[-58.77626,-38.60094],[-58.77629,-38.60095],[-58.77634,-38.60096],[-58.77635,-38.60096],[-58.77636,-38.60096],[-58.77639,-38.60097],[-58.77641,-38.60097],[-58.77647,-38.60098],[-58.7765,-38.60099],[-58.77653,-38.60099],[-58.77655,-38.60099],[-58.7766,-38.601],[-58.77661,-38.601],[-58.77668,-38.60101],[-58.77669,-38.60101],[-58.7767,-38.60102],[-58.77674,-38.60103],[-58.77675,-38.60103],[-58.77678,-38.60104],[-58.77679,-38.60104],[-58.7768,-38.60105],[-58.77684,-38.60106],[-58.7769,-38.60108],[-58.77699,-38.60109],[-58.777,-38.60109],[-58.77705,-38.6011],[-58.77706,-38.6011],[-58.77709,-38.6011],[-58.77711,-38.60111],[-58.77717,-38.60112],[-58.77718,-38.60112],[-58.7772,-38.60112],[-58.77724,-38.60112],[-58.77726,-38.60113],[-58.77732,-38.60113],[-58.77733,-38.60113],[-58.77739,-38.60113],[-58.7774,-38.60114],[-58.77741,-38.60115],[-58.77742,-38.60115],[-58.77749,-38.60116],[-58.7775,-38.60116],[-58.77752,-38.60117],[-58.77755,-38.60118],[-58.77756,-38.60118],[-58.77758,-38.60119],[-58.77759,-38.60119],[-58.77763,-38.6012],[-58.77765,-38.6012],[-58.7777,-38.60122],[-58.77772,-38.60122],[-58.7778,-38.60124],[-58.77783,-38.60125],[-58.77788,-38.60127],[-58.77793,-38.60128],[-58.77799,-38.60128],[-58.77803,-38.60129],[-58.77805,-38.6013],[-58.77808,-38.6013],[-58.77809,-38.6013],[-58.77813,-38.60131],[-58.77814,-38.60132],[-58.7782,-38.60134],[-58.77821,-38.60135],[-58.77827,-38.60137],[-58.77829,-38.60137],[-58.77838,-38.6014],[-58.77846,-38.60144],[-58.77849,-38.60144],[-58.77857,-38.60147],[-58.77858,-38.60147],[-58.77865,-38.6015],[-58.77867,-38.60151],[-58.77874,-38.60153],[-58.77877,-38.60153],[-58.77881,-38.60155],[-58.77882,-38.60155],[-58.77889,-38.60157],[-58.7789,-38.60157],[-58.77894,-38.60158],[-58.77896,-38.60159],[-58.77901,-38.6016],[-58.77903,-38.6016],[-58.77907,-38.6016],[-58.77908,-38.6016],[-58.77913,-38.6016],[-58.77918,-38.6016],[-58.7792,-38.6016],[-58.77924,-38.60161],[-58.77926,-38.60161],[-58.77933,-38.60163],[-58.7794,-38.60165],[-58.77943,-38.60166],[-58.77949,-38.60168],[-58.77951,-38.60169],[-58.77955,-38.60171],[-58.77956,-38.60171],[-58.77957,-38.60172],[-58.77965,-38.60175],[-58.77967,-38.60175],[-58.77971,-38.60175],[-58.77973,-38.60176],[-58.7798,-38.60177],[-58.77981,-38.60178],[-58.77989,-38.60179],[-58.77997,-38.6018],[-58.77998,-38.60181],[-58.78005,-38.60183],[-58.78006,-38.60183],[-58.78007,-38.60183],[-58.78016,-38.60186],[-58.78016,-38.60186],[-58.78022,-38.60189],[-58.78024,-38.60191],[-58.78031,-38.60193],[-58.78033,-38.60193],[-58.78039,-38.60195],[-58.78041,-38.60195],[-58.78048,-38.60196],[-58.78051,-38.60196],[-58.78057,-38.60197],[-58.78058,-38.60197],[-58.78066,-38.60199],[-58.78069,-38.60199],[-58.78074,-38.602],[-58.78075,-38.602],[-58.78081,-38.60201],[-58.78082,-38.60202],[-58.78088,-38.60204],[-58.78095,-38.60205],[-58.78095,-38.60206],[-58.78096,-38.60206],[-58.78103,-38.60207],[-58.78104,-38.60207],[-58.78114,-38.6021],[-58.78115,-38.6021],[-58.7812,-38.60212],[-58.78121,-38.60213],[-58.78123,-38.60213],[-58.78129,-38.60215],[-58.7813,-38.60215],[-58.78132,-38.60215],[-58.78139,-38.60216],[-58.78139,-38.60217],[-58.78148,-38.60218],[-58.7815,-38.60218],[-58.78154,-38.6022],[-58.78156,-38.60221],[-58.78164,-38.60223],[-58.78172,-38.60225],[-58.78174,-38.60225],[-58.78178,-38.60226],[-58.78179,-38.60226],[-58.78187,-38.60227],[-58.78188,-38.60228],[-58.78193,-38.60228],[-58.78194,-38.60229],[-58.78199,-38.6023],[-58.78201,-38.60231],[-58.78207,-38.60233],[-58.78213,-38.60234],[-58.78222,-38.60237],[-58.78224,-38.60237],[-58.7823,-38.60239],[-58.78231,-38.60239],[-58.78237,-38.60241],[-58.78238,-38.60241],[-58.7824,-38.60242],[-58.78245,-38.60242],[-58.78248,-38.60243],[-58.78252,-38.60243],[-58.78253,-38.60244],[-58.78259,-38.60247],[-58.78263,-38.60248],[-58.78264,-38.60248],[-58.78265,-38.60248],[-58.78267,-38.60249],[-58.78268,-38.60249],[-58.78269,-38.60249],[-58.78273,-38.60251],[-58.78273,-38.60251],[-58.78277,-38.60253],[-58.78278,-38.60253],[-58.78282,-38.60255],[-58.78285,-38.60257],[-58.78287,-38.60257],[-58.78291,-38.60258],[-58.78296,-38.6026],[-58.78301,-38.60261],[-58.78302,-38.60261],[-58.78308,-38.60263],[-58.78313,-38.60265],[-58.78314,-38.60265],[-58.78318,-38.60266],[-58.78322,-38.60266],[-58.78328,-38.60267],[-58.78334,-38.60269],[-58.78337,-38.6027],[-58.78343,-38.60273],[-58.78343,-38.60274],[-58.78349,-38.60275],[-58.78354,-38.60277],[-58.78356,-38.60278],[-58.78361,-38.6028],[-58.78366,-38.60282],[-58.78368,-38.60284],[-58.78372,-38.60286],[-58.78373,-38.60286],[-58.78376,-38.60286],[-58.78377,-38.60286],[-58.78381,-38.60287],[-58.78382,-38.60287],[-58.78387,-38.60289],[-58.78389,-38.60289],[-58.78391,-38.6029],[-58.78392,-38.6029],[-58.78402,-38.60293],[-58.78403,-38.60293],[-58.7841,-38.60294],[-58.78411,-38.60294],[-58.78412,-38.60295],[-58.78417,-38.60297],[-58.7842,-38.60298],[-58.78425,-38.60302],[-58.78432,-38.60306],[-58.78434,-38.60306],[-58.78439,-38.60309],[-58.78446,-38.60311],[-58.78451,-38.60313],[-58.78454,-38.60313],[-58.78459,-38.60315],[-58.7846,-38.60315],[-58.78464,-38.60317],[-58.78465,-38.60318],[-58.7847,-38.60321],[-58.78472,-38.60321],[-58.78479,-38.60324],[-58.78482,-38.60325],[-58.78491,-38.60329],[-58.78496,-38.60332],[-58.78498,-38.60332],[-58.78502,-38.60333],[-58.78503,-38.60333],[-58.78509,-38.60333],[-58.78511,-38.60334],[-58.78516,-38.60335],[-58.78518,-38.60336],[-58.78524,-38.60338],[-58.78525,-38.60338],[-58.78531,-38.6034],[-58.78532,-38.60341],[-58.78539,-38.60344],[-58.78541,-38.60345],[-58.78546,-38.60347],[-58.78547,-38.60348],[-58.78548,-38.60349],[-58.78552,-38.60352],[-58.78554,-38.60353],[-58.78559,-38.60354],[-58.78561,-38.60354],[-58.78564,-38.60355],[-58.78565,-38.60355],[-58.78569,-38.60356],[-58.78569,-38.60356],[-58.78572,-38.60356],[-58.78573,-38.60356],[-58.78578,-38.60356],[-58.78579,-38.60356],[-58.78584,-38.60358],[-58.78587,-38.60358],[-58.7859,-38.6036],[-58.78591,-38.6036],[-58.78599,-38.60362],[-58.786,-38.60362],[-58.78602,-38.60363],[-58.78608,-38.60364],[-58.78609,-38.60365],[-58.78612,-38.60365],[-58.78619,-38.60365],[-58.78621,-38.60366],[-58.78627,-38.60367],[-58.78628,-38.60367],[-58.78632,-38.60368],[-58.78633,-38.60368],[-58.78639,-38.6037],[-58.78642,-38.60371],[-58.78648,-38.60372],[-58.78649,-38.60372],[-58.78656,-38.60375],[-58.78658,-38.60375],[-58.78665,-38.60377],[-58.78666,-38.60378],[-58.78671,-38.6038],[-58.78674,-38.60381],[-58.78678,-38.60383],[-58.78679,-38.60383],[-58.78684,-38.60386],[-58.78686,-38.60387],[-58.78688,-38.60389],[-58.78689,-38.60389],[-58.78694,-38.60389],[-58.78699,-38.6039],[-58.78702,-38.60391],[-58.78707,-38.60392],[-58.78708,-38.60392],[-58.78715,-38.60394],[-58.78723,-38.60396],[-58.78724,-38.60396],[-58.78728,-38.60397],[-58.78729,-38.60398],[-58.78732,-38.60399],[-58.78739,-38.60401],[-58.7874,-38.60401],[-58.78743,-38.60402],[-58.78745,-38.60404],[-58.7875,-38.60407],[-58.78756,-38.6041],[-58.7876,-38.60411],[-58.78771,-38.60416],[-58.78776,-38.60416],[-58.78781,-38.60419],[-58.78784,-38.60419],[-58.78786,-38.60421],[-58.78786,-38.60421],[-58.7879,-38.60422],[-58.78791,-38.60423],[-58.78795,-38.60424],[-58.78797,-38.60425],[-58.78801,-38.60426],[-58.78802,-38.60427],[-58.78803,-38.60427],[-58.78806,-38.60429],[-58.78806,-38.60429],[-58.78812,-38.60431],[-58.78813,-38.60431],[-58.78818,-38.60433],[-58.7882,-38.60433],[-58.78825,-38.60436],[-58.78829,-38.60438],[-58.7883,-38.60438],[-58.78835,-38.6044],[-58.78837,-38.60441],[-58.78842,-38.60443],[-58.78848,-38.60445],[-58.78856,-38.60448],[-58.78863,-38.6045],[-58.78865,-38.60451],[-58.78869,-38.60452],[-58.78871,-38.60452],[-58.7888,-38.60456],[-58.78887,-38.60459],[-58.78888,-38.6046],[-58.78891,-38.60461],[-58.78897,-38.60462],[-58.78898,-38.60464],[-58.78903,-38.60467],[-58.78904,-38.60468],[-58.7891,-38.60471],[-58.78918,-38.60472],[-58.7892,-38.60473],[-58.78926,-38.60475],[-58.78928,-38.60475],[-58.78935,-38.60478],[-58.78942,-38.60481],[-58.78943,-38.60482],[-58.78946,-38.60485],[-58.78948,-38.60486],[-58.78951,-38.60489],[-58.78952,-38.6049],[-58.78956,-38.60493],[-58.78957,-38.60493],[-58.78959,-38.60494],[-58.78963,-38.60497],[-58.78963,-38.60497],[-58.78971,-38.605],[-58.78979,-38.60501],[-58.7898,-38.60502],[-58.78983,-38.60503],[-58.78984,-38.60503],[-58.78986,-38.60504],[-58.78992,-38.60506],[-58.79001,-38.60507],[-58.79002,-38.60507],[-58.79009,-38.60508],[-58.7901,-38.60508],[-58.79012,-38.60509],[-58.7902,-38.6051],[-58.79021,-38.60511],[-58.79032,-38.60512],[-58.79034,-38.60513],[-58.79042,-38.60516],[-58.79043,-38.60516],[-58.79051,-38.6052],[-58.79059,-38.60523],[-58.79062,-38.60524],[-58.79067,-38.60527],[-58.79068,-38.60528],[-58.79078,-38.60531],[-58.79078,-38.60532],[-58.79088,-38.60536],[-58.79091,-38.60538],[-58.79099,-38.60541],[-58.791,-38.60541],[-58.79106,-38.60544],[-58.79107,-38.60544],[-58.79107,-38.60545],[-58.79119,-38.6055],[-58.79121,-38.6055],[-58.79128,-38.60553],[-58.79131,-38.60554],[-58.79137,-38.60557],[-58.79141,-38.6056],[-58.79142,-38.60561],[-58.79144,-38.60562],[-58.79149,-38.60566],[-58.79151,-38.60567],[-58.79155,-38.6057],[-58.7916,-38.60574],[-58.79161,-38.60575],[-58.79164,-38.60578],[-58.79165,-38.60579],[-58.79171,-38.60584],[-58.79178,-38.60589],[-58.7918,-38.6059],[-58.79182,-38.60592],[-58.79183,-38.60592],[-58.79189,-38.60597],[-58.79194,-38.60599],[-58.79198,-38.60602],[-58.79199,-38.60602],[-58.79206,-38.60604],[-58.79215,-38.60606],[-58.79221,-38.60609],[-58.79222,-38.60609],[-58.79223,-38.60609],[-58.79228,-38.60609],[-58.79229,-38.6061],[-58.79234,-38.60611],[-58.7924,-38.60613],[-58.79242,-38.60614],[-58.79249,-38.60616],[-58.79257,-38.60618],[-58.79259,-38.60619],[-58.79268,-38.60622],[-58.7927,-38.60622],[-58.79277,-38.60623],[-58.79279,-38.60624],[-58.79285,-38.60625],[-58.79286,-38.60625],[-58.79293,-38.60627],[-58.79294,-38.60627],[-58.79297,-38.60628],[-58.79302,-38.60629],[-58.79307,-38.6063],[-58.79308,-38.6063],[-58.79316,-38.60633],[-58.79318,-38.60633],[-58.79321,-38.60635],[-58.79327,-38.60636],[-58.79332,-38.60639],[-58.79339,-38.60642],[-58.79339,-38.60643],[-58.79346,-38.60647],[-58.79351,-38.60649],[-58.79352,-38.6065],[-58.79357,-38.60652],[-58.79358,-38.60653],[-58.79358,-38.60653],[-58.79359,-38.60653],[-58.7936,-38.60653],[-58.79363,-38.60654],[-58.79367,-38.60656],[-58.79368,-38.60656],[-58.79372,-38.60659],[-58.79373,-38.60659],[-58.79378,-38.60661],[-58.79383,-38.60663],[-58.79385,-38.60664],[-58.79389,-38.60665],[-58.7939,-38.60665],[-58.79393,-38.60666],[-58.79394,-38.60666],[-58.79403,-38.60669],[-58.79404,-38.60669],[-58.79405,-38.6067],[-58.79411,-38.60672],[-58.79412,-38.60672],[-58.79418,-38.60675],[-58.7942,-38.60676],[-58.79425,-38.60677],[-58.79426,-38.60677],[-58.79432,-38.60678],[-58.79437,-38.60681],[-58.79438,-38.60682],[-58.79442,-38.60683],[-58.79443,-38.60683],[-58.79449,-38.60686],[-58.79455,-38.60688],[-58.79457,-38.60688],[-58.79463,-38.60689],[-58.79464,-38.60689],[-58.79469,-38.6069],[-58.7947,-38.60691],[-58.79475,-38.60693],[-58.79477,-38.60693],[-58.7948,-38.60694],[-58.79482,-38.60695],[-58.79488,-38.60697],[-58.79489,-38.60697],[-58.79496,-38.607],[-58.79499,-38.60702],[-58.79507,-38.60704],[-58.79508,-38.60705],[-58.79509,-38.60706],[-58.79517,-38.60709],[-58.79518,-38.60709],[-58.79528,-38.60714],[-58.79531,-38.60716],[-58.79536,-38.60718],[-58.79537,-38.60719],[-58.79545,-38.60722],[-58.79545,-38.60723],[-58.79552,-38.60726],[-58.79555,-38.60727],[-58.7956,-38.60728],[-58.7956,-38.60729],[-58.79565,-38.60731],[-58.79569,-38.60731],[-58.79569,-38.60732],[-58.79571,-38.60732],[-58.79578,-38.60737],[-58.79579,-38.60737],[-58.79581,-38.60737],[-58.79586,-38.60738],[-58.79592,-38.6074],[-58.79594,-38.60741],[-58.79596,-38.60742],[-58.79597,-38.60742],[-58.796,-38.60742],[-58.79602,-38.60742],[-58.79606,-38.60742],[-58.7961,-38.60742],[-58.79615,-38.60742],[-58.79617,-38.60743],[-58.79622,-38.60743],[-58.79622,-38.60744],[-58.79623,-38.60744],[-58.79627,-38.60744],[-58.79632,-38.60745],[-58.79634,-38.60747],[-58.79638,-38.60748],[-58.79639,-38.60749],[-58.79642,-38.60751],[-58.79642,-38.60752],[-58.79647,-38.60755],[-58.79649,-38.60755],[-58.79653,-38.60758],[-58.79653,-38.60759],[-58.79657,-38.60762],[-58.79663,-38.60766],[-58.79666,-38.60767],[-58.79667,-38.60768],[-58.7967,-38.60769],[-58.79671,-38.6077],[-58.79675,-38.60771],[-58.79676,-38.60771],[-58.79677,-38.60771],[-58.7968,-38.60772],[-58.79685,-38.60775],[-58.7969,-38.60778],[-58.79694,-38.6078],[-58.79694,-38.6078],[-58.79698,-38.60782],[-58.79701,-38.60783],[-58.79705,-38.60785],[-58.79706,-38.60785],[-58.79711,-38.60787],[-58.79712,-38.60787],[-58.79717,-38.6079],[-58.79719,-38.60791],[-58.79725,-38.60793],[-58.79726,-38.60793],[-58.79733,-38.60795],[-58.79733,-38.60795],[-58.79738,-38.60795],[-58.79739,-38.60795],[-58.79747,-38.60797],[-58.79753,-38.60799],[-58.79754,-38.608],[-58.79761,-38.60801],[-58.79762,-38.60802],[-58.79769,-38.60805],[-58.79777,-38.60808],[-58.79779,-38.60809],[-58.79786,-38.60812],[-58.79787,-38.60813],[-58.79793,-38.60815],[-58.79795,-38.60816],[-58.798,-38.60818],[-58.79803,-38.60819],[-58.79807,-38.60821],[-58.79809,-38.60821],[-58.79815,-38.60824],[-58.79817,-38.60825],[-58.79822,-38.60827],[-58.79823,-38.60827],[-58.79827,-38.6083],[-58.79831,-38.60832],[-58.79832,-38.60833],[-58.79833,-38.60833],[-58.79834,-38.60834],[-58.79839,-38.60835],[-58.79845,-38.60837],[-58.79847,-38.60837],[-58.79852,-38.6084],[-58.79853,-38.6084],[-58.7986,-38.60841],[-58.79867,-38.60843],[-58.79869,-38.60844],[-58.7987,-38.60844],[-58.79875,-38.60846],[-58.79876,-38.60846],[-58.79877,-38.60846],[-58.79886,-38.60849],[-58.79888,-38.60849],[-58.79892,-38.6085],[-58.79893,-38.6085],[-58.79902,-38.60852],[-58.79911,-38.60854],[-58.79913,-38.60854],[-58.79919,-38.60856],[-58.7992,-38.60856],[-58.79921,-38.60856],[-58.79932,-38.60858],[-58.79935,-38.60859],[-58.7994,-38.60862],[-58.79942,-38.60862],[-58.79951,-38.60864],[-58.79952,-38.60865],[-58.79957,-38.60866],[-58.79959,-38.60866],[-58.79967,-38.60868],[-58.79968,-38.60869],[-58.79973,-38.6087],[-58.79975,-38.60871],[-58.7998,-38.60873],[-58.79981,-38.60874],[-58.79989,-38.60877],[-58.79999,-38.60882],[-58.80001,-38.60882],[-58.80005,-38.60883],[-58.80013,-38.60886],[-58.80014,-38.60886],[-58.80023,-38.60889],[-58.80024,-38.6089],[-58.80026,-38.60891],[-58.80031,-38.60894],[-58.80032,-38.60894],[-58.80037,-38.60896],[-58.80045,-38.609],[-58.80047,-38.60901],[-58.80051,-38.60902],[-58.80052,-38.60902],[-58.8006,-38.60905],[-58.80061,-38.60905],[-58.80064,-38.60906],[-58.80073,-38.60911],[-58.80075,-38.60912],[-58.80083,-38.60914],[-58.80089,-38.60918],[-58.8009,-38.60918],[-58.80092,-38.60919],[-58.80099,-38.60923],[-58.80106,-38.60926],[-58.80115,-38.60929],[-58.80117,-38.6093],[-58.80124,-38.60934],[-58.80126,-38.60935],[-58.80134,-38.60937],[-58.80137,-38.60939],[-58.80144,-38.60941],[-58.80144,-38.60942],[-58.80152,-38.60945],[-58.80154,-38.60946],[-58.8016,-38.60948],[-58.8016,-38.60949],[-58.80167,-38.60951],[-58.80168,-38.60951],[-58.80175,-38.60954],[-58.80176,-38.60955],[-58.80182,-38.60957],[-58.80184,-38.60958],[-58.8019,-38.60962],[-58.80193,-38.60963],[-58.80199,-38.60965],[-58.802,-38.60965],[-58.80206,-38.60968],[-58.80206,-38.60969],[-58.80213,-38.60973],[-58.80215,-38.60974],[-58.80225,-38.60978],[-58.80227,-38.60979],[-58.80238,-38.60982],[-58.80247,-38.60984],[-58.80249,-38.60984],[-58.80256,-38.60986],[-58.80257,-38.60986],[-58.80263,-38.60988],[-58.80266,-38.60989],[-58.80271,-38.60992],[-58.80272,-38.60992],[-58.80281,-38.60996],[-58.80291,-38.61],[-58.80293,-38.61001],[-58.80295,-38.61001],[-58.80305,-38.61004],[-58.80306,-38.61004],[-58.80313,-38.61006],[-58.80315,-38.61007],[-58.80331,-38.61017],[-58.80332,-38.61017],[-58.80333,-38.61018],[-58.80335,-38.61018],[-58.8034,-38.6102],[-58.80341,-38.61021],[-58.80346,-38.61024],[-58.80347,-38.61024],[-58.80348,-38.61026],[-58.80349,-38.61027],[-58.80354,-38.61029],[-58.80355,-38.6103],[-58.80362,-38.61031],[-58.80363,-38.61031],[-58.80365,-38.61031],[-58.80366,-38.61031],[-58.80367,-38.61031],[-58.80368,-38.61031],[-58.80372,-38.6103],[-58.80379,-38.6103],[-58.80381,-38.6103],[-58.80385,-38.6103],[-58.80389,-38.6103],[-58.8039,-38.61034],[-58.80391,-38.61035],[-58.80391,-38.61036],[-58.80392,-38.61039],[-58.80392,-38.6104],[-58.80395,-38.61044],[-58.80397,-38.61044],[-58.80403,-38.61046],[-58.80405,-38.61047],[-58.80412,-38.61051],[-58.80419,-38.61053],[-58.80421,-38.61054],[-58.80424,-38.61055],[-58.80428,-38.61055],[-58.80429,-38.61055],[-58.80433,-38.61056],[-58.80434,-38.61056],[-58.80441,-38.61059],[-58.80448,-38.61063],[-58.80449,-38.61063],[-58.8045,-38.61063],[-58.80459,-38.61067],[-58.80459,-38.61068],[-58.80464,-38.6107],[-58.80466,-38.61071],[-58.80474,-38.61074],[-58.80475,-38.61074],[-58.80481,-38.61077],[-58.80483,-38.61078],[-58.80487,-38.6108],[-58.80488,-38.6108],[-58.80493,-38.61082],[-58.805,-38.61085],[-58.80502,-38.61085],[-58.80506,-38.61088],[-58.80514,-38.61092],[-58.80518,-38.61093],[-58.80523,-38.61095],[-58.80523,-38.61095],[-58.80529,-38.61098],[-58.80539,-38.61102],[-58.8054,-38.61103],[-58.80547,-38.61105],[-58.80549,-38.61106],[-58.8056,-38.6111],[-58.80562,-38.61112],[-58.80573,-38.61116],[-58.80574,-38.61117],[-58.80582,-38.61121],[-58.80583,-38.61122],[-58.8059,-38.61125],[-58.80591,-38.61126],[-58.80596,-38.61129],[-58.806,-38.61131],[-58.80605,-38.61133],[-58.80607,-38.61133],[-58.80608,-38.61134],[-58.80611,-38.61134],[-58.80612,-38.61134],[-58.80613,-38.61135],[-58.80617,-38.61136],[-58.80619,-38.61137],[-58.80622,-38.61138],[-58.80622,-38.61138],[-58.80624,-38.61138],[-58.80628,-38.6114],[-58.80633,-38.61142],[-58.80634,-38.61142],[-58.80639,-38.61143],[-58.8064,-38.61143],[-58.80641,-38.61144],[-58.80646,-38.61145],[-58.80654,-38.61146],[-58.80655,-38.61146],[-58.80662,-38.61147],[-58.80663,-38.61147],[-58.80667,-38.61149],[-58.80668,-38.61149],[-58.80675,-38.61152],[-58.80682,-38.61154],[-58.80686,-38.61155],[-58.80687,-38.61155],[-58.80694,-38.61157],[-58.80697,-38.61159],[-58.80703,-38.61161],[-58.80704,-38.61162],[-58.80711,-38.61164],[-58.80716,-38.61167],[-58.80717,-38.61168],[-58.80723,-38.61172],[-58.80724,-38.61173],[-58.80729,-38.61175],[-58.8073,-38.61175],[-58.80734,-38.61177],[-58.80735,-38.61177],[-58.80736,-38.61178],[-58.80743,-38.61181],[-58.80756,-38.61185],[-58.80759,-38.61185],[-58.80767,-38.6119],[-58.80768,-38.61191],[-58.80778,-38.61196],[-58.8078,-38.61197],[-58.80784,-38.61201],[-58.80786,-38.61202],[-58.80791,-38.61205],[-58.80793,-38.61206],[-58.80799,-38.61209],[-58.80807,-38.61212],[-58.80816,-38.61216],[-58.80817,-38.61216],[-58.80818,-38.61216],[-58.80826,-38.61219],[-58.80834,-38.61222],[-58.80836,-38.61222],[-58.80843,-38.61225],[-58.80844,-38.61226],[-58.80854,-38.61231],[-58.80863,-38.61235],[-58.80864,-38.61235],[-58.80866,-38.61236],[-58.80875,-38.6124],[-58.80876,-38.6124],[-58.80883,-38.61243],[-58.80886,-38.61245],[-58.80897,-38.6125],[-58.80898,-38.61251],[-58.80906,-38.61256],[-58.80917,-38.61259],[-58.80919,-38.6126],[-58.80927,-38.61262],[-58.80929,-38.61262],[-58.80937,-38.61267],[-58.80948,-38.61272],[-58.80949,-38.61274],[-58.80956,-38.61278],[-58.80957,-38.61279],[-58.80964,-38.61282],[-58.80966,-38.61283],[-58.80972,-38.61286],[-58.80974,-38.61287],[-58.8098,-38.61289],[-58.8099,-38.61292],[-58.80993,-38.61292],[-58.80999,-38.61293],[-58.81001,-38.61294],[-58.8101,-38.61297],[-58.81013,-38.61298],[-58.81017,-38.613],[-58.81019,-38.613],[-58.81028,-38.61304],[-58.81029,-38.61304],[-58.81043,-38.61312],[-58.81045,-38.61312],[-58.81055,-38.61317],[-58.81057,-38.61317],[-58.81068,-38.61321],[-58.8107,-38.61322],[-58.81077,-38.61324],[-58.81079,-38.61324],[-58.81083,-38.61326],[-58.81117,-38.6134],[-58.81118,-38.6134],[-58.81123,-38.61343],[-58.81125,-38.61344],[-58.81126,-38.61344],[-58.81134,-38.61348],[-58.81141,-38.61354],[-58.81143,-38.61354],[-58.81143,-38.61355],[-58.81152,-38.61359],[-58.81153,-38.61359],[-58.81161,-38.61364],[-58.81164,-38.61366],[-58.8117,-38.61369],[-58.81172,-38.6137],[-58.81178,-38.61374],[-58.81186,-38.61379],[-58.81187,-38.61379],[-58.81192,-38.61382],[-58.81194,-38.61382],[-58.81201,-38.61387],[-58.81203,-38.61387],[-58.81206,-38.61389],[-58.81212,-38.61391],[-58.81213,-38.61391],[-58.81223,-38.61396],[-58.81226,-38.61398],[-58.81234,-38.61399],[-58.81236,-38.614],[-58.81244,-38.61404],[-58.81253,-38.61408],[-58.81255,-38.61409],[-58.8126,-38.61412],[-58.81261,-38.61412],[-58.81267,-38.61415],[-58.8127,-38.61416],[-58.81274,-38.61418],[-58.81275,-38.61419],[-58.81276,-38.61419],[-58.81284,-38.6142],[-58.81286,-38.61421],[-58.8129,-38.61421],[-58.81291,-38.61421],[-58.81295,-38.61423],[-58.81301,-38.61426],[-58.81303,-38.61426],[-58.8131,-38.6143],[-58.81317,-38.61433],[-58.81318,-38.61434],[-58.8132,-38.61435],[-58.81327,-38.61437],[-58.81328,-38.61438],[-58.81329,-38.61438],[-58.81336,-38.61439],[-58.81338,-38.61439],[-58.81344,-38.61442],[-58.81345,-38.61442],[-58.81346,-38.61442],[-58.81349,-38.61444],[-58.81357,-38.61451],[-58.81362,-38.61454],[-58.81364,-38.61456],[-58.81367,-38.61457],[-58.81374,-38.6146],[-58.81384,-38.61466],[-58.81385,-38.61467],[-58.81386,-38.61467],[-58.81391,-38.61471],[-58.81392,-38.61471],[-58.81397,-38.61474],[-58.81398,-38.61474],[-58.81405,-38.61477],[-58.81407,-38.61478],[-58.81412,-38.61478],[-58.81418,-38.61481],[-58.81426,-38.61485],[-58.81428,-38.61486],[-58.81434,-38.6149],[-58.81439,-38.61493],[-58.81446,-38.61495],[-58.81447,-38.61495],[-58.8145,-38.61495],[-58.81451,-38.61496],[-58.81459,-38.615],[-58.8146,-38.615],[-58.81466,-38.61501],[-58.81466,-38.61502],[-58.81472,-38.61504],[-58.81474,-38.61504],[-58.81476,-38.61505],[-58.81477,-38.61506],[-58.8148,-38.61506],[-58.81484,-38.61508],[-58.81485,-38.61509],[-58.81489,-38.61509],[-58.81492,-38.6151],[-58.81495,-38.61512],[-58.81496,-38.61512],[-58.815,-38.61516],[-58.81509,-38.61519],[-58.8151,-38.61519],[-58.81515,-38.61522],[-58.81516,-38.61522],[-58.81523,-38.61527],[-58.81525,-38.61528],[-58.8153,-38.61532],[-58.81535,-38.61536],[-58.81536,-38.61537],[-58.81541,-38.6154],[-58.81543,-38.61542],[-58.81547,-38.61544],[-58.81547,-38.61545],[-58.81554,-38.61549],[-58.81556,-38.61549],[-58.81563,-38.61552],[-58.81569,-38.61556],[-58.8157,-38.61556],[-58.81577,-38.61557],[-58.81578,-38.61558],[-58.81586,-38.6156],[-58.81592,-38.61563],[-58.81593,-38.61563],[-58.81597,-38.61565],[-58.816,-38.61566],[-58.81606,-38.61568],[-58.81608,-38.61569],[-58.8161,-38.6157],[-58.81617,-38.61571],[-58.8162,-38.61572],[-58.81621,-38.61572],[-58.81623,-38.61574],[-58.81624,-38.61574],[-58.81628,-38.61576],[-58.81632,-38.61576],[-58.81633,-38.61577],[-58.81639,-38.61577],[-58.8164,-38.61578],[-58.81644,-38.61579],[-58.81646,-38.61579],[-58.8165,-38.61581],[-58.81652,-38.61582],[-58.81656,-38.61583],[-58.8166,-38.61584],[-58.81661,-38.61585],[-58.81665,-38.61586],[-58.81666,-38.61587],[-58.81668,-38.61587],[-58.81673,-38.61589],[-58.81674,-38.61589],[-58.81679,-38.61592],[-58.8168,-38.61592],[-58.81685,-38.61595],[-58.81687,-38.61595],[-58.81692,-38.61597],[-58.81699,-38.61601],[-58.817,-38.61601],[-58.81707,-38.61605],[-58.81707,-38.61606],[-58.81712,-38.61608],[-58.81713,-38.61609],[-58.81718,-38.61612],[-58.8172,-38.61612],[-58.81723,-38.61613],[-58.81727,-38.61614],[-58.81731,-38.61616],[-58.81732,-38.61616],[-58.81738,-38.61617],[-58.81744,-38.61618],[-58.81746,-38.61619],[-58.8175,-38.6162],[-58.81758,-38.61622],[-58.81759,-38.61622],[-58.81764,-38.61624],[-58.81765,-38.61624],[-58.81771,-38.61626],[-58.81779,-38.61629],[-58.81781,-38.61629],[-58.81788,-38.61632],[-58.81789,-38.61632],[-58.8179,-38.61633],[-58.818,-38.61636],[-58.81802,-38.61636],[-58.81809,-38.61638],[-58.81818,-38.61642],[-58.81821,-38.61643],[-58.81827,-38.61645],[-58.81828,-38.61646],[-58.81837,-38.61649],[-58.81838,-38.61649],[-58.81839,-38.6165],[-58.81846,-38.61653],[-58.81846,-38.61654],[-58.81855,-38.61657],[-58.81857,-38.61659],[-58.81862,-38.61662],[-58.81865,-38.61667],[-58.81868,-38.61669],[-58.81873,-38.61672],[-58.81874,-38.61673],[-58.81881,-38.61675],[-58.81887,-38.61677],[-58.81889,-38.61677],[-58.81896,-38.6168],[-58.81897,-38.6168],[-58.81903,-38.61682],[-58.81904,-38.61683],[-58.81905,-38.61684],[-58.81908,-38.61686],[-58.8191,-38.61687],[-58.81914,-38.61687],[-58.81916,-38.61688],[-58.81922,-38.61689],[-58.81925,-38.6169],[-58.81927,-38.61693],[-58.81928,-38.61693],[-58.81934,-38.61695],[-58.81941,-38.61699],[-58.81943,-38.617],[-58.81948,-38.61702],[-58.81954,-38.61706],[-58.81956,-38.61707],[-58.81959,-38.61709],[-58.8196,-38.6171],[-58.81964,-38.61713],[-58.81966,-38.61715],[-58.8197,-38.61717],[-58.81971,-38.61717],[-58.81976,-38.61721],[-58.81984,-38.61724],[-58.81984,-38.61725],[-58.81989,-38.61727],[-58.81994,-38.6173],[-58.81995,-38.61731],[-58.81995,-38.61732],[-58.82,-38.61735],[-58.82001,-38.61735],[-58.82002,-38.61735],[-58.82008,-38.6174],[-58.82009,-38.6174],[-58.82014,-38.61743],[-58.82016,-38.61744],[-58.82021,-38.61747],[-58.82022,-38.61747],[-58.82025,-38.61749],[-58.82026,-38.61749],[-58.82032,-38.61752],[-58.82033,-38.61752],[-58.82037,-38.61754],[-58.82037,-38.61754],[-58.82042,-38.61756],[-58.82043,-38.61756],[-58.82047,-38.61759],[-58.82048,-38.6176],[-58.82052,-38.61763],[-58.82055,-38.61766],[-58.82056,-38.61767],[-58.82056,-38.61768],[-58.82059,-38.61773],[-58.8206,-38.61774],[-58.82063,-38.61779],[-58.82066,-38.61784],[-58.82068,-38.61788],[-58.82069,-38.61789],[-58.82072,-38.61791],[-58.82072,-38.61792],[-58.82079,-38.61796],[-58.8208,-38.61796],[-58.82085,-38.618],[-58.82086,-38.61801],[-58.82093,-38.61804],[-58.82094,-38.61804],[-58.82097,-38.61806],[-58.82098,-38.61806],[-58.82101,-38.61808],[-58.82103,-38.61811],[-58.82109,-38.61814],[-58.82113,-38.61815],[-58.82114,-38.61816],[-58.82115,-38.61816],[-58.8212,-38.61817],[-58.82121,-38.61817],[-58.82124,-38.61817],[-58.82125,-38.61817],[-58.82126,-38.61818],[-58.82138,-38.61827],[-58.82141,-38.61827],[-58.82142,-38.61828],[-58.82143,-38.61829],[-58.82145,-38.61829],[-58.82149,-38.6183],[-58.8215,-38.6183],[-58.82152,-38.61831],[-58.82156,-38.61833],[-58.82159,-38.61835],[-58.8216,-38.61835],[-58.82166,-38.61838],[-58.82167,-38.61839],[-58.82172,-38.6184],[-58.82173,-38.61841],[-58.82178,-38.61842],[-58.82182,-38.61844],[-58.82184,-38.61844],[-58.8219,-38.61845],[-58.82192,-38.61846],[-58.82197,-38.61849],[-58.82201,-38.61851],[-58.82202,-38.61853],[-58.82206,-38.61856],[-58.82206,-38.61857],[-58.8221,-38.61861],[-58.82216,-38.61866],[-58.82217,-38.61868],[-58.82222,-38.61871],[-58.82231,-38.61873],[-58.82237,-38.61874],[-58.82238,-38.61874],[-58.82243,-38.61876],[-58.82244,-38.61877],[-58.82251,-38.6188],[-58.82254,-38.61881],[-58.82261,-38.61886],[-58.8227,-38.61889],[-58.82273,-38.61891],[-58.8228,-38.61892],[-58.8228,-38.61892],[-58.82286,-38.61894],[-58.82294,-38.61897],[-58.82296,-38.61897],[-58.82302,-38.619],[-58.82303,-38.61901],[-58.82309,-38.61904],[-58.82313,-38.61905],[-58.82319,-38.61907],[-58.82319,-38.61907],[-58.82327,-38.6191],[-58.82329,-38.61911],[-58.82336,-38.61913],[-58.82337,-38.61913],[-58.82343,-38.61916],[-58.82346,-38.61917],[-58.82352,-38.6192],[-58.82354,-38.6192],[-58.8236,-38.61924],[-58.82362,-38.61925],[-58.82366,-38.61928],[-58.82367,-38.61928],[-58.82369,-38.61928],[-58.82375,-38.61931],[-58.82377,-38.61932],[-58.82381,-38.61934],[-58.82383,-38.61935],[-58.82392,-38.61939],[-58.82398,-38.61943],[-58.82399,-38.61943],[-58.82402,-38.61945],[-58.82404,-38.61947],[-58.82405,-38.61947],[-58.82412,-38.61951],[-58.82414,-38.61952],[-58.8242,-38.61954],[-58.8242,-38.61955],[-58.82421,-38.61955],[-58.8243,-38.6196],[-58.82431,-38.6196],[-58.82438,-38.61966],[-58.82439,-38.61968],[-58.82447,-38.61972],[-58.82448,-38.61973],[-58.82453,-38.61976],[-58.82455,-38.61977],[-58.8246,-38.61982],[-58.82467,-38.61986],[-58.82467,-38.61986],[-58.82468,-38.61987],[-58.82473,-38.6199],[-58.82473,-38.61991],[-58.82479,-38.61994],[-58.8248,-38.61995],[-58.82486,-38.61999],[-58.82487,-38.62],[-58.82493,-38.62004],[-58.82495,-38.62005],[-58.82499,-38.62009],[-58.82503,-38.62011],[-58.82503,-38.62011],[-58.82504,-38.62011],[-58.82509,-38.62015],[-58.8251,-38.62015],[-58.82516,-38.62018],[-58.82522,-38.62023],[-58.82523,-38.62023],[-58.82528,-38.62027],[-58.82534,-38.62031],[-58.82536,-38.62031],[-58.82538,-38.62032],[-58.8254,-38.62033],[-58.82541,-38.62033],[-58.8255,-38.62039],[-58.82553,-38.6204],[-58.82554,-38.62041],[-58.82556,-38.62043],[-58.82559,-38.62044],[-58.82562,-38.62045],[-58.82563,-38.62046],[-58.82566,-38.62046],[-58.82569,-38.62048],[-58.8257,-38.62048],[-58.82573,-38.6205],[-58.82574,-38.6205],[-58.82577,-38.62051],[-58.82582,-38.62053],[-58.82582,-38.62054],[-58.82586,-38.62055],[-58.82587,-38.62055],[-58.82591,-38.62057],[-58.82592,-38.62058],[-58.82595,-38.62061],[-58.82596,-38.62062],[-58.82596,-38.62064],[-58.826,-38.62068],[-58.82604,-38.62072],[-58.82605,-38.62073],[-58.82607,-38.62076],[-58.82608,-38.62076],[-58.82611,-38.6208],[-58.82611,-38.62082],[-58.82615,-38.62088],[-58.82615,-38.62091],[-58.82615,-38.62092],[-58.82617,-38.62096],[-58.82619,-38.62102],[-58.82621,-38.62108],[-58.82621,-38.62109],[-58.82624,-38.62112],[-58.82628,-38.62117],[-58.82628,-38.62118],[-58.82631,-38.62121],[-58.82634,-38.62124],[-58.82635,-38.62125],[-58.82639,-38.62129],[-58.8264,-38.62129],[-58.82646,-38.62132],[-58.82646,-38.62133],[-58.8265,-38.62136],[-58.82655,-38.6214],[-58.82658,-38.62146],[-58.8266,-38.62147],[-58.8266,-38.6215],[-58.8266,-38.62151],[-58.8266,-38.62152],[-58.82662,-38.62153],[-58.82665,-38.62156],[-58.82665,-38.62158],[-58.82667,-38.6216],[-58.82667,-38.62161],[-58.82669,-38.62167],[-58.82669,-38.62168],[-58.8267,-38.62169],[-58.82672,-38.62171],[-58.82677,-38.62174],[-58.8268,-38.62175],[-58.82686,-38.62179],[-58.82692,-38.62183],[-58.82696,-38.62188],[-58.82699,-38.62191],[-58.827,-38.62192],[-58.82703,-38.62194],[-58.82704,-38.62194],[-58.82707,-38.62197],[-58.82708,-38.62199],[-58.82712,-38.62205],[-58.82713,-38.62206],[-58.82714,-38.6221],[-58.82715,-38.62212],[-58.82717,-38.62216],[-58.82719,-38.62221],[-58.82719,-38.62222],[-58.82719,-38.62222],[-58.82722,-38.62228],[-58.82725,-38.62233],[-58.82727,-38.62234],[-58.8273,-38.62238],[-58.82733,-38.62241],[-58.82736,-38.62245],[-58.82737,-38.62246],[-58.82743,-38.62249],[-58.82748,-38.62251],[-58.8275,-38.62253],[-58.82755,-38.62255],[-58.82756,-38.62256],[-58.82762,-38.62258],[-58.82764,-38.62259],[-58.82769,-38.62261],[-58.82771,-38.62261],[-58.82776,-38.62263],[-58.82783,-38.62264],[-58.82784,-38.62265],[-58.82787,-38.62266],[-58.82795,-38.62268],[-58.82806,-38.62271],[-58.82807,-38.62271],[-58.82808,-38.62271],[-58.82809,-38.62271],[-58.82825,-38.62271],[-58.82827,-38.62271],[-58.82831,-38.62271],[-58.82846,-38.6227],[-58.82858,-38.62269],[-58.82862,-38.62268],[-58.8287,-38.62266],[-58.82871,-38.62266],[-58.82884,-38.62265],[-58.82891,-38.62264],[-58.82899,-38.62262],[-58.82902,-38.62262],[-58.82914,-38.62262],[-58.82915,-38.62262],[-58.82918,-38.62262],[-58.82927,-38.62263],[-58.82928,-38.62263],[-58.82937,-38.62264],[-58.82938,-38.62265],[-58.82948,-38.62267],[-58.82951,-38.62267],[-58.82964,-38.62272],[-58.8297,-38.62273],[-58.82978,-38.62274],[-58.8298,-38.62274],[-58.82989,-38.62276],[-58.8299,-38.62276],[-58.82995,-38.62277],[-58.82997,-38.62278],[-58.83003,-38.6228],[-58.8301,-38.62281],[-58.8301,-38.62282],[-58.83019,-38.62284],[-58.83029,-38.62285],[-58.8303,-38.62285],[-58.83031,-38.62285],[-58.83041,-38.62287],[-58.83042,-38.62287],[-58.83054,-38.62288],[-58.83056,-38.62289],[-58.83069,-38.62293],[-58.83069,-38.62293],[-58.8308,-38.62295],[-58.83083,-38.62296],[-58.83088,-38.62296],[-58.831,-38.62298],[-58.83101,-38.62299],[-58.83102,-38.62299],[-58.83104,-38.623],[-58.83114,-38.62301],[-58.83127,-38.62304],[-58.83129,-38.62304],[-58.83137,-38.62306],[-58.83138,-38.62306],[-58.83148,-38.62308],[-58.8315,-38.62308],[-58.83161,-38.62312],[-58.83162,-38.62312],[-58.83173,-38.62316],[-58.83174,-38.62317],[-58.83176,-38.62317],[-58.83185,-38.62321],[-58.83186,-38.62321],[-58.83199,-38.62327],[-58.832,-38.62327],[-58.83202,-38.62327],[-58.83214,-38.6233],[-58.83227,-38.62335],[-58.83236,-38.62337],[-58.83238,-38.62338],[-58.83247,-38.62341],[-58.8325,-38.62342],[-58.83253,-38.62343],[-58.83266,-38.62346],[-58.83269,-38.62347],[-58.8328,-38.62349],[-58.83281,-38.62349],[-58.83282,-38.6235],[-58.83293,-38.62351],[-58.83296,-38.62352],[-58.83304,-38.62353],[-58.83306,-38.62353],[-58.83317,-38.62357],[-58.83321,-38.62357],[-58.83331,-38.62361],[-58.83332,-38.62362],[-58.83345,-38.62366],[-58.83347,-38.62366],[-58.83354,-38.62367],[-58.83356,-38.62367],[-58.83367,-38.62369],[-58.83368,-38.62369],[-58.83375,-38.62371],[-58.83376,-38.62371],[-58.83385,-38.62374],[-58.83388,-38.62374],[-58.834,-38.62379],[-58.83401,-38.62379],[-58.83413,-38.62382],[-58.83414,-38.62382],[-58.83416,-38.62382],[-58.83425,-38.62385],[-58.83426,-38.62385],[-58.83432,-38.62387],[-58.83434,-38.62387],[-58.83441,-38.62389],[-58.83442,-38.62389],[-58.83447,-38.62391],[-58.83449,-38.62392],[-58.83451,-38.62393],[-58.83452,-38.62393],[-58.83453,-38.62394],[-58.83457,-38.62394],[-58.83458,-38.62394],[-58.83459,-38.62394],[-58.83464,-38.62397],[-58.83467,-38.62399],[-58.83469,-38.624],[-58.83472,-38.62401],[-58.83478,-38.62406],[-58.83479,-38.62406],[-58.83489,-38.62409],[-58.8349,-38.62409],[-58.83499,-38.62413],[-58.835,-38.62413],[-58.83503,-38.62414],[-58.83504,-38.62415],[-58.83512,-38.62418],[-58.8352,-38.62421],[-58.83522,-38.62421],[-58.83529,-38.62424],[-58.8353,-38.62424],[-58.83544,-38.62427],[-58.83549,-38.6243],[-58.83557,-38.62431],[-58.83561,-38.62433],[-58.83568,-38.62434],[-58.83568,-38.62435],[-58.83569,-38.62435],[-58.83578,-38.62438],[-58.83582,-38.6244],[-58.83594,-38.62444],[-58.83596,-38.62444],[-58.83607,-38.62447],[-58.8361,-38.62448],[-58.83622,-38.6245],[-58.83624,-38.62451],[-58.83639,-38.62454],[-58.83643,-38.62455],[-58.83658,-38.62458],[-58.83661,-38.62459],[-58.83678,-38.62465],[-58.83679,-38.62465],[-58.83682,-38.62465],[-58.83694,-38.62468],[-58.83696,-38.62469],[-58.83708,-38.62472],[-58.83711,-38.62473],[-58.8372,-38.62476],[-58.83721,-38.62477],[-58.83732,-38.62479],[-58.83733,-38.6248],[-58.83738,-38.62482],[-58.83746,-38.62484],[-58.83758,-38.62486],[-58.8376,-38.62487],[-58.83771,-38.62491],[-58.83772,-38.62491],[-58.83781,-38.62493],[-58.83785,-38.62493],[-58.83795,-38.62495],[-58.8381,-38.62498],[-58.83813,-38.62499],[-58.83822,-38.62501],[-58.83835,-38.62504],[-58.83839,-38.62505],[-58.83847,-38.62509],[-58.83848,-38.62509],[-58.83859,-38.62513],[-58.8386,-38.62513],[-58.83863,-38.62514],[-58.83874,-38.62515],[-58.83876,-38.62515],[-58.83886,-38.62517],[-58.83888,-38.62518],[-58.83899,-38.62519],[-58.83903,-38.6252],[-58.83911,-38.62521],[-58.83913,-38.62521],[-58.8392,-38.62521],[-58.83922,-38.62521],[-58.83923,-38.62521],[-58.8393,-38.62522],[-58.83931,-38.62522],[-58.83938,-38.62522],[-58.83939,-38.62523],[-58.83942,-38.62523],[-58.8395,-38.62524],[-58.83953,-38.62524],[-58.83969,-38.62525],[-58.83972,-38.62525],[-58.8398,-38.62526],[-58.83981,-38.62526],[-58.83992,-38.62526],[-58.83993,-38.62526],[-58.83996,-38.62526],[-58.84008,-38.62526],[-58.84009,-38.62526],[-58.84022,-38.62529],[-58.84024,-38.6253],[-58.84037,-38.62534],[-58.84037,-38.62534],[-58.84049,-38.62536],[-58.84051,-38.62537],[-58.84052,-38.62537],[-58.84056,-38.62537],[-58.84057,-38.62537],[-58.84068,-38.6254],[-58.84068,-38.62541],[-58.84074,-38.62544],[-58.84076,-38.62544],[-58.84082,-38.62545],[-58.84096,-38.62549],[-58.84097,-38.6255],[-58.84105,-38.62553],[-58.84107,-38.62553],[-58.84117,-38.62555],[-58.8412,-38.62556],[-58.84127,-38.62557],[-58.84128,-38.62557],[-58.84137,-38.62558],[-58.8414,-38.6256],[-58.84148,-38.62561],[-58.84149,-38.62561],[-58.8415,-38.62562],[-58.84162,-38.62564],[-58.84166,-38.62564],[-58.84179,-38.62567],[-58.8418,-38.62567],[-58.84193,-38.6257],[-58.84194,-38.6257],[-58.84204,-38.62573],[-58.84214,-38.62576],[-58.84216,-38.62577],[-58.84226,-38.62581],[-58.84227,-38.62581],[-58.84236,-38.62583],[-58.84238,-38.62585],[-58.84246,-38.62588],[-58.84247,-38.62588],[-58.84248,-38.62588],[-58.84257,-38.62594],[-58.8426,-38.62595],[-58.8427,-38.62599],[-58.8428,-38.62603],[-58.84282,-38.62604],[-58.84289,-38.62607],[-58.84297,-38.62612],[-58.84299,-38.62613],[-58.84303,-38.62618],[-58.84313,-38.62621],[-58.84316,-38.62622],[-58.84326,-38.62624],[-58.84328,-38.62624],[-58.84336,-38.62625],[-58.84339,-38.62627],[-58.84349,-38.6263],[-58.84356,-38.62632],[-58.84357,-38.62632],[-58.84363,-38.62634],[-58.84373,-38.62635],[-58.84374,-38.62635],[-58.8438,-38.62635],[-58.84385,-38.62633],[-58.84392,-38.62632],[-58.84393,-38.62632],[-58.84398,-38.62631],[-58.84404,-38.62633],[-58.84409,-38.62636],[-58.8441,-38.62636],[-58.84418,-38.6264],[-58.84429,-38.62641],[-58.84437,-38.62642],[-58.84443,-38.62643],[-58.8445,-38.62645],[-58.84451,-38.62645],[-58.8446,-38.62648],[-58.84468,-38.6265],[-58.84474,-38.62652],[-58.84481,-38.62654],[-58.84491,-38.62655],[-58.84496,-38.62657],[-58.84497,-38.62657],[-58.84507,-38.62659],[-58.84513,-38.6266],[-58.84516,-38.6266],[-58.84522,-38.62662],[-58.84528,-38.62664],[-58.84531,-38.62667],[-58.84533,-38.62668],[-58.8454,-38.6267],[-58.84545,-38.62672],[-58.84546,-38.62673],[-58.84553,-38.62675],[-58.84561,-38.62678],[-58.8457,-38.6268],[-58.84579,-38.62681],[-58.84589,-38.62682],[-58.84596,-38.62684],[-58.84599,-38.62686],[-58.84608,-38.62688],[-58.84615,-38.62691],[-58.84617,-38.62691],[-58.84621,-38.62693],[-58.84627,-38.62696],[-58.84629,-38.62697],[-58.8464,-38.627],[-58.84646,-38.62701],[-58.84647,-38.62701],[-58.84652,-38.62702],[-58.84657,-38.62702],[-58.84665,-38.62703],[-58.84669,-38.62704],[-58.84674,-38.62705],[-58.84681,-38.62708],[-58.84688,-38.62711],[-58.84694,-38.62714],[-58.847,-38.62718],[-58.84701,-38.62718],[-58.84708,-38.62722],[-58.84715,-38.62723],[-58.84716,-38.62723],[-58.84724,-38.62725],[-58.8473,-38.62727],[-58.8474,-38.6273],[-58.84741,-38.62731],[-58.84746,-38.62735],[-58.84752,-38.62738],[-58.8476,-38.6274],[-58.8477,-38.62742],[-58.84777,-38.62744],[-58.84778,-38.62744],[-58.84788,-38.62747],[-58.84795,-38.62749],[-58.84803,-38.62752],[-58.84804,-38.62753],[-58.84812,-38.62755],[-58.84819,-38.62759],[-58.8482,-38.62759],[-58.84826,-38.62761],[-58.8483,-38.62763],[-58.84843,-38.62769],[-58.84851,-38.62769],[-58.84857,-38.62769],[-58.84866,-38.62769],[-58.8487,-38.62769],[-58.84876,-38.6277],[-58.84882,-38.62771],[-58.8489,-38.62771],[-58.84899,-38.62771],[-58.84907,-38.62773],[-58.84915,-38.62776],[-58.84923,-38.62779],[-58.84931,-38.62781],[-58.84941,-38.62783],[-58.8495,-38.62786],[-58.84959,-38.62788],[-58.84968,-38.6279],[-58.84981,-38.62792],[-58.84988,-38.62794],[-58.84996,-38.62796],[-58.85003,-38.62797],[-58.8501,-38.628],[-58.85016,-38.62803],[-58.85023,-38.62805],[-58.85024,-38.62806],[-58.85031,-38.6281],[-58.85035,-38.6281],[-58.85037,-38.6281],[-58.85043,-38.62812],[-58.85049,-38.62813],[-58.8505,-38.62813],[-58.85056,-38.62817],[-58.85062,-38.62817],[-58.85063,-38.62818],[-58.85069,-38.62818],[-58.85077,-38.62819],[-58.85078,-38.62819],[-58.85085,-38.6282],[-58.85095,-38.62821],[-58.85103,-38.62824],[-58.8511,-38.62827],[-58.85117,-38.62828],[-58.85125,-38.62829],[-58.85133,-38.62829],[-58.85134,-38.62829],[-58.85142,-38.62831],[-58.8515,-38.62834],[-58.85158,-38.62836],[-58.85166,-38.6284],[-58.85174,-38.62843],[-58.85184,-38.62847],[-58.85194,-38.6285],[-58.85199,-38.62851],[-58.85212,-38.62854],[-58.85213,-38.62855],[-58.85217,-38.62858],[-58.85221,-38.6286],[-58.85226,-38.6286],[-58.85234,-38.6286],[-58.85241,-38.62862],[-58.85248,-38.62864],[-58.85255,-38.62866],[-58.85261,-38.62869],[-58.85274,-38.62872],[-58.85282,-38.62875],[-58.85283,-38.62875],[-58.85292,-38.62878],[-58.85301,-38.62881],[-58.85308,-38.62884],[-58.85314,-38.62886],[-58.85322,-38.62889],[-58.85328,-38.6289],[-58.85335,-38.62892],[-58.85336,-38.62892],[-58.8534,-38.62893],[-58.85356,-38.629],[-58.85357,-38.629],[-58.85361,-38.62903],[-58.85363,-38.62903],[-58.85368,-38.62905],[-58.8537,-38.62905],[-58.85375,-38.62907],[-58.85381,-38.6291],[-58.85388,-38.62912],[-58.85391,-38.62913],[-58.85397,-38.62914],[-58.85397,-38.62915],[-58.85405,-38.62917],[-58.85414,-38.62919],[-58.8542,-38.62921],[-58.85427,-38.62924],[-58.85432,-38.62926],[-58.8544,-38.62932],[-58.85451,-38.62937],[-58.85462,-38.6294],[-58.85469,-38.62943],[-58.85478,-38.62945],[-58.85485,-38.62947],[-58.85495,-38.6295],[-58.85502,-38.62951],[-58.85511,-38.62954],[-58.8552,-38.62957],[-58.85526,-38.62958],[-58.85534,-38.62959],[-58.85542,-38.6296],[-58.85543,-38.6296],[-58.8555,-38.62962],[-58.85557,-38.62964],[-58.85561,-38.62966],[-58.85562,-38.62967],[-58.85566,-38.62967],[-58.85579,-38.62969],[-58.85592,-38.62971],[-58.85596,-38.62973],[-58.85607,-38.62977],[-58.8562,-38.62981],[-58.85621,-38.62981],[-58.85633,-38.62986],[-58.85642,-38.6299],[-58.85653,-38.62993],[-58.85665,-38.62996],[-58.8567,-38.62996],[-58.8568,-38.62999],[-58.8569,-38.63],[-58.85697,-38.63002],[-58.85705,-38.63004],[-58.85706,-38.63004],[-58.85715,-38.63005],[-58.85726,-38.63007],[-58.85734,-38.63009],[-58.85744,-38.6301],[-58.85754,-38.6301],[-58.85755,-38.6301],[-58.85759,-38.6301],[-58.8577,-38.63014],[-58.85772,-38.63015],[-58.85777,-38.63015],[-58.85788,-38.63018],[-58.85798,-38.63021],[-58.8581,-38.63025],[-58.85811,-38.63025],[-58.8582,-38.63028],[-58.8583,-38.63031],[-58.85838,-38.63033],[-58.8584,-38.63033],[-58.85853,-38.63035],[-58.85863,-38.63036],[-58.85864,-38.63036],[-58.85876,-38.63038],[-58.85888,-38.63041],[-58.85896,-38.63043],[-58.85903,-38.63045],[-58.85915,-38.63049],[-58.85927,-38.63052],[-58.85936,-38.63055],[-58.85947,-38.63056],[-58.85955,-38.63057],[-58.85963,-38.63058],[-58.85972,-38.6306],[-58.85973,-38.6306],[-58.85982,-38.63062],[-58.85991,-38.63065],[-58.85991,-38.63065],[-58.85999,-38.63067],[-58.86004,-38.63069],[-58.86011,-38.63071],[-58.86011,-38.63071],[-58.86019,-38.63072],[-58.86027,-38.63074],[-58.86036,-38.63076],[-58.86037,-38.63076],[-58.86044,-38.63076],[-58.86052,-38.63077],[-58.86053,-38.63078],[-58.86058,-38.63079],[-58.86066,-38.63081],[-58.86074,-38.63083],[-58.86079,-38.63084],[-58.86085,-38.63086],[-58.8609,-38.63088],[-58.86095,-38.63089],[-58.86096,-38.6309],[-58.86109,-38.63094],[-58.86112,-38.63094],[-58.86116,-38.63095],[-58.86117,-38.63095],[-58.86125,-38.63097],[-58.86132,-38.63101],[-58.86133,-38.63102],[-58.86139,-38.63103],[-58.86146,-38.63105],[-58.86148,-38.63105],[-58.86152,-38.63106],[-58.86158,-38.63107],[-58.86167,-38.63109],[-58.86176,-38.63112],[-58.86177,-38.63113],[-58.86183,-38.63114],[-58.86188,-38.63115],[-58.86194,-38.63116],[-58.86202,-38.63116],[-58.86208,-38.63116],[-58.86208,-38.63116],[-58.86215,-38.63119],[-58.86216,-38.63119],[-58.86221,-38.6312],[-58.86225,-38.63121],[-58.86227,-38.63121],[-58.86233,-38.63123],[-58.86241,-38.63125],[-58.86242,-38.63125],[-58.86248,-38.63126],[-58.86253,-38.63127],[-58.86259,-38.63128],[-58.86267,-38.6313],[-58.8627,-38.63131],[-58.86276,-38.63132],[-58.86283,-38.63133],[-58.86287,-38.63134],[-58.86291,-38.63136],[-58.86297,-38.63136],[-58.86301,-38.63139],[-58.86305,-38.63141],[-58.86309,-38.63143],[-58.86315,-38.63145],[-58.86319,-38.63146],[-58.86325,-38.63148],[-58.8633,-38.63149],[-58.86338,-38.6315],[-58.86346,-38.63151],[-58.86347,-38.63151],[-58.86354,-38.63151],[-58.86358,-38.63151],[-58.86359,-38.63151],[-58.86365,-38.63151],[-58.86371,-38.63153],[-58.86376,-38.63153],[-58.86381,-38.63154],[-58.86385,-38.63156],[-58.86386,-38.63156],[-58.86389,-38.63156],[-58.86393,-38.63157],[-58.86394,-38.63158],[-58.86407,-38.63162],[-58.86411,-38.63163],[-58.86415,-38.63164],[-58.86422,-38.63166],[-58.86428,-38.63167],[-58.86438,-38.63168],[-58.86446,-38.6317],[-58.86453,-38.63171],[-58.86462,-38.63175],[-58.86463,-38.63175],[-58.86469,-38.63176],[-58.86475,-38.63176],[-58.86476,-38.63176],[-58.86481,-38.63177],[-58.86486,-38.63178],[-58.86488,-38.63178],[-58.86493,-38.6318],[-58.865,-38.63181],[-58.86505,-38.63183],[-58.86511,-38.63183],[-58.86516,-38.63184],[-58.86522,-38.63186],[-58.86527,-38.63188],[-58.86533,-38.63189],[-58.86539,-38.63191],[-58.86544,-38.63192],[-58.8655,-38.63193],[-58.86557,-38.63194],[-58.86563,-38.63195],[-58.86567,-38.63195],[-58.86573,-38.63195],[-58.86575,-38.63196],[-58.86586,-38.63201],[-58.86589,-38.63201],[-58.86591,-38.63201],[-58.86592,-38.63201],[-58.86595,-38.63202],[-58.86596,-38.63202],[-58.86599,-38.63204],[-58.866,-38.63204],[-58.86603,-38.63206],[-58.86603,-38.63206],[-58.86608,-38.63207],[-58.86609,-38.63207],[-58.86613,-38.63208],[-58.86618,-38.6321],[-58.8662,-38.6321],[-58.86624,-38.63212],[-58.86631,-38.63213],[-58.86631,-38.63214],[-58.86639,-38.63215],[-58.86644,-38.63215],[-58.86645,-38.63215],[-58.86645,-38.63216],[-58.86651,-38.63216],[-58.86652,-38.63217],[-58.86656,-38.63218],[-58.86659,-38.6322],[-58.86661,-38.63221],[-58.86666,-38.63223],[-58.86673,-38.63224],[-58.86674,-38.63225],[-58.86679,-38.63226],[-58.86684,-38.63228],[-58.86686,-38.63229],[-58.86694,-38.63229],[-58.86695,-38.63229],[-58.86701,-38.63231],[-58.86702,-38.63231],[-58.86702,-38.63231],[-58.86707,-38.63231],[-58.86708,-38.63231],[-58.86714,-38.63231],[-58.86718,-38.63231],[-58.86724,-38.63231],[-58.86729,-38.63231],[-58.86732,-38.63232],[-58.86739,-38.63232],[-58.86745,-38.63233],[-58.86746,-38.63233],[-58.86752,-38.63233],[-58.86759,-38.63234],[-58.86762,-38.63234],[-58.86765,-38.63235],[-58.86767,-38.63235],[-58.8677,-38.63235],[-58.86771,-38.63235],[-58.86776,-38.63237],[-58.86779,-38.63238],[-58.86781,-38.63239],[-58.86782,-38.63239],[-58.86788,-38.6324],[-58.86789,-38.63241],[-58.86791,-38.63241],[-58.86795,-38.63241],[-58.86796,-38.63241],[-58.86802,-38.63243],[-58.86803,-38.63243],[-58.86807,-38.63243],[-58.8681,-38.63244],[-58.86811,-38.63244],[-58.86823,-38.63248],[-58.86825,-38.63249],[-58.86826,-38.63249],[-58.86827,-38.63249],[-58.8683,-38.6325],[-58.86831,-38.6325],[-58.86835,-38.63251],[-58.86836,-38.63251],[-58.8684,-38.63252],[-58.86841,-38.63252],[-58.86843,-38.63254],[-58.86847,-38.63255],[-58.86847,-38.63255],[-58.86852,-38.63257],[-58.86856,-38.63258],[-58.86858,-38.63259],[-58.86862,-38.63261],[-58.86868,-38.63262],[-58.8687,-38.63262],[-58.86875,-38.63263],[-58.86878,-38.63264],[-58.86881,-38.63265],[-58.86881,-38.63266],[-58.86888,-38.63268],[-58.86889,-38.63268],[-58.86893,-38.63269],[-58.86894,-38.63269],[-58.86899,-38.63271],[-58.86899,-38.63271],[-58.86905,-38.63272],[-58.86911,-38.63273],[-58.86915,-38.63274],[-58.86916,-38.63274],[-58.86919,-38.63274],[-58.86919,-38.63274],[-58.86923,-38.63274],[-58.86926,-38.63275],[-58.86928,-38.63276],[-58.8693,-38.63276],[-58.86931,-38.63276],[-58.86939,-38.63278],[-58.8694,-38.63279],[-58.86941,-38.63279],[-58.86946,-38.6328],[-58.86947,-38.63282],[-58.86951,-38.63283],[-58.86957,-38.63284],[-58.86958,-38.63285],[-58.86961,-38.63286],[-58.86967,-38.63288],[-58.86972,-38.63289],[-58.86973,-38.63289],[-58.86978,-38.6329],[-58.86978,-38.6329],[-58.86983,-38.63292],[-58.86989,-38.63294],[-58.8699,-38.63294],[-58.86995,-38.63295],[-58.87001,-38.63296],[-58.87002,-38.63296],[-58.87004,-38.63296],[-58.87011,-38.63296],[-58.87012,-38.63296],[-58.87013,-38.63297],[-58.87017,-38.63297],[-58.87018,-38.63297],[-58.87025,-38.63297],[-58.87027,-38.63297],[-58.87034,-38.63298],[-58.87035,-38.63298],[-58.8704,-38.633],[-58.8704,-38.63301],[-58.87044,-38.63301],[-58.87049,-38.63302],[-58.8705,-38.63303],[-58.87055,-38.63305],[-58.8706,-38.63307],[-58.87061,-38.63307],[-58.87066,-38.63308],[-58.8707,-38.63309],[-58.87072,-38.6331],[-58.87075,-38.63311],[-58.87076,-38.63312],[-58.87078,-38.63313],[-58.87082,-38.63314],[-58.87085,-38.63314],[-58.87086,-38.63314],[-58.87089,-38.63315],[-58.8709,-38.63315],[-58.87092,-38.63315],[-58.87095,-38.63316],[-58.87096,-38.63316],[-58.87096,-38.63316],[-58.87098,-38.63316],[-58.871,-38.63317],[-58.87101,-38.63317],[-58.87103,-38.63317],[-58.87104,-38.63317],[-58.87105,-38.63317],[-58.87105,-38.63318],[-58.87115,-38.63319],[-58.87116,-38.63319],[-58.87116,-38.63319],[-58.87119,-38.63319],[-58.87122,-38.63319],[-58.87123,-38.63319],[-58.87128,-38.63321],[-58.87129,-38.63321],[-58.87132,-38.63322],[-58.87132,-38.63323],[-58.87134,-38.63324],[-58.87135,-38.63324],[-58.87136,-38.63324],[-58.87137,-38.63325],[-58.87138,-38.63325],[-58.87143,-38.63327],[-58.87146,-38.63327],[-58.87148,-38.63329],[-58.87151,-38.6333],[-58.87156,-38.63331],[-58.87156,-38.63332],[-58.8716,-38.63333],[-58.87163,-38.63334],[-58.87164,-38.63334],[-58.87167,-38.63334],[-58.87172,-38.63335],[-58.87173,-38.63336],[-58.87177,-38.63337],[-58.87179,-38.63338],[-58.8718,-38.63338],[-58.87181,-38.63338],[-58.87183,-38.63338],[-58.87184,-38.63338],[-58.87185,-38.63339],[-58.87188,-38.63339],[-58.87191,-38.6334],[-58.87192,-38.6334],[-58.87195,-38.63342],[-58.87199,-38.63342],[-58.872,-38.63342],[-58.87204,-38.63343],[-58.87208,-38.63343],[-58.8721,-38.63343],[-58.87213,-38.63345],[-58.87215,-38.63345],[-58.87216,-38.63345],[-58.8722,-38.63346],[-58.87225,-38.63348],[-58.87226,-38.63348],[-58.8723,-38.63349],[-58.87235,-38.6335],[-58.87239,-38.63351],[-58.87239,-38.63352],[-58.87242,-38.63353],[-58.87243,-38.63353],[-58.87246,-38.63353],[-58.87247,-38.63353],[-58.8725,-38.63354],[-58.87252,-38.63355],[-58.87253,-38.63356],[-58.87254,-38.63356],[-58.87257,-38.63358],[-58.87259,-38.63359],[-58.8727,-38.63364],[-58.87272,-38.63364],[-58.87273,-38.63364],[-58.87276,-38.63365],[-58.8728,-38.63366],[-58.87282,-38.63367],[-58.87285,-38.63368],[-58.87291,-38.6337],[-58.87296,-38.63371],[-58.87301,-38.63373],[-58.87307,-38.63373],[-58.87313,-38.63374],[-58.87319,-38.63374],[-58.87324,-38.63376],[-58.87329,-38.63376],[-58.8733,-38.63377],[-58.87336,-38.63378],[-58.87341,-38.63379],[-58.87348,-38.6338],[-58.87353,-38.63382],[-58.87358,-38.63383],[-58.87364,-38.63386],[-58.87372,-38.63388],[-58.87374,-38.63391],[-58.8738,-38.63393],[-58.87381,-38.63393],[-58.87386,-38.63395],[-58.87392,-38.63397],[-58.87399,-38.634],[-58.87406,-38.63402],[-58.87412,-38.63405],[-58.87418,-38.63407],[-58.87423,-38.63408],[-58.8743,-38.63411],[-58.87436,-38.63412],[-58.87441,-38.63414],[-58.87448,-38.63417],[-58.87453,-38.6342],[-58.87457,-38.63421],[-58.87463,-38.63423],[-58.87464,-38.63423],[-58.8747,-38.63423],[-58.87476,-38.63424],[-58.87477,-38.63424],[-58.87479,-38.63425],[-58.87484,-38.63425],[-58.87489,-38.63426],[-58.87492,-38.63427],[-58.87501,-38.6343],[-58.87504,-38.63431],[-58.8751,-38.63432],[-58.87513,-38.63433],[-58.87514,-38.63433],[-58.87519,-38.63435],[-58.87523,-38.63437],[-58.87527,-38.63439],[-58.87531,-38.6344],[-58.87534,-38.63442],[-58.87539,-38.63443],[-58.87543,-38.63444],[-58.87548,-38.63446],[-58.87552,-38.63447],[-58.87558,-38.63449],[-58.87563,-38.6345],[-58.87568,-38.63451],[-58.87573,-38.63452],[-58.87577,-38.63454],[-58.87582,-38.63455],[-58.87589,-38.63457],[-58.87593,-38.63458],[-58.87599,-38.63459],[-58.87607,-38.63462],[-58.87613,-38.63464],[-58.87618,-38.63465],[-58.87622,-38.63466],[-58.87623,-38.63467],[-58.87627,-38.63467],[-58.87632,-38.63468],[-58.87636,-38.63469],[-58.8764,-38.6347],[-58.87645,-38.63471],[-58.87648,-38.63472],[-58.87649,-38.63472],[-58.87651,-38.63473],[-58.87655,-38.63474],[-58.87659,-38.63475],[-58.87661,-38.63477],[-58.87677,-38.6348],[-58.87679,-38.6348],[-58.87686,-38.63481],[-58.87689,-38.63483],[-58.87691,-38.63484],[-58.87696,-38.63487],[-58.87702,-38.63489],[-58.87707,-38.63489],[-58.87711,-38.6349],[-58.87716,-38.63491],[-58.87722,-38.63491],[-58.87728,-38.63493],[-58.87734,-38.63494],[-58.8774,-38.63495],[-58.87745,-38.63496],[-58.8775,-38.63497],[-58.87757,-38.63499],[-58.87764,-38.63501],[-58.87768,-38.63502],[-58.87773,-38.63502],[-58.87777,-38.63503],[-58.87783,-38.63504],[-58.87787,-38.63504],[-58.87792,-38.63504],[-58.87796,-38.63504],[-58.878,-38.63505],[-58.87807,-38.63508],[-58.87811,-38.63509],[-58.87818,-38.63511],[-58.87823,-38.63511],[-58.87827,-38.63513],[-58.87831,-38.63514],[-58.87835,-38.63516],[-58.87841,-38.63517],[-58.87844,-38.63518],[-58.87845,-38.63518],[-58.87846,-38.63519],[-58.87864,-38.63529],[-58.87865,-38.63529],[-58.8787,-38.63529],[-58.87871,-38.63529],[-58.87878,-38.63529],[-58.87884,-38.63529],[-58.87888,-38.63529],[-58.87894,-38.63529],[-58.87901,-38.6353],[-58.87905,-38.63531],[-58.87906,-38.63531],[-58.87911,-38.63531],[-58.87917,-38.63533],[-58.87918,-38.63533],[-58.87926,-38.63535],[-58.87932,-38.63536],[-58.87937,-38.63536],[-58.87938,-38.63536],[-58.87946,-38.63538],[-58.87955,-38.6354],[-58.87963,-38.63541],[-58.87971,-38.63542],[-58.87972,-38.63542],[-58.87981,-38.63542],[-58.87988,-38.63543],[-58.87995,-38.63544],[-58.88004,-38.63545],[-58.88011,-38.63547],[-58.88022,-38.63548],[-58.8803,-38.63549],[-58.88031,-38.6355],[-58.88038,-38.63551],[-58.88045,-38.63553],[-58.88051,-38.63555],[-58.88059,-38.63558],[-58.88065,-38.63559],[-58.88066,-38.63559],[-58.88073,-38.63561],[-58.88081,-38.63562],[-58.88084,-38.63563],[-58.88093,-38.63564],[-58.88099,-38.63566],[-58.88102,-38.63567],[-58.88108,-38.63569],[-58.88113,-38.63569],[-58.88117,-38.6357],[-58.88122,-38.6357],[-58.88127,-38.63571],[-58.88134,-38.63572],[-58.88136,-38.63572],[-58.88151,-38.63581],[-58.88155,-38.63582],[-58.88171,-38.63582],[-58.88172,-38.63582],[-58.88178,-38.63584],[-58.88182,-38.63586],[-58.88184,-38.63587],[-58.88188,-38.63588],[-58.88191,-38.63589],[-58.88197,-38.63589],[-58.88202,-38.6359],[-58.88205,-38.6359],[-58.88206,-38.6359],[-58.8821,-38.6359],[-58.88211,-38.6359],[-58.88215,-38.63591],[-58.8822,-38.63592],[-58.88224,-38.63594],[-58.88231,-38.63595],[-58.88237,-38.63596],[-58.88241,-38.63596],[-58.88246,-38.63597],[-58.88251,-38.63599],[-58.88256,-38.636],[-58.88261,-38.63602],[-58.88261,-38.63603],[-58.88263,-38.63603],[-58.88269,-38.63605],[-58.88273,-38.63606],[-58.88276,-38.63607],[-58.88285,-38.63609],[-58.88286,-38.63609],[-58.8829,-38.6361],[-58.88295,-38.63612],[-58.88301,-38.63615],[-58.88305,-38.63617],[-58.88308,-38.63618],[-58.88311,-38.63619],[-58.88316,-38.63621],[-58.8832,-38.63622],[-58.88323,-38.63623],[-58.88328,-38.63624],[-58.88329,-38.63625],[-58.88334,-38.63626],[-58.88336,-38.63628],[-58.88339,-38.6363],[-58.88343,-38.63631],[-58.8835,-38.63633],[-58.88355,-38.63634],[-58.8836,-38.63634],[-58.88364,-38.63635],[-58.8837,-38.63637],[-58.88377,-38.63638],[-58.88382,-38.63639],[-58.88383,-38.63639],[-58.8839,-38.63641],[-58.88398,-38.63644],[-58.88404,-38.63646],[-58.88409,-38.63648],[-58.8841,-38.63648],[-58.88416,-38.6365],[-58.88418,-38.6365],[-58.88423,-38.63652],[-58.88429,-38.63654],[-58.88434,-38.63657],[-58.8844,-38.63658],[-58.88446,-38.63659],[-58.88452,-38.63659],[-58.88459,-38.63659],[-58.88465,-38.63661],[-58.88472,-38.63662],[-58.88479,-38.63663],[-58.88482,-38.63664],[-58.88486,-38.63664],[-58.88492,-38.63666],[-58.88493,-38.63666],[-58.885,-38.63666],[-58.885,-38.63667],[-58.88506,-38.63668],[-58.88514,-38.63669],[-58.88519,-38.63669],[-58.88525,-38.63671],[-58.88526,-38.63671],[-58.88532,-38.63674],[-58.88534,-38.63675],[-58.88538,-38.63676],[-58.8854,-38.63676],[-58.88545,-38.63677],[-58.8855,-38.63678],[-58.88558,-38.63679],[-58.88563,-38.63681],[-58.88572,-38.63682],[-58.88573,-38.63682],[-58.88579,-38.63683],[-58.88587,-38.63686],[-58.88595,-38.63687],[-58.88596,-38.63688],[-58.886,-38.63689],[-58.88606,-38.63692],[-58.88609,-38.63693],[-58.8861,-38.63694],[-58.88618,-38.63695],[-58.88627,-38.63697],[-58.88635,-38.63699],[-58.88635,-38.637],[-58.88641,-38.63702],[-58.8865,-38.63705],[-58.88656,-38.63708],[-58.88665,-38.6371],[-58.88666,-38.6371],[-58.88674,-38.63713],[-58.88682,-38.63716],[-58.8869,-38.63719],[-58.88696,-38.63721],[-58.88702,-38.63723],[-58.88708,-38.63724],[-58.88715,-38.63726],[-58.88715,-38.63726],[-58.88722,-38.63727],[-58.88724,-38.63728],[-58.8873,-38.63728],[-58.88736,-38.6373],[-58.88743,-38.63731],[-58.8875,-38.63732],[-58.88755,-38.63732],[-58.88757,-38.63734],[-58.88764,-38.63735],[-58.88771,-38.63737],[-58.88772,-38.63737],[-58.88778,-38.63739],[-58.88786,-38.6374],[-58.88791,-38.63742],[-58.88801,-38.63743],[-58.8881,-38.63747],[-58.88816,-38.63747],[-58.88826,-38.63749],[-58.88834,-38.63752],[-58.88844,-38.63755],[-58.88853,-38.63759],[-58.88854,-38.63759],[-58.88865,-38.63766],[-58.88874,-38.63769],[-58.88884,-38.63772],[-58.88895,-38.63775],[-58.88906,-38.63779],[-58.88916,-38.63782],[-58.88917,-38.63782],[-58.88931,-38.63784],[-58.88944,-38.63786],[-58.88956,-38.63788],[-58.88957,-38.63788],[-58.88969,-38.63791],[-58.8897,-38.63791],[-58.8898,-38.63795],[-58.88991,-38.638],[-58.89,-38.63804],[-58.89001,-38.63804],[-58.89011,-38.63807],[-58.89021,-38.63809],[-58.89027,-38.63811],[-58.89031,-38.63813],[-58.89051,-38.63823],[-58.89052,-38.63824],[-58.8906,-38.63826],[-58.89061,-38.63827],[-58.89062,-38.63827],[-58.89069,-38.63827],[-58.89075,-38.63828],[-58.89083,-38.63831],[-58.8909,-38.63835],[-58.89096,-38.63836],[-58.89103,-38.63838],[-58.89111,-38.6384],[-58.89121,-38.63843],[-58.89128,-38.63847],[-58.89134,-38.63848],[-58.89142,-38.63849],[-58.89146,-38.6385],[-58.89147,-38.6385],[-58.89156,-38.63852],[-58.89159,-38.63853],[-58.89161,-38.63853],[-58.89167,-38.63855],[-58.89172,-38.63856],[-58.89184,-38.63858],[-58.89193,-38.6386],[-58.89194,-38.6386],[-58.89203,-38.63861],[-58.89204,-38.63861],[-58.89212,-38.63863],[-58.89223,-38.63864],[-58.89231,-38.63864],[-58.89232,-38.63864],[-58.89241,-38.63866],[-58.89248,-38.63867],[-58.89258,-38.6387],[-58.89268,-38.63872],[-58.89268,-38.63872],[-58.89275,-38.63875],[-58.89283,-38.63876],[-58.89288,-38.63877],[-58.89296,-38.63879],[-58.89302,-38.63883],[-58.89307,-38.63886],[-58.89312,-38.63888],[-58.89313,-38.63889],[-58.89323,-38.63892],[-58.89331,-38.63894],[-58.89342,-38.63898],[-58.89351,-38.63901],[-58.89352,-38.63901],[-58.8936,-38.63904],[-58.89362,-38.63905],[-58.89367,-38.63908],[-58.89371,-38.63911],[-58.89377,-38.63914],[-58.89378,-38.63914],[-58.89385,-38.63914],[-58.8939,-38.63915],[-58.89393,-38.63915],[-58.89402,-38.63917],[-58.89406,-38.63918],[-58.89413,-38.63921],[-58.8942,-38.63922],[-58.89427,-38.63922],[-58.8943,-38.63922],[-58.89436,-38.63922],[-58.89438,-38.63922],[-58.89445,-38.63922],[-58.89459,-38.63919],[-58.8946,-38.63919],[-58.89464,-38.63919],[-58.89468,-38.63919],[-58.89475,-38.6392],[-58.8948,-38.6392],[-58.89485,-38.63922],[-58.89486,-38.63922],[-58.89494,-38.63924],[-58.89495,-38.63924],[-58.89504,-38.63926],[-58.89511,-38.63927],[-58.89518,-38.63929],[-58.89519,-38.63929],[-58.89526,-38.63933],[-58.89533,-38.63936],[-58.89539,-38.63938],[-58.89541,-38.63939],[-58.89549,-38.63941],[-58.89557,-38.63943],[-58.89565,-38.63943],[-58.89575,-38.63945],[-58.89576,-38.63945],[-58.89586,-38.63946],[-58.89597,-38.63947],[-58.89603,-38.63947],[-58.89609,-38.63946],[-58.89618,-38.63946],[-58.89625,-38.63946],[-58.89626,-38.63946],[-58.89631,-38.63946],[-58.89639,-38.63947],[-58.89645,-38.63949],[-58.8965,-38.6395],[-58.89658,-38.63954],[-58.89659,-38.63956],[-58.8966,-38.63956],[-58.89663,-38.63958],[-58.89669,-38.6396],[-58.89674,-38.63963],[-58.89677,-38.63964],[-58.89683,-38.63965],[-58.8969,-38.63967],[-58.89696,-38.63969],[-58.89703,-38.63971],[-58.89706,-38.63972],[-58.89709,-38.63974],[-58.89715,-38.63977],[-58.89716,-38.63978],[-58.89722,-38.63981],[-58.89728,-38.63985],[-58.89735,-38.63987],[-58.89742,-38.63988],[-58.89747,-38.63988],[-58.89752,-38.63988],[-58.89758,-38.6399],[-58.89766,-38.6399],[-58.89766,-38.63991],[-58.89777,-38.63992],[-58.89786,-38.63993],[-58.89794,-38.63994],[-58.89805,-38.63994],[-58.89814,-38.63994],[-58.89815,-38.63994],[-58.89824,-38.63997],[-58.89829,-38.63998],[-58.89833,-38.64],[-58.89836,-38.64001],[-58.89839,-38.64004],[-58.89839,-38.64005],[-58.8984,-38.64006],[-58.89842,-38.64008],[-58.89844,-38.6401],[-58.89847,-38.64012],[-58.89848,-38.64013],[-58.89855,-38.64014],[-58.89855,-38.64014],[-58.8986,-38.64014],[-58.89863,-38.64014],[-58.89868,-38.64014],[-58.89875,-38.64014],[-58.8988,-38.64017],[-58.89885,-38.6402],[-58.89885,-38.64021],[-58.89886,-38.64021],[-58.8989,-38.64021],[-58.89894,-38.64021],[-58.899,-38.6402],[-58.89906,-38.64019],[-58.89914,-38.64019],[-58.89915,-38.64019],[-58.89916,-38.64019],[-58.89921,-38.64019],[-58.89926,-38.64019],[-58.89935,-38.64021],[-58.89942,-38.64023],[-58.8995,-38.64024],[-58.89951,-38.64024],[-58.89961,-38.64025],[-58.89971,-38.64025],[-58.89978,-38.64026],[-58.89985,-38.6403],[-58.89994,-38.64031],[-58.90002,-38.64033],[-58.90009,-38.64035],[-58.9001,-38.64035],[-58.90018,-38.64038],[-58.90018,-38.64039],[-58.90018,-38.64042],[-58.90019,-38.64043],[-58.90023,-38.64043],[-58.90024,-38.64043],[-58.90025,-38.64043],[-58.90032,-38.64048],[-58.90037,-38.64048],[-58.90043,-38.64049],[-58.90049,-38.64051],[-58.90053,-38.64054],[-58.9006,-38.64059],[-58.90062,-38.6406],[-58.9007,-38.64064],[-58.90078,-38.64067],[-58.90085,-38.64072],[-58.90092,-38.64076],[-58.90097,-38.6408],[-58.90103,-38.64082],[-58.90107,-38.64085],[-58.90112,-38.64092],[-58.90118,-38.64093],[-58.90119,-38.64094],[-58.90125,-38.64095],[-58.90126,-38.64095],[-58.90133,-38.64097],[-58.9014,-38.64098],[-58.90141,-38.64099],[-58.90147,-38.641],[-58.90153,-38.64101],[-58.90156,-38.64102],[-58.90161,-38.64105],[-58.90168,-38.64108],[-58.90169,-38.64108],[-58.90172,-38.64109],[-58.90176,-38.6411],[-58.90181,-38.64113],[-58.90186,-38.64116],[-58.90187,-38.64117],[-58.9019,-38.64119],[-58.90191,-38.6412],[-58.90196,-38.64123],[-58.90197,-38.64123],[-58.90204,-38.64125],[-58.90206,-38.64126],[-58.90213,-38.64127],[-58.90219,-38.64127],[-58.90225,-38.64127],[-58.90234,-38.6413],[-58.9024,-38.64134],[-58.90241,-38.64135],[-58.90246,-38.64136],[-58.90247,-38.64136],[-58.90253,-38.64136],[-58.90254,-38.64136],[-58.90255,-38.64136],[-58.90264,-38.64137],[-58.90265,-38.64137],[-58.90272,-38.64139],[-58.90273,-38.6414],[-58.90279,-38.64142],[-58.90282,-38.64142],[-58.90289,-38.64143],[-58.90297,-38.64143],[-58.90301,-38.64144],[-58.90304,-38.64145],[-58.90312,-38.64148],[-58.90315,-38.64149],[-58.90316,-38.64149],[-58.90323,-38.64151],[-58.90324,-38.64151],[-58.90325,-38.64151],[-58.90329,-38.64152],[-58.90331,-38.64153],[-58.90334,-38.64154],[-58.90341,-38.64155],[-58.90347,-38.64157],[-58.90348,-38.64157],[-58.90351,-38.64157],[-58.90354,-38.64157],[-58.90357,-38.64157],[-58.9036,-38.64158],[-58.90361,-38.64158],[-58.90366,-38.6416],[-58.90367,-38.64161],[-58.90369,-38.64161],[-58.90374,-38.64161],[-58.90375,-38.64161],[-58.90376,-38.64161],[-58.90382,-38.64161],[-58.90385,-38.64161],[-58.90389,-38.64163],[-58.9039,-38.64163],[-58.90393,-38.64163],[-58.90393,-38.64164],[-58.90393,-38.64164],[-58.90395,-38.64164],[-58.90396,-38.64165],[-58.90401,-38.64166],[-58.90402,-38.64166],[-58.90409,-38.64167],[-58.9041,-38.64167],[-58.90414,-38.64167],[-58.90415,-38.64167],[-58.90423,-38.64167],[-58.90424,-38.64167],[-58.90428,-38.64168],[-58.90435,-38.6417],[-58.90436,-38.6417],[-58.9044,-38.6417],[-58.90441,-38.64172],[-58.90447,-38.64172],[-58.90452,-38.64174],[-58.90452,-38.64174],[-58.90454,-38.64175],[-58.9046,-38.64176],[-58.90462,-38.64176],[-58.90466,-38.64177],[-58.90467,-38.64177],[-58.90472,-38.6418],[-58.90472,-38.64181],[-58.90479,-38.64183],[-58.90481,-38.64184],[-58.90485,-38.64186],[-58.90485,-38.64187],[-58.90491,-38.6419],[-58.90492,-38.64191],[-58.90495,-38.64195],[-58.90496,-38.64196],[-58.905,-38.642],[-58.90502,-38.64202],[-58.90503,-38.64202],[-58.90508,-38.64205],[-58.90512,-38.64205],[-58.90515,-38.64205],[-58.90519,-38.64205],[-58.9052,-38.64205],[-58.90525,-38.64207],[-58.90525,-38.64208],[-58.90528,-38.64208],[-58.90531,-38.64208],[-58.90539,-38.64207],[-58.90544,-38.64207],[-58.90545,-38.64207],[-58.90549,-38.64207],[-58.90553,-38.64207],[-58.90554,-38.64207],[-58.90563,-38.64207],[-58.90564,-38.64207],[-58.90566,-38.64207],[-58.90571,-38.64208],[-58.90571,-38.64208],[-58.90572,-38.64208],[-58.90575,-38.6421],[-58.90577,-38.64211],[-58.90577,-38.64212],[-58.90579,-38.64214],[-58.9058,-38.64215],[-58.90581,-38.64216],[-58.90584,-38.64219],[-58.90587,-38.64222],[-58.9059,-38.64222],[-58.9059,-38.64222],[-58.90591,-38.64222],[-58.90594,-38.64224],[-58.90601,-38.64225],[-58.90602,-38.64225],[-58.90606,-38.64227],[-58.90608,-38.64227],[-58.90619,-38.64229],[-58.90624,-38.64229],[-58.90625,-38.64229],[-58.90632,-38.64229],[-58.90635,-38.64229],[-58.90642,-38.64229],[-58.90648,-38.64229],[-58.90649,-38.64229],[-58.90654,-38.64229],[-58.90657,-38.64229],[-58.90662,-38.64229],[-58.90663,-38.64229],[-58.90668,-38.64228],[-58.90669,-38.64228],[-58.90672,-38.64227],[-58.90673,-38.64227],[-58.90675,-38.64227],[-58.90683,-38.64227],[-58.9069,-38.64227],[-58.90692,-38.64227],[-58.90698,-38.64229],[-58.90701,-38.6423],[-58.90705,-38.64231],[-58.90706,-38.64231],[-58.90711,-38.64235],[-58.90713,-38.64236],[-58.90721,-38.64239],[-58.90723,-38.64239],[-58.90729,-38.64242],[-58.90732,-38.64242],[-58.90734,-38.64245],[-58.90738,-38.64249],[-58.90739,-38.64249],[-58.90742,-38.64251],[-58.90743,-38.64252],[-58.90747,-38.64255],[-58.90749,-38.64257],[-58.90752,-38.64259],[-58.90754,-38.6426],[-58.90757,-38.64261],[-58.90761,-38.64263],[-58.90762,-38.64264],[-58.90764,-38.64265],[-58.90771,-38.64271],[-58.90772,-38.64271],[-58.90772,-38.64272],[-58.90774,-38.64272],[-58.90778,-38.64274],[-58.90781,-38.64275],[-58.90785,-38.64276],[-58.90786,-38.64276],[-58.90787,-38.64276],[-58.90791,-38.64277],[-58.90792,-38.64277],[-58.90797,-38.64277],[-58.90803,-38.64277],[-58.90806,-38.64277],[-58.90807,-38.64278],[-58.90809,-38.64278],[-58.90813,-38.64279],[-58.90814,-38.64279],[-58.90819,-38.64281],[-58.90821,-38.64281],[-58.90825,-38.64281],[-58.90833,-38.64282],[-58.90835,-38.64282],[-58.90841,-38.64282],[-58.90842,-38.64282],[-58.90848,-38.64283],[-58.90858,-38.64285],[-58.90859,-38.64285],[-58.90867,-38.64286],[-58.90867,-38.64287],[-58.90868,-38.64287],[-58.90876,-38.64289],[-58.90882,-38.6429],[-58.90883,-38.6429],[-58.90888,-38.6429],[-58.90889,-38.64291],[-58.90897,-38.64292],[-58.90903,-38.64293],[-58.90905,-38.64293],[-58.90908,-38.64294],[-58.9091,-38.64294],[-58.90913,-38.64296],[-58.90914,-38.64296],[-58.90918,-38.64297],[-58.90923,-38.64298],[-58.90924,-38.64298],[-58.90925,-38.64298],[-58.90926,-38.64299],[-58.90926,-38.643],[-58.90926,-38.64302],[-58.90927,-38.64304],[-58.90927,-38.64305],[-58.9093,-38.64308],[-58.90932,-38.64309],[-58.90936,-38.64312],[-58.90937,-38.64312],[-58.90941,-38.64314],[-58.90943,-38.64315],[-58.90946,-38.64316],[-58.90949,-38.64318],[-58.9095,-38.64318],[-58.90955,-38.64319],[-58.90956,-38.6432],[-58.90961,-38.64321],[-58.90963,-38.64321],[-58.90964,-38.64321],[-58.90965,-38.64321],[-58.90969,-38.64321],[-58.90971,-38.64321],[-58.90974,-38.64321],[-58.90977,-38.64321],[-58.90978,-38.64321],[-58.90979,-38.64321],[-58.9098,-38.64321],[-58.90981,-38.64322],[-58.90989,-38.64326],[-58.90991,-38.64326],[-58.90995,-38.64326],[-58.91002,-38.64327],[-58.91004,-38.64327],[-58.9101,-38.64329],[-58.91011,-38.64329],[-58.91017,-38.6433],[-58.91018,-38.6433],[-58.91019,-38.6433],[-58.91022,-38.6433],[-58.91024,-38.6433],[-58.91029,-38.6433],[-58.91032,-38.6433],[-58.9104,-38.64332],[-58.91046,-38.64335],[-58.91048,-38.64335],[-58.91054,-38.64337],[-58.91055,-38.64337],[-58.91057,-38.64338],[-58.91064,-38.64338],[-58.91072,-38.6434],[-58.91073,-38.6434],[-58.9108,-38.6434],[-58.91081,-38.6434],[-58.91085,-38.64341],[-58.91094,-38.64343],[-58.91097,-38.64343],[-58.91102,-38.64344],[-58.91104,-38.64344],[-58.91104,-38.64345],[-58.91105,-38.64346],[-58.91115,-38.64348],[-58.91119,-38.64352],[-58.9112,-38.64352],[-58.91123,-38.64354],[-58.91124,-38.64356],[-58.91125,-38.64357],[-58.91126,-38.64357],[-58.91127,-38.64358],[-58.91128,-38.64359],[-58.91131,-38.6436],[-58.91133,-38.64361],[-58.91134,-38.64361],[-58.91135,-38.64361],[-58.91138,-38.64363],[-58.91139,-38.64363],[-58.91141,-38.64364],[-58.91143,-38.64364],[-58.91145,-38.64364],[-58.91147,-38.64364],[-58.91151,-38.64365],[-58.91154,-38.64366],[-58.91155,-38.64366],[-58.91158,-38.64366],[-58.91161,-38.64367],[-58.91163,-38.64367],[-58.91164,-38.64368],[-58.91167,-38.64369],[-58.9117,-38.6437],[-58.91173,-38.64372],[-58.91176,-38.64373],[-58.91179,-38.64374],[-58.9118,-38.64374],[-58.91183,-38.64375],[-58.91186,-38.64376],[-58.91187,-38.64376],[-58.9119,-38.64377],[-58.91193,-38.64377],[-58.91198,-38.64377],[-58.91201,-38.64377],[-58.91202,-38.64377],[-58.91204,-38.64377],[-58.91206,-38.64378],[-58.9121,-38.64379],[-58.91211,-38.64379],[-58.91214,-38.64379],[-58.91215,-38.64379],[-58.91217,-38.64379],[-58.91219,-38.64379],[-58.91222,-38.6438],[-58.91226,-38.6438],[-58.91231,-38.6438],[-58.91236,-38.64381],[-58.91239,-38.64381],[-58.9124,-38.64381],[-58.91242,-38.64382],[-58.91246,-38.64383],[-58.9125,-38.64384],[-58.91253,-38.64385],[-58.91254,-38.64385],[-58.91257,-38.64385],[-58.91259,-38.64385],[-58.9126,-38.64385],[-58.91261,-38.64385],[-58.91263,-38.64385],[-58.91266,-38.64385],[-58.91268,-38.64384],[-58.91269,-38.64384],[-58.91271,-38.64384],[-58.91275,-38.64384],[-58.91279,-38.64384],[-58.91281,-38.64384],[-58.91282,-38.64384],[-58.91285,-38.64383],[-58.91286,-38.64383],[-58.91288,-38.64383],[-58.9129,-38.64383],[-58.91293,-38.64383],[-58.91298,-38.64383],[-58.913,-38.64383],[-58.91302,-38.64383],[-58.91303,-38.64383],[-58.91306,-38.64383],[-58.91307,-38.64383],[-58.91308,-38.64383],[-58.91309,-38.64383],[-58.91311,-38.64383],[-58.91312,-38.64383],[-58.91315,-38.64383],[-58.91317,-38.64384],[-58.9132,-38.64385],[-58.91322,-38.64386],[-58.91325,-38.64387],[-58.91327,-38.64387],[-58.91328,-38.64388],[-58.91329,-38.64388],[-58.91332,-38.64389],[-58.91336,-38.64389],[-58.91339,-38.6439],[-58.91341,-38.6439],[-58.91343,-38.6439],[-58.91347,-38.6439],[-58.9135,-38.6439],[-58.91352,-38.6439],[-58.91353,-38.6439],[-58.91356,-38.6439],[-58.91359,-38.6439],[-58.91361,-38.64391],[-58.91364,-38.64392],[-58.91367,-38.64392],[-58.91372,-38.64392],[-58.91375,-38.64392],[-58.91376,-38.64392],[-58.9138,-38.64393],[-58.91383,-38.64393],[-58.91387,-38.64393],[-58.91391,-38.64393],[-58.91392,-38.64393],[-58.91395,-38.64393],[-58.91396,-38.64393],[-58.91399,-38.64393],[-58.91401,-38.64393],[-58.91404,-38.64395],[-58.91406,-38.64395],[-58.91408,-38.64395],[-58.91413,-38.64396],[-58.91415,-38.64396],[-58.91417,-38.64397],[-58.9142,-38.64398],[-58.91422,-38.64399],[-58.91426,-38.64399],[-58.91429,-38.644],[-58.91433,-38.644],[-58.91437,-38.64401],[-58.91441,-38.64401],[-58.91447,-38.64402],[-58.91451,-38.64403],[-58.91456,-38.64403],[-58.91459,-38.64404],[-58.91461,-38.64404],[-58.91462,-38.64405],[-58.91466,-38.64405],[-58.91472,-38.64407],[-58.91476,-38.64408],[-58.91479,-38.64408],[-58.91481,-38.6441],[-58.91483,-38.6441],[-58.91484,-38.6441],[-58.91486,-38.6441],[-58.91489,-38.6441],[-58.91492,-38.64411],[-58.91494,-38.64412],[-58.91497,-38.64412],[-58.91499,-38.64412],[-58.91503,-38.64413],[-58.91506,-38.64414],[-58.91507,-38.64415],[-58.9151,-38.64415],[-58.91512,-38.64416],[-58.91513,-38.64416],[-58.91514,-38.64416],[-58.91517,-38.64417],[-58.91518,-38.64418],[-58.91519,-38.64418],[-58.91523,-38.64419],[-58.91526,-38.6442],[-58.91529,-38.6442],[-58.9153,-38.64421],[-58.91534,-38.64422],[-58.91536,-38.64422],[-58.91539,-38.64423],[-58.91541,-38.64424],[-58.91544,-38.64425],[-58.91546,-38.64425],[-58.91551,-38.64426],[-58.91555,-38.64427],[-58.91558,-38.64427],[-58.91561,-38.64428],[-58.91566,-38.64429],[-58.9157,-38.64429],[-58.91573,-38.64431],[-58.91576,-38.64431],[-58.91578,-38.64432],[-58.9158,-38.64432],[-58.91585,-38.64433],[-58.91587,-38.64434],[-58.91589,-38.64434],[-58.91593,-38.64435],[-58.91597,-38.64436],[-58.916,-38.64437],[-58.91603,-38.64437],[-58.91606,-38.64439],[-58.91611,-38.64439],[-58.91616,-38.64441],[-58.91617,-38.64442],[-58.91622,-38.64445],[-58.91623,-38.64445],[-58.91627,-38.64446],[-58.91628,-38.64448],[-58.91629,-38.64448],[-58.91631,-38.64449],[-58.91636,-38.64451],[-58.91638,-38.64453],[-58.91641,-38.64454],[-58.91645,-38.64455],[-58.91648,-38.64457],[-58.91649,-38.64457],[-58.91654,-38.64459],[-58.91655,-38.64459],[-58.91659,-38.6446],[-58.9166,-38.6446],[-58.91663,-38.64462],[-58.91668,-38.64464],[-58.91671,-38.64466],[-58.91675,-38.64466],[-58.91676,-38.64467],[-58.91678,-38.64467],[-58.91682,-38.64469],[-58.91686,-38.64471],[-58.91689,-38.64472],[-58.9169,-38.64472],[-58.91692,-38.64473],[-58.91694,-38.64473],[-58.91696,-38.64474],[-58.91696,-38.64474],[-58.91698,-38.64475],[-58.91699,-38.64475],[-58.91701,-38.64475],[-58.91705,-38.64476],[-58.9171,-38.64477],[-58.91713,-38.64477],[-58.91716,-38.64477],[-58.91717,-38.64478],[-58.91718,-38.64478],[-58.91721,-38.64478],[-58.91722,-38.64478],[-58.91727,-38.64478],[-58.91732,-38.64479],[-58.91735,-38.6448],[-58.91739,-38.6448],[-58.91742,-38.6448],[-58.91743,-38.6448],[-58.91745,-38.64481],[-58.91746,-38.64481],[-58.91749,-38.64482],[-58.9175,-38.64482],[-58.91752,-38.64482],[-58.91753,-38.64482],[-58.91756,-38.64483],[-58.9176,-38.64483],[-58.91764,-38.64484],[-58.91769,-38.64485],[-58.91773,-38.64486],[-58.91776,-38.64486],[-58.91781,-38.64487],[-58.91787,-38.64489],[-58.91792,-38.6449],[-58.91795,-38.64491],[-58.91801,-38.64493],[-58.91805,-38.64494],[-58.91809,-38.64495],[-58.91811,-38.64496],[-58.91812,-38.64496],[-58.91815,-38.64498],[-58.9182,-38.645],[-58.91824,-38.64503],[-58.91827,-38.64505],[-58.91828,-38.64506],[-58.91829,-38.64508],[-58.9183,-38.64509],[-58.91831,-38.64509],[-58.91831,-38.64511],[-58.91832,-38.64512],[-58.91834,-38.64515],[-58.91834,-38.64518],[-58.91836,-38.6452],[-58.91838,-38.64523],[-58.91839,-38.64523],[-58.91841,-38.64526],[-58.91843,-38.64527],[-58.91845,-38.64528],[-58.91847,-38.64529],[-58.91849,-38.64529],[-58.91851,-38.64529],[-58.91853,-38.64529],[-58.91856,-38.64529],[-58.91859,-38.6453],[-58.9186,-38.6453],[-58.91863,-38.6453],[-58.91864,-38.6453],[-58.91867,-38.64531],[-58.91871,-38.64532],[-58.91872,-38.64532],[-58.91876,-38.64532],[-58.9188,-38.64533],[-58.91882,-38.64534],[-58.91885,-38.64534],[-58.91886,-38.64534],[-58.91888,-38.64534],[-58.91889,-38.64534],[-58.91891,-38.64535],[-58.91892,-38.64536],[-58.91895,-38.64538],[-58.91896,-38.64538],[-58.91899,-38.64539],[-58.919,-38.64539],[-58.91902,-38.6454],[-58.91904,-38.64541],[-58.91907,-38.64543],[-58.91909,-38.64544],[-58.91913,-38.64545],[-58.91917,-38.64546],[-58.91918,-38.64546],[-58.9192,-38.64547],[-58.91921,-38.64547],[-58.91922,-38.64547],[-58.91924,-38.64547],[-58.91925,-38.64548],[-58.91928,-38.64549],[-58.91931,-38.6455],[-58.91933,-38.64551],[-58.91936,-38.64553],[-58.9194,-38.64554],[-58.91943,-38.64554],[-58.91944,-38.64554],[-58.91948,-38.64555],[-58.91949,-38.64555],[-58.91955,-38.64555],[-58.91956,-38.64555],[-58.9196,-38.64555],[-58.91962,-38.64555],[-58.91964,-38.64555],[-58.91967,-38.64555],[-58.91969,-38.64555],[-58.91972,-38.64555],[-58.91974,-38.64555],[-58.91977,-38.64556],[-58.91982,-38.64556],[-58.91987,-38.64557],[-58.91992,-38.64559],[-58.91992,-38.6456],[-58.91994,-38.6456],[-58.91994,-38.64561],[-58.91997,-38.64563],[-58.92,-38.64566],[-58.92003,-38.64568],[-58.92007,-38.6457],[-58.92012,-38.64572],[-58.92017,-38.64574],[-58.92018,-38.64574],[-58.92024,-38.64574],[-58.92025,-38.64574],[-58.92031,-38.64574],[-58.92035,-38.64574],[-58.92036,-38.64574],[-58.92039,-38.64574],[-58.9204,-38.64574],[-58.92044,-38.64575],[-58.92045,-38.64575],[-58.92048,-38.64576],[-58.92049,-38.64576],[-58.92052,-38.64577],[-58.92055,-38.64578],[-58.92056,-38.64578],[-58.92059,-38.64579],[-58.92062,-38.6458],[-58.92064,-38.6458],[-58.92066,-38.64581],[-58.92068,-38.64581],[-58.92071,-38.64583],[-58.92072,-38.64583],[-58.92075,-38.64584],[-58.92078,-38.64584],[-58.92079,-38.64584],[-58.92082,-38.64584],[-58.92083,-38.64584],[-58.92086,-38.64584],[-58.92087,-38.64584],[-58.92089,-38.64584],[-58.9209,-38.64584],[-58.92092,-38.64584],[-58.92094,-38.64584],[-58.92095,-38.64584],[-58.92096,-38.64584],[-58.92098,-38.64584],[-58.921,-38.64585],[-58.92102,-38.64585],[-58.92103,-38.64585],[-58.92104,-38.64586],[-58.92105,-38.64586],[-58.92106,-38.64587],[-58.92107,-38.64587],[-58.92113,-38.64593],[-58.92114,-38.64593],[-58.92116,-38.64593],[-58.92118,-38.64593],[-58.9212,-38.64593],[-58.92121,-38.64594],[-58.92122,-38.64594],[-58.92123,-38.64594],[-58.92125,-38.64594],[-58.92126,-38.64595],[-58.92128,-38.64596],[-58.9213,-38.64597],[-58.9213,-38.64597],[-58.92131,-38.64597],[-58.92133,-38.64597],[-58.92134,-38.64598],[-58.92136,-38.64598],[-58.92137,-38.64599],[-58.92139,-38.64599],[-58.92142,-38.646],[-58.92143,-38.646],[-58.92146,-38.64601],[-58.92147,-38.64602],[-58.9215,-38.64602],[-58.92152,-38.64603],[-58.92155,-38.64603],[-58.92157,-38.64604],[-58.92159,-38.64604],[-58.92161,-38.64605],[-58.92162,-38.64605],[-58.92165,-38.64605],[-58.92168,-38.64606],[-58.9217,-38.64606],[-58.92173,-38.64606],[-58.92174,-38.64606],[-58.92177,-38.64606],[-58.92179,-38.64606],[-58.9218,-38.64607],[-58.92181,-38.64607],[-58.92182,-38.64607],[-58.92184,-38.64608],[-58.92185,-38.64608],[-58.92187,-38.64609],[-58.92189,-38.6461],[-58.92189,-38.6461],[-58.92192,-38.64611],[-58.92192,-38.64612],[-58.92196,-38.64613],[-58.92198,-38.64614],[-58.92201,-38.64615],[-58.92204,-38.64617],[-58.92207,-38.64617],[-58.92209,-38.64617],[-58.9221,-38.64617],[-58.92212,-38.64618],[-58.92216,-38.64619],[-58.92217,-38.6462],[-58.92218,-38.64621],[-58.92221,-38.64622],[-58.92223,-38.64622],[-58.92226,-38.64623],[-58.92227,-38.64623],[-58.92229,-38.64624],[-58.92231,-38.64625],[-58.92234,-38.64626],[-58.92237,-38.64627],[-58.92238,-38.64627],[-58.92241,-38.64628],[-58.92243,-38.6463],[-58.92246,-38.6463],[-58.92249,-38.64631],[-58.92251,-38.64633],[-58.92253,-38.64633],[-58.92256,-38.64634],[-58.92259,-38.64636],[-58.92262,-38.64636],[-58.92265,-38.64636],[-58.92266,-38.64636],[-58.92268,-38.64637],[-58.92271,-38.64638],[-58.92273,-38.64639],[-58.92277,-38.64641],[-58.92281,-38.64642],[-58.92285,-38.64644],[-58.92288,-38.64645],[-58.92292,-38.64647],[-58.92294,-38.6465],[-58.92295,-38.6465],[-58.92298,-38.64652],[-58.923,-38.64653],[-58.92301,-38.64653],[-58.92303,-38.64654],[-58.92305,-38.64656],[-58.92306,-38.64656],[-58.92309,-38.64656],[-58.92311,-38.64656],[-58.92311,-38.64657],[-58.92314,-38.64658],[-58.92317,-38.64659],[-58.92318,-38.6466],[-58.92321,-38.6466],[-58.92337,-38.64663],[-58.92338,-38.64664],[-58.9234,-38.64665],[-58.92341,-38.64665],[-58.92343,-38.64666],[-58.92345,-38.64667],[-58.92347,-38.64668],[-58.92348,-38.64669],[-58.9235,-38.64669],[-58.92352,-38.6467],[-58.92353,-38.6467],[-58.92354,-38.6467],[-58.92355,-38.64671],[-58.92356,-38.64671],[-58.92358,-38.64672],[-58.9236,-38.64672],[-58.92361,-38.64672],[-58.92363,-38.64672],[-58.92364,-38.64672],[-58.92366,-38.64672],[-58.92367,-38.64673],[-58.92369,-38.64674],[-58.92371,-38.64674],[-58.92372,-38.64674],[-58.92374,-38.64674],[-58.92377,-38.64674],[-58.92378,-38.64674],[-58.92381,-38.64675],[-58.92382,-38.64675],[-58.92383,-38.64675],[-58.92386,-38.64676],[-58.92387,-38.64676],[-58.92388,-38.64676],[-58.92389,-38.64676],[-58.9239,-38.64678],[-58.92392,-38.64678],[-58.92393,-38.64678],[-58.92394,-38.64679],[-58.92396,-38.64679],[-58.92397,-38.6468],[-58.924,-38.64681],[-58.92401,-38.64681],[-58.92402,-38.64682],[-58.92404,-38.64683],[-58.92405,-38.64683],[-58.92406,-38.64684],[-58.92407,-38.64684],[-58.92408,-38.64684],[-58.92409,-38.64684],[-58.9241,-38.64685],[-58.92413,-38.64685],[-58.92414,-38.64686],[-58.92415,-38.64687],[-58.92416,-38.64688],[-58.92417,-38.64688],[-58.92418,-38.64688],[-58.9242,-38.64688],[-58.92422,-38.64689],[-58.92425,-38.6469],[-58.92426,-38.6469],[-58.92429,-38.64692],[-58.92431,-38.64693],[-58.92432,-38.64693],[-58.92434,-38.64695],[-58.92436,-38.64696],[-58.92438,-38.64696],[-58.92441,-38.64696],[-58.92442,-38.64697],[-58.92444,-38.64698],[-58.92446,-38.64699],[-58.92447,-38.64699],[-58.92447,-38.647],[-58.92449,-38.647],[-58.92452,-38.64701],[-58.92455,-38.64702],[-58.92457,-38.64703],[-58.9246,-38.64704],[-58.92463,-38.64704],[-58.92464,-38.64704],[-58.92466,-38.64706],[-58.92469,-38.64706],[-58.9247,-38.64707],[-58.92471,-38.64707],[-58.92473,-38.64708],[-58.92475,-38.64708],[-58.92476,-38.64709],[-58.92478,-38.64709],[-58.92481,-38.6471],[-58.92482,-38.64711],[-58.92483,-38.64711],[-58.92485,-38.64712],[-58.92487,-38.64713],[-58.92487,-38.64714],[-58.9249,-38.64715],[-58.92491,-38.64715],[-58.92492,-38.64715],[-58.92493,-38.64715],[-58.92495,-38.64717],[-58.92496,-38.64717],[-58.92498,-38.64718],[-58.92499,-38.64719],[-58.92501,-38.6472],[-58.92502,-38.64721],[-58.92503,-38.64722],[-58.92505,-38.64723],[-58.92505,-38.64724],[-58.92505,-38.64725],[-58.92506,-38.64727],[-58.92507,-38.64727],[-58.92509,-38.64729],[-58.92511,-38.6473],[-58.92513,-38.64731],[-58.92513,-38.64732],[-58.92514,-38.64733],[-58.92515,-38.64733],[-58.92516,-38.64733],[-58.92518,-38.64735],[-58.9252,-38.64735],[-58.92521,-38.64735],[-58.92522,-38.64736],[-58.92524,-38.64737],[-58.92525,-38.64738],[-58.92527,-38.64739],[-58.92528,-38.64739],[-58.92529,-38.64742],[-58.92533,-38.64743],[-58.92534,-38.64743],[-58.92535,-38.64744],[-58.92537,-38.64744],[-58.92538,-38.64744],[-58.92539,-38.64745],[-58.9254,-38.64745],[-58.92541,-38.64745],[-58.92543,-38.64746],[-58.92544,-38.64746],[-58.92545,-38.64747],[-58.92545,-38.64747],[-58.92546,-38.64747],[-58.92547,-38.64748],[-58.92549,-38.64749],[-58.9255,-38.6475],[-58.92553,-38.64751],[-58.92556,-38.64751],[-58.92558,-38.64753],[-58.92559,-38.64753],[-58.92561,-38.64754],[-58.92561,-38.64755],[-58.92563,-38.64755],[-58.92563,-38.64756],[-58.92565,-38.64757],[-58.92566,-38.64758],[-58.92568,-38.64758],[-58.92568,-38.64759],[-58.9257,-38.6476],[-58.92573,-38.64761],[-58.92574,-38.64761],[-58.92575,-38.64761],[-58.92577,-38.64763],[-58.92578,-38.64763],[-58.92579,-38.64763],[-58.9258,-38.64763],[-58.92581,-38.64764],[-58.92582,-38.64764],[-58.92583,-38.64764],[-58.92584,-38.64764],[-58.92585,-38.64765],[-58.92586,-38.64766],[-58.92589,-38.64767],[-58.9259,-38.64767],[-58.92592,-38.64768],[-58.92594,-38.64768],[-58.92595,-38.64769],[-58.92597,-38.64769],[-58.926,-38.6477],[-58.92601,-38.6477],[-58.92604,-38.64771],[-58.92605,-38.64772],[-58.92606,-38.64773],[-58.92607,-38.64773],[-58.92609,-38.64774],[-58.9261,-38.64774],[-58.92613,-38.64775],[-58.92615,-38.64775],[-58.92616,-38.64775],[-58.92617,-38.64775],[-58.92619,-38.64775],[-58.9262,-38.64775],[-58.92621,-38.64775],[-58.92622,-38.64776],[-58.92624,-38.64777],[-58.92624,-38.64777],[-58.92626,-38.64778],[-58.92627,-38.64778],[-58.92628,-38.64778],[-58.92629,-38.6478],[-58.9263,-38.64781],[-58.92631,-38.64781],[-58.92633,-38.64783],[-58.92634,-38.64783],[-58.92635,-38.64784],[-58.92636,-38.64784],[-58.92638,-38.64786],[-58.9264,-38.64786],[-58.92642,-38.64786],[-58.92643,-38.64787],[-58.92644,-38.64787],[-58.92645,-38.64787],[-58.92646,-38.64787],[-58.92649,-38.64788],[-58.92652,-38.64789],[-58.92653,-38.6479],[-58.92654,-38.6479],[-58.92658,-38.64792],[-58.92662,-38.64794],[-58.92663,-38.64794],[-58.92664,-38.64794],[-58.92666,-38.64795],[-58.92667,-38.64795],[-58.92668,-38.64795],[-58.9267,-38.64796],[-58.92673,-38.64797],[-58.92675,-38.64797],[-58.92676,-38.64797],[-58.92678,-38.64798],[-58.9268,-38.64798],[-58.92682,-38.64799],[-58.92683,-38.648],[-58.92684,-38.648],[-58.92686,-38.648],[-58.92688,-38.64801],[-58.92691,-38.64801],[-58.92692,-38.64801],[-58.92693,-38.64802],[-58.92693,-38.64803],[-58.92695,-38.64803],[-58.92696,-38.64803],[-58.92697,-38.64803],[-58.92697,-38.64804],[-58.92701,-38.64804],[-58.92703,-38.64806],[-58.92704,-38.64806],[-58.92705,-38.64807],[-58.92707,-38.64808],[-58.92708,-38.64809],[-58.92709,-38.6481],[-58.9271,-38.6481],[-58.92711,-38.6481],[-58.92713,-38.64812],[-58.92716,-38.64812],[-58.92717,-38.64813],[-58.92718,-38.64813],[-58.9272,-38.64814],[-58.92722,-38.64815],[-58.92723,-38.64816],[-58.92724,-38.64817],[-58.92725,-38.64817],[-58.92726,-38.64817],[-58.92729,-38.64818],[-58.9273,-38.64818],[-58.92732,-38.6482],[-58.92733,-38.6482],[-58.92734,-38.6482],[-58.92736,-38.6482],[-58.92737,-38.6482],[-58.92738,-38.6482],[-58.9274,-38.64821],[-58.92742,-38.64821],[-58.92742,-38.64822],[-58.92743,-38.64823],[-58.92745,-38.64823],[-58.92746,-38.64823],[-58.92748,-38.64825],[-58.92749,-38.64825],[-58.9275,-38.64825],[-58.92751,-38.64826],[-58.92753,-38.64826],[-58.92754,-38.64827],[-58.92755,-38.64828],[-58.92756,-38.64828],[-58.92758,-38.64829],[-58.92759,-38.6483],[-58.9276,-38.64831],[-58.92761,-38.64831],[-58.92762,-38.64832],[-58.92762,-38.64832],[-58.92763,-38.64833],[-58.92765,-38.64834],[-58.92767,-38.64834],[-58.92769,-38.64835],[-58.92771,-38.64836],[-58.92772,-38.64837],[-58.92773,-38.64837],[-58.92775,-38.64838],[-58.92778,-38.64839],[-58.92779,-38.64839],[-58.9278,-38.64839],[-58.92781,-38.6484],[-58.92782,-38.6484],[-58.92783,-38.64841],[-58.92784,-38.64841],[-58.92784,-38.64842],[-58.92786,-38.64842],[-58.92788,-38.64842],[-58.92789,-38.64842],[-58.9279,-38.64843],[-58.92791,-38.64843],[-58.92792,-38.64843],[-58.92793,-38.64843],[-58.92794,-38.64843],[-58.928,-38.64846],[-58.92801,-38.64846],[-58.92805,-38.64847],[-58.92807,-38.64847],[-58.92808,-38.64847],[-58.92809,-38.64848],[-58.9281,-38.64848],[-58.92811,-38.64848],[-58.92812,-38.64848],[-58.92813,-38.64848],[-58.92814,-38.64849],[-58.92815,-38.64849],[-58.92817,-38.64849],[-58.92817,-38.6485],[-58.92819,-38.64851],[-58.9282,-38.64851],[-58.92822,-38.64852],[-58.92824,-38.64853],[-58.92825,-38.64854],[-58.92826,-38.64854],[-58.92827,-38.64854],[-58.92829,-38.64854],[-58.9283,-38.64854],[-58.92831,-38.64855],[-58.92833,-38.64855],[-58.92835,-38.64856],[-58.92836,-38.64856],[-58.92837,-38.64856],[-58.9284,-38.64856],[-58.92841,-38.64856],[-58.92843,-38.64857],[-58.92846,-38.64858],[-58.92847,-38.64858],[-58.92848,-38.64859],[-58.92852,-38.6486],[-58.92854,-38.64861],[-58.92855,-38.64861],[-58.92856,-38.64861],[-58.92859,-38.64863],[-58.92861,-38.64863],[-58.92863,-38.64865],[-58.92866,-38.64865],[-58.92867,-38.64866],[-58.92869,-38.64867],[-58.92873,-38.64868],[-58.92874,-38.64868],[-58.92876,-38.64869],[-58.9288,-38.6487],[-58.9288,-38.64871],[-58.92883,-38.64872],[-58.92886,-38.64873],[-58.92887,-38.64873],[-58.92887,-38.64873],[-58.92889,-38.64874],[-58.92891,-38.64874],[-58.92892,-38.64875],[-58.92893,-38.64876],[-58.92895,-38.64876],[-58.92896,-38.64877],[-58.92897,-38.64878],[-58.92898,-38.64878],[-58.929,-38.64879],[-58.92901,-38.6488],[-58.92902,-38.6488],[-58.92902,-38.64881],[-58.92905,-38.64882],[-58.92906,-38.64883],[-58.92908,-38.64883],[-58.92909,-38.64884],[-58.92913,-38.64884],[-58.92914,-38.64885],[-58.92916,-38.64886],[-58.92919,-38.64887],[-58.9292,-38.64887],[-58.92921,-38.64888],[-58.92924,-38.64889],[-58.92926,-38.6489],[-58.92927,-38.6489],[-58.92928,-38.64891],[-58.92931,-38.64892],[-58.92932,-38.64892],[-58.92933,-38.64893],[-58.92934,-38.64893],[-58.92936,-38.64894],[-58.92937,-38.64895],[-58.92939,-38.64896],[-58.92941,-38.64897],[-58.92943,-38.64897],[-58.92943,-38.64898],[-58.92946,-38.64899],[-58.92947,-38.649],[-58.92949,-38.649],[-58.92952,-38.64902],[-58.92953,-38.64902],[-58.92955,-38.64903],[-58.92956,-38.64903],[-58.92958,-38.64903],[-58.92958,-38.64904],[-58.92959,-38.64904],[-58.92961,-38.64905],[-58.92963,-38.64906],[-58.92964,-38.64907],[-58.92967,-38.64908],[-58.92968,-38.64908],[-58.92969,-38.64909],[-58.9297,-38.64909],[-58.92972,-38.6491],[-58.92975,-38.64911],[-58.92978,-38.64912],[-58.9298,-38.64913],[-58.92982,-38.64913],[-58.92983,-38.64914],[-58.92984,-38.64914],[-58.92986,-38.64915],[-58.92987,-38.64915],[-58.92989,-38.64916],[-58.92993,-38.64918],[-58.92994,-38.64918],[-58.92997,-38.6492],[-58.93,-38.64921],[-58.93002,-38.64922],[-58.93004,-38.64923],[-58.93006,-38.64924],[-58.93007,-38.64924],[-58.93008,-38.64925],[-58.93009,-38.64926],[-58.93011,-38.64926],[-58.93012,-38.64927],[-58.93013,-38.64928],[-58.93014,-38.64928],[-58.93015,-38.64928],[-58.93018,-38.64929],[-58.93018,-38.6493],[-58.93019,-38.64931],[-58.93022,-38.64932],[-58.93023,-38.64932],[-58.93026,-38.64933],[-58.93028,-38.64933],[-58.93029,-38.64934],[-58.93031,-38.64934],[-58.93033,-38.64936],[-58.93034,-38.64936],[-58.93036,-38.64937],[-58.93037,-38.64937],[-58.93037,-38.64938],[-58.93038,-38.64939],[-58.93039,-38.64939],[-58.93042,-38.6494],[-58.93043,-38.6494],[-58.93045,-38.64941],[-58.93046,-38.64941],[-58.93049,-38.64942],[-58.93051,-38.64943],[-58.93052,-38.64943],[-58.93056,-38.64943],[-58.93056,-38.64944],[-58.93059,-38.64945],[-58.93062,-38.64946],[-58.93063,-38.64946],[-58.93065,-38.64947],[-58.93067,-38.64947],[-58.93068,-38.64948],[-58.93069,-38.64949],[-58.93071,-38.6495],[-58.93072,-38.6495],[-58.93074,-38.64952],[-58.93077,-38.64953],[-58.93078,-38.64954],[-58.93079,-38.64955],[-58.9308,-38.64955],[-58.93081,-38.64956],[-58.93083,-38.64957],[-58.93085,-38.64958],[-58.93086,-38.64959],[-58.93089,-38.64962],[-58.93091,-38.64963],[-58.93092,-38.64963],[-58.93092,-38.64964],[-58.93095,-38.64965],[-58.93097,-38.64966],[-58.93099,-38.64967],[-58.93099,-38.64968],[-58.931,-38.64968],[-58.93101,-38.64968],[-58.93103,-38.64969],[-58.93104,-38.64969],[-58.93105,-38.64969],[-58.93106,-38.6497],[-58.93107,-38.6497],[-58.93108,-38.6497],[-58.93109,-38.6497],[-58.9311,-38.6497],[-58.93112,-38.64972],[-58.93113,-38.64973],[-58.93114,-38.64973],[-58.93116,-38.64974],[-58.93117,-38.64974],[-58.93119,-38.64975],[-58.9312,-38.64975],[-58.93121,-38.64975],[-58.93123,-38.64976],[-58.93125,-38.64977],[-58.93127,-38.64978],[-58.93128,-38.64978],[-58.93129,-38.64978],[-58.93131,-38.64979],[-58.93132,-38.6498],[-58.93133,-38.6498],[-58.93133,-38.64981],[-58.93134,-38.64981],[-58.93135,-38.64982],[-58.93136,-38.64983],[-58.93137,-38.64984],[-58.93137,-38.64985],[-58.93137,-38.64986],[-58.93137,-38.64988],[-58.93139,-38.6499],[-58.93139,-38.64992],[-58.9314,-38.64992],[-58.9314,-38.64993],[-58.93141,-38.64994],[-58.93142,-38.64995],[-58.93142,-38.64997],[-58.93143,-38.64998],[-58.93143,-38.64999],[-58.93144,-38.65001],[-58.93146,-38.65003],[-58.93146,-38.65004],[-58.93146,-38.65005],[-58.93147,-38.65006],[-58.93148,-38.65008],[-58.93149,-38.65009],[-58.9315,-38.65009],[-58.9315,-38.6501],[-58.93152,-38.65011],[-58.93153,-38.65011],[-58.93153,-38.65011],[-58.93156,-38.65012],[-58.93157,-38.65012],[-58.93159,-38.65013],[-58.9316,-38.65014],[-58.93162,-38.65014],[-58.93162,-38.65015],[-58.93163,-38.65016],[-58.93164,-38.65018],[-58.93165,-38.65018],[-58.93166,-38.65019],[-58.93167,-38.65019],[-58.93168,-38.6502],[-58.93169,-38.6502],[-58.9317,-38.6502],[-58.93171,-38.6502],[-58.93172,-38.6502],[-58.93173,-38.6502],[-58.93176,-38.6502],[-58.93177,-38.6502],[-58.93178,-38.6502],[-58.9318,-38.6502],[-58.93181,-38.65019],[-58.93181,-38.65018],[-58.93182,-38.65018],[-58.93183,-38.65017],[-58.93184,-38.65016],[-58.93185,-38.65015],[-58.93186,-38.65015],[-58.93188,-38.65015],[-58.93189,-38.65015],[-58.9319,-38.65015],[-58.93191,-38.65015],[-58.93192,-38.65015],[-58.93193,-38.65015],[-58.93194,-38.65015],[-58.93195,-38.65016],[-58.93196,-38.65016],[-58.93196,-38.65016],[-58.93197,-38.65016],[-58.93198,-38.65017],[-58.93199,-38.65018],[-58.93201,-38.65018],[-58.93202,-38.65019],[-58.93203,-38.65019],[-58.93207,-38.6502],[-58.93209,-38.6502],[-58.93211,-38.65021],[-58.93212,-38.65021],[-58.93215,-38.65021],[-58.93216,-38.65021],[-58.93216,-38.65021],[-58.93217,-38.65021],[-58.93219,-38.65021],[-58.9322,-38.65022],[-58.93221,-38.65022],[-58.93223,-38.65022],[-58.93225,-38.65022],[-58.93226,-38.65023],[-58.93228,-38.65023],[-58.93229,-38.65023],[-58.9323,-38.65023],[-58.93231,-38.65023],[-58.93232,-38.65024],[-58.93233,-38.65024],[-58.93235,-38.65024],[-58.93236,-38.65024],[-58.93238,-38.65025],[-58.93239,-38.65025],[-58.9324,-38.65025],[-58.93243,-38.65026],[-58.93245,-38.65026],[-58.93246,-38.65026],[-58.93248,-38.65027],[-58.9325,-38.65027],[-58.93251,-38.65028],[-58.93252,-38.65028],[-58.93254,-38.65028],[-58.93255,-38.65028],[-58.93256,-38.65029],[-58.93258,-38.6503],[-58.9326,-38.6503],[-58.93261,-38.6503],[-58.93262,-38.6503],[-58.93263,-38.6503],[-58.93265,-38.6503],[-58.93267,-38.65031],[-58.93271,-38.65031],[-58.93273,-38.65031],[-58.93275,-38.65032],[-58.93275,-38.65032],[-58.93277,-38.65032],[-58.93278,-38.65033],[-58.93279,-38.65034],[-58.93281,-38.65034],[-58.93282,-38.65034],[-58.93284,-38.65035],[-58.93284,-38.65036],[-58.93285,-38.65036],[-58.93286,-38.65037],[-58.93287,-38.65037],[-58.93288,-38.65037],[-58.93289,-38.65038],[-58.9329,-38.65038],[-58.93291,-38.6504],[-58.93293,-38.65043],[-58.93294,-38.65045],[-58.93295,-38.65045],[-58.93295,-38.65046],[-58.93298,-38.65049],[-58.93299,-38.6505],[-58.933,-38.65051],[-58.93301,-38.65051],[-58.93302,-38.65052],[-58.93303,-38.65055],[-58.93304,-38.65055],[-58.93305,-38.65056],[-58.93308,-38.65057],[-58.9331,-38.65057],[-58.93312,-38.65057],[-58.93312,-38.65058],[-58.93314,-38.65058],[-58.93315,-38.65058],[-58.93316,-38.65059],[-58.93318,-38.65059],[-58.93319,-38.65059],[-58.93322,-38.65059],[-58.93324,-38.6506],[-58.93325,-38.6506],[-58.93326,-38.6506],[-58.93328,-38.65061],[-58.93329,-38.65061],[-58.93331,-38.65062],[-58.93333,-38.65063],[-58.93334,-38.65063],[-58.93335,-38.65063],[-58.93336,-38.65063],[-58.93339,-38.65065],[-58.93341,-38.65065],[-58.93343,-38.65066],[-58.93346,-38.65067],[-58.93347,-38.65068],[-58.93348,-38.65068],[-58.9335,-38.65068],[-58.93352,-38.65069],[-58.93353,-38.65069],[-58.93355,-38.65071],[-58.93356,-38.65071],[-58.93358,-38.65071],[-58.93361,-38.65072],[-58.93363,-38.65073],[-58.93366,-38.65073],[-58.93367,-38.65073],[-58.93369,-38.65074],[-58.93372,-38.65075],[-58.93373,-38.65075],[-58.93374,-38.65075],[-58.93374,-38.65076],[-58.93374,-38.65076],[-58.93376,-38.65076],[-58.93377,-38.65077],[-58.93378,-38.65077],[-58.93379,-38.65077],[-58.93381,-38.65078],[-58.93382,-38.65078],[-58.93383,-38.65079],[-58.93384,-38.6508],[-58.93385,-38.6508],[-58.93387,-38.65081],[-58.93389,-38.65081],[-58.9339,-38.65082],[-58.93392,-38.65083],[-58.93393,-38.65084],[-58.93394,-38.65084],[-58.93394,-38.65085],[-58.93394,-38.65086],[-58.93395,-38.65086],[-58.93395,-38.65087],[-58.93398,-38.65089],[-58.934,-38.65089],[-58.93401,-38.6509],[-58.93402,-38.6509],[-58.93404,-38.6509],[-58.93405,-38.6509],[-58.93406,-38.6509],[-58.93407,-38.6509],[-58.93408,-38.6509],[-58.9341,-38.6509],[-58.93411,-38.6509],[-58.93412,-38.65089],[-58.93413,-38.65089],[-58.93414,-38.65089],[-58.93415,-38.65088],[-58.93417,-38.65088],[-58.93418,-38.65088],[-58.93419,-38.65088],[-58.9342,-38.65088],[-58.93421,-38.65088],[-58.93422,-38.65088],[-58.93423,-38.65088],[-58.93424,-38.65088],[-58.93425,-38.65088],[-58.93426,-38.65089],[-58.93427,-38.65089],[-58.93429,-38.6509],[-58.93432,-38.6509],[-58.93433,-38.6509],[-58.93433,-38.6509],[-58.93435,-38.6509],[-58.93436,-38.6509],[-58.93438,-38.6509],[-58.93439,-38.6509],[-58.9344,-38.6509],[-58.93442,-38.6509],[-58.93443,-38.6509],[-58.93444,-38.6509],[-58.93445,-38.6509],[-58.93447,-38.6509],[-58.93448,-38.6509],[-58.93449,-38.6509],[-58.9345,-38.6509],[-58.93452,-38.65091],[-58.93454,-38.65091],[-58.93455,-38.65091],[-58.93456,-38.65091],[-58.93459,-38.65091],[-58.9346,-38.65092],[-58.93461,-38.65092],[-58.93463,-38.65092],[-58.93464,-38.65092],[-58.93465,-38.65092],[-58.93466,-38.65092],[-58.93468,-38.65092],[-58.9347,-38.65092],[-58.93471,-38.65092],[-58.93472,-38.65092],[-58.93473,-38.65092],[-58.93475,-38.65092],[-58.93477,-38.65093],[-58.93479,-38.65093],[-58.93481,-38.65094],[-58.93482,-38.65094],[-58.93483,-38.65094],[-58.93484,-38.65094],[-58.93485,-38.65094],[-58.93486,-38.65094],[-58.93488,-38.65094],[-58.9349,-38.65095],[-58.93492,-38.65095],[-58.93493,-38.65095],[-58.93494,-38.65095],[-58.93497,-38.65095],[-58.93498,-38.65096],[-58.935,-38.65097],[-58.93503,-38.65097],[-58.93504,-38.65097],[-58.93505,-38.65097],[-58.93507,-38.65097],[-58.93509,-38.65098],[-58.9351,-38.65099],[-58.93512,-38.651],[-58.93514,-38.651],[-58.93517,-38.65101],[-58.93519,-38.65102],[-58.93521,-38.65102],[-58.93523,-38.65102],[-58.93527,-38.65103],[-58.93528,-38.65104],[-58.9353,-38.65104],[-58.93531,-38.65105],[-58.93532,-38.65105],[-58.93533,-38.65106],[-58.93535,-38.65106],[-58.93537,-38.65106],[-58.93539,-38.65107],[-58.9354,-38.65107],[-58.93544,-38.65108],[-58.93545,-38.65109],[-58.93547,-38.65109],[-58.93549,-38.6511],[-58.93551,-38.6511],[-58.93553,-38.6511],[-58.93556,-38.65111],[-58.93557,-38.65112],[-58.9356,-38.65113],[-58.93561,-38.65113],[-58.93562,-38.65113],[-58.93566,-38.65115],[-58.93568,-38.65116],[-58.9357,-38.65117],[-58.93571,-38.65117],[-58.93572,-38.65118],[-58.93574,-38.65119],[-58.93576,-38.6512],[-58.93578,-38.65121],[-58.9358,-38.65122],[-58.93581,-38.65122],[-58.93582,-38.65122],[-58.93584,-38.65124],[-58.93587,-38.65125],[-58.93589,-38.65125],[-58.93591,-38.65126],[-58.93592,-38.65127],[-58.93597,-38.65132],[-58.93598,-38.65132],[-58.93599,-38.65132],[-58.93608,-38.65135],[-58.9361,-38.65136],[-58.93611,-38.65136],[-58.93611,-38.65137],[-58.93612,-38.65137],[-58.93615,-38.65139],[-58.93616,-38.6514],[-58.93619,-38.65141],[-58.9362,-38.65143],[-58.93621,-38.65143],[-58.93624,-38.65144],[-58.93624,-38.65145],[-58.93626,-38.65146],[-58.93628,-38.65147],[-58.9363,-38.65148],[-58.9363,-38.65149],[-58.9363,-38.65149],[-58.93633,-38.6515],[-58.93636,-38.65151],[-58.93638,-38.65153],[-58.9364,-38.65154],[-58.93641,-38.65154],[-58.93643,-38.65156],[-58.93645,-38.65156],[-58.93646,-38.65157],[-58.93648,-38.65158],[-58.93648,-38.65159],[-58.9365,-38.6516],[-58.9365,-38.65161],[-58.93652,-38.65162],[-58.93654,-38.65164],[-58.93655,-38.65165],[-58.93656,-38.65165],[-58.93657,-38.65165],[-58.93658,-38.65166],[-58.93659,-38.65166],[-58.9366,-38.65167],[-58.93661,-38.65168],[-58.93662,-38.65169],[-58.93665,-38.65169],[-58.93666,-38.6517],[-58.93666,-38.65171],[-58.93667,-38.65172],[-58.93667,-38.65174],[-58.93667,-38.65175],[-58.93667,-38.65177],[-58.93667,-38.65178],[-58.93666,-38.65179],[-58.93665,-38.6518],[-58.93665,-38.65181],[-58.93664,-38.65181],[-58.93664,-38.65182],[-58.93664,-38.65183],[-58.93664,-38.65184],[-58.93664,-38.65185],[-58.93665,-38.65187],[-58.93666,-38.65188],[-58.93669,-38.65188],[-58.9367,-38.65189],[-58.93671,-38.65189],[-58.93672,-38.65189],[-58.93674,-38.65189],[-58.93675,-38.65189],[-58.93676,-38.65189],[-58.93679,-38.65189],[-58.9368,-38.65189],[-58.93681,-38.65191],[-58.93684,-38.65192],[-58.93684,-38.65194],[-58.93685,-38.65195],[-58.93685,-38.65196],[-58.93685,-38.65197],[-58.93685,-38.65198],[-58.93686,-38.65199],[-58.93687,-38.652],[-58.93688,-38.65201],[-58.93688,-38.65202],[-58.93689,-38.65203],[-58.9369,-38.65203],[-58.9369,-38.65203],[-58.93693,-38.65203],[-58.93693,-38.65204],[-58.93694,-38.65204],[-58.93695,-38.65204],[-58.93695,-38.65205],[-58.93696,-38.65205],[-58.93698,-38.65206],[-58.93698,-38.65207],[-58.93699,-38.65207],[-58.937,-38.65208],[-58.93701,-38.65209],[-58.93701,-38.6521],[-58.93703,-38.65211],[-58.93704,-38.65212],[-58.93705,-38.65212],[-58.93707,-38.65213],[-58.93708,-38.65213],[-58.93709,-38.65215],[-58.9371,-38.65216],[-58.93713,-38.65218],[-58.93714,-38.65219],[-58.93715,-38.65219],[-58.93716,-38.6522],[-58.93721,-38.65222],[-58.93722,-38.65223],[-58.93723,-38.65223],[-58.93724,-38.65223],[-58.93726,-38.65224],[-58.93727,-38.65225],[-58.93729,-38.65225],[-58.9373,-38.65225],[-58.93732,-38.65226],[-58.93734,-38.65226],[-58.93735,-38.65226],[-58.93736,-38.65226],[-58.93738,-38.65226],[-58.93739,-38.65226],[-58.93741,-38.65226],[-58.93742,-38.65226],[-58.93744,-38.65226],[-58.93746,-38.65226],[-58.93748,-38.65226],[-58.93749,-38.65226],[-58.93749,-38.65226],[-58.9375,-38.65226],[-58.93751,-38.65226],[-58.93753,-38.65226],[-58.93754,-38.65226],[-58.93756,-38.65226],[-58.93758,-38.65226],[-58.93759,-38.65226],[-58.93762,-38.65226],[-58.93763,-38.65226],[-58.93765,-38.65226],[-58.93766,-38.65226],[-58.93768,-38.65226],[-58.93769,-38.65226],[-58.9377,-38.65227],[-58.93772,-38.65228],[-58.93773,-38.65228],[-58.93775,-38.65228],[-58.93777,-38.65228],[-58.93778,-38.65228],[-58.93779,-38.65228],[-58.93781,-38.65228],[-58.93783,-38.65229],[-58.93784,-38.65229],[-58.93786,-38.65229],[-58.93788,-38.65229],[-58.93788,-38.65229],[-58.93789,-38.6523],[-58.9379,-38.6523],[-58.93791,-38.6523],[-58.93791,-38.65231],[-58.93793,-38.65231],[-58.93794,-38.65232],[-58.93796,-38.65232],[-58.93797,-38.65232],[-58.93798,-38.65232],[-58.93799,-38.65232],[-58.938,-38.65231],[-58.93801,-38.65231],[-58.93802,-38.65231],[-58.93803,-38.65231],[-58.93804,-38.65231],[-58.93805,-38.65231],[-58.93806,-38.65231],[-58.93807,-38.65231],[-58.93808,-38.6523],[-58.93808,-38.6523],[-58.93809,-38.6523],[-58.9381,-38.6523],[-58.93813,-38.65231],[-58.93814,-38.65231],[-58.93816,-38.65232],[-58.93817,-38.65232],[-58.93817,-38.65233],[-58.93819,-38.65234],[-58.9382,-38.65234],[-58.93821,-38.65234],[-58.93823,-38.65235],[-58.93825,-38.65235],[-58.93827,-38.65235],[-58.93827,-38.65236],[-58.93828,-38.65236],[-58.93828,-38.65237],[-58.93829,-38.65237],[-58.93831,-38.65238],[-58.93832,-38.65239],[-58.93833,-38.6524],[-58.93834,-38.65241],[-58.93835,-38.65241],[-58.93835,-38.65242],[-58.93836,-38.65242],[-58.93847,-38.65248],[-58.93848,-38.65248],[-58.93848,-38.65248],[-58.9385,-38.65249],[-58.93851,-38.65249],[-58.93853,-38.6525],[-58.93854,-38.65251],[-58.93855,-38.65251],[-58.93856,-38.65252],[-58.93857,-38.65252],[-58.93858,-38.65252],[-58.93859,-38.65252],[-58.9386,-38.65252],[-58.93861,-38.65252],[-58.93862,-38.65252],[-58.93864,-38.65253],[-58.93866,-38.65253],[-58.93866,-38.65254],[-58.93867,-38.65254],[-58.93867,-38.65255],[-58.93869,-38.65256],[-58.9387,-38.65256],[-58.93871,-38.65256],[-58.93873,-38.65257],[-58.93874,-38.65258],[-58.93876,-38.65258],[-58.93877,-38.65259],[-58.93878,-38.65259],[-58.93879,-38.65259],[-58.93881,-38.65259],[-58.93882,-38.65259],[-58.93885,-38.6526],[-58.93886,-38.6526],[-58.93887,-38.6526],[-58.93888,-38.6526],[-58.93889,-38.6526],[-58.93891,-38.6526],[-58.93894,-38.65261],[-58.93895,-38.65261],[-58.93896,-38.65261],[-58.93897,-38.65261],[-58.93898,-38.65262],[-58.93899,-38.65262],[-58.939,-38.65262],[-58.93903,-38.65262],[-58.93905,-38.65263],[-58.93907,-38.65263],[-58.93907,-38.65263],[-58.93909,-38.65263],[-58.93911,-38.65264],[-58.93912,-38.65264],[-58.93915,-38.65264],[-58.93916,-38.65264],[-58.93918,-38.65264],[-58.9392,-38.65264],[-58.93921,-38.65264],[-58.93922,-38.65264],[-58.93923,-38.65264],[-58.93924,-38.65264],[-58.93927,-38.65265],[-58.93928,-38.65265],[-58.93929,-38.65266],[-58.9393,-38.65267],[-58.93931,-38.65268],[-58.93933,-38.65268],[-58.93935,-38.65268],[-58.93936,-38.65269],[-58.93937,-38.6527],[-58.93939,-38.65271],[-58.9394,-38.65273],[-58.93942,-38.65274],[-58.93943,-38.65275],[-58.93945,-38.65276],[-58.93946,-38.65277],[-58.93946,-38.65277],[-58.93949,-38.65278],[-58.9395,-38.65278],[-58.93953,-38.6528],[-58.93957,-38.65281],[-58.93958,-38.65281],[-58.9396,-38.65281],[-58.93961,-38.65281],[-58.93963,-38.65282],[-58.93964,-38.65282],[-58.93965,-38.65283],[-58.93967,-38.65283],[-58.93968,-38.65284],[-58.93971,-38.65285],[-58.93973,-38.65285],[-58.93974,-38.65286],[-58.93976,-38.65287],[-58.93978,-38.65288],[-58.9398,-38.65288],[-58.93983,-38.65288],[-58.93984,-38.65288],[-58.93986,-38.65288],[-58.93988,-38.6529],[-58.93989,-38.6529],[-58.9399,-38.6529],[-58.93993,-38.65291],[-58.93994,-38.65292],[-58.93998,-38.65293],[-58.94,-38.65293],[-58.94001,-38.65294],[-58.94002,-38.65295],[-58.94005,-38.65295],[-58.94006,-38.65296],[-58.94008,-38.65297],[-58.9401,-38.65299],[-58.94011,-38.65299],[-58.94013,-38.653],[-58.94015,-38.65301],[-58.94016,-38.65302],[-58.94017,-38.65302],[-58.94019,-38.65303],[-58.9402,-38.65304],[-58.94021,-38.65305],[-58.94023,-38.65306],[-58.94025,-38.65307],[-58.94027,-38.65308],[-58.94028,-38.65308],[-58.9403,-38.65308],[-58.94031,-38.65309],[-58.94032,-38.6531],[-58.94035,-38.65312],[-58.94036,-38.65313],[-58.94037,-38.65313],[-58.94038,-38.65314],[-58.94039,-38.65315],[-58.94042,-38.65316],[-58.94042,-38.65317],[-58.94043,-38.65318],[-58.94045,-38.65319],[-58.94045,-38.6532],[-58.94045,-38.6532],[-58.94046,-38.65321],[-58.94047,-38.65322],[-58.94048,-38.65324],[-58.94048,-38.65325],[-58.94049,-38.65326],[-58.9405,-38.65327],[-58.9405,-38.65328],[-58.94051,-38.65329],[-58.94051,-38.6533],[-58.94052,-38.65332],[-58.94053,-38.65332],[-58.94053,-38.65333],[-58.94053,-38.65334],[-58.94054,-38.65335],[-58.94056,-38.65336],[-58.94057,-38.65336],[-58.94058,-38.65336],[-58.9406,-38.65336],[-58.94061,-38.65336],[-58.94062,-38.65336],[-58.94064,-38.65336],[-58.94065,-38.65336],[-58.94067,-38.65336],[-58.94068,-38.65336],[-58.9407,-38.65336],[-58.94071,-38.65336],[-58.94072,-38.65336],[-58.94073,-38.65336],[-58.94075,-38.65336],[-58.94075,-38.65337],[-58.94077,-38.65338],[-58.94078,-38.65339],[-58.94079,-38.65339],[-58.94079,-38.6534],[-58.94081,-38.65343],[-58.94083,-38.65344],[-58.94084,-38.65346],[-58.94084,-38.65346],[-58.94085,-38.65347],[-58.94086,-38.65347],[-58.94087,-38.65347],[-58.94089,-38.65347],[-58.9409,-38.65347],[-58.94091,-38.65347],[-58.94094,-38.65347],[-58.94096,-38.65347],[-58.94096,-38.65348],[-58.94099,-38.65348],[-58.94101,-38.65348],[-58.94102,-38.65348],[-58.94103,-38.65348],[-58.94104,-38.65348],[-58.94104,-38.65348],[-58.94105,-38.65348],[-58.94106,-38.65348],[-58.94109,-38.65349],[-58.94111,-38.65349],[-58.94113,-38.65351],[-58.94114,-38.65351],[-58.94116,-38.65351],[-58.94117,-38.65351],[-58.9412,-38.65351],[-58.94121,-38.65351],[-58.94123,-38.65352],[-58.94124,-38.65352],[-58.94124,-38.65352],[-58.94126,-38.65352],[-58.94127,-38.65352],[-58.94129,-38.65352],[-58.94131,-38.65353],[-58.94133,-38.65353],[-58.94134,-38.65354],[-58.94135,-38.65354],[-58.94136,-38.65354],[-58.94137,-38.65354],[-58.94138,-38.65354],[-58.9414,-38.65354],[-58.94141,-38.65355],[-58.94143,-38.65355],[-58.94143,-38.65356],[-58.94144,-38.65357],[-58.94144,-38.65358],[-58.94145,-38.65359],[-58.94145,-38.6536],[-58.94145,-38.65361],[-58.94145,-38.65362],[-58.94145,-38.65363],[-58.94145,-38.65364],[-58.94145,-38.65365],[-58.94146,-38.65367],[-58.94147,-38.65367],[-58.9415,-38.65367],[-58.94152,-38.65367],[-58.94154,-38.65367],[-58.94155,-38.65367],[-58.94156,-38.65367],[-58.94157,-38.65367],[-58.94158,-38.65367],[-58.94159,-38.65367],[-58.94167,-38.6537],[-58.94168,-38.6537],[-58.9417,-38.6537],[-58.94172,-38.65371],[-58.94174,-38.65372],[-58.94175,-38.65375],[-58.94177,-38.65377],[-58.94179,-38.65379],[-58.94181,-38.65381],[-58.94182,-38.65383],[-58.94184,-38.65385],[-58.94187,-38.65387],[-58.9419,-38.65387],[-58.94194,-38.65387],[-58.94195,-38.65387],[-58.94198,-38.65387],[-58.942,-38.65387],[-58.94201,-38.65387],[-58.94203,-38.65387],[-58.94203,-38.65387],[-58.94204,-38.65388],[-58.94206,-38.65389],[-58.94208,-38.6539],[-58.9421,-38.65391],[-58.94212,-38.65392],[-58.94213,-38.65392],[-58.94216,-38.65392],[-58.94219,-38.65392],[-58.94221,-38.65393],[-58.94223,-38.65394],[-58.94224,-38.65395],[-58.94226,-38.65397],[-58.94228,-38.65398],[-58.94229,-38.65399],[-58.9423,-38.65399],[-58.94232,-38.65401],[-58.94235,-38.65402],[-58.94237,-38.65403],[-58.94239,-38.65404],[-58.9424,-38.65404],[-58.94242,-38.65405],[-58.94245,-38.65406],[-58.9425,-38.65408],[-58.94253,-38.6541],[-58.94255,-38.65412],[-58.94258,-38.65412],[-58.94261,-38.65413],[-58.94262,-38.65414],[-58.94263,-38.65415],[-58.94265,-38.65417],[-58.94266,-38.65419],[-58.94267,-38.65421],[-58.94268,-38.65424],[-58.94268,-38.65426],[-58.94269,-38.65427],[-58.94269,-38.65429],[-58.94269,-38.6543],[-58.94269,-38.65431],[-58.94269,-38.65434],[-58.94269,-38.65435],[-58.9427,-38.65435],[-58.94271,-38.65437],[-58.94275,-38.65438],[-58.94276,-38.65438],[-58.94279,-38.65438],[-58.94282,-38.65438],[-58.94284,-38.65439],[-58.94287,-38.65439],[-58.9429,-38.6544],[-58.94293,-38.65441],[-58.94295,-38.65441],[-58.94296,-38.65442],[-58.94298,-38.65443],[-58.94299,-38.65444],[-58.94301,-38.65446],[-58.94302,-38.65446],[-58.94303,-38.65448],[-58.94305,-38.65449],[-58.94307,-38.65451],[-58.94309,-38.65452],[-58.94311,-38.65453],[-58.94314,-38.65454],[-58.94317,-38.65455],[-58.94319,-38.65455],[-58.94321,-38.65456],[-58.94321,-38.65456],[-58.94324,-38.65458],[-58.94326,-38.65459],[-58.94328,-38.6546],[-58.94331,-38.65461],[-58.94333,-38.65463],[-58.94336,-38.65465],[-58.94338,-38.65466],[-58.9434,-38.65469],[-58.94341,-38.65471],[-58.94341,-38.65472],[-58.94342,-38.65473],[-58.94342,-38.65474],[-58.94343,-38.65476],[-58.94345,-38.65477],[-58.94347,-38.6548],[-58.94348,-38.6548],[-58.94351,-38.65483],[-58.94354,-38.65485],[-58.94355,-38.65486],[-58.94356,-38.65487],[-58.94358,-38.65488],[-58.9436,-38.6549],[-58.94362,-38.65492],[-58.94362,-38.65493],[-58.94362,-38.65495],[-58.94363,-38.65495],[-58.94363,-38.65496],[-58.94363,-38.65497],[-58.94363,-38.65498],[-58.94363,-38.65499],[-58.94363,-38.65501],[-58.94363,-38.65503],[-58.94363,-38.65505],[-58.94362,-38.65507],[-58.94362,-38.65508],[-58.94362,-38.6551],[-58.94362,-38.65512],[-58.94363,-38.65513],[-58.94366,-38.65514],[-58.94369,-38.65514],[-58.94372,-38.65515],[-58.94375,-38.65516],[-58.94377,-38.65516],[-58.94378,-38.65516],[-58.9438,-38.65516],[-58.94381,-38.65517],[-58.94382,-38.65518],[-58.94384,-38.65519],[-58.94385,-38.6552],[-58.94387,-38.65522],[-58.9439,-38.65524],[-58.94392,-38.65526],[-58.94394,-38.65528],[-58.94396,-38.6553],[-58.94397,-38.65531],[-58.94397,-38.65532],[-58.94398,-38.65534],[-58.94399,-38.65536],[-58.944,-38.65537],[-58.944,-38.65538],[-58.94401,-38.65539],[-58.94402,-38.6554],[-58.94403,-38.65541],[-58.94405,-38.65543],[-58.94406,-38.65545],[-58.94407,-38.65547],[-58.94408,-38.65548],[-58.94409,-38.6555],[-58.94409,-38.65552],[-58.94409,-38.65554],[-58.94409,-38.65555],[-58.94408,-38.65555],[-58.94408,-38.65556],[-58.94408,-38.65558],[-58.94408,-38.65559],[-58.94408,-38.6556],[-58.94408,-38.65561],[-58.94408,-38.65562],[-58.94409,-38.65562],[-58.94412,-38.65562],[-58.94414,-38.65562],[-58.94415,-38.65562],[-58.94417,-38.65563],[-58.9442,-38.65564],[-58.94421,-38.65565],[-58.94422,-38.65565],[-58.94423,-38.65567],[-58.94424,-38.65568],[-58.94424,-38.65569],[-58.94423,-38.65572],[-58.94421,-38.65574],[-58.94421,-38.65575],[-58.9442,-38.65577],[-58.9442,-38.65578],[-58.94419,-38.6558],[-58.94419,-38.65581],[-58.94419,-38.65582],[-58.94419,-38.65583],[-58.94419,-38.65585],[-58.94419,-38.65587],[-58.94419,-38.65588],[-58.94419,-38.65589],[-58.94419,-38.65591],[-58.94419,-38.65592],[-58.94419,-38.65593],[-58.94417,-38.65597],[-58.94417,-38.65598],[-58.94416,-38.656],[-58.94414,-38.65601],[-58.94413,-38.65603],[-58.94411,-38.65604],[-58.9441,-38.65606],[-58.94409,-38.65607],[-58.94409,-38.65608],[-58.94409,-38.65609],[-58.94408,-38.65612],[-58.94408,-38.65613],[-58.94407,-38.65614],[-58.94407,-38.65616],[-58.94407,-38.65617],[-58.94406,-38.65618],[-58.94406,-38.65619],[-58.94405,-38.65622],[-58.94405,-38.65623],[-58.94405,-38.65624],[-58.94405,-38.65625],[-58.94405,-38.65627],[-58.94406,-38.65631],[-58.94407,-38.65634],[-58.94408,-38.65637],[-58.94408,-38.65638],[-58.94408,-38.65641],[-58.94409,-38.65642],[-58.94409,-38.65643],[-58.94409,-38.65643],[-58.94411,-38.65645],[-58.94413,-38.65646],[-58.94414,-38.65646],[-58.94415,-38.65647],[-58.94416,-38.65649],[-58.94417,-38.6565],[-58.94417,-38.65651],[-58.94418,-38.65653],[-58.94418,-38.65654],[-58.94418,-38.65656],[-58.94418,-38.65657],[-58.94418,-38.6566],[-58.94416,-38.65661],[-58.94414,-38.65663],[-58.94411,-38.65663],[-58.9441,-38.65664],[-58.94408,-38.65665],[-58.94407,-38.65666],[-58.94406,-38.65668],[-58.94403,-38.65672],[-58.94403,-38.65672],[-58.94403,-38.65673],[-58.94404,-38.65673],[-58.94404,-38.65673],[-58.94405,-38.65674],[-58.94405,-38.65674],[-58.94401,-38.65679],[-58.94401,-38.6568],[-58.94401,-38.65682],[-58.94401,-38.65683],[-58.94401,-38.65683],[-58.94401,-38.65684],[-58.94402,-38.65686],[-58.94403,-38.65687],[-58.94403,-38.65688],[-58.94405,-38.6569],[-58.94405,-38.65691],[-58.94406,-38.65692],[-58.94406,-38.65693],[-58.94408,-38.65695],[-58.94409,-38.65696],[-58.94409,-38.65697],[-58.9441,-38.65697],[-58.9441,-38.65698],[-58.94411,-38.65698],[-58.94412,-38.65698],[-58.94415,-38.657],[-58.94415,-38.65701],[-58.94416,-38.65701],[-58.94417,-38.65701],[-58.94418,-38.65701],[-58.94419,-38.65701],[-58.9442,-38.65701],[-58.94421,-38.657],[-58.94422,-38.65699],[-58.94424,-38.65696],[-58.94425,-38.65695],[-58.94426,-38.65693],[-58.94426,-38.65692],[-58.94427,-38.65691],[-58.94428,-38.6569],[-58.94428,-38.65689],[-58.94428,-38.65687],[-58.94429,-38.65686],[-58.94429,-38.65685],[-58.9443,-38.65684],[-58.94431,-38.65683],[-58.94432,-38.65683],[-58.94432,-38.65683],[-58.94433,-38.65682],[-58.94434,-38.65682],[-58.94436,-38.65682],[-58.94437,-38.65682],[-58.94439,-38.65682],[-58.9444,-38.65682],[-58.94441,-38.65682],[-58.94442,-38.65682],[-58.94443,-38.65682],[-58.94445,-38.65682],[-58.94447,-38.65682],[-58.94448,-38.65682],[-58.94449,-38.65683],[-58.9445,-38.65683],[-58.94451,-38.65683],[-58.94452,-38.65683],[-58.94454,-38.65683],[-58.94455,-38.65684],[-58.94458,-38.65684],[-58.94459,-38.65684],[-58.94461,-38.65684],[-58.94463,-38.65684],[-58.94464,-38.65684],[-58.94465,-38.65685],[-58.94466,-38.65685],[-58.94467,-38.65686],[-58.94468,-38.65687],[-58.94469,-38.65688],[-58.9447,-38.65688],[-58.94471,-38.65689],[-58.94472,-38.6569],[-58.94473,-38.65691],[-58.94474,-38.65692],[-58.94476,-38.65694],[-58.94476,-38.65695],[-58.94477,-38.65696],[-58.94478,-38.65697],[-58.94479,-38.65698],[-58.94479,-38.65699],[-58.9448,-38.65702],[-58.9448,-38.65702],[-58.9448,-38.65703],[-58.94481,-38.65705],[-58.94482,-38.65707],[-58.94482,-38.65709],[-58.94482,-38.6571],[-58.94483,-38.65711],[-58.94483,-38.65712],[-58.94483,-38.65713],[-58.94483,-38.65714],[-58.94484,-38.65716],[-58.94485,-38.65717],[-58.94485,-38.65719],[-58.94486,-38.65721],[-58.94486,-38.65722],[-58.94486,-38.65723],[-58.94487,-38.65725],[-58.94488,-38.65727],[-58.94489,-38.65727],[-58.9449,-38.6573],[-58.9449,-38.65732],[-58.94491,-38.65733],[-58.94491,-38.65734],[-58.94491,-38.65735],[-58.94491,-38.65736],[-58.94492,-38.65737],[-58.94492,-38.65739],[-58.94492,-38.6574],[-58.94491,-38.65741],[-58.94491,-38.65742],[-58.94491,-38.65742],[-58.9449,-38.65743],[-58.94489,-38.65744],[-58.94488,-38.65745],[-58.94487,-38.65746],[-58.94487,-38.65747],[-58.94487,-38.65748],[-58.94487,-38.65749],[-58.94487,-38.6575],[-58.94487,-38.65751],[-58.94488,-38.65751],[-58.94489,-38.65752],[-58.9449,-38.65752],[-58.94491,-38.65752],[-58.94492,-38.65752],[-58.94493,-38.65752],[-58.94494,-38.65752],[-58.94495,-38.65752],[-58.94496,-38.65752],[-58.94498,-38.65752],[-58.94499,-38.65752],[-58.94501,-38.65753],[-58.94503,-38.65754],[-58.94504,-38.65755],[-58.94505,-38.65755],[-58.94507,-38.65756],[-58.94508,-38.65757],[-58.94509,-38.65757],[-58.9451,-38.65757],[-58.94512,-38.65758],[-58.94513,-38.65758],[-58.94516,-38.6576],[-58.94518,-38.65761],[-58.94521,-38.65762],[-58.94525,-38.65763],[-58.94525,-38.65764],[-58.94527,-38.65764],[-58.9453,-38.65767],[-58.94534,-38.65768],[-58.94535,-38.65769],[-58.94537,-38.65771],[-58.94538,-38.65771],[-58.94538,-38.65772],[-58.94539,-38.65772],[-58.94539,-38.65773],[-58.9454,-38.65774],[-58.9454,-38.65775],[-58.94541,-38.65776],[-58.94543,-38.65778],[-58.94544,-38.65779],[-58.94545,-38.65779],[-58.94546,-38.65779],[-58.94547,-38.65779],[-58.94548,-38.6578],[-58.94549,-38.65781],[-58.9455,-38.65781],[-58.94551,-38.65781],[-58.94553,-38.65782],[-58.94554,-38.65783],[-58.94558,-38.65787],[-58.94561,-38.6579],[-58.94564,-38.65793],[-58.94566,-38.65793],[-58.94566,-38.65794],[-58.94568,-38.65795],[-58.94569,-38.65795],[-58.94569,-38.65795],[-58.9457,-38.65796],[-58.94571,-38.65796],[-58.94572,-38.65796],[-58.94573,-38.65796],[-58.94575,-38.65796],[-58.94576,-38.65796],[-58.94577,-38.65796],[-58.94578,-38.65796],[-58.94581,-38.65798],[-58.94582,-38.65799],[-58.94584,-38.65799],[-58.94586,-38.658],[-58.94587,-38.658],[-58.94589,-38.65801],[-58.94592,-38.65801],[-58.94593,-38.65802],[-58.94594,-38.65802],[-58.94597,-38.65803],[-58.94598,-38.65803],[-58.94599,-38.65803],[-58.946,-38.65803],[-58.94603,-38.65803],[-58.94604,-38.65804],[-58.94605,-38.65804],[-58.94606,-38.65804],[-58.94608,-38.65805],[-58.94609,-38.65805],[-58.9461,-38.65805],[-58.94611,-38.65806],[-58.94612,-38.65806],[-58.94613,-38.65808],[-58.94616,-38.65809],[-58.94617,-38.65809],[-58.94617,-38.65809],[-58.9462,-38.6581],[-58.94623,-38.65811],[-58.94626,-38.65811],[-58.94631,-38.65811],[-58.94633,-38.65812],[-58.94634,-38.65812],[-58.94636,-38.65813],[-58.94637,-38.65813],[-58.94638,-38.65814],[-58.94639,-38.65814],[-58.9464,-38.65814],[-58.94651,-38.65818],[-58.94652,-38.65819],[-58.94654,-38.65819],[-58.94656,-38.6582],[-58.94657,-38.6582],[-58.94658,-38.65821],[-58.9466,-38.65821],[-58.94663,-38.65821],[-58.94665,-38.65821],[-58.94667,-38.65821],[-58.94669,-38.65821],[-58.94671,-38.65821],[-58.94673,-38.65821],[-58.94675,-38.65821],[-58.94677,-38.65821],[-58.94677,-38.65822],[-58.94678,-38.65822],[-58.94679,-38.65822],[-58.9468,-38.65822],[-58.94681,-38.65822],[-58.94682,-38.65822],[-58.94685,-38.65822],[-58.94687,-38.65822],[-58.9469,-38.65822],[-58.94692,-38.65822],[-58.94695,-38.65822],[-58.94696,-38.65822],[-58.94699,-38.65821],[-58.947,-38.65821],[-58.94702,-38.65821],[-58.94703,-38.65821],[-58.94704,-38.6582],[-58.94705,-38.6582],[-58.94706,-38.65819],[-58.94708,-38.65819],[-58.9471,-38.65818],[-58.94713,-38.65818],[-58.94714,-38.65818],[-58.94716,-38.65817],[-58.94718,-38.65816],[-58.9472,-38.65816],[-58.94721,-38.65816],[-58.94722,-38.65816],[-58.94726,-38.65816],[-58.94727,-38.65815],[-58.94729,-38.65815],[-58.9473,-38.65815],[-58.94731,-38.65815],[-58.94734,-38.65814],[-58.94735,-38.65814],[-58.94736,-38.65814],[-58.94737,-38.65814],[-58.94738,-38.65814],[-58.94739,-38.65814],[-58.94742,-38.65814],[-58.94743,-38.65814],[-58.94746,-38.65814],[-58.94747,-38.65814],[-58.94749,-38.65814],[-58.9475,-38.65814],[-58.94752,-38.65814],[-58.94754,-38.65814],[-58.94755,-38.65814],[-58.94756,-38.65814],[-58.94757,-38.65814],[-58.94758,-38.65814],[-58.9476,-38.65814],[-58.94762,-38.65814],[-58.94764,-38.65814],[-58.94765,-38.65814],[-58.94767,-38.65814],[-58.94769,-38.65814],[-58.94773,-38.65813],[-58.94775,-38.65813],[-58.94777,-38.65813],[-58.9478,-38.65813],[-58.94785,-38.65813],[-58.94789,-38.65813],[-58.94791,-38.65813],[-58.94793,-38.65813],[-58.94795,-38.65813],[-58.94796,-38.65813],[-58.94799,-38.65813],[-58.948,-38.65813],[-58.94802,-38.65813],[-58.94804,-38.65813],[-58.94806,-38.65813],[-58.9481,-38.65813],[-58.94811,-38.65813],[-58.94813,-38.65813],[-58.94814,-38.65813],[-58.94815,-38.65813],[-58.94819,-38.65813],[-58.94821,-38.65813],[-58.94824,-38.65812],[-58.94826,-38.65812],[-58.94828,-38.65812],[-58.94834,-38.65811],[-58.94835,-38.65811],[-58.94838,-38.65811],[-58.9484,-38.65811],[-58.94842,-38.65811],[-58.94844,-38.65811],[-58.94845,-38.65811],[-58.94847,-38.65811],[-58.94848,-38.65811],[-58.94851,-38.65811],[-58.94852,-38.65811],[-58.94854,-38.65813],[-58.94857,-38.65813],[-58.94859,-38.65814],[-58.94861,-38.65815],[-58.94863,-38.65815],[-58.94864,-38.65816],[-58.94866,-38.65816],[-58.94867,-38.65816],[-58.94868,-38.65816],[-58.9487,-38.65817],[-58.9487,-38.65818],[-58.94871,-38.65818],[-58.94873,-38.65818],[-58.94874,-38.65818],[-58.94874,-38.65818],[-58.94877,-38.65819],[-58.94879,-38.65819],[-58.9488,-38.65819],[-58.94882,-38.65819],[-58.94883,-38.65819],[-58.94885,-38.6582],[-58.94886,-38.6582],[-58.94887,-38.6582],[-58.94888,-38.6582],[-58.9489,-38.65821],[-58.94892,-38.65821],[-58.94894,-38.65821],[-58.94894,-38.65821],[-58.94896,-38.65821],[-58.94897,-38.65821],[-58.94899,-38.65821],[-58.949,-38.65821],[-58.94901,-38.65821],[-58.94902,-38.65821],[-58.94903,-38.65821],[-58.94904,-38.65821],[-58.94905,-38.65821],[-58.94907,-38.65821],[-58.94909,-38.65821],[-58.94913,-38.6582],[-58.94914,-38.6582],[-58.94915,-38.6582],[-58.94917,-38.6582],[-58.94918,-38.6582],[-58.94919,-38.6582],[-58.94921,-38.6582],[-58.94923,-38.65819],[-58.94927,-38.65818],[-58.94929,-38.65818],[-58.9493,-38.65818],[-58.94933,-38.65818],[-58.94933,-38.65817],[-58.94936,-38.65817],[-58.94938,-38.65817],[-58.9494,-38.65817],[-58.94941,-38.65817],[-58.94943,-38.65817],[-58.94945,-38.65817],[-58.94946,-38.65817],[-58.94947,-38.65817],[-58.94949,-38.65817],[-58.94951,-38.65817],[-58.94953,-38.65818],[-58.94954,-38.65819],[-58.94958,-38.65819],[-58.94959,-38.65819],[-58.9496,-38.65819],[-58.94961,-38.65819],[-58.94962,-38.6582],[-58.94968,-38.65821],[-58.94969,-38.65821],[-58.9497,-38.65821],[-58.94972,-38.65821],[-58.94973,-38.65821],[-58.94973,-38.65821],[-58.94974,-38.65821],[-58.94977,-38.65821],[-58.94978,-38.65821],[-58.9498,-38.65821],[-58.94983,-38.65822],[-58.94984,-38.65822],[-58.94985,-38.65822],[-58.94987,-38.65822],[-58.9499,-38.65823],[-58.94992,-38.65823],[-58.94993,-38.65823],[-58.94994,-38.65823],[-58.94994,-38.65824],[-58.95004,-38.65824],[-58.95004,-38.65825],[-58.95007,-38.65826],[-58.9501,-38.65826],[-58.95012,-38.65826],[-58.95015,-38.65827],[-58.95017,-38.65827],[-58.9502,-38.65827],[-58.95021,-38.65827],[-58.95024,-38.65828],[-58.95026,-38.65828],[-58.95028,-38.65828],[-58.95029,-38.65828],[-58.9503,-38.65829],[-58.95032,-38.65829],[-58.95032,-38.6583],[-58.95033,-38.6583],[-58.95035,-38.6583],[-58.95036,-38.65831],[-58.95039,-38.65832],[-58.95041,-38.65832],[-58.95042,-38.65833],[-58.95043,-38.65833],[-58.95045,-38.65833],[-58.95046,-38.65833],[-58.95047,-38.65834],[-58.95048,-38.65834],[-58.95049,-38.65835],[-58.9505,-38.65835],[-58.95052,-38.65836],[-58.95052,-38.65837],[-58.95054,-38.65837],[-58.95055,-38.65838],[-58.95056,-38.65838],[-58.95057,-38.65838],[-58.95058,-38.65839],[-58.95059,-38.6584],[-58.95061,-38.6584],[-58.95062,-38.6584],[-58.95063,-38.6584],[-58.95065,-38.6584],[-58.95067,-38.6584],[-58.95068,-38.6584],[-58.9507,-38.65839],[-58.95071,-38.65839],[-58.95071,-38.65839],[-58.95073,-38.65839],[-58.95075,-38.65839],[-58.95076,-38.65839],[-58.95078,-38.65839],[-58.95079,-38.65839],[-58.9508,-38.65839],[-58.95081,-38.6584],[-58.95082,-38.65841],[-58.95083,-38.65841],[-58.95085,-38.65842],[-58.95086,-38.65843],[-58.95087,-38.65843],[-58.95088,-38.65844],[-58.95089,-38.65844],[-58.9509,-38.65845],[-58.95091,-38.65845],[-58.95091,-38.65846],[-58.95092,-38.65846],[-58.95094,-38.65846],[-58.95095,-38.65847],[-58.95096,-38.65847],[-58.95098,-38.65847],[-58.951,-38.65847],[-58.95101,-38.65848],[-58.95104,-38.65848],[-58.95105,-38.65849],[-58.95107,-38.65849],[-58.95108,-38.65849],[-58.9511,-38.6585],[-58.95111,-38.6585],[-58.95111,-38.6585],[-58.95114,-38.65851],[-58.95115,-38.65852],[-58.95117,-38.65852],[-58.95118,-38.65853],[-58.9512,-38.65854],[-58.95123,-38.65854],[-58.95124,-38.65854],[-58.95127,-38.65855],[-58.95129,-38.65856],[-58.95131,-38.65857],[-58.95132,-38.65857],[-58.95133,-38.65857],[-58.95134,-38.65857],[-58.95136,-38.65858],[-58.95137,-38.65859],[-58.95138,-38.6586],[-58.9514,-38.6586],[-58.95142,-38.6586],[-58.95143,-38.6586],[-58.95144,-38.6586],[-58.95145,-38.6586],[-58.95146,-38.6586],[-58.95147,-38.6586],[-58.95149,-38.65861],[-58.95149,-38.65862],[-58.9515,-38.65862],[-58.9515,-38.65862],[-58.95159,-38.65867],[-58.9516,-38.65868],[-58.95163,-38.65868],[-58.95166,-38.65869],[-58.95167,-38.65869],[-58.95168,-38.65869],[-58.95169,-38.65869],[-58.95171,-38.6587],[-58.95174,-38.6587],[-58.95176,-38.6587],[-58.95178,-38.6587],[-58.9518,-38.6587],[-58.95181,-38.6587],[-58.95183,-38.6587],[-58.95184,-38.6587],[-58.95185,-38.6587],[-58.95186,-38.6587],[-58.95188,-38.65871],[-58.9519,-38.65871],[-58.9519,-38.65872],[-58.95191,-38.65872],[-58.95193,-38.65873],[-58.95194,-38.65873],[-58.95195,-38.65873],[-58.95196,-38.65873],[-58.95198,-38.65873],[-58.95199,-38.65873],[-58.952,-38.65874],[-58.95201,-38.65874],[-58.95203,-38.65874],[-58.95204,-38.65874],[-58.95207,-38.65875],[-58.95208,-38.65876],[-58.9521,-38.65877],[-58.95212,-38.65877],[-58.95213,-38.65877],[-58.95214,-38.65878],[-58.95215,-38.65879],[-58.95216,-38.65879],[-58.95217,-38.6588],[-58.95218,-38.6588],[-58.95219,-38.6588],[-58.9522,-38.6588],[-58.95222,-38.65881],[-58.95223,-38.65881],[-58.95225,-38.65881],[-58.95226,-38.65881],[-58.95229,-38.65881],[-58.9523,-38.65882],[-58.95231,-38.65882],[-58.95234,-38.65882],[-58.95234,-38.65883],[-58.95237,-38.65883],[-58.9524,-38.65883],[-58.95243,-38.65884],[-58.95244,-38.65884],[-58.95247,-38.65885],[-58.95249,-38.65886],[-58.9525,-38.65886],[-58.95252,-38.65887],[-58.95255,-38.65889],[-58.95256,-38.65889],[-58.95259,-38.6589],[-58.9526,-38.65891],[-58.95262,-38.65892],[-58.95263,-38.65892],[-58.95264,-38.65893],[-58.95267,-38.65895],[-58.95268,-38.65895],[-58.95269,-38.65895],[-58.95269,-38.65896],[-58.9527,-38.65897],[-58.95272,-38.65898],[-58.95274,-38.65899],[-58.95276,-38.659],[-58.95277,-38.659],[-58.95278,-38.659],[-58.9528,-38.659],[-58.95281,-38.659],[-58.95283,-38.65901],[-58.95283,-38.65901],[-58.95284,-38.65901],[-58.95285,-38.65901],[-58.95288,-38.65901],[-58.95289,-38.65901],[-58.95292,-38.65902],[-58.95294,-38.65903],[-58.95296,-38.65903],[-58.95297,-38.65904],[-58.95298,-38.65904],[-58.953,-38.65904],[-58.95302,-38.65905],[-58.95305,-38.65906],[-58.95307,-38.65907],[-58.95308,-38.65908],[-58.95311,-38.6591],[-58.95313,-38.65911],[-58.95314,-38.65912],[-58.95316,-38.65913],[-58.95319,-38.65915],[-58.95321,-38.65916],[-58.95323,-38.65917],[-58.95327,-38.65919],[-58.95329,-38.65919],[-58.95331,-38.65919],[-58.95334,-38.6592],[-58.95335,-38.6592],[-58.95336,-38.6592],[-58.95337,-38.6592],[-58.9534,-38.6592],[-58.95344,-38.6592],[-58.95345,-38.6592],[-58.95348,-38.65919],[-58.9535,-38.65919],[-58.95352,-38.65919],[-58.95353,-38.65919],[-58.95355,-38.65919],[-58.95356,-38.65919],[-58.95358,-38.65919],[-58.95359,-38.65919],[-58.95361,-38.65919],[-58.95362,-38.65919],[-58.95364,-38.65919],[-58.95366,-38.65919],[-58.95367,-38.65919],[-58.95369,-38.65919],[-58.9537,-38.65919],[-58.95374,-38.65919],[-58.95378,-38.65919],[-58.9538,-38.65919],[-58.95381,-38.6592],[-58.95383,-38.6592],[-58.95386,-38.6592],[-58.95388,-38.65921],[-58.95389,-38.65921],[-58.95392,-38.65921],[-58.95393,-38.65921],[-58.95396,-38.65921],[-58.95398,-38.65921],[-58.95401,-38.65921],[-58.95404,-38.65921],[-58.95405,-38.65921],[-58.95408,-38.65921],[-58.95409,-38.65921],[-58.95413,-38.65921],[-58.95416,-38.65921],[-58.95418,-38.65922],[-58.95422,-38.65922],[-58.95424,-38.65922],[-58.95427,-38.65923],[-58.95428,-38.65923],[-58.95429,-38.65924],[-58.95433,-38.65924],[-58.95435,-38.65924],[-58.95437,-38.65924],[-58.95438,-38.65924],[-58.9544,-38.65925],[-58.95442,-38.65925],[-58.95443,-38.65925],[-58.95447,-38.65926],[-58.95447,-38.65926],[-58.95452,-38.65927],[-58.95456,-38.65927],[-58.95458,-38.65927],[-58.95461,-38.65928],[-58.95462,-38.65928],[-58.95467,-38.65929],[-58.95468,-38.65929],[-58.95472,-38.6593],[-58.95474,-38.6593],[-58.95477,-38.65931],[-58.9548,-38.65931],[-58.95482,-38.65931],[-58.95486,-38.65931],[-58.95486,-38.65931],[-58.95491,-38.65931],[-58.95493,-38.65931],[-58.95498,-38.65931],[-58.95501,-38.65931],[-58.95504,-38.65931],[-58.95505,-38.65931],[-58.95508,-38.65931],[-58.95509,-38.65932],[-58.9551,-38.65932],[-58.95515,-38.65932],[-58.95517,-38.65933],[-58.9552,-38.65934],[-58.95521,-38.65934],[-58.95523,-38.65934],[-58.95527,-38.65934],[-58.95531,-38.65935],[-58.95534,-38.65936],[-58.95536,-38.65936],[-58.95543,-38.65937],[-58.95544,-38.65937],[-58.95549,-38.65938],[-58.95551,-38.65939],[-58.95555,-38.65939],[-58.95558,-38.65939],[-58.9556,-38.65939],[-58.95561,-38.65939],[-58.95563,-38.65939],[-58.95565,-38.65939],[-58.95565,-38.65939],[-58.9557,-38.65939],[-58.95571,-38.65939],[-58.95574,-38.65939],[-58.95575,-38.65939],[-58.95576,-38.6594],[-58.95577,-38.6594],[-58.9558,-38.65941],[-58.95581,-38.65941],[-58.95584,-38.65942],[-58.95585,-38.65943],[-58.95587,-38.65945],[-58.9559,-38.65945],[-58.95593,-38.65947],[-58.95595,-38.65948],[-58.95599,-38.6595],[-58.95601,-38.6595],[-58.95602,-38.65951],[-58.95603,-38.65951],[-58.95606,-38.65952],[-58.95607,-38.65952],[-58.9561,-38.65953],[-58.95612,-38.65953],[-58.95615,-38.65954],[-58.95618,-38.65955],[-58.95621,-38.65956],[-58.95622,-38.65956],[-58.95625,-38.65956],[-58.95628,-38.65956],[-58.95631,-38.65957],[-58.95634,-38.65958],[-58.95636,-38.65958],[-58.95637,-38.65958],[-58.95639,-38.65959],[-58.95642,-38.65959],[-58.95643,-38.65959],[-58.95645,-38.65959],[-58.95646,-38.6596],[-58.95648,-38.6596],[-58.95649,-38.6596],[-58.9565,-38.6596],[-58.95652,-38.65961],[-58.95653,-38.65961],[-58.95654,-38.65961],[-58.95656,-38.65962],[-58.95657,-38.65962],[-58.9566,-38.65963],[-58.95661,-38.65963],[-58.95664,-38.65965],[-58.95665,-38.65966],[-58.95668,-38.65966],[-58.95671,-38.65967],[-58.95672,-38.65968],[-58.95676,-38.65969],[-58.95677,-38.6597],[-58.95681,-38.65971],[-58.95683,-38.65972],[-58.95683,-38.65972],[-58.95685,-38.65972],[-58.95686,-38.65972],[-58.95687,-38.65972],[-58.95689,-38.65973],[-58.9569,-38.65973],[-58.95693,-38.65974],[-58.95696,-38.65974],[-58.95697,-38.65974],[-58.95701,-38.65974],[-58.95704,-38.65975],[-58.95705,-38.65975],[-58.95709,-38.65975],[-58.9571,-38.65975],[-58.95713,-38.65976],[-58.95715,-38.65976],[-58.95717,-38.65977],[-58.95721,-38.65978],[-58.95723,-38.65979],[-58.95725,-38.65979],[-58.95726,-38.65979],[-58.95728,-38.65979],[-58.95731,-38.65979],[-58.95733,-38.6598],[-58.95735,-38.65981],[-58.95741,-38.65982],[-58.95742,-38.65983],[-58.95746,-38.65984],[-58.95747,-38.65984],[-58.95751,-38.65985],[-58.95755,-38.65986],[-58.95757,-38.65986],[-58.95762,-38.65988],[-58.95763,-38.65988],[-58.95767,-38.65989],[-58.95768,-38.65989],[-58.95769,-38.65989],[-58.95773,-38.6599],[-58.95776,-38.65991],[-58.95778,-38.65992],[-58.95779,-38.65992],[-58.95782,-38.65993],[-58.95782,-38.65994],[-58.95783,-38.65994],[-58.95785,-38.65994],[-58.95788,-38.65995],[-58.95789,-38.65996],[-58.95792,-38.65996],[-58.95794,-38.65997],[-58.95795,-38.65998],[-58.95798,-38.65998],[-58.95799,-38.65998],[-58.958,-38.65998],[-58.95801,-38.65999],[-58.95802,-38.65999],[-58.95802,-38.66],[-58.95802,-38.66],[-58.95806,-38.66001],[-58.95807,-38.66001],[-58.95808,-38.66001],[-58.9581,-38.66001],[-58.95813,-38.66002],[-58.95815,-38.66002],[-58.95817,-38.66002],[-58.95819,-38.66002],[-58.95821,-38.66002],[-58.95823,-38.66001],[-58.95827,-38.66001],[-58.95828,-38.66],[-58.95832,-38.66],[-58.95833,-38.66],[-58.95837,-38.66],[-58.95838,-38.66],[-58.95839,-38.66],[-58.95841,-38.66],[-58.95844,-38.66],[-58.95846,-38.66],[-58.95847,-38.66001],[-58.9585,-38.66002],[-58.95853,-38.66004],[-58.95856,-38.66006],[-58.95857,-38.66006],[-58.9586,-38.66007],[-58.95863,-38.66008],[-58.95863,-38.66009],[-58.95867,-38.6601],[-58.95868,-38.66011],[-58.95872,-38.66012],[-58.95873,-38.66013],[-58.95875,-38.66013],[-58.95877,-38.66014],[-58.9588,-38.66015],[-58.95881,-38.66015],[-58.95884,-38.66016],[-58.95885,-38.66016],[-58.95888,-38.66018],[-58.95889,-38.66018],[-58.95891,-38.66018],[-58.95893,-38.66018],[-58.95896,-38.6602],[-58.95901,-38.66022],[-58.95901,-38.66022],[-58.95904,-38.66024],[-58.95906,-38.66025],[-58.95909,-38.66026],[-58.9591,-38.66026],[-58.95912,-38.66027],[-58.95913,-38.66028],[-58.95916,-38.66029],[-58.95917,-38.6603],[-58.95918,-38.6603],[-58.9592,-38.66031],[-58.95922,-38.66031],[-58.95923,-38.66031],[-58.95926,-38.66033],[-58.95927,-38.66033],[-58.95931,-38.66034],[-58.95932,-38.66034],[-58.95935,-38.66035],[-58.95938,-38.66036],[-58.9594,-38.66037],[-58.9594,-38.66037],[-58.95943,-38.66037],[-58.95944,-38.66037],[-58.95948,-38.66038],[-58.9595,-38.66038],[-58.95954,-38.66038],[-58.95955,-38.66038],[-58.95958,-38.66038],[-58.9596,-38.66039],[-58.95961,-38.66039],[-58.95965,-38.66039],[-58.95966,-38.66039],[-58.9597,-38.6604],[-58.95972,-38.66041],[-58.95973,-38.66041],[-58.95976,-38.66041],[-58.95977,-38.66041],[-58.95979,-38.66041],[-58.9598,-38.66041],[-58.95981,-38.66041],[-58.95983,-38.66041],[-58.95985,-38.66041],[-58.95986,-38.66041],[-58.95987,-38.66041],[-58.95988,-38.66041],[-58.95989,-38.66041],[-58.9599,-38.66041],[-58.95999,-38.66043],[-58.96,-38.66043],[-58.96001,-38.66043],[-58.96004,-38.66043],[-58.96006,-38.66043],[-58.96007,-38.66043],[-58.9601,-38.66043],[-58.96013,-38.66044],[-58.96017,-38.66044],[-58.96019,-38.66044],[-58.96022,-38.66045],[-58.96026,-38.66046],[-58.9603,-38.66046],[-58.96034,-38.66046],[-58.96037,-38.66046],[-58.96039,-38.66047],[-58.9604,-38.66047],[-58.96044,-38.66048],[-58.96048,-38.66049],[-58.96052,-38.6605],[-58.96055,-38.66052],[-58.96058,-38.66052],[-58.9606,-38.66053],[-58.96063,-38.66054],[-58.96067,-38.66054],[-58.96068,-38.66054],[-58.96072,-38.66055],[-58.96078,-38.66055],[-58.9608,-38.66055],[-58.96083,-38.66055],[-58.96087,-38.66055],[-58.96089,-38.66055],[-58.96092,-38.66055],[-58.96097,-38.66055],[-58.96101,-38.66055],[-58.96105,-38.66055],[-58.96108,-38.66055],[-58.96112,-38.66055],[-58.96114,-38.66055],[-58.96115,-38.66055],[-58.96116,-38.66056],[-58.96118,-38.66057],[-58.96121,-38.66058],[-58.96126,-38.66058],[-58.96129,-38.66059],[-58.96131,-38.66059],[-58.96134,-38.6606],[-58.96137,-38.6606],[-58.96139,-38.66061],[-58.96141,-38.66062],[-58.96142,-38.66062],[-58.96144,-38.66063],[-58.96147,-38.66064],[-58.9615,-38.66064],[-58.96151,-38.66065],[-58.96155,-38.66065],[-58.96156,-38.66065],[-58.96158,-38.66066],[-58.9616,-38.66066],[-58.96164,-38.66067],[-58.96166,-38.66068],[-58.96169,-38.66068],[-58.96171,-38.66068],[-58.96174,-38.66068],[-58.96177,-38.66068],[-58.9618,-38.66068],[-58.96183,-38.66068],[-58.96187,-38.66068],[-58.96192,-38.66068],[-58.96193,-38.66068],[-58.96196,-38.66068],[-58.962,-38.66068],[-58.96204,-38.66068],[-58.96206,-38.66068],[-58.96208,-38.66068],[-58.96211,-38.66068],[-58.96213,-38.66068],[-58.96216,-38.66068],[-58.96217,-38.6607],[-58.9622,-38.66071],[-58.96223,-38.66072],[-58.96226,-38.66073],[-58.96229,-38.66074],[-58.9623,-38.66074],[-58.96234,-38.66076],[-58.96236,-38.66077],[-58.96237,-38.66077],[-58.9624,-38.66078],[-58.96242,-38.66078],[-58.96243,-38.66079],[-58.96246,-38.66079],[-58.96249,-38.6608],[-58.96252,-38.66081],[-58.96256,-38.66081],[-58.96259,-38.66082],[-58.96264,-38.66083],[-58.96265,-38.66083],[-58.96269,-38.66083],[-58.96273,-38.66083],[-58.96277,-38.66083],[-58.96278,-38.66083],[-58.96282,-38.66083],[-58.96285,-38.66083],[-58.96289,-38.66083],[-58.96292,-38.66084],[-58.96295,-38.66085],[-58.96299,-38.66087],[-58.96302,-38.66088],[-58.96305,-38.66089],[-58.96308,-38.6609],[-58.96309,-38.66091],[-58.96311,-38.66091],[-58.96312,-38.66091],[-58.96314,-38.66092],[-58.96315,-38.66092],[-58.96317,-38.66092],[-58.96319,-38.66094],[-58.96322,-38.66095],[-58.96325,-38.66096],[-58.96327,-38.66097],[-58.9633,-38.66097],[-58.96334,-38.66097],[-58.96336,-38.66098],[-58.96338,-38.66098],[-58.96338,-38.66099],[-58.96339,-38.661],[-58.96339,-38.661],[-58.9634,-38.661],[-58.96342,-38.66102],[-58.96345,-38.66103],[-58.96348,-38.66104],[-58.9635,-38.66105],[-58.96353,-38.66106],[-58.96355,-38.66106],[-58.96358,-38.66106],[-58.96362,-38.66108],[-58.96366,-38.66108],[-58.96368,-38.66108],[-58.96372,-38.66108],[-58.96374,-38.66109],[-58.96378,-38.66111],[-58.96379,-38.66112],[-58.96381,-38.66112],[-58.96383,-38.66112],[-58.96384,-38.66112],[-58.96387,-38.66113],[-58.9639,-38.66113],[-58.96393,-38.66114],[-58.96395,-38.66114],[-58.964,-38.66114],[-58.96406,-38.66115],[-58.9641,-38.66116],[-58.96414,-38.66116],[-58.96418,-38.66116],[-58.96421,-38.66116],[-58.96422,-38.66116],[-58.96425,-38.66116],[-58.96427,-38.66116],[-58.9643,-38.66116],[-58.96431,-38.66117],[-58.96434,-38.66117],[-58.96438,-38.66118],[-58.9644,-38.66118],[-58.96442,-38.66121],[-58.96444,-38.66124],[-58.96447,-38.66126],[-58.96448,-38.66128],[-58.9645,-38.66131],[-58.96451,-38.66133],[-58.96452,-38.66134],[-58.96453,-38.66136],[-58.96453,-38.66136],[-58.96454,-38.66137],[-58.96457,-38.66137],[-58.9646,-38.66137],[-58.96465,-38.66135],[-58.96469,-38.66134],[-58.96472,-38.66134],[-58.96475,-38.66134],[-58.96478,-38.66134],[-58.9648,-38.66134],[-58.96482,-38.66135],[-58.96487,-38.66137],[-58.96493,-38.66137],[-58.96497,-38.66139],[-58.96502,-38.66139],[-58.96506,-38.6614],[-58.96509,-38.6614],[-58.96512,-38.6614],[-58.96515,-38.66139],[-58.96519,-38.66139],[-58.96525,-38.6614],[-58.96527,-38.66141],[-58.96528,-38.66141],[-58.96529,-38.66141],[-58.9653,-38.66141],[-58.96532,-38.66142],[-58.96538,-38.66142],[-58.96543,-38.66142],[-58.96548,-38.66142],[-58.96552,-38.66142],[-58.96554,-38.66144],[-58.96557,-38.66146],[-58.96559,-38.66148],[-58.96562,-38.6615],[-58.96565,-38.66151],[-58.9657,-38.66151],[-58.96575,-38.66153],[-58.9658,-38.66153],[-58.96585,-38.66155],[-58.9659,-38.66155],[-58.96591,-38.66155],[-58.96595,-38.66155],[-58.96599,-38.66155],[-58.96605,-38.66155],[-58.96606,-38.66155],[-58.96609,-38.66155],[-58.96611,-38.66155],[-58.96612,-38.66154],[-58.96614,-38.66153],[-58.96615,-38.66152],[-58.96616,-38.66151],[-58.96618,-38.66151],[-58.96623,-38.66151],[-58.96627,-38.66152],[-58.96629,-38.66154],[-58.96632,-38.66156],[-58.96633,-38.66156],[-58.96635,-38.66158],[-58.96638,-38.6616],[-58.96639,-38.66161],[-58.96641,-38.66164],[-58.96642,-38.66165],[-58.96645,-38.66165],[-58.96647,-38.66166],[-58.9665,-38.66167],[-58.96651,-38.66167],[-58.96654,-38.66166],[-58.96656,-38.66165],[-58.96659,-38.66164],[-58.96662,-38.66163],[-58.96665,-38.66163],[-58.96668,-38.66163],[-58.9667,-38.66163],[-58.96676,-38.66163],[-58.96679,-38.66163],[-58.96682,-38.66164],[-58.96684,-38.66165],[-58.96686,-38.66166],[-58.9669,-38.66166],[-58.96693,-38.66167],[-58.96698,-38.66167],[-58.96702,-38.66169],[-58.96705,-38.6617],[-58.96707,-38.66172],[-58.96709,-38.66173],[-58.9671,-38.66173],[-58.96711,-38.66174],[-58.96712,-38.66175],[-58.96713,-38.66176],[-58.96716,-38.66176],[-58.96717,-38.66177],[-58.96719,-38.66177],[-58.9672,-38.66177],[-58.9673,-38.66181],[-58.96731,-38.66181],[-58.96735,-38.6618],[-58.96739,-38.6618],[-58.96743,-38.6618],[-58.96744,-38.6618],[-58.96747,-38.6618],[-58.9675,-38.6618],[-58.96756,-38.6618],[-58.9676,-38.6618],[-58.96764,-38.6618],[-58.96767,-38.6618],[-58.96768,-38.6618],[-58.96771,-38.6618],[-58.96773,-38.66181],[-58.96774,-38.66181],[-58.96778,-38.66183],[-58.96782,-38.66185],[-58.96787,-38.66188],[-58.9679,-38.6619],[-58.96792,-38.66191],[-58.96796,-38.66192],[-58.968,-38.66194],[-58.96805,-38.66194],[-58.96809,-38.66195],[-58.96809,-38.66196],[-58.96813,-38.66196],[-58.96815,-38.66198],[-58.96817,-38.662],[-58.9682,-38.66203],[-58.96821,-38.66204],[-58.96823,-38.66206],[-58.96826,-38.66207],[-58.96828,-38.66208],[-58.96829,-38.66208],[-58.96831,-38.66208],[-58.96834,-38.66209],[-58.96836,-38.6621],[-58.96839,-38.66212],[-58.96843,-38.66212],[-58.96846,-38.66213],[-58.96849,-38.66216],[-58.96851,-38.66217],[-58.96852,-38.66217],[-58.96853,-38.66218],[-58.96854,-38.66218],[-58.96856,-38.6622],[-58.96859,-38.66221],[-58.9686,-38.66221],[-58.96862,-38.66221],[-58.96865,-38.66222],[-58.96866,-38.66222],[-58.96868,-38.66222],[-58.96871,-38.66224],[-58.96872,-38.66224],[-58.96875,-38.66225],[-58.96879,-38.66225],[-58.96881,-38.66226],[-58.96882,-38.66227],[-58.96884,-38.66227],[-58.96887,-38.66228],[-58.96888,-38.66228],[-58.96889,-38.66228],[-58.96893,-38.6623],[-58.96896,-38.66231],[-58.96898,-38.66232],[-58.96899,-38.66232],[-58.96903,-38.66233],[-58.96905,-38.66233],[-58.96906,-38.66234],[-58.96908,-38.66235],[-58.96911,-38.66235],[-58.96913,-38.66235],[-58.96914,-38.66235],[-58.96921,-38.6624],[-58.96921,-38.66242],[-58.96921,-38.66243],[-58.96922,-38.66244],[-58.96927,-38.66244],[-58.96931,-38.66244],[-58.96932,-38.66244],[-58.96935,-38.66244],[-58.96938,-38.66244],[-58.96943,-38.66244],[-58.96947,-38.66244],[-58.96949,-38.66244],[-58.96953,-38.66245],[-58.96956,-38.66246],[-58.96959,-38.66248],[-58.96964,-38.6625],[-58.96967,-38.66251],[-58.96971,-38.66251],[-58.96974,-38.66251],[-58.96979,-38.66251],[-58.96982,-38.66251],[-58.96986,-38.66251],[-58.96988,-38.66253],[-58.9699,-38.66254],[-58.96991,-38.66254],[-58.96995,-38.66255],[-58.96999,-38.66257],[-58.97002,-38.66258],[-58.97005,-38.66259],[-58.97008,-38.66259],[-58.97012,-38.66259],[-58.97016,-38.66259],[-58.97018,-38.66259],[-58.9702,-38.66259],[-58.97023,-38.66259],[-58.97027,-38.6626],[-58.97029,-38.66261],[-58.97032,-38.66262],[-58.97034,-38.66264],[-58.97036,-38.66265],[-58.97038,-38.66266],[-58.97039,-38.66266],[-58.97041,-38.66267],[-58.97044,-38.66267],[-58.97045,-38.66267],[-58.97048,-38.66268],[-58.97052,-38.66268],[-58.97055,-38.66268],[-58.97057,-38.66269],[-58.9706,-38.6627],[-58.97072,-38.66275],[-58.97074,-38.66275],[-58.97075,-38.66275],[-58.9708,-38.66274],[-58.97081,-38.66274],[-58.97083,-38.66274],[-58.97084,-38.66274],[-58.97085,-38.66274],[-58.97086,-38.66274],[-58.97089,-38.66274],[-58.9709,-38.66274],[-58.97092,-38.66274],[-58.97093,-38.66274],[-58.97095,-38.66274],[-58.97097,-38.66274],[-58.97098,-38.66274],[-58.97099,-38.66274],[-58.97102,-38.66275],[-58.97102,-38.66276],[-58.97104,-38.66276],[-58.97105,-38.66277],[-58.97105,-38.66277],[-58.97108,-38.66278],[-58.97109,-38.66279],[-58.97111,-38.66279],[-58.97112,-38.66279],[-58.97114,-38.66279],[-58.97116,-38.6628],[-58.97118,-38.66281],[-58.9712,-38.66281],[-58.97121,-38.66282],[-58.97122,-38.66282],[-58.97124,-38.66282],[-58.97125,-38.66283],[-58.97126,-38.66283],[-58.97127,-38.66283],[-58.97128,-38.66283],[-58.97131,-38.66283],[-58.97132,-38.66284],[-58.97134,-38.66284],[-58.97135,-38.66284],[-58.9714,-38.66287],[-58.97141,-38.66287],[-58.97142,-38.66287],[-58.97144,-38.66288],[-58.97145,-38.66289],[-58.97146,-38.66289],[-58.9715,-38.66291],[-58.97152,-38.66292],[-58.97153,-38.66292],[-58.97154,-38.66292],[-58.97156,-38.66292],[-58.97157,-38.66292],[-58.97159,-38.66293],[-58.97161,-38.66294],[-58.97164,-38.66295],[-58.97164,-38.66295],[-58.97166,-38.66295],[-58.97168,-38.66295],[-58.97171,-38.66295],[-58.97173,-38.66296],[-58.97175,-38.66296],[-58.97178,-38.66297],[-58.97179,-38.66297],[-58.9718,-38.66297],[-58.97181,-38.66297],[-58.97183,-38.66297],[-58.97184,-38.66297],[-58.97184,-38.66297],[-58.97187,-38.66298],[-58.9719,-38.66299],[-58.97192,-38.66299],[-58.97193,-38.66299],[-58.97196,-38.66299],[-58.97197,-38.66299],[-58.972,-38.663],[-58.97201,-38.663],[-58.97203,-38.66301],[-58.97203,-38.66302],[-58.97204,-38.66302],[-58.97207,-38.66303],[-58.97209,-38.66304],[-58.97213,-38.66306],[-58.97215,-38.66307],[-58.97218,-38.66308],[-58.9722,-38.66308],[-58.97222,-38.6631],[-58.97223,-38.6631],[-58.97223,-38.6631],[-58.97227,-38.66312],[-58.97229,-38.66312],[-58.97233,-38.66313],[-58.97234,-38.66314],[-58.97238,-38.66314],[-58.97239,-38.66314],[-58.9724,-38.66314],[-58.97241,-38.66315],[-58.97243,-38.66315],[-58.97245,-38.66316],[-58.97249,-38.66317],[-58.97252,-38.66318],[-58.97255,-38.66319],[-58.97256,-38.66319],[-58.9726,-38.6632],[-58.97264,-38.66321],[-58.97266,-38.66322],[-58.97269,-38.66322],[-58.9727,-38.66323],[-58.97273,-38.66323],[-58.97274,-38.66323],[-58.97277,-38.66323],[-58.97283,-38.66325],[-58.97285,-38.66325],[-58.97287,-38.66326],[-58.9729,-38.66327],[-58.97292,-38.66327],[-58.97293,-38.66327],[-58.97296,-38.66327],[-58.97297,-38.66328],[-58.97299,-38.66328],[-58.97301,-38.66329],[-58.97304,-38.66329],[-58.97304,-38.6633],[-58.97307,-38.66331],[-58.97309,-38.66331],[-58.9731,-38.66331],[-58.97314,-38.66333],[-58.97315,-38.66333],[-58.97318,-38.66333],[-58.9732,-38.66333],[-58.97321,-38.66334],[-58.97322,-38.66334],[-58.97323,-38.66334],[-58.97325,-38.66334],[-58.97327,-38.66334],[-58.97328,-38.66334],[-58.97331,-38.66336],[-58.97334,-38.66337],[-58.97338,-38.66338],[-58.9734,-38.66338],[-58.97341,-38.66338],[-58.97342,-38.6634],[-58.97344,-38.6634],[-58.97346,-38.6634],[-58.97348,-38.6634],[-58.9735,-38.6634],[-58.97352,-38.66341],[-58.97354,-38.66341],[-58.97355,-38.66341],[-58.97361,-38.66343],[-58.97361,-38.66343],[-58.97366,-38.66344],[-58.97371,-38.66345],[-58.97372,-38.66345],[-58.97375,-38.66346],[-58.97377,-38.66346],[-58.9738,-38.66346],[-58.97382,-38.66346],[-58.97384,-38.66346],[-58.9739,-38.66348],[-58.97393,-38.66348],[-58.97397,-38.66348],[-58.97398,-38.66348],[-58.97399,-38.66348],[-58.97401,-38.66348],[-58.97403,-38.66348],[-58.97406,-38.66348],[-58.97408,-38.66348],[-58.97413,-38.6635],[-58.97416,-38.6635],[-58.97418,-38.6635],[-58.97419,-38.6635],[-58.97422,-38.6635],[-58.97423,-38.6635],[-58.97427,-38.6635],[-58.97428,-38.6635],[-58.97433,-38.66351],[-58.97435,-38.66351],[-58.97439,-38.66352],[-58.9744,-38.66352],[-58.97443,-38.66353],[-58.97445,-38.66354],[-58.97446,-38.66354],[-58.97448,-38.66354],[-58.97448,-38.66355],[-58.9745,-38.66355],[-58.97453,-38.66356],[-58.97454,-38.66356],[-58.97458,-38.66358],[-58.97459,-38.66359],[-58.97463,-38.66362],[-58.97466,-38.66364],[-58.97467,-38.66365],[-58.97468,-38.66365],[-58.97469,-38.66366],[-58.9747,-38.66367],[-58.97473,-38.66367],[-58.97474,-38.66368],[-58.97479,-38.66368],[-58.97483,-38.66369],[-58.97484,-38.6637],[-58.97485,-38.6637],[-58.97486,-38.6637],[-58.97487,-38.6637],[-58.97489,-38.6637],[-58.9749,-38.6637],[-58.97492,-38.6637],[-58.97494,-38.6637],[-58.97496,-38.66371],[-58.97497,-38.66371],[-58.97499,-38.66371],[-58.975,-38.66371],[-58.975,-38.66371],[-58.97503,-38.66371],[-58.97507,-38.66371],[-58.97508,-38.66371],[-58.9751,-38.66372],[-58.97511,-38.66372],[-58.97513,-38.66372],[-58.97515,-38.66373],[-58.97516,-38.66374],[-58.97517,-38.66374],[-58.97518,-38.66374],[-58.9752,-38.66374],[-58.97521,-38.66374],[-58.97523,-38.66375],[-58.97524,-38.66375],[-58.97526,-38.66375],[-58.97527,-38.66376],[-58.9753,-38.66377],[-58.97532,-38.66378],[-58.97536,-38.66378],[-58.97537,-38.66379],[-58.97539,-38.66379],[-58.97542,-38.66379],[-58.97544,-38.6638],[-58.97547,-38.66381],[-58.97549,-38.66381],[-58.9755,-38.66381],[-58.97554,-38.66382],[-58.97556,-38.66383],[-58.97564,-38.66384],[-58.97565,-38.66384],[-58.97566,-38.66384],[-58.97572,-38.66383],[-58.97574,-38.66383],[-58.97577,-38.66383],[-58.97582,-38.66383],[-58.97583,-38.66384],[-58.97589,-38.66386],[-58.97592,-38.66387],[-58.97595,-38.66389],[-58.97597,-38.6639],[-58.97598,-38.6639],[-58.97599,-38.6639],[-58.97602,-38.66391],[-58.97603,-38.66391],[-58.97604,-38.66392],[-58.97605,-38.66392],[-58.97606,-38.66392],[-58.97609,-38.66393],[-58.9761,-38.66393],[-58.97614,-38.66393],[-58.97616,-38.66393],[-58.97618,-38.66394],[-58.97619,-38.66394],[-58.97621,-38.66395],[-58.97622,-38.66395],[-58.97624,-38.66395],[-58.97626,-38.66395],[-58.97627,-38.66396],[-58.97629,-38.66396],[-58.97633,-38.66397],[-58.97635,-38.66398],[-58.97637,-38.66398],[-58.97638,-38.66398],[-58.9764,-38.664],[-58.97642,-38.664],[-58.97645,-38.66402],[-58.97647,-38.66402],[-58.97648,-38.66403],[-58.97649,-38.66404],[-58.97651,-38.66405],[-58.97653,-38.66406],[-58.97654,-38.66406],[-58.97657,-38.66406],[-58.97657,-38.66406],[-58.97658,-38.66406],[-58.97662,-38.66404],[-58.97664,-38.66404],[-58.97666,-38.66403],[-58.97669,-38.66403],[-58.97672,-38.66403],[-58.97673,-38.66403],[-58.97675,-38.66403],[-58.97676,-38.66404],[-58.97677,-38.66404],[-58.97677,-38.66405],[-58.97678,-38.66406],[-58.97679,-38.66407],[-58.9768,-38.66407],[-58.97681,-38.66407],[-58.97681,-38.66408],[-58.97684,-38.66408],[-58.97685,-38.66408],[-58.97687,-38.66409],[-58.97688,-38.66409],[-58.97691,-38.66409],[-58.97694,-38.66409],[-58.97695,-38.66409],[-58.97696,-38.66409],[-58.97698,-38.66409],[-58.97699,-38.66409],[-58.97701,-38.6641],[-58.97702,-38.6641],[-58.97704,-38.66411],[-58.97706,-38.66412],[-58.97708,-38.66413],[-58.97711,-38.66413],[-58.97712,-38.66413],[-58.97714,-38.66414],[-58.97716,-38.66414],[-58.97717,-38.66414],[-58.97719,-38.66414],[-58.97721,-38.66414],[-58.97725,-38.66415],[-58.97727,-38.66415],[-58.9773,-38.66415],[-58.97732,-38.66416],[-58.97733,-38.66417],[-58.97736,-38.66418],[-58.97737,-38.66419],[-58.97738,-38.6642],[-58.9774,-38.6642],[-58.97742,-38.66421],[-58.97743,-38.66421],[-58.97744,-38.66421],[-58.97745,-38.66422],[-58.97747,-38.66423],[-58.97749,-38.66423],[-58.9775,-38.66424],[-58.97751,-38.66424],[-58.97752,-38.66424],[-58.97754,-38.66425],[-58.97755,-38.66426],[-58.97756,-38.66426],[-58.97756,-38.66426],[-58.97759,-38.66426],[-58.97762,-38.66426],[-58.97763,-38.66426],[-58.97765,-38.66426],[-58.97767,-38.66426],[-58.97769,-38.66426],[-58.97771,-38.66426],[-58.97772,-38.66426],[-58.97773,-38.66427],[-58.97774,-38.66427],[-58.97774,-38.66428],[-58.97775,-38.66429],[-58.97775,-38.6643],[-58.97776,-38.66431],[-58.97776,-38.66432],[-58.97776,-38.66433],[-58.97777,-38.66433],[-58.97777,-38.66433],[-58.97778,-38.66434],[-58.97779,-38.66434],[-58.9778,-38.66434],[-58.97781,-38.66434],[-58.97783,-38.66434],[-58.97784,-38.66435],[-58.97787,-38.66435],[-58.97788,-38.66435],[-58.97789,-38.66435],[-58.9779,-38.66435],[-58.97792,-38.66437],[-58.97796,-38.66439],[-58.97796,-38.66439],[-58.97797,-38.66439],[-58.97798,-38.66439],[-58.97799,-38.66439],[-58.978,-38.66439],[-58.97801,-38.66439],[-58.97803,-38.66437],[-58.97804,-38.66436],[-58.97806,-38.66435],[-58.97807,-38.66435],[-58.97809,-38.66434],[-58.9781,-38.66434],[-58.97814,-38.66434],[-58.97815,-38.66434],[-58.97817,-38.66436],[-58.97818,-38.66436],[-58.9782,-38.66437],[-58.97821,-38.66437],[-58.97822,-38.66438],[-58.97823,-38.66439],[-58.97824,-38.66439],[-58.97826,-38.6644],[-58.97827,-38.6644],[-58.9783,-38.66441],[-58.97831,-38.66441],[-58.97833,-38.66441],[-58.97835,-38.66441],[-58.97836,-38.66442],[-58.97838,-38.66442],[-58.9784,-38.66443],[-58.97843,-38.66445],[-58.97844,-38.66445],[-58.97846,-38.66446],[-58.97847,-38.66446],[-58.97848,-38.66446],[-58.97848,-38.66445],[-58.9785,-38.66445],[-58.97852,-38.66445],[-58.97855,-38.66445],[-58.97856,-38.66445],[-58.97858,-38.66445],[-58.97859,-38.66445],[-58.97861,-38.66445],[-58.97862,-38.66445],[-58.97862,-38.66446],[-58.97872,-38.66449],[-58.97873,-38.6645],[-58.97875,-38.66452],[-58.97877,-38.66452],[-58.97879,-38.66453],[-58.9788,-38.66453],[-58.97881,-38.66453],[-58.97883,-38.66453],[-58.97885,-38.66453],[-58.97886,-38.66453],[-58.97888,-38.66453],[-58.97889,-38.66453],[-58.97891,-38.66453],[-58.97894,-38.66453],[-58.97897,-38.66453],[-58.979,-38.66453],[-58.97903,-38.66453],[-58.97904,-38.66453],[-58.97906,-38.66454],[-58.9791,-38.66456],[-58.97912,-38.66457],[-58.97914,-38.66459],[-58.97916,-38.66459],[-58.9792,-38.66459],[-58.97923,-38.66458],[-58.97925,-38.66458],[-58.9793,-38.66455],[-58.97931,-38.66456],[-58.97932,-38.66457],[-58.97934,-38.66457],[-58.97937,-38.66459],[-58.9794,-38.66461],[-58.97943,-38.66463],[-58.97944,-38.66463],[-58.97945,-38.66463],[-58.97945,-38.66464],[-58.97946,-38.66464],[-58.97949,-38.66462],[-58.97951,-38.66461],[-58.97952,-38.66461],[-58.97954,-38.66461],[-58.97957,-38.66461],[-58.97958,-38.66461],[-58.97959,-38.66461],[-58.9796,-38.66461],[-58.97962,-38.66462],[-58.97963,-38.66463],[-58.97964,-38.66463],[-58.97965,-38.66465],[-58.97967,-38.66466],[-58.97968,-38.66466],[-58.97971,-38.66468],[-58.97973,-38.66469],[-58.97974,-38.66469],[-58.97976,-38.6647],[-58.97979,-38.66471],[-58.97981,-38.66471],[-58.97984,-38.66472],[-58.97985,-38.66472],[-58.97989,-38.66473],[-58.97992,-38.66474],[-58.97994,-38.66475],[-58.97997,-38.66475],[-58.97999,-38.66475],[-58.98002,-38.66476],[-58.98004,-38.66477],[-58.98005,-38.66478],[-58.98008,-38.66479],[-58.98011,-38.66479],[-58.98012,-38.6648],[-58.98015,-38.66481],[-58.98019,-38.66481],[-58.98023,-38.66482],[-58.9803,-38.66484],[-58.98033,-38.66485],[-58.98036,-38.66486],[-58.9804,-38.66487],[-58.98041,-38.66487],[-58.98046,-38.66491],[-58.9805,-38.66491],[-58.98051,-38.66491],[-58.98053,-38.66492],[-58.98055,-38.66493],[-58.98061,-38.66494],[-58.98065,-38.66495],[-58.98068,-38.66496],[-58.98069,-38.66496],[-58.98072,-38.66498],[-58.98078,-38.665],[-58.98083,-38.66501],[-58.98087,-38.66502],[-58.98088,-38.66502],[-58.98092,-38.66503],[-58.98095,-38.66504],[-58.98097,-38.66505],[-58.98102,-38.66506],[-58.98105,-38.66508],[-58.98109,-38.66509],[-58.9811,-38.66509],[-58.98112,-38.66511],[-58.98116,-38.66512],[-58.98121,-38.66512],[-58.98127,-38.66514],[-58.98131,-38.66514],[-58.98133,-38.66515],[-58.98138,-38.66515],[-58.98142,-38.66516],[-58.98146,-38.66516],[-58.98149,-38.66516],[-58.98149,-38.66517],[-58.98152,-38.66517],[-58.98155,-38.66518],[-58.98159,-38.66519],[-58.9816,-38.66519],[-58.98165,-38.6652],[-58.98168,-38.6652],[-58.98171,-38.66521],[-58.98171,-38.66521],[-58.98175,-38.66521],[-58.98179,-38.66522],[-58.98184,-38.66523],[-58.98189,-38.66524],[-58.98192,-38.66525],[-58.98198,-38.66526],[-58.98201,-38.66527],[-58.98204,-38.66528],[-58.98206,-38.66528],[-58.98207,-38.66528],[-58.98208,-38.66528],[-58.98212,-38.6653],[-58.98213,-38.66531],[-58.98215,-38.66531],[-58.98217,-38.66531],[-58.98218,-38.66531],[-58.98218,-38.66531],[-58.9822,-38.66531],[-58.9822,-38.66531],[-58.98221,-38.66531],[-58.98223,-38.66531],[-58.98226,-38.66532],[-58.9823,-38.66534],[-58.9823,-38.66534],[-58.98233,-38.66535],[-58.98234,-38.66536],[-58.98236,-38.66536],[-58.98238,-38.66537],[-58.98239,-38.66537],[-58.98242,-38.66539],[-58.98243,-38.66539],[-58.98248,-38.6654],[-58.98251,-38.66542],[-58.98252,-38.66542],[-58.98257,-38.66544],[-58.98261,-38.66544],[-58.98262,-38.66545],[-58.98263,-38.66545],[-58.98266,-38.66546],[-58.98268,-38.66546],[-58.98272,-38.66547],[-58.98274,-38.66549],[-58.98277,-38.6655],[-58.98279,-38.66551],[-58.98282,-38.66551],[-58.98284,-38.66551],[-58.98288,-38.66552],[-58.98289,-38.66553],[-58.98291,-38.66553],[-58.98294,-38.66554],[-58.98296,-38.66554],[-58.98297,-38.66555],[-58.98299,-38.66556],[-58.98302,-38.66557],[-58.98303,-38.66557],[-58.98304,-38.66557],[-58.98309,-38.66559],[-58.98312,-38.66559],[-58.98315,-38.6656],[-58.98316,-38.66561],[-58.98319,-38.66562],[-58.9832,-38.66562],[-58.98323,-38.66563],[-58.98325,-38.66563],[-58.98327,-38.66563],[-58.98329,-38.66563],[-58.98331,-38.66564],[-58.98334,-38.66564],[-58.98338,-38.66565],[-58.9834,-38.66565],[-58.98344,-38.66566],[-58.98347,-38.66567],[-58.98349,-38.66567],[-58.98352,-38.66567],[-58.98355,-38.66568],[-58.98357,-38.66568],[-58.98361,-38.66569],[-58.98362,-38.66569],[-58.98367,-38.6657],[-58.98368,-38.6657],[-58.98372,-38.66571],[-58.98376,-38.66571],[-58.98378,-38.66571],[-58.98382,-38.66572],[-58.98385,-38.66572],[-58.98388,-38.66573],[-58.9839,-38.66574],[-58.98391,-38.66574],[-58.98394,-38.66575],[-58.98396,-38.66575],[-58.98398,-38.66576],[-58.984,-38.66577],[-58.98404,-38.66579],[-58.98405,-38.66579],[-58.98408,-38.66581],[-58.9841,-38.66582],[-58.98413,-38.66583],[-58.98415,-38.66584],[-58.98418,-38.66585],[-58.9842,-38.66585],[-58.98425,-38.66587],[-58.98426,-38.66587],[-58.98429,-38.66589],[-58.9843,-38.66589],[-58.98433,-38.6659],[-58.98435,-38.6659],[-58.98438,-38.66591],[-58.98439,-38.66591],[-58.98441,-38.66592],[-58.98441,-38.66593],[-58.98444,-38.66593],[-58.98447,-38.66594],[-58.98448,-38.66595],[-58.98449,-38.66596],[-58.98452,-38.66596],[-58.98453,-38.66596],[-58.98453,-38.66597],[-58.98458,-38.66598],[-58.98459,-38.66599],[-58.98462,-38.66599],[-58.98463,-38.66599],[-58.98465,-38.66599],[-58.98468,-38.66599],[-58.98471,-38.66599],[-58.98475,-38.66601],[-58.98478,-38.66601],[-58.9848,-38.66602],[-58.98482,-38.66603],[-58.98483,-38.66603],[-58.98485,-38.66604],[-58.98486,-38.66605],[-58.98487,-38.66605],[-58.98488,-38.66606],[-58.9849,-38.66607],[-58.98493,-38.66608],[-58.98496,-38.6661],[-58.98498,-38.66611],[-58.985,-38.66611],[-58.985,-38.66612],[-58.98502,-38.66612],[-58.98503,-38.66613],[-58.98505,-38.66615],[-58.98506,-38.66616],[-58.98508,-38.66617],[-58.9851,-38.66618],[-58.98512,-38.66619],[-58.98516,-38.6662],[-58.98518,-38.66621],[-58.98519,-38.66621],[-58.9852,-38.66621],[-58.98521,-38.66621],[-58.98523,-38.66621],[-58.98524,-38.66622],[-58.98532,-38.66627],[-58.98533,-38.66627],[-58.98534,-38.66628],[-58.9854,-38.6663],[-58.98541,-38.6663],[-58.98544,-38.66631],[-58.98545,-38.66631],[-58.98547,-38.66632],[-58.98548,-38.66633],[-58.9855,-38.66634],[-58.98553,-38.66634],[-58.98554,-38.66635],[-58.98556,-38.66635],[-58.98558,-38.66636],[-58.98559,-38.66637],[-58.98561,-38.66637],[-58.98562,-38.66638],[-58.98563,-38.66639],[-58.98565,-38.6664],[-58.98565,-38.6664],[-58.98568,-38.66641],[-58.98572,-38.66643],[-58.98574,-38.66644],[-58.98575,-38.66644],[-58.98579,-38.66646],[-58.9858,-38.66646],[-58.98584,-38.66648],[-58.98585,-38.66648],[-58.98587,-38.66648],[-58.98588,-38.66649],[-58.9859,-38.66649],[-58.98592,-38.6665],[-58.98594,-38.6665],[-58.98596,-38.6665],[-58.98599,-38.6665],[-58.98599,-38.66651],[-58.986,-38.66651],[-58.98601,-38.66652],[-58.98604,-38.66653],[-58.98607,-38.66654],[-58.98611,-38.66655],[-58.98612,-38.66655],[-58.98614,-38.66656],[-58.98615,-38.66656],[-58.98619,-38.66657],[-58.98621,-38.66658],[-58.98624,-38.66659],[-58.98625,-38.6666],[-58.98629,-38.66661],[-58.98631,-38.66661],[-58.98635,-38.66663],[-58.98637,-38.66664],[-58.98641,-38.66666],[-58.98642,-38.66666],[-58.98645,-38.66668],[-58.98647,-38.66669],[-58.98649,-38.6667],[-58.98652,-38.6667],[-58.98654,-38.6667],[-58.98658,-38.66671],[-58.9866,-38.66672],[-58.98665,-38.66674],[-58.98666,-38.66674],[-58.98671,-38.66676],[-58.98672,-38.66676],[-58.98673,-38.66676],[-58.98678,-38.66678],[-58.98683,-38.6668],[-58.98684,-38.6668],[-58.98684,-38.6668],[-58.98688,-38.66681],[-58.98689,-38.66681],[-58.98692,-38.66682],[-58.98693,-38.66683],[-58.98697,-38.66684],[-58.98699,-38.66684],[-58.98704,-38.66686],[-58.98708,-38.66687],[-58.9871,-38.66688],[-58.98715,-38.66689],[-58.98719,-38.66689],[-58.98722,-38.66689],[-58.98724,-38.6669],[-58.98726,-38.6669],[-58.98729,-38.6669],[-58.98733,-38.66691],[-58.98736,-38.66692],[-58.98739,-38.66693],[-58.98743,-38.66694],[-58.98745,-38.66694],[-58.98752,-38.66696],[-58.98753,-38.66696],[-58.9876,-38.66698],[-58.98761,-38.66699],[-58.98767,-38.66701],[-58.98768,-38.66702],[-58.98772,-38.66704],[-58.98773,-38.66704],[-58.98777,-38.66706],[-58.9878,-38.66706],[-58.98783,-38.66708],[-58.98788,-38.66709],[-58.98789,-38.66709],[-58.98792,-38.66709],[-58.98795,-38.66711],[-58.98798,-38.66711],[-58.988,-38.66711],[-58.98803,-38.66712],[-58.98805,-38.66712],[-58.98808,-38.66713],[-58.9881,-38.66713],[-58.98813,-38.66713],[-58.98816,-38.66714],[-58.98819,-38.66716],[-58.98822,-38.66717],[-58.98823,-38.66718],[-58.98828,-38.66719],[-58.98829,-38.6672],[-58.98833,-38.66721],[-58.98835,-38.66722],[-58.98838,-38.66723],[-58.9884,-38.66723],[-58.98841,-38.66724],[-58.98842,-38.66724],[-58.98845,-38.66725],[-58.98846,-38.66726],[-58.98849,-38.66726],[-58.98852,-38.66728],[-58.98855,-38.66729],[-58.98858,-38.66729],[-58.98861,-38.66729],[-58.98862,-38.66729],[-58.98864,-38.6673],[-58.98865,-38.6673],[-58.98868,-38.66731],[-58.98871,-38.66731],[-58.98873,-38.66732],[-58.98877,-38.66733],[-58.98878,-38.66734],[-58.98881,-38.66734],[-58.98883,-38.66735],[-58.9889,-38.66735],[-58.98893,-38.66736],[-58.98895,-38.66736],[-58.98898,-38.66737],[-58.98901,-38.66737],[-58.98903,-38.66738],[-58.98906,-38.66738],[-58.98908,-38.66738],[-58.98911,-38.66739],[-58.98913,-38.66739],[-58.98917,-38.66739],[-58.98918,-38.66739],[-58.9892,-38.6674],[-58.98922,-38.66741],[-58.98924,-38.66741],[-58.98927,-38.66741],[-58.98929,-38.66742],[-58.9893,-38.66742],[-58.98933,-38.66743],[-58.98935,-38.66743],[-58.98938,-38.66743],[-58.9894,-38.66743],[-58.98943,-38.66744],[-58.98946,-38.66744],[-58.98949,-38.66745],[-58.98951,-38.66746],[-58.98954,-38.66746],[-58.98957,-38.66747],[-58.98959,-38.66748],[-58.9896,-38.66749],[-58.98963,-38.66749],[-58.98964,-38.66749],[-58.98965,-38.6675],[-58.98966,-38.6675],[-58.98968,-38.66751],[-58.98968,-38.66752],[-58.9897,-38.66752],[-58.98971,-38.66752],[-58.98973,-38.66754],[-58.98974,-38.66754],[-58.98975,-38.66755],[-58.98976,-38.66755],[-58.98977,-38.66757],[-58.98978,-38.66757],[-58.98979,-38.66758],[-58.9898,-38.66758],[-58.98981,-38.66758],[-58.98982,-38.66758],[-58.98983,-38.66758],[-58.98983,-38.66759],[-58.98984,-38.66759],[-58.98986,-38.6676],[-58.98987,-38.6676],[-58.9899,-38.66761],[-58.98991,-38.66761],[-58.98993,-38.66762],[-58.98994,-38.66762],[-58.98994,-38.66763],[-58.98996,-38.66763],[-58.98999,-38.66763],[-58.99001,-38.66763],[-58.99004,-38.66763],[-58.99006,-38.66762],[-58.99009,-38.66761],[-58.99011,-38.66761],[-58.99012,-38.66761],[-58.99014,-38.6676],[-58.99016,-38.66759],[-58.99017,-38.66759],[-58.9902,-38.66759],[-58.99022,-38.66759],[-58.99025,-38.66759],[-58.99028,-38.66759],[-58.99031,-38.6676],[-58.99033,-38.6676],[-58.99036,-38.6676],[-58.99037,-38.66761],[-58.99039,-38.66762],[-58.99042,-38.66762],[-58.99043,-38.66762],[-58.99047,-38.66763],[-58.9905,-38.66764],[-58.99053,-38.66766],[-58.99056,-38.66767],[-58.99057,-38.66768],[-58.9906,-38.66769],[-58.99064,-38.6677],[-58.99065,-38.66771],[-58.99068,-38.66772],[-58.9907,-38.66772],[-58.99072,-38.66773],[-58.99073,-38.66773],[-58.99076,-38.66773],[-58.99078,-38.66773],[-58.99079,-38.66773],[-58.9908,-38.66774],[-58.99082,-38.66774],[-58.99085,-38.66774],[-58.99087,-38.66774],[-58.99089,-38.66774],[-58.99091,-38.66775],[-58.99092,-38.66775],[-58.99095,-38.66776],[-58.99098,-38.66776],[-58.99099,-38.66777],[-58.99103,-38.66778],[-58.99106,-38.66779],[-58.99109,-38.6678],[-58.99111,-38.6678],[-58.99114,-38.66781],[-58.99115,-38.66782],[-58.99118,-38.66783],[-58.99118,-38.66783],[-58.9912,-38.66784],[-58.99121,-38.66784],[-58.99124,-38.66785],[-58.99127,-38.66787],[-58.99129,-38.66787],[-58.99131,-38.66787],[-58.99133,-38.66788],[-58.99135,-38.66788],[-58.99136,-38.66788],[-58.99138,-38.66789],[-58.9914,-38.66789],[-58.99142,-38.66789],[-58.99144,-38.66789],[-58.99145,-38.66789],[-58.99147,-38.6679],[-58.99149,-38.6679],[-58.9915,-38.6679],[-58.99152,-38.6679],[-58.99158,-38.66792],[-58.99161,-38.66793],[-58.99166,-38.66794],[-58.99167,-38.66794],[-58.99169,-38.66794],[-58.9917,-38.66794],[-58.99173,-38.66795],[-58.99174,-38.66796],[-58.99177,-38.66797],[-58.99179,-38.66798],[-58.9918,-38.66798],[-58.99182,-38.668],[-58.99183,-38.668],[-58.99185,-38.66801],[-58.99186,-38.66802],[-58.99187,-38.66802],[-58.99188,-38.66802],[-58.99189,-38.66802],[-58.99192,-38.66803],[-58.99193,-38.66803],[-58.99195,-38.66803],[-58.99197,-38.66803],[-58.992,-38.66803],[-58.99202,-38.66804],[-58.99204,-38.66804],[-58.99206,-38.66805],[-58.99209,-38.66805],[-58.99211,-38.66805],[-58.99212,-38.66805],[-58.99213,-38.66805],[-58.99214,-38.66806],[-58.99216,-38.66806],[-58.99217,-38.66806],[-58.99219,-38.66806],[-58.99221,-38.66806],[-58.99222,-38.66806],[-58.99228,-38.66807],[-58.99229,-38.66808],[-58.9923,-38.66808],[-58.99236,-38.66809],[-58.99237,-38.66809],[-58.9924,-38.66811],[-58.99242,-38.66811],[-58.99244,-38.66812],[-58.99245,-38.66812],[-58.99247,-38.66813],[-58.9925,-38.66814],[-58.99251,-38.66815],[-58.99253,-38.66816],[-58.99255,-38.66816],[-58.99256,-38.66818],[-58.99259,-38.6682],[-58.99261,-38.66822],[-58.99262,-38.66823],[-58.99264,-38.66825],[-58.99266,-38.66826],[-58.99267,-38.66826],[-58.99268,-38.66826],[-58.99271,-38.66827],[-58.99274,-38.66828],[-58.99276,-38.66828],[-58.99277,-38.66828],[-58.99279,-38.66828],[-58.99281,-38.66829],[-58.99284,-38.66829],[-58.99286,-38.6683],[-58.99287,-38.66831],[-58.99288,-38.66831],[-58.99291,-38.66832],[-58.99294,-38.66832],[-58.99296,-38.66832],[-58.99297,-38.66832],[-58.99299,-38.66832],[-58.993,-38.66832],[-58.99302,-38.66832],[-58.99304,-38.66832],[-58.99307,-38.66832],[-58.99308,-38.66833],[-58.99309,-38.66833],[-58.9931,-38.66833],[-58.99312,-38.66834],[-58.99313,-38.66834],[-58.9932,-38.66837],[-58.99321,-38.66837],[-58.99322,-38.66837],[-58.99323,-38.66837],[-58.99326,-38.66837],[-58.99328,-38.66837],[-58.9933,-38.66837],[-58.99334,-38.66837],[-58.99335,-38.66837],[-58.99338,-38.66837],[-58.99339,-38.66838],[-58.99341,-38.66839],[-58.99343,-38.6684],[-58.99346,-38.66841],[-58.99348,-38.66841],[-58.9935,-38.66841],[-58.99353,-38.66842],[-58.99355,-38.66843],[-58.99356,-38.66843],[-58.99359,-38.66844],[-58.9936,-38.66844],[-58.99363,-38.66845],[-58.99365,-38.66846],[-58.99371,-38.66847],[-58.99375,-38.66847],[-58.99375,-38.66847],[-58.9938,-38.6685],[-58.99385,-38.66851],[-58.99388,-38.66851],[-58.99389,-38.66852],[-58.9939,-38.66853],[-58.99393,-38.66854],[-58.99396,-38.66854],[-58.99397,-38.66855],[-58.99398,-38.66855],[-58.994,-38.66855],[-58.99402,-38.66855],[-58.99405,-38.66856],[-58.99406,-38.66856],[-58.99409,-38.66857],[-58.99411,-38.66857],[-58.99414,-38.66858],[-58.99415,-38.66858],[-58.99417,-38.66859],[-58.99419,-38.6686],[-58.9942,-38.6686],[-58.99422,-38.66861],[-58.99423,-38.66862],[-58.99425,-38.66862],[-58.99426,-38.66863],[-58.99428,-38.66864],[-58.99428,-38.66865],[-58.99429,-38.66865],[-58.99431,-38.66866],[-58.99432,-38.66867],[-58.99433,-38.66867],[-58.99434,-38.66867],[-58.99435,-38.66868],[-58.99437,-38.66868],[-58.99438,-38.66869],[-58.9944,-38.6687],[-58.99441,-38.6687],[-58.99442,-38.6687],[-58.99443,-38.6687],[-58.99445,-38.66871],[-58.99449,-38.66871],[-58.99453,-38.66872],[-58.99454,-38.66872],[-58.99456,-38.66873],[-58.99459,-38.66874],[-58.9946,-38.66874],[-58.99463,-38.66874],[-58.99467,-38.66875],[-58.99468,-38.66876],[-58.99472,-38.66876],[-58.99473,-38.66877],[-58.99474,-38.66878],[-58.99476,-38.66878],[-58.99477,-38.66879],[-58.9948,-38.66879],[-58.99481,-38.6688],[-58.99485,-38.66882],[-58.99487,-38.66882],[-58.99491,-38.66883],[-58.99493,-38.66883],[-58.99495,-38.66884],[-58.99498,-38.66885],[-58.99501,-38.66885],[-58.99504,-38.66886],[-58.99506,-38.66886],[-58.99509,-38.66886],[-58.99511,-38.66887],[-58.99513,-38.66887],[-58.99516,-38.66887],[-58.99519,-38.66887],[-58.9952,-38.66887],[-58.99521,-38.66887],[-58.99523,-38.66888],[-58.99525,-38.66888],[-58.99527,-38.66888],[-58.99528,-38.66888],[-58.99529,-38.66888],[-58.99531,-38.66889],[-58.99532,-38.66889],[-58.99533,-38.66889],[-58.99536,-38.66889],[-58.99538,-38.66889],[-58.9954,-38.6689],[-58.99544,-38.6689],[-58.99546,-38.6689],[-58.99547,-38.6689],[-58.99549,-38.66891],[-58.99553,-38.66892],[-58.99555,-38.66892],[-58.99558,-38.66892],[-58.9956,-38.66893],[-58.99562,-38.66893],[-58.99565,-38.66894],[-58.99567,-38.66895],[-58.99568,-38.66895],[-58.99571,-38.66896],[-58.99572,-38.66896],[-58.99573,-38.66897],[-58.99578,-38.66898],[-58.99581,-38.669],[-58.99582,-38.669],[-58.99586,-38.66902],[-58.99588,-38.66903],[-58.99589,-38.66904],[-58.9959,-38.66905],[-58.99592,-38.66905],[-58.99593,-38.66906],[-58.99598,-38.66907],[-58.99602,-38.66908],[-58.99603,-38.66908],[-58.99606,-38.66909],[-58.99608,-38.6691],[-58.99611,-38.66911],[-58.99612,-38.66911],[-58.99612,-38.66911],[-58.99613,-38.66912],[-58.99616,-38.66913],[-58.99619,-38.66915],[-58.99621,-38.66916],[-58.99622,-38.66916],[-58.99623,-38.66917],[-58.99625,-38.66918],[-58.99626,-38.66919],[-58.99628,-38.6692],[-58.9963,-38.66921],[-58.99631,-38.66922],[-58.99634,-38.66924],[-58.99635,-38.66924],[-58.99637,-38.66925],[-58.99638,-38.66925],[-58.99641,-38.66926],[-58.99643,-38.66926],[-58.99646,-38.66927],[-58.99647,-38.66928],[-58.99649,-38.66928],[-58.9965,-38.66928],[-58.99651,-38.66929],[-58.99653,-38.6693],[-58.99655,-38.66931],[-58.99656,-38.66931],[-58.99657,-38.66931],[-58.99658,-38.66932],[-58.99669,-38.66932],[-58.99669,-38.66933],[-58.99669,-38.66934],[-58.99671,-38.66935],[-58.99674,-38.66937],[-58.99676,-38.66937],[-58.99679,-38.66939],[-58.9968,-38.66939],[-58.99682,-38.6694],[-58.99683,-38.6694],[-58.99686,-38.66941],[-58.99688,-38.66941],[-58.9969,-38.66942],[-58.99691,-38.66942],[-58.99691,-38.66942],[-58.99692,-38.66942],[-58.99694,-38.66943],[-58.99695,-38.66943],[-58.99697,-38.66944],[-58.99698,-38.66944],[-58.99699,-38.66944],[-58.99701,-38.66945],[-58.99702,-38.66945],[-58.99704,-38.66946],[-58.99706,-38.66946],[-58.99708,-38.66947],[-58.9971,-38.66947],[-58.99712,-38.66947],[-58.99714,-38.66948],[-58.99715,-38.66948],[-58.99717,-38.66949],[-58.99718,-38.66949],[-58.99722,-38.6695],[-58.99724,-38.6695],[-58.99727,-38.66951],[-58.99729,-38.66951],[-58.99733,-38.66952],[-58.99735,-38.66952],[-58.99738,-38.66953],[-58.9974,-38.66953],[-58.99743,-38.66953],[-58.99746,-38.66954],[-58.99748,-38.66955],[-58.9975,-38.66955],[-58.99752,-38.66957],[-58.99753,-38.66957],[-58.99755,-38.66957],[-58.99758,-38.66958],[-58.9976,-38.66958],[-58.99763,-38.66959],[-58.99764,-38.66959],[-58.99766,-38.6696],[-58.99768,-38.6696],[-58.9977,-38.6696],[-58.99771,-38.66961],[-58.99774,-38.66962],[-58.99777,-38.66962],[-58.99779,-38.66963],[-58.99781,-38.66963],[-58.99783,-38.66964],[-58.99787,-38.66965],[-58.99789,-38.66966],[-58.99791,-38.66967],[-58.99793,-38.66968],[-58.99795,-38.66968],[-58.99797,-38.66969],[-58.998,-38.6697],[-58.99801,-38.66971],[-58.99802,-38.66971],[-58.99806,-38.66972],[-58.99808,-38.66973],[-58.99809,-38.66973],[-58.99811,-38.66974],[-58.99812,-38.66974],[-58.99815,-38.66975],[-58.99818,-38.66977],[-58.99821,-38.66978],[-58.99824,-38.66979],[-58.99825,-38.66979],[-58.99827,-38.66981],[-58.99828,-38.66981],[-58.9983,-38.66982],[-58.99832,-38.66983],[-58.99835,-38.66984],[-58.99836,-38.66985],[-58.99839,-38.66985],[-58.9984,-38.66985],[-58.99841,-38.66985],[-58.99844,-38.66986],[-58.99847,-38.66986],[-58.99849,-38.66988],[-58.99851,-38.66989],[-58.99852,-38.6699],[-58.99853,-38.6699],[-58.99854,-38.6699],[-58.99857,-38.66991],[-58.99859,-38.66992],[-58.99861,-38.66992],[-58.99863,-38.66993],[-58.99866,-38.66994],[-58.99868,-38.66994],[-58.9987,-38.66995],[-58.99871,-38.66995],[-58.99872,-38.66995],[-58.99875,-38.66996],[-58.99877,-38.66997],[-58.99879,-38.66997],[-58.99882,-38.66998],[-58.99884,-38.66999],[-58.99886,-38.66999],[-58.99888,-38.67],[-58.99889,-38.67001],[-58.99891,-38.67001],[-58.99892,-38.67001],[-58.99894,-38.67002],[-58.99896,-38.67003],[-58.99898,-38.67005],[-58.99899,-38.67005],[-58.99901,-38.67005],[-58.99902,-38.67006],[-58.99904,-38.67007],[-58.99905,-38.67007],[-58.99906,-38.67008],[-58.99908,-38.67008],[-58.99908,-38.6701],[-58.99909,-38.6701],[-58.99911,-38.67011],[-58.99912,-38.67011],[-58.99913,-38.67012],[-58.99914,-38.67012],[-58.99915,-38.67013],[-58.99916,-38.67014],[-58.99917,-38.67014],[-58.99918,-38.67014],[-58.99928,-38.67017],[-58.99928,-38.67018],[-58.9993,-38.67018],[-58.99931,-38.67018],[-58.99933,-38.67019],[-58.99934,-38.6702],[-58.99937,-38.67021],[-58.99938,-38.67021],[-58.9994,-38.67021],[-58.99942,-38.67022],[-58.99944,-38.67023],[-58.99947,-38.67024],[-58.99949,-38.67025],[-58.9995,-38.67025],[-58.99951,-38.67025],[-58.99955,-38.67025],[-58.99957,-38.67025],[-58.9996,-38.67026],[-58.99962,-38.67027],[-58.99964,-38.67027],[-58.99965,-38.67027],[-58.99966,-38.67027],[-58.99968,-38.67028],[-58.9997,-38.67028],[-58.99974,-38.6703],[-58.99976,-38.6703],[-58.9998,-38.67031],[-58.99983,-38.67032],[-58.99985,-38.67032],[-58.99987,-38.67033],[-58.99987,-38.67033],[-58.99991,-38.67034],[-58.99992,-38.67034],[-58.99995,-38.67035],[-58.99995,-38.67036],[-58.99996,-38.67036],[-59.00001,-38.67037],[-59.00002,-38.67037],[-59.00004,-38.67038],[-59.00006,-38.67038],[-59.00008,-38.6704],[-59.00011,-38.67041],[-59.00013,-38.67041],[-59.00015,-38.67042],[-59.00018,-38.67043],[-59.0002,-38.67044],[-59.00022,-38.67045],[-59.00024,-38.67045],[-59.00025,-38.67045],[-59.00027,-38.67046],[-59.00029,-38.67046],[-59.00032,-38.67047],[-59.00035,-38.67049],[-59.00036,-38.67049],[-59.00037,-38.67049],[-59.00038,-38.6705],[-59.0004,-38.6705],[-59.00041,-38.67051],[-59.00042,-38.67052],[-59.00043,-38.67052],[-59.00044,-38.67053],[-59.00045,-38.67053],[-59.00055,-38.67057],[-59.00056,-38.67057],[-59.00057,-38.67057],[-59.00062,-38.67059],[-59.00063,-38.67059],[-59.00066,-38.6706],[-59.00067,-38.67061],[-59.0007,-38.67061],[-59.0007,-38.67062],[-59.00072,-38.67063],[-59.00074,-38.67064],[-59.00076,-38.67064],[-59.00077,-38.67065],[-59.0008,-38.67066],[-59.00084,-38.67068],[-59.00085,-38.67069],[-59.00086,-38.6707],[-59.00087,-38.6707],[-59.00088,-38.67072],[-59.00089,-38.67073],[-59.0009,-38.67073],[-59.00091,-38.67074],[-59.00092,-38.67075],[-59.00095,-38.67076],[-59.00096,-38.67077],[-59.00098,-38.67078],[-59.001,-38.67079],[-59.00104,-38.6708],[-59.00107,-38.67082],[-59.00108,-38.67082],[-59.00111,-38.67083],[-59.00113,-38.67083],[-59.00116,-38.67084],[-59.00118,-38.67084],[-59.00122,-38.67085],[-59.00126,-38.67085],[-59.00128,-38.67085],[-59.00131,-38.67086],[-59.00133,-38.67087],[-59.00137,-38.67088],[-59.00139,-38.67088],[-59.0014,-38.67089],[-59.00141,-38.6709],[-59.00145,-38.6709],[-59.00146,-38.67091],[-59.00149,-38.67092],[-59.00151,-38.67092],[-59.00155,-38.67094],[-59.00157,-38.67094],[-59.0016,-38.67095],[-59.00161,-38.67095],[-59.00162,-38.67095],[-59.00164,-38.67097],[-59.00166,-38.67097],[-59.00167,-38.67097],[-59.00168,-38.67098],[-59.00169,-38.671],[-59.0017,-38.671],[-59.00172,-38.67101],[-59.00174,-38.67101],[-59.00177,-38.67101],[-59.00178,-38.67102],[-59.00179,-38.67102],[-59.00183,-38.67103],[-59.00184,-38.67103],[-59.00188,-38.67103],[-59.0019,-38.67103],[-59.00195,-38.67104],[-59.00198,-38.67104],[-59.00202,-38.67104],[-59.00204,-38.67104],[-59.00204,-38.67104],[-59.00207,-38.67104],[-59.00209,-38.67104],[-59.00213,-38.67104],[-59.00215,-38.67104],[-59.00218,-38.67104],[-59.00219,-38.67104],[-59.00224,-38.67106],[-59.00224,-38.67106],[-59.00228,-38.67106],[-59.00231,-38.67107],[-59.00234,-38.67107],[-59.00236,-38.67108],[-59.00237,-38.67108],[-59.00239,-38.67108],[-59.00243,-38.67109],[-59.00243,-38.67109],[-59.00247,-38.6711],[-59.00249,-38.6711],[-59.00253,-38.67111],[-59.00254,-38.67111],[-59.00259,-38.67113],[-59.0026,-38.67114],[-59.00263,-38.67115],[-59.00264,-38.67116],[-59.00265,-38.67116],[-59.0027,-38.67117],[-59.00271,-38.67117],[-59.00276,-38.67118],[-59.00277,-38.67118],[-59.0028,-38.67118],[-59.00281,-38.67118],[-59.00284,-38.67118],[-59.00285,-38.67118],[-59.0029,-38.67118],[-59.00294,-38.67118],[-59.00299,-38.67118],[-59.00303,-38.67118],[-59.00305,-38.67118],[-59.00306,-38.67118],[-59.0031,-38.67118],[-59.00311,-38.67118],[-59.00316,-38.67118],[-59.00318,-38.67118],[-59.00321,-38.67118],[-59.00322,-38.67118],[-59.00325,-38.67118],[-59.00326,-38.67118],[-59.00331,-38.67118],[-59.00333,-38.67118],[-59.00336,-38.67118],[-59.00337,-38.67118],[-59.00341,-38.67118],[-59.00342,-38.67119],[-59.00347,-38.6712],[-59.00351,-38.67122],[-59.00352,-38.67122],[-59.00357,-38.67123],[-59.0036,-38.67124],[-59.00361,-38.67124],[-59.00363,-38.67124],[-59.00368,-38.67125],[-59.00369,-38.67125],[-59.00374,-38.67126],[-59.00375,-38.67127],[-59.00377,-38.67127],[-59.00379,-38.67127],[-59.00383,-38.67128],[-59.00384,-38.67129],[-59.00389,-38.67129],[-59.00391,-38.6713],[-59.00393,-38.6713],[-59.00395,-38.6713],[-59.00398,-38.67131],[-59.00399,-38.67132],[-59.004,-38.67132],[-59.00403,-38.67132],[-59.00403,-38.67133],[-59.00409,-38.67134],[-59.00414,-38.67135],[-59.00415,-38.67135],[-59.0042,-38.67136],[-59.00421,-38.67136],[-59.00426,-38.67138],[-59.00429,-38.6714],[-59.0043,-38.6714],[-59.00434,-38.67142],[-59.00438,-38.67143],[-59.00441,-38.67143],[-59.00442,-38.67144],[-59.00446,-38.67144],[-59.00447,-38.67144],[-59.0045,-38.67145],[-59.00452,-38.67146],[-59.00453,-38.67146],[-59.00454,-38.67146],[-59.00456,-38.67147],[-59.00459,-38.67148],[-59.0046,-38.67148],[-59.00462,-38.67149],[-59.00463,-38.67149],[-59.00482,-38.67157],[-59.00484,-38.67157],[-59.00485,-38.67158],[-59.00489,-38.6716],[-59.00491,-38.67161],[-59.00493,-38.67162],[-59.00494,-38.67163],[-59.00497,-38.67163],[-59.00498,-38.67164],[-59.005,-38.67164],[-59.005,-38.67165],[-59.00502,-38.67165],[-59.00503,-38.67165],[-59.00505,-38.67166],[-59.00507,-38.67166],[-59.0051,-38.67167],[-59.00511,-38.67167],[-59.00516,-38.67169],[-59.0052,-38.6717],[-59.00521,-38.67171],[-59.00524,-38.67171],[-59.00526,-38.67171],[-59.00527,-38.67172],[-59.00531,-38.67173],[-59.00532,-38.67173],[-59.00535,-38.67174],[-59.00537,-38.67175],[-59.00539,-38.67176],[-59.00541,-38.67177],[-59.00542,-38.67177],[-59.00543,-38.67177],[-59.00546,-38.67179],[-59.00548,-38.67179],[-59.0055,-38.67179],[-59.00553,-38.6718],[-59.00554,-38.6718],[-59.00557,-38.67181],[-59.0056,-38.67182],[-59.00561,-38.67182],[-59.00563,-38.67183],[-59.00564,-38.67183],[-59.00565,-38.67183],[-59.00567,-38.67185],[-59.00569,-38.67187],[-59.0057,-38.67187],[-59.00571,-38.67188],[-59.00572,-38.67189],[-59.00575,-38.67191],[-59.00577,-38.67192],[-59.00578,-38.67193],[-59.00579,-38.67194],[-59.0058,-38.67194],[-59.00582,-38.67195],[-59.00583,-38.67195],[-59.00586,-38.67196],[-59.00586,-38.67197],[-59.00589,-38.67198],[-59.00593,-38.67199],[-59.00597,-38.67201],[-59.00599,-38.67202],[-59.00602,-38.67203],[-59.00603,-38.67203],[-59.00607,-38.67203],[-59.00608,-38.67204],[-59.0061,-38.67205],[-59.00621,-38.67213],[-59.00622,-38.67213],[-59.00631,-38.67215],[-59.00638,-38.67216],[-59.00639,-38.67217],[-59.00641,-38.67217],[-59.00642,-38.67217],[-59.00642,-38.67218],[-59.00643,-38.67218],[-59.00645,-38.6722],[-59.00646,-38.6722],[-59.00647,-38.67221],[-59.00648,-38.67222],[-59.00649,-38.67222],[-59.00651,-38.67223],[-59.00653,-38.67224],[-59.00653,-38.67225],[-59.00654,-38.67225],[-59.00655,-38.67226],[-59.00657,-38.67227],[-59.00658,-38.67228],[-59.00658,-38.67229],[-59.00659,-38.6723],[-59.0066,-38.6723],[-59.00662,-38.67231],[-59.00663,-38.67232],[-59.00665,-38.67233],[-59.00668,-38.67234],[-59.0067,-38.67235],[-59.00671,-38.67235],[-59.00675,-38.67236],[-59.00675,-38.67237],[-59.00676,-38.67237],[-59.00678,-38.67238],[-59.00679,-38.67239],[-59.00682,-38.6724],[-59.00685,-38.67241],[-59.00686,-38.67241],[-59.00689,-38.67242],[-59.0069,-38.67242],[-59.00694,-38.67243],[-59.00697,-38.67245],[-59.00698,-38.67245],[-59.00701,-38.67246],[-59.00701,-38.67247],[-59.00704,-38.67248],[-59.00707,-38.6725],[-59.0071,-38.67251],[-59.0071,-38.67252],[-59.00712,-38.67253],[-59.00713,-38.67254],[-59.00716,-38.67255],[-59.00716,-38.67256],[-59.00718,-38.67257],[-59.00719,-38.67258],[-59.00723,-38.6726],[-59.00725,-38.67261],[-59.00729,-38.67262],[-59.00733,-38.67264],[-59.00736,-38.67265],[-59.00737,-38.67265],[-59.00738,-38.67266],[-59.00741,-38.67268],[-59.00746,-38.6727],[-59.00747,-38.6727],[-59.00751,-38.67271],[-59.00752,-38.67271],[-59.00757,-38.67273],[-59.00761,-38.67274],[-59.00765,-38.67274],[-59.00766,-38.67275],[-59.0077,-38.67276],[-59.00773,-38.67277],[-59.00776,-38.67278],[-59.00778,-38.67278],[-59.00779,-38.67279],[-59.00781,-38.6728],[-59.00783,-38.67281],[-59.00784,-38.67282],[-59.00785,-38.67282],[-59.00787,-38.67283],[-59.00789,-38.67285],[-59.0079,-38.67286],[-59.00793,-38.67287],[-59.00796,-38.67288],[-59.00796,-38.67288],[-59.00797,-38.67289],[-59.00797,-38.6729],[-59.00807,-38.67295],[-59.00808,-38.67296],[-59.0081,-38.67298],[-59.00811,-38.67299],[-59.00812,-38.673],[-59.00813,-38.67301],[-59.00815,-38.67301],[-59.00816,-38.67303],[-59.00817,-38.67304],[-59.00819,-38.67305],[-59.00821,-38.67307],[-59.00822,-38.67308],[-59.00824,-38.6731],[-59.00825,-38.6731],[-59.00827,-38.67311],[-59.00829,-38.67312],[-59.00831,-38.67313],[-59.00832,-38.67313],[-59.00833,-38.67315],[-59.00834,-38.67315],[-59.00836,-38.67316],[-59.00836,-38.67316],[-59.00839,-38.67317],[-59.0084,-38.67317],[-59.00842,-38.67318],[-59.00845,-38.67319],[-59.00846,-38.6732],[-59.00848,-38.67321],[-59.00848,-38.67321],[-59.00849,-38.67321],[-59.00851,-38.67323],[-59.00852,-38.67323],[-59.00855,-38.67325],[-59.00858,-38.67326],[-59.00859,-38.67327],[-59.00861,-38.67328],[-59.00862,-38.67328],[-59.00865,-38.67329],[-59.00867,-38.67331],[-59.00868,-38.67332],[-59.00869,-38.67332],[-59.00872,-38.67333],[-59.00872,-38.67334],[-59.00875,-38.67336],[-59.00878,-38.67338],[-59.00878,-38.67339],[-59.00881,-38.67341],[-59.00882,-38.67341],[-59.00884,-38.67342],[-59.00886,-38.67344],[-59.00887,-38.67346],[-59.00888,-38.67347],[-59.00889,-38.67348],[-59.0089,-38.67349],[-59.00892,-38.67351],[-59.00894,-38.67354],[-59.00895,-38.67355],[-59.00897,-38.67356],[-59.00899,-38.67358],[-59.009,-38.67359],[-59.00901,-38.6736],[-59.00902,-38.6736],[-59.00905,-38.67362],[-59.00906,-38.67362],[-59.00907,-38.67363],[-59.0091,-38.67364],[-59.00913,-38.67365],[-59.00916,-38.67367],[-59.00918,-38.67368],[-59.00921,-38.67369],[-59.00924,-38.67371],[-59.00927,-38.67374],[-59.0093,-38.67376],[-59.00934,-38.67378],[-59.00934,-38.67379],[-59.00937,-38.6738],[-59.00941,-38.67382],[-59.00946,-38.67385],[-59.0095,-38.67388],[-59.00954,-38.6739],[-59.00956,-38.67393],[-59.00958,-38.67396],[-59.0096,-38.67398],[-59.00962,-38.67398],[-59.00963,-38.674],[-59.00964,-38.67402],[-59.00966,-38.67404],[-59.00967,-38.67407],[-59.00968,-38.67407],[-59.00969,-38.67409],[-59.0097,-38.67411],[-59.0097,-38.67412],[-59.00972,-38.67415],[-59.00973,-38.67416],[-59.00974,-38.67418],[-59.00974,-38.67419],[-59.00975,-38.6742],[-59.00976,-38.6742],[-59.00978,-38.67421],[-59.0098,-38.67422],[-59.0098,-38.67423],[-59.00983,-38.67424],[-59.00984,-38.67424],[-59.00986,-38.67424],[-59.00988,-38.67425],[-59.0099,-38.67426],[-59.0099,-38.67427],[-59.00993,-38.67428],[-59.00994,-38.67428],[-59.00995,-38.6743],[-59.00996,-38.67431],[-59.00998,-38.67432],[-59.01,-38.67434],[-59.01001,-38.67434],[-59.01004,-38.67437],[-59.01005,-38.67437],[-59.01007,-38.67439],[-59.01008,-38.67439],[-59.01008,-38.67439],[-59.01011,-38.67441],[-59.01013,-38.67442],[-59.01015,-38.67444],[-59.01017,-38.67445],[-59.01019,-38.67447],[-59.01027,-38.67453],[-59.01027,-38.67454],[-59.01028,-38.67455],[-59.01029,-38.67455],[-59.01029,-38.67456],[-59.0103,-38.67457],[-59.01032,-38.67459],[-59.01033,-38.67459],[-59.01034,-38.67462],[-59.01035,-38.67462],[-59.01036,-38.67464],[-59.01038,-38.67466],[-59.0104,-38.67469],[-59.01042,-38.67471],[-59.01042,-38.67472],[-59.01045,-38.67473],[-59.01045,-38.67474],[-59.01047,-38.67475],[-59.01049,-38.67477],[-59.01051,-38.67479],[-59.01052,-38.6748],[-59.01053,-38.67482],[-59.01053,-38.67484],[-59.01054,-38.67486],[-59.01054,-38.67487],[-59.01054,-38.67489],[-59.01054,-38.6749],[-59.01054,-38.67491],[-59.01054,-38.67494],[-59.01054,-38.67497],[-59.01054,-38.67499],[-59.01055,-38.675],[-59.01056,-38.67502],[-59.01058,-38.67503],[-59.01059,-38.67503],[-59.01062,-38.67505],[-59.01063,-38.67505],[-59.01064,-38.67506],[-59.01067,-38.67507],[-59.01068,-38.67508],[-59.01069,-38.67508],[-59.0107,-38.67509],[-59.01071,-38.67509],[-59.01072,-38.67511],[-59.01073,-38.67512],[-59.01073,-38.67513],[-59.01073,-38.67514],[-59.01073,-38.67515],[-59.01074,-38.67517],[-59.01074,-38.67518],[-59.01075,-38.67519],[-59.01076,-38.67521],[-59.01076,-38.67522],[-59.01077,-38.67523],[-59.01077,-38.67524],[-59.01078,-38.67526],[-59.01079,-38.67528],[-59.0108,-38.67529],[-59.01081,-38.67531],[-59.01082,-38.67532],[-59.01083,-38.67534],[-59.01084,-38.67534],[-59.01085,-38.67535],[-59.01086,-38.67535],[-59.01087,-38.67536],[-59.01088,-38.67537],[-59.01089,-38.67538],[-59.01091,-38.67538],[-59.01092,-38.6754],[-59.01092,-38.67541],[-59.01093,-38.67542],[-59.01093,-38.67543],[-59.01093,-38.67545],[-59.01094,-38.67547],[-59.01094,-38.67548],[-59.01094,-38.6755],[-59.01094,-38.67551],[-59.01094,-38.67553],[-59.01095,-38.67554],[-59.01095,-38.67556],[-59.01095,-38.67557],[-59.01095,-38.67558],[-59.01095,-38.67558],[-59.01095,-38.67559],[-59.01095,-38.6756],[-59.01094,-38.67561],[-59.01094,-38.67562],[-59.01092,-38.67563],[-59.01092,-38.67564],[-59.01092,-38.67565],[-59.01091,-38.67566],[-59.0109,-38.67567],[-59.0109,-38.67568],[-59.0109,-38.67569],[-59.01089,-38.6757],[-59.01088,-38.67572],[-59.01088,-38.67573],[-59.01087,-38.67575],[-59.01086,-38.67576],[-59.01086,-38.67578],[-59.01085,-38.6758],[-59.01085,-38.67581],[-59.01085,-38.67583],[-59.01086,-38.67585],[-59.01088,-38.67587],[-59.0109,-38.67588],[-59.01092,-38.67589],[-59.01093,-38.67591],[-59.01094,-38.67592],[-59.01095,-38.67594],[-59.01096,-38.67595],[-59.01097,-38.67597],[-59.01099,-38.67598],[-59.01099,-38.67599],[-59.01101,-38.67601],[-59.01101,-38.67602],[-59.01101,-38.67603],[-59.01102,-38.67605],[-59.01103,-38.67606],[-59.01105,-38.6761],[-59.01106,-38.67612],[-59.01106,-38.67614],[-59.01106,-38.67616],[-59.01106,-38.67617],[-59.01106,-38.67618],[-59.01105,-38.67619],[-59.01105,-38.6762],[-59.01104,-38.6762],[-59.01103,-38.6762],[-59.01102,-38.6762],[-59.011,-38.6762],[-59.01099,-38.6762],[-59.01098,-38.67621],[-59.01097,-38.67621],[-59.01096,-38.67623],[-59.01095,-38.67624],[-59.01093,-38.67625],[-59.01092,-38.67626],[-59.01091,-38.67627],[-59.01089,-38.67628],[-59.01088,-38.67629],[-59.01087,-38.6763],[-59.01086,-38.6763],[-59.01085,-38.67631],[-59.01085,-38.67632],[-59.01085,-38.67633],[-59.01085,-38.67634],[-59.01086,-38.67634],[-59.01087,-38.67634],[-59.01088,-38.67634],[-59.01089,-38.67634],[-59.01091,-38.67634],[-59.01092,-38.67634],[-59.01092,-38.67634],[-59.01093,-38.67635],[-59.01095,-38.67636],[-59.01097,-38.67637],[-59.01099,-38.67638],[-59.01099,-38.67639],[-59.011,-38.6764],[-59.011,-38.67641],[-59.011,-38.67642],[-59.01101,-38.67646],[-59.01101,-38.67647],[-59.01101,-38.67648],[-59.01101,-38.67649],[-59.01101,-38.67652],[-59.01101,-38.67653],[-59.011,-38.67655],[-59.01099,-38.67657],[-59.01099,-38.67657],[-59.01098,-38.67659],[-59.01097,-38.67659],[-59.01096,-38.6766],[-59.01096,-38.67661],[-59.01094,-38.67663],[-59.01094,-38.67664],[-59.01093,-38.67665],[-59.01093,-38.67666],[-59.01093,-38.67668],[-59.01093,-38.6767],[-59.01094,-38.67672],[-59.01095,-38.67673],[-59.01095,-38.67675],[-59.01095,-38.67676],[-59.01095,-38.67676],[-59.01094,-38.67679],[-59.01093,-38.67681],[-59.01092,-38.67683],[-59.01092,-38.67685],[-59.01092,-38.67687],[-59.01092,-38.6769],[-59.01092,-38.67692],[-59.01093,-38.67695],[-59.01093,-38.67696],[-59.01094,-38.67696],[-59.01094,-38.67696],[-59.01094,-38.67698],[-59.01095,-38.67699],[-59.01095,-38.67701],[-59.01095,-38.67702],[-59.01095,-38.67705],[-59.01095,-38.67707],[-59.01095,-38.67708],[-59.01095,-38.67709],[-59.01094,-38.67711],[-59.01094,-38.67712],[-59.01093,-38.67714],[-59.01093,-38.67715],[-59.01093,-38.67717],[-59.01092,-38.67732],[-59.01092,-38.67735],[-59.01092,-38.67736],[-59.01093,-38.67739],[-59.01094,-38.67742],[-59.01094,-38.67743],[-59.01096,-38.67746],[-59.01097,-38.67748],[-59.01097,-38.67749],[-59.01098,-38.67751],[-59.01099,-38.67752],[-59.011,-38.67753],[-59.01101,-38.67754],[-59.01102,-38.67755],[-59.01103,-38.67755],[-59.01103,-38.67756],[-59.01104,-38.67757],[-59.01105,-38.6776],[-59.01106,-38.67762],[-59.01108,-38.67763],[-59.01108,-38.67764],[-59.0111,-38.67766],[-59.01112,-38.67768],[-59.01112,-38.67769],[-59.01115,-38.67772],[-59.01116,-38.67772],[-59.01119,-38.67775],[-59.01121,-38.67777],[-59.01122,-38.67777],[-59.01123,-38.67778],[-59.01124,-38.67779],[-59.01125,-38.6778],[-59.01127,-38.67781],[-59.01127,-38.67782],[-59.01128,-38.67783],[-59.0113,-38.67784],[-59.01131,-38.67785],[-59.01132,-38.67785],[-59.01132,-38.67786],[-59.01134,-38.67788],[-59.01138,-38.67791],[-59.0114,-38.67793],[-59.01141,-38.67794],[-59.01143,-38.67795],[-59.01145,-38.67797],[-59.01148,-38.67798],[-59.0115,-38.678],[-59.01151,-38.67802],[-59.01152,-38.67803],[-59.01153,-38.67804],[-59.01154,-38.67805],[-59.01156,-38.67806],[-59.01158,-38.67808],[-59.01159,-38.67809],[-59.0116,-38.67809],[-59.01161,-38.6781],[-59.01163,-38.67812],[-59.01164,-38.67812],[-59.01167,-38.67815],[-59.0117,-38.67816],[-59.01171,-38.67818],[-59.01172,-38.67818],[-59.01174,-38.6782],[-59.01174,-38.67821],[-59.01176,-38.67823],[-59.01181,-38.67827],[-59.01184,-38.67831],[-59.01185,-38.67831],[-59.01187,-38.67833],[-59.01187,-38.67834],[-59.01189,-38.67834],[-59.0119,-38.67835],[-59.01191,-38.67835],[-59.01191,-38.67836],[-59.01194,-38.67838],[-59.01195,-38.67839],[-59.01197,-38.67841],[-59.01198,-38.67841],[-59.012,-38.67843],[-59.01204,-38.67845],[-59.01206,-38.67846],[-59.01209,-38.67848],[-59.01211,-38.67849],[-59.01214,-38.6785],[-59.01215,-38.67851],[-59.01217,-38.67852],[-59.01219,-38.67853],[-59.0122,-38.67853],[-59.01221,-38.67854],[-59.01225,-38.67854],[-59.01226,-38.67854],[-59.0123,-38.67854],[-59.0123,-38.67855],[-59.01235,-38.67856],[-59.01239,-38.67857],[-59.01245,-38.67859],[-59.01246,-38.67859],[-59.0125,-38.6786],[-59.01252,-38.6786],[-59.01253,-38.6786],[-59.01255,-38.67861],[-59.01257,-38.67861],[-59.01258,-38.67861],[-59.01261,-38.67861],[-59.01263,-38.67861],[-59.01265,-38.67861],[-59.01266,-38.67861],[-59.0127,-38.67861],[-59.0127,-38.67861],[-59.01273,-38.67861],[-59.01274,-38.67861],[-59.01277,-38.67861],[-59.01279,-38.67861],[-59.01283,-38.67861],[-59.01285,-38.67861],[-59.01286,-38.67861],[-59.01288,-38.6786],[-59.0129,-38.6786],[-59.0129,-38.67859],[-59.01294,-38.67858],[-59.01295,-38.67858],[-59.01299,-38.67858],[-59.013,-38.67858],[-59.01301,-38.67858],[-59.01305,-38.67858],[-59.01306,-38.67858],[-59.01309,-38.67858],[-59.0131,-38.67858],[-59.01314,-38.67858],[-59.01317,-38.67859],[-59.01318,-38.67859],[-59.01319,-38.67859],[-59.01321,-38.6786],[-59.01325,-38.6786],[-59.01326,-38.6786],[-59.01327,-38.6786],[-59.01329,-38.6786],[-59.01329,-38.67861],[-59.0133,-38.67861],[-59.01331,-38.67861],[-59.01332,-38.67861],[-59.01334,-38.67862],[-59.01335,-38.67863],[-59.01337,-38.67863],[-59.01338,-38.67863],[-59.01342,-38.67863],[-59.01344,-38.67864],[-59.01348,-38.67865],[-59.01349,-38.67866],[-59.01351,-38.67867],[-59.01352,-38.67868],[-59.01355,-38.6787],[-59.01358,-38.67872],[-59.01359,-38.67873],[-59.0136,-38.67874],[-59.0136,-38.67874],[-59.01362,-38.67876],[-59.01363,-38.67877],[-59.01364,-38.67878],[-59.01365,-38.67879],[-59.01367,-38.6788],[-59.0137,-38.67881],[-59.01372,-38.67881],[-59.01374,-38.67881],[-59.01377,-38.67881],[-59.01379,-38.67881],[-59.01381,-38.67881],[-59.01382,-38.67881],[-59.01384,-38.67882],[-59.01386,-38.67883],[-59.01387,-38.67883],[-59.01388,-38.67884],[-59.01388,-38.67884],[-59.0139,-38.67885],[-59.01392,-38.67885],[-59.01393,-38.67885],[-59.01396,-38.67885],[-59.014,-38.67885],[-59.01403,-38.67885],[-59.01404,-38.67885],[-59.01405,-38.67885],[-59.01406,-38.67885],[-59.01407,-38.67885],[-59.01408,-38.67884],[-59.01408,-38.67884],[-59.0141,-38.67883],[-59.01412,-38.67883],[-59.01413,-38.67883],[-59.01413,-38.67882],[-59.01414,-38.67882],[-59.01415,-38.67881],[-59.01417,-38.67881],[-59.01418,-38.67881],[-59.01421,-38.6788],[-59.01425,-38.6788],[-59.01428,-38.6788],[-59.01429,-38.6788],[-59.01431,-38.67881],[-59.01432,-38.67881],[-59.01434,-38.67882],[-59.01436,-38.67882],[-59.01437,-38.67882],[-59.01438,-38.67882],[-59.0144,-38.67882],[-59.01441,-38.67882],[-59.01443,-38.67882],[-59.01445,-38.67884],[-59.01448,-38.67886],[-59.01449,-38.67887],[-59.0145,-38.67888],[-59.01451,-38.67888],[-59.0146,-38.67889],[-59.01461,-38.67889],[-59.01461,-38.6789],[-59.01461,-38.67891],[-59.01462,-38.67892],[-59.01463,-38.67893],[-59.01464,-38.67893],[-59.01464,-38.67894],[-59.01465,-38.67894],[-59.01466,-38.67895],[-59.01467,-38.67896],[-59.01468,-38.67897],[-59.01469,-38.67898],[-59.0147,-38.67899],[-59.01471,-38.679],[-59.01472,-38.67901],[-59.01473,-38.67902],[-59.01474,-38.67902],[-59.01475,-38.67903],[-59.01476,-38.67903],[-59.01478,-38.67903],[-59.01481,-38.67903],[-59.01482,-38.67903],[-59.01483,-38.67903],[-59.01487,-38.67903],[-59.01487,-38.67903],[-59.01488,-38.67903],[-59.01491,-38.67903],[-59.01492,-38.67903],[-59.01494,-38.67903],[-59.01496,-38.67903],[-59.01497,-38.67903],[-59.01499,-38.67903],[-59.015,-38.67903],[-59.01501,-38.67903],[-59.01502,-38.67903],[-59.01504,-38.67903],[-59.01507,-38.67905],[-59.01508,-38.67907],[-59.01509,-38.67908],[-59.0151,-38.67908],[-59.01512,-38.67908],[-59.01513,-38.67908],[-59.01515,-38.67908],[-59.01516,-38.67908],[-59.01518,-38.67908],[-59.01519,-38.67908],[-59.0152,-38.67906],[-59.01521,-38.67906],[-59.01523,-38.67905],[-59.01525,-38.67904],[-59.01528,-38.67902],[-59.01529,-38.67902],[-59.0153,-38.67902],[-59.01532,-38.67902],[-59.01534,-38.67902],[-59.01535,-38.67902],[-59.01537,-38.67902],[-59.01538,-38.67902],[-59.01539,-38.67902],[-59.0154,-38.67902],[-59.01541,-38.67902],[-59.01544,-38.67902],[-59.01545,-38.67901],[-59.01547,-38.67898],[-59.01548,-38.67897],[-59.01551,-38.67896],[-59.01553,-38.67896],[-59.01555,-38.67896],[-59.01556,-38.67896],[-59.01557,-38.67896],[-59.01558,-38.67895],[-59.01558,-38.67894],[-59.01559,-38.67894],[-59.01559,-38.67894],[-59.01559,-38.67893],[-59.01559,-38.67892],[-59.01559,-38.67891],[-59.0156,-38.67891],[-59.0156,-38.6789],[-59.01561,-38.67888],[-59.01561,-38.67887],[-59.01561,-38.67885],[-59.01562,-38.67885],[-59.01562,-38.67884],[-59.01562,-38.67882],[-59.01563,-38.67882],[-59.01564,-38.67881],[-59.01566,-38.6788],[-59.01567,-38.67878],[-59.01567,-38.67877],[-59.01568,-38.67877],[-59.01569,-38.67876],[-59.0157,-38.67875],[-59.01571,-38.67874],[-59.01573,-38.67872],[-59.01574,-38.67871],[-59.01574,-38.6787],[-59.01574,-38.67869],[-59.01575,-38.67868],[-59.01575,-38.67867],[-59.01575,-38.67866],[-59.01575,-38.67865],[-59.01575,-38.67864],[-59.01575,-38.67863],[-59.01575,-38.67862],[-59.01576,-38.67861],[-59.01576,-38.6786],[-59.01577,-38.6786],[-59.01577,-38.67859],[-59.01578,-38.67859],[-59.0158,-38.67859],[-59.01581,-38.67859],[-59.01584,-38.67859],[-59.01585,-38.67859],[-59.01586,-38.67859],[-59.01587,-38.67859],[-59.01588,-38.67859],[-59.0159,-38.67859],[-59.01593,-38.67859],[-59.01594,-38.67859],[-59.01597,-38.67858],[-59.016,-38.67857],[-59.01603,-38.67856],[-59.01605,-38.67855],[-59.01607,-38.67855],[-59.01608,-38.67855],[-59.0161,-38.67855],[-59.0161,-38.67856],[-59.01611,-38.67857],[-59.01612,-38.67857],[-59.01612,-38.67858],[-59.01613,-38.67858],[-59.01613,-38.67859],[-59.01614,-38.67859],[-59.01615,-38.67861],[-59.01617,-38.67861],[-59.01619,-38.67862],[-59.01621,-38.67862],[-59.01623,-38.67862],[-59.01625,-38.67862],[-59.01625,-38.67862],[-59.01626,-38.67862],[-59.01628,-38.67862],[-59.01631,-38.6786],[-59.01632,-38.6786],[-59.01633,-38.67859],[-59.01634,-38.67858],[-59.01637,-38.67856],[-59.01639,-38.67855],[-59.01641,-38.67855],[-59.01643,-38.67855],[-59.01644,-38.67855],[-59.01645,-38.67855],[-59.01646,-38.67856],[-59.01647,-38.67857],[-59.01648,-38.67858],[-59.01649,-38.67859],[-59.0165,-38.67859],[-59.01651,-38.67861],[-59.01652,-38.67862],[-59.01653,-38.67862],[-59.01655,-38.67863],[-59.01656,-38.67864],[-59.01657,-38.67864],[-59.01658,-38.67864],[-59.01659,-38.67864],[-59.01661,-38.67864],[-59.01662,-38.67864],[-59.01664,-38.67864],[-59.01666,-38.67864],[-59.01666,-38.67863],[-59.01669,-38.67862],[-59.01672,-38.67861],[-59.01675,-38.6786],[-59.01676,-38.6786],[-59.01678,-38.6786],[-59.01679,-38.6786],[-59.0168,-38.6786],[-59.01682,-38.67861],[-59.01684,-38.67862],[-59.01684,-38.67862],[-59.01685,-38.67863],[-59.01687,-38.67864],[-59.01688,-38.67864],[-59.0169,-38.67865],[-59.01691,-38.67865],[-59.01693,-38.67866],[-59.01694,-38.67866],[-59.01696,-38.67867],[-59.017,-38.67868],[-59.01701,-38.67869],[-59.01702,-38.67869],[-59.01703,-38.6787],[-59.01704,-38.6787],[-59.01704,-38.67871],[-59.01705,-38.67872],[-59.01705,-38.67873],[-59.01708,-38.67874],[-59.0171,-38.67876],[-59.01711,-38.67877],[-59.01712,-38.67878],[-59.01713,-38.67878],[-59.01715,-38.67878],[-59.01716,-38.67878],[-59.01717,-38.67877],[-59.01718,-38.67876],[-59.0172,-38.67874],[-59.01721,-38.67874],[-59.01722,-38.67872],[-59.01723,-38.67872],[-59.01724,-38.6787],[-59.01724,-38.67868],[-59.01726,-38.67868],[-59.01728,-38.67868],[-59.01729,-38.67868],[-59.01731,-38.67868],[-59.01733,-38.67868],[-59.01736,-38.6787],[-59.01738,-38.67871],[-59.01739,-38.67872],[-59.0174,-38.67872],[-59.01741,-38.67872],[-59.01742,-38.67872],[-59.01744,-38.67872],[-59.01746,-38.67872],[-59.01747,-38.67872],[-59.01748,-38.67872],[-59.01749,-38.67872],[-59.0175,-38.67872],[-59.01751,-38.67872],[-59.01763,-38.67873],[-59.01763,-38.67873],[-59.01767,-38.67872],[-59.01769,-38.67872],[-59.01771,-38.67872],[-59.01773,-38.67872],[-59.01775,-38.67872],[-59.01776,-38.67872],[-59.01777,-38.67872],[-59.01779,-38.67873],[-59.0178,-38.67873],[-59.01782,-38.67873],[-59.01783,-38.67873],[-59.01784,-38.67873],[-59.01785,-38.67873],[-59.01786,-38.67874],[-59.01788,-38.67874],[-59.01789,-38.67874],[-59.01792,-38.67874],[-59.01795,-38.67875],[-59.01796,-38.67875],[-59.01798,-38.67876],[-59.01799,-38.67876],[-59.01801,-38.67876],[-59.01802,-38.67876],[-59.01803,-38.67875],[-59.01804,-38.67874],[-59.01806,-38.67872],[-59.01807,-38.67871],[-59.01808,-38.67869],[-59.01809,-38.67868],[-59.01811,-38.67868],[-59.01813,-38.67868],[-59.01814,-38.67868],[-59.01817,-38.67868],[-59.01818,-38.67869],[-59.01819,-38.6787],[-59.01821,-38.67871],[-59.01822,-38.67871],[-59.01823,-38.67872],[-59.01823,-38.67872],[-59.01824,-38.67872],[-59.01827,-38.67873],[-59.01828,-38.67873],[-59.01831,-38.67874],[-59.01832,-38.67874],[-59.01835,-38.67874],[-59.0184,-38.67874],[-59.01841,-38.67874],[-59.01842,-38.67874],[-59.01846,-38.67874],[-59.01847,-38.67874],[-59.01849,-38.67874],[-59.0185,-38.67874],[-59.01852,-38.67874],[-59.01853,-38.67874],[-59.01856,-38.67874],[-59.01861,-38.67874],[-59.01862,-38.67874],[-59.01864,-38.67876],[-59.01867,-38.67876],[-59.01868,-38.67877],[-59.0187,-38.67877],[-59.01872,-38.67878],[-59.01873,-38.67878],[-59.01876,-38.67879],[-59.01878,-38.67879],[-59.01878,-38.6788],[-59.01881,-38.6788],[-59.01882,-38.6788],[-59.01884,-38.67881],[-59.01887,-38.67882],[-59.0189,-38.67883],[-59.01892,-38.67883],[-59.01894,-38.67883],[-59.01897,-38.67884],[-59.01898,-38.67884],[-59.01901,-38.67884],[-59.01902,-38.67884],[-59.01903,-38.67884],[-59.01907,-38.67885],[-59.01908,-38.67885],[-59.01913,-38.67886],[-59.01919,-38.67886],[-59.01921,-38.67887],[-59.01924,-38.67888],[-59.01927,-38.67888],[-59.01932,-38.67889],[-59.01933,-38.67889],[-59.01938,-38.67889],[-59.01942,-38.6789],[-59.01944,-38.67891],[-59.01949,-38.67892],[-59.01954,-38.67893],[-59.01957,-38.67893],[-59.01959,-38.67893],[-59.01961,-38.67894],[-59.01963,-38.67894],[-59.01965,-38.67894],[-59.01968,-38.67894],[-59.01969,-38.67894],[-59.01974,-38.67895],[-59.01979,-38.67895],[-59.0198,-38.67895],[-59.01984,-38.67897],[-59.01989,-38.67898],[-59.01991,-38.67899],[-59.01994,-38.67899],[-59.01996,-38.67899],[-59.02,-38.679],[-59.02001,-38.67901],[-59.02007,-38.67902],[-59.02008,-38.67902],[-59.02013,-38.67904],[-59.02018,-38.67905],[-59.02023,-38.67907],[-59.02028,-38.67908],[-59.0203,-38.67908],[-59.02033,-38.67909],[-59.02035,-38.6791],[-59.02037,-38.6791],[-59.02038,-38.67911],[-59.0204,-38.67912],[-59.02041,-38.67913],[-59.02045,-38.67913],[-59.02051,-38.67916],[-59.02056,-38.67919],[-59.02058,-38.67919],[-59.02061,-38.6792],[-59.02063,-38.6792],[-59.02066,-38.67921],[-59.02067,-38.67921],[-59.02067,-38.67922],[-59.0207,-38.67922],[-59.02071,-38.67922],[-59.02072,-38.67922],[-59.02074,-38.67923],[-59.02077,-38.67923],[-59.0208,-38.67925],[-59.02082,-38.67926],[-59.02084,-38.67927],[-59.02086,-38.67928],[-59.02089,-38.67929],[-59.02091,-38.67929],[-59.02094,-38.67931],[-59.02095,-38.67931],[-59.02099,-38.67933],[-59.02103,-38.67934],[-59.02104,-38.67935],[-59.02107,-38.67936],[-59.0211,-38.67938],[-59.02111,-38.67938],[-59.02112,-38.67939],[-59.02114,-38.67939],[-59.02115,-38.67939],[-59.02117,-38.6794],[-59.02118,-38.67941],[-59.02119,-38.67942],[-59.02121,-38.67943],[-59.02122,-38.67943],[-59.02125,-38.67944],[-59.02126,-38.67944],[-59.02127,-38.67945],[-59.02138,-38.6795],[-59.02138,-38.6795],[-59.02139,-38.6795],[-59.02141,-38.6795],[-59.02143,-38.67952],[-59.02144,-38.67952],[-59.02145,-38.67953],[-59.02146,-38.67953],[-59.02147,-38.67954],[-59.02151,-38.67955],[-59.02153,-38.67957],[-59.02155,-38.67958],[-59.02157,-38.67959],[-59.02159,-38.67961],[-59.02161,-38.67961],[-59.02162,-38.67962],[-59.02165,-38.67962],[-59.02167,-38.67963],[-59.02169,-38.67964],[-59.0217,-38.67964],[-59.02172,-38.67964],[-59.02173,-38.67965],[-59.02176,-38.67965],[-59.0218,-38.67965],[-59.02181,-38.67966],[-59.02183,-38.67966],[-59.02186,-38.67967],[-59.02187,-38.67967],[-59.02191,-38.67967],[-59.02192,-38.67967],[-59.02194,-38.67968],[-59.02195,-38.67968],[-59.02198,-38.67969],[-59.02198,-38.67969],[-59.02199,-38.67969],[-59.02203,-38.6797],[-59.02206,-38.67972],[-59.02208,-38.67972],[-59.0221,-38.67972],[-59.02212,-38.67973],[-59.02214,-38.67973],[-59.02215,-38.67974],[-59.02217,-38.67974],[-59.02217,-38.67975],[-59.02219,-38.67975],[-59.0222,-38.67975],[-59.02223,-38.67976],[-59.02226,-38.67976],[-59.02227,-38.67977],[-59.02228,-38.67977],[-59.02231,-38.67977],[-59.02232,-38.67977],[-59.02235,-38.67978],[-59.02237,-38.67978],[-59.02238,-38.67979],[-59.02242,-38.67979],[-59.02243,-38.6798],[-59.02244,-38.6798],[-59.02246,-38.6798],[-59.02247,-38.6798],[-59.0225,-38.67981],[-59.02251,-38.67982],[-59.02255,-38.67982],[-59.02256,-38.67982],[-59.02259,-38.67983],[-59.02262,-38.67983],[-59.02265,-38.67985],[-59.02266,-38.67985],[-59.02268,-38.67986],[-59.0227,-38.67986],[-59.02271,-38.67987],[-59.02272,-38.67987],[-59.02275,-38.67988],[-59.02277,-38.67989],[-59.0228,-38.67991],[-59.02282,-38.67992],[-59.02283,-38.67992],[-59.02285,-38.67992],[-59.02286,-38.67993],[-59.02288,-38.67994],[-59.0229,-38.67995],[-59.02292,-38.67997],[-59.02293,-38.67998],[-59.02296,-38.68],[-59.02299,-38.68],[-59.023,-38.68001],[-59.02302,-38.68002],[-59.02304,-38.68002],[-59.02307,-38.68002],[-59.02308,-38.68002],[-59.02311,-38.68002],[-59.02312,-38.68002],[-59.02314,-38.68002],[-59.02317,-38.68002],[-59.02319,-38.68002],[-59.0232,-38.68002],[-59.02321,-38.68002],[-59.02322,-38.68002],[-59.02324,-38.68002],[-59.02325,-38.68002],[-59.02327,-38.68002],[-59.02328,-38.68002],[-59.02329,-38.68003],[-59.02333,-38.68003],[-59.02334,-38.68004],[-59.02336,-38.68005],[-59.02336,-38.68005],[-59.02338,-38.68006],[-59.0234,-38.68007],[-59.0234,-38.68008],[-59.02341,-38.68008],[-59.02342,-38.68008],[-59.02345,-38.68009],[-59.02348,-38.6801],[-59.02349,-38.6801],[-59.02353,-38.68011],[-59.02355,-38.68011],[-59.02356,-38.68011],[-59.02357,-38.68011],[-59.02358,-38.68011],[-59.0236,-38.68011],[-59.02361,-38.68011],[-59.02362,-38.68011],[-59.02363,-38.68011],[-59.02364,-38.68011],[-59.02367,-38.68011],[-59.0237,-38.68011],[-59.02372,-38.68012],[-59.02373,-38.68012],[-59.02374,-38.68012],[-59.02374,-38.68012],[-59.02376,-38.68013],[-59.02377,-38.68014],[-59.02378,-38.68014],[-59.02379,-38.68014],[-59.02381,-38.68015],[-59.02383,-38.68016],[-59.02385,-38.68017],[-59.02388,-38.68017],[-59.0239,-38.68018],[-59.02394,-38.68019],[-59.02395,-38.68019],[-59.02397,-38.68019],[-59.02398,-38.68019],[-59.02399,-38.68019],[-59.02401,-38.6802],[-59.02405,-38.68021],[-59.02409,-38.68021],[-59.0241,-38.68021],[-59.02411,-38.68021],[-59.02413,-38.68022],[-59.02415,-38.68022],[-59.02415,-38.68022],[-59.02418,-38.68024],[-59.0242,-38.68024],[-59.02421,-38.68025],[-59.02422,-38.68025],[-59.02423,-38.68026],[-59.02424,-38.68026],[-59.02425,-38.68027],[-59.02426,-38.68027],[-59.02428,-38.68027],[-59.02429,-38.68027],[-59.02433,-38.68028],[-59.02435,-38.68029],[-59.02437,-38.6803],[-59.02439,-38.6803],[-59.02441,-38.6803],[-59.02442,-38.6803],[-59.02443,-38.68031],[-59.02444,-38.68031],[-59.02448,-38.68031],[-59.02452,-38.68032],[-59.02453,-38.68032],[-59.02456,-38.68033],[-59.0246,-38.68035],[-59.02461,-38.68035],[-59.02462,-38.68035],[-59.02465,-38.68035],[-59.02468,-38.68035],[-59.02469,-38.68036],[-59.02471,-38.68036],[-59.02472,-38.68036],[-59.02474,-38.68036],[-59.02475,-38.68036],[-59.02479,-38.68037],[-59.02481,-38.68037],[-59.02484,-38.68038],[-59.02486,-38.68039],[-59.02488,-38.6804],[-59.02489,-38.6804],[-59.02491,-38.6804],[-59.02491,-38.68041],[-59.02494,-38.68041],[-59.02495,-38.68042],[-59.02497,-38.68042],[-59.02498,-38.68043],[-59.025,-38.68043],[-59.02501,-38.68043],[-59.02504,-38.68043],[-59.02506,-38.68043],[-59.02507,-38.68044],[-59.02508,-38.68044],[-59.02511,-38.68044],[-59.02514,-38.68046],[-59.02515,-38.68047],[-59.02517,-38.68047],[-59.02518,-38.68047],[-59.0252,-38.68049],[-59.02521,-38.68049],[-59.02523,-38.68049],[-59.02524,-38.68049],[-59.02527,-38.6805],[-59.02528,-38.6805],[-59.02531,-38.68051],[-59.02533,-38.68051],[-59.02534,-38.68051],[-59.02535,-38.68051],[-59.02537,-38.68051],[-59.02538,-38.68052],[-59.0254,-38.68052],[-59.02541,-38.68052],[-59.02543,-38.68053],[-59.02546,-38.68054],[-59.02549,-38.68055],[-59.0255,-38.68055],[-59.02552,-38.68055],[-59.02553,-38.68056],[-59.02554,-38.68056],[-59.02557,-38.68057],[-59.02558,-38.68057],[-59.02561,-38.68057],[-59.02564,-38.68057],[-59.02567,-38.68057],[-59.02568,-38.68057],[-59.02569,-38.68057],[-59.0257,-38.68057],[-59.02573,-38.68057],[-59.02574,-38.68057],[-59.02576,-38.68057],[-59.02577,-38.68057],[-59.0258,-38.68058],[-59.02581,-38.68058],[-59.02582,-38.68059],[-59.02583,-38.68059],[-59.02586,-38.6806],[-59.02587,-38.6806],[-59.0259,-38.68061],[-59.02592,-38.68061],[-59.02592,-38.68061],[-59.02596,-38.68061],[-59.02597,-38.68061],[-59.026,-38.68063],[-59.02601,-38.68063],[-59.02604,-38.68063],[-59.02605,-38.68063],[-59.0261,-38.68065],[-59.02611,-38.68065],[-59.02613,-38.68066],[-59.02616,-38.68067],[-59.02619,-38.68067],[-59.0262,-38.68067],[-59.02621,-38.68067],[-59.02622,-38.68067],[-59.02623,-38.68067],[-59.02624,-38.68067],[-59.02625,-38.68067],[-59.02626,-38.68067],[-59.02629,-38.68067],[-59.0263,-38.68067],[-59.02632,-38.68067],[-59.02632,-38.68067],[-59.02633,-38.68067],[-59.02635,-38.68067],[-59.02636,-38.68067],[-59.02639,-38.68067],[-59.02642,-38.68067],[-59.02645,-38.68067],[-59.02647,-38.68067],[-59.02648,-38.68067],[-59.02649,-38.68067],[-59.0265,-38.68068],[-59.02651,-38.68068],[-59.02652,-38.68068],[-59.02652,-38.68068],[-59.02653,-38.68068],[-59.02655,-38.6807],[-59.02658,-38.68071],[-59.02659,-38.68071],[-59.02661,-38.68071],[-59.02662,-38.68071],[-59.02663,-38.68072],[-59.02664,-38.68072],[-59.02667,-38.68073],[-59.02668,-38.68074],[-59.02671,-38.68075],[-59.02672,-38.68076],[-59.02673,-38.68076],[-59.02674,-38.68076],[-59.02675,-38.68076],[-59.02684,-38.68079],[-59.02685,-38.68079],[-59.02686,-38.68079],[-59.02688,-38.68079],[-59.0269,-38.68079],[-59.02691,-38.6808],[-59.02692,-38.6808],[-59.02693,-38.68081],[-59.02694,-38.68082],[-59.02695,-38.68082],[-59.02697,-38.68083],[-59.02698,-38.68083],[-59.02701,-38.68084],[-59.02702,-38.68084],[-59.02704,-38.68085],[-59.02708,-38.68086],[-59.02711,-38.68086],[-59.02712,-38.68086],[-59.02714,-38.68086],[-59.02715,-38.68086],[-59.02719,-38.68086],[-59.0272,-38.68086],[-59.02722,-38.68086],[-59.02723,-38.68087],[-59.02727,-38.68087],[-59.02731,-38.68088],[-59.02733,-38.68089],[-59.02734,-38.6809],[-59.02735,-38.6809],[-59.02736,-38.6809],[-59.02737,-38.68091],[-59.02738,-38.68091],[-59.02741,-38.68091],[-59.02744,-38.68091],[-59.02746,-38.68091],[-59.02748,-38.68091],[-59.0275,-38.68091],[-59.02752,-38.68091],[-59.02753,-38.68091],[-59.02757,-38.68092],[-59.02761,-38.68093],[-59.02765,-38.68093],[-59.02766,-38.68094],[-59.02769,-38.68095],[-59.0277,-38.68095],[-59.02771,-38.68096],[-59.02773,-38.68097],[-59.02774,-38.68098],[-59.02776,-38.68098],[-59.02778,-38.68099],[-59.02779,-38.68099],[-59.02781,-38.681],[-59.02784,-38.68101],[-59.02785,-38.68101],[-59.02788,-38.68101],[-59.02789,-38.68101],[-59.02791,-38.68102],[-59.02795,-38.68102],[-59.02796,-38.68102],[-59.02798,-38.68102],[-59.02799,-38.68102],[-59.02802,-38.68102],[-59.02803,-38.68102],[-59.02808,-38.68102],[-59.0281,-38.68102],[-59.02811,-38.68102],[-59.02813,-38.68103],[-59.02815,-38.68103],[-59.02816,-38.68103],[-59.02817,-38.68104],[-59.02818,-38.68104],[-59.0282,-38.68105],[-59.02823,-38.68105],[-59.02827,-38.68105],[-59.02831,-38.68107],[-59.02832,-38.68107],[-59.02835,-38.68108],[-59.02837,-38.68109],[-59.02838,-38.68109],[-59.02839,-38.68109],[-59.02841,-38.6811],[-59.02842,-38.6811],[-59.02844,-38.68111],[-59.02846,-38.68111],[-59.02848,-38.68112],[-59.02849,-38.68113],[-59.0285,-38.68113],[-59.02852,-38.68115],[-59.02853,-38.68115],[-59.02855,-38.68116],[-59.02858,-38.68118],[-59.02859,-38.68118],[-59.0286,-38.68119],[-59.02861,-38.68119],[-59.02863,-38.68119],[-59.02864,-38.68121],[-59.02866,-38.68121],[-59.02867,-38.68121],[-59.02868,-38.68122],[-59.02871,-38.68122],[-59.02873,-38.68122],[-59.02875,-38.68122],[-59.02876,-38.68122],[-59.02878,-38.68122],[-59.0288,-38.68122],[-59.02881,-38.68122],[-59.02884,-38.68122],[-59.02885,-38.68122],[-59.02887,-38.68122],[-59.02888,-38.68122],[-59.0289,-38.68122],[-59.02891,-38.68123],[-59.02893,-38.68123],[-59.02894,-38.68124],[-59.02894,-38.68125],[-59.02896,-38.68125],[-59.02897,-38.68126],[-59.029,-38.68127],[-59.02902,-38.68128],[-59.02903,-38.68128],[-59.02904,-38.68128],[-59.02906,-38.68128],[-59.02907,-38.68128],[-59.02909,-38.68128],[-59.0291,-38.68128],[-59.02912,-38.68128],[-59.02916,-38.68128],[-59.02918,-38.68128],[-59.0292,-38.68129],[-59.02922,-38.68129],[-59.02926,-38.6813],[-59.02928,-38.6813],[-59.02928,-38.6813],[-59.02929,-38.68131],[-59.0293,-38.68132],[-59.02932,-38.68132],[-59.02933,-38.68132],[-59.02936,-38.68133],[-59.02938,-38.68133],[-59.02939,-38.68134],[-59.02942,-38.68135],[-59.02946,-38.68137],[-59.0295,-38.68139],[-59.0295,-38.6814],[-59.02951,-38.68141],[-59.02953,-38.68143],[-59.02954,-38.68144],[-59.02955,-38.68144],[-59.02956,-38.68146],[-59.02958,-38.68147],[-59.02959,-38.68147],[-59.02962,-38.68147],[-59.02964,-38.68148],[-59.02965,-38.68148],[-59.02967,-38.68148],[-59.02968,-38.68147],[-59.0297,-38.68145],[-59.02972,-38.68145],[-59.02973,-38.68144],[-59.02974,-38.68144],[-59.02976,-38.68144],[-59.02977,-38.68144],[-59.02978,-38.68144],[-59.02979,-38.68144],[-59.02981,-38.68145],[-59.02982,-38.68145],[-59.02983,-38.68147],[-59.02984,-38.68147],[-59.02985,-38.68147],[-59.02986,-38.68147],[-59.02987,-38.68147],[-59.02988,-38.68147],[-59.02991,-38.68147],[-59.02993,-38.68147],[-59.02996,-38.68148],[-59.02999,-38.68149],[-59.03,-38.68149],[-59.03004,-38.68149],[-59.03007,-38.6815],[-59.03012,-38.68151],[-59.03013,-38.68151],[-59.03015,-38.68152],[-59.03018,-38.68152],[-59.0302,-38.68153],[-59.03024,-38.68153],[-59.03026,-38.68153],[-59.03031,-38.68153],[-59.03036,-38.68155],[-59.03042,-38.68156],[-59.03044,-38.68156],[-59.03046,-38.68156],[-59.03049,-38.68156],[-59.03052,-38.68158],[-59.03054,-38.68158],[-59.03056,-38.68159],[-59.03058,-38.68159],[-59.03059,-38.68159],[-59.03061,-38.68159],[-59.03063,-38.6816],[-59.03065,-38.68161],[-59.03066,-38.68161],[-59.03066,-38.68161],[-59.03069,-38.68162],[-59.0307,-38.68163],[-59.03071,-38.68164],[-59.03073,-38.68165],[-59.03074,-38.68165],[-59.03076,-38.68166],[-59.03077,-38.68166],[-59.03081,-38.68166],[-59.03083,-38.68166],[-59.03086,-38.68167],[-59.03089,-38.68167],[-59.03091,-38.68168],[-59.03093,-38.68169],[-59.03094,-38.6817],[-59.03095,-38.6817],[-59.03096,-38.6817],[-59.03097,-38.68171],[-59.03098,-38.68172],[-59.031,-38.68172],[-59.03102,-38.68174],[-59.03103,-38.68174],[-59.03105,-38.68175],[-59.03106,-38.68176],[-59.03106,-38.68176],[-59.03108,-38.68177],[-59.03109,-38.68177],[-59.0311,-38.68177],[-59.03112,-38.68177],[-59.03113,-38.68177],[-59.03114,-38.68177],[-59.03115,-38.68177],[-59.03116,-38.68178],[-59.03117,-38.68178],[-59.03118,-38.68179],[-59.03119,-38.68179],[-59.03123,-38.6818],[-59.03124,-38.6818],[-59.03125,-38.6818],[-59.03135,-38.68181],[-59.03136,-38.68181],[-59.03137,-38.68181],[-59.03139,-38.68182],[-59.03142,-38.68182],[-59.03143,-38.68183],[-59.03144,-38.68183],[-59.03145,-38.68184],[-59.03145,-38.68185],[-59.03146,-38.68185],[-59.03147,-38.68186],[-59.03149,-38.68187],[-59.0315,-38.68187],[-59.03152,-38.68188],[-59.03153,-38.68188],[-59.03156,-38.68189],[-59.03156,-38.6819],[-59.03158,-38.6819],[-59.03159,-38.6819],[-59.03162,-38.6819],[-59.03165,-38.68192],[-59.03165,-38.68192],[-59.03167,-38.68193],[-59.03169,-38.68194],[-59.0317,-38.68194],[-59.03172,-38.68194],[-59.03175,-38.68195],[-59.03178,-38.68195],[-59.03179,-38.68195],[-59.03181,-38.68195],[-59.03182,-38.68195],[-59.03184,-38.68195],[-59.03185,-38.68195],[-59.03186,-38.68195],[-59.03187,-38.68195],[-59.03188,-38.68195],[-59.03189,-38.68197],[-59.03191,-38.68198],[-59.03193,-38.68198],[-59.03196,-38.68198],[-59.03197,-38.68198],[-59.03198,-38.68198],[-59.03199,-38.68198],[-59.03202,-38.68198],[-59.03204,-38.68198],[-59.03207,-38.68198],[-59.03208,-38.68198],[-59.03209,-38.68198],[-59.0321,-38.68198],[-59.03211,-38.68199],[-59.03212,-38.682],[-59.03213,-38.682],[-59.03214,-38.68201],[-59.03216,-38.68202],[-59.03218,-38.68204],[-59.03219,-38.68204],[-59.03221,-38.68204],[-59.03222,-38.68204],[-59.03223,-38.68204],[-59.03224,-38.68205],[-59.03226,-38.68206],[-59.03227,-38.68206],[-59.03229,-38.68206],[-59.0323,-38.68207],[-59.03231,-38.68207],[-59.03234,-38.68209],[-59.03235,-38.68209],[-59.03236,-38.68209],[-59.03237,-38.68209],[-59.0324,-38.68209],[-59.03243,-38.68211],[-59.03245,-38.68211],[-59.03246,-38.68211],[-59.03248,-38.68211],[-59.0325,-38.68212],[-59.03251,-38.68213],[-59.03254,-38.68214],[-59.03255,-38.68214],[-59.03258,-38.68216],[-59.03259,-38.68216],[-59.03261,-38.68216],[-59.03262,-38.68217],[-59.03264,-38.68217],[-59.03264,-38.68217],[-59.03268,-38.68219],[-59.03272,-38.68221],[-59.03275,-38.68222],[-59.03277,-38.68223],[-59.03279,-38.68224],[-59.0328,-38.68224],[-59.03282,-38.68225],[-59.03283,-38.68226],[-59.03284,-38.68227],[-59.03286,-38.68227],[-59.03288,-38.68228],[-59.03289,-38.68229],[-59.0329,-38.68229],[-59.03292,-38.6823],[-59.03293,-38.6823],[-59.03296,-38.68232],[-59.03299,-38.68233],[-59.03301,-38.68233],[-59.03303,-38.68235],[-59.03303,-38.68235],[-59.03304,-38.68236],[-59.03306,-38.68238],[-59.03308,-38.68239],[-59.03312,-38.6824],[-59.03314,-38.6824],[-59.03316,-38.68241],[-59.03317,-38.68241],[-59.0332,-38.68242],[-59.03322,-38.68243],[-59.03323,-38.68244],[-59.03324,-38.68244],[-59.03326,-38.68244],[-59.03327,-38.68245],[-59.03328,-38.68245],[-59.03331,-38.68246],[-59.03332,-38.68246],[-59.03335,-38.68246],[-59.03339,-38.68246],[-59.03343,-38.68246],[-59.03343,-38.68246],[-59.03347,-38.68246],[-59.03348,-38.68246],[-59.03352,-38.68246],[-59.03353,-38.68246],[-59.03357,-38.68246],[-59.0336,-38.68246],[-59.03362,-38.68246],[-59.03363,-38.68246],[-59.03364,-38.68246],[-59.03366,-38.68246],[-59.03367,-38.68246],[-59.03369,-38.68246],[-59.0337,-38.68246],[-59.03374,-38.68247],[-59.03375,-38.68248],[-59.03378,-38.68248],[-59.03379,-38.68249],[-59.0338,-38.68249],[-59.03382,-38.6825],[-59.03386,-38.68251],[-59.03391,-38.68252],[-59.03394,-38.68253],[-59.03396,-38.68254],[-59.03398,-38.68254],[-59.034,-38.68255],[-59.03401,-38.68255],[-59.03402,-38.68255],[-59.03405,-38.68256],[-59.03406,-38.68256],[-59.03408,-38.68256],[-59.03422,-38.68258],[-59.03422,-38.68258],[-59.03423,-38.68258],[-59.03425,-38.68258],[-59.03426,-38.68258],[-59.03427,-38.68258],[-59.03428,-38.68258],[-59.03429,-38.68258],[-59.0343,-38.68258],[-59.03433,-38.68259],[-59.03434,-38.68259],[-59.03435,-38.6826],[-59.03436,-38.6826],[-59.03436,-38.68261],[-59.03438,-38.68262],[-59.03439,-38.68263],[-59.03441,-38.68264],[-59.03441,-38.68265],[-59.03443,-38.68265],[-59.03444,-38.68265],[-59.03446,-38.68266],[-59.03447,-38.68267],[-59.03449,-38.68267],[-59.0345,-38.68267],[-59.03451,-38.68267],[-59.03452,-38.68268],[-59.03453,-38.68268],[-59.03455,-38.68268],[-59.03458,-38.68268],[-59.03459,-38.68268],[-59.03461,-38.68268],[-59.03462,-38.68268],[-59.03466,-38.68268],[-59.03467,-38.68268],[-59.03469,-38.68268],[-59.03471,-38.68268],[-59.03472,-38.68268],[-59.03473,-38.68268],[-59.03476,-38.68269],[-59.03478,-38.68269],[-59.03479,-38.68269],[-59.03481,-38.6827],[-59.03481,-38.6827],[-59.03484,-38.68271],[-59.03489,-38.68271],[-59.03491,-38.68271],[-59.03492,-38.68271],[-59.03494,-38.68272],[-59.03497,-38.68272],[-59.03499,-38.68272],[-59.035,-38.68272],[-59.03501,-38.68272],[-59.03503,-38.68274],[-59.03505,-38.68274],[-59.03508,-38.68274],[-59.03509,-38.68275],[-59.03513,-38.68276],[-59.03515,-38.68276],[-59.03517,-38.68277],[-59.0352,-38.68277],[-59.03521,-38.68278],[-59.03522,-38.68278],[-59.03523,-38.68278],[-59.03525,-38.68278],[-59.03528,-38.68279],[-59.03531,-38.68279],[-59.03534,-38.68279],[-59.03535,-38.68279],[-59.03537,-38.68279],[-59.03538,-38.68279],[-59.03541,-38.68279],[-59.03544,-38.68279],[-59.03545,-38.68279],[-59.03547,-38.68279],[-59.03549,-38.68279],[-59.0355,-38.68279],[-59.03552,-38.68279],[-59.03553,-38.68279],[-59.03555,-38.68279],[-59.03556,-38.68279],[-59.03558,-38.68278],[-59.0356,-38.68278],[-59.03561,-38.68278],[-59.03564,-38.68278],[-59.03566,-38.68278],[-59.03567,-38.68278],[-59.03569,-38.68279],[-59.03571,-38.68279],[-59.03573,-38.6828],[-59.03574,-38.6828],[-59.03576,-38.68281],[-59.03579,-38.68282],[-59.03581,-38.68282],[-59.03586,-38.68282],[-59.03588,-38.68282],[-59.03589,-38.68282],[-59.03591,-38.68282],[-59.03592,-38.68282],[-59.03595,-38.68282],[-59.03599,-38.68283],[-59.036,-38.68283],[-59.03602,-38.68283],[-59.03603,-38.68283],[-59.03605,-38.68284],[-59.03606,-38.68284],[-59.03609,-38.68285],[-59.03609,-38.68286],[-59.03612,-38.68286],[-59.03614,-38.68286],[-59.03616,-38.68287],[-59.03617,-38.68287],[-59.03619,-38.68287],[-59.03621,-38.68288],[-59.03623,-38.68288],[-59.03625,-38.68288],[-59.03627,-38.68288],[-59.03628,-38.68288],[-59.03629,-38.68288],[-59.0363,-38.68288],[-59.03637,-38.68288],[-59.03639,-38.68289],[-59.0364,-38.6829],[-59.03641,-38.6829],[-59.03642,-38.6829],[-59.03644,-38.68291],[-59.03645,-38.68291],[-59.03646,-38.68292],[-59.03647,-38.68292],[-59.03649,-38.68293],[-59.03651,-38.68293],[-59.03652,-38.68294],[-59.03655,-38.68295],[-59.03658,-38.68295],[-59.03659,-38.68295],[-59.03662,-38.68295],[-59.03663,-38.68296],[-59.03665,-38.68296],[-59.03667,-38.68296],[-59.03668,-38.68296],[-59.03671,-38.68297],[-59.03673,-38.68297],[-59.03673,-38.68298],[-59.03677,-38.68298],[-59.03678,-38.68299],[-59.03679,-38.68299],[-59.0368,-38.68299],[-59.03682,-38.68299],[-59.03683,-38.68299],[-59.03686,-38.68299],[-59.03687,-38.68299],[-59.03689,-38.683],[-59.03691,-38.683],[-59.03692,-38.68301],[-59.03693,-38.68301],[-59.03694,-38.68301],[-59.03696,-38.68301],[-59.03698,-38.68301],[-59.03701,-38.68301],[-59.03703,-38.68301],[-59.03704,-38.68301],[-59.03705,-38.68301],[-59.03708,-38.68301],[-59.03711,-38.68301],[-59.03716,-38.68301],[-59.03718,-38.683],[-59.0372,-38.683],[-59.03721,-38.683],[-59.03724,-38.68299],[-59.03725,-38.68299],[-59.03726,-38.68299],[-59.03729,-38.68299],[-59.03731,-38.68299],[-59.03733,-38.68299],[-59.03735,-38.68299],[-59.03737,-38.68299],[-59.03738,-38.68299],[-59.03741,-38.68298],[-59.03746,-38.68297],[-59.03748,-38.68297],[-59.0375,-38.68297],[-59.03753,-38.68297],[-59.03754,-38.68297],[-59.03755,-38.68297],[-59.03756,-38.68297],[-59.03757,-38.68297],[-59.03763,-38.683],[-59.03765,-38.68301],[-59.03769,-38.68302],[-59.03772,-38.68303],[-59.03774,-38.68303],[-59.03777,-38.68304],[-59.03777,-38.68304],[-59.03781,-38.68306],[-59.03786,-38.68307],[-59.03791,-38.68308],[-59.03793,-38.68308],[-59.03797,-38.68309],[-59.03797,-38.68309],[-59.03801,-38.6831],[-59.03802,-38.68311],[-59.03806,-38.68312],[-59.03811,-38.68313],[-59.03814,-38.68314],[-59.03816,-38.68315],[-59.03817,-38.68316],[-59.03822,-38.68316],[-59.03823,-38.68316],[-59.03828,-38.68317],[-59.03831,-38.68318],[-59.03834,-38.68318],[-59.03835,-38.68318],[-59.03839,-38.68319],[-59.0384,-38.68319],[-59.03845,-38.6832],[-59.03847,-38.6832],[-59.03854,-38.68321],[-59.03856,-38.68321],[-59.03862,-38.68322],[-59.03866,-38.68323],[-59.03873,-38.68323],[-59.03879,-38.68323],[-59.03885,-38.68324],[-59.03887,-38.68325],[-59.0389,-38.68325],[-59.03891,-38.68325],[-59.03892,-38.68325],[-59.03895,-38.68326],[-59.03895,-38.68326],[-59.039,-38.68326],[-59.03903,-38.68327],[-59.03907,-38.68327],[-59.03909,-38.68327],[-59.03913,-38.68327],[-59.03915,-38.68327],[-59.03919,-38.68328],[-59.03922,-38.68328],[-59.03923,-38.68328],[-59.03924,-38.68328],[-59.03925,-38.68328],[-59.03928,-38.68329],[-59.03929,-38.68329],[-59.03934,-38.6833],[-59.03937,-38.68331],[-59.03938,-38.68331],[-59.03941,-38.68332],[-59.03946,-38.68333],[-59.03949,-38.68333],[-59.03952,-38.68333],[-59.03953,-38.68333],[-59.03956,-38.68333],[-59.03959,-38.68333],[-59.03962,-38.68333],[-59.03966,-38.68333],[-59.03968,-38.68333],[-59.03974,-38.68333],[-59.03974,-38.68334],[-59.03975,-38.68334],[-59.03982,-38.68334],[-59.0399,-38.68335],[-59.03993,-38.68336],[-59.03994,-38.68336],[-59.03996,-38.68337],[-59.03999,-38.68338],[-59.04,-38.68338],[-59.04005,-38.68341],[-59.04007,-38.68343],[-59.04009,-38.68343],[-59.04011,-38.68343],[-59.04014,-38.68344],[-59.04016,-38.68344],[-59.04022,-38.68346],[-59.04024,-38.68346],[-59.04027,-38.68347],[-59.0403,-38.68347],[-59.04031,-38.68348],[-59.04034,-38.68348],[-59.04034,-38.68348],[-59.0404,-38.68348],[-59.04041,-38.68348],[-59.04047,-38.68348],[-59.04049,-38.68348],[-59.04051,-38.68348],[-59.04053,-38.68349],[-59.04057,-38.68349],[-59.04063,-38.6835],[-59.04064,-38.6835],[-59.04071,-38.6835],[-59.04074,-38.6835],[-59.04079,-38.6835],[-59.0408,-38.6835],[-59.04081,-38.6835],[-59.04087,-38.6835],[-59.04088,-38.6835],[-59.04093,-38.68351],[-59.04094,-38.68351],[-59.04094,-38.68352],[-59.04097,-38.68353],[-59.04099,-38.68354],[-59.04104,-38.68355],[-59.04106,-38.68355],[-59.04108,-38.68356],[-59.04109,-38.68357],[-59.04112,-38.68358],[-59.04113,-38.68359],[-59.04114,-38.68359],[-59.04117,-38.6836],[-59.04122,-38.6836],[-59.04123,-38.6836],[-59.04131,-38.6836],[-59.04132,-38.6836],[-59.04135,-38.6836],[-59.04137,-38.6836],[-59.04143,-38.68362],[-59.04148,-38.68363],[-59.0415,-38.68364],[-59.04152,-38.68365],[-59.04154,-38.68365],[-59.04157,-38.68366],[-59.04158,-38.68366],[-59.04166,-38.68367],[-59.04172,-38.68367],[-59.04174,-38.68367],[-59.04178,-38.68367],[-59.04179,-38.68367],[-59.04184,-38.68367],[-59.04188,-38.68367],[-59.04189,-38.68367],[-59.04191,-38.68368],[-59.04193,-38.68368],[-59.04196,-38.68368],[-59.04197,-38.68368],[-59.042,-38.68368],[-59.04201,-38.68368],[-59.04203,-38.68368],[-59.04206,-38.68368],[-59.04209,-38.68368],[-59.0421,-38.68368],[-59.04212,-38.68368],[-59.04213,-38.68368],[-59.04219,-38.6837],[-59.04222,-38.68371],[-59.04223,-38.68372],[-59.04226,-38.68372],[-59.04227,-38.68372],[-59.04229,-38.68373],[-59.04231,-38.68375],[-59.04233,-38.68375],[-59.04234,-38.68375],[-59.04235,-38.68375],[-59.04237,-38.68376],[-59.04251,-38.68379],[-59.04261,-38.68379],[-59.04264,-38.68378],[-59.04265,-38.68378],[-59.04268,-38.68378],[-59.04271,-38.68378],[-59.04272,-38.68378],[-59.04274,-38.68378],[-59.04276,-38.68379],[-59.04279,-38.68379],[-59.0428,-38.68379],[-59.04285,-38.68381],[-59.04288,-38.68381],[-59.0429,-38.68381],[-59.04291,-38.68381],[-59.04295,-38.68382],[-59.04296,-38.68382],[-59.04302,-38.68382],[-59.04309,-38.68384],[-59.0431,-38.68384],[-59.04312,-38.68385],[-59.04314,-38.68385],[-59.04318,-38.68387],[-59.04319,-38.68387],[-59.04326,-38.68388],[-59.04328,-38.6839],[-59.0433,-38.68391],[-59.04334,-38.68392],[-59.04335,-38.68393],[-59.04341,-38.68394],[-59.04346,-38.68395],[-59.04349,-38.68395],[-59.04353,-38.68395],[-59.04354,-38.68395],[-59.04356,-38.68395],[-59.04361,-38.68395],[-59.04362,-38.68395],[-59.04369,-38.68395],[-59.0437,-38.68395],[-59.04376,-38.68395],[-59.04378,-38.68396],[-59.04382,-38.68396],[-59.04383,-38.68396],[-59.04384,-38.68396],[-59.04388,-38.68397],[-59.0439,-38.68397],[-59.04391,-38.68398],[-59.04396,-38.68398],[-59.04398,-38.68398],[-59.04403,-38.68398],[-59.04404,-38.68398],[-59.04407,-38.68399],[-59.04411,-38.68399],[-59.04413,-38.68399],[-59.04417,-38.684],[-59.04419,-38.68401],[-59.04422,-38.68401],[-59.04424,-38.68402],[-59.04429,-38.68403],[-59.0443,-38.68403],[-59.04432,-38.68405],[-59.04433,-38.68405],[-59.04437,-38.68406],[-59.04443,-38.68407],[-59.04446,-38.68408],[-59.04448,-38.68409],[-59.04449,-38.68409],[-59.0445,-38.68409],[-59.04456,-38.6841],[-59.04457,-38.6841],[-59.04461,-38.68412],[-59.04467,-38.68414],[-59.04469,-38.68415],[-59.04474,-38.68416],[-59.04478,-38.68418],[-59.04479,-38.68418],[-59.04486,-38.68418],[-59.04488,-38.68419],[-59.04491,-38.6842],[-59.04493,-38.6842],[-59.04496,-38.68421],[-59.045,-38.68422],[-59.04501,-38.68422],[-59.04506,-38.68424],[-59.04507,-38.68425],[-59.04511,-38.68426],[-59.04513,-38.68426],[-59.04516,-38.68426],[-59.04518,-38.68427],[-59.04522,-38.68428],[-59.04523,-38.68429],[-59.04526,-38.68429],[-59.04527,-38.6843],[-59.04529,-38.68431],[-59.0453,-38.68432],[-59.04534,-38.68432],[-59.04534,-38.68433],[-59.04535,-38.68433],[-59.04537,-38.68433],[-59.04538,-38.68434],[-59.04558,-38.68441],[-59.04559,-38.68441],[-59.04563,-38.68442],[-59.04565,-38.68443],[-59.04567,-38.68444],[-59.0457,-38.68445],[-59.04574,-38.68446],[-59.04575,-38.68446],[-59.04579,-38.68447],[-59.0458,-38.68448],[-59.04583,-38.68449],[-59.04584,-38.6845],[-59.04587,-38.68451],[-59.04591,-38.68452],[-59.04597,-38.68454],[-59.046,-38.68454],[-59.04603,-38.68455],[-59.04605,-38.68455],[-59.04607,-38.68455],[-59.04612,-38.68456],[-59.04618,-38.68456],[-59.04619,-38.68456],[-59.04621,-38.68456],[-59.04624,-38.68456],[-59.04626,-38.68456],[-59.04628,-38.68455],[-59.0463,-38.68453],[-59.04631,-38.68452],[-59.04634,-38.68451],[-59.04634,-38.6845],[-59.04636,-38.68449],[-59.04637,-38.68449],[-59.0464,-38.68448],[-59.04642,-38.68448],[-59.04645,-38.68448],[-59.04645,-38.68448],[-59.04649,-38.68448],[-59.04653,-38.68449],[-59.04657,-38.68451],[-59.04659,-38.68451],[-59.04663,-38.68453],[-59.04666,-38.68454],[-59.04669,-38.68456],[-59.04671,-38.68456],[-59.04673,-38.68457],[-59.04674,-38.68457],[-59.04678,-38.68458],[-59.04679,-38.68458],[-59.04684,-38.6846],[-59.04687,-38.68462],[-59.04689,-38.68463],[-59.04692,-38.68465],[-59.04695,-38.68466],[-59.04699,-38.68468],[-59.04701,-38.68469],[-59.04704,-38.6847],[-59.04705,-38.6847],[-59.04708,-38.68471],[-59.04712,-38.68472],[-59.04716,-38.68473],[-59.04717,-38.68473],[-59.04718,-38.68474],[-59.04721,-38.68474],[-59.04722,-38.68474],[-59.04725,-38.68475],[-59.0473,-38.68476],[-59.04732,-38.68476],[-59.04736,-38.68477],[-59.04738,-38.68477],[-59.04743,-38.68478],[-59.04748,-38.6848],[-59.0475,-38.6848],[-59.04753,-38.68481],[-59.04755,-38.68482],[-59.04758,-38.68484],[-59.04763,-38.68485],[-59.04767,-38.68486],[-59.0477,-38.68486],[-59.04772,-38.68486],[-59.04773,-38.68486],[-59.04773,-38.68487],[-59.04778,-38.68488],[-59.04781,-38.68488],[-59.04782,-38.68488],[-59.04783,-38.68488],[-59.04785,-38.68489],[-59.04786,-38.68489],[-59.0479,-38.68489],[-59.04793,-38.68489],[-59.04794,-38.68489],[-59.04801,-38.68491],[-59.04802,-38.68491],[-59.04803,-38.68491],[-59.04805,-38.68491],[-59.04806,-38.68491],[-59.04809,-38.68491],[-59.04812,-38.68491],[-59.04813,-38.68491],[-59.04815,-38.68491],[-59.04816,-38.68491],[-59.04818,-38.68491],[-59.0482,-38.68491],[-59.04823,-38.68492],[-59.04825,-38.68492],[-59.04829,-38.68493],[-59.0483,-38.68494],[-59.04834,-38.68495],[-59.04839,-38.68495],[-59.0484,-38.68496],[-59.04843,-38.68496],[-59.04843,-38.68496],[-59.04846,-38.68497],[-59.04849,-38.68498],[-59.04851,-38.68499],[-59.04854,-38.68499],[-59.04856,-38.685],[-59.0486,-38.68501],[-59.04864,-38.68502],[-59.04868,-38.68503],[-59.04869,-38.68504],[-59.04872,-38.68504],[-59.04874,-38.68505],[-59.04877,-38.68505],[-59.04878,-38.68505],[-59.04882,-38.68506],[-59.04883,-38.68506],[-59.04885,-38.68507],[-59.04887,-38.68507],[-59.04891,-38.68509],[-59.04897,-38.6851],[-59.04898,-38.68511],[-59.04901,-38.68512],[-59.04902,-38.68512],[-59.04907,-38.68513],[-59.04911,-38.68514],[-59.04915,-38.68515],[-59.04917,-38.68515],[-59.0492,-38.68515],[-59.04921,-38.68515],[-59.04923,-38.68516],[-59.04924,-38.68517],[-59.04925,-38.68517],[-59.04927,-38.68517],[-59.04928,-38.68517],[-59.0493,-38.68517],[-59.04931,-38.68517],[-59.04933,-38.68518],[-59.04938,-38.68518],[-59.04939,-38.68518],[-59.04942,-38.68518],[-59.04944,-38.68518],[-59.04946,-38.68519],[-59.04947,-38.68519],[-59.0495,-38.68519],[-59.04951,-38.6852],[-59.04955,-38.6852],[-59.04956,-38.6852],[-59.0496,-38.68522],[-59.04962,-38.68523],[-59.04964,-38.68523],[-59.04967,-38.68524],[-59.04968,-38.68524],[-59.04972,-38.68525],[-59.04974,-38.68525],[-59.04978,-38.68526],[-59.04981,-38.68526],[-59.04984,-38.68527],[-59.04991,-38.6853],[-59.04994,-38.68531],[-59.05001,-38.68533],[-59.05001,-38.68533],[-59.05005,-38.68534],[-59.05008,-38.68535],[-59.05009,-38.68536],[-59.05011,-38.68536],[-59.05012,-38.68536],[-59.05012,-38.68537],[-59.05021,-38.68539],[-59.05022,-38.68539],[-59.05038,-38.6854],[-59.05044,-38.68541],[-59.05045,-38.68541],[-59.05049,-38.68542],[-59.05052,-38.68542],[-59.05058,-38.68544],[-59.05064,-38.68544],[-59.05072,-38.68544],[-59.05078,-38.68544],[-59.05082,-38.68544],[-59.05086,-38.68544],[-59.0509,-38.68545],[-59.05093,-38.68546],[-59.05097,-38.68548],[-59.051,-38.6855],[-59.05101,-38.68551],[-59.05104,-38.68552],[-59.05108,-38.68552],[-59.05112,-38.68552],[-59.05118,-38.68552],[-59.05122,-38.68553],[-59.05123,-38.68553],[-59.05127,-38.68554],[-59.05133,-38.68555],[-59.05136,-38.68556],[-59.05137,-38.68556],[-59.05141,-38.68557],[-59.05144,-38.68558],[-59.05145,-38.68558],[-59.05149,-38.6856],[-59.05153,-38.6856],[-59.05159,-38.68562],[-59.05162,-38.68562],[-59.05167,-38.68563],[-59.05168,-38.68563],[-59.05173,-38.68563],[-59.05178,-38.68563],[-59.05183,-38.68563],[-59.05189,-38.68564],[-59.05194,-38.68564],[-59.05195,-38.68564],[-59.05199,-38.68565],[-59.05206,-38.68565],[-59.05212,-38.68567],[-59.05218,-38.68568],[-59.05223,-38.68568],[-59.05229,-38.68568],[-59.05233,-38.68568],[-59.0524,-38.68568],[-59.05247,-38.68568],[-59.05251,-38.68568],[-59.05256,-38.68568],[-59.0526,-38.68568],[-59.05265,-38.68568],[-59.05266,-38.68568],[-59.05271,-38.6857],[-59.05277,-38.6857],[-59.05278,-38.6857],[-59.05283,-38.6857],[-59.05288,-38.68569],[-59.05291,-38.68568],[-59.05296,-38.68567],[-59.05297,-38.68567],[-59.05302,-38.68567],[-59.05307,-38.68567],[-59.05308,-38.68567],[-59.05312,-38.68567],[-59.05316,-38.68567],[-59.05318,-38.68566],[-59.05323,-38.68565],[-59.05325,-38.68565],[-59.05329,-38.68565],[-59.05335,-38.68565],[-59.05339,-38.68565],[-59.05344,-38.68566],[-59.05348,-38.68567],[-59.05349,-38.68567],[-59.05351,-38.68568],[-59.05355,-38.6857],[-59.05356,-38.6857],[-59.05361,-38.68572],[-59.05364,-38.68572],[-59.05366,-38.68573],[-59.05371,-38.68573],[-59.05374,-38.68573],[-59.05375,-38.68573],[-59.05376,-38.68574],[-59.05382,-38.68574],[-59.05383,-38.68574],[-59.05388,-38.68574],[-59.05394,-38.68573],[-59.05395,-38.68573],[-59.05399,-38.68573],[-59.05402,-38.68573],[-59.05408,-38.68573],[-59.05414,-38.68573],[-59.05418,-38.68573],[-59.05419,-38.68573],[-59.05424,-38.68574],[-59.0543,-38.68575],[-59.05434,-38.68575],[-59.05437,-38.68575],[-59.05438,-38.68575],[-59.05441,-38.68575],[-59.05443,-38.68577],[-59.05447,-38.68578],[-59.0545,-38.68579],[-59.05453,-38.6858],[-59.05456,-38.68581],[-59.05461,-38.68581],[-59.05466,-38.68583],[-59.0547,-38.68583],[-59.05474,-38.68584],[-59.0548,-38.68584],[-59.05481,-38.68584],[-59.05485,-38.68584],[-59.0549,-38.68584],[-59.05491,-38.68584],[-59.05494,-38.68584],[-59.05498,-38.68584],[-59.05499,-38.68584],[-59.05503,-38.68584],[-59.05505,-38.68584],[-59.05511,-38.68586],[-59.05514,-38.68587],[-59.05517,-38.68588],[-59.05519,-38.68589],[-59.05523,-38.6859],[-59.05526,-38.6859],[-59.05529,-38.68591],[-59.05533,-38.68592],[-59.05535,-38.68593],[-59.05537,-38.68593],[-59.05538,-38.68593],[-59.05543,-38.68594],[-59.05546,-38.68594],[-59.05551,-38.68595],[-59.05555,-38.68595],[-59.0556,-38.68595],[-59.05561,-38.68595],[-59.05567,-38.68596],[-59.05573,-38.68596],[-59.05573,-38.68596],[-59.05575,-38.68596],[-59.05576,-38.68596],[-59.05581,-38.68597],[-59.05583,-38.68597],[-59.05589,-38.68597],[-59.05593,-38.68597],[-59.05595,-38.68598],[-59.05598,-38.68598],[-59.056,-38.68599],[-59.05604,-38.68601],[-59.05606,-38.68602],[-59.05606,-38.68602],[-59.05607,-38.68603],[-59.0561,-38.68604],[-59.05613,-38.68606],[-59.05616,-38.68607],[-59.05619,-38.68608],[-59.0562,-38.68609],[-59.05623,-38.6861],[-59.05627,-38.6861],[-59.05628,-38.6861],[-59.05631,-38.68612],[-59.05633,-38.68613],[-59.05634,-38.68613],[-59.05636,-38.68613],[-59.05642,-38.68615],[-59.05646,-38.68615],[-59.0565,-38.68616],[-59.05652,-38.68616],[-59.05654,-38.68616],[-59.05656,-38.68616],[-59.05665,-38.68619],[-59.05666,-38.68619],[-59.05674,-38.68619],[-59.05678,-38.68619],[-59.05679,-38.68619],[-59.05681,-38.6862],[-59.05684,-38.6862],[-59.05687,-38.68621],[-59.05689,-38.68622],[-59.05691,-38.68623],[-59.05696,-38.68623],[-59.05699,-38.68624],[-59.05702,-38.68625],[-59.05706,-38.68626],[-59.05709,-38.68627],[-59.0571,-38.68627],[-59.05715,-38.68628],[-59.05723,-38.68629],[-59.05731,-38.6863],[-59.05735,-38.68631],[-59.05737,-38.68632],[-59.05741,-38.68632],[-59.05747,-38.68634],[-59.05752,-38.68635],[-59.05753,-38.68636],[-59.05759,-38.68636],[-59.05767,-38.68637],[-59.05769,-38.68637],[-59.0577,-38.68637],[-59.05775,-38.68638],[-59.05778,-38.68638],[-59.05785,-38.6864],[-59.05786,-38.68641],[-59.05789,-38.68642],[-59.05791,-38.68642],[-59.05792,-38.68642],[-59.05798,-38.68643],[-59.05803,-38.68644],[-59.05809,-38.68644],[-59.05814,-38.68644],[-59.05815,-38.68644],[-59.0582,-38.68647],[-59.05823,-38.68649],[-59.05825,-38.68649],[-59.05829,-38.6865],[-59.05832,-38.68651],[-59.05833,-38.68651],[-59.05839,-38.68654],[-59.05849,-38.68656],[-59.05855,-38.68658],[-59.0586,-38.68659],[-59.05866,-38.6866],[-59.05871,-38.68661],[-59.05878,-38.68662],[-59.0588,-38.68662],[-59.05881,-38.68662],[-59.05883,-38.68662],[-59.05885,-38.68662],[-59.05889,-38.68662],[-59.05898,-38.68662],[-59.05901,-38.68662],[-59.05906,-38.68663],[-59.0591,-38.68666],[-59.05914,-38.68668],[-59.05916,-38.68668],[-59.0592,-38.68669],[-59.05924,-38.68669],[-59.05929,-38.6867],[-59.05935,-38.68671],[-59.0594,-38.68671],[-59.05944,-38.68671],[-59.0595,-38.68673],[-59.05955,-38.68673],[-59.05959,-38.68674],[-59.05965,-38.68675],[-59.05972,-38.68678],[-59.05975,-38.68679],[-59.05981,-38.6868],[-59.05987,-38.68681],[-59.05988,-38.68681],[-59.05992,-38.68682],[-59.05993,-38.68682],[-59.05999,-38.68683],[-59.06003,-38.68683],[-59.06008,-38.68684],[-59.06014,-38.68686],[-59.06019,-38.68687],[-59.06026,-38.68689],[-59.06031,-38.6869],[-59.06032,-38.6869],[-59.06035,-38.68691],[-59.06038,-38.68691],[-59.06041,-38.68692],[-59.06044,-38.68693],[-59.06047,-38.68694],[-59.06048,-38.68694],[-59.06053,-38.68696],[-59.06059,-38.68697],[-59.06063,-38.68699],[-59.06068,-38.68699],[-59.06076,-38.68699],[-59.06082,-38.68699],[-59.06086,-38.687],[-59.06088,-38.687],[-59.06093,-38.68702],[-59.06099,-38.68703],[-59.06102,-38.68703],[-59.06105,-38.68705],[-59.06107,-38.68707],[-59.06113,-38.68709],[-59.06117,-38.6871],[-59.0612,-38.6871],[-59.06124,-38.6871],[-59.06127,-38.68711],[-59.06128,-38.68711],[-59.06129,-38.68712],[-59.06132,-38.68713],[-59.06132,-38.68714],[-59.06135,-38.68718],[-59.06139,-38.6872],[-59.06142,-38.68721],[-59.06146,-38.68723],[-59.06148,-38.68723],[-59.0615,-38.68723],[-59.06154,-38.68723],[-59.06157,-38.68723],[-59.06162,-38.68723],[-59.06167,-38.68724],[-59.06171,-38.68724],[-59.06175,-38.68724],[-59.06179,-38.68724],[-59.0618,-38.68724],[-59.06185,-38.68724],[-59.06187,-38.68724],[-59.06192,-38.68725],[-59.06196,-38.68725],[-59.06198,-38.68726],[-59.06203,-38.68729],[-59.06204,-38.68729],[-59.06212,-38.68731],[-59.06215,-38.68732],[-59.06222,-38.68733],[-59.06225,-38.68734],[-59.06228,-38.68734],[-59.06231,-38.68734],[-59.06237,-38.68734],[-59.0624,-38.68734],[-59.06243,-38.68734],[-59.06245,-38.68736],[-59.06247,-38.68737],[-59.06248,-38.68738],[-59.06249,-38.6874],[-59.06251,-38.68742],[-59.06254,-38.68744],[-59.06256,-38.68747],[-59.06259,-38.68749],[-59.0626,-38.6875],[-59.06263,-38.68753],[-59.06266,-38.68755],[-59.0627,-38.68756],[-59.06276,-38.68759],[-59.0628,-38.6876],[-59.06284,-38.6876],[-59.06284,-38.68761],[-59.06285,-38.68762],[-59.06286,-38.68762],[-59.06288,-38.68762],[-59.06289,-38.68763],[-59.06291,-38.68765],[-59.06292,-38.68765],[-59.06294,-38.68766],[-59.06295,-38.68767],[-59.06299,-38.68769],[-59.063,-38.68769],[-59.06301,-38.6877],[-59.06303,-38.68772],[-59.06304,-38.68772],[-59.06304,-38.68774],[-59.06307,-38.68775],[-59.0631,-38.68777],[-59.06315,-38.68779],[-59.06316,-38.68779],[-59.06319,-38.6878],[-59.06322,-38.68781],[-59.06324,-38.68782],[-59.06327,-38.68782],[-59.06329,-38.68782],[-59.06331,-38.68783],[-59.06332,-38.68783],[-59.06334,-38.68784],[-59.06336,-38.68784],[-59.06339,-38.68786],[-59.0634,-38.68786],[-59.06341,-38.68787],[-59.06342,-38.68787],[-59.06345,-38.68787],[-59.06348,-38.68787],[-59.06349,-38.68787],[-59.06353,-38.68785],[-59.06355,-38.68784],[-59.06358,-38.68784],[-59.06363,-38.68784],[-59.06363,-38.68784],[-59.06367,-38.68784],[-59.06369,-38.68784],[-59.0637,-38.68784],[-59.06371,-38.68784],[-59.06372,-38.68784],[-59.06373,-38.68785],[-59.06377,-38.68786],[-59.06378,-38.68787],[-59.06379,-38.68788],[-59.0638,-38.68788],[-59.06382,-38.68789],[-59.06384,-38.6879],[-59.06386,-38.6879],[-59.0639,-38.6879],[-59.06392,-38.6879],[-59.06396,-38.6879],[-59.06397,-38.6879],[-59.06399,-38.6879],[-59.06402,-38.6879],[-59.06402,-38.6879],[-59.06407,-38.6879],[-59.06408,-38.6879],[-59.06409,-38.6879],[-59.0641,-38.6879],[-59.06411,-38.68791],[-59.06416,-38.68793],[-59.06417,-38.68793],[-59.06418,-38.68793],[-59.0642,-38.68794],[-59.06421,-38.68794],[-59.06423,-38.68794],[-59.06425,-38.68795],[-59.06426,-38.68795],[-59.06428,-38.68796],[-59.06429,-38.68796],[-59.06433,-38.68796],[-59.06434,-38.68796],[-59.06435,-38.68797],[-59.06436,-38.68797],[-59.0644,-38.68797],[-59.06441,-38.68797],[-59.06442,-38.68797],[-59.06443,-38.68797],[-59.06447,-38.68797],[-59.06448,-38.68796],[-59.06449,-38.68795],[-59.06457,-38.68793],[-59.0646,-38.68793],[-59.06462,-38.68793],[-59.06463,-38.68792],[-59.06465,-38.68792],[-59.06468,-38.68792],[-59.0647,-38.68792],[-59.06474,-38.68792],[-59.06478,-38.68793],[-59.0648,-38.68793],[-59.06481,-38.68794],[-59.06482,-38.68795],[-59.06484,-38.68795],[-59.06487,-38.68795],[-59.06488,-38.68796],[-59.06489,-38.68796],[-59.06494,-38.68798],[-59.06499,-38.68798],[-59.065,-38.68798],[-59.06502,-38.68798],[-59.06505,-38.68798],[-59.06506,-38.68798],[-59.06509,-38.68798],[-59.06512,-38.68798],[-59.06514,-38.68798],[-59.0652,-38.68798],[-59.06521,-38.68798],[-59.06523,-38.68799],[-59.06524,-38.68799],[-59.06527,-38.688],[-59.06533,-38.688],[-59.06538,-38.688],[-59.06539,-38.688],[-59.06541,-38.688],[-59.06542,-38.688],[-59.06548,-38.68801],[-59.0655,-38.68801],[-59.06553,-38.68801],[-59.06554,-38.68801],[-59.06558,-38.68801],[-59.06559,-38.68801],[-59.06562,-38.68801],[-59.06567,-38.68801],[-59.06568,-38.68801],[-59.06569,-38.68801],[-59.0657,-38.68801],[-59.06572,-38.68801],[-59.06574,-38.68801],[-59.06575,-38.68801],[-59.06576,-38.68801],[-59.06579,-38.68802],[-59.06583,-38.68803],[-59.06585,-38.68803],[-59.06586,-38.68804],[-59.06588,-38.68804],[-59.06589,-38.68804],[-59.06594,-38.68805],[-59.06597,-38.68806],[-59.066,-38.68807],[-59.066,-38.68808],[-59.06602,-38.68808],[-59.06604,-38.68809],[-59.06605,-38.68809],[-59.0661,-38.68811],[-59.06611,-38.68811],[-59.06616,-38.68812],[-59.06619,-38.68812],[-59.06619,-38.68813],[-59.06622,-38.68814],[-59.06625,-38.68815],[-59.06626,-38.68815],[-59.06628,-38.68817],[-59.06629,-38.68817],[-59.06633,-38.68817],[-59.06634,-38.68817],[-59.06635,-38.68817],[-59.06636,-38.68817],[-59.06637,-38.68817],[-59.06638,-38.68817],[-59.0664,-38.68817],[-59.06645,-38.68817],[-59.06646,-38.68817],[-59.06647,-38.68817],[-59.06653,-38.68817],[-59.06654,-38.68817],[-59.06657,-38.68818],[-59.06658,-38.68818],[-59.06659,-38.68819],[-59.06661,-38.6882],[-59.06662,-38.6882],[-59.06665,-38.6882],[-59.06666,-38.68821],[-59.06668,-38.68821],[-59.06671,-38.68822],[-59.06674,-38.68824],[-59.06675,-38.68824],[-59.06678,-38.68825],[-59.06679,-38.68825],[-59.06681,-38.68826],[-59.06684,-38.68827],[-59.06687,-38.68828],[-59.06689,-38.68829],[-59.06692,-38.6883],[-59.06693,-38.6883],[-59.06695,-38.68831],[-59.06697,-38.68832],[-59.067,-38.68833],[-59.067,-38.68834],[-59.06703,-38.68835],[-59.0671,-38.68837],[-59.06713,-38.68838],[-59.06715,-38.68838],[-59.06717,-38.68838],[-59.06722,-38.68838],[-59.06723,-38.68838],[-59.06727,-38.68839],[-59.06735,-38.6884],[-59.06739,-38.6884],[-59.06747,-38.68841],[-59.06748,-38.68841],[-59.0675,-38.68841],[-59.06751,-38.68841],[-59.06752,-38.68841],[-59.0676,-38.68845],[-59.06761,-38.68845],[-59.06762,-38.68845],[-59.06767,-38.68846],[-59.06772,-38.68846],[-59.06773,-38.68847],[-59.06774,-38.68847],[-59.06777,-38.68848],[-59.0678,-38.68849],[-59.06781,-38.68849],[-59.06784,-38.6885],[-59.06786,-38.6885],[-59.06792,-38.68851],[-59.06794,-38.68851],[-59.06798,-38.68851],[-59.06799,-38.68851],[-59.06805,-38.68851],[-59.06808,-38.68851],[-59.06812,-38.68851],[-59.06813,-38.68851],[-59.06814,-38.68851],[-59.06816,-38.68851],[-59.06817,-38.68852],[-59.06822,-38.68853],[-59.06823,-38.68853],[-59.06828,-38.68855],[-59.06831,-38.68855],[-59.06835,-38.68856],[-59.06837,-38.68856],[-59.06838,-38.68856],[-59.06845,-38.68857],[-59.06846,-38.68858],[-59.06849,-38.68859],[-59.06853,-38.6886],[-59.06855,-38.68861],[-59.06856,-38.68861],[-59.06857,-38.68862],[-59.06861,-38.68863],[-59.06866,-38.68863],[-59.06867,-38.68863],[-59.0687,-38.68864],[-59.06875,-38.68865],[-59.06876,-38.68865],[-59.06876,-38.68865],[-59.06882,-38.68865],[-59.06883,-38.68865],[-59.06887,-38.68865],[-59.0689,-38.68865],[-59.06892,-38.68865],[-59.06896,-38.68866],[-59.06901,-38.68867],[-59.06903,-38.68867],[-59.06905,-38.68868],[-59.06908,-38.68869],[-59.06909,-38.68869],[-59.06911,-38.6887],[-59.06912,-38.68871],[-59.06915,-38.68871],[-59.06915,-38.68872],[-59.0692,-38.68873],[-59.06925,-38.68873],[-59.06926,-38.68873],[-59.06927,-38.68873],[-59.06928,-38.68873],[-59.06932,-38.68873],[-59.06933,-38.68873],[-59.06935,-38.68873],[-59.06936,-38.68873],[-59.06938,-38.68874],[-59.06941,-38.68874],[-59.06942,-38.68874],[-59.06947,-38.68874],[-59.06949,-38.68875],[-59.06953,-38.68875],[-59.06954,-38.68875],[-59.06958,-38.68876],[-59.0696,-38.68876],[-59.06962,-38.68877],[-59.06963,-38.68877],[-59.06967,-38.68878],[-59.06968,-38.68878],[-59.0697,-38.68878],[-59.06972,-38.68878],[-59.06973,-38.68878],[-59.06974,-38.68878],[-59.06975,-38.68879],[-59.06979,-38.6888],[-59.06979,-38.6888],[-59.06984,-38.6888],[-59.06985,-38.6888],[-59.06989,-38.6888],[-59.06993,-38.6888],[-59.06995,-38.6888],[-59.06998,-38.6888],[-59.07004,-38.6888],[-59.07007,-38.6888],[-59.07011,-38.68881],[-59.07012,-38.68881],[-59.07016,-38.68881],[-59.07017,-38.68882],[-59.07023,-38.68882],[-59.07025,-38.68883],[-59.0703,-38.68883],[-59.07033,-38.68884],[-59.07034,-38.68885],[-59.07037,-38.68885],[-59.07043,-38.68886],[-59.07045,-38.68886],[-59.07048,-38.68887],[-59.07049,-38.68888],[-59.07055,-38.68888],[-59.07058,-38.68889],[-59.07063,-38.68889],[-59.07064,-38.68889],[-59.07066,-38.68889],[-59.07072,-38.68891],[-59.07078,-38.68892],[-59.0708,-38.68893],[-59.07083,-38.68893],[-59.07085,-38.68893],[-59.0709,-38.68895],[-59.07092,-38.68895],[-59.07096,-38.68896],[-59.07098,-38.68896],[-59.07104,-38.68898],[-59.07109,-38.68899],[-59.07111,-38.68899],[-59.07114,-38.68899],[-59.07115,-38.68899],[-59.07119,-38.689],[-59.07119,-38.689],[-59.07122,-38.68901],[-59.07126,-38.68902],[-59.07127,-38.68902],[-59.07132,-38.68903],[-59.07135,-38.68904],[-59.07136,-38.68904],[-59.07138,-38.68905],[-59.07139,-38.68905],[-59.07144,-38.68906],[-59.07145,-38.68906],[-59.07147,-38.68907],[-59.0715,-38.68907],[-59.07156,-38.68908],[-59.07159,-38.68908],[-59.07161,-38.68908],[-59.07166,-38.68908],[-59.07174,-38.68908],[-59.07175,-38.68908],[-59.07176,-38.68908],[-59.07179,-38.68908],[-59.07183,-38.68908],[-59.07184,-38.68908],[-59.0719,-38.68908],[-59.07192,-38.68908],[-59.07195,-38.68908],[-59.07196,-38.68908],[-59.07201,-38.68909],[-59.07203,-38.68909],[-59.07207,-38.6891],[-59.0721,-38.6891],[-59.07214,-38.68911],[-59.07215,-38.68911],[-59.0722,-38.68913],[-59.07222,-38.68913],[-59.07226,-38.68915],[-59.07229,-38.68917],[-59.07231,-38.68917],[-59.07235,-38.6892],[-59.07238,-38.6892],[-59.07243,-38.68923],[-59.07246,-38.68923],[-59.07247,-38.68923],[-59.0725,-38.68924],[-59.07252,-38.68925],[-59.07253,-38.68925],[-59.07256,-38.68926],[-59.07257,-38.68926],[-59.0726,-38.68927],[-59.07261,-38.68927],[-59.07264,-38.68928],[-59.07265,-38.68928],[-59.07275,-38.6893],[-59.07276,-38.68931],[-59.07277,-38.68931],[-59.07291,-38.68934],[-59.07291,-38.68934],[-59.07293,-38.68934],[-59.07296,-38.68935],[-59.073,-38.68936],[-59.07301,-38.68936],[-59.07305,-38.68937],[-59.07307,-38.68937],[-59.07314,-38.68938],[-59.07318,-38.68938],[-59.07321,-38.68938],[-59.07323,-38.68938],[-59.07329,-38.68939],[-59.07335,-38.6894],[-59.07337,-38.6894],[-59.0734,-38.6894],[-59.07342,-38.6894],[-59.07348,-38.68942],[-59.07349,-38.68943],[-59.07353,-38.68945],[-59.07353,-38.68946],[-59.07355,-38.68947],[-59.07362,-38.68949],[-59.07367,-38.68951],[-59.07369,-38.68952],[-59.07372,-38.68953],[-59.07373,-38.68954],[-59.07379,-38.68956],[-59.07382,-38.68958],[-59.07387,-38.68959],[-59.07389,-38.68959],[-59.07397,-38.6896],[-59.07405,-38.68963],[-59.07409,-38.68963],[-59.07412,-38.68964],[-59.07414,-38.68964],[-59.07421,-38.68965],[-59.07422,-38.68966],[-59.07424,-38.68967],[-59.07429,-38.68968],[-59.07431,-38.68969],[-59.07435,-38.6897],[-59.07436,-38.6897],[-59.07438,-38.6897],[-59.07444,-38.68972],[-59.07446,-38.68973],[-59.07455,-38.68975],[-59.07456,-38.68976],[-59.07466,-38.68977],[-59.0747,-38.68977],[-59.07473,-38.68979],[-59.07474,-38.68979],[-59.07481,-38.68979],[-59.07485,-38.6898],[-59.07493,-38.68981],[-59.07494,-38.68981],[-59.07502,-38.68983],[-59.0751,-38.68984],[-59.07513,-38.68984],[-59.07521,-38.68985],[-59.07523,-38.68985],[-59.0753,-38.68986],[-59.07534,-38.68987],[-59.07541,-38.68987],[-59.07546,-38.68989],[-59.07549,-38.6899],[-59.0755,-38.6899],[-59.07552,-38.68991],[-59.07557,-38.68992],[-59.07561,-38.68993],[-59.07562,-38.68993],[-59.07564,-38.68993],[-59.07566,-38.68994],[-59.07567,-38.68994],[-59.07573,-38.68995],[-59.07582,-38.68996],[-59.07583,-38.68996],[-59.07586,-38.68997],[-59.0759,-38.68998],[-59.07594,-38.68998],[-59.07598,-38.68999],[-59.076,-38.68999],[-59.07604,-38.68999],[-59.07605,-38.68999],[-59.07608,-38.69],[-59.0761,-38.69],[-59.07615,-38.69001],[-59.07616,-38.69001],[-59.07624,-38.69004],[-59.07626,-38.69005],[-59.0763,-38.69007],[-59.07632,-38.69007],[-59.07637,-38.69008],[-59.0764,-38.69008],[-59.07646,-38.6901],[-59.07647,-38.6901],[-59.07652,-38.69011],[-59.07655,-38.69012],[-59.07656,-38.69012],[-59.07657,-38.69012],[-59.07662,-38.69013],[-59.07667,-38.69015],[-59.07668,-38.69015],[-59.07673,-38.69015],[-59.07675,-38.69015],[-59.07681,-38.69015],[-59.07683,-38.69015],[-59.07685,-38.69016],[-59.07686,-38.69017],[-59.07691,-38.69017],[-59.07692,-38.69017],[-59.07701,-38.69018],[-59.07704,-38.69018],[-59.07706,-38.69018],[-59.07711,-38.69019],[-59.07714,-38.69019],[-59.07716,-38.69019],[-59.07725,-38.69024],[-59.07727,-38.69025],[-59.07732,-38.69025],[-59.0774,-38.69027],[-59.07741,-38.69027],[-59.07741,-38.69028],[-59.07745,-38.69029],[-59.07747,-38.6903],[-59.07751,-38.69032],[-59.07752,-38.69032],[-59.07756,-38.69034],[-59.07758,-38.69035],[-59.07759,-38.69035],[-59.07759,-38.69036],[-59.07762,-38.69036],[-59.07764,-38.69036],[-59.07768,-38.69036],[-59.0777,-38.69036],[-59.07773,-38.69037],[-59.07776,-38.69038],[-59.07779,-38.69039],[-59.0778,-38.6904],[-59.07785,-38.69042],[-59.07786,-38.69042],[-59.07788,-38.69043],[-59.07789,-38.69044],[-59.07793,-38.69046],[-59.07795,-38.69047],[-59.07799,-38.69048],[-59.078,-38.69048],[-59.07804,-38.69049],[-59.07806,-38.6905],[-59.07807,-38.6905],[-59.07807,-38.69051],[-59.07812,-38.69051],[-59.07816,-38.69052],[-59.07817,-38.69052],[-59.07819,-38.69052],[-59.0782,-38.69053],[-59.07822,-38.69053],[-59.07823,-38.69053],[-59.07824,-38.69053],[-59.07831,-38.69056],[-59.07833,-38.69055],[-59.07837,-38.69056],[-59.07839,-38.69056],[-59.0784,-38.69056],[-59.07841,-38.69056],[-59.07842,-38.69056],[-59.07843,-38.69058],[-59.07843,-38.69058],[-59.07847,-38.69058],[-59.07848,-38.69058],[-59.07849,-38.69059],[-59.0785,-38.69059],[-59.07851,-38.6906],[-59.07857,-38.69061],[-59.07858,-38.69062],[-59.07861,-38.69062],[-59.07862,-38.69063],[-59.07864,-38.69063],[-59.07865,-38.69063],[-59.07868,-38.69063],[-59.07871,-38.69063],[-59.07874,-38.69063],[-59.07875,-38.69063],[-59.07877,-38.69064],[-59.07882,-38.69065],[-59.07883,-38.69065],[-59.07885,-38.69065],[-59.07886,-38.69065],[-59.0789,-38.69066],[-59.07892,-38.69066],[-59.07895,-38.69067],[-59.07896,-38.69067],[-59.07897,-38.69068],[-59.07901,-38.69069],[-59.07905,-38.6907],[-59.07906,-38.6907],[-59.07908,-38.69071],[-59.07909,-38.69071],[-59.07913,-38.69071],[-59.07915,-38.69071],[-59.07918,-38.69072],[-59.07924,-38.69073],[-59.07926,-38.69074],[-59.07928,-38.69075],[-59.07932,-38.69076],[-59.07933,-38.69076],[-59.07937,-38.69078],[-59.07939,-38.69078],[-59.07944,-38.69078],[-59.0795,-38.69078],[-59.07951,-38.69079],[-59.07953,-38.69079],[-59.07958,-38.6908],[-59.07959,-38.6908],[-59.07962,-38.69081],[-59.07965,-38.69081],[-59.07973,-38.69082],[-59.07974,-38.69082],[-59.07978,-38.69082],[-59.0798,-38.69082],[-59.07985,-38.69083],[-59.07986,-38.69083],[-59.07987,-38.69083],[-59.07991,-38.69085],[-59.07997,-38.69086],[-59.08,-38.69088],[-59.08004,-38.69089],[-59.08006,-38.6909],[-59.08013,-38.69092],[-59.08014,-38.69092],[-59.08018,-38.69093],[-59.08022,-38.69095],[-59.08031,-38.69097],[-59.08033,-38.69098],[-59.08037,-38.69098],[-59.08042,-38.69098],[-59.08046,-38.69099],[-59.0805,-38.69099],[-59.08052,-38.69099],[-59.08056,-38.691],[-59.08057,-38.691],[-59.08061,-38.69101],[-59.08061,-38.69101],[-59.08066,-38.69102],[-59.08067,-38.69102],[-59.08072,-38.69104],[-59.08073,-38.69105],[-59.08077,-38.69106],[-59.08078,-38.69106],[-59.0808,-38.69107],[-59.08082,-38.69107],[-59.08086,-38.69108],[-59.0809,-38.69108],[-59.08094,-38.69109],[-59.08095,-38.69109],[-59.08099,-38.69109],[-59.08103,-38.6911],[-59.08105,-38.69111],[-59.08107,-38.69111],[-59.08109,-38.69112],[-59.08114,-38.69112],[-59.08115,-38.69112],[-59.08119,-38.69114],[-59.0812,-38.69114],[-59.08121,-38.69114],[-59.08122,-38.69115],[-59.08127,-38.69116],[-59.08128,-38.69116],[-59.08132,-38.69117],[-59.08133,-38.69118],[-59.08137,-38.69119],[-59.08138,-38.69119],[-59.08141,-38.6912],[-59.08142,-38.6912],[-59.08147,-38.69121],[-59.08149,-38.69122],[-59.08153,-38.69123],[-59.08154,-38.69123],[-59.08158,-38.69123],[-59.08159,-38.69124],[-59.08163,-38.69124],[-59.08164,-38.69124],[-59.08168,-38.69125],[-59.08172,-38.69125],[-59.08175,-38.69126],[-59.08179,-38.69127],[-59.08182,-38.69128],[-59.08183,-38.69128],[-59.08185,-38.69129],[-59.08189,-38.69131],[-59.0819,-38.69131],[-59.08192,-38.69132],[-59.08193,-38.69132],[-59.08198,-38.69134],[-59.08199,-38.69134],[-59.08199,-38.69134],[-59.08201,-38.69135],[-59.0821,-38.69139],[-59.08211,-38.69139],[-59.08212,-38.69139],[-59.08213,-38.69139],[-59.08215,-38.6914],[-59.08216,-38.6914],[-59.08218,-38.69141],[-59.08222,-38.69144],[-59.08224,-38.69145],[-59.08226,-38.69146],[-59.08227,-38.69147],[-59.08228,-38.69147],[-59.08229,-38.69147],[-59.08233,-38.69149],[-59.08234,-38.69149],[-59.08237,-38.69149],[-59.08238,-38.6915],[-59.08241,-38.6915],[-59.08242,-38.69151],[-59.08244,-38.69152],[-59.08248,-38.69153],[-59.08249,-38.69153],[-59.08252,-38.69155],[-59.08255,-38.69155],[-59.08257,-38.69156],[-59.08259,-38.69157],[-59.0826,-38.69157],[-59.08265,-38.69158],[-59.08267,-38.69159],[-59.08268,-38.69159],[-59.0827,-38.6916],[-59.08272,-38.69162],[-59.08273,-38.69162],[-59.08278,-38.69162],[-59.08278,-38.69162],[-59.08281,-38.69163],[-59.08284,-38.69164],[-59.08286,-38.69165],[-59.08288,-38.69165],[-59.08291,-38.69166],[-59.08292,-38.69167],[-59.08297,-38.69169],[-59.08299,-38.6917],[-59.08304,-38.69172],[-59.08306,-38.69173],[-59.0831,-38.69174],[-59.08315,-38.69175],[-59.08316,-38.69175],[-59.08319,-38.69177],[-59.08321,-38.69177],[-59.08323,-38.69177],[-59.08326,-38.69179],[-59.08327,-38.69179],[-59.08329,-38.69181],[-59.0833,-38.69181],[-59.0833,-38.69182],[-59.08331,-38.69182],[-59.08334,-38.69185],[-59.08335,-38.69185],[-59.08338,-38.69188],[-59.08339,-38.69188],[-59.08342,-38.69189],[-59.08348,-38.69192],[-59.0835,-38.69193],[-59.08352,-38.69194],[-59.08353,-38.69194],[-59.08354,-38.69194],[-59.08357,-38.69196],[-59.08359,-38.69196],[-59.08361,-38.69196],[-59.08362,-38.69196],[-59.08366,-38.69196],[-59.08369,-38.69196],[-59.0837,-38.69196],[-59.08371,-38.69196],[-59.08374,-38.69197],[-59.08376,-38.69198],[-59.08376,-38.69198],[-59.08377,-38.69198],[-59.08379,-38.69198],[-59.0838,-38.69198],[-59.08384,-38.69199],[-59.08388,-38.69201],[-59.0839,-38.69201],[-59.08396,-38.69203],[-59.08396,-38.69203],[-59.08399,-38.69204],[-59.08403,-38.69204],[-59.08404,-38.69205],[-59.08405,-38.69205],[-59.08407,-38.69206],[-59.08408,-38.69206],[-59.0841,-38.69206],[-59.08412,-38.69207],[-59.08414,-38.69207],[-59.08415,-38.69207],[-59.08419,-38.69209],[-59.08423,-38.6921],[-59.08425,-38.6921],[-59.08428,-38.69211],[-59.08431,-38.69212],[-59.08432,-38.69212],[-59.08434,-38.69213],[-59.08436,-38.69214],[-59.0844,-38.69215],[-59.08441,-38.69215],[-59.08443,-38.69216],[-59.08444,-38.69216],[-59.08447,-38.69216],[-59.0845,-38.69217],[-59.08451,-38.69217],[-59.08453,-38.69218],[-59.08454,-38.69218],[-59.08455,-38.69218],[-59.08455,-38.69219],[-59.08456,-38.6922],[-59.08457,-38.6922],[-59.08459,-38.69221],[-59.0846,-38.69222],[-59.08462,-38.69223],[-59.08465,-38.69224],[-59.08466,-38.69224],[-59.08466,-38.69225],[-59.08468,-38.69226],[-59.08469,-38.69226],[-59.0847,-38.69227],[-59.08471,-38.69227],[-59.08473,-38.69228],[-59.08475,-38.69229],[-59.08475,-38.69229],[-59.08479,-38.69234],[-59.0848,-38.69236],[-59.08479,-38.69236],[-59.08479,-38.69236],[-59.08479,-38.69237],[-59.08479,-38.69238],[-59.08479,-38.69239],[-59.08479,-38.69241],[-59.08479,-38.69242],[-59.08479,-38.69244],[-59.0848,-38.69246],[-59.0848,-38.69247],[-59.08481,-38.69248],[-59.08482,-38.69249],[-59.08482,-38.6925],[-59.08483,-38.69251],[-59.08485,-38.69253],[-59.08488,-38.69255],[-59.08489,-38.69255],[-59.08491,-38.69256],[-59.08493,-38.69256],[-59.08495,-38.69256],[-59.08495,-38.69256],[-59.08496,-38.69256],[-59.08499,-38.69256],[-59.085,-38.69256],[-59.08502,-38.69256],[-59.08503,-38.69256],[-59.08506,-38.69256],[-59.08507,-38.69255],[-59.08511,-38.69255],[-59.08513,-38.69255],[-59.08514,-38.69255],[-59.08515,-38.69255],[-59.08516,-38.69255],[-59.08519,-38.69255],[-59.08522,-38.69253],[-59.08529,-38.69252],[-59.0853,-38.69252],[-59.08534,-38.69252],[-59.08534,-38.69252],[-59.08538,-38.69252],[-59.08541,-38.69252],[-59.08542,-38.69252],[-59.08544,-38.69252],[-59.08545,-38.69252],[-59.08549,-38.69252],[-59.08556,-38.69253],[-59.08558,-38.69254],[-59.08561,-38.69255],[-59.08562,-38.69255],[-59.08567,-38.69256],[-59.08569,-38.69256],[-59.08574,-38.69257],[-59.08576,-38.69257],[-59.08582,-38.69258],[-59.08586,-38.69258],[-59.08587,-38.69258],[-59.08589,-38.69259],[-59.08591,-38.6926],[-59.08591,-38.69261],[-59.08593,-38.69261],[-59.08593,-38.69262],[-59.08596,-38.69264],[-59.08598,-38.69264],[-59.08599,-38.69265],[-59.08603,-38.69265],[-59.08605,-38.69267],[-59.08607,-38.69267],[-59.08609,-38.69268],[-59.08614,-38.69269],[-59.08621,-38.69271],[-59.08623,-38.69272],[-59.08627,-38.69273],[-59.08628,-38.69273],[-59.08633,-38.69275],[-59.08634,-38.69275],[-59.08637,-38.69276],[-59.08639,-38.69276],[-59.08643,-38.69279],[-59.08646,-38.6928],[-59.0865,-38.69282],[-59.0865,-38.69282],[-59.08651,-38.69283],[-59.08655,-38.69285],[-59.08656,-38.69286],[-59.08657,-38.69287],[-59.0866,-38.69288],[-59.08665,-38.6929],[-59.08667,-38.69291],[-59.0867,-38.69292],[-59.08671,-38.69292],[-59.08675,-38.69294],[-59.08677,-38.69295],[-59.08679,-38.69295],[-59.08681,-38.69295],[-59.08682,-38.69295],[-59.08683,-38.69295],[-59.08684,-38.69296],[-59.08687,-38.69297],[-59.08689,-38.69297],[-59.0869,-38.69297],[-59.08698,-38.69301],[-59.08699,-38.69302],[-59.087,-38.69303],[-59.08701,-38.69304],[-59.08702,-38.69305],[-59.08703,-38.69306],[-59.08706,-38.69307],[-59.08707,-38.69308],[-59.08709,-38.69309],[-59.0871,-38.69309],[-59.08712,-38.69311],[-59.08713,-38.69312],[-59.08714,-38.69313],[-59.08715,-38.69313],[-59.08716,-38.69314],[-59.08719,-38.69315],[-59.0872,-38.69315],[-59.08723,-38.69315],[-59.08724,-38.69315],[-59.08728,-38.69316],[-59.0873,-38.69316],[-59.08731,-38.69316],[-59.08732,-38.69317],[-59.08732,-38.69317],[-59.08733,-38.69317],[-59.08736,-38.69317],[-59.08737,-38.69317],[-59.0874,-38.69317],[-59.08741,-38.69317],[-59.08742,-38.69317],[-59.08743,-38.69317],[-59.08749,-38.69319],[-59.0875,-38.69319],[-59.08751,-38.69319],[-59.08753,-38.6932],[-59.08755,-38.6932],[-59.08756,-38.6932],[-59.0876,-38.69322],[-59.08761,-38.69322],[-59.08763,-38.69323],[-59.08764,-38.69323],[-59.08773,-38.69322],[-59.08774,-38.69322],[-59.08778,-38.69323],[-59.0878,-38.69323],[-59.08781,-38.69323],[-59.08783,-38.69323],[-59.08786,-38.69324],[-59.0879,-38.69325],[-59.08792,-38.69326],[-59.08794,-38.69326],[-59.08797,-38.69327],[-59.088,-38.69329],[-59.08802,-38.69329],[-59.08803,-38.69329],[-59.08806,-38.69331],[-59.08808,-38.69331],[-59.08809,-38.69332],[-59.0881,-38.69332],[-59.08813,-38.69333],[-59.08814,-38.69334],[-59.08817,-38.69334],[-59.0882,-38.69335],[-59.08821,-38.69335],[-59.08823,-38.69335],[-59.08825,-38.69336],[-59.08826,-38.69336],[-59.08827,-38.69337],[-59.0883,-38.69337],[-59.08835,-38.69339],[-59.08836,-38.69339],[-59.08838,-38.69339],[-59.08842,-38.69341],[-59.08847,-38.69342],[-59.08849,-38.69343],[-59.08851,-38.69344],[-59.08854,-38.69345],[-59.08858,-38.69346],[-59.08861,-38.69346],[-59.08864,-38.69348],[-59.08867,-38.69349],[-59.08868,-38.6935],[-59.0887,-38.69352],[-59.08874,-38.69354],[-59.08878,-38.69354],[-59.08878,-38.69355],[-59.08881,-38.69355],[-59.08883,-38.69356],[-59.08885,-38.69357],[-59.08886,-38.69357],[-59.0889,-38.69358],[-59.08891,-38.69358],[-59.08895,-38.6936],[-59.08901,-38.69361],[-59.08901,-38.69362],[-59.08905,-38.69362],[-59.08906,-38.69362],[-59.08909,-38.69363],[-59.08911,-38.69363],[-59.08912,-38.69363],[-59.08915,-38.69364],[-59.08917,-38.69364],[-59.08919,-38.69364],[-59.0892,-38.69364],[-59.08926,-38.69364],[-59.08929,-38.69365],[-59.08934,-38.69366],[-59.08936,-38.69366],[-59.0894,-38.69366],[-59.08942,-38.69367],[-59.08946,-38.69367],[-59.08946,-38.69368],[-59.08949,-38.69369],[-59.08949,-38.69369],[-59.08951,-38.6937],[-59.08957,-38.6937],[-59.08957,-38.6937],[-59.08957,-38.6937],[-59.0896,-38.69372],[-59.08962,-38.69372],[-59.08965,-38.69373],[-59.08966,-38.69374],[-59.0897,-38.69374],[-59.08973,-38.69374],[-59.08977,-38.69374],[-59.08981,-38.69375],[-59.08982,-38.69375],[-59.08988,-38.69375],[-59.08991,-38.69375],[-59.08997,-38.69375],[-59.09005,-38.69376],[-59.09008,-38.69376],[-59.09012,-38.69377],[-59.0902,-38.69379],[-59.09022,-38.69379],[-59.09027,-38.69381],[-59.09028,-38.69381],[-59.09035,-38.69383],[-59.09037,-38.69383],[-59.09039,-38.69384],[-59.0904,-38.69385],[-59.09044,-38.69386],[-59.09045,-38.69386],[-59.09046,-38.69387],[-59.09048,-38.69388],[-59.09049,-38.69389],[-59.09054,-38.69391],[-59.09055,-38.69392],[-59.0906,-38.69394],[-59.09067,-38.69397],[-59.09067,-38.69397],[-59.09069,-38.69398],[-59.09072,-38.694],[-59.09075,-38.69401],[-59.09078,-38.69402],[-59.09078,-38.69403],[-59.09079,-38.69403],[-59.09082,-38.69404],[-59.09086,-38.69405],[-59.09089,-38.69406],[-59.09091,-38.69406],[-59.09092,-38.69407],[-59.09094,-38.69407],[-59.09095,-38.69407],[-59.09101,-38.69408],[-59.09101,-38.69408],[-59.09102,-38.69408],[-59.09109,-38.69409],[-59.09111,-38.6941],[-59.09114,-38.6941],[-59.0912,-38.69411],[-59.09121,-38.69412],[-59.09121,-38.69413],[-59.09122,-38.69413],[-59.09124,-38.69413],[-59.09127,-38.69414],[-59.09129,-38.69414],[-59.0913,-38.69414],[-59.09134,-38.69415],[-59.09141,-38.69417],[-59.09143,-38.69417],[-59.09143,-38.69417],[-59.09145,-38.69417],[-59.09148,-38.69418],[-59.0915,-38.69419],[-59.0915,-38.69419],[-59.09151,-38.69419],[-59.09153,-38.69419],[-59.09154,-38.6942],[-59.09154,-38.6942],[-59.09159,-38.69422],[-59.09164,-38.69424],[-59.09166,-38.69425],[-59.09169,-38.69426],[-59.09177,-38.69427],[-59.09178,-38.69427],[-59.09179,-38.69428],[-59.09186,-38.6943],[-59.09192,-38.69432],[-59.09193,-38.69433],[-59.09204,-38.69435],[-59.09213,-38.69437],[-59.09216,-38.69437],[-59.09219,-38.69438],[-59.0922,-38.69439],[-59.09222,-38.69439],[-59.09227,-38.6944],[-59.09227,-38.69441],[-59.09233,-38.69443],[-59.09235,-38.69444],[-59.09239,-38.69445],[-59.0924,-38.69445],[-59.0924,-38.69446],[-59.09245,-38.69448],[-59.09248,-38.69448],[-59.09253,-38.69449],[-59.09255,-38.69449],[-59.09258,-38.6945],[-59.0926,-38.69451],[-59.09261,-38.69451],[-59.09265,-38.69453],[-59.09265,-38.69453],[-59.09267,-38.69454],[-59.09268,-38.69455],[-59.09271,-38.69457],[-59.09272,-38.69457],[-59.09274,-38.69458],[-59.09275,-38.69458],[-59.09277,-38.69458],[-59.09279,-38.69459],[-59.09282,-38.6946],[-59.09283,-38.6946],[-59.09285,-38.69461],[-59.09287,-38.69462],[-59.0929,-38.69462],[-59.09294,-38.69463],[-59.09295,-38.69463],[-59.09298,-38.69464],[-59.09299,-38.69465],[-59.09304,-38.69466],[-59.09306,-38.69467],[-59.09309,-38.69468],[-59.0931,-38.69468],[-59.09315,-38.69469],[-59.09316,-38.69469],[-59.09321,-38.6947],[-59.09324,-38.6947],[-59.09329,-38.69471],[-59.09334,-38.69472],[-59.09336,-38.69473],[-59.0934,-38.69473],[-59.0934,-38.69474],[-59.09343,-38.69474],[-59.09344,-38.69475],[-59.09348,-38.69477],[-59.09351,-38.69478],[-59.09355,-38.69478],[-59.09356,-38.69479],[-59.09362,-38.69482],[-59.09363,-38.69482],[-59.09365,-38.69483],[-59.0937,-38.69485],[-59.09371,-38.69485],[-59.09375,-38.69485],[-59.09376,-38.69486],[-59.09377,-38.69486],[-59.09381,-38.69488],[-59.09382,-38.69488],[-59.0939,-38.69489],[-59.09393,-38.69489],[-59.09395,-38.69489],[-59.09403,-38.6949],[-59.09406,-38.69491],[-59.09416,-38.69492],[-59.09418,-38.69493],[-59.0942,-38.69493],[-59.09425,-38.69496],[-59.09428,-38.69498],[-59.09435,-38.695],[-59.09436,-38.695],[-59.09442,-38.69501],[-59.09446,-38.69502],[-59.09453,-38.69503],[-59.09455,-38.69503],[-59.09456,-38.69503],[-59.09462,-38.69504],[-59.09464,-38.69504],[-59.09468,-38.69504],[-59.09475,-38.69505],[-59.09477,-38.69505],[-59.0948,-38.69505],[-59.09481,-38.69505],[-59.09482,-38.69506],[-59.09486,-38.69507],[-59.09488,-38.69507],[-59.09493,-38.69509],[-59.09494,-38.69509],[-59.09497,-38.69509],[-59.095,-38.69509],[-59.09506,-38.69511],[-59.09516,-38.69512],[-59.09519,-38.69512],[-59.09525,-38.69513],[-59.09526,-38.69513],[-59.09537,-38.69515],[-59.09538,-38.69515],[-59.09539,-38.69515],[-59.09545,-38.69517],[-59.09553,-38.69519],[-59.09554,-38.6952],[-59.09559,-38.69522],[-59.09561,-38.69523],[-59.09563,-38.69524],[-59.09563,-38.69525],[-59.09564,-38.69525],[-59.09569,-38.69527],[-59.09571,-38.69528],[-59.09575,-38.6953],[-59.09576,-38.6953],[-59.09577,-38.6953],[-59.09584,-38.69533],[-59.09586,-38.69533],[-59.09588,-38.69534],[-59.0959,-38.69535],[-59.09592,-38.69537],[-59.09593,-38.69538],[-59.09596,-38.6954],[-59.096,-38.69544],[-59.09601,-38.69545],[-59.09605,-38.69547],[-59.0961,-38.69547],[-59.09612,-38.69548],[-59.09613,-38.69549],[-59.09616,-38.6955],[-59.09618,-38.6955],[-59.09621,-38.69552],[-59.09626,-38.69553],[-59.09627,-38.69554],[-59.09629,-38.69556],[-59.09632,-38.69557],[-59.09633,-38.69559],[-59.09636,-38.6956],[-59.09637,-38.6956],[-59.0964,-38.69562],[-59.09641,-38.69563],[-59.09643,-38.69563],[-59.09644,-38.69563],[-59.09647,-38.69563],[-59.09649,-38.69563],[-59.09651,-38.69563],[-59.09652,-38.69563],[-59.09653,-38.69562],[-59.09654,-38.69562],[-59.09657,-38.69562],[-59.09665,-38.69569],[-59.09667,-38.69569],[-59.09669,-38.69569],[-59.09673,-38.69569],[-59.09679,-38.69569],[-59.09682,-38.69569],[-59.09684,-38.69569],[-59.09688,-38.6957],[-59.09689,-38.6957],[-59.0969,-38.69571],[-59.09692,-38.69571],[-59.09693,-38.69571],[-59.09698,-38.69574],[-59.09699,-38.69575],[-59.09703,-38.69577],[-59.09708,-38.69579],[-59.09711,-38.6958],[-59.09714,-38.69581],[-59.09716,-38.69582],[-59.09719,-38.69583],[-59.09724,-38.69584],[-59.09725,-38.69584],[-59.09732,-38.69586],[-59.09736,-38.69587],[-59.09737,-38.69588],[-59.09738,-38.69589],[-59.0974,-38.69589],[-59.09747,-38.69591],[-59.09748,-38.69591],[-59.09752,-38.69591],[-59.09754,-38.69591],[-59.09763,-38.69592],[-59.09763,-38.69593],[-59.09765,-38.69594],[-59.09773,-38.69596],[-59.09774,-38.69597],[-59.09776,-38.69597],[-59.0978,-38.69599],[-59.09781,-38.69599],[-59.09789,-38.69602],[-59.09792,-38.69602],[-59.09799,-38.69604],[-59.0981,-38.69608],[-59.09811,-38.69608],[-59.09814,-38.6961],[-59.09815,-38.6961],[-59.09817,-38.69611],[-59.09821,-38.69613],[-59.09821,-38.69614],[-59.09829,-38.69617],[-59.0983,-38.69618],[-59.09832,-38.69618],[-59.09837,-38.6962],[-59.09837,-38.6962],[-59.09837,-38.69621],[-59.09838,-38.69621],[-59.09838,-38.69622],[-59.09839,-38.69622],[-59.0984,-38.69623],[-59.09841,-38.69625],[-59.09842,-38.69627],[-59.09843,-38.69628],[-59.09844,-38.69629],[-59.09845,-38.69631],[-59.09847,-38.69631],[-59.09847,-38.69632],[-59.09848,-38.69633],[-59.09851,-38.69637],[-59.09852,-38.69638],[-59.09853,-38.69639],[-59.09856,-38.69644],[-59.09857,-38.69646],[-59.09857,-38.69646],[-59.09857,-38.69647],[-59.09857,-38.69649],[-59.09857,-38.6965],[-59.09857,-38.6965],[-59.09857,-38.69652],[-59.09857,-38.69653],[-59.09858,-38.69654],[-59.09858,-38.69655],[-59.09858,-38.69657],[-59.09858,-38.69662],[-59.09858,-38.69663],[-59.09859,-38.69664],[-59.0986,-38.69665],[-59.0986,-38.69665],[-59.0986,-38.69666],[-59.09862,-38.69668],[-59.09863,-38.6967],[-59.09864,-38.69672],[-59.09864,-38.69673],[-59.09865,-38.69674],[-59.09866,-38.69674],[-59.09867,-38.69674],[-59.09871,-38.69674],[-59.09872,-38.69674],[-59.09873,-38.69673],[-59.09875,-38.69673],[-59.09877,-38.69673],[-59.09878,-38.69672],[-59.0988,-38.69672],[-59.09881,-38.69671],[-59.09883,-38.69671],[-59.09886,-38.69671],[-59.09887,-38.69671],[-59.09889,-38.69671],[-59.09891,-38.69671],[-59.09892,-38.69671],[-59.09896,-38.69673],[-59.09898,-38.69673],[-59.09901,-38.69673],[-59.09905,-38.69675],[-59.09907,-38.69676],[-59.09909,-38.69678],[-59.0991,-38.69679],[-59.09912,-38.69682],[-59.09913,-38.69685],[-59.09913,-38.69685],[-59.09914,-38.69686],[-59.09915,-38.69689],[-59.09915,-38.69693],[-59.09915,-38.69694],[-59.09915,-38.69696],[-59.09915,-38.69697],[-59.09915,-38.69698],[-59.09915,-38.69699],[-59.09915,-38.697],[-59.09915,-38.69701],[-59.09916,-38.69703],[-59.09917,-38.69703],[-59.09917,-38.69702],[-59.09919,-38.69701],[-59.09922,-38.69697],[-59.09922,-38.69696],[-59.09923,-38.69695],[-59.09924,-38.69695],[-59.09925,-38.69694],[-59.09927,-38.69694],[-59.09928,-38.69693],[-59.09931,-38.69693],[-59.09934,-38.69693],[-59.09934,-38.69693],[-59.09935,-38.69692],[-59.09936,-38.69692],[-59.09936,-38.69692],[-59.09939,-38.69692],[-59.09942,-38.69693],[-59.09945,-38.69694],[-59.09945,-38.69695],[-59.09946,-38.69696],[-59.09946,-38.69697],[-59.09947,-38.69697],[-59.09947,-38.69698],[-59.09948,-38.69699],[-59.09949,-38.69699],[-59.09951,-38.69699],[-59.09952,-38.69699],[-59.09956,-38.69699],[-59.09956,-38.697],[-59.09958,-38.697],[-59.0996,-38.697],[-59.09962,-38.69701],[-59.09969,-38.69703],[-59.0997,-38.69703],[-59.09971,-38.69704],[-59.09972,-38.69704],[-59.09975,-38.69705],[-59.09976,-38.69706],[-59.09977,-38.69706],[-59.0998,-38.69707],[-59.09982,-38.69709],[-59.09983,-38.6971],[-59.09984,-38.6971],[-59.09986,-38.6971],[-59.09987,-38.69711],[-59.09989,-38.69712],[-59.0999,-38.69713],[-59.09992,-38.69713],[-59.09996,-38.69713],[-59.09997,-38.69713],[-59.09998,-38.69713],[-59.1,-38.69713],[-59.10001,-38.69712],[-59.10003,-38.69712],[-59.10004,-38.69711],[-59.10006,-38.6971],[-59.10007,-38.6971],[-59.10008,-38.6971],[-59.1001,-38.6971],[-59.1001,-38.69709],[-59.10011,-38.69709],[-59.10014,-38.69709],[-59.10016,-38.69709],[-59.10017,-38.69709],[-59.10019,-38.69708],[-59.1003,-38.69709],[-59.10032,-38.69709],[-59.10034,-38.69709],[-59.10041,-38.6971],[-59.10042,-38.6971],[-59.10044,-38.6971],[-59.10048,-38.69711],[-59.10052,-38.69712],[-59.10053,-38.69712],[-59.10054,-38.69713],[-59.10055,-38.69713],[-59.10057,-38.69714],[-59.1006,-38.69715],[-59.10061,-38.69715],[-59.10064,-38.69715],[-59.1007,-38.69717],[-59.10071,-38.69717],[-59.10073,-38.69718],[-59.10074,-38.69718],[-59.10074,-38.69719],[-59.10077,-38.69719],[-59.1008,-38.69719],[-59.10083,-38.69719],[-59.10089,-38.6972],[-59.10091,-38.69721],[-59.10094,-38.69721],[-59.10094,-38.69721],[-59.10096,-38.69722],[-59.10099,-38.69724],[-59.10102,-38.69725],[-59.10104,-38.69727],[-59.10106,-38.69727],[-59.10107,-38.69727],[-59.10111,-38.69727],[-59.10112,-38.69727],[-59.10113,-38.69727],[-59.10116,-38.69728],[-59.10119,-38.69729],[-59.1012,-38.69729],[-59.10125,-38.69729],[-59.10129,-38.69731],[-59.1013,-38.69731],[-59.10132,-38.69732],[-59.10133,-38.69732],[-59.10134,-38.69733],[-59.10137,-38.69733],[-59.10138,-38.69734],[-59.1014,-38.69735],[-59.10141,-38.69735],[-59.10143,-38.69736],[-59.10146,-38.69737],[-59.1015,-38.69739],[-59.10152,-38.6974],[-59.10153,-38.6974],[-59.10153,-38.69741],[-59.10154,-38.69741],[-59.10155,-38.69742],[-59.10156,-38.69742],[-59.10158,-38.69742],[-59.10159,-38.69742],[-59.1016,-38.69743],[-59.10161,-38.69744],[-59.10165,-38.69745],[-59.10167,-38.69746],[-59.10168,-38.69747],[-59.10169,-38.69747],[-59.1017,-38.69749],[-59.1017,-38.69749],[-59.10171,-38.69749],[-59.10172,-38.6975],[-59.10172,-38.69751],[-59.10173,-38.69754],[-59.10174,-38.69755],[-59.10175,-38.69756],[-59.10176,-38.69758],[-59.10176,-38.69759],[-59.10176,-38.6976],[-59.10177,-38.6976],[-59.10179,-38.69763],[-59.1018,-38.69763],[-59.10182,-38.69765],[-59.10183,-38.69766],[-59.10185,-38.69767],[-59.10186,-38.69768],[-59.10188,-38.69769],[-59.10189,-38.69769],[-59.1019,-38.69771],[-59.1019,-38.69772],[-59.1019,-38.69773],[-59.1019,-38.69774],[-59.10191,-38.69776],[-59.10191,-38.69777],[-59.10192,-38.69778],[-59.10192,-38.6978],[-59.10192,-38.69781],[-59.10192,-38.69782],[-59.10192,-38.69783],[-59.10192,-38.69784],[-59.10193,-38.69784],[-59.10193,-38.69785],[-59.10193,-38.69786],[-59.10193,-38.69787],[-59.10194,-38.69788],[-59.10195,-38.69789],[-59.10196,-38.69789],[-59.10197,-38.6979],[-59.10198,-38.69791],[-59.10199,-38.69791],[-59.102,-38.69791],[-59.10201,-38.69791],[-59.10204,-38.69791],[-59.10205,-38.69791],[-59.10206,-38.69791],[-59.10207,-38.69791],[-59.10209,-38.69791],[-59.10213,-38.69792],[-59.10214,-38.69793],[-59.10219,-38.69795],[-59.1022,-38.69796],[-59.10221,-38.69796],[-59.10222,-38.69797],[-59.10223,-38.69799],[-59.10224,-38.69799],[-59.10227,-38.69799],[-59.10231,-38.69801],[-59.10232,-38.69802],[-59.10234,-38.69802],[-59.10235,-38.69802],[-59.10237,-38.69803],[-59.10238,-38.69803],[-59.10238,-38.69803],[-59.1024,-38.69804],[-59.10243,-38.69805],[-59.10248,-38.69807],[-59.1025,-38.69808],[-59.10251,-38.69808],[-59.10251,-38.69809],[-59.10252,-38.69809],[-59.10253,-38.6981],[-59.10256,-38.69812],[-59.10257,-38.69813],[-59.10258,-38.69814],[-59.10268,-38.69823],[-59.10268,-38.69824],[-59.10269,-38.69824],[-59.10269,-38.69826],[-59.1027,-38.69828],[-59.10271,-38.69828],[-59.10271,-38.6983],[-59.10271,-38.69833],[-59.10271,-38.69834],[-59.10273,-38.69835],[-59.10274,-38.69837],[-59.10275,-38.69838],[-59.10277,-38.6984],[-59.10278,-38.6984],[-59.10279,-38.69841],[-59.10282,-38.69842],[-59.10283,-38.69843],[-59.10285,-38.69843],[-59.10286,-38.69843],[-59.10288,-38.69843],[-59.10289,-38.69843],[-59.10291,-38.69843],[-59.10291,-38.69843],[-59.10291,-38.69843],[-59.10294,-38.69843],[-59.10295,-38.69843],[-59.10298,-38.69844],[-59.103,-38.69846],[-59.10302,-38.69847],[-59.10304,-38.69847],[-59.10305,-38.69847],[-59.10307,-38.69847],[-59.10308,-38.69847],[-59.10308,-38.69846],[-59.10308,-38.69845],[-59.10309,-38.69844],[-59.1031,-38.69844],[-59.10311,-38.69842],[-59.10316,-38.69841],[-59.10319,-38.69841],[-59.1032,-38.69841],[-59.10321,-38.69841],[-59.10322,-38.69841],[-59.10323,-38.69841],[-59.10327,-38.69841],[-59.1033,-38.69841],[-59.10331,-38.69841],[-59.10331,-38.6984],[-59.10331,-38.69839],[-59.10336,-38.69838],[-59.10337,-38.69838],[-59.10338,-38.69838],[-59.1034,-38.69838],[-59.10341,-38.69838],[-59.10343,-38.6984],[-59.10345,-38.69841],[-59.10346,-38.69841],[-59.10347,-38.69842],[-59.10347,-38.69843],[-59.10348,-38.69843],[-59.10352,-38.69845],[-59.10354,-38.69846],[-59.10355,-38.69846],[-59.10357,-38.69847],[-59.10358,-38.69849],[-59.10361,-38.69852],[-59.10362,-38.69852],[-59.10364,-38.69853],[-59.10365,-38.69854],[-59.10365,-38.69855],[-59.10368,-38.69856],[-59.1037,-38.69858],[-59.10371,-38.69859],[-59.10372,-38.6986],[-59.10373,-38.69861],[-59.10374,-38.69861],[-59.10374,-38.69862],[-59.10374,-38.69863],[-59.10376,-38.69865],[-59.10377,-38.69866],[-59.10379,-38.69868],[-59.1038,-38.69868],[-59.1038,-38.69869],[-59.10381,-38.6987],[-59.10383,-38.69872],[-59.10384,-38.69873],[-59.10385,-38.69874],[-59.10386,-38.69874],[-59.10387,-38.69875],[-59.10387,-38.69876],[-59.10388,-38.69876],[-59.1039,-38.69878],[-59.10391,-38.69878],[-59.10392,-38.69878],[-59.10393,-38.69879],[-59.10395,-38.69879],[-59.10396,-38.69879],[-59.10398,-38.69879],[-59.10399,-38.69879],[-59.104,-38.69879],[-59.10401,-38.69879],[-59.10402,-38.69879],[-59.10402,-38.69879],[-59.10403,-38.69878],[-59.1041,-38.69872],[-59.10411,-38.69872],[-59.10414,-38.69872],[-59.10418,-38.69871],[-59.10422,-38.69871],[-59.10423,-38.69871],[-59.10426,-38.69871],[-59.10428,-38.69871],[-59.10429,-38.69871],[-59.10431,-38.69871],[-59.10433,-38.69871],[-59.10434,-38.69871],[-59.10437,-38.69871],[-59.1044,-38.69871],[-59.10444,-38.69871],[-59.10445,-38.69871],[-59.10447,-38.69871],[-59.10448,-38.6987],[-59.10449,-38.69868],[-59.10454,-38.69867],[-59.10459,-38.69865],[-59.10462,-38.69865],[-59.10463,-38.69865],[-59.10463,-38.69864],[-59.10466,-38.69864],[-59.10467,-38.69864],[-59.10468,-38.69864],[-59.1047,-38.69864],[-59.10472,-38.69864],[-59.10475,-38.69864],[-59.10476,-38.69864],[-59.10477,-38.69864],[-59.10478,-38.69864],[-59.10482,-38.69865],[-59.10484,-38.69865],[-59.10487,-38.69866],[-59.10488,-38.69866],[-59.10491,-38.69867],[-59.10493,-38.69867],[-59.10494,-38.69867],[-59.10496,-38.69868],[-59.105,-38.69868],[-59.105,-38.69868],[-59.10503,-38.69868],[-59.10505,-38.69868],[-59.10506,-38.69868],[-59.10508,-38.69868],[-59.10513,-38.6987],[-59.10516,-38.69871],[-59.10516,-38.69872],[-59.10521,-38.69874],[-59.10522,-38.69874],[-59.10523,-38.69874],[-59.10527,-38.69875],[-59.10528,-38.69875],[-59.10529,-38.69876],[-59.10532,-38.69878],[-59.10533,-38.69878],[-59.10535,-38.69879],[-59.10537,-38.69879],[-59.10539,-38.69879],[-59.1054,-38.69879],[-59.10543,-38.69879],[-59.10546,-38.69879],[-59.10547,-38.69879],[-59.10548,-38.69879],[-59.10549,-38.6988],[-59.1055,-38.6988],[-59.10551,-38.6988],[-59.10552,-38.6988],[-59.10554,-38.6988],[-59.10557,-38.69881],[-59.10558,-38.69881],[-59.10559,-38.69881],[-59.10563,-38.69882],[-59.10566,-38.69883],[-59.10569,-38.69884],[-59.1057,-38.69884],[-59.10573,-38.69885],[-59.10577,-38.69887],[-59.1058,-38.69887],[-59.10581,-38.69887],[-59.10582,-38.69887],[-59.10584,-38.69888],[-59.10586,-38.69888],[-59.10588,-38.69889],[-59.10589,-38.69889],[-59.1059,-38.69889],[-59.10592,-38.6989],[-59.10596,-38.6989],[-59.10597,-38.6989],[-59.10599,-38.69892],[-59.10601,-38.69892],[-59.10602,-38.69892],[-59.10613,-38.69893],[-59.10614,-38.69893],[-59.10616,-38.69893],[-59.10618,-38.69894],[-59.1062,-38.69894],[-59.10623,-38.69895],[-59.10625,-38.69896],[-59.10626,-38.69897],[-59.10628,-38.69899],[-59.10628,-38.699],[-59.10629,-38.699],[-59.1063,-38.69901],[-59.10632,-38.69902],[-59.10633,-38.69903],[-59.10636,-38.69905],[-59.10639,-38.69907],[-59.10641,-38.69907],[-59.10644,-38.69908],[-59.10645,-38.69908],[-59.10647,-38.69909],[-59.10651,-38.69911],[-59.10653,-38.69912],[-59.10657,-38.69913],[-59.1066,-38.69913],[-59.10662,-38.69914],[-59.10663,-38.69914],[-59.10665,-38.69914],[-59.10667,-38.69914],[-59.10668,-38.69914],[-59.10672,-38.69913],[-59.10673,-38.69913],[-59.10674,-38.69913],[-59.10675,-38.69913],[-59.10676,-38.69913],[-59.10679,-38.69914],[-59.1068,-38.69914],[-59.10681,-38.69915],[-59.10682,-38.69915],[-59.10682,-38.69916],[-59.10683,-38.69916],[-59.10685,-38.69918],[-59.10686,-38.69919],[-59.10688,-38.6992],[-59.10688,-38.69921],[-59.1069,-38.69922],[-59.10691,-38.69922],[-59.10692,-38.69924],[-59.10695,-38.69927],[-59.10695,-38.69927],[-59.10696,-38.69929],[-59.10697,-38.69929],[-59.10698,-38.6993],[-59.107,-38.69931],[-59.10702,-38.69932],[-59.10703,-38.69932],[-59.10704,-38.69932],[-59.10705,-38.69931],[-59.10711,-38.69932],[-59.10712,-38.69933],[-59.10713,-38.69933],[-59.10718,-38.69934],[-59.10718,-38.69935],[-59.10722,-38.69935],[-59.10723,-38.69935],[-59.10726,-38.69935],[-59.10727,-38.69935],[-59.10729,-38.69935],[-59.1073,-38.69935],[-59.10732,-38.69936],[-59.10733,-38.69936],[-59.10736,-38.69938],[-59.10737,-38.69938],[-59.1074,-38.69939],[-59.10742,-38.69941],[-59.10744,-38.69942],[-59.10745,-38.69943],[-59.10745,-38.69944],[-59.10746,-38.69944],[-59.10749,-38.69945],[-59.10751,-38.69945],[-59.10752,-38.69946],[-59.10756,-38.69946],[-59.10757,-38.69946],[-59.1076,-38.69946],[-59.10761,-38.69946],[-59.10762,-38.69946],[-59.10763,-38.69946],[-59.10765,-38.69946],[-59.10767,-38.69946],[-59.1077,-38.69946],[-59.10771,-38.69946],[-59.10775,-38.69946],[-59.10778,-38.69946],[-59.10779,-38.69946],[-59.10782,-38.69947],[-59.10783,-38.69947],[-59.10784,-38.69947],[-59.10785,-38.69947],[-59.10786,-38.69947],[-59.10788,-38.69947],[-59.10791,-38.69947],[-59.10793,-38.69947],[-59.10794,-38.69947],[-59.10797,-38.69948],[-59.10798,-38.69948],[-59.10799,-38.69948],[-59.10801,-38.69949],[-59.10802,-38.69949],[-59.10804,-38.69949],[-59.10805,-38.69949],[-59.10808,-38.69949],[-59.10809,-38.69949],[-59.1081,-38.6995],[-59.10813,-38.6995],[-59.10814,-38.6995],[-59.10816,-38.6995],[-59.10817,-38.6995],[-59.1082,-38.6995],[-59.10822,-38.6995],[-59.10823,-38.6995],[-59.10824,-38.6995],[-59.10824,-38.69951],[-59.10824,-38.69951],[-59.10825,-38.69951],[-59.10826,-38.69951],[-59.10829,-38.69952],[-59.1083,-38.69952],[-59.10832,-38.69953],[-59.10833,-38.69953],[-59.10835,-38.69953],[-59.10837,-38.69953],[-59.1084,-38.69953],[-59.10842,-38.69953],[-59.10843,-38.69954],[-59.10844,-38.69954],[-59.10844,-38.69954],[-59.10847,-38.69955],[-59.1085,-38.69956],[-59.10852,-38.69956],[-59.10853,-38.69957],[-59.10854,-38.69957],[-59.10855,-38.69958],[-59.10857,-38.69958],[-59.10859,-38.69958],[-59.10862,-38.69959],[-59.10863,-38.6996],[-59.10865,-38.69961],[-59.10868,-38.69961],[-59.10871,-38.69962],[-59.10873,-38.69963],[-59.10875,-38.69963],[-59.10876,-38.69963],[-59.10881,-38.69964],[-59.10884,-38.69965],[-59.10886,-38.69966],[-59.10887,-38.69966],[-59.10889,-38.69966],[-59.10892,-38.69967],[-59.10893,-38.69967],[-59.10897,-38.69969],[-59.10903,-38.69969],[-59.10906,-38.6997],[-59.10907,-38.6997],[-59.10909,-38.6997],[-59.1091,-38.6997],[-59.10913,-38.6997],[-59.10917,-38.6997],[-59.10923,-38.69972],[-59.10926,-38.69973],[-59.10927,-38.69973],[-59.10928,-38.69973],[-59.1093,-38.69973],[-59.10931,-38.69974],[-59.10936,-38.69975],[-59.10938,-38.69976],[-59.10939,-38.69976],[-59.1094,-38.69978],[-59.10941,-38.69979],[-59.10942,-38.69979],[-59.10943,-38.6998],[-59.10944,-38.69981],[-59.10945,-38.69982],[-59.10946,-38.69982],[-59.10947,-38.69982],[-59.1095,-38.69983],[-59.10953,-38.69985],[-59.10954,-38.69986],[-59.10955,-38.69986],[-59.10956,-38.69986],[-59.10958,-38.69986],[-59.10959,-38.69986],[-59.1096,-38.69987],[-59.10966,-38.6999],[-59.10966,-38.69991],[-59.10967,-38.69992],[-59.1097,-38.69993],[-59.10973,-38.69994],[-59.10975,-38.69995],[-59.10978,-38.69996],[-59.10979,-38.69996],[-59.10982,-38.69998],[-59.10982,-38.69998],[-59.10984,-38.69999],[-59.10986,-38.7],[-59.10989,-38.70001],[-59.10991,-38.70001],[-59.10993,-38.70002],[-59.10996,-38.70002],[-59.10997,-38.70003],[-59.10999,-38.70003],[-59.11002,-38.70004],[-59.11002,-38.70004],[-59.11004,-38.70004],[-59.11004,-38.70005],[-59.11005,-38.70005],[-59.11006,-38.70005],[-59.11008,-38.70005],[-59.1101,-38.70006],[-59.11012,-38.70006],[-59.11015,-38.70006],[-59.11017,-38.70007],[-59.11019,-38.70008],[-59.11022,-38.70009],[-59.11023,-38.70009],[-59.11025,-38.7001],[-59.11028,-38.7001],[-59.1103,-38.7001],[-59.11031,-38.70011],[-59.11035,-38.70011],[-59.11037,-38.70011],[-59.1104,-38.70011],[-59.11041,-38.70011],[-59.11042,-38.70011],[-59.11046,-38.70012],[-59.11049,-38.70013],[-59.11051,-38.70013],[-59.11053,-38.70014],[-59.11055,-38.70015],[-59.11056,-38.70015],[-59.11059,-38.70018],[-59.1106,-38.70018],[-59.11061,-38.70019],[-59.11061,-38.70019],[-59.11064,-38.70021],[-59.11067,-38.70021],[-59.1107,-38.70022],[-59.11071,-38.70022],[-59.11074,-38.70023],[-59.11075,-38.70023],[-59.11076,-38.70023],[-59.11077,-38.70025],[-59.11078,-38.70025],[-59.1108,-38.70025],[-59.11081,-38.70027],[-59.11083,-38.70028],[-59.11084,-38.70028],[-59.11087,-38.70029],[-59.11088,-38.70029],[-59.11091,-38.7003],[-59.11092,-38.7003],[-59.11095,-38.70031],[-59.11096,-38.70032],[-59.11097,-38.70032],[-59.11097,-38.70032],[-59.11098,-38.70032],[-59.11098,-38.70032],[-59.111,-38.70034],[-59.111,-38.70035],[-59.11102,-38.70035],[-59.11102,-38.70036],[-59.11106,-38.70037],[-59.11107,-38.70037],[-59.1111,-38.70037],[-59.11112,-38.70038],[-59.11113,-38.70038],[-59.11115,-38.70038],[-59.11117,-38.70038],[-59.11119,-38.70039],[-59.11122,-38.7004],[-59.11125,-38.7004],[-59.11129,-38.70041],[-59.11132,-38.70043],[-59.11133,-38.70043],[-59.11137,-38.70044],[-59.11141,-38.70044],[-59.11143,-38.70044],[-59.11147,-38.70045],[-59.11152,-38.70045],[-59.11153,-38.70045],[-59.11156,-38.70045],[-59.11156,-38.70046],[-59.11157,-38.70046],[-59.11161,-38.70047],[-59.11167,-38.70048],[-59.11168,-38.70048],[-59.1117,-38.70048],[-59.11171,-38.70048],[-59.11172,-38.70048],[-59.11174,-38.70048],[-59.11176,-38.70048],[-59.11182,-38.70048],[-59.11183,-38.70048],[-59.11188,-38.70048],[-59.11189,-38.70048],[-59.11192,-38.70048],[-59.11193,-38.70048],[-59.11196,-38.70048],[-59.11197,-38.70048],[-59.11199,-38.70048],[-59.112,-38.70048],[-59.11202,-38.70048],[-59.11204,-38.70048],[-59.11209,-38.70048],[-59.11211,-38.70048],[-59.11214,-38.70048],[-59.11219,-38.70049],[-59.11222,-38.7005],[-59.11223,-38.7005],[-59.11225,-38.7005],[-59.11228,-38.70051],[-59.11231,-38.70052],[-59.11233,-38.70053],[-59.11237,-38.70053],[-59.11239,-38.70054],[-59.11242,-38.70055],[-59.11243,-38.70055],[-59.1125,-38.70057],[-59.11251,-38.70057],[-59.11256,-38.70058],[-59.11258,-38.70058],[-59.11259,-38.70058],[-59.11259,-38.70059],[-59.11263,-38.7006],[-59.11264,-38.7006],[-59.11265,-38.7006],[-59.11269,-38.70062],[-59.1127,-38.70063],[-59.11275,-38.70065],[-59.11278,-38.70065],[-59.1128,-38.70066],[-59.1128,-38.70067],[-59.11285,-38.70068],[-59.11286,-38.70068],[-59.11291,-38.7007],[-59.11293,-38.70071],[-59.11296,-38.70072],[-59.11298,-38.70073],[-59.11301,-38.70074],[-59.11302,-38.70074],[-59.11303,-38.70075],[-59.11306,-38.70076],[-59.11308,-38.70076],[-59.11309,-38.70076],[-59.11309,-38.70077],[-59.11312,-38.70077],[-59.11315,-38.70077],[-59.11318,-38.70077],[-59.11319,-38.70077],[-59.1132,-38.70077],[-59.11322,-38.70077],[-59.11323,-38.70077],[-59.11327,-38.70077],[-59.1133,-38.70077],[-59.11331,-38.70077],[-59.11334,-38.70078],[-59.11335,-38.70078],[-59.11336,-38.70078],[-59.11339,-38.70079],[-59.11344,-38.70079],[-59.11345,-38.70079],[-59.11348,-38.7008],[-59.11349,-38.7008],[-59.11351,-38.70081],[-59.11352,-38.70081],[-59.11353,-38.70081],[-59.11357,-38.70081],[-59.11357,-38.70081],[-59.11359,-38.70081],[-59.11363,-38.70081],[-59.11365,-38.70081],[-59.11366,-38.70081],[-59.11367,-38.70081],[-59.11377,-38.70082],[-59.11378,-38.70082],[-59.11379,-38.70082],[-59.11385,-38.70083],[-59.11387,-38.70084],[-59.11391,-38.70085],[-59.11392,-38.70085],[-59.11393,-38.70085],[-59.11395,-38.70085],[-59.11396,-38.70085],[-59.11398,-38.70086],[-59.11399,-38.70086],[-59.11402,-38.70086],[-59.11403,-38.70087],[-59.11408,-38.70087],[-59.11409,-38.70087],[-59.11412,-38.70088],[-59.11413,-38.70088],[-59.11416,-38.70088],[-59.11416,-38.70088],[-59.11418,-38.70088],[-59.1142,-38.70088],[-59.11421,-38.70088],[-59.11424,-38.70088],[-59.11425,-38.70088],[-59.1143,-38.70088],[-59.11432,-38.70088],[-59.11433,-38.70088],[-59.11437,-38.70088],[-59.11438,-38.70088],[-59.1144,-38.70088],[-59.11442,-38.70088],[-59.11448,-38.70089],[-59.11449,-38.70089],[-59.1145,-38.70089],[-59.11458,-38.7009],[-59.11459,-38.7009],[-59.11465,-38.70091],[-59.11466,-38.70091],[-59.11472,-38.70092],[-59.11473,-38.70093],[-59.11476,-38.70093],[-59.11477,-38.70093],[-59.11478,-38.70093],[-59.11483,-38.70094],[-59.11484,-38.70094],[-59.1149,-38.70095],[-59.11493,-38.70096],[-59.11494,-38.70096],[-59.11495,-38.70096],[-59.11498,-38.70096],[-59.11499,-38.70097],[-59.11508,-38.70097],[-59.11509,-38.70097],[-59.1151,-38.70097],[-59.11511,-38.70097],[-59.11512,-38.70097],[-59.11513,-38.70097],[-59.11517,-38.70096],[-59.11518,-38.70096],[-59.1152,-38.70096],[-59.11526,-38.70096],[-59.11527,-38.70096],[-59.11533,-38.70099],[-59.11534,-38.70099],[-59.11535,-38.701],[-59.11539,-38.701],[-59.1154,-38.701],[-59.11545,-38.701],[-59.11547,-38.701],[-59.11548,-38.701],[-59.11551,-38.701],[-59.11552,-38.701],[-59.11557,-38.701],[-59.1156,-38.701],[-59.11564,-38.701],[-59.11565,-38.701],[-59.11568,-38.701],[-59.1157,-38.701],[-59.11574,-38.701],[-59.11581,-38.70102],[-59.11582,-38.70102],[-59.11586,-38.70102],[-59.11589,-38.70102],[-59.11594,-38.70102],[-59.11595,-38.70102],[-59.11603,-38.70103],[-59.11605,-38.70103],[-59.11606,-38.70103],[-59.11611,-38.70104],[-59.11614,-38.70104],[-59.11617,-38.70104],[-59.11623,-38.70104],[-59.11624,-38.70104],[-59.11628,-38.70104],[-59.1163,-38.70104],[-59.11633,-38.70104],[-59.11633,-38.70104],[-59.11639,-38.70104],[-59.1164,-38.70104],[-59.11645,-38.70105],[-59.11646,-38.70105],[-59.1165,-38.70105],[-59.11652,-38.70105],[-59.11657,-38.70105],[-59.11659,-38.70105],[-59.11664,-38.70105],[-59.11666,-38.70105],[-59.11672,-38.70105],[-59.11682,-38.70105],[-59.11684,-38.70105],[-59.11693,-38.70105],[-59.11702,-38.70105],[-59.11703,-38.70105],[-59.11715,-38.70105],[-59.11719,-38.70105],[-59.11725,-38.70105],[-59.11732,-38.70105],[-59.11732,-38.70105],[-59.11738,-38.70105],[-59.1174,-38.70105],[-59.11746,-38.70105],[-59.11754,-38.70105],[-59.11756,-38.70105],[-59.1176,-38.70105],[-59.11766,-38.70105],[-59.11767,-38.70105],[-59.11775,-38.70106],[-59.11776,-38.70106],[-59.11782,-38.70107],[-59.11791,-38.70108],[-59.11791,-38.70108],[-59.11798,-38.70109],[-59.118,-38.70109],[-59.11803,-38.7011],[-59.11804,-38.7011],[-59.11811,-38.70111],[-59.11813,-38.70112],[-59.11821,-38.70113],[-59.11822,-38.70113],[-59.11824,-38.70113],[-59.11827,-38.70113],[-59.11828,-38.70113],[-59.11833,-38.70114],[-59.11834,-38.70114],[-59.11835,-38.70114],[-59.11837,-38.70115],[-59.11857,-38.7012],[-59.11858,-38.7012],[-59.11859,-38.70121],[-59.11862,-38.70121],[-59.11864,-38.70121],[-59.11865,-38.70121],[-59.1187,-38.70122],[-59.1187,-38.70122],[-59.11874,-38.70123],[-59.11875,-38.70123],[-59.11876,-38.70123],[-59.11881,-38.70123],[-59.11882,-38.70123],[-59.11888,-38.70123],[-59.11889,-38.70123],[-59.11892,-38.70124],[-59.11892,-38.70124],[-59.11895,-38.70124],[-59.11897,-38.70125],[-59.11899,-38.70126],[-59.119,-38.70126],[-59.11905,-38.70127],[-59.11906,-38.70127],[-59.11907,-38.70127],[-59.1191,-38.70128],[-59.11911,-38.70128],[-59.11914,-38.70129],[-59.11915,-38.70129],[-59.11918,-38.70131],[-59.11919,-38.70131],[-59.11921,-38.70132],[-59.11926,-38.70133],[-59.11928,-38.70133],[-59.1193,-38.70134],[-59.11935,-38.70135],[-59.11935,-38.70136],[-59.11939,-38.70137],[-59.11943,-38.70138],[-59.11946,-38.70139],[-59.1195,-38.70139],[-59.11951,-38.70139],[-59.11952,-38.7014],[-59.11958,-38.70141],[-59.1196,-38.70141],[-59.11967,-38.70141],[-59.11969,-38.70141],[-59.11975,-38.70141],[-59.11982,-38.70142],[-59.11983,-38.70142],[-59.11986,-38.70142],[-59.11993,-38.70142],[-59.11994,-38.70142],[-59.11996,-38.70143],[-59.12002,-38.70144],[-59.12008,-38.70144],[-59.12009,-38.70145],[-59.12015,-38.70146],[-59.12017,-38.70146],[-59.12023,-38.70146],[-59.1203,-38.70148],[-59.12032,-38.70148],[-59.12038,-38.70148],[-59.1204,-38.70149],[-59.12047,-38.7015],[-59.12048,-38.7015],[-59.12055,-38.70151],[-59.12057,-38.70151],[-59.12066,-38.70152],[-59.12068,-38.70152],[-59.12078,-38.70152],[-59.12079,-38.70152],[-59.12087,-38.70152],[-59.12088,-38.70153],[-59.12088,-38.70153],[-59.12092,-38.70154],[-59.12093,-38.70154],[-59.12097,-38.70154],[-59.12098,-38.70154],[-59.12104,-38.70156],[-59.12107,-38.70156],[-59.1211,-38.70157],[-59.12115,-38.70157],[-59.12117,-38.70157],[-59.12124,-38.70158],[-59.12126,-38.70158],[-59.12127,-38.70159],[-59.12143,-38.70161],[-59.12144,-38.70161],[-59.12145,-38.70161],[-59.12148,-38.70161],[-59.12154,-38.70161],[-59.12155,-38.70161],[-59.12159,-38.70161],[-59.12161,-38.70161],[-59.12164,-38.70161],[-59.12165,-38.70161],[-59.12166,-38.70162],[-59.12167,-38.70163],[-59.12173,-38.70164],[-59.12175,-38.70164],[-59.12178,-38.70164],[-59.12179,-38.70164],[-59.12183,-38.70164],[-59.12184,-38.70164],[-59.12188,-38.70165],[-59.1219,-38.70166],[-59.12193,-38.70167],[-59.12195,-38.70168],[-59.12197,-38.70169],[-59.12199,-38.70169],[-59.12205,-38.7017],[-59.12206,-38.7017],[-59.12206,-38.70171],[-59.12212,-38.70171],[-59.12216,-38.70172],[-59.12217,-38.70172],[-59.12219,-38.70173],[-59.12224,-38.70173],[-59.12227,-38.70174],[-59.12228,-38.70174],[-59.12229,-38.70174],[-59.12235,-38.70176],[-59.12237,-38.70176],[-59.12241,-38.70179],[-59.12248,-38.7018],[-59.1225,-38.7018],[-59.12257,-38.70181],[-59.12261,-38.70181],[-59.12265,-38.70182],[-59.1227,-38.70183],[-59.12271,-38.70183],[-59.12276,-38.70183],[-59.12279,-38.70184],[-59.12284,-38.70185],[-59.12289,-38.70186],[-59.1229,-38.70186],[-59.12291,-38.70187],[-59.12297,-38.70187],[-59.12298,-38.70188],[-59.12301,-38.70189],[-59.12304,-38.7019],[-59.12305,-38.7019],[-59.1231,-38.70191],[-59.12312,-38.70192],[-59.12315,-38.70192],[-59.12324,-38.70193],[-59.12325,-38.70193],[-59.12333,-38.70195],[-59.12334,-38.70195],[-59.1234,-38.70196],[-59.12346,-38.70196],[-59.12348,-38.70196],[-59.12352,-38.70196],[-59.12356,-38.70196],[-59.1236,-38.70196],[-59.12367,-38.70196],[-59.12368,-38.70196],[-59.12374,-38.70196],[-59.12376,-38.70196],[-59.12379,-38.70197],[-59.12399,-38.70201],[-59.124,-38.70201],[-59.12405,-38.70201],[-59.12409,-38.70201],[-59.12417,-38.70201],[-59.12421,-38.70201],[-59.12425,-38.70201],[-59.1243,-38.70201],[-59.12432,-38.70202],[-59.12436,-38.70203],[-59.12439,-38.70203],[-59.12443,-38.70205],[-59.12444,-38.70206],[-59.1245,-38.70208],[-59.12452,-38.70209],[-59.12457,-38.7021],[-59.12459,-38.70211],[-59.12463,-38.70212],[-59.12464,-38.70213],[-59.12465,-38.70213],[-59.12467,-38.70214],[-59.12468,-38.70215],[-59.12471,-38.70217],[-59.12475,-38.7022],[-59.12477,-38.7022],[-59.12481,-38.70221],[-59.12482,-38.70221],[-59.12484,-38.70221],[-59.12485,-38.70221],[-59.1249,-38.70223],[-59.12491,-38.70223],[-59.12493,-38.70223],[-59.12495,-38.70223],[-59.12498,-38.70224],[-59.12502,-38.70225],[-59.12504,-38.70226],[-59.12508,-38.70226],[-59.12509,-38.70226],[-59.12523,-38.70225],[-59.12524,-38.70225],[-59.12525,-38.70225],[-59.1253,-38.70224],[-59.12532,-38.70224],[-59.12534,-38.70224],[-59.12535,-38.70224],[-59.12538,-38.70224],[-59.12543,-38.70224],[-59.12546,-38.70224],[-59.12548,-38.70225],[-59.12552,-38.70225],[-59.12553,-38.70226],[-59.12558,-38.70227],[-59.1256,-38.70227],[-59.12563,-38.70229],[-59.12565,-38.70229],[-59.12571,-38.7023],[-59.12572,-38.7023],[-59.12577,-38.70231],[-59.12578,-38.70231],[-59.12582,-38.70231],[-59.12584,-38.70231],[-59.12589,-38.70231],[-59.1259,-38.70231],[-59.12596,-38.70231],[-59.12597,-38.70231],[-59.12604,-38.70231],[-59.12606,-38.70231],[-59.12611,-38.70231],[-59.12612,-38.70232],[-59.12619,-38.70233],[-59.1262,-38.70233],[-59.12626,-38.70233],[-59.12627,-38.70233],[-59.12628,-38.70233],[-59.12634,-38.70235],[-59.12637,-38.70235],[-59.12641,-38.70236],[-59.12649,-38.70237],[-59.12655,-38.70238],[-59.12658,-38.70239],[-59.12663,-38.70239],[-59.12667,-38.70239],[-59.12669,-38.70239],[-59.1267,-38.70239],[-59.12676,-38.7024],[-59.12679,-38.7024],[-59.12682,-38.7024],[-59.12683,-38.7024],[-59.12688,-38.7024],[-59.12692,-38.7024],[-59.12693,-38.70241],[-59.12694,-38.70241],[-59.12695,-38.70241],[-59.12695,-38.70241],[-59.127,-38.70243],[-59.12707,-38.70244],[-59.12708,-38.70245],[-59.1271,-38.70245],[-59.12717,-38.70246],[-59.12722,-38.70247],[-59.12723,-38.70247],[-59.12731,-38.70248],[-59.12734,-38.70248],[-59.1274,-38.70249],[-59.12748,-38.70249],[-59.12749,-38.70249],[-59.12756,-38.7025],[-59.12758,-38.7025],[-59.12762,-38.7025],[-59.12771,-38.7025],[-59.12778,-38.7025],[-59.1278,-38.7025],[-59.12785,-38.7025],[-59.12789,-38.7025],[-59.1279,-38.7025],[-59.12794,-38.7025],[-59.12796,-38.7025],[-59.12803,-38.70251],[-59.12811,-38.70252],[-59.12812,-38.70252],[-59.12817,-38.70254],[-59.12818,-38.70255],[-59.12822,-38.70256],[-59.12829,-38.70258],[-59.1283,-38.70258],[-59.12835,-38.70258],[-59.12838,-38.70259],[-59.12842,-38.70259],[-59.12846,-38.70259],[-59.12852,-38.70259],[-59.12853,-38.70259],[-59.12857,-38.70259],[-59.12859,-38.70259],[-59.12863,-38.70259],[-59.12865,-38.70259],[-59.1287,-38.70259],[-59.12871,-38.70259],[-59.12877,-38.70259],[-59.12877,-38.70259],[-59.12878,-38.70259],[-59.12888,-38.70259],[-59.12892,-38.70259],[-59.12895,-38.70259],[-59.12896,-38.7026],[-59.12898,-38.70261],[-59.12899,-38.70261],[-59.12903,-38.70262],[-59.12904,-38.70262],[-59.12907,-38.70264],[-59.1291,-38.70264],[-59.12914,-38.70265],[-59.12917,-38.70266],[-59.12918,-38.70266],[-59.12924,-38.70267],[-59.12926,-38.70267],[-59.1293,-38.70268],[-59.12935,-38.70269],[-59.12936,-38.70269],[-59.12941,-38.70269],[-59.12943,-38.70269],[-59.12949,-38.70269],[-59.12953,-38.7027],[-59.12954,-38.7027],[-59.12959,-38.7027],[-59.1296,-38.7027],[-59.12966,-38.70271],[-59.12968,-38.70272],[-59.1297,-38.70272],[-59.12971,-38.70272],[-59.1298,-38.70273],[-59.12984,-38.70273],[-59.12992,-38.70274],[-59.12995,-38.70274],[-59.12999,-38.70275],[-59.13,-38.70275],[-59.13007,-38.70277],[-59.13008,-38.70277],[-59.13009,-38.70277],[-59.13015,-38.70279],[-59.13016,-38.70279],[-59.13021,-38.70279],[-59.13031,-38.70279],[-59.13033,-38.70279],[-59.13039,-38.70279],[-59.13042,-38.70279],[-59.13049,-38.70279],[-59.13057,-38.70279],[-59.1306,-38.70279],[-59.13067,-38.70279],[-59.13068,-38.70279],[-59.13074,-38.7028],[-59.13075,-38.7028],[-59.13077,-38.7028],[-59.13085,-38.70281],[-59.13086,-38.70281],[-59.13095,-38.70281],[-59.13097,-38.70281],[-59.13098,-38.70281],[-59.13105,-38.70281],[-59.13107,-38.70281],[-59.13114,-38.70281],[-59.13115,-38.70282],[-59.1312,-38.70282],[-59.13124,-38.70282],[-59.13131,-38.70283],[-59.13134,-38.70284],[-59.13137,-38.70284],[-59.13138,-38.70284],[-59.13144,-38.70286],[-59.13145,-38.70286],[-59.13151,-38.70286],[-59.13153,-38.70287],[-59.13155,-38.70287],[-59.13156,-38.70287],[-59.13161,-38.70289],[-59.13179,-38.7029],[-59.1318,-38.7029],[-59.1318,-38.70291],[-59.13181,-38.70292],[-59.13182,-38.70292],[-59.13185,-38.70294],[-59.13186,-38.70294],[-59.13187,-38.70295],[-59.13191,-38.70296],[-59.13194,-38.70297],[-59.13196,-38.70298],[-59.13202,-38.70298],[-59.13206,-38.70299],[-59.13207,-38.703],[-59.13209,-38.703],[-59.13211,-38.70301],[-59.13212,-38.70301],[-59.13215,-38.70302],[-59.13216,-38.70302],[-59.13223,-38.70302],[-59.1323,-38.70302],[-59.13234,-38.70302],[-59.13235,-38.70302],[-59.13237,-38.70302],[-59.13241,-38.70302],[-59.13244,-38.70302],[-59.13249,-38.70302],[-59.1325,-38.70302],[-59.13256,-38.70302],[-59.13259,-38.70302],[-59.13265,-38.70302],[-59.13268,-38.70302],[-59.13273,-38.70302],[-59.1328,-38.70303],[-59.13281,-38.70303],[-59.13287,-38.70305],[-59.13291,-38.70305],[-59.13294,-38.70306],[-59.13296,-38.70306],[-59.13299,-38.70306],[-59.133,-38.70306],[-59.13304,-38.70307],[-59.13305,-38.70307],[-59.13314,-38.70307],[-59.13315,-38.70307],[-59.13316,-38.70307],[-59.13322,-38.70306],[-59.13323,-38.70306],[-59.13327,-38.70306],[-59.1333,-38.70306],[-59.13331,-38.70306],[-59.13333,-38.70306],[-59.13334,-38.70306],[-59.13336,-38.70306],[-59.13337,-38.70306],[-59.13342,-38.70306],[-59.13343,-38.70306],[-59.13348,-38.70307],[-59.13351,-38.70307],[-59.13355,-38.70308],[-59.1336,-38.70308],[-59.13361,-38.70308],[-59.13364,-38.70309],[-59.13369,-38.70309],[-59.13372,-38.7031],[-59.13374,-38.7031],[-59.13378,-38.7031],[-59.13383,-38.70312],[-59.13388,-38.70312],[-59.1339,-38.70313],[-59.13394,-38.70313],[-59.13399,-38.70313],[-59.134,-38.70314],[-59.13405,-38.70315],[-59.13406,-38.70315],[-59.13409,-38.70315],[-59.1341,-38.70316],[-59.13412,-38.70316],[-59.13416,-38.70316],[-59.13417,-38.70316],[-59.13417,-38.70317],[-59.13422,-38.70317],[-59.13423,-38.70318],[-59.13426,-38.70318],[-59.1343,-38.70319],[-59.13435,-38.70319],[-59.13438,-38.70319],[-59.13443,-38.70319],[-59.13449,-38.70319],[-59.1345,-38.70319],[-59.13454,-38.70319],[-59.13455,-38.70319],[-59.1346,-38.70319],[-59.13461,-38.70319],[-59.13465,-38.70319],[-59.13466,-38.70319],[-59.1347,-38.70319],[-59.13471,-38.70319],[-59.13476,-38.70321],[-59.13477,-38.70321],[-59.13481,-38.70321],[-59.13484,-38.70322],[-59.13487,-38.70322],[-59.13492,-38.70323],[-59.13494,-38.70323],[-59.13501,-38.70323],[-59.13504,-38.70323],[-59.13509,-38.70323],[-59.13514,-38.70323],[-59.13515,-38.70324],[-59.13517,-38.70325],[-59.13518,-38.70325],[-59.13522,-38.70325],[-59.13525,-38.70326],[-59.13526,-38.70326],[-59.13529,-38.70327],[-59.1353,-38.70327],[-59.13535,-38.70328],[-59.13538,-38.70328],[-59.13541,-38.70328],[-59.13542,-38.70328],[-59.13548,-38.70328],[-59.13548,-38.70328],[-59.13551,-38.70328],[-59.13552,-38.70329],[-59.13553,-38.70329],[-59.13557,-38.70329],[-59.13561,-38.7033],[-59.13566,-38.70331],[-59.13567,-38.70331],[-59.13571,-38.70331],[-59.13575,-38.70331],[-59.13576,-38.70331],[-59.1358,-38.70331],[-59.13581,-38.70331],[-59.13585,-38.70331],[-59.13589,-38.70332],[-59.1359,-38.70332],[-59.13594,-38.70333],[-59.13596,-38.70333],[-59.13599,-38.70334],[-59.13602,-38.70334],[-59.13603,-38.70334],[-59.13605,-38.70334],[-59.13606,-38.70334],[-59.13607,-38.70335],[-59.1361,-38.70335],[-59.13611,-38.70335],[-59.13612,-38.70335],[-59.1363,-38.70338],[-59.13637,-38.7034],[-59.13639,-38.70341],[-59.13641,-38.70341],[-59.13642,-38.70341],[-59.13644,-38.70341],[-59.13645,-38.70342],[-59.13649,-38.70344],[-59.1365,-38.70344],[-59.13655,-38.70346],[-59.13656,-38.70347],[-59.13657,-38.70348],[-59.13658,-38.70349],[-59.13661,-38.70349],[-59.13662,-38.7035],[-59.13666,-38.70351],[-59.13667,-38.70352],[-59.13667,-38.70352],[-59.13672,-38.70353],[-59.13673,-38.70353],[-59.13675,-38.70353],[-59.13677,-38.70354],[-59.13681,-38.70355],[-59.13683,-38.70356],[-59.13686,-38.70357],[-59.13688,-38.70358],[-59.13694,-38.70361],[-59.137,-38.70363],[-59.13701,-38.70363],[-59.13706,-38.70366],[-59.13707,-38.70367],[-59.1371,-38.70369],[-59.13716,-38.70371],[-59.13716,-38.70372],[-59.1372,-38.70373],[-59.13721,-38.70374],[-59.13725,-38.70375],[-59.1373,-38.70377],[-59.13732,-38.70377],[-59.1374,-38.70378],[-59.13743,-38.70379],[-59.13746,-38.7038],[-59.13747,-38.7038],[-59.13754,-38.70381],[-59.13757,-38.70381],[-59.13765,-38.70383],[-59.13769,-38.70383],[-59.13774,-38.70384],[-59.13775,-38.70384],[-59.13785,-38.70386],[-59.13785,-38.70386],[-59.13787,-38.70386],[-59.13794,-38.70388],[-59.13796,-38.70388],[-59.13802,-38.7039],[-59.13804,-38.7039],[-59.13808,-38.70391],[-59.1381,-38.70391],[-59.13818,-38.70392],[-59.1382,-38.70392],[-59.13827,-38.70394],[-59.13829,-38.70394],[-59.13836,-38.70395],[-59.1384,-38.70396],[-59.13841,-38.70396],[-59.13846,-38.70397],[-59.13848,-38.70397],[-59.13854,-38.70398],[-59.13855,-38.70398],[-59.1386,-38.70398],[-59.13861,-38.70399],[-59.13864,-38.70399],[-59.13865,-38.70399],[-59.13866,-38.70399],[-59.13873,-38.70399],[-59.13876,-38.70399],[-59.13881,-38.70399],[-59.13882,-38.70399],[-59.13887,-38.70399],[-59.13889,-38.70399],[-59.13893,-38.70399],[-59.13896,-38.70399],[-59.13899,-38.70399],[-59.139,-38.70399],[-59.13903,-38.70399],[-59.13905,-38.70399],[-59.13907,-38.70399],[-59.13908,-38.70399],[-59.13917,-38.70399],[-59.13917,-38.704],[-59.13918,-38.704],[-59.13921,-38.70401],[-59.13925,-38.70402],[-59.13926,-38.70403],[-59.13929,-38.70404],[-59.13931,-38.70406],[-59.13936,-38.70409],[-59.13936,-38.7041],[-59.1394,-38.70411],[-59.13943,-38.70411],[-59.13949,-38.70412],[-59.13953,-38.70412],[-59.13955,-38.70412],[-59.13962,-38.70414],[-59.13963,-38.70414],[-59.13967,-38.70416],[-59.13969,-38.70416],[-59.13974,-38.70418],[-59.13975,-38.70418],[-59.13983,-38.7042],[-59.13984,-38.7042],[-59.13989,-38.7042],[-59.13991,-38.7042],[-59.13997,-38.70421],[-59.13999,-38.70421],[-59.14001,-38.70422],[-59.14007,-38.70423],[-59.14016,-38.70425],[-59.14017,-38.70426],[-59.14022,-38.70429],[-59.14025,-38.70429],[-59.14028,-38.7043],[-59.14029,-38.7043],[-59.14036,-38.70433],[-59.14037,-38.70433],[-59.14044,-38.70435],[-59.14048,-38.70436],[-59.14053,-38.70436],[-59.14056,-38.70437],[-59.14061,-38.70438],[-59.14062,-38.70438],[-59.14068,-38.7044],[-59.14069,-38.7044],[-59.1407,-38.7044],[-59.14079,-38.7044],[-59.14082,-38.7044],[-59.1409,-38.7044],[-59.14101,-38.7044],[-59.14102,-38.7044],[-59.14109,-38.7044],[-59.14111,-38.7044],[-59.14117,-38.7044],[-59.14119,-38.7044],[-59.14121,-38.7044],[-59.14125,-38.7044],[-59.14126,-38.7044],[-59.14129,-38.7044],[-59.1413,-38.7044],[-59.1414,-38.7044],[-59.14153,-38.7044],[-59.14154,-38.7044],[-59.14158,-38.7044],[-59.14165,-38.7044],[-59.14173,-38.7044],[-59.14175,-38.7044],[-59.14183,-38.7044],[-59.14186,-38.7044],[-59.14192,-38.7044],[-59.14202,-38.7044],[-59.14205,-38.7044],[-59.14212,-38.7044],[-59.14213,-38.7044],[-59.14214,-38.7044],[-59.14221,-38.7044],[-59.14223,-38.7044],[-59.1423,-38.7044],[-59.14231,-38.7044],[-59.14235,-38.7044],[-59.14237,-38.70441],[-59.14246,-38.70442],[-59.14249,-38.70442],[-59.14257,-38.70443],[-59.1426,-38.70444],[-59.14268,-38.70446],[-59.14276,-38.70449],[-59.14278,-38.7045],[-59.14288,-38.70454],[-59.1429,-38.70455],[-59.14292,-38.70456],[-59.143,-38.70458],[-59.14314,-38.7046],[-59.14316,-38.7046],[-59.14325,-38.70462],[-59.1433,-38.70463],[-59.14341,-38.70465],[-59.14347,-38.70465],[-59.14352,-38.70466],[-59.14354,-38.70466],[-59.14359,-38.70467],[-59.14361,-38.70468],[-59.14366,-38.70469],[-59.1437,-38.70469],[-59.14377,-38.70471],[-59.14378,-38.70471],[-59.14387,-38.70472],[-59.14389,-38.70473],[-59.14395,-38.70473],[-59.14396,-38.70474],[-59.14402,-38.70475],[-59.14404,-38.70475],[-59.14407,-38.70476],[-59.14415,-38.70476],[-59.14417,-38.70477],[-59.1442,-38.70478],[-59.14421,-38.70478],[-59.14425,-38.70479],[-59.14426,-38.70479],[-59.14429,-38.7048],[-59.14431,-38.7048],[-59.14434,-38.70481],[-59.14437,-38.70482],[-59.14438,-38.70482],[-59.14452,-38.70488],[-59.14459,-38.70489],[-59.14464,-38.7049],[-59.14472,-38.70491],[-59.14476,-38.70492],[-59.14482,-38.70493],[-59.14484,-38.70493],[-59.1449,-38.70494],[-59.14492,-38.70495],[-59.14495,-38.70495],[-59.14496,-38.70495],[-59.14501,-38.70495],[-59.14503,-38.70495],[-59.14509,-38.70495],[-59.1451,-38.70495],[-59.14521,-38.70494],[-59.14522,-38.70494],[-59.14531,-38.70494],[-59.14533,-38.70494],[-59.14538,-38.70494],[-59.14539,-38.70494],[-59.14547,-38.70494],[-59.14549,-38.70494],[-59.14558,-38.70495],[-59.14561,-38.70495],[-59.14571,-38.70497],[-59.14572,-38.70497],[-59.14577,-38.70497],[-59.14585,-38.70498],[-59.14586,-38.70498],[-59.14596,-38.70499],[-59.14598,-38.70499],[-59.14606,-38.705],[-59.14609,-38.705],[-59.14617,-38.705],[-59.14621,-38.705],[-59.14626,-38.705],[-59.14627,-38.705],[-59.14638,-38.705],[-59.14642,-38.705],[-59.14646,-38.705],[-59.14651,-38.705],[-59.14654,-38.705],[-59.14662,-38.705],[-59.14674,-38.705],[-59.14677,-38.705],[-59.14687,-38.705],[-59.1469,-38.70501],[-59.14697,-38.70501],[-59.14699,-38.70501],[-59.14701,-38.70501],[-59.14709,-38.70501],[-59.14711,-38.70502],[-59.14713,-38.70503],[-59.1472,-38.70503],[-59.14722,-38.70504],[-59.1473,-38.70505],[-59.14733,-38.70506],[-59.14741,-38.70507],[-59.14744,-38.70508],[-59.1475,-38.70509],[-59.14756,-38.70509],[-59.14757,-38.7051],[-59.14764,-38.7051],[-59.14765,-38.70511],[-59.14775,-38.70511],[-59.1478,-38.70511],[-59.14789,-38.70511],[-59.1479,-38.70511],[-59.14796,-38.70512],[-59.14798,-38.70512],[-59.14799,-38.70512],[-59.14807,-38.70514],[-59.14808,-38.70514],[-59.14814,-38.70516],[-59.14823,-38.70519],[-59.14825,-38.70519],[-59.14828,-38.7052],[-59.14829,-38.7052],[-59.1483,-38.70522],[-59.14835,-38.70524],[-59.14838,-38.70524],[-59.14841,-38.70525],[-59.14842,-38.70525],[-59.14846,-38.70526],[-59.14847,-38.70527],[-59.1485,-38.70527],[-59.14851,-38.70527],[-59.14852,-38.70528],[-59.14867,-38.70529],[-59.14869,-38.7053],[-59.14871,-38.7053],[-59.14872,-38.70531],[-59.14883,-38.70532],[-59.14886,-38.70532],[-59.14892,-38.70533],[-59.14893,-38.70533],[-59.14895,-38.70534],[-59.14901,-38.70536],[-59.14906,-38.70538],[-59.14906,-38.70538],[-59.14908,-38.70539],[-59.14914,-38.70539],[-59.14918,-38.7054],[-59.14922,-38.70542],[-59.1493,-38.70543],[-59.14932,-38.70543],[-59.14938,-38.70545],[-59.14939,-38.70545],[-59.14945,-38.70545],[-59.14946,-38.70545],[-59.14953,-38.70545],[-59.1496,-38.70546],[-59.14962,-38.70546],[-59.14966,-38.70546],[-59.14966,-38.70546],[-59.14968,-38.70546],[-59.1497,-38.70546],[-59.14974,-38.70546],[-59.14975,-38.70546],[-59.14978,-38.70546],[-59.14979,-38.70546],[-59.14987,-38.70548],[-59.14988,-38.70548],[-59.14989,-38.70548],[-59.15003,-38.7055],[-59.15004,-38.7055],[-59.15006,-38.70551],[-59.15013,-38.70553],[-59.15014,-38.70553],[-59.15015,-38.70553],[-59.15016,-38.70553],[-59.1502,-38.70555],[-59.15025,-38.70556],[-59.15029,-38.70556],[-59.15029,-38.70556],[-59.15038,-38.70558],[-59.15039,-38.70558],[-59.15045,-38.70558],[-59.15046,-38.70558],[-59.15049,-38.70558],[-59.1505,-38.70558],[-59.15054,-38.70558],[-59.15059,-38.70559],[-59.15065,-38.7056],[-59.15067,-38.70561],[-59.15069,-38.70561],[-59.15071,-38.70562],[-59.15074,-38.70562],[-59.15075,-38.70562],[-59.1508,-38.70564],[-59.15082,-38.70564],[-59.15087,-38.70565],[-59.15088,-38.70565],[-59.15089,-38.70566],[-59.15093,-38.70566],[-59.15094,-38.70566],[-59.15101,-38.70566],[-59.15107,-38.70566],[-59.15108,-38.70566],[-59.15112,-38.70566],[-59.15114,-38.70566],[-59.15119,-38.70567],[-59.15127,-38.70569],[-59.15127,-38.70569],[-59.15135,-38.7057],[-59.15136,-38.7057],[-59.15138,-38.7057],[-59.15145,-38.70572],[-59.15147,-38.70573],[-59.15152,-38.70575],[-59.15154,-38.70576],[-59.15161,-38.70576],[-59.15163,-38.70576],[-59.15166,-38.70577],[-59.15167,-38.70577],[-59.15171,-38.70578],[-59.15172,-38.70578],[-59.15176,-38.7058],[-59.15179,-38.70581],[-59.15183,-38.70583],[-59.15187,-38.70584],[-59.15187,-38.70584],[-59.15188,-38.70584],[-59.15191,-38.70586],[-59.15195,-38.70586],[-59.152,-38.70587],[-59.15206,-38.70587],[-59.15208,-38.70587],[-59.15209,-38.70587],[-59.15233,-38.70595],[-59.15238,-38.70595],[-59.15239,-38.70595],[-59.15243,-38.70595],[-59.15247,-38.70596],[-59.15248,-38.70596],[-59.15252,-38.70597],[-59.15254,-38.70597],[-59.15258,-38.70598],[-59.15262,-38.70598],[-59.15263,-38.70598],[-59.15269,-38.70599],[-59.15271,-38.70599],[-59.15279,-38.70601],[-59.15283,-38.70602],[-59.15288,-38.70604],[-59.15289,-38.70604],[-59.15294,-38.70604],[-59.15295,-38.70605],[-59.153,-38.70606],[-59.15301,-38.70606],[-59.15304,-38.70606],[-59.15307,-38.70606],[-59.15308,-38.70606],[-59.15316,-38.70606],[-59.15317,-38.70606],[-59.15323,-38.70606],[-59.15328,-38.70607],[-59.1533,-38.70607],[-59.15335,-38.70608],[-59.15336,-38.70608],[-59.15345,-38.7061],[-59.15347,-38.7061],[-59.15352,-38.7061],[-59.15353,-38.70611],[-59.15358,-38.70611],[-59.15361,-38.70611],[-59.15364,-38.70612],[-59.15364,-38.70612],[-59.15369,-38.70614],[-59.1537,-38.70614],[-59.15375,-38.70615],[-59.15379,-38.70616],[-59.15381,-38.70616],[-59.15385,-38.70617],[-59.15389,-38.70618],[-59.15392,-38.70618],[-59.15394,-38.70618],[-59.15398,-38.7062],[-59.15401,-38.7062],[-59.15403,-38.7062],[-59.15404,-38.7062],[-59.15418,-38.70622],[-59.15421,-38.70623],[-59.15422,-38.70624],[-59.15424,-38.70626],[-59.15428,-38.70628],[-59.15429,-38.70628],[-59.15434,-38.7063],[-59.15436,-38.70631],[-59.15439,-38.70631],[-59.15441,-38.70632],[-59.15443,-38.70633],[-59.15447,-38.70635],[-59.15452,-38.70636],[-59.15453,-38.70636],[-59.15453,-38.70637],[-59.15459,-38.70637],[-59.15461,-38.70637],[-59.15464,-38.70638],[-59.15469,-38.70639],[-59.15474,-38.70642],[-59.15476,-38.70642],[-59.15481,-38.70644],[-59.15483,-38.70645],[-59.15488,-38.70646],[-59.15495,-38.70648],[-59.15496,-38.70648],[-59.15501,-38.70651],[-59.15503,-38.70652],[-59.15507,-38.70653],[-59.15507,-38.70654],[-59.15508,-38.70655],[-59.15513,-38.70656],[-59.15514,-38.70656],[-59.15519,-38.70657],[-59.1552,-38.70657],[-59.15521,-38.70657],[-59.15528,-38.70657],[-59.15536,-38.70657],[-59.15537,-38.70657],[-59.1554,-38.70658],[-59.15544,-38.70658],[-59.15546,-38.70658],[-59.15549,-38.70658],[-59.15554,-38.7066],[-59.15555,-38.7066],[-59.1556,-38.70661],[-59.15561,-38.70662],[-59.15565,-38.70663],[-59.15568,-38.70664],[-59.15572,-38.70665],[-59.15573,-38.70665],[-59.15578,-38.70666],[-59.15581,-38.70667],[-59.15582,-38.70667],[-59.15583,-38.70667],[-59.15586,-38.70668],[-59.1559,-38.70668],[-59.15592,-38.70669],[-59.15594,-38.70669],[-59.15595,-38.7067],[-59.15597,-38.70671],[-59.15598,-38.70671],[-59.156,-38.70672],[-59.15603,-38.70673],[-59.15606,-38.70674],[-59.15609,-38.70675],[-59.1561,-38.70676],[-59.15624,-38.70678],[-59.15625,-38.70678],[-59.15626,-38.70678],[-59.15639,-38.7068],[-59.1564,-38.70681],[-59.1565,-38.70683],[-59.15653,-38.70684],[-59.15658,-38.70685],[-59.15661,-38.70687],[-59.15668,-38.70689],[-59.15676,-38.70691],[-59.15678,-38.70691],[-59.15683,-38.70693],[-59.15685,-38.70693],[-59.15689,-38.70696],[-59.15692,-38.70697],[-59.15698,-38.70699],[-59.15699,-38.707],[-59.15706,-38.70703],[-59.15707,-38.70703],[-59.15715,-38.70707],[-59.15717,-38.70707],[-59.15725,-38.7071],[-59.15728,-38.70711],[-59.15735,-38.70714],[-59.15738,-38.70714],[-59.15743,-38.70714],[-59.15744,-38.70714],[-59.15756,-38.70714],[-59.15757,-38.70714],[-59.15762,-38.70714],[-59.15764,-38.70715],[-59.15769,-38.70716],[-59.1577,-38.70716],[-59.15772,-38.70716],[-59.15776,-38.70718],[-59.15781,-38.7072],[-59.15782,-38.7072],[-59.15787,-38.70721],[-59.1579,-38.70722],[-59.15791,-38.70723],[-59.15794,-38.70725],[-59.158,-38.70727],[-59.15832,-38.70736],[-59.15836,-38.70737],[-59.15837,-38.70737],[-59.15844,-38.70739],[-59.15845,-38.70739],[-59.15853,-38.70739],[-59.15854,-38.70739],[-59.15855,-38.7074],[-59.15859,-38.70741],[-59.15861,-38.70741],[-59.15865,-38.70742],[-59.15867,-38.70743],[-59.15868,-38.70743],[-59.1587,-38.70744],[-59.15871,-38.70744],[-59.15876,-38.70746],[-59.15876,-38.70747],[-59.15881,-38.70749],[-59.15883,-38.70749],[-59.15891,-38.7075],[-59.15895,-38.70751],[-59.15899,-38.70751],[-59.15907,-38.70752],[-59.15908,-38.70753],[-59.15914,-38.70753],[-59.15916,-38.70754],[-59.1592,-38.70756],[-59.15923,-38.70757],[-59.15929,-38.70759],[-59.15932,-38.70761],[-59.15937,-38.70762],[-59.15941,-38.70764],[-59.15949,-38.70766],[-59.15951,-38.70766],[-59.15954,-38.70768],[-59.15955,-38.70768],[-59.15957,-38.70769],[-59.15959,-38.7077],[-59.1596,-38.70771],[-59.15966,-38.70774],[-59.15967,-38.70774],[-59.15968,-38.70775],[-59.1597,-38.70776],[-59.15972,-38.70776],[-59.15973,-38.70777],[-59.15975,-38.70778],[-59.15976,-38.70779],[-59.15976,-38.7078],[-59.15977,-38.7078],[-59.15978,-38.70781],[-59.1598,-38.70782],[-59.15981,-38.70783],[-59.15983,-38.70784],[-59.15984,-38.70785],[-59.15985,-38.70786],[-59.15986,-38.70786],[-59.15986,-38.70787],[-59.15994,-38.7079],[-59.15996,-38.7079],[-59.15996,-38.70791],[-59.15997,-38.70794],[-59.15997,-38.70795],[-59.15998,-38.70796],[-59.16,-38.70799],[-59.16001,-38.708],[-59.16003,-38.70801],[-59.16005,-38.70802],[-59.16007,-38.70804],[-59.16011,-38.70809],[-59.16012,-38.70809],[-59.16018,-38.70811],[-59.16019,-38.70812],[-59.16022,-38.70812],[-59.16023,-38.70813],[-59.16026,-38.70813],[-59.16032,-38.70815],[-59.16034,-38.70815],[-59.16039,-38.70817],[-59.16043,-38.70819],[-59.16045,-38.70819],[-59.16048,-38.70821],[-59.16049,-38.70821],[-59.16052,-38.70821],[-59.16055,-38.70823],[-59.1606,-38.70824],[-59.16061,-38.70824],[-59.16064,-38.70825],[-59.16065,-38.70825],[-59.16069,-38.70827],[-59.16071,-38.70827],[-59.16073,-38.70828],[-59.16078,-38.70831],[-59.16079,-38.70831],[-59.1608,-38.70831],[-59.16087,-38.70834],[-59.16088,-38.70834],[-59.16093,-38.70835],[-59.16094,-38.70836],[-59.16097,-38.70837],[-59.16099,-38.70838],[-59.16102,-38.7084],[-59.16104,-38.7084],[-59.16109,-38.70843],[-59.1611,-38.70844],[-59.16114,-38.70847],[-59.16114,-38.70847],[-59.16117,-38.70851],[-59.16118,-38.70851],[-59.16121,-38.70854],[-59.16123,-38.70854],[-59.16126,-38.70855],[-59.16129,-38.70856],[-59.16132,-38.70857],[-59.16135,-38.70857],[-59.16143,-38.70857],[-59.16144,-38.70856],[-59.16148,-38.70855],[-59.16149,-38.70855],[-59.1615,-38.70855],[-59.16154,-38.70855],[-59.16155,-38.70855],[-59.16155,-38.70855],[-59.16162,-38.70852],[-59.16169,-38.70851],[-59.1617,-38.70851],[-59.16173,-38.7085],[-59.16174,-38.7085],[-59.16174,-38.7085],[-59.16177,-38.70848],[-59.1618,-38.70848],[-59.16185,-38.70847],[-59.1619,-38.70845],[-59.16191,-38.70845],[-59.16198,-38.70844],[-59.16199,-38.70844],[-59.162,-38.70843],[-59.16205,-38.70843],[-59.16207,-38.70843],[-59.1621,-38.70843],[-59.16211,-38.70843],[-59.16213,-38.70843],[-59.16214,-38.70843],[-59.16219,-38.70843],[-59.1622,-38.70843],[-59.16221,-38.70843],[-59.16227,-38.70843],[-59.16228,-38.70844],[-59.16233,-38.70845],[-59.16235,-38.70845],[-59.1624,-38.70846],[-59.16241,-38.70846],[-59.16242,-38.70846],[-59.16248,-38.70846],[-59.16249,-38.70846],[-59.16252,-38.70846],[-59.16259,-38.70846],[-59.1626,-38.70846],[-59.16267,-38.70847],[-59.16269,-38.70848],[-59.16274,-38.7085],[-59.16277,-38.7085],[-59.16278,-38.70851],[-59.16282,-38.70853],[-59.16284,-38.70853],[-59.1629,-38.70853],[-59.16291,-38.70853],[-59.16294,-38.70855],[-59.16301,-38.70855],[-59.16306,-38.70857],[-59.16307,-38.70857],[-59.16312,-38.7086],[-59.16313,-38.7086],[-59.16321,-38.70861],[-59.16323,-38.70862],[-59.16327,-38.70862],[-59.16335,-38.70863],[-59.16338,-38.70863],[-59.16351,-38.70865],[-59.16353,-38.70866],[-59.16359,-38.70867],[-59.1636,-38.70867],[-59.16363,-38.70869],[-59.16366,-38.70869],[-59.16371,-38.70871],[-59.16372,-38.70871],[-59.16383,-38.70871],[-59.16391,-38.70872],[-59.16392,-38.70872],[-59.164,-38.70872],[-59.16404,-38.70872],[-59.16406,-38.70872],[-59.16411,-38.70873],[-59.16413,-38.70873],[-59.16421,-38.70873],[-59.16422,-38.70873],[-59.16426,-38.70874],[-59.16428,-38.70874],[-59.16434,-38.70874],[-59.16438,-38.70874],[-59.16442,-38.70874],[-59.16443,-38.70874],[-59.16452,-38.70874],[-59.16453,-38.70874],[-59.16464,-38.70874],[-59.16466,-38.70874],[-59.16467,-38.70874],[-59.1647,-38.70874],[-59.16472,-38.70874],[-59.16477,-38.70874],[-59.16478,-38.70874],[-59.1648,-38.70874],[-59.16481,-38.70874],[-59.16488,-38.70875],[-59.16491,-38.70875],[-59.16496,-38.70875],[-59.16506,-38.70875],[-59.16511,-38.70875],[-59.16513,-38.70875],[-59.1652,-38.70875],[-59.16524,-38.70875],[-59.16525,-38.70875],[-59.16529,-38.70875],[-59.16536,-38.70878],[-59.16536,-38.70878],[-59.1654,-38.70879],[-59.16543,-38.7088],[-59.16545,-38.70881],[-59.16547,-38.70882],[-59.16547,-38.70883],[-59.16548,-38.70883],[-59.16549,-38.70884],[-59.16551,-38.70885],[-59.16552,-38.70887],[-59.16555,-38.70887],[-59.16557,-38.70888],[-59.1656,-38.70889],[-59.16563,-38.7089],[-59.16566,-38.70891],[-59.16568,-38.70891],[-59.16569,-38.70892],[-59.16571,-38.70892],[-59.16572,-38.70893],[-59.16574,-38.70893],[-59.16576,-38.70894],[-59.16578,-38.70894],[-59.1658,-38.70894],[-59.16583,-38.70895],[-59.16586,-38.70895],[-59.16589,-38.70896],[-59.16592,-38.70897],[-59.16595,-38.70897],[-59.16595,-38.70897],[-59.16598,-38.70898],[-59.16601,-38.70899],[-59.16604,-38.70899],[-59.16605,-38.70899],[-59.16607,-38.709],[-59.16609,-38.70902],[-59.1661,-38.70902],[-59.16612,-38.70902],[-59.16613,-38.70902],[-59.16614,-38.70902],[-59.16615,-38.70902],[-59.16616,-38.70902],[-59.16617,-38.70902],[-59.16618,-38.70902],[-59.16621,-38.70902],[-59.16622,-38.70902],[-59.16625,-38.70902],[-59.16626,-38.70902],[-59.16629,-38.70902],[-59.16631,-38.70902],[-59.16633,-38.70902],[-59.16634,-38.70902],[-59.16636,-38.70902],[-59.16639,-38.70902],[-59.16641,-38.70902],[-59.16642,-38.70902],[-59.16645,-38.70902],[-59.16648,-38.70902],[-59.16651,-38.70902],[-59.16654,-38.70902],[-59.16654,-38.70902],[-59.16655,-38.70903],[-59.16656,-38.70903],[-59.16659,-38.70903],[-59.16662,-38.70903],[-59.16663,-38.70903],[-59.16666,-38.70903],[-59.16671,-38.70904],[-59.16674,-38.70904],[-59.16675,-38.70904],[-59.16677,-38.70905],[-59.16678,-38.70905],[-59.16681,-38.70905],[-59.16683,-38.70905],[-59.16687,-38.70905],[-59.1669,-38.70905],[-59.16691,-38.70905],[-59.16696,-38.70909],[-59.16701,-38.70909],[-59.16706,-38.70909],[-59.16708,-38.70909],[-59.16711,-38.70909],[-59.16713,-38.7091],[-59.16715,-38.7091],[-59.16718,-38.7091],[-59.1672,-38.70912],[-59.16723,-38.70913],[-59.16727,-38.70914],[-59.16728,-38.70915],[-59.16731,-38.70916],[-59.16734,-38.70917],[-59.16735,-38.70917],[-59.16737,-38.70917],[-59.16741,-38.70917],[-59.16742,-38.70917],[-59.16744,-38.70917],[-59.16746,-38.70917],[-59.16749,-38.70916],[-59.16752,-38.70916],[-59.16755,-38.70915],[-59.16763,-38.70913],[-59.16764,-38.70913],[-59.16765,-38.70913],[-59.16766,-38.70913],[-59.16767,-38.70913],[-59.1677,-38.70913],[-59.16772,-38.70913],[-59.16773,-38.70913],[-59.16775,-38.70913],[-59.16777,-38.70913],[-59.16778,-38.70913],[-59.16779,-38.70913],[-59.16782,-38.70913],[-59.16785,-38.70913],[-59.16786,-38.70914],[-59.16788,-38.70914],[-59.1679,-38.70914],[-59.16792,-38.70915],[-59.16793,-38.70915],[-59.16797,-38.70916],[-59.16799,-38.70916],[-59.16801,-38.70918],[-59.16805,-38.70919],[-59.16807,-38.70919],[-59.16809,-38.70919],[-59.16811,-38.7092],[-59.16813,-38.7092],[-59.16816,-38.7092],[-59.16819,-38.7092],[-59.16823,-38.7092],[-59.16825,-38.7092],[-59.16826,-38.7092],[-59.16828,-38.7092],[-59.16831,-38.7092],[-59.16833,-38.7092],[-59.16835,-38.7092],[-59.16836,-38.7092],[-59.16838,-38.7092],[-59.16839,-38.7092],[-59.16841,-38.7092],[-59.16842,-38.70921],[-59.16844,-38.70921],[-59.16846,-38.70921],[-59.1685,-38.70922],[-59.16851,-38.70922],[-59.16854,-38.70923],[-59.16855,-38.70923],[-59.16858,-38.70923],[-59.16859,-38.70923],[-59.16862,-38.70923],[-59.16863,-38.70923],[-59.16865,-38.70924],[-59.16866,-38.70924],[-59.16868,-38.70924],[-59.16871,-38.70926],[-59.16872,-38.70926],[-59.16874,-38.70927],[-59.16876,-38.70928],[-59.16877,-38.70929],[-59.16878,-38.70929],[-59.1688,-38.70929],[-59.16881,-38.7093],[-59.16884,-38.7093],[-59.16885,-38.7093],[-59.16888,-38.7093],[-59.16889,-38.7093],[-59.16892,-38.7093],[-59.16896,-38.7093],[-59.16899,-38.7093],[-59.169,-38.7093],[-59.16903,-38.7093],[-59.16904,-38.7093],[-59.16906,-38.7093],[-59.16908,-38.7093],[-59.16911,-38.7093],[-59.16912,-38.7093],[-59.16915,-38.70928],[-59.16917,-38.70928],[-59.1692,-38.70927],[-59.16923,-38.70926],[-59.16927,-38.70924],[-59.1693,-38.70922],[-59.16932,-38.70921],[-59.16934,-38.7092],[-59.16935,-38.7092],[-59.16938,-38.70919],[-59.16941,-38.70919],[-59.16945,-38.70918],[-59.16948,-38.70918],[-59.16951,-38.70918],[-59.16953,-38.70918],[-59.16954,-38.70918],[-59.16957,-38.70918],[-59.1696,-38.70918],[-59.16963,-38.70918],[-59.16965,-38.70918],[-59.16967,-38.70918],[-59.1697,-38.70918],[-59.16972,-38.70918],[-59.16975,-38.70918],[-59.16977,-38.70918],[-59.1698,-38.70918],[-59.16982,-38.70918],[-59.16985,-38.70918],[-59.16986,-38.70918],[-59.16987,-38.70918],[-59.16989,-38.70919],[-59.16992,-38.70919],[-59.16994,-38.70919],[-59.16997,-38.70919],[-59.16998,-38.7092],[-59.17,-38.7092],[-59.17002,-38.70921],[-59.17003,-38.70921],[-59.17006,-38.70921],[-59.17008,-38.70922],[-59.1701,-38.70922],[-59.17012,-38.70922],[-59.17015,-38.70922],[-59.17017,-38.70922],[-59.17018,-38.70922],[-59.1702,-38.70922],[-59.17021,-38.70922],[-59.17024,-38.70922],[-59.17027,-38.70922],[-59.17029,-38.70922],[-59.1703,-38.70922],[-59.17032,-38.70922],[-59.17034,-38.70922],[-59.17036,-38.70922],[-59.17037,-38.70922],[-59.17038,-38.70922],[-59.17039,-38.70922],[-59.17041,-38.70922],[-59.17043,-38.70922],[-59.17046,-38.70922],[-59.17047,-38.70922],[-59.17049,-38.70922],[-59.1705,-38.70922],[-59.17053,-38.70922],[-59.17054,-38.70922],[-59.17055,-38.70922],[-59.17056,-38.70922],[-59.17057,-38.70922],[-59.17058,-38.70922],[-59.17059,-38.70922],[-59.1706,-38.70922],[-59.17063,-38.70922],[-59.17064,-38.70922],[-59.17067,-38.70922],[-59.17068,-38.70922],[-59.17069,-38.70922],[-59.1707,-38.70922],[-59.17071,-38.70922],[-59.17073,-38.70923],[-59.17074,-38.70923],[-59.17076,-38.70924],[-59.17077,-38.70924],[-59.17079,-38.70925],[-59.1708,-38.70925],[-59.17082,-38.70926],[-59.17085,-38.70926],[-59.17086,-38.70926],[-59.17087,-38.70926],[-59.17088,-38.70926],[-59.17091,-38.70926],[-59.17093,-38.70926],[-59.17094,-38.70926],[-59.17096,-38.70926],[-59.17097,-38.70926],[-59.17099,-38.70927],[-59.171,-38.70927],[-59.17101,-38.70927],[-59.17102,-38.70927],[-59.17103,-38.70927],[-59.17105,-38.70927],[-59.17107,-38.70927],[-59.17108,-38.70927],[-59.17109,-38.70927],[-59.1711,-38.70927],[-59.17111,-38.70927],[-59.17112,-38.70927],[-59.17113,-38.70927],[-59.17114,-38.70927],[-59.17116,-38.70927],[-59.17117,-38.70927],[-59.17118,-38.70927],[-59.17122,-38.70926],[-59.17123,-38.70926],[-59.17127,-38.70926],[-59.1713,-38.70926],[-59.17131,-38.70927],[-59.17132,-38.70927],[-59.17133,-38.70927],[-59.17135,-38.70927],[-59.17138,-38.70928],[-59.1714,-38.70929],[-59.17142,-38.70929],[-59.17145,-38.70929],[-59.17148,-38.7093],[-59.17148,-38.7093],[-59.17149,-38.7093],[-59.1715,-38.7093],[-59.17153,-38.70932],[-59.17156,-38.70932],[-59.17157,-38.70933],[-59.1716,-38.70933],[-59.17163,-38.70934],[-59.17165,-38.70935],[-59.17167,-38.70936],[-59.17169,-38.70937],[-59.1717,-38.70937],[-59.17172,-38.70938],[-59.17174,-38.70938],[-59.17177,-38.70939],[-59.17179,-38.70939],[-59.17182,-38.7094],[-59.17186,-38.7094],[-59.17188,-38.7094],[-59.17192,-38.7094],[-59.17194,-38.7094],[-59.17196,-38.7094],[-59.17198,-38.7094],[-59.17199,-38.7094],[-59.17201,-38.7094],[-59.17204,-38.7094],[-59.17205,-38.7094],[-59.17207,-38.70941],[-59.17209,-38.70941],[-59.17212,-38.70941],[-59.17214,-38.70941],[-59.17217,-38.70941],[-59.1722,-38.70941],[-59.17221,-38.70941],[-59.17224,-38.70941],[-59.17226,-38.70941],[-59.17227,-38.7094],[-59.1723,-38.7094],[-59.17234,-38.7094],[-59.17236,-38.7094],[-59.17238,-38.7094],[-59.1724,-38.7094],[-59.17241,-38.7094],[-59.17243,-38.7094],[-59.17244,-38.7094],[-59.17245,-38.7094],[-59.17246,-38.70941],[-59.17247,-38.70941],[-59.17249,-38.70942],[-59.1725,-38.70942],[-59.17252,-38.70943],[-59.17253,-38.70943],[-59.17256,-38.70944],[-59.17257,-38.70945],[-59.17258,-38.70945],[-59.17259,-38.70945],[-59.1726,-38.70945],[-59.17261,-38.70946],[-59.17262,-38.70946],[-59.17264,-38.70946],[-59.17266,-38.70946],[-59.17267,-38.70947],[-59.17268,-38.70947],[-59.17271,-38.70947],[-59.17273,-38.70947],[-59.17274,-38.70947],[-59.17275,-38.70947],[-59.17277,-38.70948],[-59.17278,-38.70948],[-59.1728,-38.70948],[-59.17281,-38.70949],[-59.17283,-38.7095],[-59.17285,-38.70951],[-59.17287,-38.70951],[-59.17289,-38.70952],[-59.17291,-38.70953],[-59.17292,-38.70953],[-59.17294,-38.70953],[-59.17295,-38.70953],[-59.17296,-38.70953],[-59.17297,-38.70953],[-59.17299,-38.70953],[-59.173,-38.70953],[-59.17301,-38.70953],[-59.17303,-38.70953],[-59.17304,-38.70953],[-59.17305,-38.70953],[-59.17307,-38.70954],[-59.17309,-38.70954],[-59.17311,-38.70954],[-59.17312,-38.70954],[-59.17313,-38.70955],[-59.17314,-38.70955],[-59.17316,-38.70955],[-59.17317,-38.70956],[-59.17318,-38.70956],[-59.17319,-38.70957],[-59.1732,-38.70957],[-59.17322,-38.70957],[-59.17323,-38.70958],[-59.17325,-38.70958],[-59.17326,-38.70958],[-59.17328,-38.70958],[-59.1733,-38.70958],[-59.17332,-38.70958],[-59.17332,-38.70959],[-59.17334,-38.70959],[-59.17335,-38.70959],[-59.17337,-38.70959],[-59.17338,-38.70959],[-59.17339,-38.70959],[-59.17339,-38.7096],[-59.17341,-38.7096],[-59.17349,-38.70965],[-59.1735,-38.70965],[-59.17354,-38.70965],[-59.17358,-38.70965],[-59.17361,-38.70965],[-59.17363,-38.70965],[-59.17365,-38.70965],[-59.17366,-38.70966],[-59.17369,-38.70967],[-59.1737,-38.70968],[-59.17372,-38.70969],[-59.17374,-38.7097],[-59.17375,-38.70971],[-59.17376,-38.70972],[-59.17378,-38.70972],[-59.17378,-38.70973],[-59.17379,-38.70973],[-59.17381,-38.70974],[-59.17382,-38.70975],[-59.17383,-38.70975],[-59.17385,-38.70976],[-59.17387,-38.70977],[-59.1739,-38.70978],[-59.17392,-38.70978],[-59.17395,-38.70978],[-59.17398,-38.70979],[-59.17399,-38.7098],[-59.174,-38.7098],[-59.17401,-38.7098],[-59.17401,-38.70981],[-59.17403,-38.70981],[-59.17405,-38.70982],[-59.17407,-38.70983],[-59.17408,-38.70983],[-59.1741,-38.70984],[-59.17411,-38.70984],[-59.17413,-38.70984],[-59.17414,-38.70984],[-59.17415,-38.70985],[-59.17416,-38.70985],[-59.17418,-38.70985],[-59.1742,-38.70985],[-59.17422,-38.70986],[-59.17423,-38.70986],[-59.17424,-38.70987],[-59.17426,-38.70987],[-59.17427,-38.70987],[-59.17429,-38.70988],[-59.1743,-38.70989],[-59.17432,-38.70989],[-59.17435,-38.7099],[-59.17437,-38.7099],[-59.17439,-38.70991],[-59.17441,-38.70992],[-59.17442,-38.70992],[-59.17443,-38.70992],[-59.17444,-38.70993],[-59.17444,-38.70994],[-59.17445,-38.70994],[-59.17446,-38.70995],[-59.17448,-38.70996],[-59.17449,-38.70996],[-59.1745,-38.70996],[-59.17451,-38.70997],[-59.17453,-38.70997],[-59.17454,-38.70997],[-59.17456,-38.70997],[-59.17456,-38.70997],[-59.17458,-38.70997],[-59.17459,-38.70998],[-59.17461,-38.70998],[-59.17462,-38.70998],[-59.17463,-38.70998],[-59.17464,-38.70999],[-59.17465,-38.70999],[-59.17467,-38.71001],[-59.17469,-38.71002],[-59.17471,-38.71004],[-59.17472,-38.71005],[-59.17474,-38.71005],[-59.17474,-38.71006],[-59.17475,-38.71006],[-59.17477,-38.71007],[-59.17479,-38.71008],[-59.17481,-38.71009],[-59.17483,-38.7101],[-59.17485,-38.71011],[-59.17487,-38.71012],[-59.17488,-38.71014],[-59.17489,-38.71014],[-59.17492,-38.71015],[-59.17494,-38.71017],[-59.17497,-38.71017],[-59.17498,-38.71017],[-59.175,-38.71018],[-59.17501,-38.71018],[-59.17503,-38.71019],[-59.17503,-38.71019],[-59.17505,-38.71019],[-59.17507,-38.7102],[-59.17509,-38.7102],[-59.1751,-38.7102],[-59.17512,-38.71021],[-59.17513,-38.71021],[-59.17515,-38.71022],[-59.17516,-38.71022],[-59.17517,-38.71022],[-59.17518,-38.71022],[-59.17519,-38.71023],[-59.1752,-38.71023],[-59.17522,-38.71025],[-59.17523,-38.71025],[-59.17523,-38.71026],[-59.17524,-38.71027],[-59.17525,-38.71028],[-59.17526,-38.71028],[-59.17527,-38.71029],[-59.17528,-38.71029],[-59.17529,-38.71029],[-59.1753,-38.7103],[-59.17531,-38.7103],[-59.17537,-38.71034],[-59.17538,-38.71035],[-59.17541,-38.71036],[-59.17543,-38.71036],[-59.17546,-38.71037],[-59.17547,-38.71037],[-59.17549,-38.71038],[-59.17552,-38.71039],[-59.17554,-38.7104],[-59.17556,-38.71041],[-59.17556,-38.71042],[-59.17558,-38.71042],[-59.17559,-38.71043],[-59.1756,-38.71043],[-59.17562,-38.71044],[-59.17564,-38.71045],[-59.17567,-38.71046],[-59.1757,-38.71046],[-59.17572,-38.71046],[-59.17574,-38.71047],[-59.17575,-38.71048],[-59.17577,-38.71048],[-59.17578,-38.71048],[-59.17579,-38.71048],[-59.17581,-38.71049],[-59.17582,-38.71049],[-59.17583,-38.7105],[-59.17586,-38.71051],[-59.17587,-38.71051],[-59.17588,-38.71051],[-59.17589,-38.71052],[-59.1759,-38.71052],[-59.1759,-38.71053],[-59.17592,-38.71053],[-59.17595,-38.71054],[-59.17596,-38.71054],[-59.17597,-38.71054],[-59.17598,-38.71054],[-59.176,-38.71055],[-59.17601,-38.71055],[-59.17603,-38.71056],[-59.17607,-38.71056],[-59.17611,-38.71056],[-59.17612,-38.71057],[-59.17615,-38.71057],[-59.17617,-38.71057],[-59.1762,-38.71057],[-59.17621,-38.71057],[-59.17623,-38.71058],[-59.17624,-38.71058],[-59.17626,-38.71058],[-59.17628,-38.71059],[-59.1763,-38.71059],[-59.17632,-38.7106],[-59.17635,-38.71061],[-59.17636,-38.71061],[-59.17639,-38.71062],[-59.17642,-38.71063],[-59.17645,-38.71064],[-59.17648,-38.71065],[-59.1765,-38.71066],[-59.17652,-38.71066],[-59.17654,-38.71066],[-59.17655,-38.71066],[-59.17657,-38.71067],[-59.17659,-38.71067],[-59.17661,-38.71067],[-59.17661,-38.71067],[-59.17664,-38.71067],[-59.17667,-38.71067],[-59.1767,-38.71067],[-59.17672,-38.71067],[-59.17674,-38.71068],[-59.17676,-38.71069],[-59.17679,-38.71069],[-59.17681,-38.71069],[-59.17683,-38.71069],[-59.17685,-38.7107],[-59.17687,-38.7107],[-59.17689,-38.7107],[-59.17692,-38.7107],[-59.17695,-38.7107],[-59.17697,-38.7107],[-59.17699,-38.7107],[-59.177,-38.7107],[-59.17701,-38.7107],[-59.17703,-38.7107],[-59.17705,-38.7107],[-59.17708,-38.7107],[-59.17709,-38.7107],[-59.17711,-38.7107],[-59.17712,-38.7107],[-59.17713,-38.7107],[-59.17716,-38.7107],[-59.17717,-38.7107],[-59.17718,-38.7107],[-59.1772,-38.7107],[-59.17722,-38.7107],[-59.17723,-38.7107],[-59.17725,-38.7107],[-59.17727,-38.7107],[-59.17729,-38.7107],[-59.17732,-38.7107],[-59.17735,-38.7107],[-59.17737,-38.7107],[-59.1774,-38.7107],[-59.17742,-38.7107],[-59.17744,-38.7107],[-59.17748,-38.7107],[-59.1775,-38.7107],[-59.17751,-38.7107],[-59.17753,-38.71071],[-59.17755,-38.71071],[-59.17758,-38.71071],[-59.17759,-38.71071],[-59.17762,-38.71071],[-59.17764,-38.71072],[-59.17765,-38.71072],[-59.17766,-38.71072],[-59.17767,-38.71072],[-59.17768,-38.71072],[-59.1777,-38.71073],[-59.17771,-38.71073],[-59.17773,-38.71073],[-59.17776,-38.71073],[-59.17778,-38.71074],[-59.17779,-38.71074],[-59.17782,-38.71074],[-59.17784,-38.71074],[-59.17785,-38.71074],[-59.17786,-38.71074],[-59.17788,-38.71074],[-59.17789,-38.71074],[-59.17789,-38.71075],[-59.17791,-38.71075],[-59.17793,-38.71075],[-59.17796,-38.71076],[-59.17798,-38.71076],[-59.17799,-38.71077],[-59.178,-38.71077],[-59.17802,-38.71077],[-59.17804,-38.71077],[-59.17805,-38.71077],[-59.17806,-38.71077],[-59.17808,-38.71077],[-59.1781,-38.71077],[-59.17812,-38.71077],[-59.17813,-38.71077],[-59.17814,-38.71077],[-59.17815,-38.71077],[-59.17816,-38.71077],[-59.17816,-38.71077],[-59.17817,-38.71077],[-59.17823,-38.71079],[-59.17824,-38.71079],[-59.17829,-38.71078],[-59.1783,-38.71078],[-59.17831,-38.71078],[-59.17832,-38.71077],[-59.17833,-38.71077],[-59.17835,-38.71077],[-59.17838,-38.71077],[-59.17839,-38.71077],[-59.17841,-38.71078],[-59.17844,-38.71079],[-59.17846,-38.71079],[-59.17848,-38.71079],[-59.17851,-38.7108],[-59.17854,-38.71081],[-59.17856,-38.71081],[-59.17857,-38.71081],[-59.17858,-38.71081],[-59.17859,-38.71082],[-59.1786,-38.71082],[-59.17862,-38.71082],[-59.17865,-38.71082],[-59.17867,-38.71082],[-59.17869,-38.71082],[-59.17872,-38.71082],[-59.17873,-38.71082],[-59.17876,-38.71082],[-59.17878,-38.71082],[-59.1788,-38.71082],[-59.17882,-38.71082],[-59.17885,-38.71082],[-59.17887,-38.71082],[-59.1789,-38.71082],[-59.17892,-38.71082],[-59.17895,-38.71082],[-59.17898,-38.71081],[-59.17901,-38.71081],[-59.17904,-38.7108],[-59.17906,-38.7108],[-59.17908,-38.7108],[-59.1791,-38.7108],[-59.17912,-38.7108],[-59.17913,-38.7108],[-59.17917,-38.7108],[-59.17918,-38.7108],[-59.17922,-38.7108],[-59.17925,-38.7108],[-59.17927,-38.7108],[-59.1793,-38.7108],[-59.17934,-38.7108],[-59.17937,-38.71079],[-59.17939,-38.71079],[-59.17942,-38.71078],[-59.17944,-38.71078],[-59.17947,-38.71077],[-59.17951,-38.71077],[-59.17954,-38.71077],[-59.17956,-38.71077],[-59.17958,-38.71077],[-59.17962,-38.71077],[-59.17963,-38.71078],[-59.17965,-38.71078],[-59.17967,-38.71078],[-59.17969,-38.71078],[-59.17971,-38.71079],[-59.17973,-38.71079],[-59.17975,-38.71079],[-59.17977,-38.71079],[-59.17979,-38.71079],[-59.17982,-38.71079],[-59.17985,-38.71079],[-59.17988,-38.71079],[-59.17992,-38.71079],[-59.17994,-38.7108],[-59.17996,-38.7108],[-59.17999,-38.7108],[-59.18002,-38.7108],[-59.18005,-38.71081],[-59.18009,-38.71081],[-59.18011,-38.71081],[-59.18013,-38.71082],[-59.18016,-38.71082],[-59.18016,-38.71082],[-59.1802,-38.71083],[-59.18021,-38.71083],[-59.18024,-38.71084],[-59.18026,-38.71084],[-59.18028,-38.71085],[-59.18029,-38.71085],[-59.18031,-38.71085],[-59.18034,-38.71085],[-59.18036,-38.71085],[-59.18038,-38.71085],[-59.18038,-38.71086],[-59.18039,-38.71086],[-59.1804,-38.71086],[-59.18042,-38.71087],[-59.18044,-38.71087],[-59.18045,-38.71087],[-59.18046,-38.71087],[-59.18047,-38.71087],[-59.18048,-38.71087],[-59.1805,-38.71087],[-59.18051,-38.71087],[-59.18053,-38.71087],[-59.18055,-38.71087],[-59.18056,-38.71087],[-59.18056,-38.71088],[-59.18057,-38.71088],[-59.18059,-38.7109],[-59.18061,-38.7109],[-59.18062,-38.71091],[-59.18063,-38.71091],[-59.18066,-38.71093],[-59.18067,-38.71093],[-59.18068,-38.71093],[-59.18069,-38.71093],[-59.18077,-38.71095],[-59.18078,-38.71095],[-59.1808,-38.71096],[-59.18081,-38.71096],[-59.18082,-38.71096],[-59.18085,-38.71096],[-59.18086,-38.71096],[-59.18088,-38.71096],[-59.1809,-38.71096],[-59.18091,-38.71096],[-59.18092,-38.71097],[-59.18093,-38.71098],[-59.18094,-38.71098],[-59.18095,-38.71099],[-59.18095,-38.71099],[-59.18096,-38.711],[-59.18098,-38.71101],[-59.18099,-38.71101],[-59.18102,-38.71102],[-59.18103,-38.71102],[-59.18105,-38.71104],[-59.18106,-38.71105],[-59.18108,-38.71106],[-59.18109,-38.71106],[-59.18112,-38.71107],[-59.18114,-38.71108],[-59.18115,-38.71108],[-59.18118,-38.71108],[-59.18122,-38.71108],[-59.18125,-38.71108],[-59.18129,-38.71108],[-59.18131,-38.71108],[-59.18133,-38.71108],[-59.18134,-38.71108],[-59.18138,-38.71108],[-59.18139,-38.71108],[-59.1814,-38.71108],[-59.18141,-38.71108],[-59.18143,-38.71108],[-59.18143,-38.71109],[-59.18144,-38.71109],[-59.18145,-38.71109],[-59.18147,-38.7111],[-59.1815,-38.71111],[-59.18151,-38.71111],[-59.18153,-38.71112],[-59.18154,-38.71112],[-59.18155,-38.71113],[-59.18157,-38.71114],[-59.18159,-38.71114],[-59.18161,-38.71114],[-59.18164,-38.71115],[-59.18167,-38.71115],[-59.18168,-38.71115],[-59.18171,-38.71116],[-59.18174,-38.71116],[-59.18175,-38.71116],[-59.18177,-38.71116],[-59.18178,-38.71116],[-59.18179,-38.71116],[-59.18181,-38.71116],[-59.18183,-38.71117],[-59.18186,-38.71117],[-59.18188,-38.71117],[-59.18191,-38.71118],[-59.18193,-38.71118],[-59.18194,-38.71119],[-59.18196,-38.71119],[-59.182,-38.7112],[-59.18203,-38.71121],[-59.18207,-38.71122],[-59.18208,-38.71122],[-59.18211,-38.71123],[-59.18214,-38.71124],[-59.18214,-38.71125],[-59.18217,-38.71126],[-59.18219,-38.71126],[-59.18222,-38.71126],[-59.18223,-38.71127],[-59.18226,-38.71128],[-59.18228,-38.71129],[-59.18229,-38.71131],[-59.18231,-38.71131],[-59.18233,-38.71133],[-59.18233,-38.71133],[-59.18235,-38.71134],[-59.18238,-38.71134],[-59.18239,-38.71135],[-59.18241,-38.71136],[-59.18242,-38.71136],[-59.18244,-38.71136],[-59.18246,-38.71136],[-59.18247,-38.71136],[-59.18248,-38.71136],[-59.18248,-38.71136],[-59.18251,-38.71136],[-59.18253,-38.71136],[-59.18253,-38.71137],[-59.18253,-38.71137],[-59.18255,-38.71138],[-59.18256,-38.71138],[-59.18258,-38.71139],[-59.18259,-38.71139],[-59.18261,-38.7114],[-59.18262,-38.71141],[-59.18263,-38.71141],[-59.18265,-38.71142],[-59.18268,-38.71142],[-59.1827,-38.71143],[-59.18272,-38.71144],[-59.18275,-38.71144],[-59.18277,-38.71144],[-59.18278,-38.71145],[-59.18281,-38.71146],[-59.18283,-38.71146],[-59.18284,-38.71147],[-59.18285,-38.71147],[-59.18287,-38.71147],[-59.18291,-38.71147],[-59.18292,-38.71147],[-59.18295,-38.71147],[-59.18296,-38.71147],[-59.18297,-38.71147],[-59.18298,-38.71147],[-59.18301,-38.71147],[-59.18302,-38.71147],[-59.18305,-38.71147],[-59.18307,-38.71146],[-59.18309,-38.71146],[-59.18312,-38.71145],[-59.18314,-38.71144],[-59.18314,-38.71144],[-59.18316,-38.71143],[-59.18318,-38.71143],[-59.18319,-38.71142],[-59.18321,-38.71142],[-59.18323,-38.71142],[-59.18325,-38.71142],[-59.18328,-38.71142],[-59.1833,-38.71142],[-59.18332,-38.71142],[-59.18334,-38.71142],[-59.18336,-38.71142],[-59.18339,-38.71142],[-59.1834,-38.71142],[-59.18342,-38.71142],[-59.18343,-38.71142],[-59.18345,-38.71142],[-59.18346,-38.71143],[-59.18347,-38.71143],[-59.18349,-38.71144],[-59.18349,-38.71145],[-59.18351,-38.71145],[-59.18352,-38.71146],[-59.18354,-38.71147],[-59.18356,-38.71148],[-59.18359,-38.71148],[-59.18361,-38.71149],[-59.18362,-38.71149],[-59.18365,-38.7115],[-59.18365,-38.7115],[-59.18366,-38.71151],[-59.18368,-38.71151],[-59.18369,-38.71151],[-59.18371,-38.71151],[-59.18372,-38.71151],[-59.18373,-38.71151],[-59.18375,-38.71151],[-59.18375,-38.71152],[-59.18377,-38.71152],[-59.18378,-38.71152],[-59.1838,-38.71152],[-59.18383,-38.71152],[-59.18386,-38.71152],[-59.18389,-38.71152],[-59.18391,-38.71152],[-59.18393,-38.71152],[-59.18394,-38.71152],[-59.18397,-38.71152],[-59.18398,-38.71152],[-59.18401,-38.71152],[-59.18403,-38.71152],[-59.18406,-38.71152],[-59.18407,-38.71152],[-59.18409,-38.71152],[-59.18411,-38.71152],[-59.18411,-38.71152],[-59.18413,-38.71152],[-59.18415,-38.71152],[-59.18417,-38.71152],[-59.18419,-38.71152],[-59.1842,-38.71152],[-59.18421,-38.71152],[-59.18424,-38.71152],[-59.18427,-38.71152],[-59.1843,-38.71152],[-59.18432,-38.71152],[-59.18434,-38.71152],[-59.18435,-38.71152],[-59.18436,-38.71152],[-59.18437,-38.71152],[-59.18452,-38.71152],[-59.18453,-38.71152],[-59.18456,-38.71152],[-59.18458,-38.71153],[-59.1846,-38.71154],[-59.18461,-38.71154],[-59.18464,-38.71154],[-59.18467,-38.71154],[-59.1847,-38.71155],[-59.18471,-38.71155],[-59.18473,-38.71155],[-59.18475,-38.71155],[-59.18476,-38.71155],[-59.18478,-38.71155],[-59.18481,-38.71155],[-59.18484,-38.71156],[-59.18488,-38.71156],[-59.1849,-38.71156],[-59.18493,-38.71156],[-59.18497,-38.71156],[-59.185,-38.71156],[-59.18503,-38.71156],[-59.18506,-38.71156],[-59.18509,-38.71156],[-59.18512,-38.71156],[-59.18516,-38.71156],[-59.1852,-38.71156],[-59.18524,-38.71156],[-59.18525,-38.71156],[-59.18529,-38.71156],[-59.18533,-38.71156],[-59.18537,-38.71156],[-59.1854,-38.71156],[-59.18542,-38.71156],[-59.18545,-38.71156],[-59.18547,-38.71156],[-59.18549,-38.71156],[-59.18553,-38.71156],[-59.18557,-38.71156],[-59.1856,-38.71157],[-59.18561,-38.71157],[-59.18563,-38.71157],[-59.18566,-38.71158],[-59.18568,-38.71158],[-59.1857,-38.71159],[-59.18572,-38.71159],[-59.18574,-38.71159],[-59.18578,-38.7116],[-59.18581,-38.7116],[-59.18584,-38.7116],[-59.18586,-38.7116],[-59.18587,-38.7116],[-59.18589,-38.7116],[-59.18592,-38.7116],[-59.18595,-38.7116],[-59.18597,-38.7116],[-59.18599,-38.7116],[-59.18602,-38.7116],[-59.18605,-38.7116],[-59.18608,-38.7116],[-59.1861,-38.7116],[-59.18613,-38.7116],[-59.18617,-38.7116],[-59.18619,-38.7116],[-59.18623,-38.7116],[-59.18627,-38.7116],[-59.18628,-38.7116],[-59.1863,-38.7116],[-59.18633,-38.7116],[-59.18634,-38.7116],[-59.18637,-38.7116],[-59.18639,-38.7116],[-59.18641,-38.7116],[-59.18643,-38.71161],[-59.18647,-38.71162],[-59.18648,-38.71162],[-59.18649,-38.71162],[-59.18652,-38.71162],[-59.18654,-38.71162],[-59.18657,-38.71162],[-59.1866,-38.71163],[-59.18663,-38.71163],[-59.18666,-38.71163],[-59.18669,-38.71164],[-59.18673,-38.71164],[-59.18676,-38.71164],[-59.18679,-38.71164],[-59.1868,-38.71164],[-59.18683,-38.71164],[-59.18686,-38.71164],[-59.18689,-38.71164],[-59.18692,-38.71164],[-59.18696,-38.71164],[-59.18699,-38.71164],[-59.18702,-38.71164],[-59.18704,-38.71164],[-59.18706,-38.71164],[-59.18709,-38.71165],[-59.18712,-38.71165],[-59.18715,-38.71165],[-59.18717,-38.71166],[-59.18718,-38.71166],[-59.1872,-38.71166],[-59.18722,-38.71167],[-59.18725,-38.71168],[-59.18727,-38.71168],[-59.18728,-38.71168],[-59.1873,-38.71168],[-59.18732,-38.71168],[-59.18735,-38.71168],[-59.18739,-38.71168],[-59.18742,-38.71168],[-59.18745,-38.71168],[-59.18748,-38.71168],[-59.1875,-38.71168],[-59.18751,-38.71168],[-59.18753,-38.71168],[-59.18757,-38.71168],[-59.18761,-38.71168],[-59.18764,-38.71168],[-59.18766,-38.71168],[-59.1877,-38.71168],[-59.18772,-38.71168],[-59.18773,-38.71168],[-59.18776,-38.71168],[-59.18777,-38.71168],[-59.1878,-38.71169],[-59.18782,-38.71169],[-59.18786,-38.71169],[-59.18788,-38.7117],[-59.18791,-38.7117],[-59.18792,-38.7117],[-59.18795,-38.7117],[-59.18798,-38.7117],[-59.18801,-38.7117],[-59.18802,-38.7117],[-59.18803,-38.7117],[-59.18805,-38.7117],[-59.18806,-38.7117],[-59.18808,-38.7117],[-59.18811,-38.7117],[-59.18816,-38.7117],[-59.18817,-38.7117],[-59.18818,-38.7117],[-59.18819,-38.7117],[-59.18822,-38.71171],[-59.18825,-38.71172],[-59.18828,-38.71172],[-59.18832,-38.71173],[-59.18835,-38.71173],[-59.18838,-38.71173],[-59.1884,-38.71173],[-59.18842,-38.71173],[-59.18844,-38.71173],[-59.18845,-38.71173],[-59.18847,-38.71173],[-59.18849,-38.71173],[-59.18851,-38.71173],[-59.18852,-38.71173],[-59.18854,-38.71173],[-59.18857,-38.71174],[-59.18859,-38.71174],[-59.18861,-38.71174],[-59.18864,-38.71175],[-59.18865,-38.71175],[-59.18868,-38.71176],[-59.18871,-38.71176],[-59.18873,-38.71177],[-59.18873,-38.71177],[-59.18874,-38.71178],[-59.18877,-38.71179],[-59.18878,-38.71179],[-59.1888,-38.71179],[-59.18883,-38.71179],[-59.18885,-38.71179],[-59.18888,-38.71179],[-59.18891,-38.71179],[-59.18892,-38.71179],[-59.18893,-38.71179],[-59.18896,-38.71179],[-59.18898,-38.71179],[-59.18901,-38.71179],[-59.18903,-38.71179],[-59.18904,-38.71179],[-59.18906,-38.71179],[-59.18908,-38.71179],[-59.18909,-38.71179],[-59.18911,-38.7118],[-59.18912,-38.7118],[-59.18915,-38.71181],[-59.18916,-38.71181],[-59.18917,-38.71182],[-59.18932,-38.71187],[-59.18933,-38.71187],[-59.18934,-38.71187],[-59.18939,-38.71187],[-59.18943,-38.71187],[-59.18946,-38.71187],[-59.1895,-38.71187],[-59.18954,-38.71187],[-59.18956,-38.71187],[-59.18959,-38.71187],[-59.18963,-38.71187],[-59.18965,-38.71188],[-59.18968,-38.71188],[-59.18971,-38.71188],[-59.18974,-38.71188],[-59.18977,-38.71188],[-59.18981,-38.71188],[-59.18985,-38.71188],[-59.18989,-38.71188],[-59.18991,-38.71188],[-59.18992,-38.71188],[-59.18995,-38.71188],[-59.18998,-38.71188],[-59.19001,-38.71188],[-59.19003,-38.71188],[-59.19006,-38.71188],[-59.19011,-38.71188],[-59.19014,-38.71187],[-59.19018,-38.71187],[-59.19021,-38.71186],[-59.19023,-38.71185],[-59.19026,-38.71185],[-59.19028,-38.71184],[-59.19031,-38.71184],[-59.19031,-38.71184],[-59.19033,-38.71182],[-59.19037,-38.71181],[-59.19041,-38.7118],[-59.19043,-38.7118],[-59.19045,-38.71179],[-59.19048,-38.71179],[-59.19051,-38.71179],[-59.19054,-38.71179],[-59.19055,-38.71179],[-59.19058,-38.71179],[-59.1906,-38.71179],[-59.19062,-38.71179],[-59.19065,-38.71178],[-59.19069,-38.71177],[-59.19073,-38.71176],[-59.19077,-38.71175],[-59.1908,-38.71175],[-59.19082,-38.71174],[-59.19084,-38.71173],[-59.19085,-38.71172],[-59.19087,-38.71172],[-59.19088,-38.7117],[-59.19089,-38.71169],[-59.1909,-38.71169],[-59.19094,-38.71168],[-59.19096,-38.71167],[-59.19097,-38.71166],[-59.191,-38.71165],[-59.19101,-38.71164],[-59.19105,-38.71163],[-59.19108,-38.71163],[-59.1911,-38.71163],[-59.19113,-38.71163],[-59.19116,-38.71163],[-59.19118,-38.71162],[-59.19119,-38.71162],[-59.19122,-38.71164],[-59.19123,-38.71164],[-59.1913,-38.71164],[-59.19132,-38.71164],[-59.19133,-38.71164],[-59.19136,-38.71164],[-59.19137,-38.71165],[-59.19139,-38.71166],[-59.19142,-38.71166],[-59.19144,-38.71166],[-59.19146,-38.71167],[-59.19147,-38.71167],[-59.19149,-38.71167],[-59.1915,-38.71168],[-59.19152,-38.71168],[-59.19154,-38.71168],[-59.19155,-38.71168],[-59.19156,-38.71168],[-59.19157,-38.71168],[-59.19158,-38.71169],[-59.1916,-38.71169],[-59.19161,-38.71169],[-59.19161,-38.71169],[-59.19162,-38.71169],[-59.19163,-38.71169],[-59.19164,-38.71169],[-59.19165,-38.71169],[-59.19166,-38.71169],[-59.19168,-38.71169],[-59.19169,-38.71169],[-59.19172,-38.71169],[-59.19173,-38.71169],[-59.19175,-38.71169],[-59.19176,-38.71169],[-59.19178,-38.71169],[-59.19179,-38.71169],[-59.1918,-38.71169],[-59.19182,-38.71169],[-59.19183,-38.71169],[-59.19186,-38.71169],[-59.19187,-38.71169],[-59.19191,-38.71169],[-59.19193,-38.71169],[-59.19194,-38.71169],[-59.19198,-38.71169],[-59.19199,-38.71169],[-59.19202,-38.71169],[-59.19203,-38.71169],[-59.19205,-38.71169],[-59.19208,-38.71169],[-59.1921,-38.71169],[-59.19214,-38.71169],[-59.19216,-38.71169],[-59.19217,-38.71169],[-59.1922,-38.71169],[-59.19221,-38.71169],[-59.19226,-38.71169],[-59.19232,-38.71169],[-59.19234,-38.71169],[-59.19237,-38.71169],[-59.1924,-38.71169],[-59.19241,-38.71169],[-59.19243,-38.71169],[-59.19247,-38.71169],[-59.1925,-38.71169],[-59.19251,-38.71169],[-59.19253,-38.71169],[-59.19256,-38.71169],[-59.19259,-38.71169],[-59.19261,-38.71169],[-59.19265,-38.71169],[-59.19267,-38.71169],[-59.1927,-38.71169],[-59.19272,-38.71169],[-59.19273,-38.71169],[-59.19275,-38.71169],[-59.19276,-38.71169],[-59.19278,-38.71169],[-59.1928,-38.71169],[-59.19283,-38.71169],[-59.19284,-38.71169],[-59.19285,-38.71169],[-59.19289,-38.71169],[-59.1929,-38.71169],[-59.19293,-38.71169],[-59.19296,-38.71169],[-59.19297,-38.71169],[-59.19299,-38.71169],[-59.19302,-38.71169],[-59.19303,-38.71169],[-59.19307,-38.71169],[-59.19309,-38.71169],[-59.19311,-38.71169],[-59.19313,-38.71169],[-59.19314,-38.71169],[-59.19315,-38.71169],[-59.19318,-38.71169],[-59.19321,-38.71169],[-59.19323,-38.71169],[-59.19324,-38.71169],[-59.19326,-38.71169],[-59.19327,-38.71169],[-59.19329,-38.71169],[-59.19332,-38.71171],[-59.19333,-38.71171],[-59.19336,-38.71172],[-59.19337,-38.71172],[-59.19339,-38.71173],[-59.19339,-38.71174],[-59.19339,-38.71174],[-59.19342,-38.71175],[-59.19343,-38.71175],[-59.19344,-38.71175],[-59.19345,-38.71175],[-59.19348,-38.71175],[-59.19349,-38.71176],[-59.19351,-38.71176],[-59.19353,-38.71176],[-59.19353,-38.71177],[-59.19354,-38.71177],[-59.19357,-38.71178],[-59.19358,-38.71178],[-59.19361,-38.71178],[-59.19365,-38.71179],[-59.19367,-38.71179],[-59.19373,-38.71179],[-59.19374,-38.71179],[-59.19382,-38.71179],[-59.19383,-38.71179],[-59.19387,-38.71179],[-59.1939,-38.71179],[-59.19392,-38.71179],[-59.19393,-38.71179],[-59.19397,-38.71179],[-59.19399,-38.71179],[-59.194,-38.71179],[-59.19401,-38.71179],[-59.19403,-38.71179],[-59.19404,-38.7118],[-59.19407,-38.7118],[-59.19408,-38.7118],[-59.1941,-38.71181],[-59.19411,-38.71181],[-59.19412,-38.71181],[-59.19414,-38.71182],[-59.19415,-38.71182],[-59.19418,-38.71183],[-59.19418,-38.71183],[-59.19421,-38.71183],[-59.19429,-38.71186],[-59.19431,-38.71186],[-59.19433,-38.71187],[-59.19435,-38.71187],[-59.19437,-38.71188],[-59.19437,-38.71188],[-59.1944,-38.71189],[-59.19442,-38.71189],[-59.19444,-38.71189],[-59.19449,-38.71191],[-59.19452,-38.71192],[-59.19455,-38.71192],[-59.19456,-38.71192],[-59.19459,-38.71192],[-59.19461,-38.71192],[-59.19463,-38.71192],[-59.19466,-38.71192],[-59.19467,-38.71192],[-59.19468,-38.71192],[-59.19471,-38.71192],[-59.19472,-38.71192],[-59.19474,-38.71192],[-59.19476,-38.71192],[-59.19477,-38.71193],[-59.19477,-38.71193],[-59.19484,-38.71193],[-59.19487,-38.71193],[-59.19491,-38.71193],[-59.19492,-38.71193],[-59.19497,-38.71193],[-59.19498,-38.71194],[-59.19501,-38.71194],[-59.19506,-38.71194],[-59.19507,-38.71195],[-59.19508,-38.71195],[-59.19511,-38.71195],[-59.19513,-38.71195],[-59.19515,-38.71195],[-59.19516,-38.71195],[-59.19517,-38.71196],[-59.19518,-38.71196],[-59.1952,-38.71196],[-59.19521,-38.71197],[-59.19522,-38.71197],[-59.19526,-38.71199],[-59.19528,-38.71199],[-59.1953,-38.71199],[-59.19532,-38.712],[-59.19533,-38.712],[-59.19535,-38.712],[-59.19537,-38.71201],[-59.19539,-38.71201],[-59.19541,-38.71202],[-59.19545,-38.71202],[-59.19548,-38.71202],[-59.19549,-38.71202],[-59.19551,-38.71203],[-59.19553,-38.71203],[-59.19554,-38.71203],[-59.19556,-38.71204],[-59.19557,-38.71204],[-59.1956,-38.71204],[-59.19561,-38.71204],[-59.19563,-38.71204],[-59.19564,-38.71204],[-59.19568,-38.71205],[-59.19571,-38.71205],[-59.19572,-38.71205],[-59.19574,-38.71205],[-59.19575,-38.71205],[-59.19576,-38.71205],[-59.19577,-38.71205],[-59.19579,-38.71205],[-59.19581,-38.71205],[-59.19583,-38.71205],[-59.19585,-38.71205],[-59.19588,-38.71205],[-59.19589,-38.71205],[-59.1959,-38.71205],[-59.19591,-38.71205],[-59.19593,-38.71205],[-59.19595,-38.71205],[-59.19596,-38.71205],[-59.19597,-38.71205],[-59.19598,-38.71205],[-59.19612,-38.71205],[-59.19613,-38.71205],[-59.19614,-38.71205],[-59.19619,-38.71207],[-59.19621,-38.71207],[-59.19625,-38.71207],[-59.19627,-38.71207],[-59.19629,-38.71207],[-59.1963,-38.71207],[-59.19635,-38.71208],[-59.19636,-38.71208],[-59.19639,-38.71208],[-59.19641,-38.71208],[-59.19646,-38.71208],[-59.19648,-38.71208],[-59.19651,-38.71208],[-59.19653,-38.71208],[-59.19654,-38.71208],[-59.19656,-38.71208],[-59.19657,-38.71208],[-59.1966,-38.71208],[-59.19666,-38.71208],[-59.19669,-38.71208],[-59.19673,-38.71208],[-59.19676,-38.71209],[-59.19677,-38.71209],[-59.19678,-38.71209],[-59.1968,-38.71209],[-59.19681,-38.71209],[-59.19683,-38.71209],[-59.19686,-38.71209],[-59.19688,-38.71209],[-59.19692,-38.71209],[-59.19694,-38.71209],[-59.19697,-38.71209],[-59.19699,-38.71208],[-59.197,-38.71208],[-59.19707,-38.71207],[-59.19708,-38.71207],[-59.19709,-38.71207],[-59.19712,-38.71207],[-59.19713,-38.71207],[-59.19715,-38.71207],[-59.19716,-38.71207],[-59.19718,-38.71207],[-59.19725,-38.71207],[-59.19728,-38.71207],[-59.1973,-38.71206],[-59.19731,-38.71206],[-59.19732,-38.71206],[-59.19733,-38.71206],[-59.19735,-38.71206],[-59.19737,-38.71206],[-59.19741,-38.71206],[-59.19746,-38.71205],[-59.19748,-38.71205],[-59.19751,-38.71204],[-59.19754,-38.71203],[-59.19756,-38.71203],[-59.19757,-38.71203],[-59.19761,-38.71202],[-59.19764,-38.71202],[-59.19767,-38.71201],[-59.1977,-38.71201],[-59.19771,-38.71201],[-59.19773,-38.71201],[-59.19776,-38.71201],[-59.19778,-38.71201],[-59.1978,-38.71202],[-59.19784,-38.71204],[-59.19785,-38.71204],[-59.19787,-38.71204],[-59.19789,-38.71205],[-59.19789,-38.71206],[-59.1979,-38.71206],[-59.19793,-38.71207],[-59.19793,-38.71207],[-59.19794,-38.71209],[-59.19797,-38.71209],[-59.19798,-38.7121],[-59.19803,-38.7121],[-59.19806,-38.71211],[-59.19806,-38.71211],[-59.19808,-38.71212],[-59.1981,-38.71212],[-59.19813,-38.71212],[-59.19814,-38.71212],[-59.19817,-38.71212],[-59.19819,-38.71212],[-59.1982,-38.71212],[-59.19821,-38.71212],[-59.19824,-38.71212],[-59.19826,-38.71212],[-59.19829,-38.71213],[-59.19831,-38.71213],[-59.19832,-38.71213],[-59.19832,-38.71213],[-59.19833,-38.71213],[-59.19836,-38.71213],[-59.19839,-38.71215],[-59.19842,-38.71215],[-59.19846,-38.71215],[-59.19847,-38.71215],[-59.19848,-38.71215],[-59.1985,-38.71215],[-59.19851,-38.71215],[-59.19852,-38.71215],[-59.19853,-38.71215],[-59.19854,-38.71215],[-59.19856,-38.71215],[-59.19858,-38.71215],[-59.19861,-38.71214],[-59.19862,-38.71214],[-59.19864,-38.71214],[-59.19866,-38.71214],[-59.19868,-38.71214],[-59.19869,-38.71214],[-59.19872,-38.71214],[-59.19872,-38.71214],[-59.19875,-38.71214],[-59.19877,-38.71214],[-59.19878,-38.71214],[-59.1988,-38.71215],[-59.19881,-38.71215],[-59.19882,-38.71215],[-59.19884,-38.71215],[-59.19887,-38.71215],[-59.19889,-38.71215],[-59.19891,-38.71215],[-59.19892,-38.71215],[-59.19893,-38.71215],[-59.19894,-38.71215],[-59.19895,-38.71215],[-59.19896,-38.71215],[-59.19897,-38.71215],[-59.199,-38.71215],[-59.19902,-38.71215],[-59.19903,-38.71215],[-59.19905,-38.71215],[-59.19909,-38.71215],[-59.19911,-38.71215],[-59.19912,-38.71215],[-59.19913,-38.71215],[-59.19915,-38.71215],[-59.19917,-38.71216],[-59.19919,-38.71216],[-59.1992,-38.71216],[-59.19921,-38.71217],[-59.19922,-38.71217],[-59.19923,-38.71217],[-59.19924,-38.71217],[-59.19925,-38.71218],[-59.19927,-38.71219],[-59.19928,-38.71219],[-59.19929,-38.7122],[-59.19931,-38.71221],[-59.19931,-38.71221],[-59.19933,-38.71221],[-59.19936,-38.71221],[-59.19937,-38.71222],[-59.19938,-38.71222],[-59.19939,-38.71222],[-59.1994,-38.71222],[-59.19941,-38.71222],[-59.19943,-38.71222],[-59.19944,-38.71222],[-59.19945,-38.71222],[-59.19947,-38.71222],[-59.19949,-38.71222],[-59.19951,-38.71222],[-59.19951,-38.71222],[-59.19952,-38.71222],[-59.19955,-38.71222],[-59.19958,-38.71223],[-59.19959,-38.71223],[-59.1996,-38.71223],[-59.19961,-38.71223],[-59.19962,-38.71223],[-59.19963,-38.71223],[-59.19964,-38.71223],[-59.19966,-38.71223],[-59.19968,-38.71223],[-59.1997,-38.71223],[-59.19971,-38.71223],[-59.19972,-38.71223],[-59.19973,-38.71223],[-59.19974,-38.71223],[-59.19975,-38.71223],[-59.19977,-38.71223],[-59.19979,-38.71223],[-59.1998,-38.71223],[-59.19981,-38.71224],[-59.19982,-38.71224],[-59.19983,-38.71224],[-59.19985,-38.71224],[-59.19986,-38.71224],[-59.19987,-38.71224],[-59.1999,-38.71224],[-59.19992,-38.71224],[-59.19993,-38.71224],[-59.19994,-38.71224],[-59.19996,-38.71224],[-59.19997,-38.71224],[-59.19998,-38.71224],[-59.2,-38.71224],[-59.20005,-38.71225],[-59.20005,-38.71226],[-59.20007,-38.71228],[-59.20011,-38.71232],[-59.20012,-38.71232],[-59.20015,-38.71234],[-59.20017,-38.71234],[-59.20018,-38.71234],[-59.20021,-38.71235],[-59.20022,-38.71235],[-59.20024,-38.71235],[-59.20027,-38.71235],[-59.20028,-38.71235],[-59.2003,-38.71235],[-59.20034,-38.71235],[-59.20037,-38.71235],[-59.20038,-38.71235],[-59.2004,-38.71235],[-59.20041,-38.71235],[-59.20043,-38.71236],[-59.20044,-38.71236],[-59.20045,-38.71236],[-59.20046,-38.71236],[-59.20047,-38.71236],[-59.20054,-38.71236],[-59.20056,-38.71236],[-59.20061,-38.71236],[-59.20063,-38.71236],[-59.20065,-38.71236],[-59.20069,-38.71237],[-59.2007,-38.71237],[-59.20073,-38.71237],[-59.20075,-38.71238],[-59.20077,-38.71238],[-59.20081,-38.71238],[-59.20083,-38.71238],[-59.20085,-38.71239],[-59.20087,-38.7124],[-59.20088,-38.7124],[-59.20089,-38.7124],[-59.2009,-38.71241],[-59.20093,-38.71241],[-59.20094,-38.71241],[-59.20099,-38.71241],[-59.201,-38.71241],[-59.20105,-38.71241],[-59.20106,-38.71241],[-59.20109,-38.71241],[-59.20112,-38.71241],[-59.20114,-38.71241],[-59.20116,-38.71241],[-59.20119,-38.71241],[-59.20121,-38.71241],[-59.20126,-38.71241],[-59.20127,-38.71241],[-59.20128,-38.71242],[-59.20131,-38.71243],[-59.20133,-38.71243],[-59.20134,-38.71243],[-59.20136,-38.71243],[-59.20137,-38.71243],[-59.20138,-38.71244],[-59.20141,-38.71244],[-59.20142,-38.71244],[-59.20143,-38.71244],[-59.20144,-38.71244],[-59.20145,-38.71245],[-59.20146,-38.71245],[-59.20148,-38.71245],[-59.2015,-38.71245],[-59.20151,-38.71245],[-59.20153,-38.71245],[-59.20154,-38.71245],[-59.20157,-38.71245],[-59.2016,-38.71245],[-59.20164,-38.71245],[-59.20166,-38.71245],[-59.20167,-38.71245],[-59.20168,-38.71245],[-59.20168,-38.71245],[-59.20169,-38.71245],[-59.2017,-38.71245],[-59.20174,-38.71245],[-59.20176,-38.71245],[-59.20178,-38.71244],[-59.20181,-38.71244],[-59.20184,-38.71244],[-59.20186,-38.71244],[-59.20188,-38.71244],[-59.2019,-38.71244],[-59.20193,-38.71244],[-59.20195,-38.71244],[-59.20196,-38.71244],[-59.20198,-38.71244],[-59.202,-38.71245],[-59.20201,-38.71245],[-59.20202,-38.71246],[-59.20203,-38.71246],[-59.20204,-38.71247],[-59.20206,-38.71248],[-59.20207,-38.71248],[-59.20207,-38.71249],[-59.20207,-38.71249],[-59.20208,-38.7125],[-59.2021,-38.71251],[-59.20211,-38.71251],[-59.20212,-38.71252],[-59.20218,-38.71253],[-59.20219,-38.71253],[-59.20221,-38.71254],[-59.20223,-38.71254],[-59.20226,-38.71254],[-59.20227,-38.71254],[-59.20229,-38.71254],[-59.2023,-38.71254],[-59.20232,-38.71254],[-59.20233,-38.71254],[-59.20234,-38.71255],[-59.20235,-38.71255],[-59.20236,-38.71256],[-59.20238,-38.71256],[-59.20239,-38.71256],[-59.2024,-38.71257],[-59.20242,-38.71257],[-59.20244,-38.71257],[-59.20245,-38.71257],[-59.20246,-38.71257],[-59.20247,-38.71257],[-59.20248,-38.71257],[-59.20249,-38.71257],[-59.20251,-38.71257],[-59.20252,-38.71257],[-59.20254,-38.71257],[-59.20256,-38.71257],[-59.20257,-38.71258],[-59.20258,-38.71258],[-59.20259,-38.71258],[-59.20261,-38.71259],[-59.20263,-38.71259],[-59.20265,-38.71259],[-59.20268,-38.71259],[-59.20271,-38.71259],[-59.20274,-38.71259],[-59.20277,-38.71259],[-59.20279,-38.71259],[-59.20282,-38.71259],[-59.20284,-38.71259],[-59.20286,-38.71259],[-59.20288,-38.71259],[-59.2029,-38.71259],[-59.20292,-38.71259],[-59.20295,-38.71259],[-59.20297,-38.71259],[-59.20299,-38.71259],[-59.203,-38.71259],[-59.20302,-38.71259],[-59.20305,-38.71259],[-59.20307,-38.71259],[-59.2031,-38.7126],[-59.20313,-38.71261],[-59.20315,-38.71261],[-59.20317,-38.71262],[-59.20319,-38.71262],[-59.20321,-38.71262],[-59.20323,-38.71263],[-59.20324,-38.71264],[-59.20325,-38.71265],[-59.20326,-38.71266],[-59.20327,-38.71266],[-59.20329,-38.71267],[-59.2033,-38.71267],[-59.20334,-38.71268],[-59.20335,-38.71268],[-59.20336,-38.71268],[-59.20338,-38.71268],[-59.20339,-38.71268],[-59.20342,-38.71268],[-59.20343,-38.71268],[-59.20344,-38.71268],[-59.20345,-38.71268],[-59.20347,-38.71268],[-59.20349,-38.71268],[-59.20351,-38.71268],[-59.20352,-38.71268],[-59.20354,-38.71268],[-59.20355,-38.71268],[-59.20356,-38.71268],[-59.20358,-38.71268],[-59.20359,-38.71268],[-59.20361,-38.71269],[-59.20364,-38.7127],[-59.20367,-38.7127],[-59.20369,-38.7127],[-59.20372,-38.71271],[-59.20374,-38.71272],[-59.20378,-38.71272],[-59.2038,-38.71272],[-59.20384,-38.71272],[-59.20385,-38.71271],[-59.20387,-38.7127],[-59.20389,-38.7127],[-59.20391,-38.71269],[-59.20392,-38.71269],[-59.20394,-38.71269],[-59.20395,-38.71269],[-59.20397,-38.71269],[-59.20398,-38.71269],[-59.20399,-38.71269],[-59.204,-38.71269],[-59.20401,-38.71269],[-59.20402,-38.71269],[-59.20403,-38.7127],[-59.20404,-38.71271],[-59.20404,-38.71272],[-59.20405,-38.71273],[-59.20405,-38.71274],[-59.20406,-38.71274],[-59.20407,-38.71274],[-59.20409,-38.71273],[-59.2041,-38.71273],[-59.20411,-38.71273],[-59.20412,-38.71273],[-59.20413,-38.71273],[-59.20414,-38.71273],[-59.20415,-38.71273],[-59.20417,-38.71273],[-59.20419,-38.71273],[-59.20421,-38.71273],[-59.20423,-38.71273],[-59.20424,-38.71273],[-59.20424,-38.71273],[-59.20425,-38.71273],[-59.20426,-38.71273],[-59.20428,-38.71273],[-59.20429,-38.71274],[-59.20431,-38.71274],[-59.20432,-38.71274],[-59.20433,-38.71274],[-59.20434,-38.71275],[-59.20435,-38.71275],[-59.20436,-38.71275],[-59.20436,-38.71275],[-59.20437,-38.71275],[-59.20437,-38.71275],[-59.20438,-38.71275],[-59.20438,-38.71275],[-59.20439,-38.71275],[-59.20439,-38.71276],[-59.20439,-38.71276],[-59.20439,-38.71276],[-59.20439,-38.71276],[-59.2044,-38.71276],[-59.20443,-38.71276],[-59.20445,-38.71276],[-59.20447,-38.71276],[-59.20449,-38.71276],[-59.2045,-38.71276],[-59.20451,-38.71276],[-59.20452,-38.71276],[-59.20453,-38.71276],[-59.20454,-38.71277],[-59.20456,-38.71277],[-59.20458,-38.71277],[-59.2046,-38.71278],[-59.20462,-38.71278],[-59.20463,-38.71278],[-59.20464,-38.71278],[-59.20465,-38.71278],[-59.20467,-38.71279],[-59.20468,-38.71279],[-59.20469,-38.71279],[-59.2047,-38.71279],[-59.20472,-38.71279],[-59.20473,-38.71279],[-59.20474,-38.71279],[-59.20476,-38.71278],[-59.20477,-38.71278],[-59.20479,-38.71278],[-59.20481,-38.71278],[-59.20482,-38.71278],[-59.20483,-38.71278],[-59.20484,-38.71278],[-59.20484,-38.71278],[-59.20485,-38.71278],[-59.20494,-38.7128],[-59.20495,-38.7128],[-59.20497,-38.7128],[-59.20499,-38.71281],[-59.205,-38.71281],[-59.20501,-38.71281],[-59.20503,-38.71282],[-59.20503,-38.71283],[-59.20507,-38.71283],[-59.20508,-38.71283],[-59.20509,-38.71284],[-59.20511,-38.71284],[-59.20512,-38.71284],[-59.20515,-38.71285],[-59.20519,-38.71286],[-59.2052,-38.71286],[-59.20521,-38.71286],[-59.20523,-38.71286],[-59.20523,-38.71286],[-59.20525,-38.71286],[-59.20527,-38.71286],[-59.20529,-38.71287],[-59.20532,-38.71287],[-59.20533,-38.71287],[-59.20535,-38.71287],[-59.20537,-38.71287],[-59.2054,-38.71288],[-59.20541,-38.71288],[-59.20543,-38.71288],[-59.20543,-38.71289],[-59.20545,-38.71289],[-59.20547,-38.71289],[-59.20549,-38.71289],[-59.20551,-38.7129],[-59.20554,-38.71291],[-59.20555,-38.71291],[-59.20558,-38.71291],[-59.2056,-38.71291],[-59.20562,-38.71291],[-59.20563,-38.71291],[-59.20564,-38.71291],[-59.20566,-38.71291],[-59.20567,-38.71291],[-59.20569,-38.71292],[-59.2057,-38.71292],[-59.20571,-38.71292],[-59.20571,-38.71292],[-59.20572,-38.71292],[-59.20573,-38.71293],[-59.20574,-38.71294],[-59.20576,-38.71294],[-59.20577,-38.71294],[-59.20578,-38.71295],[-59.20579,-38.71295],[-59.20581,-38.71296],[-59.20582,-38.71297],[-59.20582,-38.71298],[-59.20583,-38.71298],[-59.20584,-38.71299],[-59.20586,-38.71299],[-59.20588,-38.713],[-59.2059,-38.71301],[-59.20593,-38.71301],[-59.20596,-38.71301],[-59.20598,-38.71301],[-59.20599,-38.71301],[-59.20601,-38.71301],[-59.20603,-38.71301],[-59.20605,-38.71301],[-59.20607,-38.71301],[-59.20609,-38.71301],[-59.2061,-38.71301],[-59.20612,-38.71301],[-59.20614,-38.71301],[-59.20616,-38.71301],[-59.20619,-38.71301],[-59.20621,-38.71301],[-59.20624,-38.71301],[-59.20627,-38.71302],[-59.20628,-38.71302],[-59.2063,-38.71302],[-59.20631,-38.71302],[-59.20633,-38.71304],[-59.20634,-38.71304],[-59.20636,-38.71304],[-59.20637,-38.71304],[-59.20638,-38.71304],[-59.20639,-38.71304],[-59.20641,-38.71304],[-59.20642,-38.71305],[-59.20643,-38.71305],[-59.20645,-38.71305],[-59.20646,-38.71305],[-59.20647,-38.71305],[-59.2065,-38.71306],[-59.20652,-38.71306],[-59.20653,-38.71307],[-59.20654,-38.71307],[-59.20656,-38.71307],[-59.20658,-38.71307],[-59.20659,-38.71308],[-59.20661,-38.71308],[-59.20663,-38.71309],[-59.20664,-38.7131],[-59.20665,-38.7131],[-59.20667,-38.7131],[-59.20668,-38.7131],[-59.2067,-38.71311],[-59.20671,-38.71311],[-59.20674,-38.71313],[-59.20675,-38.71313],[-59.20677,-38.71313],[-59.20679,-38.71313],[-59.2068,-38.71314],[-59.20681,-38.71315],[-59.20683,-38.71315],[-59.20685,-38.71316],[-59.20687,-38.71316],[-59.2069,-38.71317],[-59.20691,-38.71318],[-59.20693,-38.71318],[-59.20695,-38.71319],[-59.20698,-38.71319],[-59.20698,-38.7132],[-59.20698,-38.71321],[-59.207,-38.71321],[-59.20701,-38.71321],[-59.20703,-38.71322],[-59.20704,-38.71323],[-59.20705,-38.71324],[-59.20707,-38.71324],[-59.20715,-38.71325],[-59.20715,-38.71326],[-59.20716,-38.71326],[-59.20717,-38.71326],[-59.20718,-38.71327],[-59.20719,-38.71327],[-59.2072,-38.71328],[-59.20721,-38.71328],[-59.20721,-38.71328],[-59.20722,-38.71328],[-59.20723,-38.71328],[-59.20724,-38.71328],[-59.20726,-38.71328],[-59.20727,-38.71328],[-59.20729,-38.71328],[-59.20733,-38.71329],[-59.20734,-38.71329],[-59.20736,-38.71329],[-59.20738,-38.7133],[-59.20739,-38.7133],[-59.2074,-38.7133],[-59.20741,-38.71331],[-59.20744,-38.71331],[-59.20746,-38.71331],[-59.20748,-38.71331],[-59.2075,-38.71331],[-59.20752,-38.71331],[-59.20755,-38.71331],[-59.20758,-38.71331],[-59.20759,-38.71331],[-59.2076,-38.71332],[-59.2076,-38.71332],[-59.20763,-38.71333],[-59.20764,-38.71333],[-59.20765,-38.71333],[-59.20766,-38.71334],[-59.20767,-38.71334],[-59.20768,-38.71335],[-59.2077,-38.71336],[-59.20771,-38.71337],[-59.20772,-38.71337],[-59.20773,-38.71337],[-59.20775,-38.71338],[-59.20777,-38.71338],[-59.20779,-38.71338],[-59.2078,-38.71339],[-59.20782,-38.71339],[-59.20784,-38.71339],[-59.20786,-38.71339],[-59.20787,-38.7134],[-59.2079,-38.7134],[-59.20793,-38.71341],[-59.20795,-38.71341],[-59.20796,-38.71341],[-59.20797,-38.71341],[-59.20799,-38.71341],[-59.20802,-38.71342],[-59.20804,-38.71342],[-59.20806,-38.71342],[-59.20808,-38.71342],[-59.20809,-38.71342],[-59.2081,-38.71342],[-59.20813,-38.71343],[-59.20814,-38.71343],[-59.20815,-38.71343],[-59.20817,-38.71344],[-59.20819,-38.71345],[-59.20821,-38.71345],[-59.20823,-38.71346],[-59.20825,-38.71347],[-59.20827,-38.71347],[-59.20829,-38.71348],[-59.20832,-38.71348],[-59.20834,-38.71349],[-59.20835,-38.7135],[-59.20837,-38.71351],[-59.20838,-38.71351],[-59.20839,-38.71351],[-59.2084,-38.71351],[-59.20841,-38.71352],[-59.20844,-38.71352],[-59.20845,-38.71352],[-59.20848,-38.71353],[-59.2085,-38.71353],[-59.20852,-38.71353],[-59.20854,-38.71353],[-59.20855,-38.71353],[-59.20857,-38.71353],[-59.20858,-38.71353],[-59.20859,-38.71353],[-59.2086,-38.71353],[-59.20861,-38.71353],[-59.20863,-38.71353],[-59.20865,-38.71354],[-59.20866,-38.71354],[-59.20868,-38.71354],[-59.2087,-38.71354],[-59.20872,-38.71354],[-59.20873,-38.71354],[-59.20874,-38.71354],[-59.20876,-38.71354],[-59.20878,-38.71354],[-59.20878,-38.71354],[-59.20879,-38.71354],[-59.20881,-38.71354],[-59.20883,-38.71354],[-59.20884,-38.71354],[-59.20887,-38.71356],[-59.2089,-38.71356],[-59.20892,-38.71356],[-59.20894,-38.71356],[-59.20896,-38.71356],[-59.20898,-38.71356],[-59.20899,-38.71356],[-59.20901,-38.71356],[-59.20903,-38.71356],[-59.20905,-38.71356],[-59.20906,-38.71356],[-59.20908,-38.71356],[-59.20909,-38.71356],[-59.2091,-38.71356],[-59.20912,-38.71356],[-59.20913,-38.71356],[-59.20914,-38.71356],[-59.20916,-38.71357],[-59.20918,-38.71357],[-59.20919,-38.71357],[-59.20923,-38.71358],[-59.20923,-38.71357],[-59.20924,-38.71357],[-59.20925,-38.71358],[-59.20926,-38.71359],[-59.20927,-38.71359],[-59.20928,-38.7136],[-59.20929,-38.7136],[-59.2093,-38.7136],[-59.20931,-38.71361],[-59.20932,-38.71361],[-59.20935,-38.71362],[-59.20936,-38.71363],[-59.20938,-38.71364],[-59.20938,-38.71364],[-59.2094,-38.71365],[-59.20941,-38.71365],[-59.20942,-38.71366],[-59.20943,-38.71366],[-59.20945,-38.71366],[-59.20948,-38.71367],[-59.2095,-38.71367],[-59.20952,-38.71367],[-59.20953,-38.71367],[-59.20955,-38.71367],[-59.20956,-38.71367],[-59.20957,-38.71367],[-59.20957,-38.71366],[-59.20957,-38.71366],[-59.20958,-38.71366],[-59.20959,-38.71365],[-59.2096,-38.71365],[-59.20962,-38.71365],[-59.20963,-38.71365],[-59.20966,-38.71365],[-59.20967,-38.71365],[-59.2097,-38.71365],[-59.20972,-38.71365],[-59.20973,-38.71365],[-59.20974,-38.71365],[-59.20975,-38.71365],[-59.20976,-38.71365],[-59.20977,-38.71365],[-59.20978,-38.71365],[-59.20979,-38.71366],[-59.2098,-38.71366],[-59.20981,-38.71367],[-59.20983,-38.71368],[-59.20985,-38.71369],[-59.20987,-38.71369],[-59.20989,-38.7137],[-59.20991,-38.71371],[-59.20993,-38.71372],[-59.20995,-38.71372],[-59.20996,-38.71372],[-59.20997,-38.71372],[-59.20999,-38.71372],[-59.21001,-38.71373],[-59.21002,-38.71373],[-59.21004,-38.71373],[-59.21005,-38.71373],[-59.21007,-38.71373],[-59.21008,-38.71373],[-59.2101,-38.71374],[-59.21013,-38.71374],[-59.21016,-38.71375],[-59.21017,-38.71375],[-59.21017,-38.71375],[-59.21018,-38.71375],[-59.21021,-38.71375],[-59.21024,-38.71376],[-59.21026,-38.71376],[-59.21029,-38.71376],[-59.2103,-38.71376],[-59.21031,-38.71376],[-59.21032,-38.71376],[-59.21037,-38.71375],[-59.21038,-38.71375],[-59.21039,-38.71375],[-59.2104,-38.71375],[-59.21041,-38.71375],[-59.21042,-38.71376],[-59.21044,-38.71377],[-59.21047,-38.71378],[-59.21048,-38.71378],[-59.2105,-38.71379],[-59.21052,-38.7138],[-59.21052,-38.7138],[-59.21052,-38.7138],[-59.21054,-38.7138],[-59.21056,-38.7138],[-59.21056,-38.7138],[-59.21057,-38.7138],[-59.21058,-38.7138],[-59.21059,-38.71381],[-59.2106,-38.71381],[-59.21061,-38.71381],[-59.21063,-38.71382],[-59.21065,-38.71382],[-59.21067,-38.71383],[-59.21068,-38.71383],[-59.21071,-38.71384],[-59.21073,-38.71385],[-59.21076,-38.71385],[-59.21076,-38.71385],[-59.21079,-38.71386],[-59.21081,-38.71387],[-59.21084,-38.71388],[-59.21087,-38.71388],[-59.21088,-38.71388],[-59.2109,-38.71388],[-59.21093,-38.7139],[-59.21094,-38.7139],[-59.21096,-38.7139],[-59.21097,-38.71391],[-59.21099,-38.71391],[-59.21101,-38.71391],[-59.21105,-38.71391],[-59.21106,-38.71391],[-59.21109,-38.71391],[-59.2111,-38.71391],[-59.21111,-38.71391],[-59.21113,-38.71391],[-59.21115,-38.71391],[-59.21116,-38.71391],[-59.21118,-38.71391],[-59.21121,-38.71391],[-59.21123,-38.71391],[-59.21125,-38.71391],[-59.21129,-38.71391],[-59.21132,-38.71391],[-59.21136,-38.71391],[-59.21138,-38.71391],[-59.21139,-38.71391],[-59.21144,-38.71391],[-59.21147,-38.71391],[-59.21149,-38.71391],[-59.21151,-38.71391],[-59.21152,-38.71391],[-59.21154,-38.71391],[-59.21155,-38.71391],[-59.21155,-38.71391],[-59.21158,-38.71391],[-59.21161,-38.71391],[-59.21163,-38.71391],[-59.21165,-38.71391],[-59.21167,-38.71391],[-59.21168,-38.71391],[-59.21171,-38.71392],[-59.21174,-38.71392],[-59.21176,-38.71393],[-59.2118,-38.71393],[-59.21182,-38.71394],[-59.21183,-38.71394],[-59.21185,-38.71395],[-59.21187,-38.71396],[-59.2119,-38.71397],[-59.21192,-38.71398],[-59.21194,-38.71398],[-59.21195,-38.71399],[-59.21198,-38.71399],[-59.21199,-38.714],[-59.21201,-38.71401],[-59.21202,-38.71401],[-59.21203,-38.71402],[-59.21204,-38.71403],[-59.21206,-38.71404],[-59.21207,-38.71405],[-59.2121,-38.71406],[-59.21211,-38.71407],[-59.21212,-38.71408],[-59.21213,-38.71408],[-59.21214,-38.7141],[-59.21216,-38.71411],[-59.21217,-38.71411],[-59.21217,-38.71412],[-59.21218,-38.71412],[-59.2122,-38.71412],[-59.21221,-38.71412],[-59.21224,-38.71412],[-59.21225,-38.71412],[-59.21228,-38.71412],[-59.2123,-38.71412],[-59.21232,-38.71412],[-59.21233,-38.71412],[-59.21234,-38.71412],[-59.21234,-38.71412],[-59.21236,-38.71412],[-59.21237,-38.71412],[-59.21243,-38.71412],[-59.21244,-38.71412],[-59.21245,-38.71412],[-59.21246,-38.71412],[-59.21247,-38.71412],[-59.21249,-38.71413],[-59.2125,-38.71413],[-59.21251,-38.71413],[-59.21254,-38.71414],[-59.21254,-38.71415],[-59.21256,-38.71415],[-59.21258,-38.71415],[-59.21259,-38.71415],[-59.2126,-38.71415],[-59.21262,-38.71415],[-59.21264,-38.71415],[-59.21266,-38.71415],[-59.21268,-38.71415],[-59.2127,-38.71415],[-59.21271,-38.71415],[-59.21272,-38.71415],[-59.21273,-38.71415],[-59.21273,-38.71415],[-59.21274,-38.71415],[-59.21275,-38.71415],[-59.21276,-38.71415],[-59.21282,-38.71418],[-59.21283,-38.71418],[-59.21284,-38.71417],[-59.21286,-38.71417],[-59.21287,-38.71416],[-59.21288,-38.71416],[-59.21289,-38.71415],[-59.2129,-38.71414],[-59.21292,-38.71414],[-59.21293,-38.71414],[-59.21295,-38.71414],[-59.21297,-38.71414],[-59.21298,-38.71414],[-59.21299,-38.71414],[-59.213,-38.71414],[-59.21301,-38.71414],[-59.21302,-38.71414],[-59.21303,-38.71414],[-59.21305,-38.71414],[-59.21306,-38.71413],[-59.21307,-38.71413],[-59.21308,-38.71412],[-59.21309,-38.71412],[-59.21311,-38.71412],[-59.21312,-38.71412],[-59.21313,-38.71411],[-59.21314,-38.71411],[-59.21316,-38.7141],[-59.21318,-38.71409],[-59.2132,-38.71408],[-59.21321,-38.71408],[-59.21322,-38.71408],[-59.21323,-38.71408],[-59.21324,-38.71408],[-59.21325,-38.71408],[-59.21328,-38.71407],[-59.2133,-38.71406],[-59.21332,-38.71406],[-59.21332,-38.71405],[-59.21333,-38.71405],[-59.21335,-38.71405],[-59.21337,-38.71405],[-59.21339,-38.71405],[-59.21341,-38.71405],[-59.21342,-38.71405],[-59.21343,-38.71405],[-59.21344,-38.71405],[-59.21345,-38.71405],[-59.21346,-38.71405],[-59.21348,-38.71406],[-59.2135,-38.71406],[-59.21352,-38.71406],[-59.21355,-38.71406],[-59.21357,-38.71406],[-59.21359,-38.71406],[-59.21361,-38.71406],[-59.21362,-38.71406],[-59.21364,-38.71406],[-59.21366,-38.71406],[-59.21367,-38.71406],[-59.21369,-38.71406],[-59.2137,-38.71406],[-59.21371,-38.71406],[-59.21372,-38.71406],[-59.21374,-38.71406],[-59.21375,-38.71406],[-59.21376,-38.71407],[-59.21377,-38.71407],[-59.21378,-38.71407],[-59.21381,-38.71409],[-59.21382,-38.71409],[-59.21383,-38.71409],[-59.21384,-38.7141],[-59.21385,-38.7141],[-59.21387,-38.71411],[-59.21388,-38.71411],[-59.21391,-38.71412],[-59.21392,-38.71412],[-59.21394,-38.71412],[-59.21395,-38.71412],[-59.21397,-38.71412],[-59.21399,-38.71412],[-59.214,-38.71412],[-59.21402,-38.71412],[-59.21403,-38.71412],[-59.21405,-38.71412],[-59.21406,-38.71412],[-59.21407,-38.71412],[-59.2141,-38.71412],[-59.21411,-38.71412],[-59.21411,-38.71412],[-59.21412,-38.71412],[-59.21413,-38.71412],[-59.21414,-38.71412],[-59.21415,-38.71413],[-59.21416,-38.71414],[-59.21416,-38.71415],[-59.21417,-38.71416],[-59.21418,-38.71416],[-59.21419,-38.71417],[-59.21419,-38.71418],[-59.2142,-38.71418],[-59.21421,-38.71419],[-59.21422,-38.71419],[-59.21423,-38.71419],[-59.21424,-38.71419],[-59.21426,-38.71419],[-59.21427,-38.71419],[-59.21429,-38.71419],[-59.2143,-38.71419],[-59.21431,-38.71419],[-59.21432,-38.71419],[-59.21434,-38.71419],[-59.21436,-38.71419],[-59.21437,-38.71419],[-59.21439,-38.71419],[-59.2144,-38.71419],[-59.21443,-38.71419],[-59.21445,-38.71419],[-59.21447,-38.71419],[-59.21449,-38.71419],[-59.2145,-38.71419],[-59.21451,-38.71419],[-59.21452,-38.71419],[-59.21453,-38.71419],[-59.21455,-38.71419],[-59.21456,-38.71419],[-59.21458,-38.71419],[-59.2146,-38.71419],[-59.21463,-38.71419],[-59.21464,-38.71419],[-59.21465,-38.71419],[-59.21466,-38.71419],[-59.21468,-38.71419],[-59.21469,-38.71419],[-59.21471,-38.71419],[-59.21471,-38.71419],[-59.21474,-38.71419],[-59.21475,-38.71419],[-59.21476,-38.71419],[-59.21477,-38.71419],[-59.21479,-38.71419],[-59.21482,-38.71419],[-59.21484,-38.71419],[-59.21486,-38.7142],[-59.21489,-38.71421],[-59.2149,-38.71421],[-59.21491,-38.71421],[-59.21493,-38.71422],[-59.21494,-38.71423],[-59.21495,-38.71423],[-59.21496,-38.71423],[-59.21497,-38.71423],[-59.21499,-38.71423],[-59.21501,-38.71423],[-59.21503,-38.71424],[-59.21504,-38.71424],[-59.21506,-38.71425],[-59.2151,-38.71425],[-59.21511,-38.71425],[-59.21512,-38.71425],[-59.21514,-38.71425],[-59.21517,-38.71425],[-59.21519,-38.71425],[-59.2152,-38.71425],[-59.21522,-38.71425],[-59.21524,-38.71425],[-59.21526,-38.71425],[-59.21527,-38.71425],[-59.2153,-38.71425],[-59.21531,-38.71425],[-59.21532,-38.71425],[-59.21535,-38.71424],[-59.21536,-38.71424],[-59.21537,-38.71424],[-59.21539,-38.71424],[-59.2154,-38.71424],[-59.21542,-38.71424],[-59.21545,-38.71424],[-59.21547,-38.71425],[-59.21551,-38.71425],[-59.21554,-38.71426],[-59.21557,-38.71426],[-59.21558,-38.71427],[-59.2156,-38.71427],[-59.21563,-38.71427],[-59.21565,-38.71427],[-59.21567,-38.71427],[-59.21569,-38.71427],[-59.21569,-38.71427],[-59.21571,-38.71427],[-59.21573,-38.71427],[-59.21575,-38.71427],[-59.21577,-38.71427],[-59.21578,-38.71427],[-59.21583,-38.71431],[-59.21584,-38.71431],[-59.21586,-38.71431],[-59.21588,-38.71432],[-59.21589,-38.71432],[-59.21589,-38.71432],[-59.2159,-38.71432],[-59.21592,-38.71432],[-59.21595,-38.71433],[-59.21596,-38.71434],[-59.21598,-38.71435],[-59.21601,-38.71436],[-59.21603,-38.71436],[-59.21607,-38.71436],[-59.2161,-38.71437],[-59.21611,-38.71437],[-59.21613,-38.71437],[-59.21616,-38.71437],[-59.21618,-38.71437],[-59.21622,-38.71437],[-59.21624,-38.71437],[-59.21627,-38.71437],[-59.21628,-38.71437],[-59.21629,-38.71437],[-59.21635,-38.71437],[-59.21636,-38.71436],[-59.21638,-38.71435],[-59.21639,-38.71435],[-59.2164,-38.71435],[-59.21641,-38.71435],[-59.21642,-38.71435],[-59.21643,-38.71435],[-59.21644,-38.71435],[-59.21646,-38.71436],[-59.21648,-38.71436],[-59.21649,-38.71437],[-59.2165,-38.71437],[-59.21653,-38.71437],[-59.21655,-38.71438],[-59.21656,-38.71439],[-59.21658,-38.71439],[-59.21659,-38.71439],[-59.21661,-38.71439],[-59.21663,-38.71439],[-59.21664,-38.7144],[-59.21665,-38.7144],[-59.21666,-38.7144],[-59.21669,-38.7144],[-59.2167,-38.7144],[-59.21672,-38.7144],[-59.21674,-38.71439],[-59.21676,-38.71439],[-59.21678,-38.71438],[-59.2168,-38.71438],[-59.21682,-38.71437],[-59.21684,-38.71437],[-59.21686,-38.71437],[-59.21688,-38.71437],[-59.21689,-38.71437],[-59.2169,-38.71437],[-59.21691,-38.71437],[-59.21693,-38.71437],[-59.21694,-38.71438],[-59.21695,-38.71438],[-59.21695,-38.71439],[-59.21696,-38.7144],[-59.21698,-38.7144],[-59.21699,-38.71441],[-59.217,-38.71441],[-59.21701,-38.71441],[-59.21702,-38.71441],[-59.21704,-38.71441],[-59.21705,-38.71441],[-59.21706,-38.71441],[-59.21707,-38.71441],[-59.21708,-38.71441],[-59.2171,-38.71441],[-59.21714,-38.71443],[-59.21715,-38.71443],[-59.21718,-38.71445],[-59.21719,-38.71445],[-59.21721,-38.71445],[-59.21723,-38.71445],[-59.21726,-38.71445],[-59.21727,-38.71445],[-59.21729,-38.71445],[-59.21731,-38.71444],[-59.21734,-38.71444],[-59.21736,-38.71443],[-59.21738,-38.71443],[-59.2174,-38.71443],[-59.21741,-38.71443],[-59.21744,-38.71442],[-59.21746,-38.71442],[-59.21747,-38.71442],[-59.21748,-38.71441],[-59.21751,-38.71441],[-59.21753,-38.7144],[-59.21756,-38.7144],[-59.21757,-38.7144],[-59.21759,-38.7144],[-59.2176,-38.7144],[-59.21762,-38.7144],[-59.21763,-38.7144],[-59.21764,-38.7144],[-59.21765,-38.7144],[-59.21766,-38.7144],[-59.21768,-38.7144],[-59.21769,-38.7144],[-59.21772,-38.71441],[-59.21774,-38.71441],[-59.21775,-38.71441],[-59.21778,-38.71442],[-59.21779,-38.71442],[-59.21781,-38.71442],[-59.21782,-38.71442],[-59.21783,-38.71442],[-59.21784,-38.71442],[-59.21785,-38.71442],[-59.21787,-38.71443],[-59.21788,-38.71443],[-59.21791,-38.71443],[-59.21794,-38.71444],[-59.21795,-38.71444],[-59.21797,-38.71444],[-59.21799,-38.71444],[-59.21801,-38.71444],[-59.21804,-38.71444],[-59.21806,-38.71444],[-59.21808,-38.71444],[-59.21809,-38.71444],[-59.21811,-38.71444],[-59.21814,-38.71444],[-59.21816,-38.71444],[-59.21818,-38.71444],[-59.2182,-38.71444],[-59.21821,-38.71444],[-59.21823,-38.71445],[-59.21824,-38.71445],[-59.21824,-38.71446],[-59.21826,-38.71446],[-59.21826,-38.71446],[-59.21828,-38.71447],[-59.2183,-38.71447],[-59.21832,-38.71447],[-59.21834,-38.71448],[-59.21836,-38.71448],[-59.21837,-38.71448],[-59.21843,-38.71448],[-59.21844,-38.71448],[-59.21849,-38.71448],[-59.21852,-38.71448],[-59.21853,-38.71448],[-59.21854,-38.71448],[-59.21856,-38.71448],[-59.21859,-38.71448],[-59.21861,-38.71448],[-59.21864,-38.71449],[-59.21865,-38.71449],[-59.21866,-38.71449],[-59.21867,-38.71449],[-59.21868,-38.71449],[-59.2187,-38.7145],[-59.21872,-38.7145],[-59.21874,-38.71451],[-59.21876,-38.71452],[-59.21879,-38.71452],[-59.21883,-38.71452],[-59.21885,-38.71452],[-59.21887,-38.71452],[-59.21889,-38.71452],[-59.21891,-38.71452],[-59.21894,-38.71452],[-59.21895,-38.71452],[-59.21896,-38.71452],[-59.21899,-38.71452],[-59.21902,-38.71452],[-59.21905,-38.71452],[-59.21909,-38.71452],[-59.21911,-38.71452],[-59.21913,-38.71452],[-59.21914,-38.71452],[-59.21916,-38.71452],[-59.21919,-38.71453],[-59.21921,-38.71454],[-59.21923,-38.71454],[-59.21925,-38.71455],[-59.21926,-38.71457],[-59.21928,-38.71457],[-59.21929,-38.71457],[-59.2193,-38.71458],[-59.21932,-38.71458],[-59.21934,-38.71458],[-59.21937,-38.71458],[-59.21939,-38.71458],[-59.21941,-38.71458],[-59.21942,-38.71458],[-59.21943,-38.71458],[-59.21944,-38.71458],[-59.21945,-38.71458],[-59.21946,-38.71458],[-59.21948,-38.71458],[-59.2195,-38.71458],[-59.21952,-38.71458],[-59.21955,-38.71458],[-59.21956,-38.71458],[-59.21958,-38.71459],[-59.2196,-38.71459],[-59.21962,-38.71459],[-59.21964,-38.7146],[-59.21964,-38.7146],[-59.21965,-38.7146],[-59.21966,-38.71461],[-59.21968,-38.71461],[-59.2197,-38.71461],[-59.21974,-38.7146],[-59.21977,-38.7146],[-59.21979,-38.7146],[-59.21981,-38.71459],[-59.21982,-38.71459],[-59.21984,-38.71459],[-59.21985,-38.71459],[-59.21988,-38.71459],[-59.21991,-38.71459],[-59.21993,-38.71459],[-59.21997,-38.71459],[-59.22,-38.71459],[-59.22003,-38.71459],[-59.22004,-38.71459],[-59.22005,-38.71459],[-59.22006,-38.71459],[-59.22008,-38.7146],[-59.22009,-38.7146],[-59.22011,-38.7146],[-59.22013,-38.71461],[-59.22014,-38.71461],[-59.22017,-38.71461],[-59.22018,-38.71461],[-59.2202,-38.71461],[-59.22021,-38.71461],[-59.22026,-38.71461],[-59.22027,-38.71461],[-59.2203,-38.71461],[-59.22033,-38.71461],[-59.22035,-38.71461],[-59.22036,-38.71461],[-59.22037,-38.71461],[-59.22038,-38.71461],[-59.22039,-38.71461],[-59.2204,-38.71461],[-59.22042,-38.71461],[-59.22044,-38.71461],[-59.22047,-38.71462],[-59.22049,-38.71462],[-59.22051,-38.71463],[-59.22052,-38.71463],[-59.22053,-38.71463],[-59.22055,-38.71464],[-59.22056,-38.71464],[-59.22059,-38.71464],[-59.22063,-38.71464],[-59.22064,-38.71464],[-59.22066,-38.71464],[-59.22068,-38.71464],[-59.22069,-38.71464],[-59.22072,-38.71464],[-59.22074,-38.71464],[-59.22076,-38.71464],[-59.22078,-38.71464],[-59.22081,-38.71464],[-59.22082,-38.71464],[-59.22084,-38.71464],[-59.22085,-38.71464],[-59.22086,-38.71464],[-59.22088,-38.71464],[-59.22093,-38.71464],[-59.22095,-38.71464],[-59.22098,-38.71464],[-59.221,-38.71463],[-59.22101,-38.71463],[-59.22102,-38.71463],[-59.22104,-38.71463],[-59.22106,-38.71463],[-59.22108,-38.71463],[-59.22109,-38.71463],[-59.22111,-38.71463],[-59.22113,-38.71464],[-59.22114,-38.71464],[-59.22115,-38.71464],[-59.22116,-38.71465],[-59.22118,-38.71465],[-59.22119,-38.71465],[-59.2212,-38.71466],[-59.22122,-38.71466],[-59.22123,-38.71466],[-59.22126,-38.71466],[-59.22129,-38.71466],[-59.22132,-38.71466],[-59.22135,-38.71465],[-59.22136,-38.71465],[-59.22137,-38.71465],[-59.22138,-38.71465],[-59.2214,-38.71465],[-59.22142,-38.71465],[-59.22144,-38.71465],[-59.22146,-38.71465],[-59.22148,-38.71465],[-59.2215,-38.71465],[-59.22152,-38.71465],[-59.22154,-38.71466],[-59.22157,-38.71466],[-59.22159,-38.71467],[-59.2216,-38.71467],[-59.22162,-38.71468],[-59.22162,-38.71468],[-59.22164,-38.71468],[-59.22167,-38.71468],[-59.22171,-38.71468],[-59.22173,-38.71468],[-59.22175,-38.71469],[-59.22177,-38.71469],[-59.22179,-38.7147],[-59.22181,-38.7147],[-59.22182,-38.7147],[-59.22184,-38.7147],[-59.22186,-38.71471],[-59.2219,-38.71471],[-59.22192,-38.71471],[-59.22193,-38.71471],[-59.22195,-38.71471],[-59.22197,-38.71471],[-59.22199,-38.71472],[-59.222,-38.71472],[-59.22201,-38.71473],[-59.22204,-38.71476],[-59.22206,-38.71477],[-59.22207,-38.71478],[-59.22208,-38.71478],[-59.22209,-38.71479],[-59.2221,-38.7148],[-59.22211,-38.7148],[-59.22212,-38.71481],[-59.22214,-38.71482],[-59.22217,-38.71482],[-59.22219,-38.71483],[-59.2222,-38.71484],[-59.22221,-38.71484],[-59.22222,-38.71484],[-59.22223,-38.71484],[-59.22224,-38.71484],[-59.22225,-38.71483],[-59.22226,-38.71482],[-59.22227,-38.71481],[-59.22228,-38.7148],[-59.22229,-38.7148],[-59.2223,-38.7148],[-59.22232,-38.7148],[-59.22234,-38.7148],[-59.22236,-38.7148],[-59.22237,-38.7148],[-59.22238,-38.71479],[-59.22239,-38.71478],[-59.22239,-38.71477],[-59.2224,-38.71476],[-59.22241,-38.71476],[-59.22241,-38.71476],[-59.22243,-38.71476],[-59.22246,-38.71476],[-59.22247,-38.71477],[-59.22248,-38.71478],[-59.22249,-38.71478],[-59.2225,-38.7148],[-59.22252,-38.7148],[-59.22253,-38.7148],[-59.22255,-38.71481],[-59.22256,-38.71481],[-59.22258,-38.71481],[-59.22259,-38.71481],[-59.2226,-38.71481],[-59.22262,-38.71481],[-59.22263,-38.7148],[-59.22265,-38.71479],[-59.22266,-38.71479],[-59.22267,-38.71479],[-59.22268,-38.71479],[-59.22269,-38.71479],[-59.22271,-38.71479],[-59.22273,-38.71479],[-59.22275,-38.71479],[-59.22277,-38.71479],[-59.22278,-38.71479],[-59.22279,-38.71479],[-59.2228,-38.7148],[-59.2228,-38.7148],[-59.22281,-38.7148],[-59.22282,-38.71481],[-59.22283,-38.71482],[-59.22285,-38.71482],[-59.22286,-38.71482],[-59.22288,-38.71484],[-59.22289,-38.71484],[-59.2229,-38.71484],[-59.22291,-38.71485],[-59.22292,-38.71485],[-59.22294,-38.71485],[-59.22295,-38.71485],[-59.22297,-38.71485],[-59.22298,-38.71485],[-59.22299,-38.71484],[-59.223,-38.71483],[-59.22301,-38.71482],[-59.22303,-38.71482],[-59.22306,-38.71482],[-59.22307,-38.71482],[-59.22308,-38.71481],[-59.22309,-38.71481],[-59.22311,-38.71481],[-59.22313,-38.71481],[-59.22314,-38.7148],[-59.22316,-38.7148],[-59.22319,-38.7148],[-59.22319,-38.71479],[-59.22321,-38.71479],[-59.22322,-38.7148],[-59.22323,-38.7148],[-59.22323,-38.71481],[-59.22324,-38.71481],[-59.22325,-38.71481],[-59.22326,-38.71482],[-59.22328,-38.71482],[-59.2233,-38.71482],[-59.22332,-38.71482],[-59.22333,-38.71482],[-59.22335,-38.71483],[-59.22336,-38.71484],[-59.22338,-38.71485],[-59.22338,-38.71486],[-59.22339,-38.71487],[-59.22339,-38.71488],[-59.22339,-38.71488],[-59.22339,-38.71489],[-59.22341,-38.71489],[-59.22344,-38.71489],[-59.22345,-38.71489],[-59.22347,-38.71489],[-59.22348,-38.71488],[-59.22349,-38.71488],[-59.22351,-38.71487],[-59.22353,-38.71486],[-59.22354,-38.71486],[-59.22355,-38.71486],[-59.22355,-38.71485],[-59.22357,-38.71485],[-59.22358,-38.71484],[-59.22359,-38.71484],[-59.22362,-38.71484],[-59.22363,-38.71484],[-59.22365,-38.71484],[-59.22366,-38.71484],[-59.22372,-38.71489],[-59.22373,-38.71489],[-59.22379,-38.71488],[-59.2238,-38.71487],[-59.22381,-38.71487],[-59.22382,-38.71487],[-59.22383,-38.71487],[-59.22384,-38.71488],[-59.22385,-38.71488],[-59.22387,-38.71489],[-59.22388,-38.7149],[-59.22389,-38.7149],[-59.22391,-38.71491],[-59.22392,-38.71491],[-59.22394,-38.71491],[-59.22395,-38.71491],[-59.22397,-38.71491],[-59.22398,-38.71491],[-59.22399,-38.71491],[-59.224,-38.71491],[-59.22403,-38.71491],[-59.22404,-38.71491],[-59.22405,-38.71491],[-59.22407,-38.71491],[-59.22408,-38.71492],[-59.2241,-38.71492],[-59.22412,-38.71493],[-59.22413,-38.71493],[-59.22414,-38.71493],[-59.22415,-38.71493],[-59.22417,-38.71493],[-59.22418,-38.71493],[-59.22419,-38.71493],[-59.2242,-38.71493],[-59.22421,-38.71493],[-59.22423,-38.71493],[-59.22425,-38.71493],[-59.22426,-38.71493],[-59.22427,-38.71493],[-59.22429,-38.71494],[-59.22436,-38.71495],[-59.22437,-38.71495],[-59.22438,-38.71495],[-59.2244,-38.71495],[-59.22444,-38.71495],[-59.22446,-38.71495],[-59.22448,-38.71495],[-59.22449,-38.71495],[-59.2245,-38.71495],[-59.22451,-38.71495],[-59.22453,-38.71495],[-59.22454,-38.71495],[-59.22456,-38.71495],[-59.22457,-38.71495],[-59.22458,-38.71495],[-59.22459,-38.71495],[-59.22461,-38.71495],[-59.22463,-38.71495],[-59.22465,-38.71495],[-59.22467,-38.71495],[-59.22469,-38.71495],[-59.22471,-38.71495],[-59.22473,-38.71494],[-59.22475,-38.71494],[-59.22477,-38.71494],[-59.22477,-38.71494],[-59.22478,-38.71494],[-59.22479,-38.71494],[-59.22481,-38.71494],[-59.22484,-38.71494],[-59.22485,-38.71494],[-59.22487,-38.71494],[-59.22489,-38.71494],[-59.22492,-38.71494],[-59.22494,-38.71494],[-59.22495,-38.71494],[-59.22497,-38.71494],[-59.22498,-38.71494],[-59.225,-38.71494],[-59.22503,-38.71494],[-59.22504,-38.71494],[-59.22506,-38.71494],[-59.22508,-38.71494],[-59.2251,-38.71494],[-59.22511,-38.71494],[-59.22512,-38.71494],[-59.22514,-38.71494],[-59.22516,-38.71494],[-59.22517,-38.71493],[-59.22519,-38.71493],[-59.2252,-38.71493],[-59.22522,-38.71493],[-59.22523,-38.71493],[-59.22524,-38.71493],[-59.22525,-38.71493],[-59.22526,-38.71494],[-59.22527,-38.71494],[-59.22527,-38.71495],[-59.22528,-38.71497],[-59.22529,-38.71498],[-59.2253,-38.715],[-59.22531,-38.715],[-59.22533,-38.71501],[-59.22535,-38.71502],[-59.22536,-38.71502],[-59.22537,-38.71503],[-59.22539,-38.71503],[-59.22541,-38.71504],[-59.22542,-38.71504],[-59.22545,-38.71505],[-59.22546,-38.71505],[-59.22548,-38.71506],[-59.2255,-38.71506],[-59.22551,-38.71506],[-59.22552,-38.71506],[-59.22553,-38.71507],[-59.22555,-38.71508],[-59.22556,-38.71508],[-59.22557,-38.71508],[-59.22558,-38.71508],[-59.22561,-38.71508],[-59.22563,-38.71508],[-59.22565,-38.71508],[-59.22567,-38.71508],[-59.22571,-38.71509],[-59.22572,-38.71509],[-59.22575,-38.7151],[-59.22577,-38.71511],[-59.22578,-38.71511],[-59.2258,-38.71511],[-59.22582,-38.71511],[-59.22585,-38.71511],[-59.22585,-38.71511],[-59.22587,-38.71511],[-59.22589,-38.71511],[-59.22591,-38.71511],[-59.22593,-38.71511],[-59.22594,-38.71511],[-59.22595,-38.71511],[-59.22596,-38.71511],[-59.22596,-38.71512],[-59.22599,-38.71512],[-59.226,-38.71512],[-59.22603,-38.71512],[-59.22605,-38.71512],[-59.22606,-38.71512],[-59.22608,-38.71512],[-59.2261,-38.71512],[-59.22612,-38.71512],[-59.22614,-38.71512],[-59.22616,-38.71513],[-59.22618,-38.71513],[-59.22621,-38.71514],[-59.22623,-38.71515],[-59.22625,-38.71515],[-59.22627,-38.71516],[-59.22629,-38.71516],[-59.22631,-38.71516],[-59.22634,-38.71516],[-59.22635,-38.71516],[-59.22637,-38.71516],[-59.22639,-38.71516],[-59.22642,-38.71516],[-59.22645,-38.71516],[-59.22647,-38.71516],[-59.2265,-38.71516],[-59.22653,-38.71516],[-59.22654,-38.71516],[-59.22655,-38.71516],[-59.22657,-38.71516],[-59.2266,-38.71516],[-59.22663,-38.71516],[-59.22664,-38.71516],[-59.22667,-38.71516],[-59.22669,-38.71516],[-59.22672,-38.71516],[-59.22675,-38.71517],[-59.22675,-38.71517],[-59.22677,-38.71517],[-59.22681,-38.71518],[-59.22684,-38.71519],[-59.22687,-38.71519],[-59.22691,-38.71519],[-59.22693,-38.71519],[-59.22695,-38.71519],[-59.22698,-38.71519],[-59.22699,-38.71518],[-59.227,-38.71518],[-59.22702,-38.71517],[-59.22703,-38.71517],[-59.22706,-38.71517],[-59.22707,-38.71517],[-59.2271,-38.71517],[-59.22712,-38.71517],[-59.22714,-38.71517],[-59.22717,-38.71517],[-59.22719,-38.71517],[-59.2272,-38.71517],[-59.22722,-38.71517],[-59.22724,-38.71517],[-59.22725,-38.71517],[-59.22727,-38.71519],[-59.22728,-38.71519],[-59.22729,-38.7152],[-59.2273,-38.7152],[-59.22732,-38.7152],[-59.22735,-38.7152],[-59.22737,-38.7152],[-59.2274,-38.7152],[-59.22741,-38.71521],[-59.22742,-38.71522],[-59.22743,-38.71523],[-59.22745,-38.71523],[-59.22747,-38.71525],[-59.22748,-38.71525],[-59.22749,-38.71525],[-59.22751,-38.71525],[-59.22754,-38.71525],[-59.22756,-38.71526],[-59.22759,-38.71526],[-59.2276,-38.71526],[-59.22762,-38.71526],[-59.22765,-38.71525],[-59.22767,-38.71524],[-59.22769,-38.71523],[-59.22772,-38.71523],[-59.22773,-38.71523],[-59.22775,-38.71523],[-59.22776,-38.71524],[-59.22777,-38.71525],[-59.22779,-38.71526],[-59.22781,-38.71527],[-59.22783,-38.71528],[-59.22785,-38.71529],[-59.22788,-38.7153],[-59.22791,-38.7153],[-59.22793,-38.7153],[-59.22796,-38.7153],[-59.22797,-38.7153],[-59.22798,-38.7153],[-59.228,-38.71531],[-59.22802,-38.71531],[-59.22804,-38.71531],[-59.22806,-38.71532],[-59.22807,-38.71532],[-59.22808,-38.71532],[-59.22809,-38.71533],[-59.22811,-38.71533],[-59.22812,-38.71533],[-59.22813,-38.71534],[-59.2282,-38.71536],[-59.2282,-38.71537],[-59.22821,-38.71538],[-59.22822,-38.7154],[-59.22823,-38.71541],[-59.22825,-38.71541],[-59.22826,-38.71541],[-59.22827,-38.71541],[-59.22828,-38.71541],[-59.2283,-38.71541],[-59.22831,-38.71541],[-59.22833,-38.71541],[-59.22837,-38.71541],[-59.22839,-38.71541],[-59.2284,-38.71541],[-59.22841,-38.7154],[-59.22844,-38.71539],[-59.22846,-38.71537],[-59.22848,-38.71535],[-59.22849,-38.71534],[-59.2285,-38.71534],[-59.22852,-38.71534],[-59.22852,-38.71534],[-59.22854,-38.71534],[-59.22856,-38.71534],[-59.22857,-38.71534],[-59.2286,-38.71534],[-59.22863,-38.71534],[-59.22866,-38.71535],[-59.22869,-38.71536],[-59.2287,-38.71536],[-59.22871,-38.71537],[-59.22872,-38.71537],[-59.22872,-38.71538],[-59.22873,-38.71538],[-59.22876,-38.71539],[-59.22878,-38.7154],[-59.22879,-38.7154],[-59.2288,-38.7154],[-59.22884,-38.7154],[-59.22885,-38.7154],[-59.22888,-38.7154],[-59.2289,-38.7154],[-59.22892,-38.7154],[-59.22894,-38.7154],[-59.22896,-38.7154],[-59.22899,-38.7154],[-59.22902,-38.7154],[-59.22903,-38.7154],[-59.22906,-38.7154],[-59.22909,-38.7154],[-59.22911,-38.7154],[-59.22912,-38.7154],[-59.22914,-38.7154],[-59.22917,-38.7154],[-59.22919,-38.7154],[-59.22922,-38.7154],[-59.22923,-38.7154],[-59.22925,-38.71541],[-59.22926,-38.71542],[-59.22927,-38.71542],[-59.22929,-38.71542],[-59.22931,-38.71543],[-59.22932,-38.71543],[-59.22934,-38.71543],[-59.22937,-38.71543],[-59.2294,-38.71543],[-59.22943,-38.71543],[-59.22946,-38.71543],[-59.22949,-38.71544],[-59.22951,-38.71544],[-59.22953,-38.71544],[-59.22955,-38.71544],[-59.22957,-38.71544],[-59.22959,-38.71544],[-59.22961,-38.71544],[-59.22962,-38.71544],[-59.22963,-38.71544],[-59.22966,-38.71544],[-59.22968,-38.71543],[-59.2297,-38.71543],[-59.22971,-38.71543],[-59.22971,-38.71543],[-59.22974,-38.71543],[-59.22975,-38.71542],[-59.22977,-38.71542],[-59.2298,-38.71542],[-59.22983,-38.71542],[-59.22984,-38.71542],[-59.22986,-38.71542],[-59.22988,-38.71542],[-59.22989,-38.71542],[-59.2299,-38.71542],[-59.22992,-38.71542],[-59.22994,-38.71542],[-59.22996,-38.71541],[-59.22997,-38.71541],[-59.23,-38.71541],[-59.23002,-38.71541],[-59.23004,-38.71541],[-59.23005,-38.71541],[-59.23007,-38.71541],[-59.2301,-38.71541],[-59.23012,-38.71541],[-59.23015,-38.71541],[-59.23018,-38.71542],[-59.23019,-38.71542],[-59.2302,-38.71542],[-59.23021,-38.71542],[-59.23022,-38.71542],[-59.23023,-38.71542],[-59.23024,-38.71542],[-59.23025,-38.71542],[-59.23027,-38.71542],[-59.23028,-38.71543],[-59.2303,-38.71544],[-59.2303,-38.71544],[-59.23031,-38.71545],[-59.23032,-38.71546],[-59.23033,-38.71547],[-59.23034,-38.71547],[-59.23035,-38.71548],[-59.23036,-38.71548],[-59.23037,-38.71548],[-59.23047,-38.71549],[-59.23048,-38.71549],[-59.2305,-38.71549],[-59.23052,-38.7155],[-59.23054,-38.7155],[-59.23056,-38.71551],[-59.23057,-38.71551],[-59.2306,-38.71552],[-59.23062,-38.71552],[-59.23063,-38.71553],[-59.23066,-38.71553],[-59.23068,-38.71553],[-59.23069,-38.71554],[-59.2307,-38.71554],[-59.2307,-38.71554],[-59.23072,-38.71555],[-59.23074,-38.71555],[-59.23075,-38.71555],[-59.23077,-38.71555],[-59.23079,-38.71555],[-59.23082,-38.71554],[-59.23085,-38.71554],[-59.23088,-38.71554],[-59.23089,-38.71554],[-59.23092,-38.71554],[-59.23093,-38.71554],[-59.23094,-38.71554],[-59.23095,-38.71554],[-59.23098,-38.71555],[-59.23102,-38.71555],[-59.23104,-38.71556],[-59.23105,-38.71556],[-59.23106,-38.71556],[-59.23107,-38.71556],[-59.23109,-38.71555],[-59.23109,-38.71555],[-59.23111,-38.71555],[-59.23113,-38.71555],[-59.23116,-38.71555],[-59.23119,-38.71555],[-59.23121,-38.71555],[-59.23124,-38.71555],[-59.23126,-38.71555],[-59.23128,-38.71555],[-59.23128,-38.71556],[-59.23129,-38.71556],[-59.2313,-38.71558],[-59.23131,-38.71559],[-59.23133,-38.71559],[-59.23134,-38.7156],[-59.23135,-38.71561],[-59.23138,-38.71561],[-59.2314,-38.71562],[-59.23142,-38.71563],[-59.23143,-38.71563],[-59.23144,-38.71564],[-59.23145,-38.71565],[-59.23146,-38.71566],[-59.23148,-38.71566],[-59.2315,-38.71567],[-59.23153,-38.71567],[-59.23156,-38.71567],[-59.23157,-38.71567],[-59.2316,-38.71567],[-59.23164,-38.71565],[-59.23165,-38.71564],[-59.23166,-38.71564],[-59.23169,-38.71564],[-59.23172,-38.71564],[-59.23175,-38.71564],[-59.23177,-38.71564],[-59.23179,-38.71563],[-59.2318,-38.71561],[-59.23182,-38.71561],[-59.23185,-38.71561],[-59.23187,-38.71561],[-59.23188,-38.71561],[-59.23189,-38.71561],[-59.23189,-38.71562],[-59.2319,-38.71563],[-59.2319,-38.71564],[-59.23191,-38.71565],[-59.23192,-38.71565],[-59.23194,-38.71566],[-59.23196,-38.71566],[-59.23197,-38.71566],[-59.232,-38.71565],[-59.23204,-38.71565],[-59.23204,-38.71564],[-59.23206,-38.71564],[-59.23208,-38.71563],[-59.23208,-38.71563],[-59.23209,-38.71563],[-59.2321,-38.71563],[-59.23211,-38.71563],[-59.23213,-38.71563],[-59.23215,-38.71563],[-59.23216,-38.71563],[-59.23219,-38.71563],[-59.23221,-38.71563],[-59.23223,-38.71563],[-59.23225,-38.71563],[-59.23228,-38.71563],[-59.23229,-38.71563],[-59.23231,-38.71563],[-59.23233,-38.71563],[-59.23236,-38.71563],[-59.23237,-38.71563],[-59.23239,-38.71563],[-59.23242,-38.71563],[-59.23243,-38.71563],[-59.23245,-38.71564],[-59.23247,-38.71564],[-59.23248,-38.71564],[-59.2325,-38.71565],[-59.23252,-38.71566],[-59.23255,-38.71566],[-59.23256,-38.71566],[-59.23259,-38.71567],[-59.2326,-38.71568],[-59.23262,-38.71568],[-59.23264,-38.71568],[-59.23265,-38.71568],[-59.2327,-38.71569],[-59.23271,-38.71569],[-59.23273,-38.71569],[-59.23275,-38.71569],[-59.23278,-38.7157],[-59.23279,-38.7157],[-59.23282,-38.71571],[-59.23283,-38.71571],[-59.23284,-38.71573],[-59.23286,-38.71573],[-59.23287,-38.71573],[-59.23287,-38.71574],[-59.23288,-38.71574],[-59.23291,-38.71574],[-59.23292,-38.71574],[-59.23294,-38.71574],[-59.23296,-38.71576],[-59.23297,-38.71576],[-59.23298,-38.71576],[-59.233,-38.71577],[-59.23303,-38.71578],[-59.23305,-38.71579],[-59.23306,-38.71579],[-59.23307,-38.71579],[-59.2331,-38.71579],[-59.23312,-38.71578],[-59.23314,-38.71578],[-59.23317,-38.71578],[-59.23319,-38.71578],[-59.2332,-38.71578],[-59.23321,-38.71578],[-59.23324,-38.71578],[-59.23326,-38.71578],[-59.23326,-38.71578],[-59.23328,-38.71578],[-59.2333,-38.71578],[-59.23332,-38.71578],[-59.23333,-38.71578],[-59.23335,-38.71579],[-59.23337,-38.7158],[-59.23338,-38.7158],[-59.23339,-38.7158],[-59.2334,-38.7158],[-59.23341,-38.7158],[-59.23344,-38.71581],[-59.23345,-38.71582],[-59.23346,-38.71582],[-59.23347,-38.71583],[-59.23348,-38.71583],[-59.2335,-38.71583],[-59.23351,-38.71583],[-59.23353,-38.71583],[-59.23354,-38.71583],[-59.23357,-38.71582],[-59.23359,-38.71582],[-59.2336,-38.71582],[-59.23362,-38.71582],[-59.23363,-38.71582],[-59.23364,-38.71582],[-59.23364,-38.71583],[-59.23365,-38.71584],[-59.23365,-38.71585],[-59.23366,-38.71587],[-59.23366,-38.71589],[-59.23368,-38.7159],[-59.23368,-38.7159],[-59.2337,-38.71591],[-59.23372,-38.71591],[-59.23373,-38.71591],[-59.23374,-38.71591],[-59.23376,-38.71591],[-59.23377,-38.71591],[-59.23379,-38.7159],[-59.2338,-38.7159],[-59.23382,-38.7159],[-59.23384,-38.71589],[-59.23385,-38.71589],[-59.23385,-38.71589],[-59.23386,-38.71589],[-59.23388,-38.71589],[-59.23389,-38.71589],[-59.23392,-38.71587],[-59.23394,-38.71587],[-59.23394,-38.71587],[-59.23396,-38.71586],[-59.23397,-38.71586],[-59.23398,-38.71586],[-59.23399,-38.71586],[-59.23401,-38.71586],[-59.23401,-38.71587],[-59.23402,-38.71588],[-59.23403,-38.71588],[-59.23403,-38.71589],[-59.23403,-38.71589],[-59.23403,-38.71589],[-59.23404,-38.71589],[-59.23405,-38.71589],[-59.23407,-38.71589],[-59.23408,-38.71588],[-59.23409,-38.71587],[-59.2341,-38.71587],[-59.23412,-38.71587],[-59.23413,-38.71587],[-59.23415,-38.71587],[-59.23416,-38.71588],[-59.23417,-38.71588],[-59.23419,-38.71589],[-59.2342,-38.7159],[-59.23421,-38.7159],[-59.23423,-38.7159],[-59.23424,-38.71591],[-59.23425,-38.71591],[-59.23425,-38.71592],[-59.23427,-38.71592],[-59.23429,-38.71592],[-59.2343,-38.71592],[-59.23431,-38.71592],[-59.23432,-38.71592],[-59.23433,-38.71592],[-59.23434,-38.71593],[-59.23435,-38.71594],[-59.23435,-38.71595],[-59.23435,-38.71596],[-59.23435,-38.71596],[-59.23436,-38.71597],[-59.23436,-38.71598],[-59.23437,-38.71599],[-59.23438,-38.71601],[-59.23439,-38.71601],[-59.2344,-38.71602],[-59.23441,-38.71603],[-59.23442,-38.71603],[-59.23443,-38.71604],[-59.23445,-38.71604],[-59.23445,-38.71604],[-59.23446,-38.71605],[-59.23448,-38.71605],[-59.2345,-38.71605],[-59.23452,-38.71605],[-59.23453,-38.71605],[-59.23455,-38.71605],[-59.23456,-38.71605],[-59.23457,-38.71605],[-59.23459,-38.71605],[-59.23461,-38.71605],[-59.23462,-38.71605],[-59.23463,-38.71605],[-59.23464,-38.71605],[-59.23465,-38.71605],[-59.23467,-38.71605],[-59.23469,-38.71605],[-59.2347,-38.71605],[-59.23473,-38.71605],[-59.23475,-38.71605],[-59.23477,-38.71605],[-59.23478,-38.71605],[-59.23479,-38.71605],[-59.23481,-38.71606],[-59.23482,-38.71606],[-59.23483,-38.71606],[-59.23484,-38.71607],[-59.23484,-38.71608],[-59.23484,-38.71608],[-59.23484,-38.71609],[-59.23485,-38.7161],[-59.23486,-38.7161],[-59.23488,-38.7161],[-59.23489,-38.7161],[-59.23491,-38.7161],[-59.23494,-38.7161],[-59.23494,-38.7161],[-59.23497,-38.7161],[-59.23498,-38.7161],[-59.235,-38.7161],[-59.23501,-38.7161],[-59.23503,-38.7161],[-59.23504,-38.7161],[-59.23506,-38.7161],[-59.23508,-38.7161],[-59.23511,-38.7161],[-59.23511,-38.71609],[-59.23512,-38.71608],[-59.23514,-38.71607],[-59.23515,-38.71607],[-59.23516,-38.71607],[-59.23518,-38.71607],[-59.23519,-38.71607],[-59.2352,-38.71608],[-59.23521,-38.71609],[-59.23522,-38.71609],[-59.23523,-38.7161],[-59.23524,-38.7161],[-59.23524,-38.7161],[-59.23526,-38.71611],[-59.2353,-38.71611],[-59.23532,-38.71612],[-59.23534,-38.71612],[-59.23537,-38.71612],[-59.23538,-38.71612],[-59.23541,-38.71612],[-59.23542,-38.71612],[-59.23543,-38.71612],[-59.23545,-38.71612],[-59.23547,-38.71612],[-59.23551,-38.71612],[-59.23554,-38.71612],[-59.23555,-38.71612],[-59.23555,-38.71613],[-59.23557,-38.71614],[-59.23558,-38.71614],[-59.23559,-38.71615],[-59.23559,-38.71616],[-59.23561,-38.71617],[-59.23562,-38.71619],[-59.23563,-38.7162],[-59.23563,-38.71621],[-59.23565,-38.71622],[-59.23567,-38.71622],[-59.23569,-38.71622],[-59.23572,-38.71622],[-59.23575,-38.71622],[-59.23576,-38.71622],[-59.23578,-38.71622],[-59.23579,-38.71622],[-59.23581,-38.71621],[-59.23583,-38.71621],[-59.23585,-38.71621],[-59.23586,-38.71621],[-59.23589,-38.71621],[-59.23589,-38.71622],[-59.23591,-38.71622],[-59.23593,-38.71622],[-59.23594,-38.71623],[-59.23595,-38.71623],[-59.23595,-38.71624],[-59.23595,-38.71625],[-59.23596,-38.71626],[-59.23597,-38.71627],[-59.23597,-38.71628],[-59.23598,-38.71628],[-59.23599,-38.71629],[-59.236,-38.71629],[-59.23603,-38.71629],[-59.23605,-38.71629],[-59.23608,-38.71629],[-59.2361,-38.71629],[-59.23612,-38.71629],[-59.23613,-38.71629],[-59.23615,-38.71629],[-59.23618,-38.71629],[-59.2362,-38.71629],[-59.23622,-38.71629],[-59.23625,-38.71629],[-59.23626,-38.71629],[-59.23629,-38.71628],[-59.23631,-38.71627],[-59.23633,-38.71626],[-59.23634,-38.71626],[-59.23635,-38.71626],[-59.23638,-38.71626],[-59.23639,-38.71626],[-59.23642,-38.71627],[-59.23644,-38.71628],[-59.23645,-38.71629],[-59.23646,-38.71629],[-59.23647,-38.71629],[-59.23649,-38.71629],[-59.2365,-38.71629],[-59.23651,-38.7163],[-59.23654,-38.7163],[-59.23655,-38.7163],[-59.23657,-38.7163],[-59.23659,-38.71629],[-59.2366,-38.71629],[-59.23662,-38.71629],[-59.23664,-38.71629],[-59.23666,-38.71628],[-59.23669,-38.71628],[-59.2367,-38.71629],[-59.23671,-38.71629],[-59.23671,-38.7163],[-59.23671,-38.71631],[-59.23671,-38.71633],[-59.23671,-38.71634],[-59.23672,-38.71636],[-59.23672,-38.71637],[-59.23672,-38.71638],[-59.23673,-38.71639],[-59.23673,-38.7164],[-59.23674,-38.7164],[-59.23675,-38.7164],[-59.23676,-38.7164],[-59.23678,-38.7164],[-59.23681,-38.71638],[-59.23682,-38.71638],[-59.23682,-38.71638],[-59.23684,-38.71638],[-59.23685,-38.71638],[-59.23687,-38.71639],[-59.2369,-38.7164],[-59.23691,-38.71641],[-59.23693,-38.71642],[-59.23694,-38.71642],[-59.23696,-38.71642],[-59.23697,-38.71642],[-59.23699,-38.71642],[-59.23701,-38.71642],[-59.23702,-38.71642],[-59.23705,-38.71642],[-59.23708,-38.71643],[-59.23711,-38.71644],[-59.23713,-38.71645],[-59.23715,-38.71646],[-59.23716,-38.71646],[-59.23716,-38.71647],[-59.23717,-38.71647],[-59.23719,-38.71645],[-59.23721,-38.71645],[-59.23724,-38.71645],[-59.23729,-38.71646],[-59.23731,-38.71647],[-59.23732,-38.71648],[-59.23733,-38.71649],[-59.23734,-38.71649],[-59.23735,-38.7165],[-59.23736,-38.71651],[-59.23737,-38.71651],[-59.23738,-38.71652],[-59.2374,-38.71653],[-59.23743,-38.71654],[-59.23747,-38.71654],[-59.23749,-38.71656],[-59.23753,-38.71657],[-59.23756,-38.71657],[-59.2376,-38.71659],[-59.23762,-38.71659],[-59.23765,-38.7166],[-59.23768,-38.71661],[-59.23771,-38.71661],[-59.23774,-38.71662],[-59.23777,-38.71662],[-59.2378,-38.71663],[-59.23782,-38.71663],[-59.23784,-38.71664],[-59.23787,-38.71665],[-59.23787,-38.71665],[-59.2379,-38.71666],[-59.23792,-38.71666],[-59.23795,-38.71668],[-59.23797,-38.71669],[-59.23799,-38.71669],[-59.238,-38.7167],[-59.23801,-38.71671],[-59.23802,-38.71671],[-59.23804,-38.71672],[-59.23805,-38.71672],[-59.23807,-38.71672],[-59.23809,-38.71672],[-59.2381,-38.71671],[-59.23811,-38.7167],[-59.23811,-38.71669],[-59.23812,-38.71669],[-59.23812,-38.71669],[-59.23813,-38.71669],[-59.23814,-38.71669],[-59.23817,-38.71669],[-59.23818,-38.71669],[-59.23818,-38.71669],[-59.2382,-38.71669],[-59.23822,-38.7167],[-59.23823,-38.7167],[-59.23825,-38.71671],[-59.23826,-38.71672],[-59.23829,-38.71672],[-59.2383,-38.71672],[-59.23831,-38.71672],[-59.23834,-38.71672],[-59.23835,-38.71672],[-59.23836,-38.71672],[-59.23837,-38.71672],[-59.23838,-38.71672],[-59.2384,-38.71673],[-59.23841,-38.71673],[-59.23842,-38.71674],[-59.23843,-38.71675],[-59.23844,-38.71675],[-59.23844,-38.71676],[-59.23846,-38.71676],[-59.23847,-38.71676],[-59.23848,-38.71676],[-59.23849,-38.71676],[-59.2385,-38.71676],[-59.23851,-38.71676],[-59.23853,-38.71676],[-59.23855,-38.71676],[-59.23857,-38.71676],[-59.23859,-38.71676],[-59.2386,-38.71676],[-59.23861,-38.71676],[-59.23862,-38.71676],[-59.23864,-38.71676],[-59.23867,-38.71676],[-59.23869,-38.71676],[-59.23871,-38.71676],[-59.23872,-38.71676],[-59.23874,-38.71676],[-59.23876,-38.71676],[-59.23878,-38.71677],[-59.23879,-38.71677],[-59.23881,-38.71678],[-59.23883,-38.71678],[-59.23885,-38.71679],[-59.23889,-38.71679],[-59.23891,-38.71679],[-59.23893,-38.71679],[-59.23895,-38.71679],[-59.23896,-38.7168],[-59.23897,-38.7168],[-59.23898,-38.7168],[-59.23899,-38.71681],[-59.23899,-38.71682],[-59.239,-38.71683],[-59.23901,-38.71684],[-59.23902,-38.71685],[-59.23904,-38.71685],[-59.23905,-38.71685],[-59.23907,-38.71685],[-59.2391,-38.71685],[-59.23912,-38.71685],[-59.23915,-38.71685],[-59.23916,-38.71684],[-59.23918,-38.71684],[-59.23918,-38.71684],[-59.2392,-38.71684],[-59.23921,-38.71683],[-59.23922,-38.71683],[-59.23923,-38.71683],[-59.23926,-38.71683],[-59.23926,-38.71684],[-59.23927,-38.71684],[-59.23931,-38.71686],[-59.23932,-38.71686],[-59.23937,-38.71687],[-59.23938,-38.71688],[-59.23938,-38.71688],[-59.2394,-38.71688],[-59.23941,-38.71688],[-59.23942,-38.71689],[-59.23943,-38.71689],[-59.23944,-38.71689],[-59.23946,-38.71689],[-59.23947,-38.71689],[-59.23949,-38.71689],[-59.2395,-38.71689],[-59.23951,-38.71689],[-59.23953,-38.71689],[-59.23954,-38.71689],[-59.23956,-38.71689],[-59.23957,-38.71688],[-59.23958,-38.71688],[-59.23959,-38.71687],[-59.2396,-38.71687],[-59.23961,-38.71687],[-59.23962,-38.71686],[-59.23965,-38.71686],[-59.23967,-38.71686],[-59.2397,-38.71686],[-59.23972,-38.71686],[-59.23973,-38.71686],[-59.23975,-38.71686],[-59.23978,-38.71686],[-59.23979,-38.71688],[-59.23982,-38.71689],[-59.23983,-38.7169],[-59.23986,-38.71691],[-59.23987,-38.71691],[-59.23989,-38.71692],[-59.23992,-38.71693],[-59.23994,-38.71693],[-59.23997,-38.71693],[-59.23998,-38.71694],[-59.23999,-38.71694],[-59.24002,-38.71694],[-59.24005,-38.71694],[-59.24007,-38.71695],[-59.24009,-38.71696],[-59.24011,-38.71697],[-59.24013,-38.71698],[-59.24014,-38.71698],[-59.24017,-38.71699],[-59.2402,-38.717],[-59.24023,-38.71701],[-59.24027,-38.71703],[-59.24029,-38.71703],[-59.24032,-38.71705],[-59.24034,-38.71706],[-59.24037,-38.71707],[-59.24039,-38.71708],[-59.24042,-38.71708],[-59.24045,-38.71708],[-59.24048,-38.7171],[-59.24051,-38.71711],[-59.24054,-38.71712],[-59.24055,-38.71713],[-59.24056,-38.71713],[-59.24057,-38.71714],[-59.24059,-38.71715],[-59.24061,-38.71716],[-59.24066,-38.71718],[-59.2407,-38.71719],[-59.24074,-38.7172],[-59.24077,-38.71721],[-59.2408,-38.71722],[-59.24081,-38.71723],[-59.24084,-38.71723],[-59.24086,-38.71725],[-59.24087,-38.71725],[-59.24089,-38.71725],[-59.24092,-38.71726],[-59.24095,-38.71726],[-59.24097,-38.71727],[-59.241,-38.71727],[-59.24104,-38.71728],[-59.24108,-38.71728],[-59.24111,-38.71728],[-59.24112,-38.71728],[-59.24115,-38.71728],[-59.24116,-38.71729],[-59.24118,-38.7173],[-59.24122,-38.7173],[-59.24123,-38.7173],[-59.24126,-38.71731],[-59.24127,-38.71732],[-59.24129,-38.71732],[-59.24131,-38.71732],[-59.24132,-38.71732],[-59.24135,-38.71733],[-59.24136,-38.71733],[-59.24137,-38.71733],[-59.24139,-38.71733],[-59.24142,-38.71733],[-59.24143,-38.71734],[-59.24145,-38.71735],[-59.24147,-38.71735],[-59.2415,-38.71737],[-59.24152,-38.71737],[-59.24154,-38.71738],[-59.24155,-38.71738],[-59.24155,-38.71738],[-59.24162,-38.71742],[-59.24163,-38.71742],[-59.24164,-38.71742],[-59.24165,-38.71743],[-59.24168,-38.71743],[-59.24171,-38.71743],[-59.24173,-38.71743],[-59.24175,-38.71743],[-59.24178,-38.71743],[-59.24181,-38.71744],[-59.24184,-38.71744],[-59.24187,-38.71745],[-59.2419,-38.71747],[-59.24194,-38.71748],[-59.24196,-38.71748],[-59.242,-38.71749],[-59.24201,-38.71749],[-59.24204,-38.71749],[-59.24205,-38.71749],[-59.24208,-38.71751],[-59.24213,-38.71751],[-59.24216,-38.71751],[-59.24219,-38.71751],[-59.2422,-38.71751],[-59.24223,-38.71751],[-59.24227,-38.71751],[-59.24231,-38.71752],[-59.24232,-38.71752],[-59.24235,-38.71753],[-59.2424,-38.71754],[-59.24243,-38.71754],[-59.24245,-38.71754],[-59.24246,-38.71754],[-59.24247,-38.71754],[-59.2425,-38.71754],[-59.24254,-38.71754],[-59.24254,-38.71754],[-59.24257,-38.71754],[-59.24258,-38.71754],[-59.24261,-38.71753],[-59.24262,-38.71753],[-59.24264,-38.71753],[-59.24267,-38.71754],[-59.2427,-38.71755],[-59.24274,-38.71755],[-59.24277,-38.71755],[-59.24281,-38.71755],[-59.24286,-38.71755],[-59.2429,-38.71756],[-59.24294,-38.71756],[-59.24295,-38.71757],[-59.24298,-38.71758],[-59.24301,-38.71759],[-59.24306,-38.71761],[-59.2431,-38.71762],[-59.24312,-38.71763],[-59.24314,-38.71764],[-59.24316,-38.71765],[-59.24318,-38.71767],[-59.24319,-38.71767],[-59.24323,-38.7177],[-59.24325,-38.7177],[-59.24326,-38.7177],[-59.2433,-38.71772],[-59.24332,-38.71773],[-59.24333,-38.71774],[-59.24338,-38.71775],[-59.2434,-38.71776],[-59.24343,-38.71777],[-59.24344,-38.71778],[-59.24347,-38.71779],[-59.24349,-38.71779],[-59.24353,-38.7178],[-59.24356,-38.71781],[-59.24357,-38.71782],[-59.24358,-38.71783],[-59.24358,-38.71784],[-59.24359,-38.71784],[-59.24361,-38.71785],[-59.24364,-38.71785],[-59.24367,-38.71785],[-59.24372,-38.71785],[-59.24375,-38.71785],[-59.24376,-38.71785],[-59.24377,-38.71785],[-59.24378,-38.71785],[-59.2438,-38.71785],[-59.24383,-38.71785],[-59.24384,-38.71784],[-59.24385,-38.71784],[-59.24386,-38.71784],[-59.24387,-38.71784],[-59.2439,-38.71785],[-59.24392,-38.71787],[-59.24392,-38.71787],[-59.24394,-38.71789],[-59.24395,-38.71789],[-59.24396,-38.7179],[-59.24398,-38.7179],[-59.24401,-38.7179],[-59.24402,-38.7179],[-59.24404,-38.7179],[-59.24405,-38.7179],[-59.24415,-38.71793],[-59.24416,-38.71793],[-59.24417,-38.71793],[-59.24418,-38.71793],[-59.2442,-38.71793],[-59.24422,-38.71793],[-59.24423,-38.71793],[-59.24424,-38.71793],[-59.24426,-38.71793],[-59.24428,-38.71793],[-59.24431,-38.71793],[-59.24432,-38.71793],[-59.24432,-38.71793],[-59.24434,-38.71793],[-59.24435,-38.71794],[-59.24437,-38.71794],[-59.24439,-38.71795],[-59.24441,-38.71795],[-59.24443,-38.71797],[-59.24444,-38.71798],[-59.24447,-38.71799],[-59.2445,-38.718],[-59.24453,-38.71801],[-59.24455,-38.71802],[-59.24457,-38.71802],[-59.24459,-38.71802],[-59.2446,-38.71802],[-59.24461,-38.71802],[-59.24463,-38.71802],[-59.24464,-38.71802],[-59.24465,-38.71802],[-59.24467,-38.71802],[-59.24468,-38.71802],[-59.24471,-38.71802],[-59.24471,-38.71802],[-59.24473,-38.71802],[-59.24474,-38.71802],[-59.24478,-38.71802],[-59.24482,-38.71803],[-59.24484,-38.71803],[-59.24486,-38.71803],[-59.24487,-38.71803],[-59.24489,-38.71804],[-59.2449,-38.71804],[-59.24493,-38.71805],[-59.24494,-38.71806],[-59.24497,-38.71807],[-59.24498,-38.71807],[-59.24501,-38.71807],[-59.24502,-38.71807],[-59.24505,-38.71808],[-59.24506,-38.71809],[-59.2451,-38.71809],[-59.24511,-38.71809],[-59.24512,-38.7181],[-59.24513,-38.7181],[-59.24514,-38.7181],[-59.24517,-38.71811],[-59.24518,-38.71811],[-59.24519,-38.71812],[-59.24521,-38.71812],[-59.24523,-38.71812],[-59.24525,-38.71812],[-59.24528,-38.71813],[-59.2453,-38.71813],[-59.24531,-38.71813],[-59.24534,-38.71813],[-59.24535,-38.71813],[-59.24538,-38.71813],[-59.24539,-38.71813],[-59.24541,-38.71813],[-59.24544,-38.71813],[-59.24545,-38.71813],[-59.24547,-38.71813],[-59.24548,-38.71813],[-59.2455,-38.71813],[-59.24551,-38.71813],[-59.24554,-38.71813],[-59.24557,-38.71813],[-59.24558,-38.71813],[-59.2456,-38.71814],[-59.24562,-38.71814],[-59.24564,-38.71815],[-59.24566,-38.71815],[-59.2457,-38.71815],[-59.24574,-38.71815],[-59.24575,-38.71815],[-59.24578,-38.71815],[-59.24579,-38.71815],[-59.24583,-38.71815],[-59.24586,-38.71815],[-59.24587,-38.71815],[-59.24589,-38.71815],[-59.2459,-38.71815],[-59.24592,-38.71814],[-59.24593,-38.71814],[-59.24595,-38.71814],[-59.24596,-38.71814],[-59.24599,-38.71814],[-59.24601,-38.71814],[-59.24603,-38.71814],[-59.24604,-38.71814],[-59.24606,-38.71814],[-59.24608,-38.71814],[-59.24609,-38.71814],[-59.2461,-38.71814],[-59.24611,-38.71814],[-59.24613,-38.71814],[-59.24615,-38.71814],[-59.24617,-38.71814],[-59.24619,-38.71814],[-59.24621,-38.71814],[-59.24623,-38.71814],[-59.24626,-38.71814],[-59.24629,-38.71813],[-59.24629,-38.71813],[-59.24632,-38.71813],[-59.24633,-38.71813],[-59.24636,-38.71813],[-59.24637,-38.71813],[-59.24641,-38.71812],[-59.24642,-38.71811],[-59.24645,-38.71811],[-59.24646,-38.71811],[-59.24649,-38.71811],[-59.24649,-38.71811],[-59.24651,-38.71811],[-59.24653,-38.71811],[-59.24654,-38.71811],[-59.24656,-38.71811],[-59.24658,-38.71811],[-59.2466,-38.71811],[-59.24662,-38.71811],[-59.24663,-38.71811],[-59.24665,-38.71811],[-59.24666,-38.71811],[-59.24669,-38.71812],[-59.24669,-38.71812],[-59.2467,-38.71812],[-59.24671,-38.71812],[-59.24674,-38.71813],[-59.24675,-38.71813],[-59.24677,-38.71814],[-59.24678,-38.71814],[-59.24679,-38.71814],[-59.24681,-38.71814],[-59.24683,-38.71814],[-59.24685,-38.71814],[-59.24686,-38.71814],[-59.24688,-38.71815],[-59.24688,-38.71815],[-59.2469,-38.71815],[-59.24692,-38.71815],[-59.24701,-38.71816],[-59.24702,-38.71816],[-59.24704,-38.71817],[-59.24707,-38.71817],[-59.24708,-38.71817],[-59.24709,-38.71817],[-59.2471,-38.71817],[-59.24713,-38.71817],[-59.24715,-38.71817],[-59.2472,-38.71816],[-59.24722,-38.71816],[-59.24723,-38.71816],[-59.24724,-38.71816],[-59.24725,-38.71816],[-59.24727,-38.71816],[-59.24728,-38.71816],[-59.24728,-38.71817],[-59.24729,-38.71817],[-59.24732,-38.71818],[-59.24733,-38.71818],[-59.24737,-38.7182],[-59.24738,-38.7182],[-59.24739,-38.71821],[-59.24741,-38.71821],[-59.24745,-38.71823],[-59.24747,-38.71824],[-59.24748,-38.71824],[-59.24749,-38.71825],[-59.2475,-38.71825],[-59.24751,-38.71826],[-59.24752,-38.71826],[-59.24754,-38.71827],[-59.24756,-38.71827],[-59.24757,-38.71827],[-59.24759,-38.71828],[-59.2476,-38.71829],[-59.24763,-38.7183],[-59.24764,-38.71831],[-59.24766,-38.71831],[-59.24767,-38.71832],[-59.24768,-38.71833],[-59.24769,-38.71834],[-59.24772,-38.71834],[-59.24774,-38.71834],[-59.24777,-38.71835],[-59.24779,-38.71835],[-59.2478,-38.71836],[-59.24782,-38.71837],[-59.24783,-38.71837],[-59.24786,-38.71837],[-59.24787,-38.71838],[-59.24788,-38.71838],[-59.2479,-38.71839],[-59.24791,-38.71839],[-59.24792,-38.7184],[-59.24794,-38.7184],[-59.24795,-38.7184],[-59.24795,-38.71841],[-59.24796,-38.71841],[-59.24798,-38.71843],[-59.24799,-38.71843],[-59.24801,-38.71844],[-59.24803,-38.71845],[-59.24806,-38.71846],[-59.24809,-38.71847],[-59.2481,-38.71848],[-59.24811,-38.71848],[-59.24814,-38.71848],[-59.24815,-38.71849],[-59.24818,-38.71849],[-59.24819,-38.7185],[-59.24821,-38.71851],[-59.24822,-38.71851],[-59.24824,-38.71851],[-59.24825,-38.71852],[-59.24827,-38.71852],[-59.2483,-38.71852],[-59.24833,-38.71852],[-59.24834,-38.71852],[-59.24836,-38.71852],[-59.24837,-38.71852],[-59.24838,-38.71852],[-59.24842,-38.71852],[-59.24844,-38.71852],[-59.24846,-38.71852],[-59.24847,-38.71852],[-59.24849,-38.71852],[-59.24851,-38.71853],[-59.24852,-38.71853],[-59.24855,-38.71853],[-59.24857,-38.71854],[-59.24858,-38.71854],[-59.24859,-38.71854],[-59.24861,-38.71854],[-59.24864,-38.71854],[-59.24866,-38.71855],[-59.24867,-38.71855],[-59.24868,-38.71855],[-59.24869,-38.71855],[-59.24871,-38.71856],[-59.24873,-38.71857],[-59.24875,-38.71858],[-59.24876,-38.71858],[-59.24878,-38.71858],[-59.24878,-38.71859],[-59.2488,-38.7186],[-59.24881,-38.7186],[-59.24883,-38.7186],[-59.24885,-38.7186],[-59.24886,-38.7186],[-59.24889,-38.7186],[-59.24894,-38.71859],[-59.24896,-38.71857],[-59.24898,-38.71857],[-59.24899,-38.71857],[-59.249,-38.71857],[-59.24901,-38.71857],[-59.24905,-38.71856],[-59.24905,-38.71856],[-59.24908,-38.71856],[-59.2491,-38.71857],[-59.24911,-38.71858],[-59.24913,-38.71858],[-59.24914,-38.71858],[-59.24915,-38.71858],[-59.24916,-38.71858],[-59.24917,-38.71858],[-59.24918,-38.71858],[-59.24919,-38.71859],[-59.2492,-38.71859],[-59.24922,-38.71859],[-59.24923,-38.71859],[-59.24925,-38.71859],[-59.24927,-38.71859],[-59.24928,-38.7186],[-59.24929,-38.7186],[-59.2493,-38.7186],[-59.24943,-38.71865],[-59.24945,-38.71865],[-59.24948,-38.71865],[-59.2495,-38.71865],[-59.24952,-38.71865],[-59.24955,-38.71865],[-59.24956,-38.71865],[-59.24958,-38.71865],[-59.24959,-38.71865],[-59.2496,-38.71865],[-59.24961,-38.71865],[-59.24962,-38.71865],[-59.24963,-38.71866],[-59.24964,-38.71866],[-59.24966,-38.71867],[-59.24967,-38.71868],[-59.24969,-38.71869],[-59.24971,-38.7187],[-59.24973,-38.7187],[-59.24975,-38.71871],[-59.24978,-38.71871],[-59.24979,-38.71871],[-59.24981,-38.71871],[-59.24982,-38.71871],[-59.24984,-38.71871],[-59.24984,-38.71871],[-59.24986,-38.71871],[-59.24987,-38.71871],[-59.24989,-38.71871],[-59.24991,-38.71871],[-59.24992,-38.71872],[-59.24994,-38.71872],[-59.24996,-38.71873],[-59.24999,-38.71874],[-59.25,-38.71875],[-59.25002,-38.71875],[-59.25004,-38.71876],[-59.25004,-38.71876],[-59.25007,-38.71878],[-59.2501,-38.71879],[-59.2501,-38.71879],[-59.25013,-38.7188],[-59.25015,-38.7188],[-59.25018,-38.71881],[-59.25019,-38.71881],[-59.2502,-38.71881],[-59.25021,-38.71881],[-59.25022,-38.71881],[-59.25024,-38.71881],[-59.25025,-38.71881],[-59.25028,-38.71881],[-59.25029,-38.71882],[-59.2503,-38.71882],[-59.25031,-38.71882],[-59.25033,-38.71883],[-59.25034,-38.71883],[-59.25036,-38.71883],[-59.25038,-38.71883],[-59.25039,-38.71883],[-59.25041,-38.71883],[-59.25043,-38.71883],[-59.25045,-38.71883],[-59.25047,-38.71882],[-59.2505,-38.71882],[-59.25051,-38.71882],[-59.25052,-38.71882],[-59.25054,-38.71882],[-59.25055,-38.71882],[-59.25058,-38.71882],[-59.25059,-38.71882],[-59.25061,-38.71882],[-59.25063,-38.71882],[-59.25065,-38.71882],[-59.25067,-38.71882],[-59.2507,-38.71882],[-59.25073,-38.71883],[-59.25075,-38.71883],[-59.25077,-38.71884],[-59.25079,-38.71884],[-59.25081,-38.71884],[-59.25085,-38.71885],[-59.25091,-38.71886],[-59.25095,-38.71887],[-59.25096,-38.71887],[-59.25097,-38.71888],[-59.25101,-38.71889],[-59.25104,-38.7189],[-59.25107,-38.7189],[-59.25109,-38.7189],[-59.25112,-38.71892],[-59.25115,-38.71892],[-59.25116,-38.71892],[-59.25121,-38.71892],[-59.25123,-38.71892],[-59.25125,-38.71892],[-59.25126,-38.71892],[-59.25128,-38.71892],[-59.2513,-38.71894],[-59.25131,-38.71894],[-59.25133,-38.71894],[-59.25135,-38.71896],[-59.25137,-38.71897],[-59.25139,-38.71899],[-59.25141,-38.719],[-59.25142,-38.719],[-59.25142,-38.71901],[-59.25144,-38.71902],[-59.25145,-38.71902],[-59.25146,-38.71903],[-59.2515,-38.71907],[-59.25151,-38.71907],[-59.25155,-38.71907],[-59.25159,-38.71907],[-59.25161,-38.71907],[-59.25162,-38.71906],[-59.25162,-38.71906],[-59.25163,-38.71906],[-59.25164,-38.71906],[-59.25165,-38.71906],[-59.25166,-38.71906],[-59.25167,-38.71906],[-59.25168,-38.71906],[-59.2517,-38.71906],[-59.25171,-38.71906],[-59.25172,-38.71906],[-59.25174,-38.71907],[-59.25176,-38.71907],[-59.25178,-38.71907],[-59.2518,-38.71908],[-59.25182,-38.71908],[-59.25184,-38.71909],[-59.25186,-38.7191],[-59.25187,-38.7191],[-59.25187,-38.71911],[-59.25189,-38.71912],[-59.25191,-38.71913],[-59.25194,-38.71915],[-59.25195,-38.71916],[-59.25196,-38.71917],[-59.25198,-38.71918],[-59.25199,-38.71918],[-59.25202,-38.7192],[-59.25203,-38.71921],[-59.25204,-38.71922],[-59.25207,-38.71923],[-59.2521,-38.71924],[-59.25211,-38.71925],[-59.25214,-38.71926],[-59.25215,-38.71926],[-59.25217,-38.71928],[-59.25218,-38.71928],[-59.2522,-38.71929],[-59.25221,-38.7193],[-59.25223,-38.71931],[-59.25224,-38.71932],[-59.25226,-38.71932],[-59.25226,-38.71933],[-59.25229,-38.71934],[-59.25231,-38.71934],[-59.25232,-38.71934],[-59.25234,-38.71934],[-59.25236,-38.71934],[-59.25237,-38.71935],[-59.2524,-38.71936],[-59.25241,-38.71936],[-59.25244,-38.71937],[-59.25247,-38.71939],[-59.25248,-38.71939],[-59.2525,-38.71939],[-59.25252,-38.7194],[-59.25254,-38.7194],[-59.25256,-38.71941],[-59.25259,-38.71942],[-59.25261,-38.71942],[-59.25261,-38.71943],[-59.25262,-38.71943],[-59.25263,-38.71943],[-59.25265,-38.71943],[-59.25266,-38.71943],[-59.25267,-38.71943],[-59.25268,-38.71945],[-59.2527,-38.71945],[-59.25271,-38.71945],[-59.25274,-38.71945],[-59.25275,-38.71945],[-59.25278,-38.71945],[-59.2528,-38.71945],[-59.25282,-38.71945],[-59.25282,-38.71945],[-59.25282,-38.71945],[-59.25284,-38.71945],[-59.25284,-38.71945],[-59.25286,-38.71945],[-59.25288,-38.71945],[-59.25289,-38.71945],[-59.2529,-38.71945],[-59.2529,-38.71945],[-59.2529,-38.71945],[-59.2529,-38.71945],[-59.25291,-38.71945],[-59.25291,-38.71946],[-59.25291,-38.71946],[-59.25291,-38.71946],[-59.25291,-38.71946],[-59.25292,-38.71946],[-59.25293,-38.71946],[-59.25293,-38.71946],[-59.25294,-38.71946],[-59.25296,-38.71947],[-59.25297,-38.71948],[-59.25299,-38.71948],[-59.253,-38.71948],[-59.253,-38.71949],[-59.25302,-38.71949],[-59.25303,-38.71949],[-59.25305,-38.71949],[-59.25306,-38.71949],[-59.25308,-38.71949],[-59.2531,-38.71949],[-59.25312,-38.71949],[-59.25314,-38.71949],[-59.25315,-38.71949],[-59.25317,-38.71949],[-59.25319,-38.71949],[-59.2532,-38.71949],[-59.25324,-38.71949],[-59.25326,-38.71949],[-59.25329,-38.71949],[-59.25331,-38.71949],[-59.25332,-38.71949],[-59.25334,-38.71949],[-59.25335,-38.71949],[-59.25336,-38.71949],[-59.25338,-38.71949],[-59.2534,-38.71949],[-59.2534,-38.71949],[-59.25341,-38.71949],[-59.2535,-38.71953],[-59.25351,-38.71953],[-59.25352,-38.71953],[-59.25356,-38.71953],[-59.25357,-38.71953],[-59.25358,-38.71953],[-59.25359,-38.71954],[-59.25361,-38.71954],[-59.25364,-38.71955],[-59.25366,-38.71956],[-59.2537,-38.71957],[-59.25372,-38.71958],[-59.25373,-38.71958],[-59.25374,-38.71959],[-59.25376,-38.71959],[-59.25377,-38.7196],[-59.25379,-38.7196],[-59.2538,-38.71961],[-59.25381,-38.71961],[-59.25383,-38.71961],[-59.25385,-38.71962],[-59.25386,-38.71962],[-59.25388,-38.71962],[-59.25391,-38.71963],[-59.25392,-38.71963],[-59.25394,-38.71964],[-59.25396,-38.71964],[-59.25398,-38.71965],[-59.25399,-38.71965],[-59.25401,-38.71965],[-59.25402,-38.71965],[-59.25403,-38.71965],[-59.25404,-38.71965],[-59.25407,-38.71965],[-59.2541,-38.71965],[-59.25412,-38.71965],[-59.25414,-38.71965],[-59.25417,-38.71965],[-59.25419,-38.71965],[-59.25419,-38.71965],[-59.2542,-38.71965],[-59.25421,-38.71966],[-59.25425,-38.71967],[-59.25429,-38.71968],[-59.25432,-38.71968],[-59.25434,-38.71968],[-59.25437,-38.71969],[-59.25438,-38.71969],[-59.25439,-38.7197],[-59.25441,-38.71971],[-59.25444,-38.71971],[-59.25447,-38.71972],[-59.25449,-38.71972],[-59.25451,-38.71972],[-59.25453,-38.71972],[-59.25455,-38.71972],[-59.25457,-38.71973],[-59.25458,-38.71973],[-59.2546,-38.71974],[-59.25461,-38.71974],[-59.25462,-38.71974],[-59.25463,-38.71974],[-59.25464,-38.71974],[-59.25466,-38.71974],[-59.25467,-38.71974],[-59.25468,-38.71974],[-59.25469,-38.71974],[-59.25471,-38.71974],[-59.25472,-38.71974],[-59.25474,-38.71974],[-59.25474,-38.71975],[-59.25475,-38.71975],[-59.25476,-38.71976],[-59.25487,-38.71978],[-59.25488,-38.71978],[-59.2549,-38.71978],[-59.25491,-38.71978],[-59.25493,-38.71978],[-59.25494,-38.71979],[-59.25497,-38.7198],[-59.25498,-38.71981],[-59.25501,-38.71982],[-59.25503,-38.71983],[-59.25506,-38.71984],[-59.25508,-38.71985],[-59.2551,-38.71985],[-59.25512,-38.71985],[-59.25514,-38.71986],[-59.25516,-38.71986],[-59.25518,-38.71986],[-59.25521,-38.71986],[-59.25524,-38.71986],[-59.25525,-38.71986],[-59.25528,-38.71986],[-59.25529,-38.71986],[-59.25531,-38.71986],[-59.25532,-38.71986],[-59.25534,-38.71987],[-59.25537,-38.71987],[-59.25537,-38.71989],[-59.25538,-38.71989],[-59.25539,-38.7199],[-59.25541,-38.7199],[-59.25544,-38.7199],[-59.25545,-38.7199],[-59.25547,-38.7199],[-59.25549,-38.7199],[-59.25551,-38.7199],[-59.25553,-38.71992],[-59.25555,-38.71992],[-59.25557,-38.71993],[-59.25559,-38.71994],[-59.25561,-38.71994],[-59.25562,-38.71994],[-59.25564,-38.71995],[-59.25567,-38.71996],[-59.2557,-38.71998],[-59.25573,-38.71999],[-59.25574,-38.71999],[-59.25575,-38.71999],[-59.25576,-38.71999],[-59.25577,-38.71999],[-59.25578,-38.72],[-59.25584,-38.72],[-59.25585,-38.72],[-59.25586,-38.72],[-59.25587,-38.72],[-59.25589,-38.72],[-59.25589,-38.72],[-59.25592,-38.71999],[-59.25593,-38.71999],[-59.25594,-38.71999],[-59.25595,-38.71999],[-59.25595,-38.71999],[-59.25595,-38.71999],[-59.25596,-38.71999],[-59.25596,-38.71999],[-59.25597,-38.72],[-59.25598,-38.72],[-59.25599,-38.72001],[-59.256,-38.72001],[-59.256,-38.72001],[-59.25601,-38.72002],[-59.25602,-38.72002],[-59.25603,-38.72002],[-59.25603,-38.72002],[-59.25606,-38.72003],[-59.25607,-38.72003],[-59.25609,-38.72004],[-59.2561,-38.72004],[-59.25613,-38.72004],[-59.25614,-38.72005],[-59.25616,-38.72005],[-59.25617,-38.72005],[-59.2562,-38.72006],[-59.25621,-38.72007],[-59.25624,-38.72008],[-59.25626,-38.72008],[-59.25628,-38.72009],[-59.25629,-38.7201],[-59.25633,-38.72011],[-59.25634,-38.72011],[-59.25636,-38.72011],[-59.25637,-38.72012],[-59.25639,-38.72012],[-59.25641,-38.72013],[-59.25644,-38.72013],[-59.25645,-38.72013],[-59.25646,-38.72013],[-59.25649,-38.72013],[-59.25649,-38.72013],[-59.25653,-38.72013],[-59.25654,-38.72013],[-59.25657,-38.72013],[-59.25658,-38.72013],[-59.25659,-38.72013],[-59.2566,-38.72013],[-59.25663,-38.72013],[-59.25663,-38.72013],[-59.25664,-38.72013],[-59.25667,-38.72013],[-59.25668,-38.72013],[-59.25673,-38.72013],[-59.25673,-38.72013],[-59.25674,-38.72013],[-59.25678,-38.72014],[-59.25678,-38.72014],[-59.25683,-38.72014],[-59.25683,-38.72014],[-59.25688,-38.72014],[-59.25692,-38.72014],[-59.25693,-38.72014],[-59.25695,-38.72014],[-59.25697,-38.72015],[-59.25698,-38.72015],[-59.257,-38.72015],[-59.25702,-38.72016],[-59.25702,-38.72016],[-59.25704,-38.72016],[-59.25705,-38.72016],[-59.25707,-38.72017],[-59.25707,-38.72017],[-59.2571,-38.72017],[-59.25711,-38.72017],[-59.25713,-38.72018],[-59.25714,-38.72018],[-59.25716,-38.72018],[-59.25717,-38.72018],[-59.2572,-38.72018],[-59.25723,-38.72018],[-59.25723,-38.72018],[-59.25725,-38.72018],[-59.25725,-38.72018],[-59.25725,-38.72018],[-59.25728,-38.72018],[-59.25733,-38.72018],[-59.25736,-38.72018],[-59.25738,-38.72018],[-59.25739,-38.72019],[-59.2574,-38.72019],[-59.25743,-38.7202],[-59.25744,-38.7202],[-59.25744,-38.7202],[-59.25746,-38.7202],[-59.25746,-38.7202],[-59.25748,-38.7202],[-59.2575,-38.72021],[-59.25751,-38.72021],[-59.25754,-38.72021],[-59.25755,-38.72021],[-59.25759,-38.72021],[-59.2576,-38.72021],[-59.25762,-38.72021],[-59.25764,-38.72021],[-59.25766,-38.72022],[-59.25767,-38.72022],[-59.25771,-38.72022],[-59.25772,-38.72023],[-59.25774,-38.72023],[-59.25776,-38.72024],[-59.25779,-38.72025],[-59.25781,-38.72025],[-59.25781,-38.72025],[-59.25783,-38.72026],[-59.25784,-38.72026],[-59.25785,-38.72027],[-59.25786,-38.72027],[-59.25787,-38.72028],[-59.25788,-38.72029],[-59.25789,-38.7203],[-59.25791,-38.72031],[-59.25792,-38.72032],[-59.25793,-38.72033],[-59.25794,-38.72033],[-59.25795,-38.72034],[-59.25795,-38.72034],[-59.25797,-38.72034],[-59.25797,-38.72034],[-59.25799,-38.72034],[-59.258,-38.72034],[-59.258,-38.72034],[-59.25803,-38.72034],[-59.25806,-38.72035],[-59.25808,-38.72035],[-59.25808,-38.72035],[-59.25809,-38.72035],[-59.25811,-38.72036],[-59.25812,-38.72036],[-59.25813,-38.72036],[-59.25813,-38.72036],[-59.25814,-38.72036],[-59.25822,-38.72035],[-59.25824,-38.72035],[-59.25826,-38.72036],[-59.25827,-38.72036],[-59.25831,-38.72037],[-59.25833,-38.72038],[-59.25833,-38.72038],[-59.25837,-38.7204],[-59.25838,-38.7204],[-59.2584,-38.72042],[-59.25841,-38.72042],[-59.25844,-38.72044],[-59.25845,-38.72045],[-59.25847,-38.72047],[-59.25848,-38.72048],[-59.25851,-38.7205],[-59.25853,-38.72051],[-59.25855,-38.72052],[-59.25859,-38.72053],[-59.25861,-38.72053],[-59.25865,-38.72054],[-59.25868,-38.72054],[-59.25868,-38.72055],[-59.25869,-38.72055],[-59.25871,-38.72055],[-59.25873,-38.72056],[-59.25875,-38.72057],[-59.25877,-38.72057],[-59.25879,-38.72058],[-59.25881,-38.72058],[-59.25883,-38.72059],[-59.25884,-38.72059],[-59.25885,-38.72059],[-59.25887,-38.72059],[-59.25888,-38.7206],[-59.2589,-38.7206],[-59.25891,-38.72061],[-59.25892,-38.72061],[-59.25893,-38.72062],[-59.25895,-38.72063],[-59.25896,-38.72064],[-59.25899,-38.72064],[-59.25901,-38.72066],[-59.25902,-38.72066],[-59.25903,-38.72066],[-59.25905,-38.72067],[-59.25907,-38.72067],[-59.25908,-38.72067],[-59.25909,-38.72067],[-59.25911,-38.72068],[-59.25912,-38.72068],[-59.25915,-38.72068],[-59.25918,-38.72068],[-59.25921,-38.72068],[-59.25923,-38.72068],[-59.25928,-38.7207],[-59.2593,-38.7207],[-59.25932,-38.7207],[-59.25936,-38.72072],[-59.25941,-38.72073],[-59.25943,-38.72073],[-59.25946,-38.72074],[-59.25948,-38.72075],[-59.25949,-38.72075],[-59.25951,-38.72076],[-59.25952,-38.72077],[-59.25955,-38.72078],[-59.25958,-38.72079],[-59.25961,-38.72079],[-59.25964,-38.72079],[-59.25965,-38.72079],[-59.25968,-38.7208],[-59.25971,-38.7208],[-59.25973,-38.72081],[-59.25974,-38.72081],[-59.25976,-38.72082],[-59.25978,-38.72083],[-59.25981,-38.72085],[-59.25982,-38.72085],[-59.25984,-38.72086],[-59.25986,-38.72087],[-59.25987,-38.72087],[-59.2599,-38.72087],[-59.25991,-38.72087],[-59.25993,-38.72087],[-59.25995,-38.72088],[-59.25998,-38.72089],[-59.26,-38.72089],[-59.26003,-38.72091],[-59.26004,-38.72091],[-59.26007,-38.72093],[-59.26008,-38.72093],[-59.26009,-38.72093],[-59.26011,-38.72095],[-59.26011,-38.72096],[-59.26011,-38.72097],[-59.26014,-38.72098],[-59.26016,-38.721],[-59.26018,-38.721],[-59.26021,-38.72101],[-59.26023,-38.72101],[-59.26024,-38.72101],[-59.26026,-38.72102],[-59.26028,-38.72103],[-59.2603,-38.72103],[-59.26031,-38.72104],[-59.26034,-38.72104],[-59.26037,-38.72104],[-59.26039,-38.72104],[-59.26041,-38.72104],[-59.26044,-38.72104],[-59.26046,-38.72104],[-59.26047,-38.72104],[-59.26049,-38.72104],[-59.2605,-38.72104],[-59.26052,-38.72104],[-59.26054,-38.72102],[-59.26056,-38.72102],[-59.26057,-38.72101],[-59.26058,-38.72101],[-59.26061,-38.72101],[-59.26064,-38.72101],[-59.26067,-38.721],[-59.2607,-38.721],[-59.26072,-38.721],[-59.26073,-38.721],[-59.26077,-38.721],[-59.2608,-38.721],[-59.26082,-38.721],[-59.26084,-38.721],[-59.26087,-38.721],[-59.26089,-38.721],[-59.2609,-38.72101],[-59.26094,-38.72102],[-59.26098,-38.72104],[-59.26099,-38.72105],[-59.26102,-38.72105],[-59.26104,-38.72106],[-59.26107,-38.72107],[-59.26109,-38.72108],[-59.26111,-38.72109],[-59.26113,-38.7211],[-59.26115,-38.72111],[-59.26116,-38.72112],[-59.26117,-38.72113],[-59.26118,-38.72113],[-59.26118,-38.72114],[-59.26119,-38.72116],[-59.26119,-38.72118],[-59.2612,-38.72119],[-59.26121,-38.72121],[-59.26122,-38.72123],[-59.26124,-38.72125],[-59.26126,-38.72126],[-59.26129,-38.72128],[-59.26131,-38.72128],[-59.26132,-38.72128],[-59.26135,-38.72128],[-59.26138,-38.72128],[-59.2614,-38.72128],[-59.26141,-38.72128],[-59.26142,-38.72128],[-59.26143,-38.72128],[-59.26152,-38.72129],[-59.26153,-38.72129],[-59.26157,-38.7213],[-59.26159,-38.7213],[-59.2616,-38.7213],[-59.26163,-38.72131],[-59.26164,-38.72131],[-59.26167,-38.72133],[-59.26169,-38.72133],[-59.26169,-38.72133],[-59.2617,-38.72133],[-59.26172,-38.72133],[-59.26175,-38.72132],[-59.26177,-38.72132],[-59.26178,-38.72132],[-59.2618,-38.72131],[-59.26182,-38.72131],[-59.26184,-38.72131],[-59.26187,-38.72131],[-59.26188,-38.72131],[-59.26189,-38.72132],[-59.2619,-38.72132],[-59.26192,-38.72133],[-59.26195,-38.72133],[-59.26197,-38.72133],[-59.26199,-38.72133],[-59.26202,-38.72133],[-59.26206,-38.72133],[-59.26208,-38.72134],[-59.26211,-38.72134],[-59.26214,-38.72135],[-59.26215,-38.72135],[-59.26216,-38.72135],[-59.26218,-38.72135],[-59.26221,-38.72136],[-59.26224,-38.72136],[-59.26228,-38.72136],[-59.26228,-38.72137],[-59.2623,-38.72138],[-59.26235,-38.72139],[-59.26236,-38.72139],[-59.26237,-38.7214],[-59.26238,-38.7214],[-59.2624,-38.72141],[-59.26242,-38.72141],[-59.26244,-38.72141],[-59.26245,-38.72142],[-59.26248,-38.72142],[-59.2625,-38.72143],[-59.26252,-38.72143],[-59.26254,-38.72143],[-59.26256,-38.72143],[-59.26258,-38.72142],[-59.26259,-38.72142],[-59.26261,-38.72141],[-59.26263,-38.72141],[-59.26265,-38.72141],[-59.26267,-38.72141],[-59.2627,-38.72141],[-59.26274,-38.72142],[-59.26276,-38.72142],[-59.2628,-38.72143],[-59.26282,-38.72143],[-59.26285,-38.72143],[-59.26288,-38.72143],[-59.26291,-38.72144],[-59.26293,-38.72144],[-59.26297,-38.72144],[-59.26299,-38.72146],[-59.26301,-38.72146],[-59.26302,-38.72147],[-59.26304,-38.72147],[-59.26307,-38.72148],[-59.26308,-38.72148],[-59.2631,-38.7215],[-59.26311,-38.7215],[-59.26314,-38.7215],[-59.26317,-38.72152],[-59.26319,-38.72152],[-59.26321,-38.72152],[-59.26323,-38.72153],[-59.26327,-38.72155],[-59.26331,-38.72155],[-59.26334,-38.72155],[-59.26339,-38.72156],[-59.26341,-38.72156],[-59.26344,-38.72156],[-59.26346,-38.72156],[-59.26347,-38.72156],[-59.2635,-38.72156],[-59.26353,-38.72157],[-59.26355,-38.72158],[-59.2636,-38.7216],[-59.26361,-38.7216],[-59.26364,-38.72161],[-59.26366,-38.72162],[-59.26369,-38.72163],[-59.26372,-38.72164],[-59.26376,-38.72165],[-59.26379,-38.72166],[-59.2638,-38.72166],[-59.26383,-38.72166],[-59.26385,-38.72166],[-59.26387,-38.72167],[-59.26389,-38.72169],[-59.2639,-38.72169],[-59.26393,-38.7217],[-59.26394,-38.72171],[-59.26396,-38.72171],[-59.26398,-38.72172],[-59.26401,-38.72173],[-59.26403,-38.72174],[-59.26405,-38.72175],[-59.26408,-38.72177],[-59.26408,-38.72178],[-59.26409,-38.72179],[-59.2641,-38.7218],[-59.26414,-38.7218],[-59.26417,-38.72181],[-59.26418,-38.72181],[-59.2642,-38.72181],[-59.26421,-38.72181],[-59.26423,-38.72182],[-59.26425,-38.72183],[-59.26427,-38.72183],[-59.26429,-38.72183],[-59.26431,-38.72183],[-59.26432,-38.72184],[-59.26434,-38.72185],[-59.26437,-38.72185],[-59.26439,-38.72185],[-59.2644,-38.72186],[-59.26442,-38.72187],[-59.26443,-38.72187],[-59.26444,-38.72187],[-59.26445,-38.72187],[-59.26446,-38.72188],[-59.26448,-38.72188],[-59.2645,-38.72189],[-59.26453,-38.7219],[-59.26456,-38.7219],[-59.26458,-38.72191],[-59.26461,-38.72192],[-59.26464,-38.72192],[-59.26466,-38.72192],[-59.26469,-38.72192],[-59.26472,-38.72192],[-59.26475,-38.72192],[-59.26477,-38.72192],[-59.2648,-38.72192],[-59.26483,-38.72192],[-59.26485,-38.72192],[-59.26486,-38.72192],[-59.26489,-38.72192],[-59.26492,-38.72192],[-59.26496,-38.72192],[-59.265,-38.72192],[-59.26503,-38.72192],[-59.26505,-38.72193],[-59.26509,-38.72194],[-59.26512,-38.72195],[-59.26515,-38.72196],[-59.26519,-38.72196],[-59.26522,-38.72197],[-59.26525,-38.72198],[-59.26529,-38.72199],[-59.26532,-38.722],[-59.26535,-38.72201],[-59.26538,-38.72202],[-59.2654,-38.72203],[-59.26543,-38.72204],[-59.26545,-38.72205],[-59.26548,-38.72206],[-59.26551,-38.72207],[-59.26555,-38.72208],[-59.26558,-38.72209],[-59.26561,-38.7221],[-59.26562,-38.72211],[-59.26562,-38.72212],[-59.26564,-38.72212],[-59.26564,-38.72214],[-59.26566,-38.72215],[-59.26569,-38.72217],[-59.26572,-38.72217],[-59.26574,-38.72217],[-59.26576,-38.72217],[-59.26578,-38.72217],[-59.2658,-38.72217],[-59.26583,-38.72217],[-59.26583,-38.72217],[-59.26584,-38.72217],[-59.26586,-38.72217],[-59.26588,-38.72216],[-59.2659,-38.72216],[-59.26593,-38.72216],[-59.26595,-38.72216],[-59.26598,-38.72216],[-59.26601,-38.72217],[-59.26602,-38.72217],[-59.26603,-38.72217],[-59.26605,-38.72216],[-59.26606,-38.72216],[-59.26607,-38.72216],[-59.26609,-38.72216],[-59.2661,-38.72216],[-59.26612,-38.72216],[-59.26616,-38.72216],[-59.26617,-38.72216],[-59.2662,-38.72217],[-59.26621,-38.72218],[-59.26622,-38.72218],[-59.26624,-38.72219],[-59.26625,-38.72219],[-59.26627,-38.72221],[-59.2663,-38.72221],[-59.26631,-38.72222],[-59.26632,-38.72222],[-59.26633,-38.72222],[-59.26635,-38.72224],[-59.26637,-38.72224],[-59.26647,-38.72233],[-59.26647,-38.72234],[-59.26652,-38.72236],[-59.26654,-38.72238],[-59.26655,-38.72238],[-59.26657,-38.72239],[-59.26658,-38.7224],[-59.2666,-38.72241],[-59.26662,-38.72242],[-59.26662,-38.72243],[-59.26664,-38.72244],[-59.26666,-38.72245],[-59.26667,-38.72245],[-59.2667,-38.72246],[-59.26673,-38.72246],[-59.26675,-38.72246],[-59.26677,-38.72246],[-59.26678,-38.72245],[-59.26679,-38.72244],[-59.26681,-38.72244],[-59.26682,-38.72244],[-59.26683,-38.72244],[-59.26684,-38.72244],[-59.26687,-38.72245],[-59.26689,-38.72245],[-59.26693,-38.72246],[-59.26696,-38.72248],[-59.26699,-38.72249],[-59.26701,-38.7225],[-59.26703,-38.72251],[-59.26705,-38.72251],[-59.26707,-38.72251],[-59.26709,-38.72251],[-59.26711,-38.72251],[-59.26713,-38.72251],[-59.26716,-38.72252],[-59.26719,-38.72253],[-59.26722,-38.72254],[-59.26724,-38.72255],[-59.26726,-38.72256],[-59.26729,-38.72258],[-59.26731,-38.72259],[-59.26733,-38.7226],[-59.26735,-38.72262],[-59.26737,-38.72263],[-59.26739,-38.72265],[-59.26741,-38.72265],[-59.26743,-38.72266],[-59.26744,-38.72266],[-59.26745,-38.72267],[-59.26748,-38.72268],[-59.2675,-38.72268],[-59.26752,-38.72269],[-59.26754,-38.72269],[-59.26755,-38.7227],[-59.26757,-38.72271],[-59.26759,-38.72271],[-59.26761,-38.72271],[-59.26761,-38.72272],[-59.26763,-38.72272],[-59.26764,-38.72272],[-59.26767,-38.72273],[-59.26768,-38.72273],[-59.26769,-38.72273],[-59.26772,-38.72273],[-59.26775,-38.72274],[-59.26778,-38.72274],[-59.26781,-38.72274],[-59.26783,-38.72275],[-59.26786,-38.72276],[-59.26788,-38.72276],[-59.26791,-38.72277],[-59.26793,-38.72277],[-59.26795,-38.72278],[-59.26797,-38.72278],[-59.26799,-38.72279],[-59.26801,-38.72279],[-59.26802,-38.72279],[-59.26803,-38.72279],[-59.26804,-38.72279],[-59.26806,-38.7228],[-59.26807,-38.72281],[-59.26809,-38.72281],[-59.26811,-38.72281],[-59.26817,-38.72283],[-59.26817,-38.72284],[-59.26818,-38.72284],[-59.26819,-38.72284],[-59.26821,-38.72285],[-59.26824,-38.72285],[-59.26827,-38.72286],[-59.26828,-38.72286],[-59.2683,-38.72286],[-59.26832,-38.72286],[-59.26834,-38.72286],[-59.26836,-38.72286],[-59.26839,-38.72288],[-59.2684,-38.72288],[-59.26841,-38.72289],[-59.26844,-38.7229],[-59.26846,-38.72291],[-59.26848,-38.72291],[-59.2685,-38.72292],[-59.26852,-38.72292],[-59.26855,-38.72293],[-59.26857,-38.72294],[-59.2686,-38.72294],[-59.26861,-38.72295],[-59.26863,-38.72295],[-59.26865,-38.72296],[-59.26867,-38.72296],[-59.26868,-38.72296],[-59.26871,-38.72297],[-59.26874,-38.72297],[-59.26875,-38.72297],[-59.26879,-38.72299],[-59.26882,-38.723],[-59.26886,-38.72302],[-59.2689,-38.72302],[-59.26892,-38.72303],[-59.26895,-38.72304],[-59.26897,-38.72305],[-59.26899,-38.72306],[-59.26901,-38.72307],[-59.26902,-38.72308],[-59.26906,-38.72309],[-59.26909,-38.72309],[-59.26912,-38.72309],[-59.26913,-38.7231],[-59.26916,-38.7231],[-59.26918,-38.7231],[-59.2692,-38.72309],[-59.26924,-38.72309],[-59.26927,-38.72309],[-59.2693,-38.72309],[-59.26932,-38.7231],[-59.26935,-38.7231],[-59.26937,-38.72311],[-59.26939,-38.72312],[-59.26939,-38.72313],[-59.2694,-38.72313],[-59.26944,-38.72313],[-59.26947,-38.72313],[-59.26949,-38.72313],[-59.26951,-38.72313],[-59.26953,-38.72313],[-59.26954,-38.72313],[-59.26957,-38.72313],[-59.26959,-38.72313],[-59.26962,-38.72313],[-59.26966,-38.72313],[-59.26968,-38.72314],[-59.26971,-38.72315],[-59.26973,-38.72315],[-59.26974,-38.72315],[-59.26977,-38.72316],[-59.26979,-38.72317],[-59.26981,-38.72318],[-59.26983,-38.72318],[-59.26984,-38.72318],[-59.26986,-38.72318],[-59.26987,-38.72319],[-59.26989,-38.7232],[-59.26992,-38.7232],[-59.26993,-38.72321],[-59.26994,-38.72321],[-59.26995,-38.72322],[-59.26997,-38.72323],[-59.26998,-38.72323],[-59.26999,-38.72323],[-59.27,-38.72323],[-59.27001,-38.72324],[-59.27005,-38.72326],[-59.27005,-38.72327],[-59.27006,-38.72328],[-59.27007,-38.72329],[-59.27008,-38.72329],[-59.27009,-38.7233],[-59.2701,-38.7233],[-59.27011,-38.7233],[-59.27014,-38.7233],[-59.27018,-38.7233],[-59.27018,-38.7233],[-59.27019,-38.7233],[-59.2702,-38.72331],[-59.27024,-38.72331],[-59.27028,-38.72331],[-59.27031,-38.72331],[-59.27032,-38.72331],[-59.27035,-38.72331],[-59.27037,-38.72331],[-59.27039,-38.72331],[-59.27041,-38.72332],[-59.27044,-38.72333],[-59.27047,-38.72334],[-59.2705,-38.72335],[-59.27054,-38.72335],[-59.27057,-38.72335],[-59.2706,-38.72335],[-59.27063,-38.72335],[-59.27067,-38.72337],[-59.27069,-38.72338],[-59.27072,-38.72339],[-59.27074,-38.7234],[-59.27076,-38.72341],[-59.27077,-38.72342],[-59.2708,-38.72344],[-59.27084,-38.72346],[-59.27087,-38.72346],[-59.27089,-38.72347],[-59.27092,-38.72347],[-59.27095,-38.72347],[-59.27097,-38.72347],[-59.27099,-38.72347],[-59.271,-38.72348],[-59.27103,-38.72349],[-59.27106,-38.7235],[-59.27107,-38.7235],[-59.2711,-38.72351],[-59.27112,-38.72352],[-59.27114,-38.72353],[-59.27116,-38.72355],[-59.27118,-38.72356],[-59.2712,-38.72358],[-59.27123,-38.72358],[-59.27127,-38.7236],[-59.2713,-38.7236],[-59.27131,-38.7236],[-59.27132,-38.7236],[-59.27135,-38.7236],[-59.27137,-38.72361],[-59.2714,-38.72361],[-59.27141,-38.72361],[-59.27144,-38.72362],[-59.27145,-38.72362],[-59.27147,-38.72363],[-59.2715,-38.72364],[-59.27152,-38.72364],[-59.27152,-38.72364],[-59.27153,-38.72364],[-59.27156,-38.72364],[-59.27157,-38.72366],[-59.27158,-38.72366],[-59.27158,-38.72366],[-59.2716,-38.72366],[-59.27161,-38.72366],[-59.27162,-38.72366],[-59.27164,-38.72367],[-59.27165,-38.72367],[-59.27166,-38.72368],[-59.27168,-38.72369],[-59.27168,-38.72369],[-59.27168,-38.7237],[-59.27169,-38.7237],[-59.2717,-38.7237],[-59.27172,-38.7237],[-59.27172,-38.7237],[-59.27175,-38.72372],[-59.27176,-38.72373],[-59.27177,-38.72374],[-59.27178,-38.72375],[-59.27179,-38.72376],[-59.2718,-38.72377],[-59.27181,-38.72379],[-59.27182,-38.72379],[-59.27186,-38.72379],[-59.27188,-38.72379],[-59.2719,-38.72378],[-59.2719,-38.72378],[-59.27192,-38.72378],[-59.27194,-38.72378],[-59.27196,-38.72379],[-59.27196,-38.7238],[-59.27198,-38.72381],[-59.27199,-38.72382],[-59.272,-38.72383],[-59.27202,-38.72384],[-59.27203,-38.72385],[-59.27204,-38.72386],[-59.27205,-38.72386],[-59.27205,-38.72387],[-59.27206,-38.72387],[-59.27206,-38.72388],[-59.27207,-38.72388],[-59.27211,-38.72391],[-59.27212,-38.72391],[-59.27214,-38.72392],[-59.27215,-38.72392],[-59.27217,-38.72392],[-59.2722,-38.72392],[-59.27223,-38.72393],[-59.27224,-38.72393],[-59.27227,-38.72393],[-59.27228,-38.72394],[-59.27231,-38.72394],[-59.27233,-38.72394],[-59.27235,-38.72395],[-59.27238,-38.72396],[-59.2724,-38.72397],[-59.27242,-38.72398],[-59.27243,-38.72398],[-59.27245,-38.72398],[-59.27248,-38.72398],[-59.27252,-38.72398],[-59.27255,-38.72398],[-59.27257,-38.72398],[-59.27259,-38.72398],[-59.2726,-38.72398],[-59.27263,-38.724],[-59.27266,-38.724],[-59.27268,-38.72401],[-59.27271,-38.72403],[-59.27274,-38.72403],[-59.27274,-38.72404],[-59.27279,-38.72406],[-59.2728,-38.72406],[-59.27284,-38.72407],[-59.27285,-38.72407],[-59.27288,-38.72408],[-59.27292,-38.72409],[-59.27295,-38.72409],[-59.273,-38.72411],[-59.27303,-38.72413],[-59.27305,-38.72415],[-59.27307,-38.72415],[-59.2731,-38.72418],[-59.27313,-38.7242],[-59.27315,-38.72421],[-59.27316,-38.72421],[-59.27319,-38.72423],[-59.27322,-38.72424],[-59.27324,-38.72424],[-59.27326,-38.72425],[-59.27327,-38.72425],[-59.27329,-38.72426],[-59.27332,-38.72427],[-59.27336,-38.72429],[-59.27339,-38.72429],[-59.27343,-38.72429],[-59.27348,-38.7243],[-59.2735,-38.7243],[-59.27353,-38.72431],[-59.27356,-38.72432],[-59.27359,-38.72432],[-59.27363,-38.72434],[-59.27366,-38.72434],[-59.27368,-38.72435],[-59.27371,-38.72435],[-59.27373,-38.72435],[-59.27377,-38.72435],[-59.27378,-38.72435],[-59.2738,-38.72435],[-59.27383,-38.72435],[-59.27386,-38.72435],[-59.27388,-38.72435],[-59.2739,-38.72435],[-59.27393,-38.72435],[-59.27393,-38.72436],[-59.27396,-38.72436],[-59.27398,-38.72436],[-59.27403,-38.72437],[-59.27407,-38.72438],[-59.27411,-38.72438],[-59.27414,-38.72439],[-59.27416,-38.7244],[-59.27419,-38.7244],[-59.2742,-38.7244],[-59.27421,-38.7244],[-59.27424,-38.7244],[-59.27426,-38.7244],[-59.27428,-38.7244],[-59.27431,-38.72441],[-59.27432,-38.72442],[-59.27433,-38.72442],[-59.27435,-38.72442],[-59.27437,-38.72443],[-59.27441,-38.72443],[-59.27447,-38.72443],[-59.27452,-38.72443],[-59.27454,-38.72443],[-59.27458,-38.72443],[-59.27461,-38.72443],[-59.27464,-38.72443],[-59.27465,-38.72443],[-59.27467,-38.72443],[-59.27468,-38.72443],[-59.27469,-38.72443],[-59.27471,-38.72443],[-59.27472,-38.72443],[-59.27475,-38.72443],[-59.27478,-38.72443],[-59.27481,-38.72443],[-59.27482,-38.72443],[-59.27484,-38.72443],[-59.27487,-38.72443],[-59.2749,-38.72443],[-59.27491,-38.72443],[-59.27492,-38.72443],[-59.27493,-38.72443],[-59.27495,-38.72443],[-59.27498,-38.72443],[-59.27505,-38.72444],[-59.27506,-38.72445],[-59.27508,-38.72446],[-59.27509,-38.72446],[-59.27511,-38.72447],[-59.27513,-38.72448],[-59.27515,-38.72449],[-59.27517,-38.72449],[-59.27519,-38.72449],[-59.27521,-38.7245],[-59.27523,-38.72451],[-59.27525,-38.72452],[-59.27527,-38.72452],[-59.27529,-38.72453],[-59.27532,-38.72455],[-59.27539,-38.72456],[-59.27542,-38.72457],[-59.27544,-38.72457],[-59.27545,-38.72457],[-59.27548,-38.72457],[-59.27552,-38.72457],[-59.27557,-38.72458],[-59.27558,-38.72459],[-59.27561,-38.7246],[-59.27563,-38.72461],[-59.27564,-38.72463],[-59.27565,-38.72464],[-59.27566,-38.72465],[-59.27567,-38.72466],[-59.27569,-38.72468],[-59.27572,-38.7247],[-59.27575,-38.7247],[-59.27578,-38.7247],[-59.2758,-38.7247],[-59.27581,-38.7247],[-59.27583,-38.7247],[-59.27587,-38.7247],[-59.2759,-38.7247],[-59.2759,-38.72469],[-59.27593,-38.72469],[-59.27594,-38.72469],[-59.27596,-38.72469],[-59.276,-38.72469],[-59.27602,-38.72469],[-59.27605,-38.7247],[-59.27607,-38.72471],[-59.2761,-38.72472],[-59.2761,-38.72473],[-59.27613,-38.72474],[-59.27615,-38.72475],[-59.27617,-38.72475],[-59.27618,-38.72475],[-59.2762,-38.72475],[-59.27623,-38.72477],[-59.27627,-38.72478],[-59.27629,-38.72479],[-59.27632,-38.72481],[-59.27635,-38.72482],[-59.27638,-38.72484],[-59.27639,-38.72485],[-59.27642,-38.72487],[-59.27645,-38.72488],[-59.27651,-38.72491],[-59.27652,-38.72491],[-59.27655,-38.72492],[-59.27657,-38.72493],[-59.27659,-38.72494],[-59.27661,-38.72495],[-59.27664,-38.72495],[-59.27665,-38.72496],[-59.27669,-38.72497],[-59.27669,-38.72497],[-59.2767,-38.72497],[-59.27673,-38.72497],[-59.27675,-38.72497],[-59.27676,-38.72497],[-59.27678,-38.72497],[-59.27681,-38.72498],[-59.27683,-38.72498],[-59.27685,-38.72499],[-59.27687,-38.725],[-59.27689,-38.72501],[-59.27692,-38.72501],[-59.27693,-38.72501],[-59.27696,-38.72502],[-59.27698,-38.72502],[-59.27699,-38.72503],[-59.27701,-38.72503],[-59.27703,-38.72503],[-59.27705,-38.72503],[-59.27706,-38.72503],[-59.27708,-38.72504],[-59.27709,-38.72504],[-59.27711,-38.72505],[-59.27714,-38.72506],[-59.27716,-38.72506],[-59.27717,-38.72506],[-59.27718,-38.72506],[-59.2772,-38.72506],[-59.27723,-38.72506],[-59.27724,-38.72506],[-59.27726,-38.72506],[-59.27728,-38.72506],[-59.27729,-38.72506],[-59.2773,-38.72506],[-59.27732,-38.72506],[-59.27735,-38.72506],[-59.27738,-38.72506],[-59.27741,-38.72506],[-59.27743,-38.72506],[-59.27744,-38.72506],[-59.27747,-38.72506],[-59.2775,-38.72506],[-59.27752,-38.72506],[-59.27755,-38.72507],[-59.27758,-38.72507],[-59.27761,-38.72508],[-59.27764,-38.72508],[-59.27764,-38.72508],[-59.27766,-38.72509],[-59.27768,-38.7251],[-59.2777,-38.7251],[-59.27772,-38.72511],[-59.27775,-38.72512],[-59.27777,-38.72512],[-59.27779,-38.72513],[-59.2778,-38.72513],[-59.27783,-38.72513],[-59.27787,-38.72513],[-59.27788,-38.72514],[-59.27791,-38.72515],[-59.27793,-38.72515],[-59.27795,-38.72515],[-59.27798,-38.72515],[-59.27801,-38.72515],[-59.27802,-38.72515],[-59.27803,-38.72515],[-59.27806,-38.72515],[-59.27809,-38.72516],[-59.27812,-38.72516],[-59.27814,-38.72517],[-59.27816,-38.72517],[-59.27817,-38.72517],[-59.27819,-38.72517],[-59.27821,-38.72517],[-59.27823,-38.72518],[-59.27825,-38.72518],[-59.27827,-38.72518],[-59.27829,-38.72518],[-59.27831,-38.72519],[-59.27832,-38.72519],[-59.27834,-38.72519],[-59.27836,-38.7252],[-59.27837,-38.72521],[-59.27839,-38.72522],[-59.2784,-38.72522],[-59.27842,-38.72522],[-59.27843,-38.72522],[-59.27845,-38.72523],[-59.27847,-38.72523],[-59.27849,-38.72523],[-59.2785,-38.72523],[-59.27851,-38.72523],[-59.27857,-38.72526],[-59.27858,-38.72526],[-59.27859,-38.72526],[-59.27861,-38.72526],[-59.27864,-38.72526],[-59.27865,-38.72526],[-59.27866,-38.72526],[-59.27866,-38.72527],[-59.27868,-38.72528],[-59.27871,-38.72528],[-59.27874,-38.72528],[-59.27875,-38.72528],[-59.27877,-38.72528],[-59.27881,-38.72528],[-59.27883,-38.72529],[-59.27884,-38.72529],[-59.27886,-38.72529],[-59.27888,-38.72529],[-59.27891,-38.7253],[-59.27894,-38.7253],[-59.27897,-38.7253],[-59.27899,-38.72531],[-59.279,-38.72531],[-59.27903,-38.72531],[-59.27906,-38.72531],[-59.27908,-38.72532],[-59.27912,-38.72532],[-59.27913,-38.72532],[-59.27917,-38.72533],[-59.2792,-38.72534],[-59.27922,-38.72535],[-59.27925,-38.72537],[-59.27927,-38.72538],[-59.27931,-38.72539],[-59.27934,-38.7254],[-59.27937,-38.7254],[-59.27938,-38.7254],[-59.2794,-38.7254],[-59.27943,-38.7254],[-59.27945,-38.7254],[-59.27946,-38.72541],[-59.27947,-38.72541],[-59.27949,-38.72542],[-59.27952,-38.72543],[-59.27952,-38.72544],[-59.27957,-38.72546],[-59.27958,-38.72547],[-59.2796,-38.72547],[-59.27961,-38.72547],[-59.27962,-38.72548],[-59.27964,-38.72549],[-59.27965,-38.72549],[-59.27968,-38.7255],[-59.27971,-38.7255],[-59.27973,-38.7255],[-59.27975,-38.7255],[-59.27977,-38.7255],[-59.27979,-38.7255],[-59.27981,-38.7255],[-59.27983,-38.72551],[-59.27985,-38.72552],[-59.27986,-38.72553],[-59.27987,-38.72554],[-59.27989,-38.72554],[-59.2799,-38.72554],[-59.27991,-38.72554],[-59.27992,-38.72554],[-59.27994,-38.72554],[-59.27995,-38.72554],[-59.27997,-38.72554],[-59.27998,-38.72555],[-59.28,-38.72557],[-59.28001,-38.72558],[-59.28003,-38.7256],[-59.28004,-38.72561],[-59.28005,-38.72561],[-59.28005,-38.72562],[-59.28006,-38.72562],[-59.28008,-38.72562],[-59.28009,-38.72562],[-59.28011,-38.72562],[-59.28014,-38.72562],[-59.28017,-38.72564],[-59.28018,-38.72565],[-59.2802,-38.72567],[-59.28021,-38.72567],[-59.28024,-38.72567],[-59.28024,-38.72567],[-59.28027,-38.72567],[-59.28029,-38.72567],[-59.28031,-38.72567],[-59.28032,-38.72567],[-59.28035,-38.72567],[-59.28037,-38.72567],[-59.28038,-38.72567],[-59.28039,-38.72568],[-59.28043,-38.72569],[-59.28044,-38.7257],[-59.28044,-38.7257],[-59.28046,-38.7257],[-59.28048,-38.72571],[-59.28051,-38.72572],[-59.28054,-38.72572],[-59.28056,-38.72572],[-59.28059,-38.72573],[-59.2806,-38.72573],[-59.28063,-38.72574],[-59.28065,-38.72575],[-59.28068,-38.72576],[-59.28069,-38.72576],[-59.28071,-38.72577],[-59.28074,-38.72578],[-59.28077,-38.72578],[-59.28078,-38.72579],[-59.2808,-38.72579],[-59.28083,-38.7258],[-59.28085,-38.72581],[-59.28088,-38.72583],[-59.2809,-38.72584],[-59.28091,-38.72585],[-59.28092,-38.72585],[-59.28092,-38.72586],[-59.28093,-38.72586],[-59.28093,-38.72587],[-59.28094,-38.72587],[-59.28096,-38.72588],[-59.28098,-38.72589],[-59.281,-38.7259],[-59.28103,-38.7259],[-59.28104,-38.7259],[-59.28106,-38.7259],[-59.28109,-38.7259],[-59.2811,-38.7259],[-59.28111,-38.7259],[-59.28112,-38.7259],[-59.28115,-38.72591],[-59.28116,-38.72591],[-59.28117,-38.72592],[-59.28121,-38.72592],[-59.28124,-38.72594],[-59.28126,-38.72594],[-59.28128,-38.72594],[-59.2813,-38.72595],[-59.28133,-38.72596],[-59.28136,-38.72596],[-59.28139,-38.72597],[-59.28141,-38.72598],[-59.28143,-38.72598],[-59.28145,-38.72599],[-59.28146,-38.72599],[-59.28151,-38.72603],[-59.28152,-38.72603],[-59.28153,-38.72603],[-59.2816,-38.72603],[-59.28161,-38.72603],[-59.28163,-38.72603],[-59.28164,-38.72603],[-59.28166,-38.72603],[-59.28168,-38.72603],[-59.28169,-38.72603],[-59.28171,-38.72603],[-59.28173,-38.72603],[-59.28175,-38.72603],[-59.28179,-38.72604],[-59.28184,-38.72604],[-59.2819,-38.72604],[-59.28193,-38.72604],[-59.28194,-38.72604],[-59.28198,-38.72605],[-59.282,-38.72606],[-59.28203,-38.72606],[-59.28206,-38.72606],[-59.28211,-38.72607],[-59.28215,-38.72608],[-59.28217,-38.72609],[-59.28218,-38.72609],[-59.28221,-38.7261],[-59.28223,-38.72611],[-59.28226,-38.72612],[-59.2823,-38.72612],[-59.28233,-38.72612],[-59.28237,-38.72613],[-59.28241,-38.72613],[-59.28245,-38.72614],[-59.28251,-38.72615],[-59.28255,-38.72616],[-59.28259,-38.72616],[-59.28261,-38.72616],[-59.28265,-38.72616],[-59.28268,-38.72616],[-59.28272,-38.72616],[-59.28276,-38.72616],[-59.28281,-38.72616],[-59.28282,-38.72616],[-59.28283,-38.72616],[-59.28287,-38.72616],[-59.2829,-38.72616],[-59.28293,-38.72617],[-59.28296,-38.72618],[-59.28299,-38.72619],[-59.28301,-38.7262],[-59.28304,-38.72621],[-59.28306,-38.72622],[-59.28309,-38.72623],[-59.28313,-38.72624],[-59.28315,-38.72624],[-59.2832,-38.72624],[-59.28321,-38.72624],[-59.28324,-38.72624],[-59.28326,-38.72624],[-59.28329,-38.72624],[-59.2833,-38.72624],[-59.28333,-38.72624],[-59.28338,-38.72624],[-59.28341,-38.72624],[-59.28343,-38.72624],[-59.28344,-38.72624],[-59.28345,-38.72624],[-59.28347,-38.72624],[-59.2835,-38.72624],[-59.28353,-38.72624],[-59.28356,-38.72624],[-59.28357,-38.72624],[-59.2836,-38.72624],[-59.28362,-38.72624],[-59.28366,-38.72624],[-59.28368,-38.72624],[-59.2837,-38.72624],[-59.28371,-38.72624],[-59.28378,-38.72625],[-59.28379,-38.72625],[-59.2838,-38.72625],[-59.28382,-38.72625],[-59.28384,-38.72625],[-59.28388,-38.72626],[-59.28391,-38.72626],[-59.28391,-38.72627],[-59.28394,-38.72627],[-59.28398,-38.72629],[-59.284,-38.7263],[-59.28401,-38.72631],[-59.28404,-38.72632],[-59.28406,-38.72633],[-59.28409,-38.72634],[-59.2841,-38.72635],[-59.28412,-38.72635],[-59.28415,-38.72637],[-59.28419,-38.72637],[-59.2842,-38.72637],[-59.28421,-38.72637],[-59.28424,-38.72637],[-59.28426,-38.72637],[-59.2843,-38.72637],[-59.28433,-38.72637],[-59.28434,-38.72637],[-59.28437,-38.7264],[-59.28439,-38.7264],[-59.28442,-38.72641],[-59.28444,-38.72642],[-59.28446,-38.72642],[-59.2845,-38.72643],[-59.28453,-38.72644],[-59.28456,-38.72645],[-59.28457,-38.72645],[-59.28459,-38.72646],[-59.28461,-38.72646],[-59.28464,-38.72646],[-59.28467,-38.72646],[-59.28468,-38.72646],[-59.2847,-38.72646],[-59.28471,-38.72646],[-59.28473,-38.72646],[-59.28476,-38.72646],[-59.28478,-38.72646],[-59.2848,-38.72646],[-59.28482,-38.72646],[-59.28484,-38.72646],[-59.28487,-38.72647],[-59.2849,-38.72647],[-59.28493,-38.72648],[-59.28496,-38.72649],[-59.28498,-38.72649],[-59.28501,-38.7265],[-59.28503,-38.7265],[-59.28505,-38.7265],[-59.28507,-38.72651],[-59.28509,-38.72652],[-59.28511,-38.72653],[-59.28513,-38.72654],[-59.28515,-38.72655],[-59.28516,-38.72655],[-59.28519,-38.72655],[-59.28523,-38.72656],[-59.28525,-38.72656],[-59.28526,-38.72656],[-59.28528,-38.72656],[-59.28529,-38.72656],[-59.28532,-38.72656],[-59.28533,-38.72656],[-59.28536,-38.72656],[-59.28538,-38.72656],[-59.2854,-38.72656],[-59.28542,-38.72656],[-59.28545,-38.72656],[-59.28547,-38.72656],[-59.28549,-38.72656],[-59.28551,-38.72656],[-59.28554,-38.72656],[-59.28557,-38.72656],[-59.28558,-38.72656],[-59.28559,-38.72656],[-59.28561,-38.72656],[-59.28565,-38.72657],[-59.28568,-38.72658],[-59.2857,-38.72658],[-59.28571,-38.72658],[-59.28572,-38.72658],[-59.28576,-38.72661],[-59.28577,-38.72661],[-59.28578,-38.72661],[-59.2858,-38.72661],[-59.28582,-38.72662],[-59.28585,-38.72662],[-59.28589,-38.72663],[-59.28593,-38.72663],[-59.28595,-38.72663],[-59.28596,-38.72663],[-59.28597,-38.72663],[-59.28599,-38.72663],[-59.28602,-38.72663],[-59.28605,-38.72664],[-59.28606,-38.72664],[-59.28607,-38.72665],[-59.28608,-38.72665],[-59.2861,-38.72665],[-59.28613,-38.72665],[-59.28617,-38.72665],[-59.28619,-38.72665],[-59.28621,-38.72665],[-59.28623,-38.72665],[-59.28629,-38.72666],[-59.28633,-38.72667],[-59.28636,-38.72667],[-59.28636,-38.72668],[-59.2864,-38.72669],[-59.28644,-38.72669],[-59.28645,-38.72669],[-59.28649,-38.7267],[-59.28652,-38.7267],[-59.28654,-38.72671],[-59.28657,-38.72673],[-59.2866,-38.72674],[-59.28665,-38.72676],[-59.28667,-38.72677],[-59.2867,-38.72677],[-59.28674,-38.72679],[-59.28676,-38.72679],[-59.28678,-38.7268],[-59.28681,-38.7268],[-59.28682,-38.72681],[-59.28685,-38.72681],[-59.28685,-38.72682],[-59.28689,-38.72682],[-59.28691,-38.72682],[-59.28694,-38.72682],[-59.28697,-38.72682],[-59.287,-38.72683],[-59.28701,-38.72683],[-59.28702,-38.72685],[-59.28703,-38.72685],[-59.28705,-38.72685],[-59.28706,-38.72685],[-59.28707,-38.72685],[-59.28708,-38.72685],[-59.28711,-38.72686],[-59.28715,-38.72686],[-59.28718,-38.72686],[-59.28722,-38.72686],[-59.28725,-38.72686],[-59.2873,-38.72687],[-59.28733,-38.72688],[-59.28736,-38.72689],[-59.28739,-38.7269],[-59.2874,-38.7269],[-59.28742,-38.72691],[-59.28745,-38.72692],[-59.28748,-38.72693],[-59.28753,-38.72693],[-59.28755,-38.72693],[-59.28756,-38.72693],[-59.28759,-38.72693],[-59.28762,-38.72693],[-59.28765,-38.72694],[-59.28769,-38.72694],[-59.28772,-38.72695],[-59.28775,-38.72696],[-59.28778,-38.72696],[-59.2878,-38.72696],[-59.28781,-38.72696],[-59.28783,-38.72696],[-59.28784,-38.72696],[-59.28785,-38.72697],[-59.28786,-38.72697],[-59.28788,-38.72697],[-59.28789,-38.72697],[-59.28791,-38.72697],[-59.28792,-38.72698],[-59.28795,-38.72698],[-59.28796,-38.72698],[-59.28799,-38.72698],[-59.28803,-38.72698],[-59.28804,-38.72698],[-59.28804,-38.72699],[-59.28812,-38.72702],[-59.28814,-38.72703],[-59.2883,-38.72708],[-59.28832,-38.72709],[-59.28834,-38.7271],[-59.28834,-38.72711],[-59.28835,-38.72712],[-59.2884,-38.72714],[-59.28843,-38.72715],[-59.28847,-38.72717],[-59.28851,-38.72717],[-59.28853,-38.72718],[-59.28855,-38.72719],[-59.28858,-38.72721],[-59.28862,-38.72722],[-59.28867,-38.72723],[-59.28872,-38.72724],[-59.28873,-38.72724],[-59.28876,-38.72725],[-59.28879,-38.72725],[-59.28882,-38.72725],[-59.28884,-38.72725],[-59.28886,-38.72725],[-59.28888,-38.72725],[-59.28889,-38.72726],[-59.28891,-38.72726],[-59.28892,-38.72727],[-59.28894,-38.72728],[-59.28896,-38.72728],[-59.28899,-38.7273],[-59.28902,-38.72731],[-59.28905,-38.72732],[-59.28906,-38.72732],[-59.28911,-38.72733],[-59.28915,-38.72734],[-59.28918,-38.72735],[-59.2892,-38.72736],[-59.28922,-38.72736],[-59.28923,-38.72737],[-59.28925,-38.72738],[-59.28926,-38.72738],[-59.2893,-38.7274],[-59.28933,-38.72741],[-59.28936,-38.72742],[-59.28936,-38.72743],[-59.28941,-38.72745],[-59.28944,-38.72745],[-59.28947,-38.72746],[-59.28949,-38.72746],[-59.28952,-38.72747],[-59.28954,-38.72747],[-59.28957,-38.72748],[-59.28958,-38.72748],[-59.2896,-38.72749],[-59.28961,-38.72749],[-59.28963,-38.72749],[-59.28964,-38.7275],[-59.28967,-38.7275],[-59.28969,-38.7275],[-59.28971,-38.7275],[-59.28973,-38.72751],[-59.28973,-38.72752],[-59.28974,-38.72752],[-59.28976,-38.72752],[-59.28982,-38.72755],[-59.28982,-38.72756],[-59.28982,-38.72757],[-59.28982,-38.72758],[-59.28983,-38.72758],[-59.28985,-38.72759],[-59.28986,-38.72759],[-59.28988,-38.72759],[-59.28989,-38.72759],[-59.28993,-38.72759],[-59.28994,-38.72759],[-59.28995,-38.72759],[-59.28997,-38.72759],[-59.29,-38.7276],[-59.29001,-38.7276],[-59.29003,-38.7276],[-59.29004,-38.7276],[-59.29005,-38.7276],[-59.29007,-38.72761],[-59.29008,-38.72761],[-59.29011,-38.72762],[-59.29012,-38.72762],[-59.29016,-38.72764],[-59.29017,-38.72764],[-59.2902,-38.72764],[-59.29022,-38.72764],[-59.29024,-38.72765],[-59.29027,-38.72766],[-59.29029,-38.72766],[-59.29031,-38.72767],[-59.29032,-38.72768],[-59.29034,-38.72769],[-59.29035,-38.72769],[-59.29038,-38.72769],[-59.29039,-38.72769],[-59.29044,-38.72771],[-59.29045,-38.72771],[-59.29045,-38.72771],[-59.29046,-38.72771],[-59.29048,-38.72772],[-59.29051,-38.72773],[-59.29051,-38.72773],[-59.29053,-38.72773],[-59.29053,-38.72774],[-59.29053,-38.72774],[-59.29054,-38.72774],[-59.29054,-38.72774],[-59.29054,-38.72774],[-59.29057,-38.72776],[-59.2906,-38.72776],[-59.29063,-38.72777],[-59.29067,-38.72779],[-59.29069,-38.7278],[-59.2907,-38.7278],[-59.29071,-38.72781],[-59.29074,-38.72783],[-59.29077,-38.72783],[-59.29081,-38.72784],[-59.29086,-38.72785],[-59.29089,-38.72785],[-59.29091,-38.72786],[-59.29095,-38.72787],[-59.29096,-38.72787],[-59.29099,-38.72787],[-59.29102,-38.72787],[-59.29103,-38.72787],[-59.29107,-38.72787],[-59.29108,-38.72787],[-59.2911,-38.72788],[-59.29114,-38.72788],[-59.29116,-38.72788],[-59.29119,-38.72788],[-59.2912,-38.72788],[-59.29123,-38.72788],[-59.29126,-38.72788],[-59.29128,-38.7279],[-59.29133,-38.72792],[-59.29139,-38.72794],[-59.2914,-38.72794],[-59.29144,-38.72795],[-59.29146,-38.72795],[-59.29148,-38.72796],[-59.29151,-38.72796],[-59.29154,-38.72797],[-59.29156,-38.72797],[-59.29159,-38.72797],[-59.2916,-38.72797],[-59.29165,-38.72797],[-59.29168,-38.72797],[-59.29171,-38.72797],[-59.29175,-38.72797],[-59.29182,-38.72797],[-59.29188,-38.72797],[-59.29192,-38.72797],[-59.29196,-38.72798],[-59.29201,-38.72799],[-59.29202,-38.72799],[-59.29207,-38.728],[-59.29208,-38.728],[-59.29209,-38.72801],[-59.29212,-38.72802],[-59.29215,-38.72802],[-59.29218,-38.72802],[-59.29221,-38.72802],[-59.29227,-38.72803],[-59.29231,-38.72803],[-59.29235,-38.72803],[-59.29238,-38.72803],[-59.29241,-38.72803],[-59.29246,-38.72803],[-59.29248,-38.72803],[-59.29249,-38.72803],[-59.2925,-38.72803],[-59.29252,-38.72803],[-59.29253,-38.72803],[-59.29256,-38.72804],[-59.29258,-38.72804],[-59.29259,-38.72804],[-59.29263,-38.72804],[-59.29264,-38.72804],[-59.29267,-38.72804],[-59.29268,-38.72804],[-59.29269,-38.72804],[-59.29276,-38.72805],[-59.29277,-38.72805],[-59.29278,-38.72805],[-59.29281,-38.72805],[-59.29283,-38.72806],[-59.29286,-38.72807],[-59.2929,-38.72809],[-59.29292,-38.7281],[-59.29293,-38.7281],[-59.29294,-38.7281],[-59.29295,-38.72811],[-59.29296,-38.72811],[-59.29299,-38.72812],[-59.29302,-38.72813],[-59.29306,-38.72813],[-59.29308,-38.72814],[-59.29309,-38.72814],[-59.29312,-38.72814],[-59.29316,-38.72815],[-59.29318,-38.72815],[-59.29324,-38.72815],[-59.29327,-38.72816],[-59.29327,-38.72817],[-59.29329,-38.72817],[-59.2933,-38.72817],[-59.29334,-38.72819],[-59.2934,-38.72821],[-59.29344,-38.72822],[-59.29345,-38.72822],[-59.29347,-38.72823],[-59.2935,-38.72824],[-59.29351,-38.72824],[-59.29356,-38.72825],[-59.29361,-38.72826],[-59.29364,-38.72826],[-59.29365,-38.72826],[-59.29366,-38.72826],[-59.29367,-38.72826],[-59.29369,-38.72827],[-59.29371,-38.72828],[-59.29374,-38.72829],[-59.29377,-38.7283],[-59.2938,-38.72831],[-59.29383,-38.72831],[-59.29384,-38.72831],[-59.29386,-38.72831],[-59.29387,-38.72832],[-59.29388,-38.72832],[-59.29391,-38.72833],[-59.29393,-38.72833],[-59.29394,-38.72833],[-59.29397,-38.72833],[-59.29401,-38.72833],[-59.29403,-38.72833],[-59.29406,-38.72833],[-59.29406,-38.72833],[-59.29407,-38.72833],[-59.2941,-38.72833],[-59.29413,-38.72833],[-59.29413,-38.72834],[-59.29415,-38.72834],[-59.29417,-38.72834],[-59.2942,-38.72836],[-59.29421,-38.72836],[-59.29424,-38.72836],[-59.29425,-38.72836],[-59.29426,-38.72837],[-59.29426,-38.72837],[-59.29429,-38.72838],[-59.29431,-38.72838],[-59.29432,-38.72838],[-59.29437,-38.72838],[-59.2944,-38.72838],[-59.29443,-38.72837],[-59.29447,-38.72837],[-59.2945,-38.72837],[-59.29457,-38.7284],[-59.29458,-38.7284],[-59.29459,-38.7284],[-59.29463,-38.7284],[-59.29464,-38.7284],[-59.29465,-38.7284],[-59.29465,-38.7284],[-59.29467,-38.72841],[-59.29468,-38.72841],[-59.29472,-38.72842],[-59.29475,-38.72842],[-59.29476,-38.72842],[-59.2948,-38.72843],[-59.29481,-38.72843],[-59.29483,-38.72843],[-59.29485,-38.72843],[-59.29487,-38.72843],[-59.29488,-38.72843],[-59.29492,-38.72843],[-59.29496,-38.72843],[-59.29497,-38.72843],[-59.29501,-38.72843],[-59.29503,-38.72843],[-59.29504,-38.72843],[-59.29506,-38.72843],[-59.2951,-38.72843],[-59.29513,-38.72843],[-59.29514,-38.72843],[-59.29517,-38.72843],[-59.2952,-38.72843],[-59.29523,-38.72843],[-59.29526,-38.72843],[-59.29529,-38.72843],[-59.29532,-38.72843],[-59.29535,-38.72843],[-59.29538,-38.72844],[-59.2954,-38.72845],[-59.29543,-38.72847],[-59.29544,-38.72847],[-59.29545,-38.72848],[-59.29546,-38.72848],[-59.29549,-38.72849],[-59.29552,-38.72849],[-59.29555,-38.72849],[-59.29558,-38.72849],[-59.2956,-38.72848],[-59.29564,-38.72846],[-59.29565,-38.72846],[-59.2957,-38.72845],[-59.29574,-38.72845],[-59.29575,-38.72844],[-59.29576,-38.72844],[-59.2958,-38.72843],[-59.29584,-38.72843],[-59.29587,-38.72843],[-59.29588,-38.72843],[-59.29593,-38.72844],[-59.29594,-38.72844],[-59.29598,-38.72843],[-59.29601,-38.72843],[-59.29603,-38.72842],[-59.29604,-38.72842],[-59.29609,-38.72842],[-59.29615,-38.72842],[-59.29616,-38.72842],[-59.29621,-38.72842],[-59.29623,-38.72842],[-59.29623,-38.72842],[-59.29626,-38.72842],[-59.2963,-38.72842],[-59.29634,-38.72843],[-59.29638,-38.72843],[-59.29643,-38.72844],[-59.29647,-38.72844],[-59.29651,-38.72845],[-59.29654,-38.72845],[-59.29657,-38.72845],[-59.29662,-38.72845],[-59.29663,-38.72845],[-59.29665,-38.72845],[-59.29666,-38.72845],[-59.29669,-38.72846],[-59.29673,-38.72848],[-59.29677,-38.72849],[-59.29681,-38.72851],[-59.29684,-38.72851],[-59.29688,-38.72852],[-59.29693,-38.72852],[-59.29694,-38.72852],[-59.29696,-38.72852],[-59.29698,-38.72852],[-59.297,-38.72852],[-59.29701,-38.72852],[-59.29702,-38.72853],[-59.29705,-38.72853],[-59.29706,-38.72853],[-59.29708,-38.72854],[-59.29709,-38.72854],[-59.29712,-38.72855],[-59.29715,-38.72857],[-59.29717,-38.72858],[-59.2972,-38.72858],[-59.29723,-38.72858],[-59.29727,-38.72858],[-59.29732,-38.72858],[-59.29734,-38.72858],[-59.29739,-38.72858],[-59.29742,-38.72858],[-59.29745,-38.72858],[-59.29749,-38.7286],[-59.29752,-38.72862],[-59.29756,-38.72863],[-59.29759,-38.72863],[-59.2976,-38.72863],[-59.29762,-38.72863],[-59.29766,-38.72863],[-59.29769,-38.72863],[-59.29772,-38.72863],[-59.29774,-38.72863],[-59.29779,-38.72863],[-59.29784,-38.72863],[-59.29788,-38.72863],[-59.29792,-38.72863],[-59.29795,-38.72863],[-59.29799,-38.72863],[-59.298,-38.72863],[-59.29803,-38.72863],[-59.29806,-38.72863],[-59.29808,-38.72863],[-59.29811,-38.72863],[-59.29815,-38.72863],[-59.2982,-38.72864],[-59.29825,-38.72864],[-59.2983,-38.72865],[-59.2983,-38.72866],[-59.29835,-38.72866],[-59.29841,-38.72867],[-59.29847,-38.72867],[-59.29855,-38.72869],[-59.29859,-38.7287],[-59.29861,-38.72871],[-59.29864,-38.72872],[-59.2987,-38.72872],[-59.29877,-38.72874],[-59.29882,-38.72874],[-59.29885,-38.72875],[-59.29887,-38.72876],[-59.29889,-38.72878],[-59.29891,-38.72878],[-59.29896,-38.72879],[-59.29899,-38.72879],[-59.29903,-38.72879],[-59.29907,-38.72879],[-59.29911,-38.72879],[-59.29913,-38.72878],[-59.29916,-38.72878],[-59.29919,-38.72877],[-59.29919,-38.72876],[-59.29922,-38.72876],[-59.29927,-38.72876],[-59.29932,-38.72875],[-59.29934,-38.72875],[-59.29937,-38.72875],[-59.29941,-38.72875],[-59.29947,-38.72875],[-59.2995,-38.72875],[-59.29952,-38.72875],[-59.29957,-38.72875],[-59.2996,-38.72875],[-59.29965,-38.72875],[-59.2997,-38.72875],[-59.29977,-38.72875],[-59.29981,-38.72875],[-59.29983,-38.72875],[-59.29985,-38.72875],[-59.29986,-38.72875],[-59.29987,-38.72875],[-59.29991,-38.72875],[-59.29994,-38.72876],[-59.30004,-38.72874],[-59.30006,-38.72874],[-59.3001,-38.72874],[-59.30012,-38.72874],[-59.30013,-38.72875],[-59.30015,-38.72876],[-59.30018,-38.72878],[-59.30019,-38.72879],[-59.30021,-38.72881],[-59.30025,-38.72883],[-59.30028,-38.72884],[-59.30035,-38.72884],[-59.30039,-38.72884],[-59.30042,-38.72885],[-59.30046,-38.72885],[-59.30047,-38.72885],[-59.30052,-38.72885],[-59.30055,-38.72885],[-59.30056,-38.72885],[-59.30059,-38.72884],[-59.30062,-38.72884],[-59.30065,-38.72883],[-59.30067,-38.72883],[-59.30068,-38.72883],[-59.30069,-38.72883],[-59.30071,-38.72883],[-59.30075,-38.72883],[-59.30077,-38.72883],[-59.30082,-38.72883],[-59.30083,-38.72883],[-59.30088,-38.72883],[-59.30093,-38.72883],[-59.30097,-38.72883],[-59.30101,-38.72884],[-59.30106,-38.72884],[-59.30111,-38.72885],[-59.30117,-38.72886],[-59.30122,-38.72887],[-59.30127,-38.72887],[-59.30129,-38.72887],[-59.30131,-38.72887],[-59.30131,-38.72886],[-59.30133,-38.72885],[-59.30134,-38.72884],[-59.30135,-38.72884],[-59.30137,-38.72883],[-59.3014,-38.72883],[-59.30143,-38.72882],[-59.30146,-38.72882],[-59.30147,-38.72882],[-59.3015,-38.72881],[-59.30153,-38.72881],[-59.30161,-38.72883],[-59.30161,-38.72883],[-59.30163,-38.72883],[-59.30166,-38.72883],[-59.30169,-38.72882],[-59.30171,-38.72882],[-59.30173,-38.72881],[-59.30176,-38.72881],[-59.3018,-38.72881],[-59.30181,-38.72881],[-59.30181,-38.72881],[-59.30182,-38.72881],[-59.30184,-38.72881],[-59.30185,-38.72881],[-59.30185,-38.72881],[-59.30187,-38.72882],[-59.3019,-38.72883],[-59.30193,-38.72883],[-59.30196,-38.72884],[-59.30196,-38.72884],[-59.30198,-38.72885],[-59.30203,-38.72886],[-59.30208,-38.72887],[-59.30213,-38.72888],[-59.30219,-38.7289],[-59.30222,-38.7289],[-59.30226,-38.7289],[-59.3023,-38.72889],[-59.30232,-38.72889],[-59.30235,-38.72888],[-59.30239,-38.72887],[-59.30243,-38.72886],[-59.30246,-38.72885],[-59.30248,-38.72884],[-59.3025,-38.72884],[-59.30252,-38.72884],[-59.30255,-38.72885],[-59.3026,-38.72886],[-59.30262,-38.72888],[-59.30264,-38.72889],[-59.30267,-38.72889],[-59.30271,-38.72889],[-59.30272,-38.72889],[-59.30275,-38.72889],[-59.30277,-38.72889],[-59.30279,-38.72889],[-59.30282,-38.7289],[-59.30284,-38.72891],[-59.30286,-38.72891],[-59.30287,-38.72892],[-59.30289,-38.72892],[-59.30292,-38.72893],[-59.30295,-38.72893],[-59.30297,-38.72892],[-59.30299,-38.7289],[-59.30299,-38.7289],[-59.30301,-38.7289],[-59.30305,-38.7289],[-59.30308,-38.7289],[-59.30311,-38.7289],[-59.30314,-38.7289],[-59.30316,-38.7289],[-59.30319,-38.7289],[-59.30322,-38.7289],[-59.30324,-38.7289],[-59.30325,-38.72892],[-59.30326,-38.72893],[-59.30327,-38.72894],[-59.30327,-38.72894],[-59.30329,-38.72896],[-59.30333,-38.72897],[-59.30336,-38.72897],[-59.3034,-38.72897],[-59.30342,-38.72896],[-59.30344,-38.72895],[-59.30346,-38.72894],[-59.30349,-38.72893],[-59.3035,-38.72893],[-59.30353,-38.72893],[-59.30355,-38.72894],[-59.30358,-38.72896],[-59.30359,-38.72896],[-59.30361,-38.72897],[-59.30362,-38.72897],[-59.30366,-38.72897],[-59.30369,-38.72895],[-59.3037,-38.72894],[-59.30372,-38.72893],[-59.30374,-38.72891],[-59.30376,-38.72891],[-59.30381,-38.72891],[-59.30386,-38.72891],[-59.30387,-38.72891],[-59.30388,-38.72891],[-59.30389,-38.72891],[-59.30392,-38.72892],[-59.30394,-38.72892],[-59.30396,-38.72891],[-59.30397,-38.72891],[-59.304,-38.72892],[-59.30404,-38.72892],[-59.30407,-38.72893],[-59.3041,-38.72895],[-59.30413,-38.72896],[-59.30415,-38.72897],[-59.30419,-38.72898],[-59.30423,-38.72898],[-59.30426,-38.72899],[-59.30429,-38.72899],[-59.30432,-38.729],[-59.30433,-38.72901],[-59.30436,-38.72902],[-59.3044,-38.72902],[-59.30442,-38.72902],[-59.30444,-38.72902],[-59.30444,-38.72903],[-59.30445,-38.72903],[-59.30446,-38.72904],[-59.30447,-38.72905],[-59.30447,-38.72906],[-59.30449,-38.72907],[-59.30449,-38.72908],[-59.3045,-38.72908],[-59.30453,-38.72909],[-59.30456,-38.72909],[-59.30458,-38.72909],[-59.30461,-38.72909],[-59.30462,-38.72908],[-59.30464,-38.72908],[-59.30465,-38.72908],[-59.30466,-38.72908],[-59.30469,-38.72909],[-59.3047,-38.72911],[-59.30472,-38.72912],[-59.30475,-38.72912],[-59.30476,-38.72913],[-59.30476,-38.72913],[-59.30479,-38.72914],[-59.30484,-38.72917],[-59.30484,-38.72918],[-59.30487,-38.7292],[-59.30488,-38.7292],[-59.30492,-38.72921],[-59.30495,-38.72921],[-59.30498,-38.72921],[-59.30501,-38.72921],[-59.30502,-38.72921],[-59.30503,-38.72921],[-59.30504,-38.72921],[-59.30507,-38.72921],[-59.30512,-38.72921],[-59.30514,-38.72922],[-59.30517,-38.72923],[-59.30518,-38.72923],[-59.30519,-38.72923],[-59.3052,-38.72924],[-59.30527,-38.72925],[-59.30528,-38.72924],[-59.3053,-38.72924],[-59.30531,-38.72924],[-59.30531,-38.72924],[-59.30534,-38.72924],[-59.30536,-38.72924],[-59.30537,-38.72924],[-59.3054,-38.72925],[-59.30542,-38.72926],[-59.30543,-38.72926],[-59.30545,-38.72926],[-59.30547,-38.72927],[-59.3055,-38.72927],[-59.30551,-38.72928],[-59.30552,-38.72928],[-59.30553,-38.72929],[-59.30556,-38.7293],[-59.30557,-38.72931],[-59.30559,-38.72932],[-59.30561,-38.72932],[-59.30564,-38.72932],[-59.30566,-38.72932],[-59.30568,-38.72932],[-59.30573,-38.72932],[-59.30576,-38.72932],[-59.30577,-38.72932],[-59.30579,-38.72933],[-59.30586,-38.72934],[-59.3059,-38.72935],[-59.30593,-38.72935],[-59.30598,-38.72935],[-59.30601,-38.72935],[-59.30605,-38.72935],[-59.30611,-38.72935],[-59.30614,-38.72935],[-59.30615,-38.72936],[-59.30616,-38.72937],[-59.30619,-38.72939],[-59.30622,-38.72941],[-59.30627,-38.72942],[-59.3063,-38.72943],[-59.30631,-38.72944],[-59.30633,-38.72945],[-59.30635,-38.72946],[-59.30638,-38.72948],[-59.3064,-38.72949],[-59.30641,-38.7295],[-59.30643,-38.72951],[-59.30644,-38.72951],[-59.30645,-38.72951],[-59.30647,-38.72951],[-59.30648,-38.7295],[-59.3065,-38.72948],[-59.30653,-38.72947],[-59.30655,-38.72947],[-59.30655,-38.72946],[-59.30656,-38.72946],[-59.30657,-38.72946],[-59.30659,-38.72947],[-59.30662,-38.72948],[-59.30664,-38.72949],[-59.30665,-38.72949],[-59.30668,-38.7295],[-59.30669,-38.7295],[-59.3067,-38.72952],[-59.30671,-38.72952],[-59.30673,-38.72952],[-59.30676,-38.72953],[-59.3068,-38.72953],[-59.30684,-38.72954],[-59.30687,-38.72955],[-59.30689,-38.72956],[-59.30692,-38.72958],[-59.30694,-38.72959],[-59.30695,-38.7296],[-59.30697,-38.72961],[-59.307,-38.72961],[-59.30702,-38.72962],[-59.30704,-38.72963],[-59.30706,-38.72963],[-59.30707,-38.72964],[-59.30709,-38.72964],[-59.30718,-38.72964],[-59.30719,-38.72964],[-59.30723,-38.72963],[-59.30725,-38.72963],[-59.30726,-38.72963],[-59.30727,-38.72963],[-59.30729,-38.72963],[-59.30733,-38.72963],[-59.30733,-38.72962],[-59.30734,-38.72962],[-59.30736,-38.72962],[-59.30738,-38.72963],[-59.30739,-38.72963],[-59.30741,-38.72963],[-59.30743,-38.72963],[-59.30746,-38.72964],[-59.30749,-38.72964],[-59.30751,-38.72964],[-59.30754,-38.72966],[-59.30756,-38.72967],[-59.30757,-38.72968],[-59.30759,-38.7297],[-59.3076,-38.72971],[-59.30763,-38.72971],[-59.30767,-38.72972],[-59.30769,-38.72973],[-59.3077,-38.72973],[-59.30773,-38.72975],[-59.30774,-38.72975],[-59.30775,-38.72976],[-59.30778,-38.72978],[-59.30781,-38.72979],[-59.30786,-38.72981],[-59.30788,-38.72982],[-59.30789,-38.72982],[-59.3079,-38.72982],[-59.30793,-38.72982],[-59.30799,-38.72983],[-59.30802,-38.72983],[-59.30807,-38.72983],[-59.30809,-38.72983],[-59.30813,-38.72983],[-59.30816,-38.72984],[-59.30819,-38.72985],[-59.30821,-38.72985],[-59.30823,-38.72986],[-59.30826,-38.72987],[-59.30828,-38.72987],[-59.30831,-38.72989],[-59.30832,-38.72989],[-59.30835,-38.7299],[-59.30838,-38.7299],[-59.30841,-38.72992],[-59.30842,-38.72992],[-59.30845,-38.72993],[-59.30847,-38.72993],[-59.30848,-38.72994],[-59.3085,-38.72995],[-59.30856,-38.72997],[-59.30857,-38.72997],[-59.30865,-38.72997],[-59.30867,-38.72998],[-59.30868,-38.72998],[-59.30872,-38.73],[-59.30873,-38.73],[-59.30874,-38.73],[-59.30875,-38.73001],[-59.30877,-38.73001],[-59.30879,-38.73002],[-59.30881,-38.73003],[-59.30883,-38.73004],[-59.30885,-38.73004],[-59.30887,-38.73005],[-59.30889,-38.73005],[-59.30894,-38.73006],[-59.30896,-38.73006],[-59.30899,-38.73007],[-59.30901,-38.73007],[-59.30903,-38.73007],[-59.30906,-38.73008],[-59.30907,-38.73008],[-59.30909,-38.7301],[-59.30911,-38.7301],[-59.30915,-38.73011],[-59.30917,-38.73012],[-59.3092,-38.73013],[-59.30924,-38.73014],[-59.30925,-38.73014],[-59.30927,-38.73015],[-59.30932,-38.73016],[-59.30934,-38.73016],[-59.30936,-38.73017],[-59.30938,-38.73017],[-59.30939,-38.73017],[-59.30942,-38.73018],[-59.30946,-38.73019],[-59.30949,-38.73019],[-59.30953,-38.7302],[-59.30956,-38.73021],[-59.30959,-38.73022],[-59.30963,-38.73024],[-59.30966,-38.73025],[-59.30969,-38.73026],[-59.30973,-38.73027],[-59.30977,-38.73029],[-59.3098,-38.73029],[-59.30983,-38.7303],[-59.30987,-38.73031],[-59.30989,-38.73032],[-59.30993,-38.73033],[-59.30995,-38.73033],[-59.30997,-38.73034],[-59.30998,-38.73034],[-59.31,-38.73034],[-59.31003,-38.73034],[-59.31005,-38.73034],[-59.31007,-38.73036],[-59.3101,-38.73036],[-59.31013,-38.73037],[-59.31013,-38.73037],[-59.31015,-38.73038],[-59.31016,-38.73039],[-59.31018,-38.7304],[-59.31021,-38.73041],[-59.31023,-38.73041],[-59.31025,-38.73041],[-59.31028,-38.73042],[-59.31031,-38.73042],[-59.31034,-38.73042],[-59.31035,-38.73042],[-59.31038,-38.73043],[-59.31041,-38.73044],[-59.31043,-38.73045],[-59.31045,-38.73046],[-59.31047,-38.73048],[-59.31049,-38.73049],[-59.31052,-38.73051],[-59.31055,-38.73051],[-59.31056,-38.73051],[-59.31058,-38.73051],[-59.3106,-38.73051],[-59.31063,-38.73051],[-59.31065,-38.73052],[-59.31068,-38.73052],[-59.3107,-38.73053],[-59.31072,-38.73054],[-59.31075,-38.73055],[-59.31078,-38.73057],[-59.31081,-38.73058],[-59.31084,-38.73059],[-59.31087,-38.7306],[-59.31091,-38.7306],[-59.31094,-38.7306],[-59.31095,-38.7306],[-59.31099,-38.7306],[-59.31102,-38.7306],[-59.31105,-38.73061],[-59.31108,-38.73062],[-59.31109,-38.73062],[-59.31112,-38.73063],[-59.31115,-38.73063],[-59.31117,-38.73065],[-59.3112,-38.73065],[-59.31123,-38.73066],[-59.31126,-38.73067],[-59.31129,-38.73068],[-59.31132,-38.73069],[-59.31133,-38.73069],[-59.31136,-38.73071],[-59.31138,-38.73072],[-59.31141,-38.73074],[-59.31143,-38.73075],[-59.31143,-38.73075],[-59.31147,-38.73077],[-59.3115,-38.73077],[-59.31154,-38.73078],[-59.31156,-38.73078],[-59.31156,-38.73079],[-59.31158,-38.73079],[-59.3116,-38.73079],[-59.31163,-38.73079],[-59.31165,-38.73079],[-59.31168,-38.73079],[-59.3117,-38.73079],[-59.31173,-38.73078],[-59.31174,-38.73078],[-59.31177,-38.73077],[-59.31179,-38.73077],[-59.3118,-38.73077],[-59.31182,-38.73077],[-59.31183,-38.73077],[-59.31185,-38.73078],[-59.31186,-38.73079],[-59.3119,-38.7308],[-59.31192,-38.7308],[-59.31194,-38.7308],[-59.31195,-38.7308],[-59.31196,-38.7308],[-59.31198,-38.7308],[-59.312,-38.73081],[-59.31201,-38.73082],[-59.31202,-38.73082],[-59.31203,-38.73082],[-59.31205,-38.73083],[-59.31207,-38.73084],[-59.31209,-38.73085],[-59.3121,-38.73085],[-59.31211,-38.73086],[-59.31214,-38.73088],[-59.31215,-38.73089],[-59.31216,-38.7309],[-59.31219,-38.7309],[-59.31222,-38.73091],[-59.31224,-38.73092],[-59.31226,-38.73092],[-59.3123,-38.73094],[-59.31233,-38.73094],[-59.31236,-38.73095],[-59.3124,-38.73095],[-59.31242,-38.73096],[-59.31244,-38.73097],[-59.31247,-38.73098],[-59.31248,-38.73099],[-59.31252,-38.731],[-59.31253,-38.731],[-59.31256,-38.73101],[-59.31258,-38.73102],[-59.31261,-38.73103],[-59.31263,-38.73104],[-59.31266,-38.73106],[-59.31269,-38.73106],[-59.3127,-38.73106],[-59.31272,-38.73106],[-59.31276,-38.73106],[-59.31278,-38.73106],[-59.31279,-38.73107],[-59.31282,-38.73107],[-59.31284,-38.73108],[-59.31286,-38.73108],[-59.31287,-38.7311],[-59.31288,-38.73112],[-59.31288,-38.73113],[-59.31289,-38.73113],[-59.31292,-38.73114],[-59.31293,-38.73114],[-59.31294,-38.73116],[-59.31295,-38.73118],[-59.31296,-38.7312],[-59.31297,-38.7312],[-59.313,-38.7312],[-59.31302,-38.7312],[-59.31305,-38.7312],[-59.31308,-38.73119],[-59.31312,-38.73118],[-59.31314,-38.73118],[-59.31316,-38.73118],[-59.31317,-38.73118],[-59.31318,-38.7312],[-59.31318,-38.73123],[-59.31319,-38.73125],[-59.31321,-38.73127],[-59.31323,-38.7313],[-59.31327,-38.73133],[-59.3133,-38.73134],[-59.31332,-38.73135],[-59.31335,-38.73135],[-59.31341,-38.73134],[-59.31344,-38.73134],[-59.31348,-38.73134],[-59.31351,-38.73134],[-59.31352,-38.73134],[-59.31353,-38.73134],[-59.31354,-38.73135],[-59.31356,-38.73137],[-59.31358,-38.73139],[-59.31361,-38.7314],[-59.31365,-38.73143],[-59.31369,-38.73144],[-59.31372,-38.73146],[-59.31374,-38.73147],[-59.31375,-38.7315],[-59.31376,-38.73151],[-59.31376,-38.73154],[-59.31377,-38.73157],[-59.31378,-38.73159],[-59.3138,-38.7316],[-59.31381,-38.73161],[-59.31382,-38.73162],[-59.31383,-38.73162],[-59.31388,-38.73164],[-59.31392,-38.73166],[-59.31395,-38.73166],[-59.31396,-38.73166],[-59.314,-38.73167],[-59.31406,-38.73168],[-59.31407,-38.73168],[-59.31409,-38.73168],[-59.31411,-38.73168],[-59.31412,-38.73168],[-59.31415,-38.73168],[-59.31416,-38.73168],[-59.31419,-38.73168],[-59.31423,-38.73168],[-59.31427,-38.73167],[-59.31428,-38.73166],[-59.31431,-38.73165],[-59.31435,-38.73165],[-59.31438,-38.73165],[-59.3144,-38.73164],[-59.31444,-38.73164],[-59.31445,-38.73164],[-59.31448,-38.73164],[-59.31451,-38.73164],[-59.31453,-38.73164],[-59.31454,-38.73164],[-59.31455,-38.73164],[-59.31456,-38.73164],[-59.31458,-38.73164],[-59.31459,-38.73164],[-59.31466,-38.73166],[-59.31467,-38.73166],[-59.31471,-38.73166],[-59.31474,-38.73166],[-59.31478,-38.73168],[-59.31479,-38.73168],[-59.31479,-38.73169],[-59.31482,-38.73172],[-59.31485,-38.73173],[-59.31489,-38.73176],[-59.31492,-38.73178],[-59.31494,-38.73179],[-59.31498,-38.73181],[-59.31499,-38.73182],[-59.31502,-38.73183],[-59.31504,-38.73183],[-59.31507,-38.73184],[-59.31511,-38.73185],[-59.31515,-38.73186],[-59.31518,-38.73187],[-59.31519,-38.73188],[-59.31522,-38.73189],[-59.31525,-38.73191],[-59.31528,-38.73192],[-59.3153,-38.73194],[-59.31534,-38.73195],[-59.31537,-38.73197],[-59.31538,-38.73197],[-59.31539,-38.73198],[-59.3154,-38.73198],[-59.31542,-38.73199],[-59.31543,-38.73199],[-59.31545,-38.73199],[-59.31546,-38.73199],[-59.31548,-38.73199],[-59.31551,-38.73199],[-59.31552,-38.73199],[-59.31553,-38.73199],[-59.31556,-38.73199],[-59.31558,-38.73199],[-59.31558,-38.73199],[-59.31559,-38.73199],[-59.3156,-38.73201],[-59.31561,-38.73202],[-59.31562,-38.73204],[-59.31563,-38.73204],[-59.31565,-38.73206],[-59.31569,-38.73209],[-59.31572,-38.7321],[-59.31573,-38.73211],[-59.31575,-38.73212],[-59.31578,-38.73214],[-59.31578,-38.73214],[-59.31581,-38.73216],[-59.31582,-38.73216],[-59.31583,-38.73215],[-59.31584,-38.73215],[-59.31585,-38.73215],[-59.31586,-38.73214],[-59.31587,-38.73213],[-59.31587,-38.73211],[-59.31589,-38.7321],[-59.3159,-38.73209],[-59.31591,-38.73209],[-59.31592,-38.73209],[-59.31595,-38.7321],[-59.31596,-38.7321],[-59.31597,-38.7321],[-59.31598,-38.73211],[-59.31599,-38.73212],[-59.31601,-38.73213],[-59.31602,-38.73214],[-59.31603,-38.73215],[-59.31603,-38.73216],[-59.31604,-38.73217],[-59.31605,-38.73218],[-59.31606,-38.73218],[-59.31607,-38.73219],[-59.31608,-38.7322],[-59.3161,-38.73222],[-59.31612,-38.73222],[-59.31613,-38.73224],[-59.31614,-38.73225],[-59.31616,-38.73225],[-59.31617,-38.73226],[-59.31618,-38.73226],[-59.31621,-38.73227],[-59.31624,-38.73227],[-59.31625,-38.73227],[-59.31626,-38.73227],[-59.31627,-38.73227],[-59.31629,-38.73227],[-59.31631,-38.73226],[-59.31635,-38.73226],[-59.31637,-38.73226],[-59.3164,-38.73226],[-59.31641,-38.73226],[-59.31644,-38.73226],[-59.31646,-38.73226],[-59.31649,-38.73227],[-59.31652,-38.73228],[-59.31654,-38.73229],[-59.31657,-38.73231],[-59.31658,-38.73232],[-59.31659,-38.73233],[-59.31661,-38.73234],[-59.31661,-38.73235],[-59.31662,-38.73235],[-59.31664,-38.73234],[-59.31665,-38.73233],[-59.31667,-38.73231],[-59.3167,-38.7323],[-59.31671,-38.7323],[-59.31676,-38.7323],[-59.31679,-38.7323],[-59.31681,-38.7323],[-59.31683,-38.73231],[-59.31685,-38.73232],[-59.31687,-38.73235],[-59.31688,-38.73236],[-59.31689,-38.73236],[-59.3169,-38.73238],[-59.31693,-38.73238],[-59.31694,-38.73238],[-59.31695,-38.73238],[-59.31698,-38.73241],[-59.31699,-38.73241],[-59.31699,-38.73242],[-59.317,-38.73242],[-59.31701,-38.73242],[-59.31702,-38.73243],[-59.31704,-38.73244],[-59.31705,-38.73244],[-59.31706,-38.73245],[-59.31708,-38.73245],[-59.3171,-38.73245],[-59.31712,-38.73246],[-59.31714,-38.73246],[-59.31717,-38.73246],[-59.31723,-38.73246],[-59.31726,-38.73245],[-59.31729,-38.73245],[-59.31732,-38.73244],[-59.31734,-38.73244],[-59.31736,-38.73244],[-59.3174,-38.73244],[-59.31742,-38.73245],[-59.31746,-38.73246],[-59.31751,-38.73247],[-59.31755,-38.73249],[-59.31755,-38.73249],[-59.31758,-38.7325],[-59.31762,-38.73251],[-59.31765,-38.73251],[-59.31768,-38.73251],[-59.31772,-38.73251],[-59.31775,-38.73251],[-59.31778,-38.73251],[-59.31782,-38.73252],[-59.31788,-38.73252],[-59.31793,-38.73252],[-59.31794,-38.73252],[-59.31797,-38.73252],[-59.318,-38.73253],[-59.31801,-38.73253],[-59.31804,-38.73255],[-59.31805,-38.73256],[-59.31807,-38.73258],[-59.31808,-38.73259],[-59.3181,-38.73262],[-59.31812,-38.73263],[-59.31814,-38.73266],[-59.31815,-38.73268],[-59.31819,-38.7327],[-59.31822,-38.73272],[-59.31825,-38.73275],[-59.31826,-38.73275],[-59.31829,-38.73278],[-59.3183,-38.73278],[-59.31833,-38.73278],[-59.31836,-38.73278],[-59.31839,-38.73278],[-59.31839,-38.73279],[-59.31846,-38.73281],[-59.31848,-38.73281],[-59.31853,-38.73282],[-59.31854,-38.73282],[-59.31854,-38.73283],[-59.31855,-38.73284],[-59.31856,-38.73285],[-59.31856,-38.73286],[-59.31857,-38.73288],[-59.31858,-38.7329],[-59.31859,-38.73292],[-59.31859,-38.73293],[-59.31861,-38.73295],[-59.31861,-38.73296],[-59.31861,-38.73297],[-59.31862,-38.73298],[-59.31864,-38.73302],[-59.31865,-38.73303],[-59.31867,-38.73305],[-59.31868,-38.73307],[-59.31872,-38.73308],[-59.31874,-38.73308],[-59.31878,-38.7331],[-59.31879,-38.7331],[-59.3188,-38.7331],[-59.31882,-38.73311],[-59.31885,-38.73313],[-59.31888,-38.73314],[-59.31889,-38.73314],[-59.3189,-38.73314],[-59.31891,-38.73314],[-59.31893,-38.73314],[-59.31894,-38.73314],[-59.31896,-38.73312],[-59.31897,-38.73312],[-59.31899,-38.73311],[-59.31901,-38.73309],[-59.31902,-38.73308],[-59.31903,-38.73307],[-59.31905,-38.73307],[-59.31907,-38.73306],[-59.3191,-38.73306],[-59.31913,-38.73306],[-59.31913,-38.73307],[-59.31915,-38.73309],[-59.31917,-38.73311],[-59.31919,-38.73313],[-59.3192,-38.73313],[-59.31921,-38.73314],[-59.31922,-38.73316],[-59.31924,-38.73317],[-59.31925,-38.73318],[-59.31926,-38.73318],[-59.31927,-38.73319],[-59.31928,-38.73319],[-59.31934,-38.73324],[-59.31938,-38.73322],[-59.31939,-38.73322],[-59.31941,-38.73321],[-59.31943,-38.7332],[-59.31944,-38.7332],[-59.31947,-38.7332],[-59.31949,-38.73319],[-59.31952,-38.73318],[-59.31953,-38.73318],[-59.31954,-38.73317],[-59.31957,-38.73316],[-59.31959,-38.73316],[-59.31962,-38.73316],[-59.31963,-38.73316],[-59.31967,-38.73316],[-59.31971,-38.73316],[-59.31972,-38.73315],[-59.31976,-38.73315],[-59.31979,-38.73315],[-59.31982,-38.73314],[-59.31984,-38.73313],[-59.31987,-38.73313],[-59.3199,-38.73313],[-59.31993,-38.73313],[-59.31996,-38.73313],[-59.31998,-38.73313],[-59.32001,-38.73313],[-59.32005,-38.73314],[-59.32008,-38.73315],[-59.32012,-38.73317],[-59.32014,-38.73317],[-59.32015,-38.73317],[-59.32019,-38.73318],[-59.32023,-38.73319],[-59.32029,-38.7332],[-59.32032,-38.73322],[-59.32033,-38.73322],[-59.32034,-38.73322],[-59.32036,-38.73323],[-59.32038,-38.73325],[-59.32041,-38.73326],[-59.32044,-38.73327],[-59.32047,-38.73328],[-59.32051,-38.7333],[-59.32053,-38.73332],[-59.32057,-38.73334],[-59.32059,-38.73335],[-59.32063,-38.73336],[-59.32066,-38.73337],[-59.32071,-38.73337],[-59.32074,-38.73337],[-59.32078,-38.73338],[-59.32078,-38.73339],[-59.32081,-38.73339],[-59.32085,-38.73341],[-59.32089,-38.73343],[-59.32091,-38.73345],[-59.32095,-38.73347],[-59.32098,-38.73348],[-59.32102,-38.73349],[-59.32104,-38.7335],[-59.32105,-38.7335],[-59.32122,-38.73358],[-59.32123,-38.73358],[-59.32128,-38.73359],[-59.32131,-38.73361],[-59.32133,-38.73364],[-59.32136,-38.73365],[-59.32136,-38.73366],[-59.32139,-38.73368],[-59.32141,-38.73369],[-59.32144,-38.73371],[-59.32148,-38.73373],[-59.3215,-38.73374],[-59.32154,-38.73376],[-59.32157,-38.73377],[-59.3216,-38.73379],[-59.32161,-38.73379],[-59.32163,-38.73381],[-59.32168,-38.73384],[-59.32172,-38.73387],[-59.32175,-38.73388],[-59.32177,-38.73389],[-59.32181,-38.73392],[-59.32184,-38.73394],[-59.3219,-38.73396],[-59.32193,-38.73398],[-59.32197,-38.73401],[-59.32198,-38.73401],[-59.32202,-38.73403],[-59.32205,-38.73405],[-59.32206,-38.73406],[-59.32207,-38.73407],[-59.32209,-38.73409],[-59.32211,-38.73409],[-59.32214,-38.73411],[-59.32218,-38.73413],[-59.32222,-38.73414],[-59.32225,-38.73415],[-59.32228,-38.73415],[-59.32229,-38.73416],[-59.32235,-38.73416],[-59.32238,-38.73417],[-59.3224,-38.73418],[-59.32242,-38.73419],[-59.32243,-38.73419],[-59.32246,-38.73421],[-59.32248,-38.73422],[-59.3225,-38.73424],[-59.32252,-38.73425],[-59.32253,-38.73426],[-59.32254,-38.73428],[-59.32257,-38.73429],[-59.3226,-38.73431],[-59.32263,-38.73432],[-59.32264,-38.73432],[-59.32269,-38.73437],[-59.32269,-38.73438],[-59.32273,-38.7344],[-59.32278,-38.73441],[-59.32281,-38.73442],[-59.32283,-38.73443],[-59.32288,-38.73446],[-59.32289,-38.73447],[-59.32293,-38.73449],[-59.32297,-38.73452],[-59.323,-38.73452],[-59.32303,-38.73455],[-59.32307,-38.73456],[-59.32309,-38.73458],[-59.32313,-38.73461],[-59.32314,-38.73461],[-59.32317,-38.73463],[-59.32321,-38.73466],[-59.32322,-38.73466],[-59.32325,-38.73468],[-59.32329,-38.7347],[-59.32332,-38.73473],[-59.32337,-38.73475],[-59.32338,-38.73475],[-59.32342,-38.73476],[-59.32346,-38.73479],[-59.32348,-38.7348],[-59.32351,-38.73482],[-59.32352,-38.73482],[-59.32357,-38.73483],[-59.32361,-38.73485],[-59.32362,-38.73485],[-59.32365,-38.73486],[-59.32368,-38.73487],[-59.32372,-38.73488],[-59.32377,-38.73489],[-59.32381,-38.7349],[-59.32386,-38.7349],[-59.32391,-38.73491],[-59.32396,-38.73492],[-59.324,-38.73493],[-59.32403,-38.73493],[-59.32404,-38.73493],[-59.32407,-38.73494],[-59.32409,-38.73495],[-59.32412,-38.73496],[-59.32414,-38.73496],[-59.32417,-38.73497],[-59.32421,-38.73498],[-59.32424,-38.73499],[-59.32427,-38.73501],[-59.32431,-38.73502],[-59.32433,-38.73504],[-59.32436,-38.73505],[-59.32439,-38.73507],[-59.3244,-38.73507],[-59.32443,-38.73508],[-59.32446,-38.7351],[-59.32447,-38.7351],[-59.32448,-38.73511],[-59.3246,-38.73518],[-59.32462,-38.7352],[-59.32464,-38.73521],[-59.32466,-38.73522],[-59.32469,-38.73525],[-59.32473,-38.73527],[-59.32477,-38.7353],[-59.3248,-38.73531],[-59.32484,-38.73533],[-59.32488,-38.73533],[-59.32492,-38.73534],[-59.32498,-38.73534],[-59.32505,-38.73535],[-59.32509,-38.73537],[-59.3251,-38.73537],[-59.32515,-38.73539],[-59.32523,-38.7354],[-59.32527,-38.73542],[-59.32532,-38.73543],[-59.32532,-38.73544],[-59.32538,-38.73545],[-59.32543,-38.73547],[-59.32548,-38.73549],[-59.32554,-38.73552],[-59.32554,-38.73553],[-59.32558,-38.73553],[-59.32561,-38.73553],[-59.32562,-38.73553],[-59.32563,-38.73553],[-59.32564,-38.73553],[-59.32566,-38.73553],[-59.32571,-38.73553],[-59.32574,-38.73553],[-59.32575,-38.73553],[-59.32576,-38.73554],[-59.32577,-38.73554],[-59.32578,-38.73554],[-59.32579,-38.73554],[-59.32583,-38.73554],[-59.32584,-38.73554],[-59.32584,-38.73554],[-59.32585,-38.73554],[-59.32589,-38.73553],[-59.32592,-38.73553],[-59.32594,-38.73553],[-59.32602,-38.73552],[-59.32604,-38.73552],[-59.32611,-38.73551],[-59.32613,-38.73551],[-59.32614,-38.73551],[-59.32615,-38.73552],[-59.32618,-38.73552],[-59.32619,-38.73552],[-59.32622,-38.73553],[-59.32626,-38.73554],[-59.32629,-38.73554],[-59.32632,-38.73555],[-59.32632,-38.73555],[-59.32638,-38.73555],[-59.32643,-38.73555],[-59.32645,-38.73555],[-59.32648,-38.73555],[-59.32653,-38.73555],[-59.32655,-38.73555],[-59.32659,-38.73555],[-59.32663,-38.73555],[-59.32667,-38.73555],[-59.32671,-38.73555],[-59.32678,-38.73555],[-59.32685,-38.73555],[-59.32691,-38.73556],[-59.32696,-38.73557],[-59.327,-38.73558],[-59.32704,-38.7356],[-59.32709,-38.73561],[-59.32715,-38.73562],[-59.3272,-38.73562],[-59.32721,-38.73562],[-59.32725,-38.73562],[-59.32728,-38.73562],[-59.32729,-38.73562],[-59.32732,-38.73562],[-59.32736,-38.73562],[-59.32739,-38.73562],[-59.32741,-38.73562],[-59.32751,-38.73561],[-59.32757,-38.73561],[-59.32762,-38.73561],[-59.32763,-38.73561],[-59.32766,-38.73561],[-59.32771,-38.73563],[-59.32779,-38.73565],[-59.32785,-38.73568],[-59.3279,-38.73569],[-59.32795,-38.7357],[-59.32796,-38.7357],[-59.32802,-38.73571],[-59.32806,-38.73571],[-59.32809,-38.73571],[-59.3281,-38.73571],[-59.32814,-38.73571],[-59.32819,-38.73573],[-59.32826,-38.73574],[-59.32835,-38.73575],[-59.32841,-38.73576],[-59.32841,-38.73576],[-59.32846,-38.73577],[-59.32849,-38.73579],[-59.32853,-38.73579],[-59.32855,-38.7358],[-59.32857,-38.73581],[-59.32859,-38.73583],[-59.3286,-38.73584],[-59.32861,-38.73586],[-59.32863,-38.73587],[-59.32865,-38.7359],[-59.32869,-38.73592],[-59.32873,-38.73593],[-59.32876,-38.73593],[-59.32878,-38.73593],[-59.32879,-38.73593],[-59.32888,-38.73599],[-59.32892,-38.73599],[-59.32894,-38.73599],[-59.32899,-38.73599],[-59.32902,-38.736],[-59.32907,-38.73602],[-59.32911,-38.73602],[-59.32914,-38.73602],[-59.32915,-38.73602],[-59.32916,-38.73602],[-59.32918,-38.73603],[-59.3292,-38.73604],[-59.32921,-38.73605],[-59.32926,-38.73607],[-59.3293,-38.73608],[-59.32933,-38.7361],[-59.32936,-38.73611],[-59.32938,-38.73611],[-59.32942,-38.73612],[-59.32945,-38.73613],[-59.32946,-38.73613],[-59.3295,-38.73614],[-59.32954,-38.73616],[-59.32959,-38.73617],[-59.32963,-38.73618],[-59.32968,-38.73618],[-59.32969,-38.73618],[-59.32974,-38.73618],[-59.32979,-38.73618],[-59.32986,-38.73618],[-59.32991,-38.73618],[-59.32997,-38.7362],[-59.33,-38.7362],[-59.33001,-38.7362],[-59.33005,-38.73622],[-59.33009,-38.73622],[-59.33015,-38.73622],[-59.33019,-38.73623],[-59.33023,-38.73623],[-59.33028,-38.73625],[-59.33032,-38.73625],[-59.33038,-38.73626],[-59.33043,-38.73626],[-59.33044,-38.73626],[-59.33046,-38.73627],[-59.33053,-38.7363],[-59.33057,-38.73632],[-59.33059,-38.73633],[-59.33063,-38.73633],[-59.33067,-38.73634],[-59.33073,-38.73634],[-59.33077,-38.73634],[-59.33079,-38.73634],[-59.33082,-38.73633],[-59.33085,-38.73633],[-59.33091,-38.73633],[-59.33092,-38.73633],[-59.33095,-38.73633],[-59.33097,-38.73633],[-59.33098,-38.73633],[-59.33101,-38.73633],[-59.33102,-38.73633],[-59.33106,-38.73633],[-59.33111,-38.73633],[-59.33112,-38.73633],[-59.33117,-38.73633],[-59.33119,-38.73633],[-59.3312,-38.73633],[-59.33122,-38.73633],[-59.33126,-38.73635],[-59.33131,-38.73636],[-59.33137,-38.73638],[-59.33139,-38.7364],[-59.33141,-38.7364],[-59.33145,-38.73641],[-59.33151,-38.73641],[-59.33155,-38.73641],[-59.33157,-38.73643],[-59.33159,-38.73645],[-59.33162,-38.73646],[-59.33164,-38.73647],[-59.33166,-38.73649],[-59.33169,-38.7365],[-59.33173,-38.73651],[-59.33177,-38.73652],[-59.33179,-38.73652],[-59.33182,-38.73652],[-59.33185,-38.73652],[-59.3319,-38.73652],[-59.33196,-38.73652],[-59.33196,-38.73652],[-59.33197,-38.73652],[-59.33198,-38.73652],[-59.33199,-38.73652],[-59.33202,-38.73652],[-59.33203,-38.73652],[-59.33209,-38.73653],[-59.33213,-38.73653],[-59.33215,-38.73653],[-59.33216,-38.73654],[-59.33218,-38.73655],[-59.33219,-38.73656],[-59.33221,-38.73657],[-59.33226,-38.73658],[-59.33229,-38.73659],[-59.3323,-38.7366],[-59.33232,-38.7366],[-59.33233,-38.7366],[-59.33236,-38.7366],[-59.33239,-38.73661],[-59.3324,-38.73661],[-59.33241,-38.73661],[-59.33252,-38.73665],[-59.33254,-38.73665],[-59.33257,-38.73665],[-59.33261,-38.73665],[-59.33265,-38.73665],[-59.33269,-38.73665],[-59.3327,-38.73665],[-59.33274,-38.73666],[-59.33277,-38.73667],[-59.3328,-38.73667],[-59.3328,-38.73665],[-59.3328,-38.73621],[-59.33321,-38.73545],[-59.33376,-38.73401],[-59.33375,-38.7336],[-59.33373,-38.7331],[-59.3337,-38.73218],[-59.33376,-38.73206],[-59.3338,-38.73198],[-59.33377,-38.73134],[-59.33362,-38.73032],[-59.33346,-38.7293],[-59.33335,-38.7289],[-59.33304,-38.7278],[-59.33288,-38.72752],[-59.33222,-38.72658],[-59.33157,-38.72565],[-59.33131,-38.72536],[-59.33107,-38.72516],[-59.33081,-38.72479],[-59.33073,-38.72463],[-59.33078,-38.72437],[-59.33089,-38.72382],[-59.33099,-38.72302],[-59.33157,-38.72178],[-59.33125,-38.72126],[-59.33097,-38.72088],[-59.33126,-38.71996],[-59.33194,-38.71988],[-59.33247,-38.7198],[-59.33255,-38.71974],[-59.33267,-38.71966],[-59.33272,-38.71959],[-59.33308,-38.71908],[-59.33333,-38.7189],[-59.33337,-38.7189],[-59.33412,-38.71893],[-59.33436,-38.71864],[-59.3349,-38.71869],[-59.33533,-38.71873],[-59.33563,-38.71867],[-59.33604,-38.71846],[-59.33653,-38.718],[-59.3369,-38.71784],[-59.33747,-38.71767],[-59.33757,-38.71697],[-59.33769,-38.71674],[-59.3383,-38.71606],[-59.3386,-38.71611],[-59.3392,-38.71583],[-59.33977,-38.71556],[-59.34063,-38.71504],[-59.34018,-38.71406],[-59.34113,-38.71318],[-59.34212,-38.71304],[-59.34225,-38.71297],[-59.34284,-38.71284],[-59.34289,-38.71284],[-59.34292,-38.7128],[-59.34499,-38.71016],[-59.3453,-38.70959],[-59.34607,-38.70968],[-59.34608,-38.70968],[-59.34608,-38.70968],[-59.34609,-38.70966],[-59.3461,-38.70966],[-59.34804,-38.70972],[-59.34884,-38.70959],[-59.34952,-38.70987],[-59.35139,-38.71039],[-59.35147,-38.71042],[-59.35169,-38.7104],[-59.35209,-38.71042],[-59.3523,-38.71034],[-59.35332,-38.70943],[-59.35363,-38.70915],[-59.35448,-38.70924],[-59.35458,-38.70925],[-59.35476,-38.70925],[-59.35543,-38.70913],[-59.35535,-38.70877],[-59.35595,-38.7086],[-59.3557,-38.70801],[-59.35592,-38.70737],[-59.35547,-38.70631],[-59.35451,-38.70558],[-59.35355,-38.70485],[-59.35335,-38.70464],[-59.3533,-38.7045],[-59.35314,-38.70425],[-59.35288,-38.7041],[-59.35258,-38.7039],[-59.35256,-38.70371],[-59.35272,-38.70323],[-59.35329,-38.70253],[-59.35313,-38.7024],[-59.35299,-38.70223],[-59.35284,-38.70161],[-59.35254,-38.70142],[-59.35234,-38.70132],[-59.35221,-38.70123],[-59.3522,-38.70121],[-59.35269,-38.69996],[-59.35365,-38.6996],[-59.35417,-38.6994],[-59.35562,-38.69882],[-59.35576,-38.69865],[-59.35605,-38.69821],[-59.35627,-38.69741],[-59.35644,-38.69711],[-59.35651,-38.69702],[-59.35659,-38.69691],[-59.35663,-38.69693],[-59.35665,-38.69694],[-59.35744,-38.69739],[-59.35748,-38.69727],[-59.35775,-38.69668],[-59.35792,-38.69632],[-59.35794,-38.69628],[-59.35817,-38.69594],[-59.35921,-38.69523],[-59.36047,-38.6945],[-59.36066,-38.69439],[-59.36069,-38.69421],[-59.36082,-38.69353],[-59.36104,-38.69273],[-59.36136,-38.69244],[-59.36167,-38.69216],[-59.36196,-38.69145],[-59.36192,-38.69131],[-59.36174,-38.69062],[-59.36154,-38.69033],[-59.36151,-38.69015],[-59.36203,-38.6897],[-59.36312,-38.68877],[-59.36309,-38.68836],[-59.36306,-38.68805],[-59.36352,-38.68761],[-59.36376,-38.68682],[-59.36364,-38.68603],[-59.36298,-38.68546],[-59.36283,-38.68517],[-59.36267,-38.68447],[-59.36294,-38.68423],[-59.36314,-38.68408],[-59.36446,-38.68312],[-59.36456,-38.68202],[-59.36456,-38.68199],[-59.36481,-38.68094],[-59.3648,-38.68017],[-59.3648,-38.67943],[-59.36492,-38.67927],[-59.36535,-38.67874],[-59.36577,-38.67845],[-59.36608,-38.67837],[-59.3664,-38.67823],[-59.3667,-38.67804],[-59.3676,-38.67728],[-59.36774,-38.67703],[-59.36862,-38.67556],[-59.36988,-38.67377],[-59.36992,-38.67363],[-59.36992,-38.67346],[-59.36983,-38.67287],[-59.36981,-38.67221],[-59.36988,-38.67196],[-59.3701,-38.67133],[-59.37047,-38.67062],[-59.37116,-38.66981],[-59.37154,-38.66908],[-59.37192,-38.66775],[-59.37213,-38.66651],[-59.372,-38.66624],[-59.37192,-38.66516],[-59.37197,-38.66462],[-59.37207,-38.66363],[-59.37191,-38.66282],[-59.37206,-38.66243],[-59.37206,-38.66194],[-59.37169,-38.66163],[-59.37096,-38.66131],[-59.37035,-38.66084],[-59.37079,-38.66026],[-59.37086,-38.65981],[-59.37112,-38.65942],[-59.37137,-38.65935],[-59.37165,-38.65928],[-59.37243,-38.6593],[-59.37277,-38.6592],[-59.37346,-38.65922],[-59.37374,-38.65923],[-59.37382,-38.65925],[-59.3741,-38.65934],[-59.37509,-38.65941],[-59.37653,-38.65945],[-59.37709,-38.65945],[-59.37778,-38.65945],[-59.37877,-38.65928],[-59.37951,-38.65937],[-59.38008,-38.65964],[-59.38052,-38.66006],[-59.38088,-38.66017],[-59.38139,-38.66017],[-59.3816,-38.66005],[-59.38169,-38.66],[-59.38173,-38.65997],[-59.38199,-38.65947],[-59.38246,-38.65852],[-59.38262,-38.65821],[-59.38348,-38.65764],[-59.38378,-38.65736],[-59.38403,-38.657],[-59.38413,-38.657],[-59.38447,-38.657],[-59.38494,-38.65687],[-59.38515,-38.65662],[-59.38561,-38.65608],[-59.38593,-38.65599],[-59.38594,-38.65599],[-59.38653,-38.65587],[-59.38671,-38.65572],[-59.38678,-38.65565],[-59.3869,-38.65531],[-59.38681,-38.6547],[-59.387,-38.65439],[-59.3876,-38.65378],[-59.3883,-38.65305],[-59.38846,-38.65275],[-59.389,-38.65173],[-59.38989,-38.65036],[-59.39038,-38.64988],[-59.39069,-38.64937],[-59.391,-38.64921],[-59.39121,-38.64887],[-59.39113,-38.64847],[-59.39065,-38.64827],[-59.3902,-38.64798],[-59.38978,-38.64764],[-59.38972,-38.64742],[-59.3899,-38.64691],[-59.39035,-38.64631],[-59.39064,-38.64585],[-59.39079,-38.64552],[-59.39076,-38.64514],[-59.39077,-38.64435],[-59.39098,-38.64377],[-59.3913,-38.64333],[-59.39385,-38.64052],[-59.39402,-38.6402],[-59.39423,-38.63971],[-59.39429,-38.63946],[-59.39388,-38.63712],[-59.39414,-38.63633],[-59.39501,-38.63566],[-59.39551,-38.63514],[-59.39608,-38.63405],[-59.39619,-38.63372],[-59.39652,-38.63364],[-59.39676,-38.63267],[-59.39645,-38.63205],[-59.39618,-38.63151],[-59.39605,-38.63125],[-59.39585,-38.63068],[-59.39577,-38.63021],[-59.39586,-38.62978],[-59.39655,-38.62899],[-59.39693,-38.62857],[-59.39705,-38.62837],[-59.39723,-38.62792],[-59.39728,-38.62767],[-59.3974,-38.6275],[-59.39755,-38.62734],[-59.39775,-38.62729],[-59.39783,-38.62733],[-59.39843,-38.62757],[-59.39853,-38.62742],[-59.39861,-38.62733],[-59.39867,-38.62726],[-59.39887,-38.62722],[-59.40005,-38.6277],[-59.40028,-38.62786],[-59.40071,-38.62818],[-59.4012,-38.62857],[-59.40159,-38.62901],[-59.40181,-38.62935],[-59.40207,-38.62951],[-59.40264,-38.62972],[-59.4029,-38.62978],[-59.40313,-38.62984],[-59.40319,-38.62985],[-59.40348,-38.62985],[-59.40422,-38.62977],[-59.40491,-38.62964],[-59.40575,-38.62939],[-59.40559,-38.62795],[-59.40567,-38.62784],[-59.40576,-38.62766],[-59.40749,-38.62704],[-59.40801,-38.62673],[-59.40833,-38.6265],[-59.4094,-38.62558],[-59.41042,-38.62406],[-59.41134,-38.62296],[-59.41196,-38.62168],[-59.41208,-38.62069],[-59.41145,-38.61981],[-59.41083,-38.61894],[-59.4102,-38.61807],[-59.40998,-38.61768],[-59.40981,-38.61721],[-59.40979,-38.61633],[-59.40985,-38.6155],[-59.40969,-38.61484],[-59.40957,-38.61457],[-59.4094,-38.61428],[-59.40923,-38.61405],[-59.40863,-38.61353],[-59.40809,-38.6129],[-59.40807,-38.61225],[-59.40822,-38.61159],[-59.40828,-38.61116],[-59.40803,-38.61026],[-59.40721,-38.60913],[-59.40696,-38.60851],[-59.40673,-38.6074],[-59.40664,-38.60599],[-59.40661,-38.60478],[-59.40633,-38.60395],[-59.40634,-38.60316],[-59.4062,-38.60196],[-59.40615,-38.60154],[-59.40606,-38.60129],[-59.40595,-38.60109],[-59.40489,-38.60054],[-59.40458,-38.60016],[-59.40504,-38.59989],[-59.40499,-38.59926],[-59.40519,-38.59899],[-59.40537,-38.59881],[-59.4053,-38.5979],[-59.40535,-38.59741],[-59.4057,-38.5971],[-59.40638,-38.59723],[-59.40693,-38.59705],[-59.4071,-38.59699],[-59.40777,-38.59676],[-59.40791,-38.59638],[-59.40751,-38.59516],[-59.40766,-38.59446],[-59.40775,-38.59399],[-59.40827,-38.5938],[-59.40858,-38.59377],[-59.4086,-38.59377],[-59.40899,-38.59388],[-59.4091,-38.59391],[-59.40935,-38.59472],[-59.40982,-38.59543],[-59.41009,-38.59553],[-59.41056,-38.59574],[-59.41101,-38.59581],[-59.41218,-38.5962],[-59.4125,-38.59647],[-59.41286,-38.59719],[-59.41293,-38.59748],[-59.41298,-38.59769],[-59.41308,-38.59788],[-59.41323,-38.59807],[-59.41351,-38.59816],[-59.41383,-38.59821],[-59.41434,-38.59797],[-59.41436,-38.598],[-59.41464,-38.59809],[-59.41496,-38.59814],[-59.41638,-38.59746],[-59.41648,-38.59746],[-59.41702,-38.59748],[-59.41737,-38.59746],[-59.41773,-38.59739],[-59.41802,-38.59733],[-59.41805,-38.59731],[-59.41837,-38.59708],[-59.41853,-38.59676],[-59.41867,-38.59634],[-59.41913,-38.59603],[-59.41913,-38.59603],[-59.41973,-38.59593],[-59.42091,-38.59575],[-59.42113,-38.59581],[-59.42219,-38.59614],[-59.42263,-38.59661],[-59.42265,-38.59774],[-59.42402,-38.59831],[-59.42496,-38.59876],[-59.42594,-38.59879],[-59.42614,-38.59893],[-59.42634,-38.59915],[-59.42662,-38.5999],[-59.42635,-38.60071],[-59.42621,-38.60134],[-59.4262,-38.60196],[-59.4262,-38.60197],[-59.42577,-38.60237],[-59.42545,-38.60302],[-59.42584,-38.60361],[-59.42607,-38.60372],[-59.42641,-38.60384],[-59.42693,-38.60391],[-59.42771,-38.60389],[-59.42931,-38.60446],[-59.42965,-38.60451],[-59.43035,-38.60451],[-59.43057,-38.6044],[-59.43078,-38.60443],[-59.43148,-38.60443],[-59.43153,-38.60441],[-59.43204,-38.60417],[-59.4323,-38.60401],[-59.43251,-38.60374],[-59.43256,-38.60321],[-59.43257,-38.60232],[-59.43226,-38.60196],[-59.43149,-38.60106],[-59.43121,-38.60067],[-59.43107,-38.60038],[-59.43104,-38.60011],[-59.43119,-38.59903],[-59.4313,-38.59875],[-59.43144,-38.59853],[-59.43175,-38.59824],[-59.43214,-38.59805],[-59.4322,-38.59805],[-59.43249,-38.59803],[-59.43317,-38.59808],[-59.43347,-38.59797],[-59.43381,-38.59784],[-59.43404,-38.59777],[-59.43474,-38.59784],[-59.43494,-38.59776],[-59.43516,-38.5977],[-59.43636,-38.59781],[-59.43756,-38.59792],[-59.4384,-38.598],[-59.43851,-38.59795],[-59.43875,-38.59781],[-59.4388,-38.59777],[-59.43898,-38.59752],[-59.43904,-38.59662],[-59.43899,-38.59631],[-59.43893,-38.59613],[-59.43896,-38.59586],[-59.43877,-38.59482],[-59.4382,-38.59432],[-59.43806,-38.5938],[-59.43815,-38.59353],[-59.43838,-38.59315],[-59.43982,-38.59224],[-59.44011,-38.59218],[-59.44123,-38.59197],[-59.44158,-38.59172],[-59.44166,-38.59166],[-59.44224,-38.59112],[-59.44296,-38.59088],[-59.44297,-38.59088],[-59.44437,-38.59073],[-59.44441,-38.59063],[-59.44485,-38.58959],[-59.44473,-38.58852],[-59.41575,-38.5796],[-59.41503,-38.57938],[-59.39798,-38.57403],[-59.3904,-38.57169],[-59.38421,-38.56972],[-59.37971,-38.5685],[-59.37802,-38.56779],[-59.3739,-38.56605],[-59.36793,-38.56345],[-59.36728,-38.56318],[-59.36063,-38.56032],[-59.36099,-38.55964],[-59.36124,-38.55918],[-59.35065,-38.55469],[-59.35032,-38.55453],[-59.3503,-38.55452],[-59.34944,-38.55424],[-59.34841,-38.55424],[-59.3459,-38.55296],[-59.34392,-38.55165],[-59.34268,-38.55069],[-59.34092,-38.54862],[-59.34031,-38.54775],[-59.34002,-38.54667],[-59.33983,-38.54595],[-59.33936,-38.54281],[-59.33868,-38.53462],[-59.33821,-38.53434],[-59.33814,-38.5343],[-59.33814,-38.53405],[-59.33772,-38.53377],[-59.33707,-38.52378],[-59.33702,-38.52308],[-59.33618,-38.51088],[-59.33555,-38.50136],[-59.33668,-38.50133],[-59.33882,-38.50128],[-59.33911,-38.50129],[-59.33973,-38.50131],[-59.34023,-38.50133],[-59.3414,-38.50136],[-59.34261,-38.5014],[-59.34378,-38.50143],[-59.34501,-38.50149],[-59.34624,-38.50154],[-59.34655,-38.50155],[-59.35056,-38.49848],[-59.3617,-38.48994],[-59.36311,-38.48886],[-59.40552,-38.45739],[-59.40569,-38.45726],[-59.40584,-38.45715],[-59.40585,-38.45714],[-59.40424,-38.45583],[-59.40371,-38.4554],[-59.39381,-38.44733],[-59.39343,-38.44703],[-59.38136,-38.4372],[-59.37569,-38.43258],[-59.3645,-38.42349],[-59.36422,-38.42316],[-59.35381,-38.4147],[-59.34865,-38.41051],[-59.34349,-38.40633],[-59.3405,-38.40392],[-59.33751,-38.40152],[-59.33626,-38.40054],[-59.32894,-38.39458],[-59.32412,-38.39066],[-59.316,-38.38394],[-59.31605,-38.38322],[-59.31694,-38.3822],[-59.31704,-38.38187],[-59.31701,-38.38165],[-59.31704,-38.38144],[-59.31738,-38.38065],[-59.31742,-38.38018],[-59.31751,-38.37996],[-59.3177,-38.37968],[-59.31849,-38.37887],[-59.3189,-38.37823],[-59.31972,-38.37687],[-59.32043,-38.37595],[-59.32055,-38.37556],[-59.32071,-38.3753],[-59.3208,-38.37504],[-59.3209,-38.37389],[-59.32167,-38.37251],[-59.32224,-38.37071],[-59.32253,-38.37013],[-59.32384,-38.36787],[-59.32492,-38.36578],[-59.32511,-38.36497],[-59.3253,-38.36456],[-59.32539,-38.36428],[-59.32539,-38.3642],[-59.32542,-38.36337],[-59.32546,-38.36307],[-59.32562,-38.36241],[-59.32599,-38.36175],[-59.32614,-38.36153],[-59.32655,-38.36073],[-59.32689,-38.35925],[-59.32819,-38.35665],[-59.32844,-38.35641],[-59.32902,-38.35579],[-59.33027,-38.3543],[-59.33101,-38.3529],[-59.33119,-38.35232],[-59.33158,-38.35203],[-59.33206,-38.35132],[-59.33228,-38.35009],[-59.33257,-38.34918],[-59.33275,-38.34892],[-59.33324,-38.34763],[-59.33374,-38.34651],[-59.33389,-38.34637],[-59.33397,-38.34627],[-59.33411,-38.34611],[-59.33414,-38.34605],[-59.33448,-38.34544],[-59.33451,-38.34528],[-59.33526,-38.34397],[-59.33537,-38.34383],[-59.33814,-38.3395],[-59.33877,-38.33873],[-59.33964,-38.33745],[-59.34017,-38.33643],[-59.3402,-38.33619],[-59.34071,-38.3334],[-59.34075,-38.33273],[-59.34079,-38.33222],[-59.3405,-38.33161],[-59.34047,-38.33131],[-59.34044,-38.33109],[-59.34042,-38.33097],[-59.33974,-38.33038],[-59.33971,-38.33007],[-59.33952,-38.32981],[-59.33902,-38.32923],[-59.33823,-38.32861],[-59.33792,-38.32822],[-59.3374,-38.32735],[-59.33714,-38.32679],[-59.33651,-38.32616],[-59.33627,-38.32579],[-59.33619,-38.32527],[-59.33604,-38.32495],[-59.33573,-38.32444],[-59.3356,-38.32398],[-59.33546,-38.32318],[-59.33549,-38.3222],[-59.33568,-38.32153],[-59.3369,-38.31995],[-59.33699,-38.31963],[-59.3382,-38.3182],[-59.33863,-38.31794],[-59.339,-38.31768],[-59.33913,-38.31733],[-59.33927,-38.31693],[-59.33999,-38.31625],[-59.34001,-38.31588],[-59.34011,-38.31565],[-59.34014,-38.31537],[-59.34007,-38.315],[-59.34034,-38.31441],[-59.34097,-38.31428],[-59.34147,-38.31401],[-59.34194,-38.31363],[-59.34216,-38.31326],[-59.34243,-38.31271],[-59.34253,-38.31229],[-59.34303,-38.31192],[-59.3434,-38.31163],[-59.34352,-38.3113],[-59.34356,-38.31092],[-59.34392,-38.31061],[-59.34434,-38.31049],[-59.34469,-38.31018],[-59.34526,-38.31007],[-59.34583,-38.30997],[-59.34594,-38.30995],[-59.34598,-38.30991],[-59.34634,-38.30966],[-59.34689,-38.30915],[-59.34741,-38.30902],[-59.34755,-38.30904],[-59.34802,-38.30911],[-59.34837,-38.30901],[-59.34904,-38.30911],[-59.34933,-38.30932],[-59.34955,-38.30948],[-59.35001,-38.30951],[-59.35036,-38.30928],[-59.3515,-38.3079],[-59.35198,-38.30758],[-59.35221,-38.30694],[-59.35261,-38.30639],[-59.35273,-38.30553],[-59.35318,-38.30528],[-59.35362,-38.30427],[-59.35414,-38.30401],[-59.35422,-38.30376],[-59.35418,-38.30342],[-59.35397,-38.30317],[-59.35342,-38.3029],[-59.35312,-38.30262],[-59.35299,-38.30243],[-59.35268,-38.30196],[-59.35239,-38.30175],[-59.35232,-38.30173],[-59.35169,-38.3015],[-59.35118,-38.30113],[-59.35085,-38.30067],[-59.35078,-38.30039],[-59.35071,-38.30013],[-59.35051,-38.29977],[-59.34985,-38.29913],[-59.34966,-38.29878],[-59.34965,-38.29848],[-59.34978,-38.29778],[-59.34984,-38.29659],[-59.34989,-38.29539],[-59.34986,-38.29498],[-59.34977,-38.29424],[-59.34964,-38.29359],[-59.34898,-38.29311],[-59.34861,-38.29284],[-59.34806,-38.29225],[-59.348,-38.29216],[-59.34743,-38.29114],[-59.34723,-38.29066],[-59.34669,-38.28943],[-59.34615,-38.28821],[-59.34576,-38.28749],[-59.34519,-38.28635],[-59.34477,-38.28567],[-59.34411,-38.28493],[-59.34287,-38.28383],[-59.34231,-38.28328],[-59.34138,-38.28256],[-59.34103,-38.28223],[-59.34079,-38.28126],[-59.34035,-38.28088],[-59.34005,-38.28044],[-59.33971,-38.28004],[-59.33897,-38.27958],[-59.33891,-38.27955],[-59.33885,-38.27917],[-59.33882,-38.27902],[-59.33879,-38.27895],[-59.33843,-38.27831],[-59.33782,-38.27792],[-59.33779,-38.27776],[-59.33763,-38.27709],[-59.3373,-38.27664],[-59.33728,-38.2766],[-59.33672,-38.27565],[-59.33588,-38.27439],[-59.33545,-38.27345],[-59.33538,-38.27316],[-59.33522,-38.27251],[-59.33524,-38.27161],[-59.33525,-38.27115],[-59.33532,-38.27118],[-59.33598,-38.27142],[-59.33077,-38.26294],[-59.32856,-38.25943],[-59.32665,-38.25635],[-59.32653,-38.25611],[-59.32504,-38.25301],[-59.32433,-38.25062],[-59.32428,-38.25039],[-59.32205,-38.24297],[-59.31985,-38.23546],[-59.31603,-38.22232],[-59.31578,-38.22245],[-59.3156,-38.22254],[-59.31548,-38.22213],[-59.31533,-38.22161],[-59.31505,-38.22068],[-59.31477,-38.21975],[-59.31449,-38.21882],[-59.31421,-38.21789],[-59.31393,-38.21696],[-59.31365,-38.21603],[-59.31338,-38.2151],[-59.3131,-38.21417],[-59.31282,-38.21324],[-59.31254,-38.21231],[-59.31226,-38.21138],[-59.31214,-38.21089],[-59.31236,-38.21074],[-59.3131,-38.21025],[-59.31366,-38.21019],[-59.31329,-38.20891],[-59.31292,-38.20763],[-59.31354,-38.20719],[-59.31376,-38.20697],[-59.31216,-38.20574],[-59.31141,-38.20469],[-59.31066,-38.20364],[-59.30961,-38.20284],[-59.30857,-38.20203],[-59.30752,-38.20123],[-59.30724,-38.20101],[-59.30641,-38.20038],[-59.30559,-38.19975],[-59.30476,-38.19911],[-59.30394,-38.19848],[-59.30312,-38.19785],[-59.30229,-38.19723],[-59.30147,-38.1966],[-59.30064,-38.19597],[-59.29982,-38.19534],[-59.29899,-38.19471],[-59.29805,-38.19396],[-59.29709,-38.19322],[-59.29615,-38.19248],[-59.29519,-38.19174],[-59.2949,-38.19155],[-59.29406,-38.19091],[-59.29323,-38.19027],[-59.29239,-38.18964],[-59.29156,-38.189],[-59.29072,-38.18836],[-59.28988,-38.18772],[-59.28905,-38.18709],[-59.28821,-38.18645],[-59.28738,-38.18581],[-59.28654,-38.18517],[-59.28571,-38.18454],[-59.28487,-38.1839],[-59.28404,-38.18326],[-59.2832,-38.18262],[-59.28237,-38.18199],[-59.28153,-38.18135],[-59.2807,-38.18071],[-59.27986,-38.18007],[-59.27903,-38.17944],[-59.27819,-38.1788],[-59.27736,-38.17816],[-59.27652,-38.17752],[-59.27569,-38.17689],[-59.27485,-38.17625],[-59.27402,-38.17561],[-59.27318,-38.17497],[-59.27235,-38.17434],[-59.27147,-38.17368],[-59.2706,-38.17302],[-59.26973,-38.17236],[-59.26886,-38.1717],[-59.26798,-38.17104],[-59.26711,-38.17038],[-59.26624,-38.16972],[-59.26536,-38.16906],[-59.26449,-38.1684],[-59.26362,-38.16775],[-59.26275,-38.16709],[-59.26187,-38.16643],[-59.261,-38.16577],[-59.26013,-38.16511],[-59.25925,-38.16445],[-59.25838,-38.16379],[-59.25751,-38.16313],[-59.25668,-38.16251],[-59.25584,-38.16189],[-59.25501,-38.16127],[-59.25418,-38.16065],[-59.25334,-38.16003],[-59.25251,-38.15941],[-59.25168,-38.15879],[-59.25084,-38.15817],[-59.25001,-38.15754],[-59.24918,-38.15692],[-59.24834,-38.1563],[-59.24751,-38.15568],[-59.24668,-38.15506],[-59.24663,-38.1539],[-59.24652,-38.15329],[-59.2465,-38.15317],[-59.24624,-38.15305],[-59.24652,-38.15281],[-59.24667,-38.15264],[-59.2468,-38.1524],[-59.24706,-38.15179],[-59.24734,-38.15138],[-59.24749,-38.15107],[-59.24762,-38.15082],[-59.24775,-38.15057],[-59.24786,-38.15037],[-59.24795,-38.15015],[-59.248,-38.14987],[-59.24807,-38.14955],[-59.2482,-38.14925],[-59.24829,-38.149],[-59.24841,-38.14874],[-59.24851,-38.14851],[-59.24872,-38.14829],[-59.24909,-38.14809],[-59.2494,-38.14796],[-59.24977,-38.1478],[-59.25031,-38.14767],[-59.25095,-38.14747],[-59.25145,-38.14732],[-59.25236,-38.14706],[-59.2532,-38.14687],[-59.2535,-38.14682],[-59.2539,-38.14675],[-59.25428,-38.14669],[-59.25515,-38.14668],[-59.25612,-38.14669],[-59.25634,-38.1467],[-59.25674,-38.14666],[-59.25758,-38.14659],[-59.25908,-38.14662],[-59.26077,-38.14673],[-59.26147,-38.14683],[-59.26178,-38.14683],[-59.26223,-38.14687],[-59.26246,-38.14689],[-59.2628,-38.14686],[-59.26315,-38.14681],[-59.26349,-38.14679],[-59.26383,-38.14674],[-59.26417,-38.14671],[-59.26469,-38.14659],[-59.26486,-38.14655],[-59.26517,-38.14647],[-59.26558,-38.14632],[-59.26586,-38.14621],[-59.26654,-38.146],[-59.26697,-38.14589],[-59.26716,-38.14584],[-59.26747,-38.14579],[-59.26781,-38.14573],[-59.26799,-38.1457],[-59.26824,-38.14573],[-59.26892,-38.14584],[-59.26926,-38.14592],[-59.2696,-38.14598],[-59.26994,-38.14601],[-59.27063,-38.14612],[-59.27131,-38.14618],[-59.27151,-38.14618],[-59.27165,-38.14618],[-59.272,-38.14616],[-59.27224,-38.14616],[-59.27244,-38.14611],[-59.27258,-38.14608],[-59.27289,-38.146],[-59.2732,-38.14595],[-59.27351,-38.14582],[-59.27385,-38.14571],[-59.27419,-38.14563],[-59.2745,-38.14552],[-59.27488,-38.14542],[-59.27522,-38.14539],[-59.27591,-38.14529],[-59.27618,-38.14527],[-59.27664,-38.14527],[-59.27695,-38.14522],[-59.27723,-38.1452],[-59.27805,-38.14521],[-59.27825,-38.14521],[-59.27911,-38.14522],[-59.27962,-38.14527],[-59.27997,-38.14524],[-59.28041,-38.14524],[-59.28065,-38.14525],[-59.28133,-38.1452],[-59.28168,-38.14514],[-59.28199,-38.14507],[-59.28233,-38.14501],[-59.28298,-38.14491],[-59.28329,-38.14484],[-59.28397,-38.14467],[-59.28428,-38.14462],[-59.28452,-38.14457],[-59.28483,-38.14443],[-59.28521,-38.14433],[-59.28555,-38.1442],[-59.2859,-38.14403],[-59.28624,-38.1439],[-59.28659,-38.14379],[-59.28689,-38.14369],[-59.2872,-38.14361],[-59.28751,-38.14356],[-59.28854,-38.14348],[-59.28991,-38.14328],[-59.29025,-38.1432],[-59.29056,-38.14312],[-59.29084,-38.14304],[-59.29094,-38.14301],[-59.29152,-38.14288],[-59.29193,-38.14275],[-59.29228,-38.14267],[-59.29262,-38.14256],[-59.29293,-38.14245],[-59.29312,-38.1424],[-59.29321,-38.14237],[-59.29326,-38.14238],[-59.29339,-38.1424],[-59.29368,-38.1424],[-59.2937,-38.1424],[-59.29397,-38.14237],[-59.295,-38.14246],[-59.29527,-38.14249],[-59.29561,-38.14254],[-59.29592,-38.14257],[-59.29626,-38.1426],[-59.2966,-38.14261],[-59.29684,-38.14258],[-59.29705,-38.14251],[-59.29719,-38.14247],[-59.29756,-38.14237],[-59.29791,-38.14223],[-59.29825,-38.14205],[-59.29928,-38.14157],[-59.29949,-38.14146],[-59.2998,-38.14122],[-59.2999,-38.141],[-59.29994,-38.14087],[-59.29994,-38.1406],[-59.30001,-38.14033],[-59.30012,-38.14006],[-59.30019,-38.13979],[-59.30029,-38.13955],[-59.30036,-38.13928],[-59.30047,-38.13898],[-59.30051,-38.13871],[-59.30089,-38.13763],[-59.30093,-38.13747],[-59.3011,-38.13699],[-59.30135,-38.13653],[-59.30156,-38.1362],[-59.30183,-38.13583],[-59.30192,-38.13578],[-59.30271,-38.13535],[-59.30314,-38.13502],[-59.30397,-38.13465],[-59.3045,-38.13439],[-59.30558,-38.1339],[-59.30579,-38.13379],[-59.30627,-38.13364],[-59.30661,-38.13356],[-59.30706,-38.1335],[-59.30735,-38.13343],[-59.30747,-38.1334],[-59.30788,-38.13332],[-59.30807,-38.13327],[-59.30826,-38.13321],[-59.30867,-38.13305],[-59.30908,-38.13287],[-59.30963,-38.1326],[-59.30991,-38.13249],[-59.31032,-38.13239],[-59.3107,-38.13226],[-59.31111,-38.13215],[-59.31135,-38.13209],[-59.31162,-38.13207],[-59.31179,-38.13207],[-59.31221,-38.13189],[-59.31265,-38.13167],[-59.313,-38.13135],[-59.31334,-38.13106],[-59.31369,-38.13073],[-59.31407,-38.13041],[-59.31445,-38.13012],[-59.31489,-38.12982],[-59.31576,-38.12915],[-59.3161,-38.1288],[-59.31658,-38.12848],[-59.31682,-38.12837],[-59.3172,-38.12821],[-59.31851,-38.12771],[-59.31892,-38.12758],[-59.31981,-38.12723],[-59.32022,-38.1271],[-59.32098,-38.1268],[-59.32139,-38.1267],[-59.32184,-38.12656],[-59.32232,-38.12646],[-59.32273,-38.12641],[-59.32307,-38.12629],[-59.32383,-38.12595],[-59.32424,-38.12577],[-59.32465,-38.12555],[-59.32547,-38.12518],[-59.32578,-38.12505],[-59.32606,-38.12497],[-59.32633,-38.12492],[-59.32704,-38.12492],[-59.32715,-38.12492],[-59.328,-38.12498],[-59.32801,-38.12498],[-59.32838,-38.12509],[-59.32879,-38.1252],[-59.32961,-38.12547],[-59.33009,-38.12559],[-59.33035,-38.12554],[-59.33054,-38.12548],[-59.33071,-38.12542],[-59.3308,-38.12539],[-59.33099,-38.12533],[-59.33156,-38.12513],[-59.33198,-38.125],[-59.3321,-38.12497],[-59.33242,-38.12487],[-59.33284,-38.12471],[-59.33315,-38.12455],[-59.33356,-38.12428],[-59.3339,-38.12404],[-59.33428,-38.12382],[-59.33463,-38.12361],[-59.33503,-38.12347],[-59.33528,-38.12342],[-59.33624,-38.1233],[-59.33654,-38.12322],[-59.33696,-38.12317],[-59.33737,-38.12309],[-59.33778,-38.12303],[-59.33819,-38.12293],[-59.33901,-38.12277],[-59.33942,-38.12266],[-59.33983,-38.12253],[-59.34031,-38.1224],[-59.34107,-38.12205],[-59.34135,-38.12186],[-59.342,-38.12125],[-59.34238,-38.12095],[-59.34283,-38.12074],[-59.34307,-38.1207],[-59.3432,-38.12069],[-59.34361,-38.12063],[-59.34399,-38.12061],[-59.34431,-38.12061],[-59.34466,-38.12057],[-59.34484,-38.12055],[-59.34504,-38.12054],[-59.34545,-38.12054],[-59.34586,-38.12049],[-59.3461,-38.12044],[-59.34651,-38.12028],[-59.34695,-38.12008],[-59.34778,-38.11964],[-59.34809,-38.11945],[-59.34844,-38.11921],[-59.3495,-38.1187],[-59.35046,-38.11831],[-59.35064,-38.11825],[-59.35091,-38.1182],[-59.35132,-38.11817],[-59.35173,-38.11809],[-59.35207,-38.11801],[-59.35216,-38.11798],[-59.35252,-38.11783],[-59.35331,-38.11721],[-59.35342,-38.11702],[-59.35363,-38.11643],[-59.35373,-38.11608],[-59.3537,-38.11572],[-59.35384,-38.11537],[-59.35408,-38.11513],[-59.3545,-38.11489],[-59.35474,-38.11476],[-59.35494,-38.11468],[-59.35536,-38.11457],[-59.35619,-38.11441],[-59.35643,-38.11439],[-59.35684,-38.11449],[-59.35715,-38.1146],[-59.35749,-38.11468],[-59.35783,-38.11463],[-59.35817,-38.11455],[-59.35822,-38.11454],[-59.35848,-38.11447],[-59.35876,-38.11442],[-59.35978,-38.11435],[-59.36041,-38.1142],[-59.36081,-38.11411],[-59.36111,-38.11406],[-59.36112,-38.11406],[-59.36146,-38.11403],[-59.36177,-38.114],[-59.36205,-38.11401],[-59.36217,-38.11399],[-59.36251,-38.11396],[-59.36282,-38.11394],[-59.36428,-38.11394],[-59.36446,-38.11395],[-59.36475,-38.11399],[-59.3648,-38.114],[-59.36484,-38.114],[-59.36542,-38.114],[-59.36576,-38.11406],[-59.36598,-38.11408],[-59.3661,-38.11409],[-59.36644,-38.11415],[-59.36675,-38.1142],[-59.36713,-38.11423],[-59.36743,-38.11431],[-59.36777,-38.1144],[-59.36793,-38.11444],[-59.36808,-38.11448],[-59.36828,-38.11449],[-59.36831,-38.1145],[-59.36836,-38.11447],[-59.36898,-38.11413],[-59.36964,-38.11397],[-59.3698,-38.11394],[-59.36987,-38.11394],[-59.37049,-38.11394],[-59.37087,-38.11395],[-59.37155,-38.114],[-59.37224,-38.11401],[-59.37317,-38.11394],[-59.37329,-38.11394],[-59.37465,-38.11384],[-59.37534,-38.11368],[-59.37565,-38.11363],[-59.37599,-38.11357],[-59.3763,-38.11355],[-59.37664,-38.11352],[-59.37698,-38.11347],[-59.37767,-38.11342],[-59.37801,-38.11337],[-59.37835,-38.11334],[-59.3787,-38.11329],[-59.379,-38.11324],[-59.37935,-38.11319],[-59.37994,-38.11304],[-59.38099,-38.11282],[-59.38138,-38.11279],[-59.38184,-38.11275],[-59.38339,-38.11258],[-59.38373,-38.11253],[-59.38514,-38.1124],[-59.38532,-38.11239],[-59.38626,-38.11243],[-59.38661,-38.11244],[-59.38694,-38.1125],[-59.38761,-38.11257],[-59.38795,-38.11259],[-59.38831,-38.11265],[-59.38871,-38.1127],[-59.38923,-38.11284],[-59.38967,-38.11293],[-59.39002,-38.11296],[-59.39038,-38.11298],[-59.3908,-38.11307],[-59.39123,-38.11312],[-59.39208,-38.11326],[-59.39342,-38.11358],[-59.39342,-38.11358],[-59.39406,-38.11369],[-59.39441,-38.11374],[-59.3947,-38.1138],[-59.39505,-38.1139],[-59.39536,-38.11388],[-59.39604,-38.11381],[-59.3961,-38.11383],[-59.39641,-38.11382],[-59.39696,-38.11376],[-59.39709,-38.11374],[-59.39752,-38.11371],[-59.39799,-38.11369],[-59.39833,-38.11369],[-59.39867,-38.11366],[-59.39901,-38.11367],[-59.39935,-38.11364],[-59.40027,-38.11364],[-59.40106,-38.11368],[-59.40134,-38.11371],[-59.40157,-38.11376],[-59.40251,-38.11396],[-59.40292,-38.11405],[-59.40447,-38.11428],[-59.40568,-38.11442],[-59.40689,-38.11455],[-59.40812,-38.11455],[-59.40901,-38.11441],[-59.4096,-38.11432],[-59.41038,-38.11411],[-59.41171,-38.11395],[-59.41195,-38.11391],[-59.41264,-38.11386],[-59.4132,-38.11387],[-59.41367,-38.11387],[-59.41407,-38.11383],[-59.41468,-38.11378],[-59.41488,-38.11373],[-59.41528,-38.11357],[-59.41547,-38.11343],[-59.41554,-38.11338],[-59.41575,-38.1132],[-59.41604,-38.11276],[-59.41615,-38.11249],[-59.41636,-38.11224],[-59.41676,-38.11189],[-59.41696,-38.11179],[-59.41759,-38.11155],[-59.41807,-38.11132],[-59.41817,-38.1113],[-59.41842,-38.11126],[-59.41877,-38.11116],[-59.41928,-38.11096],[-59.41944,-38.1109],[-59.41976,-38.11065],[-59.42034,-38.11027],[-59.42105,-38.10977],[-59.42136,-38.10959],[-59.42172,-38.10938],[-59.42205,-38.10918],[-59.42236,-38.10898],[-59.42257,-38.10885],[-59.42287,-38.1087],[-59.42322,-38.10851],[-59.42391,-38.10814],[-59.42421,-38.10795],[-59.42456,-38.10776],[-59.42524,-38.10734],[-59.42539,-38.10728],[-59.42603,-38.10704],[-59.42612,-38.10703],[-59.42634,-38.107],[-59.42666,-38.10696],[-59.42703,-38.10691],[-59.42734,-38.10686],[-59.42768,-38.10682],[-59.42803,-38.10671],[-59.42826,-38.10662],[-59.4284,-38.10656],[-59.42862,-38.10639],[-59.42891,-38.10613],[-59.42925,-38.10591],[-59.42946,-38.10578],[-59.43008,-38.10552],[-59.43036,-38.10538],[-59.4314,-38.10508],[-59.43191,-38.10483],[-59.4324,-38.10448],[-59.43286,-38.10415],[-59.43348,-38.10372],[-59.4338,-38.10354],[-59.43413,-38.10334],[-59.43438,-38.10327],[-59.43506,-38.10308],[-59.43541,-38.10299],[-59.43548,-38.103],[-59.43577,-38.10302],[-59.43645,-38.10298],[-59.43649,-38.10297],[-59.43684,-38.103],[-59.43783,-38.10294],[-59.43804,-38.10288],[-59.43845,-38.10267],[-59.43846,-38.10265],[-59.43856,-38.10247],[-59.43866,-38.10221],[-59.4388,-38.10194],[-59.43894,-38.1017],[-59.43896,-38.10167],[-59.43911,-38.1014],[-59.43932,-38.10124],[-59.43952,-38.10111],[-59.43991,-38.10094],[-59.44018,-38.10081],[-59.44042,-38.10071],[-59.4411,-38.10049],[-59.44145,-38.10036],[-59.44179,-38.10025],[-59.4422,-38.10009],[-59.44251,-38.09988],[-59.44286,-38.09964],[-59.44306,-38.09948],[-59.44323,-38.09937],[-59.44347,-38.09914],[-59.44351,-38.0991],[-59.44369,-38.09893],[-59.44382,-38.0988],[-59.44416,-38.09859],[-59.44454,-38.09834],[-59.44544,-38.09821],[-59.44577,-38.09822],[-59.44611,-38.0983],[-59.44638,-38.09838],[-59.44669,-38.09857],[-59.447,-38.09879],[-59.44737,-38.09898],[-59.44764,-38.09914],[-59.44792,-38.09922],[-59.44822,-38.09928],[-59.44857,-38.09928],[-59.44891,-38.09923],[-59.44899,-38.09921],[-59.44925,-38.09915],[-59.44959,-38.09902],[-59.4497,-38.09896],[-59.44994,-38.09883],[-59.45032,-38.09861],[-59.45069,-38.09835],[-59.4511,-38.09816],[-59.45124,-38.09805],[-59.45155,-38.09778],[-59.45186,-38.09754],[-59.45238,-38.09716],[-59.45255,-38.09698],[-59.45317,-38.0966],[-59.45341,-38.09647],[-59.45394,-38.0963],[-59.45409,-38.09627],[-59.45444,-38.0962],[-59.45481,-38.09612],[-59.45516,-38.09612],[-59.45584,-38.09607],[-59.45618,-38.09607],[-59.45687,-38.09602],[-59.45721,-38.09597],[-59.45759,-38.09589],[-59.45789,-38.09584],[-59.45824,-38.09579],[-59.45844,-38.09573],[-59.45866,-38.09563],[-59.45947,-38.09525],[-59.45978,-38.09506],[-59.46012,-38.09488],[-59.4603,-38.09477],[-59.46057,-38.09466],[-59.46095,-38.09453],[-59.46129,-38.09437],[-59.46163,-38.09423],[-59.46201,-38.09407],[-59.46324,-38.09369],[-59.46338,-38.09365],[-59.46372,-38.09357],[-59.46403,-38.09349],[-59.46437,-38.09341],[-59.46458,-38.09336],[-59.46492,-38.09333],[-59.46663,-38.09307],[-59.46684,-38.09302],[-59.46718,-38.09296],[-59.46744,-38.09288],[-59.46783,-38.09278],[-59.46813,-38.09269],[-59.46821,-38.09267],[-59.4689,-38.09251],[-59.46927,-38.09238],[-59.46951,-38.09235],[-59.47054,-38.09195],[-59.47095,-38.09174],[-59.47133,-38.09155],[-59.47167,-38.09131],[-59.47205,-38.09101],[-59.47226,-38.09095],[-59.47267,-38.0908],[-59.47392,-38.09051],[-59.47438,-38.0904],[-59.47473,-38.09029],[-59.4751,-38.09016],[-59.47532,-38.08999],[-59.47541,-38.08992],[-59.47572,-38.0897],[-59.4761,-38.08949],[-59.47641,-38.08919],[-59.4766,-38.08905],[-59.4771,-38.08866],[-59.47744,-38.08852],[-59.47778,-38.08836],[-59.47831,-38.08815],[-59.47833,-38.08815],[-59.47871,-38.08807],[-59.47939,-38.08796],[-59.48008,-38.08791],[-59.48028,-38.08789],[-59.48066,-38.08778],[-59.481,-38.0877],[-59.48141,-38.08757],[-59.48183,-38.08746],[-59.48217,-38.08738],[-59.48248,-38.0873],[-59.48291,-38.08713],[-59.48302,-38.08709],[-59.48361,-38.08691],[-59.48404,-38.08673],[-59.48456,-38.08646],[-59.48533,-38.08607],[-59.48608,-38.08567],[-59.48621,-38.08565],[-59.48628,-38.08564],[-59.48667,-38.08549],[-59.48734,-38.0853],[-59.48755,-38.08527],[-59.48789,-38.08524],[-59.48824,-38.08516],[-59.48866,-38.08514],[-59.48943,-38.08495],[-59.49012,-38.08485],[-59.49046,-38.08477],[-59.49074,-38.08469],[-59.49176,-38.08445],[-59.49214,-38.08437],[-59.49248,-38.08432],[-59.49286,-38.08427],[-59.49313,-38.08424],[-59.49355,-38.08416],[-59.49419,-38.08387],[-59.49454,-38.08368],[-59.49491,-38.08346],[-59.49503,-38.08336],[-59.49526,-38.08317],[-59.49565,-38.083],[-59.49594,-38.08277],[-59.49627,-38.08256],[-59.49632,-38.08252],[-59.49642,-38.08244],[-59.4966,-38.08228],[-59.49695,-38.08193],[-59.49746,-38.08166],[-59.4981,-38.08133],[-59.49909,-38.08089],[-59.5,-38.08074],[-59.50084,-38.08063],[-59.50274,-38.08063],[-59.50332,-38.08043],[-59.50466,-38.08031],[-59.50523,-38.08008],[-59.50685,-38.07993],[-59.50792,-38.07949],[-59.50876,-38.07911],[-59.50943,-38.07859],[-59.50969,-38.07822],[-59.50995,-38.07784],[-59.51027,-38.07711],[-59.51056,-38.07661],[-59.51087,-38.07605],[-59.51164,-38.07546],[-59.51239,-38.07484],[-59.5133,-38.07355],[-59.5137,-38.07273],[-59.51423,-38.07241],[-59.51485,-38.07223],[-59.51529,-38.07223],[-59.51645,-38.07151],[-59.51745,-38.0712],[-59.51818,-38.07109],[-59.51946,-38.07105],[-59.52013,-38.07089],[-59.52029,-38.07086],[-59.52054,-38.07082],[-59.52138,-38.07031],[-59.52245,-38.06993],[-59.52352,-38.06928],[-59.5242,-38.06907],[-59.52493,-38.0687],[-59.52638,-38.06763],[-59.52739,-38.06669],[-59.52783,-38.06659],[-59.5287,-38.06595],[-59.52978,-38.06484],[-59.5308,-38.06412],[-59.53138,-38.06361],[-59.53207,-38.06282],[-59.5329,-38.06238],[-59.53367,-38.06125],[-59.53369,-38.06123],[-59.53427,-38.06043],[-59.53448,-38.06014],[-59.53544,-38.05943],[-59.53595,-38.05892],[-59.53605,-38.05876],[-59.53623,-38.05855],[-59.53671,-38.05809],[-59.53708,-38.0579],[-59.53749,-38.05769],[-59.53787,-38.05742],[-59.53811,-38.05726],[-59.53832,-38.05723],[-59.53873,-38.05723],[-59.53914,-38.05721],[-59.53996,-38.05721],[-59.5404,-38.05716],[-59.54075,-38.05719],[-59.54113,-38.05724],[-59.54116,-38.05724],[-59.5415,-38.05732],[-59.54232,-38.05765],[-59.54272,-38.05779],[-59.54317,-38.05792],[-59.54354,-38.05809],[-59.54405,-38.05836],[-59.54453,-38.05869],[-59.54473,-38.05896],[-59.5449,-38.05926],[-59.5451,-38.05991],[-59.54524,-38.06023],[-59.54541,-38.06042],[-59.54572,-38.06056],[-59.54595,-38.06061],[-59.54637,-38.06059],[-59.54677,-38.06061],[-59.54715,-38.06067],[-59.54747,-38.06066],[-59.54753,-38.06063],[-59.54877,-38.06012],[-59.54904,-38.05975],[-59.54989,-38.05955],[-59.5503,-38.05949],[-59.55071,-38.05936],[-59.55116,-38.0592],[-59.55163,-38.05902],[-59.55229,-38.05891],[-59.55303,-38.05901],[-59.55339,-38.05895],[-59.55462,-38.05912],[-59.5552,-38.05916],[-59.55537,-38.05914],[-59.55547,-38.05913],[-59.55584,-38.059],[-59.55629,-38.05881],[-59.5566,-38.05862],[-59.55698,-38.05833],[-59.55728,-38.05811],[-59.55778,-38.05784],[-59.55838,-38.05769],[-59.55883,-38.05752],[-59.55907,-38.05734],[-59.55931,-38.05701],[-59.5594,-38.05687],[-59.55951,-38.05669],[-59.55962,-38.05656],[-59.55969,-38.05647],[-59.56033,-38.05615],[-59.561,-38.05596],[-59.56159,-38.05615],[-59.5621,-38.056],[-59.56271,-38.0562],[-59.56311,-38.05637],[-59.56311,-38.05637],[-59.56349,-38.05653],[-59.56373,-38.05653],[-59.564,-38.05648],[-59.56524,-38.05608],[-59.5656,-38.05608],[-59.56561,-38.05608],[-59.56602,-38.05611],[-59.56643,-38.05611],[-59.56664,-38.05613],[-59.56697,-38.05615],[-59.56738,-38.05613],[-59.56776,-38.05607],[-59.56817,-38.05607],[-59.56858,-38.05599],[-59.56899,-38.05589],[-59.5694,-38.05575],[-59.57045,-38.05534],[-59.5706,-38.0553],[-59.57104,-38.05517],[-59.57145,-38.05506],[-59.57186,-38.05498],[-59.57339,-38.05464],[-59.57475,-38.05446],[-59.57484,-38.05443],[-59.57534,-38.05426],[-59.57565,-38.05401],[-59.57583,-38.05374],[-59.57609,-38.05341],[-59.57649,-38.0531],[-59.57693,-38.05292],[-59.57741,-38.05284],[-59.57789,-38.05279],[-59.57885,-38.05279],[-59.5798,-38.05284],[-59.57982,-38.05284],[-59.57995,-38.05284],[-59.58091,-38.0529],[-59.58143,-38.05288],[-59.58238,-38.05283],[-59.58279,-38.05283],[-59.58327,-38.05272],[-59.58399,-38.05251],[-59.5843,-38.05232],[-59.58461,-38.05197],[-59.58516,-38.05142],[-59.58571,-38.05111],[-59.58636,-38.0507],[-59.58708,-38.05044],[-59.58759,-38.0502],[-59.58787,-38.04993],[-59.58818,-38.04958],[-59.58835,-38.04937],[-59.58873,-38.04912],[-59.58969,-38.04894],[-59.58986,-38.04886],[-59.59058,-38.0484],[-59.59098,-38.04827],[-59.59166,-38.04827],[-59.59222,-38.04808],[-59.5927,-38.04787],[-59.59325,-38.04758],[-59.59443,-38.04737],[-59.59513,-38.0471],[-59.59558,-38.04696],[-59.5957,-38.04694],[-59.59604,-38.04704],[-59.59638,-38.04717],[-59.59686,-38.04726],[-59.59737,-38.04731],[-59.59759,-38.04726],[-59.59797,-38.04732],[-59.59848,-38.04738],[-59.59889,-38.04727],[-59.59931,-38.04706],[-59.59978,-38.04679],[-59.60023,-38.04669],[-59.60099,-38.04672],[-59.60147,-38.04664],[-59.60227,-38.04641],[-59.60336,-38.04635],[-59.60369,-38.04611],[-59.60414,-38.04576],[-59.60458,-38.04543],[-59.60485,-38.04524],[-59.6057,-38.04478],[-59.60608,-38.0447],[-59.60678,-38.04483],[-59.60718,-38.04477],[-59.6079,-38.0449],[-59.60855,-38.0448],[-59.60875,-38.04474],[-59.6088,-38.04478],[-59.60948,-38.04533],[-59.60999,-38.04552],[-59.61048,-38.0457],[-59.61114,-38.04587],[-59.61237,-38.04606],[-59.61268,-38.04602],[-59.61345,-38.04613],[-59.61422,-38.04604],[-59.61472,-38.04582],[-59.61521,-38.0456],[-59.61568,-38.04529],[-59.61647,-38.04518],[-59.61698,-38.04518],[-59.6176,-38.04524],[-59.61955,-38.04519],[-59.62072,-38.04525],[-59.62116,-38.0452],[-59.62219,-38.04499],[-59.62256,-38.04488],[-59.62284,-38.04475],[-59.62397,-38.04394],[-59.62427,-38.04371],[-59.62575,-38.04327],[-59.6266,-38.04287],[-59.62709,-38.04249],[-59.62733,-38.04225],[-59.62774,-38.04193],[-59.62857,-38.04142],[-59.62908,-38.04123],[-59.62941,-38.04112],[-59.62965,-38.04098],[-59.62979,-38.04085],[-59.63,-38.0405],[-59.63037,-38.03959],[-59.63077,-38.03867],[-59.63084,-38.03767],[-59.63062,-38.03728],[-59.63053,-38.03711],[-59.63055,-38.03685],[-59.63059,-38.03635],[-59.63179,-38.03557],[-59.63298,-38.03478],[-59.63405,-38.0333],[-59.63408,-38.03309],[-59.63408,-38.03279],[-59.63363,-38.03196],[-59.6336,-38.0319],[-59.63317,-38.03114],[-59.63307,-38.03084],[-59.63297,-38.03068],[-59.63253,-38.03019],[-59.63232,-38.03],[-59.63209,-38.02958],[-59.63221,-38.02954],[-59.63338,-38.02922],[-59.63379,-38.02903],[-59.63581,-38.02825],[-59.63658,-38.02745],[-59.63799,-38.02663],[-59.63951,-38.02618],[-59.64073,-38.0255],[-59.64135,-38.02515],[-59.64193,-38.02482],[-59.64204,-38.02476],[-59.64257,-38.02448],[-59.64348,-38.02401],[-59.64412,-38.02383],[-59.6447,-38.02376],[-59.64528,-38.02356],[-59.64622,-38.02323],[-59.64706,-38.02312],[-59.64839,-38.02296],[-59.64936,-38.02256],[-59.64983,-38.02228],[-59.65093,-38.02158],[-59.65168,-38.02053],[-59.65244,-38.02013],[-59.65333,-38.01986],[-59.65398,-38.01953],[-59.65429,-38.01935],[-59.65497,-38.01859],[-59.65566,-38.01784],[-59.65683,-38.01698],[-59.65837,-38.01604],[-59.65895,-38.01577],[-59.65901,-38.01576],[-59.65971,-38.0157],[-59.66033,-38.01575],[-59.66135,-38.01572],[-59.66179,-38.01535],[-59.66221,-38.01375],[-59.66231,-38.01359],[-59.66272,-38.0132],[-59.66301,-38.01248],[-59.66308,-38.01196],[-59.66284,-38.01138],[-59.66274,-38.01124],[-59.66236,-38.01073],[-59.66216,-38.01037],[-59.66199,-38.00978],[-59.66204,-38.00965],[-59.6621,-38.00948],[-59.66222,-38.00936],[-59.66294,-38.00867],[-59.66378,-38.00787],[-59.66507,-38.00726],[-59.66645,-38.00706],[-59.66743,-38.00648],[-59.66841,-38.0059],[-59.66939,-38.00532],[-59.66987,-38.00481],[-59.67023,-38.00425],[-59.6707,-38.00351],[-59.67115,-38.00303],[-59.67221,-38.00208],[-59.67283,-38.0018],[-59.67339,-38.00165],[-59.67412,-38.00143],[-59.67435,-38.00136],[-59.67497,-38.00108],[-59.67703,-38.00011],[-59.67646,-37.99968],[-59.67637,-37.99962],[-59.67622,-37.9995],[-59.67173,-37.99611],[-59.66865,-37.99379],[-59.65608,-37.9843],[-59.65473,-37.98329],[-59.64485,-37.97552],[-59.61787,-37.95432],[-59.61597,-37.95283],[-59.61019,-37.94828],[-59.60927,-37.94756],[-59.59988,-37.94018],[-59.58348,-37.92729],[-59.56502,-37.91291],[-59.56168,-37.91035],[-59.56078,-37.9096],[-59.55984,-37.90883],[-59.55935,-37.90848],[-59.54577,-37.8983],[-59.54542,-37.89803],[-59.53338,-37.88865],[-59.50795,-37.86885],[-59.50795,-37.86881],[-59.50759,-37.86853],[-59.5076,-37.86778],[-59.50665,-37.86701],[-59.50179,-37.86308],[-59.48113,-37.84638],[-59.47969,-37.84521],[-59.47125,-37.83826],[-59.46249,-37.83155],[-59.45873,-37.82866],[-59.45497,-37.82577],[-59.45473,-37.82559],[-59.44222,-37.81566],[-59.4395,-37.81349],[-59.43473,-37.80967],[-59.42529,-37.80213],[-59.42495,-37.80185],[-59.42084,-37.79862],[-59.41611,-37.79483],[-59.41102,-37.79073],[-59.4103,-37.79017],[-59.40591,-37.78662],[-59.40273,-37.78405],[-59.40062,-37.78234],[-59.40037,-37.78217],[-59.40014,-37.78142],[-59.40017,-37.78113],[-59.40013,-37.78074],[-59.39988,-37.78018],[-59.39967,-37.77982],[-59.39934,-37.77943],[-59.39916,-37.77927],[-59.39903,-37.7774],[-59.3996,-37.77671],[-59.39969,-37.77548],[-59.39953,-37.77535],[-59.39915,-37.77502],[-59.39865,-37.77475],[-59.39767,-37.77421],[-59.39689,-37.77379],[-59.39668,-37.77357],[-59.39612,-37.77245],[-59.39545,-37.77161],[-59.39533,-37.77146],[-59.39487,-37.77127],[-59.39435,-37.7712],[-59.39381,-37.77136],[-59.39348,-37.77141],[-59.39292,-37.77142],[-59.3922,-37.77118],[-59.39188,-37.7709],[-59.39152,-37.7708],[-59.39103,-37.77066],[-59.39074,-37.77042],[-59.39031,-37.77006],[-59.38955,-37.76924],[-59.38903,-37.76844],[-59.38873,-37.76823],[-59.38839,-37.76811],[-59.38742,-37.76776],[-59.3861,-37.76729],[-59.38577,-37.76707],[-59.38576,-37.76706],[-59.38571,-37.76688],[-59.38583,-37.76664],[-59.38635,-37.76621],[-59.38662,-37.76581],[-59.38688,-37.76421],[-59.38685,-37.76389],[-59.38703,-37.76337],[-59.38676,-37.7629],[-59.38646,-37.76263],[-59.38593,-37.76225],[-59.38563,-37.76198],[-59.38542,-37.76175],[-59.3852,-37.76064],[-59.3842,-37.75953],[-59.38359,-37.75911],[-59.38335,-37.7586],[-59.3828,-37.75847],[-59.38225,-37.75834],[-59.38116,-37.75807],[-59.37899,-37.75851],[-59.37845,-37.75858],[-59.37776,-37.75855],[-59.37731,-37.75847],[-59.37626,-37.75809],[-59.37521,-37.7577],[-59.37464,-37.75779],[-59.37415,-37.75841],[-59.37379,-37.75857],[-59.37313,-37.75834],[-59.37268,-37.75828],[-59.3706,-37.758],[-59.37015,-37.75779],[-59.36998,-37.75768],[-59.36989,-37.75762],[-59.36956,-37.75728],[-59.36911,-37.75666],[-59.36741,-37.75572],[-59.36621,-37.75487],[-59.36579,-37.75463],[-59.36559,-37.75454],[-59.36505,-37.75398],[-59.36394,-37.75259],[-59.36353,-37.75233],[-59.36329,-37.75228],[-59.36267,-37.75215],[-59.36233,-37.75189],[-59.36089,-37.75077],[-59.36064,-37.75076],[-59.36016,-37.75073],[-59.36004,-37.75072],[-59.35898,-37.75064],[-59.35767,-37.75054],[-59.35728,-37.75024],[-59.35726,-37.75022],[-59.35653,-37.74965],[-59.35555,-37.74889],[-59.35475,-37.74827],[-59.35372,-37.74737],[-59.35283,-37.7466],[-59.35195,-37.74583],[-59.35107,-37.74507],[-59.35033,-37.74448],[-59.35058,-37.74336],[-59.34966,-37.74217],[-59.34892,-37.7412],[-59.34779,-37.74038],[-59.34758,-37.74023],[-59.34684,-37.73969],[-59.34589,-37.739],[-59.34494,-37.73831],[-59.34399,-37.73762],[-59.34322,-37.73706],[-59.34252,-37.73605],[-59.3419,-37.73515],[-59.34128,-37.73426],[-59.34073,-37.73347],[-59.33947,-37.73285],[-59.33942,-37.73284],[-59.33814,-37.73255],[-59.33799,-37.73252],[-59.33714,-37.73233],[-59.33603,-37.73185],[-59.33576,-37.73174],[-59.33464,-37.73126],[-59.33352,-37.73077],[-59.3324,-37.73029],[-59.33128,-37.72981],[-59.33042,-37.72944],[-59.32905,-37.72896],[-59.32797,-37.72859],[-59.32689,-37.72821],[-59.32609,-37.72793],[-59.3259,-37.72779],[-59.32491,-37.72709],[-59.32391,-37.72637],[-59.3231,-37.72579],[-59.32233,-37.72489],[-59.32177,-37.72421],[-59.32112,-37.72388],[-59.32051,-37.72357],[-59.3195,-37.72306],[-59.31848,-37.72255],[-59.31806,-37.72234],[-59.31771,-37.72216],[-59.31764,-37.72215],[-59.3176,-37.72215],[-59.31611,-37.72198],[-59.31486,-37.72185],[-59.31361,-37.72171],[-59.31269,-37.72161],[-59.31125,-37.72127],[-59.31012,-37.72101],[-59.30898,-37.72075],[-59.30785,-37.72048],[-59.3072,-37.72033],[-59.30704,-37.72029],[-59.30674,-37.72009],[-59.306,-37.71957],[-59.30573,-37.71937],[-59.30515,-37.71896],[-59.30429,-37.71837],[-59.30418,-37.71829],[-59.30407,-37.71821],[-59.30344,-37.71777],[-59.30258,-37.71717],[-59.30173,-37.71657],[-59.30087,-37.71597],[-59.30002,-37.71537],[-59.29917,-37.71477],[-59.29831,-37.71417],[-59.29746,-37.71357],[-59.2966,-37.71297],[-59.29593,-37.7125],[-59.29495,-37.71144],[-59.29347,-37.71077],[-59.2925,-37.71033],[-59.29189,-37.70934],[-59.29139,-37.70854],[-59.29048,-37.70756],[-59.28967,-37.7067],[-59.28898,-37.70596],[-59.2891,-37.70535],[-59.28792,-37.7047],[-59.28664,-37.70387],[-59.28517,-37.70291],[-59.28471,-37.70278],[-59.28429,-37.70266],[-59.2832,-37.70235],[-59.28288,-37.70219],[-59.2823,-37.70189],[-59.28162,-37.70146],[-59.28124,-37.70117],[-59.28101,-37.70099],[-59.28072,-37.70076],[-59.28042,-37.70051],[-59.27926,-37.69999],[-59.27833,-37.69914],[-59.27775,-37.6989],[-59.27648,-37.6982],[-59.2758,-37.69769],[-59.27518,-37.69747],[-59.27483,-37.69735],[-59.27476,-37.69729],[-59.27413,-37.69707],[-59.2736,-37.69667],[-59.27338,-37.69613],[-59.27271,-37.69578],[-59.2725,-37.69551],[-59.27241,-37.69523],[-59.27267,-37.69472],[-59.27211,-37.69426],[-59.27121,-37.69406],[-59.27082,-37.69396],[-59.27058,-37.6938],[-59.27046,-37.69372],[-59.27028,-37.69331],[-59.26999,-37.69253],[-59.26928,-37.69207],[-59.26888,-37.69199],[-59.26742,-37.69172],[-59.26727,-37.69155],[-59.26671,-37.69144],[-59.26642,-37.69111],[-59.26639,-37.69075],[-59.26649,-37.68991],[-59.26643,-37.68944],[-59.26642,-37.68889],[-59.26609,-37.68825],[-59.26596,-37.688],[-59.26527,-37.68797],[-59.26476,-37.68797],[-59.2645,-37.68791],[-59.26316,-37.68705],[-59.26296,-37.68609],[-59.26275,-37.68575],[-59.26211,-37.6856],[-59.26188,-37.68555],[-59.26152,-37.68544],[-59.26139,-37.68533],[-59.26052,-37.68456],[-59.25994,-37.68427],[-59.25909,-37.68366],[-59.25882,-37.68333],[-59.2582,-37.68315],[-59.25819,-37.68315],[-59.25717,-37.68303],[-59.25678,-37.6828],[-59.25646,-37.68262],[-59.25628,-37.68197],[-59.25619,-37.68176],[-59.25665,-37.68131],[-59.256,-37.68025],[-59.25589,-37.67996],[-59.25581,-37.67874],[-59.25575,-37.67853],[-59.25518,-37.6782],[-59.25426,-37.67742],[-59.25439,-37.67668],[-59.25448,-37.67644],[-59.25527,-37.67623],[-59.25599,-37.6761],[-59.25614,-37.67593],[-59.25609,-37.67545],[-59.25594,-37.675],[-59.25582,-37.67436],[-59.25489,-37.67373],[-59.25397,-37.6731],[-59.25304,-37.67247],[-59.25211,-37.67184],[-59.25118,-37.67121],[-59.25026,-37.67058],[-59.24933,-37.66995],[-59.2484,-37.66932],[-59.24748,-37.66869],[-59.24655,-37.66806],[-59.24565,-37.66737],[-59.24494,-37.66682],[-59.24476,-37.66668],[-59.24387,-37.66598],[-59.24297,-37.66529],[-59.24208,-37.6646],[-59.2413,-37.66394],[-59.24051,-37.66327],[-59.23972,-37.66261],[-59.23894,-37.66195],[-59.23815,-37.66128],[-59.23737,-37.66062],[-59.23658,-37.65995],[-59.2358,-37.65929],[-59.235,-37.65861],[-59.23421,-37.65794],[-59.23341,-37.65726],[-59.23262,-37.65658],[-59.23182,-37.6559],[-59.23124,-37.65541],[-59.23103,-37.65522],[-59.23023,-37.65455],[-59.22944,-37.65387],[-59.22864,-37.65319],[-59.22785,-37.65251],[-59.22747,-37.65208],[-59.2265,-37.65128],[-59.22598,-37.65084],[-59.22589,-37.65077],[-59.22572,-37.65062],[-59.22494,-37.64997],[-59.22416,-37.64931],[-59.22338,-37.64866],[-59.2226,-37.648],[-59.22183,-37.64735],[-59.22105,-37.64669],[-59.22027,-37.64603],[-59.21949,-37.64538],[-59.21871,-37.64472],[-59.21793,-37.64406],[-59.21715,-37.64341],[-59.21589,-37.64235],[-59.21551,-37.64204],[-59.21542,-37.64196],[-59.21463,-37.6413],[-59.21384,-37.64064],[-59.21242,-37.63944],[-59.21184,-37.63896],[-59.21157,-37.63866],[-59.21076,-37.63798],[-59.20996,-37.63731],[-59.20916,-37.63663],[-59.20835,-37.63596],[-59.20755,-37.63528],[-59.20675,-37.63461],[-59.20594,-37.63391],[-59.20512,-37.63321],[-59.20431,-37.63252],[-59.2035,-37.63182],[-59.20269,-37.63113],[-59.20188,-37.63044],[-59.20166,-37.63025],[-59.20106,-37.62974],[-59.20025,-37.62905],[-59.19944,-37.62835],[-59.19863,-37.62766],[-59.19782,-37.62696],[-59.19701,-37.62627],[-59.1962,-37.62557],[-59.19538,-37.62488],[-59.19457,-37.62418],[-59.19376,-37.62349],[-59.19295,-37.62279],[-59.19214,-37.6221],[-59.19172,-37.62185],[-59.19083,-37.62112],[-59.18994,-37.62039],[-59.18905,-37.61966],[-59.18816,-37.61894],[-59.18727,-37.61821],[-59.18639,-37.61748],[-59.1855,-37.61675],[-59.1853,-37.61679],[-59.18469,-37.61693]]]]}}]}
