{"type":"FeatureCollection","features":[{"type":"Feature","geometry":{"type":"MultiPolygon","coordinates":[[[[-58.75496,-38.54418],[-58.75589,-38.54493],[-58.75682,-38.5457],[-58.75775,-38.54645],[-58.75871,-38.54571],[-58.75939,-38.54519],[-58.76007,-38.54467],[-58.76095,-38.54547],[-58.76158,-38.54499],[-58.76257,-38.54425],[-58.76358,-38.54348],[-58.76262,-38.54271],[-58.76215,-38.54233],[-58.76167,-38.54195],[-58.7612,-38.54157],[-58.76075,-38.54121],[-58.7598,-38.54046],[-58.75885,-38.5397],[-58.75592,-38.54195],[-58.75497,-38.54268],[-58.75401,-38.54342],[-58.75496,-38.54418]]]]},"properties":{"radio":"065810101","poblacion":1305,"area_ha":31.5,"densidad_hab_ha":41.5,"densidad":"40 a 80 hab/ha"}},{"type":"Feature","geometry":{"type":"MultiPolygon","coordinates":[[[[-58.76158,-38.54499],[-58.76095,-38.54547],[-58.76007,-38.54467],[-58.75939,-38.54519],[-58.75871,-38.54571],[-58.75775,-38.54645],[-58.7568,-38.54718],[-58.75867,-38.54869],[-58.76058,-38.55024],[-58.76156,-38.54947],[-58.7625,-38.54873],[-58.76443,-38.54726],[-58.76541,-38.54652],[-58.7664,-38.54575],[-58.76544,-38.54497],[-58.76451,-38.54422],[-58.76358,-38.54348],[-58.76257,-38.54425],[-58.76158,-38.54499]]]]},"properties":{"radio":"065810102","poblacion":1353,"area_ha":29.8,"densidad_hab_ha":45.5,"densidad":"40 a 80 hab/ha"}},{"type":"Feature","geometry":{"type":"MultiPolygon","coordinates":[[[[-58.7539,-38.55089],[-58.75484,-38.55164],[-58.75532,-38.55128],[-58.7558,-38.5509],[-58.75674,-38.55016],[-58.7577,-38.54942],[-58.75867,-38.54869],[-58.7568,-38.54718],[-58.75587,-38.54643],[-58.7544,-38.54756],[-58.75298,-38.54864],[-58.75202,-38.54938],[-58.75295,-38.55013],[-58.7539,-38.55089]]]]},"properties":{"radio":"065810103","poblacion":898,"area_ha":16.4,"densidad_hab_ha":54.8,"densidad":"40 a 80 hab/ha"}},{"type":"Feature","geometry":{"type":"MultiPolygon","coordinates":[[[[-58.75016,-38.54636],[-58.74919,-38.54711],[-58.75013,-38.54787],[-58.75107,-38.54862],[-58.75202,-38.54938],[-58.75298,-38.54864],[-58.7544,-38.54756],[-58.75587,-38.54643],[-58.7568,-38.54718],[-58.75775,-38.54645],[-58.75682,-38.5457],[-58.75589,-38.54493],[-58.75496,-38.54418],[-58.75401,-38.54342],[-58.75304,-38.54416],[-58.75016,-38.54636]]]]},"properties":{"radio":"065810104","poblacion":1163,"area_ha":22.1,"densidad_hab_ha":52.8,"densidad":"40 a 80 hab/ha"}},{"type":"Feature","geometry":{"type":"MultiPolygon","coordinates":[[[[-58.75383,-38.55391],[-58.75479,-38.55468],[-58.75579,-38.55391],[-58.75676,-38.55317],[-58.75579,-38.5524],[-58.75484,-38.55164],[-58.7539,-38.55089],[-58.75295,-38.55013],[-58.75202,-38.54938],[-58.75107,-38.54862],[-58.75013,-38.54787],[-58.74919,-38.54711],[-58.74824,-38.54784],[-58.74725,-38.54861],[-58.74819,-38.54937],[-58.74912,-38.55012],[-58.75006,-38.55088],[-58.751,-38.55163],[-58.75195,-38.55239],[-58.75289,-38.55315],[-58.75383,-38.55391]]]]},"properties":{"radio":"065810105","poblacion":1131,"area_ha":22.5,"densidad_hab_ha":50.4,"densidad":"40 a 80 hab/ha"}},{"type":"Feature","geometry":{"type":"MultiPolygon","coordinates":[[[[-58.7462,-38.55236],[-58.74716,-38.55313],[-58.74811,-38.55238],[-58.74907,-38.55164],[-58.75006,-38.55088],[-58.74912,-38.55012],[-58.74819,-38.54937],[-58.74725,-38.54861],[-58.74626,-38.54937],[-58.74529,-38.55011],[-58.74434,-38.55085],[-58.74527,-38.55161],[-58.7462,-38.55236]]]]},"properties":{"radio":"065810106","poblacion":621,"area_ha":12.5,"densidad_hab_ha":49.6,"densidad":"40 a 80 hab/ha"}},{"type":"Feature","geometry":{"type":"MultiPolygon","coordinates":[[[[-58.75188,-38.5554],[-58.75285,-38.55617],[-58.7538,-38.55544],[-58.75479,-38.55468],[-58.75383,-38.55391],[-58.75289,-38.55315],[-58.75195,-38.55239],[-58.751,-38.55163],[-58.75006,-38.55088],[-58.74907,-38.55164],[-58.74811,-38.55238],[-58.74904,-38.55314],[-58.74999,-38.55389],[-58.75093,-38.55464],[-58.75188,-38.5554]]]]},"properties":{"radio":"065810107","poblacion":750,"area_ha":14.1,"densidad_hab_ha":53.4,"densidad":"40 a 80 hab/ha"}},{"type":"Feature","geometry":{"type":"MultiPolygon","coordinates":[[[[-58.7557,-38.55848],[-58.75662,-38.55922],[-58.75777,-38.55832],[-58.76056,-38.5562],[-58.76107,-38.55581],[-58.76149,-38.55549],[-58.76244,-38.55476],[-58.76153,-38.554],[-58.76056,-38.55322],[-58.7601,-38.55285],[-58.75963,-38.55247],[-58.75916,-38.5521],[-58.75866,-38.5517],[-58.7577,-38.55244],[-58.75676,-38.55317],[-58.75579,-38.55391],[-58.75479,-38.55468],[-58.7538,-38.55544],[-58.75285,-38.55617],[-58.75382,-38.55695],[-58.75476,-38.55771],[-58.7557,-38.55848]]]]},"properties":{"radio":"065810108","poblacion":1127,"area_ha":33.5,"densidad_hab_ha":33.7,"densidad":"20 a 40 hab/ha"}},{"type":"Feature","geometry":{"type":"MultiPolygon","coordinates":[[[[-58.76153,-38.554],[-58.76244,-38.55476],[-58.76334,-38.55407],[-58.76439,-38.55326],[-58.76536,-38.55252],[-58.7663,-38.5518],[-58.76537,-38.55106],[-58.76637,-38.55029],[-58.7673,-38.54956],[-58.76828,-38.54881],[-58.76925,-38.54807],[-58.7692,-38.54803],[-58.76876,-38.54766],[-58.76829,-38.54728],[-58.76734,-38.54651],[-58.7669,-38.54615],[-58.7664,-38.54575],[-58.76541,-38.54652],[-58.76443,-38.54726],[-58.7625,-38.54873],[-58.76156,-38.54947],[-58.76058,-38.55024],[-58.75962,-38.55097],[-58.75866,-38.5517],[-58.75916,-38.5521],[-58.75963,-38.55247],[-58.7601,-38.55285],[-58.76056,-38.55322],[-58.76153,-38.554]]]]},"properties":{"radio":"065810109","poblacion":893,"area_ha":39.2,"densidad_hab_ha":22.8,"densidad":"20 a 40 hab/ha"}},{"type":"Feature","geometry":{"type":"MultiPolygon","coordinates":[[[[-58.76188,-38.55816],[-58.7623,-38.55851],[-58.76232,-38.55854],[-58.76233,-38.55856],[-58.76233,-38.55857],[-58.76248,-38.55845],[-58.76249,-38.55847],[-58.76251,-38.55849],[-58.76291,-38.55883],[-58.76334,-38.55919],[-58.76337,-38.5592],[-58.76325,-38.55929],[-58.76326,-38.5593],[-58.76328,-38.55931],[-58.7633,-38.55933],[-58.76378,-38.55971],[-58.76431,-38.5593],[-58.76529,-38.55855],[-58.76629,-38.55778],[-58.76821,-38.55631],[-58.7701,-38.55486],[-58.774,-38.55188],[-58.7721,-38.55035],[-58.7711,-38.54955],[-58.7706,-38.54915],[-58.77019,-38.54882],[-58.76965,-38.54838],[-58.76925,-38.54807],[-58.76828,-38.54881],[-58.7673,-38.54956],[-58.76637,-38.55029],[-58.76537,-38.55106],[-58.7663,-38.5518],[-58.76536,-38.55252],[-58.76439,-38.55326],[-58.76334,-38.55407],[-58.76244,-38.55476],[-58.76149,-38.55549],[-58.76107,-38.55581],[-58.76056,-38.5562],[-58.7615,-38.55696],[-58.76244,-38.55774],[-58.76188,-38.55816]]]]},"properties":{"radio":"065810110","poblacion":1050,"area_ha":62.7,"densidad_hab_ha":16.7,"densidad":"1 a 20 hab/ha"}},{"type":"Feature","geometry":{"type":"MultiPolygon","coordinates":[[[[-58.75777,-38.55832],[-58.75662,-38.55922],[-58.75758,-38.55999],[-58.75851,-38.56074],[-58.75946,-38.56148],[-58.76045,-38.56225],[-58.76238,-38.56078],[-58.76295,-38.56034],[-58.76336,-38.56002],[-58.76378,-38.55971],[-58.7633,-38.55933],[-58.76328,-38.55931],[-58.76326,-38.5593],[-58.76325,-38.55929],[-58.76337,-38.5592],[-58.76334,-38.55919],[-58.76291,-38.55883],[-58.76251,-38.55849],[-58.76249,-38.55847],[-58.76248,-38.55845],[-58.76233,-38.55857],[-58.76233,-38.55856],[-58.76232,-38.55854],[-58.7623,-38.55851],[-58.76188,-38.55816],[-58.76244,-38.55774],[-58.7615,-38.55696],[-58.76056,-38.5562],[-58.75777,-38.55832]]]]},"properties":{"radio":"065810111","poblacion":718,"area_ha":21.2,"densidad_hab_ha":33.9,"densidad":"20 a 40 hab/ha"}},{"type":"Feature","geometry":{"type":"MultiPolygon","coordinates":[[[[-58.75579,-38.5524],[-58.75676,-38.55317],[-58.7577,-38.55244],[-58.75866,-38.5517],[-58.75962,-38.55097],[-58.76058,-38.55024],[-58.75867,-38.54869],[-58.7577,-38.54942],[-58.75674,-38.55016],[-58.7558,-38.5509],[-58.75532,-38.55128],[-58.75484,-38.55164],[-58.75579,-38.5524]]]]},"properties":{"radio":"065810112","poblacion":594,"area_ha":11.2,"densidad_hab_ha":53.3,"densidad":"40 a 80 hab/ha"}},{"type":"Feature","geometry":{"type":"MultiPolygon","coordinates":[[[[-58.73527,-38.5515],[-58.7362,-38.55224],[-58.73642,-38.55208],[-58.7374,-38.55133],[-58.73835,-38.55059],[-58.73933,-38.54983],[-58.73745,-38.54833],[-58.73651,-38.54759],[-58.73558,-38.54684],[-58.7346,-38.54606],[-58.73556,-38.54532],[-58.73459,-38.54454],[-58.73364,-38.54378],[-58.73227,-38.54268],[-58.7317,-38.54311],[-58.7313,-38.54342],[-58.73067,-38.54396],[-58.73063,-38.54401],[-58.73033,-38.54436],[-58.7301,-38.54469],[-58.72992,-38.54509],[-58.72982,-38.54542],[-58.72974,-38.54582],[-58.72974,-38.54622],[-58.72984,-38.54672],[-58.72991,-38.54702],[-58.73077,-38.54769],[-58.73113,-38.54798],[-58.73162,-38.54836],[-58.73253,-38.54913],[-58.73285,-38.54956],[-58.73294,-38.54965],[-58.73305,-38.54975],[-58.73337,-38.55],[-58.7343,-38.55074],[-58.73527,-38.5515]]]]},"properties":{"radio":"065810201","poblacion":914,"area_ha":40.1,"densidad_hab_ha":22.8,"densidad":"20 a 40 hab/ha"}},{"type":"Feature","geometry":{"type":"MultiPolygon","coordinates":[[[[-58.74028,-38.55059],[-58.74122,-38.55135],[-58.74217,-38.55063],[-58.74314,-38.54988],[-58.74219,-38.54912],[-58.74125,-38.54836],[-58.74032,-38.54762],[-58.73937,-38.54686],[-58.73841,-38.5476],[-58.73745,-38.54833],[-58.73933,-38.54983],[-58.74028,-38.55059]]]]},"properties":{"radio":"065810202","poblacion":616,"area_ha":11.0,"densidad_hab_ha":56.1,"densidad":"40 a 80 hab/ha"}},{"type":"Feature","geometry":{"type":"MultiPolygon","coordinates":[[[[-58.74121,-38.55289],[-58.74144,-38.55307],[-58.74241,-38.55233],[-58.74218,-38.55214],[-58.74122,-38.55135],[-58.74028,-38.55059],[-58.73933,-38.54983],[-58.73835,-38.55059],[-58.73927,-38.55136],[-58.74024,-38.55211],[-58.74121,-38.55289]]]]},"properties":{"radio":"065810203","poblacion":319,"area_ha":4.6,"densidad_hab_ha":68.9,"densidad":"40 a 80 hab/ha"}},{"type":"Feature","geometry":{"type":"MultiPolygon","coordinates":[[[[-58.73328,-38.55447],[-58.73423,-38.55523],[-58.73517,-38.55598],[-58.73612,-38.55526],[-58.7371,-38.55604],[-58.73731,-38.55621],[-58.73829,-38.55546],[-58.73917,-38.5548],[-58.7392,-38.5548],[-58.73925,-38.5548],[-58.73931,-38.5548],[-58.73937,-38.55479],[-58.73937,-38.55479],[-58.73942,-38.55478],[-58.73947,-38.55475],[-58.73951,-38.55472],[-58.73955,-38.55469],[-58.73958,-38.55465],[-58.73958,-38.55464],[-58.7396,-38.55461],[-58.73961,-38.55457],[-58.73962,-38.55453],[-58.73961,-38.55448],[-58.73961,-38.55446],[-58.74048,-38.5538],[-58.74144,-38.55307],[-58.74121,-38.55289],[-58.74024,-38.55211],[-58.73927,-38.55136],[-58.73835,-38.55059],[-58.7374,-38.55133],[-58.73642,-38.55208],[-58.7362,-38.55224],[-58.73522,-38.55299],[-58.73423,-38.55375],[-58.73328,-38.55447]]]]},"properties":{"radio":"065810204","poblacion":622,"area_ha":22.0,"densidad_hab_ha":28.3,"densidad":"20 a 40 hab/ha"}},{"type":"Feature","geometry":{"type":"MultiPolygon","coordinates":[[[[-58.73931,-38.5548],[-58.73925,-38.5548],[-58.7392,-38.5548],[-58.73917,-38.5548],[-58.73829,-38.55546],[-58.74112,-38.55774],[-58.7421,-38.55699],[-58.74233,-38.55681],[-58.74331,-38.55606],[-58.74427,-38.55533],[-58.74523,-38.5546],[-58.74241,-38.55233],[-58.74144,-38.55307],[-58.74048,-38.5538],[-58.73961,-38.55446],[-58.73961,-38.55448],[-58.73962,-38.55453],[-58.73961,-38.55457],[-58.7396,-38.55461],[-58.73958,-38.55464],[-58.73958,-38.55465],[-58.73955,-38.55469],[-58.73951,-38.55472],[-58.73947,-38.55475],[-58.73942,-38.55478],[-58.73937,-38.55479],[-58.73937,-38.55479],[-58.73931,-38.5548]]]]},"properties":{"radio":"065810205","poblacion":445,"area_ha":17.6,"densidad_hab_ha":25.4,"densidad":"20 a 40 hab/ha"}},{"type":"Feature","geometry":{"type":"MultiPolygon","coordinates":[[[[-58.74241,-38.55233],[-58.74523,-38.5546],[-58.74619,-38.55387],[-58.74716,-38.55313],[-58.7462,-38.55236],[-58.74527,-38.55161],[-58.74434,-38.55085],[-58.7441,-38.55066],[-58.74314,-38.54988],[-58.74217,-38.55063],[-58.74122,-38.55135],[-58.74218,-38.55214],[-58.74241,-38.55233]]]]},"properties":{"radio":"065810206","poblacion":624,"area_ha":11.8,"densidad_hab_ha":53.1,"densidad":"40 a 80 hab/ha"}},{"type":"Feature","geometry":{"type":"MultiPolygon","coordinates":[[[[-58.74995,-38.55687],[-58.75092,-38.55765],[-58.75187,-38.55693],[-58.75285,-38.55617],[-58.75188,-38.5554],[-58.75093,-38.55464],[-58.74999,-38.55389],[-58.74904,-38.55314],[-58.74811,-38.55238],[-58.74716,-38.55313],[-58.74619,-38.55387],[-58.74712,-38.55461],[-58.74806,-38.55537],[-58.749,-38.55612],[-58.74995,-38.55687]]]]},"properties":{"radio":"065810207","poblacion":800,"area_ha":13.8,"densidad_hab_ha":57.9,"densidad":"40 a 80 hab/ha"}},{"type":"Feature","geometry":{"type":"MultiPolygon","coordinates":[[[[-58.74801,-38.55835],[-58.749,-38.55914],[-58.74996,-38.5584],[-58.75092,-38.55765],[-58.74995,-38.55687],[-58.749,-38.55612],[-58.74806,-38.55537],[-58.74712,-38.55461],[-58.74619,-38.55387],[-58.74523,-38.5546],[-58.74427,-38.55533],[-58.7452,-38.55608],[-58.74615,-38.55684],[-58.74708,-38.55759],[-58.74801,-38.55835]]]]},"properties":{"radio":"065810208","poblacion":707,"area_ha":13.8,"densidad_hab_ha":51.2,"densidad":"40 a 80 hab/ha"}},{"type":"Feature","geometry":{"type":"MultiPolygon","coordinates":[[[[-58.74583,-38.56002],[-58.74681,-38.56081],[-58.74708,-38.56061],[-58.74804,-38.55988],[-58.749,-38.55914],[-58.74801,-38.55835],[-58.74708,-38.55759],[-58.74615,-38.55684],[-58.7452,-38.55608],[-58.74427,-38.55533],[-58.74331,-38.55606],[-58.74233,-38.55681],[-58.7421,-38.55699],[-58.74304,-38.55775],[-58.74397,-38.55851],[-58.74489,-38.55926],[-58.74583,-38.56002]]]]},"properties":{"radio":"065810209","poblacion":657,"area_ha":15.7,"densidad_hab_ha":41.9,"densidad":"40 a 80 hab/ha"}},{"type":"Feature","geometry":{"type":"MultiPolygon","coordinates":[[[[-58.75341,-38.5661],[-58.75446,-38.56684],[-58.75465,-38.56669],[-58.75562,-38.56595],[-58.75659,-38.56521],[-58.75465,-38.56369],[-58.7537,-38.56294],[-58.75276,-38.56218],[-58.75184,-38.56142],[-58.75091,-38.56067],[-58.74998,-38.55992],[-58.749,-38.55914],[-58.74804,-38.55988],[-58.74708,-38.56061],[-58.74681,-38.56081],[-58.74777,-38.56158],[-58.74873,-38.56234],[-58.74967,-38.56309],[-58.7506,-38.56383],[-58.75154,-38.56458],[-58.75249,-38.56535],[-58.75341,-38.5661]]]]},"properties":{"radio":"065810210","poblacion":912,"area_ha":24.9,"densidad_hab_ha":36.5,"densidad":"20 a 40 hab/ha"}},{"type":"Feature","geometry":{"type":"MultiPolygon","coordinates":[[[[-58.75465,-38.56369],[-58.75659,-38.56521],[-58.75754,-38.56448],[-58.75849,-38.56375],[-58.75947,-38.56301],[-58.76045,-38.56225],[-58.75946,-38.56148],[-58.75851,-38.56074],[-58.75758,-38.55999],[-58.75662,-38.55922],[-58.7557,-38.55848],[-58.75475,-38.55922],[-58.75378,-38.55996],[-58.75281,-38.56069],[-58.75184,-38.56142],[-58.75276,-38.56218],[-58.7537,-38.56294],[-58.75465,-38.56369]]]]},"properties":{"radio":"065810211","poblacion":1242,"area_ha":27.7,"densidad_hab_ha":44.9,"densidad":"40 a 80 hab/ha"}},{"type":"Feature","geometry":{"type":"MultiPolygon","coordinates":[[[[-58.75091,-38.56067],[-58.75184,-38.56142],[-58.75281,-38.56069],[-58.75378,-38.55996],[-58.75475,-38.55922],[-58.7557,-38.55848],[-58.75476,-38.55771],[-58.75382,-38.55695],[-58.75285,-38.55617],[-58.75187,-38.55693],[-58.75092,-38.55765],[-58.74996,-38.5584],[-58.749,-38.55914],[-58.74998,-38.55992],[-58.75091,-38.56067]]]]},"properties":{"radio":"065810212","poblacion":815,"area_ha":16.7,"densidad_hab_ha":48.7,"densidad":"40 a 80 hab/ha"}},{"type":"Feature","geometry":{"type":"MultiPolygon","coordinates":[[[[-58.73235,-38.55372],[-58.73328,-38.55447],[-58.73423,-38.55375],[-58.73522,-38.55299],[-58.7362,-38.55224],[-58.73527,-38.5515],[-58.7343,-38.55074],[-58.73337,-38.55],[-58.73305,-38.54975],[-58.73294,-38.54965],[-58.73285,-38.54956],[-58.73253,-38.54913],[-58.73162,-38.54836],[-58.73113,-38.54798],[-58.73077,-38.54769],[-58.72991,-38.54702],[-58.728,-38.54549],[-58.72747,-38.54506],[-58.72734,-38.54527],[-58.72729,-38.54555],[-58.72727,-38.54591],[-58.72734,-38.54623],[-58.7275,-38.5466],[-58.72774,-38.5471],[-58.72796,-38.54759],[-58.72816,-38.54806],[-58.72827,-38.5485],[-58.7283,-38.54897],[-58.72824,-38.54937],[-58.72815,-38.54963],[-58.72811,-38.54977],[-58.72791,-38.55016],[-58.72847,-38.55061],[-58.72993,-38.55177],[-58.73037,-38.55212],[-58.7305,-38.55223],[-58.73141,-38.55297],[-58.73235,-38.55372]]]]},"properties":{"radio":"065810301","poblacion":721,"area_ha":31.3,"densidad_hab_ha":23.1,"densidad":"20 a 40 hab/ha"}},{"type":"Feature","geometry":{"type":"MultiPolygon","coordinates":[[[[-58.72851,-38.55667],[-58.72944,-38.55742],[-58.73041,-38.55668],[-58.73137,-38.55594],[-58.73233,-38.55521],[-58.73328,-38.55447],[-58.73235,-38.55372],[-58.73141,-38.55297],[-58.7305,-38.55223],[-58.73037,-38.55212],[-58.72993,-38.55177],[-58.72847,-38.55061],[-58.72791,-38.55016],[-58.72787,-38.55025],[-58.7275,-38.55075],[-58.72703,-38.5512],[-58.72634,-38.55173],[-58.72569,-38.55219],[-58.72603,-38.55267],[-58.72664,-38.55352],[-58.72686,-38.55405],[-58.72688,-38.55416],[-58.72688,-38.55429],[-58.72681,-38.55444],[-58.72638,-38.55498],[-58.72721,-38.55563],[-58.72756,-38.55591],[-58.72851,-38.55667]]]]},"properties":{"radio":"065810302","poblacion":812,"area_ha":26.9,"densidad_hab_ha":30.2,"densidad":"20 a 40 hab/ha"}},{"type":"Feature","geometry":{"type":"MultiPolygon","coordinates":[[[[-58.72334,-38.55718],[-58.72374,-38.55748],[-58.72462,-38.55817],[-58.72556,-38.55893],[-58.7265,-38.55968],[-58.72744,-38.56044],[-58.72841,-38.55971],[-58.72941,-38.55894],[-58.73039,-38.55818],[-58.73134,-38.55744],[-58.73041,-38.55668],[-58.72944,-38.55742],[-58.72851,-38.55667],[-58.72756,-38.55591],[-58.72721,-38.55563],[-58.72638,-38.55498],[-58.72681,-38.55444],[-58.72688,-38.55429],[-58.72688,-38.55416],[-58.72686,-38.55405],[-58.72664,-38.55352],[-58.72603,-38.55267],[-58.72569,-38.55219],[-58.72482,-38.55275],[-58.72387,-38.5533],[-58.72305,-38.55364],[-58.72218,-38.55396],[-58.7211,-38.55436],[-58.72046,-38.55466],[-58.72042,-38.5547],[-58.72098,-38.55515],[-58.7224,-38.55634],[-58.72334,-38.55718]]]]},"properties":{"radio":"065810303","poblacion":788,"area_ha":34.7,"densidad_hab_ha":22.7,"densidad":"20 a 40 hab/ha"}},{"type":"Feature","geometry":{"type":"MultiPolygon","coordinates":[[[[-58.72952,-38.56216],[-58.72957,-38.56216],[-58.72958,-38.56216],[-58.7296,-38.56216],[-58.72961,-38.56216],[-58.72966,-38.56215],[-58.7297,-38.56214],[-58.72973,-38.56212],[-58.72977,-38.56209],[-58.72979,-38.56207],[-58.72981,-38.56203],[-58.72982,-38.562],[-58.72983,-38.56197],[-58.73053,-38.56142],[-58.73152,-38.56065],[-58.7325,-38.55987],[-58.73345,-38.55913],[-58.73324,-38.55896],[-58.73228,-38.55818],[-58.73134,-38.55744],[-58.73039,-38.55818],[-58.72941,-38.55894],[-58.72841,-38.55971],[-58.72744,-38.56044],[-58.72837,-38.56119],[-58.72931,-38.56196],[-58.72932,-38.562],[-58.72933,-38.56203],[-58.72935,-38.56206],[-58.72937,-38.56209],[-58.7294,-38.56212],[-58.72944,-38.56214],[-58.72948,-38.56215],[-58.72952,-38.56216]]]]},"properties":{"radio":"065810304","poblacion":506,"area_ha":12.6,"densidad_hab_ha":40.1,"densidad":"40 a 80 hab/ha"}},{"type":"Feature","geometry":{"type":"MultiPolygon","coordinates":[[[[-58.73233,-38.55521],[-58.73137,-38.55594],[-58.73041,-38.55668],[-58.73134,-38.55744],[-58.73228,-38.55818],[-58.73324,-38.55896],[-58.73345,-38.55913],[-58.73441,-38.55841],[-58.73538,-38.55768],[-58.73636,-38.55694],[-58.73731,-38.55621],[-58.7371,-38.55604],[-58.73612,-38.55526],[-58.73517,-38.55598],[-58.73423,-38.55523],[-58.73328,-38.55447],[-58.73233,-38.55521]]]]},"properties":{"radio":"065810305","poblacion":550,"area_ha":15.1,"densidad_hab_ha":36.4,"densidad":"20 a 40 hab/ha"}},{"type":"Feature","geometry":{"type":"MultiPolygon","coordinates":[[[[-58.73729,-38.55919],[-58.73823,-38.55994],[-58.7392,-38.5592],[-58.74017,-38.55847],[-58.74112,-38.55774],[-58.73829,-38.55546],[-58.73731,-38.55621],[-58.73636,-38.55694],[-58.73538,-38.55768],[-58.73636,-38.55845],[-58.73729,-38.55919]]]]},"properties":{"radio":"065810306","poblacion":592,"area_ha":12.4,"densidad_hab_ha":47.6,"densidad":"40 a 80 hab/ha"}},{"type":"Feature","geometry":{"type":"MultiPolygon","coordinates":[[[[-58.73441,-38.5614],[-58.73535,-38.56216],[-58.73629,-38.56143],[-58.73726,-38.56069],[-58.73823,-38.55994],[-58.73729,-38.55919],[-58.73636,-38.55845],[-58.73538,-38.55768],[-58.73441,-38.55841],[-58.73345,-38.55913],[-58.7325,-38.55987],[-58.73347,-38.56064],[-58.73441,-38.5614]]]]},"properties":{"radio":"065810307","poblacion":641,"area_ha":12.4,"densidad_hab_ha":51.6,"densidad":"40 a 80 hab/ha"}},{"type":"Feature","geometry":{"type":"MultiPolygon","coordinates":[[[[-58.73145,-38.56366],[-58.73239,-38.56443],[-58.73336,-38.56369],[-58.73435,-38.56292],[-58.73535,-38.56216],[-58.73441,-38.5614],[-58.73347,-38.56064],[-58.7325,-38.55987],[-58.73152,-38.56065],[-58.73053,-38.56142],[-58.72983,-38.56197],[-58.72982,-38.562],[-58.72981,-38.56203],[-58.72979,-38.56207],[-58.72977,-38.56209],[-58.72973,-38.56212],[-58.7297,-38.56214],[-58.72966,-38.56215],[-58.72961,-38.56216],[-58.7296,-38.56216],[-58.73051,-38.5629],[-58.73145,-38.56366]]]]},"properties":{"radio":"065810308","poblacion":564,"area_ha":12.7,"densidad_hab_ha":44.5,"densidad":"40 a 80 hab/ha"}},{"type":"Feature","geometry":{"type":"MultiPolygon","coordinates":[[[[-58.72354,-38.56637],[-58.72379,-38.56656],[-58.72476,-38.56583],[-58.72572,-38.5651],[-58.72668,-38.56437],[-58.72766,-38.56362],[-58.7286,-38.56289],[-58.72957,-38.56216],[-58.72952,-38.56216],[-58.72948,-38.56215],[-58.72944,-38.56214],[-58.7294,-38.56212],[-58.72937,-38.56209],[-58.72935,-38.56206],[-58.72933,-38.56203],[-58.72932,-38.562],[-58.72931,-38.56196],[-58.72837,-38.56119],[-58.72744,-38.56044],[-58.7265,-38.55968],[-58.72556,-38.55893],[-58.72462,-38.55817],[-58.72374,-38.55748],[-58.72334,-38.55718],[-58.7224,-38.55634],[-58.72098,-38.55515],[-58.72042,-38.5547],[-58.72002,-38.55504],[-58.71978,-38.55543],[-58.7196,-38.55586],[-58.71955,-38.556],[-58.71946,-38.55627],[-58.71941,-38.55668],[-58.71946,-38.55708],[-58.71962,-38.55754],[-58.71995,-38.55824],[-58.72026,-38.559],[-58.7205,-38.55948],[-58.72061,-38.55983],[-58.72065,-38.5602],[-58.72056,-38.5607],[-58.72026,-38.56128],[-58.71998,-38.5618],[-58.71965,-38.56221],[-58.72038,-38.5628],[-58.72022,-38.56301],[-58.71977,-38.56334],[-58.71984,-38.5634],[-58.72076,-38.56412],[-58.72156,-38.56474],[-58.72169,-38.56485],[-58.7226,-38.56561],[-58.72354,-38.56637]]]]},"properties":{"radio":"065810401","poblacion":999,"area_ha":58.5,"densidad_hab_ha":17.1,"densidad":"1 a 20 hab/ha"}},{"type":"Feature","geometry":{"type":"MultiPolygon","coordinates":[[[[-58.72853,-38.56738],[-58.72948,-38.56813],[-58.72954,-38.56513],[-58.72958,-38.56216],[-58.72957,-38.56216],[-58.7286,-38.56289],[-58.72766,-38.56362],[-58.72668,-38.56437],[-58.72572,-38.5651],[-58.72667,-38.56587],[-58.72759,-38.56662],[-58.72853,-38.56738]]]]},"properties":{"radio":"065810402","poblacion":556,"area_ha":11.1,"densidad_hab_ha":50.1,"densidad":"40 a 80 hab/ha"}},{"type":"Feature","geometry":{"type":"MultiPolygon","coordinates":[[[[-58.72665,-38.56884],[-58.72758,-38.5696],[-58.72853,-38.56887],[-58.72948,-38.56813],[-58.72853,-38.56738],[-58.72759,-38.56662],[-58.72667,-38.56587],[-58.72572,-38.5651],[-58.72476,-38.56583],[-58.72379,-38.56656],[-58.72476,-38.56733],[-58.72568,-38.56808],[-58.72665,-38.56884]]]]},"properties":{"radio":"065810403","poblacion":576,"area_ha":10.9,"densidad_hab_ha":52.7,"densidad":"40 a 80 hab/ha"}},{"type":"Feature","geometry":{"type":"MultiPolygon","coordinates":[[[[-58.71996,-38.56952],[-58.72279,-38.57179],[-58.72375,-38.57106],[-58.72471,-38.57032],[-58.72567,-38.56958],[-58.72665,-38.56884],[-58.72568,-38.56808],[-58.72476,-38.56733],[-58.72379,-38.56656],[-58.72316,-38.56705],[-58.72282,-38.56731],[-58.72252,-38.56754],[-58.72188,-38.56804],[-58.72091,-38.56878],[-58.71996,-38.56952]]]]},"properties":{"radio":"065810404","poblacion":649,"area_ha":16.6,"densidad_hab_ha":39.1,"densidad":"20 a 40 hab/ha"}},{"type":"Feature","geometry":{"type":"MultiPolygon","coordinates":[[[[-58.72162,-38.56784],[-58.72188,-38.56804],[-58.72252,-38.56754],[-58.72282,-38.56731],[-58.72316,-38.56705],[-58.72379,-38.56656],[-58.72354,-38.56637],[-58.7226,-38.56561],[-58.72169,-38.56485],[-58.72156,-38.56474],[-58.72076,-38.56412],[-58.71984,-38.5634],[-58.71977,-38.56334],[-58.71945,-38.56357],[-58.71887,-38.56411],[-58.71789,-38.56483],[-58.71883,-38.56559],[-58.71975,-38.56633],[-58.72068,-38.56708],[-58.72162,-38.56784]]]]},"properties":{"radio":"065810405","poblacion":516,"area_ha":11.7,"densidad_hab_ha":44.3,"densidad":"40 a 80 hab/ha"}},{"type":"Feature","geometry":{"type":"MultiPolygon","coordinates":[[[[-58.71671,-38.57184],[-58.71603,-38.57252],[-58.71595,-38.57282],[-58.71593,-38.57286],[-58.71582,-38.57316],[-58.71621,-38.57299],[-58.71656,-38.57279],[-58.71729,-38.57308],[-58.71849,-38.57361],[-58.71979,-38.57409],[-58.72024,-38.57374],[-58.72086,-38.57326],[-58.72182,-38.57253],[-58.72279,-38.57179],[-58.71996,-38.56952],[-58.71898,-38.57026],[-58.71802,-38.57098],[-58.71746,-38.57141],[-58.71745,-38.57144],[-58.71743,-38.57148],[-58.7174,-38.57151],[-58.71736,-38.57154],[-58.71732,-38.57156],[-58.71727,-38.57158],[-58.71723,-38.57159],[-58.71718,-38.57159],[-58.71701,-38.57168],[-58.71671,-38.57184]]]]},"properties":{"radio":"065810406","poblacion":414,"area_ha":15.3,"densidad_hab_ha":27.0,"densidad":"20 a 40 hab/ha"}},{"type":"Feature","geometry":{"type":"MultiPolygon","coordinates":[[[[-58.72121,-38.57463],[-58.72235,-38.57505],[-58.72274,-38.57476],[-58.7237,-38.57404],[-58.72467,-38.5733],[-58.72562,-38.57256],[-58.72659,-38.57182],[-58.72565,-38.57107],[-58.72471,-38.57032],[-58.72375,-38.57106],[-58.72279,-38.57179],[-58.72182,-38.57253],[-58.72086,-38.57326],[-58.72024,-38.57374],[-58.71979,-38.57409],[-58.72107,-38.57457],[-58.72121,-38.57463]]]]},"properties":{"radio":"065810407","poblacion":698,"area_ha":13.0,"densidad_hab_ha":53.6,"densidad":"40 a 80 hab/ha"}},{"type":"Feature","geometry":{"type":"MultiPolygon","coordinates":[[[[-58.72853,-38.56887],[-58.72758,-38.5696],[-58.72665,-38.56884],[-58.72567,-38.56958],[-58.72471,-38.57032],[-58.72565,-38.57107],[-58.72659,-38.57182],[-58.72753,-38.57258],[-58.7284,-38.57329],[-58.72846,-38.57333],[-58.72942,-38.57412],[-58.72945,-38.57111],[-58.72948,-38.56813],[-58.72853,-38.56887]]]]},"properties":{"radio":"065810408","poblacion":745,"area_ha":13.7,"densidad_hab_ha":54.5,"densidad":"40 a 80 hab/ha"}},{"type":"Feature","geometry":{"type":"MultiPolygon","coordinates":[[[[-58.72452,-38.57586],[-58.72496,-38.57602],[-58.72558,-38.57555],[-58.72654,-38.5748],[-58.7275,-38.57407],[-58.72846,-38.57333],[-58.7284,-38.57329],[-58.72753,-38.57258],[-58.72659,-38.57182],[-58.72562,-38.57256],[-58.72467,-38.5733],[-58.7237,-38.57404],[-58.72274,-38.57476],[-58.72235,-38.57505],[-58.72296,-38.57528],[-58.72367,-38.57554],[-58.72452,-38.57586]]]]},"properties":{"radio":"065810409","poblacion":647,"area_ha":11.0,"densidad_hab_ha":58.7,"densidad":"40 a 80 hab/ha"}},{"type":"Feature","geometry":{"type":"MultiPolygon","coordinates":[[[[-58.72753,-38.57698],[-58.72894,-38.57751],[-58.72944,-38.57712],[-58.72937,-38.57669],[-58.72942,-38.57412],[-58.72846,-38.57333],[-58.7275,-38.57407],[-58.72654,-38.5748],[-58.72558,-38.57555],[-58.72496,-38.57602],[-58.72537,-38.57618],[-58.72628,-38.57651],[-58.72722,-38.57687],[-58.72753,-38.57698]]]]},"properties":{"radio":"065810410","poblacion":510,"area_ha":10.1,"densidad_hab_ha":50.5,"densidad":"40 a 80 hab/ha"}},{"type":"Feature","geometry":{"type":"MultiPolygon","coordinates":[[[[-58.72937,-38.57669],[-58.72944,-38.57712],[-58.73043,-38.57636],[-58.73133,-38.57566],[-58.73227,-38.57494],[-58.73325,-38.57418],[-58.73233,-38.57343],[-58.73136,-38.57264],[-58.7304,-38.57187],[-58.72945,-38.57111],[-58.72942,-38.57412],[-58.72937,-38.57669]]]]},"properties":{"radio":"065810411","poblacion":506,"area_ha":11.3,"densidad_hab_ha":44.9,"densidad":"40 a 80 hab/ha"}},{"type":"Feature","geometry":{"type":"MultiPolygon","coordinates":[[[[-58.71828,-38.5628],[-58.71781,-38.56282],[-58.71724,-38.56278],[-58.71669,-38.56273],[-58.71622,-38.56271],[-58.71561,-38.56272],[-58.71509,-38.56277],[-58.71452,-38.56289],[-58.71412,-38.56306],[-58.71371,-38.56324],[-58.71353,-38.56338],[-58.71328,-38.56357],[-58.71296,-38.56389],[-58.71269,-38.56421],[-58.71251,-38.5646],[-58.71244,-38.56497],[-58.71247,-38.5653],[-58.71262,-38.56565],[-58.71289,-38.56602],[-58.7138,-38.56714],[-58.71418,-38.5676],[-58.71451,-38.56799],[-58.7148,-38.56838],[-58.715,-38.56879],[-58.71517,-38.5693],[-58.71523,-38.56978],[-58.71526,-38.57039],[-58.71521,-38.5709],[-58.71508,-38.5714],[-58.7148,-38.57191],[-58.71467,-38.57209],[-58.7143,-38.5726],[-58.71337,-38.57365],[-58.71244,-38.57428],[-58.71084,-38.57521],[-58.70688,-38.57633],[-58.70553,-38.57674],[-58.70447,-38.5772],[-58.70332,-38.57793],[-58.70218,-38.57875],[-58.70079,-38.57976],[-58.70042,-38.58007],[-58.70106,-38.58122],[-58.70137,-38.58127],[-58.70275,-38.58017],[-58.70324,-38.57981],[-58.70375,-38.57939],[-58.70393,-38.57922],[-58.70402,-38.57914],[-58.70419,-38.579],[-58.70454,-38.57871],[-58.705,-38.57837],[-58.70525,-38.57819],[-58.7055,-38.57801],[-58.70563,-38.57794],[-58.70579,-38.57789],[-58.70602,-38.57782],[-58.7066,-38.57768],[-58.70685,-38.57825],[-58.70687,-38.57829],[-58.70714,-38.57834],[-58.71149,-38.57732],[-58.71147,-38.57688],[-58.71364,-38.57579],[-58.71388,-38.57567],[-58.71403,-38.57557],[-58.71415,-38.57547],[-58.71426,-38.57538],[-58.71431,-38.57531],[-58.71444,-38.57516],[-58.71582,-38.57316],[-58.71593,-38.57286],[-58.71595,-38.57282],[-58.71603,-38.57252],[-58.71671,-38.57184],[-58.71701,-38.57168],[-58.71718,-38.57159],[-58.71723,-38.57159],[-58.71727,-38.57158],[-58.71732,-38.57156],[-58.71736,-38.57154],[-58.7174,-38.57151],[-58.71743,-38.57148],[-58.71745,-38.57144],[-58.71746,-38.57141],[-58.71802,-38.57098],[-58.71898,-38.57026],[-58.71996,-38.56952],[-58.72091,-38.56878],[-58.72188,-38.56804],[-58.72162,-38.56784],[-58.72068,-38.56708],[-58.71975,-38.56633],[-58.71883,-38.56559],[-58.71789,-38.56483],[-58.71887,-38.56411],[-58.71945,-38.56357],[-58.71977,-38.56334],[-58.72022,-38.56301],[-58.72038,-38.5628],[-58.71965,-38.56221],[-58.71954,-38.56234],[-58.71933,-38.5625],[-58.719,-38.56267],[-58.7187,-38.56275],[-58.71828,-38.5628]]]]},"properties":{"radio":"065810412","poblacion":692,"area_ha":78.0,"densidad_hab_ha":8.9,"densidad":"1 a 20 hab/ha"}},{"type":"Feature","geometry":{"type":"MultiPolygon","coordinates":[[[[-58.73021,-38.58081],[-58.73144,-38.58127],[-58.73213,-38.58013],[-58.73281,-38.57897],[-58.73153,-38.57847],[-58.7309,-38.57824],[-58.73034,-38.57803],[-58.7296,-38.57921],[-58.72891,-38.58032],[-58.73021,-38.58081]]]]},"properties":{"radio":"065810501","poblacion":224,"area_ha":6.9,"densidad_hab_ha":32.6,"densidad":"20 a 40 hab/ha"}},{"type":"Feature","geometry":{"type":"MultiPolygon","coordinates":[[[[-58.72952,-38.58192],[-58.73077,-38.58239],[-58.7311,-38.58183],[-58.73144,-38.58127],[-58.73021,-38.58081],[-58.72986,-38.58137],[-58.72952,-38.58192]]]]},"properties":{"radio":"065810502","poblacion":93,"area_ha":1.6,"densidad_hab_ha":56.3,"densidad":"40 a 80 hab/ha"}},{"type":"Feature","geometry":{"type":"MultiPolygon","coordinates":[[[[-58.72744,-38.58274],[-58.72871,-38.58322],[-58.72952,-38.58192],[-58.72823,-38.58144],[-58.72744,-38.58274]]]]},"properties":{"radio":"065810503","poblacion":281,"area_ha":2.0,"densidad_hab_ha":141.6,"densidad":"80 a 150 hab/ha"}},{"type":"Feature","geometry":{"type":"MultiPolygon","coordinates":[[[[-58.72871,-38.58322],[-58.72997,-38.5837],[-58.73077,-38.58239],[-58.72952,-38.58192],[-58.72871,-38.58322]]]]},"properties":{"radio":"065810504","poblacion":180,"area_ha":1.9,"densidad_hab_ha":92.3,"densidad":"80 a 150 hab/ha"}},{"type":"Feature","geometry":{"type":"MultiPolygon","coordinates":[[[[-58.72997,-38.5837],[-58.73127,-38.58419],[-58.73137,-38.58404],[-58.73205,-38.58287],[-58.73077,-38.58239],[-58.72997,-38.5837]]]]},"properties":{"radio":"065810505","poblacion":219,"area_ha":2.0,"densidad_hab_ha":108.8,"densidad":"80 a 150 hab/ha"}},{"type":"Feature","geometry":{"type":"MultiPolygon","coordinates":[[[[-58.73144,-38.58127],[-58.7311,-38.58183],[-58.73077,-38.58239],[-58.73205,-38.58287],[-58.73271,-38.58174],[-58.73397,-38.58221],[-58.73467,-38.58106],[-58.73535,-38.57993],[-58.73412,-38.57946],[-58.73406,-38.57944],[-58.73281,-38.57897],[-58.73213,-38.58013],[-58.73144,-38.58127]]]]},"properties":{"radio":"065810506","poblacion":376,"area_ha":8.6,"densidad_hab_ha":43.9,"densidad":"40 a 80 hab/ha"}},{"type":"Feature","geometry":{"type":"MultiPolygon","coordinates":[[[[-58.73205,-38.58287],[-58.73329,-38.58334],[-58.73397,-38.58221],[-58.73271,-38.58174],[-58.73205,-38.58287]]]]},"properties":{"radio":"065810507","poblacion":49,"area_ha":1.7,"densidad_hab_ha":29.4,"densidad":"20 a 40 hab/ha"}},{"type":"Feature","geometry":{"type":"MultiPolygon","coordinates":[[[[-58.73289,-38.58401],[-58.73403,-38.58445],[-58.73409,-38.58435],[-58.73415,-38.58426],[-58.73444,-38.58376],[-58.73329,-38.58334],[-58.73289,-38.58401]]]]},"properties":{"radio":"065810508","poblacion":99,"area_ha":0.9,"densidad_hab_ha":107.6,"densidad":"80 a 150 hab/ha"}},{"type":"Feature","geometry":{"type":"MultiPolygon","coordinates":[[[[-58.73187,-38.58445],[-58.73243,-38.58476],[-58.73247,-38.5847],[-58.73251,-38.58464],[-58.73289,-38.58401],[-58.73329,-38.58334],[-58.73205,-38.58287],[-58.73137,-38.58404],[-58.73127,-38.58419],[-58.73187,-38.58445]]]]},"properties":{"radio":"065810509","poblacion":217,"area_ha":2.0,"densidad_hab_ha":109.2,"densidad":"80 a 150 hab/ha"}},{"type":"Feature","geometry":{"type":"MultiPolygon","coordinates":[[[[-58.7334,-38.58528],[-58.73352,-38.58533],[-58.73359,-38.5852],[-58.73403,-38.58445],[-58.73289,-38.58401],[-58.73251,-38.58464],[-58.73247,-38.5847],[-58.73243,-38.58476],[-58.7334,-38.58528]]]]},"properties":{"radio":"065810510","poblacion":233,"area_ha":1.1,"densidad_hab_ha":207.3,"densidad":"150 a 300 hab/ha"}},{"type":"Feature","geometry":{"type":"MultiPolygon","coordinates":[[[[-59.25243,-37.99581],[-59.2515,-38.00006],[-59.25128,-38.00111],[-59.25106,-38.00223],[-59.25061,-38.00437],[-59.24971,-38.00868],[-59.25106,-38.00886],[-59.25242,-38.00904],[-59.25512,-38.00939],[-59.25645,-38.00956],[-59.25667,-38.00849],[-59.2569,-38.00744],[-59.25712,-38.00639],[-59.25736,-38.00527],[-59.25869,-38.00546],[-59.26005,-38.00564],[-59.26099,-38.00576],[-59.26104,-38.00583],[-59.2611,-38.0059],[-59.26117,-38.00596],[-59.26126,-38.006],[-59.26135,-38.00602],[-59.26147,-38.00603],[-59.26181,-38.00599],[-59.26182,-38.00593],[-59.26183,-38.00587],[-59.26185,-38.00582],[-59.26186,-38.00576],[-59.26208,-38.00475],[-59.26231,-38.00368],[-59.26253,-38.0026],[-59.26276,-38.00154],[-59.26276,-38.00154],[-59.26277,-38.00149],[-59.26275,-38.00142],[-59.26271,-38.00138],[-59.26261,-38.00135],[-59.26282,-38.00045],[-59.26306,-37.99941],[-59.26326,-37.99839],[-59.26348,-37.99727],[-59.26324,-37.99724],[-59.2629,-37.99719],[-59.26356,-37.99402],[-59.26226,-37.99386],[-59.26181,-37.99588],[-59.26147,-37.99544],[-59.26096,-37.99537],[-59.26044,-37.99567],[-59.26017,-37.9968],[-59.25788,-37.99651],[-59.25517,-37.99616],[-59.25243,-37.99581]]]]},"properties":{"radio":"065810707","poblacion":421,"area_ha":131.4,"densidad_hab_ha":3.2,"densidad":"1 a 20 hab/ha"}},{"type":"Feature","geometry":{"type":"MultiPolygon","coordinates":[[[[-59.26372,-37.99618],[-59.26348,-37.99727],[-59.26326,-37.99839],[-59.26306,-37.99941],[-59.26282,-38.00045],[-59.26261,-38.00135],[-59.26271,-38.00138],[-59.26275,-38.00142],[-59.26277,-38.00149],[-59.26276,-38.00154],[-59.26276,-38.00154],[-59.26253,-38.0026],[-59.26388,-38.00278],[-59.26522,-38.00296],[-59.26658,-38.00315],[-59.26789,-38.00332],[-59.26928,-38.00351],[-59.27067,-38.0037],[-59.27202,-38.00389],[-59.27225,-38.00281],[-59.27276,-38.00063],[-59.27325,-37.99854],[-59.27034,-37.99816],[-59.26909,-37.998],[-59.26931,-37.99692],[-59.26796,-37.99674],[-59.2682,-37.99572],[-59.26684,-37.99554],[-59.26547,-37.99536],[-59.26395,-37.99515],[-59.26395,-37.99515],[-59.26372,-37.99618]]]]},"properties":{"radio":"065810708","poblacion":587,"area_ha":62.1,"densidad_hab_ha":9.5,"densidad":"1 a 20 hab/ha"}},{"type":"Feature","geometry":{"type":"MultiPolygon","coordinates":[[[[-59.26095,-38.01017],[-59.26227,-38.01035],[-59.26363,-38.01053],[-59.26498,-38.01071],[-59.26632,-38.01089],[-59.26768,-38.01107],[-59.26905,-38.01124],[-59.27041,-38.01142],[-59.27089,-38.00927],[-59.27112,-38.00824],[-59.26974,-38.00805],[-59.26836,-38.00786],[-59.26699,-38.00768],[-59.26565,-38.00751],[-59.2643,-38.00733],[-59.26452,-38.00632],[-59.26318,-38.00614],[-59.26181,-38.00599],[-59.2616,-38.00697],[-59.26138,-38.00804],[-59.26116,-38.00912],[-59.26095,-38.01017]]]]},"properties":{"radio":"065810709","poblacion":569,"area_ha":33.1,"densidad_hab_ha":17.2,"densidad":"1 a 20 hab/ha"}},{"type":"Feature","geometry":{"type":"MultiPolygon","coordinates":[[[[-59.26721,-38.0132],[-59.26994,-38.01356],[-59.27017,-38.01251],[-59.27041,-38.01142],[-59.26905,-38.01124],[-59.26768,-38.01107],[-59.26632,-38.01089],[-59.26498,-38.01071],[-59.26363,-38.01053],[-59.26227,-38.01035],[-59.26095,-38.01017],[-59.26092,-38.01033],[-59.26072,-38.01125],[-59.26049,-38.01231],[-59.26182,-38.01249],[-59.26317,-38.01265],[-59.26452,-38.01285],[-59.26721,-38.0132]]]]},"properties":{"radio":"065810710","poblacion":154,"area_ha":20.2,"densidad_hab_ha":7.6,"densidad":"1 a 20 hab/ha"}},{"type":"Feature","geometry":{"type":"MultiPolygon","coordinates":[[[[-59.26856,-38.01994],[-59.27195,-38.02044],[-59.27237,-38.0183],[-59.26901,-38.01779],[-59.26922,-38.01676],[-59.26946,-38.01572],[-59.26994,-38.01356],[-59.26721,-38.0132],[-59.26452,-38.01285],[-59.26317,-38.01265],[-59.26182,-38.01249],[-59.26049,-38.01231],[-59.26026,-38.01337],[-59.26004,-38.01444],[-59.25958,-38.01656],[-59.25936,-38.01764],[-59.25913,-38.01871],[-59.26048,-38.01888],[-59.26309,-38.01922],[-59.26578,-38.01957],[-59.26841,-38.01992],[-59.26856,-38.01994]]]]},"properties":{"radio":"065810711","poblacion":145,"area_ha":67.7,"densidad_hab_ha":2.1,"densidad":"1 a 20 hab/ha"}},{"type":"Feature","geometry":{"type":"MultiPolygon","coordinates":[[[[-59.24971,-38.00868],[-59.24928,-38.01076],[-59.24879,-38.01296],[-59.24834,-38.01503],[-59.24788,-38.01721],[-59.25061,-38.01757],[-59.25334,-38.01794],[-59.25598,-38.0183],[-59.25833,-38.01861],[-59.25864,-38.01865],[-59.25913,-38.01871],[-59.25936,-38.01764],[-59.25958,-38.01656],[-59.26004,-38.01444],[-59.26026,-38.01337],[-59.26049,-38.01231],[-59.26072,-38.01125],[-59.26092,-38.01033],[-59.26095,-38.01017],[-59.26116,-38.00912],[-59.26138,-38.00804],[-59.2616,-38.00697],[-59.26181,-38.00599],[-59.26147,-38.00603],[-59.26135,-38.00602],[-59.26126,-38.006],[-59.26117,-38.00596],[-59.2611,-38.0059],[-59.26104,-38.00583],[-59.26099,-38.00576],[-59.26005,-38.00564],[-59.25869,-38.00546],[-59.25736,-38.00527],[-59.25712,-38.00639],[-59.2569,-38.00744],[-59.25667,-38.00849],[-59.25645,-38.00956],[-59.25512,-38.00939],[-59.25242,-38.00904],[-59.25106,-38.00886],[-59.24971,-38.00868]]]]},"properties":{"radio":"065810712","poblacion":224,"area_ha":115.4,"densidad_hab_ha":1.9,"densidad":"1 a 20 hab/ha"}},{"type":"Feature","geometry":{"type":"MultiPolygon","coordinates":[[[[-59.28717,-37.88568],[-59.28721,-37.88579],[-59.28686,-37.88573],[-59.28654,-37.88569],[-59.28582,-37.88557],[-59.28571,-37.88556],[-59.28563,-37.88558],[-59.28556,-37.88562],[-59.28552,-37.88568],[-59.28547,-37.88587],[-59.28541,-37.88611],[-59.28514,-37.88723],[-59.28471,-37.88922],[-59.28361,-37.89451],[-59.28475,-37.89461],[-59.28491,-37.89463],[-59.28534,-37.89466],[-59.28547,-37.89409],[-59.28553,-37.89381],[-59.28576,-37.89274],[-59.28592,-37.89201],[-59.28605,-37.89143],[-59.28632,-37.89025],[-59.28642,-37.89018],[-59.28735,-37.89098],[-59.28828,-37.89178],[-59.2892,-37.89257],[-59.28956,-37.89288],[-59.29014,-37.89335],[-59.29108,-37.89413],[-59.29199,-37.89491],[-59.2929,-37.89571],[-59.29387,-37.89653],[-59.29557,-37.89795],[-59.29754,-37.89649],[-59.29956,-37.89498],[-59.29786,-37.89356],[-59.29684,-37.8927],[-59.29632,-37.89225],[-59.29595,-37.89194],[-59.29503,-37.89118],[-59.29446,-37.89071],[-59.29414,-37.89043],[-59.29318,-37.88962],[-59.29228,-37.88885],[-59.29135,-37.88806],[-59.29041,-37.88727],[-59.28948,-37.88649],[-59.28895,-37.88605],[-59.28855,-37.8857],[-59.28762,-37.88491],[-59.28724,-37.88521],[-59.28719,-37.88543],[-59.28717,-37.88568]]]]},"properties":{"radio":"065810713","poblacion":341,"area_ha":81.4,"densidad_hab_ha":4.2,"densidad":"1 a 20 hab/ha"}},{"type":"Feature","geometry":{"type":"MultiPolygon","coordinates":[[[[-59.28547,-37.89409],[-59.28534,-37.89466],[-59.28491,-37.89463],[-59.28475,-37.89461],[-59.28353,-37.90022],[-59.28362,-37.9003],[-59.28396,-37.90058],[-59.28415,-37.90073],[-59.28418,-37.90075],[-59.28483,-37.90127],[-59.28605,-37.90232],[-59.28691,-37.90305],[-59.28777,-37.90377],[-59.28963,-37.9024],[-59.29127,-37.90381],[-59.29324,-37.9023],[-59.29163,-37.90094],[-59.2936,-37.89947],[-59.29517,-37.90086],[-59.29618,-37.90011],[-59.29718,-37.89937],[-59.29557,-37.89795],[-59.29387,-37.89653],[-59.2929,-37.89571],[-59.29199,-37.89491],[-59.29108,-37.89413],[-59.29014,-37.89335],[-59.28956,-37.89288],[-59.2892,-37.89257],[-59.28828,-37.89178],[-59.28735,-37.89098],[-59.28642,-37.89018],[-59.28632,-37.89025],[-59.28605,-37.89143],[-59.28592,-37.89201],[-59.28576,-37.89274],[-59.28553,-37.89381],[-59.28547,-37.89409]]]]},"properties":{"radio":"065810714","poblacion":227,"area_ha":92.3,"densidad_hab_ha":2.5,"densidad":"1 a 20 hab/ha"}},{"type":"Feature","geometry":{"type":"MultiPolygon","coordinates":[[[[-59.26183,-38.00587],[-59.26182,-38.00593],[-59.26181,-38.00599],[-59.26318,-38.00614],[-59.26452,-38.00632],[-59.2643,-38.00733],[-59.26565,-38.00751],[-59.26699,-38.00768],[-59.26836,-38.00786],[-59.26974,-38.00805],[-59.27112,-38.00824],[-59.27134,-38.00713],[-59.27157,-38.00598],[-59.2718,-38.00493],[-59.2718,-38.00493],[-59.27202,-38.00389],[-59.27067,-38.0037],[-59.26928,-38.00351],[-59.26789,-38.00332],[-59.26658,-38.00315],[-59.26522,-38.00296],[-59.26388,-38.00278],[-59.26253,-38.0026],[-59.26231,-38.00368],[-59.26208,-38.00475],[-59.26186,-38.00576],[-59.26185,-38.00582],[-59.26183,-38.00587]]]]},"properties":{"radio":"065810715","poblacion":721,"area_ha":38.8,"densidad_hab_ha":18.6,"densidad":"1 a 20 hab/ha"}},{"type":"Feature","geometry":{"type":"MultiPolygon","coordinates":[[[[-59.20624,-38.2946],[-59.20872,-38.29536],[-59.20968,-38.29338],[-59.21054,-38.29163],[-59.21072,-38.29126],[-59.2117,-38.28929],[-59.21272,-38.28722],[-59.21142,-38.28682],[-59.21018,-38.28644],[-59.20891,-38.28605],[-59.20891,-38.28605],[-59.20757,-38.28564],[-59.20806,-38.28465],[-59.20736,-38.28443],[-59.20674,-38.28425],[-59.20723,-38.28323],[-59.20594,-38.28284],[-59.20467,-38.28246],[-59.20465,-38.28245],[-59.20336,-38.28205],[-59.20286,-38.28307],[-59.20237,-38.28406],[-59.20187,-38.28507],[-59.20187,-38.28508],[-59.20137,-38.28607],[-59.20087,-38.28709],[-59.20035,-38.28813],[-59.20035,-38.28813],[-59.20035,-38.28814],[-59.19983,-38.28918],[-59.19933,-38.29021],[-59.19933,-38.29021],[-59.19882,-38.29126],[-59.19836,-38.29221],[-59.20098,-38.29301],[-59.2035,-38.29377],[-59.20624,-38.2946]]]]},"properties":{"radio":"065810801","poblacion":579,"area_ha":104.4,"densidad_hab_ha":5.5,"densidad":"1 a 20 hab/ha"}},{"type":"Feature","geometry":{"type":"MultiPolygon","coordinates":[[[[-59.20101,-38.28365],[-59.20237,-38.28406],[-59.20286,-38.28307],[-59.20336,-38.28205],[-59.20385,-38.28105],[-59.20432,-38.28005],[-59.20297,-38.27964],[-59.20171,-38.27925],[-59.20171,-38.27925],[-59.20045,-38.27885],[-59.19912,-38.27844],[-59.19863,-38.27944],[-59.19813,-38.28046],[-59.19763,-38.28146],[-59.19715,-38.28245],[-59.19846,-38.28286],[-59.19972,-38.28326],[-59.20101,-38.28365]]]]},"properties":{"radio":"065810802","poblacion":504,"area_ha":23.4,"densidad_hab_ha":21.5,"densidad":"20 a 40 hab/ha"}},{"type":"Feature","geometry":{"type":"MultiPolygon","coordinates":[[[[-59.18752,-38.27723],[-59.18653,-38.27924],[-59.1843,-38.28362],[-59.18702,-38.28444],[-59.18978,-38.28527],[-59.18791,-38.28902],[-59.19053,-38.28983],[-59.19319,-38.29064],[-59.19416,-38.28864],[-59.19417,-38.28861],[-59.19442,-38.28811],[-59.19468,-38.28755],[-59.19515,-38.28654],[-59.19565,-38.2855],[-59.19616,-38.28448],[-59.19665,-38.28348],[-59.19715,-38.28245],[-59.19763,-38.28146],[-59.19813,-38.28046],[-59.19863,-38.27944],[-59.19912,-38.27844],[-59.1989,-38.27838],[-59.19777,-38.27802],[-59.19655,-38.27764],[-59.19602,-38.27863],[-59.19343,-38.27783],[-59.19395,-38.27678],[-59.1912,-38.27594],[-59.18855,-38.27514],[-59.18752,-38.27723]]]]},"properties":{"radio":"065810809","poblacion":274,"area_ha":119.6,"densidad_hab_ha":2.3,"densidad":"1 a 20 hab/ha"}},{"type":"Feature","geometry":{"type":"MultiPolygon","coordinates":[[[[-59.21142,-38.28682],[-59.21272,-38.28722],[-59.21319,-38.28626],[-59.21371,-38.28521],[-59.21473,-38.28313],[-59.21486,-38.28287],[-59.21494,-38.2827],[-59.21534,-38.28189],[-59.21405,-38.28151],[-59.21281,-38.28113],[-59.21149,-38.28074],[-59.21024,-38.28036],[-59.20757,-38.27953],[-59.20629,-38.27913],[-59.20499,-38.27873],[-59.20354,-38.27829],[-59.20315,-38.27817],[-59.2023,-38.27791],[-59.19965,-38.2771],[-59.19956,-38.27712],[-59.1995,-38.27717],[-59.19917,-38.27784],[-59.19906,-38.27806],[-59.1989,-38.27838],[-59.19912,-38.27844],[-59.20045,-38.27885],[-59.20171,-38.27925],[-59.20171,-38.27925],[-59.20297,-38.27964],[-59.20432,-38.28005],[-59.20385,-38.28105],[-59.20336,-38.28205],[-59.20465,-38.28245],[-59.20467,-38.28246],[-59.20594,-38.28284],[-59.20723,-38.28323],[-59.20674,-38.28425],[-59.20736,-38.28443],[-59.20806,-38.28465],[-59.20757,-38.28564],[-59.20891,-38.28605],[-59.20891,-38.28605],[-59.21018,-38.28644],[-59.21142,-38.28682]]]]},"properties":{"radio":"065810810","poblacion":315,"area_ha":59.3,"densidad_hab_ha":5.3,"densidad":"1 a 20 hab/ha"}},{"type":"Feature","geometry":{"type":"MultiPolygon","coordinates":[[[[-59.19573,-38.2914],[-59.19836,-38.29221],[-59.19882,-38.29126],[-59.19933,-38.29021],[-59.19933,-38.29021],[-59.19983,-38.28918],[-59.20035,-38.28814],[-59.20035,-38.28813],[-59.20035,-38.28813],[-59.20087,-38.28709],[-59.20137,-38.28607],[-59.20187,-38.28508],[-59.20187,-38.28507],[-59.20237,-38.28406],[-59.20101,-38.28365],[-59.19972,-38.28326],[-59.19846,-38.28286],[-59.19715,-38.28245],[-59.19665,-38.28348],[-59.19616,-38.28448],[-59.19565,-38.2855],[-59.19515,-38.28654],[-59.19468,-38.28755],[-59.19442,-38.28811],[-59.19417,-38.28861],[-59.19416,-38.28864],[-59.19319,-38.29064],[-59.19573,-38.2914],[-59.19573,-38.2914]]]]},"properties":{"radio":"065810811","poblacion":253,"area_ha":47.3,"densidad_hab_ha":5.3,"densidad":"1 a 20 hab/ha"}},{"type":"Feature","geometry":{"type":"MultiPolygon","coordinates":[[[[-59.32881,-38.44254],[-59.32895,-38.4447],[-59.3303,-38.44465],[-59.33037,-38.44577],[-59.33043,-38.44688],[-59.3305,-38.44801],[-59.33058,-38.44915],[-59.33065,-38.45032],[-59.33072,-38.45143],[-59.3308,-38.45257],[-59.33087,-38.4537],[-59.33091,-38.45479],[-59.33096,-38.45585],[-59.33273,-38.45578],[-59.33333,-38.45576],[-59.33577,-38.45567],[-59.33719,-38.45562],[-59.33705,-38.45347],[-59.33956,-38.45335],[-59.33949,-38.45223],[-59.33942,-38.45112],[-59.33813,-38.45116],[-59.33691,-38.4512],[-59.33683,-38.45008],[-59.33683,-38.45008],[-59.33675,-38.44894],[-59.33675,-38.44894],[-59.3366,-38.44669],[-59.33644,-38.44439],[-59.33632,-38.44224],[-59.33362,-38.44235],[-59.33256,-38.44239],[-59.33192,-38.44242],[-59.32881,-38.44254],[-59.32881,-38.44254]]]]},"properties":{"radio":"065811001","poblacion":170,"area_ha":88.5,"densidad_hab_ha":1.9,"densidad":"1 a 20 hab/ha"}},{"type":"Feature","geometry":{"type":"MultiPolygon","coordinates":[[[[-59.3178,-38.44296],[-59.31794,-38.44509],[-59.318,-38.44629],[-59.318,-38.44629],[-59.31804,-38.44736],[-59.31673,-38.44739],[-59.31534,-38.44743],[-59.31282,-38.44751],[-59.31027,-38.44762],[-59.31042,-38.44991],[-59.31298,-38.4498],[-59.31544,-38.44972],[-59.31682,-38.44967],[-59.31818,-38.44962],[-59.31959,-38.44957],[-59.32094,-38.44952],[-59.32237,-38.44946],[-59.3237,-38.44941],[-59.32505,-38.44936],[-59.32784,-38.44925],[-59.32921,-38.4492],[-59.33058,-38.44915],[-59.3305,-38.44801],[-59.33043,-38.44688],[-59.33037,-38.44577],[-59.3303,-38.44465],[-59.32895,-38.4447],[-59.32881,-38.44254],[-59.32606,-38.44265],[-59.32469,-38.44271],[-59.32336,-38.44276],[-59.32198,-38.44281],[-59.3206,-38.44286],[-59.32049,-38.44287],[-59.31924,-38.44291],[-59.3178,-38.44296]]]]},"properties":{"radio":"065811007","poblacion":120,"area_ha":94.4,"densidad_hab_ha":1.3,"densidad":"1 a 20 hab/ha"}},{"type":"Feature","geometry":{"type":"MultiPolygon","coordinates":[[[[-59.31298,-38.4498],[-59.31309,-38.45213],[-59.31829,-38.4519],[-59.31838,-38.45417],[-59.31846,-38.45627],[-59.32138,-38.45618],[-59.32146,-38.45817],[-59.32155,-38.46014],[-59.32163,-38.4622],[-59.32436,-38.46206],[-59.32428,-38.46002],[-59.3242,-38.4581],[-59.32412,-38.4561],[-59.32407,-38.45503],[-59.32535,-38.45498],[-59.3268,-38.45492],[-59.32686,-38.45601],[-59.32698,-38.45806],[-59.32973,-38.45798],[-59.32962,-38.4559],[-59.33096,-38.45585],[-59.33096,-38.45585],[-59.33091,-38.45479],[-59.33087,-38.4537],[-59.3308,-38.45257],[-59.33072,-38.45143],[-59.33065,-38.45032],[-59.33058,-38.44915],[-59.32921,-38.4492],[-59.32784,-38.44925],[-59.32505,-38.44936],[-59.3237,-38.44941],[-59.32237,-38.44946],[-59.32094,-38.44952],[-59.31959,-38.44957],[-59.31818,-38.44962],[-59.31682,-38.44967],[-59.31544,-38.44972],[-59.31298,-38.4498]]]]},"properties":{"radio":"065811008","poblacion":137,"area_ha":111.0,"densidad_hab_ha":1.2,"densidad":"1 a 20 hab/ha"}},{"type":"Feature","geometry":{"type":"MultiPolygon","coordinates":[[[[-59.33935,-38.55645],[-59.33912,-38.55774],[-59.33903,-38.55824],[-59.33904,-38.55843],[-59.33934,-38.55872],[-59.33964,-38.55897],[-59.34051,-38.55969],[-59.3419,-38.55865],[-59.34409,-38.55699],[-59.34557,-38.55717],[-59.3456,-38.55695],[-59.34562,-38.55676],[-59.34556,-38.55656],[-59.34546,-38.55642],[-59.34535,-38.55636],[-59.34525,-38.5563],[-59.34491,-38.55629],[-59.34541,-38.55604],[-59.34594,-38.5558],[-59.34622,-38.55561],[-59.34561,-38.55577],[-59.3449,-38.55602],[-59.34439,-38.55614],[-59.34408,-38.55621],[-59.3439,-38.55626],[-59.3433,-38.55637],[-59.34262,-38.55646],[-59.34195,-38.55651],[-59.34081,-38.55657],[-59.33935,-38.55645]]]]},"properties":{"radio":"065811105","poblacion":52,"area_ha":11.4,"densidad_hab_ha":4.5,"densidad":"1 a 20 hab/ha"}},{"type":"Feature","geometry":{"type":"MultiPolygon","coordinates":[[[[-58.75671,-38.53799],[-58.75718,-38.53836],[-58.75765,-38.53874],[-58.75812,-38.53912],[-58.75813,-38.53912],[-58.75861,-38.5395],[-58.75885,-38.5397],[-58.75985,-38.53892],[-58.7599,-38.53889],[-58.76084,-38.53815],[-58.76175,-38.53744],[-58.76185,-38.53736],[-58.76272,-38.53668],[-58.76248,-38.53649],[-58.76202,-38.53613],[-58.76153,-38.53574],[-58.76106,-38.53536],[-58.76063,-38.53502],[-58.75914,-38.53613],[-58.75824,-38.53682],[-58.75776,-38.53719],[-58.75727,-38.53756],[-58.75671,-38.53799]]]]},"properties":{"radio":"065811302","poblacion":474,"area_ha":12.5,"densidad_hab_ha":37.9,"densidad":"20 a 40 hab/ha"}},{"type":"Feature","geometry":{"type":"MultiPolygon","coordinates":[[[[-58.76698,-38.53251],[-58.76711,-38.53266],[-58.7672,-38.53284],[-58.76719,-38.53291],[-58.76719,-38.53291],[-58.76716,-38.53312],[-58.76689,-38.53343],[-58.76609,-38.53406],[-58.76504,-38.53488],[-58.76431,-38.53545],[-58.76374,-38.53589],[-58.76272,-38.53668],[-58.76185,-38.53736],[-58.76175,-38.53744],[-58.76084,-38.53815],[-58.7599,-38.53889],[-58.75985,-38.53892],[-58.75885,-38.5397],[-58.7598,-38.54046],[-58.76075,-38.54121],[-58.76117,-38.54089],[-58.76128,-38.54081],[-58.76174,-38.54045],[-58.76271,-38.53971],[-58.76308,-38.53942],[-58.76367,-38.53897],[-58.76412,-38.53933],[-58.7646,-38.53972],[-58.7642,-38.54002],[-58.76391,-38.54024],[-58.76364,-38.54045],[-58.7641,-38.54083],[-58.76458,-38.54121],[-58.76419,-38.54151],[-58.76361,-38.54195],[-58.76325,-38.54223],[-58.76262,-38.54271],[-58.76358,-38.54348],[-58.76451,-38.54422],[-58.76585,-38.54319],[-58.76645,-38.54274],[-58.76708,-38.54225],[-58.76742,-38.54198],[-58.76773,-38.54174],[-58.76791,-38.54161],[-58.76838,-38.54124],[-58.76901,-38.54076],[-58.76806,-38.54],[-58.76713,-38.53926],[-58.76773,-38.5388],[-58.76835,-38.53833],[-58.76935,-38.53757],[-58.76997,-38.5371],[-58.77121,-38.53616],[-58.76815,-38.53368],[-58.7683,-38.53364],[-58.76862,-38.53346],[-58.76872,-38.53337],[-58.76905,-38.53306],[-58.76936,-38.53289],[-58.7697,-38.53282],[-58.77056,-38.5328],[-58.77079,-38.5327],[-58.77084,-38.53249],[-58.76954,-38.5325],[-58.7685,-38.53252],[-58.76796,-38.53252],[-58.76727,-38.53247],[-58.7668,-38.53238],[-58.76698,-38.53251]]]]},"properties":{"radio":"065811303","poblacion":963,"area_ha":57.7,"densidad_hab_ha":16.7,"densidad":"1 a 20 hab/ha"}},{"type":"Feature","geometry":{"type":"MultiPolygon","coordinates":[[[[-58.76215,-38.54233],[-58.76262,-38.54271],[-58.76325,-38.54223],[-58.76361,-38.54195],[-58.76419,-38.54151],[-58.76458,-38.54121],[-58.7641,-38.54083],[-58.76364,-38.54045],[-58.76391,-38.54024],[-58.7642,-38.54002],[-58.7646,-38.53972],[-58.76412,-38.53933],[-58.76367,-38.53897],[-58.76308,-38.53942],[-58.76271,-38.53971],[-58.76174,-38.54045],[-58.76128,-38.54081],[-58.76117,-38.54089],[-58.76075,-38.54121],[-58.7612,-38.54157],[-58.76167,-38.54195],[-58.76215,-38.54233]]]]},"properties":{"radio":"065811304","poblacion":681,"area_ha":6.9,"densidad_hab_ha":98.3,"densidad":"80 a 150 hab/ha"}},{"type":"Feature","geometry":{"type":"MultiPolygon","coordinates":[[[[-58.76544,-38.54497],[-58.7664,-38.54575],[-58.76698,-38.5453],[-58.76743,-38.54495],[-58.76775,-38.54471],[-58.76787,-38.54462],[-58.76834,-38.54425],[-58.76962,-38.54326],[-58.77027,-38.54277],[-58.77497,-38.5392],[-58.77304,-38.53764],[-58.77213,-38.5369],[-58.77121,-38.53616],[-58.76997,-38.5371],[-58.76935,-38.53757],[-58.76835,-38.53833],[-58.76773,-38.5388],[-58.76713,-38.53926],[-58.76806,-38.54],[-58.76901,-38.54076],[-58.76838,-38.54124],[-58.76791,-38.54161],[-58.76773,-38.54174],[-58.76742,-38.54198],[-58.76708,-38.54225],[-58.76645,-38.54274],[-58.76585,-38.54319],[-58.76451,-38.54422],[-58.76544,-38.54497]]]]},"properties":{"radio":"065811305","poblacion":895,"area_ha":36.2,"densidad_hab_ha":24.7,"densidad":"20 a 40 hab/ha"}},{"type":"Feature","geometry":{"type":"MultiPolygon","coordinates":[[[[-58.7034,-38.53055],[-58.70416,-38.53113],[-58.70505,-38.53193],[-58.70599,-38.53269],[-58.70692,-38.53345],[-58.70786,-38.53421],[-58.70876,-38.53494],[-58.70983,-38.5358],[-58.71076,-38.53655],[-58.71171,-38.53731],[-58.71259,-38.53803],[-58.71272,-38.53813],[-58.71364,-38.53887],[-58.71462,-38.53966],[-58.71556,-38.54042],[-58.71573,-38.54056],[-58.7165,-38.54118],[-58.71745,-38.54195],[-58.71837,-38.54269],[-58.71933,-38.54346],[-58.72034,-38.54269],[-58.7213,-38.54195],[-58.72229,-38.5412],[-58.72276,-38.54084],[-58.72325,-38.54046],[-58.7242,-38.53974],[-58.72509,-38.53906],[-58.72499,-38.53877],[-58.72463,-38.5382],[-58.72241,-38.53812],[-58.71873,-38.538],[-58.71765,-38.53784],[-58.71692,-38.53766],[-58.71618,-38.5374],[-58.71574,-38.5372],[-58.71541,-38.53705],[-58.71469,-38.5366],[-58.71382,-38.53588],[-58.71475,-38.53516],[-58.71368,-38.5343],[-58.71273,-38.53354],[-58.71173,-38.53273],[-58.71077,-38.53196],[-58.70982,-38.53119],[-58.7089,-38.53045],[-58.70774,-38.53134],[-58.707,-38.53191],[-58.70697,-38.53116],[-58.70652,-38.5308],[-58.70558,-38.53005],[-58.70558,-38.53005],[-58.70438,-38.5291],[-58.70386,-38.52948],[-58.70347,-38.52986],[-58.70347,-38.5299],[-58.70347,-38.5299],[-58.70347,-38.52995],[-58.70347,-38.52995],[-58.70347,-38.52996],[-58.70347,-38.52996],[-58.70347,-38.53],[-58.70347,-38.53],[-58.70345,-38.53004],[-58.70345,-38.53006],[-58.70343,-38.53009],[-58.7034,-38.53014],[-58.70339,-38.53016],[-58.70337,-38.53019],[-58.70333,-38.53024],[-58.7034,-38.53055]]]]},"properties":{"radio":"065811403","poblacion":1126,"area_ha":73.6,"densidad_hab_ha":15.3,"densidad":"1 a 20 hab/ha"}},{"type":"Feature","geometry":{"type":"MultiPolygon","coordinates":[[[[-58.70686,-38.53955],[-58.7078,-38.54031],[-58.70877,-38.53957],[-58.70973,-38.53883],[-58.7107,-38.53808],[-58.71171,-38.53731],[-58.71076,-38.53655],[-58.70983,-38.5358],[-58.70876,-38.53494],[-58.70786,-38.53421],[-58.70692,-38.53345],[-58.70599,-38.53269],[-58.70505,-38.53193],[-58.70504,-38.53193],[-58.70402,-38.53271],[-58.70306,-38.53345],[-58.7021,-38.53418],[-58.70303,-38.53492],[-58.70206,-38.53567],[-58.70301,-38.53644],[-58.70394,-38.5372],[-58.70592,-38.53879],[-58.70686,-38.53955]]]]},"properties":{"radio":"065811404","poblacion":546,"area_ha":38.3,"densidad_hab_ha":14.2,"densidad":"1 a 20 hab/ha"}},{"type":"Feature","geometry":{"type":"MultiPolygon","coordinates":[[[[-58.71495,-38.54608],[-58.71541,-38.54645],[-58.7164,-38.5457],[-58.71735,-38.54497],[-58.71831,-38.54424],[-58.71933,-38.54346],[-58.71837,-38.54269],[-58.71745,-38.54195],[-58.7165,-38.54118],[-58.71573,-38.54056],[-58.71556,-38.54042],[-58.71462,-38.53966],[-58.71364,-38.53887],[-58.71272,-38.53813],[-58.71259,-38.53803],[-58.71171,-38.53731],[-58.7107,-38.53808],[-58.70973,-38.53883],[-58.70877,-38.53957],[-58.7078,-38.54031],[-58.70874,-38.54107],[-58.71207,-38.54375],[-58.71218,-38.54384],[-58.71354,-38.54494],[-58.714,-38.54531],[-58.71445,-38.54567],[-58.71495,-38.54608]]]]},"properties":{"radio":"065811405","poblacion":1316,"area_ha":45.3,"densidad_hab_ha":29.1,"densidad":"20 a 40 hab/ha"}},{"type":"Feature","geometry":{"type":"MultiPolygon","coordinates":[[[[-58.71933,-38.54656],[-58.72027,-38.54732],[-58.72123,-38.54659],[-58.72149,-38.54639],[-58.72225,-38.54581],[-58.72328,-38.54501],[-58.7242,-38.54432],[-58.72519,-38.54357],[-58.72613,-38.54281],[-58.72808,-38.5414],[-58.72604,-38.53985],[-58.72509,-38.53906],[-58.7242,-38.53974],[-58.72325,-38.54046],[-58.72276,-38.54084],[-58.72229,-38.5412],[-58.7213,-38.54195],[-58.72034,-38.54269],[-58.71933,-38.54346],[-58.71831,-38.54424],[-58.71735,-38.54497],[-58.71833,-38.54576],[-58.71933,-38.54656]]]]},"properties":{"radio":"065811406","poblacion":978,"area_ha":34.3,"densidad_hab_ha":28.5,"densidad":"20 a 40 hab/ha"}},{"type":"Feature","geometry":{"type":"MultiPolygon","coordinates":[[[[-58.72027,-38.54732],[-58.7212,-38.54807],[-58.72214,-38.54883],[-58.72402,-38.55034],[-58.72381,-38.5505],[-58.72397,-38.55045],[-58.72411,-38.55043],[-58.72426,-38.55045],[-58.7244,-38.5505],[-58.72452,-38.55057],[-58.72527,-38.55161],[-58.72535,-38.55172],[-58.72569,-38.55219],[-58.72634,-38.55173],[-58.72703,-38.5512],[-58.7275,-38.55075],[-58.72787,-38.55025],[-58.72791,-38.55016],[-58.72811,-38.54977],[-58.72815,-38.54963],[-58.72824,-38.54937],[-58.7283,-38.54897],[-58.72827,-38.5485],[-58.72816,-38.54806],[-58.72796,-38.54759],[-58.72774,-38.5471],[-58.7275,-38.5466],[-58.72734,-38.54623],[-58.72727,-38.54591],[-58.72729,-38.54555],[-58.72734,-38.54527],[-58.72747,-38.54506],[-58.72757,-38.5449],[-58.72796,-38.54447],[-58.72846,-38.54405],[-58.72899,-38.54356],[-58.72945,-38.5431],[-58.72998,-38.54257],[-58.7301,-38.54241],[-58.72927,-38.5422],[-58.72905,-38.54214],[-58.72898,-38.54213],[-58.72889,-38.54203],[-58.72808,-38.5414],[-58.72613,-38.54281],[-58.72519,-38.54357],[-58.7242,-38.54432],[-58.72328,-38.54501],[-58.72225,-38.54581],[-58.72149,-38.54639],[-58.72123,-38.54659],[-58.72027,-38.54732]]]]},"properties":{"radio":"065811407","poblacion":938,"area_ha":44.6,"densidad_hab_ha":21.1,"densidad":"20 a 40 hab/ha"}},{"type":"Feature","geometry":{"type":"MultiPolygon","coordinates":[[[[-58.73133,-38.54182],[-58.73137,-38.54191],[-58.73116,-38.54172],[-58.73103,-38.54213],[-58.73091,-38.54237],[-58.73085,-38.54259],[-58.7305,-38.54284],[-58.7301,-38.54316],[-58.72975,-38.54354],[-58.72938,-38.54397],[-58.72912,-38.54427],[-58.72884,-38.54457],[-58.72855,-38.54471],[-58.72824,-38.54505],[-58.72805,-38.54534],[-58.728,-38.54549],[-58.72991,-38.54702],[-58.72984,-38.54672],[-58.72974,-38.54622],[-58.72974,-38.54582],[-58.72982,-38.54542],[-58.72992,-38.54509],[-58.7301,-38.54469],[-58.73033,-38.54436],[-58.73063,-38.54401],[-58.73067,-38.54396],[-58.7313,-38.54342],[-58.7317,-38.54311],[-58.73227,-38.54268],[-58.73349,-38.54172],[-58.73412,-38.54114],[-58.73498,-38.54031],[-58.73521,-38.54008],[-58.73583,-38.53944],[-58.73671,-38.53856],[-58.73753,-38.53771],[-58.73783,-38.53743],[-58.7384,-38.53689],[-58.73894,-38.53639],[-58.73929,-38.53611],[-58.74115,-38.53461],[-58.74115,-38.53461],[-58.74214,-38.53384],[-58.74307,-38.53312],[-58.74307,-38.53312],[-58.74407,-38.53236],[-58.74501,-38.53164],[-58.74696,-38.53013],[-58.74696,-38.53013],[-58.74538,-38.52888],[-58.74478,-38.5284],[-58.7446,-38.52826],[-58.74261,-38.5267],[-58.74241,-38.52654],[-58.74156,-38.52585],[-58.73967,-38.52734],[-58.74156,-38.52886],[-58.73961,-38.53035],[-58.73899,-38.53083],[-58.73864,-38.5311],[-58.73836,-38.53131],[-58.73767,-38.53184],[-58.73673,-38.53256],[-58.73576,-38.53331],[-58.73386,-38.53478],[-58.7319,-38.5363],[-58.73104,-38.53697],[-58.72997,-38.5378],[-58.72912,-38.53846],[-58.72926,-38.53859],[-58.72946,-38.53869],[-58.72966,-38.53885],[-58.7299,-38.53904],[-58.73005,-38.53914],[-58.73021,-38.53932],[-58.73047,-38.53955],[-58.73064,-38.53974],[-58.73086,-38.54003],[-58.731,-38.54023],[-58.73112,-38.54047],[-58.73123,-38.54077],[-58.7313,-38.54102],[-58.73137,-38.54139],[-58.73139,-38.5417],[-58.73133,-38.54182]]]]},"properties":{"radio":"065811501","poblacion":403,"area_ha":93.9,"densidad_hab_ha":4.3,"densidad":"1 a 20 hab/ha"}},{"type":"Feature","geometry":{"type":"MultiPolygon","coordinates":[[[[-58.73846,-38.54156],[-58.73944,-38.54232],[-58.74044,-38.54156],[-58.7414,-38.54083],[-58.74236,-38.54009],[-58.74332,-38.53936],[-58.74427,-38.53863],[-58.74524,-38.53789],[-58.74718,-38.53641],[-58.74815,-38.53565],[-58.74909,-38.53492],[-58.75005,-38.53419],[-58.75105,-38.53342],[-58.75007,-38.53261],[-58.74914,-38.53185],[-58.74696,-38.53013],[-58.74501,-38.53164],[-58.74407,-38.53236],[-58.74307,-38.53312],[-58.74307,-38.53312],[-58.74214,-38.53384],[-58.74115,-38.53461],[-58.74115,-38.53461],[-58.73929,-38.53611],[-58.73894,-38.53639],[-58.7384,-38.53689],[-58.73783,-38.53743],[-58.73753,-38.53771],[-58.73671,-38.53856],[-58.73583,-38.53944],[-58.73659,-38.54005],[-58.73753,-38.54081],[-58.73846,-38.54156]]]]},"properties":{"radio":"065811502","poblacion":1172,"area_ha":70.8,"densidad_hab_ha":16.6,"densidad":"1 a 20 hab/ha"}},{"type":"Feature","geometry":{"type":"MultiPolygon","coordinates":[[[[-58.73459,-38.54454],[-58.73556,-38.54532],[-58.73653,-38.54457],[-58.73749,-38.54383],[-58.73844,-38.5431],[-58.73944,-38.54232],[-58.73846,-38.54156],[-58.73753,-38.54081],[-58.73659,-38.54005],[-58.73583,-38.53944],[-58.73521,-38.54008],[-58.73498,-38.54031],[-58.73412,-38.54114],[-58.73349,-38.54172],[-58.73227,-38.54268],[-58.73364,-38.54378],[-58.73459,-38.54454]]]]},"properties":{"radio":"065811503","poblacion":649,"area_ha":20.0,"densidad_hab_ha":32.4,"densidad":"20 a 40 hab/ha"}},{"type":"Feature","geometry":{"type":"MultiPolygon","coordinates":[[[[-58.73651,-38.54759],[-58.73745,-38.54833],[-58.73841,-38.5476],[-58.73937,-38.54686],[-58.74033,-38.54611],[-58.74128,-38.54537],[-58.74035,-38.54463],[-58.73941,-38.54387],[-58.73844,-38.5431],[-58.73749,-38.54383],[-58.73653,-38.54457],[-58.73556,-38.54532],[-58.7346,-38.54606],[-58.73558,-38.54684],[-58.73651,-38.54759]]]]},"properties":{"radio":"065811504","poblacion":800,"area_ha":16.6,"densidad_hab_ha":48.2,"densidad":"40 a 80 hab/ha"}},{"type":"Feature","geometry":{"type":"MultiPolygon","coordinates":[[[[-58.74128,-38.54537],[-58.74223,-38.54614],[-58.74322,-38.54538],[-58.74422,-38.54462],[-58.74471,-38.54424],[-58.74518,-38.54387],[-58.74424,-38.54312],[-58.74376,-38.54274],[-58.74329,-38.54237],[-58.74236,-38.54161],[-58.7414,-38.54083],[-58.74044,-38.54156],[-58.73944,-38.54232],[-58.73844,-38.5431],[-58.73941,-38.54387],[-58.74035,-38.54463],[-58.74128,-38.54537]]]]},"properties":{"radio":"065811505","poblacion":1051,"area_ha":17.0,"densidad_hab_ha":61.9,"densidad":"40 a 80 hab/ha"}},{"type":"Feature","geometry":{"type":"MultiPolygon","coordinates":[[[[-58.74424,-38.54312],[-58.74518,-38.54387],[-58.74615,-38.54313],[-58.74664,-38.54276],[-58.74711,-38.5424],[-58.74808,-38.54167],[-58.74903,-38.54094],[-58.74809,-38.54018],[-58.74714,-38.53941],[-58.74619,-38.53865],[-58.74524,-38.53789],[-58.74427,-38.53863],[-58.74332,-38.53936],[-58.74236,-38.54009],[-58.7414,-38.54083],[-58.74236,-38.54161],[-58.74329,-38.54237],[-58.74376,-38.54274],[-58.74424,-38.54312]]]]},"properties":{"radio":"065811506","poblacion":1007,"area_ha":22.1,"densidad_hab_ha":45.5,"densidad":"40 a 80 hab/ha"}},{"type":"Feature","geometry":{"type":"MultiPolygon","coordinates":[[[[-58.74524,-38.53789],[-58.74619,-38.53865],[-58.74714,-38.53941],[-58.74809,-38.54018],[-58.74903,-38.54094],[-58.74949,-38.5413],[-58.74997,-38.5417],[-58.75043,-38.54206],[-58.7509,-38.54244],[-58.75188,-38.54172],[-58.75287,-38.54098],[-58.75334,-38.54061],[-58.75381,-38.54023],[-58.75427,-38.53986],[-58.75474,-38.53948],[-58.75571,-38.53874],[-58.75671,-38.53799],[-58.75575,-38.5372],[-58.75484,-38.53645],[-58.75393,-38.53572],[-58.75296,-38.53494],[-58.75203,-38.53419],[-58.75105,-38.53342],[-58.75005,-38.53419],[-58.74909,-38.53492],[-58.74815,-38.53565],[-58.74718,-38.53641],[-58.74524,-38.53789]]]]},"properties":{"radio":"065811507","poblacion":1641,"area_ha":50.2,"densidad_hab_ha":32.7,"densidad":"20 a 40 hab/ha"}},{"type":"Feature","geometry":{"type":"MultiPolygon","coordinates":[[[[-58.7509,-38.54244],[-58.75185,-38.5432],[-58.7528,-38.54396],[-58.75304,-38.54416],[-58.75401,-38.54342],[-58.75497,-38.54268],[-58.75592,-38.54195],[-58.75885,-38.5397],[-58.75861,-38.5395],[-58.75813,-38.53912],[-58.75812,-38.53912],[-58.75765,-38.53874],[-58.75718,-38.53836],[-58.75671,-38.53799],[-58.75571,-38.53874],[-58.75474,-38.53948],[-58.75427,-38.53986],[-58.75381,-38.54023],[-58.75334,-38.54061],[-58.75287,-38.54098],[-58.75188,-38.54172],[-58.7509,-38.54244]]]]},"properties":{"radio":"065811508","poblacion":896,"area_ha":18.8,"densidad_hab_ha":47.6,"densidad":"40 a 80 hab/ha"}},{"type":"Feature","geometry":{"type":"MultiPolygon","coordinates":[[[[-58.74898,-38.54541],[-58.75016,-38.54636],[-58.75304,-38.54416],[-58.7528,-38.54396],[-58.75185,-38.5432],[-58.7509,-38.54244],[-58.75043,-38.54206],[-58.74997,-38.5417],[-58.74949,-38.5413],[-58.74903,-38.54094],[-58.74808,-38.54167],[-58.74711,-38.5424],[-58.74664,-38.54276],[-58.74615,-38.54313],[-58.74711,-38.54389],[-58.74803,-38.54463],[-58.74898,-38.54541]]]]},"properties":{"radio":"065811509","poblacion":1142,"area_ha":17.5,"densidad_hab_ha":65.3,"densidad":"40 a 80 hab/ha"}},{"type":"Feature","geometry":{"type":"MultiPolygon","coordinates":[[[[-58.74602,-38.54918],[-58.74626,-38.54937],[-58.74725,-38.54861],[-58.74824,-38.54784],[-58.74919,-38.54711],[-58.75016,-38.54636],[-58.74898,-38.54541],[-58.74803,-38.54463],[-58.74711,-38.54389],[-58.74615,-38.54313],[-58.74518,-38.54387],[-58.74471,-38.54424],[-58.74422,-38.54462],[-58.74322,-38.54538],[-58.74223,-38.54614],[-58.74317,-38.54689],[-58.74411,-38.54765],[-58.74506,-38.54841],[-58.74602,-38.54918]]]]},"properties":{"radio":"065811510","poblacion":840,"area_ha":23.9,"densidad_hab_ha":35.1,"densidad":"20 a 40 hab/ha"}},{"type":"Feature","geometry":{"type":"MultiPolygon","coordinates":[[[[-58.7441,-38.55066],[-58.74434,-38.55085],[-58.74529,-38.55011],[-58.74626,-38.54937],[-58.74602,-38.54918],[-58.74506,-38.54841],[-58.74411,-38.54765],[-58.74317,-38.54689],[-58.74223,-38.54614],[-58.74128,-38.54537],[-58.74033,-38.54611],[-58.73937,-38.54686],[-58.74032,-38.54762],[-58.74125,-38.54836],[-58.74219,-38.54912],[-58.74314,-38.54988],[-58.7441,-38.55066]]]]},"properties":{"radio":"065811511","poblacion":745,"area_ha":14.5,"densidad_hab_ha":51.3,"densidad":"40 a 80 hab/ha"}},{"type":"Feature","geometry":{"type":"MultiPolygon","coordinates":[[[[-58.73043,-38.54158],[-58.73038,-38.54193],[-58.73022,-38.54225],[-58.7301,-38.54241],[-58.72998,-38.54257],[-58.72945,-38.5431],[-58.72899,-38.54356],[-58.72846,-38.54405],[-58.72796,-38.54447],[-58.72757,-38.5449],[-58.72747,-38.54506],[-58.728,-38.54549],[-58.72805,-38.54534],[-58.72824,-38.54505],[-58.72855,-38.54471],[-58.72884,-38.54457],[-58.72912,-38.54427],[-58.72938,-38.54397],[-58.72975,-38.54354],[-58.7301,-38.54316],[-58.7305,-38.54284],[-58.73085,-38.54259],[-58.73091,-38.54237],[-58.73103,-38.54213],[-58.73116,-38.54172],[-58.73137,-38.54191],[-58.73133,-38.54182],[-58.73139,-38.5417],[-58.73137,-38.54139],[-58.7313,-38.54102],[-58.73123,-38.54077],[-58.73112,-38.54047],[-58.731,-38.54023],[-58.73086,-38.54003],[-58.73064,-38.53974],[-58.73047,-38.53955],[-58.73021,-38.53932],[-58.73005,-38.53914],[-58.7299,-38.53904],[-58.72966,-38.53885],[-58.72946,-38.53869],[-58.72926,-38.53859],[-58.72912,-38.53846],[-58.72997,-38.5378],[-58.73104,-38.53697],[-58.7319,-38.5363],[-58.73386,-38.53478],[-58.73576,-38.53331],[-58.73673,-38.53256],[-58.73767,-38.53184],[-58.73836,-38.53131],[-58.73864,-38.5311],[-58.73899,-38.53083],[-58.73961,-38.53035],[-58.74156,-38.52886],[-58.73967,-38.52734],[-58.74156,-38.52585],[-58.74054,-38.52502],[-58.74047,-38.52496],[-58.73974,-38.52438],[-58.73827,-38.52322],[-58.73784,-38.52287],[-58.73585,-38.52124],[-58.73407,-38.51981],[-58.7339,-38.51967],[-58.73367,-38.51948],[-58.73355,-38.51954],[-58.73331,-38.51973],[-58.73318,-38.51989],[-58.73312,-38.52008],[-58.73309,-38.5203],[-58.73314,-38.52055],[-58.73324,-38.52088],[-58.73329,-38.52116],[-58.73327,-38.52154],[-58.7333,-38.52189],[-58.7334,-38.52229],[-58.73358,-38.52268],[-58.73388,-38.52314],[-58.73422,-38.5237],[-58.73457,-38.52415],[-58.73493,-38.52448],[-58.73536,-38.52474],[-58.73584,-38.52504],[-58.73613,-38.52528],[-58.73639,-38.52558],[-58.73649,-38.52578],[-58.73658,-38.52596],[-58.73684,-38.52653],[-58.73704,-38.5272],[-58.73724,-38.528],[-58.73729,-38.52843],[-58.73725,-38.52902],[-58.73702,-38.52951],[-58.73671,-38.52984],[-58.73624,-38.5302],[-58.73574,-38.53043],[-58.73526,-38.53062],[-58.73496,-38.53072],[-58.73458,-38.53084],[-58.73374,-38.53099],[-58.73224,-38.53124],[-58.73155,-38.53133],[-58.73074,-38.53138],[-58.73023,-38.53144],[-58.72971,-38.53156],[-58.72915,-38.53177],[-58.7285,-38.53213],[-58.72802,-38.5324],[-58.72772,-38.53269],[-58.72749,-38.53294],[-58.72731,-38.53328],[-58.72709,-38.53373],[-58.7269,-38.53424],[-58.72675,-38.53484],[-58.72667,-38.53551],[-58.72662,-38.53637],[-58.72666,-38.53687],[-58.72675,-38.53738],[-58.72685,-38.5377],[-58.72704,-38.53799],[-58.72726,-38.53817],[-58.72735,-38.53822],[-58.72762,-38.53838],[-58.72799,-38.53858],[-58.72847,-38.5388],[-58.72889,-38.53907],[-58.72926,-38.53935],[-58.72957,-38.53967],[-58.72986,-38.54004],[-58.73013,-38.54044],[-58.7303,-38.54082],[-58.73041,-38.54123],[-58.73043,-38.54158]]]]},"properties":{"radio":"065811512","poblacion":252,"area_ha":92.3,"densidad_hab_ha":2.7,"densidad":"1 a 20 hab/ha"}},{"type":"Feature","geometry":{"type":"MultiPolygon","coordinates":[[[[-58.74391,-38.56149],[-58.74488,-38.56228],[-58.74583,-38.56155],[-58.74681,-38.56081],[-58.74583,-38.56002],[-58.74489,-38.55926],[-58.74397,-38.55851],[-58.74304,-38.55775],[-58.7421,-38.55699],[-58.74112,-38.55774],[-58.74017,-38.55847],[-58.74111,-38.55922],[-58.74204,-38.55997],[-58.74299,-38.56074],[-58.74391,-38.56149]]]]},"properties":{"radio":"065811601","poblacion":687,"area_ha":13.8,"densidad_hab_ha":49.8,"densidad":"40 a 80 hab/ha"}},{"type":"Feature","geometry":{"type":"MultiPolygon","coordinates":[[[[-58.74199,-38.56297],[-58.74297,-38.56376],[-58.74392,-38.56302],[-58.74488,-38.56228],[-58.74391,-38.56149],[-58.74299,-38.56074],[-58.74204,-38.55997],[-58.74111,-38.55922],[-58.74017,-38.55847],[-58.7392,-38.5592],[-58.73823,-38.55994],[-58.73918,-38.56071],[-58.7401,-38.56146],[-58.74104,-38.56221],[-58.74199,-38.56297]]]]},"properties":{"radio":"065811602","poblacion":760,"area_ha":13.9,"densidad_hab_ha":54.7,"densidad":"40 a 80 hab/ha"}},{"type":"Feature","geometry":{"type":"MultiPolygon","coordinates":[[[[-58.74005,-38.56445],[-58.74104,-38.56524],[-58.742,-38.5645],[-58.74297,-38.56376],[-58.74199,-38.56297],[-58.74104,-38.56221],[-58.7401,-38.56146],[-58.73918,-38.56071],[-58.73823,-38.55994],[-58.73726,-38.56069],[-58.73629,-38.56143],[-58.73725,-38.56219],[-58.73818,-38.56295],[-58.73911,-38.56369],[-58.74005,-38.56445]]]]},"properties":{"radio":"065811603","poblacion":772,"area_ha":13.9,"densidad_hab_ha":55.4,"densidad":"40 a 80 hab/ha"}},{"type":"Feature","geometry":{"type":"MultiPolygon","coordinates":[[[[-58.73812,-38.56595],[-58.73908,-38.56673],[-58.74104,-38.56524],[-58.74005,-38.56445],[-58.73911,-38.56369],[-58.73818,-38.56295],[-58.73725,-38.56219],[-58.73629,-38.56143],[-58.73535,-38.56216],[-58.73435,-38.56292],[-58.7353,-38.56368],[-58.73623,-38.56444],[-58.73718,-38.5652],[-58.73812,-38.56595]]]]},"properties":{"radio":"065811604","poblacion":633,"area_ha":14.0,"densidad_hab_ha":45.2,"densidad":"40 a 80 hab/ha"}},{"type":"Feature","geometry":{"type":"MultiPolygon","coordinates":[[[[-58.73618,-38.56746],[-58.73713,-38.56822],[-58.73808,-38.56749],[-58.73908,-38.56673],[-58.73812,-38.56595],[-58.73718,-38.5652],[-58.73623,-38.56444],[-58.7353,-38.56368],[-58.73435,-38.56292],[-58.73336,-38.56369],[-58.73239,-38.56443],[-58.73332,-38.56518],[-58.7339,-38.56565],[-58.73427,-38.56595],[-58.73445,-38.56609],[-58.73503,-38.56655],[-58.73522,-38.56671],[-58.73561,-38.56701],[-58.73618,-38.56746]]]]},"properties":{"radio":"065811605","poblacion":393,"area_ha":14.1,"densidad_hab_ha":27.9,"densidad":"20 a 40 hab/ha"}},{"type":"Feature","geometry":{"type":"MultiPolygon","coordinates":[[[[-58.74567,-38.57204],[-58.74665,-38.57282],[-58.74765,-38.57205],[-58.74861,-38.57132],[-58.7467,-38.56979],[-58.74573,-38.56903],[-58.74481,-38.56828],[-58.74389,-38.56752],[-58.74296,-38.56677],[-58.74201,-38.56601],[-58.74104,-38.56524],[-58.73908,-38.56673],[-58.74005,-38.56751],[-58.74098,-38.56827],[-58.74193,-38.56903],[-58.74286,-38.56978],[-58.7438,-38.57053],[-58.74474,-38.57129],[-58.74567,-38.57204]]]]},"properties":{"radio":"065811606","poblacion":769,"area_ha":22.5,"densidad_hab_ha":34.2,"densidad":"20 a 40 hab/ha"}},{"type":"Feature","geometry":{"type":"MultiPolygon","coordinates":[[[[-58.74201,-38.56601],[-58.74296,-38.56677],[-58.74391,-38.56603],[-58.74487,-38.5653],[-58.74583,-38.56457],[-58.7468,-38.56383],[-58.74776,-38.56309],[-58.74873,-38.56234],[-58.74777,-38.56158],[-58.74681,-38.56081],[-58.74583,-38.56155],[-58.74488,-38.56228],[-58.74392,-38.56302],[-58.74297,-38.56376],[-58.742,-38.5645],[-58.74104,-38.56524],[-58.74201,-38.56601]]]]},"properties":{"radio":"065811607","poblacion":788,"area_ha":16.8,"densidad_hab_ha":47.0,"densidad":"40 a 80 hab/ha"}},{"type":"Feature","geometry":{"type":"MultiPolygon","coordinates":[[[[-58.7467,-38.56979],[-58.74861,-38.57132],[-58.74956,-38.57059],[-58.75054,-38.56984],[-58.75156,-38.56906],[-58.75249,-38.56835],[-58.75339,-38.56766],[-58.75439,-38.56689],[-58.75446,-38.56684],[-58.75341,-38.5661],[-58.75249,-38.56535],[-58.75154,-38.56458],[-58.7506,-38.56383],[-58.74967,-38.56309],[-58.74873,-38.56234],[-58.74776,-38.56309],[-58.7468,-38.56383],[-58.74583,-38.56457],[-58.74487,-38.5653],[-58.74391,-38.56603],[-58.74296,-38.56677],[-58.74389,-38.56752],[-58.74481,-38.56828],[-58.74573,-38.56903],[-58.7467,-38.56979]]]]},"properties":{"radio":"065811608","poblacion":1215,"area_ha":49.8,"densidad_hab_ha":24.4,"densidad":"20 a 40 hab/ha"}},{"type":"Feature","geometry":{"type":"MultiPolygon","coordinates":[[[[-58.74371,-38.57355],[-58.74469,-38.57433],[-58.74566,-38.57358],[-58.74665,-38.57282],[-58.74567,-38.57204],[-58.74474,-38.57129],[-58.7438,-38.57053],[-58.74286,-38.56978],[-58.74193,-38.56903],[-58.74098,-38.56827],[-58.74005,-38.56751],[-58.73908,-38.56673],[-58.73808,-38.56749],[-58.73713,-38.56822],[-58.73811,-38.56901],[-58.73903,-38.56976],[-58.73998,-38.57052],[-58.74091,-38.57127],[-58.74186,-38.57203],[-58.74278,-38.57279],[-58.74371,-38.57355]]]]},"properties":{"radio":"065811609","poblacion":799,"area_ha":22.5,"densidad_hab_ha":35.5,"densidad":"20 a 40 hab/ha"}},{"type":"Feature","geometry":{"type":"MultiPolygon","coordinates":[[[[-58.73236,-38.56741],[-58.73256,-38.56757],[-58.73375,-38.56664],[-58.73319,-38.56619],[-58.7339,-38.56565],[-58.73332,-38.56518],[-58.73239,-38.56443],[-58.73145,-38.56366],[-58.73051,-38.5629],[-58.7296,-38.56216],[-58.72958,-38.56216],[-58.72954,-38.56513],[-58.73046,-38.56589],[-58.7314,-38.56665],[-58.73197,-38.5671],[-58.73236,-38.56741]]]]},"properties":{"radio":"065811701","poblacion":544,"area_ha":10.9,"densidad_hab_ha":49.9,"densidad":"40 a 80 hab/ha"}},{"type":"Feature","geometry":{"type":"MultiPolygon","coordinates":[[[[-58.72948,-38.56813],[-58.72945,-38.57111],[-58.7304,-38.57038],[-58.73137,-38.56964],[-58.73232,-38.56891],[-58.7333,-38.56815],[-58.73314,-38.56803],[-58.73256,-38.56757],[-58.73236,-38.56741],[-58.73197,-38.5671],[-58.7314,-38.56665],[-58.73046,-38.56589],[-58.72954,-38.56513],[-58.72948,-38.56813]]]]},"properties":{"radio":"065811702","poblacion":638,"area_ha":11.0,"densidad_hab_ha":58.0,"densidad":"40 a 80 hab/ha"}},{"type":"Feature","geometry":{"type":"MultiPolygon","coordinates":[[[[-58.7304,-38.57187],[-58.73136,-38.57264],[-58.73231,-38.57191],[-58.73328,-38.57116],[-58.73423,-38.57043],[-58.73521,-38.56968],[-58.73426,-38.56892],[-58.73369,-38.56847],[-58.7333,-38.56815],[-58.73232,-38.56891],[-58.73137,-38.56964],[-58.7304,-38.57038],[-58.72945,-38.57111],[-58.7304,-38.57187]]]]},"properties":{"radio":"065811703","poblacion":596,"area_ha":11.1,"densidad_hab_ha":53.5,"densidad":"40 a 80 hab/ha"}},{"type":"Feature","geometry":{"type":"MultiPolygon","coordinates":[[[[-58.73426,-38.56892],[-58.73521,-38.56968],[-58.73616,-38.56895],[-58.73713,-38.56822],[-58.73618,-38.56746],[-58.73561,-38.56701],[-58.73522,-38.56671],[-58.73503,-38.56655],[-58.73445,-38.56609],[-58.73427,-38.56595],[-58.7339,-38.56565],[-58.73319,-38.56619],[-58.73375,-38.56664],[-58.73256,-38.56757],[-58.73314,-38.56803],[-58.7333,-38.56815],[-58.73369,-38.56847],[-58.73426,-38.56892]]]]},"properties":{"radio":"065811704","poblacion":496,"area_ha":8.3,"densidad_hab_ha":59.8,"densidad":"40 a 80 hab/ha"}},{"type":"Feature","geometry":{"type":"MultiPolygon","coordinates":[[[[-58.73233,-38.57343],[-58.73325,-38.57418],[-58.73422,-38.57345],[-58.73519,-38.57272],[-58.73615,-38.57198],[-58.7371,-38.57124],[-58.73807,-38.5705],[-58.73903,-38.56976],[-58.73811,-38.56901],[-58.73713,-38.56822],[-58.73616,-38.56895],[-58.73521,-38.56968],[-58.73423,-38.57043],[-58.73328,-38.57116],[-58.73231,-38.57191],[-58.73136,-38.57264],[-58.73233,-38.57343]]]]},"properties":{"radio":"065811705","poblacion":846,"area_ha":16.8,"densidad_hab_ha":50.4,"densidad":"40 a 80 hab/ha"}},{"type":"Feature","geometry":{"type":"MultiPolygon","coordinates":[[[[-58.73422,-38.57345],[-58.73705,-38.57574],[-58.73801,-38.57499],[-58.73898,-38.57424],[-58.73993,-38.57351],[-58.74092,-38.57275],[-58.74186,-38.57203],[-58.74091,-38.57127],[-58.73998,-38.57052],[-58.73903,-38.56976],[-58.73807,-38.5705],[-58.7371,-38.57124],[-58.73615,-38.57198],[-58.73519,-38.57272],[-58.73422,-38.57345]]]]},"properties":{"radio":"065811706","poblacion":776,"area_ha":20.7,"densidad_hab_ha":37.5,"densidad":"20 a 40 hab/ha"}},{"type":"Feature","geometry":{"type":"MultiPolygon","coordinates":[[[[-58.7318,-38.57604],[-58.73227,-38.57642],[-58.73271,-38.57678],[-58.73321,-38.57718],[-58.73416,-38.57645],[-58.7348,-38.57696],[-58.73577,-38.57621],[-58.7361,-38.57648],[-58.73705,-38.57574],[-58.73422,-38.57345],[-58.73325,-38.57418],[-58.73227,-38.57494],[-58.73133,-38.57566],[-58.7318,-38.57604]]]]},"properties":{"radio":"065811707","poblacion":582,"area_ha":10.6,"densidad_hab_ha":54.9,"densidad":"40 a 80 hab/ha"}},{"type":"Feature","geometry":{"type":"MultiPolygon","coordinates":[[[[-58.7309,-38.57824],[-58.73153,-38.57847],[-58.73321,-38.57718],[-58.73271,-38.57678],[-58.73227,-38.57642],[-58.7318,-38.57604],[-58.73133,-38.57566],[-58.73043,-38.57636],[-58.72944,-38.57712],[-58.72894,-38.57751],[-58.7296,-38.57776],[-58.73021,-38.57798],[-58.73034,-38.57803],[-58.7309,-38.57824]]]]},"properties":{"radio":"065811708","poblacion":341,"area_ha":5.8,"densidad_hab_ha":58.5,"densidad":"40 a 80 hab/ha"}},{"type":"Feature","geometry":{"type":"MultiPolygon","coordinates":[[[[-58.73153,-38.57847],[-58.73281,-38.57897],[-58.73406,-38.57944],[-58.73412,-38.57946],[-58.73535,-38.57993],[-58.73693,-38.58046],[-58.73694,-38.58047],[-58.73695,-38.58047],[-58.73695,-38.58047],[-58.73695,-38.58047],[-58.73696,-38.58047],[-58.73696,-38.58047],[-58.73696,-38.58047],[-58.73696,-38.58047],[-58.73698,-38.58048],[-58.73698,-38.58048],[-58.73698,-38.58048],[-58.73699,-38.58048],[-58.73699,-38.58048],[-58.73699,-38.58048],[-58.73699,-38.58048],[-58.737,-38.58048],[-58.737,-38.58048],[-58.73701,-38.58048],[-58.73701,-38.58048],[-58.73701,-38.58048],[-58.73702,-38.58048],[-58.73702,-38.58048],[-58.73703,-38.58048],[-58.73703,-38.58048],[-58.73703,-38.58048],[-58.73703,-38.58048],[-58.73703,-38.58048],[-58.73703,-38.58048],[-58.73703,-38.58048],[-58.73704,-38.58048],[-58.73704,-38.58048],[-58.73704,-38.58048],[-58.73704,-38.58048],[-58.73705,-38.58048],[-58.73705,-38.58048],[-58.73705,-38.58048],[-58.73705,-38.58048],[-58.73705,-38.58048],[-58.73705,-38.58048],[-58.73705,-38.58048],[-58.73706,-38.58048],[-58.73706,-38.58048],[-58.73706,-38.58048],[-58.73707,-38.58048],[-58.73707,-38.58047],[-58.73707,-38.58047],[-58.73707,-38.58047],[-58.73707,-38.58047],[-58.73707,-38.58047],[-58.73709,-38.58046],[-58.73709,-38.58046],[-58.7371,-38.58046],[-58.7371,-38.58045],[-58.73711,-38.58045],[-58.73711,-38.58044],[-58.73711,-38.58044],[-58.73711,-38.58044],[-58.73712,-38.58043],[-58.73712,-38.58043],[-58.73712,-38.58043],[-58.73712,-38.58043],[-58.73712,-38.58043],[-58.73713,-38.58041],[-58.73713,-38.58041],[-58.73713,-38.58041],[-58.73713,-38.58041],[-58.73713,-38.5804],[-58.73713,-38.5804],[-58.73713,-38.58039],[-58.73713,-38.58039],[-58.73713,-38.58038],[-58.73713,-38.58038],[-58.73713,-38.58037],[-58.73713,-38.58037],[-58.73712,-38.58037],[-58.73712,-38.58037],[-58.73712,-38.58036],[-58.73712,-38.58036],[-58.73712,-38.58036],[-58.73712,-38.58036],[-58.73711,-38.58034],[-58.73711,-38.58034],[-58.73711,-38.58034],[-58.73711,-38.58034],[-58.73709,-38.58033],[-58.73708,-38.58032],[-58.73708,-38.58032],[-58.73708,-38.58032],[-58.73708,-38.58032],[-58.73707,-38.58032],[-58.73707,-38.58032],[-58.73707,-38.58032],[-58.73705,-38.58031],[-58.73606,-38.57946],[-58.73511,-38.57867],[-58.73449,-38.57821],[-58.73415,-38.57794],[-58.73385,-38.5777],[-58.73321,-38.57718],[-58.73153,-38.57847]]]]},"properties":{"radio":"065811709","poblacion":212,"area_ha":5.7,"densidad_hab_ha":37.0,"densidad":"20 a 40 hab/ha"}},{"type":"Feature","geometry":{"type":"MultiPolygon","coordinates":[[[[-58.73577,-38.57621],[-58.7348,-38.57696],[-58.73416,-38.57645],[-58.73321,-38.57718],[-58.73385,-38.5777],[-58.73415,-38.57794],[-58.73449,-38.57821],[-58.73511,-38.57867],[-58.73606,-38.57946],[-58.73705,-38.58031],[-58.73707,-38.58027],[-58.73713,-38.58016],[-58.73797,-38.57951],[-58.73893,-38.57877],[-58.73797,-38.57799],[-58.73702,-38.57723],[-58.7361,-38.57648],[-58.73577,-38.57621]]]]},"properties":{"radio":"065811710","poblacion":545,"area_ha":10.2,"densidad_hab_ha":53.6,"densidad":"40 a 80 hab/ha"}},{"type":"Feature","geometry":{"type":"MultiPolygon","coordinates":[[[[-58.73797,-38.57799],[-58.73893,-38.57877],[-58.73991,-38.57802],[-58.74086,-38.57728],[-58.74181,-38.57655],[-58.74278,-38.5758],[-58.74375,-38.57506],[-58.74469,-38.57433],[-58.74371,-38.57355],[-58.74278,-38.57279],[-58.74186,-38.57203],[-58.74092,-38.57275],[-58.73993,-38.57351],[-58.73898,-38.57424],[-58.73801,-38.57499],[-58.73705,-38.57574],[-58.7361,-38.57648],[-58.73702,-38.57723],[-58.73797,-38.57799]]]]},"properties":{"radio":"065811711","poblacion":987,"area_ha":25.0,"densidad_hab_ha":39.5,"densidad":"20 a 40 hab/ha"}},{"type":"Feature","geometry":{"type":"MultiPolygon","coordinates":[[[[-58.71582,-38.57316],[-58.71444,-38.57516],[-58.71431,-38.57531],[-58.71426,-38.57538],[-58.71415,-38.57547],[-58.71403,-38.57557],[-58.71388,-38.57567],[-58.71364,-38.57579],[-58.71147,-38.57688],[-58.71149,-38.57732],[-58.70714,-38.57834],[-58.70687,-38.57829],[-58.70685,-38.57825],[-58.7066,-38.57768],[-58.70602,-38.57782],[-58.70579,-38.57789],[-58.70563,-38.57794],[-58.7055,-38.57801],[-58.70525,-38.57819],[-58.705,-38.57837],[-58.70454,-38.57871],[-58.70419,-38.579],[-58.70402,-38.57914],[-58.70393,-38.57922],[-58.70375,-38.57939],[-58.70324,-38.57981],[-58.70275,-38.58017],[-58.70137,-38.58127],[-58.70216,-38.58138],[-58.7039,-38.58163],[-58.70751,-38.58198],[-58.71037,-38.58224],[-58.71342,-38.58264],[-58.71597,-38.58309],[-58.71896,-38.58362],[-58.71986,-38.58379],[-58.72251,-38.58432],[-58.72586,-38.58514],[-58.72956,-38.58609],[-58.7311,-38.58654],[-58.73253,-38.58695],[-58.73352,-38.58533],[-58.7334,-38.58528],[-58.73243,-38.58476],[-58.73187,-38.58445],[-58.73127,-38.58419],[-58.72997,-38.5837],[-58.72871,-38.58322],[-58.72744,-38.58274],[-58.72606,-38.58222],[-58.72475,-38.58173],[-58.72338,-38.58121],[-58.72338,-38.58121],[-58.72086,-38.58026],[-58.72163,-38.57897],[-58.7223,-38.57785],[-58.72229,-38.57785],[-58.72262,-38.57731],[-58.72296,-38.57672],[-58.72367,-38.57554],[-58.72296,-38.57528],[-58.72235,-38.57505],[-58.72121,-38.57463],[-58.72107,-38.57457],[-58.71979,-38.57409],[-58.71849,-38.57361],[-58.71729,-38.57308],[-58.71656,-38.57279],[-58.71621,-38.57299],[-58.71582,-38.57316]]]]},"properties":{"radio":"065811801","poblacion":673,"area_ha":152.6,"densidad_hab_ha":4.4,"densidad":"1 a 20 hab/ha"}},{"type":"Feature","geometry":{"type":"MultiPolygon","coordinates":[[[[-58.72465,-38.57736],[-58.72553,-38.5777],[-58.72628,-38.57651],[-58.72537,-38.57618],[-58.72496,-38.57602],[-58.72452,-38.57586],[-58.72367,-38.57554],[-58.72296,-38.57672],[-58.72381,-38.57704],[-58.72465,-38.57736]]]]},"properties":{"radio":"065811802","poblacion":231,"area_ha":3.6,"densidad_hab_ha":63.8,"densidad":"40 a 80 hab/ha"}},{"type":"Feature","geometry":{"type":"MultiPolygon","coordinates":[[[[-58.72398,-38.57847],[-58.72484,-38.5788],[-58.72553,-38.5777],[-58.72465,-38.57736],[-58.72381,-38.57704],[-58.72296,-38.57672],[-58.72262,-38.57731],[-58.72229,-38.57785],[-58.72313,-38.57816],[-58.72398,-38.57847]]]]},"properties":{"radio":"065811803","poblacion":271,"area_ha":3.4,"densidad_hab_ha":79.8,"densidad":"40 a 80 hab/ha"}},{"type":"Feature","geometry":{"type":"MultiPolygon","coordinates":[[[[-58.72163,-38.57897],[-58.72086,-38.58026],[-58.72338,-38.58121],[-58.72338,-38.58121],[-58.72417,-38.57992],[-58.72553,-38.58043],[-58.7262,-38.57931],[-58.72484,-38.5788],[-58.72398,-38.57847],[-58.72313,-38.57816],[-58.72229,-38.57785],[-58.7223,-38.57785],[-58.72163,-38.57897]]]]},"properties":{"radio":"065811804","poblacion":244,"area_ha":9.1,"densidad_hab_ha":27.0,"densidad":"20 a 40 hab/ha"}},{"type":"Feature","geometry":{"type":"MultiPolygon","coordinates":[[[[-58.72338,-38.58121],[-58.72475,-38.58173],[-58.72485,-38.58157],[-58.72553,-38.58043],[-58.72417,-38.57992],[-58.72338,-38.58121]]]]},"properties":{"radio":"065811805","poblacion":195,"area_ha":2.1,"densidad_hab_ha":92.6,"densidad":"80 a 150 hab/ha"}},{"type":"Feature","geometry":{"type":"MultiPolygon","coordinates":[[[[-58.72553,-38.58043],[-58.72685,-38.58092],[-58.72753,-38.57981],[-58.72821,-38.5787],[-58.72684,-38.57819],[-58.7262,-38.57931],[-58.72553,-38.58043]]]]},"properties":{"radio":"065811806","poblacion":276,"area_ha":3.5,"densidad_hab_ha":78.0,"densidad":"40 a 80 hab/ha"}},{"type":"Feature","geometry":{"type":"MultiPolygon","coordinates":[[[[-58.72553,-38.5777],[-58.72484,-38.5788],[-58.7262,-38.57931],[-58.72684,-38.57819],[-58.72821,-38.5787],[-58.7296,-38.57921],[-58.73034,-38.57803],[-58.73021,-38.57798],[-58.7296,-38.57776],[-58.72894,-38.57751],[-58.72753,-38.57698],[-58.72722,-38.57687],[-58.72628,-38.57651],[-58.72553,-38.5777]]]]},"properties":{"radio":"065811807","poblacion":471,"area_ha":7.5,"densidad_hab_ha":62.9,"densidad":"40 a 80 hab/ha"}},{"type":"Feature","geometry":{"type":"MultiPolygon","coordinates":[[[[-58.72823,-38.58144],[-58.72952,-38.58192],[-58.72986,-38.58137],[-58.73021,-38.58081],[-58.72891,-38.58032],[-58.7296,-38.57921],[-58.72821,-38.5787],[-58.72753,-38.57981],[-58.72685,-38.58092],[-58.72823,-38.58144]]]]},"properties":{"radio":"065811808","poblacion":354,"area_ha":5.4,"densidad_hab_ha":66.0,"densidad":"40 a 80 hab/ha"}},{"type":"Feature","geometry":{"type":"MultiPolygon","coordinates":[[[[-58.72606,-38.58222],[-58.72744,-38.58274],[-58.72823,-38.58144],[-58.72685,-38.58092],[-58.72606,-38.58222]]]]},"properties":{"radio":"065811809","poblacion":235,"area_ha":2.1,"densidad_hab_ha":109.7,"densidad":"80 a 150 hab/ha"}},{"type":"Feature","geometry":{"type":"MultiPolygon","coordinates":[[[[-58.72475,-38.58173],[-58.72606,-38.58222],[-58.72685,-38.58092],[-58.72553,-38.58043],[-58.72485,-38.58157],[-58.72475,-38.58173]]]]},"properties":{"radio":"065811810","poblacion":196,"area_ha":2.0,"densidad_hab_ha":96.8,"densidad":"80 a 150 hab/ha"}},{"type":"Feature","geometry":{"type":"MultiPolygon","coordinates":[[[[-58.68229,-38.569],[-58.68172,-38.56944],[-58.67993,-38.56917],[-58.67863,-38.56897],[-58.67733,-38.56877],[-58.67671,-38.56867],[-58.67608,-38.56854],[-58.67582,-38.56964],[-58.67582,-38.56964],[-58.67554,-38.57063],[-58.67525,-38.57169],[-58.67493,-38.57164],[-58.67436,-38.57158],[-58.67391,-38.57148],[-58.6735,-38.57139],[-58.67252,-38.57121],[-58.67194,-38.5711],[-58.67128,-38.57097],[-58.67101,-38.57092],[-58.67016,-38.57081],[-58.66997,-38.57076],[-58.66939,-38.57062],[-58.66868,-38.57046],[-58.66854,-38.57043],[-58.66749,-38.57033],[-58.66615,-38.57033],[-58.66571,-38.5702],[-58.6651,-38.57028],[-58.66415,-38.57018],[-58.66379,-38.57013],[-58.66336,-38.57006],[-58.66284,-38.57003],[-58.66212,-38.56997],[-58.6617,-38.56993],[-58.66166,-38.57017],[-58.66415,-38.57052],[-58.66578,-38.57054],[-58.66736,-38.57056],[-58.6685,-38.57067],[-58.66864,-38.5707],[-58.66992,-38.57093],[-58.67051,-38.57104],[-58.67123,-38.57118],[-58.67246,-38.57142],[-58.67278,-38.57148],[-58.67385,-38.57173],[-58.67452,-38.57188],[-58.67677,-38.57246],[-58.67866,-38.57282],[-58.68046,-38.57312],[-58.68113,-38.5726],[-58.68219,-38.5718],[-58.68291,-38.57124],[-58.68403,-38.5704],[-58.68516,-38.56954],[-58.6863,-38.56868],[-58.68679,-38.56831],[-58.68719,-38.56801],[-58.68738,-38.56787],[-58.68789,-38.56748],[-58.68851,-38.56701],[-58.68916,-38.56652],[-58.68979,-38.56605],[-58.69041,-38.56558],[-58.69102,-38.56512],[-58.69038,-38.5646],[-58.69008,-38.56435],[-58.68915,-38.56359],[-58.68855,-38.56407],[-58.68793,-38.56456],[-58.68732,-38.56504],[-58.68669,-38.56553],[-58.68608,-38.56601],[-58.68537,-38.56657],[-58.68229,-38.569]]]]},"properties":{"radio":"065811902","poblacion":141,"area_ha":48.1,"densidad_hab_ha":2.9,"densidad":"1 a 20 hab/ha"}},{"type":"Feature","geometry":{"type":"MultiPolygon","coordinates":[[[[-58.68516,-38.56954],[-58.68403,-38.5704],[-58.68291,-38.57124],[-58.68219,-38.5718],[-58.68113,-38.5726],[-58.68263,-38.57282],[-58.68373,-38.57296],[-58.68505,-38.57314],[-58.68638,-38.57332],[-58.68681,-38.57212],[-58.68718,-38.5711],[-58.68754,-38.57009],[-58.68883,-38.57038],[-58.69017,-38.57067],[-58.69055,-38.56966],[-58.69094,-38.56864],[-58.6913,-38.56768],[-58.69199,-38.56589],[-58.69102,-38.56512],[-58.69041,-38.56558],[-58.68979,-38.56605],[-58.68916,-38.56652],[-58.68851,-38.56701],[-58.68789,-38.56748],[-58.68738,-38.56787],[-58.68719,-38.56801],[-58.68679,-38.56831],[-58.6863,-38.56868],[-58.68516,-38.56954]]]]},"properties":{"radio":"065811903","poblacion":280,"area_ha":30.1,"densidad_hab_ha":9.3,"densidad":"1 a 20 hab/ha"}},{"type":"Feature","geometry":{"type":"MultiPolygon","coordinates":[[[[-58.6913,-38.56768],[-58.69094,-38.56864],[-58.69055,-38.56966],[-58.69017,-38.57067],[-58.69135,-38.57094],[-58.69248,-38.57119],[-58.6936,-38.57143],[-58.69324,-38.57245],[-58.69287,-38.57348],[-58.69265,-38.57402],[-58.69384,-38.57418],[-58.69499,-38.5743],[-58.69493,-38.57433],[-58.69441,-38.57538],[-58.69361,-38.57695],[-58.69429,-38.57739],[-58.69548,-38.57852],[-58.69673,-38.58003],[-58.69658,-38.57702],[-58.69866,-38.57696],[-58.70042,-38.58007],[-58.70079,-38.57976],[-58.70218,-38.57875],[-58.70224,-38.57683],[-58.70229,-38.57475],[-58.7023,-38.57447],[-58.70231,-38.5741],[-58.70145,-38.57343],[-58.70127,-38.5733],[-58.70084,-38.57301],[-58.70049,-38.57278],[-58.69954,-38.57201],[-58.69861,-38.57125],[-58.69769,-38.57051],[-58.69673,-38.56973],[-58.6958,-38.56898],[-58.69498,-38.56831],[-58.69303,-38.56672],[-58.69199,-38.56589],[-58.6913,-38.56768]]]]},"properties":{"radio":"065811904","poblacion":545,"area_ha":74.7,"densidad_hab_ha":7.3,"densidad":"1 a 20 hab/ha"}},{"type":"Feature","geometry":{"type":"MultiPolygon","coordinates":[[[[-58.69294,-38.56365],[-58.69204,-38.56434],[-58.69196,-38.5644],[-58.69102,-38.56512],[-58.69199,-38.56589],[-58.69303,-38.56672],[-58.69498,-38.56831],[-58.6958,-38.56898],[-58.69673,-38.56973],[-58.69766,-38.56903],[-58.69866,-38.56827],[-58.69963,-38.56753],[-58.70059,-38.5668],[-58.70155,-38.56606],[-58.70238,-38.56536],[-58.70238,-38.56525],[-58.70272,-38.56526],[-58.70273,-38.56516],[-58.70349,-38.56458],[-58.70275,-38.56387],[-58.70275,-38.56379],[-58.7024,-38.56378],[-58.70242,-38.56238],[-58.70161,-38.56307],[-58.70065,-38.5638],[-58.69972,-38.56305],[-58.69879,-38.5623],[-58.69831,-38.56192],[-58.69776,-38.56147],[-58.6968,-38.56069],[-58.69486,-38.56217],[-58.6939,-38.56291],[-58.69294,-38.56365]]]]},"properties":{"radio":"065811905","poblacion":1288,"area_ha":53.6,"densidad_hab_ha":24.0,"densidad":"20 a 40 hab/ha"}},{"type":"Feature","geometry":{"type":"MultiPolygon","coordinates":[[[[-58.7027,-38.55617],[-58.70162,-38.55699],[-58.70152,-38.55708],[-58.70063,-38.55776],[-58.69968,-38.55848],[-58.69873,-38.55921],[-58.69872,-38.55922],[-58.69776,-38.55995],[-58.6968,-38.56069],[-58.69776,-38.56147],[-58.69831,-38.56192],[-58.69879,-38.5623],[-58.69972,-38.56305],[-58.70065,-38.5638],[-58.70161,-38.56307],[-58.70242,-38.56238],[-58.70242,-38.56216],[-58.70244,-38.56087],[-58.70245,-38.56076],[-58.70281,-38.56077],[-58.70282,-38.56068],[-58.70357,-38.5601],[-58.70365,-38.56004],[-58.70371,-38.55999],[-58.70459,-38.55932],[-58.7056,-38.55855],[-58.70657,-38.55781],[-58.70752,-38.55708],[-58.70849,-38.55633],[-58.70946,-38.55558],[-58.70852,-38.55483],[-58.70754,-38.55405],[-58.70652,-38.55324],[-58.70557,-38.55397],[-58.70459,-38.55472],[-58.70363,-38.55545],[-58.70356,-38.55551],[-58.70342,-38.55562],[-58.7027,-38.55617]]]]},"properties":{"radio":"065811906","poblacion":627,"area_ha":46.5,"densidad_hab_ha":13.5,"densidad":"1 a 20 hab/ha"}},{"type":"Feature","geometry":{"type":"MultiPolygon","coordinates":[[[[-58.70652,-38.55324],[-58.70754,-38.55405],[-58.70852,-38.55483],[-58.70946,-38.55558],[-58.71047,-38.55481],[-58.71148,-38.55404],[-58.71244,-38.5533],[-58.71341,-38.55255],[-58.71247,-38.5518],[-58.71148,-38.55101],[-58.71048,-38.55022],[-58.70953,-38.55095],[-58.70856,-38.55169],[-58.70769,-38.55235],[-58.70756,-38.55245],[-58.70652,-38.55324]]]]},"properties":{"radio":"065811907","poblacion":532,"area_ha":17.5,"densidad_hab_ha":30.3,"densidad":"20 a 40 hab/ha"}},{"type":"Feature","geometry":{"type":"MultiPolygon","coordinates":[[[[-58.71253,-38.56259],[-58.71296,-38.56294],[-58.71353,-38.56338],[-58.71371,-38.56324],[-58.71412,-38.56306],[-58.71452,-38.56289],[-58.71509,-38.56277],[-58.71561,-38.56272],[-58.71622,-38.56271],[-58.71669,-38.56273],[-58.71724,-38.56278],[-58.71781,-38.56282],[-58.71828,-38.5628],[-58.7187,-38.56275],[-58.719,-38.56267],[-58.71933,-38.5625],[-58.71954,-38.56234],[-58.71965,-38.56221],[-58.71895,-38.56165],[-58.71822,-38.56106],[-58.71798,-38.56087],[-58.71703,-38.5601],[-58.7161,-38.55935],[-58.71516,-38.55859],[-58.71423,-38.55784],[-58.71328,-38.55708],[-58.71234,-38.55633],[-58.7114,-38.55557],[-58.71047,-38.55481],[-58.70946,-38.55558],[-58.70849,-38.55633],[-58.70752,-38.55708],[-58.70657,-38.55781],[-58.7075,-38.55856],[-58.70795,-38.55891],[-58.70844,-38.55931],[-58.70897,-38.55974],[-58.70939,-38.56008],[-58.71032,-38.56083],[-58.71125,-38.56158],[-58.71219,-38.56233],[-58.71253,-38.56259]]]]},"properties":{"radio":"065811908","poblacion":1176,"area_ha":47.7,"densidad_hab_ha":24.6,"densidad":"20 a 40 hab/ha"}},{"type":"Feature","geometry":{"type":"MultiPolygon","coordinates":[[[[-58.70282,-38.56068],[-58.70281,-38.56077],[-58.70245,-38.56076],[-58.70244,-38.56087],[-58.70242,-38.56216],[-58.70242,-38.56238],[-58.7024,-38.56378],[-58.70275,-38.56379],[-58.70275,-38.56367],[-58.70352,-38.56308],[-58.70444,-38.56234],[-58.70487,-38.56207],[-58.70513,-38.56233],[-58.70538,-38.56257],[-58.70575,-38.56286],[-58.70593,-38.56298],[-58.70622,-38.56315],[-58.7065,-38.56329],[-58.70689,-38.56346],[-58.7077,-38.56381],[-58.70812,-38.56398],[-58.7087,-38.56422],[-58.70937,-38.56448],[-58.71019,-38.56384],[-58.71122,-38.56307],[-58.71219,-38.56233],[-58.71125,-38.56158],[-58.71032,-38.56083],[-58.70939,-38.56008],[-58.70897,-38.55974],[-58.70844,-38.55931],[-58.70795,-38.55891],[-58.7075,-38.55856],[-58.70657,-38.55781],[-58.7056,-38.55855],[-58.70459,-38.55932],[-58.70371,-38.55999],[-58.70365,-38.56004],[-58.70357,-38.5601],[-58.70282,-38.56068]]]]},"properties":{"radio":"065811909","poblacion":716,"area_ha":33.6,"densidad_hab_ha":21.3,"densidad":"20 a 40 hab/ha"}},{"type":"Feature","geometry":{"type":"MultiPolygon","coordinates":[[[[-58.70275,-38.56387],[-58.70349,-38.56458],[-58.70443,-38.56535],[-58.70536,-38.56609],[-58.70628,-38.56684],[-58.70723,-38.56761],[-58.70818,-38.56837],[-58.70912,-38.56913],[-58.71006,-38.56988],[-58.71088,-38.57054],[-58.71194,-38.5714],[-58.71272,-38.57203],[-58.71283,-38.57212],[-58.71317,-38.57192],[-58.71372,-38.57153],[-58.71382,-38.57141],[-58.71467,-38.57209],[-58.7148,-38.57191],[-58.71508,-38.5714],[-58.71521,-38.5709],[-58.71526,-38.57039],[-58.71523,-38.56978],[-58.71517,-38.5693],[-58.715,-38.56879],[-58.7148,-38.56838],[-58.71451,-38.56799],[-58.71418,-38.5676],[-58.7138,-38.56714],[-58.71289,-38.56602],[-58.71262,-38.56565],[-58.71247,-38.5653],[-58.71244,-38.56497],[-58.71251,-38.5646],[-58.71269,-38.56421],[-58.71296,-38.56389],[-58.71328,-38.56357],[-58.71353,-38.56338],[-58.71296,-38.56294],[-58.71253,-38.56259],[-58.71219,-38.56233],[-58.71122,-38.56307],[-58.71019,-38.56384],[-58.70937,-38.56448],[-58.7087,-38.56422],[-58.70812,-38.56398],[-58.7077,-38.56381],[-58.70689,-38.56346],[-58.7065,-38.56329],[-58.70622,-38.56315],[-58.70593,-38.56298],[-58.70575,-38.56286],[-58.70538,-38.56257],[-58.70513,-38.56233],[-58.70487,-38.56207],[-58.70444,-38.56234],[-58.70352,-38.56308],[-58.70275,-38.56367],[-58.70275,-38.56379],[-58.70275,-38.56387]]]]},"properties":{"radio":"065811910","poblacion":514,"area_ha":56.5,"densidad_hab_ha":9.1,"densidad":"1 a 20 hab/ha"}},{"type":"Feature","geometry":{"type":"MultiPolygon","coordinates":[[[[-58.70273,-38.56516],[-58.70272,-38.56526],[-58.70238,-38.56525],[-58.70238,-38.56536],[-58.70155,-38.56606],[-58.70059,-38.5668],[-58.69963,-38.56753],[-58.69866,-38.56827],[-58.69766,-38.56903],[-58.69673,-38.56973],[-58.69769,-38.57051],[-58.69861,-38.57125],[-58.69954,-38.57201],[-58.70049,-38.57278],[-58.70084,-38.57301],[-58.70127,-38.5733],[-58.70145,-38.57343],[-58.70231,-38.5741],[-58.70231,-38.57409],[-58.7025,-38.57413],[-58.70259,-38.57284],[-58.70259,-38.57259],[-58.70264,-38.57113],[-58.70264,-38.56987],[-58.70262,-38.56962],[-58.70339,-38.56906],[-58.70436,-38.56832],[-58.70532,-38.56758],[-58.70628,-38.56684],[-58.70536,-38.56609],[-58.70443,-38.56535],[-58.70349,-38.56458],[-58.70273,-38.56516]]]]},"properties":{"radio":"065811911","poblacion":646,"area_ha":35.7,"densidad_hab_ha":18.1,"densidad":"1 a 20 hab/ha"}},{"type":"Feature","geometry":{"type":"MultiPolygon","coordinates":[[[[-58.70264,-38.57113],[-58.70259,-38.57259],[-58.70259,-38.57284],[-58.7025,-38.57413],[-58.70231,-38.57409],[-58.70231,-38.5741],[-58.7023,-38.57447],[-58.70229,-38.57475],[-58.70224,-38.57683],[-58.70218,-38.57875],[-58.70332,-38.57793],[-58.70447,-38.5772],[-58.70553,-38.57674],[-58.70688,-38.57633],[-58.71084,-38.57521],[-58.71244,-38.57428],[-58.71337,-38.57365],[-58.7143,-38.5726],[-58.71467,-38.57209],[-58.71382,-38.57141],[-58.71372,-38.57153],[-58.71317,-38.57192],[-58.71283,-38.57212],[-58.71272,-38.57203],[-58.71194,-38.5714],[-58.71088,-38.57054],[-58.71006,-38.56988],[-58.70912,-38.56913],[-58.70818,-38.56837],[-58.70723,-38.56761],[-58.70628,-38.56684],[-58.70532,-38.56758],[-58.70436,-38.56832],[-58.70339,-38.56906],[-58.70262,-38.56962],[-58.70264,-38.56987],[-58.70264,-38.57113]]]]},"properties":{"radio":"065811912","poblacion":753,"area_ha":74.3,"densidad_hab_ha":10.1,"densidad":"1 a 20 hab/ha"}},{"type":"Feature","geometry":{"type":"MultiPolygon","coordinates":[[[[-58.66196,-38.56837],[-58.66178,-38.56946],[-58.66176,-38.56956],[-58.6617,-38.56993],[-58.66212,-38.56997],[-58.66284,-38.57003],[-58.66336,-38.57006],[-58.66379,-38.57013],[-58.66415,-38.57018],[-58.6651,-38.57028],[-58.66571,-38.5702],[-58.66615,-38.57033],[-58.66749,-38.57033],[-58.66854,-38.57043],[-58.66868,-38.57046],[-58.66939,-38.57062],[-58.66997,-38.57076],[-58.67016,-38.57081],[-58.67101,-38.57092],[-58.67128,-38.57097],[-58.67194,-38.5711],[-58.67252,-38.57121],[-58.6735,-38.57139],[-58.67391,-38.57148],[-58.67436,-38.57158],[-58.67493,-38.57164],[-58.67525,-38.57169],[-58.67554,-38.57063],[-58.67582,-38.56964],[-58.67582,-38.56964],[-58.67608,-38.56854],[-58.67671,-38.56867],[-58.67733,-38.56877],[-58.67742,-38.56843],[-58.67221,-38.56748],[-58.67089,-38.56724],[-58.66941,-38.56698],[-58.66934,-38.56696],[-58.66772,-38.56667],[-58.6671,-38.56656],[-58.66652,-38.56645],[-58.66531,-38.56624],[-58.6641,-38.56602],[-58.66251,-38.56573],[-58.66246,-38.56585],[-58.66244,-38.56617],[-58.66224,-38.56686],[-58.66207,-38.56764],[-58.66196,-38.56837]]]]},"properties":{"radio":"065811914","poblacion":135,"area_ha":50.9,"densidad_hab_ha":2.7,"densidad":"1 a 20 hab/ha"}},{"type":"Feature","geometry":{"type":"MultiPolygon","coordinates":[[[[-58.68681,-38.57212],[-58.68638,-38.57332],[-58.68505,-38.57314],[-58.68373,-38.57296],[-58.68263,-38.57282],[-58.68113,-38.5726],[-58.68046,-38.57312],[-58.68077,-38.57317],[-58.68317,-38.57345],[-58.685,-38.57373],[-58.6853,-38.57378],[-58.68735,-38.57418],[-58.68782,-38.57431],[-58.68917,-38.57468],[-58.69049,-38.57521],[-58.69102,-38.57542],[-58.69153,-38.57571],[-58.69216,-38.57606],[-58.69278,-38.57642],[-58.69361,-38.57695],[-58.69441,-38.57538],[-58.69493,-38.57433],[-58.69499,-38.5743],[-58.69384,-38.57418],[-58.69265,-38.57402],[-58.69287,-38.57348],[-58.69324,-38.57245],[-58.6936,-38.57143],[-58.69248,-38.57119],[-58.69135,-38.57094],[-58.69017,-38.57067],[-58.68883,-38.57038],[-58.68754,-38.57009],[-58.68718,-38.5711],[-58.68681,-38.57212]]]]},"properties":{"radio":"065811915","poblacion":257,"area_ha":33.5,"densidad_hab_ha":7.7,"densidad":"1 a 20 hab/ha"}},{"type":"Feature","geometry":{"type":"MultiPolygon","coordinates":[[[[-58.76962,-38.54326],[-58.76834,-38.54425],[-58.76787,-38.54462],[-58.76775,-38.54471],[-58.76743,-38.54495],[-58.76698,-38.5453],[-58.7664,-38.54575],[-58.7669,-38.54615],[-58.76734,-38.54651],[-58.76829,-38.54728],[-58.76887,-38.54684],[-58.76933,-38.54647],[-58.76947,-38.54658],[-58.76991,-38.54625],[-58.76951,-38.54592],[-58.76997,-38.54555],[-58.7704,-38.54589],[-58.77067,-38.54571],[-58.77097,-38.54548],[-58.77145,-38.54511],[-58.77114,-38.54483],[-58.7716,-38.54447],[-58.77176,-38.5446],[-58.77217,-38.54428],[-58.77409,-38.54581],[-58.77473,-38.54531],[-58.77534,-38.54485],[-58.77594,-38.54438],[-58.77655,-38.54391],[-58.77712,-38.54347],[-58.77872,-38.54223],[-58.77497,-38.5392],[-58.77027,-38.54277],[-58.76962,-38.54326]]]]},"properties":{"radio":"065812001","poblacion":1051,"area_ha":38.0,"densidad_hab_ha":27.6,"densidad":"20 a 40 hab/ha"}},{"type":"Feature","geometry":{"type":"MultiPolygon","coordinates":[[[[-58.77217,-38.54428],[-58.77176,-38.5446],[-58.7716,-38.54447],[-58.77114,-38.54483],[-58.77145,-38.54511],[-58.77097,-38.54548],[-58.77067,-38.54571],[-58.7704,-38.54589],[-58.76997,-38.54555],[-58.76951,-38.54592],[-58.76991,-38.54625],[-58.76947,-38.54658],[-58.76933,-38.54647],[-58.76887,-38.54684],[-58.76829,-38.54728],[-58.76876,-38.54766],[-58.7692,-38.54803],[-58.76925,-38.54807],[-58.76965,-38.54838],[-58.77019,-38.54882],[-58.77117,-38.54806],[-58.77199,-38.54743],[-58.77215,-38.54756],[-58.77292,-38.54817],[-58.77368,-38.54878],[-58.77384,-38.54891],[-58.77395,-38.54899],[-58.77399,-38.54903],[-58.7748,-38.54967],[-58.77557,-38.55028],[-58.77581,-38.55009],[-58.77605,-38.5503],[-58.7779,-38.54889],[-58.77597,-38.54732],[-58.77409,-38.54581],[-58.77217,-38.54428]]]]},"properties":{"radio":"065812002","poblacion":971,"area_ha":23.4,"densidad_hab_ha":41.6,"densidad":"40 a 80 hab/ha"}},{"type":"Feature","geometry":{"type":"MultiPolygon","coordinates":[[[[-58.7711,-38.54955],[-58.7721,-38.55035],[-58.774,-38.55188],[-58.77498,-38.55113],[-58.77605,-38.5503],[-58.77581,-38.55009],[-58.77557,-38.55028],[-58.7748,-38.54967],[-58.77399,-38.54903],[-58.77395,-38.54899],[-58.77384,-38.54891],[-58.77368,-38.54878],[-58.77292,-38.54817],[-58.77215,-38.54756],[-58.77199,-38.54743],[-58.77117,-38.54806],[-58.77019,-38.54882],[-58.7706,-38.54915],[-58.7711,-38.54955]]]]},"properties":{"radio":"065812003","poblacion":1134,"area_ha":10.6,"densidad_hab_ha":107.2,"densidad":"80 a 150 hab/ha"}},{"type":"Feature","geometry":{"type":"MultiPolygon","coordinates":[[[[-58.75327,-38.57814],[-58.75422,-38.5789],[-58.75521,-38.57814],[-58.75617,-38.5774],[-58.75713,-38.57666],[-58.7581,-38.57591],[-58.75885,-38.57533],[-58.76205,-38.57292],[-58.76225,-38.57277],[-58.75845,-38.56973],[-58.75657,-38.56823],[-58.75564,-38.56749],[-58.75465,-38.56669],[-58.75446,-38.56684],[-58.75439,-38.56689],[-58.75339,-38.56766],[-58.75249,-38.56835],[-58.75156,-38.56906],[-58.75054,-38.56984],[-58.74956,-38.57059],[-58.74861,-38.57132],[-58.74765,-38.57205],[-58.74665,-38.57282],[-58.74761,-38.57359],[-58.74855,-38.57435],[-58.7495,-38.57511],[-58.75045,-38.57588],[-58.75138,-38.57662],[-58.75235,-38.5774],[-58.75327,-38.57814]]]]},"properties":{"radio":"065812005","poblacion":271,"area_ha":92.0,"densidad_hab_ha":3.0,"densidad":"1 a 20 hab/ha"}},{"type":"Feature","geometry":{"type":"MultiPolygon","coordinates":[[[[-58.74657,-38.57885],[-58.74751,-38.5796],[-58.74848,-38.57885],[-58.74944,-38.57811],[-58.7504,-38.57737],[-58.75138,-38.57662],[-58.75045,-38.57588],[-58.7495,-38.57511],[-58.74855,-38.57435],[-58.74761,-38.57359],[-58.74665,-38.57282],[-58.74566,-38.57358],[-58.74469,-38.57433],[-58.74375,-38.57506],[-58.74278,-38.5758],[-58.74376,-38.57659],[-58.7447,-38.57734],[-58.74564,-38.5781],[-58.74657,-38.57885]]]]},"properties":{"radio":"065812006","poblacion":723,"area_ha":27.8,"densidad_hab_ha":26.0,"densidad":"20 a 40 hab/ha"}},{"type":"Feature","geometry":{"type":"MultiPolygon","coordinates":[[[[-58.75316,-38.58411],[-58.7536,-38.58446],[-58.75453,-38.58374],[-58.75549,-38.583],[-58.75643,-38.58227],[-58.75745,-38.58148],[-58.75706,-38.58117],[-58.7568,-38.58096],[-58.75609,-38.58039],[-58.75516,-38.57965],[-58.75422,-38.5789],[-58.75327,-38.57814],[-58.75235,-38.5774],[-58.75138,-38.57662],[-58.7504,-38.57737],[-58.74944,-38.57811],[-58.74848,-38.57885],[-58.74751,-38.5796],[-58.74846,-38.58035],[-58.7494,-38.5811],[-58.75035,-38.58186],[-58.75129,-38.58262],[-58.75223,-38.58336],[-58.75292,-38.58392],[-58.75316,-38.58411]]]]},"properties":{"radio":"065812007","poblacion":561,"area_ha":35.6,"densidad_hab_ha":15.7,"densidad":"1 a 20 hab/ha"}},{"type":"Feature","geometry":{"type":"MultiPolygon","coordinates":[[[[-58.76082,-38.58417],[-58.76176,-38.58492],[-58.76276,-38.58414],[-58.7637,-38.58341],[-58.76465,-38.58267],[-58.76557,-38.58196],[-58.76564,-38.58195],[-58.76662,-38.5812],[-58.76762,-38.58043],[-58.76955,-38.57896],[-58.76976,-38.57878],[-58.76783,-38.57723],[-58.76606,-38.57582],[-58.76225,-38.57277],[-58.76205,-38.57292],[-58.75885,-38.57533],[-58.7581,-38.57591],[-58.75713,-38.57666],[-58.75617,-38.5774],[-58.75521,-38.57814],[-58.75422,-38.5789],[-58.75516,-38.57965],[-58.75609,-38.58039],[-58.7568,-38.58096],[-58.75706,-38.58117],[-58.75745,-38.58148],[-58.75799,-38.58191],[-58.75811,-38.582],[-58.75891,-38.58264],[-58.75987,-38.5834],[-58.76082,-38.58417]]]]},"properties":{"radio":"065812008","poblacion":382,"area_ha":91.4,"densidad_hab_ha":4.2,"densidad":"1 a 20 hab/ha"}},{"type":"Feature","geometry":{"type":"MultiPolygon","coordinates":[[[[-58.76837,-38.5902],[-58.76937,-38.591],[-58.77034,-38.59025],[-58.77129,-38.5895],[-58.77222,-38.58878],[-58.77319,-38.58802],[-58.77305,-38.58791],[-58.77406,-38.58715],[-58.77697,-38.58495],[-58.77729,-38.58481],[-58.77441,-38.5825],[-58.77354,-38.58181],[-58.7726,-38.58106],[-58.77164,-38.58029],[-58.77069,-38.57953],[-58.76976,-38.57878],[-58.76955,-38.57896],[-58.76762,-38.58043],[-58.76662,-38.5812],[-58.76564,-38.58195],[-58.76557,-38.58196],[-58.76465,-38.58267],[-58.7637,-38.58341],[-58.76276,-38.58414],[-58.76176,-38.58492],[-58.76266,-38.58564],[-58.76271,-38.58568],[-58.76363,-38.58641],[-58.76455,-38.58714],[-58.76457,-38.58716],[-58.76552,-38.58792],[-58.76647,-38.58868],[-58.76741,-38.58943],[-58.76837,-38.5902]]]]},"properties":{"radio":"065812009","poblacion":249,"area_ha":91.1,"densidad_hab_ha":2.7,"densidad":"1 a 20 hab/ha"}},{"type":"Feature","geometry":{"type":"MultiPolygon","coordinates":[[[[-58.74372,-38.57958],[-58.74466,-38.58033],[-58.74562,-38.57959],[-58.74657,-38.57885],[-58.74564,-38.5781],[-58.7447,-38.57734],[-58.74376,-38.57659],[-58.74278,-38.5758],[-58.74181,-38.57655],[-58.74086,-38.57728],[-58.74184,-38.57807],[-58.74278,-38.57882],[-58.74372,-38.57958]]]]},"properties":{"radio":"065812101","poblacion":464,"area_ha":11.1,"densidad_hab_ha":41.9,"densidad":"40 a 80 hab/ha"}},{"type":"Feature","geometry":{"type":"MultiPolygon","coordinates":[[[[-58.75117,-38.58557],[-58.75114,-38.58569],[-58.75123,-38.58562],[-58.75218,-38.58487],[-58.75316,-38.58411],[-58.75292,-38.58392],[-58.75223,-38.58336],[-58.75129,-38.58262],[-58.75035,-38.58186],[-58.7494,-38.5811],[-58.74846,-38.58035],[-58.74751,-38.5796],[-58.74657,-38.57885],[-58.74562,-38.57959],[-58.74466,-38.58033],[-58.74561,-38.58108],[-58.74655,-38.58182],[-58.74749,-38.58257],[-58.74843,-38.58334],[-58.74936,-38.5841],[-58.7503,-38.58486],[-58.75117,-38.58557]]]]},"properties":{"radio":"065812102","poblacion":475,"area_ha":19.2,"densidad_hab_ha":24.7,"densidad":"20 a 40 hab/ha"}},{"type":"Feature","geometry":{"type":"MultiPolygon","coordinates":[[[[-58.74985,-38.58522],[-58.75114,-38.58569],[-58.75117,-38.58557],[-58.7503,-38.58486],[-58.74936,-38.5841],[-58.74843,-38.58334],[-58.74749,-38.58257],[-58.74655,-38.58182],[-58.74561,-38.58108],[-58.74466,-38.58033],[-58.74369,-38.58107],[-58.74275,-38.5818],[-58.7422,-38.58222],[-58.74443,-38.58318],[-58.74469,-38.58328],[-58.74596,-38.58376],[-58.74724,-38.58424],[-58.74854,-38.58473],[-58.74894,-38.58488],[-58.74985,-38.58522]]]]},"properties":{"radio":"065812103","poblacion":386,"area_ha":13.3,"densidad_hab_ha":28.9,"densidad":"20 a 40 hab/ha"}},{"type":"Feature","geometry":{"type":"MultiPolygon","coordinates":[[[[-58.73893,-38.57877],[-58.73797,-38.57951],[-58.73713,-38.58016],[-58.73707,-38.58027],[-58.73705,-38.58031],[-58.73707,-38.58032],[-58.73707,-38.58032],[-58.73707,-38.58032],[-58.73708,-38.58032],[-58.73708,-38.58032],[-58.73708,-38.58032],[-58.73708,-38.58032],[-58.73709,-38.58033],[-58.73711,-38.58034],[-58.73711,-38.58034],[-58.73711,-38.58034],[-58.73711,-38.58034],[-58.73712,-38.58036],[-58.73712,-38.58036],[-58.73712,-38.58036],[-58.73712,-38.58036],[-58.73712,-38.58037],[-58.73712,-38.58037],[-58.73713,-38.58037],[-58.73713,-38.58037],[-58.73713,-38.58038],[-58.73713,-38.58038],[-58.73713,-38.58039],[-58.73713,-38.58039],[-58.73713,-38.5804],[-58.73713,-38.5804],[-58.73713,-38.58041],[-58.73713,-38.58041],[-58.73713,-38.58041],[-58.73713,-38.58041],[-58.73712,-38.58043],[-58.73712,-38.58043],[-58.73712,-38.58043],[-58.73712,-38.58043],[-58.73712,-38.58043],[-58.73711,-38.58044],[-58.73711,-38.58044],[-58.73711,-38.58044],[-58.73711,-38.58045],[-58.7371,-38.58045],[-58.7371,-38.58046],[-58.73709,-38.58046],[-58.73709,-38.58046],[-58.73707,-38.58047],[-58.73707,-38.58047],[-58.73707,-38.58047],[-58.73707,-38.58047],[-58.73707,-38.58047],[-58.73707,-38.58048],[-58.73706,-38.58048],[-58.73706,-38.58048],[-58.73706,-38.58048],[-58.73705,-38.58048],[-58.73705,-38.58048],[-58.73705,-38.58048],[-58.73705,-38.58048],[-58.73705,-38.58048],[-58.73705,-38.58048],[-58.73705,-38.58048],[-58.73704,-38.58048],[-58.73704,-38.58048],[-58.73704,-38.58048],[-58.73704,-38.58048],[-58.73703,-38.58048],[-58.73703,-38.58048],[-58.73703,-38.58048],[-58.73703,-38.58048],[-58.73703,-38.58048],[-58.73703,-38.58048],[-58.73703,-38.58048],[-58.73702,-38.58048],[-58.73702,-38.58048],[-58.73822,-38.58084],[-58.73953,-38.58133],[-58.74093,-38.58174],[-58.74164,-38.58202],[-58.7422,-38.58222],[-58.74275,-38.5818],[-58.74369,-38.58107],[-58.74466,-38.58033],[-58.74372,-38.57958],[-58.74278,-38.57882],[-58.74184,-38.57807],[-58.74086,-38.57728],[-58.73991,-38.57802],[-58.73893,-38.57877]]]]},"properties":{"radio":"065812104","poblacion":558,"area_ha":18.6,"densidad_hab_ha":29.9,"densidad":"20 a 40 hab/ha"}},{"type":"Feature","geometry":{"type":"MultiPolygon","coordinates":[[[[-58.73397,-38.58221],[-58.73329,-38.58334],[-58.73444,-38.58376],[-58.73415,-38.58426],[-58.73409,-38.58435],[-58.73403,-38.58445],[-58.73359,-38.5852],[-58.73396,-38.58533],[-58.73469,-38.58541],[-58.73492,-38.58547],[-58.73527,-38.58565],[-58.73622,-38.58613],[-58.73703,-38.58658],[-58.73783,-38.58701],[-58.73792,-38.58706],[-58.73806,-38.58727],[-58.73812,-38.58736],[-58.73822,-38.58744],[-58.73834,-38.58753],[-58.73852,-38.5876],[-58.73866,-38.58764],[-58.73881,-38.58766],[-58.73894,-38.58765],[-58.73909,-38.58767],[-58.73921,-38.58772],[-58.7393,-38.58779],[-58.73937,-38.58786],[-58.73946,-38.58794],[-58.73959,-38.58803],[-58.74093,-38.58864],[-58.74108,-38.58872],[-58.7412,-38.58873],[-58.74131,-38.5887],[-58.7414,-38.58865],[-58.7415,-38.5886],[-58.74162,-38.58855],[-58.74177,-38.58851],[-58.74189,-38.58844],[-58.74195,-38.58836],[-58.742,-38.58825],[-58.74202,-38.58811],[-58.74201,-38.58797],[-58.74195,-38.58767],[-58.74195,-38.58767],[-58.74208,-38.58797],[-58.74222,-38.58822],[-58.74238,-38.58843],[-58.74258,-38.58866],[-58.74277,-38.58886],[-58.74306,-38.58916],[-58.74325,-38.58933],[-58.74346,-38.5895],[-58.7438,-38.5897],[-58.74387,-38.58971],[-58.74426,-38.58983],[-58.7448,-38.58993],[-58.74519,-38.59001],[-58.74564,-38.59016],[-58.74599,-38.59038],[-58.74629,-38.59045],[-58.74668,-38.59054],[-58.74717,-38.59071],[-58.74762,-38.59089],[-58.74829,-38.59118],[-58.74856,-38.59125],[-58.74917,-38.59132],[-58.74944,-38.59146],[-58.74975,-38.59155],[-58.74998,-38.5915],[-58.75031,-38.5914],[-58.75053,-38.59118],[-58.75063,-38.59121],[-58.75083,-38.59122],[-58.75092,-38.59123],[-58.75171,-38.59],[-58.75214,-38.58931],[-58.75263,-38.58851],[-58.75274,-38.58834],[-58.75372,-38.58665],[-58.75501,-38.58713],[-58.75595,-38.58634],[-58.7561,-38.58646],[-58.75705,-38.58573],[-58.75801,-38.58499],[-58.75892,-38.58421],[-58.75987,-38.5834],[-58.75891,-38.58264],[-58.75811,-38.582],[-58.75799,-38.58191],[-58.75745,-38.58148],[-58.75643,-38.58227],[-58.75549,-38.583],[-58.75453,-38.58374],[-58.7536,-38.58446],[-58.75316,-38.58411],[-58.75218,-38.58487],[-58.75123,-38.58562],[-58.75114,-38.58569],[-58.74985,-38.58522],[-58.74894,-38.58488],[-58.74854,-38.58473],[-58.74724,-38.58424],[-58.74596,-38.58376],[-58.74469,-38.58328],[-58.74443,-38.58318],[-58.7422,-38.58222],[-58.74164,-38.58202],[-58.74093,-38.58174],[-58.73953,-38.58133],[-58.73822,-38.58084],[-58.73702,-38.58048],[-58.73701,-38.58048],[-58.73701,-38.58048],[-58.73701,-38.58048],[-58.737,-38.58048],[-58.737,-38.58048],[-58.73699,-38.58048],[-58.73699,-38.58048],[-58.73699,-38.58048],[-58.73699,-38.58048],[-58.73698,-38.58048],[-58.73698,-38.58048],[-58.73698,-38.58048],[-58.73696,-38.58047],[-58.73696,-38.58047],[-58.73696,-38.58047],[-58.73696,-38.58047],[-58.73695,-38.58047],[-58.73695,-38.58047],[-58.73695,-38.58047],[-58.73694,-38.58047],[-58.73693,-38.58046],[-58.73535,-38.57993],[-58.73467,-38.58106],[-58.73397,-38.58221]]]]},"properties":{"radio":"065812105","poblacion":329,"area_ha":131.7,"densidad_hab_ha":2.5,"densidad":"1 a 20 hab/ha"}},{"type":"Feature","geometry":{"type":"MultiPolygon","coordinates":[[[[-58.75705,-38.58573],[-58.7561,-38.58646],[-58.75595,-38.58634],[-58.75501,-38.58713],[-58.75372,-38.58665],[-58.75274,-38.58834],[-58.75263,-38.58851],[-58.75214,-38.58931],[-58.75171,-38.59],[-58.75092,-38.59123],[-58.75083,-38.59122],[-58.75063,-38.59121],[-58.75053,-38.59118],[-58.75031,-38.5914],[-58.74998,-38.5915],[-58.74975,-38.59155],[-58.74944,-38.59146],[-58.74917,-38.59132],[-58.74856,-38.59125],[-58.74829,-38.59118],[-58.74762,-38.59089],[-58.74717,-38.59071],[-58.74668,-38.59054],[-58.74629,-38.59045],[-58.74599,-38.59038],[-58.74564,-38.59016],[-58.74519,-38.59001],[-58.7448,-38.58993],[-58.74426,-38.58983],[-58.74387,-38.58971],[-58.7438,-38.5897],[-58.74346,-38.5895],[-58.74325,-38.58933],[-58.74306,-38.58916],[-58.74277,-38.58886],[-58.74258,-38.58866],[-58.74238,-38.58843],[-58.74222,-38.58822],[-58.74208,-38.58797],[-58.74195,-38.58767],[-58.74195,-38.58767],[-58.74201,-38.58797],[-58.74202,-38.58811],[-58.742,-38.58825],[-58.74195,-38.58836],[-58.74189,-38.58844],[-58.74177,-38.58851],[-58.74162,-38.58855],[-58.7415,-38.5886],[-58.7414,-38.58865],[-58.74131,-38.5887],[-58.7412,-38.58873],[-58.74108,-38.58872],[-58.74093,-38.58864],[-58.73959,-38.58803],[-58.73946,-38.58794],[-58.73937,-38.58786],[-58.7393,-38.58779],[-58.73921,-38.58772],[-58.73909,-38.58767],[-58.73894,-38.58765],[-58.73881,-38.58766],[-58.73866,-38.58764],[-58.73852,-38.5876],[-58.73834,-38.58753],[-58.73822,-38.58744],[-58.73812,-38.58736],[-58.73806,-38.58727],[-58.73792,-38.58706],[-58.73783,-38.58701],[-58.73703,-38.58658],[-58.73622,-38.58613],[-58.73527,-38.58565],[-58.73492,-38.58547],[-58.73469,-38.58541],[-58.73396,-38.58533],[-58.73359,-38.5852],[-58.73352,-38.58533],[-58.73253,-38.58695],[-58.73553,-38.5878],[-58.73895,-38.5888],[-58.74165,-38.5897],[-58.74339,-38.59032],[-58.74373,-38.59044],[-58.7456,-38.59103],[-58.7456,-38.59103],[-58.74751,-38.59164],[-58.74907,-38.59212],[-58.75051,-38.59261],[-58.75247,-38.59328],[-58.7545,-38.59413],[-58.7559,-38.59476],[-58.75616,-38.59489],[-58.75652,-38.59508],[-58.75686,-38.59525],[-58.75738,-38.59556],[-58.7584,-38.59599],[-58.75939,-38.59627],[-58.76011,-38.59647],[-58.76065,-38.59669],[-58.7614,-38.59703],[-58.76207,-38.59734],[-58.76341,-38.5978],[-58.76484,-38.59822],[-58.76708,-38.59881],[-58.76816,-38.59914],[-58.76867,-38.59929],[-58.76897,-38.59824],[-58.76879,-38.59833],[-58.76841,-38.59835],[-58.76764,-38.59822],[-58.76622,-38.59789],[-58.76543,-38.59757],[-58.76532,-38.59749],[-58.76472,-38.5974],[-58.76431,-38.59724],[-58.7627,-38.59689],[-58.76193,-38.59659],[-58.76155,-38.59625],[-58.7607,-38.59595],[-58.75984,-38.59547],[-58.75874,-38.59514],[-58.75797,-38.5948],[-58.75727,-38.59436],[-58.75748,-38.59406],[-58.75765,-38.5938],[-58.75773,-38.5937],[-58.75819,-38.59324],[-58.75828,-38.59314],[-58.75807,-38.59283],[-58.75792,-38.59257],[-58.75771,-38.59217],[-58.75753,-38.59188],[-58.75722,-38.59142],[-58.75693,-38.59105],[-58.75649,-38.59048],[-58.75636,-38.59014],[-58.75627,-38.58984],[-58.75627,-38.58946],[-58.75633,-38.58914],[-58.75635,-38.5891],[-58.75645,-38.58885],[-58.75654,-38.58869],[-58.75679,-38.5886],[-58.75702,-38.58855],[-58.75729,-38.58852],[-58.75752,-38.58849],[-58.75767,-38.58842],[-58.75767,-38.58811],[-58.75789,-38.58817],[-58.75844,-38.58835],[-58.75851,-38.58837],[-58.75889,-38.58852],[-58.76021,-38.58901],[-58.76021,-38.58901],[-58.76148,-38.58948],[-58.76277,-38.58996],[-58.76278,-38.58996],[-58.76417,-38.59047],[-58.76548,-38.59097],[-58.7666,-38.59139],[-58.76801,-38.59194],[-58.7681,-38.59197],[-58.76855,-38.59163],[-58.76937,-38.591],[-58.76837,-38.5902],[-58.76741,-38.58943],[-58.76647,-38.58868],[-58.76552,-38.58792],[-58.76457,-38.58716],[-58.76455,-38.58714],[-58.76363,-38.58641],[-58.76271,-38.58568],[-58.76266,-38.58564],[-58.76176,-38.58492],[-58.76082,-38.58417],[-58.75987,-38.5834],[-58.75892,-38.58421],[-58.75801,-38.58499],[-58.75705,-38.58573]]]]},"properties":{"radio":"065812106","poblacion":324,"area_ha":109.7,"densidad_hab_ha":3.0,"densidad":"1 a 20 hab/ha"}},{"type":"Feature","geometry":{"type":"MultiPolygon","coordinates":[[[[-58.76855,-38.59163],[-58.7681,-38.59197],[-58.76801,-38.59194],[-58.7666,-38.59139],[-58.76548,-38.59097],[-58.76417,-38.59047],[-58.76278,-38.58996],[-58.76277,-38.58996],[-58.76148,-38.58948],[-58.76021,-38.58901],[-58.76021,-38.58901],[-58.75889,-38.58852],[-58.75851,-38.58837],[-58.75844,-38.58835],[-58.75789,-38.58817],[-58.75767,-38.58811],[-58.75767,-38.58842],[-58.75752,-38.58849],[-58.75729,-38.58852],[-58.75702,-38.58855],[-58.75679,-38.5886],[-58.75654,-38.58869],[-58.75645,-38.58885],[-58.75635,-38.5891],[-58.75633,-38.58914],[-58.75627,-38.58946],[-58.75627,-38.58984],[-58.75636,-38.59014],[-58.75649,-38.59048],[-58.75693,-38.59105],[-58.75722,-38.59142],[-58.75753,-38.59188],[-58.75771,-38.59217],[-58.75792,-38.59257],[-58.75807,-38.59283],[-58.75828,-38.59314],[-58.75819,-38.59324],[-58.75773,-38.5937],[-58.75765,-38.5938],[-58.75748,-38.59406],[-58.75727,-38.59436],[-58.75797,-38.5948],[-58.75874,-38.59514],[-58.75984,-38.59547],[-58.7607,-38.59595],[-58.76155,-38.59625],[-58.76193,-38.59659],[-58.7627,-38.59689],[-58.76431,-38.59724],[-58.76472,-38.5974],[-58.76532,-38.59749],[-58.76543,-38.59757],[-58.76622,-38.59789],[-58.76764,-38.59822],[-58.76841,-38.59835],[-58.76879,-38.59833],[-58.76897,-38.59824],[-58.76913,-38.59786],[-58.76939,-38.59753],[-58.76964,-38.5971],[-58.77035,-38.59589],[-58.77045,-38.59573],[-58.77191,-38.59342],[-58.77284,-38.59377],[-58.7732,-38.5939],[-58.77406,-38.59324],[-58.77501,-38.59252],[-58.77599,-38.59179],[-58.77697,-38.59106],[-58.77795,-38.59033],[-58.77891,-38.58961],[-58.77987,-38.58888],[-58.78005,-38.58873],[-58.78086,-38.58809],[-58.7811,-38.58786],[-58.77729,-38.58481],[-58.77697,-38.58495],[-58.77406,-38.58715],[-58.77305,-38.58791],[-58.77319,-38.58802],[-58.77222,-38.58878],[-58.77129,-38.5895],[-58.77034,-38.59025],[-58.76937,-38.591],[-58.76855,-38.59163]]]]},"properties":{"radio":"065812107","poblacion":266,"area_ha":133.8,"densidad_hab_ha":2.0,"densidad":"1 a 20 hab/ha"}},{"type":"Feature","geometry":{"type":"MultiPolygon","coordinates":[[[[-58.77756,-38.59554],[-58.77841,-38.59586],[-58.77881,-38.59555],[-58.77973,-38.59483],[-58.78071,-38.59407],[-58.78168,-38.59333],[-58.78264,-38.59259],[-58.7836,-38.59185],[-58.78464,-38.59105],[-58.78487,-38.59088],[-58.78205,-38.58862],[-58.7811,-38.58786],[-58.78086,-38.58809],[-58.78005,-38.58873],[-58.77987,-38.58888],[-58.77891,-38.58961],[-58.77795,-38.59033],[-58.77697,-38.59106],[-58.77599,-38.59179],[-58.77501,-38.59252],[-58.77406,-38.59324],[-58.7732,-38.5939],[-58.7741,-38.59424],[-58.77492,-38.59455],[-58.77585,-38.5949],[-58.7767,-38.59522],[-58.77756,-38.59554]]]]},"properties":{"radio":"065812108","poblacion":287,"area_ha":40.9,"densidad_hab_ha":7.0,"densidad":"1 a 20 hab/ha"}},{"type":"Feature","geometry":{"type":"MultiPolygon","coordinates":[[[[-58.78198,-38.5972],[-58.78361,-38.59781],[-58.7845,-38.59711],[-58.78545,-38.59637],[-58.78639,-38.59564],[-58.78736,-38.59488],[-58.78838,-38.59407],[-58.78777,-38.59357],[-58.78715,-38.59307],[-58.78651,-38.59257],[-58.78588,-38.59207],[-58.78524,-38.59154],[-58.78464,-38.59105],[-58.7836,-38.59185],[-58.78264,-38.59259],[-58.78168,-38.59333],[-58.78071,-38.59407],[-58.77973,-38.59483],[-58.77881,-38.59555],[-58.77841,-38.59586],[-58.77974,-38.59636],[-58.78001,-38.59646],[-58.78151,-38.59702],[-58.78198,-38.5972]]]]},"properties":{"radio":"065812109","poblacion":146,"area_ha":31.7,"densidad_hab_ha":4.6,"densidad":"1 a 20 hab/ha"}},{"type":"Feature","geometry":{"type":"MultiPolygon","coordinates":[[[[-58.78733,-38.59919],[-58.78876,-38.59972],[-58.79019,-38.59861],[-58.79114,-38.59787],[-58.79214,-38.5971],[-58.79239,-38.5969],[-58.79333,-38.59618],[-58.79428,-38.59545],[-58.79525,-38.5947],[-58.79619,-38.59398],[-58.79716,-38.59322],[-58.79901,-38.5918],[-58.80007,-38.59097],[-58.79815,-38.58943],[-58.79732,-38.58875],[-58.79639,-38.58801],[-58.79533,-38.58881],[-58.79443,-38.58949],[-58.79343,-38.59025],[-58.79247,-38.59098],[-58.7915,-38.59171],[-58.79054,-38.59244],[-58.78956,-38.59318],[-58.78863,-38.59389],[-58.78838,-38.59407],[-58.78736,-38.59488],[-58.78639,-38.59564],[-58.78545,-38.59637],[-58.7845,-38.59711],[-58.78361,-38.59781],[-58.78483,-38.59826],[-58.78614,-38.59875],[-58.78733,-38.59919]]]]},"properties":{"radio":"065812111","poblacion":82,"area_ha":68.5,"densidad_hab_ha":1.2,"densidad":"1 a 20 hab/ha"}},{"type":"Feature","geometry":{"type":"MultiPolygon","coordinates":[[[[-58.69693,-38.53465],[-58.69593,-38.5354],[-58.69494,-38.53616],[-58.69523,-38.5364],[-58.69716,-38.53795],[-58.6981,-38.53871],[-58.69904,-38.53947],[-58.69998,-38.54022],[-58.70093,-38.53949],[-58.70197,-38.5387],[-58.70298,-38.53793],[-58.70394,-38.5372],[-58.70301,-38.53644],[-58.70206,-38.53567],[-58.70303,-38.53492],[-58.7021,-38.53418],[-58.70306,-38.53345],[-58.70402,-38.53271],[-58.70504,-38.53193],[-58.70505,-38.53193],[-58.70416,-38.53113],[-58.7034,-38.53055],[-58.70303,-38.53045],[-58.70296,-38.53048],[-58.70289,-38.5305],[-58.70289,-38.5305],[-58.70283,-38.53052],[-58.70276,-38.53053],[-58.70187,-38.53088],[-58.70086,-38.53165],[-58.6999,-38.53238],[-58.69892,-38.53313],[-58.69797,-38.53385],[-58.69693,-38.53465]]]]},"properties":{"radio":"065812202","poblacion":611,"area_ha":44.8,"densidad_hab_ha":13.7,"densidad":"1 a 20 hab/ha"}},{"type":"Feature","geometry":{"type":"MultiPolygon","coordinates":[[[[-58.68998,-38.53998],[-58.68908,-38.54068],[-58.68935,-38.5409],[-58.69034,-38.5417],[-58.6913,-38.54248],[-58.69222,-38.54322],[-58.69408,-38.54474],[-58.69605,-38.54631],[-58.69795,-38.54782],[-58.69991,-38.54938],[-58.70182,-38.5509],[-58.70276,-38.55164],[-58.7028,-38.54863],[-58.7028,-38.5484],[-58.70285,-38.54556],[-58.70291,-38.54258],[-58.70294,-38.54109],[-58.70296,-38.53951],[-58.70299,-38.5383],[-58.703,-38.53815],[-58.70302,-38.53804],[-58.70307,-38.53794],[-58.70313,-38.53785],[-58.7032,-38.53776],[-58.70298,-38.53793],[-58.70197,-38.5387],[-58.70093,-38.53949],[-58.69998,-38.54022],[-58.69904,-38.53947],[-58.6981,-38.53871],[-58.69716,-38.53795],[-58.69523,-38.5364],[-58.69494,-38.53616],[-58.69401,-38.53687],[-58.69303,-38.53763],[-58.69206,-38.53838],[-58.69104,-38.53917],[-58.68998,-38.53998]]]]},"properties":{"radio":"065812203","poblacion":156,"area_ha":103.4,"densidad_hab_ha":1.5,"densidad":"1 a 20 hab/ha"}},{"type":"Feature","geometry":{"type":"MultiPolygon","coordinates":[[[[-58.69007,-38.5478],[-58.69204,-38.5494],[-58.69392,-38.55091],[-58.69585,-38.55247],[-58.69685,-38.55328],[-58.69778,-38.55404],[-58.69964,-38.55555],[-58.70152,-38.55708],[-58.70162,-38.55699],[-58.7027,-38.55617],[-58.70272,-38.55472],[-58.70274,-38.5532],[-58.70276,-38.55164],[-58.70182,-38.5509],[-58.69991,-38.54938],[-58.69795,-38.54782],[-58.69605,-38.54631],[-58.69408,-38.54474],[-58.69222,-38.54322],[-58.6913,-38.54248],[-58.69034,-38.5417],[-58.68935,-38.5409],[-58.68908,-38.54068],[-58.68809,-38.54144],[-58.68713,-38.54218],[-58.68616,-38.54293],[-58.68574,-38.54346],[-58.68573,-38.54347],[-58.68576,-38.54352],[-58.68578,-38.54357],[-58.68579,-38.54362],[-58.68579,-38.54368],[-58.68578,-38.54373],[-58.68577,-38.54378],[-58.68574,-38.54384],[-58.68571,-38.54388],[-58.68568,-38.54392],[-58.68564,-38.54396],[-58.6856,-38.544],[-58.68556,-38.54403],[-58.68551,-38.54405],[-58.68545,-38.54408],[-58.68539,-38.54409],[-58.6854,-38.5441],[-58.6859,-38.5444],[-58.68633,-38.54476],[-58.68725,-38.54549],[-58.68815,-38.54623],[-58.69007,-38.5478]]]]},"properties":{"radio":"065812204","poblacion":189,"area_ha":94.6,"densidad_hab_ha":2.0,"densidad":"1 a 20 hab/ha"}},{"type":"Feature","geometry":{"type":"MultiPolygon","coordinates":[[[[-58.70394,-38.5372],[-58.70298,-38.53793],[-58.7032,-38.53776],[-58.70313,-38.53785],[-58.70307,-38.53794],[-58.70302,-38.53804],[-58.703,-38.53815],[-58.70299,-38.5383],[-58.70296,-38.53951],[-58.70294,-38.54109],[-58.70291,-38.54258],[-58.70285,-38.54556],[-58.7028,-38.5484],[-58.7028,-38.54863],[-58.70276,-38.55164],[-58.70274,-38.5532],[-58.70272,-38.55472],[-58.7027,-38.55617],[-58.70342,-38.55562],[-58.70356,-38.55551],[-58.70363,-38.55545],[-58.70459,-38.55472],[-58.70557,-38.55397],[-58.70652,-38.55324],[-58.70756,-38.55245],[-58.70769,-38.55235],[-58.70856,-38.55169],[-58.70953,-38.55095],[-58.71048,-38.55022],[-58.71146,-38.54947],[-58.71243,-38.54872],[-58.71254,-38.54865],[-58.71344,-38.54796],[-58.71447,-38.54717],[-58.71541,-38.54645],[-58.71495,-38.54608],[-58.71445,-38.54567],[-58.714,-38.54531],[-58.71354,-38.54494],[-58.71218,-38.54384],[-58.71207,-38.54375],[-58.70874,-38.54107],[-58.7078,-38.54031],[-58.70686,-38.53955],[-58.70592,-38.53879],[-58.70394,-38.5372]]]]},"properties":{"radio":"065812205","poblacion":331,"area_ha":119.3,"densidad_hab_ha":2.8,"densidad":"1 a 20 hab/ha"}},{"type":"Feature","geometry":{"type":"MultiPolygon","coordinates":[[[[-58.71541,-38.54645],[-58.71447,-38.54717],[-58.71344,-38.54796],[-58.71254,-38.54865],[-58.71243,-38.54872],[-58.71146,-38.54947],[-58.71048,-38.55022],[-58.71148,-38.55101],[-58.71247,-38.5518],[-58.71341,-38.55255],[-58.71437,-38.55181],[-58.71534,-38.55107],[-58.71634,-38.55031],[-58.71737,-38.54952],[-58.71833,-38.5488],[-58.71931,-38.54805],[-58.72027,-38.54732],[-58.71933,-38.54656],[-58.71833,-38.54576],[-58.71735,-38.54497],[-58.7164,-38.5457],[-58.71541,-38.54645]]]]},"properties":{"radio":"065812206","poblacion":990,"area_ha":30.4,"densidad_hab_ha":32.6,"densidad":"20 a 40 hab/ha"}},{"type":"Feature","geometry":{"type":"MultiPolygon","coordinates":[[[[-58.71532,-38.55258],[-58.71626,-38.55333],[-58.71722,-38.55259],[-58.71822,-38.55182],[-58.71924,-38.55104],[-58.7202,-38.55031],[-58.72118,-38.54956],[-58.72214,-38.54883],[-58.7212,-38.54807],[-58.72027,-38.54732],[-58.71931,-38.54805],[-58.71833,-38.5488],[-58.71737,-38.54952],[-58.71634,-38.55031],[-58.71534,-38.55107],[-58.71437,-38.55181],[-58.71532,-38.55258]]]]},"properties":{"radio":"065812207","poblacion":914,"area_ha":16.8,"densidad_hab_ha":54.4,"densidad":"40 a 80 hab/ha"}},{"type":"Feature","geometry":{"type":"MultiPolygon","coordinates":[[[[-58.7202,-38.55031],[-58.71924,-38.55104],[-58.71822,-38.55182],[-58.71722,-38.55259],[-58.71626,-38.55333],[-58.71955,-38.556],[-58.7196,-38.55586],[-58.71978,-38.55543],[-58.72002,-38.55504],[-58.72042,-38.5547],[-58.72046,-38.55466],[-58.7211,-38.55436],[-58.72218,-38.55396],[-58.72305,-38.55364],[-58.72387,-38.5533],[-58.72482,-38.55275],[-58.72569,-38.55219],[-58.72535,-38.55172],[-58.72527,-38.55161],[-58.72452,-38.55057],[-58.7244,-38.5505],[-58.72426,-38.55045],[-58.72411,-38.55043],[-58.72397,-38.55045],[-58.72381,-38.5505],[-58.72402,-38.55034],[-58.72214,-38.54883],[-58.72118,-38.54956],[-58.7202,-38.55031]]]]},"properties":{"radio":"065812208","poblacion":864,"area_ha":30.2,"densidad_hab_ha":28.6,"densidad":"20 a 40 hab/ha"}},{"type":"Feature","geometry":{"type":"MultiPolygon","coordinates":[[[[-58.71895,-38.56165],[-58.71965,-38.56221],[-58.71998,-38.5618],[-58.72026,-38.56128],[-58.72056,-38.5607],[-58.72065,-38.5602],[-58.72061,-38.55983],[-58.7205,-38.55948],[-58.72026,-38.559],[-58.71995,-38.55824],[-58.71962,-38.55754],[-58.71946,-38.55708],[-58.71941,-38.55668],[-58.71946,-38.55627],[-58.71955,-38.556],[-58.71626,-38.55333],[-58.71532,-38.55258],[-58.71437,-38.55181],[-58.71341,-38.55255],[-58.71244,-38.5533],[-58.71148,-38.55404],[-58.71047,-38.55481],[-58.7114,-38.55557],[-58.71234,-38.55633],[-58.71328,-38.55708],[-58.71423,-38.55784],[-58.71516,-38.55859],[-58.7161,-38.55935],[-58.71703,-38.5601],[-58.71798,-38.56087],[-58.71822,-38.56106],[-58.71895,-38.56165]]]]},"properties":{"radio":"065812209","poblacion":2041,"area_ha":45.3,"densidad_hab_ha":45.0,"densidad":"40 a 80 hab/ha"}}]}
