{"type":"FeatureCollection","features":[{"type":"Feature","properties":{"fna":"Arroyo Quequén Chico","gna":"Arroyo","nam":"Quequén Chico","tipo":"Corriente de agua perenne","ign":"lineas_de_aguas_continentales_perenne.630711"},"geometry":{"type":"MultiLineString","coordinates":[[[-59.12001,-37.78567],[-59.11922,-37.7869],[-59.11811,-37.78794],[-59.1164,-37.78841],[-59.11526,-37.78886],[-59.11501,-37.78923],[-59.11499,-37.79058],[-59.11498,-37.79198],[-59.11464,-37.79308],[-59.11383,-37.79427],[-59.1137,-37.7947],[-59.11392,-37.79562],[-59.11433,-37.79698],[-59.1152,-37.79825],[-59.11629,-37.79932],[-59.11647,-37.79994],[-59.11639,-37.80028],[-59.11606,-37.80067],[-59.11462,-37.80145],[-59.11317,-37.80227],[-59.11301,-37.80267],[-59.11313,-37.80336],[-59.113,-37.80362],[-59.11128,-37.804],[-59.11036,-37.8046],[-59.11,-37.805],[-59.10961,-37.80586],[-59.10955,-37.8063],[-59.10954,-37.80666],[-59.1097,-37.80802],[-59.10974,-37.80937],[-59.1101,-37.81077],[-59.11009,-37.81213],[-59.10937,-37.81339],[-59.10958,-37.81431]]]}},{"type":"Feature","properties":{"fna":"Arroyo Tamangueyú","gna":"Arroyo","nam":"Tamangueyú","tipo":"Corriente de agua perenne","ign":"lineas_de_aguas_continentales_perenne.630747"},"geometry":{"type":"MultiLineString","coordinates":[[[-58.71228,-37.84616],[-58.71269,-37.84661],[-58.71267,-37.84769],[-58.71312,-37.84819],[-58.71424,-37.84955],[-58.7143,-37.8497],[-58.71419,-37.85001],[-58.71352,-37.85065],[-58.71329,-37.85099],[-58.71301,-37.85208],[-58.713,-37.85262],[-58.71343,-37.85426],[-58.71367,-37.85477],[-58.71401,-37.85545],[-58.71409,-37.8558],[-58.71418,-37.85687],[-58.71457,-37.85857],[-58.71506,-37.85891],[-58.7161,-37.85914],[-58.71638,-37.85938],[-58.71646,-37.8599],[-58.71613,-37.86101],[-58.71504,-37.86239],[-58.71305,-37.86291],[-58.71218,-37.86382],[-58.71188,-37.86435],[-58.71154,-37.86597],[-58.71172,-37.86653],[-58.71203,-37.86726],[-58.71191,-37.86762],[-58.71136,-37.86802],[-58.71053,-37.86836],[-58.71014,-37.86856],[-58.70859,-37.86963],[-58.70795,-37.87066],[-58.70795,-37.8712],[-58.70838,-37.87283],[-58.70881,-37.87447],[-58.70924,-37.8761],[-58.70927,-37.87668],[-58.7093,-37.87745],[-58.70951,-37.87775],[-58.70888,-37.87926],[-58.70883,-37.87983],[-58.70923,-37.88096],[-58.70988,-37.88254],[-58.70993,-37.88417],[-58.70946,-37.88518],[-58.709,-37.88562],[-58.70693,-37.88596],[-58.70557,-37.88695]]]}},{"type":"Feature","properties":{"fna":"Arroyo de los Huesos","gna":"Arroyo","nam":"de los Huesos","tipo":"Corriente de agua perenne","ign":"lineas_de_aguas_continentales_perenne.630858"},"geometry":{"type":"MultiLineString","coordinates":[[[-58.73151,-38.00508],[-58.73199,-38.00566],[-58.7333,-38.00775],[-58.73549,-38.0092]]]}},{"type":"Feature","properties":{"fna":"Arroyo Dulce","gna":"Arroyo","nam":"Dulce","tipo":"Corriente de agua perenne","ign":"lineas_de_aguas_continentales_perenne.630821"},"geometry":{"type":"MultiLineString","coordinates":[[[-59.2163,-37.92075],[-59.21629,-37.92204],[-59.21627,-37.92355],[-59.21611,-37.92396],[-59.21564,-37.92445],[-59.21543,-37.92471],[-59.21457,-37.92591],[-59.21379,-37.92721],[-59.21294,-37.92839],[-59.21239,-37.92973],[-59.21145,-37.93121],[-59.21038,-37.93221],[-59.20974,-37.93317],[-59.20798,-37.93483],[-59.20722,-37.93575],[-59.20697,-37.93639],[-59.20708,-37.93668],[-59.2087,-37.93858],[-59.20985,-37.93962],[-59.20986,-37.93999],[-59.2093,-37.94057],[-59.20916,-37.94087],[-59.20903,-37.9423],[-59.20891,-37.94368],[-59.20826,-37.94497],[-59.20761,-37.94636],[-59.20757,-37.94681],[-59.20787,-37.94774],[-59.20843,-37.94904],[-59.20974,-37.95006],[-59.20983,-37.95049],[-59.20946,-37.9514],[-59.20835,-37.95244],[-59.2077,-37.95322],[-59.20753,-37.95365],[-59.20743,-37.9544],[-59.20699,-37.95575],[-59.20697,-37.95713],[-59.20696,-37.95852],[-59.207,-37.9599],[-59.20741,-37.96133],[-59.20792,-37.96268],[-59.20802,-37.96406],[-59.20815,-37.96545],[-59.20861,-37.96675],[-59.20903,-37.96788],[-59.20945,-37.96924],[-59.20943,-37.97075],[-59.20951,-37.97218],[-59.20966,-37.97261],[-59.21019,-37.97344],[-59.21119,-37.97458],[-59.2117,-37.97592],[-59.21201,-37.97731],[-59.21193,-37.97869],[-59.21207,-37.98008],[-59.21217,-37.98117],[-59.21147,-37.98243],[-59.21083,-37.98368],[-59.21017,-37.9849],[-59.2099,-37.98594],[-59.20967,-37.98812],[-59.20975,-37.98959],[-59.20995,-37.99072],[-59.20994,-37.99211],[-59.21003,-37.99349],[-59.21013,-37.99376],[-59.2112,-37.99491],[-59.21225,-37.99601],[-59.2125,-37.99644],[-59.21255,-37.99675],[-59.21251,-37.99735],[-59.21187,-38.0],[-59.21114,-38.00111],[-59.21094,-38.00174],[-59.21104,-38.0026],[-59.21111,-38.00317],[-59.2115,-38.00403],[-59.21178,-38.00475],[-59.21177,-38.00518],[-59.21177,-38.00589],[-59.21177,-38.00647],[-59.21156,-38.00739],[-59.21146,-38.00789],[-59.21125,-38.0086],[-59.21154,-38.00918],[-59.21201,-38.01004],[-59.21239,-38.01083],[-59.21257,-38.01147],[-59.21256,-38.0124],[-59.21304,-38.01361],[-59.21341,-38.01433],[-59.2134,-38.01476],[-59.21311,-38.01548],[-59.21301,-38.01619],[-59.213,-38.0169],[-59.21337,-38.01748],[-59.21433,-38.01813],[-59.21452,-38.01863],[-59.21451,-38.0192],[-59.21431,-38.02005],[-59.21373,-38.02062],[-59.21323,-38.02119],[-59.21304,-38.02212],[-59.21303,-38.02262],[-59.21321,-38.02319],[-59.21359,-38.02384],[-59.21398,-38.02434],[-59.21445,-38.02505],[-59.21473,-38.0257],[-59.21473,-38.0262],[-59.21471,-38.0272],[-59.21471,-38.02798],[-59.2147,-38.02827],[-59.21469,-38.0292],[-59.21469,-38.0297],[-59.21469,-38.03006],[-59.21468,-38.03034],[-59.21448,-38.0312],[-59.21418,-38.03191],[-59.2137,-38.03234],[-59.21351,-38.03248],[-59.21321,-38.03291],[-59.2132,-38.03334],[-59.2132,-38.03398],[-59.21319,-38.03491],[-59.2128,-38.03605],[-59.21075,-38.03711],[-59.20977,-38.03875],[-59.21022,-38.0417],[-59.20963,-38.04313],[-59.20817,-38.04476],[-59.20758,-38.04554],[-59.207,-38.04625],[-59.20613,-38.04696],[-59.20487,-38.04745],[-59.2039,-38.04773],[-59.20312,-38.04773],[-59.20178,-38.04794],[-59.2011,-38.0485],[-59.20071,-38.04893],[-59.2007,-38.04935],[-59.20108,-38.04993],[-59.20184,-38.05107],[-59.20183,-38.05207],[-59.20142,-38.05379],[-59.20112,-38.05521],[-59.20131,-38.05708],[-59.20292,-38.05816],[-59.20358,-38.05973],[-59.20472,-38.06116],[-59.2047,-38.0631],[-59.20314,-38.06502],[-59.20237,-38.06565],[-59.20139,-38.06643],[-59.20119,-38.067],[-59.20099,-38.06771],[-59.20107,-38.06993],[-59.20046,-38.07253],[-59.20045,-38.07339],[-59.19976,-38.07446],[-59.19889,-38.07538],[-59.19782,-38.07623],[-59.19733,-38.0768],[-59.19732,-38.07773],[-59.19732,-38.0783],[-59.19759,-38.07901],[-59.19807,-38.07952],[-59.19845,-38.07995],[-59.19989,-38.0811],[-59.20132,-38.08191],[-59.20209,-38.08255],[-59.20247,-38.08304],[-59.20265,-38.08362],[-59.20274,-38.08441],[-59.20187,-38.08554],[-59.20147,-38.08598],[-59.20098,-38.08697],[-59.19992,-38.08739],[-59.19952,-38.08853],[-59.20056,-38.08968],[-59.20074,-38.09118],[-59.20139,-38.0934],[-59.20137,-38.09519],[-59.20289,-38.09734],[-59.20385,-38.09813],[-59.20412,-38.09963],[-59.20391,-38.10085],[-59.20487,-38.10157],[-59.20525,-38.10214],[-59.20485,-38.10314],[-59.2032,-38.10413],[-59.20145,-38.1059],[-59.20016,-38.10901],[-59.19995,-38.11036],[-59.20013,-38.11194],[-59.20012,-38.11272],[-59.20011,-38.11315],[-59.19943,-38.11415],[-59.19894,-38.11457],[-59.19778,-38.11485],[-59.19671,-38.11556],[-59.19699,-38.11699],[-59.1965,-38.11763],[-59.19572,-38.11848],[-59.19523,-38.11905],[-59.19474,-38.11947],[-59.19416,-38.12004],[-59.19357,-38.12061],[-59.19318,-38.12146],[-59.19297,-38.1226],[-59.19345,-38.12325],[-59.19354,-38.12346],[-59.19363,-38.12403],[-59.19381,-38.12511],[-59.19563,-38.12629],[-59.19582,-38.12701],[-59.19619,-38.12772],[-59.19677,-38.12816],[-59.19696,-38.12844],[-59.19725,-38.12873],[-59.19714,-38.1293],[-59.19656,-38.12965],[-59.19608,-38.13015],[-59.19597,-38.13087],[-59.19758,-38.1326],[-59.19932,-38.13303],[-59.20066,-38.13362],[-59.20076,-38.1339],[-59.20075,-38.13462],[-59.20007,-38.13519],[-59.20025,-38.13576],[-59.20025,-38.13618],[-59.20034,-38.13676],[-59.20033,-38.13747],[-59.20062,-38.1379],[-59.201,-38.13833],[-59.20139,-38.13855],[-59.20224,-38.13948],[-59.20223,-38.14035],[-59.20184,-38.14048],[-59.20136,-38.14077],[-59.20106,-38.14154],[-59.20027,-38.14333],[-59.1993,-38.14411],[-59.19843,-38.1446],[-59.19793,-38.14502],[-59.19744,-38.14574],[-59.19715,-38.14666],[-59.19714,-38.14752],[-59.19712,-38.14859],[-59.19712,-38.14931],[-59.1971,-38.15038],[-59.1969,-38.15116],[-59.1966,-38.15202],[-59.19622,-38.15287],[-59.19571,-38.15409],[-59.19541,-38.15494],[-59.1954,-38.15573],[-59.1955,-38.15644],[-59.19607,-38.15716],[-59.19654,-38.15788],[-59.19682,-38.15845],[-59.19721,-38.15902],[-59.19719,-38.15981],[-59.19748,-38.16045],[-59.19776,-38.16103],[-59.19833,-38.16146],[-59.1992,-38.16218],[-59.20042,-38.1648],[-59.20099,-38.16537],[-59.20128,-38.16581],[-59.20137,-38.16638],[-59.20127,-38.16666],[-59.20097,-38.16723],[-59.20029,-38.16794],[-59.19951,-38.16851],[-59.19883,-38.16908],[-59.19853,-38.16964],[-59.19814,-38.17079],[-59.19794,-38.1715],[-59.19793,-38.17249],[-59.19792,-38.17307],[-59.19772,-38.17392],[-59.19761,-38.17464],[-59.1975,-38.17557],[-59.19691,-38.17721],[-59.19533,-38.1799],[-59.19434,-38.18204],[-59.19384,-38.18347],[-59.19337,-38.18472]]]}},{"type":"Feature","properties":{"fna":"Arroyo Quequén Chico","gna":"Arroyo","nam":"Quequén Chico","tipo":"Corriente de agua perenne","ign":"lineas_de_aguas_continentales_perenne.630828"},"geometry":{"type":"MultiLineString","coordinates":[[[-59.10958,-37.81431],[-59.10995,-37.81471],[-59.11137,-37.81551],[-59.1128,-37.81635],[-59.11314,-37.81672],[-59.11339,-37.81763],[-59.11327,-37.81853],[-59.11304,-37.81898],[-59.11192,-37.82006],[-59.1113,-37.82085],[-59.11114,-37.82129],[-59.11107,-37.82268],[-59.11105,-37.82403],[-59.11104,-37.82544],[-59.11084,-37.82587],[-59.10998,-37.82658],[-59.10954,-37.82688],[-59.10893,-37.82727],[-59.10869,-37.82753],[-59.10848,-37.82796],[-59.10835,-37.82888],[-59.10833,-37.83024],[-59.1084,-37.83123],[-59.10854,-37.83173],[-59.10889,-37.8321],[-59.10961,-37.83246],[-59.1099,-37.8327],[-59.11047,-37.83344],[-59.1106,-37.83384],[-59.1107,-37.83511],[-59.11035,-37.83651],[-59.10946,-37.83774],[-59.10934,-37.83841],[-59.10965,-37.83979],[-59.11003,-37.84032],[-59.11134,-37.84103],[-59.11254,-37.84204],[-59.11302,-37.84336],[-59.11387,-37.84418],[-59.11439,-37.84429],[-59.1161,-37.84378],[-59.11727,-37.84341],[-59.11782,-37.8434],[-59.11815,-37.8437],[-59.11833,-37.84436],[-59.11846,-37.84467],[-59.11944,-37.84581],[-59.11998,-37.84597],[-59.12041,-37.84593],[-59.12126,-37.84552],[-59.12294,-37.84521],[-59.12347,-37.84531],[-59.12436,-37.84609],[-59.1254,-37.84719],[-59.12597,-37.84737],[-59.12716,-37.84738],[-59.12881,-37.84705],[-59.12934,-37.84725],[-59.13007,-37.84797],[-59.13007,-37.84841],[-59.12945,-37.84928],[-59.12898,-37.84959],[-59.1283,-37.84996],[-59.12817,-37.85019],[-59.12893,-37.85151],[-59.12897,-37.85173],[-59.12875,-37.8522],[-59.12978,-37.85331],[-59.12999,-37.85466],[-59.13085,-37.85589],[-59.13098,-37.85786],[-59.13031,-37.85891],[-59.13192,-37.85931],[-59.13295,-37.86041],[-59.1341,-37.86143],[-59.13536,-37.86235],[-59.13589,-37.86259],[-59.13706,-37.86267],[-59.13861,-37.86181],[-59.13978,-37.86166],[-59.14033,-37.86178],[-59.14158,-37.86271],[-59.14214,-37.8629],[-59.14289,-37.86315],[-59.14312,-37.86338],[-59.14334,-37.86382],[-59.14502,-37.86437],[-59.14661,-37.86508],[-59.14837,-37.86522],[-59.14979,-37.86611],[-59.15088,-37.86717],[-59.15108,-37.86853],[-59.15163,-37.86984],[-59.15176,-37.86994],[-59.15213,-37.86993],[-59.15305,-37.86966],[-59.15339,-37.86972],[-59.15437,-37.87087],[-59.15598,-37.87195],[-59.15712,-37.87268],[-59.15761,-37.87272],[-59.15832,-37.87265],[-59.15849,-37.87278],[-59.15825,-37.87413],[-59.15819,-37.87496],[-59.15899,-37.87521],[-59.1599,-37.87579],[-59.16157,-37.87608],[-59.16328,-37.87635],[-59.16358,-37.87666],[-59.16362,-37.87736],[-59.16371,-37.87767],[-59.16468,-37.87881],[-59.16495,-37.88018],[-59.16498,-37.88157],[-59.16537,-37.88187],[-59.16622,-37.88204],[-59.16658,-37.88219],[-59.16766,-37.8833],[-59.16767,-37.88374],[-59.16739,-37.88437],[-59.16737,-37.88465],[-59.16777,-37.88498],[-59.16848,-37.88537],[-59.16858,-37.88562],[-59.16818,-37.88697],[-59.16788,-37.88837],[-59.16715,-37.88963],[-59.16693,-37.89016],[-59.16679,-37.89156],[-59.16623,-37.89292],[-59.16682,-37.89418],[-59.16699,-37.89513],[-59.16691,-37.89559],[-59.16634,-37.89694],[-59.16578,-37.89825],[-59.16567,-37.89869],[-59.16576,-37.8996],[-59.16597,-37.90004],[-59.16674,-37.90075],[-59.16729,-37.90089],[-59.16808,-37.9009],[-59.16845,-37.90098],[-59.16946,-37.9015],[-59.16982,-37.90187],[-59.16992,-37.9023],[-59.16953,-37.90322],[-59.16852,-37.90435],[-59.1679,-37.90444],[-59.16698,-37.90438],[-59.16681,-37.90456],[-59.16679,-37.90591],[-59.16679,-37.90608],[-59.16708,-37.90742],[-59.16738,-37.90778],[-59.16804,-37.90817],[-59.16829,-37.90839],[-59.16899,-37.90966],[-59.16991,-37.91085],[-59.16973,-37.91225],[-59.16939,-37.9136],[-59.16866,-37.91496],[-59.16814,-37.91626],[-59.16798,-37.91718],[-59.16813,-37.91762],[-59.16916,-37.91872],[-59.17003,-37.91991],[-59.17019,-37.92038],[-59.17002,-37.92135],[-59.16917,-37.92258],[-59.1685,-37.92383],[-59.16843,-37.92519],[-59.16858,-37.92669],[-59.16856,-37.92804],[-59.16865,-37.92949],[-59.16864,-37.93084],[-59.16884,-37.9322],[-59.16938,-37.93351],[-59.1693,-37.93487],[-59.16852,-37.93618],[-59.1674,-37.93722],[-59.16728,-37.93861],[-59.16694,-37.93949],[-59.16661,-37.93988],[-59.16505,-37.94048],[-59.16371,-37.94139],[-59.162,-37.94177],[-59.16039,-37.94237],[-59.16001,-37.94249],[-59.15838,-37.94312],[-59.1579,-37.94341],[-59.15726,-37.94425],[-59.15697,-37.94565],[-59.15623,-37.947],[-59.15567,-37.94831],[-59.15522,-37.94966],[-59.15487,-37.95106],[-59.1547,-37.95197],[-59.15452,-37.95241],[-59.15418,-37.95298],[-59.15323,-37.95412],[-59.15162,-37.9549],[-59.15046,-37.95589],[-59.15,-37.9572],[-59.14927,-37.95846],[-59.14925,-37.95987],[-59.14923,-37.96081],[-59.14901,-37.96122],[-59.14784,-37.96226],[-59.14667,-37.9633],[-59.14555,-37.96434],[-59.14428,-37.96525],[-59.14372,-37.96534],[-59.14257,-37.9651],[-59.14097,-37.96457],[-59.13973,-37.9644],[-59.13915,-37.96451],[-59.13781,-37.96537],[-59.13659,-37.96642],[-59.13509,-37.96711],[-59.13343,-37.96745],[-59.13252,-37.96786],[-59.13202,-37.9683],[-59.13147,-37.96954],[-59.13065,-37.97093],[-59.12959,-37.9721],[-59.12852,-37.97319],[-59.12746,-37.97432],[-59.12667,-37.97558],[-59.12632,-37.97702],[-59.1262,-37.97837],[-59.12618,-37.97977],[-59.12616,-37.98122],[-59.12615,-37.98258],[-59.12615,-37.98279],[-59.12642,-37.98419],[-59.1264,-37.98559],[-59.1261,-37.98598],[-59.12545,-37.98642],[-59.12529,-37.98668],[-59.12531,-37.98713],[-59.12566,-37.98803],[-59.12675,-37.98909],[-59.12651,-37.98944],[-59.12584,-37.98992],[-59.12568,-37.99017],[-59.12578,-37.99152],[-59.12626,-37.99289],[-59.1261,-37.99332],[-59.12556,-37.99387],[-59.12542,-37.99415],[-59.12572,-37.99458],[-59.12637,-37.99513],[-59.12629,-37.99534],[-59.12481,-37.99601],[-59.12342,-37.99665],[-59.12315,-37.99674],[-59.12265,-37.99691],[-59.12201,-37.99713],[-59.1217,-37.99726],[-59.12138,-37.99741],[-59.12075,-37.99772],[-59.11886,-37.99889],[-59.11869,-37.99897],[-59.11831,-37.99905],[-59.11699,-37.999],[-59.11481,-37.99902],[-59.11396,-37.9991],[-59.11354,-37.99918],[-59.11293,-37.99937],[-59.11267,-37.99958],[-59.11246,-37.99999],[-59.11205,-38.00037],[-59.11203,-38.00101],[-59.1125,-38.00145],[-59.1125,-38.00216],[-59.11229,-38.00302],[-59.11152,-38.00387],[-59.11102,-38.00458],[-59.11053,-38.00522],[-59.11034,-38.00579],[-59.11013,-38.00636],[-59.10975,-38.00693],[-59.10839,-38.00756],[-59.10646,-38.0084],[-59.10337,-38.00909],[-59.09951,-38.00963],[-59.09835,-38.01034],[-59.09747,-38.01141],[-59.09668,-38.0119],[-59.09534,-38.01217],[-59.09466,-38.01231],[-59.09427,-38.01289],[-59.09426,-38.01339],[-59.09441,-38.0142],[-59.09341,-38.0144],[-59.09243,-38.01373],[-59.09129,-38.01329],[-59.09013,-38.01342],[-59.08907,-38.01384],[-59.0879,-38.01426],[-59.08703,-38.01468],[-59.08596,-38.01567],[-59.08556,-38.01695],[-59.08516,-38.01795],[-59.08515,-38.01852],[-59.08437,-38.01966],[-59.08359,-38.02008],[-59.08244,-38.02021],[-59.08147,-38.02042],[-59.08031,-38.02049],[-59.07964,-38.02069],[-59.07858,-38.0209],[-59.0778,-38.02125],[-59.07733,-38.02195],[-59.0778,-38.02281],[-59.07847,-38.02353],[-59.07846,-38.02431],[-59.07816,-38.02488],[-59.07796,-38.02523],[-59.07738,-38.02567],[-59.07622,-38.02601],[-59.07563,-38.0265],[-59.07543,-38.02765],[-59.07543,-38.02808],[-59.07542,-38.02879],[-59.0755,-38.02943],[-59.07521,-38.03008],[-59.07433,-38.03078],[-59.07384,-38.03156],[-59.07209,-38.03283],[-59.0716,-38.03347],[-59.07034,-38.03418],[-59.06957,-38.03381],[-59.0689,-38.03388],[-59.06773,-38.03458],[-59.06637,-38.03571],[-59.06618,-38.03629],[-59.06626,-38.03679],[-59.06626,-38.037],[-59.06606,-38.03793],[-59.06509,-38.03849],[-59.0644,-38.03899],[-59.06255,-38.04083],[-59.06226,-38.04133],[-59.061,-38.04174],[-59.06022,-38.0421],[-59.05945,-38.04259],[-59.05886,-38.04323],[-59.05668,-38.04403],[-59.05609,-38.04417],[-59.05513,-38.04473],[-59.05474,-38.04537],[-59.05453,-38.04594],[-59.05424,-38.04622],[-59.05365,-38.04665],[-59.0525,-38.04678],[-59.0522,-38.04749],[-59.05199,-38.04913],[-59.05198,-38.04971],[-59.05197,-38.05056],[-59.05226,-38.05092],[-59.05273,-38.05149],[-59.05291,-38.05221],[-59.05291,-38.0525],[-59.0528,-38.05293],[-59.05222,-38.05371],[-59.05154,-38.05427],[-59.05115,-38.05463],[-59.05095,-38.0554],[-59.05084,-38.05605],[-59.05005,-38.05748],[-59.04995,-38.05804],[-59.04994,-38.05862],[-59.04974,-38.05933],[-59.04894,-38.06132],[-59.04835,-38.0621],[-59.04748,-38.06281],[-59.0467,-38.0633],[-59.04544,-38.06436],[-59.04505,-38.06479],[-59.04406,-38.0665],[-59.04424,-38.06693],[-59.04462,-38.06736],[-59.045,-38.06814],[-59.04508,-38.06922],[-59.04498,-38.06993],[-59.04506,-38.07079],[-59.04562,-38.07172],[-59.04581,-38.07236],[-59.04581,-38.0728],[-59.04551,-38.07365],[-59.04462,-38.07485],[-59.04432,-38.07536],[-59.04423,-38.07564],[-59.04422,-38.07607],[-59.04393,-38.07635],[-59.04267,-38.07663],[-59.04219,-38.07662],[-59.04142,-38.07661],[-59.04093,-38.07704],[-59.04035,-38.07761],[-59.04005,-38.07839],[-59.03965,-38.07903],[-59.03821,-38.07938],[-59.03772,-38.07937],[-59.03733,-38.07972],[-59.03693,-38.08101],[-59.03652,-38.08332],[-59.0368,-38.08382],[-59.03727,-38.0844],[-59.03775,-38.08512],[-59.03803,-38.08569],[-59.03802,-38.08626],[-59.03773,-38.08669],[-59.03638,-38.08711],[-59.0358,-38.08724],[-59.03493,-38.08724],[-59.03387,-38.08723],[-59.03309,-38.08751],[-59.0327,-38.08779],[-59.03231,-38.08829],[-59.03182,-38.08921],[-59.03181,-38.08993],[-59.03151,-38.09057],[-59.03044,-38.09106],[-59.02977,-38.09134],[-59.02918,-38.09176],[-59.0286,-38.0924],[-59.0281,-38.09304],[-59.02771,-38.09375],[-59.02732,-38.09425],[-59.02586,-38.09573],[-59.0241,-38.09722],[-59.02353,-38.09783],[-59.02168,-38.09889],[-59.02071,-38.09953],[-59.01965,-38.10044],[-59.01896,-38.10108],[-59.01731,-38.10207],[-59.01614,-38.10313],[-59.01546,-38.10384],[-59.01467,-38.10461],[-59.01427,-38.10546],[-59.01388,-38.10632],[-59.01329,-38.10717],[-59.01221,-38.1081],[-59.01144,-38.10866],[-59.01037,-38.10929],[-59.00882,-38.10992],[-59.00785,-38.11006],[-59.0064,-38.11055],[-59.00552,-38.11125],[-59.00367,-38.11259],[-59.00338,-38.11324],[-59.00289,-38.11409],[-59.0017,-38.11615],[-59.00063,-38.11686],[-58.99898,-38.11784],[-58.99781,-38.11819],[-58.99675,-38.11825],[-58.99442,-38.11937],[-58.99318,-38.1203],[-58.99172,-38.12086],[-58.99123,-38.12035],[-58.99007,-38.12019],[-58.9894,-38.12113],[-58.98929,-38.12242],[-58.98772,-38.12472],[-58.9877,-38.12644],[-58.98807,-38.12765],[-58.98739,-38.12865],[-58.98504,-38.13055],[-58.98281,-38.13118],[-58.97932,-38.133],[-58.97853,-38.1345],[-58.9786,-38.13622],[-58.97858,-38.13799],[-58.97769,-38.13947],[-58.97748,-38.14061],[-58.97747,-38.14104],[-58.97756,-38.14147],[-58.97755,-38.14204],[-58.97638,-38.14303],[-58.97541,-38.14359],[-58.97376,-38.14429],[-58.97201,-38.14491],[-58.97081,-38.1449],[-58.97007,-38.145],[-58.96991,-38.14517],[-58.9696,-38.146],[-58.96966,-38.14733],[-58.9698,-38.14871],[-58.96964,-38.14921],[-58.96784,-38.14937],[-58.9649,-38.15067],[-58.96357,-38.15136],[-58.95793,-38.1525],[-58.95731,-38.15276],[-58.95716,-38.15295],[-58.95723,-38.15337],[-58.95744,-38.15365],[-58.95782,-38.15394],[-58.95832,-38.15431],[-58.95841,-38.15449],[-58.95822,-38.15472],[-58.95735,-38.15503],[-58.95538,-38.15513],[-58.95432,-38.15519],[-58.95408,-38.15531],[-58.95392,-38.15576],[-58.9543,-38.1569],[-58.95439,-38.15712],[-58.9543,-38.15776],[-58.95392,-38.15862],[-58.95377,-38.15905],[-58.95345,-38.16109],[-58.95292,-38.16169],[-58.95372,-38.16275],[-58.95386,-38.16366],[-58.9537,-38.16409],[-58.9521,-38.16617],[-58.95224,-38.16679],[-58.95232,-38.16745],[-58.95223,-38.16778],[-58.95205,-38.16803],[-58.95147,-38.16839],[-58.9507,-38.16865],[-58.9496,-38.16891],[-58.94911,-38.16918],[-58.94899,-38.16931],[-58.94891,-38.16961],[-58.94919,-38.16997],[-58.94987,-38.17004],[-58.95032,-38.17049],[-58.95044,-38.17076],[-58.95052,-38.17191],[-58.95041,-38.17233],[-58.95012,-38.1729],[-58.95001,-38.17369],[-58.95009,-38.17476],[-58.95027,-38.17569],[-58.95075,-38.17641],[-58.95082,-38.17664],[-58.95091,-38.17694],[-58.95102,-38.17705],[-58.9517,-38.17747],[-58.95198,-38.17827],[-58.95159,-38.17869],[-58.95042,-38.1794],[-58.95021,-38.18026],[-58.95165,-38.18126],[-58.95173,-38.18212],[-58.95153,-38.18233],[-58.95047,-38.18254],[-58.94961,-38.18232],[-58.94893,-38.18174],[-58.94846,-38.18159],[-58.94778,-38.18151],[-58.94585,-38.1815],[-58.94508,-38.18135],[-58.94422,-38.18105],[-58.94345,-38.18062],[-58.94269,-38.18004],[-58.94221,-38.17997],[-58.94075,-38.18059],[-58.94036,-38.1813],[-58.93997,-38.18187],[-58.93995,-38.1828],[-58.93996,-38.18321],[-58.93973,-38.18354],[-58.9392,-38.18409],[-58.9388,-38.18412],[-58.93793,-38.18358],[-58.93725,-38.18256],[-58.93696,-38.18249],[-58.93639,-38.18249],[-58.9357,-38.18262],[-58.93555,-38.18323],[-58.93562,-38.1834],[-58.93576,-38.18379],[-58.93607,-38.18398],[-58.93645,-38.18434],[-58.93654,-38.1847],[-58.93624,-38.18541],[-58.93556,-38.18597],[-58.9341,-38.18653],[-58.93295,-38.18673],[-58.93188,-38.18694],[-58.93063,-38.18715],[-58.92976,-38.18735],[-58.92907,-38.18763],[-58.9281,-38.18791],[-58.92704,-38.18832],[-58.92548,-38.18874],[-58.92481,-38.18902],[-58.92403,-38.18959],[-58.92373,-38.19001],[-58.92331,-38.19049],[-58.9221,-38.19114],[-58.92081,-38.1923],[-58.92004,-38.19323],[-58.91996,-38.19401],[-58.91972,-38.19517],[-58.92028,-38.19611],[-58.92181,-38.19769],[-58.92199,-38.19833],[-58.9211,-38.19954],[-58.92061,-38.19996],[-58.91916,-38.2001],[-58.91762,-38.20022],[-58.91665,-38.20021],[-58.91539,-38.20034],[-58.91481,-38.2007],[-58.91423,-38.20112],[-58.91345,-38.20169],[-58.91325,-38.20204],[-58.91294,-38.20282],[-58.91284,-38.20361]]]}},{"type":"Feature","properties":{"fna":"Arroyo Quilacinta","gna":"Arroyo","nam":"Quilacinta","tipo":"Corriente de agua perenne","ign":"lineas_de_aguas_continentales_perenne.630838"},"geometry":{"type":"MultiLineString","coordinates":[[[-58.91748,-37.85258],[-58.91755,-37.85279],[-58.91929,-37.85327],[-58.92065,-37.85312],[-58.9213,-37.85336],[-58.92158,-37.85355],[-58.92186,-37.85387],[-58.92184,-37.85421],[-58.9213,-37.8549],[-58.92077,-37.85528],[-58.92004,-37.85574],[-58.91982,-37.85606],[-58.91962,-37.85733],[-58.91948,-37.85825],[-58.91961,-37.8587],[-58.92064,-37.85981],[-58.92171,-37.86088],[-58.92233,-37.86156],[-58.92242,-37.86193],[-58.92225,-37.86311],[-58.92267,-37.86386],[-58.92271,-37.86399],[-58.92257,-37.86425],[-58.92161,-37.86495],[-58.9205,-37.86604],[-58.92013,-37.86651],[-58.91959,-37.86753],[-58.91946,-37.86819],[-58.91962,-37.86851],[-58.91991,-37.8687],[-58.92064,-37.86877],[-58.92229,-37.8685],[-58.923,-37.86861],[-58.9241,-37.86927],[-58.92462,-37.86969],[-58.92555,-37.87062],[-58.92567,-37.87114],[-58.92538,-37.87237],[-58.925,-37.87391],[-58.92499,-37.87445],[-58.9257,-37.87569],[-58.92619,-37.87622],[-58.92692,-37.87689],[-58.9271,-37.87725],[-58.92671,-37.87817],[-58.92602,-37.87918],[-58.92623,-37.87937],[-58.92688,-37.87956],[-58.92708,-37.87972],[-58.92796,-37.88198],[-58.92868,-37.88331],[-58.92935,-37.88429],[-58.92981,-37.88454],[-58.93058,-37.88476],[-58.93082,-37.88497],[-58.93115,-37.88635],[-58.93143,-37.88725],[-58.93172,-37.88765],[-58.9322,-37.88799],[-58.93325,-37.88845],[-58.93437,-37.88892],[-58.93532,-37.88982],[-58.93643,-37.88997],[-58.93664,-37.89024],[-58.93673,-37.89081],[-58.93641,-37.89119],[-58.93575,-37.8917],[-58.93568,-37.89194],[-58.93633,-37.8925],[-58.93688,-37.89447],[-58.93724,-37.89486],[-58.93779,-37.89537],[-58.9378,-37.89562],[-58.93674,-37.89671],[-58.93608,-37.89758],[-58.93542,-37.89883],[-58.93524,-37.90048],[-58.93493,-37.90208],[-58.93499,-37.90348],[-58.93498,-37.9049],[-58.93506,-37.90628],[-58.93559,-37.90762],[-58.93557,-37.90899],[-58.93555,-37.91041],[-58.93557,-37.91183],[-58.93605,-37.91309],[-58.93605,-37.91322],[-58.93635,-37.91456],[-58.93702,-37.91583],[-58.937,-37.91732],[-58.93643,-37.91921],[-58.93618,-37.91991],[-58.93546,-37.92132],[-58.9351,-37.92224],[-58.93525,-37.9227],[-58.93554,-37.92294],[-58.93633,-37.92313],[-58.93811,-37.92315],[-58.9399,-37.92317],[-58.94168,-37.92326],[-58.94336,-37.92375],[-58.94494,-37.92447],[-58.94642,-37.92519],[-58.94789,-37.92599],[-58.94813,-37.92645],[-58.94807,-37.92741],[-58.94796,-37.92882],[-58.94724,-37.93008],[-58.94545,-37.93021],[-58.94461,-37.93101],[-58.94454,-37.93139],[-58.94602,-37.93249],[-58.94675,-37.93372],[-58.94689,-37.93439],[-58.94664,-37.93652],[-58.94635,-37.93722],[-58.94668,-37.93758],[-58.94677,-37.939],[-58.94784,-37.94011],[-58.94912,-37.94106],[-58.95049,-37.94194],[-58.95116,-37.9432],[-58.95172,-37.94402],[-58.95214,-37.94431],[-58.95382,-37.94472],[-58.95551,-37.9452],[-58.956,-37.94587],[-58.95658,-37.94745],[-58.95672,-37.9492],[-58.95731,-37.95041],[-58.95769,-37.95205],[-58.9584,-37.95279],[-58.95858,-37.95361],[-58.95941,-37.95484],[-58.9594,-37.95525],[-58.95865,-37.95609],[-58.95779,-37.95733],[-58.95776,-37.95779],[-58.95797,-37.95841],[-58.95797,-37.95872],[-58.95727,-37.96079],[-58.95687,-37.96184],[-58.9564,-37.96254],[-58.95561,-37.96396],[-58.9547,-37.96518],[-58.95428,-37.96651],[-58.95387,-37.96784],[-58.95361,-37.96847],[-58.95338,-37.96987],[-58.95346,-37.97033],[-58.95374,-37.97094],[-58.95381,-37.97125],[-58.95378,-37.9727],[-58.95387,-37.97408],[-58.95374,-37.97453],[-58.95341,-37.97512],[-58.9533,-37.97541],[-58.95313,-37.97683],[-58.95266,-37.9782],[-58.95235,-37.97933],[-58.95162,-37.98056],[-58.95144,-37.98102],[-58.9515,-37.98198],[-58.95198,-37.98329],[-58.9525,-37.98459],[-58.95245,-37.98502],[-58.95198,-37.98588],[-58.95132,-37.98717],[-58.95045,-37.98846],[-58.94995,-37.98987],[-58.94913,-37.99107],[-58.94855,-37.99187],[-58.94837,-37.99229],[-58.94811,-37.99351],[-58.94717,-37.99471],[-58.94636,-37.99595],[-58.9457,-37.9972],[-58.94413,-38.0],[-58.94286,-38.00082],[-58.94238,-38.0011],[-58.94228,-38.0016],[-58.94236,-38.0021],[-58.94255,-38.00254],[-58.94274,-38.00289],[-58.94292,-38.00332],[-58.94292,-38.00375],[-58.94243,-38.00431],[-58.94156,-38.0046],[-58.94079,-38.0048],[-58.94001,-38.00522],[-58.93923,-38.00558],[-58.93856,-38.00593],[-58.93826,-38.00628],[-58.93729,-38.00735],[-58.93708,-38.00769],[-58.93679,-38.00812],[-58.93649,-38.00876],[-58.93639,-38.00941],[-58.93638,-38.01012],[-58.93627,-38.01068],[-58.93579,-38.01126],[-58.93491,-38.01189],[-58.93481,-38.0121],[-58.93451,-38.01289],[-58.93451,-38.01324],[-58.93401,-38.01402],[-58.93372,-38.01424],[-58.93361,-38.01502],[-58.93457,-38.01574],[-58.9359,-38.01647],[-58.93686,-38.01734],[-58.93684,-38.01826],[-58.93702,-38.01905],[-58.93769,-38.01942],[-58.93778,-38.01985],[-58.93738,-38.02077],[-58.9367,-38.02162],[-58.93591,-38.02233],[-58.93542,-38.02325],[-58.93473,-38.02395],[-58.93347,-38.02502],[-58.93222,-38.02585],[-58.93049,-38.02548],[-58.92923,-38.02548],[-58.92941,-38.02718],[-58.92941,-38.02768],[-58.9294,-38.02782],[-58.92911,-38.02825],[-58.92881,-38.02868],[-58.92881,-38.0291],[-58.92928,-38.02982],[-58.92985,-38.03025],[-58.9309,-38.03119],[-58.93108,-38.0317],[-58.93097,-38.03248],[-58.93048,-38.03312],[-58.9297,-38.03382],[-58.92873,-38.03432],[-58.92805,-38.03467],[-58.92709,-38.03523],[-58.92649,-38.03622],[-58.92552,-38.03658],[-58.92551,-38.0375],[-58.9253,-38.03807],[-58.92501,-38.0385],[-58.92501,-38.03893],[-58.92539,-38.03914],[-58.92568,-38.03922],[-58.92596,-38.03986],[-58.92605,-38.04036],[-58.92603,-38.04129],[-58.92554,-38.042],[-58.92466,-38.04271],[-58.92389,-38.04284],[-58.92321,-38.04284],[-58.92284,-38.04269],[-58.92255,-38.04247],[-58.92236,-38.0424],[-58.92197,-38.0424],[-58.9212,-38.04246],[-58.92004,-38.04259],[-58.91927,-38.04237],[-58.91888,-38.04237],[-58.91802,-38.0425],[-58.91773,-38.04286],[-58.918,-38.04386],[-58.9181,-38.04454],[-58.91832,-38.04856],[-58.9183,-38.05001],[-58.91809,-38.05143],[-58.91738,-38.053],[-58.91697,-38.05478],[-58.91637,-38.05666],[-58.91645,-38.05744],[-58.91653,-38.05837],[-58.91591,-38.06095],[-58.91609,-38.06195],[-58.91598,-38.06344],[-58.915,-38.06423],[-58.91499,-38.06522],[-58.91499,-38.06572],[-58.91517,-38.06593],[-58.91622,-38.06673],[-58.9166,-38.06709],[-58.91717,-38.06752],[-58.91755,-38.06781],[-58.91793,-38.06824],[-58.91811,-38.06896],[-58.91762,-38.06953],[-58.91674,-38.07023],[-58.91489,-38.07207],[-58.9144,-38.07278],[-58.91371,-38.07371],[-58.9133,-38.07449],[-58.91282,-38.07534],[-58.91075,-38.07825],[-58.91063,-38.08008],[-58.91041,-38.08189],[-58.90981,-38.08271],[-58.90884,-38.08387],[-58.90805,-38.08451],[-58.90621,-38.08549],[-58.90455,-38.08719],[-58.90586,-38.08963],[-58.90595,-38.09006],[-58.90574,-38.09077],[-58.90477,-38.09161],[-58.90438,-38.09219],[-58.90348,-38.09468],[-58.90116,-38.09563],[-58.90038,-38.09648],[-58.90028,-38.09705],[-58.90026,-38.09769],[-58.90017,-38.09826],[-58.89996,-38.09876],[-58.89956,-38.09933],[-58.89956,-38.0999],[-58.89965,-38.10033],[-58.90032,-38.10056],[-58.90138,-38.10078],[-58.90214,-38.10107],[-58.90271,-38.10165],[-58.9028,-38.10208],[-58.90279,-38.10308],[-58.90181,-38.10392],[-58.90132,-38.10435],[-58.90131,-38.10477],[-58.9013,-38.10563],[-58.90241,-38.10819],[-58.90336,-38.1097],[-58.90446,-38.11166],[-58.90582,-38.11251],[-58.90644,-38.11298],[-58.90734,-38.11417],[-58.90817,-38.11631],[-58.9092,-38.11854],[-58.91078,-38.12212],[-58.91116,-38.12318],[-58.9115,-38.12535],[-58.9108,-38.12762],[-58.91087,-38.12827],[-58.91094,-38.12983],[-58.91084,-38.13118]]]}},{"type":"Feature","properties":{"fna":"Arroyo Tamangueyú","gna":"Arroyo","nam":"Tamangueyú","tipo":"Corriente de agua perenne","ign":"lineas_de_aguas_continentales_perenne.630852"},"geometry":{"type":"MultiLineString","coordinates":[[[-58.70557,-37.88695],[-58.70538,-37.88708],[-58.7048,-37.88818],[-58.70483,-37.88872],[-58.70555,-37.88987],[-58.70617,-37.89036],[-58.70783,-37.89123],[-58.70987,-37.8921],[-58.71109,-37.89274],[-58.71145,-37.8932],[-58.71189,-37.89442],[-58.71248,-37.89599],[-58.71336,-37.89745],[-58.71417,-37.89898],[-58.71406,-37.89938],[-58.71302,-37.90004],[-58.71221,-37.90001],[-58.71107,-37.89956],[-58.71058,-37.89971],[-58.70976,-37.90071],[-58.70979,-37.90123],[-58.70994,-37.90153],[-58.70998,-37.90318],[-58.71048,-37.90475],[-58.71088,-37.90523],[-58.71149,-37.90584],[-58.71153,-37.90615],[-58.71051,-37.90759],[-58.70965,-37.90909],[-58.70916,-37.91072],[-58.70883,-37.91235],[-58.70751,-37.91373],[-58.70726,-37.91536],[-58.70661,-37.91698],[-58.70781,-37.91832],[-58.70724,-37.91995],[-58.70752,-37.92159],[-58.70726,-37.92321],[-58.70694,-37.92485],[-58.70698,-37.92648],[-58.70664,-37.92754],[-58.70619,-37.92798],[-58.70427,-37.92862],[-58.70264,-37.9291],[-58.7025,-37.92945],[-58.70363,-37.93061],[-58.70362,-37.93225],[-58.70435,-37.93378],[-58.70403,-37.93541],[-58.70369,-37.93703],[-58.70488,-37.93838],[-58.70282,-37.93872],[-58.70226,-37.93981],[-58.70233,-37.94035],[-58.70345,-37.94175],[-58.70427,-37.94327],[-58.706,-37.94413],[-58.7062,-37.94577],[-58.70717,-37.94723],[-58.70783,-37.94729],[-58.70884,-37.94695],[-58.70931,-37.94701],[-58.71046,-37.94774],[-58.71074,-37.94818],[-58.71066,-37.94866],[-58.7098,-37.94962],[-58.7081,-37.95069],[-58.70694,-37.95206],[-58.70695,-37.95319],[-58.70729,-37.9537],[-58.70864,-37.95499],[-58.71007,-37.95621],[-58.71004,-37.95671],[-58.70966,-37.95742],[-58.70951,-37.95777],[-58.70935,-37.95833],[-58.71039,-37.95974],[-58.71104,-37.96132],[-58.71071,-37.96295],[-58.71061,-37.96457],[-58.71142,-37.9661],[-58.71216,-37.96762],[-58.71281,-37.9692],[-58.7125,-37.96955],[-58.71144,-37.96985],[-58.71105,-37.97009],[-58.70996,-37.97147],[-58.70909,-37.97297],[-58.70821,-37.97447],[-58.70781,-37.9761],[-58.7074,-37.97773],[-58.70714,-37.97935],[-58.70734,-37.98098],[-58.70793,-37.98256],[-58.70807,-37.98287],[-58.70926,-37.98429],[-58.70957,-37.98478],[-58.70999,-37.98544],[-58.71031,-37.9857],[-58.71227,-37.9865],[-58.71416,-37.98731],[-58.71459,-37.98774],[-58.71506,-37.98877],[-58.71587,-37.99029],[-58.71638,-37.99132],[-58.71656,-37.99203],[-58.71673,-37.993],[-58.71704,-37.99345],[-58.71765,-37.99364],[-58.71863,-37.99352],[-58.7191,-37.99353],[-58.721,-37.99416],[-58.72203,-37.99556],[-58.72378,-37.99643],[-58.72447,-37.9966],[-58.72538,-37.9968],[-58.72577,-37.99699],[-58.72674,-37.99772],[-58.72766,-37.99821],[-58.7278,-37.99833],[-58.72788,-37.99868],[-58.72787,-37.99924],[-58.72787,-37.99969],[-58.72786,-38],[-58.72793,-38.00126],[-58.72809,-38.0029],[-58.72933,-38.00399],[-58.73048,-38.00415],[-58.73151,-38.00508]]]}},{"type":"Feature","properties":{"fna":"Arroyo de los Huesos","gna":"Arroyo","nam":"de los Huesos","tipo":"Corriente de agua perenne","ign":"lineas_de_aguas_continentales_perenne.630882"},"geometry":{"type":"MultiLineString","coordinates":[[[-58.75257,-38.02703],[-58.75319,-38.02682],[-58.75493,-38.02662],[-58.75553,-38.02687]]]}},{"type":"Feature","properties":{"fna":"Arroyo de los Huesos","gna":"Arroyo","nam":"de los Huesos","tipo":"Corriente de agua perenne","ign":"lineas_de_aguas_continentales_perenne.630883"},"geometry":{"type":"MultiLineString","coordinates":[[[-58.73549,-38.0092],[-58.73739,-38.01072],[-58.73919,-38.01281],[-58.74079,-38.01447],[-58.74154,-38.01584],[-58.74142,-38.01741],[-58.74092,-38.01869],[-58.74137,-38.02019],[-58.74135,-38.02133],[-58.74277,-38.02313],[-58.74465,-38.02551],[-58.74559,-38.02681]]]}},{"type":"Feature","properties":{"fna":"Arroyo de los Huesos","gna":"Arroyo","nam":"de los Huesos","tipo":"Corriente de agua perenne","ign":"lineas_de_aguas_continentales_perenne.630885"},"geometry":{"type":"MultiLineString","coordinates":[[[-58.74559,-38.02681],[-58.74762,-38.02662],[-58.74944,-38.02685],[-58.75077,-38.02772],[-58.75164,-38.02737],[-58.75257,-38.02703]]]}},{"type":"Feature","properties":{"fna":"Arroyo de los Huesos","gna":"Arroyo","nam":"de los Huesos","tipo":"Corriente de agua perenne","ign":"lineas_de_aguas_continentales_perenne.630893"},"geometry":{"type":"MultiLineString","coordinates":[[[-58.75553,-38.02687],[-58.75703,-38.0275],[-58.75854,-38.02937],[-58.75785,-38.03072],[-58.75811,-38.03209],[-58.75922,-38.03285],[-58.75958,-38.03435],[-58.75946,-38.03564],[-58.7607,-38.03651],[-58.76252,-38.03746],[-58.76383,-38.03954],[-58.76418,-38.04037]]]}},{"type":"Feature","properties":{"fna":"Arroyo de los Huesos","gna":"Arroyo","nam":"de los Huesos","tipo":"Corriente de agua perenne","ign":"lineas_de_aguas_continentales_perenne.630937"},"geometry":{"type":"MultiLineString","coordinates":[[[-58.76418,-38.04037],[-58.76466,-38.04155],[-58.7655,-38.04327],[-58.7673,-38.04486],[-58.76757,-38.04615],[-58.76726,-38.04729],[-58.76791,-38.04858],[-58.76702,-38.05014],[-58.76477,-38.05212],[-58.76311,-38.05339],[-58.7624,-38.05595],[-58.76333,-38.05767],[-58.76495,-38.05855],[-58.76735,-38.05958],[-58.76847,-38.06116],[-58.76884,-38.06202],[-58.7695,-38.0631],[-58.77108,-38.06622],[-58.77206,-38.07087],[-58.77328,-38.07895],[-58.77325,-38.08094],[-58.77322,-38.08237],[-58.77243,-38.08343],[-58.77223,-38.08407],[-58.77221,-38.08493],[-58.7723,-38.08558],[-58.77238,-38.0865],[-58.77242,-38.08691]]]}},{"type":"Feature","properties":{"fna":"Arroyo Quequén Grande","gna":"Arroyo","nam":"Quequén Grande","tipo":"Corriente de agua perenne","ign":"lineas_de_aguas_continentales_perenne.630984"},"geometry":{"type":"MultiLineString","coordinates":[[[-59.26168,-38.14717],[-59.25844,-38.14701],[-59.25266,-38.14703],[-59.25094,-38.14753],[-59.24915,-38.14808],[-59.2488,-38.14884],[-59.24878,-38.14986],[-59.24878,-38.15057],[-59.24836,-38.15107],[-59.24815,-38.15127],[-59.24552,-38.15411],[-59.24496,-38.15431],[-59.24441,-38.15461],[-59.24426,-38.15542],[-59.24418,-38.15675],[-59.24431,-38.15754],[-59.24492,-38.1591],[-59.24654,-38.16186],[-59.24775,-38.16467],[-59.24842,-38.1663],[-59.24881,-38.16834],[-59.2492,-38.17048],[-59.25015,-38.17242],[-59.25013,-38.17435],[-59.24964,-38.17521],[-59.24935,-38.17659],[-59.24871,-38.17765],[-59.24788,-38.17876],[-59.24773,-38.17958],[-59.24641,-38.181],[-59.24448,-38.1821],[-59.2433,-38.1822],[-59.2422,-38.18229],[-59.24137,-38.183],[-59.24129,-38.18442],[-59.24034,-38.18561],[-59.23916,-38.18662],[-59.23778,-38.18723],[-59.23606,-38.18783],[-59.23419,-38.18863],[-59.23204,-38.19004],[-59.22906,-38.19282],[-59.22711,-38.1951],[-59.22482,-38.19666],[-59.22234,-38.19822],[-59.21992,-38.19876],[-59.21772,-38.19885],[-59.21642,-38.19813],[-59.21637,-38.19711],[-59.21645,-38.19584],[-59.21556,-38.19456],[-59.21475,-38.19298],[-59.21463,-38.19201],[-59.21374,-38.19149],[-59.21202,-38.19123],[-59.2101,-38.19096],[-59.20812,-38.19013],[-59.20504,-38.18859],[-59.20395,-38.18822],[-59.20299,-38.18755],[-59.20192,-38.18491],[-59.20181,-38.18472],[-59.20004,-38.18358],[-59.19859,-38.18332],[-59.19619,-38.18375],[-59.19337,-38.18472]]]}},{"type":"Feature","properties":{"fna":"Arroyo Quelacinta","gna":"Arroyo","nam":"Quelacinta","tipo":"Corriente de agua perenne","ign":"lineas_de_aguas_continentales_perenne.630988"},"geometry":{"type":"MultiLineString","coordinates":[[[-58.91084,-38.13118],[-58.91073,-38.13262],[-58.91077,-38.13291],[-58.91081,-38.13348],[-58.91084,-38.13426],[-58.909,-38.13871],[-58.90851,-38.1392],[-58.90812,-38.13991],[-58.9081,-38.14077],[-58.90866,-38.14156],[-58.90932,-38.14243],[-58.91008,-38.14329],[-58.91036,-38.14422],[-58.91064,-38.14515],[-58.91092,-38.14587],[-58.91091,-38.14651],[-58.90965,-38.147],[-58.90868,-38.14706],[-58.90791,-38.14685],[-58.90714,-38.14684],[-58.90627,-38.1469],[-58.90521,-38.14703],[-58.90453,-38.14745],[-58.90413,-38.14781],[-58.90413,-38.14816],[-58.90412,-38.14852],[-58.90325,-38.14887],[-58.90257,-38.14915],[-58.90208,-38.14943],[-58.90141,-38.14985],[-58.90081,-38.15077],[-58.90079,-38.15178],[-58.90135,-38.15314],[-58.90154,-38.15357],[-58.90182,-38.15443],[-58.90181,-38.15514],[-58.9017,-38.15571],[-58.90131,-38.156],[-58.90092,-38.15664],[-58.90091,-38.15685],[-58.90089,-38.15784],[-58.90088,-38.15942],[-58.90153,-38.16071],[-58.90354,-38.16216],[-58.90505,-38.16424],[-58.90504,-38.16438],[-58.90427,-38.16467],[-58.90398,-38.16473],[-58.90387,-38.16559],[-58.90405,-38.1663],[-58.90414,-38.16645],[-58.90453,-38.16702],[-58.90452,-38.1673],[-58.90451,-38.16774],[-58.9045,-38.16867],[-58.90411,-38.16895],[-58.90362,-38.16944],[-58.90293,-38.17091],[-58.90292,-38.17133],[-58.9029,-38.17212],[-58.90281,-38.17255],[-58.90251,-38.17305],[-58.9024,-38.17361],[-58.9023,-38.17397],[-58.90142,-38.17467],[-58.90103,-38.17482],[-58.90064,-38.17509],[-58.90025,-38.17553],[-58.90024,-38.17624],[-58.90022,-38.17766],[-58.90012,-38.17809],[-58.90001,-38.17895],[-58.89999,-38.17952],[-58.90028,-38.17995],[-58.90104,-38.18096],[-58.90141,-38.18182],[-58.9014,-38.18246],[-58.90139,-38.18353],[-58.90137,-38.18439],[-58.90173,-38.18582],[-58.90173,-38.18632],[-58.90287,-38.18697],[-58.90326,-38.18734],[-58.90345,-38.18784],[-58.90343,-38.18834],[-58.90314,-38.18883],[-58.90274,-38.18954],[-58.90272,-38.19054],[-58.90271,-38.19147],[-58.90279,-38.19254],[-58.90336,-38.19334],[-58.90403,-38.19377],[-58.90509,-38.19385],[-58.90605,-38.19443],[-58.90622,-38.19481],[-58.90613,-38.19513],[-58.90574,-38.19571],[-58.90515,-38.19602],[-58.90514,-38.19659],[-58.90533,-38.19703],[-58.9059,-38.19774],[-58.90628,-38.19832],[-58.90666,-38.19875],[-58.90694,-38.19932],[-58.90751,-38.19976],[-58.90828,-38.20005],[-58.90904,-38.20034],[-58.90972,-38.20064],[-58.91039,-38.20107],[-58.91054,-38.2013],[-58.91066,-38.20179],[-58.91075,-38.20286],[-58.91069,-38.20308],[-58.91063,-38.20336],[-58.91074,-38.2035],[-58.91121,-38.20372],[-58.91218,-38.20366],[-58.91284,-38.20361]]]}},{"type":"Feature","properties":{"fna":"Arroyo de los Huesos","gna":"Arroyo","nam":"de los Huesos","tipo":"Corriente de agua perenne","ign":"lineas_de_aguas_continentales_perenne.630991"},"geometry":{"type":"MultiLineString","coordinates":[[[-58.77242,-38.08691],[-58.77246,-38.08751],[-58.77245,-38.08829],[-58.77224,-38.0895],[-58.77124,-38.09099],[-58.76996,-38.09276],[-58.771,-38.09385],[-58.77166,-38.09478],[-58.77145,-38.09599],[-58.77268,-38.09729],[-58.77372,-38.09873],[-58.77463,-38.10152],[-58.77393,-38.10352],[-58.77458,-38.10445],[-58.77544,-38.10538],[-58.77628,-38.10704],[-58.77576,-38.10875],[-58.77604,-38.1099],[-58.7764,-38.11058],[-58.77629,-38.11158],[-58.7756,-38.11258],[-58.77376,-38.11256],[-58.7724,-38.11325],[-58.772,-38.11447],[-58.77209,-38.11568],[-58.77158,-38.11703],[-58.77155,-38.11917],[-58.77123,-38.12082],[-58.77053,-38.12245],[-58.76953,-38.12473],[-58.76862,-38.12671],[-58.76956,-38.12883],[-58.77058,-38.1307],[-58.77094,-38.13214],[-58.77035,-38.13328],[-58.77003,-38.13499],[-58.77002,-38.13577],[-58.77009,-38.13728],[-58.77034,-38.13789],[-58.77122,-38.139],[-58.77245,-38.1403],[-58.77338,-38.14217],[-58.77385,-38.1436],[-58.77411,-38.1446],[-58.77485,-38.14535],[-58.77609,-38.14621],[-58.7761,-38.14662],[-58.77491,-38.14776],[-58.77172,-38.14983],[-58.76743,-38.15216],[-58.76491,-38.15383],[-58.76454,-38.15411],[-58.76399,-38.1548],[-58.76361,-38.15558],[-58.76311,-38.15724],[-58.76271,-38.15891],[-58.76278,-38.15974],[-58.76356,-38.16273],[-58.76535,-38.16739],[-58.76749,-38.1717],[-58.76784,-38.17384],[-58.76695,-38.17548],[-58.76671,-38.17819],[-58.76553,-38.17968],[-58.76417,-38.17995],[-58.76377,-38.18066],[-58.76299,-38.1812],[-58.76423,-38.18257],[-58.76584,-38.18408],[-58.76793,-38.18596],[-58.76809,-38.18768],[-58.76602,-38.19051],[-58.76153,-38.19382],[-58.7611,-38.19596],[-58.75934,-38.19716],[-58.75893,-38.19872],[-58.75959,-38.19966],[-58.76349,-38.20292],[-58.76508,-38.20593],[-58.7663,-38.20837],[-58.76894,-38.21147],[-58.7698,-38.21227],[-58.77035,-38.21327]]]}},{"type":"Feature","properties":{"fna":"Arroyo de las Mostazas","gna":"Arroyo","nam":"de las Mostazas","tipo":"Corriente de agua perenne","ign":"lineas_de_aguas_continentales_perenne.630992"},"geometry":{"type":"MultiLineString","coordinates":[[[-58.84978,-38.04708],[-58.84939,-38.04731],[-58.84857,-38.04796],[-58.84759,-38.04867],[-58.84671,-38.04937],[-58.84671,-38.0498],[-58.84679,-38.05073],[-58.84697,-38.05109],[-58.84764,-38.05188],[-58.84769,-38.053],[-58.84732,-38.0538],[-58.84361,-38.05691],[-58.84301,-38.05805],[-58.84291,-38.05876],[-58.84289,-38.05955],[-58.84297,-38.06033],[-58.84325,-38.06112],[-58.84353,-38.06155],[-58.84391,-38.06213],[-58.8439,-38.06284],[-58.84356,-38.06359],[-58.84317,-38.06409],[-58.84252,-38.06469],[-58.84165,-38.06517],[-58.84106,-38.06589],[-58.84086,-38.06639],[-58.84074,-38.06753],[-58.83947,-38.06908],[-58.83897,-38.07008],[-58.83876,-38.07101],[-58.83875,-38.07158],[-58.8376,-38.07393],[-58.83744,-38.07461],[-58.83673,-38.07579],[-58.83445,-38.08185],[-58.83277,-38.08419],[-58.83119,-38.08667],[-58.82914,-38.08865],[-58.82796,-38.08964],[-58.82717,-38.09106],[-58.82716,-38.09185],[-58.82705,-38.09285],[-58.82654,-38.09412],[-58.82634,-38.09527],[-58.82629,-38.0977],[-58.8252,-38.09947],[-58.82499,-38.10126],[-58.82439,-38.10182],[-58.82428,-38.10325],[-58.82427,-38.10353],[-58.82424,-38.10539],[-58.82423,-38.10625],[-58.8242,-38.10853],[-58.82379,-38.10995],[-58.82201,-38.1129],[-58.82102,-38.11439],[-58.82079,-38.11645],[-58.82085,-38.11902],[-58.82056,-38.12502],[-58.82053,-38.12681],[-58.82051,-38.12788],[-58.82049,-38.12902],[-58.82048,-38.12994],[-58.82047,-38.13081],[-58.82007,-38.13152],[-58.81948,-38.13216],[-58.81897,-38.13308],[-58.81878,-38.13379],[-58.81877,-38.13444],[-58.81857,-38.13508],[-58.81846,-38.13564],[-58.81825,-38.13622],[-58.81695,-38.13903],[-58.81539,-38.14044],[-58.8146,-38.14136],[-58.81362,-38.14249],[-58.81264,-38.1437],[-58.81176,-38.14455],[-58.81126,-38.14539],[-58.81076,-38.14625],[-58.81056,-38.14732],[-58.81025,-38.14824],[-58.81005,-38.14882],[-58.80955,-38.14966],[-58.80906,-38.15066],[-58.80709,-38.15321],[-58.80713,-38.15571],[-58.80597,-38.15818],[-58.80478,-38.16031],[-58.80338,-38.16329],[-58.80268,-38.165],[-58.8011,-38.1667],[-58.80062,-38.16719],[-58.80041,-38.16812],[-58.8004,-38.16891],[-58.80038,-38.16991],[-58.79978,-38.17097],[-58.79879,-38.17239],[-58.7981,-38.17381],[-58.79758,-38.1753],[-58.79709,-38.17616],[-58.79621,-38.17729],[-58.7955,-38.17871],[-58.7952,-38.17978],[-58.7948,-38.18056],[-58.79412,-38.18084],[-58.79388,-38.18098],[-58.79311,-38.18136],[-58.79179,-38.18288],[-58.79084,-38.18462],[-58.78812,-38.18736],[-58.78748,-38.18883],[-58.78645,-38.19102],[-58.78566,-38.19322],[-58.78384,-38.19641],[-58.78283,-38.19869],[-58.78254,-38.19926],[-58.78183,-38.20125],[-58.78152,-38.20189],[-58.78141,-38.20303],[-58.78111,-38.20374],[-58.78072,-38.20417],[-58.77914,-38.2063],[-58.77474,-38.20939],[-58.77202,-38.21175],[-58.77046,-38.21295],[-58.77035,-38.21327]]]}},{"type":"Feature","properties":{"fna":"Arroyo Pantanoso","gna":"Arroyo","nam":"Pantanoso","tipo":"Corriente de agua perenne","ign":"lineas_de_aguas_continentales_perenne.630995"},"geometry":{"type":"MultiLineString","coordinates":[[[-58.74355,-38.11364],[-58.74385,-38.11413],[-58.74391,-38.1147],[-58.74391,-38.11492],[-58.7439,-38.11537],[-58.7439,-38.11582],[-58.74403,-38.11695],[-58.74417,-38.11807],[-58.74415,-38.11886],[-58.74437,-38.11931],[-58.74458,-38.12027],[-58.74465,-38.121],[-58.74471,-38.12185],[-58.7444,-38.12257],[-58.744,-38.12336],[-58.74369,-38.12386],[-58.74337,-38.1247],[-58.74313,-38.12565],[-58.74311,-38.12638],[-58.7431,-38.12717],[-58.74339,-38.12779],[-58.7439,-38.12875],[-58.74419,-38.12977],[-58.74411,-38.13016],[-58.74395,-38.13079],[-58.74363,-38.13128],[-58.74331,-38.13218],[-58.74292,-38.13301],[-58.74268,-38.13358],[-58.74236,-38.13437],[-58.74151,-38.13554],[-58.74125,-38.13778],[-58.7403,-38.1402],[-58.74002,-38.14329],[-58.7402,-38.14639],[-58.74093,-38.14758],[-58.74122,-38.14832],[-58.74128,-38.14899],[-58.7412,-38.14956],[-58.74089,-38.15],[-58.7408,-38.15062],[-58.74078,-38.15141],[-58.74078,-38.15191],[-58.74077,-38.15258],[-58.74076,-38.15321],[-58.74075,-38.15371],[-58.74118,-38.15495],[-58.74126,-38.1554],[-58.74131,-38.15673],[-58.74234,-38.15826],[-58.74294,-38.15911],[-58.74341,-38.15987],[-58.74353,-38.16013],[-58.74382,-38.16097],[-58.74417,-38.1621],[-58.74446,-38.16312],[-58.74445,-38.16402],[-58.74451,-38.16469],[-58.7445,-38.16537],[-58.74456,-38.16644],[-58.74461,-38.16717],[-58.74491,-38.16824],[-58.74498,-38.16858],[-58.74519,-38.16954],[-58.74548,-38.16999],[-58.74563,-38.17045],[-58.74578,-38.1709],[-58.74592,-38.17135],[-58.74599,-38.17169],[-58.74598,-38.17213],[-58.74597,-38.17281],[-58.74594,-38.17416],[-58.74637,-38.17546],[-58.74708,-38.17912],[-58.74818,-38.18105],[-58.74825,-38.18167],[-58.7483,-38.18285],[-58.74806,-38.18375],[-58.74759,-38.18459],[-58.74669,-38.18848],[-58.7463,-38.18926],[-58.74604,-38.19049],[-58.74603,-38.19128],[-58.74601,-38.19252],[-58.74622,-38.19359],[-58.74651,-38.19438],[-58.74673,-38.19489],[-58.74677,-38.19692],[-58.74614,-38.19886],[-58.74589,-38.19948],[-58.74565,-38.20021],[-58.74564,-38.20082],[-58.74647,-38.20145],[-58.74744,-38.20219],[-58.74857,-38.20261],[-58.74925,-38.20284],[-58.75016,-38.2029],[-58.751,-38.20313],[-58.75159,-38.20365],[-58.75211,-38.20444],[-58.75272,-38.20501],[-58.75347,-38.20569],[-58.75436,-38.20626],[-58.75489,-38.2066],[-58.75557,-38.20718],[-58.75647,-38.20775],[-58.75699,-38.20832],[-58.75744,-38.2086],[-58.75781,-38.20911],[-58.75819,-38.20956],[-58.759,-38.21104],[-58.75935,-38.21296],[-58.75918,-38.21352],[-58.75827,-38.21384],[-58.75728,-38.21389],[-58.75666,-38.21416],[-58.75605,-38.21495],[-58.75573,-38.21567],[-58.75572,-38.21612],[-58.7557,-38.21685],[-58.75592,-38.21753],[-58.75652,-38.21849],[-58.75688,-38.21906],[-58.75778,-38.2198],[-58.75831,-38.22014],[-58.7593,-38.22027],[-58.76052,-38.22028],[-58.76135,-38.22007],[-58.76317,-38.21928],[-58.76468,-38.21958],[-58.76581,-38.22021],[-58.76656,-38.22094],[-58.76671,-38.2215],[-58.76693,-38.2223],[-58.76707,-38.22275],[-58.76706,-38.22332],[-58.76727,-38.22404],[-58.76757,-38.22467],[-58.76816,-38.22558],[-58.76868,-38.22637],[-58.76935,-38.22705],[-58.77002,-38.22773],[-58.77085,-38.22836],[-58.77251,-38.22886]]]}},{"type":"Feature","properties":{"fna":"Arroyo de las Mostazas","gna":"Arroyo","nam":"de las Mostazas","tipo":"Corriente de agua perenne","ign":"lineas_de_aguas_continentales_perenne.630996"},"geometry":{"type":"MultiLineString","coordinates":[[[-58.77035,-38.21327],[-58.77015,-38.21387],[-58.76936,-38.21479],[-58.76934,-38.21558],[-58.76934,-38.21608],[-58.76914,-38.21658],[-58.76912,-38.21743],[-58.77034,-38.21981],[-58.77098,-38.22195],[-58.77162,-38.22425],[-58.77251,-38.22886]]]}},{"type":"Feature","properties":{"fna":"Arroyo Quequén Chico","gna":"Arroyo","nam":"Quequén Chico","tipo":"Corriente de agua perenne","ign":"lineas_de_aguas_continentales_perenne.631021"},"geometry":{"type":"MultiLineString","coordinates":[[[-58.91284,-38.20361],[-58.91383,-38.20354],[-58.91536,-38.2039],[-58.91594,-38.20433],[-58.91631,-38.20484],[-58.9166,-38.20534],[-58.91688,-38.2057],[-58.91716,-38.20613],[-58.91724,-38.20663],[-58.91705,-38.20713],[-58.91655,-38.20777],[-58.91539,-38.20862],[-58.91499,-38.20882],[-58.9147,-38.2094],[-58.9147,-38.20975],[-58.91469,-38.21018],[-58.91496,-38.2109],[-58.91506,-38.21133],[-58.91504,-38.21226],[-58.91426,-38.21289],[-58.913,-38.21317],[-58.91224,-38.2133],[-58.91155,-38.21344],[-58.91068,-38.21357],[-58.91019,-38.21385],[-58.9098,-38.21428],[-58.90951,-38.2147],[-58.90921,-38.21513],[-58.90911,-38.21542],[-58.9091,-38.21584],[-58.90939,-38.21627],[-58.91005,-38.21671],[-58.91063,-38.217],[-58.91111,-38.21743],[-58.9112,-38.21808],[-58.91059,-38.21915],[-58.90904,-38.2202],[-58.90836,-38.22055],[-58.90778,-38.22069],[-58.90681,-38.22096],[-58.90661,-38.22111],[-58.90563,-38.22188],[-58.90514,-38.22252],[-58.90504,-38.22288],[-58.90493,-38.22337],[-58.90494,-38.22366],[-58.90501,-38.22499],[-58.9053,-38.22514],[-58.90587,-38.22543],[-58.90644,-38.22565],[-58.90673,-38.22629],[-58.90671,-38.22715],[-58.9066,-38.22757],[-58.90641,-38.22815],[-58.90641,-38.22851],[-58.90639,-38.22914],[-58.90638,-38.22957],[-58.9057,-38.23],[-58.90493,-38.23035],[-58.90416,-38.23048],[-58.90338,-38.23062],[-58.90279,-38.2309],[-58.90202,-38.23139],[-58.90182,-38.23167],[-58.90182,-38.23196],[-58.9019,-38.23246],[-58.90265,-38.23425],[-58.90264,-38.23476],[-58.90302,-38.23519],[-58.9034,-38.2354],[-58.90379,-38.23562],[-58.90417,-38.23569],[-58.90465,-38.23598],[-58.90532,-38.23621],[-58.90571,-38.23657],[-58.9058,-38.23679],[-58.9058,-38.23714],[-58.90491,-38.23792],[-58.90413,-38.2382],[-58.90336,-38.23833],[-58.90229,-38.23853],[-58.90122,-38.23917],[-58.90112,-38.23967],[-58.90158,-38.24053],[-58.90274,-38.24111],[-58.90418,-38.24119],[-58.90554,-38.24121],[-58.90611,-38.24186],[-58.90639,-38.24229],[-58.90677,-38.24258],[-58.90715,-38.24287],[-58.90753,-38.2433],[-58.90762,-38.24358],[-58.90762,-38.24422],[-58.90741,-38.24473],[-58.90722,-38.24515],[-58.90691,-38.24608],[-58.90652,-38.24657],[-58.90623,-38.24657],[-58.90575,-38.24656],[-58.90535,-38.24691],[-58.90515,-38.24756],[-58.90495,-38.24828],[-58.90456,-38.24885],[-58.90387,-38.2494],[-58.90377,-38.24998],[-58.90327,-38.25069],[-58.90259,-38.25089],[-58.90182,-38.25096],[-58.90113,-38.25117],[-58.90065,-38.25166],[-58.90045,-38.25201],[-58.89986,-38.25266],[-58.89956,-38.25351],[-58.89926,-38.25408],[-58.89764,-38.25466],[-58.89627,-38.25593],[-58.8947,-38.25727],[-58.89411,-38.25798],[-58.89382,-38.25848],[-58.89342,-38.25926],[-58.89312,-38.25976],[-58.89262,-38.26033],[-58.89194,-38.26046],[-58.89165,-38.2606],[-58.89117,-38.26081],[-58.89029,-38.26144],[-58.88932,-38.26229],[-58.88853,-38.26271],[-58.88775,-38.26342],[-58.88717,-38.26406],[-58.88666,-38.26484],[-58.88578,-38.26597],[-58.88548,-38.26633],[-58.8849,-38.26668],[-58.88412,-38.2671],[-58.88344,-38.26731],[-58.88266,-38.26773],[-58.8821,-38.26847],[-58.88166,-38.27008],[-58.88164,-38.27122],[-58.88192,-38.27215],[-58.88239,-38.27287],[-58.88305,-38.27359],[-58.88343,-38.27452],[-58.88342,-38.27538],[-58.88248,-38.27718]]]}},{"type":"Feature","properties":{"fna":"Río Quequén Grande","gna":"Río","nam":"Quequén Grande","tipo":"Corriente de agua perenne","ign":"lineas_de_aguas_continentales_perenne.631022"},"geometry":{"type":"MultiLineString","coordinates":[[[-59.19337,-38.18472],[-59.1897,-38.18488],[-59.1842,-38.18505],[-59.18166,-38.18538],[-59.18042,-38.18548],[-59.17912,-38.18521],[-59.1774,-38.1851],[-59.17527,-38.18514],[-59.17382,-38.18503],[-59.1727,-38.18382],[-59.17196,-38.18188],[-59.17274,-38.18066],[-59.17391,-38.1796],[-59.17544,-38.17849],[-59.17593,-38.17738],[-59.17388,-38.17553],[-59.17162,-38.1751],[-59.17046,-38.17418],[-59.16923,-38.17407],[-59.16731,-38.17401],[-59.16441,-38.17449],[-59.1624,-38.17585],[-59.16108,-38.17757],[-59.15905,-38.17975],[-59.15767,-38.18111],[-59.15684,-38.18187],[-59.15504,-38.18221],[-59.15353,-38.18236],[-59.15208,-38.18265],[-59.15112,-38.18275],[-59.15036,-38.18208],[-59.14921,-38.1808],[-59.14744,-38.17951],[-59.14613,-38.17991],[-59.14377,-38.18147],[-59.14136,-38.18263],[-59.13949,-38.18348],[-59.13865,-38.18454],[-59.1385,-38.18596],[-59.13671,-38.18745],[-59.13573,-38.18821],[-59.13498,-38.18881],[-59.13462,-38.18922],[-59.13434,-38.18962],[-59.13406,-38.19008],[-59.13372,-38.19033],[-59.13309,-38.19048],[-59.13268,-38.19053],[-59.13186,-38.19062],[-59.13117,-38.19062],[-59.13069,-38.19021],[-59.13021,-38.18985],[-59.12974,-38.18959],[-59.12912,-38.18923],[-59.1287,-38.18902],[-59.1283,-38.18897],[-59.12775,-38.18896],[-59.12672,-38.18916],[-59.12609,-38.18956],[-59.1258,-38.18991],[-59.12532,-38.19078],[-59.1247,-38.19113],[-59.124,-38.19143],[-59.12325,-38.19173],[-59.12249,-38.19197],[-59.12194,-38.19228],[-59.12144,-38.19278],[-59.12137,-38.19319],[-59.12116,-38.19385],[-59.12081,-38.19426],[-59.12033,-38.19461],[-59.11984,-38.19465],[-59.11922,-38.1947],[-59.1186,-38.1947],[-59.11792,-38.19474],[-59.11737,-38.19489],[-59.11701,-38.19535],[-59.11708,-38.19571],[-59.11721,-38.19596],[-59.11755,-38.19632],[-59.11604,-38.199],[-59.115,-38.19979],[-59.11438,-38.2002],[-59.11382,-38.2007],[-59.11333,-38.20136],[-59.11305,-38.20181],[-59.11297,-38.20238],[-59.11296,-38.20298],[-59.11296,-38.2037],[-59.11267,-38.20451],[-59.11218,-38.20502],[-59.11177,-38.20552],[-59.11094,-38.20643],[-59.1105,-38.20765],[-59.11074,-38.21045],[-59.11055,-38.21101],[-59.11021,-38.21176],[-59.11024,-38.21212],[-59.11105,-38.21397],[-59.11172,-38.21542],[-59.11191,-38.21623],[-59.11196,-38.21787],[-59.11196,-38.21838],[-59.11066,-38.22254],[-59.11037,-38.22422],[-59.11,-38.22569],[-59.11026,-38.22794],[-59.11126,-38.23018],[-59.11165,-38.23191],[-59.11253,-38.23299],[-59.11443,-38.23411],[-59.11524,-38.23554],[-59.11488,-38.23752],[-59.11362,-38.23888],[-59.11402,-38.24036],[-59.11407,-38.24168],[-59.11316,-38.24249],[-59.11212,-38.243],[-59.11164,-38.2433],[-59.11156,-38.2437],[-59.1115,-38.24401],[-59.111,-38.24436],[-59.11032,-38.24441],[-59.10991,-38.2442],[-59.10929,-38.24394],[-59.10881,-38.24379],[-59.10847,-38.24378],[-59.10812,-38.24393],[-59.10778,-38.24418],[-59.10743,-38.24459],[-59.10701,-38.24504],[-59.10686,-38.2454],[-59.10645,-38.2457],[-59.10562,-38.24605],[-59.10493,-38.24604],[-59.10446,-38.24589],[-59.1041,-38.24564],[-59.10356,-38.24563],[-59.10287,-38.24562],[-59.10211,-38.24562],[-59.1015,-38.24567],[-59.10081,-38.24566],[-59.09935,-38.24585],[-59.09874,-38.24594],[-59.09832,-38.2461],[-59.09756,-38.24635],[-59.09694,-38.24664],[-59.09604,-38.24669],[-59.09522,-38.24673],[-59.09467,-38.24673],[-59.09384,-38.24662],[-59.09357,-38.24632],[-59.0929,-38.24565],[-59.09226,-38.24544],[-59.09097,-38.24548],[-59.08787,-38.24576],[-59.08679,-38.24609],[-59.08596,-38.24669],[-59.08527,-38.24699],[-59.0841,-38.24668],[-59.08281,-38.2459],[-59.08232,-38.2457],[-59.08178,-38.24559],[-59.08137,-38.24554],[-59.08088,-38.24549],[-59.07986,-38.24492],[-59.07973,-38.24405],[-59.07959,-38.24379],[-59.07891,-38.24363],[-59.07864,-38.24358],[-59.0783,-38.24353],[-59.07774,-38.24342],[-59.07706,-38.24311],[-59.07637,-38.2427],[-59.07583,-38.24239],[-59.07521,-38.24218],[-59.07467,-38.24202],[-59.07432,-38.24192],[-59.07316,-38.2414],[-59.07111,-38.24001],[-59.06968,-38.23893],[-59.06852,-38.23816],[-59.06673,-38.23738],[-59.06468,-38.23706],[-59.0631,-38.23709],[-59.0604,-38.23799],[-59.05915,-38.23925],[-59.05761,-38.24128],[-59.05711,-38.24295],[-59.05654,-38.24401],[-59.05544,-38.24446],[-59.05296,-38.2444],[-59.05138,-38.24397],[-59.05035,-38.24376],[-59.04898,-38.24355],[-59.04795,-38.24303],[-59.04747,-38.24272],[-59.04651,-38.24261],[-59.04556,-38.2424],[-59.04488,-38.24181],[-59.04446,-38.24149],[-59.04418,-38.24149],[-59.04377,-38.24164],[-59.0435,-38.2421],[-59.04315,-38.2425],[-59.04252,-38.24296],[-59.04197,-38.24316],[-59.04148,-38.2432],[-59.03886,-38.24323],[-59.03543,-38.24305],[-59.03255,-38.24261],[-59.03234,-38.24231],[-59.032,-38.24205],[-59.03151,-38.24195],[-59.03111,-38.24189],[-59.03043,-38.24184],[-59.02952,-38.24183],[-59.02905,-38.24178],[-59.02726,-38.24115],[-59.02248,-38.23851],[-59.02056,-38.23794],[-59.01989,-38.23712],[-59.01996,-38.23651],[-59.01962,-38.236],[-59.01866,-38.23578],[-59.01798,-38.23577],[-59.01722,-38.23577],[-59.01543,-38.23581],[-59.01419,-38.236],[-59.01329,-38.23619],[-59.01254,-38.23634],[-59.01163,-38.23689],[-59.0106,-38.2373],[-59.00943,-38.23723],[-59.00689,-38.2367],[-59.0049,-38.23608],[-59.00064,-38.23584],[-58.99857,-38.23582],[-58.99691,-38.23631],[-58.99504,-38.23726],[-58.9938,-38.23807],[-58.99241,-38.23841],[-58.99117,-38.23891],[-58.9906,-38.24007],[-58.99004,-38.24124],[-58.99099,-38.24201],[-58.99269,-38.24314],[-58.99399,-38.24397],[-58.99445,-38.24556],[-58.99437,-38.24642],[-58.99339,-38.24758],[-58.99242,-38.24818],[-58.99137,-38.2492],[-58.99108,-38.25011],[-58.99025,-38.25092],[-58.98887,-38.25131],[-58.98667,-38.25063],[-58.98443,-38.24873],[-58.98315,-38.24698],[-58.98158,-38.24585],[-58.98034,-38.24574],[-58.97854,-38.24628],[-58.97724,-38.24622],[-58.97566,-38.24575],[-58.97359,-38.24588],[-58.97194,-38.24633],[-58.97069,-38.24683],[-58.97041,-38.24743],[-58.97087,-38.24815],[-58.97093,-38.24912],[-58.97019,-38.25032],[-58.96874,-38.25122],[-58.96714,-38.25172],[-58.96576,-38.25231],[-58.96464,-38.25332],[-58.96278,-38.25407],[-58.9605,-38.25405],[-58.95808,-38.25418],[-58.95512,-38.25527],[-58.95248,-38.25602],[-58.94832,-38.25837],[-58.94651,-38.25983],[-58.94318,-38.26214],[-58.94284,-38.26253],[-58.94214,-38.26369],[-58.94047,-38.2646],[-58.93826,-38.26529],[-58.93673,-38.26594],[-58.93452,-38.26658],[-58.93274,-38.26641],[-58.93199,-38.26579],[-58.93124,-38.26527],[-58.93029,-38.26476],[-58.92918,-38.26475],[-58.92814,-38.2654],[-58.92648,-38.266],[-58.92537,-38.26659],[-58.92453,-38.26709],[-58.92268,-38.26693],[-58.92056,-38.26619],[-58.91934,-38.26506],[-58.91762,-38.26444],[-58.91436,-38.26419],[-58.91216,-38.26411],[-58.91078,-38.26451],[-58.90979,-38.26572],[-58.90956,-38.26735],[-58.90934,-38.26842],[-58.90863,-38.26979],[-58.90752,-38.27059],[-58.906,-38.27103],[-58.90372,-38.27137],[-58.90186,-38.27156],[-58.89923,-38.27199],[-58.89667,-38.27273],[-58.89439,-38.27388],[-58.89286,-38.27478],[-58.89174,-38.27578],[-58.89102,-38.27786],[-58.88984,-38.27887],[-58.88784,-38.2788],[-58.88592,-38.27863],[-58.88427,-38.27816],[-58.88352,-38.27759],[-58.88248,-38.27718]]]}},{"type":"Feature","properties":{"fna":"Arroyo de las Mostazas","gna":"Arroyo","nam":"de las Mostazas","tipo":"Corriente de agua perenne","ign":"lineas_de_aguas_continentales_perenne.631045"},"geometry":{"type":"MultiLineString","coordinates":[[[-58.77251,-38.22886],[-58.77259,-38.22926],[-58.77315,-38.23069],[-58.77447,-38.23256],[-58.77493,-38.23343],[-58.7752,-38.23464],[-58.77519,-38.23579],[-58.77526,-38.23743],[-58.77676,-38.24001],[-58.77893,-38.24289],[-58.77985,-38.24529],[-58.77955,-38.24608],[-58.77662,-38.24804],[-58.77623,-38.24861],[-58.77573,-38.24911],[-58.77523,-38.25017],[-58.77522,-38.25067],[-58.775,-38.25253],[-58.77526,-38.25425],[-58.7762,-38.2554],[-58.77687,-38.25604],[-58.77715,-38.25669],[-58.77712,-38.25791],[-58.77711,-38.25898],[-58.77738,-38.26041],[-58.77906,-38.26283],[-58.77906,-38.26326],[-58.77942,-38.26484],[-58.78016,-38.26663],[-58.78101,-38.26814],[-58.78294,-38.26809],[-58.78526,-38.26783],[-58.78621,-38.26876],[-58.78659,-38.26912],[-58.78792,-38.2705],[-58.78952,-38.27301],[-58.7917,-38.27546],[-58.79273,-38.2774],[-58.79242,-38.27933],[-58.79248,-38.28112],[-58.79351,-38.28262],[-58.79599,-38.28247],[-58.79695,-38.28284],[-58.79704,-38.28305],[-58.79703,-38.28391],[-58.79674,-38.28434],[-58.79625,-38.2849],[-58.79585,-38.28547],[-58.79564,-38.28625],[-58.79563,-38.28668],[-58.79582,-38.28733],[-58.79725,-38.28834],[-58.79916,-38.28971],[-58.80289,-38.29211],[-58.80489,-38.29377],[-58.80718,-38.29487],[-58.80775,-38.2963],[-58.80955,-38.29847],[-58.81184,-38.3002],[-58.81696,-38.30047],[-58.81915,-38.30199],[-58.82087,-38.30365],[-58.82278,-38.30438],[-58.82539,-38.30505],[-58.82701,-38.30628],[-58.82737,-38.30793],[-58.82765,-38.30945]]]}},{"type":"Feature","properties":{"fna":"Río Quequén Grande","gna":"Río","nam":"Quequén Grande","tipo":"Corriente de agua perenne","ign":"lineas_de_aguas_continentales_perenne.631046"},"geometry":{"type":"MultiLineString","coordinates":[[[-58.88248,-38.27718],[-58.88099,-38.27721],[-58.8796,-38.27771],[-58.87821,-38.27851],[-58.87667,-38.27961],[-58.87587,-38.28015],[-58.87455,-38.28101],[-58.87352,-38.2812],[-58.87206,-38.28149],[-58.87109,-38.28194],[-58.87045,-38.28341],[-58.87057,-38.28484],[-58.87075,-38.28746],[-58.87038,-38.28827],[-58.86948,-38.28923],[-58.86843,-38.29024],[-58.86807,-38.29105],[-58.86765,-38.29227],[-58.86667,-38.29282],[-58.8657,-38.29352],[-58.86431,-38.29397],[-58.8619,-38.29399],[-58.86127,-38.29475],[-58.8605,-38.29592],[-58.85987,-38.29627],[-58.85897,-38.29636],[-58.85807,-38.29676],[-58.85785,-38.29752],[-58.85764,-38.29803],[-58.85674,-38.29827],[-58.85502,-38.29831],[-58.85164,-38.29817],[-58.84951,-38.29779],[-58.84793,-38.29783],[-58.84523,-38.29821],[-58.84365,-38.2984],[-58.84288,-38.29931],[-58.8428,-38.30012],[-58.84168,-38.30112],[-58.84023,-38.30223],[-58.83861,-38.30313],[-58.83778,-38.3045],[-58.83658,-38.30576],[-58.83574,-38.30677],[-58.83334,-38.30764],[-58.8325,-38.30829],[-58.8307,-38.30848],[-58.82815,-38.30912],[-58.82765,-38.30945]]]}},{"type":"Feature","properties":{"fna":"Río Quequén Grande","gna":"Río","nam":"Quequén Grande","tipo":"Corriente de agua perenne","ign":"lineas_de_aguas_continentales_perenne.631129"},"geometry":{"type":"MultiLineString","coordinates":[[[-58.82765,-38.30945],[-58.82717,-38.30977],[-58.82661,-38.31058],[-58.82617,-38.31174],[-58.82478,-38.3132],[-58.8246,-38.31549],[-58.82375,-38.31742],[-58.8229,-38.31833],[-58.82103,-38.31897],[-58.8184,-38.3192],[-58.81682,-38.31939],[-58.81585,-38.32014],[-58.81561,-38.32176],[-58.81725,-38.3227],[-58.81751,-38.32402],[-58.81659,-38.32483],[-58.81535,-38.32681],[-58.81423,-38.32747],[-58.81311,-38.32827],[-58.81173,-38.32866],[-58.81028,-38.32895],[-58.80924,-38.3294],[-58.80888,-38.33021],[-58.80914,-38.33082],[-58.81071,-38.3315],[-58.81248,-38.33305],[-58.81261,-38.33422],[-58.81217,-38.33559],[-58.81213,-38.33757],[-58.81313,-38.33942],[-58.81347,-38.34023],[-58.81318,-38.34089],[-58.81208,-38.34124],[-58.81091,-38.34087],[-58.81015,-38.34085],[-58.80911,-38.34146],[-58.808,-38.3418],[-58.80682,-38.34235],[-58.80577,-38.34305],[-58.80494,-38.34391],[-58.80423,-38.34467],[-58.80298,-38.34526],[-58.80201,-38.34597],[-58.80199,-38.34729],[-58.80286,-38.34852],[-58.80304,-38.35035],[-58.8022,-38.35112],[-58.80088,-38.35191],[-58.80003,-38.35282],[-58.79946,-38.35403],[-58.79884,-38.35547],[-58.79807,-38.35618],[-58.79771,-38.35709],[-58.79763,-38.3578],[-58.79699,-38.35871],[-58.79671,-38.35952],[-58.79593,-38.36028],[-58.79481,-38.36134],[-58.79389,-38.36275],[-58.79312,-38.36366],[-58.79201,-38.36385],[-58.79111,-38.36389],[-58.79049,-38.36444],[-58.79048,-38.36495],[-58.79102,-38.36573],[-58.79175,-38.36761],[-58.7909,-38.36883],[-58.78963,-38.37024],[-58.78805,-38.37123],[-58.78735,-38.37214],[-58.7876,-38.37377],[-58.78751,-38.37468],[-58.78654,-38.37518],[-58.78578,-38.37523],[-58.78495,-38.37532],[-58.78432,-38.37577],[-58.7841,-38.37653],[-58.78388,-38.37699],[-58.78347,-38.37734],[-58.78278,-38.37764],[-58.78242,-38.37799],[-58.78186,-38.37895],[-58.78157,-38.37955],[-58.78157,-38.38007],[-58.78196,-38.38068],[-58.78244,-38.3813],[-58.78346,-38.38167],[-58.78449,-38.38219],[-58.78508,-38.38408],[-58.78417,-38.38529],[-58.7844,-38.38728],[-58.78418,-38.388],[-58.783,-38.38829],[-58.78176,-38.38889],[-58.78182,-38.38936],[-58.78215,-38.38981],[-58.78345,-38.39038],[-58.78483,-38.39075],[-58.78563,-38.39178],[-58.78576,-38.3928],[-58.78559,-38.39387],[-58.78552,-38.39463],[-58.78606,-38.39545],[-58.78673,-38.39606],[-58.78679,-38.39683],[-58.78581,-38.3977],[-58.78685,-38.39894],[-58.78749,-38.40002],[-58.78746,-38.40203],[-58.78677,-38.40325],[-58.78469,-38.40465],[-58.78375,-38.40503],[-58.78288,-38.40517],[-58.78182,-38.40549],[-58.78128,-38.40589],[-58.78153,-38.40697],[-58.78243,-38.4083],[-58.78258,-38.40931],[-58.78318,-38.41079],[-58.78392,-38.41151],[-58.78399,-38.41212],[-58.78376,-38.41278],[-58.78177,-38.41275],[-58.78065,-38.413],[-58.77836,-38.41375],[-58.7769,-38.41378],[-58.77576,-38.41441],[-58.77509,-38.4147],[-58.77455,-38.41533],[-58.77407,-38.41601],[-58.77425,-38.41729],[-58.7743,-38.41778],[-58.77483,-38.41933],[-58.77666,-38.42057],[-58.77702,-38.42106],[-58.7771,-38.42229],[-58.77697,-38.42322],[-58.77627,-38.42382],[-58.77551,-38.42412],[-58.77453,-38.42463],[-58.77254,-38.42479],[-58.77155,-38.4255],[-58.77121,-38.42581],[-58.77119,-38.42641],[-58.77125,-38.42693],[-58.77124,-38.42759],[-58.77096,-38.42799],[-58.7697,-38.42905],[-58.76879,-38.42985],[-58.76898,-38.43072],[-58.76944,-38.43133],[-58.77156,-38.43175],[-58.77282,-38.43171],[-58.7736,-38.43265],[-58.77372,-38.43388],[-58.77463,-38.43518],[-58.77448,-38.43594],[-58.77412,-38.4366],[-58.77335,-38.43725],[-58.77287,-38.43735],[-58.77224,-38.43749],[-58.77127,-38.43748],[-58.77079,-38.43753],[-58.77058,-38.43778],[-58.77044,-38.43819],[-58.77042,-38.43885],[-58.76989,-38.43987],[-58.76975,-38.44035],[-58.76957,-38.44062],[-58.76921,-38.44118],[-58.76914,-38.44159],[-58.76954,-38.4422],[-58.76963,-38.44329],[-58.76942,-38.44479],[-58.7688,-38.44565],[-58.76817,-38.44621],[-58.76733,-38.4463],[-58.76671,-38.44614],[-58.76616,-38.44613],[-58.76575,-38.44613],[-58.76513,-38.44628],[-58.76443,-38.44637],[-58.76402,-38.44637],[-58.76368,-38.44636],[-58.76284,-38.44651],[-58.76228,-38.4469],[-58.762,-38.44726],[-58.76152,-38.44767],[-58.76144,-38.44827],[-58.76191,-38.44879],[-58.76239,-38.44899],[-58.76273,-38.44931],[-58.76286,-38.44971],[-58.76265,-38.44991],[-58.76175,-38.4501],[-58.76113,-38.45056],[-58.76096,-38.45173],[-58.76061,-38.45228],[-58.75956,-38.45309],[-58.75865,-38.45379],[-58.75808,-38.45465],[-58.75835,-38.45526],[-58.75882,-38.45618],[-58.76008,-38.45877],[-58.76104,-38.45929],[-58.76144,-38.46021],[-58.76165,-38.4612],[-58.76164,-38.46144],[-58.76159,-38.46159],[-58.76136,-38.46184],[-58.76082,-38.46217],[-58.75953,-38.46273],[-58.75793,-38.46327],[-58.75734,-38.4636],[-58.75709,-38.46383],[-58.75678,-38.46432],[-58.75673,-38.46458],[-58.75672,-38.46535],[-58.75651,-38.46552]]]}},{"type":"Feature","properties":{"fna":"Río Quequén Grande","gna":"Río","nam":"Quequén Grande","tipo":"Corriente de agua perenne","ign":"lineas_de_aguas_continentales_perenne.631159"},"geometry":{"type":"MultiLineString","coordinates":[[[-58.75651,-38.46552],[-58.75581,-38.4661],[-58.75594,-38.46707],[-58.75592,-38.46803],[-58.75686,-38.46917],[-58.75795,-38.47009],[-58.75821,-38.47121],[-58.75819,-38.47228],[-58.75769,-38.47309],[-58.75686,-38.47354],[-58.75561,-38.47379],[-58.7547,-38.47454],[-58.75428,-38.47529],[-58.75351,-38.4758],[-58.7524,-38.47599],[-58.75101,-38.47602],[-58.74992,-38.4755],[-58.74937,-38.47544],[-58.74902,-38.4758],[-58.74874,-38.47615],[-58.74818,-38.47625],[-58.7479,-38.47655],[-58.74782,-38.47706],[-58.74767,-38.47767],[-58.74732,-38.47818],[-58.74697,-38.47868],[-58.74572,-38.47927],[-58.7444,-38.47977],[-58.74259,-38.48016],[-58.74123,-38.48063],[-58.74046,-38.48148],[-58.74073,-38.48225],[-58.74256,-38.48385],[-58.74331,-38.48447],[-58.74406,-38.48499],[-58.7444,-38.48534],[-58.74487,-38.48621],[-58.7454,-38.48688],[-58.74637,-38.48705],[-58.7479,-38.4867],[-58.74942,-38.48672],[-58.75087,-38.48663],[-58.75216,-38.48746],[-58.75263,-38.48848],[-58.75274,-38.48965],[-58.75219,-38.49001],[-58.75107,-38.49055],[-58.7505,-38.49146],[-58.75063,-38.49238],[-58.75096,-38.4931],[-58.75055,-38.49355],[-58.74948,-38.49456],[-58.74837,-38.49511],[-58.74745,-38.49617],[-58.746,-38.49646],[-58.74469,-38.49649],[-58.74352,-38.49648],[-58.74261,-38.49678],[-58.74266,-38.49759],[-58.74285,-38.49894],[-58.74249,-38.49965],[-58.74054,-38.5008],[-58.73942,-38.5015],[-58.73927,-38.50195],[-58.7392,-38.50251],[-58.73932,-38.50343],[-58.73959,-38.50394],[-58.73978,-38.5043],[-58.73992,-38.50486],[-58.74004,-38.50547],[-58.74003,-38.50598],[-58.74003,-38.50628],[-58.73975,-38.5066],[-58.73926,-38.50689],[-58.73863,-38.50714],[-58.73801,-38.50739],[-58.73745,-38.50763],[-58.7371,-38.50768],[-58.73641,-38.50788],[-58.73585,-38.50797],[-58.73508,-38.50837],[-58.73453,-38.50888],[-58.73452,-38.50918],[-58.73499,-38.5098],[-58.73553,-38.51036],[-58.73629,-38.51088],[-58.73738,-38.51135],[-58.73917,-38.51229],[-58.74053,-38.51321],[-58.74032,-38.51519],[-58.73777,-38.51702],[-58.73672,-38.51787],[-58.73491,-38.51892],[-58.73364,-38.51977],[-58.733,-38.52099],[-58.7338,-38.52267],[-58.7357,-38.52468],[-58.73678,-38.52617],[-58.7373,-38.5277],[-58.73693,-38.52932],[-58.73615,-38.53049],[-58.73469,-38.53103],[-58.73254,-38.53131],[-58.72998,-38.53179],[-58.72803,-38.53263],[-58.72717,-38.53415],[-58.72692,-38.5368],[-58.72683,-38.53777],[-58.72909,-38.53922],[-58.73024,-38.54034],[-58.73029,-38.54157],[-58.72985,-38.54284],[-58.72894,-38.54384],[-58.72761,-38.54485],[-58.72718,-38.54586],[-58.72839,-38.54725],[-58.72864,-38.54903],[-58.72758,-38.55034],[-58.72666,-38.55141],[-58.72409,-38.55303],[-58.72033,-38.55462],[-58.71955,-38.55568],[-58.71967,-38.55695],[-58.71991,-38.55889],[-58.72044,-38.56037],[-58.72041,-38.5619],[-58.71888,-38.56274],[-58.71604,-38.56281],[-58.71403,-38.56295],[-58.71263,-38.56398],[-58.71262,-38.56484],[-58.71368,-38.56689],[-58.71532,-38.56844],[-58.7154,-38.56964],[-58.71533,-38.57072],[-58.71428,-38.57194],[-58.71366,-38.5732],[-58.7123,-38.57429],[-58.71094,-38.57503],[-58.70937,-38.57565],[-58.7085,-38.57581]]]}},{"type":"Feature","properties":{"fna":"Arroyo Quequén Chico","gna":"Arroyo","nam":"Quequén Chico","tipo":"Corriente de agua perenne","ign":"lineas_de_aguas_continentales_perenne.630665"},"geometry":{"type":"MultiLineString","coordinates":[[[-59.16788,-37.70486],[-59.16858,-37.70586],[-59.16873,-37.70632],[-59.16856,-37.70731],[-59.16833,-37.70866],[-59.1682,-37.70913],[-59.16801,-37.70975],[-59.16798,-37.71006],[-59.16803,-37.7115],[-59.16807,-37.71197],[-59.16811,-37.7126],[-59.16806,-37.71291],[-59.16777,-37.71395],[-59.16705,-37.71518],[-59.16589,-37.71618],[-59.16562,-37.71661],[-59.16554,-37.71753],[-59.16668,-37.71854]]]}},{"type":"Feature","properties":{"fna":"Arroyo Quequén Chico","gna":"Arroyo","nam":"Quequén Chico","tipo":"Corriente de agua perenne","ign":"lineas_de_aguas_continentales_perenne.630679"},"geometry":{"type":"MultiLineString","coordinates":[[[-59.16597,-37.73681],[-59.16588,-37.73698],[-59.16482,-37.73757],[-59.16327,-37.73817],[-59.16199,-37.73912],[-59.16093,-37.74022],[-59.16023,-37.74102],[-59.16004,-37.74147],[-59.15997,-37.74283],[-59.15997,-37.74305],[-59.16029,-37.74438],[-59.16034,-37.74574],[-59.16012,-37.74616],[-59.15923,-37.74678],[-59.15866,-37.74695],[-59.15752,-37.74703],[-59.15581,-37.74689],[-59.15422,-37.74636],[-59.15269,-37.74556],[-59.15156,-37.74529]]]}},{"type":"Feature","properties":{"fna":"Arroyo Conchita","gna":"Arroyo","nam":"Conchita","tipo":"Corriente de agua perenne","ign":"lineas_de_aguas_continentales_perenne.630629"},"geometry":{"type":"MultiLineString","coordinates":[[[-59.13177,-37.6249],[-59.13295,-37.62519],[-59.13414,-37.62616],[-59.13568,-37.62682],[-59.13709,-37.62758],[-59.13863,-37.6282],[-59.14016,-37.62887],[-59.14136,-37.62988],[-59.14306,-37.62955],[-59.14476,-37.62956],[-59.14552,-37.63079],[-59.14653,-37.63081],[-59.147,-37.63066],[-59.14846,-37.62996],[-59.14951,-37.63007],[-59.14967,-37.63012],[-59.14988,-37.63036],[-59.15009,-37.63103],[-59.15032,-37.63131],[-59.15129,-37.63181],[-59.15181,-37.63197],[-59.15252,-37.63202],[-59.15362,-37.63133],[-59.15476,-37.63104],[-59.15533,-37.63112],[-59.15599,-37.6315],[-59.15625,-37.63175],[-59.15641,-37.63219],[-59.15634,-37.63354],[-59.15633,-37.63489],[-59.15692,-37.63625],[-59.15734,-37.63757],[-59.15764,-37.63842]]]}},{"type":"Feature","properties":{"fna":"Arroyo Conchita","gna":"Arroyo","nam":"Conchita","tipo":"Corriente de agua perenne","ign":"lineas_de_aguas_continentales_perenne.630611"},"geometry":{"type":"MultiLineString","coordinates":[[[-59.06519,-37.55367],[-59.06355,-37.55408],[-59.06297,-37.55405],[-59.06217,-37.5539],[-59.06181,-37.55398],[-59.06059,-37.55497],[-59.05926,-37.55589],[-59.0588,-37.55616],[-59.0582,-37.55651],[-59.05793,-37.55676],[-59.05779,-37.5572],[-59.05803,-37.55815],[-59.05822,-37.55949],[-59.0579,-37.55981],[-59.05712,-37.5601],[-59.05678,-37.56027],[-59.05595,-37.56092],[-59.05561,-37.56131],[-59.05486,-37.56256],[-59.05432,-37.56348],[-59.05372,-37.56486],[-59.05325,-37.56609],[-59.05311,-37.56672],[-59.05309,-37.56755],[-59.05316,-37.56797],[-59.0534,-37.56859],[-59.05416,-37.56981],[-59.05442,-37.57027],[-59.05478,-37.57162],[-59.0556,-37.5728],[-59.056,-37.57419],[-59.0562,-37.57553],[-59.05687,-37.5768],[-59.05785,-37.57793],[-59.05899,-37.57899],[-59.06014,-37.58001],[-59.06118,-37.58114],[-59.06271,-37.58187],[-59.06381,-37.58255],[-59.06503,-37.58323],[-59.06714,-37.58426],[-59.06855,-37.58502],[-59.06881,-37.58539],[-59.06878,-37.58607],[-59.0688,-37.58641],[-59.06915,-37.58775],[-59.07035,-37.58876],[-59.07076,-37.59015],[-59.07069,-37.59153],[-59.07055,-37.59248],[-59.07067,-37.59296],[-59.07109,-37.59327],[-59.07229,-37.59348],[-59.07402,-37.59387],[-59.07447,-37.59432],[-59.07472,-37.59521],[-59.07501,-37.59551],[-59.07617,-37.59548],[-59.07736,-37.59645],[-59.07728,-37.59706],[-59.07677,-37.59793],[-59.07697,-37.59821],[-59.07763,-37.5983],[-59.07854,-37.59821],[-59.07897,-37.59822],[-59.08065,-37.59857],[-59.08234,-37.5988],[-59.08393,-37.5983],[-59.08456,-37.59814]]]}},{"type":"Feature","properties":{"fna":"Arroyo Conchita","gna":"Arroyo","nam":"Conchita","tipo":"Corriente de agua perenne","ign":"lineas_de_aguas_continentales_perenne.630626"},"geometry":{"type":"MultiLineString","coordinates":[[[-59.12127,-37.62365],[-59.12159,-37.62384],[-59.12312,-37.6245],[-59.12482,-37.62473],[-59.12634,-37.6254],[-59.12811,-37.62528],[-59.1296,-37.6246],[-59.13131,-37.62478],[-59.13177,-37.6249]]]}},{"type":"Feature","properties":{"fna":"Arroyo Conchita","gna":"Arroyo","nam":"Conchita","tipo":"Corriente de agua perenne","ign":"lineas_de_aguas_continentales_perenne.630624"},"geometry":{"type":"MultiLineString","coordinates":[[[-59.08456,-37.59814],[-59.08634,-37.59828],[-59.08802,-37.59867],[-59.08955,-37.59931],[-59.09095,-37.60012],[-59.09243,-37.60089],[-59.09394,-37.60157],[-59.09514,-37.60271],[-59.09607,-37.60385],[-59.09679,-37.60511],[-59.09762,-37.60642],[-59.09832,-37.60719],[-59.09876,-37.60748],[-59.0995,-37.60781],[-59.10121,-37.60796],[-59.10174,-37.60813],[-59.10262,-37.60881],[-59.10383,-37.60978],[-59.10523,-37.61058],[-59.1067,-37.61148],[-59.10705,-37.61183],[-59.10752,-37.61266],[-59.1082,-37.61397],[-59.10928,-37.61507],[-59.11064,-37.61604],[-59.1121,-37.61689],[-59.11369,-37.61753],[-59.11504,-37.61813],[-59.11621,-37.61914],[-59.11726,-37.62033],[-59.11845,-37.62133],[-59.11966,-37.62239],[-59.12042,-37.6231],[-59.12085,-37.62341],[-59.12127,-37.62365]]]}},{"type":"Feature","properties":{"fna":"Arroyo Quequén Chico","gna":"Arroyo","nam":"Quequén Chico","tipo":"Corriente de agua perenne","ign":"lineas_de_aguas_continentales_perenne.630634"},"geometry":{"type":"MultiLineString","coordinates":[[[-59.15764,-37.63842],[-59.15782,-37.63893],[-59.15807,-37.64029],[-59.15807,-37.64068],[-59.15802,-37.64203],[-59.15784,-37.64339],[-59.15765,-37.64479],[-59.15742,-37.64614],[-59.15735,-37.64754],[-59.15734,-37.6489],[-59.15719,-37.64987],[-59.15699,-37.65034],[-59.15625,-37.6511]]]}},{"type":"Feature","properties":{"fna":"Arroyo Quequén Chico","gna":"Arroyo","nam":"Quequén Chico","tipo":"Corriente de agua perenne","ign":"lineas_de_aguas_continentales_perenne.630639"},"geometry":{"type":"MultiLineString","coordinates":[[[-59.15625,-37.6511],[-59.15593,-37.65143],[-59.15515,-37.65264],[-59.15498,-37.65277],[-59.15448,-37.65347],[-59.15425,-37.65484],[-59.15409,-37.65528],[-59.15358,-37.65611],[-59.15252,-37.65723],[-59.15265,-37.65763],[-59.15318,-37.65818],[-59.15332,-37.65846],[-59.15328,-37.65891],[-59.15318,-37.65953]]]}},{"type":"Feature","properties":{"fna":"Arroyo Quequén Chico","gna":"Arroyo","nam":"Quequén Chico","tipo":"Corriente de agua perenne","ign":"lineas_de_aguas_continentales_perenne.630652"},"geometry":{"type":"MultiLineString","coordinates":[[[-59.1684,-37.69584],[-59.16868,-37.69564],[-59.16873,-37.6955],[-59.16892,-37.69407],[-59.16671,-37.69133],[-59.16623,-37.69002],[-59.16587,-37.68782],[-59.16556,-37.68632],[-59.16494,-37.68437],[-59.16474,-37.68253],[-59.1636,-37.68052],[-59.16269,-37.67862],[-59.16198,-37.6769],[-59.16106,-37.67488],[-59.16092,-37.67313],[-59.16071,-37.67178],[-59.16051,-37.67042],[-59.16043,-37.67013],[-59.16009,-37.66957],[-59.15986,-37.66915],[-59.15954,-37.66822],[-59.15944,-37.66775],[-59.15929,-37.66637],[-59.15923,-37.66598],[-59.15892,-37.66463],[-59.15844,-37.66375],[-59.15801,-37.66344],[-59.15636,-37.66282],[-59.15598,-37.66272],[-59.15518,-37.66255],[-59.15477,-37.66228],[-59.15401,-37.66105],[-59.15326,-37.65982],[-59.15318,-37.65953]]]}},{"type":"Feature","properties":{"fna":"Arroyo Quequén Chico","gna":"Arroyo","nam":"Quequén Chico","tipo":"Corriente de agua perenne","ign":"lineas_de_aguas_continentales_perenne.630657"},"geometry":{"type":"MultiLineString","coordinates":[[[-59.1684,-37.69584],[-59.16755,-37.6961],[-59.16718,-37.69627],[-59.16607,-37.69732],[-59.16555,-37.69814],[-59.1654,-37.69858],[-59.16527,-37.69998],[-59.16487,-37.70134],[-59.16472,-37.70224],[-59.16474,-37.70269],[-59.16496,-37.70312],[-59.16583,-37.70383],[-59.1664,-37.704],[-59.16721,-37.7041],[-59.16748,-37.70428],[-59.16775,-37.70468],[-59.16788,-37.70486]]]}},{"type":"Feature","properties":{"fna":"Arroyo Quequén Chico","gna":"Arroyo","nam":"Quequén Chico","tipo":"Corriente de agua perenne","ign":"lineas_de_aguas_continentales_perenne.630658"},"geometry":{"type":"MultiLineString","coordinates":[[[-59.1684,-37.69584],[-59.16872,-37.69712],[-59.16875,-37.69847],[-59.16881,-37.69862],[-59.16907,-37.69886],[-59.16977,-37.69925],[-59.17006,-37.69949],[-59.17053,-37.70013],[-59.17066,-37.70046],[-59.17064,-37.70081],[-59.17026,-37.7015],[-59.16975,-37.70195],[-59.16901,-37.70248],[-59.16876,-37.7028],[-59.16825,-37.7039],[-59.16788,-37.70486]]]}},{"type":"Feature","properties":{"fna":"Arroyo Quequén Chico","gna":"Arroyo","nam":"Quequén Chico","tipo":"Corriente de agua perenne","ign":"lineas_de_aguas_continentales_perenne.630673"},"geometry":{"type":"MultiLineString","coordinates":[[[-59.16668,-37.71854],[-59.16694,-37.7199],[-59.16659,-37.72126],[-59.16559,-37.72239],[-59.1652,-37.72374],[-59.16518,-37.7251],[-59.1656,-37.7265],[-59.16625,-37.72777],[-59.16652,-37.72834],[-59.16672,-37.72976],[-59.16615,-37.73107],[-59.16614,-37.73242],[-59.16613,-37.73382],[-59.16611,-37.73522],[-59.16609,-37.73658],[-59.16597,-37.73681]]]}},{"type":"Feature","properties":{"fna":"Arroyo El Puente","gna":"Arroyo","nam":"El Puente","tipo":"Corriente de agua perenne","ign":"lineas_de_aguas_continentales_perenne.630695"},"geometry":{"type":"MultiLineString","coordinates":[[[-59.05978,-37.67836],[-59.05989,-37.67859],[-59.06045,-37.6799],[-59.06071,-37.68028],[-59.06089,-37.68166],[-59.06087,-37.68313],[-59.06085,-37.68452],[-59.06091,-37.68496],[-59.06122,-37.68581],[-59.06137,-37.68613],[-59.06158,-37.68654],[-59.0616,-37.68676],[-59.06144,-37.68766],[-59.06144,-37.68909],[-59.06143,-37.69052],[-59.06141,-37.69194],[-59.06139,-37.69341],[-59.06107,-37.69475],[-59.06052,-37.69613],[-59.06008,-37.69746],[-59.0599,-37.69889],[-59.05988,-37.70028],[-59.06024,-37.70162],[-59.06091,-37.70288],[-59.06138,-37.70395],[-59.06168,-37.70567],[-59.06209,-37.70661],[-59.06256,-37.70787],[-59.06296,-37.70921],[-59.06358,-37.71059],[-59.06419,-37.71191],[-59.06471,-37.71329],[-59.06564,-37.71464],[-59.06647,-37.71582],[-59.06767,-37.71684],[-59.06793,-37.7173],[-59.06805,-37.71745],[-59.06825,-37.71769],[-59.06869,-37.71851],[-59.06899,-37.71915],[-59.06952,-37.71999],[-59.07019,-37.72108],[-59.07086,-37.72189],[-59.07143,-37.72277],[-59.07253,-37.72383],[-59.07393,-37.72476],[-59.07551,-37.72544],[-59.07698,-37.7263],[-59.07845,-37.72698],[-59.07948,-37.72752],[-59.0797,-37.72791],[-59.07974,-37.72887],[-59.0798,-37.73028],[-59.08004,-37.73068],[-59.08116,-37.73117],[-59.08285,-37.73148],[-59.08347,-37.73146],[-59.0843,-37.73141],[-59.0847,-37.73149],[-59.08611,-37.73226],[-59.08747,-37.7331],[-59.0883,-37.73428],[-59.08945,-37.73538],[-59.08999,-37.73561],[-59.09079,-37.73582],[-59.09107,-37.73603],[-59.0919,-37.73725],[-59.09284,-37.73847],[-59.09377,-37.73961],[-59.09445,-37.74045],[-59.09611,-37.74087],[-59.09785,-37.74105],[-59.09835,-37.74132],[-59.09899,-37.74215],[-59.09935,-37.74353],[-59.09944,-37.74492],[-59.09995,-37.74622],[-59.10033,-37.74658],[-59.10095,-37.74701],[-59.1011,-37.74728],[-59.10102,-37.74874],[-59.1008,-37.75013],[-59.10114,-37.75041],[-59.10201,-37.75059],[-59.10231,-37.75077],[-59.10315,-37.75195],[-59.10367,-37.75246],[-59.10533,-37.75299],[-59.10548,-37.75307],[-59.10566,-37.75331],[-59.10574,-37.75434],[-59.10569,-37.75482],[-59.10559,-37.75546],[-59.10571,-37.75576],[-59.10607,-37.75613],[-59.10691,-37.75674],[-59.10823,-37.75763],[-59.10964,-37.75848],[-59.10998,-37.75887],[-59.11031,-37.75978],[-59.11035,-37.76024],[-59.11037,-37.76086],[-59.1105,-37.76113],[-59.11066,-37.7613],[-59.11135,-37.76262],[-59.11246,-37.76368],[-59.11349,-37.76485],[-59.11369,-37.76532],[-59.1138,-37.76628],[-59.11383,-37.7677],[-59.11382,-37.7691],[-59.11401,-37.77052],[-59.11457,-37.77187],[-59.11455,-37.77325],[-59.1147,-37.77472],[-59.11495,-37.77607],[-59.11532,-37.77641],[-59.116,-37.77672],[-59.11631,-37.77691],[-59.11678,-37.77729],[-59.11658,-37.77882],[-59.11647,-37.77975],[-59.1165,-37.78021],[-59.1167,-37.78063],[-59.11711,-37.78115],[-59.11728,-37.78143],[-59.1179,-37.78278],[-59.11834,-37.78367],[-59.11863,-37.78408],[-59.11966,-37.78526],[-59.12001,-37.78567]]]}},{"type":"Feature","properties":{"fna":"Arroyo Quequén Chico","gna":"Arroyo","nam":"Quequén Chico","tipo":"Corriente de agua perenne","ign":"lineas_de_aguas_continentales_perenne.630687"},"geometry":{"type":"MultiLineString","coordinates":[[[-59.15156,-37.74529],[-59.15098,-37.74529],[-59.14928,-37.74557],[-59.14767,-37.74609],[-59.14607,-37.7466],[-59.1456,-37.74686],[-59.14501,-37.74769],[-59.145,-37.74904],[-59.1446,-37.7504],[-59.14321,-37.7513],[-59.14276,-37.75253],[-59.1419,-37.7537],[-59.14128,-37.75449],[-59.14083,-37.75479],[-59.13912,-37.755],[-59.13747,-37.75533],[-59.13696,-37.75562],[-59.13614,-37.75633],[-59.13502,-37.75742],[-59.13419,-37.75863],[-59.13345,-37.75994],[-59.13294,-37.76125],[-59.13249,-37.76255],[-59.13154,-37.76382],[-59.13031,-37.76481],[-59.12936,-37.76594]]]}},{"type":"Feature","properties":{"fna":"Arroyo Quequén Chico","gna":"Arroyo","nam":"Quequén Chico","tipo":"Corriente de agua perenne","ign":"lineas_de_aguas_continentales_perenne.630696"},"geometry":{"type":"MultiLineString","coordinates":[[[-59.12936,-37.76594],[-59.12908,-37.76668],[-59.13028,-37.76772],[-59.13165,-37.7686],[-59.13198,-37.76902],[-59.13211,-37.76932],[-59.13213,-37.76992],[-59.13129,-37.77113],[-59.13106,-37.77253],[-59.13056,-37.77285],[-59.12963,-37.77309],[-59.12927,-37.77331],[-59.12899,-37.77375],[-59.12882,-37.77466],[-59.12919,-37.775],[-59.12997,-37.77545],[-59.13008,-37.77567],[-59.12971,-37.77597],[-59.12897,-37.77637],[-59.12874,-37.77663],[-59.12844,-37.77755],[-59.1284,-37.77803],[-59.12844,-37.77877],[-59.12768,-37.78001],[-59.12728,-37.78031],[-59.12653,-37.78055],[-59.12618,-37.7807],[-59.12479,-37.78152],[-59.12346,-37.78242],[-59.1223,-37.78347],[-59.12112,-37.7846],[-59.12001,-37.78567]]]}},{"type":"Feature","properties":{"tipo":"Corriente de agua perenne","ign":"lineas_de_aguas_continentales_perenne.640418"},"geometry":{"type":"MultiLineString","coordinates":[[[-59.11865,-37.52057],[-59.12045,-37.52103],[-59.12215,-37.52126],[-59.12326,-37.52151],[-59.12379,-37.52175],[-59.1241,-37.52197],[-59.12453,-37.52249],[-59.12465,-37.52294],[-59.12469,-37.52429],[-59.12482,-37.52584],[-59.12467,-37.52662],[-59.12453,-37.52676],[-59.12411,-37.52692],[-59.12373,-37.52709],[-59.12232,-37.52786],[-59.12197,-37.52825],[-59.12187,-37.52858],[-59.12197,-37.52922],[-59.12263,-37.52995],[-59.12312,-37.53023],[-59.12476,-37.53063],[-59.12646,-37.53078],[-59.12698,-37.53099],[-59.12782,-37.53167],[-59.12868,-37.53289],[-59.12909,-37.53377],[-59.12916,-37.53421],[-59.12897,-37.53561],[-59.12874,-37.53701],[-59.12849,-37.53743],[-59.12763,-37.53814],[-59.12712,-37.53842],[-59.1264,-37.53875],[-59.12614,-37.53901],[-59.12591,-37.53946],[-59.12574,-37.54039],[-59.12567,-37.54175],[-59.12557,-37.54234],[-59.12616,-37.54365],[-59.12625,-37.54412],[-59.12614,-37.5451],[-59.12596,-37.54654],[-59.12572,-37.54698],[-59.12502,-37.54776],[-59.12379,-37.54889],[-59.1227,-37.54979],[-59.12252,-37.54992],[-59.12214,-37.55031],[-59.12156,-37.55119],[-59.12127,-37.55213],[-59.12139,-37.55259],[-59.12263,-37.55444],[-59.12365,-37.55581],[-59.12474,-37.55691],[-59.12561,-37.55809],[-59.12598,-37.55946],[-59.12599,-37.56045],[-59.12574,-37.5609],[-59.12452,-37.56194],[-59.12335,-37.56298],[-59.12219,-37.56398],[-59.12206,-37.56439],[-59.1222,-37.56504],[-59.12211,-37.56533],[-59.121,-37.56642],[-59.11957,-37.5672],[-59.11862,-37.56837],[-59.11839,-37.56867],[-59.11818,-37.57004],[-59.11816,-37.57144],[-59.11832,-37.5728],[-59.11813,-37.5742],[-59.11785,-37.5752],[-59.11794,-37.57546],[-59.11806,-37.57555],[-59.11882,-37.5759],[-59.11891,-37.57726],[-59.11875,-37.57768],[-59.11824,-37.5782],[-59.11808,-37.57847],[-59.11789,-37.57983],[-59.11842,-37.58119],[-59.1181,-37.58153],[-59.11734,-37.58191],[-59.11721,-37.58215],[-59.11785,-37.58342],[-59.11805,-37.58433],[-59.118,-37.58477],[-59.11732,-37.58608],[-59.11654,-37.5873],[-59.11609,-37.58861],[-59.11608,-37.58997],[-59.11627,-37.59089],[-59.11655,-37.59128],[-59.1171,-37.59177],[-59.11668,-37.59304],[-59.11685,-37.59343],[-59.11748,-37.59389],[-59.11772,-37.59414],[-59.11836,-37.59541],[-59.11841,-37.59587],[-59.11843,-37.5965],[-59.11861,-37.59678],[-59.11877,-37.59686],[-59.1191,-37.59682],[-59.11984,-37.59642],[-59.12022,-37.5963],[-59.12136,-37.59628],[-59.12192,-37.59645],[-59.12204,-37.59655],[-59.12204,-37.59685],[-59.12176,-37.59753],[-59.12185,-37.59781],[-59.12271,-37.59842],[-59.12321,-37.59864],[-59.12484,-37.59914],[-59.1254,-37.59923],[-59.12614,-37.59937],[-59.12649,-37.59954],[-59.12675,-37.59996],[-59.12654,-37.6009],[-59.12613,-37.60229],[-59.12617,-37.60365],[-59.12676,-37.60497],[-59.12686,-37.60563],[-59.1267,-37.60607],[-59.12648,-37.60666],[-59.12635,-37.60695],[-59.12614,-37.60731],[-59.12579,-37.60776],[-59.12563,-37.60799],[-59.12497,-37.60928],[-59.12513,-37.60961],[-59.12595,-37.60995],[-59.12627,-37.61015],[-59.12737,-37.61121],[-59.12845,-37.61227],[-59.12976,-37.61333],[-59.13084,-37.61439],[-59.13215,-37.61545],[-59.13297,-37.6161],[-59.13324,-37.61651],[-59.13329,-37.61697],[-59.13311,-37.61791],[-59.13288,-37.6193],[-59.13275,-37.6207],[-59.1324,-37.6221],[-59.13206,-37.6235],[-59.13177,-37.6249]]]}},{"type":"Feature","properties":{"tipo":"Corriente de agua perenne","ign":"lineas_de_aguas_continentales_perenne.640443"},"geometry":{"type":"MultiLineString","coordinates":[[[-59.20934,-37.71793],[-59.20793,-37.718],[-59.20646,-37.7186],[-59.20472,-37.71976],[-59.20372,-37.72012],[-59.20224,-37.72038],[-59.19864,-37.7221],[-59.19719,-37.72306],[-59.19518,-37.72369],[-59.19389,-37.7241],[-59.19265,-37.7248],[-59.1907,-37.72678],[-59.18925,-37.72819],[-59.18745,-37.7294],[-59.18586,-37.73006],[-59.18443,-37.73052],[-59.18214,-37.7309],[-59.18026,-37.7319],[-59.17866,-37.73331],[-59.17676,-37.73447],[-59.17487,-37.73556],[-59.17288,-37.73649],[-59.17162,-37.73685],[-59.16833,-37.73701],[-59.16597,-37.73681]]]}},{"type":"Feature","properties":{"fna":"Arroyo Yehuinco","gna":"Arroyo","nam":"Yehuinco","tipo":"Corriente de agua perenne","ign":"lineas_de_aguas_continentales_perenne.630620"},"geometry":{"type":"MultiLineString","coordinates":[[[-59.6263,-37.61627],[-59.62616,-37.61752],[-59.62601,-37.61935],[-59.62693,-37.62107],[-59.62778,-37.62309],[-59.62807,-37.62497],[-59.62806,-37.62716],[-59.62776,-37.63045],[-59.62783,-37.63091]]]}},{"type":"Feature","properties":{"fna":"Arroyo Pecado Castigado","gna":"Arroyo","nam":"Pecado Castigado","tipo":"Corriente de agua perenne","ign":"lineas_de_aguas_continentales_perenne.630649"},"geometry":{"type":"MultiLineString","coordinates":[[[-59.99759,-37.68401],[-59.99702,-37.68444],[-59.99588,-37.68512],[-59.99474,-37.68602],[-59.9937,-37.68678],[-59.99265,-37.68761],[-59.99207,-37.68828],[-59.99189,-37.68866],[-59.9917,-37.6898],[-59.9917,-37.69093],[-59.9917,-37.69206],[-59.9917,-37.69328],[-59.99183,-37.69405],[-59.99208,-37.6944],[-59.99322,-37.69508],[-59.99445,-37.69569],[-59.9954,-37.6966],[-59.99578,-37.69696],[-59.99635,-37.69751],[-59.9965,-37.69766],[-59.99721,-37.69841],[-59.99768,-37.69924],[-59.99768,-37.70046],[-59.99768,-37.70167],[-59.99778,-37.70288],[-59.99778,-37.70409],[-59.99778,-37.70443]]]}},{"type":"Feature","properties":{"fna":"Arroyo El Chancho","gna":"Arroyo","nam":"El Chancho","tipo":"Corriente de agua perenne","ign":"lineas_de_aguas_continentales_perenne.630653"},"geometry":{"type":"MultiLineString","coordinates":[[[-59.63008,-37.70295],[-59.63014,-37.70333],[-59.63038,-37.7049],[-59.63051,-37.70636],[-59.63132,-37.70867],[-59.63207,-37.70964],[-59.63224,-37.70985],[-59.6324,-37.71029],[-59.63237,-37.71061],[-59.63211,-37.71123],[-59.63124,-37.71241],[-59.63024,-37.71354],[-59.62966,-37.7141]]]}},{"type":"Feature","properties":{"fna":"Arroyo Cinco Lomas","gna":"Arroyo","nam":"Cinco Lomas","tipo":"Corriente de agua perenne","ign":"lineas_de_aguas_continentales_perenne.630654"},"geometry":{"type":"MultiLineString","coordinates":[[[-59.70424,-37.51726],[-59.70549,-37.51815],[-59.7071,-37.5202],[-59.70717,-37.52089],[-59.70661,-37.52241],[-59.70689,-37.5233],[-59.70869,-37.52428],[-59.71032,-37.52522],[-59.71049,-37.52559],[-59.71001,-37.52647],[-59.70966,-37.52716],[-59.70937,-37.529],[-59.70922,-37.53089],[-59.70922,-37.53273],[-59.7095,-37.53462],[-59.71036,-37.53651],[-59.71057,-37.5386],[-59.71058,-37.53864],[-59.71093,-37.54052],[-59.71179,-37.5423],[-59.71243,-37.54425],[-59.71243,-37.54609],[-59.71324,-37.54826],[-59.71247,-37.55189],[-59.71265,-37.55415],[-59.71036,-37.55694],[-59.70903,-37.55775],[-59.7077,-37.55979],[-59.70666,-37.56069],[-59.70628,-37.56107],[-59.70576,-37.56242],[-59.70676,-37.56603],[-59.70739,-37.56752],[-59.70815,-37.56919],[-59.70889,-37.57161],[-59.70904,-37.57434],[-59.7085,-37.57568],[-59.70783,-37.57629],[-59.70593,-37.57697],[-59.70469,-37.57764],[-59.70374,-37.57877],[-59.70231,-37.58156],[-59.70145,-37.5832],[-59.70078,-37.58441],[-59.70049,-37.58592],[-59.69937,-37.58809],[-59.699,-37.58992],[-59.69914,-37.59178],[-59.69933,-37.59344],[-59.69894,-37.59533],[-59.69741,-37.59744],[-59.69573,-37.60112],[-59.69561,-37.60159],[-59.69548,-37.60256],[-59.69506,-37.60312],[-59.69291,-37.60414],[-59.69049,-37.60526],[-59.68856,-37.60696],[-59.6879,-37.60832],[-59.68675,-37.60952],[-59.68561,-37.61073],[-59.68484,-37.61201],[-59.68483,-37.61337],[-59.68493,-37.61473],[-59.68511,-37.61625],[-59.6851,-37.61768],[-59.6851,-37.61919],[-59.68509,-37.6207],[-59.68509,-37.62228],[-59.68489,-37.62372],[-59.6847,-37.62508],[-59.6844,-37.62644],[-59.68393,-37.6278],[-59.68325,-37.62908],[-59.6824,-37.63044],[-59.68134,-37.63179],[-59.6802,-37.63285],[-59.67896,-37.63398],[-59.67772,-37.63503],[-59.67763,-37.63518],[-59.67639,-37.63632],[-59.67553,-37.63761],[-59.67486,-37.63904],[-59.67438,-37.64055],[-59.6738,-37.6419],[-59.67323,-37.64334],[-59.67255,-37.64462],[-59.67208,-37.64598],[-59.6717,-37.64734],[-59.6714,-37.6487],[-59.67093,-37.65013],[-59.67035,-37.65149],[-59.66967,-37.65277],[-59.66872,-37.65405],[-59.66748,-37.65511],[-59.66606,-37.65601],[-59.66481,-37.65722],[-59.6645,-37.65836],[-59.66483,-37.659],[-59.66551,-37.65986],[-59.66549,-37.66028],[-59.66463,-37.66167],[-59.66384,-37.66288],[-59.66364,-37.66424],[-59.66363,-37.6656],[-59.66354,-37.66636],[-59.663,-37.66765],[-59.66214,-37.66894],[-59.66165,-37.67037],[-59.66108,-37.67165],[-59.66003,-37.67286],[-59.65888,-37.67399],[-59.65887,-37.67535],[-59.65907,-37.67678],[-59.65916,-37.67814],[-59.65915,-37.67946],[-59.65915,-37.6795],[-59.65913,-37.68086],[-59.65913,-37.68222],[-59.65883,-37.68366],[-59.65836,-37.68501],[-59.65797,-37.68637],[-59.6573,-37.68765],[-59.65644,-37.68901],[-59.65558,-37.69029],[-59.65501,-37.69157],[-59.65482,-37.69188],[-59.65388,-37.69303],[-59.65302,-37.69424],[-59.65225,-37.69559],[-59.65168,-37.69695],[-59.651,-37.69831],[-59.65052,-37.69967],[-59.65004,-37.7011],[-59.64927,-37.70238],[-59.6487,-37.70367],[-59.6485,-37.70502],[-59.64849,-37.70639],[-59.64858,-37.70782],[-59.64923,-37.70918],[-59.64995,-37.71023],[-59.65018,-37.71163],[-59.64988,-37.71271],[-59.64951,-37.71321],[-59.64822,-37.71423],[-59.64688,-37.71555],[-59.64635,-37.716],[-59.64585,-37.71659]]]}},{"type":"Feature","properties":{"fna":"Arroyo El Pescado Castigado","gna":"Arroyo","nam":"El Pescado Castigado","tipo":"Corriente de agua perenne","ign":"lineas_de_aguas_continentales_perenne.630682"},"geometry":{"type":"MultiLineString","coordinates":[[[-59.9712,-37.76391],[-59.97101,-37.76513],[-59.97085,-37.76563],[-59.97067,-37.76594],[-59.97017,-37.7665],[-59.96869,-37.76782],[-59.96678,-37.76952],[-59.96565,-37.7705],[-59.96399,-37.77155],[-59.96251,-37.77122],[-59.96216,-37.77121],[-59.96147,-37.77146],[-59.96004,-37.7724],[-59.95844,-37.77315],[-59.95671,-37.77367],[-59.95505,-37.774],[-59.95338,-37.77433],[-59.9516,-37.77448],[-59.94982,-37.77466],[-59.94869,-37.77489],[-59.94816,-37.77508],[-59.94783,-37.77522],[-59.94688,-37.77636],[-59.94646,-37.77687]]]}},{"type":"Feature","properties":{"fna":"Arroyo El Pescado Castigado","gna":"Arroyo","nam":"El Pescado Castigado","tipo":"Corriente de agua perenne","ign":"lineas_de_aguas_continentales_perenne.630661"},"geometry":{"type":"MultiLineString","coordinates":[[[-59.99778,-37.70443],[-59.99777,-37.70529],[-59.99778,-37.7065],[-59.99778,-37.70771],[-59.99768,-37.70892],[-59.99721,-37.70998],[-59.99664,-37.71104],[-59.99588,-37.7121],[-59.99512,-37.71308],[-59.99445,-37.71406],[-59.99379,-37.71505],[-59.99303,-37.71603],[-59.99255,-37.71708],[-59.99227,-37.71814],[-59.99189,-37.7192],[-59.99189,-37.71995],[-59.99171,-37.72119],[-59.99171,-37.72232],[-59.99171,-37.72345],[-59.99171,-37.72466],[-59.99142,-37.7258],[-59.99095,-37.72685],[-59.99047,-37.72791],[-59.9901,-37.72897],[-59.98903,-37.72984],[-59.98836,-37.7307],[-59.98793,-37.73172],[-59.98831,-37.73245],[-59.98879,-37.73337],[-59.98808,-37.73465],[-59.98782,-37.73518]]]}},{"type":"Feature","properties":{"fna":"Arroyo El Pescado Castigado","gna":"Arroyo","nam":"El Pescado Castigado","tipo":"Corriente de agua perenne","ign":"lineas_de_aguas_continentales_perenne.630672"},"geometry":{"type":"MultiLineString","coordinates":[[[-59.98782,-37.73518],[-59.9876,-37.73563],[-59.98736,-37.7365],[-59.98732,-37.73666],[-59.98788,-37.73843],[-59.9881,-37.73917],[-59.98772,-37.74023],[-59.98705,-37.74121],[-59.9861,-37.74211],[-59.98506,-37.74309],[-59.9841,-37.74408],[-59.98335,-37.74506],[-59.98287,-37.74612],[-59.98268,-37.74725],[-59.98268,-37.7477],[-59.98199,-37.74864],[-59.98106,-37.74948],[-59.9801,-37.75039],[-59.97915,-37.75121],[-59.97838,-37.75212],[-59.97782,-37.75318],[-59.97744,-37.75424],[-59.97696,-37.75529],[-59.97632,-37.7562],[-59.97594,-37.75688],[-59.97441,-37.75805],[-59.97375,-37.75869],[-59.97256,-37.76013],[-59.97242,-37.7603]]]}},{"type":"Feature","properties":{"fna":"Arroyo El Chancho","gna":"Arroyo","nam":"El Chancho","tipo":"Corriente de agua perenne","ign":"lineas_de_aguas_continentales_perenne.630675"},"geometry":{"type":"MultiLineString","coordinates":[[[-59.63203,-37.72778],[-59.63277,-37.72901],[-59.63332,-37.73029],[-59.6338,-37.73162],[-59.6341,-37.73295],[-59.63409,-37.7334],[-59.63367,-37.73428],[-59.63348,-37.73441],[-59.63297,-37.7342],[-59.63179,-37.73329],[-59.63132,-37.73334],[-59.6307,-37.73415],[-59.63063,-37.73457],[-59.63106,-37.7359],[-59.63124,-37.73728],[-59.63123,-37.73866],[-59.63123,-37.74004],[-59.63128,-37.74141],[-59.63128,-37.74239],[-59.63245,-37.74344],[-59.63266,-37.74385],[-59.63272,-37.74448],[-59.63281,-37.74477],[-59.63374,-37.74596],[-59.63516,-37.7468],[-59.63558,-37.74813],[-59.63563,-37.74951],[-59.63567,-37.75045],[-59.63588,-37.75089],[-59.63699,-37.75193],[-59.63816,-37.75296],[-59.63842,-37.75338],[-59.63848,-37.75367]]]}},{"type":"Feature","properties":{"fna":"Arroyo El Pescado Castigado","gna":"Arroyo","nam":"El Pescado Castigado","tipo":"Corriente de agua perenne","ign":"lineas_de_aguas_continentales_perenne.630698"},"geometry":{"type":"MultiLineString","coordinates":[[[-59.94646,-37.77687],[-59.94593,-37.77749],[-59.94497,-37.77871],[-59.94396,-37.77994],[-59.9436,-37.78126],[-59.94349,-37.78218],[-59.9436,-37.78263],[-59.94461,-37.78381],[-59.94581,-37.7849],[-59.94675,-37.78608],[-59.94717,-37.7874],[-59.94728,-37.78882],[-59.94701,-37.78922],[-59.94639,-37.78967],[-59.94615,-37.7899],[-59.94604,-37.79037],[-59.94593,-37.79103],[-59.94567,-37.79123],[-59.94395,-37.79136],[-59.94211,-37.79136],[-59.94033,-37.79174],[-59.93986,-37.79203],[-59.9393,-37.7925],[-59.93896,-37.79259],[-59.93733,-37.79353],[-59.9359,-37.79428],[-59.93441,-37.79509],[-59.93347,-37.79572],[-59.93311,-37.79612],[-59.93263,-37.79745],[-59.93186,-37.79877],[-59.93061,-37.79976],[-59.92906,-37.80052],[-59.9274,-37.80098],[-59.92636,-37.80142],[-59.92591,-37.80173],[-59.9257,-37.80215],[-59.92567,-37.80278],[-59.92555,-37.80306],[-59.9246,-37.80419],[-59.92393,-37.80474],[-59.92262,-37.80574],[-59.92155,-37.8068],[-59.92045,-37.80786],[-59.91956,-37.80904],[-59.9184,-37.81007],[-59.91697,-37.81083],[-59.91542,-37.81149],[-59.9143,-37.81255],[-59.91268,-37.81306],[-59.91209,-37.81308],[-59.91129,-37.81307],[-59.91099,-37.81321],[-59.91072,-37.81344],[-59.91005,-37.81404]]]}},{"type":"Feature","properties":{"fna":"Arroyo El Pescado Castigado","gna":"Arroyo","nam":"El Pescado Castigado","tipo":"Corriente de agua perenne","ign":"lineas_de_aguas_continentales_perenne.630756"},"geometry":{"type":"MultiLineString","coordinates":[[[-59.91005,-37.81404],[-59.90959,-37.81446],[-59.90813,-37.81519],[-59.907,-37.81623],[-59.9059,-37.81726],[-59.90458,-37.81819],[-59.9036,-37.81932],[-59.90334,-37.81975],[-59.90298,-37.82029],[-59.90268,-37.82047],[-59.90153,-37.82087],[-59.89991,-37.82143],[-59.89939,-37.82166],[-59.89846,-37.82226],[-59.89718,-37.82318],[-59.89584,-37.82415],[-59.89474,-37.82521],[-59.89358,-37.82619],[-59.89327,-37.82659],[-59.8928,-37.82742],[-59.8926,-37.82785],[-59.89127,-37.82872],[-59.88976,-37.82935],[-59.88824,-37.82999],[-59.88666,-37.8306],[-59.88626,-37.83092],[-59.88586,-37.83147],[-59.88559,-37.83169],[-59.8841,-37.83244],[-59.8827,-37.83325],[-59.88128,-37.834],[-59.88071,-37.83449],[-59.87929,-37.83525],[-59.87796,-37.83612],[-59.87682,-37.83716],[-59.87542,-37.83796],[-59.87423,-37.83895],[-59.87292,-37.83982],[-59.87245,-37.8401],[-59.87184,-37.84047],[-59.87158,-37.84069],[-59.87101,-37.84128],[-59.86987,-37.84233],[-59.86847,-37.84318],[-59.86713,-37.84407],[-59.86579,-37.84494],[-59.8653,-37.84518],[-59.86424,-37.84555],[-59.86264,-37.84602],[-59.86162,-37.84647],[-59.86124,-37.8468],[-59.86098,-37.84713],[-59.86,-37.8483],[-59.85899,-37.84943],[-59.8583,-37.8507],[-59.85731,-37.85183],[-59.8569,-37.85215],[-59.85595,-37.85268],[-59.85434,-37.85324],[-59.85287,-37.854],[-59.85154,-37.85485],[-59.85026,-37.85555],[-59.8493,-37.85666],[-59.84882,-37.85691],[-59.84798,-37.85705],[-59.84763,-37.8572],[-59.84638,-37.85817],[-59.84522,-37.85916],[-59.84394,-37.86005],[-59.84251,-37.86081],[-59.84097,-37.86149],[-59.83926,-37.86203],[-59.83778,-37.86281],[-59.8372,-37.86296],[-59.83642,-37.86314],[-59.8362,-37.86335],[-59.83587,-37.86406],[-59.83452,-37.86501],[-59.83324,-37.86602],[-59.8319,-37.86703],[-59.83047,-37.86784],[-59.82964,-37.86901],[-59.82826,-37.86984],[-59.82791,-37.8701],[-59.82643,-37.8709],[-59.82521,-37.87193],[-59.82384,-37.87281],[-59.82253,-37.87368],[-59.82088,-37.87469],[-59.81925,-37.87516],[-59.81765,-37.8757],[-59.81615,-37.87645],[-59.81479,-37.8773],[-59.81363,-37.87829],[-59.8127,-37.87944],[-59.81253,-37.87967],[-59.81131,-37.88067],[-59.81001,-37.88154],[-59.80866,-37.88248],[-59.80723,-37.88333],[-59.80685,-37.88367],[-59.80627,-37.88446],[-59.80612,-37.8849],[-59.806,-37.88553],[-59.8058,-37.88578],[-59.80531,-37.88601],[-59.80456,-37.88617],[-59.80422,-37.8863],[-59.80281,-37.88715],[-59.80177,-37.88775],[-59.80162,-37.88813],[-59.80199,-37.88911],[-59.80119,-37.89019],[-59.80072,-37.89055],[-59.79992,-37.89089],[-59.79955,-37.89109],[-59.79874,-37.89173],[-59.79841,-37.8921],[-59.79826,-37.89266],[-59.79832,-37.89345],[-59.79823,-37.89382],[-59.79785,-37.89445],[-59.79755,-37.89472],[-59.79596,-37.89538],[-59.79483,-37.89604],[-59.79358,-37.89709],[-59.79243,-37.89811],[-59.79109,-37.89902],[-59.79074,-37.89912],[-59.79051,-37.89918],[-59.78931,-37.89914],[-59.78888,-37.89905],[-59.78758,-37.89876],[-59.78641,-37.89874],[-59.78582,-37.89885],[-59.78531,-37.89906],[-59.78451,-37.89974],[-59.78424,-37.90111],[-59.7838,-37.90182],[-59.78371,-37.90196],[-59.78329,-37.90234],[-59.78277,-37.90264],[-59.78164,-37.9029],[-59.78018,-37.90282],[-59.77985,-37.90281],[-59.77816,-37.90299],[-59.77706,-37.90321],[-59.77655,-37.90346],[-59.77632,-37.90387],[-59.77631,-37.90452],[-59.7762,-37.90481],[-59.77608,-37.90495],[-59.7749,-37.90597],[-59.77445,-37.90626],[-59.77338,-37.90667],[-59.77076,-37.90722],[-59.77049,-37.90741],[-59.77021,-37.90775],[-59.77004,-37.90788],[-59.76954,-37.90796],[-59.76879,-37.90796],[-59.76849,-37.90808],[-59.76745,-37.90917],[-59.76694,-37.90955],[-59.76547,-37.90997],[-59.76404,-37.91084],[-59.76247,-37.91138],[-59.76121,-37.91234],[-59.76013,-37.91347],[-59.7596,-37.91367],[-59.75841,-37.91359],[-59.75797,-37.91327],[-59.75739,-37.9127],[-59.75711,-37.91266],[-59.75579,-37.91354],[-59.75504,-37.91428],[-59.75474,-37.91469],[-59.75411,-37.91594],[-59.75391,-37.91658],[-59.75375,-37.91728],[-59.75373,-37.91864],[-59.75368,-37.91877],[-59.75341,-37.91897],[-59.75263,-37.91928],[-59.75238,-37.91951],[-59.7522,-37.92085],[-59.75171,-37.92168],[-59.75136,-37.92205],[-59.75121,-37.92215],[-59.75083,-37.92225],[-59.75001,-37.92235],[-59.74975,-37.92255],[-59.74909,-37.92384],[-59.74896,-37.92432],[-59.74876,-37.92494],[-59.7485,-37.92514],[-59.74821,-37.92525],[-59.7478,-37.9266],[-59.74752,-37.92802],[-59.74727,-37.92891],[-59.74697,-37.92934],[-59.74652,-37.92966],[-59.7454,-37.92995],[-59.74367,-37.92996],[-59.74254,-37.93023],[-59.74206,-37.93051],[-59.74096,-37.93159],[-59.73991,-37.93272],[-59.73912,-37.93343],[-59.73893,-37.93385],[-59.73886,-37.93473],[-59.73925,-37.9361],[-59.73928,-37.93655],[-59.73913,-37.93709]]]}},{"type":"Feature","properties":{"fna":"Arroyo El Pescado Castigado","gna":"Arroyo","nam":"El Pescado Castigado","tipo":"Corriente de agua perenne","ign":"lineas_de_aguas_continentales_perenne.630785"},"geometry":{"type":"MultiLineString","coordinates":[[[-59.73913,-37.93709],[-59.73903,-37.93745],[-59.73865,-37.93832],[-59.73832,-37.93869],[-59.73703,-37.93961],[-59.73613,-37.94025],[-59.73575,-37.94062],[-59.73515,-37.94138],[-59.73362,-37.942],[-59.73195,-37.94246],[-59.73064,-37.94336],[-59.72909,-37.94401],[-59.7287,-37.94436],[-59.72807,-37.94514],[-59.72736,-37.94641],[-59.7268,-37.94676],[-59.72582,-37.94707],[-59.72548,-37.94733],[-59.72542,-37.9478],[-59.72559,-37.94847],[-59.7255,-37.94877],[-59.72463,-37.94971],[-59.72445,-37.94988],[-59.7233,-37.95094],[-59.72234,-37.95206],[-59.72132,-37.9532],[-59.72043,-37.95435],[-59.7193,-37.95539],[-59.71833,-37.95652],[-59.71717,-37.95717]]]}},{"type":"Feature","properties":{"fna":"Arroyo El Pescado Castigado","gna":"Arroyo","nam":"El Pescado Castigado","tipo":"Corriente de agua perenne","ign":"lineas_de_aguas_continentales_perenne.630800"},"geometry":{"type":"MultiLineString","coordinates":[[[-59.71717,-37.95717],[-59.7169,-37.95731],[-59.71547,-37.95807],[-59.71374,-37.95844],[-59.71265,-37.95883],[-59.71225,-37.95914],[-59.71171,-37.95985],[-59.71071,-37.96096],[-59.71022,-37.96119],[-59.70938,-37.96127],[-59.70898,-37.96136],[-59.7074,-37.96199],[-59.70584,-37.96263],[-59.70424,-37.96314],[-59.70254,-37.96351],[-59.70211,-37.96386],[-59.70173,-37.96471],[-59.70202,-37.96506],[-59.70275,-37.96552],[-59.70283,-37.96576],[-59.70226,-37.96655],[-59.70184,-37.96693],[-59.70093,-37.96752],[-59.70041,-37.96771],[-59.69865,-37.96787],[-59.69707,-37.96841],[-59.69585,-37.96909],[-59.69565,-37.96926],[-59.69552,-37.96946],[-59.69556,-37.96993],[-59.69595,-37.97095],[-59.69585,-37.97122],[-59.69573,-37.97133],[-59.6955,-37.97143],[-59.69502,-37.97151],[-59.69398,-37.97149],[-59.69351,-37.97156],[-59.6917,-37.97235],[-59.69114,-37.97243],[-59.69016,-37.97231],[-59.68998,-37.97229],[-59.68958,-37.97198],[-59.68921,-37.97136],[-59.68897,-37.97118],[-59.68858,-37.97118],[-59.6884,-37.97127],[-59.68771,-37.97269],[-59.68661,-37.9739],[-59.68639,-37.97408],[-59.68595,-37.97443],[-59.6858,-37.97453],[-59.68418,-37.97497],[-59.68293,-37.97512],[-59.68271,-37.97524],[-59.68247,-37.97561],[-59.68227,-37.97659],[-59.68202,-37.97701],[-59.68159,-37.97736],[-59.68057,-37.97791],[-59.67989,-37.9781],[-59.67966,-37.97787],[-59.67937,-37.97729],[-59.67913,-37.97715],[-59.67742,-37.9771],[-59.67723,-37.97711],[-59.67605,-37.97808],[-59.67545,-37.97891],[-59.67514,-37.97911],[-59.67447,-37.97938],[-59.6741,-37.97926],[-59.67362,-37.97895],[-59.67339,-37.979],[-59.67315,-37.97927],[-59.67297,-37.97987],[-59.67291,-37.98049],[-59.67297,-37.98079],[-59.67341,-37.98145],[-59.67368,-37.98251],[-59.67355,-37.98346],[-59.67313,-37.9844],[-59.67295,-37.98532],[-59.67279,-37.98634],[-59.67294,-37.98663],[-59.67332,-37.98699],[-59.67336,-37.98717],[-59.67291,-37.98798],[-59.67257,-37.98831],[-59.6721,-37.98875],[-59.67206,-37.98896],[-59.67229,-37.98931],[-59.67284,-37.98977],[-59.67307,-37.99001],[-59.67345,-37.99053],[-59.67364,-37.99134],[-59.67364,-37.99227],[-59.67402,-37.99284],[-59.67432,-37.99362],[-59.67437,-37.99454],[-59.67499,-37.99581],[-59.67504,-37.99604],[-59.67502,-37.9965],[-59.67507,-37.99712],[-59.67517,-37.99799],[-59.67511,-37.99852]]]}},{"type":"Feature","properties":{"tipo":"Corriente de agua perenne","ign":"lineas_de_aguas_continentales_perenne.630627"},"geometry":{"type":"MultiLineString","coordinates":[[[-59.26976,-37.62639],[-59.26884,-37.62672],[-59.26842,-37.62706],[-59.26783,-37.62785],[-59.26755,-37.62919],[-59.26648,-37.63028],[-59.26505,-37.63119],[-59.26436,-37.63244],[-59.26434,-37.63383],[-59.26383,-37.6347],[-59.26355,-37.63488]]]}},{"type":"Feature","properties":{"tipo":"Corriente de agua perenne","ign":"lineas_de_aguas_continentales_perenne.630631"},"geometry":{"type":"MultiLineString","coordinates":[[[-59.26355,-37.63488],[-59.26339,-37.635],[-59.26209,-37.63605],[-59.26118,-37.63723],[-59.26053,-37.63857],[-59.26004,-37.63995],[-59.25928,-37.6412],[-59.25827,-37.64241],[-59.25716,-37.64353],[-59.25589,-37.64462],[-59.25488,-37.64574],[-59.25466,-37.64618]]]}},{"type":"Feature","properties":{"fna":"Arroyo El Chancho","gna":"Arroyo","nam":"El Chancho","tipo":"Corriente de agua perenne","ign":"lineas_de_aguas_continentales_perenne.630663"},"geometry":{"type":"MultiLineString","coordinates":[[[-59.62966,-37.7141],[-59.62912,-37.71461],[-59.62892,-37.71506],[-59.62899,-37.71599],[-59.62941,-37.71737],[-59.62991,-37.7187],[-59.62996,-37.72013],[-59.62995,-37.72151],[-59.62994,-37.7224],[-59.63031,-37.72379],[-59.63092,-37.72507],[-59.63148,-37.7264],[-59.63203,-37.72778]]]}},{"type":"Feature","properties":{"fna":"Arroyo Cinco Lomas","gna":"Arroyo","nam":"Cinco Lomas","tipo":"Corriente de agua perenne","ign":"lineas_de_aguas_continentales_perenne.630664"},"geometry":{"type":"MultiLineString","coordinates":[[[-59.64585,-37.71659],[-59.64441,-37.71773],[-59.64345,-37.71924],[-59.64287,-37.72003],[-59.64236,-37.72113],[-59.64188,-37.72248],[-59.64103,-37.72384],[-59.63998,-37.72497],[-59.639,-37.7255],[-59.63845,-37.72565],[-59.63664,-37.72594],[-59.63484,-37.72624],[-59.63369,-37.72644],[-59.63322,-37.72668],[-59.63203,-37.72778]]]}},{"type":"Feature","properties":{"fna":"Arroyo Quequén Grande","gna":"Arroyo","nam":"Quequén Grande","tipo":"Corriente de agua perenne","ign":"lineas_de_aguas_continentales_perenne.630924"},"geometry":{"type":"MultiLineString","coordinates":[[[-59.3436,-38.08771],[-59.34315,-38.08823],[-59.34278,-38.08866],[-59.34204,-38.0892],[-59.33969,-38.09044],[-59.33758,-38.09055],[-59.33559,-38.09095],[-59.33427,-38.09111],[-59.33251,-38.09196],[-59.33126,-38.09266],[-59.33025,-38.09352]]]}},{"type":"Feature","properties":{"fna":"Arroyo Yehuinco","gna":"Arroyo","nam":"Yehuinco","tipo":"Corriente de agua perenne","ign":"lineas_de_aguas_continentales_perenne.630613"},"geometry":{"type":"MultiLineString","coordinates":[[[-59.61572,-37.56843],[-59.61642,-37.56913],[-59.61662,-37.5698],[-59.61646,-37.57089],[-59.61574,-37.57151],[-59.61511,-37.57223],[-59.61492,-37.57264],[-59.61494,-37.57323],[-59.61588,-37.57502],[-59.6168,-37.57691],[-59.61714,-37.57719],[-59.61824,-37.57739],[-59.61903,-37.5776],[-59.62033,-37.57839],[-59.6209,-37.57887],[-59.62225,-37.58059],[-59.62361,-37.58174],[-59.62454,-37.58461],[-59.62424,-37.58661],[-59.62388,-37.5885],[-59.62323,-37.59034],[-59.62351,-37.59217],[-59.62487,-37.59389],[-59.62501,-37.59607],[-59.62536,-37.59808],[-59.62665,-37.59981],[-59.62729,-37.60176],[-59.62707,-37.60359],[-59.62727,-37.60566],[-59.62784,-37.60749],[-59.62784,-37.60961],[-59.62761,-37.61162],[-59.62739,-37.61368],[-59.62645,-37.6154],[-59.6263,-37.61627]]]}},{"type":"Feature","properties":{"tipo":"Corriente de agua perenne","ign":"lineas_de_aguas_continentales_perenne.630622"},"geometry":{"type":"MultiLineString","coordinates":[[[-59.29162,-37.61375],[-59.29089,-37.61456],[-59.28979,-37.61566],[-59.28893,-37.61637],[-59.2884,-37.61667],[-59.28672,-37.61713],[-59.28503,-37.61736],[-59.28326,-37.61735],[-59.28148,-37.61734],[-59.2797,-37.6174],[-59.27917,-37.6176],[-59.27831,-37.61826],[-59.27711,-37.61927],[-59.27681,-37.6196],[-59.27564,-37.6206],[-59.27447,-37.6216],[-59.27335,-37.62273],[-59.27266,-37.62402],[-59.27175,-37.62523],[-59.27043,-37.62615],[-59.26976,-37.62639]]]}},{"type":"Feature","properties":{"fna":"Arroyo Medio Campo","gna":"Arroyo","nam":"Medio Campo","tipo":"Corriente de agua perenne","ign":"lineas_de_aguas_continentales_perenne.630636"},"geometry":{"type":"MultiLineString","coordinates":[[[-59.63008,-37.70295],[-59.62895,-37.70123],[-59.62794,-37.69941],[-59.62699,-37.69796],[-59.62529,-37.69625],[-59.6253,-37.69361],[-59.62488,-37.69192],[-59.62316,-37.69078],[-59.62211,-37.6903],[-59.62093,-37.68953],[-59.61902,-37.68867],[-59.61775,-37.68563],[-59.61723,-37.68342],[-59.6165,-37.68019],[-59.61523,-37.67806],[-59.61556,-37.67636],[-59.615,-37.67471],[-59.61504,-37.67373],[-59.61259,-37.67103],[-59.61226,-37.66971],[-59.61224,-37.66962],[-59.61192,-37.66835],[-59.61192,-37.66702],[-59.61093,-37.66501],[-59.61028,-37.66323],[-59.60914,-37.66162],[-59.60756,-37.6599],[-59.60627,-37.6584],[-59.60453,-37.65656],[-59.60398,-37.65528],[-59.60375,-37.6536],[-59.60401,-37.65089],[-59.60266,-37.64857],[-59.60149,-37.6469],[-59.60027,-37.64572],[-59.59964,-37.64354],[-59.5982,-37.64244],[-59.59672,-37.64165],[-59.59457,-37.63948],[-59.59254,-37.63784],[-59.59149,-37.63631],[-59.59038,-37.63445],[-59.58895,-37.63302],[-59.58787,-37.63107],[-59.58723,-37.629],[-59.58609,-37.62716],[-59.58516,-37.62538],[-59.58366,-37.62372],[-59.58201,-37.62211],[-59.581,-37.62044],[-59.58037,-37.61866],[-59.5803,-37.61649],[-59.58031,-37.61436],[-59.58018,-37.61241],[-59.57954,-37.61058],[-59.57846,-37.60891],[-59.57696,-37.60747],[-59.57589,-37.60587],[-59.5756,-37.60397],[-59.57523,-37.60273],[-59.57504,-37.60208],[-59.57476,-37.60007],[-59.57462,-37.59818],[-59.57441,-37.59606],[-59.57377,-37.59416],[-59.5722,-37.59244],[-59.57098,-37.59048],[-59.57006,-37.58876],[-59.56942,-37.58681],[-59.56919,-37.58599],[-59.56908,-37.58556],[-59.56878,-37.58498],[-59.56727,-37.58342],[-59.5662,-37.58233],[-59.5655,-37.5814],[-59.56391,-37.57946],[-59.56219,-37.57785],[-59.5609,-37.57635],[-59.55918,-37.57446],[-59.55754,-37.57285],[-59.55582,-37.57129],[-59.5541,-37.5698],[-59.55252,-37.56842],[-59.55058,-37.56738],[-59.54865,-37.56639],[-59.54642,-37.56548],[-59.54412,-37.5649],[-59.54168,-37.56437],[-59.5388,-37.5639],[-59.53636,-37.56361],[-59.53399,-37.56309],[-59.53147,-37.56233],[-59.52953,-37.56124],[-59.52738,-37.56014],[-59.52581,-37.55865],[-59.5243,-37.55726],[-59.52287,-37.55542],[-59.52138,-37.55404],[-59.51979,-37.55272],[-59.51786,-37.55105],[-59.51607,-37.54944],[-59.51456,-37.54794],[-59.51299,-37.54639],[-59.51135,-37.54473],[-59.50963,-37.54311],[-59.50776,-37.54185],[-59.50598,-37.54035],[-59.50397,-37.53908],[-59.50196,-37.53804],[-59.50009,-37.537],[-59.49839,-37.53556],[-59.4979,-37.5354],[-59.49738,-37.53516],[-59.49714,-37.53506],[-59.49427,-37.53382],[-59.49372,-37.5336],[-59.49155,-37.53302],[-59.48891,-37.53209],[-59.48574,-37.53128],[-59.48273,-37.53064],[-59.48,-37.5304],[-59.4777,-37.53009],[-59.4754,-37.53009],[-59.4731,-37.53032],[-59.47079,-37.53076],[-59.46899,-37.5319],[-59.46683,-37.53264],[-59.46438,-37.53286],[-59.46172,-37.53296],[-59.4595,-37.53238],[-59.45756,-37.53129],[-59.4557,-37.53019],[-59.4534,-37.52938],[-59.45089,-37.52914],[-59.44851,-37.52936],[-59.4468,-37.52935],[-59.44621,-37.52935],[-59.444,-37.5282],[-59.44192,-37.5271],[-59.44005,-37.52594],[-59.43753,-37.52542],[-59.43524,-37.52495],[-59.43251,-37.52454],[-59.42999,-37.52424],[-59.42799,-37.5244],[-59.42445,-37.52468],[-59.42235,-37.52437],[-59.4209,-37.52444],[-59.41771,-37.52435],[-59.41579,-37.52403],[-59.41368,-37.52356],[-59.41203,-37.52348],[-59.41059,-37.5229],[-59.40833,-37.522],[-59.40657,-37.52127],[-59.40393,-37.51975],[-59.40124,-37.51851],[-59.39918,-37.51654],[-59.39761,-37.51467],[-59.39719,-37.51297],[-59.39686,-37.51208],[-59.39534,-37.50985],[-59.39454,-37.50719],[-59.39277,-37.50526],[-59.39123,-37.50417],[-59.39038,-37.50286],[-59.39083,-37.50154],[-59.39215,-37.49939],[-59.3924,-37.49759],[-59.3915,-37.49553],[-59.39066,-37.49369],[-59.38995,-37.49197],[-59.38982,-37.4899],[-59.38875,-37.48824],[-59.38747,-37.48663],[-59.38744,-37.48515],[-59.38934,-37.48281],[-59.38787,-37.48084],[-59.38817,-37.479],[-59.38883,-37.4773],[-59.38889,-37.47572],[-59.38945,-37.47261],[-59.38872,-37.47144],[-59.38909,-37.4696],[-59.3873,-37.46787],[-59.38427,-37.46574],[-59.384,-37.46412],[-59.38449,-37.46221],[-59.38474,-37.46134],[-59.38338,-37.45795],[-59.38271,-37.45683],[-59.38132,-37.45575],[-59.37749,-37.45358],[-59.37661,-37.45279],[-59.37531,-37.45153],[-59.37402,-37.44936],[-59.36714,-37.44352],[-59.36469,-37.4417],[-59.36335,-37.44077],[-59.36172,-37.43976]]]}},{"type":"Feature","properties":{"fna":"Arroyo Los Sauces","gna":"Arroyo","nam":"Los Sauces","tipo":"Corriente de agua perenne","ign":"lineas_de_aguas_continentales_perenne.630637"},"geometry":{"type":"MultiLineString","coordinates":[[[-59.43751,-37.61749],[-59.43815,-37.61757],[-59.43868,-37.61771],[-59.43967,-37.61821],[-59.44109,-37.61905],[-59.44202,-37.61968],[-59.44236,-37.6198],[-59.44255,-37.61982],[-59.44427,-37.61979],[-59.44522,-37.61937],[-59.44701,-37.61947],[-59.4489,-37.61981],[-59.4508,-37.61974],[-59.45249,-37.61941],[-59.45418,-37.61909],[-59.45607,-37.61909],[-59.45786,-37.6191],[-59.45955,-37.61935],[-59.46112,-37.61987],[-59.46301,-37.61996],[-59.46481,-37.61988],[-59.4665,-37.61947],[-59.46766,-37.61847],[-59.4683,-37.61721],[-59.46874,-37.61588],[-59.47042,-37.61613],[-59.47232,-37.61623],[-59.474,-37.61657],[-59.47569,-37.61691],[-59.47716,-37.61776],[-59.47841,-37.61869],[-59.47977,-37.61962],[-59.48103,-37.62054],[-59.48271,-37.62105],[-59.4845,-37.62132],[-59.48619,-37.62165],[-59.48776,-37.62217],[-59.48912,-37.62301],[-59.49059,-37.62394],[-59.49207,-37.62461],[-59.49353,-37.62547],[-59.49495,-37.62623],[-59.49556,-37.6265],[-59.4959,-37.62656],[-59.49774,-37.62666],[-59.49953,-37.6267],[-59.50132,-37.627],[-59.50306,-37.62697],[-59.50343,-37.62686],[-59.50412,-37.62646],[-59.50465,-37.62639],[-59.50628,-37.6269],[-59.50785,-37.62745],[-59.50956,-37.62756],[-59.51125,-37.62782],[-59.5118,-37.62803],[-59.51277,-37.62863],[-59.51392,-37.62964],[-59.51487,-37.63086],[-59.51601,-37.63187],[-59.51722,-37.63284],[-59.51832,-37.63389],[-59.51979,-37.63457],[-59.52062,-37.63575],[-59.52178,-37.63676],[-59.52261,-37.63793],[-59.52303,-37.63928],[-59.52397,-37.64028],[-59.52509,-37.64139],[-59.52613,-37.64246],[-59.52702,-37.64362],[-59.52772,-37.64433],[-59.52812,-37.64465],[-59.52941,-37.64558],[-59.53027,-37.64679],[-59.53094,-37.64806],[-59.53096,-37.64854],[-59.5309,-37.64921],[-59.53109,-37.64944],[-59.53267,-37.6502],[-59.53419,-37.65096],[-59.53464,-37.65125],[-59.53539,-37.65197],[-59.53602,-37.65279],[-59.53612,-37.65324],[-59.53612,-37.6547],[-59.5361,-37.65609],[-59.53608,-37.65761],[-59.53632,-37.65836],[-59.53653,-37.65856],[-59.53716,-37.65876],[-59.53871,-37.65917],[-59.53986,-37.65997],[-59.54004,-37.66004],[-59.54045,-37.65997],[-59.54133,-37.6595],[-59.54177,-37.65939],[-59.54262,-37.65952],[-59.54303,-37.65973],[-59.54323,-37.65992],[-59.54345,-37.66031],[-59.54361,-37.66114],[-59.5438,-37.66151],[-59.54443,-37.66222],[-59.54541,-37.66344],[-59.54551,-37.66385],[-59.54549,-37.66442],[-59.54552,-37.6647],[-59.54562,-37.6651],[-59.54527,-37.66681],[-59.54498,-37.66781],[-59.54477,-37.66837],[-59.54448,-37.66909],[-59.54366,-37.67048],[-59.5432,-37.67133],[-59.54292,-37.67173],[-59.54271,-37.67199],[-59.54221,-37.67329],[-59.54198,-37.67371],[-59.54131,-37.67447],[-59.54025,-37.6756],[-59.53918,-37.67677],[-59.53807,-37.67797],[-59.5369,-37.6791],[-59.53579,-37.68015],[-59.53549,-37.68054],[-59.53514,-37.6814],[-59.53526,-37.68184],[-59.53567,-37.68242],[-59.53566,-37.6827],[-59.53554,-37.68285],[-59.53513,-37.68305],[-59.53411,-37.68331],[-59.53382,-37.68358],[-59.53339,-37.68462],[-59.53337,-37.68601],[-59.53335,-37.68646],[-59.53316,-37.68735],[-59.53268,-37.68865],[-59.53256,-37.68929],[-59.53259,-37.68961],[-59.53277,-37.69007],[-59.5331,-37.69049],[-59.53337,-37.69072],[-59.53398,-37.69113],[-59.53482,-37.69159]]]}},{"type":"Feature","properties":{"fna":"Arroyo Diamante","gna":"Arroyo","nam":"Diamante","tipo":"Corriente de agua perenne","ign":"lineas_de_aguas_continentales_perenne.630638"},"geometry":{"type":"MultiLineString","coordinates":[[[-59.30564,-37.6199],[-59.30615,-37.62124],[-59.3063,-37.62179],[-59.3064,-37.62291],[-59.30639,-37.62434],[-59.30632,-37.62572],[-59.30611,-37.62615],[-59.30547,-37.62694],[-59.30456,-37.62811],[-59.30365,-37.62944],[-59.3029,-37.6307],[-59.30242,-37.63199],[-59.30194,-37.63329],[-59.30177,-37.63367],[-59.30068,-37.63477],[-59.29956,-37.63581],[-59.29866,-37.63698],[-59.29817,-37.63784],[-59.29812,-37.63828],[-59.29825,-37.63871],[-59.29879,-37.63954],[-59.29912,-37.63992],[-59.29958,-37.6404],[-59.29973,-37.64068],[-59.29987,-37.64206],[-59.29986,-37.64344],[-59.29964,-37.64479],[-59.29915,-37.64608],[-59.29883,-37.64676],[-59.29905,-37.64812],[-59.29909,-37.64954],[-59.29876,-37.65089],[-59.29791,-37.6521],[-59.29746,-37.65296],[-59.29742,-37.65339],[-59.29789,-37.65469],[-59.29845,-37.65599],[-59.29902,-37.65734],[-59.29984,-37.65852],[-59.30052,-37.65983],[-59.30077,-37.66087],[-59.3027,-37.66429]]]}},{"type":"Feature","properties":{"fna":"Arroyo El Chancho","gna":"Arroyo","nam":"El Chancho","tipo":"Corriente de agua perenne","ign":"lineas_de_aguas_continentales_perenne.630681"},"geometry":{"type":"MultiLineString","coordinates":[[[-59.63848,-37.75367],[-59.63859,-37.75429],[-59.63861,-37.75522],[-59.63845,-37.75567],[-59.63752,-37.75685],[-59.63641,-37.75788],[-59.63491,-37.75876],[-59.63385,-37.75979],[-59.63323,-37.76033],[-59.63286,-37.76166],[-59.63174,-37.7627],[-59.63142,-37.76407],[-59.63096,-37.76441],[-59.62987,-37.76476],[-59.62807,-37.76475],[-59.62745,-37.76456],[-59.62664,-37.76427],[-59.62628,-37.76435],[-59.6251,-37.76533],[-59.62386,-37.76646],[-59.62376,-37.7674]]]}},{"type":"Feature","properties":{"fna":"Arroyo Diamante","gna":"Arroyo","nam":"Diamante","tipo":"Corriente de agua perenne","ign":"lineas_de_aguas_continentales_perenne.630642"},"geometry":{"type":"MultiLineString","coordinates":[[[-59.3027,-37.66429],[-59.30403,-37.66437],[-59.30461,-37.66452],[-59.30562,-37.66515],[-59.30722,-37.66623],[-59.30892,-37.66708],[-59.30904,-37.66719],[-59.30911,-37.66748],[-59.30907,-37.66814],[-59.30922,-37.66841],[-59.30967,-37.66872],[-59.31069,-37.66922],[-59.31183,-37.66972],[-59.31218,-37.66972]]]}},{"type":"Feature","properties":{"fna":"Arroyo Diamante","gna":"Arroyo","nam":"Diamante","tipo":"Corriente de agua perenne","ign":"lineas_de_aguas_continentales_perenne.630651"},"geometry":{"type":"MultiLineString","coordinates":[[[-59.31218,-37.66972],[-59.31253,-37.67117],[-59.31258,-37.67147],[-59.31266,-37.67208],[-59.31284,-37.67251],[-59.31317,-37.67289],[-59.31403,-37.67348],[-59.3154,-37.67437],[-59.31681,-37.67522],[-59.31844,-37.6759],[-59.32022,-37.67595],[-59.32187,-37.67634],[-59.32299,-37.67655],[-59.32355,-37.67656],[-59.3239,-37.67645],[-59.32452,-37.67601],[-59.32503,-37.67572],[-59.32664,-37.67521],[-59.32711,-37.67525],[-59.3288,-37.67548],[-59.33054,-37.67574],[-59.33229,-37.67575],[-59.33407,-37.67567],[-59.33582,-37.67539],[-59.33725,-37.67459],[-59.33888,-37.6741],[-59.34002,-37.67383],[-59.34057,-37.67382],[-59.3421,-37.67458],[-59.34341,-37.67552],[-59.34391,-37.67549],[-59.34494,-37.67489],[-59.34605,-37.67385],[-59.34754,-37.67315],[-59.34917,-37.67274],[-59.35087,-37.6725],[-59.35261,-37.67238],[-59.35416,-37.67169],[-59.35471,-37.67165],[-59.35585,-37.67208],[-59.35732,-37.67285],[-59.35794,-37.67419],[-59.3592,-37.67512],[-59.36066,-37.67588],[-59.36144,-37.6771],[-59.36313,-37.67749],[-59.36375,-37.67747],[-59.36458,-37.67743],[-59.36497,-37.67758],[-59.36515,-37.678],[-59.36488,-37.67866],[-59.36485,-37.67897],[-59.36516,-37.67983],[-59.36548,-37.68023],[-59.36689,-37.68099],[-59.36728,-37.68136],[-59.36777,-37.68186],[-59.3681,-37.68196],[-59.36984,-37.6818],[-59.37154,-37.6816],[-59.37328,-37.68149],[-59.37498,-37.6816],[-59.37672,-37.68173],[-59.3773,-37.68185],[-59.37835,-37.68237],[-59.37856,-37.68279],[-59.37856,-37.68346],[-59.37877,-37.68372],[-59.37927,-37.68396],[-59.38034,-37.68423],[-59.38107,-37.68419],[-59.38164,-37.68456],[-59.3826,-37.68541],[-59.38315,-37.68605],[-59.38389,-37.68691],[-59.38438,-37.68723],[-59.38611,-37.68807],[-59.38847,-37.6881],[-59.39039,-37.68817],[-59.39137,-37.68824],[-59.39328,-37.68815],[-59.39507,-37.68804],[-59.39697,-37.68805],[-59.39865,-37.68831],[-59.40071,-37.68887],[-59.40207,-37.68984],[-59.40359,-37.69056],[-59.40511,-37.69119],[-59.4068,-37.69154],[-59.40842,-37.69203],[-59.40999,-37.69263],[-59.41103,-37.69305],[-59.41157,-37.69314],[-59.41206,-37.69315]]]}},{"type":"Feature","properties":{"fna":"Arroyo El Chancho","gna":"Arroyo","nam":"El Chancho","tipo":"Corriente de agua perenne","ign":"lineas_de_aguas_continentales_perenne.630694"},"geometry":{"type":"MultiLineString","coordinates":[[[-59.62376,-37.7674],[-59.62378,-37.76784],[-59.62378,-37.76927],[-59.62377,-37.77069],[-59.62376,-37.77212],[-59.62375,-37.77355],[-59.62349,-37.77498],[-59.623,-37.77631],[-59.6228,-37.77773],[-59.62221,-37.77864],[-59.62175,-37.77901],[-59.62025,-37.77974],[-59.61928,-37.78103],[-59.6191,-37.78148],[-59.61902,-37.78246],[-59.61895,-37.78383],[-59.6195,-37.78512],[-59.61869,-37.78635],[-59.61832,-37.78767],[-59.61787,-37.78905],[-59.61737,-37.79042],[-59.61662,-37.79165],[-59.61649,-37.79308],[-59.61649,-37.79446],[-59.61678,-37.79574],[-59.61709,-37.79713],[-59.61714,-37.79856],[-59.61714,-37.79993],[-59.61713,-37.8006]]]}},{"type":"Feature","properties":{"fna":"Arroyo Diamante","gna":"Arroyo","nam":"Diamante","tipo":"Corriente de agua perenne","ign":"lineas_de_aguas_continentales_perenne.630700"},"geometry":{"type":"MultiLineString","coordinates":[[[-59.41206,-37.69315],[-59.41228,-37.69368],[-59.41225,-37.69463],[-59.41203,-37.69602],[-59.41214,-37.69646],[-59.4127,-37.69728],[-59.41396,-37.69821],[-59.41453,-37.69884],[-59.41516,-37.70012],[-59.41599,-37.70134],[-59.41704,-37.70252],[-59.41824,-37.70353],[-59.41871,-37.70382],[-59.41936,-37.70421],[-59.41961,-37.70446],[-59.41985,-37.7049],[-59.42017,-37.7058],[-59.42025,-37.70617],[-59.42037,-37.70665],[-59.42053,-37.70684],[-59.42108,-37.70726],[-59.42139,-37.70837],[-59.42201,-37.7093],[-59.42259,-37.71115],[-59.423,-37.71205],[-59.42383,-37.71363],[-59.42478,-37.7146],[-59.42629,-37.71514],[-59.42707,-37.71636],[-59.42753,-37.7177],[-59.42832,-37.71892],[-59.42947,-37.71998],[-59.43051,-37.72111],[-59.43124,-37.72208],[-59.43143,-37.7226],[-59.43134,-37.723],[-59.43114,-37.72313],[-59.4304,-37.72342],[-59.42915,-37.7244],[-59.42793,-37.72544],[-59.42661,-37.72631],[-59.4263,-37.72672],[-59.42622,-37.72765],[-59.42662,-37.72792],[-59.42744,-37.72821],[-59.42764,-37.72845],[-59.42747,-37.72984],[-59.42794,-37.73119],[-59.42781,-37.73207],[-59.42761,-37.73252],[-59.4267,-37.73368],[-59.42606,-37.73499],[-59.426,-37.73637],[-59.42494,-37.73745],[-59.42472,-37.7388],[-59.4251,-37.74017],[-59.42508,-37.7406],[-59.42462,-37.74146],[-59.42392,-37.74276],[-59.42386,-37.74414],[-59.42384,-37.74553],[-59.42384,-37.74691],[-59.42419,-37.74826],[-59.42513,-37.74939],[-59.42543,-37.7503],[-59.42538,-37.75073],[-59.42443,-37.75187],[-59.424,-37.75324],[-59.42399,-37.75463],[-59.42404,-37.75509],[-59.42408,-37.75649],[-59.42405,-37.75663],[-59.42385,-37.75687],[-59.42316,-37.75727],[-59.42286,-37.75749],[-59.42174,-37.75853],[-59.42062,-37.75966],[-59.4199,-37.76038],[-59.41967,-37.76079],[-59.41934,-37.76175],[-59.4188,-37.76303],[-59.41879,-37.76318],[-59.41899,-37.76345],[-59.41967,-37.76395],[-59.4198,-37.76422],[-59.41959,-37.76461],[-59.41913,-37.76515],[-59.41899,-37.76543],[-59.41891,-37.76603],[-59.41893,-37.76636],[-59.41904,-37.76681],[-59.41926,-37.76699],[-59.41965,-37.76719],[-59.4197,-37.76733],[-59.4195,-37.76853],[-59.41988,-37.76985],[-59.41987,-37.77136],[-59.41986,-37.77279],[-59.42037,-37.77413],[-59.42089,-37.77547],[-59.4212,-37.77682],[-59.42118,-37.77833],[-59.42044,-37.77958],[-59.41916,-37.78058],[-59.41799,-37.78167],[-59.41745,-37.783],[-59.41731,-37.78397],[-59.41744,-37.78443],[-59.41849,-37.78569],[-59.41964,-37.78679],[-59.4209,-37.78772],[-59.42248,-37.7884],[-59.42282,-37.78882],[-59.4231,-37.78974],[-59.42309,-37.79117],[-59.42266,-37.79251],[-59.42202,-37.79359],[-59.42095,-37.79469],[-59.42099,-37.79508],[-59.42157,-37.79565],[-59.42168,-37.79595],[-59.42136,-37.79737],[-59.42071,-37.79863],[-59.41933,-37.79946],[-59.41848,-37.80071],[-59.41847,-37.80214],[-59.41877,-37.80357],[-59.4194,-37.805],[-59.41939,-37.80577]]]}},{"type":"Feature","properties":{"fna":"Arroyo Quequén Grande","gna":"Arroyo","nam":"Quequén Grande","tipo":"Corriente de agua perenne","ign":"lineas_de_aguas_continentales_perenne.630754"},"geometry":{"type":"MultiLineString","coordinates":[[[-59.55729,-37.88702],[-59.55628,-37.88757],[-59.55497,-37.88845],[-59.55397,-37.88958],[-59.55291,-37.89076],[-59.55154,-37.89178],[-59.55023,-37.89277],[-59.5496,-37.8933],[-59.54859,-37.89442],[-59.54747,-37.8955],[-59.54721,-37.89592],[-59.54699,-37.89682],[-59.54689,-37.8982],[-59.54682,-37.89963],[-59.54681,-37.901],[-59.54629,-37.90173],[-59.54624,-37.90233],[-59.54596,-37.90366],[-59.54577,-37.90409],[-59.54534,-37.9046],[-59.54515,-37.90487],[-59.54446,-37.90615],[-59.54433,-37.90662],[-59.54423,-37.90757],[-59.54422,-37.90895],[-59.5444,-37.91033],[-59.54446,-37.91079],[-59.54435,-37.91216],[-59.54441,-37.91351],[-59.54487,-37.91481],[-59.5449,-37.91619],[-59.54448,-37.91757],[-59.54453,-37.91848],[-59.54475,-37.91892],[-59.54509,-37.91932],[-59.54599,-37.91989],[-59.54655,-37.92006],[-59.54731,-37.92025],[-59.54763,-37.92041],[-59.54834,-37.92093],[-59.54925,-37.92215],[-59.54963,-37.9225],[-59.55025,-37.92289],[-59.55056,-37.92308],[-59.55183,-37.92402],[-59.55312,-37.92494],[-59.55362,-37.92516],[-59.55435,-37.92535],[-59.55458,-37.92544]]]}},{"type":"Feature","properties":{"fna":"Arroyo Diamante","gna":"Arroyo","nam":"Diamante","tipo":"Corriente de agua perenne","ign":"lineas_de_aguas_continentales_perenne.630714"},"geometry":{"type":"MultiLineString","coordinates":[[[-59.41939,-37.80577],[-59.41938,-37.80642],[-59.41885,-37.80776],[-59.41768,-37.80885],[-59.41651,-37.8101],[-59.41544,-37.81135],[-59.41448,-37.81252],[-59.41352,-37.81377],[-59.41255,-37.81503],[-59.41138,-37.81603],[-59.40958,-37.81702],[-59.40799,-37.81802],[-59.40671,-37.81902],[-59.40544,-37.82011],[-59.40438,-37.82103],[-59.40283,-37.82182],[-59.40125,-37.82239],[-59.39986,-37.82322],[-59.3987,-37.82422],[-59.39753,-37.82523],[-59.39657,-37.8264],[-59.39561,-37.82756],[-59.39475,-37.82882],[-59.39445,-37.82935]]]}},{"type":"Feature","properties":{"fna":"Arroyo Quequén Grande","gna":"Arroyo","nam":"Quequén Grande","tipo":"Corriente de agua perenne","ign":"lineas_de_aguas_continentales_perenne.630726"},"geometry":{"type":"MultiLineString","coordinates":[[[-59.61713,-37.8006],[-59.61713,-37.80136],[-59.617,-37.80181],[-59.61626,-37.80259],[-59.61483,-37.80342],[-59.61327,-37.80401],[-59.61221,-37.80523],[-59.6106,-37.80592],[-59.61024,-37.80631],[-59.60984,-37.80719],[-59.60984,-37.80862],[-59.61005,-37.80952],[-59.61039,-37.80991],[-59.61194,-37.8105],[-59.61248,-37.8106],[-59.61322,-37.81075],[-59.61355,-37.81095],[-59.61381,-37.81137],[-59.61385,-37.81227],[-59.61384,-37.81371],[-59.61285,-37.8148],[-59.6128,-37.81522],[-59.61315,-37.81586],[-59.61321,-37.81617],[-59.61303,-37.8175],[-59.61302,-37.81906],[-59.61274,-37.82034],[-59.61236,-37.82169],[-59.61207,-37.8223],[-59.61131,-37.82419],[-59.61044,-37.82542],[-59.60962,-37.82665],[-59.60875,-37.82783],[-59.60799,-37.8292],[-59.60681,-37.83028],[-59.60625,-37.83097],[-59.60582,-37.83229],[-59.60563,-37.83368],[-59.606,-37.83501],[-59.60556,-37.83633],[-59.60437,-37.83736],[-59.60281,-37.83815],[-59.6012,-37.83873],[-59.59959,-37.83922],[-59.59827,-37.8401],[-59.59746,-37.84133],[-59.59678,-37.84265],[-59.59627,-37.84398],[-59.59608,-37.84541],[-59.59496,-37.84653],[-59.59358,-37.84747],[-59.59192,-37.848],[-59.59091,-37.84913],[-59.5904,-37.84972],[-59.58913,-37.85066],[-59.58878,-37.85102],[-59.58831,-37.85189],[-59.58763,-37.85321],[-59.58662,-37.85439],[-59.58622,-37.8553],[-59.58618,-37.85577],[-59.58686,-37.85705],[-59.58691,-37.85843],[-59.58709,-37.8598],[-59.58689,-37.86013],[-59.58638,-37.8605],[-59.5862,-37.86071],[-59.58576,-37.86185],[-59.58555,-37.86315],[-59.58577,-37.86374],[-59.58629,-37.86441],[-59.5866,-37.86575],[-59.5877,-37.86684],[-59.58803,-37.86776],[-59.58794,-37.86821],[-59.58726,-37.86949],[-59.58664,-37.8708]]]}},{"type":"Feature","properties":{"fna":"Arroyo Quequén Grande","gna":"Arroyo","nam":"Quequén Grande","tipo":"Corriente de agua perenne","ign":"lineas_de_aguas_continentales_perenne.630730"},"geometry":{"type":"MultiLineString","coordinates":[[[-59.58664,-37.8708],[-59.58621,-37.87115],[-59.58547,-37.87146],[-59.58514,-37.87165],[-59.58395,-37.87263],[-59.58252,-37.87346],[-59.58102,-37.87415],[-59.57953,-37.87492],[-59.5781,-37.87576],[-59.57661,-37.87664],[-59.57602,-37.87683],[-59.57475,-37.87688],[-59.573,-37.87687],[-59.57127,-37.87691],[-59.57052,-37.87704]]]}},{"type":"Feature","properties":{"fna":"Arroyo Los Sauces","gna":"Arroyo","nam":"Los Sauces","tipo":"Corriente de agua perenne","ign":"lineas_de_aguas_continentales_perenne.630724"},"geometry":{"type":"MultiLineString","coordinates":[[[-59.53482,-37.69159],[-59.53467,-37.692],[-59.53492,-37.6937],[-59.53506,-37.69539],[-59.53517,-37.69709],[-59.5353,-37.6988],[-59.53582,-37.7005],[-59.53634,-37.7021],[-59.5366,-37.7039],[-59.53739,-37.70549],[-59.53778,-37.70709],[-59.53804,-37.70879],[-59.53803,-37.71049],[-59.53735,-37.71218],[-59.53667,-37.71378],[-59.5364,-37.71558],[-59.53638,-37.71728],[-59.53637,-37.71898],[-59.53636,-37.72068],[-59.53689,-37.72238],[-59.53728,-37.72409],[-59.53727,-37.72578],[-59.53632,-37.72748],[-59.53564,-37.72917],[-59.53557,-37.72938],[-59.53557,-37.72961],[-59.53551,-37.7311],[-59.53523,-37.73291],[-59.53469,-37.73449],[-59.53442,-37.7363],[-59.53414,-37.738],[-59.53399,-37.73969],[-59.53398,-37.7414],[-59.53397,-37.74331],[-59.53396,-37.74501],[-59.53381,-37.74671],[-59.53353,-37.74796],[-59.5334,-37.74851],[-59.53326,-37.75031],[-59.53312,-37.75202],[-59.5331,-37.75372],[-59.53309,-37.75541],[-59.53362,-37.75712],[-59.5344,-37.75882],[-59.5352,-37.76041],[-59.53572,-37.76201],[-59.53625,-37.76371],[-59.53584,-37.76541],[-59.53529,-37.767],[-59.53434,-37.76859],[-59.5334,-37.77028],[-59.53286,-37.77156],[-59.53243,-37.77272],[-59.5315,-37.77531],[-59.53122,-37.77785],[-59.53173,-37.78093],[-59.53252,-37.78264],[-59.53331,-37.78455],[-59.53357,-37.78625],[-59.53356,-37.78795],[-59.53328,-37.78965],[-59.5322,-37.79113],[-59.53099,-37.79261],[-59.53004,-37.7941],[-59.5295,-37.7958],[-59.52935,-37.7975],[-59.52948,-37.79919],[-59.52946,-37.80089],[-59.52945,-37.80259],[-59.53118,-37.80571],[-59.53183,-37.80869],[-59.53261,-37.81145],[-59.5334,-37.81358],[-59.53392,-37.81528],[-59.53459,-37.81741],[-59.5347,-37.81911],[-59.53469,-37.82081],[-59.53455,-37.82251],[-59.5344,-37.82421],[-59.53479,-37.82612],[-59.53572,-37.82761],[-59.53598,-37.82931],[-59.53624,-37.83102],[-59.53622,-37.83271],[-59.53621,-37.83441],[-59.53647,-37.83611],[-59.53672,-37.83781],[-59.53792,-37.83923],[-59.53885,-37.84071],[-59.53924,-37.84241],[-59.5395,-37.84412],[-59.54002,-37.84582],[-59.54055,-37.84763],[-59.54158,-37.84896],[-59.54264,-37.85003],[-59.5439,-37.85125],[-59.54503,-37.85253],[-59.5471,-37.85429],[-59.54793,-37.85556]]]}},{"type":"Feature","properties":{"fna":"Arroyo Quequén Grande","gna":"Arroyo","nam":"Quequén Grande","tipo":"Corriente de agua perenne","ign":"lineas_de_aguas_continentales_perenne.630737"},"geometry":{"type":"MultiLineString","coordinates":[[[-59.57052,-37.87704],[-59.56984,-37.87716],[-59.56838,-37.87797],[-59.56719,-37.879],[-59.56581,-37.88017],[-59.56501,-37.88081],[-59.5645,-37.88253],[-59.56331,-37.88331],[-59.5625,-37.88508],[-59.56169,-37.88575],[-59.56119,-37.88596],[-59.55939,-37.88639],[-59.55777,-37.88684],[-59.55729,-37.88702]]]}},{"type":"Feature","properties":{"fna":"Arroyo El Pescado Castigado","gna":"Arroyo","nam":"El Pescado Castigado","tipo":"Corriente de agua perenne","ign":"lineas_de_aguas_continentales_perenne.630802"},"geometry":{"type":"MultiLineString","coordinates":[[[-59.67511,-37.99852],[-59.67501,-37.99874],[-59.6749,-37.99889],[-59.67464,-37.99908],[-59.67281,-38],[-59.67212,-38.00044],[-59.67191,-38.00087],[-59.672,-38.00163],[-59.67191,-38.00197],[-59.67094,-38.00329],[-59.67039,-38.0043],[-59.67018,-38.00522],[-59.66839,-38.00592],[-59.66516,-38.00745],[-59.66345,-38.00825],[-59.66226,-38.00906],[-59.662,-38.00952],[-59.66248,-38.00998],[-59.66303,-38.01024],[-59.6633,-38.0108],[-59.66343,-38.01161],[-59.66323,-38.01268],[-59.66219,-38.01339],[-59.66191,-38.01446],[-59.66193,-38.01475]]]}},{"type":"Feature","properties":{"fna":"Arroyo Quequén Grande","gna":"Arroyo","nam":"Quequén Grande","tipo":"Corriente de agua perenne","ign":"lineas_de_aguas_continentales_perenne.630806"},"geometry":{"type":"MultiLineString","coordinates":[[[-59.55458,-37.92544],[-59.55588,-37.92606],[-59.55732,-37.92692],[-59.55774,-37.92723],[-59.5584,-37.92798],[-59.55926,-37.92921],[-59.55997,-37.93052],[-59.56011,-37.93098],[-59.56021,-37.9319],[-59.56024,-37.93284],[-59.56007,-37.93328],[-59.55995,-37.93348],[-59.55842,-37.93419],[-59.55711,-37.93507],[-59.55599,-37.93612],[-59.55517,-37.93733],[-59.55408,-37.9384],[-59.5529,-37.93948],[-59.55174,-37.94056],[-59.5508,-37.94127],[-59.54972,-37.94238],[-59.54884,-37.94356],[-59.54751,-37.94447],[-59.54729,-37.94489],[-59.54715,-37.94551],[-59.54704,-37.94579],[-59.54667,-37.94615],[-59.54613,-37.9466],[-59.546,-37.94687],[-59.54587,-37.94825],[-59.54583,-37.94931],[-59.54551,-37.95064],[-59.54551,-37.95109],[-59.54567,-37.95171],[-59.54572,-37.95202],[-59.54568,-37.9534],[-59.54521,-37.95477],[-59.54514,-37.95523],[-59.54517,-37.95615],[-59.54537,-37.95676],[-59.54555,-37.95704],[-59.54593,-37.95743],[-59.54751,-37.95808],[-59.54885,-37.95902],[-59.54959,-37.95961],[-59.5503,-37.96085],[-59.55047,-37.96147],[-59.55043,-37.96179],[-59.55019,-37.96223],[-59.54882,-37.96317],[-59.54773,-37.96426],[-59.54686,-37.96546],[-59.54616,-37.96677],[-59.54589,-37.96717],[-59.54555,-37.96772],[-59.54547,-37.96802],[-59.54537,-37.96893],[-59.54592,-37.97041],[-59.54622,-37.9714],[-59.54628,-37.97189],[-59.54626,-37.97203],[-59.54609,-37.97229],[-59.54556,-37.97278],[-59.54538,-37.97305],[-59.54487,-37.9744],[-59.5443,-37.9757],[-59.54406,-37.97626],[-59.54328,-37.97747],[-59.54236,-37.97863],[-59.54114,-37.97966],[-59.53992,-37.98061],[-59.53909,-37.98115],[-59.53892,-37.98133],[-59.53874,-37.98175],[-59.53872,-37.98223],[-59.53896,-37.98314],[-59.5393,-37.98351],[-59.53988,-37.98398],[-59.53997,-37.98425],[-59.53991,-37.98485],[-59.54017,-37.98677],[-59.54018,-37.98722],[-59.54,-37.98812],[-59.53966,-37.98894],[-59.53915,-37.98976],[-59.53878,-37.99014],[-59.53826,-37.99039],[-59.53785,-37.99045],[-59.53707,-37.99038],[-59.5366,-37.99014],[-59.536,-37.9897],[-59.53568,-37.98954],[-59.5349,-37.98928],[-59.53448,-37.98923],[-59.53412,-37.9893],[-59.53397,-37.98941],[-59.53367,-37.98982],[-59.53356,-37.99012],[-59.5335,-37.9907],[-59.53352,-37.99202],[-59.53343,-37.9934],[-59.53338,-37.99354],[-59.53313,-37.99375],[-59.53239,-37.99409],[-59.53215,-37.99432],[-59.53206,-37.99477],[-59.53203,-37.9954],[-59.53193,-37.99569],[-59.53133,-37.99651],[-59.53098,-37.99688],[-59.53011,-37.99772],[-59.52708,-37.99804],[-59.52504,-37.99823],[-59.52404,-37.9984],[-59.52318,-37.99873],[-59.52281,-37.99898],[-59.52155,-38],[-59.52088,-38.00097],[-59.52087,-38.00162],[-59.52073,-38.002],[-59.52022,-38.00224],[-59.51985,-38.00238],[-59.51963,-38.00251],[-59.51937,-38.00284],[-59.51922,-38.00332],[-59.51911,-38.00357],[-59.51848,-38.00418],[-59.51819,-38.00446],[-59.51794,-38.00475],[-59.51765,-38.005],[-59.51728,-38.00529],[-59.51683,-38.0057],[-59.51676,-38.00583],[-59.51697,-38.00613],[-59.51737,-38.0064],[-59.51756,-38.00684],[-59.51788,-38.00757],[-59.51762,-38.00819],[-59.51773,-38.00852],[-59.51845,-38.00879],[-59.51925,-38.00917],[-59.51951,-38.00948],[-59.5195,-38.00991],[-59.51939,-38.01021],[-59.51874,-38.01086],[-59.51833,-38.01101],[-59.51807,-38.01131],[-59.51789,-38.01167],[-59.51767,-38.01202],[-59.51741,-38.01236],[-59.51701,-38.01263],[-59.51656,-38.01291],[-59.51624,-38.01299],[-59.51587,-38.01312],[-59.51554,-38.01328],[-59.51496,-38.01339],[-59.51437,-38.01354],[-59.51389,-38.01381],[-59.51377,-38.01398],[-59.51374,-38.01427],[-59.51389,-38.01458],[-59.51414,-38.01495],[-59.51432,-38.01528],[-59.51432,-38.01558],[-59.51443,-38.01582],[-59.51461,-38.01598],[-59.51508,-38.01626],[-59.51577,-38.0168],[-59.51569,-38.01733],[-59.51537,-38.0179],[-59.51529,-38.01812],[-59.51511,-38.01833],[-59.5148,-38.01841],[-59.51419,-38.01855],[-59.51367,-38.01873],[-59.51353,-38.01908],[-59.51334,-38.01935],[-59.51309,-38.0197],[-59.51265,-38.02016],[-59.51239,-38.02052],[-59.51228,-38.02081],[-59.51231,-38.02098],[-59.51249,-38.02116],[-59.51274,-38.02122],[-59.51318,-38.02122],[-59.51373,-38.02125],[-59.5141,-38.02139],[-59.51447,-38.02153],[-59.51552,-38.0224],[-59.51624,-38.02294],[-59.51646,-38.02354],[-59.51631,-38.02394],[-59.51612,-38.02419],[-59.51576,-38.02443],[-59.51568,-38.02465],[-59.51561,-38.02505],[-59.51557,-38.02535],[-59.51553,-38.0256],[-59.5152,-38.02613],[-59.51498,-38.02638],[-59.51461,-38.02649],[-59.5142,-38.02652],[-59.51384,-38.02651],[-59.51234,-38.02671],[-59.51198,-38.02693],[-59.51168,-38.02721],[-59.51128,-38.02753],[-59.51084,-38.02783],[-59.51058,-38.02807],[-59.51047,-38.02831],[-59.51043,-38.02869],[-59.51046,-38.02918],[-59.51057,-38.02945],[-59.51072,-38.02981],[-59.51094,-38.03043],[-59.51057,-38.03054],[-59.5102,-38.03035],[-59.51002,-38.03021],[-59.50961,-38.03019],[-59.50936,-38.03037],[-59.50907,-38.03056],[-59.5083,-38.03099],[-59.50797,-38.03112],[-59.50764,-38.03123],[-59.50734,-38.03128],[-59.50708,-38.03131],[-59.50676,-38.03139],[-59.50639,-38.03144],[-59.50624,-38.03163],[-59.50617,-38.03182],[-59.50613,-38.03214],[-59.50529,-38.0332],[-59.50447,-38.03331],[-59.50375,-38.03341],[-59.50331,-38.03373],[-59.50294,-38.03406],[-59.50242,-38.0346],[-59.50191,-38.03508],[-59.5011,-38.03579],[-59.50081,-38.03643],[-59.50036,-38.03746],[-59.49918,-38.03816],[-59.49903,-38.03903],[-59.49888,-38.03957],[-59.49756,-38.04058],[-59.49579,-38.04216],[-59.49468,-38.04377],[-59.49439,-38.04454],[-59.49402,-38.04502],[-59.49321,-38.04453],[-59.49205,-38.04409],[-59.49037,-38.04398],[-59.4892,-38.04413],[-59.48809,-38.04489],[-59.48751,-38.04529],[-59.48611,-38.04578],[-59.48538,-38.04594],[-59.48494,-38.04648],[-59.48479,-38.04696],[-59.48457,-38.0474],[-59.48405,-38.04783],[-59.48347,-38.04805],[-59.48281,-38.04815],[-59.48252,-38.0482],[-59.48193,-38.04841],[-59.48127,-38.04874],[-59.48053,-38.04944],[-59.48017,-38.04993],[-59.48002,-38.0502],[-59.47987,-38.05058],[-59.47979,-38.05079],[-59.47957,-38.05101],[-59.47906,-38.05117],[-59.4789,-38.05128],[-59.47861,-38.05138],[-59.4781,-38.0516],[-59.47766,-38.05182],[-59.4773,-38.05203],[-59.47693,-38.05224],[-59.47642,-38.05246],[-59.47597,-38.05273],[-59.47575,-38.05289],[-59.47546,-38.0531],[-59.47487,-38.05343],[-59.47429,-38.05375],[-59.4737,-38.05402],[-59.47318,-38.05423],[-59.47253,-38.05445],[-59.47194,-38.0546],[-59.47158,-38.05472],[-59.47084,-38.05493],[-59.4701,-38.05514],[-59.46915,-38.0553],[-59.4682,-38.05546],[-59.4665,-38.05576],[-59.46613,-38.05592],[-59.46569,-38.05624],[-59.46532,-38.05672],[-59.46511,-38.05705],[-59.46503,-38.05732],[-59.46503,-38.05764],[-59.46473,-38.05808],[-59.46422,-38.05835],[-59.46378,-38.05851],[-59.46304,-38.05893],[-59.4626,-38.05926],[-59.46201,-38.0598],[-59.46127,-38.06061],[-59.46061,-38.06126],[-59.46003,-38.0618],[-59.45972,-38.06196],[-59.45929,-38.06212],[-59.45856,-38.06179],[-59.45797,-38.06136],[-59.45754,-38.06081],[-59.45718,-38.06038],[-59.4566,-38.05994],[-59.45594,-38.05977],[-59.45514,-38.05961],[-59.45433,-38.05944],[-59.45331,-38.05927],[-59.45258,-38.05889],[-59.45053,-38.05839],[-59.44908,-38.05768],[-59.44763,-38.05675],[-59.44653,-38.0562],[-59.44456,-38.05565],[-59.44281,-38.05499],[-59.44136,-38.05455],[-59.44004,-38.05417],[-59.43909,-38.054],[-59.43837,-38.05329],[-59.43764,-38.05264],[-59.4361,-38.05264]]]}},{"type":"Feature","properties":{"fna":"Arroyo Calenqueyú","gna":"Arroyo","nam":"Calenqueyú","tipo":"Corriente de agua perenne","ign":"lineas_de_aguas_continentales_perenne.630811"},"geometry":{"type":"MultiLineString","coordinates":[[[-59.4031,-37.9296],[-59.40296,-37.93034],[-59.4027,-37.93179],[-59.40269,-37.9332],[-59.40268,-37.93462],[-59.40267,-37.93603],[-59.40246,-37.93741],[-59.40203,-37.93862],[-59.40173,-37.93996],[-59.40174,-37.9404],[-59.40194,-37.94099],[-59.40201,-37.94129],[-59.4021,-37.94271],[-59.40165,-37.94437],[-59.40161,-37.94565],[-59.40136,-37.94702],[-59.40125,-37.94818],[-59.40095,-37.94963],[-59.40063,-37.95086],[-59.40072,-37.9531],[-59.40043,-37.95354],[-59.39965,-37.95405],[-59.39942,-37.95435],[-59.39901,-37.95616],[-59.3982,-37.95796],[-59.39749,-37.95969],[-59.39747,-37.9603],[-59.39756,-37.96113],[-59.39738,-37.96149],[-59.39677,-37.9619],[-59.39588,-37.96251],[-59.39485,-37.96306],[-59.39347,-37.9638],[-59.39288,-37.96426],[-59.39218,-37.9652],[-59.39165,-37.96599],[-59.39075,-37.96717],[-59.39035,-37.96747],[-59.38964,-37.96776],[-59.38931,-37.9679],[-59.38781,-37.96872],[-59.38671,-37.96978],[-59.38541,-37.97068],[-59.38507,-37.97105],[-59.38465,-37.97158],[-59.38436,-37.97177],[-59.38277,-37.97227],[-59.38052,-37.97314],[-59.38028,-37.97342],[-59.38015,-37.97389],[-59.38007,-37.97409],[-59.37933,-37.9749],[-59.37981,-37.97557],[-59.37951,-37.97697],[-59.379,-37.97827],[-59.37908,-37.97959],[-59.37876,-37.97992],[-59.37793,-37.98021],[-59.37774,-37.98045],[-59.37788,-37.98182],[-59.37761,-37.98323],[-59.37711,-37.98465],[-59.37625,-37.98586],[-59.37535,-37.98755],[-59.37514,-37.98812],[-59.37494,-37.98845],[-59.37428,-37.98996],[-59.37385,-37.99118],[-59.37334,-37.99251],[-59.37304,-37.9934],[-59.37298,-37.99385],[-59.37297,-37.99534],[-59.37296,-37.99671],[-59.37296,-37.99772]]]}},{"type":"Feature","properties":{"tipo":"Corriente de agua perenne","ign":"lineas_de_aguas_continentales_perenne.630816"},"geometry":{"type":"MultiLineString","coordinates":[[[-59.39445,-37.82935],[-59.39452,-37.83117],[-59.39394,-37.83154],[-59.39282,-37.83275],[-59.39217,-37.83417],[-59.3911,-37.83525],[-59.39004,-37.83634],[-59.38918,-37.83751],[-59.38802,-37.83851],[-59.38684,-37.83985],[-59.38588,-37.8411],[-59.3852,-37.84279],[-59.38396,-37.8436],[-59.38258,-37.84452],[-59.38172,-37.84569],[-59.38097,-37.84695],[-59.38011,-37.84829],[-59.37904,-37.84953],[-59.37884,-37.84962],[-59.3784,-37.85096],[-59.37754,-37.85213],[-59.37753,-37.85355],[-59.37709,-37.85489],[-59.37688,-37.85623],[-59.37623,-37.85749],[-59.37516,-37.85865],[-59.37452,-37.85991],[-59.37504,-37.86125],[-59.37503,-37.86269],[-59.37469,-37.86402],[-59.37395,-37.86528],[-59.37319,-37.86653],[-59.37213,-37.86761],[-59.37053,-37.86827],[-59.37,-37.8697],[-59.36977,-37.87104],[-59.36913,-37.8723],[-59.36817,-37.87347],[-59.3672,-37.87463],[-59.36656,-37.87589],[-59.36613,-37.87722],[-59.36601,-37.87782],[-59.365,-37.8791],[-59.36404,-37.88028],[-59.36255,-37.88119],[-59.36138,-37.88228],[-59.36011,-37.88336],[-59.35913,-37.88461],[-59.35828,-37.88586],[-59.35732,-37.88703],[-59.35562,-37.88736],[-59.35446,-37.88836],[-59.35402,-37.8897],[-59.354,-37.89121],[-59.35399,-37.89272],[-59.35398,-37.89423],[-59.35399,-37.89589],[-59.35308,-37.89751],[-59.35301,-37.8989],[-59.35216,-37.90011],[-59.3505,-37.90161],[-59.34938,-37.90245],[-59.34743,-37.9026],[-59.34647,-37.90305],[-59.34541,-37.90356],[-59.34402,-37.9043],[-59.34389,-37.9044],[-59.34376,-37.90467],[-59.34379,-37.90535],[-59.34375,-37.90569],[-59.34351,-37.90636],[-59.34319,-37.90725],[-59.34311,-37.9077],[-59.34315,-37.90836],[-59.34328,-37.90948],[-59.34273,-37.91078],[-59.34245,-37.91216],[-59.34258,-37.91261],[-59.34282,-37.91321],[-59.34265,-37.9135],[-59.34215,-37.91379],[-59.34106,-37.91399],[-59.33932,-37.9144],[-59.33881,-37.91463],[-59.33804,-37.91532],[-59.33718,-37.91653],[-59.33622,-37.91774],[-59.33526,-37.91895],[-59.33507,-37.91937],[-59.33498,-37.92029],[-59.33475,-37.92167],[-59.33445,-37.92209],[-59.33332,-37.92255],[-59.33204,-37.92276],[-59.3303,-37.92305],[-59.33029,-37.92305],[-59.32961,-37.9232],[-59.32922,-37.92336],[-59.32875,-37.92367],[-59.32849,-37.92378],[-59.32831,-37.9238],[-59.32792,-37.92372],[-59.32714,-37.92338],[-59.32689,-37.92334],[-59.32589,-37.92351],[-59.3255,-37.92365],[-59.32531,-37.92379],[-59.32521,-37.92401],[-59.32515,-37.92514],[-59.32405,-37.92619],[-59.32386,-37.92661],[-59.32403,-37.92757],[-59.32439,-37.92891],[-59.32565,-37.92989],[-59.32619,-37.93077],[-59.32612,-37.93119],[-59.32526,-37.93236],[-59.3244,-37.93353],[-59.3236,-37.93483],[-59.3229,-37.93608],[-59.32241,-37.93737],[-59.32203,-37.93876],[-59.32159,-37.94009],[-59.32084,-37.94135],[-59.32068,-37.94152],[-59.3192,-37.94236],[-59.31814,-37.94353],[-59.31686,-37.94445],[-59.31517,-37.94469],[-59.31423,-37.94526],[-59.31388,-37.94564],[-59.31324,-37.9469],[-59.31275,-37.94772],[-59.31238,-37.94807],[-59.31079,-37.94868],[-59.3093,-37.94939],[-59.30807,-37.95039],[-59.30743,-37.95117],[-59.30727,-37.9516],[-59.30705,-37.95282],[-59.307,-37.9542],[-59.30698,-37.95563],[-59.30697,-37.95702],[-59.30706,-37.9584],[-59.3071,-37.95982],[-59.30704,-37.96121],[-59.30697,-37.96263],[-59.30683,-37.96306],[-59.30611,-37.9638],[-59.30467,-37.96467],[-59.30319,-37.96534],[-59.30186,-37.96603],[-59.30135,-37.96657],[-59.30099,-37.96787],[-59.30098,-37.96934],[-59.30092,-37.97025],[-59.30133,-37.97158],[-59.30219,-37.97291],[-59.30291,-37.97403],[-59.30337,-37.9744],[-59.30416,-37.97476],[-59.30452,-37.97498],[-59.30562,-37.97618],[-59.30585,-37.97661],[-59.30592,-37.97749],[-59.30514,-37.9781],[-59.30497,-37.97948],[-59.30463,-37.98082],[-59.30457,-37.9822],[-59.30431,-37.98273],[-59.30357,-37.98369],[-59.30233,-37.98497],[-59.30189,-37.98579],[-59.30188,-37.9868],[-59.30194,-37.98855],[-59.30213,-37.98886],[-59.30261,-37.98922],[-59.30278,-37.98944],[-59.303,-37.99034],[-59.30302,-37.99078],[-59.30275,-37.99213],[-59.30305,-37.99347],[-59.30378,-37.99473],[-59.30388,-37.99519],[-59.30382,-37.99611],[-59.30363,-37.99654],[-59.30334,-37.99712],[-59.30327,-37.99741],[-59.30327,-37.99767],[-59.30323,-37.99815],[-59.30316,-37.99881],[-59.30302,-37.99929],[-59.30291,-37.99964],[-59.30285,-38.0],[-59.30284,-38.00089],[-59.30342,-38.00192],[-59.30371,-38.00247],[-59.30414,-38.00345],[-59.30457,-38.004],[-59.30566,-38.00531],[-59.3063,-38.00606],[-59.30652,-38.00661],[-59.30659,-38.00747],[-59.30635,-38.00823],[-59.3062,-38.0091],[-59.30619,-38.00975],[-59.3064,-38.01072],[-59.30661,-38.0116],[-59.30661,-38.01214],[-59.3066,-38.0129],[-59.30682,-38.01366],[-59.30703,-38.01431],[-59.30732,-38.01518],[-59.30752,-38.01675],[-59.30758,-38.01778],[-59.30765,-38.01854],[-59.30771,-38.01974],[-59.30843,-38.02126],[-59.30878,-38.0218],[-59.30929,-38.02251],[-59.30944,-38.02289],[-59.30951,-38.02322],[-59.30949,-38.02451],[-59.30956,-38.02501],[-59.30984,-38.02631],[-59.31047,-38.02736],[-59.31126,-38.02829],[-59.31134,-38.029],[-59.31133,-38.02954],[-59.31133,-38.03008],[-59.31175,-38.03138],[-59.31182,-38.03182],[-59.31203,-38.03236],[-59.31202,-38.03301],[-59.31261,-38.03399],[-59.31297,-38.03465],[-59.3134,-38.03508],[-59.31376,-38.03568],[-59.31383,-38.03617],[-59.31411,-38.03748],[-59.31439,-38.03839],[-59.3149,-38.03921],[-59.31525,-38.03964],[-59.31628,-38.04031],[-59.31693,-38.04074],[-59.31728,-38.04118],[-59.31742,-38.04319],[-59.31733,-38.04432],[-59.31732,-38.0454],[-59.31783,-38.04617],[-59.31834,-38.0466],[-59.31949,-38.04846],[-59.31934,-38.049],[-59.31896,-38.05035],[-59.31873,-38.05127],[-59.31865,-38.05214],[-59.31865,-38.05241],[-59.31864,-38.05349],[-59.31899,-38.05485],[-59.32049,-38.05754],[-59.32056,-38.05814],[-59.32077,-38.05895],[-59.32077,-38.05955],[-59.32084,-38.06009],[-59.32134,-38.06075],[-59.32192,-38.06173],[-59.32242,-38.0626],[-59.32289,-38.06356],[-59.32369,-38.06781],[-59.32397,-38.06868],[-59.32456,-38.06923],[-59.32536,-38.06966],[-59.32579,-38.07021],[-59.326,-38.07119],[-59.32613,-38.07216],[-59.32613,-38.07259],[-59.32605,-38.0733],[-59.32605,-38.07346],[-59.32619,-38.07401],[-59.32648,-38.07434],[-59.32729,-38.07488],[-59.32822,-38.07586],[-59.32982,-38.0775],[-59.33009,-38.078],[-59.33022,-38.07876],[-59.33032,-38.07913],[-59.33049,-38.07949],[-59.33075,-38.07999],[-59.33081,-38.08024],[-59.33065,-38.08149],[-59.3306,-38.08207],[-59.33065,-38.08236],[-59.33118,-38.08395],[-59.33114,-38.08464],[-59.33091,-38.08512],[-59.33076,-38.08561],[-59.33068,-38.08621],[-59.33068,-38.08691],[-59.33038,-38.08767],[-59.33001,-38.08815],[-59.32942,-38.08897],[-59.32904,-38.08972],[-59.32874,-38.09135],[-59.32853,-38.09225],[-59.32861,-38.09249],[-59.33025,-38.09352]]]}},{"type":"Feature","properties":{"fna":"Arroyo Quequén Grande","gna":"Arroyo","nam":"Quequén Grande","tipo":"Corriente de agua perenne","ign":"lineas_de_aguas_continentales_perenne.630918"},"geometry":{"type":"MultiLineString","coordinates":[[[-59.4361,-38.05264],[-59.43405,-38.05339],[-59.43258,-38.05426],[-59.43155,-38.05468],[-59.42913,-38.05478],[-59.42687,-38.05493],[-59.42621,-38.0552],[-59.42577,-38.05536],[-59.42541,-38.05563],[-59.42463,-38.05593],[-59.42397,-38.05614],[-59.42345,-38.05647],[-59.42287,-38.05679],[-59.4217,-38.05722],[-59.42089,-38.05738],[-59.42038,-38.05754],[-59.41964,-38.05775],[-59.41935,-38.05791],[-59.41876,-38.0584],[-59.41824,-38.05861],[-59.41743,-38.05893],[-59.41671,-38.05893],[-59.41605,-38.05903],[-59.41539,-38.05925],[-59.41465,-38.05951],[-59.41407,-38.05979],[-59.41319,-38.06026],[-59.41297,-38.06043],[-59.41246,-38.06064],[-59.41158,-38.06097],[-59.41062,-38.06096],[-59.40997,-38.0609],[-59.40953,-38.0609],[-59.40879,-38.06117],[-59.40828,-38.06144],[-59.40755,-38.0617],[-59.40674,-38.06186],[-59.40609,-38.06202],[-59.40549,-38.06223],[-59.40469,-38.06234],[-59.403,-38.06233],[-59.40242,-38.06249],[-59.40147,-38.06292],[-59.40059,-38.06313],[-59.39971,-38.06334],[-59.39904,-38.06361],[-59.39846,-38.06393],[-59.39787,-38.06415],[-59.39728,-38.06447],[-59.39618,-38.06474],[-59.39552,-38.065],[-59.39472,-38.06527],[-59.39413,-38.0657],[-59.39383,-38.06608],[-59.39354,-38.0664],[-59.39317,-38.06683],[-59.39258,-38.06715],[-59.39222,-38.06726],[-59.39024,-38.06758],[-59.38445,-38.06782],[-59.38335,-38.0682],[-59.38299,-38.06852],[-59.38299,-38.06895],[-59.38284,-38.06949],[-59.38254,-38.06982],[-59.3821,-38.07024],[-59.38092,-38.07111],[-59.3793,-38.07251],[-59.37827,-38.0737],[-59.37687,-38.07489],[-59.37487,-38.07639],[-59.374,-38.07655],[-59.37289,-38.07747],[-59.37208,-38.07844],[-59.37169,-38.079],[-59.3714,-38.07906],[-59.37081,-38.07911],[-59.37045,-38.07911],[-59.37014,-38.07911],[-59.36971,-38.07927],[-59.36882,-38.07959],[-59.36824,-38.07991],[-59.36787,-38.08028],[-59.36581,-38.08103],[-59.3639,-38.08195],[-59.36192,-38.08269],[-59.35914,-38.08344],[-59.35665,-38.08375],[-59.35563,-38.08391],[-59.35387,-38.08422],[-59.35269,-38.08471],[-59.35174,-38.0847],[-59.35115,-38.08486],[-59.35064,-38.08524],[-59.35027,-38.08545],[-59.34975,-38.08588],[-59.34909,-38.0862],[-59.34835,-38.08641],[-59.34755,-38.08652],[-59.34587,-38.08662],[-59.34521,-38.08672],[-59.34477,-38.08683],[-59.34425,-38.08709],[-59.34396,-38.08737],[-59.3436,-38.08771]]]}},{"type":"Feature","properties":{"fna":"Arroyo Quequén Grande","gna":"Arroyo","nam":"Quequén Grande","tipo":"Corriente de agua perenne","ign":"lineas_de_aguas_continentales_perenne.630956"},"geometry":{"type":"MultiLineString","coordinates":[[[-59.33025,-38.09352],[-59.33,-38.09374],[-59.32928,-38.09524],[-59.32891,-38.09578],[-59.32833,-38.0961],[-59.32723,-38.09641],[-59.32686,-38.09652],[-59.32649,-38.0969],[-59.32597,-38.09749],[-59.32545,-38.09803],[-59.32516,-38.09847],[-59.32486,-38.09917],[-59.32456,-38.09987],[-59.32426,-38.10073],[-59.32396,-38.10112],[-59.32351,-38.1016],[-59.32337,-38.10214],[-59.32322,-38.10268],[-59.32283,-38.10458],[-59.32172,-38.10593],[-59.32143,-38.10669],[-59.3209,-38.10755],[-59.32002,-38.10798],[-59.3181,-38.10905],[-59.31626,-38.11045],[-59.31502,-38.11184],[-59.31428,-38.11276],[-59.31391,-38.11319],[-59.31369,-38.11378],[-59.31346,-38.11422],[-59.31338,-38.11486],[-59.31337,-38.11563],[-59.3133,-38.11644],[-59.31329,-38.11703],[-59.31329,-38.11801],[-59.31386,-38.11893],[-59.31414,-38.11964],[-59.31436,-38.12019],[-59.31436,-38.12048],[-59.31398,-38.12105],[-59.31347,-38.1217],[-59.31287,-38.12229],[-59.31243,-38.12256],[-59.31185,-38.12267],[-59.31155,-38.12266],[-59.31126,-38.12266],[-59.3106,-38.12293],[-59.31001,-38.12331],[-59.30979,-38.12363],[-59.30964,-38.12395],[-59.30978,-38.12407],[-59.31015,-38.12429],[-59.31073,-38.12466],[-59.31095,-38.12505],[-59.31087,-38.12575],[-59.31005,-38.12667],[-59.30967,-38.12808],[-59.30922,-38.12927],[-59.30855,-38.13094],[-59.30751,-38.13191],[-59.30721,-38.13278],[-59.30676,-38.13393]]]}},{"type":"Feature","properties":{"fna":"Arroyo Quequén Grande","gna":"Arroyo","nam":"Quequén Grande","tipo":"Corriente de agua perenne","ign":"lineas_de_aguas_continentales_perenne.630959"},"geometry":{"type":"MultiLineString","coordinates":[[[-59.30676,-38.13393],[-59.306,-38.13418],[-59.30531,-38.13438],[-59.3047,-38.13458],[-59.30401,-38.13499],[-59.30332,-38.13544],[-59.30276,-38.13579],[-59.30241,-38.13614],[-59.30227,-38.13711],[-59.30227,-38.13773],[-59.30219,-38.13833],[-59.30205,-38.13863],[-59.30149,-38.13894],[-59.30122,-38.13904],[-59.30108,-38.1395],[-59.30107,-38.13975],[-59.30086,-38.14092],[-59.30078,-38.14138],[-59.29934,-38.14223],[-59.29748,-38.14284],[-59.29514,-38.14277],[-59.29356,-38.14256],[-59.29205,-38.1428],[-59.29087,-38.14346],[-59.28936,-38.14375],[-59.28736,-38.14399],[-59.28502,-38.14459],[-59.28316,-38.14539],[-59.28143,-38.14544],[-59.27866,-38.14547],[-59.27652,-38.14555],[-59.27459,-38.14595],[-59.27342,-38.14634],[-59.27238,-38.14669],[-59.27108,-38.14653],[-59.27047,-38.14628],[-59.26971,-38.14607],[-59.26882,-38.14606],[-59.26793,-38.1461],[-59.26655,-38.1465],[-59.26572,-38.14685],[-59.26393,-38.1472],[-59.26214,-38.14719],[-59.26168,-38.14717]]]}},{"type":"Feature","properties":{"tipo":"Corriente de agua perenne","ign":"lineas_de_aguas_continentales_perenne.640407"},"geometry":{"type":"MultiLineString","coordinates":[[[-59.40193,-37.44812],[-59.40134,-37.44899],[-59.39984,-37.44971],[-59.39877,-37.45079],[-59.39761,-37.45182],[-59.39635,-37.4525],[-59.39464,-37.45342],[-59.3942,-37.45372],[-59.39402,-37.45391],[-59.39381,-37.45422],[-59.39375,-37.45458],[-59.39378,-37.45506],[-59.39376,-37.4553],[-59.39347,-37.45618],[-59.39326,-37.4566],[-59.39248,-37.45803]]]}},{"type":"Feature","properties":{"tipo":"Corriente de agua perenne","ign":"lineas_de_aguas_continentales_perenne.640432"},"geometry":{"type":"MultiLineString","coordinates":[[[-59.2823,-37.65453],[-59.28228,-37.65595],[-59.28227,-37.65746],[-59.28247,-37.65881],[-59.28269,-37.65926],[-59.28341,-37.66007],[-59.28466,-37.661],[-59.28568,-37.66152],[-59.28624,-37.66168],[-59.28813,-37.66186],[-59.28992,-37.66212],[-59.29161,-37.66246],[-59.29329,-37.66281],[-59.29486,-37.66341],[-59.29669,-37.66368],[-59.29793,-37.66365],[-59.30009,-37.66385],[-59.30233,-37.66426],[-59.3027,-37.66429]]]}},{"type":"Feature","properties":{"tipo":"Corriente de agua perenne","ign":"lineas_de_aguas_continentales_perenne.640433"},"geometry":{"type":"MultiLineString","coordinates":[[[-59.31218,-37.66972],[-59.31232,-37.66965],[-59.31253,-37.66948],[-59.31253,-37.6691],[-59.31233,-37.66776],[-59.31203,-37.66642],[-59.31178,-37.66499],[-59.31201,-37.66365],[-59.31202,-37.66222],[-59.31213,-37.66084],[-59.31236,-37.65946],[-59.31231,-37.65799],[-59.31239,-37.65763],[-59.31286,-37.65695],[-59.31322,-37.65644],[-59.31365,-37.65565],[-59.31461,-37.65486],[-59.31519,-37.65432],[-59.31711,-37.65252],[-59.31796,-37.65149],[-59.31908,-37.65031],[-59.32051,-37.64932],[-59.32183,-37.64857],[-59.32352,-37.64791],[-59.32526,-37.64762],[-59.32598,-37.64743]]]}},{"type":"Feature","properties":{"tipo":"Corriente de agua perenne","ign":"lineas_de_aguas_continentales_perenne.640424"},"geometry":{"type":"MultiLineString","coordinates":[[[-59.41206,-37.61465],[-59.41162,-37.61608],[-59.4114,-37.61742],[-59.41086,-37.61876],[-59.41001,-37.62009],[-59.40882,-37.62137],[-59.40781,-37.62187],[-59.40612,-37.62354],[-59.40556,-37.62418],[-59.40496,-37.62497],[-59.40458,-37.62529],[-59.40318,-37.62613]]]}},{"type":"Feature","properties":{"tipo":"Corriente de agua perenne","ign":"lineas_de_aguas_continentales_perenne.640425"},"geometry":{"type":"MultiLineString","coordinates":[[[-59.4131,-37.62778],[-59.41137,-37.62747],[-59.40963,-37.62746],[-59.40789,-37.62745],[-59.40626,-37.62707],[-59.40474,-37.62643],[-59.40318,-37.62613]]]}},{"type":"Feature","properties":{"tipo":"Corriente de agua perenne","ign":"lineas_de_aguas_continentales_perenne.640426"},"geometry":{"type":"MultiLineString","coordinates":[[[-59.33883,-37.59457],[-59.33899,-37.59439],[-59.33904,-37.59424],[-59.3391,-37.59393],[-59.33916,-37.59357],[-59.33976,-37.59194],[-59.34019,-37.59106],[-59.34128,-37.58904],[-59.34271,-37.58816],[-59.34414,-37.58738],[-59.34562,-37.58663],[-59.3472,-37.58588],[-59.34869,-37.58509],[-59.35017,-37.58426],[-59.35154,-37.58343],[-59.35292,-37.5826],[-59.35435,-37.58185],[-59.35599,-37.58127],[-59.35757,-37.58061],[-59.35937,-37.58054],[-59.36115,-37.58097],[-59.36256,-37.58189],[-59.36419,-37.58245],[-59.36587,-37.58305],[-59.36776,-37.58348],[-59.36955,-37.58353],[-59.37109,-37.58418],[-59.37475,-37.58797],[-59.37626,-37.58982],[-59.37668,-37.59088],[-59.37704,-37.59155],[-59.37795,-37.59262],[-59.3787,-37.59326],[-59.37969,-37.5941],[-59.37999,-37.5946],[-59.3805,-37.59653],[-59.3808,-37.59776],[-59.38091,-37.60012],[-59.38172,-37.60474],[-59.3815,-37.60638],[-59.38156,-37.60846],[-59.38176,-37.61],[-59.3819,-37.61189],[-59.38184,-37.61315],[-59.38209,-37.61441],[-59.38208,-37.61521],[-59.38271,-37.61829],[-59.38292,-37.61917],[-59.38328,-37.62027],[-59.38353,-37.62161],[-59.38394,-37.62312],[-59.38488,-37.62408],[-59.38566,-37.62543],[-59.38644,-37.62669],[-59.38676,-37.62772]]]}},{"type":"Feature","properties":{"tipo":"Corriente de agua perenne","ign":"lineas_de_aguas_continentales_perenne.640427"},"geometry":{"type":"MultiLineString","coordinates":[[[-59.40318,-37.62613],[-59.40295,-37.62609],[-59.40121,-37.62608],[-59.39947,-37.62616],[-59.39774,-37.62606],[-59.39578,-37.62613],[-59.39415,-37.62663],[-59.39241,-37.627],[-59.39071,-37.62729],[-59.38902,-37.62761],[-59.38729,-37.62764],[-59.38676,-37.62772]]]}},{"type":"Feature","properties":{"tipo":"Corriente de agua perenne","ign":"lineas_de_aguas_continentales_perenne.640428"},"geometry":{"type":"MultiLineString","coordinates":[[[-59.31932,-37.61184],[-59.31957,-37.61318],[-59.31961,-37.61456],[-59.3196,-37.61594],[-59.3197,-37.61733],[-59.31973,-37.61879],[-59.31958,-37.61923],[-59.31872,-37.61992],[-59.31708,-37.62042],[-59.31619,-37.62097],[-59.31581,-37.62133],[-59.3154,-37.62195],[-59.31531,-37.62227],[-59.31543,-37.62271],[-59.31637,-37.6239],[-59.31728,-37.625],[-59.3177,-37.62588],[-59.31808,-37.62667],[-59.31844,-37.62802],[-59.31864,-37.62936],[-59.31884,-37.63075],[-59.31893,-37.63213],[-59.31923,-37.63352],[-59.31959,-37.63491],[-59.31979,-37.63629],[-59.32041,-37.63768],[-59.32119,-37.63894],[-59.32223,-37.64016],[-59.3228,-37.64075],[-59.32374,-37.64191],[-59.32501,-37.64322],[-59.32536,-37.64349],[-59.32589,-37.64381],[-59.32613,-37.64402],[-59.32645,-37.64455],[-59.32656,-37.64491],[-59.32661,-37.64563],[-59.32659,-37.6458],[-59.32638,-37.64615],[-59.32591,-37.64685],[-59.3259,-37.64721],[-59.32598,-37.64743]]]}},{"type":"Feature","properties":{"tipo":"Corriente de agua perenne","ign":"lineas_de_aguas_continentales_perenne.640429"},"geometry":{"type":"MultiLineString","coordinates":[[[-59.32731,-37.61819],[-59.32825,-37.61936],[-59.32852,-37.61976],[-59.32887,-37.62062],[-59.32896,-37.62201],[-59.32874,-37.62335],[-59.32799,-37.62469],[-59.32789,-37.62518],[-59.32798,-37.6262],[-59.32859,-37.6275],[-59.32896,-37.62786],[-59.3295,-37.62832],[-59.32964,-37.62859],[-59.32979,-37.62923],[-59.33083,-37.63037],[-59.33178,-37.63155],[-59.33229,-37.63289],[-59.33238,-37.63432],[-59.33279,-37.63575],[-59.3332,-37.63709],[-59.33351,-37.63844],[-59.33358,-37.63943],[-59.33344,-37.6399],[-59.33279,-37.64124],[-59.33215,-37.64258],[-59.3312,-37.64375],[-59.33061,-37.64433],[-59.32971,-37.64551],[-59.32838,-37.64639],[-59.32696,-37.64717],[-59.32598,-37.64743]]]}},{"type":"Feature","properties":{"tipo":"Corriente de agua perenne","ign":"lineas_de_aguas_continentales_perenne.640434"},"geometry":{"type":"MultiLineString","coordinates":[[[-59.38676,-37.62772],[-59.38684,-37.62803],[-59.38735,-37.62885],[-59.38765,-37.6302],[-59.3881,-37.63154],[-59.38826,-37.6325],[-59.38815,-37.63297],[-59.38735,-37.63422],[-59.3867,-37.63551],[-59.38643,-37.63686],[-59.38568,-37.63811],[-59.38525,-37.6395],[-59.38524,-37.64088],[-59.38481,-37.64247],[-59.38469,-37.64324],[-59.38437,-37.64462],[-59.38383,-37.64592],[-59.38365,-37.64686],[-59.38381,-37.6473],[-59.3847,-37.64848],[-59.38559,-37.64966],[-59.38652,-37.65088],[-59.38741,-37.65206],[-59.38835,-37.65319],[-59.38845,-37.65366],[-59.38834,-37.6543],[-59.38834,-37.65462],[-59.38859,-37.65605],[-59.38962,-37.65857],[-59.39091,-37.66106],[-59.39098,-37.66151],[-59.39088,-37.66214],[-59.3909,-37.66245],[-59.39163,-37.66375],[-59.39175,-37.6647],[-59.39167,-37.66517],[-59.39087,-37.66639],[-59.39071,-37.66777],[-59.38979,-37.6704],[-59.38956,-37.67199],[-59.39029,-37.67327],[-59.39112,-37.67445],[-59.39154,-37.67534],[-59.3921,-37.67719],[-59.3922,-37.67765],[-59.39225,-37.67857],[-59.39221,-37.67871],[-59.39199,-37.67898],[-59.39146,-37.6795],[-59.39145,-37.67978],[-59.3917,-37.68031],[-59.39323,-37.68095],[-59.39486,-37.68133],[-59.39544,-37.68135],[-59.39623,-37.68132],[-59.3966,-37.68138],[-59.39818,-37.68202],[-59.39975,-37.68274],[-59.40144,-37.68321],[-59.40306,-37.68373],[-59.40448,-37.6846],[-59.40543,-37.68517],[-59.40575,-37.68554],[-59.40614,-37.68655],[-59.40687,-37.68781],[-59.40728,-37.68916],[-59.40754,-37.68957],[-59.40827,-37.69029],[-59.40964,-37.69118],[-59.41074,-37.69228],[-59.4112,-37.69257],[-59.41186,-37.69294],[-59.41206,-37.69315]]]}},{"type":"Feature","properties":{"tipo":"Corriente de agua intermitente","ign":"lineas_de_aguas_continentales_intermitentes.fid--23e67512_1a0e43d469c_-2caa"},"geometry":{"type":"MultiLineString","coordinates":[[[-59.13258,-37.84514],[-59.13437,-37.84605],[-59.13591,-37.8467],[-59.13757,-37.84752],[-59.13896,-37.84869],[-59.14042,-37.84987],[-59.14096,-37.85024],[-59.14214,-37.85084],[-59.14408,-37.85149],[-59.14587,-37.85236],[-59.14664,-37.85289]]]}},{"type":"Feature","properties":{"fna":"Arroyo Pantanoso","gna":"Arroyo","nam":"Pantanoso","tipo":"Corriente de agua intermitente","ign":"lineas_de_aguas_continentales_intermitentes.fid--23e67512_1a0e43d469c_-2ca9"},"geometry":{"type":"MultiLineString","coordinates":[[[-58.70732,-38.00241],[-58.70741,-38.00327],[-58.70741,-38.00341],[-58.7073,-38.00398],[-58.70729,-38.00462],[-58.70784,-38.00627],[-58.70926,-38.0075],[-58.70991,-38.00894],[-58.71095,-38.01016],[-58.71351,-38.01212],[-58.71551,-38.0135],[-58.71638,-38.01372]]]}},{"type":"Feature","properties":{"tipo":"Corriente de agua intermitente","ign":"lineas_de_aguas_continentales_intermitentes.fid--23e67512_1a0e43d469c_-2ca8"},"geometry":{"type":"MultiLineString","coordinates":[[[-59.04783,-37.80295],[-59.04668,-37.80186],[-59.04618,-37.80164],[-59.04488,-37.80167],[-59.04309,-37.8017],[-59.04135,-37.80169],[-59.03961,-37.80142],[-59.03843,-37.80104],[-59.03787,-37.80077],[-59.03652,-37.79988],[-59.03537,-37.79887],[-59.0349,-37.7984]]]}},{"type":"Feature","properties":{"tipo":"Corriente de agua intermitente","ign":"lineas_de_aguas_continentales_intermitentes.fid--23e67512_1a0e43d469c_-2ca7"},"geometry":{"type":"MultiLineString","coordinates":[[[-59.10958,-37.81431],[-59.10801,-37.81498],[-59.10748,-37.81516],[-59.10632,-37.81521],[-59.10417,-37.8147],[-59.10269,-37.81414],[-59.10186,-37.813],[-59.10056,-37.8114],[-59.09954,-37.81041],[-59.09745,-37.80821],[-59.09556,-37.80752],[-59.09425,-37.80713],[-59.09311,-37.80648],[-59.09166,-37.80554],[-59.08913,-37.80376],[-59.08767,-37.80308],[-59.08609,-37.80214],[-59.08431,-37.80138],[-59.08284,-37.80069],[-59.082,-37.80035]]]}},{"type":"Feature","properties":{"tipo":"Corriente de agua intermitente","ign":"lineas_de_aguas_continentales_intermitentes.fid--23e67512_1a0e43d469c_-2ca6"},"geometry":{"type":"MultiLineString","coordinates":[[[-58.92739,-37.76132],[-58.92757,-37.76282],[-58.92755,-37.76431],[-58.92752,-37.7658],[-58.9275,-37.76722],[-58.92738,-37.7688],[-58.92686,-37.77012],[-58.92596,-37.77138],[-58.92495,-37.77262],[-58.92414,-37.77387],[-58.92343,-37.7752],[-58.92321,-37.7767],[-58.92292,-37.77824],[-58.92299,-37.77923],[-58.92303,-37.78041],[-58.92281,-37.78198],[-58.92175,-37.78339],[-58.92079,-37.78503],[-58.91992,-37.78663],[-58.91976,-37.78749],[-58.92016,-37.78909],[-58.92103,-37.79036],[-58.92241,-37.79116],[-58.92398,-37.7918],[-58.92536,-37.7926],[-58.92593,-37.79395],[-58.92544,-37.79534],[-58.92532,-37.79675],[-58.9252,-37.79816],[-58.92509,-37.79958],[-58.92554,-37.80174],[-58.92478,-37.80307],[-58.92378,-37.80381],[-58.92223,-37.8045],[-58.92014,-37.80523],[-58.91978,-37.80552],[-58.91949,-37.80625],[-58.9197,-37.80822],[-58.91978,-37.80967],[-58.92015,-37.81109],[-58.92063,-37.81243],[-58.92121,-37.81377],[-58.92179,-37.8152],[-58.92236,-37.81654],[-58.92333,-37.81772],[-58.92471,-37.81852],[-58.92608,-37.8194],[-58.92739,-37.82014]]]}},{"type":"Feature","properties":{"fna":"Arroyo Quilacinta","gna":"Arroyo","nam":"Quilacinta","tipo":"Corriente de agua intermitente","ign":"lineas_de_aguas_continentales_intermitentes.fid--23e67512_1a0e43d469c_-2ca2"},"geometry":{"type":"MultiLineString","coordinates":[[[-58.92739,-37.82014],[-58.92695,-37.82103],[-58.92651,-37.82119],[-58.92562,-37.82113],[-58.92525,-37.82125],[-58.9248,-37.8217],[-58.92466,-37.82196],[-58.92466,-37.82229],[-58.92598,-37.82349],[-58.92651,-37.82449],[-58.92657,-37.82503],[-58.92637,-37.82609],[-58.92612,-37.8265],[-58.92567,-37.82703],[-58.92556,-37.82731],[-58.92609,-37.82861],[-58.92602,-37.82991],[-58.9262,-37.83128],[-58.92642,-37.83169],[-58.92696,-37.83217],[-58.92718,-37.83243],[-58.92757,-37.83333]]]}},{"type":"Feature","properties":{"tipo":"Corriente de agua intermitente","ign":"lineas_de_aguas_continentales_intermitentes.fid--23e67512_1a0e43d469c_-2ca1"},"geometry":{"type":"MultiLineString","coordinates":[[[-58.99654,-37.78144],[-58.99576,-37.78267],[-58.99439,-37.7845],[-58.99339,-37.78551],[-58.99239,-37.78633],[-58.99149,-37.78719],[-58.99022,-37.7883],[-58.98911,-37.78939],[-58.9881,-37.79056],[-58.9871,-37.79165],[-58.9857,-37.79266],[-58.9842,-37.79344],[-58.98251,-37.79414],[-58.98101,-37.79483],[-58.9803,-37.79608],[-58.97931,-37.79717],[-58.9784,-37.79842],[-58.97768,-37.79967],[-58.97708,-37.80037],[-58.97536,-37.80264],[-58.97492,-37.804],[-58.97404,-37.80466],[-58.97347,-37.80485],[-58.97164,-37.80502],[-58.96995,-37.80537],[-58.96875,-37.80634],[-58.96765,-37.80739],[-58.96615,-37.8082],[-58.96529,-37.80945],[-58.96409,-37.81046],[-58.96235,-37.81104],[-58.96046,-37.81118],[-58.95868,-37.81128],[-58.95808,-37.81139],[-58.95699,-37.81189],[-58.95611,-37.81253],[-58.95583,-37.81294],[-58.95573,-37.81373],[-58.95541,-37.81448],[-58.95527,-37.81484],[-58.95506,-37.81532],[-58.95491,-37.81553],[-58.95477,-37.81567],[-58.95443,-37.81591],[-58.9533,-37.81658],[-58.95126,-37.8175],[-58.94947,-37.81843],[-58.94842,-37.81878],[-58.94604,-37.81903],[-58.94477,-37.81924],[-58.94435,-37.81956],[-58.94433,-37.82098],[-58.94421,-37.82239],[-58.94396,-37.82286],[-58.9429,-37.82356],[-58.94122,-37.8241],[-58.93953,-37.82432],[-58.93774,-37.82486],[-58.93634,-37.82571],[-58.93494,-37.82656],[-58.93433,-37.82789],[-58.93302,-37.82882],[-58.93143,-37.82936],[-58.93023,-37.83044],[-58.92952,-37.8317],[-58.92918,-37.83265],[-58.92881,-37.83295],[-58.92757,-37.83333]]]}},{"type":"Feature","properties":{"tipo":"Corriente de agua intermitente","ign":"lineas_de_aguas_continentales_intermitentes.fid--23e67512_1a0e43d469c_-2c9e"},"geometry":{"type":"MultiLineString","coordinates":[[[-58.91858,-37.85036],[-58.91647,-37.84741],[-58.91578,-37.84542],[-58.91544,-37.84258],[-58.91481,-37.84132],[-58.91323,-37.83976],[-58.91188,-37.8382],[-58.9109,-37.83607],[-58.91096,-37.83483],[-58.91143,-37.83314],[-58.91127,-37.83233],[-58.90842,-37.83041],[-58.90772,-37.82925],[-58.90749,-37.82803],[-58.90711,-37.82657],[-58.90671,-37.82405],[-58.90802,-37.82218],[-58.90758,-37.82194],[-58.90775,-37.82064],[-58.90291,-37.8184],[-58.90082,-37.81735],[-58.89868,-37.81636],[-58.89597,-37.81497],[-58.89366,-37.81412]]]}},{"type":"Feature","properties":{"fna":"Arroyo Quilacinta","gna":"Arroyo","nam":"Quilacinta","tipo":"Corriente de agua intermitente","ign":"lineas_de_aguas_continentales_intermitentes.fid--23e67512_1a0e43d469c_-2c9d"},"geometry":{"type":"MultiLineString","coordinates":[[[-58.92757,-37.83333],[-58.9275,-37.83377],[-58.92721,-37.83414],[-58.9264,-37.83482],[-58.92499,-37.83567],[-58.92479,-37.83574],[-58.92429,-37.83575],[-58.92331,-37.83571],[-58.92298,-37.8359],[-58.92241,-37.83682],[-58.92159,-37.83804],[-58.92123,-37.83885],[-58.92087,-37.84016],[-58.92085,-37.84031],[-58.92085,-37.84061],[-58.92094,-37.84123],[-58.92095,-37.84153],[-58.92092,-37.84209],[-58.92178,-37.84331],[-58.92289,-37.84399],[-58.92336,-37.84453],[-58.9235,-37.84481],[-58.92352,-37.84526],[-58.9234,-37.84557],[-58.92294,-37.84615],[-58.92238,-37.84637],[-58.92154,-37.84647],[-58.92125,-37.84664],[-58.92044,-37.84786],[-58.91973,-37.84923],[-58.91858,-37.85036]]]}},{"type":"Feature","properties":{"tipo":"Corriente de agua intermitente","ign":"lineas_de_aguas_continentales_intermitentes.fid--23e67512_1a0e43d469c_-2c9c"},"geometry":{"type":"MultiLineString","coordinates":[[[-58.91858,-37.85036],[-58.91761,-37.85141],[-58.91739,-37.85185],[-58.91735,-37.85217],[-58.91748,-37.85258]]]}},{"type":"Feature","properties":{"tipo":"Corriente de agua intermitente","ign":"lineas_de_aguas_continentales_intermitentes.fid--23e67512_1a0e43d469c_-2c9b"},"geometry":{"type":"MultiLineString","coordinates":[[[-59.25815,-37.84445],[-59.25815,-37.84447],[-59.25813,-37.84582],[-59.25809,-37.84596],[-59.25784,-37.84615],[-59.25705,-37.84644],[-59.25677,-37.84665],[-59.25623,-37.84751],[-59.25606,-37.84797],[-59.25599,-37.84871],[-59.25609,-37.84937],[-59.25637,-37.85025],[-59.2564,-37.85069],[-59.25632,-37.85205],[-59.25652,-37.85246],[-59.25705,-37.85296],[-59.25721,-37.85324],[-59.25742,-37.85467],[-59.25741,-37.85604],[-59.25763,-37.85747],[-59.25798,-37.8589],[-59.25797,-37.86034],[-59.25795,-37.86176],[-59.25809,-37.86313],[-59.25808,-37.86427]]]}},{"type":"Feature","properties":{"tipo":"Corriente de agua intermitente","ign":"lineas_de_aguas_continentales_intermitentes.fid--23e67512_1a0e43d469c_-2c9a"},"geometry":{"type":"MultiLineString","coordinates":[[[-58.71228,-37.84616],[-58.71157,-37.84539],[-58.71076,-37.84449],[-58.71052,-37.84399],[-58.71024,-37.84259],[-58.70996,-37.8412],[-58.70984,-37.8398],[-58.70948,-37.83847],[-58.70927,-37.83702],[-58.70922,-37.83562],[-58.70916,-37.83454],[-58.70879,-37.83374],[-58.70807,-37.83186],[-58.70769,-37.83152],[-58.70669,-37.83104],[-58.70596,-37.83069],[-58.70534,-37.83017],[-58.70412,-37.82896],[-58.70346,-37.82872],[-58.70309,-37.82879],[-58.70156,-37.82938],[-58.69981,-37.82998],[-58.69807,-37.82947],[-58.69572,-37.82927],[-58.69434,-37.82925],[-58.69291,-37.82899],[-58.69153,-37.82892],[-58.68947,-37.82914],[-58.68801,-37.8299],[-58.68626,-37.82994],[-58.68467,-37.82932],[-58.68353,-37.82919],[-58.68139,-37.82905],[-58.67897,-37.82835],[-58.67822,-37.8281],[-58.67694,-37.82706],[-58.67503,-37.82722],[-58.67335,-37.82756],[-58.67168,-37.82724],[-58.67001,-37.82686],[-58.66834,-37.82642],[-58.66675,-37.8258],[-58.66509,-37.82517],[-58.66365,-37.82437],[-58.66199,-37.82405],[-58.66023,-37.82403],[-58.65863,-37.82462],[-58.6577,-37.82521]]]}},{"type":"Feature","properties":{"tipo":"Corriente de agua intermitente","ign":"lineas_de_aguas_continentales_intermitentes.fid--23e67512_1a0e43d469c_-2c99"},"geometry":{"type":"MultiLineString","coordinates":[[[-58.74197,-37.80838],[-58.74065,-37.8097],[-58.73926,-37.81089],[-58.73772,-37.81196],[-58.73633,-37.81322],[-58.73501,-37.81454],[-58.73377,-37.81585],[-58.73268,-37.81723],[-58.73174,-37.81867],[-58.7308,-37.82011],[-58.72987,-37.82155],[-58.72892,-37.82311],[-58.72798,-37.82455],[-58.7269,-37.82645],[-58.72619,-37.82801],[-58.72586,-37.82964],[-58.72583,-37.83127],[-58.72572,-37.83296],[-58.72562,-37.8346],[-58.72529,-37.83622],[-58.72499,-37.83672],[-58.72405,-37.83754],[-58.7234,-37.8378],[-58.72247,-37.83804],[-58.72221,-37.83831],[-58.72157,-37.83993],[-58.72093,-37.8415],[-58.72082,-37.84162],[-58.72041,-37.84159],[-58.71931,-37.84119],[-58.71888,-37.84124],[-58.71779,-37.84261],[-58.71595,-37.84338],[-58.71563,-37.84387],[-58.71532,-37.84462],[-58.71501,-37.84488],[-58.71325,-37.84571],[-58.71228,-37.84616]]]}},{"type":"Feature","properties":{"tipo":"Corriente de agua intermitente","ign":"lineas_de_aguas_continentales_intermitentes.fid--23e67512_1a0e43d469c_-2c98"},"geometry":{"type":"MultiLineString","coordinates":[[[-58.86596,-37.83853],[-58.86849,-37.83836],[-58.87033,-37.83822],[-58.87211,-37.83824],[-58.87389,-37.83826],[-58.87557,-37.83854],[-58.87736,-37.83864],[-58.87847,-37.83888],[-58.87898,-37.83909],[-58.88041,-37.83985],[-58.88183,-37.84061],[-58.88198,-37.84073],[-58.88286,-37.84153],[-58.88315,-37.8418],[-58.88378,-37.84219],[-58.88532,-37.84265],[-58.88713,-37.84277],[-58.88831,-37.84325],[-58.8894,-37.84349],[-58.89153,-37.84344],[-58.89351,-37.84361],[-58.8955,-37.84494],[-58.89717,-37.84544],[-58.89894,-37.84577],[-58.90133,-37.84691],[-58.90216,-37.84755],[-58.9026,-37.8483],[-58.90429,-37.84975],[-58.90507,-37.85038],[-58.90659,-37.85205],[-58.90805,-37.85293],[-58.90984,-37.85295],[-58.91111,-37.8539],[-58.91278,-37.85431],[-58.91468,-37.85417],[-58.91607,-37.8534],[-58.91748,-37.85258]]]}},{"type":"Feature","properties":{"tipo":"Corriente de agua intermitente","ign":"lineas_de_aguas_continentales_intermitentes.fid--23e67512_1a0e43d469c_-2c96"},"geometry":{"type":"MultiLineString","coordinates":[[[-58.85132,-37.85879],[-58.85189,-37.86013],[-58.85247,-37.86067],[-58.8544,-37.86117],[-58.85643,-37.86143],[-58.85718,-37.86128],[-58.85911,-37.86122],[-58.86164,-37.86129],[-58.86267,-37.86192],[-58.8637,-37.86272],[-58.86565,-37.86451],[-58.86678,-37.86542],[-58.8674,-37.86665],[-58.86822,-37.86823],[-58.86889,-37.86965],[-58.86908,-37.87115],[-58.86905,-37.87256],[-58.86903,-37.87405],[-58.86901,-37.87563],[-58.86898,-37.87704],[-58.8688,-37.87738],[-58.8679,-37.87788],[-58.86648,-37.87828],[-58.86454,-37.87757],[-58.86217,-37.87704],[-58.86108,-37.87687],[-58.85946,-37.87711],[-58.85768,-37.87709],[-58.85589,-37.87708],[-58.85557,-37.87707]]]}},{"type":"Feature","properties":{"tipo":"Corriente de agua intermitente","ign":"lineas_de_aguas_continentales_intermitentes.fid--23e67512_1a0e43d469c_-2c95"},"geometry":{"type":"MultiLineString","coordinates":[[[-58.85557,-37.87707],[-58.85401,-37.87706],[-58.85223,-37.87696],[-58.85056,-37.87639],[-58.84883,-37.87594],[-58.84759,-37.87514],[-58.84603,-37.87399],[-58.84502,-37.87241],[-58.84436,-37.871],[-58.84314,-37.86982],[-58.84193,-37.86803],[-58.84159,-37.86752],[-58.84077,-37.86649],[-58.84105,-37.86595],[-58.84225,-37.86528],[-58.84251,-37.86491],[-58.84212,-37.86349],[-58.84116,-37.8623],[-58.83988,-37.86127],[-58.83882,-37.86016],[-58.83862,-37.85992]]]}},{"type":"Feature","properties":{"tipo":"Corriente de agua intermitente","ign":"lineas_de_aguas_continentales_intermitentes.fid--23e67512_1a0e43d469c_-2c94"},"geometry":{"type":"MultiLineString","coordinates":[[[-58.70557,-37.88695],[-58.7037,-37.88603],[-58.70306,-37.88583],[-58.70168,-37.88568],[-58.69955,-37.88559],[-58.69742,-37.8853],[-58.69613,-37.88492],[-58.69553,-37.88467],[-58.69412,-37.88402],[-58.69207,-37.88373],[-58.69142,-37.88358],[-58.69018,-37.88311],[-58.68829,-37.88229],[-58.68655,-37.88143],[-58.68497,-37.88015],[-58.68339,-37.8791],[-58.68282,-37.87873],[-58.68132,-37.87781],[-58.67926,-37.87767],[-58.67728,-37.8771],[-58.67639,-37.87564],[-58.67589,-37.87406],[-58.67569,-37.8723],[-58.67524,-37.87172],[-58.67381,-37.87095],[-58.6716,-37.8705],[-58.66987,-37.8697],[-58.66844,-37.86853],[-58.6677,-37.86744],[-58.66643,-37.86621],[-58.66409,-37.8651],[-58.66243,-37.86405],[-58.66131,-37.86265],[-58.66034,-37.86119],[-58.66018,-37.86073],[-58.66005,-37.85974],[-58.65954,-37.85918],[-58.65725,-37.85916],[-58.65505,-37.85895],[-58.65323,-37.85814],[-58.65124,-37.8589],[-58.64977,-37.85979],[-58.64845,-37.86111],[-58.64701,-37.86145],[-58.6464,-37.86121],[-58.6452,-37.85987],[-58.64393,-37.85858],[-58.64273,-37.85723],[-58.641,-37.85631],[-58.63934,-37.8552],[-58.63913,-37.85466],[-58.63945,-37.85351],[-58.64016,-37.85195],[-58.64027,-37.85031],[-58.6403,-37.84868],[-58.64079,-37.84705],[-58.64095,-37.84654],[-58.64099,-37.84636],[-58.64098,-37.84599],[-58.64088,-37.84562],[-58.64056,-37.84491],[-58.63979,-37.84338]]]}},{"type":"Feature","properties":{"tipo":"Corriente de agua intermitente","ign":"lineas_de_aguas_continentales_intermitentes.fid--23e67512_1a0e43d469c_-2c93"},"geometry":{"type":"MultiLineString","coordinates":[[[-58.58282,-37.87055],[-58.58526,-37.8712],[-58.58705,-37.87243],[-58.58854,-37.874],[-58.58937,-37.87572],[-58.59006,-37.87762],[-58.59118,-37.87947],[-58.59378,-37.88001],[-58.59638,-37.87981],[-58.59935,-37.87956],[-58.60223,-37.87982],[-58.60431,-37.88059],[-58.606,-37.88125],[-58.60747,-37.88184],[-58.60947,-37.88277],[-58.61036,-37.88444]]]}},{"type":"Feature","properties":{"tipo":"Corriente de agua intermitente","ign":"lineas_de_aguas_continentales_intermitentes.fid--23e67512_1a0e43d469c_-2c92"},"geometry":{"type":"MultiLineString","coordinates":[[[-58.61036,-37.88444],[-58.61232,-37.88326],[-58.61376,-37.88233],[-58.61437,-37.88174],[-58.61456,-37.88139],[-58.61444,-37.88067],[-58.6135,-37.87918],[-58.61337,-37.87843],[-58.6137,-37.87686],[-58.61404,-37.87493],[-58.61403,-37.87414],[-58.61356,-37.87257],[-58.6128,-37.87069],[-58.61223,-37.86983],[-58.61134,-37.86874]]]}},{"type":"Feature","properties":{"tipo":"Corriente de agua intermitente","ign":"lineas_de_aguas_continentales_intermitentes.fid--23e67512_1a0e43d469c_-2c91"},"geometry":{"type":"MultiLineString","coordinates":[[[-59.14894,-37.85602],[-59.15162,-37.85671],[-59.15252,-37.85678],[-59.15377,-37.85664],[-59.15439,-37.85661],[-59.15553,-37.8567],[-59.157,-37.85698],[-59.15767,-37.85728],[-59.15925,-37.85863],[-59.16071,-37.86014],[-59.16198,-37.86164],[-59.16366,-37.86291],[-59.16543,-37.8641],[-59.167,-37.86553],[-59.16848,-37.86679],[-59.16973,-37.86781],[-59.17055,-37.869],[-59.17159,-37.87014],[-59.17293,-37.87104],[-59.17434,-37.87183],[-59.17591,-37.87262],[-59.17741,-37.87334],[-59.1789,-37.87406],[-59.18009,-37.87508],[-59.18105,-37.87622],[-59.18186,-37.87742],[-59.18298,-37.8785],[-59.18446,-37.87939],[-59.18604,-37.88007],[-59.18753,-37.88073],[-59.18902,-37.88152],[-59.19036,-37.88248],[-59.19155,-37.88361],[-59.19236,-37.88487],[-59.19295,-37.88619],[-59.19338,-37.8875],[-59.19397,-37.88881],[-59.19416,-37.89025],[-59.19414,-37.89179],[-59.19382,-37.89316],[-59.19359,-37.89459],[-59.19378,-37.89548],[-59.1941,-37.8959],[-59.19544,-37.8968],[-59.19663,-37.89783],[-59.19782,-37.89885],[-59.19878,-37.89999],[-59.20104,-37.90126],[-59.20254,-37.90163],[-59.20319,-37.90224],[-59.20331,-37.90262],[-59.20339,-37.90388],[-59.20346,-37.90543],[-59.20344,-37.9064],[-59.20367,-37.90686],[-59.20508,-37.90765],[-59.20646,-37.90849],[-59.20814,-37.90954],[-59.20911,-37.91],[-59.20955,-37.91137],[-59.21035,-37.91259],[-59.21092,-37.9134],[-59.21132,-37.91373],[-59.2118,-37.91398],[-59.21282,-37.91439],[-59.21432,-37.915]]]}},{"type":"Feature","properties":{"tipo":"Corriente de agua intermitente","ign":"lineas_de_aguas_continentales_intermitentes.fid--23e67512_1a0e43d469c_-2c90"},"geometry":{"type":"MultiLineString","coordinates":[[[-58.85557,-37.87707],[-58.85555,-37.87843],[-58.85533,-37.87984],[-58.85462,-37.88117],[-58.8539,-37.88258],[-58.85348,-37.88399],[-58.85306,-37.8854],[-58.85235,-37.88681],[-58.85144,-37.88798],[-58.84993,-37.88906],[-58.84863,-37.89008],[-58.84713,-37.89108],[-58.84602,-37.89217],[-58.84501,-37.89342],[-58.8441,-37.89467],[-58.84328,-37.89592],[-58.84257,-37.89717],[-58.84216,-37.8985],[-58.84193,-37.89991],[-58.84132,-37.90125],[-58.8409,-37.90258],[-58.84068,-37.90407],[-58.84058,-37.90431]]]}},{"type":"Feature","properties":{"tipo":"Corriente de agua intermitente","ign":"lineas_de_aguas_continentales_intermitentes.fid--23e67512_1a0e43d469c_-2c8f"},"geometry":{"type":"MultiLineString","coordinates":[[[-59.21432,-37.915],[-59.21445,-37.91532],[-59.21518,-37.91658],[-59.21581,-37.91784],[-59.21621,-37.91918],[-59.2163,-37.92061],[-59.2163,-37.92075]]]}},{"type":"Feature","properties":{"tipo":"Corriente de agua intermitente","ign":"lineas_de_aguas_continentales_intermitentes.fid--23e67512_1a0e43d469c_-2c8e"},"geometry":{"type":"MultiLineString","coordinates":[[[-59.24512,-37.89935],[-59.24511,-37.89954],[-59.24502,-37.89999],[-59.2445,-37.90084],[-59.24351,-37.90203],[-59.24237,-37.90309],[-59.24139,-37.90428],[-59.24017,-37.90535],[-59.23866,-37.9064],[-59.23708,-37.90711],[-59.23549,-37.90769],[-59.23502,-37.90806],[-59.23452,-37.90973],[-59.23418,-37.91013],[-59.23348,-37.91056],[-59.23317,-37.9108],[-59.23211,-37.91198],[-59.2309,-37.91299],[-59.22937,-37.91383],[-59.22797,-37.91412],[-59.22733,-37.91433],[-59.22703,-37.91457],[-59.22675,-37.91521],[-59.22665,-37.91672],[-59.22635,-37.91737],[-59.22528,-37.91849],[-59.22422,-37.91956],[-59.22301,-37.92056],[-59.22242,-37.92074],[-59.22121,-37.92078],[-59.2194,-37.92077],[-59.21768,-37.92076],[-59.2163,-37.92075]]]}},{"type":"Feature","properties":{"tipo":"Corriente de agua intermitente","ign":"lineas_de_aguas_continentales_intermitentes.fid--23e67512_1a0e43d469c_-2c8d"},"geometry":{"type":"MultiLineString","coordinates":[[[-58.62062,-37.84827],[-58.62152,-37.85],[-58.62294,-37.85184],[-58.62399,-37.85358],[-58.62541,-37.85509],[-58.62733,-37.85648],[-58.62896,-37.85822],[-58.63024,-37.85995],[-58.63085,-37.86202],[-58.63111,-37.86386],[-58.63108,-37.86569],[-58.63076,-37.86758],[-58.63138,-37.86948],[-58.63235,-37.87138],[-58.63327,-37.87317],[-58.63424,-37.87501],[-58.63551,-37.87692],[-58.63671,-37.87854],[-58.63784,-37.88021],[-58.63911,-37.88183],[-58.64052,-37.88345],[-58.64195,-37.88496],[-58.64357,-37.88698],[-58.64476,-37.88894],[-58.64609,-37.89124],[-58.64678,-37.89277],[-58.64727,-37.89532],[-58.64577,-37.89784],[-58.64422,-37.89957],[-58.64328,-37.90077],[-58.64347,-37.90234],[-58.64223,-37.90366]]]}},{"type":"Feature","properties":{"tipo":"Corriente de agua intermitente","ign":"lineas_de_aguas_continentales_intermitentes.fid--23e67512_1a0e43d469c_-2c8c"},"geometry":{"type":"MultiLineString","coordinates":[[[-58.80981,-37.91346],[-58.81119,-37.91426],[-58.81157,-37.91459],[-58.81206,-37.91544],[-58.81293,-37.91687],[-58.81371,-37.91782],[-58.81443,-37.91951],[-58.81521,-37.92031],[-58.81643,-37.92107],[-58.81823,-37.92193],[-58.81864,-37.92243],[-58.81875,-37.92286],[-58.81868,-37.92361]]]}},{"type":"Feature","properties":{"tipo":"Corriente de agua intermitente","ign":"lineas_de_aguas_continentales_intermitentes.fid--23e67512_1a0e43d469c_-2c8b"},"geometry":{"type":"MultiLineString","coordinates":[[[-58.845,-37.91439],[-58.8441,-37.91557],[-58.84328,-37.91681],[-58.84227,-37.91799],[-58.84106,-37.91908],[-58.83927,-37.91946],[-58.83758,-37.91975],[-58.83588,-37.91997],[-58.8341,-37.92003],[-58.83212,-37.92032],[-58.83052,-37.92086],[-58.82902,-37.92154],[-58.82772,-37.92256],[-58.82612,-37.92317],[-58.82423,-37.92332],[-58.82245,-37.92337],[-58.82056,-37.92343],[-58.81868,-37.92361]]]}},{"type":"Feature","properties":{"tipo":"Corriente de agua intermitente","ign":"lineas_de_aguas_continentales_intermitentes.fid--23e67512_1a0e43d469c_-2c8a"},"geometry":{"type":"MultiLineString","coordinates":[[[-58.61036,-37.88444],[-58.61243,-37.88688],[-58.61295,-37.88821],[-58.61489,-37.89023],[-58.61606,-37.89242],[-58.61657,-37.89477],[-58.61822,-37.89547],[-58.61993,-37.89743],[-58.62096,-37.89979],[-58.62053,-37.90215],[-58.62115,-37.90394],[-58.62296,-37.90499],[-58.62328,-37.9074],[-58.62426,-37.90918],[-58.62481,-37.91102],[-58.6255,-37.91298],[-58.62707,-37.91438],[-58.62819,-37.91611],[-58.62903,-37.91806],[-58.63008,-37.91985],[-58.63077,-37.92187],[-58.63132,-37.92319]]]}},{"type":"Feature","properties":{"tipo":"Corriente de agua intermitente","ign":"lineas_de_aguas_continentales_intermitentes.fid--23e67512_1a0e43d469c_-2c89"},"geometry":{"type":"MultiLineString","coordinates":[[[-58.81868,-37.92361],[-58.81833,-37.92389],[-58.81786,-37.92482],[-58.81725,-37.92615],[-58.81603,-37.92732],[-58.81474,-37.92921],[-58.81409,-37.92999],[-58.81336,-37.93095],[-58.81216,-37.93233],[-58.81134,-37.93351],[-58.81039,-37.93467],[-58.80947,-37.93584],[-58.80856,-37.93701],[-58.80841,-37.9373],[-58.80841,-37.93796],[-58.80869,-37.93839],[-58.80997,-37.93934],[-58.81134,-37.94022],[-58.81272,-37.9411],[-58.8141,-37.9419],[-58.81473,-37.94242],[-58.81559,-37.94368],[-58.81676,-37.94479],[-58.81769,-37.94594],[-58.81851,-37.94713],[-58.81933,-37.94839],[-58.82021,-37.94958],[-58.82103,-37.95077],[-58.82186,-37.95196],[-58.82259,-37.95322],[-58.8231,-37.95452],[-58.82326,-37.95479],[-58.82372,-37.95592],[-58.82399,-37.95718],[-58.82515,-37.9583],[-58.82618,-37.95945],[-58.82767,-37.96087],[-58.82889,-37.96182],[-58.82977,-37.9624],[-58.83112,-37.96324],[-58.83255,-37.964],[-58.83372,-37.96503],[-58.8345,-37.96626],[-58.83472,-37.96763],[-58.8348,-37.96921],[-58.83498,-37.97051],[-58.83586,-37.97174],[-58.83658,-37.97304],[-58.8375,-37.97423],[-58.83848,-37.97534],[-58.8394,-37.97649],[-58.83951,-37.97696],[-58.83938,-37.9779],[-58.83921,-37.97932],[-58.83899,-37.9807],[-58.83847,-37.98198],[-58.83881,-37.98229],[-58.83966,-37.98256],[-58.83995,-37.98278],[-58.84068,-37.98401],[-58.8415,-37.9852],[-58.84159,-37.98535],[-58.84242,-37.98655],[-58.84263,-37.98698],[-58.8427,-37.9873],[-58.84274,-37.98793],[-58.84273,-37.98908]]]}},{"type":"Feature","properties":{"fna":"Arroyo Seco","gna":"Arroyo","nam":"Seco","tipo":"Corriente de agua intermitente","ign":"lineas_de_aguas_continentales_intermitentes.fid--23e67512_1a0e43d469c_-2c88"},"geometry":{"type":"MultiLineString","coordinates":[[[-59.05838,-37.94211],[-59.05699,-37.94331],[-59.0556,-37.94451],[-59.05482,-37.94608],[-59.05404,-37.94764],[-59.05386,-37.94933],[-59.05414,-37.95103],[-59.05473,-37.95273],[-59.05501,-37.95442],[-59.0553,-37.95624],[-59.05558,-37.95793],[-59.05587,-37.95975],[-59.056,-37.96144],[-59.05521,-37.96301],[-59.05428,-37.96445],[-59.05304,-37.96577],[-59.0518,-37.96709],[-59.05087,-37.96866],[-59.05008,-37.97023],[-59.0493,-37.97179],[-59.04867,-37.97336],[-59.04865,-37.97517],[-59.04832,-37.97686],[-59.04829,-37.97855],[-59.04827,-37.98025],[-59.04825,-37.98194],[-59.04793,-37.98363],[-59.04745,-37.98544],[-59.04681,-37.98725],[-59.04617,-37.98882],[-59.04494,-37.99014],[-59.04385,-37.99158],[-59.04276,-37.99302],[-59.04153,-37.99446],[-59.04058,-37.99591],[-59.04011,-37.99772]]]}},{"type":"Feature","properties":{"tipo":"Corriente de agua intermitente","ign":"lineas_de_aguas_continentales_intermitentes.fid--23e67512_1a0e43d469c_-2c87"},"geometry":{"type":"MultiLineString","coordinates":[[[-59.04113,-37.94234],[-59.04111,-37.94403],[-59.04078,-37.94572],[-59.04031,-37.94741],[-59.03952,-37.94897],[-59.03873,-37.95054],[-59.0381,-37.95223],[-59.03732,-37.95379],[-59.03653,-37.95536],[-59.0359,-37.95705],[-59.03497,-37.95849],[-59.03373,-37.95993],[-59.03233,-37.96113],[-59.0311,-37.96257],[-59.02971,-37.96377],[-59.02847,-37.96509],[-59.02723,-37.96641],[-59.02584,-37.96761],[-59.02445,-37.96893],[-59.02306,-37.97013],[-59.02213,-37.97157],[-59.02149,-37.97326],[-59.02117,-37.97507],[-59.02115,-37.97676],[-59.02142,-37.97858],[-59.02171,-37.98027],[-59.02184,-37.98196],[-59.02212,-37.98366],[-59.02209,-37.98535],[-59.02177,-37.98705],[-59.02114,-37.98861],[-59.0199,-37.98993],[-59.01821,-37.99088],[-59.01697,-37.9922],[-59.01603,-37.99365],[-59.01555,-37.99533],[-59.01568,-37.99703],[-59.0157,-37.99747],[-59.01656,-37.99839],[-59.0168,-37.99871],[-59.0169,-37.99889],[-59.01705,-37.99926],[-59.01731,-38.00002],[-59.01683,-38.00068],[-59.01582,-38.00158],[-59.01441,-38.00218],[-59.01365,-38.00239],[-59.01252,-38.00277],[-59.01089,-38.00315],[-59.00936,-38.00335],[-59.00819,-38.00369],[-59.00748,-38.00394],[-59.00671,-38.00437],[-59.00636,-38.00481],[-59.0057,-38.00553],[-59.00546,-38.00619],[-59.0051,-38.00683],[-59.00468,-38.00757],[-59.00432,-38.00826],[-59.00425,-38.00922],[-59.00423,-38.01077],[-59.00391,-38.01265],[-59.00366,-38.01424],[-59.00323,-38.01563],[-59.00238,-38.01727],[-59.00176,-38.02061],[-59.00139,-38.02213],[-59.00132,-38.02321],[-59.00112,-38.02443],[-59.00106,-38.0253],[-59.00105,-38.02617],[-59.00103,-38.02678],[-59.00078,-38.02825],[-59.00043,-38.02877],[-59.00013,-38.02911],[-58.99953,-38.0298],[-58.99882,-38.03049],[-58.99811,-38.03109],[-58.9974,-38.03148],[-58.99658,-38.03203],[-58.99539,-38.03285],[-58.99486,-38.03349],[-58.9939,-38.03436],[-58.99302,-38.03513],[-58.99255,-38.03565],[-58.9919,-38.03633],[-58.9913,-38.03698],[-58.99094,-38.03746],[-58.99034,-38.03785],[-58.98982,-38.0381],[-58.98905,-38.0384],[-58.98829,-38.03878],[-58.98746,-38.03925],[-58.98651,-38.04007],[-58.98591,-38.04093],[-58.98561,-38.04184],[-58.98518,-38.04284],[-58.98447,-38.04388],[-58.98384,-38.04494]]]}},{"type":"Feature","properties":{"tipo":"Corriente de agua intermitente","ign":"lineas_de_aguas_continentales_intermitentes.fid--23e67512_1a0e43d469c_-2c86"},"geometry":{"type":"MultiLineString","coordinates":[[[-58.99248,-37.96212],[-58.99323,-37.9637],[-58.99413,-37.96516],[-58.99502,-37.96663],[-58.99592,-37.96808],[-58.99697,-37.96954],[-58.99786,-37.971],[-58.9986,-37.97258],[-58.99965,-37.97404],[-59.00055,-37.97549],[-59.00114,-37.9772],[-59.00172,-37.97889],[-59.00216,-37.98059],[-59.00306,-37.98205],[-59.0038,-37.98363],[-59.00423,-37.98532],[-59.00451,-37.98701],[-59.0048,-37.98872],[-59.00416,-37.99028],[-59.00323,-37.99173],[-59.00215,-37.99317],[-59.00181,-37.99486],[-59.00148,-37.99655],[-59.00147,-37.99772],[-59.00104,-37.99809],[-59.00053,-37.99856],[-59.00028,-37.99881],[-58.99993,-37.99919],[-58.99949,-37.99972],[-58.99927,-37.99998],[-58.9976,-38.00103],[-58.9972,-38.00175],[-58.99681,-38.0026],[-58.9967,-38.0031],[-58.99669,-38.00388],[-58.99668,-38.00502],[-58.99638,-38.00581],[-58.99559,-38.00702],[-58.99442,-38.00808],[-58.99364,-38.00843],[-58.99277,-38.00928],[-58.99256,-38.01014],[-58.99274,-38.01085],[-58.99284,-38.01128],[-58.99282,-38.01228],[-58.99281,-38.01328],[-58.9928,-38.01414],[-58.99279,-38.01492],[-58.99278,-38.01592],[-58.99226,-38.01838],[-58.99177,-38.01888],[-58.99099,-38.01958],[-58.99041,-38.01994],[-58.98973,-38.02029],[-58.98925,-38.02078],[-58.98895,-38.02121],[-58.98855,-38.02199],[-58.98816,-38.02306],[-58.98766,-38.02377],[-58.98726,-38.02434],[-58.98668,-38.02497],[-58.98648,-38.02554],[-58.98628,-38.02626],[-58.98589,-38.02683],[-58.9853,-38.02746],[-58.98481,-38.02789],[-58.9846,-38.02798]]]}},{"type":"Feature","properties":{"tipo":"Corriente de agua intermitente","ign":"lineas_de_aguas_continentales_intermitentes.fid--23e67512_1a0e43d469c_-2c84"},"geometry":{"type":"MultiLineString","coordinates":[[[-58.72124,-38.00388],[-58.72165,-38.00449],[-58.72201,-38.00535],[-58.722,-38.00579],[-58.72186,-38.00608],[-58.72132,-38.00663],[-58.72081,-38.00689],[-58.71976,-38.00711],[-58.7187,-38.00732],[-58.71836,-38.00746],[-58.71773,-38.00788],[-58.71734,-38.0083],[-58.71733,-38.00873],[-58.71752,-38.0093],[-58.71792,-38.00988],[-58.71857,-38.01059],[-58.71874,-38.01096],[-58.7187,-38.01133],[-58.71814,-38.01209],[-58.71767,-38.01242],[-58.717,-38.01276],[-58.71677,-38.01301],[-58.71638,-38.01372]]]}},{"type":"Feature","properties":{"tipo":"Corriente de agua intermitente","ign":"lineas_de_aguas_continentales_intermitentes.fid--23e67512_1a0e43d469c_-2c83"},"geometry":{"type":"MultiLineString","coordinates":[[[-58.9846,-38.02798],[-58.98426,-38.02783],[-58.98398,-38.02748],[-58.98389,-38.02684],[-58.9838,-38.02654],[-58.98326,-38.02559],[-58.98285,-38.02517],[-58.98133,-38.02444],[-58.98053,-38.02407],[-58.98028,-38.0238],[-58.98019,-38.02237],[-58.98023,-38.02037],[-58.97967,-38.0185],[-58.97818,-38.01549],[-58.97628,-38.01376],[-58.97601,-38.01324],[-58.97581,-38.01218],[-58.97601,-38.01142],[-58.97644,-38.01041],[-58.97643,-38.0099],[-58.97611,-38.00909]]]}},{"type":"Feature","properties":{"tipo":"Corriente de agua intermitente","ign":"lineas_de_aguas_continentales_intermitentes.fid--23e67512_1a0e43d469c_-2c82"},"geometry":{"type":"MultiLineString","coordinates":[[[-58.85823,-38.00533],[-58.85948,-38.00725],[-58.86003,-38.00911],[-58.86005,-38.00972],[-58.85971,-38.01097],[-58.85805,-38.01259],[-58.85752,-38.01408],[-58.85763,-38.0148],[-58.85979,-38.01811],[-58.86158,-38.0215],[-58.86202,-38.02327],[-58.86232,-38.02641]]]}},{"type":"Feature","properties":{"tipo":"Corriente de agua intermitente","ign":"lineas_de_aguas_continentales_intermitentes.fid--23e67512_1a0e43d469c_-2c81"},"geometry":{"type":"MultiLineString","coordinates":[[[-58.88623,-38.0079],[-58.88593,-38.00836],[-58.88533,-38.01028],[-58.88491,-38.01184],[-58.88325,-38.01333],[-58.8821,-38.0139],[-58.88103,-38.0146],[-58.87938,-38.01544],[-58.87802,-38.01614],[-58.87704,-38.01642],[-58.87608,-38.01683],[-58.87472,-38.01797],[-58.87433,-38.01832],[-58.87326,-38.01917],[-58.87199,-38.02008],[-58.87044,-38.02064],[-58.86899,-38.02134],[-58.86782,-38.02175],[-58.86685,-38.02246],[-58.86559,-38.02316],[-58.86471,-38.02387],[-58.86344,-38.025],[-58.86275,-38.02578],[-58.86232,-38.02641]]]}},{"type":"Feature","properties":{"tipo":"Corriente de agua intermitente","ign":"lineas_de_aguas_continentales_intermitentes.fid--23e67512_1a0e43d469c_-2c80"},"geometry":{"type":"MultiLineString","coordinates":[[[-58.73549,-38.0092],[-58.73704,-38.00879],[-58.7385,-38.00774],[-58.73957,-38.00746],[-58.74052,-38.00811],[-58.74099,-38.00869],[-58.74165,-38.00969],[-58.7427,-38.01028],[-58.74365,-38.01043],[-58.74503,-38.01102],[-58.74556,-38.01145],[-58.7465,-38.0126],[-58.74717,-38.01347],[-58.74754,-38.01404],[-58.748,-38.01498],[-58.74867,-38.01549],[-58.74933,-38.01613],[-58.75038,-38.01693],[-58.75085,-38.01736],[-58.75122,-38.01794],[-58.75218,-38.01902],[-58.75283,-38.01996],[-58.75463,-38.02169],[-58.75596,-38.02277],[-58.75642,-38.02378],[-58.75563,-38.0252],[-58.75553,-38.02687]]]}},{"type":"Feature","properties":{"tipo":"Corriente de agua intermitente","ign":"lineas_de_aguas_continentales_intermitentes.fid--23e67512_1a0e43d469c_-2c7f"},"geometry":{"type":"MultiLineString","coordinates":[[[-58.9846,-38.02798],[-58.98326,-38.02859],[-58.98249,-38.02865],[-58.98182,-38.02864],[-58.98105,-38.02864],[-58.98066,-38.02864],[-58.9796,-38.02905],[-58.97882,-38.02962],[-58.97794,-38.03047],[-58.97716,-38.03118],[-58.97657,-38.03196],[-58.97617,-38.03295],[-58.97616,-38.03381],[-58.97737,-38.03725],[-58.97965,-38.03898],[-58.98156,-38.04036],[-58.98344,-38.04301],[-58.98384,-38.04494]]]}},{"type":"Feature","properties":{"tipo":"Corriente de agua intermitente","ign":"lineas_de_aguas_continentales_intermitentes.fid--23e67512_1a0e43d469c_-2c7e"},"geometry":{"type":"MultiLineString","coordinates":[[[-58.7683,-38.00261],[-58.76746,-38.00297],[-58.76658,-38.0036],[-58.76628,-38.00403],[-58.76617,-38.00488],[-58.76577,-38.0061],[-58.76556,-38.00694],[-58.76545,-38.0078],[-58.76544,-38.00844],[-58.76523,-38.00909],[-58.76521,-38.01094],[-58.76538,-38.01209],[-58.76517,-38.01302],[-58.764,-38.01385],[-58.76274,-38.01477],[-58.76205,-38.01548],[-58.76165,-38.01619],[-58.76164,-38.01705],[-58.76154,-38.01769],[-58.76164,-38.01855],[-58.76245,-38.0202],[-58.76406,-38.02172],[-58.7649,-38.02359],[-58.76555,-38.02538],[-58.76551,-38.02681],[-58.7657,-38.02802],[-58.76625,-38.02945],[-58.7667,-38.03139],[-58.76704,-38.03339],[-58.76644,-38.03531],[-58.7663,-38.03646],[-58.76609,-38.03799],[-58.7657,-38.03866],[-58.76418,-38.04037]]]}},{"type":"Feature","properties":{"tipo":"Corriente de agua intermitente","ign":"lineas_de_aguas_continentales_intermitentes.fid--23e67512_1a0e43d469c_-2c7d"},"geometry":{"type":"MultiLineString","coordinates":[[[-58.84364,-38.00754],[-58.8436,-38.00844],[-58.84291,-38.00965],[-58.84126,-38.01049],[-58.84028,-38.0112],[-58.83979,-38.01219],[-58.83986,-38.0139],[-58.84023,-38.01462],[-58.84145,-38.01642],[-58.84155,-38.01678],[-58.84182,-38.01728],[-58.8419,-38.01822],[-58.84266,-38.01907],[-58.84266,-38.01922],[-58.8438,-38.02073],[-58.84416,-38.02187],[-58.84424,-38.0228],[-58.84403,-38.02366],[-58.84364,-38.02415],[-58.84257,-38.02479],[-58.8417,-38.02549],[-58.841,-38.02634],[-58.84071,-38.02705],[-58.8407,-38.02784],[-58.84069,-38.02862],[-58.84086,-38.02927],[-58.84066,-38.03034],[-58.84313,-38.03208],[-58.84455,-38.03337],[-58.84511,-38.03474],[-58.84506,-38.03795],[-58.84658,-38.03983],[-58.84848,-38.04134],[-58.84969,-38.04378],[-58.84994,-38.04628],[-58.84978,-38.04708]]]}},{"type":"Feature","properties":{"tipo":"Corriente de agua intermitente","ign":"lineas_de_aguas_continentales_intermitentes.fid--23e67512_1a0e43d469c_-2c7c"},"geometry":{"type":"MultiLineString","coordinates":[[[-58.86232,-38.02641],[-58.86206,-38.02677],[-58.86195,-38.02827],[-58.86184,-38.02913],[-58.86115,-38.02998],[-58.86037,-38.03069],[-58.85949,-38.03125],[-58.85843,-38.03166],[-58.85736,-38.03237],[-58.85687,-38.03315],[-58.85676,-38.03372],[-58.85656,-38.03436],[-58.85606,-38.03536],[-58.85546,-38.03664],[-58.85486,-38.03791],[-58.85398,-38.03876],[-58.85279,-38.04104],[-58.8525,-38.04153],[-58.8521,-38.04225],[-58.8518,-38.04281],[-58.85141,-38.0436],[-58.85141,-38.04403],[-58.85139,-38.04438],[-58.85138,-38.04524],[-58.85049,-38.04637],[-58.84978,-38.04708]]]}},{"type":"Feature","properties":{"tipo":"Corriente de agua intermitente","ign":"lineas_de_aguas_continentales_intermitentes.fid--23e67512_1a0e43d469c_-2c7b"},"geometry":{"type":"MultiLineString","coordinates":[[[-58.7535,-38.05052],[-58.75004,-38.04803],[-58.74824,-38.04644],[-58.74626,-38.04399],[-58.74546,-38.04254],[-58.74533,-38.04177],[-58.74537,-38.03978],[-58.74539,-38.03856],[-58.74531,-38.03698],[-58.74504,-38.0362],[-58.74315,-38.03403],[-58.74193,-38.03231],[-58.74175,-38.03182],[-58.74177,-38.0308],[-58.74247,-38.02932],[-58.74442,-38.02769],[-58.74559,-38.02681]]]}},{"type":"Feature","properties":{"tipo":"Corriente de agua intermitente","ign":"lineas_de_aguas_continentales_intermitentes.fid--23e67512_1a0e43d469c_-2c7a"},"geometry":{"type":"MultiLineString","coordinates":[[[-58.75257,-38.02703],[-58.75404,-38.02837],[-58.7547,-38.02895],[-58.75507,-38.02952],[-58.75506,-38.03023],[-58.75495,-38.03095],[-58.75476,-38.0313],[-58.75243,-38.03249],[-58.75174,-38.03341],[-58.75124,-38.03434],[-58.75113,-38.03541],[-58.75227,-38.03606],[-58.75285,-38.03606],[-58.75314,-38.03607],[-58.7539,-38.03615],[-58.75447,-38.03658],[-58.75523,-38.03745],[-58.75598,-38.03867],[-58.75596,-38.03946],[-58.75518,-38.04059],[-58.75438,-38.04173],[-58.75408,-38.04301],[-58.75406,-38.04415],[-58.75431,-38.04601],[-58.75352,-38.04744],[-58.75322,-38.04857],[-58.75321,-38.04886],[-58.75348,-38.04993],[-58.7535,-38.05052]]]}},{"type":"Feature","properties":{"fna":"Arroyo Pantanoso","gna":"Arroyo","nam":"Pantanoso","tipo":"Corriente de agua intermitente","ign":"lineas_de_aguas_continentales_intermitentes.fid--23e67512_1a0e43d469c_-2c79"},"geometry":{"type":"MultiLineString","coordinates":[[[-58.71638,-38.01372],[-58.71723,-38.01394],[-58.71905,-38.01446],[-58.7203,-38.01477],[-58.72085,-38.01613],[-58.72113,-38.01706],[-58.7215,-38.01754],[-58.72158,-38.01811],[-58.72167,-38.01861],[-58.72166,-38.01933],[-58.72165,-38.01983],[-58.72165,-38.02026],[-58.72163,-38.02097],[-58.72162,-38.02154],[-58.72161,-38.02211],[-58.7216,-38.0229],[-58.72129,-38.02361],[-58.72129,-38.02404],[-58.72127,-38.02468],[-58.72127,-38.02525],[-58.72117,-38.02553],[-58.72048,-38.02639],[-58.71989,-38.02709],[-58.7194,-38.02752],[-58.7191,-38.02823],[-58.71909,-38.02895],[-58.71946,-38.02966],[-58.71983,-38.03059],[-58.72048,-38.03182],[-58.72248,-38.03334],[-58.72285,-38.03442],[-58.72264,-38.03512],[-58.72195,-38.03598],[-58.72127,-38.03632],[-58.72107,-38.03682],[-58.72105,-38.03746],[-58.72123,-38.03804],[-58.72218,-38.03883],[-58.72257,-38.03927],[-58.72256,-38.03998],[-58.72263,-38.04099],[-58.72222,-38.04248],[-58.72278,-38.04375],[-58.72382,-38.04484],[-58.72485,-38.04685],[-58.72549,-38.0485],[-58.72671,-38.05001],[-58.72899,-38.0521],[-58.73,-38.05365],[-58.73134,-38.05423],[-58.73307,-38.05433],[-58.73315,-38.05526],[-58.7312,-38.05695],[-58.73106,-38.05909],[-58.73228,-38.06124],[-58.73339,-38.0639],[-58.73366,-38.0654],[-58.73507,-38.06713],[-58.73515,-38.06799],[-58.73639,-38.06858],[-58.73706,-38.06894],[-58.7378,-38.06963]]]}},{"type":"Feature","properties":{"tipo":"Corriente de agua intermitente","ign":"lineas_de_aguas_continentales_intermitentes.fid--23e67512_1a0e43d469c_-2c78"},"geometry":{"type":"MultiLineString","coordinates":[[[-58.73151,-38.00508],[-58.73092,-38.00664],[-58.73081,-38.00771],[-58.73069,-38.00857],[-58.73058,-38.00942],[-58.73037,-38.01028],[-58.73017,-38.01121],[-58.72995,-38.0122],[-58.72946,-38.01305],[-58.72866,-38.01476],[-58.72855,-38.0159],[-58.72852,-38.01719],[-58.72936,-38.01891],[-58.73011,-38.01992],[-58.73123,-38.02172],[-58.73209,-38.02294],[-58.73283,-38.02409],[-58.73349,-38.02502],[-58.73359,-38.02524],[-58.73518,-38.02737],[-58.73737,-38.02846],[-58.73965,-38.03048],[-58.74074,-38.03507],[-58.74117,-38.03736],[-58.74267,-38.03995],[-58.74252,-38.04287],[-58.74453,-38.04968],[-58.74516,-38.05176],[-58.74514,-38.0529],[-58.74406,-38.05424],[-58.7421,-38.05622],[-58.74169,-38.05772],[-58.74166,-38.05929],[-58.74223,-38.0598],[-58.74163,-38.06107],[-58.74055,-38.06221],[-58.73946,-38.06363],[-58.73833,-38.06811],[-58.7378,-38.06963]]]}},{"type":"Feature","properties":{"tipo":"Corriente de agua intermitente","ign":"lineas_de_aguas_continentales_intermitentes.fid--23e67512_1a0e43d469c_-2c77"},"geometry":{"type":"MultiLineString","coordinates":[[[-58.78268,-38.05611],[-58.78227,-38.05739],[-58.78206,-38.05803],[-58.78205,-38.05875],[-58.78223,-38.05967],[-58.7827,-38.06054],[-58.78288,-38.06126],[-58.78296,-38.06211],[-58.78295,-38.06282],[-58.78284,-38.06347],[-58.78226,-38.06411],[-58.78109,-38.06466],[-58.78012,-38.06487],[-58.77875,-38.06593],[-58.77845,-38.06664],[-58.77834,-38.06749],[-58.77833,-38.06849],[-58.7786,-38.0695],[-58.77868,-38.0705],[-58.77867,-38.07114],[-58.77865,-38.07193],[-58.77873,-38.07293],[-58.77889,-38.07493],[-58.77896,-38.07664],[-58.77865,-38.07807],[-58.77785,-38.07971],[-58.77648,-38.08105],[-58.77568,-38.08275],[-58.77242,-38.08691]]]}},{"type":"Feature","properties":{"fna":"Arroyo Pantanoso","gna":"Arroyo","nam":"Pantanoso","tipo":"Corriente de agua intermitente","ign":"lineas_de_aguas_continentales_intermitentes.fid--23e67512_1a0e43d469c_-2c73"},"geometry":{"type":"MultiLineString","coordinates":[[[-58.7378,-38.06963],[-58.73791,-38.06974],[-58.73809,-38.07045],[-58.73809,-38.07088],[-58.73798,-38.0713],[-58.73747,-38.0728],[-58.73747,-38.07316],[-58.73745,-38.07402],[-58.73764,-38.07459],[-58.73763,-38.07516],[-58.73762,-38.07574],[-58.73712,-38.07687],[-58.73652,-38.07822],[-58.73582,-38.07914],[-58.73543,-38.07949],[-58.73533,-38.08014],[-58.73637,-38.08086],[-58.73695,-38.08115],[-58.73733,-38.08152],[-58.73798,-38.08245],[-58.73927,-38.08556],[-58.74089,-38.087],[-58.74212,-38.08859],[-58.74344,-38.08968],[-58.74381,-38.09111],[-58.74359,-38.09239],[-58.74229,-38.09459],[-58.74246,-38.09666],[-58.74222,-38.09888],[-58.74163,-38.09973],[-58.74171,-38.10065],[-58.74237,-38.10173],[-58.74342,-38.1026],[-58.74484,-38.10419],[-58.7452,-38.10469],[-58.74569,-38.10527],[-58.74577,-38.10584],[-58.74576,-38.10635],[-58.74537,-38.10684],[-58.7444,-38.10726],[-58.74363,-38.10746],[-58.74265,-38.10802],[-58.74177,-38.10859],[-58.74138,-38.10894],[-58.74118,-38.10965],[-58.74106,-38.11029],[-58.74125,-38.11119],[-58.74247,-38.11281],[-58.74355,-38.11364]]]}},{"type":"Feature","properties":{"tipo":"Corriente de agua intermitente","ign":"lineas_de_aguas_continentales_intermitentes.fid--23e67512_1a0e43d469c_-2c72"},"geometry":{"type":"MultiLineString","coordinates":[[[-58.7535,-38.05052],[-58.75355,-38.05172],[-58.75334,-38.05215],[-58.75217,-38.05356],[-58.75196,-38.05442],[-58.75194,-38.05542],[-58.75309,-38.05614],[-58.75517,-38.05795],[-58.75592,-38.0591],[-58.75683,-38.06247],[-58.7561,-38.06457],[-58.75609,-38.06528],[-58.75628,-38.06628],[-58.75665,-38.06686],[-58.75721,-38.06772],[-58.75787,-38.06816],[-58.75825,-38.06845],[-58.75853,-38.06902],[-58.75872,-38.0696],[-58.7589,-38.07017],[-58.75899,-38.07074],[-58.75966,-38.07132],[-58.76139,-38.07127],[-58.76206,-38.07127],[-58.76235,-38.07135],[-58.76253,-38.07178],[-58.76242,-38.07263],[-58.76135,-38.07355],[-58.76028,-38.07432],[-58.75951,-38.07446],[-58.75892,-38.0746],[-58.75824,-38.07495],[-58.75785,-38.07516],[-58.75706,-38.07673],[-58.75704,-38.07757],[-58.75704,-38.07779],[-58.75703,-38.078],[-58.75703,-38.07858],[-58.75702,-38.079],[-58.75644,-38.07943],[-58.75566,-38.07956],[-58.75508,-38.07956],[-58.7545,-38.07983],[-58.75401,-38.08004],[-58.7539,-38.08112],[-58.75408,-38.08212],[-58.75406,-38.08297],[-58.75395,-38.08383],[-58.75374,-38.0844],[-58.752,-38.08532],[-58.75132,-38.08551],[-58.75102,-38.0864],[-58.75119,-38.0874],[-58.75176,-38.08812],[-58.75184,-38.08904],[-58.75145,-38.08954],[-58.75047,-38.09032],[-58.74998,-38.09075],[-58.74928,-38.09216],[-58.75002,-38.09396],[-58.74988,-38.09667],[-58.74994,-38.0986],[-58.75228,-38.10284],[-58.75225,-38.10477],[-58.75144,-38.10704],[-58.75117,-38.10806],[-58.75098,-38.10835],[-58.75083,-38.10846],[-58.74892,-38.10971],[-58.74675,-38.11086],[-58.74625,-38.11119],[-58.74538,-38.11198],[-58.74355,-38.11364]]]}},{"type":"Feature","properties":{"tipo":"Corriente de agua intermitente","ign":"lineas_de_aguas_continentales_intermitentes.fid--23e67512_1a0e43d469c_-2c71"},"geometry":{"type":"MultiLineString","coordinates":[[[-59.14534,-38.01042],[-59.14537,-38.0112],[-59.14565,-38.01221],[-59.1468,-38.0135],[-59.1487,-38.01502],[-59.14925,-38.01716],[-59.14808,-38.01911],[-59.14758,-38.02089],[-59.14735,-38.02325],[-59.14733,-38.02525],[-59.14731,-38.02703],[-59.1473,-38.02839],[-59.147,-38.02967],[-59.14688,-38.03131],[-59.14666,-38.0336],[-59.14642,-38.03724],[-59.14573,-38.0396],[-59.14474,-38.04109],[-59.14262,-38.04193],[-59.14183,-38.04264],[-59.14066,-38.04435],[-59.14055,-38.04577],[-59.14034,-38.04713],[-59.13973,-38.04962],[-59.13905,-38.05098],[-59.13816,-38.05168],[-59.13689,-38.05296],[-59.13669,-38.05396],[-59.1363,-38.05503],[-59.136,-38.05631],[-59.13483,-38.05758],[-59.13308,-38.05893],[-59.12989,-38.06065],[-59.12893,-38.06072],[-59.12719,-38.06163],[-59.12659,-38.06263],[-59.12639,-38.06377],[-59.12628,-38.06499],[-59.12627,-38.06577],[-59.12595,-38.0682],[-59.12429,-38.07039],[-59.12157,-38.07252],[-59.12115,-38.07459],[-59.12105,-38.07544],[-59.12104,-38.07659],[-59.12103,-38.0778],[-59.12014,-38.07915],[-59.11964,-38.08015],[-59.11943,-38.08165],[-59.1191,-38.08472],[-59.1191,-38.085],[-59.11821,-38.08714],[-59.11637,-38.08798],[-59.11327,-38.08917],[-59.11103,-38.09097],[-59.11158,-38.09298],[-59.11177,-38.10162],[-59.11183,-38.10484],[-59.1115,-38.10847],[-59.11174,-38.11197],[-59.11055,-38.11497],[-59.10938,-38.11634],[-59.10936,-38.11806],[-59.11001,-38.11957],[-59.11009,-38.12106],[-59.1092,-38.1227],[-59.10909,-38.12427],[-59.11012,-38.12635],[-59.11116,-38.12871]]]}},{"type":"Feature","properties":{"tipo":"Corriente de agua intermitente","ign":"lineas_de_aguas_continentales_intermitentes.fid--23e67512_1a0e43d469c_-2c70"},"geometry":{"type":"MultiLineString","coordinates":[[[-58.98384,-38.04494],[-58.98399,-38.04567],[-58.9841,-38.05145],[-58.98358,-38.05397],[-58.98309,-38.05526],[-58.98259,-38.05583],[-58.9824,-38.05661],[-58.9819,-38.05746],[-58.9816,-38.05811],[-58.98082,-38.05867],[-58.98043,-38.05888],[-58.97966,-38.05923],[-58.9784,-38.05972],[-58.97753,-38.06007],[-58.97501,-38.06169],[-58.97412,-38.06254],[-58.97334,-38.06318],[-58.97227,-38.06387],[-58.9715,-38.06451],[-58.97091,-38.06501],[-58.97023,-38.06529],[-58.96898,-38.06564],[-58.96791,-38.06569],[-58.96628,-38.06568],[-58.96492,-38.06567],[-58.96301,-38.06572],[-58.96252,-38.06579],[-58.96165,-38.06607],[-58.96177,-38.0667],[-58.95941,-38.07039],[-58.95742,-38.07473],[-58.95575,-38.07714],[-58.95371,-38.07841],[-58.95302,-38.07933],[-58.95263,-38.08018],[-58.95203,-38.08125],[-58.95154,-38.08204],[-58.95036,-38.08381],[-58.94674,-38.08742],[-58.94313,-38.09024],[-58.94165,-38.09251],[-58.94152,-38.09473],[-58.94265,-38.09689],[-58.94358,-38.099],[-58.94339,-38.09972],[-58.94308,-38.10028],[-58.94269,-38.10099],[-58.94258,-38.10178],[-58.94257,-38.10228],[-58.94257,-38.10256],[-58.94227,-38.1037],[-58.94149,-38.10426],[-58.9411,-38.1044],[-58.94023,-38.10468],[-58.93945,-38.10511],[-58.93896,-38.10582],[-58.93865,-38.1071],[-58.93864,-38.10788],[-58.93863,-38.10838],[-58.93862,-38.10896],[-58.93871,-38.10953],[-58.9385,-38.11053],[-58.93744,-38.11116],[-58.93666,-38.11151],[-58.93599,-38.11171],[-58.93549,-38.11207],[-58.93529,-38.11256],[-58.93461,-38.11306],[-58.93384,-38.1132],[-58.93288,-38.11333],[-58.9322,-38.11325],[-58.93142,-38.1136],[-58.93084,-38.11403],[-58.93064,-38.11446],[-58.93015,-38.11516],[-58.92927,-38.11565],[-58.9285,-38.11636],[-58.92838,-38.11729],[-58.92818,-38.11822],[-58.92807,-38.11857],[-58.92778,-38.11929],[-58.92719,-38.11971],[-58.92563,-38.12077],[-58.92319,-38.12289],[-58.92249,-38.12452],[-58.92132,-38.12641],[-58.91986,-38.12754],[-58.91879,-38.12825],[-58.91801,-38.12881],[-58.91713,-38.12923],[-58.91645,-38.12994],[-58.91556,-38.13115],[-58.91498,-38.13142],[-58.9143,-38.13163],[-58.91343,-38.13163],[-58.91256,-38.13162],[-58.91084,-38.13118]]]}},{"type":"Feature","properties":{"tipo":"Corriente de agua intermitente","ign":"lineas_de_aguas_continentales_intermitentes.fid--23e67512_1a0e43d469c_-2c6f"},"geometry":{"type":"MultiLineString","coordinates":[[[-58.69366,-38.12448],[-58.69136,-38.12353],[-58.69146,-38.12296],[-58.69196,-38.12197],[-58.69227,-38.12119],[-58.69231,-38.11904],[-58.69213,-38.11797],[-58.69196,-38.11654],[-58.69084,-38.11474],[-58.69029,-38.11317],[-58.68877,-38.11186],[-58.68754,-38.11028],[-58.6872,-38.10813],[-58.68713,-38.10644],[-58.68484,-38.10513],[-58.68448,-38.10363],[-58.68518,-38.10264],[-58.68606,-38.10165],[-58.68676,-38.10001],[-58.68681,-38.09737],[-58.68673,-38.09637],[-58.68504,-38.09406],[-58.68419,-38.09319],[-58.68393,-38.09141],[-58.68404,-38.09041],[-58.68406,-38.08941],[-58.68351,-38.08812],[-58.68261,-38.08656],[-58.68191,-38.08596],[-58.67934,-38.0845]]]}},{"type":"Feature","properties":{"tipo":"Corriente de agua intermitente","ign":"lineas_de_aguas_continentales_intermitentes.fid--23e67512_1a0e43d469c_-2c6e"},"geometry":{"type":"MultiLineString","coordinates":[[[-58.71726,-38.08004],[-58.71512,-38.08123],[-58.71444,-38.08173],[-58.71394,-38.08237],[-58.71326,-38.08294],[-58.71258,-38.08364],[-58.71227,-38.08428],[-58.71216,-38.08499],[-58.71186,-38.08578],[-58.71127,-38.08662],[-58.71077,-38.08754],[-58.71066,-38.08819],[-58.71046,-38.08912],[-58.71025,-38.09018],[-58.71023,-38.09104],[-58.70944,-38.09232],[-58.70884,-38.09331],[-58.70776,-38.09415],[-58.70659,-38.09501],[-58.70601,-38.09535],[-58.70462,-38.09727],[-58.70295,-38.09925],[-58.70235,-38.1001],[-58.70166,-38.10123],[-58.70145,-38.10209],[-58.70113,-38.10373],[-58.70103,-38.10452],[-58.70073,-38.10529],[-58.70061,-38.10601],[-58.7006,-38.10701],[-58.70058,-38.10786],[-58.70057,-38.10886],[-58.70082,-38.11051],[-58.701,-38.11123],[-58.70099,-38.1118],[-58.70059,-38.11308],[-58.69804,-38.11491],[-58.69672,-38.11847],[-58.69639,-38.12118],[-58.69539,-38.12302],[-58.69366,-38.12448]]]}},{"type":"Feature","properties":{"tipo":"Corriente de agua intermitente","ign":"lineas_de_aguas_continentales_intermitentes.fid--23e67512_1a0e43d469c_-2c6a"},"geometry":{"type":"MultiLineString","coordinates":[[[-58.69366,-38.12448],[-58.69295,-38.12507],[-58.69265,-38.12587],[-58.6931,-38.12737],[-58.69307,-38.12909],[-58.69534,-38.13197],[-58.69703,-38.13427],[-58.69682,-38.13504],[-58.69595,-38.13546],[-58.69498,-38.13588],[-58.69526,-38.13631],[-58.69622,-38.1366],[-58.69698,-38.13676],[-58.69832,-38.13748],[-58.69851,-38.1382],[-58.69839,-38.13892],[-58.69839,-38.13934],[-58.69857,-38.13977],[-58.69943,-38.14036],[-58.70057,-38.14122],[-58.70083,-38.14265],[-58.70053,-38.14365],[-58.69974,-38.1445],[-58.69896,-38.14506],[-58.69828,-38.1457],[-58.69768,-38.14626],[-58.69758,-38.14691],[-58.69727,-38.14769],[-58.69629,-38.14903],[-58.6957,-38.14924],[-58.69483,-38.14938],[-58.69415,-38.14972],[-58.69337,-38.15014],[-58.69269,-38.15056],[-58.69229,-38.15113],[-58.69219,-38.15142],[-58.69189,-38.15199],[-58.6916,-38.15241],[-58.6912,-38.15283],[-58.6908,-38.15411],[-58.69067,-38.15569],[-58.69064,-38.15711],[-58.69128,-38.15898],[-58.68991,-38.16017],[-58.68594,-38.16135],[-58.68378,-38.16304],[-58.68142,-38.16544],[-58.67938,-38.16656],[-58.67762,-38.16797],[-58.67741,-38.16875],[-58.67806,-38.16998],[-58.67805,-38.1704],[-58.67794,-38.17133],[-58.67696,-38.1721],[-58.67619,-38.17253],[-58.67571,-38.17259],[-58.67482,-38.17308],[-58.67471,-38.17401],[-58.67468,-38.17515],[-58.67467,-38.17615],[-58.67475,-38.17722],[-58.67531,-38.1784],[-58.67588,-38.17841],[-58.67675,-38.17841],[-58.67763,-38.17842],[-58.68001,-38.17953],[-58.68117,-38.1799],[-58.68193,-38.18019],[-58.6826,-38.18077],[-58.68354,-38.18111],[-58.68531,-38.18197],[-58.6884,-38.18382],[-58.68864,-38.18574],[-58.68506,-38.1887],[-58.6822,-38.19198],[-58.68127,-38.19532],[-58.68073,-38.19832],[-58.67994,-38.20014],[-58.67815,-38.20234],[-58.67785,-38.20312],[-58.67784,-38.20383],[-58.67927,-38.20471],[-58.68091,-38.20487],[-58.68243,-38.20617],[-58.68354,-38.20876],[-58.68176,-38.21117],[-58.6805,-38.21158],[-58.68056,-38.21315],[-58.68035,-38.21444],[-58.68167,-38.21543],[-58.68233,-38.21637],[-58.6827,-38.21723],[-58.68269,-38.2178],[-58.68258,-38.21887],[-58.68238,-38.21937],[-58.6813,-38.22036],[-58.68129,-38.22078],[-58.68186,-38.22122],[-58.68272,-38.22173],[-58.68463,-38.22297],[-58.68537,-38.2249],[-58.68533,-38.2269],[-58.68701,-38.23042],[-58.68765,-38.23207],[-58.68829,-38.23415],[-58.69094,-38.2369],[-58.6918,-38.23903],[-58.69217,-38.23967],[-58.69303,-38.24032],[-58.69389,-38.24091],[-58.69513,-38.24178],[-58.69675,-38.24329],[-58.69923,-38.24489],[-58.69999,-38.24525],[-58.70047,-38.24569],[-58.7019,-38.24671],[-58.70209,-38.24699],[-58.70276,-38.24757],[-58.70312,-38.24844],[-58.70312,-38.24915],[-58.7031,-38.25001],[-58.70308,-38.25101],[-58.70308,-38.25129],[-58.70373,-38.25259],[-58.70535,-38.25389],[-58.70742,-38.25648],[-58.70987,-38.26051],[-58.71017,-38.26406],[-58.70977,-38.26534],[-58.70916,-38.26655],[-58.70827,-38.26776],[-58.70816,-38.26861],[-58.70815,-38.26947],[-58.70814,-38.26989],[-58.70711,-38.2736],[-58.70824,-38.27511],[-58.70851,-38.27647],[-58.70849,-38.27747],[-58.70838,-38.27833],[-58.70837,-38.2789],[-58.70826,-38.27933],[-58.70795,-38.28061],[-58.70638,-38.28238],[-58.70451,-38.28414],[-58.70243,-38.28683],[-58.70201,-38.28871],[-58.7019,-38.2895],[-58.70189,-38.29014],[-58.70177,-38.29149],[-58.70058,-38.29291],[-58.6998,-38.29354],[-58.69754,-38.29522],[-58.69694,-38.2965],[-58.69673,-38.29765],[-58.69642,-38.29893],[-58.69601,-38.3],[-58.6956,-38.30099],[-58.69501,-38.30177],[-58.6946,-38.30262],[-58.69392,-38.30354],[-58.69225,-38.30495],[-58.69117,-38.30558],[-58.69029,-38.30615],[-58.68931,-38.30685],[-58.68814,-38.30776],[-58.68755,-38.3084],[-58.68753,-38.30925],[-58.68749,-38.31126],[-58.68687,-38.31354],[-58.68558,-38.31552],[-58.68517,-38.31709],[-58.68534,-38.31802],[-58.68698,-38.31811],[-58.68918,-38.31978],[-58.68798,-38.3214],[-58.68603,-38.3231],[-58.68462,-38.32551],[-58.6847,-38.32701],[-58.68077,-38.33033],[-58.67957,-38.33217],[-58.67888,-38.33338],[-58.67912,-38.33566],[-58.67945,-38.3387],[-58.67943,-38.34012],[-58.67941,-38.34148],[-58.67948,-38.34262],[-58.67966,-38.34349],[-58.67974,-38.34427],[-58.68009,-38.34613],[-58.68046,-38.34735],[-58.68042,-38.34906],[-58.68128,-38.35022],[-58.6823,-38.35223],[-58.68206,-38.35485],[-58.68301,-38.35564],[-58.68337,-38.35701],[-58.68327,-38.35758],[-58.68325,-38.35843],[-58.68333,-38.35915],[-58.68371,-38.35987],[-58.68428,-38.36045],[-58.68513,-38.3611],[-58.68618,-38.3619],[-58.68676,-38.36247],[-58.68731,-38.36398],[-58.68759,-38.36463],[-58.68797,-38.36513],[-58.68844,-38.36549],[-58.68892,-38.36592],[-58.68919,-38.36665],[-58.68918,-38.36743],[-58.68917,-38.36778],[-58.68906,-38.36835],[-58.68905,-38.36907],[-58.68999,-38.37085],[-58.68996,-38.37157],[-58.69015,-38.37243],[-58.69014,-38.37321],[-58.69011,-38.37436],[-58.69097,-38.37522],[-58.69372,-38.37819],[-58.69685,-38.38186],[-58.69809,-38.38245],[-58.69964,-38.38275],[-58.70119,-38.38248],[-58.70255,-38.38214],[-58.70429,-38.38223],[-58.70523,-38.38374],[-58.70625,-38.38604],[-58.707,-38.38769],[-58.70804,-38.38892],[-58.70877,-38.39188],[-58.70832,-38.39509],[-58.70751,-38.39708],[-58.70749,-38.3983],[-58.70784,-38.40044],[-58.70866,-38.40288],[-58.70874,-38.40424],[-58.70746,-38.40536],[-58.70714,-38.40651],[-58.70663,-38.4085],[-58.70622,-38.41007],[-58.70649,-38.41107],[-58.7086,-38.41245],[-58.70992,-38.41418],[-58.71026,-38.41668],[-58.70937,-38.41796],[-58.71026,-38.42186],[-58.71177,-38.42431],[-58.71328,-38.42646],[-58.71558,-38.42792],[-58.71809,-38.42852],[-58.71951,-38.43003],[-58.72035,-38.43176],[-58.72208,-38.4327],[-58.72303,-38.43357],[-58.72222,-38.43528],[-58.72006,-38.43754],[-58.71819,-38.43895],[-58.71769,-38.44001],[-58.71833,-38.44173],[-58.71996,-38.44318],[-58.72081,-38.4442],[-58.7207,-38.44526],[-58.72058,-38.44633],[-58.72151,-38.4482],[-58.72407,-38.45041],[-58.72501,-38.45207],[-58.72741,-38.45324],[-58.73076,-38.45527],[-58.73325,-38.45666],[-58.73653,-38.45769],[-58.74018,-38.4593],[-58.74364,-38.46084],[-58.74844,-38.46389],[-58.75016,-38.46427],[-58.75267,-38.46572],[-58.75651,-38.46552]]]}},{"type":"Feature","properties":{"tipo":"Corriente de agua intermitente","ign":"lineas_de_aguas_continentales_intermitentes.fid--23e67512_1a0e43d469c_-2c68"},"geometry":{"type":"MultiLineString","coordinates":[[[-59.05299,-37.73243],[-59.05347,-37.73311],[-59.0543,-37.73437],[-59.05492,-37.73564],[-59.055,-37.73706],[-59.05499,-37.7384]]]}},{"type":"Feature","properties":{"tipo":"Corriente de agua intermitente","ign":"lineas_de_aguas_continentales_intermitentes.fid--23e67512_1a0e43d469c_-2c36"},"geometry":{"type":"MultiLineString","coordinates":[[[-59.08841,-37.53118],[-59.08696,-37.53029],[-59.08571,-37.52919],[-59.08435,-37.52826],[-59.08326,-37.52779],[-59.08267,-37.52766],[-59.08089,-37.52739],[-59.07921,-37.52712],[-59.07742,-37.52694],[-59.07553,-37.52692],[-59.07373,-37.52717],[-59.07205,-37.52748],[-59.07121,-37.52757]]]}},{"type":"Feature","properties":{"tipo":"Corriente de agua intermitente","ign":"lineas_de_aguas_continentales_intermitentes.fid--23e67512_1a0e43d469c_-2c33"},"geometry":{"type":"MultiLineString","coordinates":[[[-59.08841,-37.53118],[-59.08882,-37.53002],[-59.08911,-37.52866],[-59.08907,-37.52727],[-59.089,-37.5265],[-59.08935,-37.52508],[-59.08934,-37.52428],[-59.08917,-37.52388],[-59.08866,-37.52333],[-59.08823,-37.52311],[-59.08735,-37.52296],[-59.08559,-37.52278],[-59.08506,-37.52261],[-59.08418,-37.52198],[-59.08395,-37.52161],[-59.08391,-37.52135],[-59.08402,-37.52084],[-59.08422,-37.52054],[-59.0848,-37.52001],[-59.08607,-37.51976],[-59.08621,-37.51935],[-59.08614,-37.519],[-59.08575,-37.5184],[-59.08546,-37.51823],[-59.08472,-37.51797],[-59.08428,-37.51765],[-59.08396,-37.51698],[-59.08393,-37.51664],[-59.08419,-37.51585],[-59.08399,-37.5145],[-59.08405,-37.51412],[-59.08403,-37.51336],[-59.08396,-37.51305],[-59.08378,-37.51243],[-59.08372,-37.51196],[-59.08379,-37.51056],[-59.08389,-37.50964],[-59.08381,-37.5092],[-59.08322,-37.50793]]]}},{"type":"Feature","properties":{"tipo":"Corriente de agua intermitente","ign":"lineas_de_aguas_continentales_intermitentes.fid--23e67512_1a0e43d469c_-2c32"},"geometry":{"type":"MultiLineString","coordinates":[[[-59.07814,-37.53274],[-59.07989,-37.53275],[-59.0816,-37.53259],[-59.08329,-37.53256],[-59.08389,-37.53261],[-59.08505,-37.53288],[-59.08562,-37.5331],[-59.08664,-37.53368],[-59.08783,-37.53469],[-59.08881,-37.5352],[-59.08936,-37.53536],[-59.09105,-37.53545],[-59.09166,-37.5355]]]}},{"type":"Feature","properties":{"tipo":"Corriente de agua intermitente","ign":"lineas_de_aguas_continentales_intermitentes.fid--23e67512_1a0e43d469c_-2c31"},"geometry":{"type":"MultiLineString","coordinates":[[[-59.09166,-37.5355],[-59.09135,-37.53532],[-59.0903,-37.53476],[-59.08887,-37.534],[-59.08854,-37.53364],[-59.08834,-37.53268],[-59.08829,-37.53178],[-59.08836,-37.53133],[-59.08841,-37.53118]]]}},{"type":"Feature","properties":{"tipo":"Corriente de agua intermitente","ign":"lineas_de_aguas_continentales_intermitentes.fid--23e67512_1a0e43d469c_-2c2d"},"geometry":{"type":"MultiLineString","coordinates":[[[-59.09166,-37.5355],[-59.0918,-37.53559],[-59.09361,-37.53565],[-59.09413,-37.5358],[-59.09508,-37.53636],[-59.096,-37.53691],[-59.09638,-37.53725],[-59.09741,-37.53843],[-59.09838,-37.53958],[-59.09908,-37.54039],[-59.09958,-37.5406],[-59.10128,-37.54057],[-59.10304,-37.54058],[-59.10339,-37.54049],[-59.10399,-37.54009],[-59.10447,-37.53984],[-59.10612,-37.53942],[-59.10783,-37.5397],[-59.10825,-37.53994],[-59.10864,-37.54051],[-59.10891,-37.54075],[-59.10991,-37.54125],[-59.11044,-37.54138],[-59.11209,-37.54104],[-59.11384,-37.54136],[-59.11443,-37.54142],[-59.11522,-37.54149],[-59.1156,-37.54159],[-59.11603,-37.5419],[-59.11644,-37.54245],[-59.11668,-37.54269],[-59.11788,-37.54366],[-59.11908,-37.54464],[-59.12016,-37.54569],[-59.12081,-37.54622],[-59.1217,-37.54741],[-59.12177,-37.54755],[-59.12175,-37.54786],[-59.12169,-37.54808],[-59.12159,-37.54836],[-59.12158,-37.5485],[-59.12163,-37.54868],[-59.1227,-37.54979]]]}},{"type":"Feature","properties":{"tipo":"Corriente de agua intermitente","ign":"lineas_de_aguas_continentales_intermitentes.fid--23e67512_1a0e43d469c_-2c27"},"geometry":{"type":"MultiLineString","coordinates":[[[-59.08559,-37.55175],[-59.08611,-37.55309],[-59.08672,-37.55436],[-59.08691,-37.5557],[-59.0872,-37.55713],[-59.08719,-37.55855],[-59.08749,-37.5599],[-59.08779,-37.56133],[-59.08777,-37.56275],[-59.08775,-37.56417],[-59.08774,-37.5656],[-59.08793,-37.56703],[-59.08802,-37.56853],[-59.088,-37.56996],[-59.08798,-37.57139],[-59.08797,-37.57281],[-59.08796,-37.57357],[-59.08836,-37.57503],[-59.08845,-37.57654],[-59.08865,-37.57788],[-59.08895,-37.57924],[-59.08893,-37.58074],[-59.08891,-37.58216],[-59.08889,-37.58359],[-59.08866,-37.58501],[-59.08823,-37.58652],[-59.08779,-37.58786],[-59.08756,-37.58928],[-59.08744,-37.59071],[-59.08743,-37.59113],[-59.08741,-37.59242],[-59.08739,-37.59385],[-59.08736,-37.5943],[-59.08717,-37.59518],[-59.08684,-37.59611],[-59.08652,-37.59652],[-59.08535,-37.59752],[-59.08456,-37.59814]]]}},{"type":"Feature","properties":{"tipo":"Corriente de agua intermitente","ign":"lineas_de_aguas_continentales_intermitentes.fid--23e67512_1a0e43d469c_-2c23"},"geometry":{"type":"MultiLineString","coordinates":[[[-59.18849,-37.58137],[-59.18863,-37.58276],[-59.18862,-37.5829],[-59.1884,-37.58313],[-59.18767,-37.5835],[-59.18736,-37.58371],[-59.18667,-37.58443],[-59.1864,-37.58484],[-59.18597,-37.58593],[-59.18563,-37.58695],[-59.18552,-37.58747],[-59.18547,-37.58794],[-59.18534,-37.59024],[-59.18493,-37.59116],[-59.18448,-37.59149],[-59.183,-37.59216],[-59.18121,-37.5929],[-59.17972,-37.59373],[-59.17856,-37.59472],[-59.17847,-37.59515],[-59.17885,-37.59607],[-59.17968,-37.59725],[-59.17967,-37.59867],[-59.18008,-37.6001],[-59.18069,-37.60136],[-59.18131,-37.60255],[-59.18159,-37.60387],[-59.18176,-37.60521],[-59.18179,-37.60682],[-59.18156,-37.60816],[-59.18165,-37.60908],[-59.18197,-37.60951],[-59.18344,-37.61019],[-59.18476,-37.61067],[-59.18637,-37.6113],[-59.18715,-37.61182]]]}},{"type":"Feature","properties":{"tipo":"Corriente de agua intermitente","ign":"lineas_de_aguas_continentales_intermitentes.fid--23e67512_1a0e43d469c_-2c20"},"geometry":{"type":"MultiLineString","coordinates":[[[-59.24102,-37.59689],[-59.24078,-37.59829],[-59.23978,-37.59941],[-59.23856,-37.60037],[-59.23734,-37.60133],[-59.23623,-37.60237],[-59.23502,-37.60332],[-59.23326,-37.60349],[-59.23161,-37.60312],[-59.22986,-37.60303],[-59.22885,-37.60416],[-59.22807,-37.60538],[-59.22759,-37.60569],[-59.22642,-37.6058],[-59.22545,-37.60457],[-59.22381,-37.60412],[-59.22205,-37.60411],[-59.22071,-37.60498],[-59.22005,-37.60629],[-59.21915,-37.60751],[-59.21859,-37.60881],[-59.21846,-37.61021],[-59.21823,-37.6117],[-59.21778,-37.61309],[-59.21667,-37.61414],[-59.21545,-37.61509],[-59.2139,-37.61587],[-59.21214,-37.61604],[-59.21038,-37.61602],[-59.20931,-37.61659],[-59.20781,-37.61729]]]}},{"type":"Feature","properties":{"tipo":"Corriente de agua intermitente","ign":"lineas_de_aguas_continentales_intermitentes.fid--23e67512_1a0e43d469c_-2c1f"},"geometry":{"type":"MultiLineString","coordinates":[[[-59.20781,-37.61729],[-59.20762,-37.61738],[-59.20494,-37.61639],[-59.20311,-37.61563],[-59.20148,-37.61486],[-59.20033,-37.61435],[-59.19934,-37.61341],[-59.19672,-37.61177],[-59.19403,-37.61154],[-59.19271,-37.61157],[-59.19139,-37.61169],[-59.19007,-37.61169],[-59.18837,-37.61154],[-59.18796,-37.61155],[-59.18743,-37.61169],[-59.18715,-37.61182]]]}},{"type":"Feature","properties":{"tipo":"Corriente de agua intermitente","ign":"lineas_de_aguas_continentales_intermitentes.fid--23e67512_1a0e43d469c_-2c1b"},"geometry":{"type":"MultiLineString","coordinates":[[[-59.20781,-37.61729],[-59.20876,-37.61861],[-59.20954,-37.61982],[-59.21037,-37.62109],[-59.21077,-37.62141],[-59.21146,-37.62175],[-59.21178,-37.62194],[-59.21309,-37.62286],[-59.2144,-37.62384],[-59.21477,-37.6242],[-59.21534,-37.62502],[-59.21595,-37.62636],[-59.21636,-37.62772],[-59.21666,-37.6291],[-59.21676,-37.62935],[-59.21705,-37.63011]]]}},{"type":"Feature","properties":{"tipo":"Corriente de agua intermitente","ign":"lineas_de_aguas_continentales_intermitentes.fid--23e67512_1a0e43d469c_-2c19"},"geometry":{"type":"MultiLineString","coordinates":[[[-59.24032,-37.62539],[-59.24115,-37.62657],[-59.2414,-37.62758],[-59.24125,-37.62808],[-59.2405,-37.62933],[-59.23975,-37.63067],[-59.23909,-37.63201],[-59.23845,-37.63327],[-59.2376,-37.63443],[-59.23654,-37.6356],[-59.23526,-37.63652],[-59.23367,-37.637],[-59.23177,-37.63708],[-59.2302,-37.63657],[-59.22873,-37.63572],[-59.22737,-37.63487],[-59.22601,-37.63394],[-59.22465,-37.63309],[-59.22329,-37.63224],[-59.22171,-37.63148],[-59.22025,-37.63079],[-59.21856,-37.63028],[-59.21705,-37.63011]]]}},{"type":"Feature","properties":{"tipo":"Corriente de agua intermitente","ign":"lineas_de_aguas_continentales_intermitentes.fid--23e67512_1a0e43d469c_-2c17"},"geometry":{"type":"MultiLineString","coordinates":[[[-59.18715,-37.61182],[-59.18686,-37.61204],[-59.18672,-37.61218],[-59.18661,-37.61233],[-59.18652,-37.61263],[-59.18645,-37.61324],[-59.18637,-37.61354],[-59.18604,-37.61424],[-59.18555,-37.61559],[-59.1851,-37.61694],[-59.18485,-37.61735],[-59.18405,-37.61803],[-59.18266,-37.61889],[-59.18133,-37.61976],[-59.17995,-37.62067],[-59.17862,-37.62157],[-59.1774,-37.62253],[-59.17624,-37.62353],[-59.17485,-37.62435],[-59.17342,-37.62508],[-59.17176,-37.62569],[-59.16999,-37.62602],[-59.16834,-37.62645],[-59.16671,-37.62758],[-59.16478,-37.62874],[-59.16356,-37.62974],[-59.16323,-37.63011],[-59.16277,-37.63095],[-59.16199,-37.63222],[-59.16132,-37.63353],[-59.16069,-37.63483],[-59.16013,-37.63618],[-59.15978,-37.63653],[-59.15914,-37.63689],[-59.15886,-37.6371],[-59.15764,-37.63842]]]}},{"type":"Feature","properties":{"tipo":"Corriente de agua intermitente","ign":"lineas_de_aguas_continentales_intermitentes.fid--23e67512_1a0e43d469c_-2c16"},"geometry":{"type":"MultiLineString","coordinates":[[[-59.12127,-37.62365],[-59.11914,-37.62479],[-59.11713,-37.62511],[-59.11576,-37.62594],[-59.11469,-37.62702],[-59.11404,-37.62827],[-59.1135,-37.62961],[-59.11275,-37.63086],[-59.11179,-37.63203],[-59.11062,-37.63303],[-59.10934,-37.63411],[-59.10785,-37.63502],[-59.10658,-37.63593],[-59.1053,-37.63692],[-59.10402,-37.63792],[-59.10296,-37.63909],[-59.10189,-37.64025],[-59.10102,-37.64159],[-59.10038,-37.64285],[-59.09951,-37.64426],[-59.09877,-37.64552],[-59.09822,-37.64648]]]}},{"type":"Feature","properties":{"tipo":"Corriente de agua intermitente","ign":"lineas_de_aguas_continentales_intermitentes.fid--23e67512_1a0e43d469c_-2c14"},"geometry":{"type":"MultiLineString","coordinates":[[[-59.09822,-37.64648],[-59.09661,-37.64707],[-59.09518,-37.6479],[-59.09374,-37.64873],[-59.09232,-37.6496],[-59.09088,-37.65034],[-59.09031,-37.6505],[-59.08988,-37.65052],[-59.08909,-37.65038],[-59.08868,-37.65007],[-59.08825,-37.64952],[-59.08794,-37.64931],[-59.08675,-37.64888],[-59.08615,-37.64884],[-59.08541,-37.649],[-59.08506,-37.64916],[-59.08467,-37.6495],[-59.08414,-37.65033]]]}},{"type":"Feature","properties":{"tipo":"Corriente de agua intermitente","ign":"lineas_de_aguas_continentales_intermitentes.fid--23e67512_1a0e43d469c_-2c11"},"geometry":{"type":"MultiLineString","coordinates":[[[-59.15625,-37.6511],[-59.15797,-37.65142],[-59.15975,-37.65152],[-59.16153,-37.65168],[-59.1633,-37.65169],[-59.16508,-37.65171],[-59.16676,-37.65125],[-59.16864,-37.65126],[-59.17042,-37.65127],[-59.1722,-37.65089],[-59.17398,-37.65099],[-59.17443,-37.65099],[-59.17754,-37.65101],[-59.17932,-37.65102],[-59.1809,-37.65158],[-59.18399,-37.65323],[-59.18404,-37.65326],[-59.18856,-37.65517],[-59.19378,-37.65663],[-59.19535,-37.65695]]]}},{"type":"Feature","properties":{"tipo":"Corriente de agua intermitente","ign":"lineas_de_aguas_continentales_intermitentes.fid--23e67512_1a0e43d469c_-2c0d"},"geometry":{"type":"MultiLineString","coordinates":[[[-59.09822,-37.64648],[-59.09801,-37.64685],[-59.09736,-37.64811],[-59.0965,-37.64927],[-59.09544,-37.65036],[-59.09396,-37.65118],[-59.09247,-37.65218],[-59.09167,-37.65284],[-59.0897,-37.65457],[-59.08964,-37.65547],[-59.09103,-37.65758]]]}},{"type":"Feature","properties":{"tipo":"Corriente de agua intermitente","ign":"lineas_de_aguas_continentales_intermitentes.fid--23e67512_1a0e43d469c_-2c0c"},"geometry":{"type":"MultiLineString","coordinates":[[[-59.13087,-37.65777],[-59.13274,-37.65778],[-59.13462,-37.6578],[-59.1364,-37.65781],[-59.13818,-37.65814],[-59.13974,-37.65878],[-59.14143,-37.65934],[-59.14329,-37.65982],[-59.14455,-37.66005],[-59.14518,-37.65999],[-59.14647,-37.65906],[-59.14743,-37.65851],[-59.14796,-37.65837],[-59.14926,-37.6585],[-59.15131,-37.65894],[-59.15318,-37.65953]]]}},{"type":"Feature","properties":{"tipo":"Corriente de agua intermitente","ign":"lineas_de_aguas_continentales_intermitentes.fid--23e67512_1a0e43d469c_-2c0a"},"geometry":{"type":"MultiLineString","coordinates":[[[-59.04045,-37.66954],[-59.04202,-37.67019],[-59.04366,-37.6707],[-59.04549,-37.67096],[-59.04718,-37.67123],[-59.04892,-37.67129],[-59.05066,-37.67131],[-59.05256,-37.67128],[-59.05434,-37.67117],[-59.05624,-37.67118],[-59.05877,-37.67116],[-59.0591,-37.67127],[-59.05941,-37.67176],[-59.05939,-37.6725],[-59.05895,-37.67397],[-59.05841,-37.67476],[-59.05882,-37.67602],[-59.05928,-37.67733],[-59.05978,-37.67836]]]}},{"type":"Feature","properties":{"tipo":"Corriente de agua intermitente","ign":"lineas_de_aguas_continentales_intermitentes.fid--23e67512_1a0e43d469c_-2c08"},"geometry":{"type":"MultiLineString","coordinates":[[[-59.08088,-37.67455],[-59.08214,-37.67548],[-59.08371,-37.67616],[-59.08414,-37.67648],[-59.08485,-37.67718],[-59.08568,-37.67836],[-59.08672,-37.67946],[-59.08819,-37.68048],[-59.08944,-37.68149],[-59.0901,-37.68213],[-59.0909,-37.6834],[-59.09154,-37.68476],[-59.09167,-37.68669]]]}},{"type":"Feature","properties":{"fna":"Arroyo de las Ovejas","gna":"Arroyo","nam":"de las Ovejas","tipo":"Corriente de agua intermitente","ign":"lineas_de_aguas_continentales_intermitentes.fid--23e67512_1a0e43d469c_-2c07"},"geometry":{"type":"MultiLineString","coordinates":[[[-59.11117,-37.65261],[-59.11031,-37.65378],[-59.10893,-37.65478],[-59.10776,-37.65586],[-59.10701,-37.65711],[-59.10657,-37.65845],[-59.10592,-37.6597],[-59.10538,-37.66105],[-59.10504,-37.66246],[-59.10482,-37.6638],[-59.10375,-37.66489],[-59.10289,-37.66605],[-59.10266,-37.6674],[-59.10214,-37.66824],[-59.1017,-37.66856],[-59.10011,-37.66906],[-59.09843,-37.66938],[-59.09674,-37.66986],[-59.09565,-37.67028],[-59.09525,-37.67061],[-59.09482,-37.6711],[-59.09493,-37.67248],[-59.09491,-37.67262],[-59.09474,-37.67287],[-59.09376,-37.67348],[-59.09323,-37.67368],[-59.09251,-37.67391],[-59.09227,-37.67414],[-59.09211,-37.67458],[-59.09204,-37.67548],[-59.09203,-37.6769],[-59.09201,-37.67782],[-59.09235,-37.67923],[-59.09255,-37.68056],[-59.09275,-37.68195],[-59.09275,-37.68241],[-59.09258,-37.68333],[-59.09213,-37.68467],[-59.09167,-37.68669]]]}},{"type":"Feature","properties":{"tipo":"Corriente de agua intermitente","ign":"lineas_de_aguas_continentales_intermitentes.fid--23e67512_1a0e43d469c_-2c06"},"geometry":{"type":"MultiLineString","coordinates":[[[-59.07593,-37.68327],[-59.07757,-37.68387],[-59.0792,-37.68434],[-59.08055,-37.68523],[-59.08181,-37.68616],[-59.08285,-37.68731],[-59.08378,-37.68845],[-59.08451,-37.68975],[-59.08523,-37.69101],[-59.08584,-37.69228],[-59.0866,-37.69377]]]}},{"type":"Feature","properties":{"fna":"Arroyo de las Ovejas","gna":"Arroyo","nam":"de las Ovejas","tipo":"Corriente de agua intermitente","ign":"lineas_de_aguas_continentales_intermitentes.fid--23e67512_1a0e43d469c_-2c05"},"geometry":{"type":"MultiLineString","coordinates":[[[-59.09167,-37.68669],[-59.09145,-37.68783],[-59.09083,-37.68918],[-59.08965,-37.69027],[-59.08848,-37.69135],[-59.08752,-37.69251],[-59.0866,-37.69377]]]}},{"type":"Feature","properties":{"tipo":"Corriente de agua intermitente","ign":"lineas_de_aguas_continentales_intermitentes.fid--23e67512_1a0e43d469c_-2c03"},"geometry":{"type":"MultiLineString","coordinates":[[[-59.18979,-37.69701],[-59.18938,-37.69843],[-59.18905,-37.69984],[-59.18865,-37.70125],[-59.18824,-37.70267],[-59.18753,-37.70392],[-59.18683,-37.70517],[-59.18612,-37.70658],[-59.18574,-37.70696],[-59.18463,-37.70736],[-59.18285,-37.70734],[-59.18107,-37.70718],[-59.17929,-37.70716],[-59.17813,-37.70755],[-59.17789,-37.70794],[-59.17788,-37.70935],[-59.17786,-37.71077],[-59.17785,-37.71218],[-59.17783,-37.7136],[-59.17782,-37.71501],[-59.1778,-37.71643],[-59.17779,-37.71785],[-59.17778,-37.71879],[-59.17747,-37.71926],[-59.17641,-37.71993],[-59.17588,-37.71999],[-59.17446,-37.71928],[-59.17194,-37.71886],[-59.16668,-37.71854]]]}},{"type":"Feature","properties":{"tipo":"Corriente de agua intermitente","ign":"lineas_de_aguas_continentales_intermitentes.fid--23e67512_1a0e43d469c_-2bff"},"geometry":{"type":"MultiLineString","coordinates":[[[-59.04473,-37.72297],[-59.04536,-37.72424],[-59.04618,-37.72542],[-59.04734,-37.72644],[-59.04838,-37.72753],[-59.0492,-37.72871],[-59.05035,-37.72973],[-59.05149,-37.73083],[-59.05264,-37.73193],[-59.05299,-37.73243]]]}},{"type":"Feature","properties":{"tipo":"Corriente de agua intermitente","ign":"lineas_de_aguas_continentales_intermitentes.fid--23e67512_1a0e43d469c_-2bfe"},"geometry":{"type":"MultiLineString","coordinates":[[[-59.05306,-37.72363],[-59.05347,-37.72506],[-59.05346,-37.72648],[-59.05343,-37.72808],[-59.05341,-37.7295],[-59.05339,-37.73092],[-59.05334,-37.73143],[-59.05299,-37.73243]]]}},{"type":"Feature","properties":{"tipo":"Corriente de agua intermitente","ign":"lineas_de_aguas_continentales_intermitentes.fid--23e67512_1a0e43d469c_-2bfd"},"geometry":{"type":"MultiLineString","coordinates":[[[-59.15156,-37.74529],[-59.15226,-37.74709],[-59.15311,-37.74838],[-59.15468,-37.74941],[-59.15555,-37.74974],[-59.15696,-37.74998],[-59.15864,-37.75003],[-59.16071,-37.75012],[-59.1627,-37.74994],[-59.16529,-37.74947],[-59.16766,-37.74933],[-59.17005,-37.74935],[-59.17252,-37.74928],[-59.17479,-37.7493],[-59.17717,-37.74932],[-59.17955,-37.74933],[-59.1803,-37.74942],[-59.18171,-37.74998],[-59.18348,-37.75117],[-59.18477,-37.75199],[-59.18505,-37.75251]]]}},{"type":"Feature","properties":{"fna":"Arroyo de las Ovejas","gna":"Arroyo","nam":"de las Ovejas","tipo":"Corriente de agua intermitente","ign":"lineas_de_aguas_continentales_intermitentes.fid--23e67512_1a0e43d469c_-2bfc"},"geometry":{"type":"MultiLineString","coordinates":[[[-59.0866,-37.69377],[-59.0859,-37.6951],[-59.08567,-37.69653],[-59.08524,-37.69786],[-59.08485,-37.69949],[-59.0843,-37.70088],[-59.08398,-37.70184],[-59.08324,-37.70307],[-59.08266,-37.70399],[-59.08227,-37.70578],[-59.08208,-37.70792],[-59.08211,-37.70963],[-59.08237,-37.71045],[-59.08319,-37.71204],[-59.084,-37.71325],[-59.08498,-37.71438],[-59.08544,-37.71569],[-59.08584,-37.71703],[-59.08678,-37.71821],[-59.08809,-37.71927],[-59.08945,-37.72016],[-59.0906,-37.72118],[-59.09228,-37.72186],[-59.0938,-37.7225],[-59.09548,-37.72277],[-59.09711,-37.72337],[-59.09852,-37.72417],[-59.10026,-37.72444],[-59.10194,-37.72496],[-59.10216,-37.72509],[-59.1037,-37.72566],[-59.10439,-37.726],[-59.10467,-37.72623],[-59.10496,-37.72663],[-59.10547,-37.72798],[-59.10598,-37.72932],[-59.10606,-37.72947],[-59.10633,-37.72968],[-59.10709,-37.73],[-59.10744,-37.73018],[-59.10886,-37.73111],[-59.10975,-37.73162],[-59.11098,-37.73261],[-59.11244,-37.73334],[-59.11354,-37.73443],[-59.11437,-37.73562],[-59.11456,-37.73696],[-59.11534,-37.73817],[-59.11644,-37.73927],[-59.11695,-37.74017],[-59.11694,-37.74129],[-59.11703,-37.74264],[-59.11695,-37.74465],[-59.11705,-37.7457],[-59.11597,-37.74678],[-59.11599,-37.7481],[-59.11554,-37.74944],[-59.11464,-37.75061],[-59.11483,-37.75099],[-59.11579,-37.75166],[-59.11747,-37.75218],[-59.11872,-37.75319],[-59.11972,-37.75438],[-59.12017,-37.75573],[-59.12027,-37.75711],[-59.12045,-37.75803],[-59.12072,-37.75845],[-59.12197,-37.75947],[-59.12323,-37.7604],[-59.12465,-37.76129],[-59.12617,-37.76198],[-59.12713,-37.76257],[-59.1277,-37.76394],[-59.128,-37.76451],[-59.12819,-37.76478],[-59.12853,-37.76516],[-59.12936,-37.76594]]]}},{"type":"Feature","properties":{"tipo":"Corriente de agua intermitente","ign":"lineas_de_aguas_continentales_intermitentes.fid--23e67512_1a0e43d469c_-2bfb"},"geometry":{"type":"MultiLineString","coordinates":[[[-59.08111,-37.77431],[-59.07975,-37.77345],[-59.07853,-37.77307],[-59.07706,-37.77297],[-59.07474,-37.7724],[-59.07296,-37.77202],[-59.07116,-37.772],[-59.06932,-37.77195],[-59.06747,-37.7713],[-59.06553,-37.77061],[-59.06351,-37.77003],[-59.06247,-37.76992],[-59.06073,-37.77024],[-59.05946,-37.77061],[-59.05808,-37.77135]]]}},{"type":"Feature","properties":{"fna":"Arroyo Quilacinta","gna":"Arroyo","nam":"Quilacinta","tipo":"Corriente de agua intermitente","ign":"lineas_de_aguas_continentales_intermitentes.fid--23e67512_1a0e43d469c_-2bf9"},"geometry":{"type":"MultiLineString","coordinates":[[[-58.98559,-37.73336],[-58.98528,-37.7347],[-58.98457,-37.73602],[-58.98415,-37.73736],[-58.98502,-37.73855],[-58.9867,-37.73903],[-58.98797,-37.74015],[-58.98865,-37.74149],[-58.98863,-37.7429],[-58.98851,-37.74432],[-58.98839,-37.74573],[-58.98738,-37.74683],[-58.98579,-37.7476],[-58.984,-37.74829],[-58.98221,-37.7489],[-58.98008,-37.7492],[-58.97825,-37.74942],[-58.97593,-37.74944],[-58.96725,-37.7505],[-58.96556,-37.7508],[-58.96404,-37.75156],[-58.96224,-37.7526],[-58.96151,-37.75326],[-58.96019,-37.75502],[-58.95934,-37.756],[-58.95872,-37.75686],[-58.95871,-37.75803],[-58.95931,-37.75956],[-58.9599,-37.76103],[-58.96029,-37.76218],[-58.96052,-37.76316],[-58.96,-37.76493],[-58.95958,-37.7663],[-58.95961,-37.76772],[-58.95895,-37.76904],[-58.95866,-37.76945],[-58.95826,-37.77],[-58.95819,-37.77029],[-58.95818,-37.77171],[-58.95815,-37.77309],[-58.95828,-37.77446],[-58.95827,-37.77474],[-58.95728,-37.77588],[-58.9571,-37.77631],[-58.95716,-37.77726],[-58.95729,-37.77863],[-58.95811,-37.77994],[-58.95838,-37.78091],[-58.95834,-37.78139],[-58.95767,-37.78268],[-58.95739,-37.7836],[-58.95736,-37.78405],[-58.95741,-37.78419],[-58.9577,-37.78438],[-58.9585,-37.78473],[-58.95868,-37.78497],[-58.95876,-37.78639],[-58.95875,-37.78741],[-58.95878,-37.78879],[-58.95872,-37.78929],[-58.95841,-37.79024],[-58.9579,-37.79158],[-58.95781,-37.79204],[-58.95772,-37.79266],[-58.95758,-37.79295],[-58.95662,-37.79409],[-58.95612,-37.79471],[-58.95614,-37.79486],[-58.95637,-37.79507],[-58.95708,-37.79645],[-58.95726,-37.79786],[-58.95745,-37.79865],[-58.95749,-37.8],[-58.95727,-37.80089],[-58.95692,-37.8013],[-58.95633,-37.8015],[-58.95544,-37.80148],[-58.95503,-37.80155],[-58.95404,-37.80201],[-58.95364,-37.80233],[-58.95263,-37.80354],[-58.95173,-37.80471],[-58.95097,-37.80592],[-58.95047,-37.80617],[-58.94937,-37.80646],[-58.94764,-37.80691],[-58.94717,-37.8072],[-58.94648,-37.80797],[-58.94567,-37.80918],[-58.94517,-37.80948],[-58.94403,-37.80975],[-58.9423,-37.80961],[-58.94109,-37.80972],[-58.94055,-37.80991],[-58.93976,-37.81038],[-58.93997,-37.8117],[-58.93988,-37.81215],[-58.9393,-37.81299],[-58.9384,-37.81416],[-58.93704,-37.81509],[-58.93555,-37.81579],[-58.93376,-37.81613],[-58.93217,-37.81666],[-58.93062,-37.81743],[-58.92908,-37.81808],[-58.92863,-37.81838],[-58.92797,-37.81913],[-58.9276,-37.81973],[-58.92739,-37.82014]]]}},{"type":"Feature","properties":{"fna":"Arroyo El Pescado Castigado","gna":"Arroyo","nam":"El Pescado Castigado","tipo":"Corriente de agua intermitente","ign":"lineas_de_aguas_continentales_intermitentes.fid--23e67512_1a0e43d469c_-2bf2"},"geometry":{"type":"MultiLineString","coordinates":[[[-59.99778,-37.70443],[-59.9981,-37.70418],[-59.99834,-37.70359],[-59.99854,-37.70316],[-59.99896,-37.70264],[-59.99926,-37.70207],[-60,-37.70065],[-60.00062,-37.69921],[-60.00109,-37.69811],[-60.00299,-37.698],[-60.00448,-37.69815],[-60.00666,-37.69757],[-60.00709,-37.69569],[-60.00883,-37.69563],[-60.01046,-37.69433],[-60.01086,-37.69254],[-60.01074,-37.69131],[-60.01115,-37.69044],[-60.01196,-37.68937],[-60.01305,-37.68818],[-60.01223,-37.68645],[-60.01291,-37.68419],[-60.01427,-37.68256],[-60.01386,-37.68105],[-60.01562,-37.68062],[-60.01669,-37.67952],[-60.01847,-37.67813],[-60.0164,-37.67647],[-60.01317,-37.67425],[-60.01577,-37.6736],[-60.01542,-37.67222],[-60.01456,-37.671],[-60.01363,-37.66985],[-60.01255,-37.6687],[-60.01162,-37.66749],[-60.01097,-37.66617],[-60.01026,-37.66489],[-60.00939,-37.66369],[-60.0089,-37.66225],[-60.00721,-37.6623],[-60.00571,-37.66123],[-60.00341,-37.65885],[-60.00426,-37.65766],[-60.00789,-37.6563],[-60.009,-37.65553],[-60.00897,-37.65507],[-60.01046,-37.65464],[-60.01141,-37.65269],[-60.01114,-37.64957],[-60.00961,-37.64777],[-60.00976,-37.64628],[-60.00788,-37.64503],[-60.00843,-37.64341],[-60.00802,-37.64157],[-60.00776,-37.6392],[-60.0103,-37.63869],[-60.01048,-37.63745],[-60.01052,-37.63714],[-60.0106,-37.63559],[-60.01054,-37.63398],[-60.01032,-37.63232],[-60.00829,-37.63342],[-60.00801,-37.63126],[-60.00883,-37.62954],[-60.00706,-37.62705],[-60.00706,-37.62478],[-60.00639,-37.62338],[-60.00864,-37.62248],[-60.00626,-37.62111],[-60.00665,-37.61863],[-60.00625,-37.61636],[-60.00883,-37.6155],[-60.00935,-37.61414],[-60.01097,-37.61296],[-60.01097,-37.61112],[-60.01165,-37.60983],[-60.01342,-37.60928],[-60.01125,-37.60226],[-60.01206,-37.60119],[-60.01328,-37.59989],[-60.01286,-37.59711],[-60.01388,-37.59595],[-60.01468,-37.59464],[-60.01341,-37.5932],[-60.01287,-37.59309],[-60.01396,-37.59093],[-60.01531,-37.58877],[-60.01653,-37.58791],[-60.01761,-37.5865],[-60.01817,-37.58478],[-60.01884,-37.58272],[-60.02341,-37.58349],[-60.02386,-37.57927],[-60.02453,-37.57754],[-60.02525,-37.57501],[-60.02525,-37.57375],[-60.02435,-37.56865],[-60.02435,-37.56864]]]}},{"type":"Feature","properties":{"tipo":"Corriente de agua intermitente","ign":"lineas_de_aguas_continentales_intermitentes.fid--23e67512_1a0e43d469c_-2bf1"},"geometry":{"type":"MultiLineString","coordinates":[[[-60.08094,-37.55127],[-60.08354,-37.55447],[-60.0826,-37.55598],[-60.08281,-37.55666],[-60.08409,-37.55784],[-60.08426,-37.55824],[-60.08544,-37.56031],[-60.08568,-37.5622],[-60.08426,-37.56427],[-60.08284,-37.5654],[-60.0826,-37.56747],[-60.08261,-37.56766],[-60.08308,-37.56955],[-60.08309,-37.5718],[-60.0831,-37.57407],[-60.08309,-37.57576],[-60.08307,-37.57717],[-60.08388,-37.57967],[-60.08357,-37.58047],[-60.08227,-37.58308],[-60.08263,-37.58601],[-60.08334,-37.58723],[-60.08476,-37.58808],[-60.08571,-37.58839],[-60.08572,-37.59103],[-60.08524,-37.59178],[-60.08216,-37.59307],[-60.07999,-37.59441],[-60.07919,-37.59467],[-60.07754,-37.59501],[-60.07703,-37.59508],[-60.07581,-37.59524],[-60.07415,-37.59575],[-60.07249,-37.59626],[-60.0709,-37.59678],[-60.06924,-37.59717],[-60.06772,-37.59785],[-60.06606,-37.59854],[-60.06454,-37.59917],[-60.06303,-37.59985],[-60.06165,-37.60065],[-60.061,-37.60197],[-60.06083,-37.6023]]]}},{"type":"Feature","properties":{"tipo":"Corriente de agua intermitente","ign":"lineas_de_aguas_continentales_intermitentes.fid--23e67512_1a0e43d469c_-2bf0"},"geometry":{"type":"MultiLineString","coordinates":[[[-60.06083,-37.6023],[-60.06044,-37.60303],[-60.06092,-37.60425],[-60.06036,-37.60585],[-60.06069,-37.60732],[-60.05956,-37.61053],[-60.05876,-37.61348],[-60.06086,-37.6129],[-60.06153,-37.61365],[-60.06206,-37.61424],[-60.06161,-37.61442],[-60.05965,-37.61521],[-60.06029,-37.61694],[-60.06062,-37.61745],[-60.06086,-37.61839],[-60.0603,-37.61987],[-60.06046,-37.62115],[-60.06143,-37.62126],[-60.06304,-37.62145],[-60.06239,-37.6228],[-60.06216,-37.62407],[-60.06183,-37.62587],[-60.06278,-37.62631],[-60.06392,-37.62683],[-60.06377,-37.62798],[-60.06465,-37.63023],[-60.0657,-37.63209],[-60.06506,-37.63407],[-60.06506,-37.6349],[-60.06587,-37.63593],[-60.06603,-37.63708],[-60.06603,-37.63804],[-60.06668,-37.63939],[-60.06572,-37.64148],[-60.06523,-37.64314],[-60.06499,-37.64532],[-60.06604,-37.64615],[-60.06612,-37.64712],[-60.06588,-37.648],[-60.06532,-37.64928],[-60.06508,-37.65037],[-60.06492,-37.65133],[-60.06426,-37.65199],[-60.06395,-37.65229],[-60.06234,-37.65313],[-60.06129,-37.65409],[-60.05977,-37.65499],[-60.05792,-37.65614],[-60.05704,-37.65713],[-60.05622,-37.65806],[-60.05429,-37.65916],[-60.05292,-37.66011],[-60.05252,-37.66101],[-60.05349,-37.66262],[-60.05292,-37.66345],[-60.0526,-37.66454],[-60.05308,-37.66509],[-60.05547,-37.66603],[-60.0559,-37.66678],[-60.05373,-37.66864]]]}},{"type":"Feature","properties":{"tipo":"Corriente de agua intermitente","ign":"lineas_de_aguas_continentales_intermitentes.fid--23e67512_1a0e43d469c_-2bef"},"geometry":{"type":"MultiLineString","coordinates":[[[-59.80245,-37.6253],[-59.80201,-37.6257],[-59.80018,-37.62754],[-59.79818,-37.62926],[-59.79635,-37.63111],[-59.79484,-37.63322],[-59.79401,-37.63461],[-59.79309,-37.63797],[-59.79264,-37.63941],[-59.79159,-37.6409],[-59.79099,-37.6422],[-59.79046,-37.64357],[-59.78971,-37.64488],[-59.78903,-37.64619],[-59.78814,-37.64738],[-59.78708,-37.64862],[-59.78588,-37.64975],[-59.78461,-37.65082],[-59.78378,-37.65142],[-59.78217,-37.65276],[-59.78188,-37.65314],[-59.78164,-37.65406],[-59.78134,-37.65549],[-59.78089,-37.65686],[-59.78028,-37.65829],[-59.78061,-37.65939],[-59.78046,-37.66064],[-59.78023,-37.66219],[-59.78004,-37.66411],[-59.7797,-37.66504],[-59.77961,-37.66516],[-59.7793,-37.66555],[-59.77827,-37.66642],[-59.77722,-37.66736],[-59.7761,-37.66843],[-59.7752,-37.66967],[-59.77407,-37.67075],[-59.77272,-37.67176],[-59.77167,-37.67282],[-59.77031,-37.67384],[-59.76912,-37.67484],[-59.76799,-37.67591],[-59.76687,-37.67704],[-59.76559,-37.67817],[-59.76432,-37.67918],[-59.76297,-37.68019],[-59.76154,-37.68114],[-59.75997,-37.68173],[-59.75847,-37.68239],[-59.7565,-37.68314],[-59.75568,-37.68352],[-59.75508,-37.68426],[-59.75383,-37.68563],[-59.7532,-37.68623],[-59.75163,-37.68697],[-59.75046,-37.68795],[-59.74868,-37.68918],[-59.7477,-37.69031],[-59.74673,-37.6915],[-59.7459,-37.69275],[-59.7455,-37.69334],[-59.74507,-37.69399],[-59.74416,-37.6953]]]}},{"type":"Feature","properties":{"tipo":"Corriente de agua intermitente","ign":"lineas_de_aguas_continentales_intermitentes.fid--23e67512_1a0e43d469c_-2bee"},"geometry":{"type":"MultiLineString","coordinates":[[[-59.63008,-37.70295],[-59.63141,-37.69957],[-59.63307,-37.69791],[-59.6343,-37.69619],[-59.63489,-37.69436],[-59.63461,-37.69224],[-59.63339,-37.69012],[-59.63337,-37.68996]]]}},{"type":"Feature","properties":{"tipo":"Corriente de agua intermitente","ign":"lineas_de_aguas_continentales_intermitentes.fid--23e67512_1a0e43d469c_-2bed"},"geometry":{"type":"MultiLineString","coordinates":[[[-60.04057,-37.72462],[-60.04202,-37.72321],[-60.04202,-37.72122],[-60.04322,-37.72099],[-60.04484,-37.71975],[-60.04425,-37.71811],[-60.04512,-37.71651],[-60.04592,-37.71513],[-60.04692,-37.71452],[-60.04765,-37.71349],[-60.0491,-37.71246],[-60.05055,-37.71118],[-60.05035,-37.70871],[-60.0495,-37.70772],[-60.04926,-37.7058],[-60.0507,-37.70401],[-60.0528,-37.70266],[-60.05409,-37.70093],[-60.05593,-37.70125],[-60.05691,-37.70093],[-60.05812,-37.70016],[-60.05933,-37.699],[-60.0607,-37.69772],[-60.06126,-37.69548],[-60.06213,-37.69577],[-60.06382,-37.69436],[-60.06503,-37.6927],[-60.06575,-37.69064],[-60.06607,-37.68898],[-60.0672,-37.68731],[-60.0666,-37.68594],[-60.06736,-37.6843],[-60.06672,-37.68333],[-60.06663,-37.68276],[-60.06453,-37.68155],[-60.0663,-37.68048],[-60.0692,-37.67913],[-60.0696,-37.6783],[-60.0696,-37.67593],[-60.07121,-37.67304],[-60.0733,-37.67227],[-60.07639,-37.67299],[-60.07705,-37.67173],[-60.07771,-37.67041],[-60.07842,-37.66914],[-60.07887,-37.66777],[-60.0793,-37.66634],[-60.07959,-37.66495],[-60.07982,-37.66357],[-60.08004,-37.66196],[-60.08019,-37.66059],[-60.08005,-37.65909],[-60.07969,-37.65771],[-60.07927,-37.65633],[-60.07898,-37.65495],[-60.07892,-37.65357],[-60.07884,-37.6534]]]}},{"type":"Feature","properties":{"tipo":"Corriente de agua intermitente","ign":"lineas_de_aguas_continentales_intermitentes.fid--23e67512_1a0e43d469c_-2bec"},"geometry":{"type":"MultiLineString","coordinates":[[[-60.09536,-37.71731],[-60.09536,-37.71734],[-60.09543,-37.7193],[-60.09639,-37.72074],[-60.09542,-37.7224],[-60.09347,-37.72326],[-60.09231,-37.72435],[-60.09108,-37.72532],[-60.08999,-37.72647],[-60.08941,-37.72779],[-60.08919,-37.72917],[-60.0889,-37.73055],[-60.08831,-37.73186],[-60.08759,-37.73313],[-60.0865,-37.73422],[-60.08628,-37.7343],[-60.08534,-37.73456],[-60.08438,-37.73482]]]}},{"type":"Feature","properties":{"tipo":"Corriente de agua intermitente","ign":"lineas_de_aguas_continentales_intermitentes.fid--23e67512_1a0e43d469c_-2beb"},"geometry":{"type":"MultiLineString","coordinates":[[[-59.9041,-37.72172],[-59.90347,-37.72298],[-59.90321,-37.72359],[-59.90314,-37.7239],[-59.90316,-37.72421],[-59.90322,-37.72435],[-59.90346,-37.7249],[-59.9043,-37.72608],[-59.90446,-37.72654],[-59.90446,-37.72687],[-59.9044,-37.72709],[-59.9042,-37.72749],[-59.90387,-37.72789],[-59.90311,-37.72859],[-59.90267,-37.72889],[-59.90208,-37.72927],[-59.90182,-37.7295],[-59.90094,-37.73047]]]}},{"type":"Feature","properties":{"tipo":"Corriente de agua intermitente","ign":"lineas_de_aguas_continentales_intermitentes.fid--23e67512_1a0e43d469c_-2bea"},"geometry":{"type":"MultiLineString","coordinates":[[[-60.1277,-37.72457],[-60.12698,-37.72594],[-60.12525,-37.72831],[-60.12461,-37.7287],[-60.12331,-37.73024],[-60.12146,-37.73063],[-60.12083,-37.73261],[-60.12023,-37.7337],[-60.11969,-37.73408],[-60.11703,-37.73441],[-60.11518,-37.73448],[-60.11325,-37.73403],[-60.11252,-37.73294],[-60.11163,-37.73378],[-60.11075,-37.73499],[-60.10809,-37.73692],[-60.10701,-37.73571],[-60.10527,-37.73616],[-60.1039,-37.73692],[-60.10155,-37.73737],[-60.09865,-37.73725],[-60.09639,-37.73757],[-60.09406,-37.73712],[-60.0926,-37.73629],[-60.09257,-37.7359],[-60.08961,-37.73578],[-60.08809,-37.73565],[-60.08671,-37.73572],[-60.08438,-37.73482]]]}},{"type":"Feature","properties":{"tipo":"Corriente de agua intermitente","ign":"lineas_de_aguas_continentales_intermitentes.fid--23e67512_1a0e43d469c_-2be9"},"geometry":{"type":"MultiLineString","coordinates":[[[-59.98263,-37.69932],[-59.98175,-37.70026],[-59.98088,-37.70114],[-59.98032,-37.70228],[-59.98008,-37.70341],[-59.97989,-37.70449],[-59.97976,-37.70567],[-59.97952,-37.70686],[-59.97921,-37.70794],[-59.97902,-37.70902],[-59.97902,-37.7102],[-59.97871,-37.71128],[-59.97803,-37.71227],[-59.9776,-37.71449],[-59.97747,-37.71483],[-59.97735,-37.71592],[-59.97667,-37.71701],[-59.97624,-37.71804],[-59.97633,-37.71842],[-59.97692,-37.71912],[-59.97791,-37.71996],[-59.97927,-37.72134],[-59.97958,-37.72232],[-59.97964,-37.72385],[-59.9797,-37.72478],[-59.9802,-37.72735],[-59.97995,-37.72828],[-59.98007,-37.72868],[-59.98063,-37.72944],[-59.98205,-37.73035],[-59.98298,-37.73136],[-59.98339,-37.73192],[-59.98434,-37.73323],[-59.98508,-37.73421],[-59.98538,-37.7345],[-59.98563,-37.73466],[-59.9862,-37.73491],[-59.98756,-37.7351],[-59.98782,-37.73518]]]}},{"type":"Feature","properties":{"tipo":"Corriente de agua intermitente","ign":"lineas_de_aguas_continentales_intermitentes.fid--23e67512_1a0e43d469c_-2be8"},"geometry":{"type":"MultiLineString","coordinates":[[[-59.9498,-37.69566],[-59.9498,-37.69675],[-59.94954,-37.69783],[-59.94905,-37.69891],[-59.94868,-37.69999],[-59.94831,-37.70107],[-59.94793,-37.70226],[-59.94732,-37.70334],[-59.94682,-37.70462],[-59.94619,-37.7057],[-59.94545,-37.70668],[-59.94483,-37.70767],[-59.94409,-37.70865],[-59.94322,-37.70954],[-59.94285,-37.71062],[-59.94359,-37.71161],[-59.94471,-37.7124],[-59.9457,-37.71338],[-59.94632,-37.71437],[-59.94656,-37.71545],[-59.94669,-37.71653],[-59.94669,-37.71772],[-59.94669,-37.7188],[-59.94631,-37.71988],[-59.94582,-37.72096],[-59.94531,-37.72204],[-59.94433,-37.72293],[-59.94321,-37.72362],[-59.9421,-37.72431],[-59.94086,-37.72499],[-59.93987,-37.72578],[-59.93999,-37.72686],[-59.93999,-37.72795],[-59.93999,-37.72903],[-59.93999,-37.72942],[-59.94012,-37.73103],[-59.94024,-37.73241],[-59.94019,-37.73291],[-59.93974,-37.73389],[-59.93875,-37.73517],[-59.93801,-37.73645],[-59.93726,-37.73782],[-59.93701,-37.7392],[-59.93689,-37.74058],[-59.93676,-37.74196],[-59.93652,-37.74334],[-59.93651,-37.74472],[-59.93639,-37.74619],[-59.93577,-37.74757],[-59.9349,-37.74895],[-59.93415,-37.75023],[-59.93403,-37.7516],[-59.93332,-37.75224],[-59.93276,-37.75269],[-59.93202,-37.75318],[-59.93181,-37.75337],[-59.93152,-37.75382],[-59.93136,-37.75431],[-59.93134,-37.75455],[-59.93133,-37.75534],[-59.93133,-37.75608],[-59.93132,-37.75682],[-59.93133,-37.75756],[-59.93127,-37.75781],[-59.93092,-37.75826],[-59.93091,-37.75827]]]}},{"type":"Feature","properties":{"tipo":"Corriente de agua intermitente","ign":"lineas_de_aguas_continentales_intermitentes.fid--23e67512_1a0e43d469c_-2be7"},"geometry":{"type":"MultiLineString","coordinates":[[[-59.97242,-37.7603],[-59.97217,-37.76028],[-59.97217,-37.76028]]]}},{"type":"Feature","properties":{"tipo":"Corriente de agua intermitente","ign":"lineas_de_aguas_continentales_intermitentes.fid--23e67512_1a0e43d469c_-2be6"},"geometry":{"type":"MultiLineString","coordinates":[[[-59.99817,-37.75691],[-59.99687,-37.75781],[-59.99588,-37.75807],[-59.99438,-37.75796],[-59.99364,-37.75796],[-59.99166,-37.75821],[-59.98961,-37.75825],[-59.98764,-37.75835],[-59.98565,-37.75865],[-59.9838,-37.75909],[-59.98175,-37.75954],[-59.98042,-37.75999],[-59.97868,-37.7606],[-59.97775,-37.76067],[-59.97242,-37.7603]]]}},{"type":"Feature","properties":{"tipo":"Corriente de agua intermitente","ign":"lineas_de_aguas_continentales_intermitentes.fid--23e67512_1a0e43d469c_-2be5"},"geometry":{"type":"MultiLineString","coordinates":[[[-60.0561,-37.74797],[-60.05337,-37.74873],[-60.05076,-37.74882],[-60.05007,-37.74927],[-60.04958,-37.75042],[-60.04922,-37.7508],[-60.04898,-37.7526],[-60.04863,-37.75392],[-60.04697,-37.75505],[-60.04507,-37.75608],[-60.04293,-37.75741],[-60.03819,-37.7575],[-60.03751,-37.75791],[-60.03698,-37.75893],[-60.03664,-37.75939],[-60.03309,-37.75948],[-60.03095,-37.75929],[-60.02893,-37.76071],[-60.0268,-37.76184],[-60.02573,-37.76155],[-60.02442,-37.76269],[-60.02193,-37.76335],[-60.02071,-37.76342],[-60.01904,-37.76342],[-60.01825,-37.76363],[-60.01647,-37.76533],[-60.01552,-37.76618]]]}},{"type":"Feature","properties":{"tipo":"Corriente de agua intermitente","ign":"lineas_de_aguas_continentales_intermitentes.fid--23e67512_1a0e43d469c_-2be4"},"geometry":{"type":"MultiLineString","coordinates":[[[-60.0169,-37.73061],[-60.01805,-37.73164],[-60.01869,-37.73291],[-60.01963,-37.73423],[-60.02048,-37.73556],[-60.02135,-37.73682],[-60.02228,-37.73798],[-60.02314,-37.73919],[-60.02386,-37.74051],[-60.02444,-37.74183],[-60.02471,-37.74322],[-60.0247,-37.7446],[-60.0242,-37.74591],[-60.02326,-37.74706],[-60.02202,-37.74803],[-60.02065,-37.74883],[-60.01919,-37.74969],[-60.01796,-37.75066],[-60.01716,-37.75187],[-60.01644,-37.75313],[-60.01564,-37.75439],[-60.01505,-37.75576],[-60.01447,-37.75708],[-60.01424,-37.75846],[-60.01373,-37.75978],[-60.0125,-37.76093],[-60.01134,-37.76196],[-60.01024,-37.76305],[-60.00916,-37.76431],[-60.008,-37.76534],[-60.0064,-37.76637],[-60.00489,-37.76705],[-60.00358,-37.76802],[-60.00199,-37.76882]]]}},{"type":"Feature","properties":{"tipo":"Corriente de agua intermitente","ign":"lineas_de_aguas_continentales_intermitentes.fid--23e67512_1a0e43d469c_-2be3"},"geometry":{"type":"MultiLineString","coordinates":[[[-59.94774,-37.66532],[-59.94652,-37.66581],[-59.94559,-37.6661],[-59.94536,-37.66625],[-59.94497,-37.66689],[-59.94529,-37.66814],[-59.94554,-37.66922],[-59.94579,-37.6703],[-59.94628,-37.67139],[-59.94678,-37.67257],[-59.94727,-37.67375],[-59.94801,-37.67474],[-59.94888,-37.67582],[-59.94974,-37.6767],[-59.95073,-37.6776],[-59.95135,-37.67868],[-59.95173,-37.67996],[-59.95172,-37.68104],[-59.95173,-37.68213],[-59.95185,-37.6833],[-59.95221,-37.68439],[-59.95259,-37.68547],[-59.9532,-37.68655],[-59.9537,-37.68764],[-59.95432,-37.68872],[-59.95493,-37.68971],[-59.95555,-37.69069],[-59.95593,-37.69128],[-59.95629,-37.69239],[-59.95642,-37.69346],[-59.95641,-37.69455],[-59.95654,-37.69563],[-59.95666,-37.69671],[-59.95703,-37.6978],[-59.9574,-37.69888],[-59.95765,-37.69996],[-59.95852,-37.70105],[-59.95926,-37.70203],[-59.95975,-37.70311],[-59.95987,-37.70419],[-59.95987,-37.70528],[-59.95987,-37.70656],[-59.95987,-37.70784],[-59.95987,-37.70892],[-59.95987,-37.7101],[-59.95987,-37.71119],[-59.95987,-37.71227],[-59.95987,-37.71336],[-59.95987,-37.71444],[-59.96,-37.71561],[-59.96036,-37.7168],[-59.96111,-37.71798],[-59.96148,-37.71916],[-59.9616,-37.72034],[-59.96161,-37.72143],[-59.96159,-37.72261],[-59.9616,-37.72369],[-59.9616,-37.72477],[-59.96197,-37.72586],[-59.96259,-37.72753],[-59.96407,-37.72814],[-59.96494,-37.72902],[-59.96555,-37.73],[-59.96618,-37.73119],[-59.9668,-37.73238],[-59.96704,-37.73345],[-59.96716,-37.73473],[-59.96729,-37.73581],[-59.96754,-37.737],[-59.96753,-37.73808],[-59.96754,-37.73916],[-59.96754,-37.74025],[-59.96753,-37.74143],[-59.96753,-37.74261],[-59.96753,-37.7438],[-59.96716,-37.74487],[-59.96666,-37.74605],[-59.96618,-37.74723],[-59.96555,-37.74842],[-59.96505,-37.7495],[-59.96443,-37.75058],[-59.96394,-37.75196],[-59.96344,-37.75304],[-59.9632,-37.75412],[-59.9627,-37.75521],[-59.96171,-37.75629],[-59.96084,-37.75718],[-59.95997,-37.75836],[-59.95798,-37.76003],[-59.95777,-37.76038],[-59.95677,-37.76136],[-59.95491,-37.76323],[-59.95379,-37.76412],[-59.95267,-37.7652],[-59.95168,-37.76628],[-59.95069,-37.76717],[-59.9497,-37.76815],[-59.94784,-37.76992],[-59.94685,-37.77071],[-59.94647,-37.77189],[-59.94635,-37.77298],[-59.94635,-37.77406],[-59.94635,-37.77524],[-59.94635,-37.77632],[-59.94646,-37.77687]]]}},{"type":"Feature","properties":{"tipo":"Corriente de agua intermitente","ign":"lineas_de_aguas_continentales_intermitentes.fid--23e67512_1a0e43d469c_-2be2"},"geometry":{"type":"MultiLineString","coordinates":[[[-59.62376,-37.7674],[-59.62573,-37.76799],[-59.62589,-37.76806],[-59.62614,-37.76829],[-59.62655,-37.76924],[-59.6267,-37.76971],[-59.6269,-37.77033],[-59.62706,-37.77062],[-59.62811,-37.77174],[-59.62907,-37.77288],[-59.62984,-37.77349],[-59.63055,-37.774],[-59.63169,-37.77752],[-59.63205,-37.77781],[-59.63279,-37.77803],[-59.63304,-37.77821],[-59.63324,-37.77899]]]}},{"type":"Feature","properties":{"tipo":"Corriente de agua intermitente","ign":"lineas_de_aguas_continentales_intermitentes.fid--23e67512_1a0e43d469c_-2be1"},"geometry":{"type":"MultiLineString","coordinates":[[[-59.63671,-37.76295],[-59.63595,-37.76419],[-59.63577,-37.76464],[-59.63565,-37.76556],[-59.63571,-37.76699],[-59.6357,-37.76842],[-59.6357,-37.76979],[-59.63532,-37.77116],[-59.63472,-37.77253],[-59.63434,-37.7739],[-59.63425,-37.77526],[-59.63395,-37.7767],[-59.63364,-37.77806],[-59.63324,-37.77899]]]}},{"type":"Feature","properties":{"tipo":"Corriente de agua intermitente","ign":"lineas_de_aguas_continentales_intermitentes.fid--23e67512_1a0e43d469c_-2be0"},"geometry":{"type":"MultiLineString","coordinates":[[[-59.63324,-37.77899],[-59.633,-37.77949],[-59.63157,-37.78049],[-59.63036,-37.78156],[-59.62953,-37.78281],[-59.62848,-37.78406],[-59.6275,-37.78524],[-59.62659,-37.78643],[-59.62608,-37.78729],[-59.62598,-37.78774],[-59.62597,-37.78911],[-59.62597,-37.79049],[-59.62596,-37.79185],[-59.62649,-37.79327]]]}},{"type":"Feature","properties":{"tipo":"Corriente de agua intermitente","ign":"lineas_de_aguas_continentales_intermitentes.fid--23e67512_1a0e43d469c_-2bdf"},"geometry":{"type":"MultiLineString","coordinates":[[[-60.08438,-37.73482],[-60.08368,-37.73501],[-60.08216,-37.73581],[-60.08093,-37.73679],[-60.07978,-37.73787],[-60.07861,-37.7389],[-60.07745,-37.74005],[-60.07643,-37.74125],[-60.07542,-37.7424],[-60.07462,-37.7436],[-60.0739,-37.74498],[-60.07338,-37.74636],[-60.07323,-37.74774],[-60.07345,-37.74929],[-60.07388,-37.75061],[-60.07396,-37.75191],[-60.07299,-37.75364],[-60.07372,-37.7546],[-60.07525,-37.75601],[-60.075,-37.75703],[-60.07396,-37.75748],[-60.07437,-37.75845],[-60.07388,-37.76017],[-60.07446,-37.76197],[-60.07413,-37.76439],[-60.07413,-37.76535],[-60.07485,-37.76708],[-60.07397,-37.76817],[-60.07243,-37.76905],[-60.07142,-37.77014],[-60.07004,-37.771],[-60.0686,-37.77192],[-60.06737,-37.77294],[-60.06613,-37.77404],[-60.06497,-37.77507],[-60.06402,-37.77627],[-60.06287,-37.77736],[-60.06156,-37.77827],[-60.06004,-37.7789],[-60.05838,-37.7793],[-60.05672,-37.77964],[-60.05491,-37.77981],[-60.05318,-37.77943],[-60.05157,-37.77956],[-60.0485,-37.7802],[-60.04832,-37.78185],[-60.04818,-37.7827],[-60.0464,-37.78405],[-60.04419,-37.78454],[-60.04245,-37.78481],[-60.04117,-37.78603],[-60.0397,-37.78671],[-60.03804,-37.78704],[-60.03652,-37.78785],[-60.03522,-37.78882],[-60.03434,-37.79003],[-60.03216,-37.79081],[-60.03111,-37.79197],[-60.02958,-37.7928],[-60.02821,-37.79376],[-60.02877,-37.79517],[-60.02837,-37.79651],[-60.0249,-37.79735],[-60.02256,-37.79895],[-60.02127,-37.80074],[-60.01965,-37.80164],[-60.01723,-37.801],[-60.01594,-37.80164],[-60.01416,-37.80196],[-60.01344,-37.80395],[-60.01231,-37.80529],[-60.01118,-37.80542],[-60.01021,-37.80651],[-60.00964,-37.80774],[-60.01013,-37.80965],[-60.00932,-37.81119],[-60.00803,-37.81472],[-60.00674,-37.81634],[-60.00499,-37.81724],[-60.00333,-37.81938],[-60.00188,-37.82053],[-60.00148,-37.82329]]]}},{"type":"Feature","properties":{"tipo":"Corriente de agua intermitente","ign":"lineas_de_aguas_continentales_intermitentes.fid--23e67512_1a0e43d469c_-2bde"},"geometry":{"type":"MultiLineString","coordinates":[[[-59.62649,-37.79327],[-59.62558,-37.79408],[-59.62437,-37.79538],[-59.62318,-37.79657],[-59.62212,-37.79764],[-59.6209,-37.7987],[-59.61986,-37.79989],[-59.61835,-37.8006],[-59.61713,-37.8006]]]}},{"type":"Feature","properties":{"tipo":"Corriente de agua intermitente","ign":"lineas_de_aguas_continentales_intermitentes.fid--23e67512_1a0e43d469c_-2bdd"},"geometry":{"type":"MultiLineString","coordinates":[[[-59.99691,-37.77834],[-59.99522,-37.77837],[-59.9935,-37.77877],[-59.99231,-37.77959],[-59.99112,-37.7814],[-59.99014,-37.78234],[-59.9893,-37.783],[-59.98781,-37.78454],[-59.9862,-37.78581],[-59.98463,-37.78659],[-59.98304,-37.78722],[-59.98127,-37.78801],[-59.97949,-37.78864],[-59.97771,-37.78942],[-59.97593,-37.79005],[-59.97435,-37.79083],[-59.97257,-37.79193],[-59.97119,-37.79287],[-59.9702,-37.79412],[-59.96902,-37.79522],[-59.96686,-37.79634],[-59.96553,-37.79767],[-59.96444,-37.79873],[-59.96341,-37.79952],[-59.96188,-37.80054],[-59.95906,-37.80113],[-59.95822,-37.80152],[-59.95663,-37.80183],[-59.95451,-37.80269],[-59.9534,-37.80307],[-59.95123,-37.80338],[-59.94965,-37.804],[-59.94748,-37.80463],[-59.94589,-37.80526],[-59.94431,-37.80589],[-59.94273,-37.80651],[-59.94114,-37.80714],[-59.93937,-37.80777],[-59.93778,-37.80839],[-59.9362,-37.80918],[-59.93461,-37.80996],[-59.93304,-37.81059],[-59.93079,-37.81076],[-59.92847,-37.8112],[-59.92733,-37.81147],[-59.92599,-37.81166],[-59.92408,-37.81252],[-59.92224,-37.81311],[-59.92002,-37.81362],[-59.91833,-37.81378],[-59.91689,-37.81438],[-59.91584,-37.81466],[-59.91545,-37.81469],[-59.91465,-37.81467],[-59.91406,-37.81466],[-59.91286,-37.81469],[-59.91228,-37.81466],[-59.91177,-37.81456],[-59.91079,-37.81427],[-59.91005,-37.81404]]]}},{"type":"Feature","properties":{"tipo":"Corriente de agua intermitente","ign":"lineas_de_aguas_continentales_intermitentes.fid--23e67512_1a0e43d469c_-2bdc"},"geometry":{"type":"MultiLineString","coordinates":[[[-59.71539,-37.72304],[-59.71538,-37.72447],[-59.71493,-37.72577],[-59.71357,-37.72673],[-59.71223,-37.72791],[-59.71117,-37.72898],[-59.71012,-37.73005],[-59.70906,-37.73112],[-59.70832,-37.73243],[-59.70786,-37.73373],[-59.70741,-37.73504],[-59.70724,-37.73647],[-59.70709,-37.73802],[-59.70709,-37.73945],[-59.70648,-37.74076],[-59.70588,-37.74219],[-59.70512,-37.74361],[-59.70407,-37.74468],[-59.70302,-37.74587],[-59.70167,-37.74694],[-59.7013,-37.74734],[-59.7008,-37.74787],[-59.70046,-37.748],[-59.69911,-37.74823],[-59.69783,-37.74913],[-59.69678,-37.75032],[-59.69587,-37.75163],[-59.69557,-37.75305],[-59.69497,-37.75436],[-59.69466,-37.75579],[-59.69421,-37.7571],[-59.69375,-37.75853],[-59.69329,-37.75995],[-59.69314,-37.76138],[-59.69313,-37.76281],[-59.69313,-37.76424],[-59.69313,-37.76566],[-59.69311,-37.7671],[-59.69311,-37.76852],[-59.6931,-37.76996],[-59.6931,-37.77139],[-59.69309,-37.77281],[-59.6926,-37.77409],[-59.69222,-37.77516],[-59.69139,-37.77707],[-59.69086,-37.77826],[-59.69003,-37.77962],[-59.6889,-37.78069],[-59.68808,-37.78179],[-59.68726,-37.78304],[-59.68665,-37.78434],[-59.68597,-37.78565],[-59.68544,-37.78696],[-59.6852,-37.78833],[-59.68513,-37.7897],[-59.68519,-37.79113],[-59.68549,-37.79256],[-59.68593,-37.79387],[-59.68592,-37.79524],[-59.68592,-37.79661],[-59.68622,-37.79803],[-59.6862,-37.79895],[-59.68598,-37.7994],[-59.6847,-37.80042],[-59.68365,-37.80154],[-59.68327,-37.80291],[-59.68303,-37.8041],[-59.6829,-37.80548],[-59.6829,-37.80685],[-59.68282,-37.80828],[-59.68236,-37.80965],[-59.68213,-37.81114],[-59.68175,-37.81257],[-59.68106,-37.81399],[-59.68073,-37.81551],[-59.68042,-37.81664],[-59.68037,-37.81718],[-59.6803,-37.81788],[-59.68011,-37.81819],[-59.67936,-37.81896],[-59.67867,-37.82021],[-59.67865,-37.82065],[-59.67894,-37.82127],[-59.67904,-37.82158],[-59.67927,-37.82294],[-59.67926,-37.82431],[-59.67893,-37.82469],[-59.67783,-37.82509],[-59.67611,-37.82508],[-59.67453,-37.82454],[-59.67296,-37.82508],[-59.67145,-37.8259],[-59.66995,-37.82661],[-59.66837,-37.82732],[-59.66679,-37.82791],[-59.66544,-37.8288],[-59.66416,-37.82975],[-59.66258,-37.83034],[-59.66086,-37.83076],[-59.65936,-37.83152],[-59.65807,-37.83259],[-59.65769,-37.83396],[-59.65627,-37.83479],[-59.65536,-37.8352]]]}},{"type":"Feature","properties":{"tipo":"Corriente de agua intermitente","ign":"lineas_de_aguas_continentales_intermitentes.fid--23e67512_1a0e43d469c_-2bdb"},"geometry":{"type":"MultiLineString","coordinates":[[[-59.99077,-37.83693],[-59.99083,-37.83945],[-59.99002,-37.84054],[-59.98742,-37.84172],[-59.98575,-37.84221],[-59.98421,-37.84258],[-59.98145,-37.84292],[-59.97947,-37.84362],[-59.97761,-37.84439],[-59.97599,-37.84528],[-59.97425,-37.84597],[-59.97215,-37.84646],[-59.97041,-37.84725],[-59.96867,-37.84824],[-59.96719,-37.84941],[-59.96595,-37.8507],[-59.9647,-37.85188],[-59.96296,-37.85256],[-59.96061,-37.85365],[-59.95963,-37.85385],[-59.95757,-37.85355],[-59.95663,-37.85266],[-59.95453,-37.85247],[-59.95255,-37.85237],[-59.95043,-37.85207],[-59.94845,-37.85196],[-59.94659,-37.85147],[-59.94461,-37.85118],[-59.94262,-37.85069],[-59.94063,-37.85019],[-59.94044,-37.85016],[-59.93865,-37.8498],[-59.93679,-37.8493],[-59.9348,-37.84911],[-59.93295,-37.84891]]]}},{"type":"Feature","properties":{"tipo":"Corriente de agua intermitente","ign":"lineas_de_aguas_continentales_intermitentes.fid--23e67512_1a0e43d469c_-2bda"},"geometry":{"type":"MultiLineString","coordinates":[[[-59.82799,-37.88195],[-59.83023,-37.88155],[-59.83276,-37.88177],[-59.83514,-37.88178],[-59.83795,-37.88131],[-59.83926,-37.88058],[-59.84117,-37.8801],[-59.84335,-37.87971],[-59.84502,-37.88003],[-59.84779,-37.8805],[-59.84848,-37.88038],[-59.84968,-37.87949],[-59.85096,-37.87807],[-59.85314,-37.87683],[-59.85434,-37.8751],[-59.85651,-37.87275],[-59.8576,-37.87133],[-59.85913,-37.87032],[-59.85963,-37.86987]]]}},{"type":"Feature","properties":{"tipo":"Corriente de agua intermitente","ign":"lineas_de_aguas_continentales_intermitentes.fid--23e67512_1a0e43d469c_-2bd9"},"geometry":{"type":"MultiLineString","coordinates":[[[-59.83173,-37.94255],[-59.82984,-37.94255],[-59.82816,-37.94168],[-59.82668,-37.94097],[-59.82479,-37.94097],[-59.82292,-37.94097],[-59.82103,-37.94065],[-59.81946,-37.94011],[-59.81757,-37.93994],[-59.81559,-37.94009],[-59.81391,-37.94056],[-59.81203,-37.94056],[-59.81025,-37.9404],[-59.80866,-37.9411],[-59.80727,-37.94197],[-59.80579,-37.94275],[-59.804,-37.94282],[-59.80212,-37.94266],[-59.80064,-37.94187],[-59.79936,-37.94085],[-59.79787,-37.94007],[-59.79609,-37.93998],[-59.79431,-37.94029],[-59.79263,-37.94084],[-59.79085,-37.94123],[-59.78916,-37.94154],[-59.78787,-37.94185]]]}},{"type":"Feature","properties":{"tipo":"Corriente de agua intermitente","ign":"lineas_de_aguas_continentales_intermitentes.fid--23e67512_1a0e43d469c_-2bd8"},"geometry":{"type":"MultiLineString","coordinates":[[[-59.88181,-37.92426],[-59.88018,-37.92479],[-59.87893,-37.925],[-59.87833,-37.92489],[-59.87684,-37.9241],[-59.87529,-37.92346],[-59.87483,-37.92343],[-59.87471,-37.92342],[-59.87391,-37.92349],[-59.87355,-37.92341],[-59.87194,-37.92266],[-59.87038,-37.92193],[-59.86871,-37.92149],[-59.86821,-37.92122],[-59.86758,-37.9208],[-59.86723,-37.9207],[-59.86653,-37.9206],[-59.86422,-37.9202],[-59.86237,-37.9203],[-59.86057,-37.92035],[-59.85876,-37.9204],[-59.85759,-37.92048],[-59.85703,-37.92064],[-59.85535,-37.92143],[-59.85361,-37.92221],[-59.85181,-37.9227],[-59.85007,-37.92289],[-59.84833,-37.92289],[-59.84673,-37.92285],[-59.84597,-37.92269],[-59.84492,-37.92229],[-59.84318,-37.92165],[-59.84169,-37.92096],[-59.84011,-37.92042],[-59.83818,-37.92007],[-59.83644,-37.91972],[-59.83472,-37.91933],[-59.83406,-37.91925],[-59.83272,-37.91937],[-59.8311,-37.91991],[-59.82968,-37.9208],[-59.82837,-37.92168],[-59.82676,-37.92252],[-59.82526,-37.92335],[-59.82377,-37.92414],[-59.82228,-37.92492],[-59.82141,-37.92537],[-59.81971,-37.92593],[-59.81815,-37.92667],[-59.81672,-37.92756],[-59.81511,-37.92829],[-59.81349,-37.92913],[-59.81156,-37.92991],[-59.81001,-37.93064],[-59.80827,-37.93114],[-59.80653,-37.93093],[-59.80497,-37.93034],[-59.8033,-37.92989],[-59.80157,-37.92975],[-59.79964,-37.92974],[-59.79784,-37.92974],[-59.7961,-37.92993],[-59.79443,-37.93032],[-59.7938,-37.93047],[-59.79147,-37.93086],[-59.78936,-37.9311],[-59.78762,-37.93149],[-59.78588,-37.93188],[-59.7842,-37.93217],[-59.78234,-37.93252],[-59.7806,-37.93272],[-59.77836,-37.9332],[-59.77662,-37.93364],[-59.77501,-37.93417],[-59.7734,-37.93476],[-59.7724,-37.93525],[-59.77095,-37.93613],[-59.76945,-37.93707],[-59.76796,-37.93789],[-59.76647,-37.93858],[-59.76479,-37.93917],[-59.76311,-37.93966],[-59.76149,-37.94025],[-59.76,-37.94103],[-59.75947,-37.94123],[-59.75875,-37.94148],[-59.75845,-37.94167],[-59.75826,-37.94182]]]}},{"type":"Feature","properties":{"tipo":"Corriente de agua intermitente","ign":"lineas_de_aguas_continentales_intermitentes.fid--23e67512_1a0e43d469c_-2bd7"},"geometry":{"type":"MultiLineString","coordinates":[[[-59.8896,-37.94468],[-59.88967,-37.94356],[-59.8896,-37.94275],[-59.88957,-37.94247],[-59.88909,-37.94146],[-59.88902,-37.9411],[-59.88908,-37.94036],[-59.88925,-37.94018],[-59.88941,-37.94],[-59.88988,-37.93946],[-59.89001,-37.93889],[-59.89002,-37.93883],[-59.89005,-37.93872],[-59.88992,-37.93834],[-59.88966,-37.93804],[-59.88892,-37.93758],[-59.88851,-37.93745],[-59.88829,-37.93738],[-59.88797,-37.93736],[-59.88754,-37.93747],[-59.88727,-37.93792],[-59.88692,-37.93847],[-59.88692,-37.93848],[-59.88629,-37.93882],[-59.88578,-37.9391],[-59.88454,-37.93967],[-59.88415,-37.93994],[-59.8835,-37.94038],[-59.88254,-37.94115],[-59.88208,-37.94157],[-59.88163,-37.94197],[-59.88087,-37.94287],[-59.88029,-37.94388],[-59.87949,-37.94479],[-59.87884,-37.94534],[-59.87878,-37.94548],[-59.87865,-37.94566],[-59.87841,-37.94593],[-59.87826,-37.94605],[-59.87799,-37.94626]]]}},{"type":"Feature","properties":{"tipo":"Corriente de agua intermitente","ign":"lineas_de_aguas_continentales_intermitentes.fid--23e67512_1a0e43d469c_-2bd6"},"geometry":{"type":"MultiLineString","coordinates":[[[-59.81716,-37.95198],[-59.81529,-37.95197],[-59.81483,-37.95199],[-59.81356,-37.95202],[-59.81175,-37.95187],[-59.81161,-37.95186],[-59.80989,-37.95177],[-59.80815,-37.95181],[-59.80648,-37.95142],[-59.80518,-37.95048],[-59.80362,-37.94979],[-59.80176,-37.94959],[-59.79996,-37.94958],[-59.79822,-37.94978],[-59.79648,-37.95007],[-59.79473,-37.95051],[-59.79324,-37.95125],[-59.79206,-37.95223],[-59.79187,-37.95239]]]}},{"type":"Feature","properties":{"tipo":"Corriente de agua intermitente","ign":"lineas_de_aguas_continentales_intermitentes.fid--23e67512_1a0e43d469c_-2bd5"},"geometry":{"type":"MultiLineString","coordinates":[[[-59.73932,-37.96251],[-59.74105,-37.96125],[-59.74265,-37.95977],[-59.7441,-37.95811],[-59.74548,-37.95638],[-59.74707,-37.95496],[-59.74794,-37.95312],[-59.74783,-37.94909],[-59.74894,-37.94831],[-59.75005,-37.94733],[-59.75032,-37.94705],[-59.75131,-37.946],[-59.75231,-37.94517],[-59.75387,-37.94355],[-59.75556,-37.94064],[-59.75694,-37.93891],[-59.75817,-37.93731],[-59.75842,-37.93654],[-59.75875,-37.93554],[-59.75933,-37.93365],[-59.7581,-37.93192],[-59.75602,-37.93089],[-59.75362,-37.93083],[-59.75217,-37.93226],[-59.75095,-37.9338],[-59.74906,-37.93489],[-59.74697,-37.93586],[-59.74459,-37.93609],[-59.74205,-37.93632],[-59.73959,-37.93671],[-59.73913,-37.93709]]]}},{"type":"Feature","properties":{"tipo":"Corriente de agua intermitente","ign":"lineas_de_aguas_continentales_intermitentes.fid--23e67512_1a0e43d469c_-2bd4"},"geometry":{"type":"MultiLineString","coordinates":[[[-59.73932,-37.96251],[-59.73845,-37.96469],[-59.73833,-37.96486],[-59.7379,-37.96508],[-59.73674,-37.96528],[-59.7362,-37.96543],[-59.73417,-37.96646],[-59.73251,-37.96783],[-59.73169,-37.96869],[-59.73098,-37.96944],[-59.7306,-37.96984],[-59.72985,-37.97027],[-59.72903,-37.97037],[-59.72788,-37.97011],[-59.72731,-37.97003],[-59.7252,-37.96997],[-59.72318,-37.96962],[-59.72218,-37.96945]]]}},{"type":"Feature","properties":{"fna":"Arroyo El Pescado Castigado","gna":"Arroyo","nam":"El Pescado Castigado","tipo":"Corriente de agua intermitente","ign":"lineas_de_aguas_continentales_intermitentes.fid--23e67512_1a0e43d469c_-2bd3"},"geometry":{"type":"MultiLineString","coordinates":[[[-59.68775,-37.98656],[-59.68774,-37.98779],[-59.6881,-37.98912],[-59.68841,-37.99045],[-59.68853,-37.99129],[-59.68834,-37.99168],[-59.68728,-37.99227],[-59.68591,-37.9931],[-59.68442,-37.99384],[-59.68317,-37.99482],[-59.68192,-37.9958],[-59.68148,-37.99608],[-59.68042,-37.99648],[-59.67869,-37.99683],[-59.67511,-37.99852]]]}},{"type":"Feature","properties":{"tipo":"Corriente de agua intermitente","ign":"lineas_de_aguas_continentales_intermitentes.fid--23e67512_1a0e43d469c_-2bd2"},"geometry":{"type":"MultiLineString","coordinates":[[[-59.66193,-38.01475],[-59.66318,-38.01481],[-59.66393,-38.01471],[-59.66538,-38.01441],[-59.6664,-38.01421],[-59.66784,-38.01416],[-59.66998,-38.01381],[-59.67122,-38.01249],[-59.67258,-38.01234],[-59.67437,-38.0126],[-59.67554,-38.0123],[-59.67712,-38.01175],[-59.6787,-38.01155],[-59.68009,-38.01059],[-59.68084,-38.00942],[-59.68298,-38.00835],[-59.684,-38.00948],[-59.6853,-38.00978],[-59.68818,-38.00974],[-59.69031,-38.00985],[-59.69124,-38.01047],[-59.69201,-38.01191],[-59.69256,-38.0124],[-59.69558,-38.01261],[-59.69674,-38.01384],[-59.6996,-38.0145],[-59.70358,-38.01426],[-59.70675,-38.01366],[-59.70922,-38.01254],[-59.71162,-38.01128],[-59.713,-38.01006],[-59.71472,-38.00925],[-59.71848,-38.00764],[-59.72081,-38.00627],[-59.72178,-38.005],[-59.72364,-38.00348],[-59.72377,-38.00326]]]}},{"type":"Feature","properties":{"tipo":"Corriente de agua intermitente","ign":"lineas_de_aguas_continentales_intermitentes.fid--23e67512_1a0e43d469c_-2bcf"},"geometry":{"type":"MultiLineString","coordinates":[[[-59.68375,-38.06077],[-59.68192,-38.06041],[-59.68066,-38.06019],[-59.68058,-38.06018],[-59.67965,-38.0601],[-59.67758,-38.06033],[-59.677,-38.06068],[-59.67689,-38.06095],[-59.67661,-38.06161],[-59.67632,-38.06225],[-59.67596,-38.06255],[-59.67545,-38.06296],[-59.6741,-38.06353],[-59.67255,-38.06374],[-59.67121,-38.06373],[-59.6688,-38.06387],[-59.66716,-38.06415],[-59.66648,-38.06458],[-59.66523,-38.06543],[-59.66426,-38.06629],[-59.6629,-38.06743],[-59.66184,-38.06828],[-59.66078,-38.06892],[-59.65934,-38.06961],[-59.65913,-38.06971],[-59.65788,-38.07098],[-59.65746,-38.07146],[-59.65633,-38.0727],[-59.65482,-38.07359]]]}},{"type":"Feature","properties":{"tipo":"Corriente de agua intermitente","ign":"lineas_de_aguas_continentales_intermitentes.fid--23e67512_1a0e43d469c_-2bb0"},"geometry":{"type":"MultiLineString","coordinates":[[[-59.49451,-37.59689],[-59.4945,-37.5985],[-59.49432,-37.59943],[-59.49401,-37.59981],[-59.49274,-37.60081],[-59.49149,-37.6018],[-59.48975,-37.60248],[-59.48819,-37.60316],[-59.48664,-37.60393],[-59.48519,-37.60469],[-59.48354,-37.60514],[-59.48171,-37.60514],[-59.47987,-37.60505],[-59.47813,-37.60512],[-59.4763,-37.60519],[-59.47456,-37.60533],[-59.47272,-37.60556],[-59.47185,-37.60571]]]}},{"type":"Feature","properties":{"tipo":"Corriente de agua intermitente","ign":"lineas_de_aguas_continentales_intermitentes.fid--23e67512_1a0e43d469c_-2baf"},"geometry":{"type":"MultiLineString","coordinates":[[[-59.43751,-37.61749],[-59.43594,-37.61803],[-59.43548,-37.61829],[-59.43494,-37.61874],[-59.43462,-37.61895],[-59.43349,-37.61948],[-59.43293,-37.61949],[-59.43135,-37.61885],[-59.42978,-37.61829],[-59.42931,-37.61804],[-59.42846,-37.61741],[-59.42731,-37.61639]]]}},{"type":"Feature","properties":{"tipo":"Corriente de agua intermitente","ign":"lineas_de_aguas_continentales_intermitentes.fid--23e67512_1a0e43d469c_-2bae"},"geometry":{"type":"MultiLineString","coordinates":[[[-59.68775,-37.98656],[-59.69081,-37.98406],[-59.69194,-37.98259],[-59.69387,-37.98121],[-59.69549,-37.98019],[-59.69718,-37.97895],[-59.69906,-37.9777],[-59.70117,-37.97689],[-59.70362,-37.97667],[-59.70587,-37.9761],[-59.7084,-37.97582],[-59.71072,-37.97536],[-59.71318,-37.97514],[-59.71542,-37.97474],[-59.71817,-37.97325],[-59.71916,-37.97237],[-59.72122,-37.97055],[-59.72218,-37.96945]]]}},{"type":"Feature","properties":{"tipo":"Corriente de agua intermitente","ign":"lineas_de_aguas_continentales_intermitentes.fid--23e67512_1a0e43d469c_-2b90"},"geometry":{"type":"MultiLineString","coordinates":[[[-59.65111,-37.43911],[-59.65034,-37.44039],[-59.64996,-37.44175],[-59.64995,-37.44311],[-59.64956,-37.44447],[-59.64956,-37.44583],[-59.64917,-37.44727],[-59.64879,-37.44862],[-59.64802,-37.44991],[-59.64698,-37.45104],[-59.64574,-37.45201],[-59.6446,-37.45315],[-59.64346,-37.4542],[-59.64232,-37.45525],[-59.64128,-37.45638],[-59.64022,-37.45751],[-59.63927,-37.45872],[-59.63884,-37.45944],[-59.63851,-37.46],[-59.63813,-37.46061]]]}},{"type":"Feature","properties":{"tipo":"Corriente de agua intermitente","ign":"lineas_de_aguas_continentales_intermitentes.fid--23e67512_1a0e43d469c_-2b8e"},"geometry":{"type":"MultiLineString","coordinates":[[[-59.36295,-37.46236],[-59.3642,-37.46346],[-59.36502,-37.46425],[-59.36617,-37.46554],[-59.36634,-37.466],[-59.36627,-37.46694],[-59.36594,-37.46834],[-59.36483,-37.46938],[-59.36409,-37.47022],[-59.36394,-37.47069],[-59.36393,-37.47209],[-59.36391,-37.47358],[-59.3639,-37.47498],[-59.36356,-37.47646],[-59.36234,-37.47785],[-59.36185,-37.47858],[-59.36002,-37.47994],[-59.35972,-37.48089],[-59.3596,-37.48233],[-59.35997,-37.48395],[-59.3602,-37.48513],[-59.3603,-37.48653],[-59.36029,-37.48793],[-59.36017,-37.48933],[-59.35983,-37.49073],[-59.35987,-37.49117],[-59.36026,-37.49204],[-59.36146,-37.4931],[-59.36166,-37.4945],[-59.36158,-37.49544],[-59.36132,-37.4959],[-59.36084,-37.49624],[-59.36012,-37.49651],[-59.35978,-37.49668],[-59.35846,-37.49763],[-59.3582,-37.49805],[-59.358,-37.49894],[-59.35799,-37.50051],[-59.35765,-37.502],[-59.35731,-37.50287]]]}},{"type":"Feature","properties":{"tipo":"Corriente de agua intermitente","ign":"lineas_de_aguas_continentales_intermitentes.fid--23e67512_1a0e43d469c_-2b8d"},"geometry":{"type":"MultiLineString","coordinates":[[[-59.68565,-37.42984],[-59.68583,-37.43127],[-59.68602,-37.43242],[-59.6862,-37.43482],[-59.68648,-37.43683],[-59.68675,-37.43872],[-59.68747,-37.44084],[-59.68818,-37.44279],[-59.68918,-37.44446],[-59.68954,-37.44629],[-59.69046,-37.44818],[-59.69146,-37.45013],[-59.69211,-37.45192],[-59.69347,-37.45346],[-59.69447,-37.45553],[-59.69503,-37.45731],[-59.69612,-37.45915],[-59.69712,-37.4611],[-59.69744,-37.46287],[-59.69866,-37.46477],[-59.6995,-37.46627],[-59.70034,-37.46817],[-59.70194,-37.47165],[-59.70232,-37.47316],[-59.70317,-37.47483],[-59.70368,-37.47573],[-59.70401,-37.47717],[-59.70457,-37.47906],[-59.70494,-37.48103],[-59.7054,-37.48412],[-59.70483,-37.48567],[-59.70378,-37.48755],[-59.70339,-37.48875],[-59.70222,-37.49183],[-59.70166,-37.49281],[-59.70023,-37.49531],[-59.69955,-37.49749],[-59.7001,-37.49934],[-59.69992,-37.50127],[-59.6983,-37.50301],[-59.69886,-37.50754],[-59.69941,-37.50898],[-59.70045,-37.51133],[-59.70095,-37.51181],[-59.7037,-37.51444],[-59.70379,-37.51694],[-59.70424,-37.51726]]]}},{"type":"Feature","properties":{"fna":"Arroyo Yehuinco","gna":"Arroyo","nam":"Yehuinco","tipo":"Corriente de agua intermitente","ign":"lineas_de_aguas_continentales_intermitentes.fid--23e67512_1a0e43d469c_-2b8b"},"geometry":{"type":"MultiLineString","coordinates":[[[-59.60609,-37.55429],[-59.60681,-37.55601],[-59.60781,-37.55774],[-59.60874,-37.55968],[-59.60989,-37.5613],[-59.61088,-37.56313],[-59.61211,-37.56485],[-59.61368,-37.56641],[-59.61525,-37.56796],[-59.61572,-37.56843]]]}},{"type":"Feature","properties":{"tipo":"Corriente de agua intermitente","ign":"lineas_de_aguas_continentales_intermitentes.fid--23e67512_1a0e43d469c_-2b87"},"geometry":{"type":"MultiLineString","coordinates":[[[-59.42818,-37.59304],[-59.42659,-37.59362],[-59.42506,-37.59441],[-59.42358,-37.59508],[-59.42168,-37.5954],[-59.41999,-37.59565],[-59.41946,-37.59581],[-59.41862,-37.59648],[-59.41787,-37.59774],[-59.41723,-37.59903],[-59.41722,-37.60045],[-59.4165,-37.60128],[-59.41595,-37.60154],[-59.41415,-37.60161],[-59.41246,-37.60198],[-59.41215,-37.60211]]]}},{"type":"Feature","properties":{"tipo":"Corriente de agua intermitente","ign":"lineas_de_aguas_continentales_intermitentes.fid--23e67512_1a0e43d469c_-2b86"},"geometry":{"type":"MultiLineString","coordinates":[[[-59.33639,-37.60603],[-59.33655,-37.6057],[-59.33667,-37.60524],[-59.33655,-37.60427],[-59.33652,-37.60356],[-59.33679,-37.60243],[-59.33675,-37.601],[-59.33718,-37.59954],[-59.33751,-37.5987],[-59.33773,-37.59732],[-59.33811,-37.59598],[-59.33883,-37.59457]]]}},{"type":"Feature","properties":{"tipo":"Corriente de agua intermitente","ign":"lineas_de_aguas_continentales_intermitentes.fid--23e67512_1a0e43d469c_-2b85"},"geometry":{"type":"MultiLineString","coordinates":[[[-59.42925,-37.61113],[-59.43051,-37.61205],[-59.43102,-37.61227],[-59.4318,-37.61239],[-59.43219,-37.61248],[-59.43324,-37.61288],[-59.43372,-37.61316],[-59.43398,-37.61356],[-59.43412,-37.61419],[-59.43428,-37.61446],[-59.43543,-37.61552],[-59.43589,-37.6158],[-59.43651,-37.61617],[-59.43674,-37.6164],[-59.43751,-37.61749]]]}},{"type":"Feature","properties":{"tipo":"Corriente de agua intermitente","ign":"lineas_de_aguas_continentales_intermitentes.fid--23e67512_1a0e43d469c_-2b84"},"geometry":{"type":"MultiLineString","coordinates":[[[-59.29909,-37.59892],[-59.29858,-37.60026],[-59.29768,-37.60143],[-59.29717,-37.60276],[-59.29526,-37.60923],[-59.29419,-37.61121],[-59.29343,-37.6121],[-59.29308,-37.61245],[-59.29189,-37.61347],[-59.29162,-37.61375]]]}},{"type":"Feature","properties":{"tipo":"Corriente de agua intermitente","ign":"lineas_de_aguas_continentales_intermitentes.fid--23e67512_1a0e43d469c_-2b83"},"geometry":{"type":"MultiLineString","coordinates":[[[-59.26808,-37.60919],[-59.26807,-37.61061],[-59.26805,-37.61202],[-59.26794,-37.61344],[-59.26772,-37.61485],[-59.2677,-37.61635],[-59.2677,-37.61776],[-59.26786,-37.61819],[-59.26857,-37.61895],[-59.26955,-37.62005],[-59.26976,-37.62049],[-59.26983,-37.62139],[-59.26962,-37.62281],[-59.26951,-37.62422],[-59.2695,-37.62564],[-59.26976,-37.62639]]]}},{"type":"Feature","properties":{"tipo":"Corriente de agua intermitente","ign":"lineas_de_aguas_continentales_intermitentes.fid--23e67512_1a0e43d469c_-2b82"},"geometry":{"type":"MultiLineString","coordinates":[[[-59.25042,-37.63025],[-59.2523,-37.63021],[-59.25286,-37.63026],[-59.25397,-37.6305],[-59.25511,-37.63073],[-59.25561,-37.63094],[-59.25692,-37.63181],[-59.25825,-37.63269],[-59.2592,-37.63298],[-59.26065,-37.63324],[-59.26147,-37.63358],[-59.26292,-37.63445],[-59.26355,-37.63488]]]}},{"type":"Feature","properties":{"fna":"Arroyo Yehuinco","gna":"Arroyo","nam":"Yehuinco","tipo":"Corriente de agua intermitente","ign":"lineas_de_aguas_continentales_intermitentes.fid--23e67512_1a0e43d469c_-2b81"},"geometry":{"type":"MultiLineString","coordinates":[[[-59.62783,-37.63091],[-59.62804,-37.63226],[-59.62876,-37.63404],[-59.62983,-37.63581],[-59.63083,-37.63754],[-59.63184,-37.63937],[-59.63248,-37.64127],[-59.6334,-37.64305],[-59.63412,-37.64506],[-59.63477,-37.64684],[-59.63533,-37.64861],[-59.63626,-37.65034],[-59.63702,-37.65148],[-59.63755,-37.65194],[-59.63962,-37.65312]]]}},{"type":"Feature","properties":{"tipo":"Corriente de agua intermitente","ign":"lineas_de_aguas_continentales_intermitentes.fid--23e67512_1a0e43d469c_-2b80"},"geometry":{"type":"MultiLineString","coordinates":[[[-59.63962,-37.65312],[-59.63963,-37.65069],[-59.64097,-37.64772],[-59.64135,-37.64608],[-59.64051,-37.64378],[-59.64006,-37.63763],[-59.63874,-37.63427],[-59.63851,-37.63293],[-59.63853,-37.63033],[-59.63806,-37.62659],[-59.63687,-37.62409],[-59.63567,-37.62236],[-59.63363,-37.62149],[-59.63227,-37.61988],[-59.63182,-37.61985],[-59.6263,-37.61627]]]}},{"type":"Feature","properties":{"tipo":"Corriente de agua intermitente","ign":"lineas_de_aguas_continentales_intermitentes.fid--23e67512_1a0e43d469c_-2b7f"},"geometry":{"type":"MultiLineString","coordinates":[[[-59.24344,-37.64485],[-59.24532,-37.64495],[-59.24592,-37.64487],[-59.24671,-37.64465],[-59.2471,-37.6446],[-59.24889,-37.6447],[-59.25027,-37.64494],[-59.25218,-37.6455],[-59.25269,-37.64571],[-59.25335,-37.646],[-59.25371,-37.6461],[-59.25466,-37.64618]]]}},{"type":"Feature","properties":{"tipo":"Corriente de agua intermitente","ign":"lineas_de_aguas_continentales_intermitentes.fid--23e67512_1a0e43d469c_-2b7e"},"geometry":{"type":"MultiLineString","coordinates":[[[-59.21705,-37.63011],[-59.21727,-37.6307],[-59.21806,-37.63201],[-59.21867,-37.63331],[-59.21913,-37.6347],[-59.21919,-37.63517],[-59.21925,-37.6358],[-59.21937,-37.63609],[-59.22032,-37.63726],[-59.22131,-37.63849],[-59.22208,-37.63971],[-59.22248,-37.64106],[-59.22327,-37.6424],[-59.22346,-37.64375],[-59.22355,-37.644],[-59.22359,-37.64426],[-59.22373,-37.64515],[-59.22374,-37.64531],[-59.22371,-37.64565],[-59.22357,-37.64632],[-59.22354,-37.64666],[-59.22353,-37.6475]]]}},{"type":"Feature","properties":{"tipo":"Corriente de agua intermitente","ign":"lineas_de_aguas_continentales_intermitentes.fid--23e67512_1a0e43d469c_-2b7d"},"geometry":{"type":"MultiLineString","coordinates":[[[-59.42579,-37.62282],[-59.42662,-37.62399],[-59.42674,-37.62412],[-59.42706,-37.62428],[-59.4283,-37.6245],[-59.42999,-37.62481],[-59.43172,-37.6249],[-59.43351,-37.62503],[-59.43443,-37.62507],[-59.43487,-37.62515],[-59.4353,-37.62529],[-59.43657,-37.62576],[-59.43719,-37.62627],[-59.43782,-37.62669],[-59.43856,-37.62803],[-59.43896,-37.62946],[-59.43896,-37.63089],[-59.43979,-37.63224],[-59.4403,-37.63366],[-59.44103,-37.63492],[-59.44187,-37.6361],[-59.44235,-37.6381],[-59.44342,-37.63993],[-59.44345,-37.64123],[-59.44361,-37.64185],[-59.4435,-37.64273],[-59.44354,-37.6437],[-59.44358,-37.64584],[-59.44352,-37.6468],[-59.44342,-37.64845],[-59.4434,-37.64861],[-59.44366,-37.64944],[-59.44354,-37.65087],[-59.4438,-37.65222],[-59.44468,-37.65356],[-59.44493,-37.65486],[-59.44514,-37.656],[-59.44513,-37.65738],[-59.44512,-37.65868],[-59.44513,-37.66008],[-59.44513,-37.66147],[-59.44511,-37.66285],[-59.4451,-37.66424],[-59.4451,-37.66562],[-59.44514,-37.66587]]]}},{"type":"Feature","properties":{"tipo":"Corriente de agua intermitente","ign":"lineas_de_aguas_continentales_intermitentes.fid--23e67512_1a0e43d469c_-2b7c"},"geometry":{"type":"MultiLineString","coordinates":[[[-59.74038,-37.6236],[-59.73932,-37.62503],[-59.73812,-37.62621],[-59.73736,-37.62764],[-59.73631,-37.62871],[-59.73541,-37.63002],[-59.73451,-37.63144],[-59.73376,-37.63276],[-59.73286,-37.63394],[-59.73196,-37.63536],[-59.73104,-37.63667],[-59.73029,-37.63799],[-59.72939,-37.63941],[-59.72849,-37.6406],[-59.72773,-37.64202],[-59.72668,-37.64322],[-59.72564,-37.6444],[-59.72474,-37.64571],[-59.72383,-37.6469],[-59.72263,-37.64808],[-59.72225,-37.64848],[-59.72128,-37.64951],[-59.72007,-37.65058],[-59.71917,-37.65177],[-59.71812,-37.65284],[-59.71707,-37.6539],[-59.71572,-37.6551],[-59.71452,-37.65628],[-59.71406,-37.65771],[-59.71391,-37.65914],[-59.71375,-37.66056],[-59.71374,-37.66199],[-59.71374,-37.66343],[-59.71358,-37.66485],[-59.71283,-37.66616],[-59.71253,-37.66676],[-59.71245,-37.66813],[-59.71229,-37.66955],[-59.71185,-37.67086],[-59.71124,-37.67217],[-59.71094,-37.6736],[-59.71018,-37.6749],[-59.70972,-37.67633],[-59.70927,-37.67764],[-59.70882,-37.67895],[-59.70861,-37.67994],[-59.70881,-37.68038],[-59.70937,-37.68098]]]}},{"type":"Feature","properties":{"tipo":"Corriente de agua intermitente","ign":"lineas_de_aguas_continentales_intermitentes.fid--23e67512_1a0e43d469c_-2b7b"},"geometry":{"type":"MultiLineString","coordinates":[[[-59.62966,-37.7141],[-59.62482,-37.70919],[-59.62331,-37.70775],[-59.62252,-37.70591],[-59.62253,-37.70407],[-59.62189,-37.70184],[-59.62045,-37.7004],[-59.61887,-37.6988],[-59.61787,-37.69707],[-59.61759,-37.69506],[-59.61731,-37.69289],[-59.61558,-37.69133],[-59.61386,-37.69013],[-59.61351,-37.68812],[-59.61322,-37.68611],[-59.61288,-37.68417],[-59.61195,-37.68222],[-59.61101,-37.6802],[-59.61059,-37.67819],[-59.61045,-37.67607],[-59.60895,-37.67452],[-59.60708,-37.67302],[-59.60499,-37.67187],[-59.60327,-37.67043],[-59.60227,-37.6686],[-59.60185,-37.66665],[-59.60141,-37.66608]]]}},{"type":"Feature","properties":{"tipo":"Corriente de agua intermitente","ign":"lineas_de_aguas_continentales_intermitentes.fid--23e67512_1a0e43d469c_-2b7a"},"geometry":{"type":"MultiLineString","coordinates":[[[-59.63337,-37.68996],[-59.62993,-37.68856],[-59.62807,-37.68747],[-59.62663,-37.68569],[-59.62563,-37.68367],[-59.62535,-37.68161],[-59.62564,-37.67966],[-59.62594,-37.67778],[-59.62609,-37.67565],[-59.62537,-37.67387],[-59.62387,-37.67221],[-59.6237,-37.67181],[-59.62308,-37.67037],[-59.6228,-37.66825],[-59.62346,-37.66642],[-59.62375,-37.66447],[-59.62304,-37.66262],[-59.62189,-37.66097],[-59.62118,-37.65913],[-59.62032,-37.65729],[-59.61924,-37.65551],[-59.61897,-37.65339],[-59.61868,-37.65133],[-59.61833,-37.64915],[-59.61805,-37.64719],[-59.6177,-37.64524],[-59.61742,-37.64324],[-59.61685,-37.64146],[-59.61649,-37.63945],[-59.61614,-37.63762],[-59.61586,-37.63578],[-59.61572,-37.63395],[-59.61537,-37.63274]]]}},{"type":"Feature","properties":{"tipo":"Corriente de agua intermitente","ign":"lineas_de_aguas_continentales_intermitentes.fid--23e67512_1a0e43d469c_-2b79"},"geometry":{"type":"MultiLineString","coordinates":[[[-59.63337,-37.68996],[-59.6331,-37.68828],[-59.6334,-37.68634],[-59.63463,-37.68479],[-59.63614,-37.68336],[-59.63788,-37.68193],[-59.63969,-37.68021],[-59.64113,-37.67838],[-59.64172,-37.67632],[-59.64201,-37.67419],[-59.64094,-37.67247],[-59.63972,-37.6707],[-59.6391,-37.66895],[-59.639,-37.66869],[-59.63866,-37.66645],[-59.63866,-37.66445],[-59.63903,-37.66262],[-59.63932,-37.66066],[-59.63962,-37.65866],[-59.63962,-37.65312]]]}},{"type":"Feature","properties":{"tipo":"Corriente de agua intermitente","ign":"lineas_de_aguas_continentales_intermitentes.fid--23e67512_1a0e43d469c_-2b78"},"geometry":{"type":"MultiLineString","coordinates":[[[-59.2267,-37.71439],[-59.22181,-37.7144],[-59.22062,-37.71476],[-59.2192,-37.7157],[-59.21843,-37.71602],[-59.21452,-37.71623],[-59.21335,-37.7168],[-59.21185,-37.71776],[-59.21099,-37.71798],[-59.20974,-37.71791],[-59.20934,-37.71793]]]}},{"type":"Feature","properties":{"tipo":"Corriente de agua intermitente","ign":"lineas_de_aguas_continentales_intermitentes.fid--23e67512_1a0e43d469c_-2b77"},"geometry":{"type":"MultiLineString","coordinates":[[[-59.6064,-37.71808],[-59.6064,-37.72009],[-59.60444,-37.72112],[-59.60328,-37.72272],[-59.60291,-37.72466],[-59.60327,-37.7265],[-59.60405,-37.72868],[-59.60477,-37.73052],[-59.60505,-37.73235],[-59.6054,-37.73425],[-59.6054,-37.7362],[-59.60549,-37.73658],[-59.60589,-37.73832],[-59.60624,-37.74044],[-59.60624,-37.74233],[-59.60652,-37.74434],[-59.60643,-37.74652],[-59.60643,-37.7466],[-59.60643,-37.74791]]]}},{"type":"Feature","properties":{"tipo":"Corriente de agua intermitente","ign":"lineas_de_aguas_continentales_intermitentes.fid--23e67512_1a0e43d469c_-2b76"},"geometry":{"type":"MultiLineString","coordinates":[[[-59.61824,-37.74046],[-59.61724,-37.74243],[-59.61681,-37.74289],[-59.61602,-37.74339],[-59.61565,-37.74365],[-59.61491,-37.74441],[-59.61392,-37.74545],[-59.61331,-37.74589],[-59.61265,-37.7462],[-59.61119,-37.74659],[-59.60829,-37.74724],[-59.6075,-37.74769],[-59.60643,-37.74791]]]}},{"type":"Feature","properties":{"tipo":"Corriente de agua intermitente","ign":"lineas_de_aguas_continentales_intermitentes.fid--23e67512_1a0e43d469c_-2b75"},"geometry":{"type":"MultiLineString","coordinates":[[[-59.7107,-37.685],[-59.70968,-37.68681],[-59.70863,-37.68788],[-59.70713,-37.68895],[-59.70562,-37.68978],[-59.70412,-37.69061],[-59.70278,-37.69144],[-59.70173,-37.6925],[-59.70082,-37.69382],[-59.69977,-37.695],[-59.69872,-37.69619],[-59.69767,-37.69738],[-59.69631,-37.69845],[-59.69511,-37.69963],[-59.69391,-37.70071],[-59.693,-37.70189],[-59.69294,-37.70202],[-59.69244,-37.70325],[-59.69213,-37.70468],[-59.69183,-37.7061],[-59.69152,-37.70765],[-59.69092,-37.70895],[-59.69061,-37.71039],[-59.6903,-37.71181],[-59.6897,-37.71312],[-59.68909,-37.71455],[-59.68849,-37.71598],[-59.68744,-37.71716],[-59.68653,-37.71835],[-59.68574,-37.71905],[-59.68518,-37.71954],[-59.68383,-37.72073],[-59.68262,-37.72191],[-59.68172,-37.7231],[-59.68142,-37.72453],[-59.68141,-37.72596],[-59.6814,-37.72738],[-59.68124,-37.72881],[-59.68094,-37.73024],[-59.68064,-37.73167],[-59.68063,-37.7331],[-59.68018,-37.73358],[-59.67992,-37.73492],[-59.67931,-37.73623],[-59.67871,-37.73753],[-59.67751,-37.73872],[-59.67661,-37.73991],[-59.6754,-37.74097],[-59.67419,-37.74216],[-59.67329,-37.74335],[-59.67224,-37.74466],[-59.67104,-37.74572],[-59.66999,-37.74691],[-59.66893,-37.74799],[-59.66788,-37.74905],[-59.66748,-37.74929],[-59.66652,-37.74988],[-59.66471,-37.75059],[-59.66338,-37.75142],[-59.66246,-37.75272],[-59.66171,-37.75415],[-59.66111,-37.75546],[-59.66035,-37.75677],[-59.65914,-37.75795],[-59.65809,-37.75915],[-59.65733,-37.76045],[-59.65628,-37.76164],[-59.65538,-37.76307],[-59.65402,-37.76425],[-59.65281,-37.76556],[-59.65161,-37.76662],[-59.65056,-37.7677],[-59.64969,-37.76927],[-59.64863,-37.77033],[-59.64727,-37.77164],[-59.64592,-37.77259],[-59.64457,-37.77365],[-59.64322,-37.77472],[-59.64201,-37.77579],[-59.64096,-37.77698],[-59.6399,-37.77829],[-59.63915,-37.77959],[-59.63903,-37.78009]]]}},{"type":"Feature","properties":{"tipo":"Corriente de agua intermitente","ign":"lineas_de_aguas_continentales_intermitentes.fid--23e67512_1a0e43d469c_-2b74"},"geometry":{"type":"MultiLineString","coordinates":[[[-59.69663,-37.70564],[-59.69798,-37.70647],[-59.69887,-37.70766],[-59.69901,-37.70909],[-59.69901,-37.71053],[-59.699,-37.71196],[-59.69899,-37.71338],[-59.69898,-37.71481],[-59.69898,-37.71624],[-59.69808,-37.71743],[-59.69702,-37.71862],[-59.69597,-37.71968],[-59.69567,-37.72135],[-59.69565,-37.72278],[-59.69565,-37.72421],[-59.69564,-37.72576],[-59.69564,-37.72718],[-59.69579,-37.72861],[-59.69579,-37.73004],[-59.69622,-37.73135],[-59.69637,-37.73278],[-59.69606,-37.73421],[-59.69531,-37.73576],[-59.69453,-37.73678],[-59.6944,-37.73695],[-59.6929,-37.73813],[-59.6917,-37.7392],[-59.69079,-37.74051],[-59.68989,-37.7417],[-59.68883,-37.74289],[-59.68778,-37.74395],[-59.68644,-37.74479],[-59.68478,-37.74538],[-59.68313,-37.74609],[-59.68178,-37.74703],[-59.68027,-37.7481],[-59.67923,-37.7494],[-59.6787,-37.74994],[-59.67817,-37.75047],[-59.67731,-37.75152],[-59.67711,-37.75178],[-59.67626,-37.75264],[-59.67536,-37.75384],[-59.67386,-37.75502],[-59.6722,-37.75597],[-59.67056,-37.75632],[-59.66875,-37.75668],[-59.66681,-37.75691],[-59.66501,-37.75702],[-59.66365,-37.75797],[-59.66305,-37.75927],[-59.66245,-37.76059],[-59.66214,-37.76201],[-59.66213,-37.76356],[-59.66212,-37.76511],[-59.66212,-37.76665],[-59.66225,-37.76809],[-59.66225,-37.76951],[-59.66224,-37.77094],[-59.66179,-37.77225],[-59.66088,-37.77356],[-59.65983,-37.77474],[-59.65847,-37.7757],[-59.65713,-37.77652],[-59.65533,-37.77711],[-59.65353,-37.77759],[-59.65187,-37.7783],[-59.65023,-37.77889],[-59.64857,-37.77924],[-59.64677,-37.77947],[-59.64497,-37.77959],[-59.64317,-37.7797],[-59.64137,-37.77993],[-59.63957,-37.78017],[-59.63903,-37.78009]]]}},{"type":"Feature","properties":{"tipo":"Corriente de agua intermitente","ign":"lineas_de_aguas_continentales_intermitentes.fid--23e67512_1a0e43d469c_-2b73"},"geometry":{"type":"MultiLineString","coordinates":[[[-59.60643,-37.74791],[-59.60643,-37.74864],[-59.6057,-37.75042],[-59.60512,-37.75219],[-59.60424,-37.75402],[-59.60315,-37.7558],[-59.60199,-37.7574],[-59.60141,-37.75918],[-59.60118,-37.76118],[-59.60118,-37.76313],[-59.60052,-37.76508],[-59.59944,-37.76668],[-59.59885,-37.76869],[-59.59884,-37.77069],[-59.59919,-37.77287],[-59.59991,-37.77482],[-59.60091,-37.77695],[-59.60176,-37.77878],[-59.60234,-37.78074],[-59.60326,-37.78246],[-59.60384,-37.78436],[-59.60405,-37.78464]]]}},{"type":"Feature","properties":{"tipo":"Corriente de agua intermitente","ign":"lineas_de_aguas_continentales_intermitentes.fid--23e67512_1a0e43d469c_-2b72"},"geometry":{"type":"MultiLineString","coordinates":[[[-59.63903,-37.78009],[-59.63884,-37.78102],[-59.63853,-37.78245],[-59.63792,-37.78376],[-59.63688,-37.78494],[-59.63551,-37.78601],[-59.63416,-37.78684],[-59.63311,-37.78803],[-59.6322,-37.78922],[-59.6313,-37.79052],[-59.62994,-37.79147],[-59.6283,-37.79206],[-59.62679,-37.79301],[-59.62649,-37.79327]]]}},{"type":"Feature","properties":{"tipo":"Corriente de agua intermitente","ign":"lineas_de_aguas_continentales_intermitentes.fid--23e67512_1a0e43d469c_-2b71"},"geometry":{"type":"MultiLineString","coordinates":[[[-59.60672,-37.79045],[-59.60672,-37.79046],[-59.60706,-37.7921],[-59.60726,-37.79271],[-59.60791,-37.79388],[-59.60884,-37.79565],[-59.60999,-37.79755],[-59.61064,-37.7995],[-59.61077,-37.8001],[-59.61095,-37.80091],[-59.61113,-37.80128]]]}},{"type":"Feature","properties":{"tipo":"Corriente de agua intermitente","ign":"lineas_de_aguas_continentales_intermitentes.fid--23e67512_1a0e43d469c_-2b70"},"geometry":{"type":"MultiLineString","coordinates":[[[-59.51601,-37.77446],[-59.51585,-37.77647],[-59.51527,-37.77824],[-59.51367,-37.77967],[-59.51229,-37.78127],[-59.51229,-37.7831],[-59.51264,-37.78505],[-59.51342,-37.78706],[-59.5137,-37.78889],[-59.51333,-37.79073],[-59.51231,-37.79262],[-59.51093,-37.79451],[-59.5102,-37.7964],[-59.50947,-37.79817],[-59.50846,-37.79992],[-59.50866,-37.80133]]]}},{"type":"Feature","properties":{"tipo":"Corriente de agua intermitente","ign":"lineas_de_aguas_continentales_intermitentes.fid--23e67512_1a0e43d469c_-2b6f"},"geometry":{"type":"MultiLineString","coordinates":[[[-59.57971,-37.82539],[-59.57971,-37.8243],[-59.58088,-37.82258],[-59.58225,-37.82093],[-59.58392,-37.81903],[-59.58429,-37.81709],[-59.58459,-37.81503],[-59.58488,-37.81308],[-59.5849,-37.81102],[-59.58519,-37.80918],[-59.58448,-37.8074],[-59.58362,-37.8054],[-59.5829,-37.80361],[-59.58219,-37.80154],[-59.5822,-37.79948],[-59.58307,-37.79753],[-59.58474,-37.79576],[-59.58605,-37.79405],[-59.58706,-37.79239],[-59.58816,-37.79038],[-59.58939,-37.78878],[-59.59019,-37.78655],[-59.59113,-37.78483],[-59.59114,-37.78294],[-59.59079,-37.78099],[-59.58993,-37.77921],[-59.58915,-37.77732],[-59.58843,-37.77559],[-59.58772,-37.77364],[-59.58701,-37.77181],[-59.58665,-37.76957],[-59.58647,-37.76834],[-59.58637,-37.76762],[-59.58559,-37.76567],[-59.58502,-37.76366],[-59.58459,-37.76183],[-59.5839,-37.75992],[-59.58388,-37.75987],[-59.58324,-37.75804],[-59.58253,-37.75608],[-59.58153,-37.75425],[-59.57973,-37.75298],[-59.57786,-37.75183],[-59.57642,-37.75091]]]}},{"type":"Feature","properties":{"tipo":"Corriente de agua intermitente","ign":"lineas_de_aguas_continentales_intermitentes.fid--23e67512_1a0e43d469c_-2b6e"},"geometry":{"type":"MultiLineString","coordinates":[[[-59.28901,-37.73808],[-59.29066,-37.73856],[-59.292,-37.73952],[-59.29333,-37.7406],[-59.29468,-37.74168],[-59.29586,-37.74276],[-59.29675,-37.74395],[-59.29764,-37.74527],[-59.29807,-37.74658],[-59.29836,-37.74813],[-59.29849,-37.74956],[-59.29893,-37.75099],[-59.30042,-37.75183],[-59.30161,-37.75291],[-59.30265,-37.75411],[-59.30354,-37.75542],[-59.30367,-37.75685],[-59.30366,-37.75828],[-59.30365,-37.7597],[-59.30371,-37.76075],[-59.30392,-37.76257],[-59.30501,-37.76357],[-59.30599,-37.76472],[-59.30598,-37.76627],[-59.30522,-37.76758],[-59.30584,-37.76875],[-59.30686,-37.77148],[-59.30611,-37.77232],[-59.30591,-37.7733],[-59.3059,-37.77473],[-59.30589,-37.77568],[-59.30627,-37.77706],[-59.30716,-37.77826],[-59.30827,-37.7794],[-59.30909,-37.78059],[-59.3099,-37.78185],[-59.31071,-37.78304],[-59.31115,-37.78442],[-59.31106,-37.78579],[-59.31046,-37.78709],[-59.30932,-37.78815],[-59.30878,-37.78946],[-59.30877,-37.79083],[-59.30973,-37.79209],[-59.31021,-37.79231],[-59.3105,-37.7935],[-59.31092,-37.79624],[-59.30952,-37.80195],[-59.30948,-37.80629],[-59.30955,-37.80775],[-59.30953,-37.80924],[-59.30899,-37.81061],[-59.3087,-37.81187],[-59.30837,-37.81329],[-59.30836,-37.81471],[-59.30842,-37.81614],[-59.30826,-37.81711],[-59.30803,-37.81757],[-59.30704,-37.81881],[-59.30621,-37.81999],[-59.30529,-37.82119],[-59.30468,-37.82249],[-59.30438,-37.82296]]]}},{"type":"Feature","properties":{"tipo":"Corriente de agua intermitente","ign":"lineas_de_aguas_continentales_intermitentes.fid--23e67512_1a0e43d469c_-2b6d"},"geometry":{"type":"MultiLineString","coordinates":[[[-59.25466,-37.64618],[-59.25454,-37.64708],[-59.25459,-37.64775],[-59.25571,-37.64883],[-59.25632,-37.64967],[-59.25644,-37.65014],[-59.25647,-37.65152],[-59.25646,-37.65298],[-59.25697,-37.65434],[-59.25696,-37.65572],[-59.25673,-37.65705],[-59.25661,-37.65844],[-59.2566,-37.65982],[-59.25651,-37.66119],[-59.25649,-37.6627],[-59.25648,-37.66408],[-59.25683,-37.66551],[-59.25766,-37.66669],[-59.25807,-37.66762],[-59.25813,-37.66808],[-59.25805,-37.66854],[-59.25748,-37.66942],[-59.25626,-37.67046],[-59.25493,-37.67141],[-59.25423,-37.67215],[-59.25408,-37.67258],[-59.25401,-37.67397],[-59.25404,-37.67547],[-59.25386,-37.67685],[-59.25322,-37.67811],[-59.25368,-37.67953],[-59.2544,-37.6808],[-59.25544,-37.68203],[-59.2567,-37.68299],[-59.25796,-37.68409],[-59.25889,-37.68523],[-59.26025,-37.68625],[-59.26151,-37.68722],[-59.26287,-37.68815],[-59.26407,-37.68916],[-59.26507,-37.6903],[-59.26538,-37.69068],[-59.26646,-37.69175],[-59.26777,-37.69276],[-59.26907,-37.69365],[-59.27028,-37.69466],[-59.27133,-37.69576],[-59.27164,-37.69618],[-59.28017,-37.70214],[-59.28165,-37.70283],[-59.28333,-37.70313],[-59.28458,-37.70415],[-59.28584,-37.70507],[-59.28714,-37.70601],[-59.2883,-37.70706],[-59.28946,-37.70811],[-59.29055,-37.70917],[-59.29191,-37.71011],[-59.29317,-37.71103],[-59.29442,-37.712],[-59.29568,-37.71298],[-59.29705,-37.71383],[-59.2983,-37.71454],[-59.29975,-37.71528],[-59.3008,-37.71638],[-59.30221,-37.71719],[-59.30352,-37.71807],[-59.30468,-37.71909],[-59.3056,-37.71967],[-59.30614,-37.71985],[-59.30787,-37.72016],[-59.30961,-37.72042],[-59.31109,-37.72114],[-59.31267,-37.72165],[-59.31441,-37.72183],[-59.31603,-37.72239],[-59.31656,-37.7226],[-59.31833,-37.72276],[-59.3189,-37.72287],[-59.31991,-37.7234],[-59.32105,-37.72445],[-59.3221,-37.72558],[-59.32325,-37.72673],[-59.32483,-37.72745],[-59.32618,-37.72838],[-59.32765,-37.72906],[-59.32924,-37.72961],[-59.33087,-37.73004],[-59.33239,-37.73068],[-59.33408,-37.73102],[-59.33577,-37.73137],[-59.33734,-37.73192],[-59.33834,-37.73243],[-59.33973,-37.73322],[-59.34003,-37.73358],[-59.34013,-37.73424],[-59.34019,-37.73456],[-59.34066,-37.73586],[-59.34094,-37.73628],[-59.34186,-37.73692],[-59.34328,-37.73768],[-59.3447,-37.73853],[-59.34606,-37.73941],[-59.34737,-37.74034],[-59.34852,-37.74136],[-59.34936,-37.74254],[-59.34946,-37.74283],[-59.34998,-37.74363],[-59.35052,-37.74495],[-59.35157,-37.74605],[-59.35251,-37.74719],[-59.3536,-37.74824],[-59.35481,-37.74921],[-59.35629,-37.74989],[-59.35798,-37.75015],[-59.35965,-37.75066],[-59.36091,-37.75159],[-59.36217,-37.75261],[-59.36343,-37.75354],[-59.36464,-37.75455],[-59.36595,-37.75548],[-59.36689,-37.75599],[-59.36818,-37.7569],[-59.3697,-37.75762],[-59.37133,-37.758],[-59.37308,-37.75743],[-59.37477,-37.75782],[-59.37661,-37.75799],[-59.37841,-37.75792],[-59.37965,-37.75785],[-59.38025,-37.75792],[-59.38076,-37.75816],[-59.38157,-37.75885],[-59.38298,-37.76008],[-59.38403,-37.76117],[-59.38507,-37.76227],[-59.38528,-37.76268],[-59.38527,-37.76361],[-59.38521,-37.765],[-59.38585,-37.76637],[-59.3868,-37.7675],[-59.3879,-37.76864],[-59.38921,-37.76961],[-59.39058,-37.77046],[-59.39215,-37.77105],[-59.39405,-37.77144],[-59.39473,-37.77195],[-59.39594,-37.773],[-59.39767,-37.77427],[-59.39904,-37.77511],[-59.39933,-37.77552],[-59.39935,-37.77646],[-59.39849,-37.77763],[-59.39823,-37.77856],[-59.39832,-37.77901],[-59.39868,-37.77972],[-59.39891,-37.78109],[-59.39943,-37.78239],[-59.40037,-37.78354],[-59.4006,-37.78416],[-59.4006,-37.78448],[-59.40036,-37.78491],[-59.39887,-37.78566],[-59.39754,-37.78666],[-59.39728,-37.78709],[-59.3972,-37.7874],[-59.39727,-37.78801],[-59.39827,-37.78914],[-59.39857,-37.79004],[-59.39852,-37.79048],[-59.39735,-37.79152],[-59.39719,-37.79196],[-59.39701,-37.79257],[-59.3968,-37.79282],[-59.39685,-37.79421],[-59.39721,-37.7956],[-59.39716,-37.79648],[-59.397,-37.79708],[-59.3964,-37.79824],[-59.39544,-37.79937],[-59.39431,-37.80045],[-59.39336,-37.80158],[-59.39322,-37.80204],[-59.39323,-37.80269],[-59.39318,-37.803],[-59.39244,-37.80426],[-59.39194,-37.80451],[-59.39116,-37.80474],[-59.39096,-37.80497],[-59.39074,-37.8056],[-59.38996,-37.80685],[-59.38899,-37.80802],[-59.38861,-37.8094],[-59.38861,-37.81082],[-59.38865,-37.812],[-59.38858,-37.81276],[-59.38862,-37.81464],[-59.38785,-37.81871],[-59.38824,-37.82257],[-59.38834,-37.82316],[-59.3882,-37.82456],[-59.38826,-37.82507],[-59.38838,-37.82532],[-59.38866,-37.82565],[-59.39008,-37.82662],[-59.39445,-37.82935]]]}},{"type":"Feature","properties":{"tipo":"Corriente de agua intermitente","ign":"lineas_de_aguas_continentales_intermitentes.fid--23e67512_1a0e43d469c_-2b6c"},"geometry":{"type":"MultiLineString","coordinates":[[[-59.57674,-37.84579],[-59.57603,-37.84309],[-59.57574,-37.84114],[-59.57575,-37.83914],[-59.57604,-37.8373],[-59.57685,-37.83559],[-59.57765,-37.83358],[-59.57889,-37.83204],[-59.57969,-37.8302],[-59.57998,-37.82837],[-59.5797,-37.82642],[-59.57971,-37.82539]]]}},{"type":"Feature","properties":{"tipo":"Corriente de agua intermitente","ign":"lineas_de_aguas_continentales_intermitentes.fid--23e67512_1a0e43d469c_-2b6b"},"geometry":{"type":"MultiLineString","coordinates":[[[-59.65536,-37.8352],[-59.65502,-37.83654],[-59.65494,-37.83791],[-59.65598,-37.83899],[-59.65688,-37.84018],[-59.65732,-37.84149],[-59.65821,-37.84268],[-59.65941,-37.8437],[-59.65941,-37.84412],[-59.65858,-37.84488],[-59.65686,-37.84542],[-59.65512,-37.84595],[-59.65348,-37.84642],[-59.65174,-37.84695],[-59.65002,-37.84748],[-59.64829,-37.84783],[-59.64649,-37.84801],[-59.64476,-37.84812],[-59.64296,-37.8483],[-59.64116,-37.84864],[-59.63943,-37.84888],[-59.63771,-37.84893],[-59.63591,-37.84893],[-59.63418,-37.84934],[-59.6332,-37.84975],[-59.63213,-37.85019]]]}},{"type":"Feature","properties":{"tipo":"Corriente de agua intermitente","ign":"lineas_de_aguas_continentales_intermitentes.fid--23e67512_1a0e43d469c_-2b6a"},"geometry":{"type":"MultiLineString","coordinates":[[[-59.50866,-37.80133],[-59.50872,-37.8019],[-59.5085,-37.80407],[-59.50849,-37.80625],[-59.5092,-37.80809],[-59.51027,-37.80998],[-59.51134,-37.81159],[-59.51278,-37.81315],[-59.51428,-37.81498],[-59.51397,-37.81664],[-59.51293,-37.81855],[-59.51196,-37.81998],[-59.51137,-37.82147],[-59.51161,-37.82375],[-59.513,-37.82644],[-59.51277,-37.82833],[-59.51125,-37.82982],[-59.51088,-37.83194],[-59.51167,-37.83366],[-59.51303,-37.83579],[-59.51439,-37.83751],[-59.51575,-37.83907],[-59.51719,-37.84068],[-59.51877,-37.84252],[-59.51999,-37.84413],[-59.52027,-37.84613],[-59.52011,-37.84819],[-59.51937,-37.84997],[-59.51879,-37.85215],[-59.51806,-37.85409],[-59.51711,-37.85598],[-59.51704,-37.85645]]]}},{"type":"Feature","properties":{"tipo":"Corriente de agua intermitente","ign":"lineas_de_aguas_continentales_intermitentes.fid--23e67512_1a0e43d469c_-2b69"},"geometry":{"type":"MultiLineString","coordinates":[[[-59.62692,-37.83754],[-59.62786,-37.83928],[-59.62783,-37.83993],[-59.62758,-37.84021],[-59.62635,-37.8407],[-59.62485,-37.8414],[-59.62468,-37.84181],[-59.62485,-37.84247],[-59.62485,-37.84278],[-59.62449,-37.84371],[-59.62417,-37.84414],[-59.62273,-37.84497],[-59.62153,-37.84604],[-59.62152,-37.84741],[-59.62133,-37.84832],[-59.62106,-37.84872],[-59.61986,-37.84973],[-59.61865,-37.8508],[-59.61797,-37.85204],[-59.61692,-37.85323],[-59.61563,-37.85424],[-59.61495,-37.85563],[-59.6148,-37.85608],[-59.61473,-37.85638],[-59.61465,-37.857],[-59.61461,-37.85744]]]}},{"type":"Feature","properties":{"tipo":"Corriente de agua intermitente","ign":"lineas_de_aguas_continentales_intermitentes.fid--23e67512_1a0e43d469c_-2b68"},"geometry":{"type":"MultiLineString","coordinates":[[[-59.63213,-37.85019],[-59.63166,-37.85037],[-59.63016,-37.85108],[-59.62858,-37.85173],[-59.627,-37.85238],[-59.62535,-37.85303],[-59.62384,-37.8538],[-59.62234,-37.85463],[-59.62091,-37.85545],[-59.61948,-37.85622],[-59.6179,-37.85682],[-59.61618,-37.85728],[-59.61461,-37.85744]]]}},{"type":"Feature","properties":{"tipo":"Corriente de agua intermitente","ign":"lineas_de_aguas_continentales_intermitentes.fid--23e67512_1a0e43d469c_-2b67"},"geometry":{"type":"MultiLineString","coordinates":[[[-59.61461,-37.85744],[-59.61437,-37.85746],[-59.61272,-37.85781],[-59.6116,-37.85818],[-59.61121,-37.85852],[-59.61039,-37.85989],[-59.60962,-37.86113],[-59.60872,-37.86232],[-59.60751,-37.86333],[-59.60579,-37.86375],[-59.60406,-37.86364],[-59.60271,-37.86361],[-59.60169,-37.86343],[-59.60034,-37.86319],[-59.59975,-37.86333],[-59.59877,-37.86384],[-59.5974,-37.86474],[-59.59612,-37.86569],[-59.59469,-37.86652],[-59.59411,-37.86659],[-59.59328,-37.8665],[-59.59289,-37.86657],[-59.59193,-37.86709],[-59.59153,-37.86743],[-59.59058,-37.86856],[-59.58979,-37.86977],[-59.58894,-37.87042],[-59.5884,-37.87061],[-59.58664,-37.8708]]]}},{"type":"Feature","properties":{"tipo":"Corriente de agua intermitente","ign":"lineas_de_aguas_continentales_intermitentes.fid--23e67512_1a0e43d469c_-2b66"},"geometry":{"type":"MultiLineString","coordinates":[[[-59.27073,-37.83397],[-59.26998,-37.83517],[-59.26944,-37.83648],[-59.26943,-37.83785],[-59.2698,-37.83928],[-59.27023,-37.8406],[-59.27036,-37.84203],[-59.2705,-37.84346],[-59.27056,-37.84482],[-59.27083,-37.84524],[-59.27142,-37.84571],[-59.27168,-37.84596],[-59.27235,-37.84673],[-59.27256,-37.84716],[-59.27279,-37.84804],[-59.27232,-37.84935],[-59.27171,-37.85072],[-59.27125,-37.85232],[-59.27046,-37.85403],[-59.26857,-37.85736],[-59.26751,-37.85891],[-59.26619,-37.8605],[-59.26538,-37.86121],[-59.26448,-37.86147],[-59.26306,-37.86145],[-59.26246,-37.86161],[-59.26102,-37.86243],[-59.25808,-37.86427]]]}},{"type":"Feature","properties":{"tipo":"Corriente de agua intermitente","ign":"lineas_de_aguas_continentales_intermitentes.fid--23e67512_1a0e43d469c_-2b65"},"geometry":{"type":"MultiLineString","coordinates":[[[-59.57052,-37.87704],[-59.57003,-37.87414],[-59.57011,-37.87167],[-59.57162,-37.86886],[-59.57256,-37.86482],[-59.57344,-37.8596],[-59.57296,-37.85678],[-59.57383,-37.85354],[-59.57457,-37.85141]]]}},{"type":"Feature","properties":{"fna":"Arroyo Los Sauces","gna":"Arroyo","nam":"Los Sauces","tipo":"Corriente de agua intermitente","ign":"lineas_de_aguas_continentales_intermitentes.fid--23e67512_1a0e43d469c_-2b64"},"geometry":{"type":"MultiLineString","coordinates":[[[-59.55054,-37.86159],[-59.55214,-37.86352],[-59.55264,-37.86377],[-59.55353,-37.86385],[-59.55394,-37.86394],[-59.55562,-37.86475],[-59.55637,-37.86607],[-59.55741,-37.86714],[-59.55815,-37.86845],[-59.55844,-37.86988],[-59.55799,-37.87119],[-59.55723,-37.8725],[-59.55685,-37.87339],[-59.55654,-37.8747],[-59.55642,-37.87544],[-59.55633,-37.87794],[-59.5561,-37.87991],[-59.55593,-37.88181],[-59.55616,-37.883],[-59.55644,-37.88408],[-59.55659,-37.88557],[-59.55692,-37.88659],[-59.55729,-37.88702]]]}},{"type":"Feature","properties":{"tipo":"Corriente de agua intermitente","ign":"lineas_de_aguas_continentales_intermitentes.fid--23e67512_1a0e43d469c_-2b63"},"geometry":{"type":"MultiLineString","coordinates":[[[-59.2996,-37.84585],[-59.29891,-37.8481],[-59.29839,-37.84946],[-59.29741,-37.84991],[-59.29467,-37.85099],[-59.29284,-37.85205],[-59.29218,-37.85278],[-59.29119,-37.85508],[-59.29058,-37.85696],[-59.29017,-37.85884],[-59.28956,-37.86073],[-59.28894,-37.86261],[-59.28872,-37.8645],[-59.2887,-37.86639],[-59.28869,-37.86843],[-59.28867,-37.87031],[-59.28865,-37.8722],[-59.28821,-37.87387],[-59.2876,-37.8752],[-59.28662,-37.87738],[-59.28521,-37.87894],[-59.28381,-37.88051],[-59.28299,-37.88131]]]}},{"type":"Feature","properties":{"tipo":"Corriente de agua intermitente","ign":"lineas_de_aguas_continentales_intermitentes.fid--23e67512_1a0e43d469c_-2b62"},"geometry":{"type":"MultiLineString","coordinates":[[[-59.25808,-37.86427],[-59.25808,-37.86462],[-59.25806,-37.86611],[-59.25805,-37.86747],[-59.25803,-37.86885],[-59.2578,-37.86926],[-59.25768,-37.87066],[-59.25766,-37.87203],[-59.25757,-37.8734],[-59.25681,-37.87482],[-59.25529,-37.87577],[-59.25468,-37.87719],[-59.25422,-37.8785],[-59.25345,-37.87974],[-59.25195,-37.8808],[-59.25101,-37.8815],[-59.25073,-37.88192],[-59.25057,-37.88335],[-59.25057,-37.8844],[-59.25032,-37.88484],[-59.24904,-37.88578],[-59.24768,-37.88679],[-59.24734,-37.88719],[-59.24699,-37.88815],[-59.24653,-37.88952],[-59.24613,-37.89095],[-59.2459,-37.89231],[-59.24569,-37.89389],[-59.24553,-37.89526],[-59.24514,-37.89663],[-59.24513,-37.89811],[-59.24512,-37.89935]]]}},{"type":"Feature","properties":{"tipo":"Corriente de agua intermitente","ign":"lineas_de_aguas_continentales_intermitentes.fid--23e67512_1a0e43d469c_-2b61"},"geometry":{"type":"MultiLineString","coordinates":[[[-59.26391,-37.8872],[-59.26228,-37.88811],[-59.26104,-37.88885],[-59.2596,-37.88962],[-59.25809,-37.89044],[-59.25696,-37.89151],[-59.25604,-37.89275],[-59.25505,-37.89388],[-59.25355,-37.8947],[-59.25189,-37.89516],[-59.25038,-37.89588],[-59.24976,-37.89639],[-59.2493,-37.89722],[-59.24858,-37.89801],[-59.24703,-37.89869],[-59.24512,-37.89935]]]}},{"type":"Feature","properties":{"tipo":"Corriente de agua intermitente","ign":"lineas_de_aguas_continentales_intermitentes.fid--23e67512_1a0e43d469c_-2b60"},"geometry":{"type":"MultiLineString","coordinates":[[[-59.55458,-37.92544],[-59.55673,-37.92347],[-59.55753,-37.92284],[-59.55863,-37.92199],[-59.56051,-37.92073],[-59.56196,-37.91884],[-59.56312,-37.91713],[-59.56415,-37.91529],[-59.56466,-37.91335],[-59.56503,-37.91157]]]}},{"type":"Feature","properties":{"tipo":"Corriente de agua intermitente","ign":"lineas_de_aguas_continentales_intermitentes.fid--23e67512_1a0e43d469c_-2b5f"},"geometry":{"type":"MultiLineString","coordinates":[[[-59.22723,-37.83814],[-59.22698,-37.8395],[-59.22695,-37.84042],[-59.22712,-37.84087],[-59.22808,-37.84207],[-59.22911,-37.84315],[-59.23008,-37.84429],[-59.23059,-37.84566],[-59.23103,-37.84703],[-59.23139,-37.8484],[-59.23175,-37.84983],[-59.23219,-37.8512],[-59.23292,-37.85246],[-59.23329,-37.8536],[-59.23365,-37.85437],[-59.23364,-37.8558],[-59.23375,-37.85786],[-59.23374,-37.85929],[-59.2332,-37.86063],[-59.23223,-37.86197],[-59.23137,-37.86322],[-59.23051,-37.86447],[-59.22966,-37.86564],[-59.22859,-37.86672],[-59.22699,-37.86772],[-59.22561,-37.86855],[-59.22433,-37.86946],[-59.22284,-37.87046],[-59.22177,-37.87154],[-59.22081,-37.87271],[-59.22005,-37.87405],[-59.2194,-37.8753],[-59.21876,-37.87664],[-59.2179,-37.87806],[-59.21704,-37.87931],[-59.21639,-37.88056],[-59.21574,-37.8819],[-59.21509,-37.88316],[-59.21466,-37.88424],[-59.21339,-37.88527],[-59.2118,-37.88593],[-59.21147,-37.88735],[-59.21145,-37.88878],[-59.21133,-37.89021],[-59.21131,-37.89163],[-59.21257,-37.89256],[-59.2132,-37.89391],[-59.21318,-37.89542],[-59.21327,-37.89692],[-59.21347,-37.89843],[-59.21355,-37.89994],[-59.21375,-37.90129],[-59.21405,-37.90263],[-59.21436,-37.90398],[-59.21455,-37.90532],[-59.21444,-37.90675],[-59.21442,-37.90834],[-59.21419,-37.90968],[-59.21407,-37.91112],[-59.21405,-37.91254],[-59.21404,-37.91397],[-59.2141,-37.91442],[-59.21432,-37.915]]]}},{"type":"Feature","properties":{"tipo":"Corriente de agua intermitente","ign":"lineas_de_aguas_continentales_intermitentes.fid--23e67512_1a0e43d469c_-2b5e"},"geometry":{"type":"MultiLineString","coordinates":[[[-59.41708,-37.83614],[-59.41708,-37.83763],[-59.417,-37.83809],[-59.4169,-37.83873],[-59.41696,-37.83904],[-59.41717,-37.8394],[-59.4175,-37.83984],[-59.41766,-37.84005],[-59.41834,-37.84109],[-59.41769,-37.84409],[-59.41745,-37.84593],[-59.41759,-37.84703],[-59.41774,-37.84837],[-59.41792,-37.84982],[-59.41806,-37.85108],[-59.41805,-37.85273],[-59.41824,-37.85357],[-59.41842,-37.85582],[-59.4183,-37.85712],[-59.4182,-37.85807],[-59.41754,-37.85944],[-59.41706,-37.86052],[-59.41705,-37.86193],[-59.41704,-37.86334],[-59.4169,-37.86379],[-59.41624,-37.8646],[-59.41524,-37.86578],[-59.41414,-37.86687],[-59.41304,-37.86796],[-59.41214,-37.86914],[-59.41124,-37.87032],[-59.41074,-37.87165],[-59.41003,-37.8729],[-59.40948,-37.87369],[-59.40956,-37.87502],[-59.40976,-37.87609],[-59.41034,-37.8779],[-59.41062,-37.87923],[-59.41061,-37.88065],[-59.4102,-37.88198],[-59.4093,-37.88324],[-59.4083,-37.88433],[-59.40762,-37.88517],[-59.40652,-37.88635],[-59.40547,-37.88823],[-59.40487,-37.8891],[-59.40388,-37.89029],[-59.40249,-37.89123],[-59.4011,-37.89216],[-59.39963,-37.89308],[-59.39841,-37.89388],[-59.39712,-37.89482],[-59.39668,-37.89553],[-59.39681,-37.8969],[-59.3968,-37.89833],[-59.39679,-37.8997],[-59.39671,-37.90016],[-59.39633,-37.90107],[-59.39543,-37.90224],[-59.39528,-37.90318],[-59.39542,-37.90362],[-59.39635,-37.90477],[-59.39698,-37.90603],[-59.39732,-37.90697],[-59.39732,-37.90744],[-59.39706,-37.90878],[-59.39637,-37.91009],[-59.39586,-37.91146],[-59.3952,-37.91276],[-59.3945,-37.91401],[-59.39432,-37.91444],[-59.39414,-37.91534],[-59.39408,-37.91671],[-59.39407,-37.91809],[-59.39406,-37.91935],[-59.3939,-37.9207],[-59.39389,-37.92207],[-59.39397,-37.923],[-59.39412,-37.92345],[-59.39486,-37.92476],[-59.39526,-37.9256],[-59.39559,-37.92597],[-59.39607,-37.92625],[-59.39717,-37.92657],[-59.39875,-37.92713],[-59.40014,-37.92801],[-59.40142,-37.929],[-59.40195,-37.92927],[-59.4031,-37.9296]]]}},{"type":"Feature","properties":{"tipo":"Corriente de agua intermitente","ign":"lineas_de_aguas_continentales_intermitentes.fid--23e67512_1a0e43d469c_-2b5d"},"geometry":{"type":"MultiLineString","coordinates":[[[-59.40875,-37.90913],[-59.40798,-37.91043],[-59.40751,-37.91132],[-59.40738,-37.91176],[-59.40744,-37.91219],[-59.40791,-37.91306],[-59.4087,-37.91428],[-59.40901,-37.91505],[-59.40924,-37.91643],[-59.40899,-37.91674],[-59.40814,-37.91698],[-59.40781,-37.91717],[-59.40712,-37.91795],[-59.4069,-37.91839],[-59.40694,-37.91885],[-59.40721,-37.91946],[-59.40719,-37.91976],[-59.40649,-37.92102],[-59.40553,-37.92215],[-59.40503,-37.92345],[-59.40467,-37.92482],[-59.40485,-37.92524],[-59.4053,-37.9258],[-59.4053,-37.92608],[-59.40503,-37.92661],[-59.40388,-37.92763],[-59.40355,-37.92802],[-59.40322,-37.92896],[-59.4031,-37.9296]]]}},{"type":"Feature","properties":{"fna":"Arroyo El Pescado Castigado","gna":"Arroyo","nam":"El Pescado Castigado","tipo":"Corriente de agua intermitente","ign":"lineas_de_aguas_continentales_intermitentes.fid--23e67512_1a0e43d469c_-2b5c"},"geometry":{"type":"MultiLineString","coordinates":[[[-59.6835,-37.97749],[-59.68455,-37.97858],[-59.68481,-37.97898],[-59.68503,-37.97991],[-59.68503,-37.98129],[-59.68565,-37.98257],[-59.68639,-37.9838],[-59.68731,-37.98499],[-59.68753,-37.98545],[-59.68775,-37.98656]]]}},{"type":"Feature","properties":{"tipo":"Corriente de agua intermitente","ign":"lineas_de_aguas_continentales_intermitentes.fid--23e67512_1a0e43d469c_-2b5b"},"geometry":{"type":"MultiLineString","coordinates":[[[-59.72218,-37.96945],[-59.72253,-37.96913],[-59.72377,-37.96839],[-59.72586,-37.96737],[-59.72817,-37.96656],[-59.73049,-37.96588],[-59.73273,-37.96519],[-59.73505,-37.96411],[-59.73736,-37.96354],[-59.73932,-37.96251]]]}},{"type":"Feature","properties":{"tipo":"Corriente de agua intermitente","ign":"lineas_de_aguas_continentales_intermitentes.fid--23e67512_1a0e43d469c_-2b5a"},"geometry":{"type":"MultiLineString","coordinates":[[[-59.71717,-37.95717],[-59.7174,-37.95853],[-59.71738,-37.95898],[-59.71696,-37.95985],[-59.71627,-37.96066],[-59.71583,-37.96099],[-59.71428,-37.96187],[-59.71272,-37.96255],[-59.71124,-37.96324],[-59.70986,-37.96407],[-59.70861,-37.96505],[-59.70801,-37.96584],[-59.70786,-37.96629],[-59.70792,-37.96766],[-59.70773,-37.96904],[-59.70747,-37.96946],[-59.70673,-37.97017],[-59.70622,-37.97054]]]}},{"type":"Feature","properties":{"tipo":"Corriente de agua intermitente","ign":"lineas_de_aguas_continentales_intermitentes.fid--23e67512_1a0e43d469c_-2b59"},"geometry":{"type":"MultiLineString","coordinates":[[[-59.73252,-37.98421],[-59.73334,-37.9822],[-59.73364,-37.98162],[-59.73384,-37.98121],[-59.73478,-37.97959],[-59.73491,-37.97836],[-59.73448,-37.97688],[-59.73405,-37.97619],[-59.7333,-37.9759],[-59.73175,-37.97584],[-59.72976,-37.97593],[-59.72727,-37.97563],[-59.72441,-37.97577],[-59.72279,-37.97612],[-59.72099,-37.97651],[-59.71914,-37.97715],[-59.7168,-37.97828],[-59.71561,-37.97881],[-59.71424,-37.97929],[-59.71138,-37.97968],[-59.70977,-37.97982],[-59.70916,-37.98],[-59.7074,-37.98051],[-59.70665,-37.98075],[-59.70504,-37.98109],[-59.70249,-37.98212],[-59.7013,-37.98286],[-59.69986,-37.98404],[-59.69902,-37.98507],[-59.6989,-37.98521],[-59.69753,-37.9861],[-59.69679,-37.98658]]]}},{"type":"Feature","properties":{"tipo":"Corriente de agua intermitente","ign":"lineas_de_aguas_continentales_intermitentes.fid--23e67512_1a0e43d469c_-2b58"},"geometry":{"type":"MultiLineString","coordinates":[[[-59.30424,-37.92463],[-59.30285,-37.92545],[-59.30241,-37.92581],[-59.30178,-37.9267],[-59.30103,-37.92796],[-59.30049,-37.92938],[-59.30037,-37.93089],[-59.30014,-37.93248],[-59.29928,-37.93382],[-59.29821,-37.93507],[-59.2977,-37.93538],[-59.29652,-37.93573],[-59.29472,-37.93597],[-59.29372,-37.93627],[-59.29356,-37.93631],[-59.29237,-37.93664],[-59.29127,-37.93716],[-59.29065,-37.93756],[-59.29009,-37.93931],[-59.28998,-37.94083],[-59.29031,-37.94236],[-59.29054,-37.94341],[-59.29087,-37.94503],[-59.29123,-37.94633],[-59.29195,-37.94755],[-59.29308,-37.94873],[-59.29392,-37.94991],[-59.2939,-37.95158],[-59.29325,-37.95309],[-59.29197,-37.95426],[-59.29068,-37.95559],[-59.29011,-37.95622],[-59.28962,-37.95676],[-59.28834,-37.95793],[-59.28727,-37.95909],[-59.28641,-37.96026],[-59.28598,-37.96177],[-59.28553,-37.96311],[-59.28529,-37.96409],[-59.28508,-37.96466],[-59.28466,-37.96579],[-59.28465,-37.9673],[-59.28463,-37.96898],[-59.28461,-37.97049],[-59.2846,-37.97199],[-59.28373,-37.97366],[-59.28309,-37.97517],[-59.28265,-37.97651],[-59.28222,-37.97785],[-59.28178,-37.97918],[-59.28003,-37.98023],[-59.27959,-37.98115],[-59.27948,-37.98215],[-59.27936,-37.98224],[-59.27777,-37.98348],[-59.27667,-37.98455],[-59.27597,-37.98584]]]}},{"type":"Feature","properties":{"tipo":"Corriente de agua intermitente","ign":"lineas_de_aguas_continentales_intermitentes.fid--23e67512_1a0e43d469c_-2b57"},"geometry":{"type":"MultiLineString","coordinates":[[[-59.48989,-37.99371],[-59.48964,-37.99166],[-59.48935,-37.9904],[-59.48837,-37.98795],[-59.48755,-37.98611],[-59.48704,-37.98522],[-59.48653,-37.9846],[-59.48518,-37.98356],[-59.48408,-37.98295],[-59.48346,-37.98277],[-59.48196,-37.9826],[-59.47936,-37.98217]]]}},{"type":"Feature","properties":{"tipo":"Corriente de agua intermitente","ign":"lineas_de_aguas_continentales_intermitentes.fid--23e67512_1a0e43d469c_-2b56"},"geometry":{"type":"MultiLineString","coordinates":[[[-59.50039,-37.9482],[-59.5036,-37.95183],[-59.50454,-37.95497],[-59.50596,-37.95821],[-59.5046,-37.96363],[-59.50434,-37.96667],[-59.50432,-37.96981],[-59.50394,-37.97333],[-59.5038,-37.97647],[-59.50396,-37.97733],[-59.50449,-37.98019],[-59.50389,-37.98146],[-59.50328,-37.98275],[-59.50313,-37.98661],[-59.50225,-37.99118],[-59.50151,-37.9945],[-59.50158,-37.99491],[-59.50247,-37.99462],[-59.5067,-37.99014],[-59.50792,-37.98787],[-59.50793,-37.98586],[-59.50964,-37.98293],[-59.51062,-37.98008],[-59.50978,-37.97706],[-59.51052,-37.97535],[-59.51342,-37.97422],[-59.51522,-37.97318],[-59.5156,-37.97267],[-59.51559,-37.97157],[-59.51428,-37.96946],[-59.51321,-37.96737],[-59.51275,-37.96566],[-59.513,-37.96357],[-59.51374,-37.96195],[-59.51302,-37.9609],[-59.51339,-37.95852],[-59.51354,-37.95586],[-59.51283,-37.95433],[-59.51211,-37.95357]]]}},{"type":"Feature","properties":{"tipo":"Corriente de agua intermitente","ign":"lineas_de_aguas_continentales_intermitentes.fid--23e67512_1a0e43d469c_-2b55"},"geometry":{"type":"MultiLineString","coordinates":[[[-59.44547,-37.95361],[-59.44407,-37.95454],[-59.44268,-37.95548],[-59.44148,-37.95649],[-59.44029,-37.95751],[-59.43908,-37.95876],[-59.43799,-37.95985],[-59.4367,-37.96078],[-59.4351,-37.96172],[-59.43371,-37.96265],[-59.43232,-37.96359],[-59.43181,-37.96381],[-59.43063,-37.96389],[-59.42915,-37.96318],[-59.42847,-37.96193],[-59.42702,-37.96174],[-59.42658,-37.96207],[-59.42648,-37.96356],[-59.42646,-37.96497],[-59.42645,-37.96638],[-59.42645,-37.96788],[-59.42633,-37.96936],[-59.42562,-37.9707],[-59.42473,-37.97195],[-59.42373,-37.97319],[-59.42253,-37.97421],[-59.42163,-37.97515],[-59.42113,-37.97644],[-59.42102,-37.97786],[-59.42101,-37.97927],[-59.42159,-37.9806],[-59.42237,-37.98195],[-59.42306,-37.98328],[-59.42345,-37.98462],[-59.42353,-37.98603],[-59.42352,-37.98744],[-59.42341,-37.98893],[-59.42326,-37.9894],[-59.42271,-37.99026],[-59.4217,-37.99143],[-59.42067,-37.9926],[-59.42067,-37.9926]]]}},{"type":"Feature","properties":{"tipo":"Corriente de agua intermitente","ign":"lineas_de_aguas_continentales_intermitentes.fid--23e67512_1a0e43d469c_-2b54"},"geometry":{"type":"MultiLineString","coordinates":[[[-59.6363,-37.94165],[-59.63679,-37.94339],[-59.63888,-37.94506],[-59.63977,-37.94758],[-59.64066,-37.95006],[-59.64082,-37.95234],[-59.63991,-37.9561],[-59.63924,-37.95743],[-59.63806,-37.96028],[-59.63742,-37.96182],[-59.63634,-37.96317],[-59.63344,-37.96542],[-59.63019,-37.96755],[-59.62916,-37.9684],[-59.62549,-37.9703],[-59.62133,-37.97209],[-59.62099,-37.97235],[-59.61892,-37.97394],[-59.61569,-37.97613],[-59.61316,-37.97774],[-59.61182,-37.97939],[-59.61139,-37.98201],[-59.61132,-37.9842],[-59.60891,-37.98638],[-59.60787,-37.98837],[-59.60768,-37.99151],[-59.60652,-37.99379],[-59.60524,-37.99709],[-59.60478,-37.99827],[-59.60417,-37.99913],[-59.60353,-38.0],[-59.60218,-38.00065],[-59.6016,-38.001],[-59.60122,-38.00143],[-59.60112,-38.00215],[-59.60112,-38.00237],[-59.60072,-38.00336],[-59.60014,-38.00443],[-59.59917,-38.00557],[-59.59858,-38.00628],[-59.59791,-38.00706],[-59.59724,-38.00771],[-59.59608,-38.00877],[-59.59531,-38.00927],[-59.59357,-38.00976],[-59.5925,-38.01012],[-59.59125,-38.01068],[-59.59048,-38.01104],[-59.5897,-38.01211],[-59.58921,-38.01296],[-59.58912,-38.01367],[-59.58882,-38.01482],[-59.58824,-38.01582],[-59.58736,-38.01638],[-59.58679,-38.01674],[-59.58573,-38.01723],[-59.58496,-38.01766],[-59.58408,-38.0183],[-59.58303,-38.01873],[-59.58205,-38.01965],[-59.58002,-38.02156],[-59.57887,-38.02256],[-59.57771,-38.02356],[-59.57674,-38.0242],[-59.57442,-38.0252],[-59.57374,-38.02547],[-59.57278,-38.02612],[-59.5721,-38.02676],[-59.57142,-38.02754],[-59.5694,-38.02811],[-59.56824,-38.02817],[-59.56708,-38.02874],[-59.56564,-38.02945],[-59.56322,-38.03094],[-59.561,-38.03193],[-59.55656,-38.03298],[-59.55541,-38.03341],[-59.55319,-38.03418],[-59.55101,-38.03607],[-59.54965,-38.03707],[-59.5484,-38.03806],[-59.54665,-38.03891],[-59.54443,-38.03991],[-59.54299,-38.04033],[-59.54057,-38.04074],[-59.53933,-38.04109],[-59.53749,-38.0418],[-59.53643,-38.04244],[-59.53389,-38.0435],[-59.53273,-38.04393],[-59.53205,-38.04449],[-59.53147,-38.04521],[-59.53118,-38.04563],[-59.5305,-38.04663],[-59.52982,-38.04763],[-59.52904,-38.04863],[-59.52769,-38.04933],[-59.52663,-38.04976],[-59.52623,-38.05076],[-59.52536,-38.0519],[-59.52468,-38.05275],[-59.5239,-38.05396],[-59.52293,-38.0546],[-59.52245,-38.05488]]]}},{"type":"Feature","properties":{"tipo":"Corriente de agua intermitente","ign":"lineas_de_aguas_continentales_intermitentes.fid--23e67512_1a0e43d469c_-2b53"},"geometry":{"type":"MultiLineString","coordinates":[[[-59.50562,-37.88264],[-59.50776,-37.88693],[-59.5087,-37.88989],[-59.50903,-37.89322],[-59.50901,-37.89626],[-59.51089,-37.89983],[-59.513,-37.90668],[-59.51298,-37.90973],[-59.51391,-37.91515],[-59.51388,-37.91915],[-59.51769,-37.92291],[-59.51948,-37.92444],[-59.52042,-37.9272],[-59.5204,-37.93148],[-59.52155,-37.93843],[-59.52249,-37.94167],[-59.52317,-37.94785],[-59.52458,-37.95329],[-59.52479,-37.95709],[-59.52392,-37.96156],[-59.5233,-37.96412],[-59.52509,-37.96755],[-59.52683,-37.97266],[-59.52608,-37.9775],[-59.52608,-37.97753],[-59.52546,-37.9814],[-59.52507,-37.98492],[-59.52446,-37.98806],[-59.52214,-37.99223],[-59.51914,-37.99771],[-59.51788,-38.0],[-59.51662,-38.00172],[-59.51464,-38.00238],[-59.51411,-38.00277],[-59.51345,-38.00342],[-59.51286,-38.00385],[-59.51256,-38.00439],[-59.51234,-38.00493],[-59.51154,-38.00542],[-59.51066,-38.00563],[-59.50978,-38.00628],[-59.50904,-38.00687],[-59.50838,-38.0073],[-59.50772,-38.00757],[-59.50699,-38.00784],[-59.50655,-38.00816],[-59.50589,-38.00854],[-59.50383,-38.0088],[-59.50311,-38.00901],[-59.50288,-38.00956],[-59.50287,-38.01085],[-59.50236,-38.01161],[-59.50177,-38.01199],[-59.5009,-38.01214],[-59.49936,-38.01242],[-59.49877,-38.01241],[-59.49789,-38.01241],[-59.49738,-38.01273],[-59.49672,-38.01327],[-59.49635,-38.01365],[-59.49583,-38.01413],[-59.49496,-38.01473],[-59.49393,-38.01527],[-59.49209,-38.01661],[-59.48938,-38.01757],[-59.48748,-38.01811],[-59.48645,-38.01833],[-59.4858,-38.01865],[-59.48506,-38.01907],[-59.48455,-38.01935],[-59.4841,-38.01994],[-59.48359,-38.02042],[-59.48314,-38.02086],[-59.48256,-38.02134],[-59.48185,-38.02251],[-59.48045,-38.02321],[-59.47957,-38.02358],[-59.47876,-38.02418],[-59.4781,-38.02461],[-59.477,-38.02526],[-59.47604,-38.02595],[-59.47561,-38.0266],[-59.47509,-38.02715],[-59.47398,-38.02768],[-59.47266,-38.02833],[-59.46915,-38.02934],[-59.46542,-38.03122],[-59.46482,-38.0317],[-59.46452,-38.03241],[-59.4643,-38.03273],[-59.46386,-38.03333],[-59.4632,-38.03371],[-59.46181,-38.03413],[-59.46071,-38.03434],[-59.45844,-38.03433],[-59.45676,-38.03432],[-59.45649,-38.03432],[-59.45459,-38.03446],[-59.45415,-38.03468],[-59.45408,-38.03494],[-59.45407,-38.03538],[-59.45407,-38.0357],[-59.45356,-38.03635],[-59.45311,-38.03678],[-59.45274,-38.03721],[-59.4523,-38.03776],[-59.45208,-38.03835],[-59.45192,-38.03889],[-59.45192,-38.03911],[-59.45185,-38.03938],[-59.45141,-38.03981],[-59.45111,-38.04025],[-59.45074,-38.04068],[-59.45023,-38.04111],[-59.44957,-38.04165],[-59.44809,-38.04327],[-59.44692,-38.04408],[-59.44473,-38.04445],[-59.44377,-38.04498],[-59.44281,-38.04546],[-59.44222,-38.04584],[-59.44178,-38.04633],[-59.44142,-38.04671],[-59.44083,-38.04686],[-59.4401,-38.04697],[-59.43951,-38.04702],[-59.43922,-38.04702],[-59.43812,-38.04724],[-59.43739,-38.04734],[-59.43687,-38.04766],[-59.4367,-38.04784]]]}},{"type":"Feature","properties":{"tipo":"Corriente de agua intermitente","ign":"lineas_de_aguas_continentales_intermitentes.fid--23e67512_1a0e43d469c_-2b52"},"geometry":{"type":"MultiLineString","coordinates":[[[-59.2454,-37.94932],[-59.24422,-37.9504],[-59.24326,-37.95156],[-59.24218,-37.95265],[-59.24133,-37.95382],[-59.24026,-37.95491],[-59.23951,-37.95624],[-59.23875,-37.95749],[-59.23842,-37.95884],[-59.2383,-37.96026],[-59.23818,-37.96169],[-59.23785,-37.96302],[-59.23741,-37.96436],[-59.23666,-37.96561],[-59.23611,-37.96695],[-59.23537,-37.96829],[-59.23462,-37.96933],[-59.23381,-37.97066],[-59.23273,-37.97225],[-59.2323,-37.97321],[-59.2319,-37.97456],[-59.2318,-37.97489],[-59.23138,-37.97634],[-59.23052,-37.97768],[-59.22944,-37.9791],[-59.22858,-37.98035],[-59.22797,-37.98175],[-59.22731,-37.98271],[-59.22656,-37.98451],[-59.22536,-37.98735],[-59.22436,-37.98963],[-59.22399,-37.99005],[-59.22297,-37.99071],[-59.22158,-37.99163]]]}},{"type":"Feature","properties":{"tipo":"Corriente de agua intermitente","ign":"lineas_de_aguas_continentales_intermitentes.fid--23e67512_1a0e43d469c_-2b51"},"geometry":{"type":"MultiLineString","coordinates":[[[-59.60407,-38.01117],[-59.60366,-38.01436],[-59.60269,-38.01535],[-59.60182,-38.01606],[-59.60085,-38.01642],[-59.59941,-38.01692],[-59.59796,-38.01741],[-59.59613,-38.01804],[-59.59439,-38.0189],[-59.59275,-38.01968],[-59.5914,-38.02032],[-59.58985,-38.02145],[-59.58859,-38.02259],[-59.58704,-38.02444],[-59.5854,-38.02651],[-59.58424,-38.0275],[-59.58337,-38.02843],[-59.58268,-38.02921],[-59.5821,-38.02978],[-59.58113,-38.03114],[-59.57977,-38.03263],[-59.57823,-38.03455],[-59.57755,-38.03579]]]}},{"type":"Feature","properties":{"tipo":"Corriente de agua intermitente","ign":"lineas_de_aguas_continentales_intermitentes.fid--23e67512_1a0e43d469c_-2b50"},"geometry":{"type":"MultiLineString","coordinates":[[[-59.6159,-38.02713],[-59.61398,-38.02804],[-59.61168,-38.02793],[-59.60899,-38.02964],[-59.60681,-38.02995],[-59.60527,-38.03024],[-59.60257,-38.03155],[-59.59989,-38.03184],[-59.59712,-38.03159],[-59.59235,-38.03328],[-59.58922,-38.03389],[-59.58746,-38.03393],[-59.58611,-38.03465],[-59.58447,-38.03521],[-59.58225,-38.03534],[-59.58071,-38.03534],[-59.57927,-38.03547],[-59.57755,-38.03579]]]}},{"type":"Feature","properties":{"tipo":"Corriente de agua intermitente","ign":"lineas_de_aguas_continentales_intermitentes.fid--23e67512_1a0e43d469c_-2b4f"},"geometry":{"type":"MultiLineString","coordinates":[[[-59.4757,-38.00697],[-59.47467,-38.00764],[-59.47466,-38.00893],[-59.47353,-38.00987],[-59.47062,-38.01041],[-59.469,-38.01102],[-59.46784,-38.01147],[-59.46516,-38.01257],[-59.46501,-38.01363],[-59.46501,-38.01503],[-59.46373,-38.01575],[-59.46252,-38.01686],[-59.46174,-38.01703],[-59.46089,-38.01709],[-59.46006,-38.01725],[-59.45914,-38.01725],[-59.4575,-38.01724],[-59.45667,-38.0175],[-59.45526,-38.0181],[-59.45421,-38.01871],[-59.45221,-38.02],[-59.45127,-38.02052],[-59.45021,-38.02103],[-59.44798,-38.02163],[-59.44716,-38.02206],[-59.44599,-38.02257],[-59.44505,-38.02292],[-59.44363,-38.02378],[-59.44246,-38.02482],[-59.44127,-38.02602],[-59.44044,-38.02741],[-59.44044,-38.02828],[-59.44043,-38.02932],[-59.44043,-38.03011],[-59.44041,-38.03158],[-59.4397,-38.0334],[-59.43781,-38.03469],[-59.43641,-38.03539],[-59.43511,-38.03642],[-59.43464,-38.03737],[-59.43452,-38.0378],[-59.43428,-38.03876],[-59.43427,-38.04006],[-59.43425,-38.04145],[-59.43447,-38.04432],[-59.43528,-38.04632],[-59.4367,-38.04784]]]}},{"type":"Feature","properties":{"tipo":"Corriente de agua intermitente","ign":"lineas_de_aguas_continentales_intermitentes.fid--23e67512_1a0e43d469c_-2b4e"},"geometry":{"type":"MultiLineString","coordinates":[[[-59.4367,-38.04784],[-59.43651,-38.04804],[-59.4365,-38.04874],[-59.43671,-38.04918],[-59.437,-38.04972],[-59.437,-38.05037],[-59.437,-38.05107],[-59.4361,-38.05264]]]}},{"type":"Feature","properties":{"tipo":"Corriente de agua intermitente","ign":"lineas_de_aguas_continentales_intermitentes.fid--23e67512_1a0e43d469c_-2b4d"},"geometry":{"type":"MultiLineString","coordinates":[[[-59.57755,-38.03579],[-59.57637,-38.03611],[-59.57464,-38.03696],[-59.5727,-38.03802],[-59.57165,-38.03859],[-59.57058,-38.03916],[-59.56961,-38.03973],[-59.56816,-38.04065],[-59.56691,-38.041],[-59.56546,-38.0415],[-59.56421,-38.04199],[-59.56295,-38.04256],[-59.56141,-38.04298],[-59.55919,-38.04354],[-59.55754,-38.04489],[-59.55696,-38.04546],[-59.5561,-38.0461],[-59.55532,-38.04675],[-59.55474,-38.04731],[-59.55416,-38.04766],[-59.553,-38.04773],[-59.55117,-38.04808],[-59.54886,-38.04807],[-59.5486,-38.04829],[-59.54849,-38.04971],[-59.54858,-38.05022],[-59.54858,-38.05093],[-59.54847,-38.05193],[-59.54789,-38.05293],[-59.54683,-38.05392],[-59.54548,-38.05448],[-59.54422,-38.0554],[-59.54273,-38.05703]]]}},{"type":"Feature","properties":{"fna":"Arroyo Pecado Castigado","gna":"Arroyo","nam":"Pecado Castigado","tipo":"Corriente de agua intermitente","ign":"lineas_de_aguas_continentales_intermitentes.fid--23e67512_1a0e43d469c_-2b4c"},"geometry":{"type":"MultiLineString","coordinates":[[[-59.66193,-38.01475],[-59.66196,-38.01534],[-59.66177,-38.01558],[-59.66127,-38.01582],[-59.66026,-38.01583],[-59.65889,-38.01562],[-59.65792,-38.01567],[-59.65737,-38.01648],[-59.65675,-38.0175],[-59.65509,-38.01902],[-59.65434,-38.01968],[-59.6531,-38.02003],[-59.65186,-38.0213],[-59.65093,-38.02202],[-59.64691,-38.02306],[-59.64643,-38.02322],[-59.64589,-38.02352],[-59.64471,-38.02362],[-59.64368,-38.02372],[-59.64279,-38.02422],[-59.64231,-38.02443],[-59.64141,-38.02494],[-59.64066,-38.02585],[-59.63942,-38.0263],[-59.63832,-38.0264],[-59.63745,-38.02662],[-59.63683,-38.02713],[-59.6358,-38.0281],[-59.6349,-38.0284],[-59.63347,-38.02849],[-59.63216,-38.02879],[-59.63161,-38.02925],[-59.63229,-38.02966],[-59.63325,-38.03048],[-59.63393,-38.0318],[-59.63393,-38.03282],[-59.63379,-38.03369],[-59.63303,-38.0345],[-59.63165,-38.03515],[-59.63047,-38.03607],[-59.63068,-38.03693],[-59.63088,-38.0378],[-59.63067,-38.03861],[-59.63018,-38.03933],[-59.63018,-38.04014],[-59.62991,-38.04044],[-59.62908,-38.04065],[-59.62825,-38.04125],[-59.62688,-38.04227],[-59.62502,-38.04307],[-59.62385,-38.04353],[-59.622,-38.04439],[-59.62041,-38.04443],[-59.61884,-38.04422],[-59.61768,-38.04412],[-59.61595,-38.04462],[-59.61464,-38.04507],[-59.61341,-38.04528],[-59.6119,-38.04507],[-59.6106,-38.04415],[-59.6093,-38.04404],[-59.60758,-38.04403],[-59.60566,-38.04413],[-59.60422,-38.04483],[-59.60312,-38.04555],[-59.60216,-38.04585],[-59.59969,-38.04635],[-59.59762,-38.04654],[-59.59626,-38.04639],[-59.59509,-38.04623],[-59.59419,-38.04674],[-59.59315,-38.04734],[-59.59119,-38.04758],[-59.58899,-38.04854],[-59.58699,-38.04945],[-59.585,-38.05076],[-59.58369,-38.05183],[-59.58341,-38.05228],[-59.58286,-38.05259],[-59.58155,-38.05259],[-59.58012,-38.05258],[-59.57915,-38.05258],[-59.57833,-38.05278],[-59.57723,-38.05359],[-59.57612,-38.05429],[-59.57489,-38.05414],[-59.57379,-38.05429],[-59.57269,-38.05459],[-59.57118,-38.05504],[-59.56911,-38.05575],[-59.56644,-38.05589],[-59.56492,-38.05588],[-59.5641,-38.05587],[-59.56397,-38.05608],[-59.56348,-38.05608],[-59.56287,-38.05598],[-59.56246,-38.05572],[-59.56204,-38.05562],[-59.56156,-38.05562],[-59.56129,-38.05577],[-59.56073,-38.05627],[-59.56053,-38.05653],[-59.56032,-38.05693],[-59.55997,-38.05709],[-59.55936,-38.05739],[-59.55888,-38.05759],[-59.55733,-38.05828],[-59.55712,-38.05849],[-59.55615,-38.05919],[-59.55574,-38.05924],[-59.55526,-38.05919],[-59.55478,-38.05904],[-59.5541,-38.05883],[-59.55334,-38.05882],[-59.55265,-38.05888],[-59.5517,-38.05912],[-59.55087,-38.05938],[-59.54998,-38.05963],[-59.5495,-38.05977],[-59.5488,-38.06008],[-59.54799,-38.06018],[-59.54708,-38.06038],[-59.54661,-38.06033],[-59.54619,-38.06002],[-59.54599,-38.05966],[-59.54559,-38.0591],[-59.54544,-38.05869],[-59.54531,-38.05818],[-59.5449,-38.05788],[-59.54429,-38.05757],[-59.54374,-38.05726],[-59.54299,-38.05711],[-59.54273,-38.05703]]]}},{"type":"Feature","properties":{"tipo":"Corriente de agua intermitente","ign":"lineas_de_aguas_continentales_intermitentes.fid--23e67512_1a0e43d469c_-2b4b"},"geometry":{"type":"MultiLineString","coordinates":[[[-59.26577,-38.0594],[-59.26547,-38.06061],[-59.26536,-38.06175],[-59.26516,-38.06275],[-59.26514,-38.06389],[-59.26514,-38.0649],[-59.26512,-38.0661],[-59.26492,-38.06739],[-59.26452,-38.06889],[-59.26431,-38.07024],[-59.26401,-38.07117],[-59.26381,-38.07196],[-59.26352,-38.07281],[-59.26311,-38.07431],[-59.26194,-38.07652],[-59.26076,-38.07815],[-59.26056,-38.07915],[-59.26044,-38.08108],[-59.26082,-38.08285]]]}},{"type":"Feature","properties":{"tipo":"Corriente de agua intermitente","ign":"lineas_de_aguas_continentales_intermitentes.fid--23e67512_1a0e43d469c_-2b4a"},"geometry":{"type":"MultiLineString","coordinates":[[[-59.27278,-38.00262],[-59.27225,-38.00348],[-59.27167,-38.00441],[-59.27117,-38.00562],[-59.27097,-38.00655],[-59.27096,-38.0074],[-59.27134,-38.00813],[-59.272,-38.00912],[-59.27408,-38.01335],[-59.27646,-38.01608],[-59.27663,-38.01844],[-59.27661,-38.02073],[-59.27637,-38.02459],[-59.27637,-38.02537],[-59.27656,-38.0258],[-59.27684,-38.02694],[-59.27711,-38.02809],[-59.27892,-38.03053],[-59.27996,-38.03204],[-59.28025,-38.03283],[-59.28081,-38.03389],[-59.28138,-38.03497],[-59.28213,-38.03741],[-59.28451,-38.03999],[-59.28429,-38.04256],[-59.28418,-38.04428],[-59.28494,-38.045],[-59.28571,-38.04571],[-59.28588,-38.04715],[-59.28539,-38.04828],[-59.28441,-38.04985],[-59.2844,-38.05167],[-59.28439,-38.05245],[-59.28447,-38.05346],[-59.28455,-38.05488],[-59.28455,-38.05603],[-59.28453,-38.05703],[-59.28452,-38.05845],[-59.28441,-38.05953],[-59.28421,-38.06102],[-59.28391,-38.06238],[-59.28341,-38.06352],[-59.28273,-38.06473],[-59.28175,-38.06558],[-59.28088,-38.06615],[-59.27972,-38.06671],[-59.27895,-38.06721],[-59.27729,-38.06877],[-59.27632,-38.06941],[-59.27555,-38.06983],[-59.27467,-38.07047],[-59.27399,-38.07125],[-59.27331,-38.07203],[-59.27291,-38.07289],[-59.27281,-38.07346],[-59.27251,-38.07467],[-59.2725,-38.0756],[-59.27181,-38.07674],[-59.27094,-38.07745],[-59.26918,-38.07944],[-59.26619,-38.0807],[-59.26242,-38.08189],[-59.26082,-38.08285]]]}},{"type":"Feature","properties":{"tipo":"Corriente de agua intermitente","ign":"lineas_de_aguas_continentales_intermitentes.fid--23e67512_1a0e43d469c_-2b49"},"geometry":{"type":"MultiLineString","coordinates":[[[-59.36171,-38.03943],[-59.36148,-38.04138],[-59.36117,-38.04219],[-59.36103,-38.04322],[-59.36087,-38.04393],[-59.36064,-38.04463],[-59.36042,-38.04539],[-59.36019,-38.0468],[-59.36031,-38.04992],[-59.36058,-38.05204],[-59.36065,-38.05258],[-59.36064,-38.05328],[-59.36056,-38.05383],[-59.36027,-38.05421],[-59.36005,-38.05496],[-59.35997,-38.05589],[-59.35952,-38.05653],[-59.35878,-38.05713],[-59.35768,-38.05798],[-59.35627,-38.05966],[-59.35502,-38.0616],[-59.35363,-38.06277],[-59.3534,-38.06359],[-59.35332,-38.06407],[-59.35331,-38.06516],[-59.3533,-38.06581],[-59.3533,-38.06618],[-59.35329,-38.067],[-59.35315,-38.06749],[-59.3527,-38.06781],[-59.3516,-38.06813],[-59.35101,-38.06829],[-59.34976,-38.06958],[-59.34954,-38.07007],[-59.34924,-38.07088],[-59.34909,-38.07137],[-59.34871,-38.0724],[-59.34841,-38.07326],[-59.34825,-38.0743],[-59.34818,-38.075],[-59.3481,-38.07576],[-59.34772,-38.07662],[-59.34758,-38.07727],[-59.34734,-38.07803],[-59.34726,-38.07922],[-59.34696,-38.07965],[-59.34623,-38.08057],[-59.3457,-38.08149],[-59.34402,-38.08275],[-59.34284,-38.08366],[-59.34283,-38.08427],[-59.34283,-38.08502],[-59.34282,-38.08557],[-59.34282,-38.086],[-59.34303,-38.08654],[-59.3436,-38.08771]]]}},{"type":"Feature","properties":{"tipo":"Corriente de agua intermitente","ign":"lineas_de_aguas_continentales_intermitentes.fid--23e67512_1a0e43d469c_-2b48"},"geometry":{"type":"MultiLineString","coordinates":[[[-59.55249,-38.07713],[-59.55073,-38.0782],[-59.54897,-38.07927],[-59.54761,-38.08027],[-59.54698,-38.08073],[-59.54422,-38.0823],[-59.54193,-38.08252],[-59.54057,-38.08285],[-59.53933,-38.08443],[-59.53918,-38.08465],[-59.53829,-38.08559],[-59.53596,-38.08712],[-59.53316,-38.08817],[-59.53168,-38.08836],[-59.52467,-38.08799],[-59.52315,-38.08792],[-59.52238,-38.08809],[-59.52174,-38.08863],[-59.52131,-38.08958],[-59.521,-38.09],[-59.52008,-38.0909],[-59.51916,-38.0918],[-59.51809,-38.09203],[-59.51788,-38.09207],[-59.51633,-38.09241],[-59.51564,-38.09281],[-59.5153,-38.09328],[-59.51516,-38.09346]]]}},{"type":"Feature","properties":{"tipo":"Corriente de agua intermitente","ign":"lineas_de_aguas_continentales_intermitentes.fid--23e67512_1a0e43d469c_-2b47"},"geometry":{"type":"MultiLineString","coordinates":[[[-59.63194,-38.05946],[-59.63087,-38.06039],[-59.62991,-38.06124],[-59.62949,-38.06149],[-59.6294,-38.06154],[-59.62836,-38.06216],[-59.62701,-38.06302],[-59.62537,-38.06366],[-59.62363,-38.06422],[-59.62257,-38.0645],[-59.62103,-38.06479],[-59.61958,-38.06507],[-59.61745,-38.06606],[-59.61561,-38.06727],[-59.61446,-38.06805],[-59.61291,-38.06911],[-59.61088,-38.07004],[-59.60953,-38.07047],[-59.60827,-38.07103],[-59.60774,-38.07132],[-59.6072,-38.0716],[-59.60575,-38.07216],[-59.60451,-38.07259],[-59.60345,-38.07265],[-59.60275,-38.07261],[-59.60238,-38.07259],[-59.60122,-38.07258],[-59.60016,-38.07301],[-59.59862,-38.07378],[-59.59659,-38.07507],[-59.59417,-38.07684],[-59.59329,-38.07788],[-59.59271,-38.07855],[-59.59172,-38.08131],[-59.59164,-38.08155],[-59.59056,-38.08183],[-59.58922,-38.08218],[-59.58754,-38.08238],[-59.58372,-38.08281],[-59.5837,-38.08281],[-59.57999,-38.08327],[-59.57969,-38.0833],[-59.57684,-38.08365],[-59.57465,-38.08392],[-59.56762,-38.0844],[-59.56646,-38.0846],[-59.5654,-38.08489],[-59.56462,-38.08488],[-59.56386,-38.08481],[-59.56338,-38.0848],[-59.56222,-38.08488],[-59.56144,-38.08516],[-59.56086,-38.08573],[-59.56,-38.08637],[-59.55816,-38.08672],[-59.5569,-38.08664],[-59.55648,-38.08666],[-59.55527,-38.0867],[-59.55357,-38.08725],[-59.55124,-38.08888],[-59.55012,-38.08973],[-59.54844,-38.09099],[-59.54747,-38.09173],[-59.54544,-38.09222],[-59.54293,-38.09264],[-59.54202,-38.09304],[-59.54052,-38.0937],[-59.53714,-38.09433],[-59.53395,-38.09503],[-59.53153,-38.09566],[-59.52892,-38.09651],[-59.52507,-38.09707],[-59.52227,-38.09727],[-59.51881,-38.0964],[-59.51838,-38.09611],[-59.51659,-38.09489],[-59.51544,-38.09373],[-59.51516,-38.09346]]]}},{"type":"Feature","properties":{"fna":"Arroyo El Pescado Castigado","gna":"Arroyo","nam":"El Pescado Castigado","tipo":"Corriente de agua intermitente","ign":"lineas_de_aguas_continentales_intermitentes.fid--23e67512_1a0e43d469c_-2b46"},"geometry":{"type":"MultiLineString","coordinates":[[[-59.54273,-38.05703],[-59.54244,-38.05695],[-59.54141,-38.057],[-59.54059,-38.05715],[-59.5399,-38.0574],[-59.53901,-38.0575],[-59.53811,-38.0578],[-59.53756,-38.05806],[-59.53708,-38.0583],[-59.5368,-38.05851],[-59.53632,-38.05886],[-59.53577,-38.05922],[-59.53556,-38.05942],[-59.53515,-38.05967],[-59.53494,-38.05993],[-59.53487,-38.06049],[-59.53486,-38.06079],[-59.53444,-38.06145],[-59.53411,-38.06186],[-59.53363,-38.06216],[-59.53293,-38.06256],[-59.53231,-38.06307],[-59.53128,-38.06377],[-59.53003,-38.06474],[-59.52845,-38.06591],[-59.527,-38.06707],[-59.52638,-38.06819],[-59.52548,-38.06874],[-59.52383,-38.06965],[-59.52225,-38.06985],[-59.52114,-38.0704],[-59.52032,-38.07066],[-59.51865,-38.07077],[-59.51713,-38.07132],[-59.51554,-38.07193],[-59.51479,-38.07212],[-59.5141,-38.07269],[-59.51376,-38.07329],[-59.5134,-38.07391],[-59.51306,-38.07446],[-59.51264,-38.07512],[-59.5123,-38.07553],[-59.51181,-38.07593],[-59.51099,-38.07695],[-59.51057,-38.07786],[-59.51022,-38.07857],[-59.50919,-38.07908],[-59.5076,-38.07963],[-59.50657,-38.07993],[-59.50513,-38.08028],[-59.5032,-38.08033],[-59.50162,-38.08042],[-59.49942,-38.08082],[-59.49784,-38.08147],[-59.49646,-38.08228],[-59.49549,-38.08319],[-59.49425,-38.08405],[-59.49219,-38.0845],[-59.49013,-38.08475],[-59.48786,-38.08499],[-59.48513,-38.08594],[-59.48458,-38.08655],[-59.48361,-38.08725],[-59.48217,-38.08751],[-59.48052,-38.0879],[-59.47942,-38.08795],[-59.47846,-38.08836],[-59.47735,-38.08916],[-59.47604,-38.09012],[-59.47432,-38.09072],[-59.4717,-38.09183],[-59.47039,-38.09269],[-59.46881,-38.09294],[-59.46695,-38.0934],[-59.46524,-38.09364],[-59.46351,-38.0943],[-59.4622,-38.0951],[-59.46089,-38.09545],[-59.45897,-38.096],[-59.45745,-38.09599],[-59.45615,-38.09609],[-59.45471,-38.09654],[-59.45298,-38.0973],[-59.45092,-38.09856],[-59.44994,-38.09921],[-59.4495,-38.09945]]]}},{"type":"Feature","properties":{"tipo":"Corriente de agua intermitente","ign":"lineas_de_aguas_continentales_intermitentes.fid--23e67512_1a0e43d469c_-2b45"},"geometry":{"type":"MultiLineString","coordinates":[[[-59.51516,-38.09346],[-59.51411,-38.09253],[-59.51324,-38.09245],[-59.51237,-38.09245],[-59.5114,-38.09294],[-59.51082,-38.09358],[-59.51043,-38.09408],[-59.50879,-38.09443],[-59.50687,-38.09399],[-59.50336,-38.0944],[-59.50249,-38.09482],[-59.50094,-38.09575],[-59.49939,-38.09624],[-59.49756,-38.09666],[-59.49409,-38.09693],[-59.49274,-38.09692],[-59.49139,-38.09656],[-59.48994,-38.09641],[-59.48743,-38.09648],[-59.48416,-38.09696],[-59.483,-38.09781],[-59.48183,-38.09874],[-59.48057,-38.09959],[-59.47855,-38.09979],[-59.47672,-38.09985],[-59.47469,-38.09977],[-59.47074,-38.10004],[-59.46919,-38.10032],[-59.46497,-38.10137],[-59.46266,-38.10157],[-59.46188,-38.10157],[-59.45976,-38.10171],[-59.45822,-38.1017],[-59.45696,-38.10169],[-59.45629,-38.10158],[-59.45504,-38.10104],[-59.45389,-38.10047],[-59.45119,-38.10002],[-59.4495,-38.09945]]]}},{"type":"Feature","properties":{"fna":"Arroyo El Pescado Castigado","gna":"Arroyo","nam":"El Pescado Castigado","tipo":"Corriente de agua intermitente","ign":"lineas_de_aguas_continentales_intermitentes.fid--23e67512_1a0e43d469c_-2b41"},"geometry":{"type":"MultiLineString","coordinates":[[[-59.4495,-38.09945],[-59.44918,-38.09962],[-59.44871,-38.09962],[-59.4483,-38.09937],[-59.44788,-38.09905],[-59.44733,-38.09885],[-59.4468,-38.09859],[-59.44611,-38.09834],[-59.44563,-38.09823],[-59.44508,-38.09823],[-59.44432,-38.09827],[-59.44398,-38.09837],[-59.44356,-38.09878],[-59.44321,-38.09918],[-59.44281,-38.09959],[-59.44239,-38.09999],[-59.44183,-38.1004],[-59.44122,-38.10061],[-59.44073,-38.1006],[-59.44011,-38.1007],[-59.4395,-38.1008],[-59.43929,-38.1011],[-59.43907,-38.10146],[-59.43894,-38.10191],[-59.4388,-38.10217],[-59.43852,-38.10252],[-59.43783,-38.10272],[-59.43728,-38.10292],[-59.43632,-38.10317],[-59.43597,-38.10322],[-59.43515,-38.10342],[-59.43433,-38.10372],[-59.43405,-38.10403],[-59.43356,-38.10448],[-59.43321,-38.10479],[-59.43138,-38.10557],[-59.4309,-38.10557],[-59.43029,-38.10582],[-59.43008,-38.10603],[-59.42952,-38.10653],[-59.4289,-38.10683],[-59.42855,-38.10698],[-59.42807,-38.10703],[-59.42739,-38.10703],[-59.42669,-38.10712],[-59.4258,-38.10753],[-59.42518,-38.10783],[-59.42414,-38.10823],[-59.42332,-38.10879],[-59.42235,-38.10945],[-59.42173,-38.11],[-59.42125,-38.11036],[-59.4209,-38.11081],[-59.42035,-38.11117],[-59.41958,-38.11142],[-59.41931,-38.11147],[-59.41877,-38.11157],[-59.41814,-38.11187],[-59.41773,-38.11217],[-59.41752,-38.11248],[-59.41738,-38.11288],[-59.41731,-38.11334],[-59.41661,-38.11379],[-59.41614,-38.11389],[-59.41551,-38.11389],[-59.4151,-38.11389],[-59.41455,-38.11388],[-59.41407,-38.11388],[-59.41339,-38.11403],[-59.4127,-38.11423],[-59.41214,-38.11449],[-59.40957,-38.11487],[-59.40792,-38.11506],[-59.40654,-38.1151],[-59.40565,-38.11516],[-59.40441,-38.11515],[-59.40387,-38.11509],[-59.4029,-38.11499],[-59.40229,-38.11468],[-59.40133,-38.11427],[-59.40065,-38.11386],[-59.40017,-38.1138],[-59.39962,-38.1139],[-59.39872,-38.11415],[-59.39789,-38.1144],[-59.39446,-38.11413],[-59.39357,-38.11402],[-59.39288,-38.11387],[-59.39213,-38.11356],[-59.39145,-38.1133],[-59.39028,-38.11314],[-59.38932,-38.11288],[-59.38788,-38.11257],[-59.38692,-38.11256],[-59.3863,-38.11256],[-59.38513,-38.11281],[-59.38396,-38.11301],[-59.37928,-38.11334],[-59.37578,-38.11378],[-59.37344,-38.11417],[-59.372,-38.11437],[-59.37158,-38.11432],[-59.37145,-38.11401],[-59.37077,-38.1139],[-59.37042,-38.1139],[-59.3696,-38.11415],[-59.36939,-38.11425],[-59.36904,-38.11456],[-59.36877,-38.11481],[-59.36856,-38.11491],[-59.36794,-38.11496],[-59.36773,-38.1149],[-59.36719,-38.1147],[-59.36692,-38.11465],[-59.36664,-38.11454],[-59.36547,-38.11464],[-59.36111,-38.11441],[-59.35953,-38.11455],[-59.35843,-38.11475],[-59.35768,-38.11474],[-59.35692,-38.11464],[-59.35583,-38.11428],[-59.35507,-38.11427],[-59.35452,-38.11437],[-59.35424,-38.11452],[-59.35369,-38.11509],[-59.35341,-38.11538],[-59.35313,-38.11599],[-59.35299,-38.1166],[-59.35292,-38.11696],[-59.35284,-38.11736],[-59.35229,-38.11802],[-59.35167,-38.11822],[-59.35071,-38.11832],[-59.35009,-38.11842],[-59.34913,-38.11872],[-59.34795,-38.11922],[-59.34761,-38.11947],[-59.34705,-38.11998],[-59.34657,-38.12014],[-59.3454,-38.12022],[-59.34437,-38.12022],[-59.34327,-38.12037],[-59.34286,-38.12062],[-59.34243,-38.12103],[-59.34188,-38.12163],[-59.34161,-38.12209],[-59.34105,-38.1227],[-59.33947,-38.12304],[-59.33637,-38.12353],[-59.3343,-38.12454],[-59.33216,-38.12514],[-59.33051,-38.12543],[-59.32804,-38.12542],[-59.32639,-38.12536],[-59.32467,-38.12601],[-59.3229,-38.12711],[-59.32078,-38.1273],[-59.31829,-38.12825],[-59.31684,-38.12905],[-59.31657,-38.12936],[-59.31649,-38.12986],[-59.31641,-38.13048],[-59.31606,-38.13078],[-59.31572,-38.13088],[-59.31503,-38.13108],[-59.31393,-38.13178],[-59.31338,-38.13219],[-59.31262,-38.1325],[-59.312,-38.13269],[-59.31145,-38.13269],[-59.3107,-38.13268],[-59.31007,-38.13278],[-59.30952,-38.13308],[-59.30911,-38.13328],[-59.30841,-38.13364],[-59.30753,-38.13383],[-59.30676,-38.13393]]]}},{"type":"Feature","properties":{"tipo":"Corriente de agua intermitente","ign":"lineas_de_aguas_continentales_intermitentes.fid--23e67512_1a0e43d469c_-2b40"},"geometry":{"type":"MultiLineString","coordinates":[[[-59.26082,-38.08285],[-59.2597,-38.08352],[-59.2567,-38.0845],[-59.25467,-38.08549],[-59.25315,-38.0868],[-59.25305,-38.08773],[-59.25314,-38.08838],[-59.25342,-38.08937],[-59.25368,-38.09052],[-59.25397,-38.09152],[-59.25407,-38.09202],[-59.25415,-38.09317],[-59.25443,-38.09395],[-59.25548,-38.09532],[-59.25634,-38.09611],[-59.2571,-38.09704],[-59.25803,-38.09962],[-59.25936,-38.10205],[-59.26444,-38.10437],[-59.26845,-38.10936],[-59.26891,-38.11079],[-59.2689,-38.11222],[-59.26831,-38.11336],[-59.2682,-38.11451],[-59.26876,-38.11665],[-59.2699,-38.11809],[-59.26999,-38.11923],[-59.26997,-38.12037],[-59.26987,-38.12152],[-59.26957,-38.12252],[-59.26937,-38.12344],[-59.26936,-38.12437],[-59.26925,-38.12551],[-59.26924,-38.12652],[-59.26913,-38.12773],[-59.26912,-38.12851],[-59.26873,-38.12923],[-59.26834,-38.13001],[-59.26794,-38.13072],[-59.26774,-38.13157],[-59.26781,-38.13408],[-59.26781,-38.13486],[-59.2678,-38.13544],[-59.26739,-38.13715],[-59.26593,-38.1395],[-59.26446,-38.14178],[-59.26168,-38.14717]]]}},{"type":"Feature","properties":{"tipo":"Acequia, zanja o zanjón","ign":"lineas_de_aguas_continentales_BH030.696418"},"geometry":{"type":"MultiLineString","coordinates":[[[-59.04013,-37.84712],[-59.0416,-37.84692],[-59.04198,-37.84689],[-59.04274,-37.84699],[-59.04425,-37.84743],[-59.045,-37.84764],[-59.04694,-37.84802],[-59.04859,-37.84853],[-59.04934,-37.84889],[-59.05295,-37.85088]]]}},{"type":"Feature","properties":{"tipo":"Acequia, zanja o zanjón","ign":"lineas_de_aguas_continentales_BH030.696431"},"geometry":{"type":"MultiLineString","coordinates":[[[-59.0884,-37.88032],[-59.0839,-37.87529],[-59.08356,-37.87433],[-59.08376,-37.87288],[-59.08382,-37.87215],[-59.08371,-37.87019],[-59.08352,-37.86881],[-59.08348,-37.86681],[-59.08295,-37.86559],[-59.08078,-37.86354],[-59.0803,-37.86333],[-59.07912,-37.86351],[-59.07655,-37.86472],[-59.07554,-37.86483],[-59.07527,-37.86385],[-59.07549,-37.86195],[-59.07505,-37.86153],[-59.07088,-37.86288],[-59.06921,-37.86255],[-59.06809,-37.8614],[-59.06713,-37.85976],[-59.06651,-37.85901],[-59.06487,-37.85762],[-59.06279,-37.85663],[-59.0607,-37.85587],[-59.05854,-37.85488],[-59.05668,-37.85372],[-59.05539,-37.8528]]]}},{"type":"Feature","properties":{"tipo":"Acequia, zanja o zanjón","ign":"lineas_de_aguas_continentales_BH030.696300"},"geometry":{"type":"MultiLineString","coordinates":[[[-59.9684,-37.50821],[-59.96948,-37.5104],[-59.96979,-37.51121],[-59.97039,-37.51278],[-59.97039,-37.51516],[-59.97023,-37.51766],[-59.97047,-37.51991],[-59.97064,-37.52229],[-59.9709,-37.52303],[-59.9718,-37.52441],[-59.97329,-37.52639],[-59.97385,-37.52784],[-59.97411,-37.52992],[-59.97435,-37.53221],[-59.97435,-37.53221]]]}},{"type":"Feature","properties":{"tipo":"Acequia, zanja o zanjón","ign":"lineas_de_aguas_continentales_BH030.696306"},"geometry":{"type":"MultiLineString","coordinates":[[[-60.18126,-37.51222],[-60.18279,-37.51466],[-60.18246,-37.5152],[-60.18009,-37.51859],[-60.17652,-37.52238],[-60.17365,-37.52645],[-60.17093,-37.52821],[-60.16635,-37.53106],[-60.16463,-37.53236],[-60.16194,-37.53553],[-60.16149,-37.53672],[-60.16179,-37.53919],[-60.16348,-37.54148],[-60.16299,-37.54568],[-60.16128,-37.5488],[-60.16045,-37.55354],[-60.1608,-37.55773],[-60.16063,-37.5599],[-60.15723,-37.56247],[-60.15741,-37.56423],[-60.15929,-37.56586],[-60.15963,-37.56842]]]}},{"type":"Feature","properties":{"tipo":"Acequia, zanja o zanjón","ign":"lineas_de_aguas_continentales_BH030.696307"},"geometry":{"type":"MultiLineString","coordinates":[[[-60.03904,-37.51098],[-60.03762,-37.51551],[-60.03845,-37.51775],[-60.03952,-37.51871],[-60.03976,-37.51871],[-60.04047,-37.52172],[-60.04047,-37.52248],[-60.03929,-37.52719],[-60.03929,-37.52757],[-60.03929,-37.52964],[-60.03884,-37.53038],[-60.03669,-37.53133],[-60.03613,-37.53218],[-60.03622,-37.53398],[-60.03669,-37.53473],[-60.03646,-37.53718],[-60.03622,-37.53812],[-60.03481,-37.54226],[-60.03362,-37.54528],[-60.0322,-37.54698],[-60.02984,-37.54848],[-60.02984,-37.55075],[-60.03078,-37.55225],[-60.02937,-37.55433],[-60.0289,-37.55508],[-60.02772,-37.55772],[-60.02654,-37.55979],[-60.02582,-37.56187],[-60.02606,-37.56686]]]}},{"type":"Feature","properties":{"tipo":"Acequia, zanja o zanjón","ign":"lineas_de_aguas_continentales_BH030.696311"},"geometry":{"type":"MultiLineString","coordinates":[[[-59.99522,-37.53045],[-59.99522,-37.53283],[-59.99522,-37.53548],[-59.99556,-37.53798],[-59.99556,-37.54037],[-59.99556,-37.54275],[-59.99556,-37.54539],[-59.99556,-37.5479],[-59.99556,-37.55042],[-59.99556,-37.5528],[-59.99556,-37.55544],[-59.99556,-37.55782],[-59.99556,-37.5602],[-59.99556,-37.56271],[-59.99556,-37.56509],[-59.99556,-37.56747],[-59.99572,-37.56984],[-59.99672,-37.57209],[-59.99842,-37.57381],[-60,-37.57674]]]}},{"type":"Feature","properties":{"tipo":"Acequia, zanja o zanjón","ign":"lineas_de_aguas_continentales_BH030.696315"},"geometry":{"type":"MultiLineString","coordinates":[[[-59.88306,-37.577],[-59.88441,-37.57908],[-59.88583,-37.58107],[-59.8864,-37.58331],[-59.88748,-37.58543],[-59.88772,-37.58781],[-59.88773,-37.58794]]]}},{"type":"Feature","properties":{"tipo":"Acequia, zanja o zanjón","ign":"lineas_de_aguas_continentales_BH030.696320"},"geometry":{"type":"MultiLineString","coordinates":[[[-60.06083,-37.6023],[-60.05868,-37.60012],[-60.05808,-37.59933],[-60.0576,-37.59764],[-60.0576,-37.59623],[-60.0576,-37.5958],[-60.05707,-37.59431],[-60.05474,-37.59159],[-60.0542,-37.59083],[-60.05379,-37.58813],[-60.0527,-37.58641],[-60.05243,-37.5822],[-60.05243,-37.58198],[-60.05202,-37.57874],[-60.0512,-37.57691],[-60.0508,-37.57507],[-60.04917,-37.57291],[-60.04971,-37.57172],[-60.05133,-37.56946],[-60.05134,-37.56741],[-60.05134,-37.56697],[-60.05066,-37.5646],[-60.05038,-37.56395],[-60.0497,-37.56266],[-60.04971,-37.5605],[-60.04943,-37.55834],[-60.04929,-37.55758],[-60.04889,-37.55672],[-60.04902,-37.55622],[-60.0493,-37.55482],[-60.04898,-37.55466],[-60.04753,-37.55309],[-60.04685,-37.55222],[-60.04659,-37.55181],[-60.04633,-37.5509],[-60.04635,-37.54992],[-60.04685,-37.54801],[-60.04752,-37.54715],[-60.04864,-37.54605],[-60.04889,-37.54542],[-60.04902,-37.54208],[-60.05009,-37.54037],[-60.05132,-37.53963],[-60.05159,-37.5391],[-60.05159,-37.53791],[-60.05104,-37.53467],[-60.05104,-37.53424],[-60.05132,-37.5336],[-60.05219,-37.53244],[-60.0528,-37.53154],[-60.05308,-37.53089],[-60.05308,-37.5301],[-60.05253,-37.52852],[-60.0524,-37.5283],[-60.05228,-37.52801],[-60.05212,-37.52739],[-60.05186,-37.527],[-60.05172,-37.52689],[-60.0505,-37.52592],[-60.0503,-37.52549],[-60.05062,-37.52437],[-60.05063,-37.52386],[-60.0505,-37.52365],[-60.04819,-37.52247],[-60.04683,-37.52118]]]}},{"type":"Feature","properties":{"tipo":"Acequia, zanja o zanjón","ign":"lineas_de_aguas_continentales_BH030.696321"},"geometry":{"type":"MultiLineString","coordinates":[[[-59.93036,-37.54924],[-59.93089,-37.55191],[-59.93155,-37.55416],[-59.9332,-37.55601],[-59.93412,-37.55826],[-59.93503,-37.56051],[-59.93611,-37.56262],[-59.9371,-37.56474],[-59.93842,-37.56679],[-59.93926,-37.56791],[-59.93965,-37.57024],[-59.93965,-37.57255],[-59.94064,-37.5748],[-59.94068,-37.57561],[-59.94065,-37.5767],[-59.94089,-37.57718],[-59.94255,-37.57903],[-59.9442,-37.58088],[-59.94468,-37.58156],[-59.94519,-37.58306],[-59.94561,-37.58538],[-59.94611,-37.58776],[-59.94677,-37.59],[-59.94714,-37.59154],[-59.94759,-37.59219],[-59.94784,-37.59451],[-59.94834,-37.59689],[-59.94892,-37.5992],[-59.94999,-37.60129]]]}},{"type":"Feature","properties":{"tipo":"Acequia, zanja o zanjón","ign":"lineas_de_aguas_continentales_BH030.696322"},"geometry":{"type":"MultiLineString","coordinates":[[[-59.93523,-37.59168],[-59.93723,-37.59386],[-59.93888,-37.59505],[-59.94129,-37.59678],[-59.94185,-37.59746],[-59.94237,-37.59852],[-59.94278,-37.59896],[-59.94444,-37.60002],[-59.94602,-37.60088],[-59.9472,-37.60125],[-59.948,-37.60138],[-59.94958,-37.60134],[-59.94999,-37.60129]]]}},{"type":"Feature","properties":{"tipo":"Acequia, zanja o zanjón","ign":"lineas_de_aguas_continentales_BH030.696326"},"geometry":{"type":"MultiLineString","coordinates":[[[-59.79302,-37.52576],[-59.79285,-37.52814],[-59.79268,-37.53051],[-59.79267,-37.5329],[-59.79266,-37.53541],[-59.79316,-37.53779],[-59.79398,-37.54004],[-59.79497,-37.54215],[-59.79546,-37.5444],[-59.79463,-37.54678],[-59.79213,-37.54837],[-59.79063,-37.55048],[-59.78963,-37.55272],[-59.78846,-37.55483],[-59.78779,-37.55708],[-59.78712,-37.55946],[-59.78695,-37.56184],[-59.78645,-37.56422],[-59.78611,-37.56647],[-59.7851,-37.56871],[-59.7842,-37.57023],[-59.78344,-37.57069],[-59.78195,-37.57108],[-59.77979,-37.57259],[-59.77813,-37.57444],[-59.77713,-37.57669],[-59.77629,-37.57893],[-59.77463,-37.58078],[-59.77329,-37.58289],[-59.77212,-37.58527],[-59.77079,-37.58738],[-59.76929,-37.58949],[-59.76796,-37.59161],[-59.76662,-37.59372],[-59.76462,-37.59596],[-59.76262,-37.59768],[-59.76079,-37.59953],[-59.75928,-37.60164],[-59.75879,-37.60229]]]}},{"type":"Feature","properties":{"tipo":"Acequia, zanja o zanjón","ign":"lineas_de_aguas_continentales_BH030.696328"},"geometry":{"type":"MultiLineString","coordinates":[[[-60.09567,-37.61337],[-60.09555,-37.6112],[-60.09354,-37.6097],[-60.0933,-37.60621],[-60.09329,-37.60582],[-60.09339,-37.60566],[-60.09472,-37.60347],[-60.09483,-37.60234],[-60.09471,-37.59961],[-60.09377,-37.59811],[-60.09376,-37.59575],[-60.09316,-37.59367],[-60.09293,-37.59367],[-60.0927,-37.59274],[-60.09327,-37.59076],[-60.09434,-37.58979],[-60.09594,-37.58851],[-60.09635,-37.58773],[-60.0967,-37.58566],[-60.09705,-37.58416],[-60.09782,-37.58288],[-60.09806,-37.58229],[-60.09846,-37.58157],[-60.09853,-37.58119],[-60.09853,-37.57916],[-60.09853,-37.57893],[-60.0987,-37.57718],[-60.09854,-37.5767],[-60.09787,-37.57581],[-60.09769,-37.57562],[-60.09697,-37.57429],[-60.09639,-37.57235],[-60.09597,-37.57148],[-60.09709,-37.56983],[-60.09716,-37.56955],[-60.09715,-37.56865],[-60.09715,-37.56851],[-60.09946,-37.56669],[-60.09964,-37.56651],[-60.10129,-37.56438],[-60.10136,-37.56408],[-60.10111,-37.56344],[-60.09951,-37.56128],[-60.0985,-37.55986],[-60.09832,-37.55925],[-60.09661,-37.55708],[-60.09578,-37.55544],[-60.09575,-37.55508],[-60.09601,-37.5544],[-60.09643,-37.55386],[-60.09796,-37.55371],[-60.09816,-37.5532],[-60.09846,-37.55264],[-60.09855,-37.55235],[-60.09872,-37.55093],[-60.09872,-37.55022],[-60.09884,-37.54952],[-60.09898,-37.54919],[-60.09918,-37.54889],[-60.09937,-37.54872],[-60.10044,-37.54768],[-60.10049,-37.54744],[-60.10067,-37.54699],[-60.10097,-37.54636],[-60.10105,-37.54607],[-60.10105,-37.5458],[-60.10085,-37.54551],[-60.09996,-37.54485]]]}},{"type":"Feature","properties":{"tipo":"Acequia, zanja o zanjón","ign":"lineas_de_aguas_continentales_BH030.696329"},"geometry":{"type":"MultiLineString","coordinates":[[[-59.85402,-37.57549],[-59.85436,-37.57737],[-59.85411,-37.57875],[-59.85402,-37.57962],[-59.85294,-37.58192],[-59.85219,-37.5849],[-59.85144,-37.58629],[-59.85069,-37.58754],[-59.85052,-37.5882],[-59.85049,-37.58972],[-59.85077,-37.59044],[-59.85206,-37.59233],[-59.85321,-37.59405],[-59.8548,-37.59549],[-59.85595,-37.59709],[-59.85724,-37.5988],[-59.8581,-37.60053],[-59.85846,-37.60237],[-59.85875,-37.60449],[-59.85911,-37.60655],[-59.8591,-37.6089],[-59.85911,-37.61074]]]}},{"type":"Feature","properties":{"tipo":"Acequia, zanja o zanjón","ign":"lineas_de_aguas_continentales_BH030.696334"},"geometry":{"type":"MultiLineString","coordinates":[[[-59.88773,-37.58794],[-59.88494,-37.59059],[-59.8822,-37.59309],[-59.8788,-37.59528],[-59.87714,-37.59701],[-59.8763,-37.59827],[-59.87521,-37.60095],[-59.87531,-37.60306],[-59.87609,-37.60478],[-59.87682,-37.60662],[-59.87753,-37.60851],[-59.87782,-37.61034],[-59.87811,-37.61218],[-59.87832,-37.61407],[-59.87833,-37.6159],[-59.87789,-37.61768],[-59.87724,-37.61952],[-59.87578,-37.62121]]]}},{"type":"Feature","properties":{"tipo":"Acequia, zanja o zanjón","ign":"lineas_de_aguas_continentales_BH030.696341"},"geometry":{"type":"MultiLineString","coordinates":[[[-59.81297,-37.60017],[-59.81384,-37.60199],[-59.81393,-37.60273],[-59.81342,-37.60424],[-59.81158,-37.60602],[-59.81091,-37.60757],[-59.811,-37.60833],[-59.81232,-37.61045],[-59.81331,-37.61256],[-59.81314,-37.61326],[-59.81173,-37.61454],[-59.81128,-37.61481],[-59.81018,-37.61507],[-59.808,-37.6154],[-59.80742,-37.61594],[-59.80513,-37.62194],[-59.80392,-37.62385],[-59.80336,-37.62451],[-59.80245,-37.6253]]]}},{"type":"Feature","properties":{"tipo":"Acequia, zanja o zanjón","ign":"lineas_de_aguas_continentales_BH030.696343"},"geometry":{"type":"MultiLineString","coordinates":[[[-59.80414,-37.56312],[-59.80529,-37.56524],[-59.80535,-37.56605],[-59.80462,-37.56774],[-59.80394,-37.57012],[-59.80394,-37.57251],[-59.80393,-37.57489],[-59.8036,-37.57713],[-59.8026,-37.57937],[-59.80226,-37.58176],[-59.80275,-37.58414],[-59.80274,-37.58651],[-59.80273,-37.58889],[-59.80239,-37.59127],[-59.8019,-37.59352],[-59.80072,-37.59563],[-59.79906,-37.59761],[-59.79822,-37.59999],[-59.79788,-37.60224],[-59.79772,-37.60475],[-59.79754,-37.60713],[-59.79771,-37.60872],[-59.79686,-37.61099],[-59.79623,-37.61166],[-59.7942,-37.61257],[-59.79187,-37.61389],[-59.78988,-37.61574],[-59.78754,-37.6189],[-59.78688,-37.62075],[-59.78653,-37.62339],[-59.78603,-37.62445],[-59.78553,-37.62591],[-59.78485,-37.62868],[-59.78402,-37.63026]]]}},{"type":"Feature","properties":{"tipo":"Acequia, zanja o zanjón","ign":"lineas_de_aguas_continentales_BH030.696350"},"geometry":{"type":"MultiLineString","coordinates":[[[-59.91021,-37.63799],[-59.911,-37.64044],[-59.91212,-37.64326],[-59.91497,-37.64876],[-59.91629,-37.65101],[-59.91813,-37.65286],[-59.91844,-37.65358],[-59.91876,-37.65459],[-59.91912,-37.65498],[-59.92067,-37.65601]]]}},{"type":"Feature","properties":{"tipo":"Acequia, zanja o zanjón","ign":"lineas_de_aguas_continentales_BH030.696351"},"geometry":{"type":"MultiLineString","coordinates":[[[-59.94999,-37.60129],[-59.95057,-37.60357],[-59.95115,-37.60582],[-59.95116,-37.60725],[-59.95182,-37.60904],[-59.95348,-37.61142],[-59.95422,-37.6138],[-59.95514,-37.61677],[-59.95522,-37.61776],[-59.95514,-37.61988],[-59.95547,-37.62279],[-59.95646,-37.62404],[-59.95645,-37.62631],[-59.95728,-37.62829],[-59.95803,-37.63034],[-59.95968,-37.63259],[-59.96134,-37.6351],[-59.96267,-37.63722],[-59.96366,-37.63933],[-59.964,-37.64158],[-59.96403,-37.64317],[-59.96441,-37.64383],[-59.96515,-37.64608],[-59.96631,-37.6482],[-59.96723,-37.65005],[-59.96798,-37.65191],[-59.96806,-37.65283],[-59.96814,-37.65521],[-59.96831,-37.65752],[-59.96906,-37.65997],[-59.9698,-37.66195],[-59.97025,-37.66258],[-59.97091,-37.66337],[-59.97096,-37.6638],[-59.97088,-37.66414],[-59.97088,-37.66415]]]}},{"type":"Feature","properties":{"tipo":"Acequia, zanja o zanjón","ign":"lineas_de_aguas_continentales_BH030.696352"},"geometry":{"type":"MultiLineString","coordinates":[[[-59.88773,-37.58794],[-59.88781,-37.59013],[-59.88788,-37.59243],[-59.8879,-37.59404],[-59.88821,-37.59481],[-59.88995,-37.59666],[-59.89161,-37.59852],[-59.89376,-37.60011],[-59.89418,-37.60064],[-59.89611,-37.60238],[-59.89778,-37.60423],[-59.89968,-37.60608],[-59.90076,-37.6082],[-59.90259,-37.61005],[-59.90408,-37.61203],[-59.90557,-37.61395],[-59.90805,-37.61507],[-59.91063,-37.61627],[-59.91123,-37.61686],[-59.91169,-37.6179],[-59.91196,-37.61838],[-59.91369,-37.62037],[-59.91386,-37.62275],[-59.91511,-37.62486],[-59.91656,-37.62606],[-59.91742,-37.62619],[-59.91933,-37.62586],[-59.9232,-37.6257],[-59.92602,-37.62531],[-59.92796,-37.62513],[-59.92892,-37.62543],[-59.9296,-37.62608],[-59.93001,-37.62762],[-59.93008,-37.63],[-59.931,-37.63224],[-59.93208,-37.63436],[-59.93232,-37.63661],[-59.9328,-37.63732],[-59.93361,-37.63823],[-59.93382,-37.63873],[-59.93415,-37.64058],[-59.93373,-37.64284],[-59.93369,-37.64361],[-59.93406,-37.64515],[-59.93572,-37.64727],[-59.93621,-37.64958],[-59.93638,-37.65195],[-59.93788,-37.65393],[-59.93904,-37.65606],[-59.94003,-37.65816],[-59.94119,-37.66029],[-59.94152,-37.66254],[-59.94252,-37.66439]]]}},{"type":"Feature","properties":{"tipo":"Acequia, zanja o zanjón","ign":"lineas_de_aguas_continentales_BH030.696359"},"geometry":{"type":"MultiLineString","coordinates":[[[-60.13207,-37.67028],[-60.13148,-37.67221],[-60.13052,-37.67405],[-60.13101,-37.67582],[-60.1314,-37.67605],[-60.13198,-37.67705],[-60.13131,-37.67835],[-60.13121,-37.67897],[-60.12899,-37.68074],[-60.12648,-37.68128],[-60.12416,-37.6832],[-60.12261,-37.68436],[-60.12262,-37.68544]]]}},{"type":"Feature","properties":{"tipo":"Acequia, zanja o zanjón","ign":"lineas_de_aguas_continentales_BH030.696361"},"geometry":{"type":"MultiLineString","coordinates":[[[-60.12262,-37.68544],[-60.12262,-37.68659],[-60.12262,-37.68674],[-60.12301,-37.68767],[-60.12291,-37.6892],[-60.1229,-37.69024],[-60.12321,-37.69074],[-60.12382,-37.69107],[-60.12471,-37.69124],[-60.12514,-37.69135],[-60.12553,-37.69151],[-60.12598,-37.69186],[-60.12643,-37.69247],[-60.12669,-37.69273],[-60.12722,-37.69296],[-60.12798,-37.6932],[-60.12823,-37.69342],[-60.12892,-37.69457],[-60.12979,-37.69611],[-60.13006,-37.69647],[-60.13041,-37.69693],[-60.13047,-37.69719],[-60.13047,-37.69849]]]}},{"type":"Feature","properties":{"tipo":"Acequia, zanja o zanjón","ign":"lineas_de_aguas_continentales_BH030.696366"},"geometry":{"type":"MultiLineString","coordinates":[[[-60.12262,-37.68544],[-60.12204,-37.68713],[-60.12175,-37.68728],[-60.11808,-37.68829],[-60.11759,-37.68821],[-60.11605,-37.68944],[-60.11499,-37.69098],[-60.11315,-37.69174],[-60.11044,-37.69129],[-60.10861,-37.69191],[-60.10532,-37.69383],[-60.10455,-37.69391],[-60.10194,-37.69553],[-60.10146,-37.69653],[-60.09924,-37.69684],[-60.09904,-37.69691],[-60.09701,-37.69814],[-60.09441,-37.69938],[-60.0917,-37.70076],[-60.08947,-37.70222],[-60.08716,-37.70385],[-60.08552,-37.70515],[-60.08493,-37.70515],[-60.08397,-37.70592],[-60.08338,-37.70707]]]}},{"type":"Feature","properties":{"tipo":"Acequia, zanja o zanjón","ign":"lineas_de_aguas_continentales_BH030.696376"},"geometry":{"type":"MultiLineString","coordinates":[[[-59.72778,-37.74462],[-59.72486,-37.74541],[-59.72203,-37.74593],[-59.7211,-37.74618],[-59.71929,-37.74685],[-59.71704,-37.7483],[-59.71523,-37.74887],[-59.71429,-37.74895],[-59.71283,-37.74894]]]}},{"type":"Feature","properties":{"tipo":"Acequia, zanja o zanjón","ign":"lineas_de_aguas_continentales_BH030.696386"},"geometry":{"type":"MultiLineString","coordinates":[[[-59.71283,-37.74894],[-59.71284,-37.74915],[-59.71266,-37.75153],[-59.71182,-37.75377],[-59.71109,-37.75433],[-59.70932,-37.75495],[-59.70699,-37.75508],[-59.70608,-37.75606],[-59.70515,-37.75825],[-59.70447,-37.76102],[-59.7038,-37.76287],[-59.70362,-37.76433],[-59.70228,-37.76723],[-59.70144,-37.76947],[-59.69944,-37.77159],[-59.69777,-37.77369],[-59.69626,-37.77567],[-59.69542,-37.77792],[-59.69374,-37.77977],[-59.69341,-37.78003]]]}},{"type":"Feature","properties":{"tipo":"Acequia, zanja o zanjón","ign":"lineas_de_aguas_continentales_BH030.696394"},"geometry":{"type":"MultiLineString","coordinates":[[[-59.8583,-37.79199],[-59.85871,-37.7943],[-59.85913,-37.79501],[-59.85993,-37.79589],[-59.86004,-37.79635],[-59.85928,-37.79853],[-59.85878,-37.80085],[-59.8589,-37.8016],[-59.85978,-37.80303],[-59.86152,-37.80488],[-59.86301,-37.80687],[-59.86385,-37.80753],[-59.8646,-37.80807]]]}},{"type":"Feature","properties":{"tipo":"Acequia, zanja o zanjón","ign":"lineas_de_aguas_continentales_BH030.696395"},"geometry":{"type":"MultiLineString","coordinates":[[[-59.88285,-37.79189],[-59.88168,-37.794],[-59.87993,-37.79585],[-59.87964,-37.79657],[-59.87941,-37.7976],[-59.87909,-37.79803],[-59.87676,-37.79955],[-59.8746,-37.80126],[-59.87209,-37.80284],[-59.86976,-37.80443],[-59.86735,-37.80575],[-59.86526,-37.80733],[-59.8646,-37.80807]]]}},{"type":"Feature","properties":{"tipo":"Acequia, zanja o zanjón","ign":"lineas_de_aguas_continentales_BH030.696408"},"geometry":{"type":"MultiLineString","coordinates":[[[-59.81657,-37.83318],[-59.81751,-37.83031],[-59.81818,-37.82893],[-59.81986,-37.82745],[-59.82027,-37.8241],[-59.82074,-37.82288],[-59.8214,-37.82135],[-59.82212,-37.81945],[-59.82278,-37.81756],[-59.82423,-37.81638],[-59.82524,-37.81548],[-59.82545,-37.8151],[-59.82512,-37.81423],[-59.82364,-37.81233],[-59.82372,-37.81149],[-59.82473,-37.81098],[-59.82716,-37.81102],[-59.82767,-37.81167],[-59.82827,-37.81293],[-59.82873,-37.8132],[-59.82999,-37.81287],[-59.8318,-37.8112],[-59.83332,-37.80954],[-59.83542,-37.80806],[-59.83715,-37.80668]]]}},{"type":"Feature","properties":{"tipo":"Acequia, zanja o zanjón","ign":"lineas_de_aguas_continentales_BH030.696399"},"geometry":{"type":"MultiLineString","coordinates":[[[-59.8646,-37.80807],[-59.86359,-37.80918],[-59.863,-37.81143],[-59.86252,-37.81293],[-59.86234,-37.81369],[-59.86229,-37.8144],[-59.86233,-37.81534],[-59.86233,-37.81581],[-59.86236,-37.81736],[-59.86225,-37.81812],[-59.86177,-37.8198]]]}},{"type":"Feature","properties":{"tipo":"Acequia, zanja o zanjón","ign":"lineas_de_aguas_continentales_BH030.696404"},"geometry":{"type":"MultiLineString","coordinates":[[[-59.8611,-37.8244],[-59.85915,-37.82615],[-59.85897,-37.82636],[-59.85881,-37.82687],[-59.85885,-37.82743],[-59.85923,-37.82853],[-59.85966,-37.8292],[-59.86031,-37.8301],[-59.86048,-37.83057],[-59.86064,-37.83171]]]}},{"type":"Feature","properties":{"tipo":"Acequia, zanja o zanjón","ign":"lineas_de_aguas_continentales_BH030.696370"},"geometry":{"type":"MultiLineString","coordinates":[[[-59.64585,-37.71659],[-59.6447,-37.7179],[-59.64379,-37.71926],[-59.64352,-37.72001],[-59.64318,-37.72232],[-59.64301,-37.7247],[-59.6429,-37.72624],[-59.64299,-37.72701],[-59.6439,-37.72919],[-59.64489,-37.73132],[-59.64637,-37.73323],[-59.64642,-37.73339]]]}},{"type":"Feature","properties":{"tipo":"Acequia, zanja o zanjón","ign":"lineas_de_aguas_continentales_BH030.696375"},"geometry":{"type":"MultiLineString","coordinates":[[[-59.71236,-37.74201],[-59.71252,-37.74439],[-59.71284,-37.74677],[-59.71283,-37.74894]]]}},{"type":"Feature","properties":{"tipo":"Acequia, zanja o zanjón","ign":"lineas_de_aguas_continentales_BH030.696377"},"geometry":{"type":"MultiLineString","coordinates":[[[-59.53482,-37.69159],[-59.53164,-37.69344],[-59.53102,-37.69405],[-59.53063,-37.69568],[-59.53061,-37.69807],[-59.5306,-37.70044],[-59.53058,-37.70282],[-59.53057,-37.7052],[-59.53056,-37.70758],[-59.53054,-37.70996],[-59.53052,-37.71234],[-59.53067,-37.71472],[-59.53066,-37.7171],[-59.53048,-37.71948],[-59.52946,-37.72185],[-59.52795,-37.72396],[-59.52628,-37.72581],[-59.52444,-37.72765],[-59.52392,-37.73003],[-59.52341,-37.7324],[-59.52173,-37.73425],[-59.52006,-37.7361],[-59.51805,-37.73794],[-59.51688,-37.74004],[-59.5147,-37.74189],[-59.51186,-37.7432],[-59.50904,-37.74411],[-59.50611,-37.74529]]]}},{"type":"Feature","properties":{"tipo":"Acequia, zanja o zanjón","ign":"lineas_de_aguas_continentales_BH030.696378"},"geometry":{"type":"MultiLineString","coordinates":[[[-59.46627,-37.72505],[-59.4679,-37.72688],[-59.46855,-37.72913],[-59.47053,-37.73086],[-59.47069,-37.73324],[-59.4715,-37.73575],[-59.47298,-37.73787],[-59.47547,-37.73907],[-59.47829,-37.73962],[-59.48111,-37.74068],[-59.48343,-37.74202],[-59.48608,-37.74309],[-59.48907,-37.74363],[-59.49223,-37.7439],[-59.49488,-37.74471],[-59.49805,-37.74486],[-59.50063,-37.74567]]]}},{"type":"Feature","properties":{"tipo":"Acequia, zanja o zanjón","ign":"lineas_de_aguas_continentales_BH030.696380"},"geometry":{"type":"MultiLineString","coordinates":[[[-59.64639,-37.73752],[-59.64643,-37.73994],[-59.64657,-37.74232],[-59.64673,-37.74476],[-59.64651,-37.74547],[-59.64531,-37.74674],[-59.64464,-37.74733],[-59.64397,-37.74852],[-59.64321,-37.75077],[-59.64274,-37.75143],[-59.64145,-37.75261],[-59.63997,-37.75401],[-59.63946,-37.75415],[-59.6392,-37.75406],[-59.63848,-37.75367]]]}},{"type":"Feature","properties":{"tipo":"Acequia, zanja o zanjón","ign":"lineas_de_aguas_continentales_BH030.696389"},"geometry":{"type":"MultiLineString","coordinates":[[[-59.50109,-37.78505],[-59.50223,-37.78485],[-59.50245,-37.78495]]]}},{"type":"Feature","properties":{"tipo":"Acequia, zanja o zanjón","ign":"lineas_de_aguas_continentales_BH030.696390"},"geometry":{"type":"MultiLineString","coordinates":[[[-59.50245,-37.78495],[-59.50389,-37.78565],[-59.50532,-37.78492],[-59.50589,-37.78434],[-59.50627,-37.78351],[-59.5059,-37.78187],[-59.50337,-37.77852],[-59.50278,-37.77679],[-59.50297,-37.77309],[-59.50205,-37.76105],[-59.50089,-37.74868]]]}},{"type":"Feature","properties":{"tipo":"Acequia, zanja o zanjón","ign":"lineas_de_aguas_continentales_BH030.696397"},"geometry":{"type":"MultiLineString","coordinates":[[[-59.50245,-37.78495],[-59.50433,-37.78823],[-59.50454,-37.78899],[-59.50448,-37.7906],[-59.50446,-37.79298],[-59.50387,-37.79523],[-59.50235,-37.7974],[-59.50223,-37.79843],[-59.50238,-37.79897],[-59.50292,-37.79972],[-59.50394,-37.80046],[-59.50451,-37.8007],[-59.50541,-37.80092],[-59.50866,-37.80133]]]}},{"type":"Feature","properties":{"tipo":"Acequia, zanja o zanjón","ign":"lineas_de_aguas_continentales_BH030.696410"},"geometry":{"type":"MultiLineString","coordinates":[[[-59.46656,-37.81768],[-59.46523,-37.81986],[-59.46413,-37.82203],[-59.46336,-37.82421],[-59.46281,-37.82483],[-59.46186,-37.82553],[-59.46144,-37.82592],[-59.46001,-37.8279],[-59.45982,-37.82862],[-59.4598,-37.82967],[-59.45966,-37.83014]]]}},{"type":"Feature","properties":{"tipo":"Acequia, zanja o zanjón","ign":"lineas_de_aguas_continentales_BH030.696402"},"geometry":{"type":"MultiLineString","coordinates":[[[-59.4984,-37.78587],[-59.49694,-37.78783],[-59.49485,-37.78941],[-59.49376,-37.79152],[-59.49159,-37.7931],[-59.48991,-37.79493],[-59.48774,-37.79665],[-59.48515,-37.79763],[-59.48305,-37.79927],[-59.48071,-37.80085],[-59.47854,-37.80255],[-59.47728,-37.8036],[-59.47581,-37.80553],[-59.47405,-37.80737],[-59.47304,-37.80948],[-59.47152,-37.81145],[-59.47087,-37.81249],[-59.47087,-37.81249]]]}},{"type":"Feature","properties":{"tipo":"Acequia, zanja o zanjón","ign":"lineas_de_aguas_continentales_BH030.696405"},"geometry":{"type":"MultiLineString","coordinates":[[[-59.55552,-37.80024],[-59.55514,-37.80217],[-59.55426,-37.80375],[-59.55365,-37.80534],[-59.55344,-37.80704],[-59.55367,-37.80776],[-59.55389,-37.80809],[-59.55437,-37.80854],[-59.55624,-37.80934],[-59.55783,-37.81041],[-59.55876,-37.81195],[-59.56017,-37.81323],[-59.56102,-37.81472],[-59.56193,-37.81577],[-59.56319,-37.81705],[-59.56618,-37.81945],[-59.56799,-37.82035],[-59.57213,-37.82175],[-59.57386,-37.82272],[-59.57586,-37.82368],[-59.57787,-37.82448],[-59.57971,-37.82539]]]}},{"type":"Feature","properties":{"tipo":"Acequia, zanja o zanjón","ign":"lineas_de_aguas_continentales_BH030.696412"},"geometry":{"type":"MultiLineString","coordinates":[[[-59.27398,-37.81001],[-59.27396,-37.81171],[-59.27411,-37.81242],[-59.27456,-37.81336],[-59.27474,-37.81384],[-59.27552,-37.81671],[-59.27589,-37.8189],[-59.27625,-37.8233],[-59.27621,-37.82542],[-59.27596,-37.82648],[-59.27527,-37.82775],[-59.27459,-37.82944],[-59.27391,-37.8303],[-59.27367,-37.83055]]]}},{"type":"Feature","properties":{"tipo":"Acequia, zanja o zanjón","ign":"lineas_de_aguas_continentales_BH030.696414"},"geometry":{"type":"MultiLineString","coordinates":[[[-59.65536,-37.8352],[-59.65214,-37.83607],[-59.65027,-37.83681],[-59.64832,-37.83744],[-59.64637,-37.83818],[-59.6445,-37.83892],[-59.64275,-37.83987],[-59.64114,-37.84093],[-59.6392,-37.84156],[-59.63739,-37.84261],[-59.6357,-37.84377],[-59.63456,-37.84515],[-59.63335,-37.84653],[-59.63287,-37.84812],[-59.63213,-37.85019]]]}},{"type":"Feature","properties":{"tipo":"Acequia, zanja o zanjón","ign":"lineas_de_aguas_continentales_BH030.696436"},"geometry":{"type":"MultiLineString","coordinates":[[[-59.41687,-37.88367],[-59.41756,-37.8856],[-59.41824,-37.88789],[-59.41819,-37.889],[-59.41731,-37.89007],[-59.415,-37.89404],[-59.41413,-37.89525],[-59.41328,-37.89661],[-59.41193,-37.89809],[-59.41068,-37.8993],[-59.41047,-37.90068],[-59.41006,-37.90281],[-59.41057,-37.90493]]]}},{"type":"Feature","properties":{"tipo":"Acequia, zanja o zanjón","ign":"lineas_de_aguas_continentales_BH030.696438"},"geometry":{"type":"MultiLineString","coordinates":[[[-59.41057,-37.90493],[-59.41079,-37.90658],[-59.41063,-37.90772],[-59.41024,-37.90816],[-59.40875,-37.90913],[-59.40876,-37.90887],[-59.40852,-37.90823],[-59.4085,-37.90776],[-59.4093,-37.90651],[-59.41057,-37.90493]]]}},{"type":"Feature","properties":{"tipo":"Acequia, zanja o zanjón","ign":"lineas_de_aguas_continentales_BH030.696429"},"geometry":{"type":"MultiLineString","coordinates":[[[-59.51704,-37.85645],[-59.51681,-37.85793],[-59.51675,-37.86318],[-59.5168,-37.86488],[-59.51733,-37.86658],[-59.51772,-37.86839],[-59.51824,-37.8701],[-59.51917,-37.87159],[-59.51996,-37.87318],[-59.52075,-37.87478],[-59.52182,-37.87627],[-59.52342,-37.87755],[-59.52394,-37.87925],[-59.52419,-37.88095],[-59.52472,-37.88255],[-59.52552,-37.88414],[-59.52604,-37.88574],[-59.52563,-37.88734],[-59.52549,-37.88903],[-59.5252,-37.89073],[-59.52454,-37.89157]]]}},{"type":"Feature","properties":{"tipo":"Acequia, zanja o zanjón","ign":"lineas_de_aguas_continentales_BH030.696442"},"geometry":{"type":"MultiLineString","coordinates":[[[-59.4709,-37.92472],[-59.4709,-37.92472],[-59.47044,-37.92226],[-59.46991,-37.92151],[-59.46767,-37.91629],[-59.46541,-37.91385],[-59.46434,-37.91277],[-59.46213,-37.9095],[-59.46171,-37.90721],[-59.46092,-37.9052],[-59.46058,-37.90319],[-59.45987,-37.90129],[-59.45944,-37.89952],[-59.45852,-37.89774],[-59.45788,-37.8955],[-59.45695,-37.89326],[-59.45581,-37.89096],[-59.45502,-37.8889],[-59.45475,-37.88683],[-59.45432,-37.88465],[-59.45398,-37.88276],[-59.45363,-37.88063],[-59.45335,-37.87862],[-59.45336,-37.87662],[-59.45251,-37.87461],[-59.45144,-37.873],[-59.45007,-37.87122],[-59.44871,-37.86972],[-59.44749,-37.868],[-59.44598,-37.86622],[-59.44491,-37.86444],[-59.44413,-37.86271],[-59.44313,-37.86076],[-59.44234,-37.85903],[-59.442,-37.85709],[-59.44129,-37.85479],[-59.4408,-37.85278],[-59.44016,-37.85054],[-59.43945,-37.84864],[-59.43917,-37.8467],[-59.43854,-37.84446],[-59.43797,-37.84262],[-59.43763,-37.84027],[-59.43763,-37.83821],[-59.43765,-37.83597],[-59.4373,-37.83396],[-59.43688,-37.8319],[-59.43573,-37.83017],[-59.4343,-37.82862],[-59.43279,-37.82695],[-59.43122,-37.82517],[-59.42957,-37.82333],[-59.42785,-37.82188],[-59.42649,-37.82005],[-59.42498,-37.81844],[-59.42377,-37.81676],[-59.42313,-37.8147],[-59.42315,-37.81275],[-59.42294,-37.81063],[-59.4223,-37.80885],[-59.42101,-37.80718],[-59.41939,-37.80577]]]}}]}
