{"type":"FeatureCollection","features":[{"type":"Feature","properties":{"power":"pole","osm":"node/1973734237","tension_kv":[33.0]},"geometry":{"type":"Point","coordinates":[-58.70301,-38.55217]}},{"type":"Feature","properties":{"power":"pole","osm":"node/1973734246","tension_kv":[33.0]},"geometry":{"type":"Point","coordinates":[-58.70311,-38.54607]}},{"type":"Feature","properties":{"power":"pole","osm":"node/2389008877","tension_kv":[33.0]},"geometry":{"type":"Point","coordinates":[-58.71085,-38.57065]}},{"type":"Feature","properties":{"power":"pole","osm":"node/2389008989","tension_kv":[33.0]},"geometry":{"type":"Point","coordinates":[-58.71024,-38.57111]}},{"type":"Feature","properties":{"power":"tower","osm":"node/2793875589","tension_kv":[132.0]},"geometry":{"type":"Point","coordinates":[-58.66269,-38.53046]}},{"type":"Feature","properties":{"power":"tower","osm":"node/2793875590","tension_kv":[132.0]},"geometry":{"type":"Point","coordinates":[-58.66549,-38.53199]}},{"type":"Feature","properties":{"power":"tower","osm":"node/2793875591","tension_kv":[132.0]},"geometry":{"type":"Point","coordinates":[-58.66837,-38.53352]}},{"type":"Feature","properties":{"power":"tower","osm":"node/2793875592","tension_kv":[132.0]},"geometry":{"type":"Point","coordinates":[-58.67116,-38.53501]}},{"type":"Feature","properties":{"power":"tower","osm":"node/2793875593","tension_kv":[132.0]},"geometry":{"type":"Point","coordinates":[-58.67397,-38.53653]}},{"type":"Feature","properties":{"power":"tower","osm":"node/2793875594","tension_kv":[132.0]},"geometry":{"type":"Point","coordinates":[-58.68062,-38.53679]}},{"type":"Feature","properties":{"power":"tower","osm":"node/2793875595","tension_kv":[132.0]},"geometry":{"type":"Point","coordinates":[-58.67746,-38.53785]}},{"type":"Feature","properties":{"power":"tower","osm":"node/2793875596","tension_kv":[132.0]},"geometry":{"type":"Point","coordinates":[-58.67681,-38.53806]}},{"type":"Feature","properties":{"power":"tower","osm":"node/2793875597","tension_kv":[132.0]},"geometry":{"type":"Point","coordinates":[-58.68133,-38.53818]}},{"type":"Feature","properties":{"power":"tower","osm":"node/2793875598","tension_kv":[132.0]},"geometry":{"type":"Point","coordinates":[-58.67956,-38.53949]}},{"type":"Feature","properties":{"power":"tower","osm":"node/2793875599","tension_kv":[132.0]},"geometry":{"type":"Point","coordinates":[-58.68113,-38.54078]}},{"type":"Feature","properties":{"power":"tower","osm":"node/2793875600","tension_kv":[132.0]},"geometry":{"type":"Point","coordinates":[-58.68274,-38.54208]}},{"type":"Feature","properties":{"power":"tower","osm":"node/2793875601","tension_kv":[132.0]},"geometry":{"type":"Point","coordinates":[-58.68427,-38.54338]}},{"type":"Feature","properties":{"power":"tower","osm":"node/2793875602","tension_kv":[132.0]},"geometry":{"type":"Point","coordinates":[-58.68585,-38.54461]}},{"type":"Feature","properties":{"power":"tower","osm":"node/2793875603","tension_kv":[132.0]},"geometry":{"type":"Point","coordinates":[-58.68748,-38.54594]}},{"type":"Feature","properties":{"power":"tower","osm":"node/2793875604","tension_kv":[132.0]},"geometry":{"type":"Point","coordinates":[-58.68908,-38.54724]}},{"type":"Feature","properties":{"power":"tower","osm":"node/2793875605","tension_kv":[132.0]},"geometry":{"type":"Point","coordinates":[-58.69068,-38.54852]}},{"type":"Feature","properties":{"power":"tower","osm":"node/2793875606","tension_kv":[132.0]},"geometry":{"type":"Point","coordinates":[-58.6921,-38.54966]}},{"type":"Feature","properties":{"power":"tower","osm":"node/2793875607","tension_kv":[132.0]},"geometry":{"type":"Point","coordinates":[-58.69369,-38.55095]}},{"type":"Feature","properties":{"power":"tower","osm":"node/2793875608","tension_kv":[132.0]},"geometry":{"type":"Point","coordinates":[-58.69525,-38.55221]}},{"type":"Feature","properties":{"power":"tower","osm":"node/2793875609","tension_kv":[132.0]},"geometry":{"type":"Point","coordinates":[-58.69681,-38.55348]}},{"type":"Feature","properties":{"power":"tower","osm":"node/2793875610","tension_kv":[132.0]},"geometry":{"type":"Point","coordinates":[-58.69835,-38.55476]}},{"type":"Feature","properties":{"power":"tower","osm":"node/2793875611","tension_kv":[132.0]},"geometry":{"type":"Point","coordinates":[-58.69987,-38.55603]}},{"type":"Feature","properties":{"power":"tower","osm":"node/2793875612","tension_kv":[132.0]},"geometry":{"type":"Point","coordinates":[-58.70147,-38.55727]}},{"type":"Feature","properties":{"power":"tower","osm":"node/2793875613","tension_kv":[132.0]},"geometry":{"type":"Point","coordinates":[-58.70376,-38.55865]}},{"type":"Feature","properties":{"power":"tower","osm":"node/2793875614","tension_kv":[132.0]},"geometry":{"type":"Point","coordinates":[-58.7054,-38.55996]}},{"type":"Feature","properties":{"power":"tower","osm":"node/2793875615","tension_kv":[132.0]},"geometry":{"type":"Point","coordinates":[-58.70697,-38.56122]}},{"type":"Feature","properties":{"power":"tower","osm":"node/2793875616","tension_kv":[132.0]},"geometry":{"type":"Point","coordinates":[-58.70854,-38.56248]}},{"type":"Feature","properties":{"power":"tower","osm":"node/2793875617","tension_kv":[132.0]},"geometry":{"type":"Point","coordinates":[-58.70978,-38.56347]}},{"type":"Feature","properties":{"power":"tower","osm":"node/2793875618","tension_kv":[132.0]},"geometry":{"type":"Point","coordinates":[-58.71113,-38.56559]}},{"type":"Feature","properties":{"power":"tower","osm":"node/2793875619","tension_kv":[132.0]},"geometry":{"type":"Point","coordinates":[-58.71278,-38.56802]}},{"type":"Feature","properties":{"power":"tower","osm":"node/2793875620","tension_kv":[132.0]},"geometry":{"type":"Point","coordinates":[-58.71354,-38.5698]}},{"type":"Feature","properties":{"power":"tower","osm":"node/2793875621","tension_kv":[132.0]},"geometry":{"type":"Point","coordinates":[-58.71329,-38.5711]}},{"type":"Feature","properties":{"power":"tower","osm":"node/2793875622","tension_kv":[132.0]},"geometry":{"type":"Point","coordinates":[-58.71493,-38.57354]}},{"type":"Feature","properties":{"power":"tower","osm":"node/2793875623","tension_kv":[132.0]},"geometry":{"type":"Point","coordinates":[-58.71547,-38.575]}},{"type":"Feature","properties":{"power":"tower","osm":"node/2793875624","tension_kv":[132.0]},"geometry":{"type":"Point","coordinates":[-58.71453,-38.57758]}},{"type":"Feature","properties":{"power":"tower","osm":"node/2793875625","tension_kv":[132.0]},"geometry":{"type":"Point","coordinates":[-58.71176,-38.57791]}},{"type":"Feature","properties":{"power":"tower","osm":"node/2793875626","tension_kv":[132.0]},"geometry":{"type":"Point","coordinates":[-58.71181,-38.57809]}},{"type":"Feature","properties":{"power":"tower","osm":"node/2793875627","tension_kv":[132.0]},"geometry":{"type":"Point","coordinates":[-58.71219,-38.57826]}},{"type":"Feature","properties":{"power":"tower","osm":"node/2793875628","tension_kv":[132.0]},"geometry":{"type":"Point","coordinates":[-58.71197,-38.57854]}},{"type":"Feature","properties":{"power":"tower","osm":"node/2797191227","tension_kv":[132.0]},"geometry":{"type":"Point","coordinates":[-58.69282,-38.5068]}},{"type":"Feature","properties":{"power":"tower","osm":"node/2797191228","tension_kv":[132.0]},"geometry":{"type":"Point","coordinates":[-58.69161,-38.50968]}},{"type":"Feature","properties":{"power":"tower","osm":"node/2797191229","tension_kv":[132.0]},"geometry":{"type":"Point","coordinates":[-58.69036,-38.51264]}},{"type":"Feature","properties":{"power":"tower","osm":"node/2797191230","tension_kv":[132.0]},"geometry":{"type":"Point","coordinates":[-58.68919,-38.51541]}},{"type":"Feature","properties":{"power":"tower","osm":"node/2797191231","tension_kv":[132.0]},"geometry":{"type":"Point","coordinates":[-58.68867,-38.51663]}},{"type":"Feature","properties":{"power":"tower","osm":"node/2797191232","tension_kv":[132.0]},"geometry":{"type":"Point","coordinates":[-58.68761,-38.51929]}},{"type":"Feature","properties":{"power":"tower","osm":"node/2797191233","tension_kv":[132.0]},"geometry":{"type":"Point","coordinates":[-58.68665,-38.52173]}},{"type":"Feature","properties":{"power":"tower","osm":"node/2797191234","tension_kv":[132.0]},"geometry":{"type":"Point","coordinates":[-58.68554,-38.52436]}},{"type":"Feature","properties":{"power":"tower","osm":"node/2797191235","tension_kv":[132.0]},"geometry":{"type":"Point","coordinates":[-58.68478,-38.52628]}},{"type":"Feature","properties":{"power":"tower","osm":"node/2797191236","tension_kv":[132.0]},"geometry":{"type":"Point","coordinates":[-58.68378,-38.52889]}},{"type":"Feature","properties":{"power":"tower","osm":"node/2797191237","tension_kv":[132.0]},"geometry":{"type":"Point","coordinates":[-58.68277,-38.53148]}},{"type":"Feature","properties":{"power":"tower","osm":"node/2797191238","tension_kv":[132.0]},"geometry":{"type":"Point","coordinates":[-58.68173,-38.53411]}},{"type":"Feature","properties":{"power":"pole","osm":"node/2821242937","tension_kv":[33.0]},"geometry":{"type":"Point","coordinates":[-59.19791,-38.29234]}},{"type":"Feature","properties":{"power":"tower","osm":"node/2822041802","tension_kv":[132.0]},"geometry":{"type":"Point","coordinates":[-59.32665,-38.25667]}},{"type":"Feature","properties":{"power":"tower","osm":"node/2822041803","tension_kv":[132.0]},"geometry":{"type":"Point","coordinates":[-59.32592,-38.25695]}},{"type":"Feature","properties":{"power":"tower","osm":"node/2822041804","tension_kv":[132.0]},"geometry":{"type":"Point","coordinates":[-59.32321,-38.25789]}},{"type":"Feature","properties":{"power":"tower","osm":"node/2822041805","tension_kv":[132.0]},"geometry":{"type":"Point","coordinates":[-59.32058,-38.25884]}},{"type":"Feature","properties":{"power":"tower","osm":"node/2822041806","tension_kv":[132.0]},"geometry":{"type":"Point","coordinates":[-59.31798,-38.25979]}},{"type":"Feature","properties":{"power":"tower","osm":"node/2822041807","tension_kv":[132.0]},"geometry":{"type":"Point","coordinates":[-59.31544,-38.26072]}},{"type":"Feature","properties":{"power":"tower","osm":"node/2822041808","tension_kv":[132.0]},"geometry":{"type":"Point","coordinates":[-59.3128,-38.26169]}},{"type":"Feature","properties":{"power":"tower","osm":"node/2822041809","tension_kv":[132.0]},"geometry":{"type":"Point","coordinates":[-59.31027,-38.26261]}},{"type":"Feature","properties":{"power":"tower","osm":"node/2822041810","tension_kv":[132.0]},"geometry":{"type":"Point","coordinates":[-59.30773,-38.26354]}},{"type":"Feature","properties":{"power":"tower","osm":"node/2822041811","tension_kv":[132.0]},"geometry":{"type":"Point","coordinates":[-59.30523,-38.26445]}},{"type":"Feature","properties":{"power":"tower","osm":"node/2822041812","tension_kv":[132.0]},"geometry":{"type":"Point","coordinates":[-59.30261,-38.26542]}},{"type":"Feature","properties":{"power":"tower","osm":"node/2822041813","tension_kv":[132.0]},"geometry":{"type":"Point","coordinates":[-59.30006,-38.26637]}},{"type":"Feature","properties":{"power":"tower","osm":"node/2822041814","tension_kv":[132.0]},"geometry":{"type":"Point","coordinates":[-59.29755,-38.26729]}},{"type":"Feature","properties":{"power":"tower","osm":"node/2822041815","tension_kv":[132.0]},"geometry":{"type":"Point","coordinates":[-59.29507,-38.2682]}},{"type":"Feature","properties":{"power":"tower","osm":"node/2822041816","tension_kv":[132.0]},"geometry":{"type":"Point","coordinates":[-59.29239,-38.26917]}},{"type":"Feature","properties":{"power":"tower","osm":"node/2822041817","tension_kv":[132.0]},"geometry":{"type":"Point","coordinates":[-59.28921,-38.27035]}},{"type":"Feature","properties":{"power":"tower","osm":"node/2822041818","tension_kv":[132.0]},"geometry":{"type":"Point","coordinates":[-59.28646,-38.27136]}},{"type":"Feature","properties":{"power":"tower","osm":"node/2822041819","tension_kv":[132.0]},"geometry":{"type":"Point","coordinates":[-59.28388,-38.2723]}},{"type":"Feature","properties":{"power":"tower","osm":"node/2822041820","tension_kv":[132.0]},"geometry":{"type":"Point","coordinates":[-59.28105,-38.27334]}},{"type":"Feature","properties":{"power":"tower","osm":"node/2822041821","tension_kv":[132.0]},"geometry":{"type":"Point","coordinates":[-59.27854,-38.27427]}},{"type":"Feature","properties":{"power":"tower","osm":"node/2822041822","tension_kv":[132.0]},"geometry":{"type":"Point","coordinates":[-59.27603,-38.27518]}},{"type":"Feature","properties":{"power":"tower","osm":"node/2822041823","tension_kv":[132.0]},"geometry":{"type":"Point","coordinates":[-59.27317,-38.27622]}},{"type":"Feature","properties":{"power":"tower","osm":"node/2822041824","tension_kv":[132.0]},"geometry":{"type":"Point","coordinates":[-59.27028,-38.27727]}},{"type":"Feature","properties":{"power":"tower","osm":"node/2822041825","tension_kv":[132.0]},"geometry":{"type":"Point","coordinates":[-59.26672,-38.27859]}},{"type":"Feature","properties":{"power":"tower","osm":"node/2822041826","tension_kv":[132.0]},"geometry":{"type":"Point","coordinates":[-59.26363,-38.27971]}},{"type":"Feature","properties":{"power":"tower","osm":"node/2822041827","tension_kv":[132.0]},"geometry":{"type":"Point","coordinates":[-59.2605,-38.28087]}},{"type":"Feature","properties":{"power":"tower","osm":"node/2822041828","tension_kv":[132.0]},"geometry":{"type":"Point","coordinates":[-59.25782,-38.28184]}},{"type":"Feature","properties":{"power":"tower","osm":"node/2822041829","tension_kv":[132.0]},"geometry":{"type":"Point","coordinates":[-59.25505,-38.28289]}},{"type":"Feature","properties":{"power":"tower","osm":"node/2822041830","tension_kv":[132.0]},"geometry":{"type":"Point","coordinates":[-59.25254,-38.2838]}},{"type":"Feature","properties":{"power":"tower","osm":"node/2822041831","tension_kv":[132.0]},"geometry":{"type":"Point","coordinates":[-59.24985,-38.28477]}},{"type":"Feature","properties":{"power":"tower","osm":"node/2822041832","tension_kv":[132.0]},"geometry":{"type":"Point","coordinates":[-59.24729,-38.28571]}},{"type":"Feature","properties":{"power":"tower","osm":"node/2822041833","tension_kv":[132.0]},"geometry":{"type":"Point","coordinates":[-59.2449,-38.28658]}},{"type":"Feature","properties":{"power":"tower","osm":"node/2822041834","tension_kv":[132.0]},"geometry":{"type":"Point","coordinates":[-59.24236,-38.2875]}},{"type":"Feature","properties":{"power":"tower","osm":"node/2822041835","tension_kv":[132.0]},"geometry":{"type":"Point","coordinates":[-59.23977,-38.28849]}},{"type":"Feature","properties":{"power":"tower","osm":"node/2822041836","tension_kv":[132.0]},"geometry":{"type":"Point","coordinates":[-59.2371,-38.28946]}},{"type":"Feature","properties":{"power":"tower","osm":"node/2822041837","tension_kv":[132.0]},"geometry":{"type":"Point","coordinates":[-59.23612,-38.28981]}},{"type":"Feature","properties":{"power":"tower","osm":"node/2822041838","tension_kv":[132.0]},"geometry":{"type":"Point","coordinates":[-59.23414,-38.29054]}},{"type":"Feature","properties":{"power":"tower","osm":"node/2822041839","tension_kv":[132.0]},"geometry":{"type":"Point","coordinates":[-59.23129,-38.29157]}},{"type":"Feature","properties":{"power":"tower","osm":"node/2822041840","tension_kv":[132.0]},"geometry":{"type":"Point","coordinates":[-59.22846,-38.2926]}},{"type":"Feature","properties":{"power":"tower","osm":"node/2822041841","tension_kv":[132.0]},"geometry":{"type":"Point","coordinates":[-59.22551,-38.29369]}},{"type":"Feature","properties":{"power":"tower","osm":"node/2822041842","tension_kv":[132.0]},"geometry":{"type":"Point","coordinates":[-59.22282,-38.29466]}},{"type":"Feature","properties":{"power":"tower","osm":"node/2822041843","tension_kv":[132.0]},"geometry":{"type":"Point","coordinates":[-59.22046,-38.29553]}},{"type":"Feature","properties":{"power":"tower","osm":"node/2822041844","tension_kv":[132.0]},"geometry":{"type":"Point","coordinates":[-59.21791,-38.29644]}},{"type":"Feature","properties":{"power":"tower","osm":"node/2822041845","tension_kv":[132.0]},"geometry":{"type":"Point","coordinates":[-59.21552,-38.29731]}},{"type":"Feature","properties":{"power":"tower","osm":"node/2822041846","tension_kv":[132.0]},"geometry":{"type":"Point","coordinates":[-59.21315,-38.29821]}},{"type":"Feature","properties":{"power":"tower","osm":"node/2822041847","tension_kv":[132.0]},"geometry":{"type":"Point","coordinates":[-59.21068,-38.29911]}},{"type":"Feature","properties":{"power":"tower","osm":"node/2822041848","tension_kv":[132.0]},"geometry":{"type":"Point","coordinates":[-59.20821,-38.30001]}},{"type":"Feature","properties":{"power":"tower","osm":"node/2822041849","tension_kv":[132.0]},"geometry":{"type":"Point","coordinates":[-59.20566,-38.30094]}},{"type":"Feature","properties":{"power":"tower","osm":"node/2822041850","tension_kv":[132.0]},"geometry":{"type":"Point","coordinates":[-59.20257,-38.30207]}},{"type":"Feature","properties":{"power":"tower","osm":"node/2822041851","tension_kv":[132.0]},"geometry":{"type":"Point","coordinates":[-59.19996,-38.30302]}},{"type":"Feature","properties":{"power":"tower","osm":"node/2822041852","tension_kv":[132.0]},"geometry":{"type":"Point","coordinates":[-59.19744,-38.30395]}},{"type":"Feature","properties":{"power":"tower","osm":"node/2822041853","tension_kv":[132.0]},"geometry":{"type":"Point","coordinates":[-59.19494,-38.30487]}},{"type":"Feature","properties":{"power":"tower","osm":"node/2822041854","tension_kv":[132.0]},"geometry":{"type":"Point","coordinates":[-59.19232,-38.30581]}},{"type":"Feature","properties":{"power":"tower","osm":"node/2822041855","tension_kv":[132.0]},"geometry":{"type":"Point","coordinates":[-59.18972,-38.30678]}},{"type":"Feature","properties":{"power":"tower","osm":"node/2822041856","tension_kv":[132.0]},"geometry":{"type":"Point","coordinates":[-59.18712,-38.30774]}},{"type":"Feature","properties":{"power":"tower","osm":"node/2822041857","tension_kv":[132.0]},"geometry":{"type":"Point","coordinates":[-59.18442,-38.3087]}},{"type":"Feature","properties":{"power":"tower","osm":"node/2822041858","tension_kv":[132.0]},"geometry":{"type":"Point","coordinates":[-59.18166,-38.30971]}},{"type":"Feature","properties":{"power":"tower","osm":"node/2822041859","tension_kv":[132.0]},"geometry":{"type":"Point","coordinates":[-59.17889,-38.31075]}},{"type":"Feature","properties":{"power":"tower","osm":"node/2822041860","tension_kv":[132.0]},"geometry":{"type":"Point","coordinates":[-59.17657,-38.31155]}},{"type":"Feature","properties":{"power":"tower","osm":"node/2822041861","tension_kv":[132.0]},"geometry":{"type":"Point","coordinates":[-59.17371,-38.31261]}},{"type":"Feature","properties":{"power":"tower","osm":"node/2822041862","tension_kv":[132.0]},"geometry":{"type":"Point","coordinates":[-59.17028,-38.31386]}},{"type":"Feature","properties":{"power":"tower","osm":"node/2822041863","tension_kv":[132.0]},"geometry":{"type":"Point","coordinates":[-59.1671,-38.31503]}},{"type":"Feature","properties":{"power":"tower","osm":"node/2822041864","tension_kv":[132.0]},"geometry":{"type":"Point","coordinates":[-59.1647,-38.31589]}},{"type":"Feature","properties":{"power":"tower","osm":"node/2822041865","tension_kv":[132.0]},"geometry":{"type":"Point","coordinates":[-59.1621,-38.31684]}},{"type":"Feature","properties":{"power":"tower","osm":"node/2822041866","tension_kv":[132.0]},"geometry":{"type":"Point","coordinates":[-59.15958,-38.31776]}},{"type":"Feature","properties":{"power":"tower","osm":"node/2822041867","tension_kv":[132.0]},"geometry":{"type":"Point","coordinates":[-59.15703,-38.3187]}},{"type":"Feature","properties":{"power":"tower","osm":"node/2822041868","tension_kv":[132.0]},"geometry":{"type":"Point","coordinates":[-59.15459,-38.31959]}},{"type":"Feature","properties":{"power":"tower","osm":"node/2822041869","tension_kv":[132.0]},"geometry":{"type":"Point","coordinates":[-59.15207,-38.3205]}},{"type":"Feature","properties":{"power":"tower","osm":"node/2822041870","tension_kv":[132.0]},"geometry":{"type":"Point","coordinates":[-59.14959,-38.32141]}},{"type":"Feature","properties":{"power":"tower","osm":"node/2822041871","tension_kv":[132.0]},"geometry":{"type":"Point","coordinates":[-59.14683,-38.32242]}},{"type":"Feature","properties":{"power":"tower","osm":"node/2822041872","tension_kv":[132.0]},"geometry":{"type":"Point","coordinates":[-59.14399,-38.32346]}},{"type":"Feature","properties":{"power":"tower","osm":"node/2822041873","tension_kv":[132.0]},"geometry":{"type":"Point","coordinates":[-59.14139,-38.32441]}},{"type":"Feature","properties":{"power":"tower","osm":"node/2822041874","tension_kv":[132.0]},"geometry":{"type":"Point","coordinates":[-59.13897,-38.32529]}},{"type":"Feature","properties":{"power":"tower","osm":"node/2822041875","tension_kv":[132.0]},"geometry":{"type":"Point","coordinates":[-59.13583,-38.32643]}},{"type":"Feature","properties":{"power":"tower","osm":"node/2822041876","tension_kv":[132.0]},"geometry":{"type":"Point","coordinates":[-59.1335,-38.32728]}},{"type":"Feature","properties":{"power":"tower","osm":"node/2822041877","tension_kv":[132.0]},"geometry":{"type":"Point","coordinates":[-59.13104,-38.32817]}},{"type":"Feature","properties":{"power":"tower","osm":"node/2822041878","tension_kv":[132.0]},"geometry":{"type":"Point","coordinates":[-59.12859,-38.32907]}},{"type":"Feature","properties":{"power":"tower","osm":"node/2822041879","tension_kv":[132.0]},"geometry":{"type":"Point","coordinates":[-59.12587,-38.33007]}},{"type":"Feature","properties":{"power":"tower","osm":"node/2822041880","tension_kv":[132.0]},"geometry":{"type":"Point","coordinates":[-59.12347,-38.33094]}},{"type":"Feature","properties":{"power":"tower","osm":"node/2822041881","tension_kv":[132.0]},"geometry":{"type":"Point","coordinates":[-59.12088,-38.33188]}},{"type":"Feature","properties":{"power":"tower","osm":"node/2822041882","tension_kv":[132.0]},"geometry":{"type":"Point","coordinates":[-59.11842,-38.33278]}},{"type":"Feature","properties":{"power":"tower","osm":"node/2822041883","tension_kv":[132.0]},"geometry":{"type":"Point","coordinates":[-59.11596,-38.33368]}},{"type":"Feature","properties":{"power":"tower","osm":"node/2822041884","tension_kv":[132.0]},"geometry":{"type":"Point","coordinates":[-59.11348,-38.33458]}},{"type":"Feature","properties":{"power":"tower","osm":"node/2822041885","tension_kv":[132.0]},"geometry":{"type":"Point","coordinates":[-59.11106,-38.33545]}},{"type":"Feature","properties":{"power":"tower","osm":"node/2822041886","tension_kv":[132.0]},"geometry":{"type":"Point","coordinates":[-59.10859,-38.33636]}},{"type":"Feature","properties":{"power":"tower","osm":"node/2822041887","tension_kv":[132.0]},"geometry":{"type":"Point","coordinates":[-59.10623,-38.33722]}},{"type":"Feature","properties":{"power":"tower","osm":"node/2822041888","tension_kv":[132.0]},"geometry":{"type":"Point","coordinates":[-59.10372,-38.33813]}},{"type":"Feature","properties":{"power":"tower","osm":"node/2822041889","tension_kv":[132.0]},"geometry":{"type":"Point","coordinates":[-59.10126,-38.33903]}},{"type":"Feature","properties":{"power":"tower","osm":"node/2822041890","tension_kv":[132.0]},"geometry":{"type":"Point","coordinates":[-59.09847,-38.34007]}},{"type":"Feature","properties":{"power":"tower","osm":"node/2822041891","tension_kv":[132.0]},"geometry":{"type":"Point","coordinates":[-59.09613,-38.34092]}},{"type":"Feature","properties":{"power":"tower","osm":"node/2822041892","tension_kv":[132.0]},"geometry":{"type":"Point","coordinates":[-59.09361,-38.34183]}},{"type":"Feature","properties":{"power":"tower","osm":"node/2822041893","tension_kv":[132.0]},"geometry":{"type":"Point","coordinates":[-59.09076,-38.34286]}},{"type":"Feature","properties":{"power":"tower","osm":"node/2822041894","tension_kv":[132.0]},"geometry":{"type":"Point","coordinates":[-59.0886,-38.34366]}},{"type":"Feature","properties":{"power":"tower","osm":"node/2822041895","tension_kv":[132.0]},"geometry":{"type":"Point","coordinates":[-59.08616,-38.34454]}},{"type":"Feature","properties":{"power":"tower","osm":"node/2822041896","tension_kv":[132.0]},"geometry":{"type":"Point","coordinates":[-59.08325,-38.3456]}},{"type":"Feature","properties":{"power":"tower","osm":"node/2822041897","tension_kv":[132.0]},"geometry":{"type":"Point","coordinates":[-59.08091,-38.34644]}},{"type":"Feature","properties":{"power":"tower","osm":"node/2822041898","tension_kv":[132.0]},"geometry":{"type":"Point","coordinates":[-59.07833,-38.34738]}},{"type":"Feature","properties":{"power":"tower","osm":"node/2822041899","tension_kv":[132.0]},"geometry":{"type":"Point","coordinates":[-59.07554,-38.34841]}},{"type":"Feature","properties":{"power":"tower","osm":"node/2822041900","tension_kv":[132.0]},"geometry":{"type":"Point","coordinates":[-59.07281,-38.3494]}},{"type":"Feature","properties":{"power":"tower","osm":"node/2822041901","tension_kv":[132.0]},"geometry":{"type":"Point","coordinates":[-59.07003,-38.3504]}},{"type":"Feature","properties":{"power":"tower","osm":"node/2822041902","tension_kv":[132.0]},"geometry":{"type":"Point","coordinates":[-59.06722,-38.35144]}},{"type":"Feature","properties":{"power":"tower","osm":"node/2822041903","tension_kv":[132.0]},"geometry":{"type":"Point","coordinates":[-59.06443,-38.35244]}},{"type":"Feature","properties":{"power":"tower","osm":"node/2822041904","tension_kv":[132.0]},"geometry":{"type":"Point","coordinates":[-59.06189,-38.35337]}},{"type":"Feature","properties":{"power":"tower","osm":"node/2822041905","tension_kv":[132.0]},"geometry":{"type":"Point","coordinates":[-59.05907,-38.3544]}},{"type":"Feature","properties":{"power":"tower","osm":"node/2822041906","tension_kv":[132.0]},"geometry":{"type":"Point","coordinates":[-59.05618,-38.35545]}},{"type":"Feature","properties":{"power":"tower","osm":"node/2822041907","tension_kv":[132.0]},"geometry":{"type":"Point","coordinates":[-59.05348,-38.35643]}},{"type":"Feature","properties":{"power":"tower","osm":"node/2822041908","tension_kv":[132.0]},"geometry":{"type":"Point","coordinates":[-59.05084,-38.35739]}},{"type":"Feature","properties":{"power":"tower","osm":"node/2822041909","tension_kv":[132.0]},"geometry":{"type":"Point","coordinates":[-59.04818,-38.35836]}},{"type":"Feature","properties":{"power":"tower","osm":"node/2822041910","tension_kv":[132.0]},"geometry":{"type":"Point","coordinates":[-59.04506,-38.35949]}},{"type":"Feature","properties":{"power":"tower","osm":"node/2822041911","tension_kv":[132.0]},"geometry":{"type":"Point","coordinates":[-59.04295,-38.36034]}},{"type":"Feature","properties":{"power":"tower","osm":"node/2822041912","tension_kv":[132.0]},"geometry":{"type":"Point","coordinates":[-59.04049,-38.36134]}},{"type":"Feature","properties":{"power":"tower","osm":"node/2822041913","tension_kv":[132.0]},"geometry":{"type":"Point","coordinates":[-59.03802,-38.36233]}},{"type":"Feature","properties":{"power":"tower","osm":"node/2822041914","tension_kv":[132.0]},"geometry":{"type":"Point","coordinates":[-59.03575,-38.36325]}},{"type":"Feature","properties":{"power":"tower","osm":"node/2822041915","tension_kv":[132.0]},"geometry":{"type":"Point","coordinates":[-59.03342,-38.36418]}},{"type":"Feature","properties":{"power":"tower","osm":"node/2822041916","tension_kv":[132.0]},"geometry":{"type":"Point","coordinates":[-59.03124,-38.36507]}},{"type":"Feature","properties":{"power":"tower","osm":"node/2822041917","tension_kv":[132.0]},"geometry":{"type":"Point","coordinates":[-59.02907,-38.36595]}},{"type":"Feature","properties":{"power":"tower","osm":"node/2822041918","tension_kv":[132.0]},"geometry":{"type":"Point","coordinates":[-59.0266,-38.36695]}},{"type":"Feature","properties":{"power":"tower","osm":"node/2822041919","tension_kv":[132.0]},"geometry":{"type":"Point","coordinates":[-59.02425,-38.36789]}},{"type":"Feature","properties":{"power":"tower","osm":"node/2822041920","tension_kv":[132.0]},"geometry":{"type":"Point","coordinates":[-59.02181,-38.36888]}},{"type":"Feature","properties":{"power":"tower","osm":"node/2822041921","tension_kv":[132.0]},"geometry":{"type":"Point","coordinates":[-59.01937,-38.36985]}},{"type":"Feature","properties":{"power":"tower","osm":"node/2822041922","tension_kv":[132.0]},"geometry":{"type":"Point","coordinates":[-59.01697,-38.37081]}},{"type":"Feature","properties":{"power":"tower","osm":"node/2822041923","tension_kv":[132.0]},"geometry":{"type":"Point","coordinates":[-59.01455,-38.3718]}},{"type":"Feature","properties":{"power":"tower","osm":"node/2822041924","tension_kv":[132.0]},"geometry":{"type":"Point","coordinates":[-59.012,-38.37282]}},{"type":"Feature","properties":{"power":"tower","osm":"node/2822041925","tension_kv":[132.0]},"geometry":{"type":"Point","coordinates":[-59.00953,-38.37382]}},{"type":"Feature","properties":{"power":"tower","osm":"node/2822041926","tension_kv":[132.0]},"geometry":{"type":"Point","coordinates":[-59.00681,-38.37492]}},{"type":"Feature","properties":{"power":"tower","osm":"node/2822041927","tension_kv":[132.0]},"geometry":{"type":"Point","coordinates":[-59.00436,-38.3759]}},{"type":"Feature","properties":{"power":"tower","osm":"node/2822041928","tension_kv":[132.0]},"geometry":{"type":"Point","coordinates":[-59.0021,-38.37682]}},{"type":"Feature","properties":{"power":"tower","osm":"node/2822041929","tension_kv":[132.0]},"geometry":{"type":"Point","coordinates":[-58.99978,-38.37775]}},{"type":"Feature","properties":{"power":"tower","osm":"node/2822041930","tension_kv":[132.0]},"geometry":{"type":"Point","coordinates":[-58.99721,-38.3788]}},{"type":"Feature","properties":{"power":"tower","osm":"node/2822041931","tension_kv":[132.0]},"geometry":{"type":"Point","coordinates":[-58.99467,-38.37982]}},{"type":"Feature","properties":{"power":"tower","osm":"node/2822041932","tension_kv":[132.0]},"geometry":{"type":"Point","coordinates":[-58.99227,-38.38078]}},{"type":"Feature","properties":{"power":"tower","osm":"node/2822041933","tension_kv":[132.0]},"geometry":{"type":"Point","coordinates":[-58.98981,-38.38176]}},{"type":"Feature","properties":{"power":"tower","osm":"node/2822041934","tension_kv":[132.0]},"geometry":{"type":"Point","coordinates":[-58.98738,-38.38273]}},{"type":"Feature","properties":{"power":"tower","osm":"node/2822041935","tension_kv":[132.0]},"geometry":{"type":"Point","coordinates":[-58.98503,-38.38368]}},{"type":"Feature","properties":{"power":"tower","osm":"node/2822041936","tension_kv":[132.0]},"geometry":{"type":"Point","coordinates":[-58.98276,-38.38461]}},{"type":"Feature","properties":{"power":"tower","osm":"node/2822041937","tension_kv":[132.0]},"geometry":{"type":"Point","coordinates":[-58.98047,-38.3855]}},{"type":"Feature","properties":{"power":"tower","osm":"node/2822041938","tension_kv":[132.0]},"geometry":{"type":"Point","coordinates":[-58.97797,-38.38651]}},{"type":"Feature","properties":{"power":"tower","osm":"node/2822041939","tension_kv":[132.0]},"geometry":{"type":"Point","coordinates":[-58.97554,-38.3875]}},{"type":"Feature","properties":{"power":"tower","osm":"node/2822041940","tension_kv":[132.0]},"geometry":{"type":"Point","coordinates":[-58.973,-38.38852]}},{"type":"Feature","properties":{"power":"tower","osm":"node/2822041941","tension_kv":[132.0]},"geometry":{"type":"Point","coordinates":[-58.97042,-38.38957]}},{"type":"Feature","properties":{"power":"tower","osm":"node/2822041942","tension_kv":[132.0]},"geometry":{"type":"Point","coordinates":[-58.96776,-38.39064]}},{"type":"Feature","properties":{"power":"tower","osm":"node/2822041943","tension_kv":[132.0]},"geometry":{"type":"Point","coordinates":[-58.965,-38.39175]}},{"type":"Feature","properties":{"power":"tower","osm":"node/2822041944","tension_kv":[132.0]},"geometry":{"type":"Point","coordinates":[-58.96264,-38.3927]}},{"type":"Feature","properties":{"power":"tower","osm":"node/2822041945","tension_kv":[132.0]},"geometry":{"type":"Point","coordinates":[-58.9602,-38.39369]}},{"type":"Feature","properties":{"power":"tower","osm":"node/2822041946","tension_kv":[132.0]},"geometry":{"type":"Point","coordinates":[-58.9577,-38.39468]}},{"type":"Feature","properties":{"power":"tower","osm":"node/2822041947","tension_kv":[132.0]},"geometry":{"type":"Point","coordinates":[-58.95522,-38.39569]}},{"type":"Feature","properties":{"power":"tower","osm":"node/2822041948","tension_kv":[132.0]},"geometry":{"type":"Point","coordinates":[-58.95263,-38.39672]}},{"type":"Feature","properties":{"power":"tower","osm":"node/2822041949","tension_kv":[132.0]},"geometry":{"type":"Point","coordinates":[-58.95014,-38.39772]}},{"type":"Feature","properties":{"power":"tower","osm":"node/2822041950","tension_kv":[132.0]},"geometry":{"type":"Point","coordinates":[-58.94765,-38.39874]}},{"type":"Feature","properties":{"power":"tower","osm":"node/2822041951","tension_kv":[132.0]},"geometry":{"type":"Point","coordinates":[-58.94519,-38.39974]}},{"type":"Feature","properties":{"power":"tower","osm":"node/2822041952","tension_kv":[132.0]},"geometry":{"type":"Point","coordinates":[-58.94267,-38.40073]}},{"type":"Feature","properties":{"power":"tower","osm":"node/2822041953","tension_kv":[132.0]},"geometry":{"type":"Point","coordinates":[-58.94021,-38.40172]}},{"type":"Feature","properties":{"power":"tower","osm":"node/2822041954","tension_kv":[132.0]},"geometry":{"type":"Point","coordinates":[-58.93774,-38.40271]}},{"type":"Feature","properties":{"power":"tower","osm":"node/2822041955","tension_kv":[132.0]},"geometry":{"type":"Point","coordinates":[-58.93508,-38.40377]}},{"type":"Feature","properties":{"power":"tower","osm":"node/2822041956","tension_kv":[132.0]},"geometry":{"type":"Point","coordinates":[-58.93252,-38.40481]}},{"type":"Feature","properties":{"power":"tower","osm":"node/2822041957","tension_kv":[132.0]},"geometry":{"type":"Point","coordinates":[-58.93011,-38.40579]}},{"type":"Feature","properties":{"power":"tower","osm":"node/2822041958","tension_kv":[132.0]},"geometry":{"type":"Point","coordinates":[-58.92762,-38.40676]}},{"type":"Feature","properties":{"power":"tower","osm":"node/2822041959","tension_kv":[132.0]},"geometry":{"type":"Point","coordinates":[-58.92514,-38.40778]}},{"type":"Feature","properties":{"power":"tower","osm":"node/2822041960","tension_kv":[132.0]},"geometry":{"type":"Point","coordinates":[-58.92277,-38.40874]}},{"type":"Feature","properties":{"power":"tower","osm":"node/2822041961","tension_kv":[132.0]},"geometry":{"type":"Point","coordinates":[-58.92024,-38.40976]}},{"type":"Feature","properties":{"power":"tower","osm":"node/2822041962","tension_kv":[132.0]},"geometry":{"type":"Point","coordinates":[-58.91699,-38.41104]}},{"type":"Feature","properties":{"power":"tower","osm":"node/2822041963","tension_kv":[132.0]},"geometry":{"type":"Point","coordinates":[-58.91428,-38.41213]}},{"type":"Feature","properties":{"power":"tower","osm":"node/2822041964","tension_kv":[132.0]},"geometry":{"type":"Point","coordinates":[-58.91135,-38.41332]}},{"type":"Feature","properties":{"power":"tower","osm":"node/2822041965","tension_kv":[132.0]},"geometry":{"type":"Point","coordinates":[-58.90846,-38.41448]}},{"type":"Feature","properties":{"power":"tower","osm":"node/2822041966","tension_kv":[132.0]},"geometry":{"type":"Point","coordinates":[-58.90544,-38.4157]}},{"type":"Feature","properties":{"power":"tower","osm":"node/2822041967","tension_kv":[132.0]},"geometry":{"type":"Point","coordinates":[-58.90294,-38.4167]}},{"type":"Feature","properties":{"power":"tower","osm":"node/2822041968","tension_kv":[132.0]},"geometry":{"type":"Point","coordinates":[-58.90049,-38.41767]}},{"type":"Feature","properties":{"power":"tower","osm":"node/2822041969","tension_kv":[132.0]},"geometry":{"type":"Point","coordinates":[-58.89783,-38.41874]}},{"type":"Feature","properties":{"power":"tower","osm":"node/2822041970","tension_kv":[132.0]},"geometry":{"type":"Point","coordinates":[-58.89512,-38.41984]}},{"type":"Feature","properties":{"power":"tower","osm":"node/2822041971","tension_kv":[132.0]},"geometry":{"type":"Point","coordinates":[-58.89274,-38.42078]}},{"type":"Feature","properties":{"power":"tower","osm":"node/2822041972","tension_kv":[132.0]},"geometry":{"type":"Point","coordinates":[-58.89023,-38.42178]}},{"type":"Feature","properties":{"power":"tower","osm":"node/2822041973","tension_kv":[132.0]},"geometry":{"type":"Point","coordinates":[-58.88772,-38.4228]}},{"type":"Feature","properties":{"power":"tower","osm":"node/2822041974","tension_kv":[132.0]},"geometry":{"type":"Point","coordinates":[-58.88492,-38.42395]}},{"type":"Feature","properties":{"power":"tower","osm":"node/2822041975","tension_kv":[132.0]},"geometry":{"type":"Point","coordinates":[-58.88199,-38.42508]}},{"type":"Feature","properties":{"power":"tower","osm":"node/2822041976","tension_kv":[132.0]},"geometry":{"type":"Point","coordinates":[-58.8795,-38.42606]}},{"type":"Feature","properties":{"power":"tower","osm":"node/2822041977","tension_kv":[132.0]},"geometry":{"type":"Point","coordinates":[-58.87709,-38.42703]}},{"type":"Feature","properties":{"power":"tower","osm":"node/2822041978","tension_kv":[132.0]},"geometry":{"type":"Point","coordinates":[-58.87445,-38.42808]}},{"type":"Feature","properties":{"power":"tower","osm":"node/2822041979","tension_kv":[132.0]},"geometry":{"type":"Point","coordinates":[-58.87189,-38.4291]}},{"type":"Feature","properties":{"power":"tower","osm":"node/2822041980","tension_kv":[132.0]},"geometry":{"type":"Point","coordinates":[-58.86935,-38.43013]}},{"type":"Feature","properties":{"power":"tower","osm":"node/2822041981","tension_kv":[132.0]},"geometry":{"type":"Point","coordinates":[-58.86684,-38.43115]}},{"type":"Feature","properties":{"power":"tower","osm":"node/2822041982","tension_kv":[132.0]},"geometry":{"type":"Point","coordinates":[-58.86421,-38.43218]}},{"type":"Feature","properties":{"power":"tower","osm":"node/2822041983","tension_kv":[132.0]},"geometry":{"type":"Point","coordinates":[-58.86147,-38.4333]}},{"type":"Feature","properties":{"power":"tower","osm":"node/2822041984","tension_kv":[132.0]},"geometry":{"type":"Point","coordinates":[-58.85873,-38.43442]}},{"type":"Feature","properties":{"power":"tower","osm":"node/2822041985","tension_kv":[132.0]},"geometry":{"type":"Point","coordinates":[-58.85616,-38.43545]}},{"type":"Feature","properties":{"power":"tower","osm":"node/2822041986","tension_kv":[132.0]},"geometry":{"type":"Point","coordinates":[-58.85349,-38.4365]}},{"type":"Feature","properties":{"power":"tower","osm":"node/2822041987","tension_kv":[132.0]},"geometry":{"type":"Point","coordinates":[-58.85089,-38.43754]}},{"type":"Feature","properties":{"power":"tower","osm":"node/2822041988","tension_kv":[132.0]},"geometry":{"type":"Point","coordinates":[-58.8482,-38.4386]}},{"type":"Feature","properties":{"power":"tower","osm":"node/2822041989","tension_kv":[132.0]},"geometry":{"type":"Point","coordinates":[-58.84544,-38.4397]}},{"type":"Feature","properties":{"power":"tower","osm":"node/2822041990","tension_kv":[132.0]},"geometry":{"type":"Point","coordinates":[-58.84276,-38.44078]}},{"type":"Feature","properties":{"power":"tower","osm":"node/2822041991","tension_kv":[132.0]},"geometry":{"type":"Point","coordinates":[-58.84024,-38.44179]}},{"type":"Feature","properties":{"power":"tower","osm":"node/2822041992","tension_kv":[132.0]},"geometry":{"type":"Point","coordinates":[-58.8377,-38.44281]}},{"type":"Feature","properties":{"power":"tower","osm":"node/2822041993","tension_kv":[132.0]},"geometry":{"type":"Point","coordinates":[-58.83505,-38.44388]}},{"type":"Feature","properties":{"power":"tower","osm":"node/2822041994","tension_kv":[132.0]},"geometry":{"type":"Point","coordinates":[-58.83262,-38.44488]}},{"type":"Feature","properties":{"power":"tower","osm":"node/2822041995","tension_kv":[132.0]},"geometry":{"type":"Point","coordinates":[-58.83013,-38.44593]}},{"type":"Feature","properties":{"power":"tower","osm":"node/2822041996","tension_kv":[132.0]},"geometry":{"type":"Point","coordinates":[-58.82772,-38.44695]}},{"type":"Feature","properties":{"power":"tower","osm":"node/2822041997","tension_kv":[132.0]},"geometry":{"type":"Point","coordinates":[-58.82523,-38.44799]}},{"type":"Feature","properties":{"power":"tower","osm":"node/2822041998","tension_kv":[132.0]},"geometry":{"type":"Point","coordinates":[-58.8228,-38.44899]}},{"type":"Feature","properties":{"power":"tower","osm":"node/2822041999","tension_kv":[132.0]},"geometry":{"type":"Point","coordinates":[-58.82031,-38.45004]}},{"type":"Feature","properties":{"power":"tower","osm":"node/2822042000","tension_kv":[132.0]},"geometry":{"type":"Point","coordinates":[-58.81791,-38.45102]}},{"type":"Feature","properties":{"power":"tower","osm":"node/2822042001","tension_kv":[132.0]},"geometry":{"type":"Point","coordinates":[-58.81552,-38.45202]}},{"type":"Feature","properties":{"power":"tower","osm":"node/2822042002","tension_kv":[132.0]},"geometry":{"type":"Point","coordinates":[-58.81311,-38.45305]}},{"type":"Feature","properties":{"power":"tower","osm":"node/2822042003","tension_kv":[132.0]},"geometry":{"type":"Point","coordinates":[-58.81052,-38.45413]}},{"type":"Feature","properties":{"power":"tower","osm":"node/2822042004","tension_kv":[132.0]},"geometry":{"type":"Point","coordinates":[-58.80799,-38.45517]}},{"type":"Feature","properties":{"power":"tower","osm":"node/2822042005","tension_kv":[132.0]},"geometry":{"type":"Point","coordinates":[-58.80555,-38.45621]}},{"type":"Feature","properties":{"power":"tower","osm":"node/2822042006","tension_kv":[132.0]},"geometry":{"type":"Point","coordinates":[-58.80306,-38.45725]}},{"type":"Feature","properties":{"power":"tower","osm":"node/2822042007","tension_kv":[132.0]},"geometry":{"type":"Point","coordinates":[-58.80076,-38.45822]}},{"type":"Feature","properties":{"power":"tower","osm":"node/2822042008","tension_kv":[132.0]},"geometry":{"type":"Point","coordinates":[-58.79831,-38.45923]}},{"type":"Feature","properties":{"power":"tower","osm":"node/2822042009","tension_kv":[132.0]},"geometry":{"type":"Point","coordinates":[-58.79588,-38.46023]}},{"type":"Feature","properties":{"power":"tower","osm":"node/2822042010","tension_kv":[132.0]},"geometry":{"type":"Point","coordinates":[-58.79325,-38.46134]}},{"type":"Feature","properties":{"power":"tower","osm":"node/2822042011","tension_kv":[132.0]},"geometry":{"type":"Point","coordinates":[-58.79008,-38.46265]}},{"type":"Feature","properties":{"power":"tower","osm":"node/2822042012","tension_kv":[132.0]},"geometry":{"type":"Point","coordinates":[-58.78761,-38.4637]}},{"type":"Feature","properties":{"power":"tower","osm":"node/2822042013","tension_kv":[132.0]},"geometry":{"type":"Point","coordinates":[-58.7849,-38.46483]}},{"type":"Feature","properties":{"power":"tower","osm":"node/2822042014","tension_kv":[132.0]},"geometry":{"type":"Point","coordinates":[-58.78241,-38.46583]}},{"type":"Feature","properties":{"power":"tower","osm":"node/2822042015","tension_kv":[132.0]},"geometry":{"type":"Point","coordinates":[-58.7798,-38.46695]}},{"type":"Feature","properties":{"power":"tower","osm":"node/2822042016","tension_kv":[132.0]},"geometry":{"type":"Point","coordinates":[-58.77741,-38.46794]}},{"type":"Feature","properties":{"power":"tower","osm":"node/2822042017","tension_kv":[132.0]},"geometry":{"type":"Point","coordinates":[-58.77502,-38.46894]}},{"type":"Feature","properties":{"power":"tower","osm":"node/2822042018","tension_kv":[132.0]},"geometry":{"type":"Point","coordinates":[-58.77253,-38.46997]}},{"type":"Feature","properties":{"power":"tower","osm":"node/2822042019","tension_kv":[132.0]},"geometry":{"type":"Point","coordinates":[-58.77007,-38.47101]}},{"type":"Feature","properties":{"power":"tower","osm":"node/2822042020","tension_kv":[132.0]},"geometry":{"type":"Point","coordinates":[-58.7678,-38.47196]}},{"type":"Feature","properties":{"power":"tower","osm":"node/2822042021","tension_kv":[132.0]},"geometry":{"type":"Point","coordinates":[-58.76589,-38.47345]}},{"type":"Feature","properties":{"power":"tower","osm":"node/2822042022","tension_kv":[132.0]},"geometry":{"type":"Point","coordinates":[-58.76376,-38.47504]}},{"type":"Feature","properties":{"power":"tower","osm":"node/2822042023","tension_kv":[132.0]},"geometry":{"type":"Point","coordinates":[-58.76173,-38.47663]}},{"type":"Feature","properties":{"power":"tower","osm":"node/2822042024","tension_kv":[132.0]},"geometry":{"type":"Point","coordinates":[-58.75966,-38.4782]}},{"type":"Feature","properties":{"power":"tower","osm":"node/2822042025","tension_kv":[132.0]},"geometry":{"type":"Point","coordinates":[-58.75772,-38.47967]}},{"type":"Feature","properties":{"power":"tower","osm":"node/2822042026","tension_kv":[132.0]},"geometry":{"type":"Point","coordinates":[-58.75571,-38.48121]}},{"type":"Feature","properties":{"power":"tower","osm":"node/2822042027","tension_kv":[132.0]},"geometry":{"type":"Point","coordinates":[-58.75408,-38.48246]}},{"type":"Feature","properties":{"power":"tower","osm":"node/2822042028","tension_kv":[132.0]},"geometry":{"type":"Point","coordinates":[-58.75244,-38.48373]}},{"type":"Feature","properties":{"power":"tower","osm":"node/2822042029","tension_kv":[132.0]},"geometry":{"type":"Point","coordinates":[-58.75077,-38.48498]}},{"type":"Feature","properties":{"power":"tower","osm":"node/2822042030","tension_kv":[132.0]},"geometry":{"type":"Point","coordinates":[-58.74911,-38.48628]}},{"type":"Feature","properties":{"power":"tower","osm":"node/2822042044","tension_kv":[132.0]},"geometry":{"type":"Point","coordinates":[-58.72101,-38.50776]}},{"type":"Feature","properties":{"power":"tower","osm":"node/2822042045","tension_kv":[132.0]},"geometry":{"type":"Point","coordinates":[-58.71899,-38.50933]}},{"type":"Feature","properties":{"power":"tower","osm":"node/2822042046","tension_kv":[132.0]},"geometry":{"type":"Point","coordinates":[-58.71711,-38.51075]}},{"type":"Feature","properties":{"power":"tower","osm":"node/2822042047","tension_kv":[132.0]},"geometry":{"type":"Point","coordinates":[-58.7152,-38.5123]}},{"type":"Feature","properties":{"power":"tower","osm":"node/2822042048","tension_kv":[132.0]},"geometry":{"type":"Point","coordinates":[-58.71315,-38.51384]}},{"type":"Feature","properties":{"power":"tower","osm":"node/2822042049","tension_kv":[132.0]},"geometry":{"type":"Point","coordinates":[-58.71121,-38.51531]}},{"type":"Feature","properties":{"power":"tower","osm":"node/2822042050","tension_kv":[132.0]},"geometry":{"type":"Point","coordinates":[-58.70932,-38.51678]}},{"type":"Feature","properties":{"power":"tower","osm":"node/2822042051","tension_kv":[132.0]},"geometry":{"type":"Point","coordinates":[-58.70728,-38.51834]}},{"type":"Feature","properties":{"power":"tower","osm":"node/2822042052","tension_kv":[132.0]},"geometry":{"type":"Point","coordinates":[-58.7052,-38.51992]}},{"type":"Feature","properties":{"power":"tower","osm":"node/2822042053","tension_kv":[132.0]},"geometry":{"type":"Point","coordinates":[-58.70333,-38.52135]}},{"type":"Feature","properties":{"power":"tower","osm":"node/2822042054","tension_kv":[132.0]},"geometry":{"type":"Point","coordinates":[-58.70144,-38.52279]}},{"type":"Feature","properties":{"power":"tower","osm":"node/2822042055","tension_kv":[132.0]},"geometry":{"type":"Point","coordinates":[-58.69992,-38.52393]}},{"type":"Feature","properties":{"power":"tower","osm":"node/2822042056","tension_kv":[132.0]},"geometry":{"type":"Point","coordinates":[-58.69936,-38.52436]}},{"type":"Feature","properties":{"power":"tower","osm":"node/2822042057","tension_kv":[132.0]},"geometry":{"type":"Point","coordinates":[-58.69823,-38.52526]}},{"type":"Feature","properties":{"power":"tower","osm":"node/2822042058","tension_kv":[132.0]},"geometry":{"type":"Point","coordinates":[-58.69616,-38.52684]}},{"type":"Feature","properties":{"power":"tower","osm":"node/2822042059","tension_kv":[132.0]},"geometry":{"type":"Point","coordinates":[-58.69419,-38.52834]}},{"type":"Feature","properties":{"power":"tower","osm":"node/2822042060","tension_kv":[132.0]},"geometry":{"type":"Point","coordinates":[-58.69231,-38.52978]}},{"type":"Feature","properties":{"power":"tower","osm":"node/2822042061","tension_kv":[132.0]},"geometry":{"type":"Point","coordinates":[-58.69042,-38.53124]}},{"type":"Feature","properties":{"power":"tower","osm":"node/2822042062","tension_kv":[132.0]},"geometry":{"type":"Point","coordinates":[-58.68847,-38.53271]}},{"type":"Feature","properties":{"power":"tower","osm":"node/2822042063","tension_kv":[132.0]},"geometry":{"type":"Point","coordinates":[-58.68651,-38.53423]}},{"type":"Feature","properties":{"power":"tower","osm":"node/2822042064","tension_kv":[132.0]},"geometry":{"type":"Point","coordinates":[-58.68532,-38.53511]}},{"type":"Feature","properties":{"power":"tower","osm":"node/2822042065","tension_kv":[132.0]},"geometry":{"type":"Point","coordinates":[-58.68318,-38.53675]}},{"type":"Feature","properties":{"power":"tower","osm":"node/3099879058","tension_kv":[132.0]},"geometry":{"type":"Point","coordinates":[-58.66537,-38.52808]}},{"type":"Feature","properties":{"power":"tower","osm":"node/3099879059","tension_kv":[132.0]},"geometry":{"type":"Point","coordinates":[-58.66722,-38.52962]}},{"type":"Feature","properties":{"power":"tower","osm":"node/3099879060","tension_kv":[132.0]},"geometry":{"type":"Point","coordinates":[-58.66928,-38.53126]}},{"type":"Feature","properties":{"power":"tower","osm":"node/3099879061","tension_kv":[132.0]},"geometry":{"type":"Point","coordinates":[-58.67131,-38.53298]}},{"type":"Feature","properties":{"power":"tower","osm":"node/3099879062","tension_kv":[132.0]},"geometry":{"type":"Point","coordinates":[-58.6734,-38.53457]}},{"type":"Feature","properties":{"power":"tower","osm":"node/3099879063","tension_kv":[132.0]},"geometry":{"type":"Point","coordinates":[-58.67544,-38.53622]}},{"type":"Feature","properties":{"power":"tower","osm":"node/3206664625","tension_kv":[132.0]},"geometry":{"type":"Point","coordinates":[-58.71136,-38.57801]}},{"type":"Feature","properties":{"power":"tower","osm":"node/3206664626","tension_kv":[132.0]},"geometry":{"type":"Point","coordinates":[-58.71204,-38.57908]}},{"type":"Feature","properties":{"power":"tower","osm":"node/3206664627","tension_kv":[132.0]},"geometry":{"type":"Point","coordinates":[-58.7116,-38.57863]}},{"type":"Feature","properties":{"power":"tower","osm":"node/3206664629","tension_kv":[132.0]},"geometry":{"type":"Point","coordinates":[-58.70415,-38.55808]}},{"type":"Feature","properties":{"power":"tower","osm":"node/3206664631","tension_kv":[132.0]},"geometry":{"type":"Point","coordinates":[-58.71143,-38.57819]}},{"type":"Feature","properties":{"power":"tower","osm":"node/3206664634","tension_kv":[132.0]},"geometry":{"type":"Point","coordinates":[-58.71179,-38.57914]}},{"type":"Feature","properties":{"power":"pole","osm":"node/3534523901","tension_kv":[33.0]},"geometry":{"type":"Point","coordinates":[-58.68761,-38.51136]}},{"type":"Feature","properties":{"power":"pole","osm":"node/3534523902","tension_kv":[33.0]},"geometry":{"type":"Point","coordinates":[-58.68677,-38.51208]}},{"type":"Feature","properties":{"power":"pole","osm":"node/3534523903","tension_kv":[33.0]},"geometry":{"type":"Point","coordinates":[-58.68591,-38.51281]}},{"type":"Feature","properties":{"power":"pole","osm":"node/3534523904","tension_kv":[33.0]},"geometry":{"type":"Point","coordinates":[-58.68495,-38.51359]}},{"type":"Feature","properties":{"power":"pole","osm":"node/3534523905","tension_kv":[33.0]},"geometry":{"type":"Point","coordinates":[-58.68499,-38.51467]}},{"type":"Feature","properties":{"power":"pole","osm":"node/3534523906","tension_kv":[33.0]},"geometry":{"type":"Point","coordinates":[-58.68501,-38.5157]}},{"type":"Feature","properties":{"power":"pole","osm":"node/3534523907","tension_kv":[33.0]},"geometry":{"type":"Point","coordinates":[-58.68505,-38.51673]}},{"type":"Feature","properties":{"power":"pole","osm":"node/3534523908","tension_kv":[33.0]},"geometry":{"type":"Point","coordinates":[-58.68508,-38.51775]}},{"type":"Feature","properties":{"power":"pole","osm":"node/3534523909","tension_kv":[33.0]},"geometry":{"type":"Point","coordinates":[-58.6851,-38.51879]}},{"type":"Feature","properties":{"power":"pole","osm":"node/3534523910","tension_kv":[33.0]},"geometry":{"type":"Point","coordinates":[-58.68515,-38.51981]}},{"type":"Feature","properties":{"power":"pole","osm":"node/3534523911","tension_kv":[33.0]},"geometry":{"type":"Point","coordinates":[-58.68516,-38.52086]}},{"type":"Feature","properties":{"power":"pole","osm":"node/3534523912","tension_kv":[33.0]},"geometry":{"type":"Point","coordinates":[-58.6852,-38.52189]}},{"type":"Feature","properties":{"power":"pole","osm":"node/3534523913","tension_kv":[33.0]},"geometry":{"type":"Point","coordinates":[-58.70593,-38.52282]}},{"type":"Feature","properties":{"power":"pole","osm":"node/3534523914","tension_kv":[33.0]},"geometry":{"type":"Point","coordinates":[-58.68522,-38.52294]}},{"type":"Feature","properties":{"power":"pole","osm":"node/3534523915","tension_kv":[33.0]},"geometry":{"type":"Point","coordinates":[-58.70508,-38.52321]}},{"type":"Feature","properties":{"power":"pole","osm":"node/3534523916","tension_kv":[33.0]},"geometry":{"type":"Point","coordinates":[-58.70658,-38.52335]}},{"type":"Feature","properties":{"power":"pole","osm":"node/3534523917","tension_kv":[33.0]},"geometry":{"type":"Point","coordinates":[-58.70375,-38.52376]}},{"type":"Feature","properties":{"power":"pole","osm":"node/3534523918","tension_kv":[33.0]},"geometry":{"type":"Point","coordinates":[-58.70723,-38.52388]}},{"type":"Feature","properties":{"power":"pole","osm":"node/3534523919","tension_kv":[33.0]},"geometry":{"type":"Point","coordinates":[-58.68527,-38.52398]}},{"type":"Feature","properties":{"power":"pole","osm":"node/3534523921","tension_kv":[33.0]},"geometry":{"type":"Point","coordinates":[-58.70794,-38.52445]}},{"type":"Feature","properties":{"power":"pole","osm":"node/3534523923","tension_kv":[33.0]},"geometry":{"type":"Point","coordinates":[-58.70861,-38.52498]}},{"type":"Feature","properties":{"power":"pole","osm":"node/3534523925","tension_kv":[33.0]},"geometry":{"type":"Point","coordinates":[-58.68529,-38.525]}},{"type":"Feature","properties":{"power":"pole","osm":"node/3534523926","tension_kv":[33.0]},"geometry":{"type":"Point","coordinates":[-58.70958,-38.52578]}},{"type":"Feature","properties":{"power":"pole","osm":"node/3534523927","tension_kv":[33.0]},"geometry":{"type":"Point","coordinates":[-58.68533,-38.52616]}},{"type":"Feature","properties":{"power":"pole","osm":"node/3534523928","tension_kv":[33.0]},"geometry":{"type":"Point","coordinates":[-58.71013,-38.52622]}},{"type":"Feature","properties":{"power":"pole","osm":"node/3534523930","tension_kv":[33.0]},"geometry":{"type":"Point","coordinates":[-58.71128,-38.52714]}},{"type":"Feature","properties":{"power":"pole","osm":"node/3534523931","tension_kv":[33.0]},"geometry":{"type":"Point","coordinates":[-58.68535,-38.52719]}},{"type":"Feature","properties":{"power":"pole","osm":"node/3534523932","tension_kv":[33.0]},"geometry":{"type":"Point","coordinates":[-58.71183,-38.5276]}},{"type":"Feature","properties":{"power":"pole","osm":"node/3534523934","tension_kv":[33.0]},"geometry":{"type":"Point","coordinates":[-58.76411,-38.52792]}},{"type":"Feature","properties":{"power":"pole","osm":"node/3534523935","tension_kv":[33.0]},"geometry":{"type":"Point","coordinates":[-58.71206,-38.52794]}},{"type":"Feature","properties":{"power":"pole","osm":"node/3534523936","tension_kv":[33.0]},"geometry":{"type":"Point","coordinates":[-58.71241,-38.52805]}},{"type":"Feature","properties":{"power":"pole","osm":"node/3534523937","tension_kv":[33.0]},"geometry":{"type":"Point","coordinates":[-58.68539,-38.52825]}},{"type":"Feature","properties":{"power":"pole","osm":"node/3534523938","tension_kv":[33.0]},"geometry":{"type":"Point","coordinates":[-58.71137,-38.52848]}},{"type":"Feature","properties":{"power":"pole","osm":"node/3534523939","tension_kv":[33.0]},"geometry":{"type":"Point","coordinates":[-58.76308,-38.52874]}},{"type":"Feature","properties":{"power":"pole","osm":"node/3534523940","tension_kv":[33.0]},"geometry":{"type":"Point","coordinates":[-58.71061,-38.52904]}},{"type":"Feature","properties":{"power":"pole","osm":"node/3534523941","tension_kv":[33.0]},"geometry":{"type":"Point","coordinates":[-58.68541,-38.52927]}},{"type":"Feature","properties":{"power":"pole","osm":"node/3534523942","tension_kv":[33.0]},"geometry":{"type":"Point","coordinates":[-58.76204,-38.52946]}},{"type":"Feature","properties":{"power":"pole","osm":"node/3534523943","tension_kv":[33.0]},"geometry":{"type":"Point","coordinates":[-58.70999,-38.52953]}},{"type":"Feature","properties":{"power":"pole","osm":"node/3534523944","tension_kv":[33.0]},"geometry":{"type":"Point","coordinates":[-58.76142,-38.53]}},{"type":"Feature","properties":{"power":"pole","osm":"node/3534523945","tension_kv":[33.0]},"geometry":{"type":"Point","coordinates":[-58.70936,-38.53001]}},{"type":"Feature","properties":{"power":"pole","osm":"node/3534523946","tension_kv":[33.0]},"geometry":{"type":"Point","coordinates":[-58.68544,-38.53033]}},{"type":"Feature","properties":{"power":"pole","osm":"node/3534523947","tension_kv":[33.0]},"geometry":{"type":"Point","coordinates":[-58.76077,-38.5305]}},{"type":"Feature","properties":{"power":"pole","osm":"node/3534523948","tension_kv":[33.0]},"geometry":{"type":"Point","coordinates":[-58.7087,-38.53051]}},{"type":"Feature","properties":{"power":"pole","osm":"node/3534523949","tension_kv":[33.0]},"geometry":{"type":"Point","coordinates":[-58.70814,-38.53095]}},{"type":"Feature","properties":{"power":"pole","osm":"node/3534523950","tension_kv":[33.0]},"geometry":{"type":"Point","coordinates":[-58.76004,-38.53101]}},{"type":"Feature","properties":{"power":"pole","osm":"node/3534523951","tension_kv":[33.0]},"geometry":{"type":"Point","coordinates":[-58.68547,-38.53138]}},{"type":"Feature","properties":{"power":"pole","osm":"node/3534523952","tension_kv":[33.0]},"geometry":{"type":"Point","coordinates":[-58.70753,-38.53142]}},{"type":"Feature","properties":{"power":"pole","osm":"node/3534523953","tension_kv":[33.0]},"geometry":{"type":"Point","coordinates":[-58.75932,-38.53155]}},{"type":"Feature","properties":{"power":"pole","osm":"node/3534523954","tension_kv":[33.0]},"geometry":{"type":"Point","coordinates":[-58.70683,-38.53195]}},{"type":"Feature","properties":{"power":"pole","osm":"node/3534523955","tension_kv":[33.0]},"geometry":{"type":"Point","coordinates":[-58.75865,-38.5321]}},{"type":"Feature","properties":{"power":"pole","osm":"node/3534523956","tension_kv":[33.0]},"geometry":{"type":"Point","coordinates":[-58.68551,-38.53243]}},{"type":"Feature","properties":{"power":"pole","osm":"node/3534523957","tension_kv":[33.0]},"geometry":{"type":"Point","coordinates":[-58.70615,-38.53246]}},{"type":"Feature","properties":{"power":"pole","osm":"node/3534523958","tension_kv":[33.0]},"geometry":{"type":"Point","coordinates":[-58.75794,-38.53265]}},{"type":"Feature","properties":{"power":"pole","osm":"node/3534523959","tension_kv":[33.0]},"geometry":{"type":"Point","coordinates":[-58.70572,-38.53279]}},{"type":"Feature","properties":{"power":"pole","osm":"node/3534523960","tension_kv":[33.0]},"geometry":{"type":"Point","coordinates":[-58.75727,-38.53313]}},{"type":"Feature","properties":{"power":"pole","osm":"node/3534523961","tension_kv":[33.0]},"geometry":{"type":"Point","coordinates":[-58.70507,-38.53328]}},{"type":"Feature","properties":{"power":"pole","osm":"node/3534523962","tension_kv":[33.0]},"geometry":{"type":"Point","coordinates":[-58.68552,-38.53348]}},{"type":"Feature","properties":{"power":"pole","osm":"node/3534523963","tension_kv":[33.0]},"geometry":{"type":"Point","coordinates":[-58.75666,-38.53363]}},{"type":"Feature","properties":{"power":"pole","osm":"node/3534523964","tension_kv":[33.0]},"geometry":{"type":"Point","coordinates":[-58.70445,-38.53378]}},{"type":"Feature","properties":{"power":"pole","osm":"node/3534523965","tension_kv":[33.0]},"geometry":{"type":"Point","coordinates":[-58.75595,-38.53418]}},{"type":"Feature","properties":{"power":"pole","osm":"node/3534523966","tension_kv":[33.0]},"geometry":{"type":"Point","coordinates":[-58.70379,-38.53426]}},{"type":"Feature","properties":{"power":"pole","osm":"node/3534523967","tension_kv":[33.0]},"geometry":{"type":"Point","coordinates":[-58.68557,-38.53456]}},{"type":"Feature","properties":{"power":"pole","osm":"node/3534523968","tension_kv":[33.0]},"geometry":{"type":"Point","coordinates":[-58.75542,-38.53458]}},{"type":"Feature","properties":{"power":"pole","osm":"node/3534523969","tension_kv":[33.0]},"geometry":{"type":"Point","coordinates":[-58.70315,-38.53475]}},{"type":"Feature","properties":{"power":"pole","osm":"node/3534523970","tension_kv":[33.0]},"geometry":{"type":"Point","coordinates":[-58.7549,-38.53501]}},{"type":"Feature","properties":{"power":"pole","osm":"node/3534523971","tension_kv":[33.0]},"geometry":{"type":"Point","coordinates":[-58.7025,-38.53525]}},{"type":"Feature","properties":{"power":"pole","osm":"node/3534523972","tension_kv":[33.0]},"geometry":{"type":"Point","coordinates":[-58.68648,-38.53528]}},{"type":"Feature","properties":{"power":"pole","osm":"node/3534523973","tension_kv":[33.0]},"geometry":{"type":"Point","coordinates":[-58.75414,-38.53557]}},{"type":"Feature","properties":{"power":"pole","osm":"node/3534523974","tension_kv":[33.0]},"geometry":{"type":"Point","coordinates":[-58.70188,-38.53574]}},{"type":"Feature","properties":{"power":"pole","osm":"node/3534523975","tension_kv":[33.0]},"geometry":{"type":"Point","coordinates":[-58.68738,-38.53602]}},{"type":"Feature","properties":{"power":"pole","osm":"node/3534523976","tension_kv":[33.0]},"geometry":{"type":"Point","coordinates":[-58.75335,-38.53616]}},{"type":"Feature","properties":{"power":"pole","osm":"node/3534523977","tension_kv":[33.0]},"geometry":{"type":"Point","coordinates":[-58.70124,-38.53623]}},{"type":"Feature","properties":{"power":"pole","osm":"node/3534523978","tension_kv":[33.0]},"geometry":{"type":"Point","coordinates":[-58.75266,-38.5367]}},{"type":"Feature","properties":{"power":"pole","osm":"node/3534523979","tension_kv":[33.0]},"geometry":{"type":"Point","coordinates":[-58.68829,-38.53674]}},{"type":"Feature","properties":{"power":"pole","osm":"node/3534523980","tension_kv":[33.0]},"geometry":{"type":"Point","coordinates":[-58.70047,-38.53681]}},{"type":"Feature","properties":{"power":"pole","osm":"node/3534523981","tension_kv":[33.0]},"geometry":{"type":"Point","coordinates":[-58.68878,-38.53723]}},{"type":"Feature","properties":{"power":"pole","osm":"node/3534523982","tension_kv":[33.0]},"geometry":{"type":"Point","coordinates":[-58.69985,-38.53729]}},{"type":"Feature","properties":{"power":"pole","osm":"node/3534523983","tension_kv":[33.0]},"geometry":{"type":"Point","coordinates":[-58.75191,-38.53728]}},{"type":"Feature","properties":{"power":"pole","osm":"node/3534523984","tension_kv":[33.0]},"geometry":{"type":"Point","coordinates":[-58.68947,-38.53777]}},{"type":"Feature","properties":{"power":"pole","osm":"node/3534523985","tension_kv":[33.0]},"geometry":{"type":"Point","coordinates":[-58.69917,-38.5378]}},{"type":"Feature","properties":{"power":"pole","osm":"node/3534523986","tension_kv":[33.0]},"geometry":{"type":"Point","coordinates":[-58.75123,-38.53782]}},{"type":"Feature","properties":{"power":"pole","osm":"node/3534523987","tension_kv":[33.0]},"geometry":{"type":"Point","coordinates":[-58.6987,-38.53815]}},{"type":"Feature","properties":{"power":"pole","osm":"node/3534523988","tension_kv":[33.0]},"geometry":{"type":"Point","coordinates":[-58.69007,-38.5382]}},{"type":"Feature","properties":{"power":"pole","osm":"node/3534523989","tension_kv":[33.0]},"geometry":{"type":"Point","coordinates":[-58.75058,-38.53831]}},{"type":"Feature","properties":{"power":"pole","osm":"node/3534523990","tension_kv":[33.0]},"geometry":{"type":"Point","coordinates":[-58.69818,-38.53854]}},{"type":"Feature","properties":{"power":"pole","osm":"node/3534523991","tension_kv":[33.0]},"geometry":{"type":"Point","coordinates":[-58.69076,-38.53873]}},{"type":"Feature","properties":{"power":"pole","osm":"node/3534523992","tension_kv":[33.0]},"geometry":{"type":"Point","coordinates":[-58.69818,-38.53881]}},{"type":"Feature","properties":{"power":"pole","osm":"node/3534525893","tension_kv":[33.0]},"geometry":{"type":"Point","coordinates":[-58.7499,-38.53883]}},{"type":"Feature","properties":{"power":"pole","osm":"node/3534525894","tension_kv":[33.0]},"geometry":{"type":"Point","coordinates":[-58.69877,-38.53928]}},{"type":"Feature","properties":{"power":"pole","osm":"node/3534525895","tension_kv":[33.0]},"geometry":{"type":"Point","coordinates":[-58.74922,-38.53935]}},{"type":"Feature","properties":{"power":"pole","osm":"node/3534525896","tension_kv":[33.0]},"geometry":{"type":"Point","coordinates":[-58.69178,-38.53956]}},{"type":"Feature","properties":{"power":"pole","osm":"node/3534525897","tension_kv":[33.0]},"geometry":{"type":"Point","coordinates":[-58.69925,-38.53967]}},{"type":"Feature","properties":{"power":"pole","osm":"node/3534525898","tension_kv":[33.0]},"geometry":{"type":"Point","coordinates":[-58.74855,-38.53985]}},{"type":"Feature","properties":{"power":"pole","osm":"node/3534525899","tension_kv":[33.0]},"geometry":{"type":"Point","coordinates":[-58.69971,-38.54005]}},{"type":"Feature","properties":{"power":"pole","osm":"node/3534525900","tension_kv":[33.0]},"geometry":{"type":"Point","coordinates":[-58.69262,-38.54023]}},{"type":"Feature","properties":{"power":"pole","osm":"node/3534525901","tension_kv":[33.0]},"geometry":{"type":"Point","coordinates":[-58.74801,-38.54028]}},{"type":"Feature","properties":{"power":"pole","osm":"node/3534525902","tension_kv":[33.0]},"geometry":{"type":"Point","coordinates":[-58.70016,-38.5404]}},{"type":"Feature","properties":{"power":"pole","osm":"node/3534525903","tension_kv":[33.0]},"geometry":{"type":"Point","coordinates":[-58.70066,-38.54079]}},{"type":"Feature","properties":{"power":"pole","osm":"node/3534525904","tension_kv":[33.0]},"geometry":{"type":"Point","coordinates":[-58.74737,-38.5408]}},{"type":"Feature","properties":{"power":"pole","osm":"node/3534525905","tension_kv":[33.0]},"geometry":{"type":"Point","coordinates":[-58.69351,-38.54098]}},{"type":"Feature","properties":{"power":"pole","osm":"node/3534525906","tension_kv":[33.0]},"geometry":{"type":"Point","coordinates":[-58.70111,-38.54117]}},{"type":"Feature","properties":{"power":"pole","osm":"node/3534525907","tension_kv":[33.0]},"geometry":{"type":"Point","coordinates":[-58.74673,-38.54129]}},{"type":"Feature","properties":{"power":"pole","osm":"node/3534525908","tension_kv":[33.0]},"geometry":{"type":"Point","coordinates":[-58.69415,-38.5415]}},{"type":"Feature","properties":{"power":"pole","osm":"node/3534525909","tension_kv":[33.0]},"geometry":{"type":"Point","coordinates":[-58.70162,-38.54157]}},{"type":"Feature","properties":{"power":"pole","osm":"node/3534525910","tension_kv":[33.0]},"geometry":{"type":"Point","coordinates":[-58.74606,-38.54178]}},{"type":"Feature","properties":{"power":"pole","osm":"node/3534525911","tension_kv":[33.0]},"geometry":{"type":"Point","coordinates":[-58.70206,-38.54194]}},{"type":"Feature","properties":{"power":"pole","osm":"node/3534525912","tension_kv":[33.0]},"geometry":{"type":"Point","coordinates":[-58.70245,-38.54225]}},{"type":"Feature","properties":{"power":"pole","osm":"node/3534525913","tension_kv":[33.0]},"geometry":{"type":"Point","coordinates":[-58.74543,-38.54227]}},{"type":"Feature","properties":{"power":"pole","osm":"node/3534525914","tension_kv":[33.0]},"geometry":{"type":"Point","coordinates":[-58.6951,-38.54229]}},{"type":"Feature","properties":{"power":"pole","osm":"node/3534525915","tension_kv":[33.0]},"geometry":{"type":"Point","coordinates":[-58.70317,-38.54255]}},{"type":"Feature","properties":{"power":"pole","osm":"node/3534525916","tension_kv":[33.0]},"geometry":{"type":"Point","coordinates":[-58.74478,-38.54278]}},{"type":"Feature","properties":{"power":"pole","osm":"node/3534525917","tension_kv":[33.0]},"geometry":{"type":"Point","coordinates":[-58.69598,-38.54299]}},{"type":"Feature","properties":{"power":"pole","osm":"node/3534525918","tension_kv":[33.0]},"geometry":{"type":"Point","coordinates":[-58.70316,-38.54306]}},{"type":"Feature","properties":{"power":"pole","osm":"node/3534525919","tension_kv":[33.0]},"geometry":{"type":"Point","coordinates":[-58.74414,-38.54326]}},{"type":"Feature","properties":{"power":"pole","osm":"node/3534525920","tension_kv":[33.0]},"geometry":{"type":"Point","coordinates":[-58.70315,-38.54356]}},{"type":"Feature","properties":{"power":"pole","osm":"node/3534525921","tension_kv":[33.0]},"geometry":{"type":"Point","coordinates":[-58.69692,-38.54374]}},{"type":"Feature","properties":{"power":"pole","osm":"node/3534525922","tension_kv":[33.0]},"geometry":{"type":"Point","coordinates":[-58.74348,-38.54377]}},{"type":"Feature","properties":{"power":"pole","osm":"node/3534525923","tension_kv":[33.0]},"geometry":{"type":"Point","coordinates":[-58.70315,-38.54407]}},{"type":"Feature","properties":{"power":"pole","osm":"node/3534525924","tension_kv":[33.0]},"geometry":{"type":"Point","coordinates":[-58.7428,-38.54429]}},{"type":"Feature","properties":{"power":"pole","osm":"node/3534525925","tension_kv":[33.0]},"geometry":{"type":"Point","coordinates":[-58.69785,-38.54443]}},{"type":"Feature","properties":{"power":"pole","osm":"node/3534525926","tension_kv":[33.0]},"geometry":{"type":"Point","coordinates":[-58.70314,-38.54458]}},{"type":"Feature","properties":{"power":"pole","osm":"node/3534525927","tension_kv":[33.0]},"geometry":{"type":"Point","coordinates":[-58.74214,-38.5448]}},{"type":"Feature","properties":{"power":"pole","osm":"node/3534525928","tension_kv":[33.0]},"geometry":{"type":"Point","coordinates":[-58.70313,-38.54508]}},{"type":"Feature","properties":{"power":"pole","osm":"node/3534525929","tension_kv":[33.0]},"geometry":{"type":"Point","coordinates":[-58.69867,-38.54512]}},{"type":"Feature","properties":{"power":"pole","osm":"node/3534525930","tension_kv":[33.0]},"geometry":{"type":"Point","coordinates":[-58.74149,-38.54529]}},{"type":"Feature","properties":{"power":"pole","osm":"node/3534525931","tension_kv":[33.0]},"geometry":{"type":"Point","coordinates":[-58.70313,-38.54558]}},{"type":"Feature","properties":{"power":"pole","osm":"node/3534525932","tension_kv":[33.0]},"geometry":{"type":"Point","coordinates":[-58.74089,-38.54576]}},{"type":"Feature","properties":{"power":"pole","osm":"node/3534525933","tension_kv":[33.0]},"geometry":{"type":"Point","coordinates":[-58.6995,-38.54577]}},{"type":"Feature","properties":{"power":"pole","osm":"node/3534525934","tension_kv":[33.0]},"geometry":{"type":"Point","coordinates":[-58.74023,-38.54627]}},{"type":"Feature","properties":{"power":"pole","osm":"node/3534525935","tension_kv":[33.0]},"geometry":{"type":"Point","coordinates":[-58.70044,-38.54654]}},{"type":"Feature","properties":{"power":"pole","osm":"node/3534525936","tension_kv":[33.0]},"geometry":{"type":"Point","coordinates":[-58.70311,-38.54658]}},{"type":"Feature","properties":{"power":"pole","osm":"node/3534525937","tension_kv":[33.0]},"geometry":{"type":"Point","coordinates":[-58.73959,-38.54675]}},{"type":"Feature","properties":{"power":"pole","osm":"node/3534525938","tension_kv":[33.0]},"geometry":{"type":"Point","coordinates":[-58.7031,-38.54709]}},{"type":"Feature","properties":{"power":"pole","osm":"node/3534525939","tension_kv":[33.0]},"geometry":{"type":"Point","coordinates":[-58.73891,-38.54727]}},{"type":"Feature","properties":{"power":"pole","osm":"node/3534525940","tension_kv":[33.0]},"geometry":{"type":"Point","coordinates":[-58.70137,-38.54729]}},{"type":"Feature","properties":{"power":"pole","osm":"node/3534525941","tension_kv":[33.0]},"geometry":{"type":"Point","coordinates":[-58.70309,-38.54759]}},{"type":"Feature","properties":{"power":"pole","osm":"node/3534525942","tension_kv":[33.0]},"geometry":{"type":"Point","coordinates":[-58.73828,-38.54775]}},{"type":"Feature","properties":{"power":"pole","osm":"node/3534525943","tension_kv":[33.0]},"geometry":{"type":"Point","coordinates":[-58.70308,-38.5481]}},{"type":"Feature","properties":{"power":"pole","osm":"node/3534525944","tension_kv":[33.0]},"geometry":{"type":"Point","coordinates":[-58.7023,-38.54808]}},{"type":"Feature","properties":{"power":"pole","osm":"node/3534525945","tension_kv":[33.0]},"geometry":{"type":"Point","coordinates":[-58.73765,-38.54824]}},{"type":"Feature","properties":{"power":"pole","osm":"node/3534525946","tension_kv":[33.0]},"geometry":{"type":"Point","coordinates":[-58.70307,-38.54856]}},{"type":"Feature","properties":{"power":"pole","osm":"node/3534525947","tension_kv":[33.0]},"geometry":{"type":"Point","coordinates":[-58.73703,-38.54871]}},{"type":"Feature","properties":{"power":"pole","osm":"node/3534525948","tension_kv":[33.0]},"geometry":{"type":"Point","coordinates":[-58.70326,-38.54884]}},{"type":"Feature","properties":{"power":"pole","osm":"node/3534525949","tension_kv":[33.0]},"geometry":{"type":"Point","coordinates":[-58.70306,-38.54912]}},{"type":"Feature","properties":{"power":"pole","osm":"node/3534525950","tension_kv":[33.0]},"geometry":{"type":"Point","coordinates":[-58.73643,-38.54919]}},{"type":"Feature","properties":{"power":"pole","osm":"node/3534525951","tension_kv":[33.0]},"geometry":{"type":"Point","coordinates":[-58.7359,-38.54958]}},{"type":"Feature","properties":{"power":"pole","osm":"node/3534525952","tension_kv":[33.0]},"geometry":{"type":"Point","coordinates":[-58.70306,-38.54964]}},{"type":"Feature","properties":{"power":"pole","osm":"node/3534525953","tension_kv":[33.0]},"geometry":{"type":"Point","coordinates":[-58.70449,-38.5498]}},{"type":"Feature","properties":{"power":"pole","osm":"node/3534525954","tension_kv":[33.0]},"geometry":{"type":"Point","coordinates":[-58.70476,-38.55004]}},{"type":"Feature","properties":{"power":"pole","osm":"node/3534525955","tension_kv":[33.0]},"geometry":{"type":"Point","coordinates":[-58.73531,-38.55006]}},{"type":"Feature","properties":{"power":"pole","osm":"node/3534525956","tension_kv":[33.0]},"geometry":{"type":"Point","coordinates":[-58.70304,-38.55019]}},{"type":"Feature","properties":{"power":"pole","osm":"node/3534525957","tension_kv":[33.0]},"geometry":{"type":"Point","coordinates":[-58.73463,-38.55052]}},{"type":"Feature","properties":{"power":"pole","osm":"node/3534525958","tension_kv":[33.0]},"geometry":{"type":"Point","coordinates":[-58.70304,-38.55064]}},{"type":"Feature","properties":{"power":"pole","osm":"node/3534525959","tension_kv":[33.0]},"geometry":{"type":"Point","coordinates":[-58.70566,-38.55076]}},{"type":"Feature","properties":{"power":"pole","osm":"node/3534525960","tension_kv":[33.0]},"geometry":{"type":"Point","coordinates":[-58.73399,-38.55084]}},{"type":"Feature","properties":{"power":"pole","osm":"node/3534525961","tension_kv":[33.0]},"geometry":{"type":"Point","coordinates":[-58.70303,-38.55114]}},{"type":"Feature","properties":{"power":"pole","osm":"node/3534525962","tension_kv":[33.0]},"geometry":{"type":"Point","coordinates":[-58.73346,-38.5513]}},{"type":"Feature","properties":{"power":"pole","osm":"node/3534525963","tension_kv":[33.0]},"geometry":{"type":"Point","coordinates":[-58.7067,-38.55159]}},{"type":"Feature","properties":{"power":"pole","osm":"node/3534525964","tension_kv":[33.0]},"geometry":{"type":"Point","coordinates":[-58.70302,-38.55168]}},{"type":"Feature","properties":{"power":"pole","osm":"node/3534525965","tension_kv":[33.0]},"geometry":{"type":"Point","coordinates":[-58.73283,-38.55176]}},{"type":"Feature","properties":{"power":"pole","osm":"node/3534525966","tension_kv":[33.0]},"geometry":{"type":"Point","coordinates":[-58.73223,-38.55224]}},{"type":"Feature","properties":{"power":"pole","osm":"node/3534525967","tension_kv":[33.0]},"geometry":{"type":"Point","coordinates":[-58.70753,-38.55227]}},{"type":"Feature","properties":{"power":"pole","osm":"node/3534525968","tension_kv":[33.0]},"geometry":{"type":"Point","coordinates":[-58.70301,-38.55267]}},{"type":"Feature","properties":{"power":"pole","osm":"node/3534525969","tension_kv":[33.0]},"geometry":{"type":"Point","coordinates":[-58.73154,-38.55277]}},{"type":"Feature","properties":{"power":"pole","osm":"node/3534525970","tension_kv":[33.0]},"geometry":{"type":"Point","coordinates":[-58.70849,-38.55304]}},{"type":"Feature","properties":{"power":"pole","osm":"node/3534525971","tension_kv":[33.0]},"geometry":{"type":"Point","coordinates":[-58.703,-38.55319]}},{"type":"Feature","properties":{"power":"pole","osm":"node/3534525972","tension_kv":[33.0]},"geometry":{"type":"Point","coordinates":[-58.73087,-38.55328]}},{"type":"Feature","properties":{"power":"pole","osm":"node/3534525973","tension_kv":[33.0]},"geometry":{"type":"Point","coordinates":[-58.70299,-38.55363]}},{"type":"Feature","properties":{"power":"pole","osm":"node/3534525974","tension_kv":[33.0]},"geometry":{"type":"Point","coordinates":[-58.73021,-38.55377]}},{"type":"Feature","properties":{"power":"pole","osm":"node/3534525975","tension_kv":[33.0]},"geometry":{"type":"Point","coordinates":[-58.70951,-38.55389]}},{"type":"Feature","properties":{"power":"pole","osm":"node/3534525976","tension_kv":[33.0]},"geometry":{"type":"Point","coordinates":[-58.70976,-38.55394]}},{"type":"Feature","properties":{"power":"pole","osm":"node/3534525977","tension_kv":[33.0]},"geometry":{"type":"Point","coordinates":[-58.70974,-38.55406]}},{"type":"Feature","properties":{"power":"pole","osm":"node/3534525978","tension_kv":[33.0]},"geometry":{"type":"Point","coordinates":[-58.70298,-38.55414]}},{"type":"Feature","properties":{"power":"pole","osm":"node/3534525979","tension_kv":[33.0]},"geometry":{"type":"Point","coordinates":[-58.72965,-38.5542]}},{"type":"Feature","properties":{"power":"pole","osm":"node/3534525980","tension_kv":[33.0]},"geometry":{"type":"Point","coordinates":[-58.70297,-38.55468]}},{"type":"Feature","properties":{"power":"pole","osm":"node/3534525981","tension_kv":[33.0]},"geometry":{"type":"Point","coordinates":[-58.72896,-38.55472]}},{"type":"Feature","properties":{"power":"pole","osm":"node/3534525982","tension_kv":[33.0]},"geometry":{"type":"Point","coordinates":[-58.70868,-38.55476]}},{"type":"Feature","properties":{"power":"pole","osm":"node/3534525983","tension_kv":[33.0]},"geometry":{"type":"Point","coordinates":[-58.71067,-38.5548]}},{"type":"Feature","properties":{"power":"pole","osm":"node/3534525984","tension_kv":[33.0]},"geometry":{"type":"Point","coordinates":[-58.70297,-38.55513]}},{"type":"Feature","properties":{"power":"pole","osm":"node/3534525985","tension_kv":[33.0]},"geometry":{"type":"Point","coordinates":[-58.72838,-38.55518]}},{"type":"Feature","properties":{"power":"pole","osm":"node/3534525986","tension_kv":[33.0]},"geometry":{"type":"Point","coordinates":[-58.71134,-38.55533]}},{"type":"Feature","properties":{"power":"pole","osm":"node/3534525987","tension_kv":[33.0]},"geometry":{"type":"Point","coordinates":[-58.70791,-38.55536]}},{"type":"Feature","properties":{"power":"pole","osm":"node/3534525988","tension_kv":[33.0]},"geometry":{"type":"Point","coordinates":[-58.70296,-38.55564]}},{"type":"Feature","properties":{"power":"pole","osm":"node/3534525989","tension_kv":[33.0]},"geometry":{"type":"Point","coordinates":[-58.72766,-38.55572]}},{"type":"Feature","properties":{"power":"pole","osm":"node/3534525990","tension_kv":[33.0]},"geometry":{"type":"Point","coordinates":[-58.71191,-38.55577]}},{"type":"Feature","properties":{"power":"pole","osm":"node/3534525991","tension_kv":[33.0]},"geometry":{"type":"Point","coordinates":[-58.70713,-38.55595]}},{"type":"Feature","properties":{"power":"pole","osm":"node/3534525992","tension_kv":[33.0]},"geometry":{"type":"Point","coordinates":[-58.70295,-38.55619]}},{"type":"Feature","properties":{"power":"pole","osm":"node/3534525993","tension_kv":[33.0]},"geometry":{"type":"Point","coordinates":[-58.72705,-38.55619]}},{"type":"Feature","properties":{"power":"pole","osm":"node/3534525994","tension_kv":[33.0]},"geometry":{"type":"Point","coordinates":[-58.71257,-38.55628]}},{"type":"Feature","properties":{"power":"pole","osm":"node/3534525995","tension_kv":[33.0]},"geometry":{"type":"Point","coordinates":[-58.70635,-38.55654]}},{"type":"Feature","properties":{"power":"pole","osm":"node/3534525996","tension_kv":[33.0]},"geometry":{"type":"Point","coordinates":[-58.70294,-38.55669]}},{"type":"Feature","properties":{"power":"pole","osm":"node/3534525997","tension_kv":[33.0]},"geometry":{"type":"Point","coordinates":[-58.72638,-38.55671]}},{"type":"Feature","properties":{"power":"pole","osm":"node/3534525998","tension_kv":[33.0]},"geometry":{"type":"Point","coordinates":[-58.71321,-38.55686]}},{"type":"Feature","properties":{"power":"pole","osm":"node/3534525999","tension_kv":[33.0]},"geometry":{"type":"Point","coordinates":[-58.70558,-38.55714]}},{"type":"Feature","properties":{"power":"pole","osm":"node/3534526000","tension_kv":[33.0]},"geometry":{"type":"Point","coordinates":[-58.72578,-38.55718]}},{"type":"Feature","properties":{"power":"pole","osm":"node/3534526001","tension_kv":[33.0]},"geometry":{"type":"Point","coordinates":[-58.70293,-38.5572]}},{"type":"Feature","properties":{"power":"pole","osm":"node/3534526002","tension_kv":[33.0]},"geometry":{"type":"Point","coordinates":[-58.71389,-38.55738]}},{"type":"Feature","properties":{"power":"pole","osm":"node/3534526003","tension_kv":[33.0]},"geometry":{"type":"Point","coordinates":[-58.72528,-38.55753]}},{"type":"Feature","properties":{"power":"pole","osm":"node/3534526004","tension_kv":[33.0]},"geometry":{"type":"Point","coordinates":[-58.70498,-38.55761]}},{"type":"Feature","properties":{"power":"pole","osm":"node/3534526005","tension_kv":[33.0]},"geometry":{"type":"Point","coordinates":[-58.70292,-38.55774]}},{"type":"Feature","properties":{"power":"pole","osm":"node/3534526006","tension_kv":[33.0]},"geometry":{"type":"Point","coordinates":[-58.7145,-38.55787]}},{"type":"Feature","properties":{"power":"pole","osm":"node/3534526007","tension_kv":[33.0]},"geometry":{"type":"Point","coordinates":[-58.72467,-38.558]}},{"type":"Feature","properties":{"power":"pole","osm":"node/3534526008","tension_kv":[33.0]},"geometry":{"type":"Point","coordinates":[-58.70429,-38.55811]}},{"type":"Feature","properties":{"power":"pole","osm":"node/3534526009","tension_kv":[33.0]},"geometry":{"type":"Point","coordinates":[-58.70296,-38.55833]}},{"type":"Feature","properties":{"power":"pole","osm":"node/3534526010","tension_kv":[33.0]},"geometry":{"type":"Point","coordinates":[-58.71512,-38.55837]}},{"type":"Feature","properties":{"power":"pole","osm":"node/3534526011","tension_kv":[33.0]},"geometry":{"type":"Point","coordinates":[-58.72417,-38.55843]}},{"type":"Feature","properties":{"power":"pole","osm":"node/3534526012","tension_kv":[33.0]},"geometry":{"type":"Point","coordinates":[-58.70295,-38.55884]}},{"type":"Feature","properties":{"power":"pole","osm":"node/3534526013","tension_kv":[33.0]},"geometry":{"type":"Point","coordinates":[-58.71574,-38.55887]}},{"type":"Feature","properties":{"power":"pole","osm":"node/3534526014","tension_kv":[33.0]},"geometry":{"type":"Point","coordinates":[-58.72413,-38.55908]}},{"type":"Feature","properties":{"power":"pole","osm":"node/3534526015","tension_kv":[33.0]},"geometry":{"type":"Point","coordinates":[-58.71806,-38.5592]}},{"type":"Feature","properties":{"power":"pole","osm":"node/3534526016","tension_kv":[33.0]},"geometry":{"type":"Point","coordinates":[-58.71827,-38.55925]}},{"type":"Feature","properties":{"power":"pole","osm":"node/3534526017","tension_kv":[33.0]},"geometry":{"type":"Point","coordinates":[-58.71633,-38.55934]}},{"type":"Feature","properties":{"power":"pole","osm":"node/3534526018","tension_kv":[33.0]},"geometry":{"type":"Point","coordinates":[-58.70293,-38.55937]}},{"type":"Feature","properties":{"power":"pole","osm":"node/3534526019","tension_kv":[33.0]},"geometry":{"type":"Point","coordinates":[-58.71775,-38.55964]}},{"type":"Feature","properties":{"power":"pole","osm":"node/3534526020","tension_kv":[33.0]},"geometry":{"type":"Point","coordinates":[-58.71867,-38.55967]}},{"type":"Feature","properties":{"power":"pole","osm":"node/3534526021","tension_kv":[33.0]},"geometry":{"type":"Point","coordinates":[-58.72407,-38.55967]}},{"type":"Feature","properties":{"power":"pole","osm":"node/3534526022","tension_kv":[33.0]},"geometry":{"type":"Point","coordinates":[-58.71702,-38.5599]}},{"type":"Feature","properties":{"power":"pole","osm":"node/3534526023","tension_kv":[33.0]},"geometry":{"type":"Point","coordinates":[-58.7173,-38.55998]}},{"type":"Feature","properties":{"power":"pole","osm":"node/3534526024","tension_kv":[33.0]},"geometry":{"type":"Point","coordinates":[-58.70292,-38.56006]}},{"type":"Feature","properties":{"power":"pole","osm":"node/3534526025","tension_kv":[33.0]},"geometry":{"type":"Point","coordinates":[-58.72407,-38.56028]}},{"type":"Feature","properties":{"power":"pole","osm":"node/3534526026","tension_kv":[33.0]},"geometry":{"type":"Point","coordinates":[-58.71952,-38.56036]}},{"type":"Feature","properties":{"power":"pole","osm":"node/3534526027","tension_kv":[33.0]},"geometry":{"type":"Point","coordinates":[-58.70289,-38.56079]}},{"type":"Feature","properties":{"power":"pole","osm":"node/3534526028","tension_kv":[33.0]},"geometry":{"type":"Point","coordinates":[-58.72403,-38.56091]}},{"type":"Feature","properties":{"power":"pole","osm":"node/3534526029","tension_kv":[33.0]},"geometry":{"type":"Point","coordinates":[-58.70289,-38.56154]}},{"type":"Feature","properties":{"power":"pole","osm":"node/3534526030","tension_kv":[33.0]},"geometry":{"type":"Point","coordinates":[-58.72395,-38.56174]}},{"type":"Feature","properties":{"power":"pole","osm":"node/3534526031","tension_kv":[33.0]},"geometry":{"type":"Point","coordinates":[-58.72171,-38.5619]}},{"type":"Feature","properties":{"power":"pole","osm":"node/3534526032","tension_kv":[33.0]},"geometry":{"type":"Point","coordinates":[-58.70285,-38.56225]}},{"type":"Feature","properties":{"power":"pole","osm":"node/3534526033","tension_kv":[33.0]},"geometry":{"type":"Point","coordinates":[-58.72389,-38.56225]}},{"type":"Feature","properties":{"power":"pole","osm":"node/3534526034","tension_kv":[33.0]},"geometry":{"type":"Point","coordinates":[-58.72377,-38.56275]}},{"type":"Feature","properties":{"power":"pole","osm":"node/3534526035","tension_kv":[33.0]},"geometry":{"type":"Point","coordinates":[-58.72311,-38.56283]}},{"type":"Feature","properties":{"power":"pole","osm":"node/3534526036","tension_kv":[33.0]},"geometry":{"type":"Point","coordinates":[-58.70285,-38.56305]}},{"type":"Feature","properties":{"power":"pole","osm":"node/3534526037","tension_kv":[33.0]},"geometry":{"type":"Point","coordinates":[-58.72366,-38.56321]}},{"type":"Feature","properties":{"power":"pole","osm":"node/3534526038","tension_kv":[33.0]},"geometry":{"type":"Point","coordinates":[-58.70286,-38.56379]}},{"type":"Feature","properties":{"power":"pole","osm":"node/3534526039","tension_kv":[33.0]},"geometry":{"type":"Point","coordinates":[-58.70284,-38.56437]}},{"type":"Feature","properties":{"power":"pole","osm":"node/3534526040","tension_kv":[33.0]},"geometry":{"type":"Point","coordinates":[-58.70283,-38.56525]}},{"type":"Feature","properties":{"power":"pole","osm":"node/3534526041","tension_kv":[33.0]},"geometry":{"type":"Point","coordinates":[-58.70281,-38.56599]}},{"type":"Feature","properties":{"power":"pole","osm":"node/3534526042","tension_kv":[33.0]},"geometry":{"type":"Point","coordinates":[-58.70279,-38.56686]}},{"type":"Feature","properties":{"power":"pole","osm":"node/3534526043","tension_kv":[33.0]},"geometry":{"type":"Point","coordinates":[-58.7029,-38.56719]}},{"type":"Feature","properties":{"power":"pole","osm":"node/3534526044","tension_kv":[33.0]},"geometry":{"type":"Point","coordinates":[-58.70357,-38.56773]}},{"type":"Feature","properties":{"power":"pole","osm":"node/3534526045","tension_kv":[33.0]},"geometry":{"type":"Point","coordinates":[-58.70419,-38.56821]}},{"type":"Feature","properties":{"power":"pole","osm":"node/3534526046","tension_kv":[33.0]},"geometry":{"type":"Point","coordinates":[-58.70483,-38.56872]}},{"type":"Feature","properties":{"power":"pole","osm":"node/3534526047","tension_kv":[33.0]},"geometry":{"type":"Point","coordinates":[-58.70543,-38.56922]}},{"type":"Feature","properties":{"power":"pole","osm":"node/3534526048","tension_kv":[33.0]},"geometry":{"type":"Point","coordinates":[-58.70604,-38.56972]}},{"type":"Feature","properties":{"power":"pole","osm":"node/3534526049","tension_kv":[33.0]},"geometry":{"type":"Point","coordinates":[-58.70669,-38.57023]}},{"type":"Feature","properties":{"power":"pole","osm":"node/3534526050","tension_kv":[33.0]},"geometry":{"type":"Point","coordinates":[-58.7073,-38.57075]}},{"type":"Feature","properties":{"power":"pole","osm":"node/3534526051","tension_kv":[33.0]},"geometry":{"type":"Point","coordinates":[-58.70787,-38.5712]}},{"type":"Feature","properties":{"power":"pole","osm":"node/3534526052","tension_kv":[33.0]},"geometry":{"type":"Point","coordinates":[-58.70838,-38.57158]}},{"type":"Feature","properties":{"power":"pole","osm":"node/3534526053","tension_kv":[33.0]},"geometry":{"type":"Point","coordinates":[-58.70879,-38.57193]}},{"type":"Feature","properties":{"power":"pole","osm":"node/3534526054","tension_kv":[33.0]},"geometry":{"type":"Point","coordinates":[-58.70913,-38.57193]}},{"type":"Feature","properties":{"power":"pole","osm":"node/3534526055","tension_kv":[33.0]},"geometry":{"type":"Point","coordinates":[-58.70965,-38.57155]}},{"type":"Feature","properties":{"power":"pole","osm":"node/4311818225","tension_kv":[33.0]},"geometry":{"type":"Point","coordinates":[-59.19852,-38.29232]}},{"type":"Feature","properties":{"power":"pole","osm":"node/4311818226","tension_kv":[33.0]},"geometry":{"type":"Point","coordinates":[-59.19783,-38.29244]}},{"type":"Feature","properties":{"power":"pole","osm":"node/4311818228","tension_kv":[33.0]},"geometry":{"type":"Point","coordinates":[-59.19831,-38.29259]}},{"type":"Feature","properties":{"power":"pole","osm":"node/4311818231","tension_kv":[33.0]},"geometry":{"type":"Point","coordinates":[-59.31524,-38.29359]}},{"type":"Feature","properties":{"power":"pole","osm":"node/4311818232","tension_kv":[33.0]},"geometry":{"type":"Point","coordinates":[-59.24356,-38.29504]}},{"type":"Feature","properties":{"power":"pole","osm":"node/4311818233","tension_kv":[33.0]},"geometry":{"type":"Point","coordinates":[-59.20896,-38.29551]}},{"type":"Feature","properties":{"power":"pole","osm":"node/4311818234","tension_kv":[33.0]},"geometry":{"type":"Point","coordinates":[-59.28991,-38.29592]}},{"type":"Feature","properties":{"power":"pole","osm":"node/4311818235","tension_kv":[33.0]},"geometry":{"type":"Point","coordinates":[-59.23,-38.29753]}},{"type":"Feature","properties":{"power":"pole","osm":"node/4311818236","tension_kv":[33.0]},"geometry":{"type":"Point","coordinates":[-59.33485,-38.30041]}},{"type":"Feature","properties":{"power":"pole","osm":"node/4311818239","tension_kv":[33.0]},"geometry":{"type":"Point","coordinates":[-59.18768,-38.31439]}},{"type":"Feature","properties":{"power":"pole","osm":"node/4311818242","tension_kv":[33.0]},"geometry":{"type":"Point","coordinates":[-59.18354,-38.32427]}},{"type":"Feature","properties":{"power":"pole","osm":"node/4311818243","tension_kv":[33.0]},"geometry":{"type":"Point","coordinates":[-59.18272,-38.32525]}},{"type":"Feature","properties":{"power":"pole","osm":"node/4311818245","tension_kv":[33.0]},"geometry":{"type":"Point","coordinates":[-59.17494,-38.33739]}},{"type":"Feature","properties":{"power":"pole","osm":"node/4311818256","tension_kv":[33.0]},"geometry":{"type":"Point","coordinates":[-59.16267,-38.3474]}},{"type":"Feature","properties":{"power":"pole","osm":"node/4311818257","tension_kv":[33.0]},"geometry":{"type":"Point","coordinates":[-59.15026,-38.36414]}},{"type":"Feature","properties":{"power":"pole","osm":"node/4311818258","tension_kv":[33.0]},"geometry":{"type":"Point","coordinates":[-59.1443,-38.37177]}},{"type":"Feature","properties":{"power":"pole","osm":"node/4311818259","tension_kv":[33.0]},"geometry":{"type":"Point","coordinates":[-59.14083,-38.37629]}},{"type":"Feature","properties":{"power":"pole","osm":"node/4311818260","tension_kv":[33.0]},"geometry":{"type":"Point","coordinates":[-59.12827,-38.38198]}},{"type":"Feature","properties":{"power":"pole","osm":"node/4311818261","tension_kv":[33.0]},"geometry":{"type":"Point","coordinates":[-59.12401,-38.38822]}},{"type":"Feature","properties":{"power":"pole","osm":"node/4311818264","tension_kv":[33.0]},"geometry":{"type":"Point","coordinates":[-59.0552,-38.44232]}},{"type":"Feature","properties":{"power":"pole","osm":"node/4311818265","tension_kv":[33.0]},"geometry":{"type":"Point","coordinates":[-59.05393,-38.4431]}},{"type":"Feature","properties":{"power":"pole","osm":"node/4311818266","tension_kv":[33.0]},"geometry":{"type":"Point","coordinates":[-59.05247,-38.44354]}},{"type":"Feature","properties":{"power":"pole","osm":"node/4311818267","tension_kv":[33.0]},"geometry":{"type":"Point","coordinates":[-59.02942,-38.44788]}},{"type":"Feature","properties":{"power":"pole","osm":"node/4311818268","tension_kv":[33.0]},"geometry":{"type":"Point","coordinates":[-59.00186,-38.44966]}},{"type":"Feature","properties":{"power":"pole","osm":"node/4311818271","tension_kv":[33.0]},"geometry":{"type":"Point","coordinates":[-58.87296,-38.49837]}},{"type":"Feature","properties":{"power":"pole","osm":"node/4311818272","tension_kv":[33.0]},"geometry":{"type":"Point","coordinates":[-58.86473,-38.5045]}},{"type":"Feature","properties":{"power":"pole","osm":"node/4311818273","tension_kv":[33.0]},"geometry":{"type":"Point","coordinates":[-58.84663,-38.50724]}},{"type":"Feature","properties":{"power":"pole","osm":"node/4311818274","tension_kv":[33.0]},"geometry":{"type":"Point","coordinates":[-58.81929,-38.51935]}},{"type":"Feature","properties":{"power":"pole","osm":"node/4311818275","tension_kv":[33.0]},"geometry":{"type":"Point","coordinates":[-58.80399,-38.52237]}},{"type":"Feature","properties":{"power":"pole","osm":"node/4311818276","tension_kv":[33.0]},"geometry":{"type":"Point","coordinates":[-58.76635,-38.52622]}},{"type":"Feature","properties":{"power":"pole","osm":"node/5894438448","tension_kv":[33.0]},"geometry":{"type":"Point","coordinates":[-58.93888,-38.47287]}},{"type":"Feature","properties":{"power":"pole","osm":"node/5894438449","tension_kv":[33.0]},"geometry":{"type":"Point","coordinates":[-58.95721,-38.46588]}},{"type":"Feature","properties":{"power":"pole","osm":"node/5894438450","tension_kv":[33.0]},"geometry":{"type":"Point","coordinates":[-58.94798,-38.46931]}},{"type":"Feature","properties":{"power":"pole","osm":"node/6269399892","tension_kv":[33.0]},"geometry":{"type":"Point","coordinates":[-59.34877,-38.29574]}},{"type":"Feature","properties":{"power":"pole","osm":"node/6269399893","tension_kv":[33.0]},"geometry":{"type":"Point","coordinates":[-59.34729,-38.29624]}},{"type":"Feature","properties":{"power":"pole","osm":"node/6269399894","tension_kv":[33.0]},"geometry":{"type":"Point","coordinates":[-59.34566,-38.29678]}},{"type":"Feature","properties":{"power":"pole","osm":"node/6269399895","tension_kv":[33.0]},"geometry":{"type":"Point","coordinates":[-59.34406,-38.29732]}},{"type":"Feature","properties":{"power":"pole","osm":"node/6269399896","tension_kv":[33.0]},"geometry":{"type":"Point","coordinates":[-59.3425,-38.29784]}},{"type":"Feature","properties":{"power":"pole","osm":"node/6269399897","tension_kv":[33.0]},"geometry":{"type":"Point","coordinates":[-59.341,-38.29834]}},{"type":"Feature","properties":{"power":"pole","osm":"node/6269399898","tension_kv":[33.0]},"geometry":{"type":"Point","coordinates":[-59.33943,-38.29887]}},{"type":"Feature","properties":{"power":"pole","osm":"node/6269399899","tension_kv":[33.0]},"geometry":{"type":"Point","coordinates":[-59.33787,-38.29939]}},{"type":"Feature","properties":{"power":"pole","osm":"node/6269399900","tension_kv":[33.0]},"geometry":{"type":"Point","coordinates":[-59.33636,-38.2999]}},{"type":"Feature","properties":{"power":"pole","osm":"node/6269399901","tension_kv":[33.0]},"geometry":{"type":"Point","coordinates":[-59.33333,-38.29988]}},{"type":"Feature","properties":{"power":"pole","osm":"node/6269399902","tension_kv":[33.0]},"geometry":{"type":"Point","coordinates":[-59.33179,-38.29934]}},{"type":"Feature","properties":{"power":"pole","osm":"node/6269399903","tension_kv":[33.0]},"geometry":{"type":"Point","coordinates":[-59.33024,-38.2988]}},{"type":"Feature","properties":{"power":"pole","osm":"node/6269399904","tension_kv":[33.0]},"geometry":{"type":"Point","coordinates":[-59.32875,-38.29828]}},{"type":"Feature","properties":{"power":"pole","osm":"node/6269399905","tension_kv":[33.0]},"geometry":{"type":"Point","coordinates":[-59.32727,-38.29776]}},{"type":"Feature","properties":{"power":"pole","osm":"node/6269399906","tension_kv":[33.0]},"geometry":{"type":"Point","coordinates":[-59.32575,-38.29724]}},{"type":"Feature","properties":{"power":"pole","osm":"node/6269399907","tension_kv":[33.0]},"geometry":{"type":"Point","coordinates":[-59.32419,-38.29669]}},{"type":"Feature","properties":{"power":"pole","osm":"node/6269399908","tension_kv":[33.0]},"geometry":{"type":"Point","coordinates":[-59.32271,-38.29618]}},{"type":"Feature","properties":{"power":"pole","osm":"node/6269399909","tension_kv":[33.0]},"geometry":{"type":"Point","coordinates":[-59.32121,-38.29565]}},{"type":"Feature","properties":{"power":"pole","osm":"node/6269399910","tension_kv":[33.0]},"geometry":{"type":"Point","coordinates":[-59.31966,-38.29512]}},{"type":"Feature","properties":{"power":"pole","osm":"node/6269399911","tension_kv":[33.0]},"geometry":{"type":"Point","coordinates":[-59.31816,-38.2946]}},{"type":"Feature","properties":{"power":"pole","osm":"node/6269399912","tension_kv":[33.0]},"geometry":{"type":"Point","coordinates":[-59.31675,-38.29411]}},{"type":"Feature","properties":{"power":"pole","osm":"node/6269399913","tension_kv":[33.0]},"geometry":{"type":"Point","coordinates":[-59.31356,-38.29374]}},{"type":"Feature","properties":{"power":"pole","osm":"node/6269399914","tension_kv":[33.0]},"geometry":{"type":"Point","coordinates":[-59.31191,-38.29389]}},{"type":"Feature","properties":{"power":"pole","osm":"node/6269399915","tension_kv":[33.0]},"geometry":{"type":"Point","coordinates":[-59.31023,-38.29405]}},{"type":"Feature","properties":{"power":"pole","osm":"node/6269399916","tension_kv":[33.0]},"geometry":{"type":"Point","coordinates":[-59.30855,-38.2942]}},{"type":"Feature","properties":{"power":"pole","osm":"node/6269399917","tension_kv":[33.0]},"geometry":{"type":"Point","coordinates":[-59.30685,-38.29436]}},{"type":"Feature","properties":{"power":"pole","osm":"node/6269399918","tension_kv":[33.0]},"geometry":{"type":"Point","coordinates":[-59.30517,-38.29451]}},{"type":"Feature","properties":{"power":"pole","osm":"node/6269399919","tension_kv":[33.0]},"geometry":{"type":"Point","coordinates":[-59.30349,-38.29467]}},{"type":"Feature","properties":{"power":"pole","osm":"node/6269399920","tension_kv":[33.0]},"geometry":{"type":"Point","coordinates":[-59.30176,-38.29483]}},{"type":"Feature","properties":{"power":"pole","osm":"node/6269399921","tension_kv":[33.0]},"geometry":{"type":"Point","coordinates":[-59.30006,-38.29498]}},{"type":"Feature","properties":{"power":"pole","osm":"node/6269399922","tension_kv":[33.0]},"geometry":{"type":"Point","coordinates":[-59.29834,-38.29514]}},{"type":"Feature","properties":{"power":"pole","osm":"node/6269399923","tension_kv":[33.0]},"geometry":{"type":"Point","coordinates":[-59.29667,-38.2953]}},{"type":"Feature","properties":{"power":"pole","osm":"node/6269399924","tension_kv":[33.0]},"geometry":{"type":"Point","coordinates":[-59.29493,-38.29546]}},{"type":"Feature","properties":{"power":"pole","osm":"node/6269399925","tension_kv":[33.0]},"geometry":{"type":"Point","coordinates":[-59.29327,-38.29561]}},{"type":"Feature","properties":{"power":"pole","osm":"node/6269399926","tension_kv":[33.0]},"geometry":{"type":"Point","coordinates":[-59.2915,-38.29577]}},{"type":"Feature","properties":{"power":"pole","osm":"node/6269399927","tension_kv":[33.0]},"geometry":{"type":"Point","coordinates":[-59.28813,-38.29588]}},{"type":"Feature","properties":{"power":"pole","osm":"node/6269399928","tension_kv":[33.0]},"geometry":{"type":"Point","coordinates":[-59.28638,-38.29585]}},{"type":"Feature","properties":{"power":"pole","osm":"node/6269399929","tension_kv":[33.0]},"geometry":{"type":"Point","coordinates":[-59.28471,-38.29582]}},{"type":"Feature","properties":{"power":"pole","osm":"node/6269399942","tension_kv":[33.0]},"geometry":{"type":"Point","coordinates":[-59.28296,-38.29579]}},{"type":"Feature","properties":{"power":"pole","osm":"node/6269399943","tension_kv":[33.0]},"geometry":{"type":"Point","coordinates":[-59.28124,-38.29575]}},{"type":"Feature","properties":{"power":"pole","osm":"node/6269399944","tension_kv":[33.0]},"geometry":{"type":"Point","coordinates":[-59.27967,-38.29572]}},{"type":"Feature","properties":{"power":"pole","osm":"node/6269399945","tension_kv":[33.0]},"geometry":{"type":"Point","coordinates":[-59.27794,-38.29569]}},{"type":"Feature","properties":{"power":"pole","osm":"node/6269399946","tension_kv":[33.0]},"geometry":{"type":"Point","coordinates":[-59.27626,-38.29566]}},{"type":"Feature","properties":{"power":"pole","osm":"node/6269399947","tension_kv":[33.0]},"geometry":{"type":"Point","coordinates":[-59.27452,-38.29563]}},{"type":"Feature","properties":{"power":"pole","osm":"node/6269399948","tension_kv":[33.0]},"geometry":{"type":"Point","coordinates":[-59.27278,-38.29559]}},{"type":"Feature","properties":{"power":"pole","osm":"node/6269399949","tension_kv":[33.0]},"geometry":{"type":"Point","coordinates":[-59.27108,-38.29556]}},{"type":"Feature","properties":{"power":"pole","osm":"node/6269399950","tension_kv":[33.0]},"geometry":{"type":"Point","coordinates":[-59.26936,-38.29553]}},{"type":"Feature","properties":{"power":"pole","osm":"node/6269399951","tension_kv":[33.0]},"geometry":{"type":"Point","coordinates":[-59.26763,-38.29549]}},{"type":"Feature","properties":{"power":"pole","osm":"node/6269399952","tension_kv":[33.0]},"geometry":{"type":"Point","coordinates":[-59.26596,-38.29546]}},{"type":"Feature","properties":{"power":"pole","osm":"node/6269399953","tension_kv":[33.0]},"geometry":{"type":"Point","coordinates":[-59.26428,-38.29543]}},{"type":"Feature","properties":{"power":"pole","osm":"node/6269399954","tension_kv":[33.0]},"geometry":{"type":"Point","coordinates":[-59.26259,-38.2954]}},{"type":"Feature","properties":{"power":"pole","osm":"node/6269399955","tension_kv":[33.0]},"geometry":{"type":"Point","coordinates":[-59.26087,-38.29537]}},{"type":"Feature","properties":{"power":"pole","osm":"node/6269399956","tension_kv":[33.0]},"geometry":{"type":"Point","coordinates":[-59.25911,-38.29533]}},{"type":"Feature","properties":{"power":"pole","osm":"node/6269399957","tension_kv":[33.0]},"geometry":{"type":"Point","coordinates":[-59.25719,-38.2953]}},{"type":"Feature","properties":{"power":"pole","osm":"node/6269399967","tension_kv":[33.0]},"geometry":{"type":"Point","coordinates":[-59.25551,-38.29526]}},{"type":"Feature","properties":{"power":"pole","osm":"node/6269399968","tension_kv":[33.0]},"geometry":{"type":"Point","coordinates":[-59.25383,-38.29523]}},{"type":"Feature","properties":{"power":"pole","osm":"node/6269399969","tension_kv":[33.0]},"geometry":{"type":"Point","coordinates":[-59.25205,-38.2952]}},{"type":"Feature","properties":{"power":"pole","osm":"node/6269399970","tension_kv":[33.0]},"geometry":{"type":"Point","coordinates":[-59.2504,-38.29517]}},{"type":"Feature","properties":{"power":"pole","osm":"node/6269399971","tension_kv":[33.0]},"geometry":{"type":"Point","coordinates":[-59.24875,-38.29514]}},{"type":"Feature","properties":{"power":"pole","osm":"node/6269399972","tension_kv":[33.0]},"geometry":{"type":"Point","coordinates":[-59.24695,-38.2951]}},{"type":"Feature","properties":{"power":"pole","osm":"node/6269399973","tension_kv":[33.0]},"geometry":{"type":"Point","coordinates":[-59.24526,-38.29507]}},{"type":"Feature","properties":{"power":"pole","osm":"node/6269399974","tension_kv":[33.0]},"geometry":{"type":"Point","coordinates":[-59.24182,-38.29536]}},{"type":"Feature","properties":{"power":"pole","osm":"node/6269399975","tension_kv":[33.0]},"geometry":{"type":"Point","coordinates":[-59.24008,-38.29568]}},{"type":"Feature","properties":{"power":"pole","osm":"node/6269399976","tension_kv":[33.0]},"geometry":{"type":"Point","coordinates":[-59.2385,-38.29597]}},{"type":"Feature","properties":{"power":"pole","osm":"node/6269399977","tension_kv":[33.0]},"geometry":{"type":"Point","coordinates":[-59.23675,-38.29629]}},{"type":"Feature","properties":{"power":"pole","osm":"node/6269399978","tension_kv":[33.0]},"geometry":{"type":"Point","coordinates":[-59.23504,-38.29661]}},{"type":"Feature","properties":{"power":"pole","osm":"node/6269399979","tension_kv":[33.0]},"geometry":{"type":"Point","coordinates":[-59.23335,-38.29692]}},{"type":"Feature","properties":{"power":"pole","osm":"node/6269399980","tension_kv":[33.0]},"geometry":{"type":"Point","coordinates":[-59.23167,-38.29723]}},{"type":"Feature","properties":{"power":"pole","osm":"node/6269399981","tension_kv":[33.0]},"geometry":{"type":"Point","coordinates":[-59.2285,-38.29739]}},{"type":"Feature","properties":{"power":"pole","osm":"node/6269399983","tension_kv":[33.0]},"geometry":{"type":"Point","coordinates":[-59.22688,-38.29723]}},{"type":"Feature","properties":{"power":"pole","osm":"node/6269399984","tension_kv":[33.0]},"geometry":{"type":"Point","coordinates":[-59.22527,-38.29708]}},{"type":"Feature","properties":{"power":"pole","osm":"node/6269399985","tension_kv":[33.0]},"geometry":{"type":"Point","coordinates":[-59.2237,-38.29693]}},{"type":"Feature","properties":{"power":"pole","osm":"node/6269399986","tension_kv":[33.0]},"geometry":{"type":"Point","coordinates":[-59.22208,-38.29677]}},{"type":"Feature","properties":{"power":"pole","osm":"node/6269399987","tension_kv":[33.0]},"geometry":{"type":"Point","coordinates":[-59.22048,-38.29662]}},{"type":"Feature","properties":{"power":"pole","osm":"node/6269399988","tension_kv":[33.0]},"geometry":{"type":"Point","coordinates":[-59.2189,-38.29647]}},{"type":"Feature","properties":{"power":"pole","osm":"node/6269399989","tension_kv":[33.0]},"geometry":{"type":"Point","coordinates":[-59.21718,-38.2963]}},{"type":"Feature","properties":{"power":"pole","osm":"node/6269399990","tension_kv":[33.0]},"geometry":{"type":"Point","coordinates":[-59.21054,-38.29566]}},{"type":"Feature","properties":{"power":"pole","osm":"node/6269399991","tension_kv":[33.0]},"geometry":{"type":"Point","coordinates":[-59.21553,-38.29614]}},{"type":"Feature","properties":{"power":"pole","osm":"node/6269399992","tension_kv":[33.0]},"geometry":{"type":"Point","coordinates":[-59.21217,-38.29582]}},{"type":"Feature","properties":{"power":"pole","osm":"node/6269399993","tension_kv":[33.0]},"geometry":{"type":"Point","coordinates":[-59.21385,-38.29598]}},{"type":"Feature","properties":{"power":"pole","osm":"node/6269399998","tension_kv":[33.0]},"geometry":{"type":"Point","coordinates":[-59.20012,-38.29281]}},{"type":"Feature","properties":{"power":"pole","osm":"node/6269399999","tension_kv":[33.0]},"geometry":{"type":"Point","coordinates":[-59.20334,-38.29379]}},{"type":"Feature","properties":{"power":"pole","osm":"node/6269400000","tension_kv":[33.0]},"geometry":{"type":"Point","coordinates":[-59.20185,-38.29334]}},{"type":"Feature","properties":{"power":"pole","osm":"node/6269400001","tension_kv":[33.0]},"geometry":{"type":"Point","coordinates":[-59.20481,-38.29425]}},{"type":"Feature","properties":{"power":"pole","osm":"node/6269400002","tension_kv":[33.0]},"geometry":{"type":"Point","coordinates":[-59.20627,-38.29469]}},{"type":"Feature","properties":{"power":"pole","osm":"node/6269400003","tension_kv":[33.0]},"geometry":{"type":"Point","coordinates":[-59.20762,-38.2951]}},{"type":"Feature","properties":{"power":"pole","osm":"node/6269400004","tension_kv":[33.0]},"geometry":{"type":"Point","coordinates":[-59.19777,-38.29366]}},{"type":"Feature","properties":{"power":"pole","osm":"node/6269400005","tension_kv":[33.0]},"geometry":{"type":"Point","coordinates":[-59.19726,-38.29472]}},{"type":"Feature","properties":{"power":"pole","osm":"node/6269400006","tension_kv":[33.0]},"geometry":{"type":"Point","coordinates":[-59.19672,-38.29582]}},{"type":"Feature","properties":{"power":"pole","osm":"node/6269400007","tension_kv":[33.0]},"geometry":{"type":"Point","coordinates":[-59.19613,-38.29702]}},{"type":"Feature","properties":{"power":"pole","osm":"node/6269400008","tension_kv":[33.0]},"geometry":{"type":"Point","coordinates":[-59.19552,-38.29827]}},{"type":"Feature","properties":{"power":"pole","osm":"node/6269400009","tension_kv":[33.0]},"geometry":{"type":"Point","coordinates":[-59.19493,-38.29949]}},{"type":"Feature","properties":{"power":"pole","osm":"node/6269400010","tension_kv":[33.0]},"geometry":{"type":"Point","coordinates":[-59.19453,-38.30029]}},{"type":"Feature","properties":{"power":"pole","osm":"node/6269400011","tension_kv":[33.0]},"geometry":{"type":"Point","coordinates":[-59.19397,-38.30145]}},{"type":"Feature","properties":{"power":"pole","osm":"node/6269400012","tension_kv":[33.0]},"geometry":{"type":"Point","coordinates":[-59.19342,-38.30257]}},{"type":"Feature","properties":{"power":"pole","osm":"node/6269400013","tension_kv":[33.0]},"geometry":{"type":"Point","coordinates":[-59.19286,-38.30372]}},{"type":"Feature","properties":{"power":"pole","osm":"node/6269400014","tension_kv":[33.0]},"geometry":{"type":"Point","coordinates":[-59.19223,-38.30496]}},{"type":"Feature","properties":{"power":"pole","osm":"node/6269400015","tension_kv":[33.0]},"geometry":{"type":"Point","coordinates":[-59.19158,-38.3063]}},{"type":"Feature","properties":{"power":"pole","osm":"node/6269400016","tension_kv":[33.0]},"geometry":{"type":"Point","coordinates":[-59.19095,-38.3076]}},{"type":"Feature","properties":{"power":"pole","osm":"node/6269400017","tension_kv":[33.0]},"geometry":{"type":"Point","coordinates":[-59.19035,-38.30883]}},{"type":"Feature","properties":{"power":"pole","osm":"node/6269400018","tension_kv":[33.0]},"geometry":{"type":"Point","coordinates":[-59.18977,-38.31003]}},{"type":"Feature","properties":{"power":"pole","osm":"node/6269400019","tension_kv":[33.0]},"geometry":{"type":"Point","coordinates":[-59.18922,-38.31116]}},{"type":"Feature","properties":{"power":"pole","osm":"node/6269400020","tension_kv":[33.0]},"geometry":{"type":"Point","coordinates":[-59.18868,-38.31227]}},{"type":"Feature","properties":{"power":"pole","osm":"node/6269400021","tension_kv":[33.0]},"geometry":{"type":"Point","coordinates":[-59.18815,-38.31335]}},{"type":"Feature","properties":{"power":"pole","osm":"node/6269400022","tension_kv":[33.0]},"geometry":{"type":"Point","coordinates":[-59.1871,-38.31569]}},{"type":"Feature","properties":{"power":"pole","osm":"node/6269400023","tension_kv":[33.0]},"geometry":{"type":"Point","coordinates":[-59.18661,-38.31689]}},{"type":"Feature","properties":{"power":"pole","osm":"node/6269400024","tension_kv":[33.0]},"geometry":{"type":"Point","coordinates":[-59.1861,-38.31812]}},{"type":"Feature","properties":{"power":"pole","osm":"node/6269400025","tension_kv":[33.0]},"geometry":{"type":"Point","coordinates":[-59.18558,-38.31937]}},{"type":"Feature","properties":{"power":"pole","osm":"node/6269400026","tension_kv":[33.0]},"geometry":{"type":"Point","coordinates":[-59.18404,-38.32306]}},{"type":"Feature","properties":{"power":"pole","osm":"node/6269400027","tension_kv":[33.0]},"geometry":{"type":"Point","coordinates":[-59.18456,-38.32182]}},{"type":"Feature","properties":{"power":"pole","osm":"node/6269400028","tension_kv":[33.0]},"geometry":{"type":"Point","coordinates":[-59.18507,-38.3206]}},{"type":"Feature","properties":{"power":"pole","osm":"node/6269400029","tension_kv":[33.0]},"geometry":{"type":"Point","coordinates":[-59.18194,-38.32647]}},{"type":"Feature","properties":{"power":"pole","osm":"node/6269400030","tension_kv":[33.0]},"geometry":{"type":"Point","coordinates":[-59.18116,-38.32769]}},{"type":"Feature","properties":{"power":"pole","osm":"node/6269400031","tension_kv":[33.0]},"geometry":{"type":"Point","coordinates":[-59.18038,-38.32891]}},{"type":"Feature","properties":{"power":"pole","osm":"node/6269400032","tension_kv":[33.0]},"geometry":{"type":"Point","coordinates":[-59.17957,-38.33017]}},{"type":"Feature","properties":{"power":"pole","osm":"node/6269400033","tension_kv":[33.0]},"geometry":{"type":"Point","coordinates":[-59.1788,-38.33137]}},{"type":"Feature","properties":{"power":"pole","osm":"node/6269400034","tension_kv":[33.0]},"geometry":{"type":"Point","coordinates":[-59.17801,-38.3326]}},{"type":"Feature","properties":{"power":"pole","osm":"node/6269400035","tension_kv":[33.0]},"geometry":{"type":"Point","coordinates":[-59.17721,-38.33385]}},{"type":"Feature","properties":{"power":"pole","osm":"node/6269400036","tension_kv":[33.0]},"geometry":{"type":"Point","coordinates":[-59.17642,-38.33507]}},{"type":"Feature","properties":{"power":"pole","osm":"node/6269400037","tension_kv":[33.0]},"geometry":{"type":"Point","coordinates":[-59.17565,-38.33629]}},{"type":"Feature","properties":{"power":"pole","osm":"node/6269400038","tension_kv":[33.0]},"geometry":{"type":"Point","coordinates":[-59.17385,-38.33828]}},{"type":"Feature","properties":{"power":"pole","osm":"node/6269400039","tension_kv":[33.0]},"geometry":{"type":"Point","coordinates":[-59.17274,-38.33919]}},{"type":"Feature","properties":{"power":"pole","osm":"node/6269400077","tension_kv":[33.0]},"geometry":{"type":"Point","coordinates":[-59.17162,-38.3401]}},{"type":"Feature","properties":{"power":"pole","osm":"node/6269400078","tension_kv":[33.0]},"geometry":{"type":"Point","coordinates":[-59.1705,-38.34101]}},{"type":"Feature","properties":{"power":"pole","osm":"node/6269400079","tension_kv":[33.0]},"geometry":{"type":"Point","coordinates":[-59.16854,-38.34265]}},{"type":"Feature","properties":{"power":"pole","osm":"node/6269400080","tension_kv":[33.0]},"geometry":{"type":"Point","coordinates":[-59.1674,-38.34357]}},{"type":"Feature","properties":{"power":"pole","osm":"node/6269400081","tension_kv":[33.0]},"geometry":{"type":"Point","coordinates":[-59.16625,-38.3445]}},{"type":"Feature","properties":{"power":"pole","osm":"node/6269400082","tension_kv":[33.0]},"geometry":{"type":"Point","coordinates":[-59.16972,-38.34166]}},{"type":"Feature","properties":{"power":"pole","osm":"node/6269400083","tension_kv":[33.0]},"geometry":{"type":"Point","coordinates":[-59.16507,-38.34546]}},{"type":"Feature","properties":{"power":"pole","osm":"node/6269400084","tension_kv":[33.0]},"geometry":{"type":"Point","coordinates":[-59.16387,-38.34643]}},{"type":"Feature","properties":{"power":"pole","osm":"node/6269400085","tension_kv":[33.0]},"geometry":{"type":"Point","coordinates":[-59.1619,-38.34844]}},{"type":"Feature","properties":{"power":"pole","osm":"node/6269400086","tension_kv":[33.0]},"geometry":{"type":"Point","coordinates":[-59.16109,-38.34953]}},{"type":"Feature","properties":{"power":"pole","osm":"node/6269400087","tension_kv":[33.0]},"geometry":{"type":"Point","coordinates":[-59.16025,-38.35065]}},{"type":"Feature","properties":{"power":"pole","osm":"node/6269400088","tension_kv":[33.0]},"geometry":{"type":"Point","coordinates":[-59.15942,-38.35178]}},{"type":"Feature","properties":{"power":"pole","osm":"node/6269400089","tension_kv":[33.0]},"geometry":{"type":"Point","coordinates":[-59.15858,-38.35292]}},{"type":"Feature","properties":{"power":"pole","osm":"node/6269400091","tension_kv":[33.0]},"geometry":{"type":"Point","coordinates":[-59.15776,-38.35402]}},{"type":"Feature","properties":{"power":"pole","osm":"node/6269400092","tension_kv":[33.0]},"geometry":{"type":"Point","coordinates":[-59.15692,-38.35515]}},{"type":"Feature","properties":{"power":"pole","osm":"node/6269400093","tension_kv":[33.0]},"geometry":{"type":"Point","coordinates":[-59.15619,-38.35614]}},{"type":"Feature","properties":{"power":"pole","osm":"node/6269400094","tension_kv":[33.0]},"geometry":{"type":"Point","coordinates":[-59.15551,-38.35705]}},{"type":"Feature","properties":{"power":"pole","osm":"node/6269400095","tension_kv":[33.0]},"geometry":{"type":"Point","coordinates":[-59.15487,-38.35795]}},{"type":"Feature","properties":{"power":"pole","osm":"node/6269400096","tension_kv":[33.0]},"geometry":{"type":"Point","coordinates":[-59.1542,-38.35882]}},{"type":"Feature","properties":{"power":"pole","osm":"node/6269400097","tension_kv":[33.0]},"geometry":{"type":"Point","coordinates":[-59.15334,-38.35999]}},{"type":"Feature","properties":{"power":"pole","osm":"node/6269400098","tension_kv":[33.0]},"geometry":{"type":"Point","coordinates":[-59.15251,-38.3611]}},{"type":"Feature","properties":{"power":"pole","osm":"node/6269400099","tension_kv":[33.0]},"geometry":{"type":"Point","coordinates":[-59.15169,-38.36221]}},{"type":"Feature","properties":{"power":"pole","osm":"node/6269400119","tension_kv":[33.0]},"geometry":{"type":"Point","coordinates":[-59.14941,-38.36522]}},{"type":"Feature","properties":{"power":"pole","osm":"node/6269400120","tension_kv":[33.0]},"geometry":{"type":"Point","coordinates":[-59.14857,-38.3663]}},{"type":"Feature","properties":{"power":"pole","osm":"node/6269400121","tension_kv":[33.0]},"geometry":{"type":"Point","coordinates":[-59.14771,-38.3674]}},{"type":"Feature","properties":{"power":"pole","osm":"node/6269400122","tension_kv":[33.0]},"geometry":{"type":"Point","coordinates":[-59.14687,-38.36847]}},{"type":"Feature","properties":{"power":"pole","osm":"node/6269400123","tension_kv":[33.0]},"geometry":{"type":"Point","coordinates":[-59.146,-38.36958]}},{"type":"Feature","properties":{"power":"pole","osm":"node/6269400124","tension_kv":[33.0]},"geometry":{"type":"Point","coordinates":[-59.14347,-38.37285]}},{"type":"Feature","properties":{"power":"pole","osm":"node/6269400125","tension_kv":[33.0]},"geometry":{"type":"Point","coordinates":[-59.14261,-38.37397]}},{"type":"Feature","properties":{"power":"pole","osm":"node/6269400126","tension_kv":[33.0]},"geometry":{"type":"Point","coordinates":[-59.14172,-38.37513]}},{"type":"Feature","properties":{"power":"pole","osm":"node/6269400130","tension_kv":[33.0]},"geometry":{"type":"Point","coordinates":[-59.13955,-38.37687]}},{"type":"Feature","properties":{"power":"pole","osm":"node/6269400131","tension_kv":[33.0]},"geometry":{"type":"Point","coordinates":[-59.1382,-38.37748]}},{"type":"Feature","properties":{"power":"pole","osm":"node/6269400132","tension_kv":[33.0]},"geometry":{"type":"Point","coordinates":[-59.13676,-38.37813]}},{"type":"Feature","properties":{"power":"pole","osm":"node/6269400133","tension_kv":[33.0]},"geometry":{"type":"Point","coordinates":[-59.13541,-38.37874]}},{"type":"Feature","properties":{"power":"pole","osm":"node/6269400134","tension_kv":[33.0]},"geometry":{"type":"Point","coordinates":[-59.13398,-38.37939]}},{"type":"Feature","properties":{"power":"pole","osm":"node/6269400135","tension_kv":[33.0]},"geometry":{"type":"Point","coordinates":[-59.1326,-38.38001]}},{"type":"Feature","properties":{"power":"pole","osm":"node/6269400136","tension_kv":[33.0]},"geometry":{"type":"Point","coordinates":[-59.13123,-38.38064]}},{"type":"Feature","properties":{"power":"pole","osm":"node/6269400137","tension_kv":[33.0]},"geometry":{"type":"Point","coordinates":[-59.12975,-38.38131]}},{"type":"Feature","properties":{"power":"pole","osm":"node/6269400138","tension_kv":[33.0]},"geometry":{"type":"Point","coordinates":[-59.12755,-38.38303]}},{"type":"Feature","properties":{"power":"pole","osm":"node/6269400139","tension_kv":[33.0]},"geometry":{"type":"Point","coordinates":[-59.12687,-38.38402]}},{"type":"Feature","properties":{"power":"pole","osm":"node/6269400140","tension_kv":[33.0]},"geometry":{"type":"Point","coordinates":[-59.12612,-38.38513]}},{"type":"Feature","properties":{"power":"pole","osm":"node/6269400141","tension_kv":[33.0]},"geometry":{"type":"Point","coordinates":[-59.12542,-38.38615]}},{"type":"Feature","properties":{"power":"pole","osm":"node/6269400142","tension_kv":[33.0]},"geometry":{"type":"Point","coordinates":[-59.12472,-38.38719]}},{"type":"Feature","properties":{"power":"pole","osm":"node/6269400143","tension_kv":[33.0]},"geometry":{"type":"Point","coordinates":[-59.12272,-38.38914]}},{"type":"Feature","properties":{"power":"pole","osm":"node/6269400144","tension_kv":[33.0]},"geometry":{"type":"Point","coordinates":[-59.12142,-38.39006]}},{"type":"Feature","properties":{"power":"pole","osm":"node/6269400145","tension_kv":[33.0]},"geometry":{"type":"Point","coordinates":[-59.12017,-38.39096]}},{"type":"Feature","properties":{"power":"pole","osm":"node/6269400146","tension_kv":[33.0]},"geometry":{"type":"Point","coordinates":[-59.11885,-38.39187]}},{"type":"Feature","properties":{"power":"pole","osm":"node/6269400147","tension_kv":[33.0]},"geometry":{"type":"Point","coordinates":[-59.11761,-38.39278]}},{"type":"Feature","properties":{"power":"pole","osm":"node/6269400148","tension_kv":[33.0]},"geometry":{"type":"Point","coordinates":[-59.11631,-38.39368]}},{"type":"Feature","properties":{"power":"pole","osm":"node/6269400149","tension_kv":[33.0]},"geometry":{"type":"Point","coordinates":[-59.11516,-38.39449]}},{"type":"Feature","properties":{"power":"pole","osm":"node/6269400155","tension_kv":[33.0]},"geometry":{"type":"Point","coordinates":[-59.11386,-38.39538]}},{"type":"Feature","properties":{"power":"pole","osm":"node/6269400156","tension_kv":[33.0]},"geometry":{"type":"Point","coordinates":[-59.11265,-38.39623]}},{"type":"Feature","properties":{"power":"pole","osm":"node/6269400157","tension_kv":[33.0]},"geometry":{"type":"Point","coordinates":[-59.11146,-38.3971]}},{"type":"Feature","properties":{"power":"pole","osm":"node/6269400158","tension_kv":[33.0]},"geometry":{"type":"Point","coordinates":[-59.11026,-38.39795]}},{"type":"Feature","properties":{"power":"pole","osm":"node/6269400159","tension_kv":[33.0]},"geometry":{"type":"Point","coordinates":[-59.10903,-38.39882]}},{"type":"Feature","properties":{"power":"pole","osm":"node/6269400160","tension_kv":[33.0]},"geometry":{"type":"Point","coordinates":[-59.10784,-38.39967]}},{"type":"Feature","properties":{"power":"pole","osm":"node/6269400161","tension_kv":[33.0]},"geometry":{"type":"Point","coordinates":[-59.10663,-38.40054]}},{"type":"Feature","properties":{"power":"pole","osm":"node/6269400162","tension_kv":[33.0]},"geometry":{"type":"Point","coordinates":[-59.10543,-38.40139]}},{"type":"Feature","properties":{"power":"pole","osm":"node/6269400163","tension_kv":[33.0]},"geometry":{"type":"Point","coordinates":[-59.10424,-38.40226]}},{"type":"Feature","properties":{"power":"pole","osm":"node/6269400164","tension_kv":[33.0]},"geometry":{"type":"Point","coordinates":[-59.10304,-38.40309]}},{"type":"Feature","properties":{"power":"pole","osm":"node/6269400166","tension_kv":[33.0]},"geometry":{"type":"Point","coordinates":[-59.10183,-38.40396]}},{"type":"Feature","properties":{"power":"pole","osm":"node/6269400167","tension_kv":[33.0]},"geometry":{"type":"Point","coordinates":[-59.09566,-38.40855]}},{"type":"Feature","properties":{"power":"pole","osm":"node/6269400168","tension_kv":[33.0]},"geometry":{"type":"Point","coordinates":[-59.09686,-38.40758]}},{"type":"Feature","properties":{"power":"pole","osm":"node/6269400169","tension_kv":[33.0]},"geometry":{"type":"Point","coordinates":[-59.09808,-38.40663]}},{"type":"Feature","properties":{"power":"pole","osm":"node/6269400170","tension_kv":[33.0]},"geometry":{"type":"Point","coordinates":[-59.09939,-38.40569]}},{"type":"Feature","properties":{"power":"pole","osm":"node/6269400171","tension_kv":[33.0]},"geometry":{"type":"Point","coordinates":[-59.10061,-38.40483]}},{"type":"Feature","properties":{"power":"pole","osm":"node/6269400172","tension_kv":[33.0]},"geometry":{"type":"Point","coordinates":[-59.09443,-38.40951]}},{"type":"Feature","properties":{"power":"pole","osm":"node/6269400173","tension_kv":[33.0]},"geometry":{"type":"Point","coordinates":[-59.09316,-38.41049]}},{"type":"Feature","properties":{"power":"pole","osm":"node/6269400174","tension_kv":[33.0]},"geometry":{"type":"Point","coordinates":[-59.09193,-38.41145]}},{"type":"Feature","properties":{"power":"pole","osm":"node/6269400178","tension_kv":[33.0]},"geometry":{"type":"Point","coordinates":[-59.09074,-38.41245]}},{"type":"Feature","properties":{"power":"pole","osm":"node/6269400179","tension_kv":[33.0]},"geometry":{"type":"Point","coordinates":[-59.0895,-38.41343]}},{"type":"Feature","properties":{"power":"pole","osm":"node/6269400180","tension_kv":[33.0]},"geometry":{"type":"Point","coordinates":[-59.08828,-38.41438]}},{"type":"Feature","properties":{"power":"pole","osm":"node/6269400181","tension_kv":[33.0]},"geometry":{"type":"Point","coordinates":[-59.08704,-38.41534]}},{"type":"Feature","properties":{"power":"pole","osm":"node/6269400182","tension_kv":[33.0]},"geometry":{"type":"Point","coordinates":[-59.08582,-38.41631]}},{"type":"Feature","properties":{"power":"pole","osm":"node/6269400183","tension_kv":[33.0]},"geometry":{"type":"Point","coordinates":[-59.08461,-38.41734]}},{"type":"Feature","properties":{"power":"pole","osm":"node/6269400184","tension_kv":[33.0]},"geometry":{"type":"Point","coordinates":[-59.08348,-38.4183]}},{"type":"Feature","properties":{"power":"pole","osm":"node/6269400185","tension_kv":[33.0]},"geometry":{"type":"Point","coordinates":[-59.08227,-38.41933]}},{"type":"Feature","properties":{"power":"pole","osm":"node/6269400186","tension_kv":[33.0]},"geometry":{"type":"Point","coordinates":[-59.08109,-38.42033]}},{"type":"Feature","properties":{"power":"pole","osm":"node/6269400187","tension_kv":[33.0]},"geometry":{"type":"Point","coordinates":[-59.07989,-38.42135]}},{"type":"Feature","properties":{"power":"pole","osm":"node/6269400188","tension_kv":[33.0]},"geometry":{"type":"Point","coordinates":[-59.07874,-38.42233]}},{"type":"Feature","properties":{"power":"pole","osm":"node/6269400189","tension_kv":[33.0]},"geometry":{"type":"Point","coordinates":[-59.07755,-38.42334]}},{"type":"Feature","properties":{"power":"pole","osm":"node/6269400190","tension_kv":[33.0]},"geometry":{"type":"Point","coordinates":[-59.06321,-38.43552]}},{"type":"Feature","properties":{"power":"pole","osm":"node/6269400191","tension_kv":[33.0]},"geometry":{"type":"Point","coordinates":[-59.06438,-38.43453]}},{"type":"Feature","properties":{"power":"pole","osm":"node/6269400192","tension_kv":[33.0]},"geometry":{"type":"Point","coordinates":[-59.06549,-38.43359]}},{"type":"Feature","properties":{"power":"pole","osm":"node/6269400195","tension_kv":[33.0]},"geometry":{"type":"Point","coordinates":[-59.06644,-38.43277]}},{"type":"Feature","properties":{"power":"pole","osm":"node/6269400196","tension_kv":[33.0]},"geometry":{"type":"Point","coordinates":[-59.06743,-38.43194]}},{"type":"Feature","properties":{"power":"pole","osm":"node/6269400197","tension_kv":[33.0]},"geometry":{"type":"Point","coordinates":[-59.06849,-38.43104]}},{"type":"Feature","properties":{"power":"pole","osm":"node/6269400198","tension_kv":[33.0]},"geometry":{"type":"Point","coordinates":[-59.06961,-38.43008]}},{"type":"Feature","properties":{"power":"pole","osm":"node/6269400199","tension_kv":[33.0]},"geometry":{"type":"Point","coordinates":[-59.07072,-38.42914]}},{"type":"Feature","properties":{"power":"pole","osm":"node/6269400200","tension_kv":[33.0]},"geometry":{"type":"Point","coordinates":[-59.07182,-38.4282]}},{"type":"Feature","properties":{"power":"pole","osm":"node/6269400201","tension_kv":[33.0]},"geometry":{"type":"Point","coordinates":[-59.07289,-38.42729]}},{"type":"Feature","properties":{"power":"pole","osm":"node/6269400202","tension_kv":[33.0]},"geometry":{"type":"Point","coordinates":[-59.07404,-38.42632]}},{"type":"Feature","properties":{"power":"pole","osm":"node/6269400203","tension_kv":[33.0]},"geometry":{"type":"Point","coordinates":[-59.07524,-38.4253]}},{"type":"Feature","properties":{"power":"pole","osm":"node/6269400204","tension_kv":[33.0]},"geometry":{"type":"Point","coordinates":[-59.0764,-38.42432]}},{"type":"Feature","properties":{"power":"pole","osm":"node/6269400205","tension_kv":[33.0]},"geometry":{"type":"Point","coordinates":[-59.06204,-38.43651]}},{"type":"Feature","properties":{"power":"pole","osm":"node/6269400206","tension_kv":[33.0]},"geometry":{"type":"Point","coordinates":[-59.06087,-38.43751]}},{"type":"Feature","properties":{"power":"pole","osm":"node/6269400207","tension_kv":[33.0]},"geometry":{"type":"Point","coordinates":[-59.05972,-38.43849]}},{"type":"Feature","properties":{"power":"pole","osm":"node/6269400208","tension_kv":[33.0]},"geometry":{"type":"Point","coordinates":[-59.05855,-38.43948]}},{"type":"Feature","properties":{"power":"pole","osm":"node/6269400209","tension_kv":[33.0]},"geometry":{"type":"Point","coordinates":[-59.05741,-38.44044]}},{"type":"Feature","properties":{"power":"pole","osm":"node/6269400211","tension_kv":[33.0]},"geometry":{"type":"Point","coordinates":[-59.05631,-38.44138]}},{"type":"Feature","properties":{"power":"pole","osm":"node/6269400212","tension_kv":[33.0]},"geometry":{"type":"Point","coordinates":[-59.05079,-38.44385]}},{"type":"Feature","properties":{"power":"pole","osm":"node/6269400213","tension_kv":[33.0]},"geometry":{"type":"Point","coordinates":[-59.04905,-38.44418]}},{"type":"Feature","properties":{"power":"pole","osm":"node/6269400214","tension_kv":[33.0]},"geometry":{"type":"Point","coordinates":[-59.04739,-38.44449]}},{"type":"Feature","properties":{"power":"pole","osm":"node/6269400215","tension_kv":[33.0]},"geometry":{"type":"Point","coordinates":[-59.04543,-38.44486]}},{"type":"Feature","properties":{"power":"pole","osm":"node/6269400216","tension_kv":[33.0]},"geometry":{"type":"Point","coordinates":[-59.0441,-38.44512]}},{"type":"Feature","properties":{"power":"pole","osm":"node/6269400217","tension_kv":[33.0]},"geometry":{"type":"Point","coordinates":[-59.04245,-38.44543]}},{"type":"Feature","properties":{"power":"pole","osm":"node/6269400218","tension_kv":[33.0]},"geometry":{"type":"Point","coordinates":[-59.04079,-38.44574]}},{"type":"Feature","properties":{"power":"pole","osm":"node/6269400231","tension_kv":[33.0]},"geometry":{"type":"Point","coordinates":[-59.03928,-38.44602]}},{"type":"Feature","properties":{"power":"pole","osm":"node/6269400232","tension_kv":[33.0]},"geometry":{"type":"Point","coordinates":[-59.03767,-38.44633]}},{"type":"Feature","properties":{"power":"pole","osm":"node/6269400233","tension_kv":[33.0]},"geometry":{"type":"Point","coordinates":[-59.036,-38.44664]}},{"type":"Feature","properties":{"power":"pole","osm":"node/6269400234","tension_kv":[33.0]},"geometry":{"type":"Point","coordinates":[-59.0344,-38.44695]}},{"type":"Feature","properties":{"power":"pole","osm":"node/6269400235","tension_kv":[33.0]},"geometry":{"type":"Point","coordinates":[-59.03275,-38.44726]}},{"type":"Feature","properties":{"power":"pole","osm":"node/6269400236","tension_kv":[33.0]},"geometry":{"type":"Point","coordinates":[-59.03109,-38.44757]}},{"type":"Feature","properties":{"power":"pole","osm":"node/6269400256","tension_kv":[33.0]},"geometry":{"type":"Point","coordinates":[-59.02784,-38.44799]}},{"type":"Feature","properties":{"power":"pole","osm":"node/6269400257","tension_kv":[33.0]},"geometry":{"type":"Point","coordinates":[-59.02618,-38.44809]}},{"type":"Feature","properties":{"power":"pole","osm":"node/6269400258","tension_kv":[33.0]},"geometry":{"type":"Point","coordinates":[-59.02464,-38.44819]}},{"type":"Feature","properties":{"power":"pole","osm":"node/6269400259","tension_kv":[33.0]},"geometry":{"type":"Point","coordinates":[-59.02299,-38.4483]}},{"type":"Feature","properties":{"power":"pole","osm":"node/6269400260","tension_kv":[33.0]},"geometry":{"type":"Point","coordinates":[-59.02143,-38.4484]}},{"type":"Feature","properties":{"power":"pole","osm":"node/6269400261","tension_kv":[33.0]},"geometry":{"type":"Point","coordinates":[-59.01982,-38.4485]}},{"type":"Feature","properties":{"power":"pole","osm":"node/6269400262","tension_kv":[33.0]},"geometry":{"type":"Point","coordinates":[-59.01818,-38.44861]}},{"type":"Feature","properties":{"power":"pole","osm":"node/6269400263","tension_kv":[33.0]},"geometry":{"type":"Point","coordinates":[-59.01649,-38.44872]}},{"type":"Feature","properties":{"power":"pole","osm":"node/6269400264","tension_kv":[33.0]},"geometry":{"type":"Point","coordinates":[-59.01488,-38.44882]}},{"type":"Feature","properties":{"power":"pole","osm":"node/6269400265","tension_kv":[33.0]},"geometry":{"type":"Point","coordinates":[-59.01319,-38.44893]}},{"type":"Feature","properties":{"power":"pole","osm":"node/6269400266","tension_kv":[33.0]},"geometry":{"type":"Point","coordinates":[-59.01148,-38.44904]}},{"type":"Feature","properties":{"power":"pole","osm":"node/6269400267","tension_kv":[33.0]},"geometry":{"type":"Point","coordinates":[-59.00989,-38.44914]}},{"type":"Feature","properties":{"power":"pole","osm":"node/6269400268","tension_kv":[33.0]},"geometry":{"type":"Point","coordinates":[-59.00823,-38.44925]}},{"type":"Feature","properties":{"power":"pole","osm":"node/6269400269","tension_kv":[33.0]},"geometry":{"type":"Point","coordinates":[-59.00666,-38.44935]}},{"type":"Feature","properties":{"power":"pole","osm":"node/6269400270","tension_kv":[33.0]},"geometry":{"type":"Point","coordinates":[-59.00506,-38.44946]}},{"type":"Feature","properties":{"power":"pole","osm":"node/6269400271","tension_kv":[33.0]},"geometry":{"type":"Point","coordinates":[-59.00336,-38.44957]}},{"type":"Feature","properties":{"power":"pole","osm":"node/6269400272","tension_kv":[33.0]},"geometry":{"type":"Point","coordinates":[-59.00068,-38.45009]}},{"type":"Feature","properties":{"power":"pole","osm":"node/6269400273","tension_kv":[33.0]},"geometry":{"type":"Point","coordinates":[-58.99908,-38.45067]}},{"type":"Feature","properties":{"power":"pole","osm":"node/6269400274","tension_kv":[33.0]},"geometry":{"type":"Point","coordinates":[-58.99752,-38.45124]}},{"type":"Feature","properties":{"power":"pole","osm":"node/6269400275","tension_kv":[33.0]},"geometry":{"type":"Point","coordinates":[-58.99596,-38.45181]}},{"type":"Feature","properties":{"power":"pole","osm":"node/6269400280","tension_kv":[33.0]},"geometry":{"type":"Point","coordinates":[-58.99443,-38.45236]}},{"type":"Feature","properties":{"power":"pole","osm":"node/6269400281","tension_kv":[33.0]},"geometry":{"type":"Point","coordinates":[-58.99287,-38.45293]}},{"type":"Feature","properties":{"power":"pole","osm":"node/6269400282","tension_kv":[33.0]},"geometry":{"type":"Point","coordinates":[-58.9913,-38.4535]}},{"type":"Feature","properties":{"power":"pole","osm":"node/6269400283","tension_kv":[33.0]},"geometry":{"type":"Point","coordinates":[-58.98974,-38.45406]}},{"type":"Feature","properties":{"power":"pole","osm":"node/6269400284","tension_kv":[33.0]},"geometry":{"type":"Point","coordinates":[-58.98818,-38.45463]}},{"type":"Feature","properties":{"power":"pole","osm":"node/6269400285","tension_kv":[33.0]},"geometry":{"type":"Point","coordinates":[-58.98664,-38.45519]}},{"type":"Feature","properties":{"power":"pole","osm":"node/6269400286","tension_kv":[33.0]},"geometry":{"type":"Point","coordinates":[-58.98505,-38.45577]}},{"type":"Feature","properties":{"power":"pole","osm":"node/6269400287","tension_kv":[33.0]},"geometry":{"type":"Point","coordinates":[-58.98347,-38.45634]}},{"type":"Feature","properties":{"power":"pole","osm":"node/6269427137","tension_kv":[33.0]},"geometry":{"type":"Point","coordinates":[-58.98208,-38.45685]}},{"type":"Feature","properties":{"power":"pole","osm":"node/6269427138","tension_kv":[33.0]},"geometry":{"type":"Point","coordinates":[-58.98068,-38.45736]}},{"type":"Feature","properties":{"power":"pole","osm":"node/6269427139","tension_kv":[33.0]},"geometry":{"type":"Point","coordinates":[-58.97928,-38.45786]}},{"type":"Feature","properties":{"power":"pole","osm":"node/6269427140","tension_kv":[33.0]},"geometry":{"type":"Point","coordinates":[-58.97788,-38.45837]}},{"type":"Feature","properties":{"power":"pole","osm":"node/6269427141","tension_kv":[33.0]},"geometry":{"type":"Point","coordinates":[-58.97651,-38.45887]}},{"type":"Feature","properties":{"power":"pole","osm":"node/6269427142","tension_kv":[33.0]},"geometry":{"type":"Point","coordinates":[-58.9751,-38.45938]}},{"type":"Feature","properties":{"power":"pole","osm":"node/6269427151","tension_kv":[33.0]},"geometry":{"type":"Point","coordinates":[-59.14515,-38.37068]}},{"type":"Feature","properties":{"power":"pole","osm":"node/6269427152","tension_kv":[33.0]},"geometry":{"type":"Point","coordinates":[-58.97357,-38.45994]}},{"type":"Feature","properties":{"power":"pole","osm":"node/6269427153","tension_kv":[33.0]},"geometry":{"type":"Point","coordinates":[-58.97211,-38.46047]}},{"type":"Feature","properties":{"power":"pole","osm":"node/6269427154","tension_kv":[33.0]},"geometry":{"type":"Point","coordinates":[-58.97055,-38.46103]}},{"type":"Feature","properties":{"power":"pole","osm":"node/6269427155","tension_kv":[33.0]},"geometry":{"type":"Point","coordinates":[-58.96905,-38.46158]}},{"type":"Feature","properties":{"power":"pole","osm":"node/6269427156","tension_kv":[33.0]},"geometry":{"type":"Point","coordinates":[-58.96757,-38.46212]}},{"type":"Feature","properties":{"power":"pole","osm":"node/6269427157","tension_kv":[33.0]},"geometry":{"type":"Point","coordinates":[-58.96607,-38.46266]}},{"type":"Feature","properties":{"power":"pole","osm":"node/6269427158","tension_kv":[33.0]},"geometry":{"type":"Point","coordinates":[-58.96457,-38.46321]}},{"type":"Feature","properties":{"power":"pole","osm":"node/6269427164","tension_kv":[33.0]},"geometry":{"type":"Point","coordinates":[-58.96304,-38.46376]}},{"type":"Feature","properties":{"power":"pole","osm":"node/6269427165","tension_kv":[33.0]},"geometry":{"type":"Point","coordinates":[-58.96159,-38.46429]}},{"type":"Feature","properties":{"power":"pole","osm":"node/6269427166","tension_kv":[33.0]},"geometry":{"type":"Point","coordinates":[-58.96013,-38.46482]}},{"type":"Feature","properties":{"power":"pole","osm":"node/6269427167","tension_kv":[33.0]},"geometry":{"type":"Point","coordinates":[-58.95867,-38.46535]}},{"type":"Feature","properties":{"power":"pole","osm":"node/6269427168","tension_kv":[33.0]},"geometry":{"type":"Point","coordinates":[-58.95575,-38.46642]}},{"type":"Feature","properties":{"power":"pole","osm":"node/6269427175","tension_kv":[33.0]},"geometry":{"type":"Point","coordinates":[-58.9542,-38.467]}},{"type":"Feature","properties":{"power":"pole","osm":"node/6269427176","tension_kv":[33.0]},"geometry":{"type":"Point","coordinates":[-58.95266,-38.46757]}},{"type":"Feature","properties":{"power":"pole","osm":"node/6269427177","tension_kv":[33.0]},"geometry":{"type":"Point","coordinates":[-58.95109,-38.46813]}},{"type":"Feature","properties":{"power":"pole","osm":"node/6269427178","tension_kv":[33.0]},"geometry":{"type":"Point","coordinates":[-58.94956,-38.46871]}},{"type":"Feature","properties":{"power":"pole","osm":"node/6269427179","tension_kv":[33.0]},"geometry":{"type":"Point","coordinates":[-58.94646,-38.4699]}},{"type":"Feature","properties":{"power":"pole","osm":"node/6269427180","tension_kv":[33.0]},"geometry":{"type":"Point","coordinates":[-58.94488,-38.47052]}},{"type":"Feature","properties":{"power":"pole","osm":"node/6269427181","tension_kv":[33.0]},"geometry":{"type":"Point","coordinates":[-58.94337,-38.47111]}},{"type":"Feature","properties":{"power":"pole","osm":"node/6269427182","tension_kv":[33.0]},"geometry":{"type":"Point","coordinates":[-58.94172,-38.47176]}},{"type":"Feature","properties":{"power":"pole","osm":"node/6269430787","tension_kv":[33.0]},"geometry":{"type":"Point","coordinates":[-58.9403,-38.47231]}},{"type":"Feature","properties":{"power":"pole","osm":"node/6269430788","tension_kv":[33.0]},"geometry":{"type":"Point","coordinates":[-58.93738,-38.47345]}},{"type":"Feature","properties":{"power":"pole","osm":"node/6269430789","tension_kv":[33.0]},"geometry":{"type":"Point","coordinates":[-58.93582,-38.47406]}},{"type":"Feature","properties":{"power":"pole","osm":"node/6269430790","tension_kv":[33.0]},"geometry":{"type":"Point","coordinates":[-58.93429,-38.47466]}},{"type":"Feature","properties":{"power":"pole","osm":"node/6269430791","tension_kv":[33.0]},"geometry":{"type":"Point","coordinates":[-58.93276,-38.47528]}},{"type":"Feature","properties":{"power":"pole","osm":"node/6269430792","tension_kv":[33.0]},"geometry":{"type":"Point","coordinates":[-58.93119,-38.47588]}},{"type":"Feature","properties":{"power":"pole","osm":"node/6269430793","tension_kv":[33.0]},"geometry":{"type":"Point","coordinates":[-58.92967,-38.47647]}},{"type":"Feature","properties":{"power":"pole","osm":"node/6269430794","tension_kv":[33.0]},"geometry":{"type":"Point","coordinates":[-58.92815,-38.47705]}},{"type":"Feature","properties":{"power":"pole","osm":"node/6269430795","tension_kv":[33.0]},"geometry":{"type":"Point","coordinates":[-58.92656,-38.47767]}},{"type":"Feature","properties":{"power":"pole","osm":"node/6269430796","tension_kv":[33.0]},"geometry":{"type":"Point","coordinates":[-58.92066,-38.47999]}},{"type":"Feature","properties":{"power":"pole","osm":"node/6269430797","tension_kv":[33.0]},"geometry":{"type":"Point","coordinates":[-58.92218,-38.47939]}},{"type":"Feature","properties":{"power":"pole","osm":"node/6269430798","tension_kv":[33.0]},"geometry":{"type":"Point","coordinates":[-58.92359,-38.47884]}},{"type":"Feature","properties":{"power":"pole","osm":"node/6269430799","tension_kv":[33.0]},"geometry":{"type":"Point","coordinates":[-58.92508,-38.47825]}},{"type":"Feature","properties":{"power":"pole","osm":"node/6269430800","tension_kv":[33.0]},"geometry":{"type":"Point","coordinates":[-58.91613,-38.48174]}},{"type":"Feature","properties":{"power":"pole","osm":"node/6269430801","tension_kv":[33.0]},"geometry":{"type":"Point","coordinates":[-58.91766,-38.48115]}},{"type":"Feature","properties":{"power":"pole","osm":"node/6269430802","tension_kv":[33.0]},"geometry":{"type":"Point","coordinates":[-58.9192,-38.48055]}},{"type":"Feature","properties":{"power":"pole","osm":"node/6269430863","tension_kv":[33.0]},"geometry":{"type":"Point","coordinates":[-58.91475,-38.48229]}},{"type":"Feature","properties":{"power":"pole","osm":"node/6269430866","tension_kv":[33.0]},"geometry":{"type":"Point","coordinates":[-58.91336,-38.48286]}},{"type":"Feature","properties":{"power":"pole","osm":"node/6269430867","tension_kv":[33.0]},"geometry":{"type":"Point","coordinates":[-58.91192,-38.48347]}},{"type":"Feature","properties":{"power":"pole","osm":"node/6269430869","tension_kv":[33.0]},"geometry":{"type":"Point","coordinates":[-58.91049,-38.48407]}},{"type":"Feature","properties":{"power":"pole","osm":"node/6269430870","tension_kv":[33.0]},"geometry":{"type":"Point","coordinates":[-58.90906,-38.48466]}},{"type":"Feature","properties":{"power":"pole","osm":"node/6269430871","tension_kv":[33.0]},"geometry":{"type":"Point","coordinates":[-58.90766,-38.48527]}},{"type":"Feature","properties":{"power":"pole","osm":"node/6269430873","tension_kv":[33.0]},"geometry":{"type":"Point","coordinates":[-58.90632,-38.48585]}},{"type":"Feature","properties":{"power":"pole","osm":"node/6269430874","tension_kv":[33.0]},"geometry":{"type":"Point","coordinates":[-58.90478,-38.48645]}},{"type":"Feature","properties":{"power":"pole","osm":"node/6269430875","tension_kv":[33.0]},"geometry":{"type":"Point","coordinates":[-58.90334,-38.48708]}},{"type":"Feature","properties":{"power":"pole","osm":"node/6269430876","tension_kv":[33.0]},"geometry":{"type":"Point","coordinates":[-58.90194,-38.48768]}},{"type":"Feature","properties":{"power":"pole","osm":"node/6269430877","tension_kv":[33.0]},"geometry":{"type":"Point","coordinates":[-58.90061,-38.48814]}},{"type":"Feature","properties":{"power":"pole","osm":"node/6269430878","tension_kv":[33.0]},"geometry":{"type":"Point","coordinates":[-58.89923,-38.48865]}},{"type":"Feature","properties":{"power":"pole","osm":"node/6269430879","tension_kv":[33.0]},"geometry":{"type":"Point","coordinates":[-58.89787,-38.48915]}},{"type":"Feature","properties":{"power":"pole","osm":"node/6269430880","tension_kv":[33.0]},"geometry":{"type":"Point","coordinates":[-58.89649,-38.48966]}},{"type":"Feature","properties":{"power":"pole","osm":"node/6269430881","tension_kv":[33.0]},"geometry":{"type":"Point","coordinates":[-58.89374,-38.49068]}},{"type":"Feature","properties":{"power":"pole","osm":"node/6269430882","tension_kv":[33.0]},"geometry":{"type":"Point","coordinates":[-58.89533,-38.49009]}},{"type":"Feature","properties":{"power":"pole","osm":"node/6269430883","tension_kv":[33.0]},"geometry":{"type":"Point","coordinates":[-58.89241,-38.49117]}},{"type":"Feature","properties":{"power":"pole","osm":"node/6269430884","tension_kv":[33.0]},"geometry":{"type":"Point","coordinates":[-58.89083,-38.49176]}},{"type":"Feature","properties":{"power":"pole","osm":"node/6269430985","tension_kv":[33.0]},"geometry":{"type":"Point","coordinates":[-58.88929,-38.49233]}},{"type":"Feature","properties":{"power":"pole","osm":"node/6269430986","tension_kv":[33.0]},"geometry":{"type":"Point","coordinates":[-58.88794,-38.49283]}},{"type":"Feature","properties":{"power":"pole","osm":"node/6269430987","tension_kv":[33.0]},"geometry":{"type":"Point","coordinates":[-58.88651,-38.49336]}},{"type":"Feature","properties":{"power":"pole","osm":"node/6269430988","tension_kv":[33.0]},"geometry":{"type":"Point","coordinates":[-58.88495,-38.49394]}},{"type":"Feature","properties":{"power":"pole","osm":"node/6269430989","tension_kv":[33.0]},"geometry":{"type":"Point","coordinates":[-58.88339,-38.49451]}},{"type":"Feature","properties":{"power":"pole","osm":"node/6269430990","tension_kv":[33.0]},"geometry":{"type":"Point","coordinates":[-58.88184,-38.49509]}},{"type":"Feature","properties":{"power":"pole","osm":"node/6269430991","tension_kv":[33.0]},"geometry":{"type":"Point","coordinates":[-58.88031,-38.49565]}},{"type":"Feature","properties":{"power":"pole","osm":"node/6269431002","tension_kv":[33.0]},"geometry":{"type":"Point","coordinates":[-58.87869,-38.49625]}},{"type":"Feature","properties":{"power":"pole","osm":"node/6269431003","tension_kv":[33.0]},"geometry":{"type":"Point","coordinates":[-58.87735,-38.49675]}},{"type":"Feature","properties":{"power":"pole","osm":"node/6269431004","tension_kv":[33.0]},"geometry":{"type":"Point","coordinates":[-58.87593,-38.49727]}},{"type":"Feature","properties":{"power":"pole","osm":"node/6269431016","tension_kv":[33.0]},"geometry":{"type":"Point","coordinates":[-58.87445,-38.49782]}},{"type":"Feature","properties":{"power":"pole","osm":"node/6269431017","tension_kv":[33.0]},"geometry":{"type":"Point","coordinates":[-58.87167,-38.49934]}},{"type":"Feature","properties":{"power":"pole","osm":"node/6269431018","tension_kv":[33.0]},"geometry":{"type":"Point","coordinates":[-58.87045,-38.50024]}},{"type":"Feature","properties":{"power":"pole","osm":"node/6269431019","tension_kv":[33.0]},"geometry":{"type":"Point","coordinates":[-58.86921,-38.50116]}},{"type":"Feature","properties":{"power":"pole","osm":"node/6269431020","tension_kv":[33.0]},"geometry":{"type":"Point","coordinates":[-58.86809,-38.502]}},{"type":"Feature","properties":{"power":"pole","osm":"node/6269431021","tension_kv":[33.0]},"geometry":{"type":"Point","coordinates":[-58.86709,-38.50274]}},{"type":"Feature","properties":{"power":"pole","osm":"node/6269431022","tension_kv":[33.0]},"geometry":{"type":"Point","coordinates":[-58.86591,-38.50362]}},{"type":"Feature","properties":{"power":"pole","osm":"node/6269431023","tension_kv":[33.0]},"geometry":{"type":"Point","coordinates":[-58.86306,-38.50476]}},{"type":"Feature","properties":{"power":"pole","osm":"node/6269431025","tension_kv":[33.0]},"geometry":{"type":"Point","coordinates":[-58.86132,-38.50502]}},{"type":"Feature","properties":{"power":"pole","osm":"node/6269431026","tension_kv":[33.0]},"geometry":{"type":"Point","coordinates":[-58.85972,-38.50526]}},{"type":"Feature","properties":{"power":"pole","osm":"node/6269431027","tension_kv":[33.0]},"geometry":{"type":"Point","coordinates":[-58.8581,-38.50551]}},{"type":"Feature","properties":{"power":"pole","osm":"node/6269431028","tension_kv":[33.0]},"geometry":{"type":"Point","coordinates":[-58.85648,-38.50575]}},{"type":"Feature","properties":{"power":"pole","osm":"node/6269431029","tension_kv":[33.0]},"geometry":{"type":"Point","coordinates":[-58.85482,-38.506]}},{"type":"Feature","properties":{"power":"pole","osm":"node/6269431030","tension_kv":[33.0]},"geometry":{"type":"Point","coordinates":[-58.85321,-38.50625]}},{"type":"Feature","properties":{"power":"pole","osm":"node/6269431031","tension_kv":[33.0]},"geometry":{"type":"Point","coordinates":[-58.85159,-38.50649]}},{"type":"Feature","properties":{"power":"pole","osm":"node/6269431032","tension_kv":[33.0]},"geometry":{"type":"Point","coordinates":[-58.84996,-38.50674]}},{"type":"Feature","properties":{"power":"pole","osm":"node/6269431033","tension_kv":[33.0]},"geometry":{"type":"Point","coordinates":[-58.84829,-38.50699]}},{"type":"Feature","properties":{"power":"pole","osm":"node/6269431034","tension_kv":[33.0]},"geometry":{"type":"Point","coordinates":[-58.84518,-38.50788]}},{"type":"Feature","properties":{"power":"pole","osm":"node/6269431035","tension_kv":[33.0]},"geometry":{"type":"Point","coordinates":[-58.84366,-38.50856]}},{"type":"Feature","properties":{"power":"pole","osm":"node/6269431036","tension_kv":[33.0]},"geometry":{"type":"Point","coordinates":[-58.84225,-38.50918]}},{"type":"Feature","properties":{"power":"pole","osm":"node/6269431037","tension_kv":[33.0]},"geometry":{"type":"Point","coordinates":[-58.8408,-38.50982]}},{"type":"Feature","properties":{"power":"pole","osm":"node/6269431038","tension_kv":[33.0]},"geometry":{"type":"Point","coordinates":[-58.83927,-38.5105]}},{"type":"Feature","properties":{"power":"pole","osm":"node/6269431041","tension_kv":[33.0]},"geometry":{"type":"Point","coordinates":[-58.83779,-38.51115]}},{"type":"Feature","properties":{"power":"pole","osm":"node/6269431042","tension_kv":[33.0]},"geometry":{"type":"Point","coordinates":[-58.83632,-38.51181]}},{"type":"Feature","properties":{"power":"pole","osm":"node/6269431043","tension_kv":[33.0]},"geometry":{"type":"Point","coordinates":[-58.83495,-38.51241]}},{"type":"Feature","properties":{"power":"pole","osm":"node/6269431044","tension_kv":[33.0]},"geometry":{"type":"Point","coordinates":[-58.83351,-38.51305]}},{"type":"Feature","properties":{"power":"pole","osm":"node/6269431045","tension_kv":[33.0]},"geometry":{"type":"Point","coordinates":[-58.83205,-38.51369]}},{"type":"Feature","properties":{"power":"pole","osm":"node/6269431046","tension_kv":[33.0]},"geometry":{"type":"Point","coordinates":[-58.8306,-38.51434]}},{"type":"Feature","properties":{"power":"pole","osm":"node/6269431047","tension_kv":[33.0]},"geometry":{"type":"Point","coordinates":[-58.82911,-38.515]}},{"type":"Feature","properties":{"power":"pole","osm":"node/6269431048","tension_kv":[33.0]},"geometry":{"type":"Point","coordinates":[-58.82766,-38.51564]}},{"type":"Feature","properties":{"power":"pole","osm":"node/6269431049","tension_kv":[33.0]},"geometry":{"type":"Point","coordinates":[-58.82622,-38.51628]}},{"type":"Feature","properties":{"power":"pole","osm":"node/6269431050","tension_kv":[33.0]},"geometry":{"type":"Point","coordinates":[-58.82479,-38.51691]}},{"type":"Feature","properties":{"power":"pole","osm":"node/6269431051","tension_kv":[33.0]},"geometry":{"type":"Point","coordinates":[-58.82343,-38.51751]}},{"type":"Feature","properties":{"power":"pole","osm":"node/6269431052","tension_kv":[33.0]},"geometry":{"type":"Point","coordinates":[-58.82201,-38.51814]}},{"type":"Feature","properties":{"power":"pole","osm":"node/6269431053","tension_kv":[33.0]},"geometry":{"type":"Point","coordinates":[-58.82065,-38.51874]}},{"type":"Feature","properties":{"power":"pole","osm":"node/6269431055","tension_kv":[33.0]},"geometry":{"type":"Point","coordinates":[-58.81771,-38.51966]}},{"type":"Feature","properties":{"power":"pole","osm":"node/6269431056","tension_kv":[33.0]},"geometry":{"type":"Point","coordinates":[-58.81616,-38.51996]}},{"type":"Feature","properties":{"power":"pole","osm":"node/6269431057","tension_kv":[33.0]},"geometry":{"type":"Point","coordinates":[-58.81465,-38.52026]}},{"type":"Feature","properties":{"power":"pole","osm":"node/6269431058","tension_kv":[33.0]},"geometry":{"type":"Point","coordinates":[-58.81309,-38.52056]}},{"type":"Feature","properties":{"power":"pole","osm":"node/6269431062","tension_kv":[33.0]},"geometry":{"type":"Point","coordinates":[-58.81153,-38.52087]}},{"type":"Feature","properties":{"power":"pole","osm":"node/6269431063","tension_kv":[33.0]},"geometry":{"type":"Point","coordinates":[-58.81,-38.52117]}},{"type":"Feature","properties":{"power":"pole","osm":"node/6269431064","tension_kv":[33.0]},"geometry":{"type":"Point","coordinates":[-58.80841,-38.52148]}},{"type":"Feature","properties":{"power":"pole","osm":"node/6269431065","tension_kv":[33.0]},"geometry":{"type":"Point","coordinates":[-58.80688,-38.52178]}},{"type":"Feature","properties":{"power":"pole","osm":"node/6269431066","tension_kv":[33.0]},"geometry":{"type":"Point","coordinates":[-58.80535,-38.5221]}},{"type":"Feature","properties":{"power":"pole","osm":"node/6269431067","tension_kv":[33.0]},"geometry":{"type":"Point","coordinates":[-58.8023,-38.52254]}},{"type":"Feature","properties":{"power":"pole","osm":"node/6269461421","tension_kv":[33.0]},"geometry":{"type":"Point","coordinates":[-58.80052,-38.52272]}},{"type":"Feature","properties":{"power":"pole","osm":"node/6269461422","tension_kv":[33.0]},"geometry":{"type":"Point","coordinates":[-58.799,-38.52287]}},{"type":"Feature","properties":{"power":"pole","osm":"node/6269461423","tension_kv":[33.0]},"geometry":{"type":"Point","coordinates":[-58.79736,-38.52304]}},{"type":"Feature","properties":{"power":"pole","osm":"node/6269461424","tension_kv":[33.0]},"geometry":{"type":"Point","coordinates":[-58.79566,-38.52321]}},{"type":"Feature","properties":{"power":"pole","osm":"node/6269461425","tension_kv":[33.0]},"geometry":{"type":"Point","coordinates":[-58.79405,-38.52339]}},{"type":"Feature","properties":{"power":"pole","osm":"node/6269461426","tension_kv":[33.0]},"geometry":{"type":"Point","coordinates":[-58.79241,-38.52355]}},{"type":"Feature","properties":{"power":"pole","osm":"node/6269461427","tension_kv":[33.0]},"geometry":{"type":"Point","coordinates":[-58.79078,-38.52371]}},{"type":"Feature","properties":{"power":"pole","osm":"node/6269461428","tension_kv":[33.0]},"geometry":{"type":"Point","coordinates":[-58.78912,-38.52388]}},{"type":"Feature","properties":{"power":"pole","osm":"node/6269461429","tension_kv":[33.0]},"geometry":{"type":"Point","coordinates":[-58.78748,-38.52405]}},{"type":"Feature","properties":{"power":"pole","osm":"node/6269461430","tension_kv":[33.0]},"geometry":{"type":"Point","coordinates":[-58.786,-38.5242]}},{"type":"Feature","properties":{"power":"pole","osm":"node/6269461431","tension_kv":[33.0]},"geometry":{"type":"Point","coordinates":[-58.7843,-38.52437]}},{"type":"Feature","properties":{"power":"pole","osm":"node/6269461432","tension_kv":[33.0]},"geometry":{"type":"Point","coordinates":[-58.78259,-38.52454]}},{"type":"Feature","properties":{"power":"pole","osm":"node/6269461433","tension_kv":[33.0]},"geometry":{"type":"Point","coordinates":[-58.78095,-38.52471]}},{"type":"Feature","properties":{"power":"pole","osm":"node/6269461434","tension_kv":[33.0]},"geometry":{"type":"Point","coordinates":[-58.77931,-38.52489]}},{"type":"Feature","properties":{"power":"pole","osm":"node/6269461435","tension_kv":[33.0]},"geometry":{"type":"Point","coordinates":[-58.77763,-38.52506]}},{"type":"Feature","properties":{"power":"pole","osm":"node/6269461436","tension_kv":[33.0]},"geometry":{"type":"Point","coordinates":[-58.7761,-38.52521]}},{"type":"Feature","properties":{"power":"pole","osm":"node/6269461437","tension_kv":[33.0]},"geometry":{"type":"Point","coordinates":[-58.77445,-38.52537]}},{"type":"Feature","properties":{"power":"pole","osm":"node/6269461438","tension_kv":[33.0]},"geometry":{"type":"Point","coordinates":[-58.77284,-38.52553]}},{"type":"Feature","properties":{"power":"pole","osm":"node/6269461439","tension_kv":[33.0]},"geometry":{"type":"Point","coordinates":[-58.77122,-38.52569]}},{"type":"Feature","properties":{"power":"pole","osm":"node/6269461440","tension_kv":[33.0]},"geometry":{"type":"Point","coordinates":[-58.76959,-38.52588]}},{"type":"Feature","properties":{"power":"pole","osm":"node/6269461441","tension_kv":[33.0]},"geometry":{"type":"Point","coordinates":[-58.76797,-38.52605]}},{"type":"Feature","properties":{"power":"pole","osm":"node/6269461442","tension_kv":[33.0]},"geometry":{"type":"Point","coordinates":[-58.76523,-38.52708]}},{"type":"Feature","properties":{"power":"pole","osm":"node/7189049017","tension_kv":[33.0]},"geometry":{"type":"Point","coordinates":[-58.69603,-38.54939]}},{"type":"Feature","properties":{"power":"pole","osm":"node/7189049018","tension_kv":[33.0]},"geometry":{"type":"Point","coordinates":[-58.70239,-38.5545]}},{"type":"Feature","properties":{"power":"pole","osm":"node/7189049020","tension_kv":[33.0]},"geometry":{"type":"Point","coordinates":[-58.70238,-38.55682]}},{"type":"Feature","properties":{"power":"pole","osm":"node/8313373006","tension_kv":[33.0]},"geometry":{"type":"Point","coordinates":[-58.69455,-38.53892]}},{"type":"Feature","properties":{"power":"pole","osm":"node/8313373007","tension_kv":[33.0]},"geometry":{"type":"Point","coordinates":[-58.69428,-38.53852]}},{"type":"Feature","properties":{"power":"pole","osm":"node/8313373008","tension_kv":[33.0]},"geometry":{"type":"Point","coordinates":[-58.70177,-38.54475]}},{"type":"Feature","properties":{"power":"pole","osm":"node/8313373009"},"geometry":{"type":"Point","coordinates":[-58.6878,-38.53335]}},{"type":"Feature","properties":{"power":"pole","osm":"node/8313373010","tension_kv":[33.0]},"geometry":{"type":"Point","coordinates":[-58.7019,-38.54491]}},{"type":"Feature","properties":{"power":"pole","osm":"node/8313373011","tension_kv":[33.0]},"geometry":{"type":"Point","coordinates":[-58.6777,-38.52513]}},{"type":"Feature","properties":{"power":"pole","osm":"node/8313373012","tension_kv":[33.0]},"geometry":{"type":"Point","coordinates":[-58.68939,-38.51627]}},{"type":"Feature","properties":{"power":"tower","osm":"node/8430147593","tension_kv":[500.0]},"geometry":{"type":"Point","coordinates":[-59.43055,-38.10296]}},{"type":"Feature","properties":{"power":"tower","osm":"node/8430147594","tension_kv":[500.0]},"geometry":{"type":"Point","coordinates":[-59.42517,-38.10178]}},{"type":"Feature","properties":{"power":"tower","osm":"node/8430147595","tension_kv":[500.0]},"geometry":{"type":"Point","coordinates":[-59.41982,-38.10071]}},{"type":"Feature","properties":{"power":"tower","osm":"node/8430147596","tension_kv":[500.0]},"geometry":{"type":"Point","coordinates":[-59.41481,-38.0997]}},{"type":"Feature","properties":{"power":"tower","osm":"node/8430147597","tension_kv":[500.0]},"geometry":{"type":"Point","coordinates":[-59.40932,-38.09858]}},{"type":"Feature","properties":{"power":"tower","osm":"node/8430147598","tension_kv":[500.0]},"geometry":{"type":"Point","coordinates":[-59.40428,-38.09761]}},{"type":"Feature","properties":{"power":"tower","osm":"node/8430147599","tension_kv":[500.0]},"geometry":{"type":"Point","coordinates":[-59.39925,-38.09659]}},{"type":"Feature","properties":{"power":"tower","osm":"node/8430147600","tension_kv":[500.0]},"geometry":{"type":"Point","coordinates":[-59.39383,-38.0955]}},{"type":"Feature","properties":{"power":"tower","osm":"node/8430147601","tension_kv":[500.0]},"geometry":{"type":"Point","coordinates":[-59.38871,-38.09449]}},{"type":"Feature","properties":{"power":"tower","osm":"node/8430147602","tension_kv":[500.0]},"geometry":{"type":"Point","coordinates":[-59.38295,-38.09338]}},{"type":"Feature","properties":{"power":"tower","osm":"node/8430147603","tension_kv":[500.0]},"geometry":{"type":"Point","coordinates":[-59.37752,-38.09228]}},{"type":"Feature","properties":{"power":"tower","osm":"node/8430147604","tension_kv":[500.0]},"geometry":{"type":"Point","coordinates":[-59.37193,-38.09114]}},{"type":"Feature","properties":{"power":"tower","osm":"node/8430147605","tension_kv":[500.0]},"geometry":{"type":"Point","coordinates":[-59.36647,-38.09007]}},{"type":"Feature","properties":{"power":"tower","osm":"node/8430147606","tension_kv":[500.0]},"geometry":{"type":"Point","coordinates":[-59.361,-38.08899]}},{"type":"Feature","properties":{"power":"tower","osm":"node/8430147607","tension_kv":[500.0]},"geometry":{"type":"Point","coordinates":[-59.35561,-38.08794]}},{"type":"Feature","properties":{"power":"tower","osm":"node/8430147608","tension_kv":[500.0]},"geometry":{"type":"Point","coordinates":[-59.35053,-38.08689]}},{"type":"Feature","properties":{"power":"tower","osm":"node/8430147609","tension_kv":[500.0]},"geometry":{"type":"Point","coordinates":[-59.34476,-38.08574]}},{"type":"Feature","properties":{"power":"tower","osm":"node/8430147610","tension_kv":[500.0]},"geometry":{"type":"Point","coordinates":[-59.33904,-38.08461]}},{"type":"Feature","properties":{"power":"tower","osm":"node/8430147611","tension_kv":[500.0]},"geometry":{"type":"Point","coordinates":[-59.33359,-38.08354]}},{"type":"Feature","properties":{"power":"tower","osm":"node/8430147612","tension_kv":[500.0]},"geometry":{"type":"Point","coordinates":[-59.32837,-38.08249]}},{"type":"Feature","properties":{"power":"tower","osm":"node/8430147613","tension_kv":[500.0]},"geometry":{"type":"Point","coordinates":[-59.32278,-38.08134]}},{"type":"Feature","properties":{"power":"tower","osm":"node/8430147614","tension_kv":[500.0]},"geometry":{"type":"Point","coordinates":[-59.31743,-38.0803]}},{"type":"Feature","properties":{"power":"tower","osm":"node/8430147615","tension_kv":[500.0]},"geometry":{"type":"Point","coordinates":[-59.31199,-38.07921]}},{"type":"Feature","properties":{"power":"tower","osm":"node/8430147616","tension_kv":[500.0]},"geometry":{"type":"Point","coordinates":[-59.30654,-38.0781]}},{"type":"Feature","properties":{"power":"tower","osm":"node/8430175317","tension_kv":[500.0]},"geometry":{"type":"Point","coordinates":[-59.30154,-38.0771]}},{"type":"Feature","properties":{"power":"tower","osm":"node/8430175318","tension_kv":[500.0]},"geometry":{"type":"Point","coordinates":[-59.2938,-38.07482]}},{"type":"Feature","properties":{"power":"tower","osm":"node/8430175319","tension_kv":[500.0]},"geometry":{"type":"Point","coordinates":[-59.29767,-38.07596]}},{"type":"Feature","properties":{"power":"tower","osm":"node/8430175320","tension_kv":[500.0]},"geometry":{"type":"Point","coordinates":[-59.28938,-38.0727]}},{"type":"Feature","properties":{"power":"tower","osm":"node/8430175321","tension_kv":[500.0]},"geometry":{"type":"Point","coordinates":[-59.28521,-38.07068]}},{"type":"Feature","properties":{"power":"tower","osm":"node/8430175322","tension_kv":[500.0]},"geometry":{"type":"Point","coordinates":[-59.28072,-38.06853]}},{"type":"Feature","properties":{"power":"pole","osm":"node/9106396146","tension_kv":[33.0]},"geometry":{"type":"Point","coordinates":[-58.70242,-38.55463]}},{"type":"Feature","properties":{"power":"pole","osm":"node/9106396295","tension_kv":[33.0]},"geometry":{"type":"Point","coordinates":[-58.68555,-38.51319]}},{"type":"Feature","properties":{"power":"pole","osm":"node/9106396296","tension_kv":[33.0]},"geometry":{"type":"Point","coordinates":[-58.68811,-38.51525]}},{"type":"Feature","properties":{"power":"tower","osm":"node/9630719576","tension_kv":[500.0]},"geometry":{"type":"Point","coordinates":[-59.12859,-37.9888]}},{"type":"Feature","properties":{"power":"tower","osm":"node/9630719588","tension_kv":[500.0]},"geometry":{"type":"Point","coordinates":[-59.13345,-37.99146]}},{"type":"Feature","properties":{"power":"tower","osm":"node/9630719589","tension_kv":[500.0]},"geometry":{"type":"Point","coordinates":[-59.13757,-37.99393]}},{"type":"Feature","properties":{"power":"tower","osm":"node/9630719590","tension_kv":[500.0]},"geometry":{"type":"Point","coordinates":[-59.14206,-37.99647]}},{"type":"Feature","properties":{"power":"tower","osm":"node/9630719591","tension_kv":[500.0]},"geometry":{"type":"Point","coordinates":[-59.14639,-37.99896]}},{"type":"Feature","properties":{"power":"tower","osm":"node/9630719592","tension_kv":[500.0]},"geometry":{"type":"Point","coordinates":[-59.15123,-38.00169]}},{"type":"Feature","properties":{"power":"tower","osm":"node/9630719593","tension_kv":[500.0]},"geometry":{"type":"Point","coordinates":[-59.15581,-38.00433]}},{"type":"Feature","properties":{"power":"tower","osm":"node/9630719594","tension_kv":[500.0]},"geometry":{"type":"Point","coordinates":[-59.1604,-38.00695]}},{"type":"Feature","properties":{"power":"tower","osm":"node/9630719595","tension_kv":[500.0]},"geometry":{"type":"Point","coordinates":[-59.16489,-38.00951]}},{"type":"Feature","properties":{"power":"tower","osm":"node/9630719596","tension_kv":[500.0]},"geometry":{"type":"Point","coordinates":[-59.1693,-38.01211]}},{"type":"Feature","properties":{"power":"tower","osm":"node/9630719597","tension_kv":[500.0]},"geometry":{"type":"Point","coordinates":[-59.17382,-38.0147]}},{"type":"Feature","properties":{"power":"tower","osm":"node/9630719598","tension_kv":[500.0]},"geometry":{"type":"Point","coordinates":[-59.17858,-38.01734]}},{"type":"Feature","properties":{"power":"tower","osm":"node/9630719599","tension_kv":[500.0]},"geometry":{"type":"Point","coordinates":[-59.18289,-38.0198]}},{"type":"Feature","properties":{"power":"tower","osm":"node/9630719600","tension_kv":[500.0]},"geometry":{"type":"Point","coordinates":[-59.18697,-38.02214]}},{"type":"Feature","properties":{"power":"tower","osm":"node/9630719601","tension_kv":[500.0]},"geometry":{"type":"Point","coordinates":[-59.19133,-38.02471]}},{"type":"Feature","properties":{"power":"tower","osm":"node/9630719602","tension_kv":[500.0]},"geometry":{"type":"Point","coordinates":[-59.19487,-38.02674]}},{"type":"Feature","properties":{"power":"tower","osm":"node/9630719603","tension_kv":[500.0]},"geometry":{"type":"Point","coordinates":[-59.19937,-38.02916]}},{"type":"Feature","properties":{"power":"tower","osm":"node/9630719614","tension_kv":[500.0]},"geometry":{"type":"Point","coordinates":[-59.20356,-38.0312]}},{"type":"Feature","properties":{"power":"tower","osm":"node/9630719615","tension_kv":[500.0]},"geometry":{"type":"Point","coordinates":[-59.20723,-38.03295]}},{"type":"Feature","properties":{"power":"tower","osm":"node/9630719616","tension_kv":[500.0]},"geometry":{"type":"Point","coordinates":[-59.21122,-38.03489]}},{"type":"Feature","properties":{"power":"tower","osm":"node/9630802917","tension_kv":[500.0]},"geometry":{"type":"Point","coordinates":[-59.21616,-38.03724]}},{"type":"Feature","properties":{"power":"tower","osm":"node/9630802918","tension_kv":[500.0]},"geometry":{"type":"Point","coordinates":[-59.22089,-38.03954]}},{"type":"Feature","properties":{"power":"tower","osm":"node/9630802919","tension_kv":[500.0]},"geometry":{"type":"Point","coordinates":[-59.22551,-38.04183]}},{"type":"Feature","properties":{"power":"tower","osm":"node/9630802920","tension_kv":[500.0]},"geometry":{"type":"Point","coordinates":[-59.23056,-38.04421]}},{"type":"Feature","properties":{"power":"tower","osm":"node/9630802921","tension_kv":[500.0]},"geometry":{"type":"Point","coordinates":[-59.2349,-38.04633]}},{"type":"Feature","properties":{"power":"tower","osm":"node/9644442025","tension_kv":[132.0]},"geometry":{"type":"Point","coordinates":[-59.29231,-37.85883]}},{"type":"Feature","properties":{"power":"tower","osm":"node/9644442026","tension_kv":[132.0]},"geometry":{"type":"Point","coordinates":[-59.29206,-37.86018]}},{"type":"Feature","properties":{"power":"tower","osm":"node/9644442027","tension_kv":[132.0]},"geometry":{"type":"Point","coordinates":[-59.29175,-37.86154]}},{"type":"Feature","properties":{"power":"tower","osm":"node/9644442028","tension_kv":[132.0]},"geometry":{"type":"Point","coordinates":[-59.29144,-37.86289]}},{"type":"Feature","properties":{"power":"tower","osm":"node/9644442029","tension_kv":[132.0]},"geometry":{"type":"Point","coordinates":[-59.29115,-37.86423]}},{"type":"Feature","properties":{"power":"tower","osm":"node/9644442030","tension_kv":[132.0]},"geometry":{"type":"Point","coordinates":[-59.29085,-37.86561]}},{"type":"Feature","properties":{"power":"tower","osm":"node/9644442031","tension_kv":[132.0]},"geometry":{"type":"Point","coordinates":[-59.29059,-37.86695]}},{"type":"Feature","properties":{"power":"tower","osm":"node/9644442042","tension_kv":[132.0]},"geometry":{"type":"Point","coordinates":[-59.29029,-37.8683]}},{"type":"Feature","properties":{"power":"tower","osm":"node/9644442043","tension_kv":[132.0]},"geometry":{"type":"Point","coordinates":[-59.29,-37.86965]}},{"type":"Feature","properties":{"power":"tower","osm":"node/9644442044","tension_kv":[132.0]},"geometry":{"type":"Point","coordinates":[-59.28973,-37.87099]}},{"type":"Feature","properties":{"power":"tower","osm":"node/9644442045","tension_kv":[132.0]},"geometry":{"type":"Point","coordinates":[-59.28937,-37.87234]}},{"type":"Feature","properties":{"power":"tower","osm":"node/9644442046","tension_kv":[132.0]},"geometry":{"type":"Point","coordinates":[-59.28905,-37.8737]}},{"type":"Feature","properties":{"power":"tower","osm":"node/9644442047","tension_kv":[132.0]},"geometry":{"type":"Point","coordinates":[-59.28877,-37.87505]}},{"type":"Feature","properties":{"power":"tower","osm":"node/9644442048","tension_kv":[132.0]},"geometry":{"type":"Point","coordinates":[-59.28859,-37.8764]}},{"type":"Feature","properties":{"power":"tower","osm":"node/9644442049","tension_kv":[132.0]},"geometry":{"type":"Point","coordinates":[-59.28829,-37.87776]}},{"type":"Feature","properties":{"power":"tower","osm":"node/9644442050","tension_kv":[132.0]},"geometry":{"type":"Point","coordinates":[-59.28801,-37.87909]}},{"type":"Feature","properties":{"power":"tower","osm":"node/9644442051","tension_kv":[132.0]},"geometry":{"type":"Point","coordinates":[-59.28773,-37.88042]}},{"type":"Feature","properties":{"power":"tower","osm":"node/9644442052","tension_kv":[132.0]},"geometry":{"type":"Point","coordinates":[-59.28745,-37.88174]}},{"type":"Feature","properties":{"power":"tower","osm":"node/9644442053","tension_kv":[132.0]},"geometry":{"type":"Point","coordinates":[-59.28716,-37.88309]}},{"type":"Feature","properties":{"power":"tower","osm":"node/9644442054","tension_kv":[132.0]},"geometry":{"type":"Point","coordinates":[-59.2869,-37.88441]}},{"type":"Feature","properties":{"power":"tower","osm":"node/9644442055","tension_kv":[132.0]},"geometry":{"type":"Point","coordinates":[-59.28662,-37.88577]}},{"type":"Feature","properties":{"power":"tower","osm":"node/9644442056","tension_kv":[132.0]},"geometry":{"type":"Point","coordinates":[-59.28561,-37.88563]}},{"type":"Feature","properties":{"power":"tower","osm":"node/9644442057","tension_kv":[132.0]},"geometry":{"type":"Point","coordinates":[-59.28533,-37.88689]}},{"type":"Feature","properties":{"power":"tower","osm":"node/9644442062","tension_kv":[132.0]},"geometry":{"type":"Point","coordinates":[-59.28508,-37.88814]}},{"type":"Feature","properties":{"power":"tower","osm":"node/9644442063","tension_kv":[132.0]},"geometry":{"type":"Point","coordinates":[-59.28481,-37.8894]}},{"type":"Feature","properties":{"power":"tower","osm":"node/9644442064","tension_kv":[132.0]},"geometry":{"type":"Point","coordinates":[-59.28454,-37.89063]}},{"type":"Feature","properties":{"power":"tower","osm":"node/9644442065","tension_kv":[132.0]},"geometry":{"type":"Point","coordinates":[-59.28428,-37.89188]}},{"type":"Feature","properties":{"power":"tower","osm":"node/9644442066","tension_kv":[132.0]},"geometry":{"type":"Point","coordinates":[-59.28401,-37.89311]}},{"type":"Feature","properties":{"power":"tower","osm":"node/9644442067","tension_kv":[132.0]},"geometry":{"type":"Point","coordinates":[-59.28375,-37.89437]}},{"type":"Feature","properties":{"power":"tower","osm":"node/9644442068","tension_kv":[132.0]},"geometry":{"type":"Point","coordinates":[-59.28547,-37.89462]}},{"type":"Feature","properties":{"power":"tower","osm":"node/9644442069","tension_kv":[132.0]},"geometry":{"type":"Point","coordinates":[-59.2851,-37.89605]}},{"type":"Feature","properties":{"power":"tower","osm":"node/9644442070","tension_kv":[132.0]},"geometry":{"type":"Point","coordinates":[-59.28473,-37.89751]}},{"type":"Feature","properties":{"power":"tower","osm":"node/9644442071","tension_kv":[132.0]},"geometry":{"type":"Point","coordinates":[-59.28457,-37.89833]}},{"type":"Feature","properties":{"power":"tower","osm":"node/9644442072","tension_kv":[132.0]},"geometry":{"type":"Point","coordinates":[-59.28397,-37.90107]}},{"type":"Feature","properties":{"power":"tower","osm":"node/9644442073","tension_kv":[132.0]},"geometry":{"type":"Point","coordinates":[-59.28427,-37.8997]}},{"type":"Feature","properties":{"power":"tower","osm":"node/9644442074","tension_kv":[132.0]},"geometry":{"type":"Point","coordinates":[-59.28371,-37.90249]}},{"type":"Feature","properties":{"power":"tower","osm":"node/9644442075","tension_kv":[132.0]},"geometry":{"type":"Point","coordinates":[-59.28345,-37.90387]}},{"type":"Feature","properties":{"power":"tower","osm":"node/9644442076","tension_kv":[132.0]},"geometry":{"type":"Point","coordinates":[-59.28315,-37.90526]}},{"type":"Feature","properties":{"power":"tower","osm":"node/9644442077","tension_kv":[132.0]},"geometry":{"type":"Point","coordinates":[-59.28284,-37.90665]}},{"type":"Feature","properties":{"power":"tower","osm":"node/9644442078","tension_kv":[132.0]},"geometry":{"type":"Point","coordinates":[-59.28256,-37.90806]}},{"type":"Feature","properties":{"power":"tower","osm":"node/9644442079","tension_kv":[132.0]},"geometry":{"type":"Point","coordinates":[-59.28225,-37.9094]}},{"type":"Feature","properties":{"power":"tower","osm":"node/9644442080","tension_kv":[132.0]},"geometry":{"type":"Point","coordinates":[-59.28197,-37.9108]}},{"type":"Feature","properties":{"power":"tower","osm":"node/9644442081","tension_kv":[132.0]},"geometry":{"type":"Point","coordinates":[-59.28168,-37.91221]}},{"type":"Feature","properties":{"power":"tower","osm":"node/9644442082","tension_kv":[132.0]},"geometry":{"type":"Point","coordinates":[-59.28138,-37.91357]}},{"type":"Feature","properties":{"power":"tower","osm":"node/9644442086","tension_kv":[132.0]},"geometry":{"type":"Point","coordinates":[-59.2811,-37.91494]}},{"type":"Feature","properties":{"power":"tower","osm":"node/9644442087","tension_kv":[132.0]},"geometry":{"type":"Point","coordinates":[-59.28083,-37.9164]}},{"type":"Feature","properties":{"power":"tower","osm":"node/9644442088","tension_kv":[132.0]},"geometry":{"type":"Point","coordinates":[-59.28051,-37.91775]}},{"type":"Feature","properties":{"power":"tower","osm":"node/9644442089","tension_kv":[132.0]},"geometry":{"type":"Point","coordinates":[-59.2802,-37.9191]}},{"type":"Feature","properties":{"power":"tower","osm":"node/9644442090","tension_kv":[132.0]},"geometry":{"type":"Point","coordinates":[-59.2799,-37.9205]}},{"type":"Feature","properties":{"power":"tower","osm":"node/9644442091","tension_kv":[132.0]},"geometry":{"type":"Point","coordinates":[-59.27961,-37.92187]}},{"type":"Feature","properties":{"power":"tower","osm":"node/9644442092","tension_kv":[132.0]},"geometry":{"type":"Point","coordinates":[-59.27933,-37.92324]}},{"type":"Feature","properties":{"power":"tower","osm":"node/9644442093","tension_kv":[132.0]},"geometry":{"type":"Point","coordinates":[-59.27902,-37.92464]}},{"type":"Feature","properties":{"power":"tower","osm":"node/9644442094","tension_kv":[132.0]},"geometry":{"type":"Point","coordinates":[-59.27873,-37.92603]}},{"type":"Feature","properties":{"power":"tower","osm":"node/9644442095","tension_kv":[132.0]},"geometry":{"type":"Point","coordinates":[-59.27844,-37.92741]}},{"type":"Feature","properties":{"power":"tower","osm":"node/9644442096","tension_kv":[132.0]},"geometry":{"type":"Point","coordinates":[-59.27816,-37.9288]}},{"type":"Feature","properties":{"power":"tower","osm":"node/9644442097","tension_kv":[132.0]},"geometry":{"type":"Point","coordinates":[-59.27786,-37.9302]}},{"type":"Feature","properties":{"power":"tower","osm":"node/9644442098","tension_kv":[132.0]},"geometry":{"type":"Point","coordinates":[-59.27775,-37.93117]}},{"type":"Feature","properties":{"power":"tower","osm":"node/9644442099","tension_kv":[132.0]},"geometry":{"type":"Point","coordinates":[-59.2775,-37.93235]}},{"type":"Feature","properties":{"power":"tower","osm":"node/9644443733","tension_kv":[132.0]},"geometry":{"type":"Point","coordinates":[-59.27723,-37.93353]}},{"type":"Feature","properties":{"power":"tower","osm":"node/9644443734","tension_kv":[132.0]},"geometry":{"type":"Point","coordinates":[-59.27701,-37.93433]}},{"type":"Feature","properties":{"power":"tower","osm":"node/9644443738","tension_kv":[132.0]},"geometry":{"type":"Point","coordinates":[-59.27681,-37.93508]}},{"type":"Feature","properties":{"power":"tower","osm":"node/9644443739","tension_kv":[132.0]},"geometry":{"type":"Point","coordinates":[-59.27654,-37.93623]}},{"type":"Feature","properties":{"power":"tower","osm":"node/9644443740","tension_kv":[132.0]},"geometry":{"type":"Point","coordinates":[-59.27631,-37.93737]}},{"type":"Feature","properties":{"power":"tower","osm":"node/9644443741","tension_kv":[132.0]},"geometry":{"type":"Point","coordinates":[-59.2761,-37.93854]}},{"type":"Feature","properties":{"power":"tower","osm":"node/9644443742","tension_kv":[132.0]},"geometry":{"type":"Point","coordinates":[-59.27583,-37.93968]}},{"type":"Feature","properties":{"power":"tower","osm":"node/9644443743","tension_kv":[132.0]},"geometry":{"type":"Point","coordinates":[-59.27559,-37.94086]}},{"type":"Feature","properties":{"power":"tower","osm":"node/9644443744","tension_kv":[132.0]},"geometry":{"type":"Point","coordinates":[-59.27481,-37.94454]}},{"type":"Feature","properties":{"power":"tower","osm":"node/9644443745","tension_kv":[132.0]},"geometry":{"type":"Point","coordinates":[-59.2752,-37.9427]}},{"type":"Feature","properties":{"power":"tower","osm":"node/9644443746","tension_kv":[132.0]},"geometry":{"type":"Point","coordinates":[-59.27454,-37.94579]}},{"type":"Feature","properties":{"power":"tower","osm":"node/9644443747","tension_kv":[132.0]},"geometry":{"type":"Point","coordinates":[-59.27433,-37.94703]}},{"type":"Feature","properties":{"power":"tower","osm":"node/9644443748","tension_kv":[132.0]},"geometry":{"type":"Point","coordinates":[-59.27398,-37.94858]}},{"type":"Feature","properties":{"power":"tower","osm":"node/9644443749","tension_kv":[132.0]},"geometry":{"type":"Point","coordinates":[-59.2737,-37.94972]}},{"type":"Feature","properties":{"power":"tower","osm":"node/9644443750","tension_kv":[132.0]},"geometry":{"type":"Point","coordinates":[-59.27312,-37.95236]}},{"type":"Feature","properties":{"power":"tower","osm":"node/9644443751","tension_kv":[132.0]},"geometry":{"type":"Point","coordinates":[-59.27341,-37.95104]}},{"type":"Feature","properties":{"power":"tower","osm":"node/9644443752","tension_kv":[132.0]},"geometry":{"type":"Point","coordinates":[-59.27286,-37.9537]}},{"type":"Feature","properties":{"power":"tower","osm":"node/9644443753","tension_kv":[132.0]},"geometry":{"type":"Point","coordinates":[-59.27256,-37.95504]}},{"type":"Feature","properties":{"power":"tower","osm":"node/9644443754","tension_kv":[132.0]},"geometry":{"type":"Point","coordinates":[-59.27229,-37.95635]}},{"type":"Feature","properties":{"power":"tower","osm":"node/9644443755","tension_kv":[132.0]},"geometry":{"type":"Point","coordinates":[-59.27199,-37.95768]}},{"type":"Feature","properties":{"power":"tower","osm":"node/9644443756","tension_kv":[132.0]},"geometry":{"type":"Point","coordinates":[-59.27172,-37.959]}},{"type":"Feature","properties":{"power":"tower","osm":"node/9644443757","tension_kv":[132.0]},"geometry":{"type":"Point","coordinates":[-59.27144,-37.96032]}},{"type":"Feature","properties":{"power":"tower","osm":"node/9644443759","tension_kv":[132.0]},"geometry":{"type":"Point","coordinates":[-59.27118,-37.96164]}},{"type":"Feature","properties":{"power":"tower","osm":"node/9644443760","tension_kv":[132.0]},"geometry":{"type":"Point","coordinates":[-59.2709,-37.96297]}},{"type":"Feature","properties":{"power":"tower","osm":"node/9644443761","tension_kv":[132.0]},"geometry":{"type":"Point","coordinates":[-59.27062,-37.9643]}},{"type":"Feature","properties":{"power":"tower","osm":"node/9644443762","tension_kv":[132.0]},"geometry":{"type":"Point","coordinates":[-59.27033,-37.96561]}},{"type":"Feature","properties":{"power":"tower","osm":"node/9644443763","tension_kv":[132.0]},"geometry":{"type":"Point","coordinates":[-59.27012,-37.96703]}},{"type":"Feature","properties":{"power":"tower","osm":"node/9644443764","tension_kv":[132.0]},"geometry":{"type":"Point","coordinates":[-59.26977,-37.96865]}},{"type":"Feature","properties":{"power":"tower","osm":"node/9644443765","tension_kv":[132.0]},"geometry":{"type":"Point","coordinates":[-59.26943,-37.96994]}},{"type":"Feature","properties":{"power":"tower","osm":"node/9644443769","tension_kv":[132.0]},"geometry":{"type":"Point","coordinates":[-59.26917,-37.97127]}},{"type":"Feature","properties":{"power":"tower","osm":"node/9644443770","tension_kv":[132.0]},"geometry":{"type":"Point","coordinates":[-59.26888,-37.97256]}},{"type":"Feature","properties":{"power":"tower","osm":"node/9644443771","tension_kv":[132.0]},"geometry":{"type":"Point","coordinates":[-59.26861,-37.97387]}},{"type":"Feature","properties":{"power":"tower","osm":"node/9644443772","tension_kv":[132.0]},"geometry":{"type":"Point","coordinates":[-59.26833,-37.97521]}},{"type":"Feature","properties":{"power":"tower","osm":"node/9644443773","tension_kv":[132.0]},"geometry":{"type":"Point","coordinates":[-59.26804,-37.97656]}},{"type":"Feature","properties":{"power":"tower","osm":"node/9644443774","tension_kv":[132.0]},"geometry":{"type":"Point","coordinates":[-59.26776,-37.97788]}},{"type":"Feature","properties":{"power":"tower","osm":"node/9644443775","tension_kv":[132.0]},"geometry":{"type":"Point","coordinates":[-59.26752,-37.97918]}},{"type":"Feature","properties":{"power":"tower","osm":"node/9644443776","tension_kv":[132.0]},"geometry":{"type":"Point","coordinates":[-59.26725,-37.98049]}},{"type":"Feature","properties":{"power":"tower","osm":"node/9644443777","tension_kv":[132.0]},"geometry":{"type":"Point","coordinates":[-59.26691,-37.98184]}},{"type":"Feature","properties":{"power":"tower","osm":"node/9644443778","tension_kv":[132.0]},"geometry":{"type":"Point","coordinates":[-59.26662,-37.98316]}},{"type":"Feature","properties":{"power":"tower","osm":"node/9644443779","tension_kv":[132.0]},"geometry":{"type":"Point","coordinates":[-59.26636,-37.98449]}},{"type":"Feature","properties":{"power":"tower","osm":"node/9644443780","tension_kv":[132.0]},"geometry":{"type":"Point","coordinates":[-59.26605,-37.98589]}},{"type":"Feature","properties":{"power":"tower","osm":"node/9644443781","tension_kv":[132.0]},"geometry":{"type":"Point","coordinates":[-59.26577,-37.9872]}},{"type":"Feature","properties":{"power":"tower","osm":"node/9644443782","tension_kv":[132.0]},"geometry":{"type":"Point","coordinates":[-59.26548,-37.98859]}},{"type":"Feature","properties":{"power":"tower","osm":"node/9644443783","tension_kv":[132.0]},"geometry":{"type":"Point","coordinates":[-59.26519,-37.98993]}},{"type":"Feature","properties":{"power":"tower","osm":"node/9644443784","tension_kv":[132.0]},"geometry":{"type":"Point","coordinates":[-59.2649,-37.9913]}},{"type":"Feature","properties":{"power":"tower","osm":"node/9644443785","tension_kv":[132.0]},"geometry":{"type":"Point","coordinates":[-59.2646,-37.99267]}},{"type":"Feature","properties":{"power":"tower","osm":"node/9644443786","tension_kv":[132.0]},"geometry":{"type":"Point","coordinates":[-59.26402,-37.99613]}},{"type":"Feature","properties":{"power":"tower","osm":"node/9644443787","tension_kv":[132.0]},"geometry":{"type":"Point","coordinates":[-59.26431,-37.9944]}},{"type":"Feature","properties":{"power":"tower","osm":"node/9644449323","tension_kv":[132.0]},"geometry":{"type":"Point","coordinates":[-59.2926,-37.85747]}},{"type":"Feature","properties":{"power":"tower","osm":"node/9644449324","tension_kv":[132.0]},"geometry":{"type":"Point","coordinates":[-59.29289,-37.85613]}},{"type":"Feature","properties":{"power":"tower","osm":"node/9644449325","tension_kv":[132.0]},"geometry":{"type":"Point","coordinates":[-59.29342,-37.85345]}},{"type":"Feature","properties":{"power":"tower","osm":"node/9644449326","tension_kv":[132.0]},"geometry":{"type":"Point","coordinates":[-59.29315,-37.85479]}},{"type":"Feature","properties":{"power":"tower","osm":"node/9644449327","tension_kv":[132.0]},"geometry":{"type":"Point","coordinates":[-59.29313,-37.85311]}},{"type":"Feature","properties":{"power":"tower","osm":"node/9644449328","tension_kv":[132.0]},"geometry":{"type":"Point","coordinates":[-59.29342,-37.85169]}},{"type":"Feature","properties":{"power":"tower","osm":"node/9644449329","tension_kv":[132.0]},"geometry":{"type":"Point","coordinates":[-59.29373,-37.85031]}},{"type":"Feature","properties":{"power":"tower","osm":"node/9644449330","tension_kv":[132.0]},"geometry":{"type":"Point","coordinates":[-59.29402,-37.84893]}},{"type":"Feature","properties":{"power":"tower","osm":"node/9644449331","tension_kv":[132.0]},"geometry":{"type":"Point","coordinates":[-59.29431,-37.84752]}},{"type":"Feature","properties":{"power":"tower","osm":"node/9644449332","tension_kv":[132.0]},"geometry":{"type":"Point","coordinates":[-59.2946,-37.84613]}},{"type":"Feature","properties":{"power":"tower","osm":"node/9644449333","tension_kv":[132.0]},"geometry":{"type":"Point","coordinates":[-59.29488,-37.84473]}},{"type":"Feature","properties":{"power":"tower","osm":"node/9644449334","tension_kv":[132.0]},"geometry":{"type":"Point","coordinates":[-59.29521,-37.84335]}},{"type":"Feature","properties":{"power":"tower","osm":"node/9644449335","tension_kv":[132.0]},"geometry":{"type":"Point","coordinates":[-59.29548,-37.84194]}},{"type":"Feature","properties":{"power":"tower","osm":"node/9644449336","tension_kv":[132.0]},"geometry":{"type":"Point","coordinates":[-59.29578,-37.84056]}},{"type":"Feature","properties":{"power":"tower","osm":"node/9644449337","tension_kv":[132.0]},"geometry":{"type":"Point","coordinates":[-59.29609,-37.83913]}},{"type":"Feature","properties":{"power":"tower","osm":"node/9644449338","tension_kv":[132.0]},"geometry":{"type":"Point","coordinates":[-59.29638,-37.83774]}},{"type":"Feature","properties":{"power":"tower","osm":"node/9644449339","tension_kv":[132.0]},"geometry":{"type":"Point","coordinates":[-59.29668,-37.83638]}},{"type":"Feature","properties":{"power":"tower","osm":"node/9644449340","tension_kv":[132.0]},"geometry":{"type":"Point","coordinates":[-59.29697,-37.83497]}},{"type":"Feature","properties":{"power":"tower","osm":"node/9644449341","tension_kv":[132.0]},"geometry":{"type":"Point","coordinates":[-59.29726,-37.83359]}},{"type":"Feature","properties":{"power":"tower","osm":"node/9644449342","tension_kv":[132.0]},"geometry":{"type":"Point","coordinates":[-59.29755,-37.83219]}},{"type":"Feature","properties":{"power":"tower","osm":"node/9644449343","tension_kv":[132.0]},"geometry":{"type":"Point","coordinates":[-59.29783,-37.83077]}},{"type":"Feature","properties":{"power":"tower","osm":"node/9644449344","tension_kv":[132.0]},"geometry":{"type":"Point","coordinates":[-59.29814,-37.82938]}},{"type":"Feature","properties":{"power":"tower","osm":"node/9644449345","tension_kv":[132.0]},"geometry":{"type":"Point","coordinates":[-59.29842,-37.82811]}},{"type":"Feature","properties":{"power":"tower","osm":"node/9644449346","tension_kv":[132.0]},"geometry":{"type":"Point","coordinates":[-59.29868,-37.82686]}},{"type":"Feature","properties":{"power":"tower","osm":"node/9644449361","tension_kv":[132.0]},"geometry":{"type":"Point","coordinates":[-59.29886,-37.8258]}},{"type":"Feature","properties":{"power":"tower","osm":"node/9644449362","tension_kv":[132.0]},"geometry":{"type":"Point","coordinates":[-59.2991,-37.82473]}},{"type":"Feature","properties":{"power":"tower","osm":"node/9644449363","tension_kv":[132.0]},"geometry":{"type":"Point","coordinates":[-59.29935,-37.82367]}},{"type":"Feature","properties":{"power":"tower","osm":"node/9644449364","tension_kv":[132.0]},"geometry":{"type":"Point","coordinates":[-59.2996,-37.82275]}},{"type":"Feature","properties":{"power":"tower","osm":"node/9644449365","tension_kv":[132.0]},"geometry":{"type":"Point","coordinates":[-59.29982,-37.8218]}},{"type":"Feature","properties":{"power":"tower","osm":"node/9644449366","tension_kv":[132.0]},"geometry":{"type":"Point","coordinates":[-59.3001,-37.82048]}},{"type":"Feature","properties":{"power":"tower","osm":"node/9644449367","tension_kv":[132.0]},"geometry":{"type":"Point","coordinates":[-59.3004,-37.81917]}},{"type":"Feature","properties":{"power":"tower","osm":"node/9644449368","tension_kv":[132.0]},"geometry":{"type":"Point","coordinates":[-59.30066,-37.81787]}},{"type":"Feature","properties":{"power":"tower","osm":"node/9644449369","tension_kv":[132.0]},"geometry":{"type":"Point","coordinates":[-59.30092,-37.81656]}},{"type":"Feature","properties":{"power":"tower","osm":"node/9644449370","tension_kv":[132.0]},"geometry":{"type":"Point","coordinates":[-59.3012,-37.81523]}},{"type":"Feature","properties":{"power":"tower","osm":"node/9644449371","tension_kv":[132.0]},"geometry":{"type":"Point","coordinates":[-59.30147,-37.81394]}},{"type":"Feature","properties":{"power":"tower","osm":"node/9644449381","tension_kv":[132.0]},"geometry":{"type":"Point","coordinates":[-59.30176,-37.81262]}},{"type":"Feature","properties":{"power":"tower","osm":"node/9644449382","tension_kv":[132.0]},"geometry":{"type":"Point","coordinates":[-59.30203,-37.81129]}},{"type":"Feature","properties":{"power":"tower","osm":"node/9644449383","tension_kv":[132.0]},"geometry":{"type":"Point","coordinates":[-59.3023,-37.80996]}},{"type":"Feature","properties":{"power":"tower","osm":"node/9644449384","tension_kv":[132.0]},"geometry":{"type":"Point","coordinates":[-59.30262,-37.80863]}},{"type":"Feature","properties":{"power":"tower","osm":"node/9644449385","tension_kv":[132.0]},"geometry":{"type":"Point","coordinates":[-59.30288,-37.80731]}},{"type":"Feature","properties":{"power":"tower","osm":"node/9644449386","tension_kv":[132.0]},"geometry":{"type":"Point","coordinates":[-59.30317,-37.80598]}},{"type":"Feature","properties":{"power":"tower","osm":"node/9644449387","tension_kv":[132.0]},"geometry":{"type":"Point","coordinates":[-59.30344,-37.80466]}},{"type":"Feature","properties":{"power":"tower","osm":"node/9644449388","tension_kv":[132.0]},"geometry":{"type":"Point","coordinates":[-59.30373,-37.80332]}},{"type":"Feature","properties":{"power":"tower","osm":"node/9644449389","tension_kv":[132.0]},"geometry":{"type":"Point","coordinates":[-59.30403,-37.80236]}},{"type":"Feature","properties":{"power":"tower","osm":"node/9644449390","tension_kv":[132.0]},"geometry":{"type":"Point","coordinates":[-59.30433,-37.80174]}},{"type":"Feature","properties":{"power":"tower","osm":"node/9644449392","tension_kv":[132.0]},"geometry":{"type":"Point","coordinates":[-59.30482,-37.80091]}},{"type":"Feature","properties":{"power":"tower","osm":"node/9644449393","tension_kv":[132.0]},"geometry":{"type":"Point","coordinates":[-59.30533,-37.8002]}},{"type":"Feature","properties":{"power":"tower","osm":"node/9644449395","tension_kv":[132.0]},"geometry":{"type":"Point","coordinates":[-59.30568,-37.7998]}},{"type":"Feature","properties":{"power":"tower","osm":"node/9644449396","tension_kv":[132.0]},"geometry":{"type":"Point","coordinates":[-59.30678,-37.79868]}},{"type":"Feature","properties":{"power":"tower","osm":"node/9644449397","tension_kv":[132.0]},"geometry":{"type":"Point","coordinates":[-59.30786,-37.79755]}},{"type":"Feature","properties":{"power":"tower","osm":"node/9644449398","tension_kv":[132.0]},"geometry":{"type":"Point","coordinates":[-59.30897,-37.79646]}},{"type":"Feature","properties":{"power":"tower","osm":"node/9644449399","tension_kv":[132.0]},"geometry":{"type":"Point","coordinates":[-59.31007,-37.79537]}},{"type":"Feature","properties":{"power":"tower","osm":"node/9644449400","tension_kv":[132.0]},"geometry":{"type":"Point","coordinates":[-59.31119,-37.79426]}},{"type":"Feature","properties":{"power":"tower","osm":"node/9644449401","tension_kv":[132.0]},"geometry":{"type":"Point","coordinates":[-59.31058,-37.79384]}},{"type":"Feature","properties":{"power":"tower","osm":"node/9644449402","tension_kv":[132.0]},"geometry":{"type":"Point","coordinates":[-59.31167,-37.79271]}},{"type":"Feature","properties":{"power":"tower","osm":"node/9644449403","tension_kv":[132.0]},"geometry":{"type":"Point","coordinates":[-59.31278,-37.79163]}},{"type":"Feature","properties":{"power":"tower","osm":"node/9644449404","tension_kv":[132.0]},"geometry":{"type":"Point","coordinates":[-59.31389,-37.79055]}},{"type":"Feature","properties":{"power":"tower","osm":"node/9644449405","tension_kv":[132.0]},"geometry":{"type":"Point","coordinates":[-59.3149,-37.78947]}},{"type":"Feature","properties":{"power":"tower","osm":"node/9644449406","tension_kv":[132.0]},"geometry":{"type":"Point","coordinates":[-59.31583,-37.78854]}},{"type":"Feature","properties":{"power":"tower","osm":"node/9644449407","tension_kv":[132.0]},"geometry":{"type":"Point","coordinates":[-59.31682,-37.78763]}},{"type":"Feature","properties":{"power":"tower","osm":"node/9644449408","tension_kv":[132.0]},"geometry":{"type":"Point","coordinates":[-59.31772,-37.78674]}},{"type":"Feature","properties":{"power":"tower","osm":"node/9644449409","tension_kv":[132.0]},"geometry":{"type":"Point","coordinates":[-59.31878,-37.78737]}},{"type":"Feature","properties":{"power":"tower","osm":"node/9644449410","tension_kv":[132.0]},"geometry":{"type":"Point","coordinates":[-59.3193,-37.78681]}},{"type":"Feature","properties":{"power":"tower","osm":"node/9644449411","tension_kv":[132.0]},"geometry":{"type":"Point","coordinates":[-59.3204,-37.78578]}},{"type":"Feature","properties":{"power":"tower","osm":"node/9644449412","tension_kv":[132.0]},"geometry":{"type":"Point","coordinates":[-59.32148,-37.78471]}},{"type":"Feature","properties":{"power":"tower","osm":"node/9644449413","tension_kv":[132.0]},"geometry":{"type":"Point","coordinates":[-59.32251,-37.7837]}},{"type":"Feature","properties":{"power":"tower","osm":"node/9644449414","tension_kv":[132.0]},"geometry":{"type":"Point","coordinates":[-59.3236,-37.78263]}},{"type":"Feature","properties":{"power":"tower","osm":"node/9644449415","tension_kv":[132.0]},"geometry":{"type":"Point","coordinates":[-59.32468,-37.78162]}},{"type":"Feature","properties":{"power":"tower","osm":"node/9644449416","tension_kv":[132.0]},"geometry":{"type":"Point","coordinates":[-59.32574,-37.78057]}},{"type":"Feature","properties":{"power":"tower","osm":"node/9644454917","tension_kv":[132.0]},"geometry":{"type":"Point","coordinates":[-59.3268,-37.77951]}},{"type":"Feature","properties":{"power":"tower","osm":"node/9644454918","tension_kv":[132.0]},"geometry":{"type":"Point","coordinates":[-59.32788,-37.77848]}},{"type":"Feature","properties":{"power":"tower","osm":"node/9644454919","tension_kv":[132.0]},"geometry":{"type":"Point","coordinates":[-59.32894,-37.77745]}},{"type":"Feature","properties":{"power":"tower","osm":"node/9644454920","tension_kv":[132.0]},"geometry":{"type":"Point","coordinates":[-59.33,-37.7764]}},{"type":"Feature","properties":{"power":"tower","osm":"node/9644454921","tension_kv":[132.0]},"geometry":{"type":"Point","coordinates":[-59.33107,-37.77536]}},{"type":"Feature","properties":{"power":"tower","osm":"node/9644454922","tension_kv":[132.0]},"geometry":{"type":"Point","coordinates":[-59.33161,-37.77567]}},{"type":"Feature","properties":{"power":"tower","osm":"node/9644454923","tension_kv":[132.0]},"geometry":{"type":"Point","coordinates":[-59.33259,-37.77469]}},{"type":"Feature","properties":{"power":"tower","osm":"node/9644454924","tension_kv":[132.0]},"geometry":{"type":"Point","coordinates":[-59.33361,-37.77369]}},{"type":"Feature","properties":{"power":"tower","osm":"node/9644454925","tension_kv":[132.0]},"geometry":{"type":"Point","coordinates":[-59.33466,-37.77266]}},{"type":"Feature","properties":{"power":"tower","osm":"node/9644454926","tension_kv":[132.0]},"geometry":{"type":"Point","coordinates":[-59.33573,-37.77161]}},{"type":"Feature","properties":{"power":"tower","osm":"node/9644454927","tension_kv":[132.0]},"geometry":{"type":"Point","coordinates":[-59.33681,-37.77054]}},{"type":"Feature","properties":{"power":"tower","osm":"node/9644454928","tension_kv":[132.0]},"geometry":{"type":"Point","coordinates":[-59.3379,-37.76949]}},{"type":"Feature","properties":{"power":"tower","osm":"node/9644454929","tension_kv":[132.0]},"geometry":{"type":"Point","coordinates":[-59.33897,-37.76844]}},{"type":"Feature","properties":{"power":"tower","osm":"node/9644454930","tension_kv":[132.0]},"geometry":{"type":"Point","coordinates":[-59.34003,-37.76741]}},{"type":"Feature","properties":{"power":"tower","osm":"node/9644454931","tension_kv":[132.0]},"geometry":{"type":"Point","coordinates":[-59.34112,-37.76634]}},{"type":"Feature","properties":{"power":"tower","osm":"node/9644454932","tension_kv":[132.0]},"geometry":{"type":"Point","coordinates":[-59.34219,-37.76526]}},{"type":"Feature","properties":{"power":"tower","osm":"node/9644454933","tension_kv":[132.0]},"geometry":{"type":"Point","coordinates":[-59.34324,-37.76423]}},{"type":"Feature","properties":{"power":"tower","osm":"node/9644454938","tension_kv":[132.0]},"geometry":{"type":"Point","coordinates":[-59.34433,-37.76317]}},{"type":"Feature","properties":{"power":"tower","osm":"node/9644454939","tension_kv":[132.0]},"geometry":{"type":"Point","coordinates":[-59.34542,-37.76212]}},{"type":"Feature","properties":{"power":"tower","osm":"node/9644454940","tension_kv":[132.0]},"geometry":{"type":"Point","coordinates":[-59.3465,-37.76105]}},{"type":"Feature","properties":{"power":"tower","osm":"node/9644454941","tension_kv":[132.0]},"geometry":{"type":"Point","coordinates":[-59.34757,-37.76]}},{"type":"Feature","properties":{"power":"tower","osm":"node/9644454942","tension_kv":[132.0]},"geometry":{"type":"Point","coordinates":[-59.34865,-37.75897]}},{"type":"Feature","properties":{"power":"tower","osm":"node/9644454943","tension_kv":[132.0]},"geometry":{"type":"Point","coordinates":[-59.34971,-37.75789]}},{"type":"Feature","properties":{"power":"tower","osm":"node/9644454944","tension_kv":[132.0]},"geometry":{"type":"Point","coordinates":[-59.35079,-37.75684]}},{"type":"Feature","properties":{"power":"tower","osm":"node/9644482248","tension_kv":[132.0]},"geometry":{"type":"Point","coordinates":[-59.35482,-37.75071]}},{"type":"Feature","properties":{"power":"tower","osm":"node/9644482249","tension_kv":[132.0]},"geometry":{"type":"Point","coordinates":[-59.35373,-37.75176]}},{"type":"Feature","properties":{"power":"tower","osm":"node/9644482250","tension_kv":[132.0]},"geometry":{"type":"Point","coordinates":[-59.35267,-37.75278]}},{"type":"Feature","properties":{"power":"tower","osm":"node/9644482251","tension_kv":[132.0]},"geometry":{"type":"Point","coordinates":[-59.35162,-37.7538]}},{"type":"Feature","properties":{"power":"tower","osm":"node/9644482252","tension_kv":[132.0]},"geometry":{"type":"Point","coordinates":[-59.35051,-37.75485]}},{"type":"Feature","properties":{"power":"tower","osm":"node/9644482253","tension_kv":[132.0]},"geometry":{"type":"Point","coordinates":[-59.34945,-37.7559]}},{"type":"Feature","properties":{"power":"tower","osm":"node/9644482254","tension_kv":[132.0]},"geometry":{"type":"Point","coordinates":[-59.34836,-37.75693]}},{"type":"Feature","properties":{"power":"tower","osm":"node/9644482255","tension_kv":[132.0]},"geometry":{"type":"Point","coordinates":[-59.34729,-37.75798]}},{"type":"Feature","properties":{"power":"tower","osm":"node/9644482256","tension_kv":[132.0]},"geometry":{"type":"Point","coordinates":[-59.34617,-37.75907]}},{"type":"Feature","properties":{"power":"tower","osm":"node/9644482257","tension_kv":[132.0]},"geometry":{"type":"Point","coordinates":[-59.34512,-37.76011]}},{"type":"Feature","properties":{"power":"tower","osm":"node/9644482258","tension_kv":[132.0]},"geometry":{"type":"Point","coordinates":[-59.34406,-37.76114]}},{"type":"Feature","properties":{"power":"tower","osm":"node/9644482259","tension_kv":[132.0]},"geometry":{"type":"Point","coordinates":[-59.34295,-37.76215]}},{"type":"Feature","properties":{"power":"tower","osm":"node/9644482260","tension_kv":[132.0]},"geometry":{"type":"Point","coordinates":[-59.34195,-37.7632]}},{"type":"Feature","properties":{"power":"tower","osm":"node/9644482261","tension_kv":[132.0]},"geometry":{"type":"Point","coordinates":[-59.34084,-37.76425]}},{"type":"Feature","properties":{"power":"tower","osm":"node/9644482262","tension_kv":[132.0]},"geometry":{"type":"Point","coordinates":[-59.3398,-37.7653]}},{"type":"Feature","properties":{"power":"tower","osm":"node/9644482263","tension_kv":[132.0]},"geometry":{"type":"Point","coordinates":[-59.33872,-37.76634]}},{"type":"Feature","properties":{"power":"tower","osm":"node/9644482264","tension_kv":[132.0]},"geometry":{"type":"Point","coordinates":[-59.33764,-37.7674]}},{"type":"Feature","properties":{"power":"tower","osm":"node/9644482265","tension_kv":[132.0]},"geometry":{"type":"Point","coordinates":[-59.33656,-37.76845]}},{"type":"Feature","properties":{"power":"tower","osm":"node/9644482266","tension_kv":[132.0]},"geometry":{"type":"Point","coordinates":[-59.33549,-37.76948]}},{"type":"Feature","properties":{"power":"tower","osm":"node/9644482267","tension_kv":[132.0]},"geometry":{"type":"Point","coordinates":[-59.33437,-37.7705]}},{"type":"Feature","properties":{"power":"tower","osm":"node/9644482268","tension_kv":[132.0]},"geometry":{"type":"Point","coordinates":[-59.33322,-37.77153]}},{"type":"Feature","properties":{"power":"tower","osm":"node/9644482269","tension_kv":[132.0]},"geometry":{"type":"Point","coordinates":[-59.33214,-37.77256]}},{"type":"Feature","properties":{"power":"tower","osm":"node/9644482270","tension_kv":[132.0]},"geometry":{"type":"Point","coordinates":[-59.33108,-37.77357]}},{"type":"Feature","properties":{"power":"tower","osm":"node/9644482271","tension_kv":[132.0]},"geometry":{"type":"Point","coordinates":[-59.33001,-37.77456]}},{"type":"Feature","properties":{"power":"tower","osm":"node/9644482272","tension_kv":[132.0]},"geometry":{"type":"Point","coordinates":[-59.32883,-37.77563]}},{"type":"Feature","properties":{"power":"tower","osm":"node/9644482273","tension_kv":[132.0]},"geometry":{"type":"Point","coordinates":[-59.32776,-37.77665]}},{"type":"Feature","properties":{"power":"tower","osm":"node/9644482274","tension_kv":[132.0]},"geometry":{"type":"Point","coordinates":[-59.32663,-37.77765]}},{"type":"Feature","properties":{"power":"tower","osm":"node/9644482275","tension_kv":[132.0]},"geometry":{"type":"Point","coordinates":[-59.32559,-37.77867]}},{"type":"Feature","properties":{"power":"tower","osm":"node/9644482276","tension_kv":[132.0]},"geometry":{"type":"Point","coordinates":[-59.32448,-37.77968]}},{"type":"Feature","properties":{"power":"tower","osm":"node/9644482277","tension_kv":[132.0]},"geometry":{"type":"Point","coordinates":[-59.32345,-37.78073]}},{"type":"Feature","properties":{"power":"tower","osm":"node/9644482278","tension_kv":[132.0]},"geometry":{"type":"Point","coordinates":[-59.32232,-37.78174]}},{"type":"Feature","properties":{"power":"tower","osm":"node/9644482279","tension_kv":[132.0]},"geometry":{"type":"Point","coordinates":[-59.32122,-37.78275]}},{"type":"Feature","properties":{"power":"tower","osm":"node/9644482280","tension_kv":[132.0]},"geometry":{"type":"Point","coordinates":[-59.32016,-37.78376]}},{"type":"Feature","properties":{"power":"tower","osm":"node/9644482281","tension_kv":[132.0]},"geometry":{"type":"Point","coordinates":[-59.31902,-37.78485]}},{"type":"Feature","properties":{"power":"tower","osm":"node/9644482282","tension_kv":[132.0]},"geometry":{"type":"Point","coordinates":[-59.31784,-37.78593]}},{"type":"Feature","properties":{"power":"tower","osm":"node/9644482283","tension_kv":[132.0]},"geometry":{"type":"Point","coordinates":[-59.31675,-37.78704]}},{"type":"Feature","properties":{"power":"tower","osm":"node/9644482284","tension_kv":[132.0]},"geometry":{"type":"Point","coordinates":[-59.31567,-37.78814]}},{"type":"Feature","properties":{"power":"tower","osm":"node/9644482285","tension_kv":[132.0]},"geometry":{"type":"Point","coordinates":[-59.31458,-37.7892]}},{"type":"Feature","properties":{"power":"tower","osm":"node/9644482286","tension_kv":[132.0]},"geometry":{"type":"Point","coordinates":[-59.31352,-37.79027]}},{"type":"Feature","properties":{"power":"tower","osm":"node/9644482287","tension_kv":[132.0]},"geometry":{"type":"Point","coordinates":[-59.3125,-37.7913]}},{"type":"Feature","properties":{"power":"tower","osm":"node/9644482288","tension_kv":[132.0]},"geometry":{"type":"Point","coordinates":[-59.31148,-37.79237]}},{"type":"Feature","properties":{"power":"tower","osm":"node/9644482289","tension_kv":[132.0]},"geometry":{"type":"Point","coordinates":[-59.31041,-37.79343]}},{"type":"Feature","properties":{"power":"tower","osm":"node/9644482290","tension_kv":[132.0]},"geometry":{"type":"Point","coordinates":[-59.30937,-37.79448]}},{"type":"Feature","properties":{"power":"tower","osm":"node/9644482291","tension_kv":[132.0]},"geometry":{"type":"Point","coordinates":[-59.30836,-37.79552]}},{"type":"Feature","properties":{"power":"tower","osm":"node/9644482292","tension_kv":[132.0]},"geometry":{"type":"Point","coordinates":[-59.3073,-37.79658]}},{"type":"Feature","properties":{"power":"tower","osm":"node/9644482293","tension_kv":[132.0]},"geometry":{"type":"Point","coordinates":[-59.30627,-37.79762]}},{"type":"Feature","properties":{"power":"tower","osm":"node/9644482294","tension_kv":[132.0]},"geometry":{"type":"Point","coordinates":[-59.30523,-37.79867]}},{"type":"Feature","properties":{"power":"tower","osm":"node/9644482295","tension_kv":[132.0]},"geometry":{"type":"Point","coordinates":[-59.30421,-37.79971]}},{"type":"Feature","properties":{"power":"tower","osm":"node/9644482296","tension_kv":[132.0]},"geometry":{"type":"Point","coordinates":[-59.30316,-37.80077]}},{"type":"Feature","properties":{"power":"tower","osm":"node/9644482297","tension_kv":[132.0]},"geometry":{"type":"Point","coordinates":[-59.3021,-37.80183]}},{"type":"Feature","properties":{"power":"tower","osm":"node/9644482298","tension_kv":[132.0]},"geometry":{"type":"Point","coordinates":[-59.30187,-37.80319]}},{"type":"Feature","properties":{"power":"tower","osm":"node/9644482299","tension_kv":[132.0]},"geometry":{"type":"Point","coordinates":[-59.3016,-37.80451]}},{"type":"Feature","properties":{"power":"tower","osm":"node/9644482300","tension_kv":[132.0]},"geometry":{"type":"Point","coordinates":[-59.30136,-37.80585]}},{"type":"Feature","properties":{"power":"tower","osm":"node/9644482301","tension_kv":[132.0]},"geometry":{"type":"Point","coordinates":[-59.30116,-37.80719]}},{"type":"Feature","properties":{"power":"tower","osm":"node/9644482302","tension_kv":[132.0]},"geometry":{"type":"Point","coordinates":[-59.3009,-37.80852]}},{"type":"Feature","properties":{"power":"tower","osm":"node/9644482303","tension_kv":[132.0]},"geometry":{"type":"Point","coordinates":[-59.30067,-37.80985]}},{"type":"Feature","properties":{"power":"tower","osm":"node/9644482304","tension_kv":[132.0]},"geometry":{"type":"Point","coordinates":[-59.30045,-37.81119]}},{"type":"Feature","properties":{"power":"tower","osm":"node/9644482305","tension_kv":[132.0]},"geometry":{"type":"Point","coordinates":[-59.30018,-37.81253]}},{"type":"Feature","properties":{"power":"tower","osm":"node/9644482306","tension_kv":[132.0]},"geometry":{"type":"Point","coordinates":[-59.29994,-37.81388]}},{"type":"Feature","properties":{"power":"tower","osm":"node/9644482307","tension_kv":[132.0]},"geometry":{"type":"Point","coordinates":[-59.29971,-37.81517]}},{"type":"Feature","properties":{"power":"tower","osm":"node/9644482308","tension_kv":[132.0]},"geometry":{"type":"Point","coordinates":[-59.29943,-37.81653]}},{"type":"Feature","properties":{"power":"tower","osm":"node/9644482309","tension_kv":[132.0]},"geometry":{"type":"Point","coordinates":[-59.29923,-37.81786]}},{"type":"Feature","properties":{"power":"tower","osm":"node/9644482310","tension_kv":[132.0]},"geometry":{"type":"Point","coordinates":[-59.29895,-37.81919]}},{"type":"Feature","properties":{"power":"tower","osm":"node/9644482311","tension_kv":[132.0]},"geometry":{"type":"Point","coordinates":[-59.29872,-37.82052]}},{"type":"Feature","properties":{"power":"tower","osm":"node/9644482312","tension_kv":[132.0]},"geometry":{"type":"Point","coordinates":[-59.29845,-37.82179]}},{"type":"Feature","properties":{"power":"tower","osm":"node/9644482313","tension_kv":[132.0]},"geometry":{"type":"Point","coordinates":[-59.29824,-37.8232]}},{"type":"Feature","properties":{"power":"tower","osm":"node/9644482314","tension_kv":[132.0]},"geometry":{"type":"Point","coordinates":[-59.29803,-37.82453]}},{"type":"Feature","properties":{"power":"tower","osm":"node/9644482315","tension_kv":[132.0]},"geometry":{"type":"Point","coordinates":[-59.2975,-37.82721]}},{"type":"Feature","properties":{"power":"tower","osm":"node/9644482316","tension_kv":[132.0]},"geometry":{"type":"Point","coordinates":[-59.29776,-37.82587]}},{"type":"Feature","properties":{"power":"tower","osm":"node/9644511017","tension_kv":[132.0]},"geometry":{"type":"Point","coordinates":[-59.29729,-37.82855]}},{"type":"Feature","properties":{"power":"tower","osm":"node/9644511018","tension_kv":[132.0]},"geometry":{"type":"Point","coordinates":[-59.29704,-37.82987]}},{"type":"Feature","properties":{"power":"tower","osm":"node/9644511019","tension_kv":[132.0]},"geometry":{"type":"Point","coordinates":[-59.29677,-37.83121]}},{"type":"Feature","properties":{"power":"tower","osm":"node/9644511020","tension_kv":[132.0]},"geometry":{"type":"Point","coordinates":[-59.29649,-37.83255]}},{"type":"Feature","properties":{"power":"tower","osm":"node/9644511021","tension_kv":[132.0]},"geometry":{"type":"Point","coordinates":[-59.29624,-37.83387]}},{"type":"Feature","properties":{"power":"tower","osm":"node/9644511022","tension_kv":[132.0]},"geometry":{"type":"Point","coordinates":[-59.29596,-37.83519]}},{"type":"Feature","properties":{"power":"tower","osm":"node/9644511023","tension_kv":[132.0]},"geometry":{"type":"Point","coordinates":[-59.2957,-37.83655]}},{"type":"Feature","properties":{"power":"tower","osm":"node/9644511024","tension_kv":[132.0]},"geometry":{"type":"Point","coordinates":[-59.29542,-37.83786]}},{"type":"Feature","properties":{"power":"tower","osm":"node/9644511025","tension_kv":[132.0]},"geometry":{"type":"Point","coordinates":[-59.29518,-37.83922]}},{"type":"Feature","properties":{"power":"tower","osm":"node/9644511026","tension_kv":[132.0]},"geometry":{"type":"Point","coordinates":[-59.29493,-37.84054]}},{"type":"Feature","properties":{"power":"tower","osm":"node/9644511027","tension_kv":[132.0]},"geometry":{"type":"Point","coordinates":[-59.29465,-37.84186]}},{"type":"Feature","properties":{"power":"tower","osm":"node/9644511028","tension_kv":[132.0]},"geometry":{"type":"Point","coordinates":[-59.29438,-37.84321]}},{"type":"Feature","properties":{"power":"tower","osm":"node/9644511029","tension_kv":[132.0]},"geometry":{"type":"Point","coordinates":[-59.29411,-37.84453]}},{"type":"Feature","properties":{"power":"tower","osm":"node/9644511030","tension_kv":[132.0]},"geometry":{"type":"Point","coordinates":[-59.29385,-37.84587]}},{"type":"Feature","properties":{"power":"tower","osm":"node/9644511031","tension_kv":[132.0]},"geometry":{"type":"Point","coordinates":[-59.29358,-37.8472]}},{"type":"Feature","properties":{"power":"tower","osm":"node/9644511032","tension_kv":[132.0]},"geometry":{"type":"Point","coordinates":[-59.2933,-37.84852]}},{"type":"Feature","properties":{"power":"tower","osm":"node/9644511033","tension_kv":[132.0]},"geometry":{"type":"Point","coordinates":[-59.29312,-37.84955]}},{"type":"Feature","properties":{"power":"tower","osm":"node/9644511034","tension_kv":[132.0]},"geometry":{"type":"Point","coordinates":[-59.29279,-37.85117]}},{"type":"Feature","properties":{"power":"tower","osm":"node/9644511035","tension_kv":[132.0]},"geometry":{"type":"Point","coordinates":[-59.29252,-37.85256]}},{"type":"Feature","properties":{"power":"tower","osm":"node/9644511036","tension_kv":[132.0]},"geometry":{"type":"Point","coordinates":[-59.29218,-37.85387]}},{"type":"Feature","properties":{"power":"tower","osm":"node/9644511037","tension_kv":[132.0]},"geometry":{"type":"Point","coordinates":[-59.29184,-37.85523]}},{"type":"Feature","properties":{"power":"tower","osm":"node/9644511038","tension_kv":[132.0]},"geometry":{"type":"Point","coordinates":[-59.29154,-37.85654]}},{"type":"Feature","properties":{"power":"tower","osm":"node/9644511039","tension_kv":[132.0]},"geometry":{"type":"Point","coordinates":[-59.29121,-37.85786]}},{"type":"Feature","properties":{"power":"tower","osm":"node/9644511040","tension_kv":[132.0]},"geometry":{"type":"Point","coordinates":[-59.2909,-37.85919]}},{"type":"Feature","properties":{"power":"tower","osm":"node/9644511041","tension_kv":[132.0]},"geometry":{"type":"Point","coordinates":[-59.29053,-37.86053]}},{"type":"Feature","properties":{"power":"tower","osm":"node/9644511042","tension_kv":[132.0]},"geometry":{"type":"Point","coordinates":[-59.29026,-37.86182]}},{"type":"Feature","properties":{"power":"tower","osm":"node/9644511043","tension_kv":[132.0]},"geometry":{"type":"Point","coordinates":[-59.28991,-37.86315]}},{"type":"Feature","properties":{"power":"tower","osm":"node/9644511044","tension_kv":[132.0]},"geometry":{"type":"Point","coordinates":[-59.28935,-37.86538]}},{"type":"Feature","properties":{"power":"tower","osm":"node/9644511045","tension_kv":[132.0]},"geometry":{"type":"Point","coordinates":[-59.28965,-37.86418]}},{"type":"Feature","properties":{"power":"tower","osm":"node/9644511046","tension_kv":[132.0]},"geometry":{"type":"Point","coordinates":[-59.28903,-37.86667]}},{"type":"Feature","properties":{"power":"tower","osm":"node/9644511047","tension_kv":[132.0]},"geometry":{"type":"Point","coordinates":[-59.2887,-37.86799]}},{"type":"Feature","properties":{"power":"tower","osm":"node/9644511048","tension_kv":[132.0]},"geometry":{"type":"Point","coordinates":[-59.28836,-37.86932]}},{"type":"Feature","properties":{"power":"tower","osm":"node/9644511049","tension_kv":[132.0]},"geometry":{"type":"Point","coordinates":[-59.28806,-37.87059]}},{"type":"Feature","properties":{"power":"tower","osm":"node/9644511050","tension_kv":[132.0]},"geometry":{"type":"Point","coordinates":[-59.28772,-37.87196]}},{"type":"Feature","properties":{"power":"tower","osm":"node/9644511051","tension_kv":[132.0]},"geometry":{"type":"Point","coordinates":[-59.28741,-37.87325]}},{"type":"Feature","properties":{"power":"tower","osm":"node/9644511052","tension_kv":[132.0]},"geometry":{"type":"Point","coordinates":[-59.28707,-37.8746]}},{"type":"Feature","properties":{"power":"tower","osm":"node/9644511053","tension_kv":[132.0]},"geometry":{"type":"Point","coordinates":[-59.28672,-37.8759]}},{"type":"Feature","properties":{"power":"tower","osm":"node/9644511054","tension_kv":[132.0]},"geometry":{"type":"Point","coordinates":[-59.28638,-37.87723]}},{"type":"Feature","properties":{"power":"tower","osm":"node/9644511055","tension_kv":[132.0]},"geometry":{"type":"Point","coordinates":[-59.28609,-37.87855]}},{"type":"Feature","properties":{"power":"tower","osm":"node/9644511056","tension_kv":[132.0]},"geometry":{"type":"Point","coordinates":[-59.28573,-37.8799]}},{"type":"Feature","properties":{"power":"tower","osm":"node/9644511057","tension_kv":[132.0]},"geometry":{"type":"Point","coordinates":[-59.28542,-37.88123]}},{"type":"Feature","properties":{"power":"tower","osm":"node/9644511058","tension_kv":[132.0]},"geometry":{"type":"Point","coordinates":[-59.28509,-37.88256]}},{"type":"Feature","properties":{"power":"tower","osm":"node/9644511059","tension_kv":[132.0]},"geometry":{"type":"Point","coordinates":[-59.28476,-37.88388]}},{"type":"Feature","properties":{"power":"tower","osm":"node/9644511060","tension_kv":[132.0]},"geometry":{"type":"Point","coordinates":[-59.28446,-37.88513]}},{"type":"Feature","properties":{"power":"tower","osm":"node/9644511062","tension_kv":[132.0]},"geometry":{"type":"Point","coordinates":[-59.28413,-37.88646]}},{"type":"Feature","properties":{"power":"tower","osm":"node/9644511063","tension_kv":[132.0]},"geometry":{"type":"Point","coordinates":[-59.28381,-37.88779]}},{"type":"Feature","properties":{"power":"tower","osm":"node/9644511064","tension_kv":[132.0]},"geometry":{"type":"Point","coordinates":[-59.28353,-37.88911]}},{"type":"Feature","properties":{"power":"tower","osm":"node/9644511065","tension_kv":[132.0]},"geometry":{"type":"Point","coordinates":[-59.28325,-37.89044]}},{"type":"Feature","properties":{"power":"tower","osm":"node/9644511066","tension_kv":[132.0]},"geometry":{"type":"Point","coordinates":[-59.28292,-37.89176]}},{"type":"Feature","properties":{"power":"tower","osm":"node/9644511067","tension_kv":[132.0]},"geometry":{"type":"Point","coordinates":[-59.28255,-37.89332]}},{"type":"Feature","properties":{"power":"tower","osm":"node/9644511068","tension_kv":[132.0]},"geometry":{"type":"Point","coordinates":[-59.28225,-37.89468]}},{"type":"Feature","properties":{"power":"tower","osm":"node/9644511077","tension_kv":[132.0]},"geometry":{"type":"Point","coordinates":[-59.2819,-37.89597]}},{"type":"Feature","properties":{"power":"tower","osm":"node/9644511078","tension_kv":[132.0]},"geometry":{"type":"Point","coordinates":[-59.28156,-37.8973]}},{"type":"Feature","properties":{"power":"tower","osm":"node/9644511079","tension_kv":[132.0]},"geometry":{"type":"Point","coordinates":[-59.28125,-37.89859]}},{"type":"Feature","properties":{"power":"tower","osm":"node/9644511080","tension_kv":[132.0]},"geometry":{"type":"Point","coordinates":[-59.28092,-37.89993]}},{"type":"Feature","properties":{"power":"tower","osm":"node/9644511081","tension_kv":[132.0]},"geometry":{"type":"Point","coordinates":[-59.28061,-37.90129]}},{"type":"Feature","properties":{"power":"tower","osm":"node/9644511082","tension_kv":[132.0]},"geometry":{"type":"Point","coordinates":[-59.28052,-37.90264]}},{"type":"Feature","properties":{"power":"tower","osm":"node/9644511083","tension_kv":[132.0]},"geometry":{"type":"Point","coordinates":[-59.28041,-37.90395]}},{"type":"Feature","properties":{"power":"tower","osm":"node/9644511084","tension_kv":[132.0]},"geometry":{"type":"Point","coordinates":[-59.2803,-37.90529]}},{"type":"Feature","properties":{"power":"tower","osm":"node/9644511085","tension_kv":[132.0]},"geometry":{"type":"Point","coordinates":[-59.2802,-37.90666]}},{"type":"Feature","properties":{"power":"tower","osm":"node/9644511086","tension_kv":[132.0]},"geometry":{"type":"Point","coordinates":[-59.28008,-37.90799]}},{"type":"Feature","properties":{"power":"tower","osm":"node/9644511087","tension_kv":[132.0]},"geometry":{"type":"Point","coordinates":[-59.28,-37.90936]}},{"type":"Feature","properties":{"power":"tower","osm":"node/9644511088","tension_kv":[132.0]},"geometry":{"type":"Point","coordinates":[-59.2799,-37.9107]}},{"type":"Feature","properties":{"power":"tower","osm":"node/9644511089","tension_kv":[132.0]},"geometry":{"type":"Point","coordinates":[-59.2798,-37.91205]}},{"type":"Feature","properties":{"power":"tower","osm":"node/9644511090","tension_kv":[132.0]},"geometry":{"type":"Point","coordinates":[-59.27971,-37.91341]}},{"type":"Feature","properties":{"power":"tower","osm":"node/9644511091","tension_kv":[132.0]},"geometry":{"type":"Point","coordinates":[-59.27963,-37.91475]}},{"type":"Feature","properties":{"power":"tower","osm":"node/9644511092","tension_kv":[132.0]},"geometry":{"type":"Point","coordinates":[-59.27952,-37.9161]}},{"type":"Feature","properties":{"power":"tower","osm":"node/9644511093","tension_kv":[132.0]},"geometry":{"type":"Point","coordinates":[-59.27941,-37.91743]}},{"type":"Feature","properties":{"power":"tower","osm":"node/9644511094","tension_kv":[132.0]},"geometry":{"type":"Point","coordinates":[-59.27925,-37.91877]}},{"type":"Feature","properties":{"power":"tower","osm":"node/9644511095","tension_kv":[132.0]},"geometry":{"type":"Point","coordinates":[-59.27906,-37.9201]}},{"type":"Feature","properties":{"power":"tower","osm":"node/9644511096","tension_kv":[132.0]},"geometry":{"type":"Point","coordinates":[-59.27896,-37.92144]}},{"type":"Feature","properties":{"power":"tower","osm":"node/9644511097","tension_kv":[132.0]},"geometry":{"type":"Point","coordinates":[-59.27866,-37.92277]}},{"type":"Feature","properties":{"power":"tower","osm":"node/9644511098","tension_kv":[132.0]},"geometry":{"type":"Point","coordinates":[-59.27836,-37.92409]}},{"type":"Feature","properties":{"power":"tower","osm":"node/9644511099","tension_kv":[132.0]},"geometry":{"type":"Point","coordinates":[-59.27812,-37.92526]}},{"type":"Feature","properties":{"power":"tower","osm":"node/9644511100","tension_kv":[132.0]},"geometry":{"type":"Point","coordinates":[-59.27784,-37.92665]}},{"type":"Feature","properties":{"power":"tower","osm":"node/9644511101","tension_kv":[132.0]},"geometry":{"type":"Point","coordinates":[-59.27756,-37.9279]}},{"type":"Feature","properties":{"power":"tower","osm":"node/9644511102","tension_kv":[132.0]},"geometry":{"type":"Point","coordinates":[-59.27724,-37.92936]}},{"type":"Feature","properties":{"power":"tower","osm":"node/9644511103","tension_kv":[132.0]},"geometry":{"type":"Point","coordinates":[-59.27696,-37.9307]}},{"type":"Feature","properties":{"power":"tower","osm":"node/9644511104","tension_kv":[132.0]},"geometry":{"type":"Point","coordinates":[-59.27665,-37.93201]}},{"type":"Feature","properties":{"power":"tower","osm":"node/9644511105","tension_kv":[132.0]},"geometry":{"type":"Point","coordinates":[-59.27639,-37.93335]}},{"type":"Feature","properties":{"power":"tower","osm":"node/9644511106","tension_kv":[132.0]},"geometry":{"type":"Point","coordinates":[-59.27611,-37.93468]}},{"type":"Feature","properties":{"power":"tower","osm":"node/9644511107","tension_kv":[132.0]},"geometry":{"type":"Point","coordinates":[-59.27582,-37.93602]}},{"type":"Feature","properties":{"power":"tower","osm":"node/9644511108","tension_kv":[132.0]},"geometry":{"type":"Point","coordinates":[-59.27554,-37.93735]}},{"type":"Feature","properties":{"power":"tower","osm":"node/9644511109","tension_kv":[132.0]},"geometry":{"type":"Point","coordinates":[-59.27524,-37.93867]}},{"type":"Feature","properties":{"power":"tower","osm":"node/9644511110","tension_kv":[132.0]},"geometry":{"type":"Point","coordinates":[-59.27496,-37.94002]}},{"type":"Feature","properties":{"power":"tower","osm":"node/9644511111","tension_kv":[132.0]},"geometry":{"type":"Point","coordinates":[-59.2747,-37.94134]}},{"type":"Feature","properties":{"power":"tower","osm":"node/9644511112","tension_kv":[132.0]},"geometry":{"type":"Point","coordinates":[-59.27436,-37.94268]}},{"type":"Feature","properties":{"power":"tower","osm":"node/9644511113","tension_kv":[132.0]},"geometry":{"type":"Point","coordinates":[-59.2741,-37.94398]}},{"type":"Feature","properties":{"power":"tower","osm":"node/9644511114","tension_kv":[132.0]},"geometry":{"type":"Point","coordinates":[-59.2738,-37.94533]}},{"type":"Feature","properties":{"power":"tower","osm":"node/9644511115","tension_kv":[132.0]},"geometry":{"type":"Point","coordinates":[-59.27353,-37.94663]}},{"type":"Feature","properties":{"power":"tower","osm":"node/9644511117","tension_kv":[132.0]},"geometry":{"type":"Point","coordinates":[-59.27305,-37.94881]}},{"type":"Feature","properties":{"power":"tower","osm":"node/9644511118","tension_kv":[132.0]},"geometry":{"type":"Point","coordinates":[-59.27276,-37.95013]}},{"type":"Feature","properties":{"power":"tower","osm":"node/9644511119","tension_kv":[132.0]},"geometry":{"type":"Point","coordinates":[-59.27249,-37.95145]}},{"type":"Feature","properties":{"power":"tower","osm":"node/9644511120","tension_kv":[132.0]},"geometry":{"type":"Point","coordinates":[-59.27218,-37.9528]}},{"type":"Feature","properties":{"power":"tower","osm":"node/9644512555","tension_kv":[132.0]},"geometry":{"type":"Point","coordinates":[-59.27194,-37.95412]}},{"type":"Feature","properties":{"power":"tower","osm":"node/9644512556","tension_kv":[132.0]},"geometry":{"type":"Point","coordinates":[-59.27165,-37.95546]}},{"type":"Feature","properties":{"power":"tower","osm":"node/9644512557","tension_kv":[132.0]},"geometry":{"type":"Point","coordinates":[-59.27136,-37.95679]}},{"type":"Feature","properties":{"power":"tower","osm":"node/9644512558","tension_kv":[132.0]},"geometry":{"type":"Point","coordinates":[-59.27107,-37.95813]}},{"type":"Feature","properties":{"power":"tower","osm":"node/9644512559","tension_kv":[132.0]},"geometry":{"type":"Point","coordinates":[-59.27079,-37.95945]}},{"type":"Feature","properties":{"power":"tower","osm":"node/9644512560","tension_kv":[132.0]},"geometry":{"type":"Point","coordinates":[-59.27051,-37.96079]}},{"type":"Feature","properties":{"power":"tower","osm":"node/9644512561","tension_kv":[132.0]},"geometry":{"type":"Point","coordinates":[-59.27021,-37.96212]}},{"type":"Feature","properties":{"power":"tower","osm":"node/9644512562","tension_kv":[132.0]},"geometry":{"type":"Point","coordinates":[-59.26992,-37.96345]}},{"type":"Feature","properties":{"power":"tower","osm":"node/9644512563","tension_kv":[132.0]},"geometry":{"type":"Point","coordinates":[-59.26966,-37.96478]}},{"type":"Feature","properties":{"power":"tower","osm":"node/9644512564","tension_kv":[132.0]},"geometry":{"type":"Point","coordinates":[-59.26938,-37.96611]}},{"type":"Feature","properties":{"power":"tower","osm":"node/9644512565","tension_kv":[132.0]},"geometry":{"type":"Point","coordinates":[-59.26883,-37.96882]}},{"type":"Feature","properties":{"power":"tower","osm":"node/9644512566","tension_kv":[132.0]},"geometry":{"type":"Point","coordinates":[-59.26907,-37.96746]}},{"type":"Feature","properties":{"power":"tower","osm":"node/9644512567","tension_kv":[132.0]},"geometry":{"type":"Point","coordinates":[-59.26853,-37.97013]}},{"type":"Feature","properties":{"power":"tower","osm":"node/9644512568","tension_kv":[132.0]},"geometry":{"type":"Point","coordinates":[-59.26825,-37.97146]}},{"type":"Feature","properties":{"power":"tower","osm":"node/9644512569","tension_kv":[132.0]},"geometry":{"type":"Point","coordinates":[-59.268,-37.97277]}},{"type":"Feature","properties":{"power":"tower","osm":"node/9644512571","tension_kv":[132.0]},"geometry":{"type":"Point","coordinates":[-59.26747,-37.97545]}},{"type":"Feature","properties":{"power":"tower","osm":"node/9644512572","tension_kv":[132.0]},"geometry":{"type":"Point","coordinates":[-59.26714,-37.97681]}},{"type":"Feature","properties":{"power":"tower","osm":"node/9644512573","tension_kv":[132.0]},"geometry":{"type":"Point","coordinates":[-59.26688,-37.97816]}},{"type":"Feature","properties":{"power":"tower","osm":"node/9644512574","tension_kv":[132.0]},"geometry":{"type":"Point","coordinates":[-59.26659,-37.97947]}},{"type":"Feature","properties":{"power":"tower","osm":"node/9644512575","tension_kv":[132.0]},"geometry":{"type":"Point","coordinates":[-59.26631,-37.9808]}},{"type":"Feature","properties":{"power":"tower","osm":"node/9644512576","tension_kv":[132.0]},"geometry":{"type":"Point","coordinates":[-59.26602,-37.98211]}},{"type":"Feature","properties":{"power":"tower","osm":"node/9644512577","tension_kv":[132.0]},"geometry":{"type":"Point","coordinates":[-59.26573,-37.98347]}},{"type":"Feature","properties":{"power":"tower","osm":"node/9644512578","tension_kv":[132.0]},"geometry":{"type":"Point","coordinates":[-59.26545,-37.9848]}},{"type":"Feature","properties":{"power":"tower","osm":"node/9644512579","tension_kv":[132.0]},"geometry":{"type":"Point","coordinates":[-59.26516,-37.98614]}},{"type":"Feature","properties":{"power":"tower","osm":"node/9644512580","tension_kv":[132.0]},"geometry":{"type":"Point","coordinates":[-59.26488,-37.98748]}},{"type":"Feature","properties":{"power":"tower","osm":"node/9644512581","tension_kv":[132.0]},"geometry":{"type":"Point","coordinates":[-59.26459,-37.98883]}},{"type":"Feature","properties":{"power":"tower","osm":"node/9644512583","tension_kv":[132.0]},"geometry":{"type":"Point","coordinates":[-59.2643,-37.99014]}},{"type":"Feature","properties":{"power":"tower","osm":"node/9644512584","tension_kv":[132.0]},"geometry":{"type":"Point","coordinates":[-59.26402,-37.99146]}},{"type":"Feature","properties":{"power":"tower","osm":"node/9644512585","tension_kv":[132.0]},"geometry":{"type":"Point","coordinates":[-59.26382,-37.9926]}},{"type":"Feature","properties":{"power":"tower","osm":"node/9644512589","tension_kv":[132.0]},"geometry":{"type":"Point","coordinates":[-59.35587,-37.74969]}},{"type":"Feature","properties":{"power":"tower","osm":"node/11009458017","tension_kv":[500.0]},"geometry":{"type":"Point","coordinates":[-59.27628,-38.06639]}},{"type":"Feature","properties":{"power":"tower","osm":"node/11009458018","tension_kv":[500.0]},"geometry":{"type":"Point","coordinates":[-59.27152,-38.06412]}},{"type":"Feature","properties":{"power":"tower","osm":"node/11009458019","tension_kv":[500.0]},"geometry":{"type":"Point","coordinates":[-59.26704,-38.06196]}},{"type":"Feature","properties":{"power":"tower","osm":"node/11009458020","tension_kv":[500.0]},"geometry":{"type":"Point","coordinates":[-59.26254,-38.05976]}},{"type":"Feature","properties":{"power":"tower","osm":"node/11009458021","tension_kv":[500.0]},"geometry":{"type":"Point","coordinates":[-59.25811,-38.05757]}},{"type":"Feature","properties":{"power":"tower","osm":"node/11009458022","tension_kv":[500.0]},"geometry":{"type":"Point","coordinates":[-59.25363,-38.05527]}},{"type":"Feature","properties":{"power":"tower","osm":"node/11009458023","tension_kv":[500.0]},"geometry":{"type":"Point","coordinates":[-59.24904,-38.05306]}},{"type":"Feature","properties":{"power":"tower","osm":"node/11009458024","tension_kv":[500.0]},"geometry":{"type":"Point","coordinates":[-59.24439,-38.05078]}},{"type":"Feature","properties":{"power":"tower","osm":"node/11009458025","tension_kv":[500.0]},"geometry":{"type":"Point","coordinates":[-59.23937,-38.04843]}},{"type":"Feature","properties":{"power":"pole","osm":"node/11035976263","tension_kv":[33.0]},"geometry":{"type":"Point","coordinates":[-58.70216,-38.57495]}},{"type":"Feature","properties":{"power":"pole","osm":"node/11035976264","tension_kv":[33.0]},"geometry":{"type":"Point","coordinates":[-58.70241,-38.55871]}}]}
