{"type":"FeatureCollection","features":[{"type":"Feature","properties":{"fdc":"IGN","sag":"IGN","tipo":"Pajonal, juncal, totoral","ign":"vegetacion_hidrofila_ED020.1836"},"geometry":{"type":"MultiPolygon","coordinates":[[[[-59.36596,-37.75632],[-59.36631,-37.7566],[-59.36666,-37.75688],[-59.36701,-37.75716],[-59.36736,-37.75744],[-59.36771,-37.75772],[-59.36813,-37.75782],[-59.36856,-37.75791],[-59.36898,-37.758],[-59.36941,-37.75809],[-59.36983,-37.75818],[-59.37026,-37.75827],[-59.37068,-37.75836],[-59.37111,-37.75845],[-59.37153,-37.75855],[-59.37196,-37.75864],[-59.37196,-37.75837],[-59.37196,-37.7581],[-59.37229,-37.75788],[-59.37261,-37.75766],[-59.37294,-37.75743],[-59.37326,-37.75721],[-59.37364,-37.7573],[-59.37401,-37.75738],[-59.37439,-37.75746],[-59.374,-37.75727],[-59.37361,-37.75707],[-59.37323,-37.75688],[-59.37284,-37.75669],[-59.37245,-37.7565],[-59.37206,-37.7563],[-59.37168,-37.75611],[-59.37129,-37.75592],[-59.3709,-37.75572],[-59.37051,-37.75553],[-59.37013,-37.75534],[-59.36974,-37.75514],[-59.36936,-37.75496],[-59.36899,-37.75478],[-59.36861,-37.7546],[-59.36824,-37.75442],[-59.36786,-37.75423],[-59.36749,-37.75405],[-59.36711,-37.75387],[-59.36673,-37.75369],[-59.36636,-37.75351],[-59.36598,-37.75333],[-59.36562,-37.75313],[-59.36526,-37.75292],[-59.3649,-37.75272],[-59.36454,-37.75252],[-59.36418,-37.75232],[-59.36382,-37.75212],[-59.36346,-37.75192],[-59.3631,-37.75172],[-59.36274,-37.75151],[-59.36244,-37.75127],[-59.36214,-37.75103],[-59.36184,-37.75079],[-59.36154,-37.75055],[-59.36124,-37.75031],[-59.36083,-37.75013],[-59.36042,-37.74996],[-59.36002,-37.74978],[-59.35961,-37.7496],[-59.3592,-37.74942],[-59.3588,-37.74925],[-59.35839,-37.74907],[-59.35798,-37.74889],[-59.35765,-37.74865],[-59.35732,-37.7484],[-59.35698,-37.74816],[-59.35665,-37.74791],[-59.35632,-37.74767],[-59.35599,-37.74742],[-59.35565,-37.74718],[-59.35532,-37.74693],[-59.35499,-37.74669],[-59.35465,-37.74646],[-59.35432,-37.74624],[-59.35399,-37.74601],[-59.35366,-37.74579],[-59.35332,-37.74557],[-59.35299,-37.74534],[-59.35266,-37.74512],[-59.35232,-37.7449],[-59.35199,-37.74467],[-59.35187,-37.74427],[-59.35175,-37.74387],[-59.35162,-37.74347],[-59.3515,-37.74307],[-59.35138,-37.74267],[-59.35126,-37.74227],[-59.35114,-37.74187],[-59.35101,-37.74147],[-59.35089,-37.74107],[-59.35077,-37.74067],[-59.35046,-37.7404],[-59.35015,-37.74012],[-59.34983,-37.73985],[-59.34952,-37.73957],[-59.34921,-37.7393],[-59.3489,-37.73902],[-59.34859,-37.73874],[-59.34828,-37.73847],[-59.34787,-37.73834],[-59.34746,-37.73821],[-59.34705,-37.73809],[-59.34665,-37.73796],[-59.34624,-37.73783],[-59.34583,-37.73771],[-59.34542,-37.73758],[-59.34502,-37.73745],[-59.34484,-37.73708],[-59.34467,-37.73671],[-59.34449,-37.73634],[-59.34431,-37.73597],[-59.34414,-37.7356],[-59.34396,-37.73522],[-59.34379,-37.73485],[-59.34342,-37.73465],[-59.34306,-37.73445],[-59.34269,-37.73425],[-59.34233,-37.73405],[-59.34196,-37.73384],[-59.3416,-37.73364],[-59.34123,-37.73344],[-59.34087,-37.73324],[-59.3405,-37.73304],[-59.34013,-37.73284],[-59.33977,-37.73263],[-59.3394,-37.73243],[-59.33904,-37.73223],[-59.33872,-37.73195],[-59.3384,-37.73166],[-59.33808,-37.73137],[-59.33776,-37.73109],[-59.33744,-37.7308],[-59.33712,-37.73051],[-59.3368,-37.73023],[-59.33639,-37.73015],[-59.33598,-37.73007],[-59.33557,-37.73],[-59.33517,-37.72992],[-59.33476,-37.72984],[-59.33435,-37.72976],[-59.33394,-37.72969],[-59.33353,-37.72961],[-59.33312,-37.7295],[-59.33271,-37.72939],[-59.3323,-37.72928],[-59.33189,-37.72917],[-59.33148,-37.72905],[-59.33107,-37.72894],[-59.33066,-37.72883],[-59.33025,-37.72872],[-59.32985,-37.72861],[-59.32944,-37.7285],[-59.32903,-37.72839],[-59.32863,-37.72818],[-59.32823,-37.72798],[-59.32783,-37.72778],[-59.32743,-37.72758],[-59.32703,-37.72738],[-59.32671,-37.7271],[-59.3264,-37.72683],[-59.32609,-37.72655],[-59.32578,-37.72627],[-59.32547,-37.726],[-59.32516,-37.72572],[-59.32484,-37.72545],[-59.32453,-37.72517],[-59.32419,-37.72497],[-59.32384,-37.72477],[-59.3235,-37.72457],[-59.32316,-37.72436],[-59.32281,-37.72416],[-59.32247,-37.72396],[-59.32213,-37.72376],[-59.32178,-37.72356],[-59.32142,-37.72338],[-59.32106,-37.7232],[-59.3207,-37.72302],[-59.32034,-37.72284],[-59.31998,-37.72266],[-59.31962,-37.72248],[-59.31926,-37.7223],[-59.3189,-37.72212],[-59.31853,-37.72194],[-59.31814,-37.72186],[-59.31775,-37.72177],[-59.31735,-37.72168],[-59.31696,-37.72159],[-59.31656,-37.7215],[-59.31617,-37.72142],[-59.31578,-37.72133],[-59.31543,-37.72121],[-59.31508,-37.72108],[-59.31473,-37.72096],[-59.31438,-37.72084],[-59.31403,-37.72072],[-59.31361,-37.72063],[-59.31319,-37.72054],[-59.31277,-37.72044],[-59.31236,-37.72035],[-59.31194,-37.72026],[-59.31152,-37.72017],[-59.3111,-37.72008],[-59.31069,-37.71999],[-59.31027,-37.7199],[-59.30989,-37.71976],[-59.30952,-37.71963],[-59.30914,-37.71949],[-59.30877,-37.71936],[-59.30839,-37.71922],[-59.30802,-37.71909],[-59.30766,-37.71885],[-59.30729,-37.71861],[-59.30693,-37.71836],[-59.30657,-37.71812],[-59.30621,-37.71788],[-59.30585,-37.71764],[-59.30548,-37.7174],[-59.30512,-37.71716],[-59.30476,-37.71691],[-59.3044,-37.71667],[-59.30404,-37.71643],[-59.30367,-37.71619],[-59.30331,-37.71595],[-59.30295,-37.71571],[-59.30259,-37.71546],[-59.30223,-37.71522],[-59.30186,-37.71498],[-59.3015,-37.71474],[-59.30114,-37.7145],[-59.30078,-37.71426],[-59.30048,-37.71398],[-59.30018,-37.71369],[-59.29988,-37.71341],[-59.29958,-37.71313],[-59.29928,-37.71285],[-59.29899,-37.71257],[-59.29869,-37.71229],[-59.29839,-37.71201],[-59.29809,-37.71173],[-59.29779,-37.71144],[-59.29744,-37.7116],[-59.29708,-37.71176],[-59.29673,-37.71192],[-59.29638,-37.71208],[-59.29602,-37.71223],[-59.29627,-37.71253],[-59.29652,-37.71284],[-59.29677,-37.71314],[-59.29702,-37.71344],[-59.29731,-37.71377],[-59.2976,-37.7141],[-59.29789,-37.71444],[-59.29818,-37.71477],[-59.29847,-37.71511],[-59.29876,-37.71544],[-59.299,-37.71578],[-59.29925,-37.71611],[-59.2995,-37.71645],[-59.29975,-37.71678],[-59.3,-37.71711],[-59.30025,-37.71745],[-59.30058,-37.71769],[-59.30091,-37.71794],[-59.30124,-37.71819],[-59.30158,-37.71843],[-59.30191,-37.71868],[-59.30224,-37.71892],[-59.30257,-37.71917],[-59.30291,-37.71941],[-59.30324,-37.71966],[-59.30363,-37.7198],[-59.30402,-37.71995],[-59.30442,-37.72009],[-59.30481,-37.72024],[-59.3052,-37.72038],[-59.3056,-37.72053],[-59.30599,-37.72067],[-59.30638,-37.72076],[-59.30677,-37.72085],[-59.30716,-37.72094],[-59.30755,-37.72104],[-59.30794,-37.72113],[-59.30833,-37.72122],[-59.30872,-37.72131],[-59.30911,-37.7214],[-59.3095,-37.72149],[-59.30994,-37.72154],[-59.31038,-37.72159],[-59.31082,-37.72165],[-59.31125,-37.7217],[-59.31169,-37.72175],[-59.31213,-37.7218],[-59.31257,-37.72186],[-59.31301,-37.72191],[-59.31344,-37.72197],[-59.31387,-37.72203],[-59.3143,-37.72209],[-59.31473,-37.72215],[-59.31516,-37.72221],[-59.31559,-37.72227],[-59.31602,-37.72233],[-59.31642,-37.72249],[-59.31682,-37.72265],[-59.31722,-37.72281],[-59.31762,-37.72298],[-59.31802,-37.72314],[-59.31842,-37.7233],[-59.31882,-37.72346],[-59.31922,-37.72362],[-59.31962,-37.72378],[-59.32002,-37.72395],[-59.32027,-37.72431],[-59.32052,-37.72467],[-59.32077,-37.72503],[-59.32102,-37.72539],[-59.32127,-37.72575],[-59.32154,-37.72604],[-59.32182,-37.72633],[-59.32209,-37.72662],[-59.32237,-37.72691],[-59.32265,-37.7272],[-59.32292,-37.72749],[-59.3232,-37.72778],[-59.32347,-37.72807],[-59.32375,-37.72836],[-59.32415,-37.72844],[-59.32455,-37.72852],[-59.32495,-37.7286],[-59.32535,-37.72868],[-59.32576,-37.72877],[-59.32616,-37.72885],[-59.32656,-37.72893],[-59.32696,-37.72901],[-59.32736,-37.72909],[-59.32776,-37.72918],[-59.3281,-37.72938],[-59.32843,-37.72958],[-59.32876,-37.72978],[-59.3291,-37.72998],[-59.32943,-37.73018],[-59.32976,-37.73038],[-59.33016,-37.73058],[-59.33055,-37.73077],[-59.33095,-37.73096],[-59.33135,-37.73116],[-59.33174,-37.73135],[-59.33214,-37.73154],[-59.33253,-37.73174],[-59.33293,-37.73193],[-59.33332,-37.73212],[-59.33372,-37.73232],[-59.33412,-37.73251],[-59.33451,-37.7327],[-59.33491,-37.7329],[-59.3353,-37.73309],[-59.3357,-37.73328],[-59.3361,-37.73348],[-59.33649,-37.73367],[-59.33689,-37.73386],[-59.33728,-37.73406],[-59.33768,-37.73425],[-59.33808,-37.73444],[-59.33847,-37.73464],[-59.33887,-37.73483],[-59.33926,-37.73502],[-59.33957,-37.73532],[-59.33988,-37.73561],[-59.34019,-37.73591],[-59.3405,-37.7362],[-59.3408,-37.7365],[-59.34111,-37.73679],[-59.34142,-37.73709],[-59.34173,-37.73738],[-59.34203,-37.73768],[-59.34234,-37.73797],[-59.34265,-37.73827],[-59.34296,-37.73856],[-59.34327,-37.73886],[-59.34357,-37.73915],[-59.34388,-37.73945],[-59.34419,-37.73974],[-59.3445,-37.74004],[-59.34483,-37.74031],[-59.34516,-37.74058],[-59.34549,-37.74085],[-59.34589,-37.74099],[-59.34628,-37.74114],[-59.34667,-37.74128],[-59.34707,-37.74143],[-59.34746,-37.74157],[-59.34785,-37.74172],[-59.34825,-37.74186],[-59.3483,-37.74226],[-59.34835,-37.74266],[-59.34841,-37.74306],[-59.34846,-37.74346],[-59.34851,-37.74386],[-59.34856,-37.74426],[-59.34862,-37.74465],[-59.34867,-37.74505],[-59.34872,-37.74545],[-59.34905,-37.74573],[-59.34937,-37.74601],[-59.3497,-37.74629],[-59.35002,-37.74656],[-59.35035,-37.74684],[-59.35068,-37.74712],[-59.351,-37.7474],[-59.35133,-37.74768],[-59.35165,-37.74795],[-59.35198,-37.74823],[-59.35231,-37.74851],[-59.35263,-37.74879],[-59.35296,-37.74907],[-59.3533,-37.74934],[-59.35365,-37.74962],[-59.35399,-37.74989],[-59.35433,-37.75017],[-59.35468,-37.75045],[-59.35502,-37.75072],[-59.35536,-37.751],[-59.35571,-37.75127],[-59.35606,-37.75145],[-59.35642,-37.75162],[-59.35678,-37.75179],[-59.35714,-37.75197],[-59.35749,-37.75214],[-59.35785,-37.75231],[-59.35821,-37.75249],[-59.35858,-37.75265],[-59.35896,-37.75281],[-59.35933,-37.75297],[-59.35971,-37.75313],[-59.36008,-37.75329],[-59.36046,-37.75346],[-59.36084,-37.75362],[-59.36121,-37.75378],[-59.36159,-37.75394],[-59.36196,-37.7541],[-59.36232,-37.7543],[-59.36269,-37.7545],[-59.36305,-37.75471],[-59.36342,-37.75491],[-59.36378,-37.75511],[-59.36414,-37.75531],[-59.36451,-37.75551],[-59.36487,-37.75571],[-59.36523,-37.75591],[-59.3656,-37.75612],[-59.36596,-37.75632]]]]}},{"type":"Feature","properties":{"fdc":"IGN","sag":"IGN","tipo":"Pajonal, juncal, totoral","ign":"vegetacion_hidrofila_ED020.1842"},"geometry":{"type":"MultiPolygon","coordinates":[[[[-59.41967,-37.87185],[-59.41968,-37.87228],[-59.4197,-37.87271],[-59.41972,-37.87313],[-59.42011,-37.87297],[-59.42051,-37.87281],[-59.4209,-37.87265],[-59.42129,-37.87249],[-59.42168,-37.87233],[-59.42208,-37.87217],[-59.42247,-37.87201],[-59.42286,-37.87185],[-59.42289,-37.87141],[-59.42291,-37.87097],[-59.42293,-37.87054],[-59.42296,-37.8701],[-59.42298,-37.86967],[-59.423,-37.86923],[-59.42291,-37.86884],[-59.42281,-37.86844],[-59.42271,-37.86805],[-59.42262,-37.86765],[-59.42252,-37.86726],[-59.42243,-37.86687],[-59.42233,-37.86647],[-59.42223,-37.86608],[-59.42214,-37.86568],[-59.42204,-37.86529],[-59.4219,-37.86487],[-59.42176,-37.86446],[-59.42162,-37.86405],[-59.42148,-37.86363],[-59.42135,-37.86322],[-59.42121,-37.8628],[-59.42107,-37.86239],[-59.42093,-37.86198],[-59.42079,-37.86156],[-59.42065,-37.86115],[-59.42051,-37.86073],[-59.42037,-37.86032],[-59.42024,-37.85991],[-59.4201,-37.85949],[-59.4201,-37.8591],[-59.4201,-37.8587],[-59.42011,-37.85831],[-59.42011,-37.85791],[-59.42011,-37.85752],[-59.42012,-37.85712],[-59.42026,-37.85671],[-59.42041,-37.8563],[-59.42055,-37.85589],[-59.4207,-37.85547],[-59.42084,-37.85506],[-59.42099,-37.85465],[-59.42113,-37.85424],[-59.42128,-37.85382],[-59.42142,-37.85341],[-59.42157,-37.853],[-59.42171,-37.85259],[-59.42186,-37.85217],[-59.422,-37.85176],[-59.42215,-37.85135],[-59.42225,-37.85097],[-59.42235,-37.8506],[-59.42244,-37.85023],[-59.42254,-37.84985],[-59.42264,-37.84948],[-59.42274,-37.8491],[-59.42284,-37.84873],[-59.42284,-37.84829],[-59.42284,-37.84785],[-59.42285,-37.84741],[-59.42285,-37.84697],[-59.42285,-37.84653],[-59.42286,-37.8461],[-59.42286,-37.84566],[-59.42286,-37.84522],[-59.42286,-37.84478],[-59.42287,-37.84434],[-59.42287,-37.8439],[-59.42287,-37.84346],[-59.42288,-37.84304],[-59.42288,-37.84262],[-59.42289,-37.84219],[-59.42289,-37.84177],[-59.42289,-37.84134],[-59.4229,-37.84092],[-59.4229,-37.84049],[-59.4229,-37.84007],[-59.42291,-37.83965],[-59.42291,-37.83922],[-59.42291,-37.8388],[-59.42292,-37.83837],[-59.42292,-37.83795],[-59.42284,-37.83762],[-59.42276,-37.83729],[-59.42267,-37.83696],[-59.42259,-37.83663],[-59.42245,-37.83625],[-59.4223,-37.83587],[-59.42215,-37.83548],[-59.422,-37.8351],[-59.42186,-37.83472],[-59.42171,-37.83433],[-59.42156,-37.83395],[-59.42142,-37.83357],[-59.42127,-37.83318],[-59.42112,-37.8328],[-59.42097,-37.83242],[-59.42094,-37.83197],[-59.42091,-37.83152],[-59.42088,-37.83108],[-59.42085,-37.83063],[-59.42082,-37.83018],[-59.42079,-37.82973],[-59.42076,-37.82929],[-59.42073,-37.82884],[-59.4207,-37.82839],[-59.42067,-37.82795],[-59.42078,-37.82753],[-59.42088,-37.82711],[-59.42098,-37.82669],[-59.42108,-37.82626],[-59.42119,-37.82584],[-59.42129,-37.82542],[-59.42139,-37.825],[-59.42149,-37.82458],[-59.4216,-37.82416],[-59.4217,-37.82374],[-59.4218,-37.82332],[-59.4219,-37.8229],[-59.42201,-37.82248],[-59.42211,-37.82206],[-59.42221,-37.82164],[-59.42232,-37.82122],[-59.42242,-37.8208],[-59.42252,-37.82038],[-59.42262,-37.81996],[-59.42273,-37.81954],[-59.42283,-37.81915],[-59.42293,-37.81875],[-59.42303,-37.81836],[-59.42314,-37.81797],[-59.42324,-37.81757],[-59.42334,-37.81718],[-59.42344,-37.81679],[-59.42355,-37.81639],[-59.42365,-37.816],[-59.42375,-37.81561],[-59.42376,-37.81521],[-59.42376,-37.81481],[-59.42376,-37.81442],[-59.42376,-37.81402],[-59.42377,-37.81363],[-59.42377,-37.81323],[-59.42375,-37.81281],[-59.42373,-37.81238],[-59.4237,-37.81196],[-59.42368,-37.81154],[-59.42366,-37.81111],[-59.42364,-37.81069],[-59.42362,-37.81026],[-59.42359,-37.80984],[-59.42357,-37.80941],[-59.42355,-37.80899],[-59.42353,-37.80856],[-59.42351,-37.80814],[-59.42348,-37.80772],[-59.42336,-37.80731],[-59.42324,-37.80691],[-59.42311,-37.8065],[-59.42299,-37.80609],[-59.42286,-37.80569],[-59.42274,-37.80528],[-59.42261,-37.80488],[-59.42249,-37.80447],[-59.42237,-37.80407],[-59.42224,-37.80366],[-59.42212,-37.80326],[-59.42199,-37.80285],[-59.42187,-37.80244],[-59.42181,-37.80204],[-59.42175,-37.80163],[-59.4217,-37.80123],[-59.42164,-37.80082],[-59.42158,-37.80041],[-59.42153,-37.80001],[-59.42147,-37.7996],[-59.42141,-37.79919],[-59.42136,-37.79879],[-59.4213,-37.79838],[-59.42124,-37.79797],[-59.42125,-37.79756],[-59.42125,-37.79716],[-59.42125,-37.79675],[-59.42126,-37.79634],[-59.42126,-37.79593],[-59.42126,-37.79552],[-59.42127,-37.79511],[-59.42127,-37.7947],[-59.42127,-37.79429],[-59.42135,-37.79386],[-59.42143,-37.79342],[-59.4215,-37.79298],[-59.42158,-37.79254],[-59.42166,-37.79211],[-59.42173,-37.79167],[-59.42181,-37.79123],[-59.42189,-37.79079],[-59.42196,-37.79036],[-59.42202,-37.78994],[-59.42208,-37.78952],[-59.42214,-37.78911],[-59.4222,-37.78869],[-59.42226,-37.78828],[-59.42231,-37.78786],[-59.42237,-37.78744],[-59.42243,-37.78703],[-59.42249,-37.78661],[-59.42255,-37.78619],[-59.42261,-37.78578],[-59.42266,-37.78536],[-59.42267,-37.78492],[-59.42267,-37.78449],[-59.42267,-37.78405],[-59.42268,-37.78361],[-59.42268,-37.78317],[-59.42268,-37.78273],[-59.42269,-37.78229],[-59.42269,-37.78186],[-59.4227,-37.78142],[-59.4227,-37.78101],[-59.4227,-37.7806],[-59.4227,-37.78019],[-59.42271,-37.77978],[-59.42271,-37.77937],[-59.42271,-37.77896],[-59.42272,-37.77855],[-59.42272,-37.77815],[-59.42272,-37.77774],[-59.42273,-37.77729],[-59.42273,-37.77684],[-59.42273,-37.77639],[-59.42274,-37.77594],[-59.42274,-37.77549],[-59.42274,-37.77504],[-59.42275,-37.77459],[-59.42275,-37.77414],[-59.42275,-37.77369],[-59.42276,-37.77324],[-59.42276,-37.7728],[-59.42276,-37.77235],[-59.42277,-37.7719],[-59.42277,-37.77145],[-59.42277,-37.771],[-59.42278,-37.77055],[-59.42278,-37.7701],[-59.42278,-37.76965],[-59.42279,-37.7692],[-59.42279,-37.76875],[-59.4228,-37.7683],[-59.4228,-37.76785],[-59.4228,-37.76741],[-59.42281,-37.76696],[-59.42256,-37.76663],[-59.42231,-37.7663],[-59.42207,-37.76597],[-59.42182,-37.76564],[-59.42158,-37.76531],[-59.42133,-37.76498],[-59.42109,-37.76465],[-59.42084,-37.76432],[-59.4208,-37.7639],[-59.42075,-37.76349],[-59.42071,-37.76308],[-59.42066,-37.76266],[-59.42062,-37.76225],[-59.42057,-37.76183],[-59.42053,-37.76142],[-59.42081,-37.76107],[-59.42109,-37.76072],[-59.42136,-37.76038],[-59.42164,-37.76003],[-59.42192,-37.75968],[-59.4222,-37.75933],[-59.42248,-37.75898],[-59.42276,-37.75863],[-59.42304,-37.75828],[-59.42332,-37.75793],[-59.4236,-37.75759],[-59.42387,-37.75724],[-59.42398,-37.75682],[-59.42408,-37.7564],[-59.42418,-37.75598],[-59.42428,-37.75555],[-59.42439,-37.75513],[-59.42449,-37.75471],[-59.42459,-37.75429],[-59.42469,-37.75387],[-59.4248,-37.75345],[-59.4249,-37.75303],[-59.42487,-37.75265],[-59.42485,-37.75226],[-59.42482,-37.75188],[-59.4248,-37.75149],[-59.42477,-37.75111],[-59.42475,-37.75072],[-59.42472,-37.75029],[-59.42469,-37.74986],[-59.42466,-37.74942],[-59.42463,-37.74899],[-59.42461,-37.74856],[-59.42458,-37.74813],[-59.42455,-37.7477],[-59.42453,-37.74727],[-59.4245,-37.74684],[-59.42447,-37.74641],[-59.42444,-37.74598],[-59.42442,-37.74555],[-59.42439,-37.74512],[-59.42436,-37.74469],[-59.42434,-37.74426],[-59.42431,-37.74383],[-59.42434,-37.74339],[-59.42437,-37.74295],[-59.4244,-37.74251],[-59.42443,-37.74208],[-59.42446,-37.74164],[-59.4245,-37.7412],[-59.42453,-37.74076],[-59.42456,-37.74032],[-59.42459,-37.73989],[-59.42462,-37.73945],[-59.42465,-37.73901],[-59.42468,-37.73857],[-59.42483,-37.73818],[-59.42497,-37.73778],[-59.42512,-37.73739],[-59.42526,-37.737],[-59.42541,-37.7366],[-59.42555,-37.73621],[-59.4257,-37.73582],[-59.42584,-37.73542],[-59.42599,-37.73503],[-59.42613,-37.73463],[-59.42628,-37.73424],[-59.42642,-37.73385],[-59.42657,-37.73345],[-59.42671,-37.73306],[-59.42679,-37.73262],[-59.42687,-37.73218],[-59.42694,-37.73175],[-59.42702,-37.73131],[-59.4271,-37.73087],[-59.42717,-37.73043],[-59.42725,-37.72999],[-59.42733,-37.72956],[-59.42741,-37.72912],[-59.42715,-37.72947],[-59.42688,-37.72982],[-59.42662,-37.73017],[-59.42636,-37.73052],[-59.4261,-37.73086],[-59.42584,-37.73121],[-59.42558,-37.73156],[-59.42532,-37.73191],[-59.42506,-37.73226],[-59.42482,-37.73262],[-59.42457,-37.73298],[-59.42433,-37.73333],[-59.42409,-37.73369],[-59.42384,-37.73405],[-59.4236,-37.7344],[-59.42336,-37.73476],[-59.42311,-37.73512],[-59.42287,-37.73548],[-59.42263,-37.73583],[-59.42238,-37.73619],[-59.42238,-37.73662],[-59.42238,-37.73705],[-59.42237,-37.73747],[-59.42237,-37.7379],[-59.42237,-37.73833],[-59.42236,-37.73875],[-59.42236,-37.73918],[-59.42236,-37.73961],[-59.42235,-37.74003],[-59.42235,-37.74045],[-59.42235,-37.74087],[-59.42234,-37.74129],[-59.42234,-37.74171],[-59.42234,-37.74213],[-59.42233,-37.74255],[-59.42233,-37.74297],[-59.42232,-37.7434],[-59.42232,-37.74382],[-59.42238,-37.74425],[-59.42244,-37.74468],[-59.42249,-37.74511],[-59.42255,-37.74554],[-59.42261,-37.74597],[-59.42266,-37.7464],[-59.42272,-37.74683],[-59.42278,-37.74726],[-59.42284,-37.74769],[-59.42289,-37.74812],[-59.42295,-37.74855],[-59.42292,-37.74898],[-59.42288,-37.74941],[-59.42285,-37.74983],[-59.42282,-37.75026],[-59.42278,-37.75069],[-59.42275,-37.75112],[-59.42272,-37.75155],[-59.42268,-37.75197],[-59.42265,-37.7524],[-59.42262,-37.75283],[-59.42258,-37.75326],[-59.42245,-37.75368],[-59.42231,-37.7541],[-59.42218,-37.75453],[-59.42204,-37.75495],[-59.4219,-37.75537],[-59.42177,-37.75579],[-59.42163,-37.75622],[-59.4215,-37.75664],[-59.42136,-37.75706],[-59.42122,-37.75748],[-59.42083,-37.7577],[-59.42045,-37.75792],[-59.42006,-37.75814],[-59.41967,-37.75835],[-59.41928,-37.75857],[-59.4189,-37.75879],[-59.41851,-37.75901],[-59.41812,-37.75922],[-59.41773,-37.75944],[-59.41734,-37.75966],[-59.41696,-37.75988],[-59.41657,-37.76009],[-59.41666,-37.76049],[-59.41676,-37.76088],[-59.41686,-37.76128],[-59.41695,-37.76167],[-59.41705,-37.76207],[-59.41715,-37.76246],[-59.41724,-37.76285],[-59.41734,-37.76325],[-59.41743,-37.76364],[-59.41753,-37.76404],[-59.41763,-37.76443],[-59.41772,-37.76483],[-59.41782,-37.76522],[-59.41791,-37.76562],[-59.41801,-37.76601],[-59.41811,-37.76641],[-59.4182,-37.7668],[-59.4183,-37.7672],[-59.4184,-37.76759],[-59.41849,-37.76799],[-59.41867,-37.7684],[-59.41885,-37.76881],[-59.41903,-37.76922],[-59.41922,-37.76963],[-59.4194,-37.77004],[-59.41958,-37.77045],[-59.41976,-37.77086],[-59.41994,-37.77127],[-59.42012,-37.77168],[-59.42001,-37.77209],[-59.41989,-37.7725],[-59.41978,-37.7729],[-59.41967,-37.77331],[-59.41955,-37.77372],[-59.41944,-37.77413],[-59.41933,-37.77454],[-59.41921,-37.77494],[-59.4191,-37.77535],[-59.41918,-37.77579],[-59.41926,-37.77623],[-59.41934,-37.77667],[-59.41942,-37.77711],[-59.4195,-37.77755],[-59.41957,-37.77798],[-59.41965,-37.77842],[-59.41973,-37.77886],[-59.41981,-37.7793],[-59.41989,-37.77974],[-59.41997,-37.78018],[-59.42005,-37.78062],[-59.42005,-37.78103],[-59.42004,-37.78143],[-59.42004,-37.78184],[-59.42004,-37.78225],[-59.42003,-37.78266],[-59.42003,-37.78307],[-59.42003,-37.78348],[-59.42002,-37.78389],[-59.42002,-37.78429],[-59.42,-37.78471],[-59.41997,-37.78514],[-59.41995,-37.78556],[-59.41992,-37.78598],[-59.4199,-37.7864],[-59.41987,-37.78682],[-59.41984,-37.78724],[-59.41982,-37.78766],[-59.41979,-37.78808],[-59.41977,-37.7885],[-59.41974,-37.78892],[-59.41972,-37.78934],[-59.41969,-37.78976],[-59.41967,-37.79018],[-59.41964,-37.7906],[-59.41959,-37.79104],[-59.41954,-37.79147],[-59.41949,-37.7919],[-59.41944,-37.79233],[-59.41939,-37.79276],[-59.41934,-37.79319],[-59.41929,-37.79362],[-59.41924,-37.79406],[-59.41918,-37.79449],[-59.41913,-37.79492],[-59.41908,-37.79535],[-59.41903,-37.79578],[-59.41898,-37.79621],[-59.41893,-37.79665],[-59.41893,-37.79708],[-59.41892,-37.79751],[-59.41892,-37.79794],[-59.41892,-37.79837],[-59.41891,-37.7988],[-59.41891,-37.79923],[-59.41891,-37.79966],[-59.41891,-37.80009],[-59.4189,-37.80052],[-59.4189,-37.80095],[-59.4189,-37.80138],[-59.41898,-37.80181],[-59.41907,-37.80224],[-59.41916,-37.80267],[-59.41924,-37.8031],[-59.41933,-37.80354],[-59.41942,-37.80397],[-59.4195,-37.8044],[-59.41959,-37.80483],[-59.41968,-37.80526],[-59.41976,-37.80569],[-59.41985,-37.80612],[-59.42001,-37.80652],[-59.42018,-37.80691],[-59.42034,-37.80731],[-59.4205,-37.8077],[-59.42066,-37.8081],[-59.42083,-37.80849],[-59.42099,-37.80889],[-59.42115,-37.80928],[-59.42115,-37.80969],[-59.42115,-37.81011],[-59.42114,-37.81052],[-59.42114,-37.81093],[-59.42114,-37.81135],[-59.42113,-37.81176],[-59.42113,-37.81217],[-59.42111,-37.81259],[-59.42108,-37.81301],[-59.42105,-37.81343],[-59.42103,-37.81385],[-59.421,-37.81428],[-59.42098,-37.8147],[-59.42095,-37.81512],[-59.42093,-37.81554],[-59.4209,-37.81596],[-59.42088,-37.81638],[-59.42085,-37.8168],[-59.42083,-37.81722],[-59.4208,-37.81764],[-59.42078,-37.81806],[-59.42075,-37.81848],[-59.4205,-37.81884],[-59.42025,-37.8192],[-59.42,-37.81956],[-59.41974,-37.81992],[-59.41949,-37.82028],[-59.41924,-37.82064],[-59.41899,-37.821],[-59.41874,-37.82136],[-59.41859,-37.82174],[-59.41844,-37.82212],[-59.41829,-37.8225],[-59.41814,-37.82288],[-59.41799,-37.82326],[-59.41784,-37.82364],[-59.41769,-37.82401],[-59.41754,-37.82439],[-59.41739,-37.82477],[-59.41734,-37.8252],[-59.4173,-37.82563],[-59.41725,-37.82605],[-59.41721,-37.82648],[-59.41716,-37.82691],[-59.41712,-37.82734],[-59.41707,-37.82776],[-59.41703,-37.82819],[-59.41706,-37.8286],[-59.41709,-37.82901],[-59.41713,-37.82942],[-59.41716,-37.82983],[-59.4172,-37.83023],[-59.41723,-37.83064],[-59.41726,-37.83105],[-59.4173,-37.83146],[-59.41733,-37.83187],[-59.41745,-37.8323],[-59.41757,-37.83273],[-59.41768,-37.83316],[-59.4178,-37.8336],[-59.41792,-37.83403],[-59.41803,-37.83446],[-59.41815,-37.83489],[-59.41827,-37.83532],[-59.41838,-37.83575],[-59.4185,-37.83618],[-59.41862,-37.83661],[-59.41876,-37.83703],[-59.4189,-37.83744],[-59.41903,-37.83785],[-59.41917,-37.83827],[-59.41931,-37.83868],[-59.41945,-37.83909],[-59.41959,-37.83951],[-59.41973,-37.83992],[-59.41987,-37.84034],[-59.42001,-37.84075],[-59.42015,-37.84116],[-59.42028,-37.84158],[-59.42042,-37.84199],[-59.42056,-37.8424],[-59.42062,-37.84281],[-59.42068,-37.84322],[-59.42073,-37.84362],[-59.42079,-37.84403],[-59.42085,-37.84444],[-59.42091,-37.84484],[-59.42096,-37.84525],[-59.42102,-37.84566],[-59.42108,-37.84606],[-59.42113,-37.84647],[-59.42119,-37.84688],[-59.42106,-37.84727],[-59.42094,-37.84767],[-59.42081,-37.84806],[-59.42068,-37.84845],[-59.42055,-37.84885],[-59.42043,-37.84924],[-59.4203,-37.84964],[-59.42017,-37.85003],[-59.41993,-37.85039],[-59.41968,-37.85074],[-59.41944,-37.8511],[-59.41919,-37.85146],[-59.41895,-37.85181],[-59.41871,-37.85217],[-59.41846,-37.85253],[-59.41822,-37.85289],[-59.41798,-37.85324],[-59.41773,-37.8536],[-59.41749,-37.85396],[-59.41743,-37.85438],[-59.41738,-37.85481],[-59.41732,-37.85523],[-59.41727,-37.85566],[-59.41722,-37.85608],[-59.41716,-37.85651],[-59.41711,-37.85693],[-59.41705,-37.85735],[-59.417,-37.85778],[-59.41694,-37.8582],[-59.41689,-37.85863],[-59.41683,-37.85905],[-59.41678,-37.85948],[-59.41678,-37.85992],[-59.41677,-37.86035],[-59.41677,-37.86079],[-59.41677,-37.86123],[-59.41676,-37.86167],[-59.41676,-37.8621],[-59.41676,-37.86247],[-59.41675,-37.86284],[-59.41675,-37.86321],[-59.41675,-37.86358],[-59.41674,-37.86395],[-59.41695,-37.86433],[-59.41716,-37.86471],[-59.41737,-37.8651],[-59.41758,-37.86548],[-59.41779,-37.86586],[-59.41799,-37.86625],[-59.4182,-37.86663],[-59.41841,-37.86701],[-59.41862,-37.8674],[-59.41883,-37.86778],[-59.41904,-37.86816],[-59.41911,-37.86857],[-59.41918,-37.86898],[-59.41925,-37.86939],[-59.41932,-37.8698],[-59.41939,-37.87021],[-59.41946,-37.87062],[-59.41953,-37.87103],[-59.4196,-37.87144],[-59.41967,-37.87185]]]]}},{"type":"Feature","properties":{"fdc":"IGN","sag":"IGN","tipo":"Pajonal, juncal, totoral","ign":"vegetacion_hidrofila_ED020.1844"},"geometry":{"type":"MultiPolygon","coordinates":[[[[-59.39123,-37.80281],[-59.39158,-37.80298],[-59.39193,-37.80315],[-59.39228,-37.80332],[-59.39262,-37.80349],[-59.39297,-37.80366],[-59.39332,-37.80383],[-59.39367,-37.804],[-59.3939,-37.80365],[-59.39412,-37.80329],[-59.39435,-37.80294],[-59.39457,-37.80259],[-59.3948,-37.80224],[-59.39502,-37.80189],[-59.39525,-37.80154],[-59.39547,-37.80119],[-59.3957,-37.80084],[-59.39592,-37.80048],[-59.39615,-37.80013],[-59.39637,-37.79978],[-59.39648,-37.79938],[-59.39659,-37.79899],[-59.3967,-37.79859],[-59.39681,-37.79819],[-59.39693,-37.79779],[-59.39704,-37.79739],[-59.39715,-37.79699],[-59.39735,-37.79662],[-59.39754,-37.79624],[-59.39774,-37.79587],[-59.39794,-37.79549],[-59.39814,-37.79511],[-59.39834,-37.79474],[-59.39854,-37.79436],[-59.39874,-37.79399],[-59.39893,-37.79361],[-59.39917,-37.79323],[-59.3994,-37.79285],[-59.39963,-37.79247],[-59.39987,-37.79208],[-59.4001,-37.7917],[-59.40033,-37.79132],[-59.40057,-37.79094],[-59.4008,-37.79056],[-59.40103,-37.79018],[-59.40127,-37.78979],[-59.4015,-37.78941],[-59.40173,-37.78903],[-59.40185,-37.78861],[-59.40196,-37.78819],[-59.40208,-37.78777],[-59.40219,-37.78735],[-59.40231,-37.78693],[-59.40243,-37.78651],[-59.40254,-37.78609],[-59.40266,-37.78567],[-59.40277,-37.78525],[-59.40267,-37.78485],[-59.40258,-37.78445],[-59.40248,-37.78405],[-59.40238,-37.78365],[-59.40229,-37.78325],[-59.40221,-37.78282],[-59.40213,-37.78239],[-59.40205,-37.78195],[-59.40197,-37.78152],[-59.40189,-37.78109],[-59.40181,-37.78066],[-59.40173,-37.78022],[-59.40165,-37.77979],[-59.40157,-37.77936],[-59.40149,-37.77893],[-59.40141,-37.77849],[-59.40133,-37.77806],[-59.40133,-37.77761],[-59.40133,-37.77716],[-59.40134,-37.77671],[-59.40134,-37.77627],[-59.40134,-37.77582],[-59.40135,-37.77537],[-59.40135,-37.77492],[-59.40135,-37.77447],[-59.40148,-37.77427],[-59.40161,-37.77407],[-59.40184,-37.77371],[-59.40207,-37.77335],[-59.4023,-37.77299],[-59.40253,-37.77262],[-59.40276,-37.77226],[-59.403,-37.7719],[-59.40323,-37.77154],[-59.40346,-37.77118],[-59.40369,-37.77082],[-59.40392,-37.77045],[-59.40415,-37.77009],[-59.40416,-37.76969],[-59.40416,-37.76929],[-59.40416,-37.7689],[-59.40417,-37.7685],[-59.40417,-37.7681],[-59.40417,-37.7677],[-59.40418,-37.7673],[-59.40418,-37.7669],[-59.40425,-37.7665],[-59.40433,-37.76611],[-59.4044,-37.76571],[-59.40448,-37.76531],[-59.40455,-37.76491],[-59.40462,-37.76451],[-59.4047,-37.76411],[-59.40484,-37.76372],[-59.40499,-37.76332],[-59.40514,-37.76292],[-59.40529,-37.76252],[-59.40543,-37.76212],[-59.40558,-37.76172],[-59.40573,-37.76133],[-59.40588,-37.76093],[-59.40604,-37.76053],[-59.40619,-37.76013],[-59.40634,-37.75973],[-59.4065,-37.75933],[-59.40655,-37.75898],[-59.4066,-37.75862],[-59.40666,-37.75826],[-59.40671,-37.7579],[-59.40676,-37.75754],[-59.40677,-37.75712],[-59.40677,-37.7567],[-59.40678,-37.75628],[-59.40678,-37.75586],[-59.40678,-37.75544],[-59.40679,-37.75501],[-59.40679,-37.75459],[-59.40679,-37.75417],[-59.4068,-37.75375],[-59.4068,-37.75331],[-59.4068,-37.75287],[-59.40681,-37.75243],[-59.40681,-37.752],[-59.40681,-37.75156],[-59.40682,-37.75111],[-59.40682,-37.75066],[-59.40683,-37.75021],[-59.40683,-37.74976],[-59.40687,-37.74933],[-59.40692,-37.7489],[-59.40696,-37.74847],[-59.40701,-37.74803],[-59.40705,-37.7476],[-59.4071,-37.74717],[-59.40735,-37.74682],[-59.40761,-37.74647],[-59.40786,-37.74613],[-59.40811,-37.74578],[-59.40837,-37.74543],[-59.40862,-37.74508],[-59.40888,-37.74474],[-59.40913,-37.74439],[-59.40938,-37.74403],[-59.40964,-37.74367],[-59.40989,-37.74331],[-59.41015,-37.74295],[-59.4104,-37.7426],[-59.41051,-37.74233],[-59.41062,-37.74206],[-59.41078,-37.74165],[-59.41094,-37.74124],[-59.4111,-37.74083],[-59.41126,-37.74042],[-59.41143,-37.74001],[-59.4115,-37.73961],[-59.41158,-37.73922],[-59.41165,-37.73882],[-59.41173,-37.73842],[-59.4118,-37.73802],[-59.41187,-37.73762],[-59.41195,-37.73722],[-59.41208,-37.73682],[-59.41221,-37.73642],[-59.41234,-37.73602],[-59.41246,-37.73563],[-59.41259,-37.73523],[-59.41272,-37.73483],[-59.41285,-37.73443],[-59.41298,-37.73403],[-59.41303,-37.73363],[-59.41309,-37.73323],[-59.41314,-37.73283],[-59.4132,-37.73244],[-59.41325,-37.73204],[-59.413,-37.73168],[-59.41275,-37.73132],[-59.4125,-37.73096],[-59.41225,-37.7306],[-59.412,-37.73024],[-59.41183,-37.7306],[-59.41166,-37.73097],[-59.41149,-37.73133],[-59.41132,-37.7317],[-59.41115,-37.73206],[-59.41098,-37.73243],[-59.41079,-37.73283],[-59.4106,-37.73322],[-59.41041,-37.73362],[-59.41022,-37.73402],[-59.41011,-37.73439],[-59.40999,-37.73476],[-59.40988,-37.73513],[-59.40977,-37.7355],[-59.40966,-37.73587],[-59.40955,-37.73624],[-59.40944,-37.73661],[-59.40939,-37.73701],[-59.40935,-37.73741],[-59.40931,-37.7378],[-59.40926,-37.7382],[-59.40922,-37.7386],[-59.40917,-37.739],[-59.40899,-37.73934],[-59.40881,-37.73968],[-59.40863,-37.74002],[-59.40844,-37.74037],[-59.40826,-37.74071],[-59.40808,-37.74105],[-59.4079,-37.74139],[-59.40768,-37.74174],[-59.40745,-37.74209],[-59.40723,-37.74243],[-59.40701,-37.74278],[-59.40679,-37.74313],[-59.40656,-37.74348],[-59.40634,-37.74383],[-59.40612,-37.74417],[-59.4059,-37.74452],[-59.40568,-37.74486],[-59.40546,-37.7452],[-59.40525,-37.74554],[-59.40503,-37.74588],[-59.40481,-37.74622],[-59.40459,-37.74656],[-59.40459,-37.74699],[-59.40458,-37.74742],[-59.40458,-37.74786],[-59.40458,-37.74829],[-59.40457,-37.74872],[-59.40457,-37.74915],[-59.40459,-37.74946],[-59.40462,-37.74978],[-59.40465,-37.75009],[-59.40468,-37.75046],[-59.40471,-37.75083],[-59.40474,-37.7512],[-59.40477,-37.75157],[-59.4048,-37.75195],[-59.40479,-37.75237],[-59.40479,-37.7528],[-59.40479,-37.75323],[-59.40478,-37.75366],[-59.40478,-37.75408],[-59.40478,-37.75451],[-59.40477,-37.75494],[-59.40474,-37.75539],[-59.4047,-37.75584],[-59.40467,-37.75628],[-59.40463,-37.75673],[-59.4046,-37.75718],[-59.40456,-37.75763],[-59.40453,-37.75808],[-59.4045,-37.75853],[-59.4043,-37.75888],[-59.4041,-37.75923],[-59.4039,-37.75959],[-59.4037,-37.75994],[-59.4035,-37.7603],[-59.40331,-37.76065],[-59.40311,-37.761],[-59.40291,-37.76136],[-59.40271,-37.76171],[-59.40246,-37.76206],[-59.4022,-37.76242],[-59.40195,-37.76277],[-59.40169,-37.76312],[-59.40144,-37.76348],[-59.40118,-37.76383],[-59.40093,-37.76418],[-59.40068,-37.76454],[-59.40042,-37.76489],[-59.40038,-37.76529],[-59.40033,-37.76569],[-59.40029,-37.76609],[-59.40024,-37.76649],[-59.4002,-37.76689],[-59.40015,-37.76728],[-59.40015,-37.76768],[-59.40014,-37.76808],[-59.40014,-37.76848],[-59.40014,-37.76888],[-59.40013,-37.76928],[-59.40013,-37.76968],[-59.39995,-37.77002],[-59.39977,-37.77036],[-59.39959,-37.7707],[-59.3994,-37.77104],[-59.39922,-37.77138],[-59.39904,-37.77172],[-59.39886,-37.77206],[-59.3987,-37.77244],[-59.39855,-37.77282],[-59.3984,-37.7732],[-59.39824,-37.77358],[-59.39809,-37.77396],[-59.39793,-37.77433],[-59.39778,-37.77471],[-59.39763,-37.77509],[-59.39747,-37.77547],[-59.39732,-37.77585],[-59.39732,-37.77627],[-59.39731,-37.7767],[-59.39731,-37.77712],[-59.3973,-37.77754],[-59.3973,-37.77797],[-59.3973,-37.77839],[-59.39729,-37.77882],[-59.39729,-37.77924],[-59.39749,-37.7796],[-59.39769,-37.77996],[-59.39788,-37.78032],[-59.39808,-37.78068],[-59.39828,-37.78104],[-59.39837,-37.78144],[-59.39846,-37.78184],[-59.39855,-37.78224],[-59.39865,-37.78264],[-59.39874,-37.78304],[-59.39883,-37.78344],[-59.39892,-37.78384],[-59.39901,-37.78424],[-59.39876,-37.78457],[-59.3985,-37.7849],[-59.39825,-37.78523],[-59.39799,-37.78556],[-59.39774,-37.78589],[-59.39748,-37.78622],[-59.3974,-37.78658],[-59.39731,-37.78695],[-59.39722,-37.78732],[-59.39714,-37.78768],[-59.39705,-37.78805],[-59.39697,-37.78841],[-59.39696,-37.78881],[-59.39696,-37.78921],[-59.39696,-37.78961],[-59.39695,-37.79001],[-59.39695,-37.79041],[-59.39695,-37.79081],[-59.39694,-37.79121],[-59.39686,-37.79162],[-59.39678,-37.79203],[-59.39669,-37.79244],[-59.39661,-37.79284],[-59.39653,-37.79325],[-59.39645,-37.79366],[-59.39636,-37.79407],[-59.39628,-37.79448],[-59.39605,-37.79482],[-59.39583,-37.79516],[-59.3956,-37.7955],[-59.39537,-37.79584],[-59.39514,-37.79618],[-59.39487,-37.79653],[-59.39459,-37.79688],[-59.39432,-37.79723],[-59.39404,-37.79758],[-59.39377,-37.79792],[-59.39349,-37.79827],[-59.39321,-37.79862],[-59.39294,-37.79897],[-59.39266,-37.79931],[-59.39239,-37.79966],[-59.39211,-37.80001],[-59.39184,-37.80036],[-59.39174,-37.80077],[-59.39163,-37.80118],[-59.39153,-37.80159],[-59.39143,-37.802],[-59.39133,-37.80241],[-59.39123,-37.80281]]]]}},{"type":"Feature","properties":{"fdc":"IGN","sag":"IGN","tipo":"Pajonal, juncal, totoral","ign":"vegetacion_hidrofila_ED020.1847"},"geometry":{"type":"MultiPolygon","coordinates":[[[[-59.30067,-37.8311],[-59.301,-37.83119],[-59.30132,-37.83128],[-59.30165,-37.83136],[-59.30197,-37.83107],[-59.3023,-37.83078],[-59.30263,-37.83048],[-59.30296,-37.83019],[-59.30328,-37.8299],[-59.30361,-37.8296],[-59.30394,-37.82931],[-59.30419,-37.82896],[-59.30445,-37.8286],[-59.3047,-37.82825],[-59.30495,-37.82789],[-59.30521,-37.82753],[-59.30546,-37.82718],[-59.30571,-37.82682],[-59.30597,-37.82647],[-59.30622,-37.82611],[-59.30648,-37.82576],[-59.30673,-37.8254],[-59.30698,-37.82505],[-59.30724,-37.82469],[-59.30735,-37.82431],[-59.30746,-37.82392],[-59.30757,-37.82353],[-59.30768,-37.82315],[-59.3078,-37.82276],[-59.30791,-37.82238],[-59.30803,-37.82199],[-59.30816,-37.8216],[-59.30828,-37.82122],[-59.30841,-37.82083],[-59.30853,-37.82045],[-59.30866,-37.82006],[-59.30878,-37.81967],[-59.30891,-37.81929],[-59.30899,-37.81885],[-59.30907,-37.81841],[-59.30915,-37.81797],[-59.30923,-37.81753],[-59.30931,-37.81709],[-59.30939,-37.81665],[-59.30947,-37.81621],[-59.30955,-37.81577],[-59.30964,-37.81533],[-59.30972,-37.81489],[-59.3098,-37.81445],[-59.30988,-37.81401],[-59.30996,-37.81357],[-59.31004,-37.81314],[-59.31012,-37.8127],[-59.3102,-37.81226],[-59.31028,-37.81182],[-59.31037,-37.8114],[-59.31045,-37.81098],[-59.31054,-37.81056],[-59.31062,-37.81014],[-59.31071,-37.80972],[-59.31079,-37.80931],[-59.31088,-37.80889],[-59.31096,-37.80847],[-59.31105,-37.80805],[-59.31113,-37.80763],[-59.31122,-37.80721],[-59.3113,-37.80679],[-59.31139,-37.80637],[-59.31147,-37.80596],[-59.31156,-37.80554],[-59.31165,-37.80512],[-59.31175,-37.80468],[-59.31185,-37.80424],[-59.31195,-37.80381],[-59.31205,-37.80337],[-59.31215,-37.80293],[-59.31225,-37.80249],[-59.31236,-37.80206],[-59.31246,-37.80162],[-59.31256,-37.80118],[-59.31266,-37.80074],[-59.31266,-37.80043],[-59.31267,-37.80012],[-59.31267,-37.7998],[-59.31268,-37.79937],[-59.31268,-37.79894],[-59.31268,-37.79851],[-59.31269,-37.79808],[-59.31269,-37.79765],[-59.31269,-37.79722],[-59.3127,-37.79679],[-59.3127,-37.79636],[-59.31271,-37.79593],[-59.31271,-37.7955],[-59.31271,-37.79507],[-59.3127,-37.7947],[-59.31268,-37.79433],[-59.31266,-37.79396],[-59.31264,-37.79359],[-59.31262,-37.79322],[-59.3126,-37.79277],[-59.31258,-37.79233],[-59.31256,-37.79188],[-59.31254,-37.79144],[-59.31252,-37.79099],[-59.3125,-37.79055],[-59.31248,-37.79017],[-59.31246,-37.78978],[-59.31244,-37.7894],[-59.31244,-37.78896],[-59.31245,-37.78852],[-59.31245,-37.78808],[-59.31245,-37.78764],[-59.31246,-37.7872],[-59.31246,-37.78677],[-59.31247,-37.78633],[-59.31247,-37.78589],[-59.31247,-37.78545],[-59.31248,-37.78501],[-59.31227,-37.78461],[-59.31207,-37.78421],[-59.31187,-37.78381],[-59.31167,-37.78341],[-59.31146,-37.78301],[-59.31126,-37.78261],[-59.31106,-37.78221],[-59.31086,-37.78181],[-59.31065,-37.78141],[-59.31045,-37.78101],[-59.31025,-37.78061],[-59.31013,-37.78018],[-59.31,-37.77975],[-59.30988,-37.77932],[-59.30976,-37.77889],[-59.30964,-37.77846],[-59.30951,-37.77803],[-59.30939,-37.7776],[-59.30927,-37.77717],[-59.30915,-37.77674],[-59.30902,-37.77631],[-59.3089,-37.77588],[-59.30878,-37.77545],[-59.30866,-37.77502],[-59.30853,-37.77459],[-59.30841,-37.77416],[-59.30829,-37.77373],[-59.30817,-37.7733],[-59.30804,-37.77287],[-59.30805,-37.77245],[-59.30805,-37.77203],[-59.30806,-37.77161],[-59.30806,-37.77119],[-59.30806,-37.77077],[-59.30807,-37.77035],[-59.30807,-37.76993],[-59.30807,-37.76952],[-59.30808,-37.76909],[-59.30808,-37.76866],[-59.30809,-37.76822],[-59.30809,-37.76779],[-59.30809,-37.76736],[-59.3081,-37.76693],[-59.30794,-37.76655],[-59.30778,-37.76616],[-59.30762,-37.76577],[-59.30746,-37.76538],[-59.3073,-37.76499],[-59.30714,-37.76461],[-59.30699,-37.76422],[-59.30683,-37.76383],[-59.30667,-37.76344],[-59.30651,-37.76306],[-59.30635,-37.76267],[-59.30619,-37.76228],[-59.30603,-37.76189],[-59.30587,-37.76151],[-59.30572,-37.76112],[-59.30556,-37.76073],[-59.30553,-37.7603],[-59.30549,-37.75987],[-59.30546,-37.75944],[-59.30543,-37.75901],[-59.3054,-37.75858],[-59.30537,-37.75815],[-59.30533,-37.75772],[-59.3053,-37.75729],[-59.30527,-37.75686],[-59.30508,-37.75647],[-59.30489,-37.75609],[-59.3047,-37.7557],[-59.30451,-37.75531],[-59.30431,-37.75492],[-59.30412,-37.75453],[-59.30393,-37.75415],[-59.30374,-37.75376],[-59.30355,-37.75337],[-59.30336,-37.75298],[-59.30323,-37.75257],[-59.3031,-37.75216],[-59.30298,-37.75174],[-59.30285,-37.75133],[-59.30273,-37.75092],[-59.3026,-37.7505],[-59.30247,-37.75009],[-59.30235,-37.74967],[-59.30222,-37.74926],[-59.3021,-37.74885],[-59.30187,-37.74848],[-59.30164,-37.74811],[-59.30142,-37.74775],[-59.30119,-37.74738],[-59.30096,-37.74701],[-59.30074,-37.74665],[-59.30051,-37.74628],[-59.30028,-37.74591],[-59.30006,-37.74555],[-59.29983,-37.74518],[-59.2996,-37.74481],[-59.29938,-37.74445],[-59.29915,-37.74408],[-59.29892,-37.74371],[-59.2987,-37.74335],[-59.29847,-37.74298],[-59.29824,-37.74261],[-59.29802,-37.74225],[-59.29779,-37.74188],[-59.29756,-37.74151],[-59.29734,-37.74115],[-59.29711,-37.74078],[-59.29688,-37.74041],[-59.29666,-37.74005],[-59.29629,-37.73979],[-59.29593,-37.73953],[-59.29556,-37.73927],[-59.2952,-37.73901],[-59.29483,-37.73875],[-59.29446,-37.73849],[-59.2941,-37.73823],[-59.29373,-37.73797],[-59.29337,-37.73771],[-59.293,-37.73745],[-59.29264,-37.73719],[-59.29227,-37.73693],[-59.29191,-37.73667],[-59.29154,-37.73641],[-59.29118,-37.73615],[-59.29076,-37.7361],[-59.29035,-37.73605],[-59.28994,-37.736],[-59.28953,-37.73595],[-59.28911,-37.7359],[-59.2887,-37.73585],[-59.28829,-37.7358],[-59.28788,-37.73575],[-59.28746,-37.7357],[-59.28705,-37.73566],[-59.28664,-37.73561],[-59.28621,-37.73562],[-59.28577,-37.73564],[-59.28534,-37.73565],[-59.28491,-37.73567],[-59.28447,-37.73568],[-59.28404,-37.73569],[-59.28361,-37.73571],[-59.28317,-37.73572],[-59.28274,-37.73574],[-59.28231,-37.73575],[-59.28187,-37.73577],[-59.28144,-37.73578],[-59.28101,-37.7358],[-59.28057,-37.73581],[-59.28014,-37.73582],[-59.27971,-37.73591],[-59.27927,-37.73599],[-59.27884,-37.73607],[-59.27841,-37.73616],[-59.27797,-37.73624],[-59.27754,-37.73632],[-59.2771,-37.73641],[-59.27667,-37.73649],[-59.27624,-37.73657],[-59.27587,-37.73668],[-59.27549,-37.73679],[-59.27512,-37.7369],[-59.27475,-37.73701],[-59.27438,-37.73711],[-59.274,-37.73722],[-59.27363,-37.73733],[-59.27404,-37.73743],[-59.27444,-37.73753],[-59.27485,-37.73763],[-59.27525,-37.73773],[-59.27566,-37.73783],[-59.27606,-37.73793],[-59.27647,-37.73803],[-59.27687,-37.73812],[-59.27729,-37.73813],[-59.27771,-37.73813],[-59.27812,-37.73813],[-59.27854,-37.73813],[-59.27896,-37.73814],[-59.27938,-37.73814],[-59.27979,-37.73814],[-59.28021,-37.73814],[-59.28063,-37.73815],[-59.28105,-37.73815],[-59.28147,-37.73815],[-59.28188,-37.73815],[-59.2823,-37.73816],[-59.28272,-37.73816],[-59.28314,-37.73824],[-59.28355,-37.73831],[-59.28397,-37.73839],[-59.28438,-37.73846],[-59.2848,-37.73854],[-59.28522,-37.73862],[-59.28563,-37.73869],[-59.28603,-37.73885],[-59.28643,-37.73902],[-59.28683,-37.73918],[-59.28723,-37.73934],[-59.28762,-37.7395],[-59.28802,-37.73966],[-59.28842,-37.73982],[-59.28882,-37.73998],[-59.28922,-37.74014],[-59.28962,-37.7403],[-59.29001,-37.74047],[-59.29041,-37.74063],[-59.29081,-37.74079],[-59.29113,-37.74101],[-59.29145,-37.74123],[-59.29178,-37.74146],[-59.2921,-37.74168],[-59.29242,-37.7419],[-59.29275,-37.74212],[-59.29307,-37.74235],[-59.29332,-37.74269],[-59.29358,-37.74304],[-59.29384,-37.74338],[-59.29409,-37.74373],[-59.29435,-37.74407],[-59.29461,-37.74442],[-59.29486,-37.74477],[-59.29512,-37.74511],[-59.29538,-37.74546],[-59.29563,-37.7458],[-59.29589,-37.74615],[-59.29614,-37.74649],[-59.2964,-37.74684],[-59.29666,-37.74718],[-59.29691,-37.74753],[-59.29704,-37.74792],[-59.29717,-37.7483],[-59.29729,-37.74869],[-59.29742,-37.74908],[-59.29754,-37.74947],[-59.29767,-37.74985],[-59.2978,-37.75024],[-59.29792,-37.75063],[-59.29805,-37.75102],[-59.29818,-37.7514],[-59.29839,-37.75175],[-59.2986,-37.75209],[-59.29882,-37.75244],[-59.29903,-37.75279],[-59.29924,-37.75313],[-59.29946,-37.75348],[-59.29967,-37.75382],[-59.29988,-37.75417],[-59.30009,-37.75451],[-59.30016,-37.75493],[-59.30022,-37.75534],[-59.30028,-37.75575],[-59.30034,-37.75616],[-59.3004,-37.75658],[-59.30046,-37.75699],[-59.30052,-37.7574],[-59.30058,-37.75781],[-59.30064,-37.75823],[-59.3007,-37.75864],[-59.30092,-37.75901],[-59.30114,-37.75938],[-59.30136,-37.75976],[-59.30158,-37.76013],[-59.3018,-37.7605],[-59.30202,-37.76087],[-59.30224,-37.76124],[-59.30246,-37.76162],[-59.30268,-37.76199],[-59.3029,-37.76236],[-59.30312,-37.76273],[-59.30334,-37.7631],[-59.30356,-37.76348],[-59.30378,-37.76385],[-59.304,-37.76422],[-59.30422,-37.76459],[-59.30422,-37.76503],[-59.30421,-37.76547],[-59.30421,-37.76591],[-59.30421,-37.76634],[-59.3042,-37.76678],[-59.3042,-37.76722],[-59.3042,-37.76766],[-59.30419,-37.7681],[-59.30419,-37.76854],[-59.30418,-37.76897],[-59.30426,-37.76936],[-59.30434,-37.76975],[-59.30442,-37.77014],[-59.30449,-37.77052],[-59.30457,-37.77091],[-59.30465,-37.7713],[-59.30473,-37.77168],[-59.30481,-37.77207],[-59.30491,-37.77249],[-59.30502,-37.77291],[-59.30513,-37.77333],[-59.30523,-37.77376],[-59.30534,-37.77418],[-59.30545,-37.7746],[-59.30555,-37.77502],[-59.30566,-37.77544],[-59.30577,-37.77586],[-59.30587,-37.77628],[-59.30598,-37.7767],[-59.30609,-37.77712],[-59.30619,-37.77754],[-59.3063,-37.77797],[-59.30645,-37.77836],[-59.30661,-37.77876],[-59.30676,-37.77916],[-59.30691,-37.77956],[-59.30707,-37.77996],[-59.30722,-37.78036],[-59.30737,-37.78076],[-59.30752,-37.78115],[-59.30768,-37.78155],[-59.30783,-37.78195],[-59.30798,-37.78235],[-59.30813,-37.78275],[-59.30829,-37.78315],[-59.30844,-37.78354],[-59.30859,-37.78394],[-59.30875,-37.78434],[-59.3089,-37.78474],[-59.30888,-37.78515],[-59.30885,-37.78555],[-59.30883,-37.78596],[-59.30881,-37.78637],[-59.30879,-37.78678],[-59.30876,-37.78718],[-59.30874,-37.78759],[-59.30872,-37.788],[-59.3087,-37.78841],[-59.30869,-37.78882],[-59.30867,-37.78923],[-59.30865,-37.78965],[-59.30863,-37.79006],[-59.30861,-37.79047],[-59.30859,-37.79088],[-59.30857,-37.79129],[-59.30867,-37.79167],[-59.30876,-37.79206],[-59.30886,-37.79244],[-59.30896,-37.79282],[-59.30905,-37.79321],[-59.30915,-37.79359],[-59.30925,-37.79397],[-59.30934,-37.79436],[-59.30928,-37.79478],[-59.30923,-37.7952],[-59.30917,-37.79562],[-59.30911,-37.79604],[-59.30906,-37.79646],[-59.309,-37.79689],[-59.30894,-37.79731],[-59.30888,-37.79773],[-59.30883,-37.79815],[-59.30877,-37.79857],[-59.30864,-37.79899],[-59.3085,-37.7994],[-59.30837,-37.79982],[-59.30823,-37.80023],[-59.3081,-37.80065],[-59.30796,-37.80106],[-59.30799,-37.80147],[-59.30802,-37.80187],[-59.30805,-37.80227],[-59.30807,-37.80267],[-59.3081,-37.80307],[-59.30813,-37.80348],[-59.30815,-37.80388],[-59.30818,-37.80428],[-59.30798,-37.80467],[-59.30779,-37.80506],[-59.30759,-37.80544],[-59.30739,-37.80583],[-59.30719,-37.80622],[-59.307,-37.80661],[-59.3068,-37.807],[-59.3066,-37.80739],[-59.3064,-37.80778],[-59.3062,-37.80816],[-59.30601,-37.80855],[-59.30581,-37.80894],[-59.30561,-37.80933],[-59.3055,-37.80976],[-59.30539,-37.8102],[-59.30528,-37.81063],[-59.30518,-37.81107],[-59.30507,-37.8115],[-59.30496,-37.81193],[-59.30485,-37.81237],[-59.30474,-37.8128],[-59.30463,-37.81323],[-59.30452,-37.81367],[-59.30441,-37.8141],[-59.30441,-37.81451],[-59.30441,-37.81493],[-59.3044,-37.81534],[-59.3044,-37.81575],[-59.30439,-37.81617],[-59.30439,-37.81658],[-59.30439,-37.81699],[-59.30438,-37.8174],[-59.30438,-37.81782],[-59.30437,-37.81823],[-59.30437,-37.81866],[-59.30437,-37.81909],[-59.30436,-37.81952],[-59.30436,-37.81995],[-59.30435,-37.82038],[-59.30435,-37.82081],[-59.30435,-37.82124],[-59.30434,-37.82167],[-59.30434,-37.8221],[-59.30419,-37.82247],[-59.30404,-37.82284],[-59.30389,-37.82321],[-59.30374,-37.82358],[-59.3036,-37.82396],[-59.30345,-37.82433],[-59.3033,-37.8247],[-59.30315,-37.82507],[-59.30301,-37.82544],[-59.30284,-37.82586],[-59.30267,-37.82628],[-59.30251,-37.8267],[-59.30234,-37.82711],[-59.30217,-37.82753],[-59.30201,-37.82795],[-59.30184,-37.82837],[-59.30167,-37.82878],[-59.3014,-37.82904],[-59.30113,-37.8293],[-59.30086,-37.82956],[-59.30059,-37.82982],[-59.30032,-37.83008],[-59.30005,-37.83034],[-59.30025,-37.83059],[-59.30046,-37.83085],[-59.30067,-37.8311]]]]}},{"type":"Feature","properties":{"fdc":"IGN","sag":"IGN","tipo":"Pajonal, juncal, totoral","ign":"vegetacion_hidrofila_ED020.1871"},"geometry":{"type":"MultiPolygon","coordinates":[[[[-59.24809,-37.90022],[-59.24846,-37.90035],[-59.24884,-37.90049],[-59.24921,-37.90063],[-59.24958,-37.90076],[-59.24996,-37.9009],[-59.25033,-37.90104],[-59.25071,-37.90117],[-59.25108,-37.90131],[-59.25126,-37.90102],[-59.25145,-37.90073],[-59.25163,-37.90045],[-59.25182,-37.90016],[-59.25162,-37.8998],[-59.25142,-37.89943],[-59.25122,-37.89907],[-59.25103,-37.89871],[-59.25083,-37.89835],[-59.25063,-37.89798],[-59.25038,-37.89763],[-59.25014,-37.89728],[-59.24989,-37.89693],[-59.24964,-37.89658],[-59.24939,-37.89623],[-59.24929,-37.89586],[-59.24919,-37.89548],[-59.24909,-37.89511],[-59.24899,-37.89473],[-59.24888,-37.89436],[-59.24878,-37.89399],[-59.24879,-37.89361],[-59.24879,-37.89324],[-59.24879,-37.89286],[-59.2488,-37.89249],[-59.24894,-37.8921],[-59.24908,-37.89171],[-59.24922,-37.89132],[-59.24935,-37.89093],[-59.24949,-37.89053],[-59.24963,-37.89014],[-59.24977,-37.88975],[-59.24988,-37.88934],[-59.24999,-37.88892],[-59.2501,-37.88851],[-59.25032,-37.88814],[-59.25054,-37.88778],[-59.25076,-37.88742],[-59.25098,-37.88705],[-59.2512,-37.88669],[-59.25143,-37.88633],[-59.25165,-37.88596],[-59.25187,-37.8856],[-59.25209,-37.88524],[-59.25231,-37.88488],[-59.25254,-37.88451],[-59.25276,-37.88415],[-59.25298,-37.88379],[-59.25306,-37.88335],[-59.25315,-37.88292],[-59.25323,-37.88248],[-59.25331,-37.88205],[-59.25353,-37.88167],[-59.25376,-37.8813],[-59.25398,-37.88093],[-59.25421,-37.88055],[-59.25443,-37.88018],[-59.25465,-37.87981],[-59.25488,-37.87943],[-59.2551,-37.87906],[-59.25532,-37.87869],[-59.25555,-37.87831],[-59.25574,-37.87792],[-59.25593,-37.87752],[-59.25613,-37.87712],[-59.25632,-37.87673],[-59.25651,-37.87633],[-59.25671,-37.87593],[-59.2569,-37.87553],[-59.25709,-37.87514],[-59.25729,-37.87474],[-59.25748,-37.87434],[-59.2576,-37.87393],[-59.25771,-37.87352],[-59.25783,-37.87311],[-59.25794,-37.87271],[-59.25806,-37.8723],[-59.25818,-37.87189],[-59.25829,-37.87148],[-59.25841,-37.87107],[-59.25853,-37.87066],[-59.25864,-37.87025],[-59.25876,-37.86984],[-59.25887,-37.86944],[-59.25899,-37.86903],[-59.25911,-37.86862],[-59.25935,-37.86829],[-59.2596,-37.86796],[-59.25985,-37.86762],[-59.2601,-37.86729],[-59.26035,-37.86696],[-59.2606,-37.86663],[-59.26084,-37.8663],[-59.26109,-37.86597],[-59.26134,-37.86563],[-59.26166,-37.86534],[-59.26198,-37.86504],[-59.26229,-37.86474],[-59.26261,-37.86445],[-59.26293,-37.86415],[-59.26321,-37.86381],[-59.26348,-37.86347],[-59.26376,-37.86313],[-59.26404,-37.86279],[-59.26432,-37.86244],[-59.2646,-37.8621],[-59.26488,-37.86176],[-59.26516,-37.86142],[-59.26542,-37.86109],[-59.26568,-37.86076],[-59.26595,-37.86043],[-59.26621,-37.8601],[-59.26648,-37.85977],[-59.26675,-37.85944],[-59.26693,-37.85908],[-59.26711,-37.85873],[-59.2673,-37.85837],[-59.26748,-37.85802],[-59.26766,-37.85766],[-59.26785,-37.85731],[-59.26803,-37.85695],[-59.26816,-37.85664],[-59.26828,-37.85632],[-59.26841,-37.856],[-59.26854,-37.85569],[-59.2687,-37.8553],[-59.26885,-37.85491],[-59.26901,-37.85452],[-59.26917,-37.85413],[-59.26933,-37.85375],[-59.26948,-37.85336],[-59.26964,-37.85297],[-59.26985,-37.8526],[-59.27007,-37.85222],[-59.27028,-37.85185],[-59.27049,-37.85148],[-59.27071,-37.85111],[-59.27092,-37.85073],[-59.271,-37.8503],[-59.27108,-37.84986],[-59.27116,-37.84942],[-59.27123,-37.84898],[-59.27131,-37.84854],[-59.27139,-37.8481],[-59.27147,-37.84766],[-59.27155,-37.84722],[-59.27163,-37.84678],[-59.27171,-37.84634],[-59.27178,-37.8459],[-59.27186,-37.84546],[-59.27194,-37.84502],[-59.27202,-37.84458],[-59.2721,-37.84414],[-59.27218,-37.8437],[-59.27225,-37.84326],[-59.27226,-37.84289],[-59.27226,-37.84251],[-59.27226,-37.84214],[-59.27227,-37.84177],[-59.27248,-37.84144],[-59.27269,-37.8411],[-59.27291,-37.84077],[-59.27312,-37.84044],[-59.27333,-37.84011],[-59.27354,-37.83978],[-59.27365,-37.83939],[-59.27376,-37.839],[-59.27387,-37.83862],[-59.27398,-37.83823],[-59.27409,-37.83784],[-59.2742,-37.83746],[-59.2743,-37.83707],[-59.27441,-37.83668],[-59.27452,-37.8363],[-59.2746,-37.83586],[-59.27469,-37.83542],[-59.27477,-37.83499],[-59.27485,-37.83455],[-59.27493,-37.83412],[-59.27502,-37.83368],[-59.2751,-37.83325],[-59.27518,-37.83281],[-59.27526,-37.83237],[-59.27535,-37.83194],[-59.27543,-37.8315],[-59.27551,-37.83107],[-59.27565,-37.83064],[-59.27579,-37.83021],[-59.27593,-37.82979],[-59.27607,-37.82936],[-59.27621,-37.82893],[-59.27635,-37.82851],[-59.27649,-37.82808],[-59.27667,-37.82768],[-59.27685,-37.82727],[-59.27703,-37.82687],[-59.27721,-37.82646],[-59.27739,-37.82606],[-59.27757,-37.82566],[-59.27775,-37.82525],[-59.27794,-37.82485],[-59.27812,-37.82444],[-59.2783,-37.82404],[-59.27848,-37.82364],[-59.27866,-37.82323],[-59.27884,-37.82283],[-59.27902,-37.82242],[-59.2792,-37.82202],[-59.27938,-37.82162],[-59.27964,-37.82127],[-59.27989,-37.82092],[-59.28015,-37.82057],[-59.2804,-37.82022],[-59.28065,-37.81987],[-59.28078,-37.81948],[-59.28091,-37.81908],[-59.28104,-37.81868],[-59.28117,-37.81828],[-59.2813,-37.81788],[-59.28091,-37.81782],[-59.28052,-37.81775],[-59.28013,-37.81769],[-59.27974,-37.81763],[-59.27937,-37.81781],[-59.279,-37.818],[-59.27863,-37.81818],[-59.27826,-37.81837],[-59.27789,-37.81855],[-59.27752,-37.81874],[-59.27715,-37.81892],[-59.27679,-37.8191],[-59.27642,-37.81929],[-59.27605,-37.81947],[-59.27568,-37.81966],[-59.27531,-37.81984],[-59.27508,-37.82016],[-59.27485,-37.82048],[-59.27463,-37.8208],[-59.2744,-37.82112],[-59.27417,-37.82144],[-59.27394,-37.82176],[-59.27372,-37.82207],[-59.27356,-37.82249],[-59.27339,-37.82291],[-59.27323,-37.82332],[-59.27307,-37.82374],[-59.27291,-37.82415],[-59.27275,-37.82457],[-59.27263,-37.82497],[-59.27251,-37.82538],[-59.2724,-37.82579],[-59.27228,-37.82619],[-59.27216,-37.8266],[-59.27204,-37.82701],[-59.27192,-37.82742],[-59.2718,-37.82782],[-59.27169,-37.82823],[-59.27157,-37.82864],[-59.27145,-37.82904],[-59.27133,-37.82945],[-59.27121,-37.82985],[-59.27109,-37.83026],[-59.27096,-37.83066],[-59.27084,-37.83107],[-59.27072,-37.83147],[-59.2706,-37.83188],[-59.27048,-37.83228],[-59.27038,-37.83268],[-59.27028,-37.83308],[-59.27018,-37.83348],[-59.27008,-37.83388],[-59.26999,-37.83427],[-59.26989,-37.83467],[-59.26979,-37.83507],[-59.26969,-37.83547],[-59.26959,-37.83587],[-59.26949,-37.83627],[-59.2694,-37.83666],[-59.2693,-37.83706],[-59.2692,-37.83746],[-59.2691,-37.83786],[-59.269,-37.83826],[-59.2689,-37.83866],[-59.26881,-37.83905],[-59.26871,-37.83945],[-59.26861,-37.83985],[-59.26851,-37.84025],[-59.26841,-37.84067],[-59.26832,-37.84109],[-59.26822,-37.84152],[-59.26812,-37.84194],[-59.26802,-37.84236],[-59.26792,-37.84279],[-59.26782,-37.84321],[-59.26773,-37.84363],[-59.26763,-37.84406],[-59.26753,-37.84448],[-59.26737,-37.84489],[-59.2672,-37.84531],[-59.26704,-37.84572],[-59.26688,-37.84614],[-59.26671,-37.84655],[-59.26655,-37.84697],[-59.26648,-37.84741],[-59.2664,-37.84785],[-59.26633,-37.8483],[-59.26626,-37.84874],[-59.26618,-37.84918],[-59.26611,-37.84962],[-59.26604,-37.85007],[-59.26596,-37.85051],[-59.26589,-37.85095],[-59.2658,-37.85138],[-59.26571,-37.85181],[-59.26562,-37.85224],[-59.26553,-37.85267],[-59.26544,-37.8531],[-59.26535,-37.85353],[-59.26526,-37.85396],[-59.26517,-37.8544],[-59.26508,-37.85483],[-59.26499,-37.85526],[-59.2649,-37.85569],[-59.26472,-37.85609],[-59.26455,-37.8565],[-59.26437,-37.85691],[-59.2642,-37.85731],[-59.26402,-37.85772],[-59.26385,-37.85813],[-59.26367,-37.85854],[-59.2635,-37.85894],[-59.26332,-37.85935],[-59.26315,-37.85976],[-59.26297,-37.86016],[-59.26267,-37.86047],[-59.26236,-37.86077],[-59.26206,-37.86108],[-59.26175,-37.86139],[-59.26145,-37.86169],[-59.26114,-37.862],[-59.26084,-37.8623],[-59.26053,-37.86261],[-59.26023,-37.86291],[-59.25993,-37.86322],[-59.25964,-37.8635],[-59.25936,-37.86378],[-59.25908,-37.86406],[-59.2588,-37.86434],[-59.25852,-37.86462],[-59.25825,-37.86495],[-59.25799,-37.86529],[-59.25772,-37.86562],[-59.25746,-37.86595],[-59.25719,-37.86628],[-59.25693,-37.86661],[-59.25684,-37.86701],[-59.25676,-37.86742],[-59.25668,-37.86782],[-59.2566,-37.86823],[-59.25651,-37.86863],[-59.25643,-37.86903],[-59.25635,-37.86944],[-59.25626,-37.86984],[-59.25608,-37.87022],[-59.25589,-37.87059],[-59.2557,-37.87096],[-59.25551,-37.87134],[-59.25533,-37.87171],[-59.25514,-37.87208],[-59.25495,-37.87245],[-59.25477,-37.87283],[-59.25458,-37.8732],[-59.25439,-37.87357],[-59.2542,-37.87395],[-59.25402,-37.87432],[-59.2538,-37.8747],[-59.25357,-37.87509],[-59.25335,-37.87547],[-59.25313,-37.87585],[-59.25291,-37.87623],[-59.25269,-37.87661],[-59.25246,-37.877],[-59.25224,-37.87738],[-59.25202,-37.87776],[-59.2518,-37.87814],[-59.25158,-37.87852],[-59.25135,-37.87891],[-59.25113,-37.87929],[-59.25097,-37.87966],[-59.25081,-37.88003],[-59.25065,-37.88041],[-59.25049,-37.88078],[-59.25033,-37.88115],[-59.25017,-37.88153],[-59.25001,-37.8819],[-59.24985,-37.88227],[-59.24969,-37.88265],[-59.24953,-37.88302],[-59.24921,-37.88333],[-59.24889,-37.88364],[-59.24857,-37.88395],[-59.24825,-37.88426],[-59.24794,-37.88457],[-59.24762,-37.88487],[-59.2473,-37.88518],[-59.24698,-37.88549],[-59.24666,-37.8858],[-59.24634,-37.88611],[-59.24603,-37.88642],[-59.24571,-37.88673],[-59.24548,-37.88709],[-59.24525,-37.88744],[-59.24503,-37.8878],[-59.2448,-37.88815],[-59.24457,-37.88851],[-59.24434,-37.88886],[-59.24411,-37.88922],[-59.24411,-37.88965],[-59.24411,-37.89009],[-59.2441,-37.89053],[-59.2441,-37.89096],[-59.24409,-37.8914],[-59.24409,-37.89184],[-59.24408,-37.89227],[-59.24408,-37.89271],[-59.2441,-37.89314],[-59.24413,-37.89357],[-59.24415,-37.894],[-59.24418,-37.89443],[-59.2442,-37.89486],[-59.24422,-37.89529],[-59.24425,-37.89573],[-59.24427,-37.89616],[-59.24429,-37.89659],[-59.24432,-37.89702],[-59.24434,-37.89745],[-59.24468,-37.8977],[-59.24502,-37.89795],[-59.24536,-37.8982],[-59.24571,-37.89846],[-59.24605,-37.89871],[-59.24639,-37.89896],[-59.24673,-37.89921],[-59.24707,-37.89946],[-59.24741,-37.89971],[-59.24775,-37.89996],[-59.24809,-37.90022]]]]}},{"type":"Feature","properties":{"fdc":"IGN","sag":"IGN","tipo":"Pajonal, juncal, totoral","ign":"vegetacion_hidrofila_ED020.1872"},"geometry":{"type":"MultiPolygon","coordinates":[[[[-59.22768,-37.84663],[-59.22784,-37.84704],[-59.228,-37.84746],[-59.22816,-37.84787],[-59.22832,-37.84829],[-59.22847,-37.8487],[-59.22863,-37.84911],[-59.22879,-37.84953],[-59.22895,-37.84994],[-59.22911,-37.85036],[-59.22926,-37.85077],[-59.22939,-37.85113],[-59.22952,-37.85149],[-59.22965,-37.85185],[-59.22977,-37.85222],[-59.2299,-37.85258],[-59.2299,-37.85299],[-59.22989,-37.8534],[-59.22989,-37.85382],[-59.22988,-37.85423],[-59.22988,-37.85464],[-59.22988,-37.85505],[-59.22987,-37.85547],[-59.22987,-37.85588],[-59.22986,-37.85629],[-59.22986,-37.8567],[-59.22985,-37.85711],[-59.22985,-37.85751],[-59.22985,-37.85791],[-59.22984,-37.85831],[-59.22984,-37.85871],[-59.22983,-37.85911],[-59.22983,-37.85951],[-59.22982,-37.85991],[-59.22982,-37.86031],[-59.22961,-37.86067],[-59.22941,-37.86102],[-59.2292,-37.86137],[-59.22899,-37.86173],[-59.22879,-37.86208],[-59.22858,-37.86243],[-59.22837,-37.86279],[-59.22816,-37.86314],[-59.22802,-37.86354],[-59.22787,-37.86394],[-59.22772,-37.86435],[-59.22758,-37.86475],[-59.22743,-37.86515],[-59.22728,-37.86555],[-59.22714,-37.86595],[-59.22699,-37.86636],[-59.22685,-37.86676],[-59.2267,-37.86716],[-59.22655,-37.86756],[-59.22641,-37.86796],[-59.22626,-37.86837],[-59.22611,-37.86877],[-59.22597,-37.86917],[-59.22582,-37.86957],[-59.2256,-37.86996],[-59.22538,-37.87034],[-59.22516,-37.87073],[-59.22494,-37.87111],[-59.22472,-37.87149],[-59.22449,-37.87188],[-59.22433,-37.87227],[-59.22416,-37.87265],[-59.22399,-37.87304],[-59.22383,-37.87342],[-59.22366,-37.87381],[-59.22349,-37.87419],[-59.22333,-37.87458],[-59.22316,-37.87497],[-59.22299,-37.87535],[-59.22282,-37.87574],[-59.22266,-37.87612],[-59.22249,-37.87651],[-59.22232,-37.8769],[-59.22216,-37.87728],[-59.22194,-37.87765],[-59.22173,-37.87802],[-59.22152,-37.87838],[-59.22131,-37.87875],[-59.22109,-37.87912],[-59.22088,-37.87948],[-59.22067,-37.87985],[-59.22045,-37.88022],[-59.22024,-37.88058],[-59.22003,-37.88095],[-59.21982,-37.88132],[-59.2196,-37.88169],[-59.21939,-37.88205],[-59.21918,-37.88242],[-59.21904,-37.88283],[-59.21891,-37.88324],[-59.21877,-37.88365],[-59.21864,-37.88406],[-59.21851,-37.88448],[-59.2184,-37.88484],[-59.21829,-37.88521],[-59.21819,-37.88558],[-59.21808,-37.88594],[-59.21795,-37.88637],[-59.21783,-37.88679],[-59.21771,-37.88719],[-59.21759,-37.88759],[-59.21746,-37.88798],[-59.21734,-37.88838],[-59.21722,-37.88878],[-59.21709,-37.88918],[-59.21697,-37.88958],[-59.21685,-37.88997],[-59.21673,-37.89037],[-59.2166,-37.89077],[-59.21648,-37.89117],[-59.21627,-37.89152],[-59.21606,-37.89187],[-59.21585,-37.89222],[-59.21564,-37.89257],[-59.21543,-37.89292],[-59.21522,-37.89327],[-59.215,-37.89362],[-59.21479,-37.89397],[-59.21458,-37.89432],[-59.21437,-37.89467],[-59.21416,-37.89502],[-59.21408,-37.89544],[-59.21399,-37.89586],[-59.2139,-37.89628],[-59.21382,-37.89669],[-59.21373,-37.89711],[-59.21365,-37.89753],[-59.21356,-37.89795],[-59.21348,-37.89837],[-59.21347,-37.8988],[-59.21347,-37.89923],[-59.21346,-37.89966],[-59.21346,-37.90009],[-59.21345,-37.90052],[-59.21345,-37.90095],[-59.21344,-37.90138],[-59.21344,-37.90181],[-59.21344,-37.90224],[-59.21343,-37.90267],[-59.21343,-37.9031],[-59.21342,-37.90353],[-59.21342,-37.90394],[-59.21341,-37.90435],[-59.21341,-37.90476],[-59.2134,-37.90518],[-59.2134,-37.90559],[-59.2134,-37.906],[-59.21339,-37.90641],[-59.21339,-37.90683],[-59.21338,-37.90724],[-59.21338,-37.90765],[-59.21341,-37.90805],[-59.21344,-37.90845],[-59.21347,-37.90885],[-59.21351,-37.90926],[-59.21354,-37.90966],[-59.21357,-37.91006],[-59.2136,-37.91046],[-59.21363,-37.91086],[-59.21367,-37.91126],[-59.21366,-37.91166],[-59.21366,-37.91207],[-59.21365,-37.91247],[-59.21365,-37.91287],[-59.21364,-37.91327],[-59.21364,-37.91367],[-59.21364,-37.91407],[-59.21363,-37.91447],[-59.21363,-37.91488],[-59.21358,-37.91529],[-59.21354,-37.91571],[-59.21349,-37.91613],[-59.21345,-37.91655],[-59.2134,-37.91697],[-59.21336,-37.91738],[-59.21331,-37.9178],[-59.21326,-37.91822],[-59.21306,-37.91855],[-59.21285,-37.91887],[-59.21264,-37.9192],[-59.21243,-37.91952],[-59.21222,-37.91984],[-59.21201,-37.92017],[-59.21244,-37.92015],[-59.21286,-37.92014],[-59.21329,-37.92012],[-59.21371,-37.92011],[-59.21414,-37.92009],[-59.21457,-37.92008],[-59.21499,-37.92006],[-59.21542,-37.92005],[-59.21585,-37.92003],[-59.21628,-37.92002],[-59.21671,-37.92001],[-59.21714,-37.91999],[-59.21731,-37.91958],[-59.21747,-37.91917],[-59.21764,-37.91876],[-59.21781,-37.91835],[-59.21798,-37.91794],[-59.21815,-37.91753],[-59.21832,-37.91712],[-59.21849,-37.91671],[-59.21846,-37.91631],[-59.21843,-37.91591],[-59.2184,-37.91551],[-59.21836,-37.91511],[-59.21833,-37.9147],[-59.2183,-37.9143],[-59.21827,-37.9139],[-59.21824,-37.9135],[-59.2182,-37.9131],[-59.21814,-37.91267],[-59.21807,-37.91224],[-59.218,-37.91181],[-59.21793,-37.91138],[-59.21786,-37.91095],[-59.2178,-37.91052],[-59.21773,-37.91009],[-59.21766,-37.90966],[-59.21759,-37.90923],[-59.21759,-37.90884],[-59.2176,-37.90845],[-59.2176,-37.90807],[-59.21761,-37.90768],[-59.21761,-37.90729],[-59.21762,-37.90691],[-59.21775,-37.90649],[-59.21788,-37.90608],[-59.21801,-37.90566],[-59.21814,-37.90525],[-59.21827,-37.90483],[-59.2184,-37.90442],[-59.21853,-37.904],[-59.21866,-37.90359],[-59.2188,-37.90317],[-59.21893,-37.90276],[-59.21906,-37.90234],[-59.21919,-37.90193],[-59.21932,-37.90151],[-59.21945,-37.9011],[-59.21958,-37.90068],[-59.21971,-37.90027],[-59.21984,-37.89986],[-59.21997,-37.89944],[-59.21998,-37.89903],[-59.21998,-37.89862],[-59.21999,-37.8982],[-59.21999,-37.89779],[-59.22,-37.89738],[-59.22,-37.89697],[-59.22,-37.89655],[-59.22001,-37.89614],[-59.22001,-37.89573],[-59.22002,-37.89532],[-59.2201,-37.89493],[-59.22019,-37.89454],[-59.22027,-37.89416],[-59.22036,-37.89377],[-59.22044,-37.89339],[-59.22053,-37.893],[-59.22061,-37.89261],[-59.2207,-37.89223],[-59.22077,-37.89182],[-59.22084,-37.8914],[-59.22091,-37.89099],[-59.22098,-37.89058],[-59.22105,-37.89017],[-59.22118,-37.88976],[-59.22132,-37.88934],[-59.22145,-37.88893],[-59.22159,-37.88852],[-59.22172,-37.88811],[-59.22193,-37.88772],[-59.22215,-37.88734],[-59.22236,-37.88695],[-59.22257,-37.88657],[-59.22279,-37.88618],[-59.223,-37.8858],[-59.22321,-37.88541],[-59.22343,-37.88503],[-59.22364,-37.88464],[-59.22385,-37.88425],[-59.22407,-37.88387],[-59.22428,-37.88348],[-59.22449,-37.8831],[-59.2247,-37.88271],[-59.22481,-37.88228],[-59.22492,-37.88184],[-59.22502,-37.88141],[-59.22513,-37.88098],[-59.22524,-37.88054],[-59.22534,-37.88011],[-59.22545,-37.87967],[-59.22555,-37.87924],[-59.22566,-37.8788],[-59.22577,-37.87837],[-59.22587,-37.87793],[-59.22598,-37.8775],[-59.22608,-37.87707],[-59.22619,-37.87663],[-59.2263,-37.8762],[-59.2264,-37.87576],[-59.22657,-37.87538],[-59.22674,-37.87499],[-59.2269,-37.87461],[-59.22707,-37.87422],[-59.22724,-37.87383],[-59.2274,-37.87345],[-59.22757,-37.87306],[-59.22774,-37.87268],[-59.22791,-37.87229],[-59.22807,-37.87191],[-59.22837,-37.87162],[-59.22866,-37.87134],[-59.22895,-37.87105],[-59.22924,-37.87077],[-59.22953,-37.87048],[-59.22983,-37.8702],[-59.23012,-37.86992],[-59.23041,-37.86963],[-59.2307,-37.86935],[-59.23096,-37.869],[-59.23121,-37.86866],[-59.23147,-37.86832],[-59.23173,-37.86798],[-59.23198,-37.86763],[-59.23224,-37.86729],[-59.23249,-37.86695],[-59.23275,-37.86661],[-59.23301,-37.86626],[-59.23319,-37.86594],[-59.23338,-37.86561],[-59.23357,-37.86528],[-59.23376,-37.86495],[-59.23395,-37.86462],[-59.23414,-37.86428],[-59.23433,-37.86395],[-59.2345,-37.86357],[-59.23467,-37.86318],[-59.23483,-37.8628],[-59.235,-37.86241],[-59.23517,-37.86202],[-59.23534,-37.86164],[-59.2355,-37.86125],[-59.23567,-37.86087],[-59.23584,-37.86048],[-59.236,-37.8601],[-59.23615,-37.85973],[-59.23629,-37.85936],[-59.23643,-37.85899],[-59.23657,-37.85862],[-59.23672,-37.85826],[-59.23686,-37.85789],[-59.237,-37.85752],[-59.2373,-37.85724],[-59.23759,-37.85696],[-59.23789,-37.85668],[-59.23818,-37.85639],[-59.23848,-37.85611],[-59.23877,-37.85583],[-59.23907,-37.85555],[-59.23936,-37.85527],[-59.23966,-37.85499],[-59.23996,-37.85471],[-59.24021,-37.85437],[-59.24046,-37.85404],[-59.24072,-37.8537],[-59.24097,-37.85336],[-59.24123,-37.85303],[-59.24148,-37.85269],[-59.24173,-37.85236],[-59.24199,-37.85202],[-59.24224,-37.85169],[-59.24249,-37.85135],[-59.24275,-37.85102],[-59.243,-37.85068],[-59.24326,-37.85035],[-59.24333,-37.84992],[-59.24341,-37.84949],[-59.24349,-37.84906],[-59.24357,-37.84863],[-59.24365,-37.84821],[-59.24372,-37.84778],[-59.2438,-37.84735],[-59.24388,-37.84692],[-59.24406,-37.84659],[-59.24423,-37.84626],[-59.24441,-37.84593],[-59.24459,-37.8456],[-59.24476,-37.84527],[-59.24494,-37.84494],[-59.24494,-37.84452],[-59.24495,-37.84411],[-59.24495,-37.8437],[-59.24495,-37.84329],[-59.24496,-37.84288],[-59.2449,-37.84251],[-59.24483,-37.84215],[-59.24477,-37.84179],[-59.24471,-37.84143],[-59.24465,-37.84107],[-59.24426,-37.84092],[-59.24386,-37.84078],[-59.24346,-37.84063],[-59.24307,-37.84049],[-59.24267,-37.84034],[-59.24227,-37.8402],[-59.24188,-37.84005],[-59.24148,-37.83991],[-59.24109,-37.83976],[-59.2407,-37.83997],[-59.24032,-37.84018],[-59.23994,-37.8404],[-59.23956,-37.84061],[-59.23918,-37.84082],[-59.2388,-37.84103],[-59.23867,-37.84139],[-59.23853,-37.84175],[-59.2384,-37.84211],[-59.23826,-37.84247],[-59.23813,-37.84283],[-59.23805,-37.84327],[-59.23797,-37.84371],[-59.23789,-37.84414],[-59.23781,-37.84458],[-59.23773,-37.84501],[-59.23765,-37.84545],[-59.23757,-37.84588],[-59.23749,-37.84632],[-59.23741,-37.84676],[-59.23733,-37.84719],[-59.23725,-37.84763],[-59.23717,-37.84806],[-59.23709,-37.8485],[-59.23683,-37.84886],[-59.23657,-37.84922],[-59.2363,-37.84958],[-59.23604,-37.84994],[-59.23577,-37.8503],[-59.2354,-37.85011],[-59.23503,-37.84992],[-59.23466,-37.84974],[-59.23429,-37.84955],[-59.23392,-37.84936],[-59.23355,-37.84917],[-59.23318,-37.84899],[-59.2331,-37.84858],[-59.23301,-37.84818],[-59.23292,-37.84777],[-59.23283,-37.84737],[-59.23274,-37.84696],[-59.23266,-37.84655],[-59.23257,-37.84615],[-59.23253,-37.84573],[-59.2325,-37.84531],[-59.23246,-37.84489],[-59.23242,-37.84447],[-59.23239,-37.84405],[-59.23235,-37.84363],[-59.23232,-37.84322],[-59.23228,-37.8428],[-59.23233,-37.84237],[-59.23238,-37.84194],[-59.23242,-37.84151],[-59.23247,-37.84108],[-59.23252,-37.84065],[-59.23257,-37.84022],[-59.23261,-37.83979],[-59.23266,-37.83936],[-59.23271,-37.83893],[-59.23276,-37.8385],[-59.2328,-37.83807],[-59.23285,-37.83764],[-59.2329,-37.83721],[-59.23295,-37.83678],[-59.23299,-37.83635],[-59.23314,-37.83595],[-59.23329,-37.83555],[-59.23344,-37.83515],[-59.23359,-37.83475],[-59.23374,-37.83435],[-59.23389,-37.83395],[-59.23404,-37.83355],[-59.23418,-37.83315],[-59.23433,-37.83275],[-59.23439,-37.83237],[-59.23445,-37.83198],[-59.23451,-37.83159],[-59.23456,-37.83121],[-59.23462,-37.83082],[-59.23468,-37.83043],[-59.23455,-37.83003],[-59.23441,-37.82962],[-59.23428,-37.82921],[-59.23414,-37.82881],[-59.23401,-37.8284],[-59.23387,-37.82799],[-59.23374,-37.82759],[-59.23333,-37.82765],[-59.23292,-37.82771],[-59.23251,-37.82777],[-59.23211,-37.82784],[-59.23191,-37.82822],[-59.23171,-37.82861],[-59.23151,-37.82899],[-59.23131,-37.82938],[-59.23111,-37.82976],[-59.23091,-37.83015],[-59.23071,-37.83053],[-59.23052,-37.83092],[-59.23032,-37.83131],[-59.23012,-37.83169],[-59.23011,-37.83213],[-59.23011,-37.83258],[-59.2301,-37.83302],[-59.2301,-37.83346],[-59.23009,-37.8339],[-59.23009,-37.83434],[-59.23008,-37.83479],[-59.22989,-37.83519],[-59.2297,-37.83559],[-59.22951,-37.836],[-59.22932,-37.8364],[-59.22914,-37.83681],[-59.22895,-37.83721],[-59.22876,-37.83762],[-59.22853,-37.838],[-59.22831,-37.83839],[-59.22809,-37.83877],[-59.22787,-37.83916],[-59.22765,-37.83954],[-59.22743,-37.83993],[-59.22739,-37.84034],[-59.22736,-37.84075],[-59.22732,-37.84116],[-59.22728,-37.84158],[-59.22725,-37.84199],[-59.22721,-37.8424],[-59.22717,-37.84281],[-59.22714,-37.84323],[-59.2271,-37.84364],[-59.22706,-37.84405],[-59.22717,-37.84448],[-59.22727,-37.84491],[-59.22737,-37.84534],[-59.22748,-37.84577],[-59.22758,-37.8462],[-59.22768,-37.84663]]]]}},{"type":"Feature","properties":{"fdc":"IGN","sag":"IGN","tipo":"Pajonal, juncal, totoral","ign":"vegetacion_hidrofila_ED020.1880"},"geometry":{"type":"MultiPolygon","coordinates":[[[[-59.26994,-37.99815],[-59.27035,-37.99823],[-59.27077,-37.99832],[-59.27118,-37.99841],[-59.2716,-37.9985],[-59.27201,-37.99859],[-59.27242,-37.99868],[-59.27284,-37.99877],[-59.27325,-37.99886],[-59.27367,-37.99895],[-59.27408,-37.99903],[-59.27449,-37.99912],[-59.27466,-37.99881],[-59.27482,-37.9985],[-59.27498,-37.99819],[-59.27514,-37.99788],[-59.27516,-37.99744],[-59.27519,-37.99701],[-59.27521,-37.99657],[-59.27523,-37.99613],[-59.27526,-37.9957],[-59.27528,-37.99526],[-59.27531,-37.99482],[-59.27533,-37.99439],[-59.27535,-37.99395],[-59.27538,-37.99352],[-59.2754,-37.99308],[-59.27542,-37.99264],[-59.27545,-37.99221],[-59.27547,-37.99177],[-59.2755,-37.99133],[-59.27552,-37.9909],[-59.27568,-37.99048],[-59.27584,-37.99007],[-59.276,-37.98966],[-59.27617,-37.98924],[-59.27633,-37.98883],[-59.27649,-37.98841],[-59.27674,-37.98812],[-59.277,-37.98782],[-59.27726,-37.98752],[-59.27751,-37.98722],[-59.27777,-37.98692],[-59.27805,-37.98664],[-59.27832,-37.98636],[-59.2786,-37.98608],[-59.27888,-37.98581],[-59.27916,-37.98553],[-59.27944,-37.98525],[-59.27972,-37.98497],[-59.27999,-37.98469],[-59.28021,-37.98432],[-59.28042,-37.98395],[-59.28064,-37.98357],[-59.28085,-37.9832],[-59.28107,-37.98283],[-59.28128,-37.98246],[-59.28146,-37.98207],[-59.28165,-37.98167],[-59.28183,-37.98128],[-59.28201,-37.98089],[-59.2822,-37.9805],[-59.28238,-37.98011],[-59.28256,-37.97972],[-59.28265,-37.97929],[-59.28273,-37.97885],[-59.28281,-37.97841],[-59.28289,-37.97798],[-59.28312,-37.9776],[-59.28335,-37.97723],[-59.28358,-37.97686],[-59.28381,-37.97649],[-59.28404,-37.97611],[-59.28427,-37.97574],[-59.28449,-37.97537],[-59.28472,-37.975],[-59.28495,-37.97462],[-59.28518,-37.97425],[-59.28541,-37.97388],[-59.28564,-37.9735],[-59.28587,-37.97313],[-59.28609,-37.97276],[-59.2861,-37.97232],[-59.2861,-37.97189],[-59.28611,-37.97145],[-59.28611,-37.97101],[-59.28612,-37.97058],[-59.28612,-37.97014],[-59.28613,-37.96971],[-59.28613,-37.96927],[-59.28613,-37.96883],[-59.28614,-37.9684],[-59.28614,-37.96796],[-59.28615,-37.96753],[-59.28633,-37.96717],[-59.2865,-37.96681],[-59.28668,-37.96645],[-59.28686,-37.96609],[-59.28704,-37.96573],[-59.28722,-37.96537],[-59.2874,-37.96501],[-59.28758,-37.96465],[-59.28775,-37.96429],[-59.28789,-37.96386],[-59.28803,-37.96344],[-59.28817,-37.96301],[-59.28831,-37.96259],[-59.28845,-37.96216],[-59.28859,-37.96173],[-59.28873,-37.96131],[-59.28889,-37.9609],[-59.28905,-37.9605],[-59.28921,-37.96009],[-59.28937,-37.95969],[-59.28953,-37.95929],[-59.28969,-37.95888],[-59.28986,-37.95848],[-59.29002,-37.95807],[-59.29033,-37.95776],[-59.29065,-37.95745],[-59.29097,-37.95714],[-59.29129,-37.95683],[-59.29161,-37.95652],[-59.29192,-37.95621],[-59.29224,-37.9559],[-59.29256,-37.9556],[-59.29288,-37.95529],[-59.2932,-37.95498],[-59.29351,-37.95467],[-59.29383,-37.95436],[-59.29415,-37.95405],[-59.29447,-37.95374],[-59.29479,-37.95343],[-59.2951,-37.95312],[-59.29511,-37.95273],[-59.29511,-37.95233],[-59.29512,-37.95194],[-59.29512,-37.95155],[-59.29512,-37.95116],[-59.29513,-37.95076],[-59.29513,-37.95037],[-59.29501,-37.94997],[-59.29489,-37.94957],[-59.29476,-37.94918],[-59.29464,-37.94878],[-59.29452,-37.94838],[-59.29428,-37.94805],[-59.29404,-37.94771],[-59.29379,-37.94738],[-59.29355,-37.94704],[-59.29331,-37.94671],[-59.29307,-37.94637],[-59.29283,-37.94604],[-59.29259,-37.9457],[-59.29235,-37.94537],[-59.29235,-37.94493],[-59.29236,-37.94448],[-59.29236,-37.94404],[-59.29236,-37.9436],[-59.29237,-37.94316],[-59.29237,-37.94271],[-59.29238,-37.94227],[-59.29238,-37.94183],[-59.29239,-37.94138],[-59.29274,-37.94114],[-59.29309,-37.94089],[-59.29344,-37.94064],[-59.29379,-37.94039],[-59.29415,-37.94015],[-59.2945,-37.9399],[-59.29485,-37.93965],[-59.2952,-37.9394],[-59.29555,-37.93916],[-59.29591,-37.93891],[-59.29626,-37.93866],[-59.29661,-37.93842],[-59.29696,-37.93817],[-59.29731,-37.93792],[-59.29767,-37.93767],[-59.29802,-37.93743],[-59.29837,-37.93718],[-59.29872,-37.93693],[-59.29904,-37.93665],[-59.29936,-37.93637],[-59.29967,-37.93609],[-59.29999,-37.93582],[-59.30031,-37.93554],[-59.30062,-37.93526],[-59.30094,-37.93498],[-59.30126,-37.9347],[-59.30142,-37.93433],[-59.30158,-37.93395],[-59.30174,-37.93358],[-59.3019,-37.93321],[-59.30206,-37.93284],[-59.30222,-37.93246],[-59.30238,-37.93209],[-59.30255,-37.93172],[-59.30271,-37.93135],[-59.30287,-37.93097],[-59.30315,-37.93063],[-59.30343,-37.93029],[-59.3037,-37.92995],[-59.30398,-37.92961],[-59.30426,-37.92927],[-59.30454,-37.92892],[-59.30482,-37.92858],[-59.3051,-37.92824],[-59.30539,-37.92794],[-59.30569,-37.92763],[-59.30598,-37.92733],[-59.30627,-37.92702],[-59.30657,-37.92672],[-59.30686,-37.92641],[-59.30715,-37.92611],[-59.30745,-37.9258],[-59.30774,-37.9255],[-59.30803,-37.92519],[-59.30833,-37.92488],[-59.30862,-37.92458],[-59.30891,-37.92427],[-59.30903,-37.92387],[-59.30915,-37.92346],[-59.30927,-37.92305],[-59.30939,-37.92265],[-59.3095,-37.92224],[-59.30962,-37.92183],[-59.30974,-37.92142],[-59.30986,-37.92102],[-59.30998,-37.92061],[-59.31009,-37.9202],[-59.31021,-37.9198],[-59.31033,-37.91939],[-59.31046,-37.91899],[-59.31058,-37.91858],[-59.3107,-37.91818],[-59.31082,-37.91777],[-59.31094,-37.91737],[-59.31107,-37.91696],[-59.31119,-37.91656],[-59.31151,-37.91625],[-59.31182,-37.91595],[-59.31214,-37.91565],[-59.31246,-37.91535],[-59.31278,-37.91504],[-59.3131,-37.91474],[-59.31341,-37.91444],[-59.31373,-37.91413],[-59.31405,-37.91383],[-59.31442,-37.91358],[-59.31479,-37.91334],[-59.31516,-37.91309],[-59.31553,-37.91284],[-59.3159,-37.91259],[-59.31627,-37.91235],[-59.31655,-37.91205],[-59.31684,-37.91175],[-59.31712,-37.91145],[-59.31741,-37.91116],[-59.31769,-37.91086],[-59.31798,-37.91056],[-59.31827,-37.91027],[-59.31855,-37.90997],[-59.31884,-37.90967],[-59.31912,-37.90937],[-59.31935,-37.90901],[-59.31959,-37.90865],[-59.31982,-37.90829],[-59.32005,-37.90793],[-59.32028,-37.90757],[-59.32052,-37.9072],[-59.32075,-37.90684],[-59.32098,-37.90648],[-59.32121,-37.90612],[-59.32145,-37.90576],[-59.32168,-37.9054],[-59.32178,-37.90497],[-59.32188,-37.90455],[-59.32198,-37.90413],[-59.32208,-37.90371],[-59.32218,-37.90329],[-59.32228,-37.90287],[-59.32238,-37.90245],[-59.32249,-37.90202],[-59.32259,-37.9016],[-59.32269,-37.90118],[-59.32279,-37.90076],[-59.32289,-37.90034],[-59.32299,-37.89992],[-59.32299,-37.89947],[-59.323,-37.89902],[-59.323,-37.89857],[-59.32301,-37.89812],[-59.32301,-37.89767],[-59.32302,-37.89723],[-59.32302,-37.89678],[-59.32302,-37.89633],[-59.32303,-37.89588],[-59.32303,-37.89543],[-59.32317,-37.89504],[-59.3233,-37.89464],[-59.32343,-37.89425],[-59.32357,-37.89385],[-59.3237,-37.89346],[-59.32384,-37.89307],[-59.32397,-37.89267],[-59.32411,-37.89228],[-59.32424,-37.89188],[-59.32437,-37.89149],[-59.32451,-37.8911],[-59.32464,-37.8907],[-59.32499,-37.89041],[-59.32533,-37.89012],[-59.32567,-37.88983],[-59.32602,-37.88955],[-59.32636,-37.88926],[-59.3267,-37.88897],[-59.32705,-37.88868],[-59.32739,-37.88839],[-59.32773,-37.8881],[-59.32808,-37.88781],[-59.32842,-37.88752],[-59.32877,-37.88723],[-59.32902,-37.88689],[-59.32928,-37.88654],[-59.32953,-37.88619],[-59.32979,-37.88584],[-59.33004,-37.8855],[-59.3303,-37.88515],[-59.33055,-37.8848],[-59.33081,-37.88445],[-59.33106,-37.88411],[-59.33132,-37.88376],[-59.33143,-37.88335],[-59.33155,-37.88294],[-59.33167,-37.88253],[-59.33178,-37.88212],[-59.3319,-37.88171],[-59.33201,-37.8813],[-59.33213,-37.8809],[-59.33225,-37.88049],[-59.33236,-37.88008],[-59.33248,-37.87967],[-59.33259,-37.87926],[-59.33271,-37.87885],[-59.33283,-37.87844],[-59.33294,-37.87803],[-59.33305,-37.87762],[-59.33316,-37.8772],[-59.33327,-37.87679],[-59.33338,-37.87637],[-59.33349,-37.87596],[-59.33359,-37.87554],[-59.3337,-37.87513],[-59.33381,-37.87471],[-59.33392,-37.8743],[-59.33415,-37.87394],[-59.33438,-37.87358],[-59.33461,-37.87321],[-59.33485,-37.87285],[-59.33508,-37.87249],[-59.33531,-37.87213],[-59.33554,-37.87177],[-59.33577,-37.87141],[-59.336,-37.87105],[-59.33624,-37.87068],[-59.33647,-37.87032],[-59.33674,-37.86999],[-59.33702,-37.86965],[-59.3373,-37.86932],[-59.33757,-37.86898],[-59.33785,-37.86865],[-59.33813,-37.86831],[-59.3384,-37.86798],[-59.33868,-37.86765],[-59.3389,-37.86738],[-59.33912,-37.86711],[-59.33933,-37.86685],[-59.33965,-37.86655],[-59.33997,-37.86625],[-59.34028,-37.86596],[-59.3406,-37.86566],[-59.34092,-37.86536],[-59.34049,-37.86529],[-59.34006,-37.86522],[-59.33963,-37.86515],[-59.3392,-37.86508],[-59.33877,-37.86501],[-59.33835,-37.86494],[-59.33792,-37.86487],[-59.33749,-37.8648],[-59.33706,-37.86473],[-59.33663,-37.86466],[-59.3362,-37.86459],[-59.33584,-37.86473],[-59.33548,-37.86487],[-59.33512,-37.86501],[-59.33476,-37.86515],[-59.3344,-37.86529],[-59.33404,-37.86543],[-59.33368,-37.86557],[-59.33339,-37.86589],[-59.3331,-37.8662],[-59.33282,-37.86652],[-59.33253,-37.86683],[-59.33224,-37.86714],[-59.33196,-37.86746],[-59.33167,-37.86777],[-59.33138,-37.86808],[-59.33109,-37.8684],[-59.33081,-37.86871],[-59.33052,-37.86903],[-59.33023,-37.86934],[-59.32994,-37.86965],[-59.32966,-37.86997],[-59.32937,-37.87028],[-59.32908,-37.87059],[-59.32892,-37.87078],[-59.32878,-37.87121],[-59.32864,-37.87163],[-59.3285,-37.87206],[-59.32836,-37.87249],[-59.32822,-37.87291],[-59.32808,-37.87334],[-59.32795,-37.87376],[-59.32789,-37.87414],[-59.32784,-37.87451],[-59.32778,-37.87489],[-59.32772,-37.87526],[-59.32767,-37.87563],[-59.32761,-37.87601],[-59.32745,-37.87641],[-59.32729,-37.87682],[-59.32713,-37.87722],[-59.32697,-37.87762],[-59.32681,-37.87803],[-59.32664,-37.87843],[-59.32648,-37.87884],[-59.32632,-37.87924],[-59.32632,-37.87966],[-59.32631,-37.88007],[-59.32631,-37.88049],[-59.32631,-37.88091],[-59.3263,-37.88132],[-59.3263,-37.88174],[-59.3262,-37.88213],[-59.32611,-37.88252],[-59.32602,-37.88291],[-59.32593,-37.8833],[-59.32583,-37.88369],[-59.32574,-37.88408],[-59.32565,-37.88448],[-59.32575,-37.88489],[-59.32585,-37.88531],[-59.32595,-37.88572],[-59.32563,-37.88602],[-59.32532,-37.88632],[-59.325,-37.88662],[-59.32468,-37.88691],[-59.32436,-37.88721],[-59.324,-37.88746],[-59.32363,-37.88771],[-59.32327,-37.88795],[-59.3229,-37.8882],[-59.32254,-37.88845],[-59.32217,-37.8887],[-59.32181,-37.88894],[-59.32144,-37.88919],[-59.32108,-37.88944],[-59.32071,-37.88968],[-59.32035,-37.88993],[-59.31998,-37.89018],[-59.31961,-37.89043],[-59.31943,-37.89082],[-59.31924,-37.89121],[-59.31905,-37.89161],[-59.31887,-37.892],[-59.31868,-37.89239],[-59.31849,-37.89279],[-59.3183,-37.89318],[-59.31812,-37.89358],[-59.31793,-37.89397],[-59.31774,-37.89436],[-59.31755,-37.89476],[-59.31737,-37.89515],[-59.31736,-37.8956],[-59.31736,-37.89605],[-59.31735,-37.8965],[-59.31735,-37.89694],[-59.31734,-37.89739],[-59.3174,-37.89782],[-59.31746,-37.89824],[-59.31752,-37.89867],[-59.31758,-37.89909],[-59.31764,-37.89952],[-59.3177,-37.89994],[-59.31776,-37.90036],[-59.31782,-37.90079],[-59.31788,-37.90121],[-59.31794,-37.90164],[-59.31777,-37.90201],[-59.31761,-37.90238],[-59.31745,-37.90276],[-59.31729,-37.90313],[-59.31729,-37.90353],[-59.31728,-37.90394],[-59.31728,-37.90435],[-59.31728,-37.90475],[-59.31727,-37.90516],[-59.31727,-37.90556],[-59.31727,-37.90597],[-59.31726,-37.90637],[-59.31699,-37.90673],[-59.31672,-37.90708],[-59.31645,-37.90743],[-59.31617,-37.90779],[-59.3159,-37.90814],[-59.31563,-37.9085],[-59.31535,-37.90885],[-59.31508,-37.90913],[-59.3148,-37.90941],[-59.31452,-37.90969],[-59.31424,-37.90997],[-59.31396,-37.91025],[-59.31369,-37.91053],[-59.31341,-37.9108],[-59.31313,-37.91108],[-59.31281,-37.91136],[-59.3125,-37.91164],[-59.31218,-37.91192],[-59.31186,-37.9122],[-59.31154,-37.91248],[-59.31123,-37.91276],[-59.31091,-37.91304],[-59.31059,-37.91331],[-59.31024,-37.91351],[-59.30989,-37.9137],[-59.30954,-37.91389],[-59.30919,-37.91408],[-59.30883,-37.91427],[-59.30848,-37.91446],[-59.30813,-37.91466],[-59.30778,-37.91485],[-59.30743,-37.91504],[-59.30733,-37.91547],[-59.30724,-37.91589],[-59.30715,-37.91632],[-59.30705,-37.91675],[-59.30696,-37.91717],[-59.30686,-37.9176],[-59.30677,-37.91803],[-59.30673,-37.91847],[-59.30669,-37.91891],[-59.30665,-37.91936],[-59.30661,-37.9198],[-59.30657,-37.92024],[-59.30653,-37.92069],[-59.30649,-37.92113],[-59.30645,-37.92157],[-59.30642,-37.92202],[-59.3061,-37.92231],[-59.30578,-37.9226],[-59.30546,-37.9229],[-59.30514,-37.92319],[-59.30483,-37.92348],[-59.30451,-37.92377],[-59.30419,-37.92407],[-59.30387,-37.92436],[-59.30356,-37.92465],[-59.30324,-37.92495],[-59.30292,-37.92524],[-59.30268,-37.92558],[-59.30244,-37.92592],[-59.3022,-37.92626],[-59.30197,-37.92661],[-59.30173,-37.92695],[-59.30149,-37.92729],[-59.30125,-37.92763],[-59.30101,-37.92797],[-59.30095,-37.92834],[-59.3009,-37.92872],[-59.30084,-37.92909],[-59.30079,-37.92946],[-59.30073,-37.92984],[-59.30067,-37.93021],[-59.30051,-37.93062],[-59.30035,-37.93104],[-59.30019,-37.93145],[-59.30003,-37.93187],[-59.29987,-37.93228],[-59.29971,-37.9327],[-59.29936,-37.93296],[-59.29901,-37.93323],[-59.29866,-37.93349],[-59.29831,-37.93375],[-59.29796,-37.93402],[-59.29761,-37.93428],[-59.29726,-37.93455],[-59.29691,-37.93481],[-59.29656,-37.93508],[-59.29621,-37.93534],[-59.29586,-37.93561],[-59.29551,-37.93587],[-59.29516,-37.93613],[-59.29481,-37.9364],[-59.29446,-37.93666],[-59.29411,-37.93693],[-59.29375,-37.93719],[-59.2934,-37.93746],[-59.29305,-37.93772],[-59.2927,-37.93799],[-59.29235,-37.93825],[-59.292,-37.93851],[-59.29165,-37.93878],[-59.2913,-37.93904],[-59.29095,-37.93931],[-59.2906,-37.93957],[-59.29025,-37.93984],[-59.2899,-37.9401],[-59.28955,-37.94036],[-59.2896,-37.94079],[-59.28964,-37.94122],[-59.28968,-37.94165],[-59.28972,-37.94208],[-59.28976,-37.94251],[-59.2898,-37.94293],[-59.28984,-37.94336],[-59.28988,-37.94379],[-59.28992,-37.94422],[-59.28997,-37.94465],[-59.29001,-37.94507],[-59.29005,-37.9455],[-59.29009,-37.94593],[-59.29013,-37.94636],[-59.29023,-37.94675],[-59.29033,-37.94713],[-59.29043,-37.94752],[-59.29053,-37.94791],[-59.29064,-37.9483],[-59.29074,-37.94869],[-59.29084,-37.94908],[-59.29094,-37.94946],[-59.29104,-37.94985],[-59.2908,-37.95022],[-59.29055,-37.95059],[-59.29031,-37.95095],[-59.29006,-37.95132],[-59.28982,-37.95168],[-59.28958,-37.95205],[-59.28933,-37.95242],[-59.28909,-37.95278],[-59.28885,-37.95315],[-59.2886,-37.95352],[-59.28836,-37.95388],[-59.28812,-37.95425],[-59.28787,-37.95462],[-59.28763,-37.95498],[-59.28739,-37.95535],[-59.28714,-37.95572],[-59.2869,-37.95608],[-59.28666,-37.95645],[-59.28641,-37.95682],[-59.28617,-37.95718],[-59.28593,-37.95755],[-59.28567,-37.95787],[-59.28542,-37.95819],[-59.28516,-37.95852],[-59.28491,-37.95884],[-59.28465,-37.95916],[-59.2844,-37.95948],[-59.28414,-37.95981],[-59.28389,-37.96013],[-59.28363,-37.96045],[-59.28338,-37.96077],[-59.28321,-37.96119],[-59.28303,-37.9616],[-59.28286,-37.96202],[-59.28269,-37.96243],[-59.28252,-37.96285],[-59.28235,-37.96326],[-59.28217,-37.96368],[-59.282,-37.96409],[-59.28183,-37.96451],[-59.28166,-37.96492],[-59.28148,-37.96534],[-59.28131,-37.96575],[-59.28114,-37.96617],[-59.28097,-37.96658],[-59.2808,-37.967],[-59.28077,-37.96744],[-59.28074,-37.96789],[-59.28072,-37.96833],[-59.28069,-37.96878],[-59.28066,-37.96922],[-59.28063,-37.96966],[-59.28061,-37.97011],[-59.28058,-37.97055],[-59.28055,-37.971],[-59.28053,-37.97144],[-59.2805,-37.97189],[-59.28047,-37.97233],[-59.28045,-37.97278],[-59.28042,-37.97322],[-59.28026,-37.9736],[-59.2801,-37.97397],[-59.27994,-37.97434],[-59.27978,-37.97472],[-59.27961,-37.97509],[-59.27945,-37.97546],[-59.27929,-37.97583],[-59.27913,-37.97621],[-59.27896,-37.97662],[-59.27879,-37.97703],[-59.27862,-37.97744],[-59.27845,-37.97785],[-59.27828,-37.97826],[-59.27811,-37.97867],[-59.27794,-37.97908],[-59.27777,-37.97949],[-59.2776,-37.9799],[-59.27743,-37.98031],[-59.27725,-37.98071],[-59.27708,-37.98112],[-59.27691,-37.98153],[-59.27674,-37.98194],[-59.27657,-37.98235],[-59.2764,-37.98276],[-59.27623,-37.98317],[-59.27591,-37.98336],[-59.27559,-37.98354],[-59.27528,-37.98373],[-59.27496,-37.98391],[-59.27479,-37.98432],[-59.27462,-37.98473],[-59.27445,-37.98514],[-59.27428,-37.98555],[-59.27411,-37.98596],[-59.27393,-37.98637],[-59.27376,-37.98678],[-59.27359,-37.98719],[-59.27342,-37.9876],[-59.27325,-37.98801],[-59.27308,-37.98842],[-59.27291,-37.98883],[-59.27274,-37.98924],[-59.27257,-37.98965],[-59.2724,-37.99006],[-59.27223,-37.99047],[-59.27206,-37.99088],[-59.27205,-37.9913],[-59.27205,-37.99173],[-59.27204,-37.99216],[-59.27204,-37.99259],[-59.27203,-37.99302],[-59.27203,-37.99345],[-59.27203,-37.99388],[-59.27202,-37.99425],[-59.27202,-37.99461],[-59.27174,-37.99485],[-59.27147,-37.99509],[-59.27119,-37.99533],[-59.27091,-37.99557],[-59.27083,-37.99597],[-59.27074,-37.99638],[-59.27065,-37.99678],[-59.27051,-37.99712],[-59.27036,-37.99745],[-59.27022,-37.99779],[-59.27008,-37.99797],[-59.26994,-37.99815]]]]}},{"type":"Feature","properties":{"fdc":"IGN","sag":"IGN","tipo":"Pajonal, juncal, totoral","ign":"vegetacion_hidrofila_ED020.1888"},"geometry":{"type":"MultiPolygon","coordinates":[[[[-59.22548,-37.98634],[-59.22543,-37.98678],[-59.22538,-37.98722],[-59.22533,-37.98766],[-59.22563,-37.98736],[-59.22593,-37.98705],[-59.22623,-37.98675],[-59.22653,-37.98644],[-59.22683,-37.98614],[-59.22713,-37.98583],[-59.22743,-37.98553],[-59.22773,-37.98522],[-59.22803,-37.98492],[-59.22833,-37.98462],[-59.22861,-37.98428],[-59.2289,-37.98395],[-59.22918,-37.98362],[-59.22946,-37.98329],[-59.22975,-37.98296],[-59.23003,-37.98263],[-59.23031,-37.9823],[-59.2306,-37.98197],[-59.23088,-37.98164],[-59.23104,-37.98123],[-59.2312,-37.98083],[-59.23136,-37.98043],[-59.23153,-37.98002],[-59.23169,-37.97962],[-59.23185,-37.97922],[-59.23201,-37.97881],[-59.23217,-37.97841],[-59.23235,-37.97802],[-59.23254,-37.97763],[-59.23272,-37.97724],[-59.23291,-37.97685],[-59.23309,-37.97646],[-59.23328,-37.97606],[-59.23346,-37.97567],[-59.23363,-37.97526],[-59.23379,-37.97484],[-59.23395,-37.97443],[-59.23411,-37.97401],[-59.23427,-37.9736],[-59.23444,-37.97318],[-59.23475,-37.97287],[-59.23507,-37.97256],[-59.23539,-37.97225],[-59.23571,-37.97194],[-59.23603,-37.97164],[-59.23634,-37.97133],[-59.23666,-37.97102],[-59.23698,-37.97071],[-59.23706,-37.97027],[-59.23715,-37.96984],[-59.23723,-37.9694],[-59.23731,-37.96896],[-59.2375,-37.96857],[-59.23768,-37.96818],[-59.23786,-37.96779],[-59.23805,-37.9674],[-59.23823,-37.96701],[-59.23841,-37.96662],[-59.2386,-37.96623],[-59.23871,-37.96584],[-59.23882,-37.96545],[-59.23892,-37.96507],[-59.23903,-37.96468],[-59.23914,-37.96429],[-59.23925,-37.9639],[-59.23936,-37.96352],[-59.23947,-37.96313],[-59.23958,-37.96274],[-59.23972,-37.96232],[-59.23986,-37.96189],[-59.24,-37.96146],[-59.24014,-37.96104],[-59.24028,-37.96061],[-59.24042,-37.96018],[-59.24055,-37.95976],[-59.24077,-37.95937],[-59.24098,-37.95899],[-59.2412,-37.9586],[-59.24141,-37.95821],[-59.24163,-37.95783],[-59.24184,-37.95744],[-59.24206,-37.95705],[-59.24227,-37.95667],[-59.24249,-37.95628],[-59.2428,-37.95598],[-59.24312,-37.95567],[-59.24344,-37.95537],[-59.24376,-37.95507],[-59.24407,-37.95477],[-59.24439,-37.95446],[-59.24471,-37.95416],[-59.24503,-37.95386],[-59.24535,-37.95356],[-59.24566,-37.95326],[-59.24598,-37.95296],[-59.2463,-37.95266],[-59.24662,-37.95237],[-59.24693,-37.95207],[-59.24725,-37.95177],[-59.24757,-37.95148],[-59.24789,-37.95118],[-59.2482,-37.95088],[-59.24852,-37.95058],[-59.24872,-37.95021],[-59.24892,-37.94984],[-59.24912,-37.94947],[-59.24932,-37.94909],[-59.24952,-37.94872],[-59.24972,-37.94835],[-59.24993,-37.94798],[-59.25013,-37.94761],[-59.25029,-37.94721],[-59.25045,-37.94681],[-59.25061,-37.94641],[-59.25077,-37.94601],[-59.25093,-37.94561],[-59.2511,-37.94522],[-59.25126,-37.94482],[-59.25142,-37.94442],[-59.25158,-37.94402],[-59.25174,-37.94362],[-59.25183,-37.94322],[-59.25191,-37.94281],[-59.25199,-37.94241],[-59.25208,-37.94201],[-59.25216,-37.9416],[-59.25224,-37.9412],[-59.25232,-37.94079],[-59.25241,-37.94039],[-59.25248,-37.93997],[-59.25255,-37.93956],[-59.25263,-37.93914],[-59.2527,-37.93873],[-59.25278,-37.93831],[-59.25285,-37.9379],[-59.25292,-37.93748],[-59.253,-37.93706],[-59.25307,-37.93665],[-59.25326,-37.9363],[-59.25346,-37.93595],[-59.25365,-37.93561],[-59.25384,-37.93526],[-59.25403,-37.93491],[-59.25428,-37.93455],[-59.25453,-37.93419],[-59.25478,-37.93383],[-59.25503,-37.93348],[-59.25528,-37.93312],[-59.25552,-37.93276],[-59.25577,-37.9324],[-59.25602,-37.93204],[-59.25627,-37.93168],[-59.25638,-37.93135],[-59.25649,-37.93102],[-59.2566,-37.93069],[-59.25674,-37.9303],[-59.25688,-37.92992],[-59.25703,-37.92953],[-59.25717,-37.92914],[-59.25732,-37.92876],[-59.25746,-37.92837],[-59.2576,-37.92798],[-59.25775,-37.92759],[-59.25789,-37.92721],[-59.25799,-37.92678],[-59.25808,-37.92635],[-59.25817,-37.92593],[-59.25827,-37.9255],[-59.25836,-37.92507],[-59.25846,-37.92464],[-59.25855,-37.92422],[-59.25864,-37.92379],[-59.25874,-37.92336],[-59.25883,-37.92294],[-59.25893,-37.92251],[-59.25902,-37.92208],[-59.25911,-37.92165],[-59.25921,-37.92123],[-59.25927,-37.92081],[-59.25932,-37.9204],[-59.25938,-37.91998],[-59.25944,-37.91957],[-59.25949,-37.91915],[-59.25955,-37.91874],[-59.25961,-37.91832],[-59.25966,-37.91791],[-59.25972,-37.91749],[-59.25978,-37.91707],[-59.25983,-37.91666],[-59.25989,-37.91624],[-59.26002,-37.91585],[-59.26015,-37.91545],[-59.26028,-37.91505],[-59.26041,-37.91465],[-59.26054,-37.91425],[-59.26051,-37.91384],[-59.26048,-37.91342],[-59.26044,-37.91301],[-59.26041,-37.91259],[-59.26038,-37.91218],[-59.26035,-37.91176],[-59.26032,-37.91135],[-59.26029,-37.91093],[-59.26026,-37.91051],[-59.26027,-37.91009],[-59.26027,-37.90967],[-59.26027,-37.90924],[-59.26028,-37.90882],[-59.26028,-37.9084],[-59.26029,-37.90797],[-59.26029,-37.90755],[-59.2603,-37.90712],[-59.2603,-37.9067],[-59.2603,-37.90628],[-59.26031,-37.90583],[-59.26031,-37.90538],[-59.26032,-37.90493],[-59.26032,-37.90448],[-59.26032,-37.90403],[-59.26033,-37.90358],[-59.26033,-37.90313],[-59.26034,-37.90268],[-59.26034,-37.90224],[-59.26035,-37.90179],[-59.26035,-37.90139],[-59.26035,-37.901],[-59.26036,-37.90061],[-59.26036,-37.90022],[-59.26037,-37.89983],[-59.26037,-37.89944],[-59.26038,-37.89904],[-59.26047,-37.89862],[-59.26057,-37.8982],[-59.26067,-37.89777],[-59.26077,-37.89735],[-59.26087,-37.89693],[-59.26097,-37.89651],[-59.26106,-37.89608],[-59.26116,-37.89566],[-59.26126,-37.89524],[-59.26136,-37.89481],[-59.26164,-37.89448],[-59.26193,-37.89415],[-59.26221,-37.89382],[-59.26249,-37.89349],[-59.26278,-37.89316],[-59.26306,-37.89283],[-59.26334,-37.8925],[-59.26363,-37.89217],[-59.26391,-37.89184],[-59.2641,-37.89147],[-59.2643,-37.8911],[-59.26449,-37.89073],[-59.26469,-37.89037],[-59.26471,-37.89002],[-59.26474,-37.88968],[-59.26476,-37.88934],[-59.26478,-37.889],[-59.26461,-37.88863],[-59.26444,-37.88826],[-59.26427,-37.88789],[-59.26394,-37.88782],[-59.2636,-37.88776],[-59.26326,-37.8877],[-59.26286,-37.88784],[-59.26245,-37.88798],[-59.26204,-37.88812],[-59.26185,-37.88846],[-59.26166,-37.88881],[-59.26147,-37.88915],[-59.26127,-37.8895],[-59.26108,-37.88984],[-59.26084,-37.8902],[-59.26059,-37.89056],[-59.26034,-37.89091],[-59.26009,-37.89127],[-59.25985,-37.89162],[-59.2596,-37.89198],[-59.25935,-37.89234],[-59.25911,-37.89269],[-59.25886,-37.89305],[-59.25866,-37.89341],[-59.25845,-37.89377],[-59.25825,-37.89413],[-59.25805,-37.89449],[-59.25784,-37.89486],[-59.25764,-37.89522],[-59.25744,-37.89558],[-59.25723,-37.89594],[-59.25703,-37.8963],[-59.25683,-37.89666],[-59.25662,-37.89703],[-59.25662,-37.89744],[-59.25661,-37.89786],[-59.25661,-37.89827],[-59.2566,-37.89869],[-59.2566,-37.8991],[-59.2566,-37.89952],[-59.25659,-37.89993],[-59.25659,-37.90035],[-59.25658,-37.90077],[-59.25658,-37.90118],[-59.25657,-37.9016],[-59.25657,-37.90201],[-59.25656,-37.90246],[-59.25656,-37.90291],[-59.25656,-37.90336],[-59.25655,-37.90381],[-59.25655,-37.90425],[-59.25654,-37.9047],[-59.25654,-37.90515],[-59.25654,-37.9056],[-59.25653,-37.90605],[-59.25653,-37.9065],[-59.25652,-37.90694],[-59.25652,-37.90738],[-59.25651,-37.90782],[-59.25651,-37.90826],[-59.2565,-37.90871],[-59.2565,-37.90915],[-59.25649,-37.90959],[-59.25649,-37.91003],[-59.25648,-37.91047],[-59.25648,-37.91091],[-59.25648,-37.91136],[-59.25647,-37.9118],[-59.25647,-37.91224],[-59.25662,-37.91266],[-59.25677,-37.91307],[-59.25693,-37.91349],[-59.25708,-37.9139],[-59.25723,-37.91432],[-59.25739,-37.91474],[-59.25754,-37.91515],[-59.25769,-37.91557],[-59.25784,-37.91599],[-59.258,-37.9164],[-59.25815,-37.91682],[-59.2583,-37.91724],[-59.25814,-37.91764],[-59.25797,-37.91804],[-59.2578,-37.91844],[-59.25763,-37.91884],[-59.25746,-37.91924],[-59.2573,-37.91964],[-59.25713,-37.92004],[-59.25696,-37.92044],[-59.25679,-37.92084],[-59.25662,-37.92124],[-59.25645,-37.92164],[-59.25629,-37.92204],[-59.25612,-37.92244],[-59.25595,-37.92284],[-59.25578,-37.92324],[-59.25561,-37.92364],[-59.25545,-37.92404],[-59.25528,-37.92444],[-59.25511,-37.92484],[-59.25494,-37.92524],[-59.25477,-37.92564],[-59.2546,-37.92604],[-59.25444,-37.92644],[-59.25431,-37.92679],[-59.25418,-37.92713],[-59.25405,-37.92748],[-59.25392,-37.92783],[-59.25379,-37.92818],[-59.25357,-37.92854],[-59.25336,-37.92889],[-59.25315,-37.92925],[-59.25293,-37.92961],[-59.25272,-37.92997],[-59.25251,-37.93033],[-59.25229,-37.93069],[-59.25208,-37.93105],[-59.25187,-37.93141],[-59.25168,-37.9318],[-59.25149,-37.9322],[-59.2513,-37.93259],[-59.25111,-37.93298],[-59.25093,-37.93338],[-59.25074,-37.93377],[-59.25055,-37.93416],[-59.25036,-37.93456],[-59.25017,-37.93495],[-59.24999,-37.93534],[-59.2498,-37.93574],[-59.24961,-37.93613],[-59.24941,-37.93651],[-59.2492,-37.9369],[-59.249,-37.93728],[-59.2488,-37.93767],[-59.24859,-37.93805],[-59.24839,-37.93844],[-59.24818,-37.93882],[-59.24798,-37.9392],[-59.24778,-37.93959],[-59.24757,-37.93997],[-59.24737,-37.94036],[-59.24714,-37.94073],[-59.24691,-37.94111],[-59.24668,-37.94149],[-59.24645,-37.94187],[-59.24622,-37.94224],[-59.24598,-37.94262],[-59.24575,-37.943],[-59.24552,-37.94338],[-59.24529,-37.94375],[-59.24506,-37.94413],[-59.24483,-37.94451],[-59.2446,-37.94489],[-59.24437,-37.94526],[-59.24414,-37.94564],[-59.24391,-37.94602],[-59.24368,-37.94639],[-59.24345,-37.94677],[-59.24322,-37.94715],[-59.24299,-37.94753],[-59.24276,-37.9479],[-59.24253,-37.94828],[-59.2423,-37.94866],[-59.24206,-37.94904],[-59.24183,-37.94941],[-59.2416,-37.94979],[-59.24137,-37.95017],[-59.24114,-37.95056],[-59.2409,-37.95094],[-59.24067,-37.95133],[-59.24044,-37.95171],[-59.24021,-37.95209],[-59.23997,-37.95248],[-59.23974,-37.95286],[-59.23951,-37.95325],[-59.23927,-37.95363],[-59.23904,-37.95401],[-59.23893,-37.95444],[-59.23881,-37.95486],[-59.23869,-37.95529],[-59.23858,-37.95571],[-59.23846,-37.95614],[-59.23835,-37.95656],[-59.23823,-37.95699],[-59.23812,-37.95741],[-59.238,-37.95783],[-59.23789,-37.95826],[-59.23777,-37.95868],[-59.23766,-37.95911],[-59.23754,-37.95953],[-59.23743,-37.95996],[-59.23731,-37.96038],[-59.23719,-37.96081],[-59.23708,-37.96123],[-59.23692,-37.9616],[-59.23676,-37.96198],[-59.23659,-37.96235],[-59.23643,-37.96273],[-59.23627,-37.9631],[-59.23611,-37.96347],[-59.23595,-37.96385],[-59.23579,-37.96422],[-59.23562,-37.96459],[-59.23546,-37.96497],[-59.23522,-37.96534],[-59.23498,-37.96571],[-59.23474,-37.96608],[-59.2345,-37.96645],[-59.23426,-37.96683],[-59.23402,-37.9672],[-59.23378,-37.96757],[-59.23354,-37.96794],[-59.2333,-37.96832],[-59.23306,-37.96869],[-59.23282,-37.96906],[-59.23258,-37.96943],[-59.23238,-37.96982],[-59.23219,-37.9702],[-59.23199,-37.97058],[-59.23179,-37.97096],[-59.23159,-37.97134],[-59.2314,-37.97173],[-59.2312,-37.97211],[-59.231,-37.97249],[-59.2308,-37.97287],[-59.2306,-37.97326],[-59.23041,-37.97364],[-59.23021,-37.97402],[-59.23001,-37.9744],[-59.22988,-37.9748],[-59.22975,-37.9752],[-59.22962,-37.9756],[-59.22949,-37.976],[-59.22936,-37.97639],[-59.22923,-37.97679],[-59.2291,-37.97719],[-59.22897,-37.97759],[-59.22884,-37.97799],[-59.22871,-37.97839],[-59.22859,-37.97879],[-59.22847,-37.9792],[-59.22835,-37.97961],[-59.22823,-37.98001],[-59.22811,-37.98042],[-59.22799,-37.98083],[-59.22788,-37.98123],[-59.22776,-37.98164],[-59.22764,-37.98205],[-59.22752,-37.98245],[-59.2274,-37.98286],[-59.22719,-37.98325],[-59.22697,-37.98363],[-59.22676,-37.98402],[-59.22655,-37.98441],[-59.22633,-37.98479],[-59.22612,-37.98518],[-59.2259,-37.98557],[-59.22569,-37.98595],[-59.22548,-37.98634]]]]}},{"type":"Feature","properties":{"fdc":"IGN","sag":"IGN","tipo":"Pajonal, juncal, totoral","ign":"vegetacion_hidrofila_ED020.1915"},"geometry":{"type":"MultiPolygon","coordinates":[[[[-59.4297,-38.01015],[-59.42951,-38.00976],[-59.42931,-38.00937],[-59.42911,-38.00898],[-59.42892,-38.00859],[-59.42872,-38.0082],[-59.42852,-38.00781],[-59.42833,-38.00742],[-59.42813,-38.00703],[-59.42793,-38.00664],[-59.42774,-38.00625],[-59.42754,-38.00586],[-59.42734,-38.00547],[-59.42715,-38.00508],[-59.42695,-38.00469],[-59.42675,-38.00429],[-59.42655,-38.0039],[-59.42636,-38.00351],[-59.42616,-38.00312],[-59.42596,-38.00273],[-59.42577,-38.00234],[-59.42557,-38.00195],[-59.42537,-38.00156],[-59.42518,-38.00117],[-59.42498,-38.00078],[-59.42478,-38.00039],[-59.42459,-38],[-59.42458,-38.0],[-59.42439,-37.99966],[-59.42419,-37.99932],[-59.424,-37.99899],[-59.42381,-37.99865],[-59.42361,-37.99831],[-59.42327,-37.99805],[-59.42293,-37.99778],[-59.42259,-37.99751],[-59.42225,-37.99724],[-59.42191,-37.99697],[-59.42189,-37.99653],[-59.42186,-37.99608],[-59.42184,-37.99563],[-59.42182,-37.99518],[-59.42179,-37.99474],[-59.4219,-37.99437],[-59.42201,-37.99401],[-59.42212,-37.99365],[-59.42223,-37.99328],[-59.42249,-37.99299],[-59.42276,-37.9927],[-59.42303,-37.99241],[-59.42329,-37.99212],[-59.42356,-37.99182],[-59.42383,-37.99153],[-59.4241,-37.99124],[-59.42436,-37.99095],[-59.42441,-37.99054],[-59.42445,-37.99014],[-59.4245,-37.98974],[-59.42454,-37.98934],[-59.42459,-37.98893],[-59.42463,-37.98853],[-59.42468,-37.98813],[-59.42473,-37.98773],[-59.42477,-37.98732],[-59.42482,-37.98692],[-59.42468,-37.98653],[-59.42454,-37.98614],[-59.4244,-37.98575],[-59.42426,-37.98536],[-59.42423,-37.98496],[-59.4242,-37.98457],[-59.42417,-37.98418],[-59.42413,-37.98379],[-59.42404,-37.98338],[-59.42395,-37.98297],[-59.42386,-37.98256],[-59.42377,-37.98214],[-59.42368,-37.98173],[-59.42359,-37.98132],[-59.42342,-37.98097],[-59.42326,-37.98061],[-59.42309,-37.98025],[-59.42292,-37.97989],[-59.42276,-37.97953],[-59.42273,-37.97909],[-59.42271,-37.97864],[-59.42268,-37.97819],[-59.42266,-37.97774],[-59.42263,-37.97729],[-59.42273,-37.977],[-59.42283,-37.9767],[-59.42292,-37.9764],[-59.42318,-37.97609],[-59.42343,-37.97578],[-59.42368,-37.97547],[-59.42394,-37.97516],[-59.42419,-37.97486],[-59.42444,-37.97455],[-59.4247,-37.97424],[-59.42495,-37.97393],[-59.42521,-37.97362],[-59.42546,-37.97331],[-59.42572,-37.97299],[-59.42598,-37.97268],[-59.42623,-37.97237],[-59.42649,-37.97206],[-59.42667,-37.9717],[-59.42685,-37.97133],[-59.42703,-37.97097],[-59.42721,-37.97061],[-59.42731,-37.9702],[-59.4274,-37.96979],[-59.4275,-37.96938],[-59.4276,-37.96897],[-59.42769,-37.96856],[-59.42779,-37.96815],[-59.42787,-37.96777],[-59.42796,-37.96738],[-59.42804,-37.967],[-59.42813,-37.96662],[-59.42821,-37.96624],[-59.42829,-37.96585],[-59.42838,-37.96547],[-59.42871,-37.96517],[-59.42904,-37.96487],[-59.42937,-37.96458],[-59.42979,-37.96458],[-59.43022,-37.96458],[-59.43064,-37.96458],[-59.43106,-37.96459],[-59.43149,-37.96459],[-59.43191,-37.96459],[-59.43233,-37.96459],[-59.43267,-37.96456],[-59.433,-37.96452],[-59.43333,-37.96449],[-59.43358,-37.96424],[-59.43383,-37.96399],[-59.43408,-37.96374],[-59.43433,-37.96349],[-59.43465,-37.96325],[-59.43497,-37.96301],[-59.43528,-37.96278],[-59.4356,-37.96254],[-59.43592,-37.96231],[-59.43624,-37.96207],[-59.43656,-37.96183],[-59.43688,-37.9616],[-59.43721,-37.96134],[-59.43753,-37.96109],[-59.43786,-37.96084],[-59.43818,-37.96058],[-59.43851,-37.96033],[-59.43883,-37.96007],[-59.43916,-37.95982],[-59.43949,-37.95956],[-59.43982,-37.9593],[-59.44015,-37.95904],[-59.44048,-37.95878],[-59.44081,-37.95852],[-59.44115,-37.95826],[-59.44143,-37.95799],[-59.44171,-37.95773],[-59.442,-37.95746],[-59.44228,-37.95719],[-59.44257,-37.95692],[-59.4429,-37.95668],[-59.44323,-37.95643],[-59.44356,-37.95618],[-59.44389,-37.95594],[-59.44422,-37.95569],[-59.44455,-37.95544],[-59.44489,-37.9552],[-59.44522,-37.95495],[-59.44555,-37.9547],[-59.4459,-37.95448],[-59.44626,-37.95426],[-59.44661,-37.95404],[-59.44696,-37.95382],[-59.44697,-37.95344],[-59.44697,-37.95307],[-59.44698,-37.9527],[-59.44657,-37.95279],[-59.44617,-37.95288],[-59.44577,-37.95297],[-59.44537,-37.95306],[-59.44497,-37.95315],[-59.44457,-37.95324],[-59.4442,-37.9534],[-59.44384,-37.95356],[-59.44347,-37.95372],[-59.44311,-37.95388],[-59.44275,-37.95403],[-59.44238,-37.95419],[-59.44202,-37.95435],[-59.44171,-37.9546],[-59.44141,-37.95486],[-59.4411,-37.95511],[-59.4408,-37.95537],[-59.4405,-37.95562],[-59.44019,-37.95588],[-59.43989,-37.95613],[-59.43967,-37.95647],[-59.43946,-37.9568],[-59.43924,-37.95713],[-59.43903,-37.95747],[-59.43872,-37.95773],[-59.4384,-37.958],[-59.43809,-37.95827],[-59.43778,-37.95853],[-59.43747,-37.9588],[-59.43715,-37.95911],[-59.43684,-37.95943],[-59.43653,-37.95974],[-59.43621,-37.96005],[-59.4359,-37.96036],[-59.43558,-37.96061],[-59.43526,-37.96086],[-59.43494,-37.96111],[-59.43462,-37.96136],[-59.43431,-37.96156],[-59.434,-37.96176],[-59.43369,-37.96196],[-59.43337,-37.96216],[-59.43306,-37.96236],[-59.43268,-37.96244],[-59.43229,-37.96252],[-59.43191,-37.96259],[-59.43153,-37.96267],[-59.43114,-37.96275],[-59.43076,-37.96283],[-59.43037,-37.96291],[-59.43004,-37.96268],[-59.4297,-37.96246],[-59.42936,-37.96223],[-59.42903,-37.96201],[-59.42869,-37.96178],[-59.42826,-37.9617],[-59.42784,-37.96163],[-59.42741,-37.96155],[-59.42711,-37.96185],[-59.4268,-37.96214],[-59.42649,-37.96244],[-59.42618,-37.96274],[-59.42588,-37.96303],[-59.42557,-37.96333],[-59.42533,-37.9637],[-59.42509,-37.96407],[-59.42485,-37.96444],[-59.42479,-37.96485],[-59.42473,-37.96525],[-59.42467,-37.96565],[-59.42461,-37.96605],[-59.42455,-37.96646],[-59.42455,-37.96688],[-59.42455,-37.9673],[-59.42454,-37.96772],[-59.42454,-37.96814],[-59.42454,-37.96854],[-59.42454,-37.96894],[-59.42453,-37.96934],[-59.42453,-37.96975],[-59.42453,-37.97015],[-59.42434,-37.97041],[-59.42415,-37.97067],[-59.42396,-37.97092],[-59.42365,-37.97122],[-59.42334,-37.97152],[-59.42303,-37.97182],[-59.42272,-37.97211],[-59.42241,-37.97241],[-59.4221,-37.97271],[-59.42177,-37.97286],[-59.42144,-37.973],[-59.42111,-37.97315],[-59.42086,-37.97342],[-59.4206,-37.97369],[-59.42034,-37.97395],[-59.42009,-37.97422],[-59.41983,-37.97449],[-59.41979,-37.97488],[-59.41975,-37.97527],[-59.41972,-37.97566],[-59.41968,-37.97605],[-59.41977,-37.97646],[-59.41986,-37.97687],[-59.41995,-37.97728],[-59.42004,-37.97769],[-59.42013,-37.9781],[-59.42022,-37.97851],[-59.4204,-37.9789],[-59.42057,-37.97929],[-59.42075,-37.97967],[-59.42093,-37.98006],[-59.42111,-37.98045],[-59.42128,-37.98084],[-59.42146,-37.98122],[-59.42164,-37.98161],[-59.42181,-37.982],[-59.42199,-37.98239],[-59.42217,-37.98277],[-59.42228,-37.98313],[-59.42239,-37.98349],[-59.4225,-37.98385],[-59.42261,-37.98421],[-59.42272,-37.98457],[-59.42282,-37.98497],[-59.42291,-37.98537],[-59.42301,-37.98577],[-59.42311,-37.98617],[-59.42321,-37.98657],[-59.4233,-37.98697],[-59.4234,-37.98737],[-59.42329,-37.98778],[-59.42318,-37.9882],[-59.42307,-37.98862],[-59.42297,-37.98904],[-59.42272,-37.98932],[-59.42247,-37.98959],[-59.42222,-37.98987],[-59.42197,-37.99015],[-59.42183,-37.98981],[-59.42166,-37.99022],[-59.42148,-37.99062],[-59.42131,-37.99102],[-59.42114,-37.99142],[-59.42096,-37.99183],[-59.42075,-37.9921],[-59.42054,-37.99238],[-59.42032,-37.99266],[-59.42011,-37.99294],[-59.4199,-37.99327],[-59.41968,-37.99361],[-59.41966,-37.99404],[-59.41963,-37.99447],[-59.41961,-37.9949],[-59.41959,-37.99533],[-59.41956,-37.99576],[-59.41954,-37.99619],[-59.41951,-37.99662],[-59.41946,-37.99699],[-59.41941,-37.99737],[-59.41935,-37.99774],[-59.4193,-37.99811],[-59.41924,-37.99848],[-59.41939,-37.99886],[-59.41954,-37.99924],[-59.41969,-37.99962],[-59.41985,-38.0],[-59.41985,-38],[-59.41998,-38.00034],[-59.42011,-38.00068],[-59.42024,-38.00102],[-59.42038,-38.00136],[-59.42051,-38.0017],[-59.42071,-38.00209],[-59.4209,-38.00248],[-59.4211,-38.00287],[-59.4213,-38.00326],[-59.42149,-38.00365],[-59.42169,-38.00404],[-59.42189,-38.00444],[-59.42208,-38.00483],[-59.42228,-38.00522],[-59.42248,-38.00561],[-59.42267,-38.006],[-59.42287,-38.00639],[-59.42307,-38.00678],[-59.42326,-38.00716],[-59.42345,-38.00754],[-59.42364,-38.00792],[-59.42383,-38.0083],[-59.42402,-38.00867],[-59.42421,-38.00905],[-59.42441,-38.00943],[-59.4246,-38.00981],[-59.42479,-38.01019],[-59.42498,-38.01057],[-59.42517,-38.01095],[-59.42536,-38.01133],[-59.42555,-38.01171],[-59.42575,-38.01209],[-59.42594,-38.01246],[-59.42613,-38.01284],[-59.42592,-38.01322],[-59.42572,-38.01359],[-59.42551,-38.01396],[-59.42531,-38.01433],[-59.4251,-38.01471],[-59.42489,-38.01508],[-59.42469,-38.01545],[-59.42448,-38.01583],[-59.42428,-38.0162],[-59.42407,-38.01657],[-59.42387,-38.01694],[-59.42366,-38.01732],[-59.42345,-38.01769],[-59.42338,-38.01812],[-59.4233,-38.01856],[-59.42322,-38.01899],[-59.42315,-38.01942],[-59.42307,-38.01986],[-59.42299,-38.02029],[-59.42292,-38.02073],[-59.42284,-38.02116],[-59.42276,-38.02159],[-59.42269,-38.02203],[-59.42261,-38.02246],[-59.42253,-38.0229],[-59.4229,-38.02278],[-59.42327,-38.02267],[-59.42364,-38.02255],[-59.424,-38.02244],[-59.42437,-38.02232],[-59.42474,-38.02221],[-59.42495,-38.02182],[-59.42516,-38.02144],[-59.42537,-38.02105],[-59.42558,-38.02066],[-59.42579,-38.02027],[-59.426,-38.01989],[-59.42621,-38.0195],[-59.42642,-38.01911],[-59.42663,-38.01873],[-59.42684,-38.01834],[-59.42705,-38.01795],[-59.42725,-38.01757],[-59.42746,-38.01718],[-59.42767,-38.01679],[-59.42788,-38.01641],[-59.42809,-38.01602],[-59.4283,-38.01563],[-59.42841,-38.01521],[-59.42852,-38.01479],[-59.42863,-38.01437],[-59.42873,-38.01395],[-59.42884,-38.01352],[-59.42895,-38.0131],[-59.42906,-38.01268],[-59.42916,-38.01226],[-59.42927,-38.01184],[-59.42938,-38.01142],[-59.42949,-38.01099],[-59.4296,-38.01057],[-59.4297,-38.01015]]]]}},{"type":"Feature","properties":{"fdc":"IGN","sag":"IGN","tipo":"Pajonal, juncal, totoral","ign":"vegetacion_hidrofila_ED020.1916"},"geometry":{"type":"MultiPolygon","coordinates":[[[[-59.45078,-37.99767],[-59.45116,-37.99762],[-59.45153,-37.99756],[-59.45191,-37.99751],[-59.45229,-37.99745],[-59.45219,-37.99702],[-59.45209,-37.99659],[-59.452,-37.99616],[-59.4519,-37.99573],[-59.4518,-37.99529],[-59.4517,-37.99486],[-59.45161,-37.99443],[-59.45154,-37.99401],[-59.45147,-37.99359],[-59.45141,-37.99317],[-59.45134,-37.99275],[-59.45134,-37.99231],[-59.45135,-37.99186],[-59.45135,-37.99141],[-59.45146,-37.99105],[-59.45157,-37.99069],[-59.45167,-37.99032],[-59.45178,-37.98996],[-59.45204,-37.9896],[-59.4523,-37.98925],[-59.45256,-37.98889],[-59.45281,-37.98853],[-59.45307,-37.98818],[-59.45307,-37.98784],[-59.45308,-37.9875],[-59.45308,-37.98717],[-59.45314,-37.98675],[-59.45321,-37.98634],[-59.45327,-37.98592],[-59.45333,-37.98551],[-59.4534,-37.98509],[-59.45346,-37.98468],[-59.45352,-37.98426],[-59.45381,-37.98402],[-59.45409,-37.98378],[-59.45437,-37.98353],[-59.45466,-37.98329],[-59.45494,-37.98304],[-59.45494,-37.9826],[-59.45495,-37.98215],[-59.45495,-37.9817],[-59.45496,-37.98125],[-59.45464,-37.98098],[-59.45431,-37.9807],[-59.45399,-37.98043],[-59.45367,-37.98016],[-59.45335,-37.97989],[-59.45303,-37.97961],[-59.45271,-37.97934],[-59.45236,-37.97923],[-59.45201,-37.97911],[-59.45168,-37.979],[-59.45135,-37.97889],[-59.45102,-37.97877],[-59.45084,-37.97843],[-59.45067,-37.9781],[-59.4505,-37.97776],[-59.45032,-37.97742],[-59.45021,-37.97702],[-59.4501,-37.97662],[-59.44999,-37.97622],[-59.44988,-37.97582],[-59.44978,-37.97541],[-59.44981,-37.97499],[-59.44985,-37.97458],[-59.44989,-37.97416],[-59.44993,-37.97374],[-59.45023,-37.97344],[-59.45053,-37.97315],[-59.45084,-37.97286],[-59.45114,-37.97257],[-59.45144,-37.97227],[-59.45174,-37.97198],[-59.45204,-37.97169],[-59.45235,-37.9714],[-59.45268,-37.97115],[-59.45301,-37.9709],[-59.45334,-37.97066],[-59.45367,-37.97041],[-59.454,-37.97016],[-59.45434,-37.96991],[-59.45467,-37.96967],[-59.455,-37.96942],[-59.45533,-37.96917],[-59.4557,-37.96898],[-59.45607,-37.96879],[-59.45645,-37.96859],[-59.45682,-37.9684],[-59.45719,-37.96821],[-59.45756,-37.96801],[-59.45793,-37.96782],[-59.45831,-37.96762],[-59.45873,-37.96751],[-59.45916,-37.9674],[-59.45958,-37.9673],[-59.46001,-37.96719],[-59.46043,-37.96708],[-59.46085,-37.96695],[-59.46128,-37.96682],[-59.4617,-37.96669],[-59.46213,-37.96656],[-59.46255,-37.96643],[-59.46297,-37.9663],[-59.4634,-37.96621],[-59.46382,-37.96612],[-59.46425,-37.96602],[-59.46467,-37.96593],[-59.4651,-37.96583],[-59.46552,-37.96574],[-59.46595,-37.96564],[-59.46634,-37.96542],[-59.46673,-37.9652],[-59.46712,-37.96498],[-59.46751,-37.96476],[-59.46755,-37.96437],[-59.4676,-37.96399],[-59.46764,-37.96361],[-59.46768,-37.96322],[-59.46773,-37.96284],[-59.46777,-37.96246],[-59.46781,-37.96207],[-59.46757,-37.96182],[-59.46732,-37.96157],[-59.46708,-37.96132],[-59.46683,-37.96106],[-59.46669,-37.96068],[-59.46655,-37.9603],[-59.46641,-37.95991],[-59.46628,-37.95953],[-59.46614,-37.95914],[-59.466,-37.95876],[-59.46586,-37.95837],[-59.46553,-37.95811],[-59.4652,-37.95785],[-59.46487,-37.95759],[-59.46455,-37.95733],[-59.46422,-37.95706],[-59.46389,-37.9568],[-59.46347,-37.95666],[-59.46305,-37.95651],[-59.46262,-37.95636],[-59.4622,-37.95622],[-59.46178,-37.95607],[-59.46136,-37.95593],[-59.46093,-37.95578],[-59.46058,-37.95595],[-59.46023,-37.95612],[-59.45994,-37.95639],[-59.45966,-37.95667],[-59.4598,-37.95701],[-59.45993,-37.95734],[-59.46007,-37.95768],[-59.46038,-37.9579],[-59.46068,-37.95813],[-59.46099,-37.95835],[-59.46129,-37.95858],[-59.4616,-37.9588],[-59.4619,-37.95903],[-59.46209,-37.9594],[-59.46227,-37.95978],[-59.46246,-37.96015],[-59.4625,-37.96048],[-59.46254,-37.96082],[-59.46259,-37.96116],[-59.46254,-37.96161],[-59.46249,-37.96205],[-59.46244,-37.9625],[-59.46216,-37.96281],[-59.46187,-37.96312],[-59.46159,-37.96343],[-59.4613,-37.96375],[-59.46102,-37.96406],[-59.46073,-37.96439],[-59.46045,-37.96473],[-59.46016,-37.96506],[-59.45987,-37.96539],[-59.45954,-37.96558],[-59.45921,-37.96576],[-59.45888,-37.96595],[-59.45855,-37.96614],[-59.45822,-37.96632],[-59.45789,-37.96651],[-59.45751,-37.96665],[-59.45712,-37.96679],[-59.45674,-37.96693],[-59.45635,-37.96707],[-59.45597,-37.96722],[-59.45558,-37.96736],[-59.4552,-37.9675],[-59.45482,-37.96772],[-59.45444,-37.96794],[-59.45407,-37.96816],[-59.45369,-37.96839],[-59.45331,-37.96861],[-59.45293,-37.96883],[-59.45259,-37.96908],[-59.45224,-37.96933],[-59.4519,-37.96958],[-59.45156,-37.96983],[-59.45121,-37.97008],[-59.45087,-37.97033],[-59.45053,-37.97058],[-59.45018,-37.97083],[-59.44984,-37.97108],[-59.4495,-37.97133],[-59.44915,-37.97158],[-59.44881,-37.97183],[-59.44855,-37.97218],[-59.44829,-37.97254],[-59.44804,-37.9729],[-59.44778,-37.97325],[-59.44752,-37.97361],[-59.44749,-37.97401],[-59.44746,-37.97442],[-59.44743,-37.97482],[-59.4474,-37.97522],[-59.44737,-37.97562],[-59.44745,-37.976],[-59.44753,-37.97639],[-59.44762,-37.97677],[-59.4477,-37.97715],[-59.44778,-37.97753],[-59.44792,-37.97786],[-59.44805,-37.9782],[-59.44819,-37.97854],[-59.44833,-37.97887],[-59.44847,-37.97921],[-59.44882,-37.97943],[-59.44918,-37.97966],[-59.44953,-37.97989],[-59.44988,-37.98011],[-59.45022,-37.9804],[-59.45056,-37.98069],[-59.4509,-37.98098],[-59.45124,-37.98127],[-59.45159,-37.98155],[-59.45193,-37.98184],[-59.45227,-37.98213],[-59.45226,-37.98258],[-59.45226,-37.98303],[-59.45226,-37.98347],[-59.45211,-37.98389],[-59.45197,-37.98431],[-59.45182,-37.98473],[-59.45168,-37.98515],[-59.45153,-37.98553],[-59.45139,-37.98591],[-59.45125,-37.98629],[-59.4511,-37.98667],[-59.45096,-37.98705],[-59.45089,-37.98742],[-59.45081,-37.98779],[-59.45074,-37.98816],[-59.45067,-37.98854],[-59.45059,-37.98891],[-59.45052,-37.98928],[-59.4503,-37.98966],[-59.45009,-37.99003],[-59.44987,-37.9904],[-59.44966,-37.99077],[-59.44944,-37.99114],[-59.44923,-37.99151],[-59.44899,-37.99177],[-59.44875,-37.99203],[-59.44852,-37.99229],[-59.44855,-37.99274],[-59.44858,-37.99319],[-59.44861,-37.99363],[-59.44864,-37.99408],[-59.44883,-37.99434],[-59.44902,-37.9946],[-59.4492,-37.99487],[-59.44924,-37.99523],[-59.44927,-37.99559],[-59.4493,-37.99596],[-59.44933,-37.99632],[-59.44907,-37.99664],[-59.44881,-37.99697],[-59.44855,-37.99729],[-59.44892,-37.99735],[-59.44929,-37.99742],[-59.44966,-37.99748],[-59.45004,-37.99754],[-59.45041,-37.99761],[-59.45078,-37.99767]]]]}},{"type":"Feature","properties":{"fdc":"IGN","sag":"IGN","tipo":"Pajonal, juncal, totoral","ign":"vegetacion_hidrofila_ED020.2036"},"geometry":{"type":"MultiPolygon","coordinates":[[[[-59.2966,-38.4245],[-59.29681,-38.42484],[-59.29709,-38.4245],[-59.29736,-38.42416],[-59.29764,-38.42382],[-59.29791,-38.42348],[-59.29819,-38.42322],[-59.29848,-38.42295],[-59.29876,-38.42269],[-59.29904,-38.42242],[-59.29932,-38.42215],[-59.2996,-38.42189],[-59.29988,-38.42162],[-59.30017,-38.42135],[-59.30045,-38.42109],[-59.30073,-38.42082],[-59.30101,-38.42055],[-59.30129,-38.42029],[-59.30157,-38.42002],[-59.30185,-38.41975],[-59.30189,-38.41932],[-59.30193,-38.41889],[-59.30196,-38.41845],[-59.302,-38.41802],[-59.30204,-38.41759],[-59.30208,-38.41716],[-59.30211,-38.41672],[-59.30215,-38.41629],[-59.30219,-38.41586],[-59.30223,-38.41542],[-59.30226,-38.41499],[-59.3023,-38.41456],[-59.30234,-38.41412],[-59.30222,-38.41372],[-59.30211,-38.41332],[-59.302,-38.41291],[-59.30188,-38.41251],[-59.30177,-38.4121],[-59.30165,-38.4117],[-59.30154,-38.4113],[-59.30142,-38.41089],[-59.30131,-38.41049],[-59.3012,-38.41008],[-59.30108,-38.40968],[-59.30087,-38.40934],[-59.30066,-38.40899],[-59.30044,-38.40865],[-59.30023,-38.40831],[-59.30001,-38.40797],[-59.2998,-38.40763],[-59.29959,-38.40728],[-59.29971,-38.40687],[-59.29983,-38.40645],[-59.29995,-38.40603],[-59.30008,-38.40561],[-59.3002,-38.40519],[-59.30032,-38.40477],[-59.30044,-38.40436],[-59.30056,-38.40394],[-59.30069,-38.40352],[-59.30081,-38.4031],[-59.30093,-38.40268],[-59.30069,-38.40234],[-59.30044,-38.402],[-59.3002,-38.40165],[-59.29995,-38.40131],[-59.29971,-38.40097],[-59.29947,-38.40062],[-59.29922,-38.40028],[-59.29901,-38.3999],[-59.2988,-38.39953],[-59.29858,-38.39915],[-59.29837,-38.39878],[-59.29816,-38.3984],[-59.29811,-38.39799],[-59.29807,-38.39757],[-59.29802,-38.39715],[-59.29798,-38.39673],[-59.29793,-38.39631],[-59.29789,-38.3959],[-59.29785,-38.39548],[-59.2978,-38.39506],[-59.29776,-38.39464],[-59.29743,-38.39438],[-59.29711,-38.39413],[-59.29679,-38.39387],[-59.29647,-38.39361],[-59.29614,-38.39335],[-59.29582,-38.3931],[-59.2955,-38.39284],[-59.29517,-38.39258],[-59.29485,-38.39232],[-59.29453,-38.39206],[-59.29421,-38.39181],[-59.29388,-38.39155],[-59.29348,-38.39147],[-59.29308,-38.3914],[-59.29268,-38.39132],[-59.29228,-38.39125],[-59.29187,-38.39117],[-59.29147,-38.39109],[-59.29107,-38.39102],[-59.29069,-38.39116],[-59.29031,-38.39131],[-59.28993,-38.39146],[-59.28956,-38.3916],[-59.28918,-38.39175],[-59.2888,-38.3919],[-59.28894,-38.39221],[-59.28907,-38.39253],[-59.28921,-38.39285],[-59.28962,-38.39301],[-59.29004,-38.39316],[-59.29046,-38.39331],[-59.29088,-38.39347],[-59.29129,-38.39362],[-59.29171,-38.39377],[-59.29213,-38.39392],[-59.29239,-38.39423],[-59.29265,-38.39454],[-59.29291,-38.39484],[-59.29317,-38.39515],[-59.29344,-38.39545],[-59.2937,-38.39576],[-59.29396,-38.39606],[-59.29422,-38.39637],[-59.29448,-38.39667],[-59.29472,-38.39704],[-59.29496,-38.3974],[-59.2952,-38.39776],[-59.29544,-38.39813],[-59.29568,-38.39849],[-59.29593,-38.39886],[-59.29617,-38.39922],[-59.29641,-38.39959],[-59.2966,-38.39994],[-59.29679,-38.4003],[-59.29698,-38.40066],[-59.29717,-38.40102],[-59.29736,-38.40138],[-59.29755,-38.40174],[-59.29775,-38.4021],[-59.29794,-38.40246],[-59.29813,-38.40282],[-59.29832,-38.40318],[-59.29797,-38.40343],[-59.29761,-38.40368],[-59.29726,-38.40394],[-59.2969,-38.40419],[-59.29655,-38.40445],[-59.2962,-38.4047],[-59.29584,-38.40495],[-59.29549,-38.40521],[-59.2957,-38.40559],[-59.29591,-38.40598],[-59.29612,-38.40636],[-59.29634,-38.40675],[-59.29661,-38.40707],[-59.29687,-38.40739],[-59.29714,-38.40771],[-59.29741,-38.40804],[-59.29768,-38.40836],[-59.29795,-38.40868],[-59.29821,-38.409],[-59.29848,-38.40932],[-59.29856,-38.40973],[-59.29864,-38.41013],[-59.29871,-38.41054],[-59.29879,-38.41094],[-59.29887,-38.41135],[-59.29895,-38.41176],[-59.29903,-38.41216],[-59.2991,-38.41257],[-59.29888,-38.41291],[-59.29866,-38.41325],[-59.29844,-38.41359],[-59.29822,-38.41393],[-59.298,-38.41427],[-59.29778,-38.41461],[-59.29756,-38.41495],[-59.29734,-38.41529],[-59.29727,-38.41573],[-59.2972,-38.41618],[-59.29713,-38.41662],[-59.29706,-38.41706],[-59.29699,-38.41751],[-59.29692,-38.41795],[-59.29685,-38.41839],[-59.29678,-38.41884],[-59.29672,-38.41928],[-59.29665,-38.41972],[-59.29664,-38.42016],[-59.29664,-38.42059],[-59.29663,-38.42103],[-59.29663,-38.42146],[-59.29663,-38.4219],[-59.29662,-38.42233],[-59.29662,-38.42277],[-59.29661,-38.4232],[-59.29661,-38.42363],[-59.2966,-38.42407],[-59.2966,-38.4245]]]]}},{"type":"Feature","properties":{"fdc":"IGN","sag":"IGN","tipo":"Pajonal, juncal, totoral","ign":"vegetacion_hidrofila_ED020.1984"},"geometry":{"type":"MultiPolygon","coordinates":[[[[-59.30902,-38.2497],[-59.30938,-38.24994],[-59.30973,-38.25018],[-59.31008,-38.25042],[-59.31043,-38.25066],[-59.31078,-38.2509],[-59.31113,-38.25114],[-59.31149,-38.25138],[-59.31184,-38.25162],[-59.31219,-38.25186],[-59.31254,-38.2521],[-59.31289,-38.25234],[-59.31324,-38.25258],[-59.31359,-38.25282],[-59.31395,-38.25306],[-59.31394,-38.25346],[-59.31394,-38.25387],[-59.31393,-38.25427],[-59.31393,-38.25468],[-59.31393,-38.25508],[-59.31429,-38.25525],[-59.31466,-38.25541],[-59.31502,-38.25558],[-59.31539,-38.25574],[-59.31575,-38.25591],[-59.31612,-38.25607],[-59.31648,-38.25624],[-59.31684,-38.2564],[-59.31712,-38.25667],[-59.31739,-38.25693],[-59.31766,-38.2572],[-59.31794,-38.25747],[-59.31821,-38.25773],[-59.31848,-38.258],[-59.31885,-38.25819],[-59.31921,-38.25839],[-59.31958,-38.25858],[-59.31994,-38.25878],[-59.32031,-38.25897],[-59.32067,-38.25917],[-59.32108,-38.25933],[-59.32148,-38.25949],[-59.32189,-38.25966],[-59.32229,-38.25982],[-59.3227,-38.25998],[-59.3231,-38.26014],[-59.32351,-38.26031],[-59.32392,-38.26047],[-59.32432,-38.26063],[-59.32457,-38.26094],[-59.32482,-38.26125],[-59.32507,-38.26156],[-59.32532,-38.26187],[-59.32557,-38.26218],[-59.32582,-38.26249],[-59.32607,-38.26279],[-59.32632,-38.2631],[-59.32661,-38.26339],[-59.3269,-38.26369],[-59.32719,-38.26398],[-59.32748,-38.26427],[-59.32777,-38.26456],[-59.32806,-38.26485],[-59.32835,-38.26514],[-59.32865,-38.26543],[-59.32894,-38.26572],[-59.32923,-38.26601],[-59.32949,-38.26636],[-59.32975,-38.2667],[-59.33002,-38.26704],[-59.33028,-38.26738],[-59.33054,-38.26772],[-59.3308,-38.26806],[-59.33107,-38.2684],[-59.33133,-38.26874],[-59.33159,-38.26909],[-59.33186,-38.26943],[-59.33212,-38.26977],[-59.33238,-38.27011],[-59.33264,-38.27045],[-59.33291,-38.27079],[-59.33317,-38.27113],[-59.33343,-38.27147],[-59.3337,-38.27181],[-59.33396,-38.27216],[-59.33422,-38.2725],[-59.33448,-38.27284],[-59.33473,-38.27316],[-59.33498,-38.27349],[-59.33523,-38.27382],[-59.33548,-38.27414],[-59.33573,-38.27447],[-59.33598,-38.2748],[-59.33623,-38.27512],[-59.33648,-38.27545],[-59.33654,-38.27585],[-59.33661,-38.27624],[-59.33667,-38.27664],[-59.33674,-38.27704],[-59.3368,-38.27744],[-59.33687,-38.27784],[-59.33693,-38.27823],[-59.337,-38.27863],[-59.33719,-38.27901],[-59.33739,-38.27938],[-59.33758,-38.27976],[-59.33778,-38.28013],[-59.33797,-38.28051],[-59.33817,-38.28088],[-59.33836,-38.28125],[-59.33856,-38.28163],[-59.33875,-38.282],[-59.33895,-38.28238],[-59.33915,-38.28275],[-59.33934,-38.28313],[-59.33962,-38.28346],[-59.3399,-38.28379],[-59.34017,-38.28413],[-59.34045,-38.28446],[-59.34073,-38.28479],[-59.34101,-38.28513],[-59.34128,-38.28546],[-59.34156,-38.28579],[-59.34184,-38.28613],[-59.34212,-38.28646],[-59.34239,-38.28679],[-59.34267,-38.28713],[-59.34295,-38.28746],[-59.34323,-38.2878],[-59.3435,-38.28813],[-59.34378,-38.28846],[-59.34406,-38.2888],[-59.34432,-38.28912],[-59.34459,-38.28945],[-59.34486,-38.28978],[-59.34512,-38.29011],[-59.34539,-38.29044],[-59.34566,-38.29077],[-59.34592,-38.2911],[-59.34619,-38.29143],[-59.34645,-38.29176],[-59.34672,-38.29209],[-59.34699,-38.29242],[-59.34725,-38.29275],[-59.34752,-38.29308],[-59.34778,-38.29341],[-59.34805,-38.29374],[-59.34792,-38.2941],[-59.3478,-38.29446],[-59.34767,-38.29482],[-59.34755,-38.29518],[-59.34742,-38.29554],[-59.3473,-38.2959],[-59.34737,-38.29632],[-59.34744,-38.29674],[-59.34751,-38.29716],[-59.34758,-38.29758],[-59.34764,-38.298],[-59.34771,-38.29842],[-59.34778,-38.29884],[-59.34785,-38.29926],[-59.34792,-38.29967],[-59.34799,-38.30009],[-59.3482,-38.30048],[-59.34841,-38.30087],[-59.34863,-38.30125],[-59.34884,-38.30164],[-59.34905,-38.30203],[-59.34926,-38.30241],[-59.34947,-38.30278],[-59.34969,-38.30314],[-59.34991,-38.3035],[-59.35012,-38.30387],[-59.35034,-38.30423],[-59.35057,-38.30396],[-59.3508,-38.30369],[-59.35104,-38.30342],[-59.35127,-38.30315],[-59.35133,-38.30273],[-59.3514,-38.30231],[-59.35146,-38.30189],[-59.35153,-38.30147],[-59.3516,-38.30105],[-59.35166,-38.30063],[-59.35173,-38.30021],[-59.35149,-38.29989],[-59.35125,-38.29957],[-59.35101,-38.29925],[-59.35077,-38.29893],[-59.35053,-38.29861],[-59.35029,-38.29829],[-59.35005,-38.29797],[-59.35011,-38.29754],[-59.35016,-38.2971],[-59.35022,-38.29667],[-59.35028,-38.29624],[-59.35033,-38.2958],[-59.35039,-38.29537],[-59.35044,-38.29494],[-59.35045,-38.29453],[-59.35045,-38.29412],[-59.35046,-38.29371],[-59.35046,-38.2933],[-59.35046,-38.29289],[-59.35047,-38.29248],[-59.35027,-38.29211],[-59.35007,-38.29174],[-59.34987,-38.29137],[-59.34967,-38.291],[-59.34947,-38.29063],[-59.34926,-38.29026],[-59.34906,-38.28989],[-59.34886,-38.28952],[-59.34866,-38.28915],[-59.3484,-38.28878],[-59.34814,-38.28842],[-59.34787,-38.28806],[-59.34761,-38.28769],[-59.34734,-38.28733],[-59.34708,-38.28697],[-59.34679,-38.28664],[-59.3465,-38.28632],[-59.3462,-38.286],[-59.34591,-38.28567],[-59.34562,-38.28535],[-59.34533,-38.28502],[-59.34504,-38.2847],[-59.34474,-38.28437],[-59.34445,-38.28405],[-59.34416,-38.28373],[-59.34387,-38.2834],[-59.34358,-38.28308],[-59.34328,-38.28275],[-59.34299,-38.28243],[-59.34275,-38.28208],[-59.34251,-38.28173],[-59.34227,-38.28138],[-59.34203,-38.28102],[-59.34178,-38.28067],[-59.34154,-38.28032],[-59.3413,-38.27997],[-59.34106,-38.27962],[-59.34082,-38.27927],[-59.34058,-38.27892],[-59.34034,-38.27857],[-59.34009,-38.27822],[-59.33985,-38.27787],[-59.33961,-38.27752],[-59.33937,-38.27716],[-59.33921,-38.27675],[-59.33906,-38.27633],[-59.3389,-38.27592],[-59.33875,-38.2755],[-59.33859,-38.27508],[-59.33843,-38.27467],[-59.33828,-38.27425],[-59.33812,-38.27383],[-59.33796,-38.27342],[-59.33781,-38.273],[-59.33754,-38.27265],[-59.33728,-38.2723],[-59.33702,-38.27194],[-59.33676,-38.27159],[-59.3365,-38.27123],[-59.33623,-38.27088],[-59.33597,-38.27053],[-59.33571,-38.27017],[-59.33545,-38.26982],[-59.33518,-38.26947],[-59.33492,-38.26911],[-59.33466,-38.26876],[-59.3344,-38.26841],[-59.33414,-38.26805],[-59.33387,-38.2677],[-59.33361,-38.26735],[-59.33335,-38.26699],[-59.33309,-38.26664],[-59.33282,-38.26628],[-59.33276,-38.26587],[-59.33269,-38.26545],[-59.33262,-38.26503],[-59.33256,-38.26461],[-59.33249,-38.2642],[-59.33242,-38.26378],[-59.33236,-38.26336],[-59.33229,-38.26294],[-59.33222,-38.26253],[-59.33216,-38.26211],[-59.33209,-38.26169],[-59.33202,-38.26127],[-59.33195,-38.26086],[-59.33153,-38.26071],[-59.33111,-38.26056],[-59.33068,-38.26041],[-59.33026,-38.26026],[-59.32983,-38.26011],[-59.32941,-38.25996],[-59.32899,-38.25982],[-59.32856,-38.25967],[-59.32814,-38.25952],[-59.32771,-38.25937],[-59.32729,-38.25922],[-59.32687,-38.25907],[-59.32644,-38.25892],[-59.32602,-38.25877],[-59.32559,-38.25863],[-59.32517,-38.25848],[-59.32474,-38.25833],[-59.32432,-38.25818],[-59.3239,-38.25803],[-59.32347,-38.25788],[-59.32305,-38.25773],[-59.32282,-38.25739],[-59.3226,-38.25705],[-59.32237,-38.25671],[-59.32214,-38.25637],[-59.32192,-38.25603],[-59.32169,-38.2557],[-59.32147,-38.25536],[-59.32124,-38.25502],[-59.32105,-38.25468],[-59.32085,-38.25434],[-59.32066,-38.25401],[-59.32047,-38.25367],[-59.32027,-38.25333],[-59.32008,-38.253],[-59.31989,-38.25266],[-59.32021,-38.25239],[-59.32054,-38.25212],[-59.32087,-38.25185],[-59.3212,-38.25158],[-59.32153,-38.25131],[-59.32186,-38.25104],[-59.32219,-38.25077],[-59.32252,-38.2505],[-59.32285,-38.25023],[-59.32318,-38.24996],[-59.32351,-38.24969],[-59.32384,-38.24943],[-59.32417,-38.24916],[-59.3245,-38.24889],[-59.32442,-38.24845],[-59.32435,-38.24801],[-59.32427,-38.24758],[-59.32419,-38.24714],[-59.32412,-38.2467],[-59.32404,-38.24627],[-59.32397,-38.24583],[-59.32389,-38.2454],[-59.32381,-38.24496],[-59.32374,-38.24452],[-59.32366,-38.24409],[-59.32358,-38.24365],[-59.32351,-38.24322],[-59.32343,-38.24278],[-59.32335,-38.24234],[-59.32328,-38.24191],[-59.3232,-38.24147],[-59.323,-38.2411],[-59.32281,-38.24072],[-59.32261,-38.24035],[-59.32241,-38.23997],[-59.32221,-38.2396],[-59.32202,-38.23923],[-59.32182,-38.23885],[-59.32162,-38.23848],[-59.32143,-38.23811],[-59.32123,-38.23773],[-59.32103,-38.23736],[-59.32083,-38.23698],[-59.32064,-38.23661],[-59.32044,-38.23624],[-59.32024,-38.23586],[-59.32005,-38.23549],[-59.31975,-38.23582],[-59.31945,-38.23616],[-59.31915,-38.23649],[-59.31886,-38.23683],[-59.31856,-38.23716],[-59.31826,-38.23749],[-59.31796,-38.23783],[-59.3181,-38.23823],[-59.31823,-38.23862],[-59.31836,-38.23902],[-59.3185,-38.23942],[-59.31863,-38.23982],[-59.31877,-38.24022],[-59.3189,-38.24062],[-59.31903,-38.24101],[-59.31917,-38.24141],[-59.3193,-38.24181],[-59.31957,-38.24214],[-59.31984,-38.24247],[-59.3201,-38.2428],[-59.32037,-38.24313],[-59.32064,-38.24346],[-59.32091,-38.24379],[-59.32117,-38.24412],[-59.32144,-38.24445],[-59.32171,-38.24478],[-59.32198,-38.24511],[-59.32224,-38.24544],[-59.32196,-38.24578],[-59.32168,-38.24612],[-59.32139,-38.24646],[-59.32111,-38.2468],[-59.32083,-38.24714],[-59.32054,-38.24748],[-59.32026,-38.24782],[-59.31998,-38.24816],[-59.31969,-38.2485],[-59.31939,-38.2488],[-59.31909,-38.24911],[-59.31879,-38.24941],[-59.31849,-38.24972],[-59.31819,-38.25002],[-59.31789,-38.25033],[-59.31759,-38.25064],[-59.31729,-38.25094],[-59.31699,-38.25125],[-59.31668,-38.25155],[-59.31632,-38.25151],[-59.31595,-38.25148],[-59.31559,-38.25144],[-59.31522,-38.2514],[-59.31485,-38.25136],[-59.31454,-38.25108],[-59.31422,-38.2508],[-59.31391,-38.25052],[-59.3136,-38.25024],[-59.31328,-38.24996],[-59.31297,-38.24968],[-59.31265,-38.2494],[-59.31234,-38.24912],[-59.31202,-38.24885],[-59.31171,-38.24857],[-59.31139,-38.24829],[-59.31108,-38.24801],[-59.31076,-38.24773],[-59.31044,-38.24744],[-59.31012,-38.24715],[-59.3098,-38.24686],[-59.30948,-38.24657],[-59.30915,-38.24629],[-59.30883,-38.246],[-59.30851,-38.24571],[-59.30819,-38.24542],[-59.30787,-38.24513],[-59.30755,-38.24484],[-59.30722,-38.24456],[-59.3069,-38.24427],[-59.30658,-38.24398],[-59.30626,-38.24369],[-59.30594,-38.2434],[-59.30561,-38.24312],[-59.30529,-38.24283],[-59.30497,-38.24254],[-59.30465,-38.24225],[-59.30433,-38.24196],[-59.30401,-38.24167],[-59.30368,-38.24139],[-59.30336,-38.2411],[-59.30304,-38.24081],[-59.30269,-38.24053],[-59.30235,-38.24026],[-59.302,-38.23998],[-59.30165,-38.2397],[-59.30131,-38.23942],[-59.30096,-38.23915],[-59.30061,-38.23887],[-59.30027,-38.23859],[-59.29992,-38.23831],[-59.29957,-38.23804],[-59.29923,-38.23776],[-59.29888,-38.23748],[-59.29853,-38.2372],[-59.29819,-38.23693],[-59.29784,-38.23665],[-59.29749,-38.23637],[-59.29715,-38.23609],[-59.2968,-38.23582],[-59.29645,-38.23554],[-59.29611,-38.23526],[-59.29576,-38.23499],[-59.29542,-38.2347],[-59.29508,-38.23441],[-59.29474,-38.23412],[-59.2944,-38.23384],[-59.29406,-38.23355],[-59.29372,-38.23326],[-59.29337,-38.23298],[-59.29303,-38.23269],[-59.29269,-38.2324],[-59.29235,-38.23211],[-59.29201,-38.23183],[-59.29167,-38.23154],[-59.29133,-38.23125],[-59.29099,-38.23097],[-59.29065,-38.23068],[-59.29031,-38.23039],[-59.28996,-38.2301],[-59.28962,-38.22982],[-59.28928,-38.22953],[-59.28894,-38.22924],[-59.2886,-38.22896],[-59.28826,-38.22867],[-59.28792,-38.22838],[-59.28758,-38.22809],[-59.28724,-38.22781],[-59.2869,-38.22752],[-59.28662,-38.22717],[-59.28635,-38.22682],[-59.28608,-38.22647],[-59.28581,-38.22612],[-59.28554,-38.22577],[-59.28527,-38.22541],[-59.285,-38.22506],[-59.28472,-38.22471],[-59.28445,-38.22436],[-59.28418,-38.22401],[-59.28391,-38.22366],[-59.28364,-38.22331],[-59.28337,-38.22296],[-59.2831,-38.22261],[-59.28283,-38.22226],[-59.28243,-38.22207],[-59.28203,-38.22188],[-59.28163,-38.22169],[-59.28123,-38.2215],[-59.28083,-38.22131],[-59.28043,-38.22112],[-59.28003,-38.22093],[-59.27963,-38.22074],[-59.27923,-38.22055],[-59.27884,-38.22036],[-59.27844,-38.22017],[-59.27804,-38.21998],[-59.27764,-38.21979],[-59.27724,-38.2196],[-59.27684,-38.21941],[-59.27644,-38.21922],[-59.27604,-38.21903],[-59.27564,-38.21884],[-59.27524,-38.21865],[-59.27484,-38.21846],[-59.27445,-38.21827],[-59.27405,-38.21808],[-59.27365,-38.21789],[-59.27325,-38.2177],[-59.27285,-38.21751],[-59.27245,-38.21732],[-59.27205,-38.21714],[-59.27165,-38.21695],[-59.27139,-38.2166],[-59.27113,-38.21625],[-59.27087,-38.2159],[-59.27061,-38.21555],[-59.27035,-38.2152],[-59.27009,-38.21485],[-59.26983,-38.2145],[-59.26957,-38.21415],[-59.2693,-38.2138],[-59.26904,-38.21345],[-59.26878,-38.2131],[-59.26852,-38.21276],[-59.26826,-38.21241],[-59.26785,-38.2124],[-59.26744,-38.2124],[-59.26702,-38.2124],[-59.26661,-38.2124],[-59.2662,-38.21239],[-59.26579,-38.21239],[-59.26538,-38.21239],[-59.26497,-38.21238],[-59.26455,-38.21238],[-59.26414,-38.21238],[-59.26385,-38.21269],[-59.26356,-38.21301],[-59.26327,-38.21332],[-59.26298,-38.21364],[-59.26269,-38.21395],[-59.2624,-38.21427],[-59.26212,-38.21458],[-59.26183,-38.2149],[-59.26221,-38.2151],[-59.26259,-38.21531],[-59.26296,-38.21551],[-59.26334,-38.21572],[-59.26372,-38.21593],[-59.2641,-38.21613],[-59.26448,-38.21634],[-59.26486,-38.21654],[-59.26524,-38.21675],[-59.26562,-38.21695],[-59.266,-38.21716],[-59.26638,-38.21737],[-59.26676,-38.21757],[-59.26714,-38.21778],[-59.26752,-38.21798],[-59.2679,-38.21819],[-59.26828,-38.21839],[-59.26866,-38.2186],[-59.26904,-38.2188],[-59.26942,-38.21901],[-59.2698,-38.21922],[-59.27018,-38.21942],[-59.27056,-38.21963],[-59.27094,-38.21983],[-59.27134,-38.21996],[-59.27175,-38.22008],[-59.27216,-38.2202],[-59.27256,-38.22033],[-59.27297,-38.22045],[-59.27338,-38.22057],[-59.27378,-38.22069],[-59.27419,-38.22082],[-59.27459,-38.22094],[-59.27496,-38.22116],[-59.27532,-38.22138],[-59.27569,-38.2216],[-59.27605,-38.22182],[-59.27641,-38.22203],[-59.27678,-38.22225],[-59.27714,-38.22247],[-59.27751,-38.22269],[-59.27787,-38.22291],[-59.27824,-38.22313],[-59.27852,-38.22347],[-59.2788,-38.2238],[-59.27908,-38.22414],[-59.27936,-38.22448],[-59.27964,-38.22482],[-59.27992,-38.22515],[-59.2802,-38.22549],[-59.28048,-38.22583],[-59.28076,-38.22617],[-59.28104,-38.2265],[-59.28132,-38.22684],[-59.2816,-38.22718],[-59.28188,-38.22752],[-59.28216,-38.22785],[-59.28244,-38.22819],[-59.28272,-38.22853],[-59.283,-38.22887],[-59.28328,-38.2292],[-59.28356,-38.22954],[-59.28384,-38.22988],[-59.28412,-38.23022],[-59.28449,-38.23047],[-59.28485,-38.23072],[-59.28521,-38.23098],[-59.28558,-38.23123],[-59.28594,-38.23148],[-59.2863,-38.23174],[-59.28666,-38.23199],[-59.28703,-38.23224],[-59.28739,-38.2325],[-59.28775,-38.23275],[-59.28812,-38.233],[-59.28848,-38.23326],[-59.28884,-38.23351],[-59.28921,-38.23376],[-59.28957,-38.23402],[-59.28993,-38.23427],[-59.2903,-38.23452],[-59.29066,-38.23478],[-59.29102,-38.23503],[-59.29139,-38.23528],[-59.29142,-38.23572],[-59.29145,-38.23615],[-59.29148,-38.23659],[-59.29151,-38.23702],[-59.29155,-38.23745],[-59.29184,-38.23779],[-59.29213,-38.23812],[-59.29242,-38.23846],[-59.29272,-38.2388],[-59.29301,-38.23913],[-59.2933,-38.23947],[-59.2936,-38.2398],[-59.29389,-38.24014],[-59.29418,-38.24047],[-59.29447,-38.24081],[-59.29477,-38.24114],[-59.29506,-38.24148],[-59.29535,-38.24181],[-59.29574,-38.24199],[-59.29612,-38.24217],[-59.2965,-38.24234],[-59.29689,-38.24252],[-59.29727,-38.24269],[-59.29765,-38.24287],[-59.29804,-38.24304],[-59.29842,-38.24322],[-59.2988,-38.2434],[-59.29919,-38.24357],[-59.29949,-38.24385],[-59.29979,-38.24412],[-59.30009,-38.2444],[-59.3004,-38.24467],[-59.3007,-38.24495],[-59.301,-38.24522],[-59.30131,-38.2455],[-59.30161,-38.24577],[-59.30191,-38.24605],[-59.30226,-38.24627],[-59.3026,-38.24649],[-59.30295,-38.2467],[-59.30329,-38.24692],[-59.30364,-38.24714],[-59.30399,-38.24736],[-59.30433,-38.24758],[-59.30468,-38.2478],[-59.30502,-38.24802],[-59.30537,-38.24823],[-59.30578,-38.2484],[-59.30618,-38.24856],[-59.30659,-38.24872],[-59.30699,-38.24889],[-59.3074,-38.24905],[-59.30781,-38.24921],[-59.30821,-38.24938],[-59.30862,-38.24954],[-59.30902,-38.2497]]]]}},{"type":"Feature","properties":{"fdc":"IGN","sag":"IGN","tipo":"Pajonal, juncal, totoral","ign":"vegetacion_hidrofila_ED020.1989"},"geometry":{"type":"MultiPolygon","coordinates":[[[[-59.25601,-38.23786],[-59.25583,-38.238],[-59.25565,-38.23814],[-59.25526,-38.2381],[-59.25488,-38.23806],[-59.25448,-38.23803],[-59.25418,-38.23803],[-59.25388,-38.23803],[-59.25357,-38.23803],[-59.25327,-38.23805],[-59.25307,-38.23821],[-59.25288,-38.23838],[-59.25276,-38.23871],[-59.25284,-38.23889],[-59.25308,-38.23904],[-59.25333,-38.23919],[-59.25352,-38.23925],[-59.25367,-38.23956],[-59.25382,-38.23986],[-59.25397,-38.24016],[-59.254,-38.24052],[-59.25396,-38.24089],[-59.25392,-38.24127],[-59.25391,-38.24163],[-59.25391,-38.2419],[-59.25391,-38.24212],[-59.25391,-38.24235],[-59.25404,-38.24257],[-59.25417,-38.2428],[-59.2544,-38.24292],[-59.25474,-38.24319],[-59.25458,-38.24352],[-59.25439,-38.24364],[-59.25418,-38.24384],[-59.25396,-38.24403],[-59.25385,-38.24433],[-59.2539,-38.2446],[-59.25396,-38.24487],[-59.25395,-38.24508],[-59.25372,-38.24533],[-59.25349,-38.24559],[-59.25309,-38.24558],[-59.25269,-38.24558],[-59.25246,-38.24582],[-59.25236,-38.24611],[-59.25225,-38.2464],[-59.25215,-38.24669],[-59.2522,-38.24698],[-59.25225,-38.24726],[-59.2526,-38.24751],[-59.25301,-38.24763],[-59.25324,-38.24757],[-59.25347,-38.24751],[-59.25372,-38.24731],[-59.25397,-38.24712],[-59.25416,-38.24676],[-59.25439,-38.24648],[-59.25463,-38.2462],[-59.25493,-38.24623],[-59.25524,-38.24626],[-59.25546,-38.24644],[-59.25569,-38.24662],[-59.25581,-38.24623],[-59.25605,-38.24628],[-59.2563,-38.24633],[-59.25653,-38.24636],[-59.25676,-38.24639],[-59.25701,-38.24642],[-59.25725,-38.24645],[-59.25752,-38.24635],[-59.25779,-38.24625],[-59.25808,-38.2461],[-59.25837,-38.24595],[-59.25863,-38.24559],[-59.25904,-38.24561],[-59.25945,-38.24562],[-59.25985,-38.24563],[-59.25988,-38.24581],[-59.26019,-38.24599],[-59.26054,-38.24578],[-59.26088,-38.24557],[-59.26084,-38.24535],[-59.26081,-38.24512],[-59.26085,-38.24498],[-59.26113,-38.24493],[-59.26142,-38.24489],[-59.2618,-38.24492],[-59.26201,-38.24477],[-59.26222,-38.24463],[-59.26217,-38.24438],[-59.26211,-38.24414],[-59.26184,-38.24379],[-59.26156,-38.24344],[-59.26128,-38.24309],[-59.2611,-38.24282],[-59.26091,-38.24256],[-59.26072,-38.2423],[-59.2604,-38.24201],[-59.26008,-38.24173],[-59.26002,-38.24136],[-59.25996,-38.24099],[-59.2599,-38.24062],[-59.25952,-38.24039],[-59.25914,-38.24016],[-59.25905,-38.2399],[-59.25896,-38.23965],[-59.25891,-38.23927],[-59.25885,-38.2389],[-59.25858,-38.23883],[-59.25843,-38.23858],[-59.25829,-38.23832],[-59.25812,-38.23794],[-59.25796,-38.23756],[-59.2578,-38.23718],[-59.25771,-38.23691],[-59.25762,-38.23664],[-59.25732,-38.23634],[-59.25707,-38.23645],[-59.25682,-38.23657],[-59.25666,-38.23666],[-59.25638,-38.23693],[-59.25609,-38.2372],[-59.25605,-38.23753],[-59.25601,-38.23786]]]]}},{"type":"Feature","properties":{"fdc":"IGN","sag":"IGN","tipo":"Pajonal, juncal, totoral","ign":"vegetacion_hidrofila_ED020.2035"},"geometry":{"type":"MultiPolygon","coordinates":[[[[-59.36167,-38.44613],[-59.36134,-38.44641],[-59.361,-38.4467],[-59.36066,-38.44699],[-59.36033,-38.44728],[-59.35999,-38.44756],[-59.35965,-38.44785],[-59.35932,-38.44814],[-59.35898,-38.44843],[-59.35865,-38.44871],[-59.35831,-38.449],[-59.35797,-38.44929],[-59.35764,-38.44958],[-59.3573,-38.44986],[-59.35697,-38.45015],[-59.35663,-38.45044],[-59.35629,-38.45073],[-59.35596,-38.45101],[-59.35562,-38.4513],[-59.35529,-38.45159],[-59.35495,-38.45188],[-59.35461,-38.45216],[-59.35428,-38.45245],[-59.35394,-38.45274],[-59.3536,-38.45303],[-59.35327,-38.45331],[-59.35293,-38.4536],[-59.3526,-38.45389],[-59.35226,-38.45418],[-59.35192,-38.45446],[-59.35159,-38.45475],[-59.35125,-38.45504],[-59.35092,-38.45533],[-59.35058,-38.45561],[-59.35024,-38.4559],[-59.34991,-38.45619],[-59.34957,-38.45648],[-59.34924,-38.45676],[-59.3489,-38.45705],[-59.34856,-38.45734],[-59.34823,-38.45763],[-59.34789,-38.45791],[-59.34755,-38.4582],[-59.34722,-38.45849],[-59.34688,-38.45878],[-59.34655,-38.45906],[-59.34621,-38.45935],[-59.34587,-38.45964],[-59.34554,-38.45993],[-59.3452,-38.46021],[-59.34487,-38.4605],[-59.34453,-38.46079],[-59.34419,-38.46108],[-59.34386,-38.46136],[-59.34352,-38.46165],[-59.34371,-38.46202],[-59.3439,-38.46239],[-59.34409,-38.46276],[-59.34428,-38.46312],[-59.34447,-38.46349],[-59.34466,-38.46386],[-59.34485,-38.46423],[-59.34504,-38.4646],[-59.34523,-38.46497],[-59.34557,-38.46469],[-59.34592,-38.46441],[-59.34627,-38.46413],[-59.34662,-38.46385],[-59.34697,-38.46357],[-59.34731,-38.46329],[-59.34766,-38.46301],[-59.34801,-38.46273],[-59.34836,-38.46245],[-59.34871,-38.46218],[-59.34905,-38.4619],[-59.3494,-38.46162],[-59.34975,-38.46134],[-59.34999,-38.46101],[-59.35023,-38.46069],[-59.35047,-38.46036],[-59.35071,-38.46004],[-59.35095,-38.45971],[-59.35119,-38.45938],[-59.35143,-38.45906],[-59.35167,-38.45873],[-59.35192,-38.45839],[-59.35218,-38.45805],[-59.35244,-38.45771],[-59.3527,-38.45737],[-59.35295,-38.45703],[-59.35321,-38.45669],[-59.35347,-38.45635],[-59.35373,-38.45601],[-59.35413,-38.45616],[-59.35453,-38.45631],[-59.35493,-38.45647],[-59.35533,-38.45662],[-59.35573,-38.45678],[-59.35613,-38.45693],[-59.35654,-38.45709],[-59.35694,-38.45724],[-59.35734,-38.45739],[-59.35771,-38.45722],[-59.35809,-38.45704],[-59.35847,-38.45686],[-59.35884,-38.45668],[-59.35922,-38.4565],[-59.3596,-38.45632],[-59.35997,-38.45615],[-59.36035,-38.45597],[-59.36073,-38.45579],[-59.3611,-38.45561],[-59.36148,-38.45543],[-59.36185,-38.45525],[-59.36221,-38.45503],[-59.36256,-38.4548],[-59.36291,-38.45457],[-59.36326,-38.45435],[-59.36362,-38.45412],[-59.36397,-38.4539],[-59.36432,-38.45367],[-59.36467,-38.45344],[-59.36502,-38.45322],[-59.36538,-38.45299],[-59.36573,-38.45276],[-59.36608,-38.45254],[-59.36622,-38.45214],[-59.36636,-38.45173],[-59.36651,-38.45133],[-59.36665,-38.45093],[-59.36679,-38.45053],[-59.36693,-38.45013],[-59.36707,-38.44972],[-59.36721,-38.44932],[-59.36736,-38.44892],[-59.3675,-38.44852],[-59.36764,-38.44811],[-59.36778,-38.44771],[-59.36792,-38.44731],[-59.36806,-38.44691],[-59.36821,-38.44651],[-59.36809,-38.44608],[-59.36798,-38.44566],[-59.36786,-38.44524],[-59.36775,-38.44482],[-59.36763,-38.4444],[-59.36752,-38.44398],[-59.3674,-38.44356],[-59.36728,-38.44313],[-59.36717,-38.44271],[-59.36705,-38.44229],[-59.36694,-38.44187],[-59.36682,-38.44145],[-59.36671,-38.44103],[-59.36659,-38.44061],[-59.36648,-38.44018],[-59.36636,-38.43976],[-59.36625,-38.43934],[-59.36613,-38.43892],[-59.36602,-38.4385],[-59.3659,-38.43808],[-59.36579,-38.43765],[-59.36567,-38.43723],[-59.36576,-38.43679],[-59.36585,-38.43635],[-59.36593,-38.43591],[-59.36602,-38.43547],[-59.36611,-38.43503],[-59.3662,-38.43459],[-59.36628,-38.43415],[-59.36637,-38.43371],[-59.36646,-38.43327],[-59.36654,-38.43283],[-59.36663,-38.43239],[-59.36672,-38.43195],[-59.3668,-38.43151],[-59.36689,-38.43107],[-59.36698,-38.43063],[-59.36707,-38.43018],[-59.36715,-38.42974],[-59.36724,-38.4293],[-59.36733,-38.42886],[-59.36741,-38.42842],[-59.3675,-38.42798],[-59.36731,-38.4276],[-59.36713,-38.42721],[-59.36694,-38.42682],[-59.36675,-38.42644],[-59.36656,-38.42605],[-59.36638,-38.42566],[-59.36619,-38.42528],[-59.366,-38.42489],[-59.36581,-38.4245],[-59.36563,-38.42412],[-59.36544,-38.42373],[-59.36525,-38.42334],[-59.36506,-38.42296],[-59.36488,-38.42257],[-59.36469,-38.42218],[-59.3645,-38.42179],[-59.36432,-38.42139],[-59.36413,-38.42098],[-59.36394,-38.42058],[-59.36376,-38.42017],[-59.36357,-38.41977],[-59.36338,-38.41936],[-59.3632,-38.41896],[-59.36301,-38.41855],[-59.36282,-38.41815],[-59.36264,-38.41774],[-59.36245,-38.41734],[-59.36226,-38.41693],[-59.36208,-38.41652],[-59.36189,-38.41612],[-59.36171,-38.41571],[-59.36152,-38.41531],[-59.36133,-38.4149],[-59.36115,-38.4145],[-59.36096,-38.41409],[-59.36077,-38.41369],[-59.36059,-38.41328],[-59.3604,-38.41288],[-59.36021,-38.41247],[-59.36003,-38.41206],[-59.35984,-38.41166],[-59.35965,-38.41125],[-59.35947,-38.41085],[-59.35928,-38.41044],[-59.3591,-38.41004],[-59.35891,-38.40963],[-59.35872,-38.40923],[-59.35854,-38.40882],[-59.35835,-38.40842],[-59.35816,-38.40801],[-59.35798,-38.4076],[-59.35779,-38.4072],[-59.3576,-38.40679],[-59.35742,-38.40639],[-59.35723,-38.40598],[-59.35724,-38.40554],[-59.35724,-38.4051],[-59.35724,-38.40465],[-59.35725,-38.40421],[-59.35725,-38.40377],[-59.35726,-38.40332],[-59.35726,-38.40288],[-59.35726,-38.40244],[-59.35727,-38.40199],[-59.35727,-38.40155],[-59.35728,-38.40111],[-59.35728,-38.40066],[-59.35728,-38.40022],[-59.35729,-38.39978],[-59.35729,-38.39933],[-59.3573,-38.39889],[-59.3573,-38.39845],[-59.3573,-38.398],[-59.35731,-38.39755],[-59.35731,-38.3971],[-59.35732,-38.39665],[-59.35732,-38.3962],[-59.35732,-38.39575],[-59.35733,-38.39531],[-59.35733,-38.39486],[-59.35733,-38.39441],[-59.35734,-38.39396],[-59.35734,-38.39351],[-59.35735,-38.39306],[-59.35735,-38.39262],[-59.35713,-38.39223],[-59.35692,-38.39183],[-59.35671,-38.39144],[-59.35649,-38.39105],[-59.35628,-38.39066],[-59.35606,-38.39027],[-59.35585,-38.38988],[-59.35563,-38.38949],[-59.35542,-38.3891],[-59.3552,-38.38871],[-59.35499,-38.38832],[-59.35478,-38.38793],[-59.35456,-38.38754],[-59.35435,-38.38714],[-59.35413,-38.38675],[-59.35392,-38.38636],[-59.3537,-38.38597],[-59.35349,-38.38558],[-59.35327,-38.38519],[-59.35306,-38.3848],[-59.35285,-38.38441],[-59.35263,-38.38402],[-59.3522,-38.38405],[-59.35176,-38.38408],[-59.35133,-38.3841],[-59.3509,-38.38413],[-59.35046,-38.38416],[-59.35003,-38.38419],[-59.3496,-38.38422],[-59.34916,-38.38425],[-59.34873,-38.38428],[-59.3483,-38.38431],[-59.34786,-38.38433],[-59.348,-38.38476],[-59.34813,-38.38518],[-59.34826,-38.3856],[-59.3484,-38.38602],[-59.34853,-38.38644],[-59.34867,-38.38686],[-59.3488,-38.38728],[-59.34893,-38.38771],[-59.34907,-38.38813],[-59.3492,-38.38855],[-59.34933,-38.38897],[-59.34947,-38.38939],[-59.3496,-38.38981],[-59.34974,-38.39023],[-59.34987,-38.39065],[-59.35,-38.39108],[-59.35014,-38.3915],[-59.35027,-38.39192],[-59.35041,-38.39234],[-59.35054,-38.39276],[-59.35067,-38.39318],[-59.35081,-38.3936],[-59.35091,-38.39403],[-59.351,-38.39445],[-59.3511,-38.39487],[-59.3512,-38.3953],[-59.3513,-38.39572],[-59.35139,-38.39615],[-59.35149,-38.39657],[-59.35159,-38.39699],[-59.35169,-38.39742],[-59.35179,-38.39784],[-59.35188,-38.39826],[-59.35198,-38.39869],[-59.35208,-38.39911],[-59.35218,-38.39953],[-59.35228,-38.39996],[-59.35237,-38.40038],[-59.35247,-38.4008],[-59.35257,-38.40123],[-59.35267,-38.40165],[-59.35277,-38.40208],[-59.35286,-38.4025],[-59.35296,-38.40292],[-59.35306,-38.40335],[-59.35316,-38.40377],[-59.35325,-38.40419],[-59.35335,-38.40462],[-59.35345,-38.40504],[-59.35355,-38.40546],[-59.35365,-38.40589],[-59.35374,-38.40631],[-59.35376,-38.40674],[-59.35378,-38.40717],[-59.3538,-38.4076],[-59.35382,-38.40803],[-59.35383,-38.40845],[-59.35385,-38.40888],[-59.35387,-38.40931],[-59.35389,-38.40974],[-59.35391,-38.41017],[-59.35392,-38.4106],[-59.35394,-38.41103],[-59.35396,-38.41145],[-59.35398,-38.41188],[-59.354,-38.41231],[-59.35401,-38.41274],[-59.35403,-38.41317],[-59.35405,-38.4136],[-59.35407,-38.41403],[-59.35409,-38.41445],[-59.3541,-38.41488],[-59.35434,-38.41526],[-59.35457,-38.41563],[-59.35481,-38.41601],[-59.35504,-38.41638],[-59.35527,-38.41676],[-59.35551,-38.41714],[-59.35574,-38.41751],[-59.35598,-38.41789],[-59.35621,-38.41826],[-59.35645,-38.41864],[-59.35668,-38.41901],[-59.35691,-38.41939],[-59.35715,-38.41976],[-59.35738,-38.42014],[-59.35762,-38.42051],[-59.35785,-38.42089],[-59.35809,-38.42126],[-59.35832,-38.42164],[-59.35855,-38.42202],[-59.35879,-38.42239],[-59.35902,-38.42277],[-59.35926,-38.42314],[-59.35923,-38.42358],[-59.35921,-38.42402],[-59.35918,-38.42446],[-59.35916,-38.4249],[-59.35913,-38.42534],[-59.35911,-38.42579],[-59.35908,-38.42623],[-59.35906,-38.42667],[-59.35903,-38.42711],[-59.35901,-38.42755],[-59.35898,-38.42799],[-59.35896,-38.42843],[-59.35894,-38.42887],[-59.35891,-38.42931],[-59.35889,-38.42975],[-59.35886,-38.43019],[-59.35884,-38.43063],[-59.35881,-38.43107],[-59.35879,-38.43151],[-59.35876,-38.43196],[-59.35874,-38.4324],[-59.35883,-38.43282],[-59.35892,-38.43325],[-59.35901,-38.43368],[-59.3591,-38.43411],[-59.3592,-38.43454],[-59.35929,-38.43497],[-59.35938,-38.4354],[-59.35947,-38.43583],[-59.35956,-38.43626],[-59.35965,-38.43669],[-59.35975,-38.43712],[-59.35984,-38.43754],[-59.35993,-38.43797],[-59.36002,-38.4384],[-59.36011,-38.43883],[-59.3602,-38.43926],[-59.3603,-38.43969],[-59.36039,-38.44012],[-59.36048,-38.44055],[-59.36057,-38.44098],[-59.36066,-38.44141],[-59.36075,-38.44183],[-59.36085,-38.44226],[-59.36094,-38.44269],[-59.36103,-38.44312],[-59.36112,-38.44355],[-59.36121,-38.44398],[-59.3613,-38.44441],[-59.3614,-38.44484],[-59.36149,-38.44527],[-59.36158,-38.4457],[-59.36167,-38.44613]]]]}},{"type":"Feature","properties":{"fdc":"IGN","sag":"IGN","tipo":"Pajonal, juncal, totoral","ign":"vegetacion_hidrofila_ED020.2058"},"geometry":{"type":"MultiPolygon","coordinates":[[[[-59.46785,-38.55126],[-59.46746,-38.55147],[-59.46706,-38.55167],[-59.46667,-38.55188],[-59.46627,-38.55208],[-59.46585,-38.55196],[-59.46544,-38.55183],[-59.46502,-38.5517],[-59.4646,-38.55158],[-59.46418,-38.55145],[-59.46376,-38.55133],[-59.46334,-38.5512],[-59.46292,-38.55107],[-59.4625,-38.55095],[-59.46208,-38.55082],[-59.46169,-38.55101],[-59.46131,-38.55119],[-59.46093,-38.55138],[-59.46054,-38.55157],[-59.46016,-38.55175],[-59.45978,-38.55194],[-59.45939,-38.55212],[-59.45901,-38.55231],[-59.45863,-38.55249],[-59.45824,-38.55268],[-59.45786,-38.55286],[-59.45755,-38.55259],[-59.45723,-38.55233],[-59.45692,-38.55206],[-59.4566,-38.55179],[-59.45629,-38.55152],[-59.45598,-38.55125],[-59.45566,-38.55098],[-59.45535,-38.55071],[-59.45504,-38.55044],[-59.45472,-38.55017],[-59.45462,-38.54974],[-59.45452,-38.5493],[-59.45442,-38.54887],[-59.45432,-38.54844],[-59.45422,-38.548],[-59.45411,-38.54757],[-59.45401,-38.54713],[-59.45391,-38.5467],[-59.45381,-38.54627],[-59.45371,-38.54583],[-59.45392,-38.54549],[-59.45412,-38.54515],[-59.45433,-38.5448],[-59.45454,-38.54446],[-59.45474,-38.54412],[-59.45495,-38.54378],[-59.45516,-38.54343],[-59.45537,-38.54309],[-59.45557,-38.54275],[-59.45562,-38.5423],[-59.45567,-38.54185],[-59.45571,-38.54141],[-59.45576,-38.54096],[-59.45581,-38.54051],[-59.45585,-38.54007],[-59.4559,-38.53962],[-59.45595,-38.53917],[-59.45599,-38.53873],[-59.45604,-38.53828],[-59.45609,-38.53783],[-59.45613,-38.53739],[-59.45626,-38.53696],[-59.45638,-38.53652],[-59.4565,-38.53609],[-59.45662,-38.53566],[-59.45674,-38.53522],[-59.45686,-38.53479],[-59.45698,-38.53436],[-59.45711,-38.53393],[-59.45723,-38.53349],[-59.45735,-38.53306],[-59.45747,-38.53263],[-59.45759,-38.53219],[-59.45771,-38.53176],[-59.45783,-38.53133],[-59.45795,-38.5309],[-59.45808,-38.53046],[-59.4582,-38.53003],[-59.45832,-38.5296],[-59.45844,-38.52917],[-59.45856,-38.52873],[-59.45873,-38.52837],[-59.45889,-38.52801],[-59.45906,-38.52765],[-59.45923,-38.52729],[-59.4594,-38.52693],[-59.45956,-38.52657],[-59.45973,-38.52621],[-59.4599,-38.52585],[-59.45972,-38.52543],[-59.45955,-38.52502],[-59.45938,-38.52461],[-59.45921,-38.52419],[-59.45904,-38.52378],[-59.45887,-38.52337],[-59.45869,-38.52295],[-59.45852,-38.52254],[-59.45835,-38.52213],[-59.45818,-38.52171],[-59.45801,-38.5213],[-59.45784,-38.52089],[-59.45786,-38.52044],[-59.45788,-38.52],[-59.45791,-38.51955],[-59.45793,-38.51911],[-59.45795,-38.51867],[-59.45798,-38.51822],[-59.458,-38.51778],[-59.45802,-38.51733],[-59.45805,-38.51689],[-59.45807,-38.51645],[-59.45809,-38.516],[-59.45812,-38.51556],[-59.45814,-38.51511],[-59.45813,-38.51469],[-59.45812,-38.51426],[-59.4581,-38.51384],[-59.45809,-38.51341],[-59.45808,-38.51299],[-59.45807,-38.51257],[-59.45805,-38.51214],[-59.45804,-38.51172],[-59.45803,-38.51129],[-59.45802,-38.51087],[-59.45801,-38.51044],[-59.45799,-38.51002],[-59.45798,-38.50959],[-59.45797,-38.50917],[-59.45796,-38.50874],[-59.45794,-38.50832],[-59.45793,-38.50789],[-59.45787,-38.50746],[-59.45781,-38.50703],[-59.45775,-38.5066],[-59.45768,-38.50617],[-59.45762,-38.50574],[-59.45756,-38.50531],[-59.4575,-38.50488],[-59.45744,-38.50445],[-59.45737,-38.50402],[-59.45731,-38.50359],[-59.45725,-38.50316],[-59.45719,-38.50273],[-59.45705,-38.50232],[-59.45691,-38.5019],[-59.45677,-38.50149],[-59.45663,-38.50108],[-59.45649,-38.50066],[-59.45635,-38.50025],[-59.45621,-38.49984],[-59.45607,-38.49942],[-59.45593,-38.49901],[-59.4558,-38.4986],[-59.45566,-38.49818],[-59.45552,-38.49777],[-59.45538,-38.49736],[-59.45524,-38.49694],[-59.4551,-38.49653],[-59.45496,-38.49612],[-59.45482,-38.4957],[-59.45468,-38.49529],[-59.45454,-38.49488],[-59.4544,-38.49446],[-59.45426,-38.49405],[-59.45412,-38.49364],[-59.45399,-38.49322],[-59.45385,-38.49281],[-59.45372,-38.49238],[-59.45359,-38.49196],[-59.45346,-38.49153],[-59.45333,-38.49111],[-59.45321,-38.49068],[-59.45308,-38.49025],[-59.45295,-38.48983],[-59.45282,-38.4894],[-59.45269,-38.48898],[-59.45257,-38.48855],[-59.45244,-38.48813],[-59.45231,-38.4877],[-59.45218,-38.48727],[-59.45205,-38.48685],[-59.45193,-38.48642],[-59.4518,-38.486],[-59.4518,-38.48555],[-59.45181,-38.4851],[-59.45181,-38.48465],[-59.45181,-38.48421],[-59.45182,-38.48376],[-59.45182,-38.48331],[-59.45169,-38.48292],[-59.45156,-38.48254],[-59.45144,-38.48215],[-59.45131,-38.48176],[-59.45118,-38.48137],[-59.45105,-38.48099],[-59.45092,-38.4806],[-59.45079,-38.48021],[-59.45058,-38.47984],[-59.45037,-38.47946],[-59.45016,-38.47908],[-59.44995,-38.47871],[-59.44973,-38.47833],[-59.44952,-38.47796],[-59.44931,-38.47758],[-59.4491,-38.4772],[-59.44888,-38.47683],[-59.44867,-38.47645],[-59.44846,-38.47607],[-59.44823,-38.47571],[-59.44801,-38.47535],[-59.44778,-38.47499],[-59.44755,-38.47463],[-59.44733,-38.47426],[-59.4471,-38.4739],[-59.44687,-38.47354],[-59.44665,-38.47318],[-59.44652,-38.47277],[-59.44639,-38.47235],[-59.44626,-38.47194],[-59.44613,-38.47153],[-59.446,-38.47111],[-59.44588,-38.4707],[-59.44575,-38.47028],[-59.44562,-38.46987],[-59.4455,-38.46946],[-59.44539,-38.46904],[-59.44527,-38.46863],[-59.44515,-38.46822],[-59.44504,-38.4678],[-59.44492,-38.46739],[-59.44481,-38.46698],[-59.44469,-38.46656],[-59.44458,-38.46615],[-59.44446,-38.46574],[-59.44434,-38.46532],[-59.44393,-38.46541],[-59.44352,-38.4655],[-59.44311,-38.46558],[-59.44269,-38.46567],[-59.44228,-38.46576],[-59.44187,-38.46584],[-59.44145,-38.46593],[-59.44104,-38.46602],[-59.44063,-38.4661],[-59.44022,-38.46619],[-59.4398,-38.46628],[-59.43939,-38.46636],[-59.43898,-38.46645],[-59.43856,-38.46654],[-59.43873,-38.46695],[-59.43889,-38.46736],[-59.43905,-38.46778],[-59.43922,-38.46819],[-59.43938,-38.4686],[-59.43954,-38.46902],[-59.43971,-38.46943],[-59.43987,-38.46984],[-59.44003,-38.47026],[-59.4402,-38.47067],[-59.44036,-38.47108],[-59.44075,-38.47126],[-59.44115,-38.47143],[-59.44154,-38.47161],[-59.44193,-38.47178],[-59.44233,-38.47196],[-59.44272,-38.47213],[-59.44308,-38.47238],[-59.44345,-38.47263],[-59.44381,-38.47288],[-59.44418,-38.47313],[-59.44454,-38.47338],[-59.44439,-38.47369],[-59.44423,-38.474],[-59.44408,-38.47431],[-59.44393,-38.47462],[-59.44414,-38.475],[-59.44436,-38.47539],[-59.44458,-38.47578],[-59.44479,-38.47617],[-59.44501,-38.47655],[-59.44523,-38.47694],[-59.44545,-38.47733],[-59.44566,-38.47772],[-59.44588,-38.4781],[-59.4461,-38.47849],[-59.44631,-38.47888],[-59.44653,-38.47927],[-59.44675,-38.47965],[-59.44696,-38.48004],[-59.44718,-38.48043],[-59.4474,-38.48082],[-59.44761,-38.4812],[-59.44774,-38.48163],[-59.44787,-38.48205],[-59.448,-38.48248],[-59.44812,-38.4829],[-59.44825,-38.48333],[-59.44838,-38.48375],[-59.44851,-38.48418],[-59.44864,-38.4846],[-59.44876,-38.48503],[-59.44889,-38.48545],[-59.44902,-38.48587],[-59.44915,-38.4863],[-59.44928,-38.48672],[-59.4494,-38.48715],[-59.44953,-38.48757],[-59.44966,-38.488],[-59.44979,-38.48842],[-59.44992,-38.48885],[-59.44996,-38.48926],[-59.45,-38.48967],[-59.45004,-38.49009],[-59.45008,-38.4905],[-59.45012,-38.49091],[-59.45016,-38.49133],[-59.4502,-38.49174],[-59.45024,-38.49215],[-59.45028,-38.49257],[-59.45032,-38.49298],[-59.45036,-38.49339],[-59.45041,-38.4938],[-59.4505,-38.49421],[-59.4506,-38.49461],[-59.45069,-38.49501],[-59.45079,-38.49541],[-59.45088,-38.49581],[-59.45098,-38.49621],[-59.45108,-38.49661],[-59.45118,-38.49703],[-59.45128,-38.49745],[-59.45138,-38.49787],[-59.45148,-38.49829],[-59.45158,-38.49871],[-59.45168,-38.49913],[-59.45178,-38.49956],[-59.45188,-38.49998],[-59.45198,-38.5004],[-59.45209,-38.50082],[-59.45219,-38.50124],[-59.45234,-38.50164],[-59.4525,-38.50204],[-59.45265,-38.50244],[-59.45281,-38.50284],[-59.45296,-38.50324],[-59.45311,-38.50364],[-59.45327,-38.50404],[-59.45342,-38.50444],[-59.45358,-38.50484],[-59.45373,-38.50524],[-59.45389,-38.50563],[-59.45404,-38.50603],[-59.4542,-38.50643],[-59.45435,-38.50683],[-59.45451,-38.50723],[-59.45444,-38.50766],[-59.45438,-38.50809],[-59.45431,-38.50852],[-59.45425,-38.50895],[-59.45419,-38.50937],[-59.45412,-38.5098],[-59.45406,-38.51023],[-59.454,-38.51066],[-59.45393,-38.51109],[-59.45387,-38.51151],[-59.45381,-38.51194],[-59.45374,-38.51237],[-59.45368,-38.5128],[-59.45374,-38.51324],[-59.4538,-38.51368],[-59.45386,-38.51413],[-59.45391,-38.51457],[-59.45397,-38.51501],[-59.45403,-38.51545],[-59.45409,-38.51589],[-59.45415,-38.51634],[-59.45421,-38.51678],[-59.45427,-38.51722],[-59.45433,-38.51766],[-59.45439,-38.51811],[-59.45445,-38.51855],[-59.4545,-38.51899],[-59.45456,-38.51943],[-59.45462,-38.51988],[-59.45468,-38.52032],[-59.45474,-38.52076],[-59.4548,-38.5212],[-59.45486,-38.52164],[-59.45492,-38.52209],[-59.45491,-38.52253],[-59.45491,-38.52297],[-59.45491,-38.52341],[-59.4549,-38.52385],[-59.4549,-38.52429],[-59.4549,-38.52473],[-59.45489,-38.52517],[-59.45489,-38.52561],[-59.45489,-38.52605],[-59.45488,-38.52649],[-59.45488,-38.52693],[-59.45488,-38.52737],[-59.45487,-38.52781],[-59.45487,-38.52825],[-59.45487,-38.52869],[-59.45476,-38.52908],[-59.45465,-38.52947],[-59.45454,-38.52986],[-59.45443,-38.53025],[-59.45433,-38.53065],[-59.45422,-38.53104],[-59.45411,-38.53143],[-59.454,-38.53182],[-59.45389,-38.53221],[-59.45378,-38.5326],[-59.45342,-38.53279],[-59.45305,-38.53297],[-59.45268,-38.53316],[-59.45231,-38.53334],[-59.45194,-38.53352],[-59.45157,-38.53371],[-59.4512,-38.53389],[-59.45083,-38.53408],[-59.45047,-38.53426],[-59.4501,-38.53444],[-59.44996,-38.53485],[-59.44983,-38.53527],[-59.44969,-38.53568],[-59.44956,-38.53609],[-59.44942,-38.5365],[-59.44929,-38.53691],[-59.44915,-38.53733],[-59.44902,-38.53774],[-59.44888,-38.53815],[-59.44875,-38.53856],[-59.44862,-38.53897],[-59.44848,-38.53939],[-59.44835,-38.5398],[-59.44821,-38.54021],[-59.4483,-38.54065],[-59.44839,-38.54109],[-59.44849,-38.54152],[-59.44858,-38.54196],[-59.44867,-38.5424],[-59.44876,-38.54284],[-59.44885,-38.54328],[-59.44894,-38.54371],[-59.44903,-38.54415],[-59.44913,-38.54459],[-59.44922,-38.54503],[-59.44931,-38.54546],[-59.4494,-38.5459],[-59.44949,-38.54634],[-59.44958,-38.54678],[-59.44967,-38.54722],[-59.44977,-38.54765],[-59.44986,-38.54809],[-59.44995,-38.54853],[-59.45004,-38.54897],[-59.45013,-38.5494],[-59.45022,-38.54984],[-59.45031,-38.55028],[-59.45041,-38.55072],[-59.4505,-38.55116],[-59.45044,-38.55159],[-59.45038,-38.55202],[-59.45033,-38.55245],[-59.45027,-38.55288],[-59.45022,-38.55331],[-59.45016,-38.55375],[-59.4501,-38.55418],[-59.45005,-38.55461],[-59.44999,-38.55504],[-59.44994,-38.55547],[-59.44994,-38.55586],[-59.44994,-38.55624],[-59.44994,-38.55663],[-59.44994,-38.55701],[-59.44994,-38.55739],[-59.44994,-38.55778],[-59.45016,-38.55809],[-59.45037,-38.5584],[-59.45059,-38.55871],[-59.45081,-38.55902],[-59.45102,-38.55934],[-59.45124,-38.55965],[-59.45128,-38.56008],[-59.45132,-38.56052],[-59.45135,-38.56095],[-59.45139,-38.56138],[-59.45143,-38.56182],[-59.45147,-38.56225],[-59.45151,-38.56269],[-59.45154,-38.56312],[-59.45158,-38.56356],[-59.45162,-38.56399],[-59.45166,-38.56443],[-59.4517,-38.56486],[-59.45173,-38.56529],[-59.45177,-38.56573],[-59.45181,-38.56616],[-59.45185,-38.5666],[-59.45189,-38.56703],[-59.45192,-38.56747],[-59.45196,-38.5679],[-59.45219,-38.56827],[-59.45241,-38.56865],[-59.45264,-38.56902],[-59.45286,-38.56939],[-59.45309,-38.56976],[-59.45331,-38.57013],[-59.45354,-38.57051],[-59.45376,-38.57088],[-59.45399,-38.57125],[-59.45421,-38.57162],[-59.45444,-38.57199],[-59.45467,-38.57237],[-59.45489,-38.57274],[-59.45512,-38.57311],[-59.45534,-38.57348],[-59.45503,-38.57376],[-59.45472,-38.57404],[-59.4544,-38.57432],[-59.45409,-38.5746],[-59.45378,-38.57488],[-59.45346,-38.57516],[-59.45315,-38.57544],[-59.45284,-38.57572],[-59.45252,-38.576],[-59.45221,-38.57628],[-59.4519,-38.57656],[-59.45149,-38.57648],[-59.45109,-38.57641],[-59.45068,-38.57633],[-59.45028,-38.57625],[-59.44987,-38.57618],[-59.44947,-38.5761],[-59.44906,-38.57602],[-59.44866,-38.57595],[-59.44825,-38.57587],[-59.44785,-38.57579],[-59.44744,-38.57572],[-59.44726,-38.57611],[-59.44708,-38.5765],[-59.44691,-38.57688],[-59.44673,-38.57727],[-59.44655,-38.57766],[-59.44637,-38.57805],[-59.44619,-38.57844],[-59.44601,-38.57883],[-59.44584,-38.57922],[-59.446,-38.57958],[-59.44617,-38.57995],[-59.44634,-38.58031],[-59.4465,-38.58068],[-59.44667,-38.58104],[-59.44684,-38.58141],[-59.447,-38.58177],[-59.44686,-38.58218],[-59.44672,-38.58258],[-59.44658,-38.58299],[-59.44644,-38.58339],[-59.4463,-38.5838],[-59.44616,-38.5842],[-59.44602,-38.58461],[-59.44588,-38.58502],[-59.44574,-38.58542],[-59.4456,-38.58583],[-59.4454,-38.58619],[-59.4452,-38.58655],[-59.445,-38.58692],[-59.4448,-38.58728],[-59.4446,-38.58764],[-59.4444,-38.58801],[-59.4442,-38.58837],[-59.44401,-38.58873],[-59.44381,-38.58909],[-59.44361,-38.58946],[-59.44341,-38.58982],[-59.44321,-38.59018],[-59.44282,-38.59035],[-59.44243,-38.59052],[-59.44204,-38.59068],[-59.44165,-38.59085],[-59.44126,-38.59102],[-59.44087,-38.59118],[-59.44049,-38.59135],[-59.4401,-38.59152],[-59.43971,-38.59168],[-59.43932,-38.59185],[-59.43893,-38.59202],[-59.43865,-38.59232],[-59.43837,-38.59262],[-59.4381,-38.59292],[-59.43782,-38.59322],[-59.43754,-38.59352],[-59.43726,-38.59382],[-59.43698,-38.59412],[-59.43671,-38.59442],[-59.43681,-38.59483],[-59.43691,-38.59524],[-59.43701,-38.59565],[-59.43711,-38.59607],[-59.43685,-38.5964],[-59.43658,-38.59674],[-59.43632,-38.59707],[-59.43605,-38.59741],[-59.43579,-38.59774],[-59.43552,-38.59808],[-59.43595,-38.598],[-59.43638,-38.59792],[-59.43681,-38.59783],[-59.43724,-38.59775],[-59.43767,-38.59767],[-59.4381,-38.59759],[-59.43853,-38.5975],[-59.43896,-38.59742],[-59.43939,-38.59734],[-59.43983,-38.59726],[-59.44026,-38.59717],[-59.44069,-38.59709],[-59.44112,-38.59701],[-59.44155,-38.59693],[-59.44198,-38.59685],[-59.44241,-38.59676],[-59.44243,-38.59634],[-59.44245,-38.59592],[-59.44247,-38.59549],[-59.4425,-38.59507],[-59.44252,-38.59465],[-59.44254,-38.59423],[-59.44256,-38.5938],[-59.44259,-38.59338],[-59.44261,-38.59296],[-59.44303,-38.59285],[-59.44345,-38.59274],[-59.44387,-38.59263],[-59.44429,-38.59252],[-59.44471,-38.59242],[-59.44513,-38.59231],[-59.44524,-38.59188],[-59.44535,-38.59145],[-59.44546,-38.59102],[-59.44557,-38.59059],[-59.44567,-38.59017],[-59.44578,-38.58974],[-59.44589,-38.58931],[-59.446,-38.58888],[-59.44611,-38.58845],[-59.44622,-38.58802],[-59.44656,-38.5878],[-59.4469,-38.58757],[-59.44725,-38.58735],[-59.44759,-38.58712],[-59.44794,-38.5869],[-59.44828,-38.58667],[-59.44862,-38.58645],[-59.44897,-38.58622],[-59.44895,-38.58582],[-59.44893,-38.58542],[-59.4489,-38.58501],[-59.44888,-38.58461],[-59.44886,-38.58421],[-59.44884,-38.5838],[-59.44882,-38.5834],[-59.4488,-38.583],[-59.44878,-38.58259],[-59.44899,-38.58224],[-59.44921,-38.58189],[-59.44942,-38.58153],[-59.44963,-38.58118],[-59.44985,-38.58083],[-59.45006,-38.58047],[-59.45028,-38.58012],[-59.45059,-38.57983],[-59.45091,-38.57954],[-59.45123,-38.57926],[-59.45155,-38.57897],[-59.45194,-38.57892],[-59.45234,-38.57886],[-59.45274,-38.57881],[-59.45313,-38.57876],[-59.45353,-38.5787],[-59.45393,-38.57865],[-59.45433,-38.5786],[-59.45472,-38.57854],[-59.45512,-38.57849],[-59.45546,-38.57826],[-59.45579,-38.57802],[-59.45613,-38.57779],[-59.45646,-38.57755],[-59.4568,-38.57732],[-59.45713,-38.57708],[-59.45747,-38.57684],[-59.4578,-38.57661],[-59.45814,-38.57637],[-59.45821,-38.57601],[-59.45829,-38.57564],[-59.45836,-38.57528],[-59.45844,-38.57491],[-59.45852,-38.57455],[-59.45852,-38.57417],[-59.45852,-38.57379],[-59.45852,-38.57341],[-59.45853,-38.57303],[-59.45853,-38.57265],[-59.45853,-38.57224],[-59.45838,-38.57186],[-59.45822,-38.57149],[-59.45807,-38.57112],[-59.45791,-38.57075],[-59.45776,-38.57038],[-59.4576,-38.57],[-59.45745,-38.56963],[-59.45729,-38.56926],[-59.45706,-38.56893],[-59.45682,-38.5686],[-59.45658,-38.56827],[-59.45634,-38.56793],[-59.45611,-38.5676],[-59.45587,-38.56727],[-59.45563,-38.56694],[-59.45569,-38.56652],[-59.45576,-38.56609],[-59.45582,-38.56567],[-59.45588,-38.56524],[-59.45595,-38.56482],[-59.45601,-38.5644],[-59.45607,-38.56397],[-59.45637,-38.56364],[-59.45666,-38.56332],[-59.45695,-38.56299],[-59.45724,-38.56266],[-59.45753,-38.56233],[-59.45782,-38.562],[-59.45811,-38.56167],[-59.4584,-38.56134],[-59.45813,-38.56112],[-59.45785,-38.5609],[-59.45757,-38.56068],[-59.4579,-38.56042],[-59.45824,-38.56016],[-59.45857,-38.55991],[-59.4589,-38.55965],[-59.45923,-38.55939],[-59.45956,-38.55913],[-59.4599,-38.55888],[-59.46007,-38.55848],[-59.46024,-38.55809],[-59.46041,-38.55769],[-59.46058,-38.5573],[-59.46075,-38.5569],[-59.46092,-38.5565],[-59.46109,-38.55611],[-59.46126,-38.55571],[-59.46143,-38.55532],[-59.46161,-38.55492],[-59.46186,-38.55463],[-59.46211,-38.55433],[-59.46237,-38.55404],[-59.46262,-38.55374],[-59.46288,-38.55344],[-59.46327,-38.55347],[-59.46366,-38.55349],[-59.46405,-38.55352],[-59.46444,-38.55354],[-59.46483,-38.55357],[-59.46522,-38.55359],[-59.46561,-38.55362],[-59.46596,-38.55362],[-59.46631,-38.55362],[-59.46666,-38.55362],[-59.46704,-38.55376],[-59.46741,-38.55389],[-59.46779,-38.55403],[-59.46817,-38.55416],[-59.46855,-38.55429],[-59.46894,-38.55423],[-59.46934,-38.55417],[-59.46973,-38.55411],[-59.47013,-38.55405],[-59.47052,-38.55399],[-59.47092,-38.55393],[-59.47131,-38.55387],[-59.47171,-38.55381],[-59.47167,-38.55343],[-59.47164,-38.55304],[-59.47161,-38.55266],[-59.47157,-38.55227],[-59.47154,-38.55189],[-59.47151,-38.5515],[-59.47157,-38.5511],[-59.47163,-38.5507],[-59.4717,-38.5503],[-59.47176,-38.5499],[-59.47182,-38.5495],[-59.47188,-38.5491],[-59.47195,-38.54869],[-59.47226,-38.54839],[-59.47258,-38.54809],[-59.4729,-38.54779],[-59.47322,-38.54749],[-59.47354,-38.54719],[-59.47385,-38.54689],[-59.4742,-38.54664],[-59.47455,-38.54638],[-59.47489,-38.54613],[-59.47524,-38.54588],[-59.47558,-38.54562],[-59.47593,-38.54537],[-59.47628,-38.54512],[-59.47662,-38.54486],[-59.47697,-38.54461],[-59.47732,-38.54436],[-59.47766,-38.5441],[-59.47792,-38.54376],[-59.47818,-38.54342],[-59.47844,-38.54308],[-59.4787,-38.54274],[-59.47897,-38.54239],[-59.47923,-38.54205],[-59.47949,-38.54171],[-59.47975,-38.54137],[-59.48001,-38.54103],[-59.48027,-38.54069],[-59.48053,-38.54034],[-59.48079,-38.54],[-59.48105,-38.53966],[-59.4814,-38.53939],[-59.48174,-38.53913],[-59.48208,-38.53886],[-59.48243,-38.53859],[-59.48277,-38.53833],[-59.48311,-38.53806],[-59.48346,-38.53779],[-59.4838,-38.53753],[-59.48384,-38.53743],[-59.48405,-38.53703],[-59.48426,-38.53664],[-59.48446,-38.53624],[-59.48467,-38.53585],[-59.48487,-38.53545],[-59.48508,-38.53506],[-59.4852,-38.53465],[-59.48532,-38.53425],[-59.48544,-38.53385],[-59.48556,-38.53345],[-59.48567,-38.53304],[-59.48579,-38.53264],[-59.48591,-38.53224],[-59.48603,-38.53184],[-59.48615,-38.53143],[-59.48588,-38.53112],[-59.4856,-38.53081],[-59.48532,-38.53049],[-59.48504,-38.53018],[-59.48476,-38.52987],[-59.48449,-38.52955],[-59.48421,-38.52924],[-59.48393,-38.52893],[-59.48365,-38.52861],[-59.48346,-38.52824],[-59.48327,-38.52786],[-59.48308,-38.52748],[-59.48288,-38.5271],[-59.48269,-38.52672],[-59.4825,-38.52634],[-59.48231,-38.52597],[-59.48211,-38.52559],[-59.48192,-38.52521],[-59.48173,-38.52483],[-59.48153,-38.52445],[-59.48134,-38.52408],[-59.48115,-38.5237],[-59.48096,-38.52332],[-59.48069,-38.52299],[-59.48042,-38.52266],[-59.48016,-38.52233],[-59.47989,-38.52199],[-59.47962,-38.52166],[-59.47935,-38.52133],[-59.47909,-38.521],[-59.47882,-38.52067],[-59.47855,-38.52034],[-59.47828,-38.52001],[-59.47802,-38.51967],[-59.47775,-38.51934],[-59.47748,-38.51901],[-59.47721,-38.51868],[-59.47722,-38.51826],[-59.47722,-38.51783],[-59.47722,-38.51741],[-59.47723,-38.51698],[-59.47723,-38.51656],[-59.47723,-38.51614],[-59.47723,-38.51571],[-59.47735,-38.51534],[-59.47747,-38.51497],[-59.47759,-38.5146],[-59.47771,-38.51424],[-59.47783,-38.51387],[-59.47756,-38.51354],[-59.47729,-38.5132],[-59.47702,-38.51287],[-59.47675,-38.51254],[-59.47648,-38.51221],[-59.47621,-38.51188],[-59.47594,-38.51155],[-59.47567,-38.51122],[-59.47529,-38.511],[-59.47491,-38.51078],[-59.47454,-38.51057],[-59.47416,-38.51035],[-59.47379,-38.51014],[-59.47341,-38.50992],[-59.47304,-38.5097],[-59.47266,-38.50949],[-59.47264,-38.50905],[-59.47262,-38.50862],[-59.4726,-38.50819],[-59.47258,-38.50775],[-59.47255,-38.50732],[-59.47253,-38.50688],[-59.47251,-38.50645],[-59.47253,-38.50601],[-59.47256,-38.50557],[-59.47258,-38.50513],[-59.4726,-38.50469],[-59.47262,-38.50425],[-59.47264,-38.50381],[-59.47267,-38.50337],[-59.47269,-38.50293],[-59.47271,-38.50249],[-59.47257,-38.50209],[-59.47243,-38.50169],[-59.4723,-38.5013],[-59.47216,-38.5009],[-59.47202,-38.5005],[-59.47189,-38.5001],[-59.47222,-38.49981],[-59.47256,-38.49952],[-59.4729,-38.49922],[-59.47324,-38.49893],[-59.47361,-38.49872],[-59.47398,-38.49851],[-59.47435,-38.4983],[-59.47472,-38.49809],[-59.47509,-38.49788],[-59.47529,-38.49755],[-59.47549,-38.49722],[-59.47569,-38.49689],[-59.47589,-38.49656],[-59.47609,-38.49623],[-59.47628,-38.4959],[-59.47612,-38.49552],[-59.47595,-38.49514],[-59.47579,-38.49477],[-59.47562,-38.49439],[-59.47546,-38.49401],[-59.47529,-38.49363],[-59.47513,-38.49326],[-59.4752,-38.49283],[-59.47527,-38.49241],[-59.47534,-38.49199],[-59.47541,-38.49157],[-59.47548,-38.49114],[-59.47555,-38.49072],[-59.47562,-38.4903],[-59.47569,-38.48988],[-59.47576,-38.48946],[-59.47583,-38.48903],[-59.4759,-38.48861],[-59.47597,-38.48819],[-59.47604,-38.48777],[-59.47611,-38.48735],[-59.47618,-38.48692],[-59.4764,-38.48655],[-59.47663,-38.48617],[-59.47685,-38.4858],[-59.47707,-38.48542],[-59.47729,-38.48505],[-59.47752,-38.48467],[-59.47774,-38.4843],[-59.47796,-38.48392],[-59.47818,-38.48355],[-59.47841,-38.48317],[-59.47863,-38.4828],[-59.47885,-38.48242],[-59.47907,-38.48205],[-59.47933,-38.48171],[-59.47959,-38.48138],[-59.47985,-38.48105],[-59.48011,-38.48071],[-59.48038,-38.48038],[-59.48064,-38.48004],[-59.4809,-38.47971],[-59.48116,-38.47938],[-59.48142,-38.47904],[-59.48168,-38.47871],[-59.48194,-38.47837],[-59.4822,-38.47804],[-59.48246,-38.47771],[-59.48253,-38.47734],[-59.4826,-38.47697],[-59.48267,-38.4766],[-59.48274,-38.47623],[-59.48281,-38.47586],[-59.48312,-38.4756],[-59.48342,-38.47533],[-59.48372,-38.47507],[-59.48403,-38.47481],[-59.48433,-38.47454],[-59.48447,-38.47414],[-59.48461,-38.47374],[-59.48474,-38.47334],[-59.48488,-38.47293],[-59.48501,-38.47253],[-59.48515,-38.47213],[-59.48529,-38.47173],[-59.48542,-38.47132],[-59.48556,-38.47092],[-59.48594,-38.47069],[-59.48632,-38.47046],[-59.4867,-38.47023],[-59.48707,-38.47001],[-59.48745,-38.46978],[-59.48768,-38.46943],[-59.48792,-38.46909],[-59.48815,-38.46874],[-59.48838,-38.4684],[-59.48861,-38.46805],[-59.48884,-38.46771],[-59.48907,-38.46737],[-59.4893,-38.46702],[-59.48954,-38.46668],[-59.48977,-38.46633],[-59.49,-38.46599],[-59.49012,-38.46557],[-59.49024,-38.46515],[-59.49036,-38.46472],[-59.49048,-38.4643],[-59.4906,-38.46388],[-59.49072,-38.46346],[-59.49084,-38.46304],[-59.49096,-38.46262],[-59.49108,-38.4622],[-59.49127,-38.4619],[-59.49146,-38.46161],[-59.49164,-38.46132],[-59.49183,-38.46103],[-59.49144,-38.46114],[-59.49105,-38.46126],[-59.49066,-38.46137],[-59.49027,-38.46149],[-59.48988,-38.4616],[-59.48949,-38.46172],[-59.4891,-38.46183],[-59.48871,-38.46195],[-59.48832,-38.46207],[-59.48793,-38.46218],[-59.48788,-38.46255],[-59.48783,-38.46292],[-59.48778,-38.4633],[-59.48772,-38.46367],[-59.48767,-38.46404],[-59.48762,-38.46441],[-59.48742,-38.46477],[-59.48722,-38.46513],[-59.48702,-38.46549],[-59.48682,-38.46585],[-59.48663,-38.46621],[-59.48643,-38.46657],[-59.48623,-38.46693],[-59.48603,-38.46729],[-59.48568,-38.46757],[-59.48533,-38.46784],[-59.48497,-38.46811],[-59.48462,-38.46839],[-59.48427,-38.46866],[-59.48392,-38.46893],[-59.48357,-38.46921],[-59.48321,-38.46948],[-59.48286,-38.46975],[-59.48247,-38.46993],[-59.48207,-38.47011],[-59.48167,-38.47029],[-59.48128,-38.47047],[-59.48088,-38.47065],[-59.48049,-38.47083],[-59.48009,-38.471],[-59.4797,-38.47118],[-59.47991,-38.47156],[-59.48013,-38.47194],[-59.48035,-38.47232],[-59.48056,-38.4727],[-59.48078,-38.47308],[-59.481,-38.47346],[-59.48069,-38.47372],[-59.48039,-38.47398],[-59.48009,-38.47425],[-59.47979,-38.47451],[-59.47949,-38.47478],[-59.47919,-38.47504],[-59.47889,-38.4753],[-59.47892,-38.47572],[-59.47895,-38.47613],[-59.47899,-38.47654],[-59.47902,-38.47696],[-59.47906,-38.47737],[-59.47909,-38.47778],[-59.47913,-38.4782],[-59.47875,-38.47834],[-59.47837,-38.47849],[-59.478,-38.47863],[-59.47762,-38.47878],[-59.47725,-38.47893],[-59.47687,-38.47907],[-59.47649,-38.47922],[-59.47638,-38.47964],[-59.47626,-38.48007],[-59.47614,-38.4805],[-59.47603,-38.48092],[-59.47591,-38.48135],[-59.4758,-38.48177],[-59.47579,-38.48219],[-59.47579,-38.4826],[-59.47579,-38.48301],[-59.47578,-38.48342],[-59.47578,-38.48383],[-59.47578,-38.48425],[-59.4755,-38.48456],[-59.47523,-38.48487],[-59.47495,-38.48518],[-59.47467,-38.4855],[-59.4744,-38.48581],[-59.47412,-38.48612],[-59.47385,-38.48643],[-59.47357,-38.48675],[-59.4733,-38.48706],[-59.47302,-38.48737],[-59.47308,-38.4878],[-59.47314,-38.48822],[-59.47319,-38.48865],[-59.47325,-38.48907],[-59.47331,-38.48949],[-59.47337,-38.48992],[-59.47342,-38.49034],[-59.47342,-38.49076],[-59.47342,-38.49118],[-59.47341,-38.4916],[-59.47341,-38.49202],[-59.47341,-38.49244],[-59.4734,-38.49286],[-59.4734,-38.49328],[-59.4734,-38.4937],[-59.47339,-38.49412],[-59.47339,-38.49454],[-59.47339,-38.49496],[-59.47339,-38.49534],[-59.47338,-38.49571],[-59.47338,-38.49608],[-59.47338,-38.49645],[-59.47305,-38.49672],[-59.47272,-38.497],[-59.47239,-38.49727],[-59.47206,-38.49754],[-59.47173,-38.49782],[-59.47141,-38.49809],[-59.47108,-38.49837],[-59.47075,-38.49864],[-59.47042,-38.49891],[-59.47039,-38.49932],[-59.47036,-38.49974],[-59.47033,-38.50015],[-59.4703,-38.50056],[-59.47027,-38.50097],[-59.47024,-38.50138],[-59.47021,-38.5018],[-59.47018,-38.50221],[-59.47035,-38.50254],[-59.47052,-38.50287],[-59.47068,-38.5032],[-59.47085,-38.50354],[-59.47102,-38.50387],[-59.47098,-38.50427],[-59.47095,-38.50467],[-59.47092,-38.50507],[-59.47088,-38.50547],[-59.47085,-38.50587],[-59.47082,-38.50627],[-59.47078,-38.50667],[-59.47065,-38.50706],[-59.47052,-38.50745],[-59.47038,-38.50784],[-59.47025,-38.50824],[-59.47011,-38.50863],[-59.46998,-38.50902],[-59.46985,-38.50941],[-59.46971,-38.5098],[-59.47001,-38.51008],[-59.47031,-38.51037],[-59.4706,-38.51065],[-59.4709,-38.51094],[-59.4712,-38.51122],[-59.4715,-38.51151],[-59.47179,-38.51179],[-59.47213,-38.512],[-59.47247,-38.51221],[-59.47281,-38.51241],[-59.47315,-38.51262],[-59.47349,-38.51283],[-59.47383,-38.51304],[-59.47417,-38.51325],[-59.47451,-38.51345],[-59.47468,-38.51381],[-59.47486,-38.51417],[-59.47503,-38.51453],[-59.4752,-38.51489],[-59.47538,-38.51525],[-59.47555,-38.51561],[-59.47551,-38.51603],[-59.47546,-38.51646],[-59.47541,-38.51689],[-59.47537,-38.51732],[-59.47532,-38.51775],[-59.47541,-38.51813],[-59.4755,-38.51851],[-59.47558,-38.51888],[-59.47567,-38.51926],[-59.47576,-38.51964],[-59.47585,-38.52002],[-59.47593,-38.52039],[-59.47621,-38.52069],[-59.47649,-38.52098],[-59.47677,-38.52128],[-59.47705,-38.52157],[-59.47732,-38.52186],[-59.4776,-38.52216],[-59.47788,-38.52245],[-59.47816,-38.52275],[-59.47844,-38.52304],[-59.47869,-38.52341],[-59.47894,-38.52377],[-59.47919,-38.52414],[-59.47944,-38.5245],[-59.47969,-38.52487],[-59.47979,-38.5253],[-59.47989,-38.52573],[-59.47999,-38.52617],[-59.48009,-38.5266],[-59.48019,-38.52704],[-59.4803,-38.52747],[-59.4804,-38.5279],[-59.4805,-38.52834],[-59.48062,-38.52877],[-59.48074,-38.52919],[-59.48087,-38.52962],[-59.48099,-38.53005],[-59.48111,-38.53048],[-59.48116,-38.53086],[-59.4812,-38.53124],[-59.48125,-38.53162],[-59.48129,-38.532],[-59.48134,-38.53237],[-59.48138,-38.53275],[-59.48128,-38.53314],[-59.48117,-38.53354],[-59.48106,-38.53393],[-59.48095,-38.53432],[-59.48084,-38.53471],[-59.48074,-38.5351],[-59.48063,-38.5355],[-59.48052,-38.53589],[-59.48041,-38.53628],[-59.4803,-38.53667],[-59.48004,-38.53701],[-59.47978,-38.53735],[-59.47951,-38.53768],[-59.47925,-38.53802],[-59.47898,-38.53836],[-59.47872,-38.5387],[-59.47845,-38.53903],[-59.47819,-38.53937],[-59.47792,-38.53971],[-59.47766,-38.54005],[-59.47739,-38.54038],[-59.47713,-38.54072],[-59.47686,-38.54106],[-59.4766,-38.5414],[-59.4763,-38.54169],[-59.47601,-38.54199],[-59.47571,-38.54229],[-59.47542,-38.54258],[-59.47513,-38.54288],[-59.47483,-38.54318],[-59.47454,-38.54347],[-59.47424,-38.54377],[-59.47395,-38.54407],[-59.47361,-38.54435],[-59.47328,-38.54463],[-59.47294,-38.54491],[-59.4726,-38.54519],[-59.47227,-38.54546],[-59.47193,-38.54574],[-59.47159,-38.54602],[-59.47126,-38.5463],[-59.47092,-38.54658],[-59.47059,-38.54686],[-59.47025,-38.54714],[-59.47003,-38.54752],[-59.46981,-38.54789],[-59.4696,-38.54827],[-59.46938,-38.54864],[-59.46916,-38.54901],[-59.46894,-38.54939],[-59.46872,-38.54976],[-59.46851,-38.55014],[-59.46829,-38.55051],[-59.46807,-38.55089],[-59.46785,-38.55126]]]]}},{"type":"Feature","properties":{"fdc":"IGN","sag":"IGN","tipo":"Pajonal, juncal, totoral","ign":"vegetacion_hidrofila_ED020.2825"},"geometry":{"type":"MultiPolygon","coordinates":[[[[-59.44635,-37.74698],[-59.44611,-37.74722],[-59.44587,-37.74746],[-59.44563,-37.74769],[-59.44538,-37.74793],[-59.44505,-37.74766],[-59.44472,-37.74739],[-59.44438,-37.74712],[-59.44405,-37.74686],[-59.44371,-37.74659],[-59.44331,-37.74658],[-59.44291,-37.74658],[-59.44251,-37.74658],[-59.44211,-37.74658],[-59.44171,-37.74658],[-59.44131,-37.74658],[-59.44091,-37.74657],[-59.44051,-37.74657],[-59.44011,-37.74657],[-59.4397,-37.74649],[-59.43929,-37.7464],[-59.43888,-37.74632],[-59.43847,-37.74623],[-59.43805,-37.74615],[-59.43764,-37.74607],[-59.43723,-37.74598],[-59.43709,-37.74564],[-59.43695,-37.7453],[-59.43681,-37.74495],[-59.43667,-37.74461],[-59.43652,-37.74427],[-59.43633,-37.74465],[-59.43613,-37.74503],[-59.43594,-37.74541],[-59.43575,-37.74579],[-59.43555,-37.74617],[-59.43593,-37.74639],[-59.4363,-37.74661],[-59.43668,-37.74683],[-59.43705,-37.74705],[-59.43743,-37.74727],[-59.43781,-37.74749],[-59.43818,-37.74771],[-59.43862,-37.74771],[-59.43906,-37.74771],[-59.4395,-37.74771],[-59.43994,-37.74771],[-59.44038,-37.74772],[-59.44082,-37.74772],[-59.44064,-37.7481],[-59.44046,-37.74848],[-59.44027,-37.74886],[-59.44009,-37.74924],[-59.44047,-37.74943],[-59.44086,-37.74963],[-59.44124,-37.74982],[-59.44162,-37.75001],[-59.44201,-37.75021],[-59.44173,-37.75051],[-59.44146,-37.75082],[-59.44119,-37.75113],[-59.44092,-37.75144],[-59.44064,-37.75175],[-59.44037,-37.75206],[-59.4401,-37.75237],[-59.43983,-37.75267],[-59.43946,-37.75245],[-59.4391,-37.75223],[-59.43873,-37.75201],[-59.43837,-37.75178],[-59.438,-37.75156],[-59.43764,-37.75134],[-59.43727,-37.75112],[-59.43691,-37.75089],[-59.43654,-37.75067],[-59.43618,-37.75045],[-59.43581,-37.75023],[-59.43545,-37.75],[-59.43508,-37.74978],[-59.43472,-37.74956],[-59.43435,-37.74934],[-59.43399,-37.74911],[-59.43362,-37.74889],[-59.43326,-37.74867],[-59.43289,-37.74845],[-59.43257,-37.74874],[-59.43226,-37.74904],[-59.43194,-37.74934],[-59.43162,-37.74963],[-59.4313,-37.74993],[-59.43099,-37.75023],[-59.43067,-37.75052],[-59.43035,-37.75082],[-59.43003,-37.75111],[-59.42972,-37.75141],[-59.4294,-37.75171],[-59.42908,-37.752],[-59.42876,-37.7523],[-59.42845,-37.7526],[-59.42813,-37.75289],[-59.42781,-37.75319],[-59.42747,-37.75292],[-59.42713,-37.75264],[-59.42679,-37.75237],[-59.42645,-37.75209],[-59.42611,-37.75182],[-59.42577,-37.75155],[-59.42543,-37.75127],[-59.42509,-37.751],[-59.42475,-37.75072],[-59.42477,-37.75111],[-59.4248,-37.75149],[-59.42482,-37.75188],[-59.42485,-37.75226],[-59.42487,-37.75265],[-59.4249,-37.75303],[-59.4248,-37.75345],[-59.42469,-37.75387],[-59.42459,-37.75429],[-59.42449,-37.75471],[-59.42439,-37.75513],[-59.42428,-37.75555],[-59.42418,-37.75598],[-59.42408,-37.7564],[-59.42398,-37.75682],[-59.42387,-37.75724],[-59.4236,-37.75759],[-59.42332,-37.75793],[-59.42304,-37.75828],[-59.42276,-37.75863],[-59.42248,-37.75898],[-59.4222,-37.75933],[-59.42192,-37.75968],[-59.42164,-37.76003],[-59.42136,-37.76038],[-59.42109,-37.76072],[-59.42081,-37.76107],[-59.42053,-37.76142],[-59.42057,-37.76183],[-59.42062,-37.76225],[-59.42066,-37.76266],[-59.42071,-37.76308],[-59.42075,-37.76349],[-59.4208,-37.7639],[-59.42084,-37.76432],[-59.42109,-37.76465],[-59.42133,-37.76498],[-59.42158,-37.76531],[-59.42182,-37.76564],[-59.42207,-37.76597],[-59.42231,-37.7663],[-59.42256,-37.76663],[-59.42281,-37.76696],[-59.4228,-37.76741],[-59.4228,-37.76785],[-59.4228,-37.7683],[-59.42279,-37.76875],[-59.42279,-37.7692],[-59.42278,-37.76965],[-59.42278,-37.7701],[-59.42278,-37.77055],[-59.42277,-37.771],[-59.42277,-37.77145],[-59.42277,-37.7719],[-59.42276,-37.77235],[-59.42276,-37.7728],[-59.42276,-37.77324],[-59.42275,-37.77369],[-59.42275,-37.77414],[-59.42275,-37.77459],[-59.42274,-37.77504],[-59.42274,-37.77549],[-59.42274,-37.77594],[-59.42273,-37.77639],[-59.42273,-37.77684],[-59.42273,-37.77729],[-59.42272,-37.77774],[-59.42272,-37.77815],[-59.42272,-37.77855],[-59.42271,-37.77896],[-59.42271,-37.77937],[-59.42271,-37.77978],[-59.4227,-37.78019],[-59.4227,-37.7806],[-59.4227,-37.78101],[-59.4227,-37.78142],[-59.42269,-37.78186],[-59.42269,-37.78229],[-59.42268,-37.78273],[-59.42268,-37.78317],[-59.42268,-37.78361],[-59.42267,-37.78405],[-59.42267,-37.78449],[-59.42267,-37.78492],[-59.42266,-37.78536],[-59.42261,-37.78578],[-59.42255,-37.78619],[-59.42249,-37.78661],[-59.42243,-37.78703],[-59.42237,-37.78744],[-59.42231,-37.78786],[-59.42226,-37.78828],[-59.4222,-37.78869],[-59.42214,-37.78911],[-59.42208,-37.78952],[-59.42202,-37.78994],[-59.42196,-37.79036],[-59.42189,-37.79079],[-59.42181,-37.79123],[-59.42173,-37.79167],[-59.42166,-37.79211],[-59.42158,-37.79254],[-59.4215,-37.79298],[-59.42143,-37.79342],[-59.42135,-37.79386],[-59.42127,-37.79429],[-59.42127,-37.7947],[-59.42127,-37.79511],[-59.42126,-37.79552],[-59.42126,-37.79593],[-59.42126,-37.79634],[-59.42125,-37.79675],[-59.42125,-37.79716],[-59.42125,-37.79756],[-59.42124,-37.79797],[-59.4213,-37.79838],[-59.42136,-37.79879],[-59.42141,-37.79919],[-59.42147,-37.7996],[-59.42153,-37.80001],[-59.42158,-37.80041],[-59.42164,-37.80082],[-59.4217,-37.80123],[-59.42175,-37.80163],[-59.42181,-37.80204],[-59.42187,-37.80244],[-59.42199,-37.80285],[-59.42212,-37.80326],[-59.42224,-37.80366],[-59.42237,-37.80407],[-59.42249,-37.80447],[-59.42261,-37.80488],[-59.42274,-37.80528],[-59.42286,-37.80569],[-59.42299,-37.80609],[-59.42311,-37.8065],[-59.42324,-37.80691],[-59.42336,-37.80731],[-59.42348,-37.80772],[-59.42351,-37.80814],[-59.42353,-37.80856],[-59.42355,-37.80899],[-59.42357,-37.80941],[-59.42359,-37.80984],[-59.42362,-37.81026],[-59.42364,-37.81069],[-59.42366,-37.81111],[-59.42368,-37.81154],[-59.4237,-37.81196],[-59.42373,-37.81238],[-59.42375,-37.81281],[-59.42377,-37.81323],[-59.42377,-37.81363],[-59.42376,-37.81402],[-59.42376,-37.81442],[-59.42376,-37.81481],[-59.42376,-37.81521],[-59.42375,-37.81561],[-59.42365,-37.816],[-59.42355,-37.81639],[-59.42344,-37.81679],[-59.42334,-37.81718],[-59.42324,-37.81757],[-59.42314,-37.81797],[-59.42303,-37.81836],[-59.42293,-37.81875],[-59.42283,-37.81915],[-59.42273,-37.81954],[-59.42262,-37.81996],[-59.42252,-37.82038],[-59.42242,-37.8208],[-59.42232,-37.82122],[-59.42221,-37.82164],[-59.42211,-37.82206],[-59.42201,-37.82248],[-59.4219,-37.8229],[-59.4218,-37.82332],[-59.4217,-37.82374],[-59.4216,-37.82416],[-59.42149,-37.82458],[-59.42139,-37.825],[-59.42129,-37.82542],[-59.42119,-37.82584],[-59.42108,-37.82626],[-59.42098,-37.82669],[-59.42088,-37.82711],[-59.42078,-37.82753],[-59.42067,-37.82795],[-59.4207,-37.82839],[-59.42073,-37.82884],[-59.42076,-37.82929],[-59.42079,-37.82973],[-59.42082,-37.83018],[-59.42085,-37.83063],[-59.42088,-37.83108],[-59.42091,-37.83152],[-59.42094,-37.83197],[-59.42097,-37.83242],[-59.42112,-37.8328],[-59.42127,-37.83318],[-59.42142,-37.83357],[-59.42156,-37.83395],[-59.42171,-37.83433],[-59.42186,-37.83472],[-59.422,-37.8351],[-59.42215,-37.83548],[-59.4223,-37.83587],[-59.42245,-37.83625],[-59.42259,-37.83663],[-59.42267,-37.83696],[-59.42276,-37.83729],[-59.42284,-37.83762],[-59.42292,-37.83795],[-59.42292,-37.83837],[-59.42291,-37.8388],[-59.42291,-37.83922],[-59.42291,-37.83965],[-59.4229,-37.84007],[-59.4229,-37.84049],[-59.4229,-37.84092],[-59.42289,-37.84134],[-59.42289,-37.84177],[-59.42289,-37.84219],[-59.42288,-37.84262],[-59.42288,-37.84304],[-59.42287,-37.84346],[-59.42287,-37.8439],[-59.42287,-37.84434],[-59.42286,-37.84478],[-59.42286,-37.84522],[-59.42286,-37.84566],[-59.42286,-37.8461],[-59.42285,-37.84653],[-59.42285,-37.84697],[-59.42285,-37.84741],[-59.42284,-37.84785],[-59.42284,-37.84829],[-59.42284,-37.84873],[-59.42274,-37.8491],[-59.42264,-37.84948],[-59.42254,-37.84985],[-59.42244,-37.85023],[-59.42235,-37.8506],[-59.42225,-37.85097],[-59.42215,-37.85135],[-59.422,-37.85176],[-59.42186,-37.85217],[-59.42171,-37.85259],[-59.42157,-37.853],[-59.42142,-37.85341],[-59.42128,-37.85382],[-59.42113,-37.85424],[-59.42099,-37.85465],[-59.42084,-37.85506],[-59.4207,-37.85547],[-59.42055,-37.85589],[-59.42041,-37.8563],[-59.42026,-37.85671],[-59.42012,-37.85712],[-59.42011,-37.85752],[-59.42011,-37.85791],[-59.42011,-37.85831],[-59.4201,-37.8587],[-59.4201,-37.8591],[-59.4201,-37.85949],[-59.42024,-37.85991],[-59.42037,-37.86032],[-59.42051,-37.86073],[-59.42065,-37.86115],[-59.42079,-37.86156],[-59.42093,-37.86198],[-59.42107,-37.86239],[-59.42121,-37.8628],[-59.42135,-37.86322],[-59.42148,-37.86363],[-59.42162,-37.86405],[-59.42176,-37.86446],[-59.4219,-37.86487],[-59.42204,-37.86529],[-59.42214,-37.86568],[-59.42223,-37.86608],[-59.42233,-37.86647],[-59.42243,-37.86687],[-59.42252,-37.86726],[-59.42262,-37.86765],[-59.42271,-37.86805],[-59.42281,-37.86844],[-59.42291,-37.86884],[-59.423,-37.86923],[-59.42298,-37.86967],[-59.42296,-37.8701],[-59.42293,-37.87054],[-59.42291,-37.87097],[-59.42289,-37.87141],[-59.42286,-37.87185],[-59.42325,-37.87169],[-59.42364,-37.87152],[-59.42403,-37.87136],[-59.42442,-37.8712],[-59.42481,-37.87104],[-59.4252,-37.87088],[-59.42559,-37.87072],[-59.42598,-37.87056],[-59.42631,-37.8703],[-59.42664,-37.87004],[-59.42698,-37.86978],[-59.42716,-37.8694],[-59.42735,-37.86901],[-59.42753,-37.86863],[-59.42772,-37.86825],[-59.4279,-37.86787],[-59.42808,-37.86749],[-59.42827,-37.86711],[-59.42845,-37.86673],[-59.42864,-37.86634],[-59.42882,-37.86596],[-59.429,-37.86558],[-59.42917,-37.86519],[-59.42934,-37.86479],[-59.42951,-37.8644],[-59.42968,-37.86401],[-59.42985,-37.86361],[-59.43002,-37.86322],[-59.4304,-37.86332],[-59.43077,-37.86342],[-59.43115,-37.86353],[-59.43153,-37.86363],[-59.43195,-37.86348],[-59.43237,-37.86334],[-59.43279,-37.86319],[-59.43321,-37.86305],[-59.43363,-37.8629],[-59.43405,-37.86276],[-59.43447,-37.86261],[-59.43489,-37.86247],[-59.43531,-37.86232],[-59.43573,-37.86218],[-59.43615,-37.86203],[-59.43657,-37.86189],[-59.43699,-37.86174],[-59.4374,-37.8616],[-59.43776,-37.86178],[-59.43811,-37.86197],[-59.43846,-37.86216],[-59.43881,-37.86235],[-59.43917,-37.86254],[-59.43952,-37.86273],[-59.43987,-37.86292],[-59.44022,-37.86311],[-59.44057,-37.8633],[-59.44087,-37.86358],[-59.44116,-37.86387],[-59.44146,-37.86416],[-59.44175,-37.86445],[-59.44205,-37.86473],[-59.44234,-37.86502],[-59.44264,-37.86531],[-59.44293,-37.86559],[-59.44323,-37.86588],[-59.44352,-37.86617],[-59.44379,-37.86646],[-59.44405,-37.86676],[-59.44431,-37.86706],[-59.44458,-37.86735],[-59.44484,-37.86765],[-59.44511,-37.86794],[-59.44537,-37.86824],[-59.44563,-37.86853],[-59.44599,-37.86878],[-59.44636,-37.86902],[-59.44672,-37.86926],[-59.44708,-37.8695],[-59.44744,-37.86974],[-59.4478,-37.86999],[-59.44817,-37.87023],[-59.44847,-37.87052],[-59.44877,-37.87081],[-59.44907,-37.8711],[-59.44937,-37.87139],[-59.44967,-37.87168],[-59.44997,-37.87197],[-59.45027,-37.87226],[-59.45063,-37.87245],[-59.45099,-37.87265],[-59.45136,-37.87284],[-59.45172,-37.87303],[-59.45209,-37.87323],[-59.45245,-37.87342],[-59.45281,-37.87362],[-59.45314,-37.87391],[-59.45346,-37.8742],[-59.45379,-37.87449],[-59.45411,-37.87478],[-59.45444,-37.87508],[-59.45477,-37.87537],[-59.45509,-37.87566],[-59.45542,-37.87595],[-59.45574,-37.87625],[-59.45607,-37.87654],[-59.45639,-37.87683],[-59.45666,-37.87713],[-59.45692,-37.87742],[-59.45718,-37.87772],[-59.45744,-37.87801],[-59.45741,-37.87842],[-59.45738,-37.87883],[-59.45735,-37.87924],[-59.45731,-37.87964],[-59.45728,-37.88005],[-59.45725,-37.88046],[-59.45721,-37.88087],[-59.45685,-37.88112],[-59.45649,-37.88137],[-59.45613,-37.88162],[-59.45576,-37.88187],[-59.4554,-37.88213],[-59.45504,-37.88238],[-59.45467,-37.88263],[-59.45431,-37.88288],[-59.45395,-37.88313],[-59.45359,-37.88338],[-59.45316,-37.88344],[-59.45274,-37.88351],[-59.45231,-37.88357],[-59.45189,-37.88364],[-59.45146,-37.8837],[-59.45119,-37.88401],[-59.45091,-37.88432],[-59.45063,-37.88464],[-59.45036,-37.88495],[-59.45008,-37.88526],[-59.44981,-37.88557],[-59.44953,-37.88588],[-59.44958,-37.8863],[-59.44963,-37.88673],[-59.44968,-37.88715],[-59.44973,-37.88757],[-59.44998,-37.88791],[-59.45022,-37.88824],[-59.45047,-37.88858],[-59.45071,-37.88892],[-59.45096,-37.88926],[-59.4512,-37.8896],[-59.45099,-37.88999],[-59.45077,-37.89038],[-59.45056,-37.89077],[-59.45034,-37.89116],[-59.45013,-37.89155],[-59.44991,-37.89194],[-59.44957,-37.89213],[-59.44922,-37.89232],[-59.44887,-37.89251],[-59.44853,-37.89269],[-59.44818,-37.89288],[-59.44783,-37.89307],[-59.44749,-37.89326],[-59.44714,-37.89344],[-59.44671,-37.89359],[-59.44629,-37.89373],[-59.44586,-37.89388],[-59.44544,-37.89402],[-59.44501,-37.89417],[-59.44459,-37.89431],[-59.44416,-37.89446],[-59.44374,-37.8946],[-59.44331,-37.89458],[-59.44289,-37.89456],[-59.44246,-37.89454],[-59.44204,-37.89452],[-59.44161,-37.8945],[-59.44119,-37.89448],[-59.44076,-37.89446],[-59.44034,-37.89444],[-59.43991,-37.89442],[-59.43952,-37.89437],[-59.43912,-37.89432],[-59.43873,-37.89427],[-59.43834,-37.89422],[-59.43794,-37.89417],[-59.43755,-37.89412],[-59.43716,-37.89407],[-59.43676,-37.894],[-59.43636,-37.89394],[-59.43597,-37.89387],[-59.43557,-37.89381],[-59.43517,-37.89374],[-59.43477,-37.89368],[-59.43438,-37.89361],[-59.43398,-37.89355],[-59.43358,-37.89357],[-59.43319,-37.89359],[-59.43279,-37.89362],[-59.4324,-37.89364],[-59.432,-37.89366],[-59.43161,-37.89368],[-59.43121,-37.89371],[-59.43081,-37.89382],[-59.43041,-37.89393],[-59.43001,-37.89404],[-59.42961,-37.89415],[-59.4292,-37.89426],[-59.4288,-37.89437],[-59.4284,-37.89448],[-59.428,-37.89459],[-59.4276,-37.8947],[-59.42717,-37.8947],[-59.42675,-37.8947],[-59.42632,-37.89469],[-59.4259,-37.89469],[-59.42561,-37.89491],[-59.42533,-37.89513],[-59.42505,-37.89536],[-59.42536,-37.89561],[-59.42568,-37.89586],[-59.42599,-37.89612],[-59.42631,-37.89637],[-59.42663,-37.89663],[-59.42694,-37.89688],[-59.42726,-37.89713],[-59.42758,-37.89739],[-59.42789,-37.89764],[-59.42821,-37.8979],[-59.42852,-37.89815],[-59.42884,-37.89841],[-59.42919,-37.89855],[-59.42955,-37.89869],[-59.4299,-37.89883],[-59.43025,-37.89897],[-59.43061,-37.89911],[-59.43096,-37.89925],[-59.43135,-37.89945],[-59.43174,-37.89965],[-59.43212,-37.89985],[-59.43251,-37.90005],[-59.4329,-37.90025],[-59.43329,-37.90044],[-59.43367,-37.90064],[-59.43406,-37.90084],[-59.43445,-37.90104],[-59.43484,-37.90124],[-59.43522,-37.90144],[-59.43561,-37.90163],[-59.43598,-37.90188],[-59.43634,-37.90213],[-59.43671,-37.90237],[-59.43707,-37.90262],[-59.43744,-37.90287],[-59.4378,-37.90311],[-59.43817,-37.90336],[-59.43853,-37.90361],[-59.4389,-37.90385],[-59.43926,-37.9041],[-59.43963,-37.90435],[-59.43999,-37.90452],[-59.44035,-37.90469],[-59.44072,-37.90485],[-59.44108,-37.90502],[-59.44144,-37.90519],[-59.4418,-37.90536],[-59.44217,-37.90553],[-59.44257,-37.9057],[-59.44297,-37.90587],[-59.44337,-37.90604],[-59.44378,-37.90621],[-59.44418,-37.90639],[-59.44458,-37.90656],[-59.44498,-37.90673],[-59.44538,-37.9069],[-59.44579,-37.90707],[-59.44619,-37.90724],[-59.44633,-37.90752],[-59.44647,-37.9078],[-59.44661,-37.90808],[-59.4463,-37.90834],[-59.44599,-37.9086],[-59.44568,-37.90886],[-59.44537,-37.90912],[-59.44506,-37.90938],[-59.44476,-37.90964],[-59.44445,-37.9099],[-59.44414,-37.91016],[-59.44383,-37.91042],[-59.44346,-37.91063],[-59.44308,-37.91084],[-59.44271,-37.91105],[-59.44234,-37.91126],[-59.44196,-37.91147],[-59.44159,-37.91167],[-59.44122,-37.91188],[-59.44084,-37.91209],[-59.44073,-37.91251],[-59.44062,-37.91293],[-59.44051,-37.91335],[-59.4404,-37.91377],[-59.44029,-37.91419],[-59.44019,-37.91462],[-59.44021,-37.91501],[-59.44023,-37.91541],[-59.44026,-37.91581],[-59.44028,-37.91621],[-59.4403,-37.91661],[-59.44033,-37.91701],[-59.44035,-37.91741],[-59.44037,-37.91781],[-59.44016,-37.91818],[-59.43994,-37.91855],[-59.43973,-37.91893],[-59.43951,-37.9193],[-59.4393,-37.91967],[-59.43908,-37.92005],[-59.43887,-37.92042],[-59.43865,-37.92079],[-59.43843,-37.92117],[-59.43808,-37.92142],[-59.43773,-37.92167],[-59.43738,-37.92192],[-59.43703,-37.92217],[-59.43668,-37.92242],[-59.43633,-37.92267],[-59.43598,-37.92292],[-59.43563,-37.92317],[-59.43528,-37.92342],[-59.43493,-37.92367],[-59.43458,-37.92393],[-59.43423,-37.92418],[-59.43388,-37.92443],[-59.43353,-37.92468],[-59.4332,-37.92494],[-59.43287,-37.92519],[-59.43254,-37.92545],[-59.43221,-37.92571],[-59.43188,-37.92597],[-59.43155,-37.92622],[-59.43122,-37.92648],[-59.43089,-37.92674],[-59.43056,-37.92699],[-59.43024,-37.92725],[-59.42991,-37.92751],[-59.42958,-37.92777],[-59.42925,-37.92802],[-59.42896,-37.92827],[-59.42868,-37.92853],[-59.42839,-37.92878],[-59.42811,-37.92903],[-59.42782,-37.92928],[-59.42754,-37.92953],[-59.42728,-37.92986],[-59.42702,-37.9302],[-59.42677,-37.93053],[-59.42651,-37.93087],[-59.42625,-37.93121],[-59.42619,-37.93159],[-59.42612,-37.93197],[-59.42606,-37.93236],[-59.426,-37.93274],[-59.42593,-37.93313],[-59.42587,-37.93351],[-59.4258,-37.9339],[-59.42597,-37.93423],[-59.42614,-37.93457],[-59.42631,-37.93491],[-59.42648,-37.93524],[-59.42664,-37.93558],[-59.42694,-37.93582],[-59.42725,-37.93606],[-59.42755,-37.93631],[-59.42785,-37.93655],[-59.42815,-37.93679],[-59.42845,-37.93703],[-59.42875,-37.93727],[-59.42914,-37.93744],[-59.42952,-37.93761],[-59.4299,-37.93778],[-59.43028,-37.93795],[-59.43066,-37.93813],[-59.43072,-37.93853],[-59.43078,-37.93894],[-59.43083,-37.93935],[-59.43089,-37.93976],[-59.43095,-37.94017],[-59.431,-37.94058],[-59.43106,-37.94099],[-59.43092,-37.94132],[-59.43078,-37.94166],[-59.43063,-37.94199],[-59.43038,-37.94233],[-59.43013,-37.94266],[-59.42988,-37.943],[-59.42963,-37.94333],[-59.42938,-37.94367],[-59.42913,-37.944],[-59.42878,-37.94423],[-59.42843,-37.94446],[-59.42809,-37.94469],[-59.42774,-37.94492],[-59.42739,-37.94515],[-59.42704,-37.94538],[-59.4267,-37.94561],[-59.42635,-37.94584],[-59.42618,-37.94625],[-59.426,-37.94665],[-59.42583,-37.94705],[-59.42566,-37.94746],[-59.42548,-37.94786],[-59.42548,-37.94831],[-59.42548,-37.94876],[-59.42547,-37.94921],[-59.42547,-37.94965],[-59.42547,-37.9501],[-59.42546,-37.95055],[-59.42578,-37.95083],[-59.4261,-37.9511],[-59.42641,-37.95138],[-59.42673,-37.95165],[-59.42705,-37.95193],[-59.42736,-37.9522],[-59.42768,-37.95248],[-59.42799,-37.95275],[-59.42842,-37.95286],[-59.42884,-37.95297],[-59.42927,-37.95307],[-59.42969,-37.95318],[-59.43012,-37.95329],[-59.43054,-37.95339],[-59.43096,-37.9535],[-59.43139,-37.95361],[-59.43181,-37.95361],[-59.43224,-37.95361],[-59.43266,-37.95362],[-59.43309,-37.95362],[-59.43351,-37.95362],[-59.43394,-37.95362],[-59.43436,-37.95362],[-59.43479,-37.95356],[-59.43522,-37.95349],[-59.43564,-37.95343],[-59.43607,-37.95336],[-59.43649,-37.9533],[-59.43692,-37.95323],[-59.43734,-37.95317],[-59.43777,-37.9531],[-59.4382,-37.95303],[-59.43862,-37.95297],[-59.43905,-37.95285],[-59.43947,-37.95273],[-59.4399,-37.95261],[-59.44032,-37.9525],[-59.44075,-37.95238],[-59.44118,-37.95226],[-59.4416,-37.95214],[-59.442,-37.95195],[-59.44239,-37.95176],[-59.44279,-37.95157],[-59.44319,-37.95138],[-59.44358,-37.95119],[-59.44398,-37.951],[-59.44438,-37.95081],[-59.44476,-37.95065],[-59.44513,-37.95048],[-59.44551,-37.95031],[-59.44589,-37.95015],[-59.44627,-37.94998],[-59.44665,-37.94981],[-59.44703,-37.94964],[-59.44741,-37.94948],[-59.44778,-37.94931],[-59.44816,-37.94914],[-59.44853,-37.94898],[-59.4489,-37.94881],[-59.44928,-37.94865],[-59.44965,-37.94848],[-59.45002,-37.94831],[-59.4504,-37.94815],[-59.45077,-37.94798],[-59.45109,-37.94771],[-59.45141,-37.94744],[-59.45173,-37.94717],[-59.45205,-37.94689],[-59.45237,-37.94662],[-59.45269,-37.94635],[-59.45301,-37.94608],[-59.45333,-37.9458],[-59.45366,-37.94558],[-59.45398,-37.94536],[-59.4543,-37.94514],[-59.45462,-37.94491],[-59.45494,-37.94469],[-59.45526,-37.94447],[-59.45567,-37.94436],[-59.45607,-37.94426],[-59.45648,-37.94415],[-59.45689,-37.94405],[-59.45729,-37.94394],[-59.4577,-37.94384],[-59.4581,-37.94373],[-59.45851,-37.94363],[-59.45892,-37.94352],[-59.45932,-37.94341],[-59.45973,-37.94331],[-59.46017,-37.94328],[-59.46062,-37.94325],[-59.46107,-37.94321],[-59.46151,-37.94318],[-59.46196,-37.94315],[-59.46241,-37.94312],[-59.46285,-37.94309],[-59.4633,-37.94306],[-59.46375,-37.94302],[-59.46419,-37.94299],[-59.46453,-37.94278],[-59.46488,-37.94256],[-59.46522,-37.94234],[-59.46556,-37.94212],[-59.4659,-37.94191],[-59.46624,-37.94169],[-59.46658,-37.94147],[-59.46693,-37.94125],[-59.46727,-37.94104],[-59.46761,-37.94082],[-59.46792,-37.94051],[-59.46822,-37.9402],[-59.46853,-37.93989],[-59.46883,-37.93958],[-59.46914,-37.93927],[-59.46944,-37.93896],[-59.46975,-37.93864],[-59.47013,-37.9385],[-59.47051,-37.93835],[-59.47088,-37.9382],[-59.47126,-37.93805],[-59.47164,-37.9379],[-59.47202,-37.93776],[-59.4724,-37.93761],[-59.47278,-37.93746],[-59.47316,-37.93731],[-59.4736,-37.93732],[-59.47405,-37.93732],[-59.4745,-37.93732],[-59.47495,-37.93732],[-59.4754,-37.93732],[-59.47585,-37.93733],[-59.4763,-37.93733],[-59.47675,-37.93733],[-59.4772,-37.93733],[-59.47757,-37.93719],[-59.47794,-37.93704],[-59.47831,-37.93689],[-59.47869,-37.93675],[-59.47906,-37.9366],[-59.47943,-37.93646],[-59.47981,-37.93631],[-59.48018,-37.93616],[-59.48048,-37.93641],[-59.48078,-37.93665],[-59.48108,-37.93689],[-59.48139,-37.93713],[-59.48169,-37.93737],[-59.48199,-37.93762],[-59.48229,-37.93786],[-59.48272,-37.93778],[-59.48314,-37.93769],[-59.48357,-37.93761],[-59.48399,-37.93753],[-59.48437,-37.93753],[-59.48476,-37.93753],[-59.48514,-37.93753],[-59.48552,-37.93753],[-59.48591,-37.93753],[-59.48633,-37.93762],[-59.48676,-37.93771],[-59.48718,-37.93779],[-59.4876,-37.93788],[-59.48803,-37.93797],[-59.48845,-37.93805],[-59.48888,-37.93814],[-59.4893,-37.93822],[-59.48973,-37.93831],[-59.49015,-37.9384],[-59.49057,-37.93848],[-59.491,-37.93857],[-59.49145,-37.93859],[-59.49189,-37.93861],[-59.49234,-37.93863],[-59.49279,-37.93865],[-59.49324,-37.93867],[-59.49369,-37.93869],[-59.49414,-37.93871],[-59.49458,-37.93873],[-59.49503,-37.93876],[-59.49548,-37.93876],[-59.49593,-37.93876],[-59.49637,-37.93876],[-59.49682,-37.93876],[-59.49726,-37.93876],[-59.49771,-37.93877],[-59.49815,-37.93877],[-59.4986,-37.93877],[-59.49905,-37.93877],[-59.49949,-37.93877],[-59.49985,-37.93898],[-59.5002,-37.93919],[-59.50055,-37.9394],[-59.5009,-37.9396],[-59.50126,-37.93981],[-59.50161,-37.94002],[-59.50196,-37.94022],[-59.50232,-37.94043],[-59.50267,-37.94064],[-59.50288,-37.94098],[-59.50309,-37.94131],[-59.5033,-37.94165],[-59.50351,-37.94199],[-59.50372,-37.94233],[-59.50358,-37.94274],[-59.50345,-37.94316],[-59.50331,-37.94357],[-59.50318,-37.94398],[-59.5036,-37.94383],[-59.50403,-37.94368],[-59.50445,-37.94353],[-59.50487,-37.94338],[-59.50529,-37.94323],[-59.50572,-37.94308],[-59.50614,-37.94293],[-59.50656,-37.94278],[-59.50699,-37.94263],[-59.50741,-37.94247],[-59.50783,-37.94232],[-59.50825,-37.94217],[-59.50868,-37.94202],[-59.5091,-37.94187],[-59.50952,-37.94172],[-59.50994,-37.94157],[-59.51037,-37.94142],[-59.51079,-37.94127],[-59.51121,-37.94111],[-59.51163,-37.94096],[-59.51206,-37.94081],[-59.51248,-37.94066],[-59.5129,-37.94051],[-59.51333,-37.94036],[-59.51375,-37.94021],[-59.51367,-37.93978],[-59.51359,-37.93936],[-59.51351,-37.93894],[-59.51343,-37.93851],[-59.51335,-37.93809],[-59.51327,-37.93767],[-59.51319,-37.93724],[-59.51311,-37.93682],[-59.51303,-37.9364],[-59.51295,-37.93597],[-59.51287,-37.93555],[-59.51279,-37.93512],[-59.51271,-37.9347],[-59.51263,-37.93428],[-59.51305,-37.93417],[-59.51347,-37.93407],[-59.5139,-37.93397],[-59.51432,-37.93386],[-59.51474,-37.93376],[-59.51516,-37.93366],[-59.51558,-37.93355],[-59.516,-37.93345],[-59.51643,-37.93334],[-59.51685,-37.93324],[-59.51727,-37.93314],[-59.51769,-37.93303],[-59.51811,-37.93293],[-59.51789,-37.93257],[-59.51767,-37.93222],[-59.51745,-37.93186],[-59.51723,-37.93151],[-59.51701,-37.93115],[-59.51678,-37.93079],[-59.51656,-37.93044],[-59.51634,-37.93008],[-59.51612,-37.92973],[-59.51647,-37.9295],[-59.51683,-37.92927],[-59.51718,-37.92905],[-59.51753,-37.92882],[-59.51789,-37.92859],[-59.51824,-37.92837],[-59.5186,-37.92814],[-59.51895,-37.92791],[-59.5193,-37.92768],[-59.51895,-37.92744],[-59.5186,-37.9272],[-59.51825,-37.92696],[-59.5179,-37.92672],[-59.51755,-37.92647],[-59.5172,-37.92623],[-59.51685,-37.92599],[-59.5165,-37.92575],[-59.51615,-37.92551],[-59.5158,-37.92526],[-59.51545,-37.92502],[-59.5151,-37.92478],[-59.51475,-37.92454],[-59.51439,-37.9243],[-59.51404,-37.92405],[-59.51369,-37.92381],[-59.51334,-37.92357],[-59.51299,-37.92333],[-59.51261,-37.92357],[-59.51223,-37.92381],[-59.51185,-37.92405],[-59.51147,-37.92429],[-59.5111,-37.92453],[-59.51072,-37.92477],[-59.51034,-37.92501],[-59.50996,-37.92525],[-59.50958,-37.9255],[-59.5092,-37.92574],[-59.50882,-37.92598],[-59.50844,-37.92622],[-59.50806,-37.92646],[-59.50768,-37.9267],[-59.5073,-37.92694],[-59.50692,-37.92718],[-59.50654,-37.92742],[-59.50616,-37.92765],[-59.50578,-37.92788],[-59.5054,-37.92812],[-59.50502,-37.92835],[-59.50465,-37.92859],[-59.50427,-37.92882],[-59.50389,-37.92906],[-59.50351,-37.92929],[-59.50313,-37.92952],[-59.50275,-37.92976],[-59.50237,-37.92999],[-59.50199,-37.93023],[-59.50161,-37.93046],[-59.50123,-37.9307],[-59.50085,-37.93093],[-59.50048,-37.93116],[-59.5001,-37.9314],[-59.49972,-37.93163],[-59.49934,-37.93187],[-59.49896,-37.9321],[-59.49858,-37.93234],[-59.4982,-37.93257],[-59.49782,-37.9328],[-59.49744,-37.93304],[-59.49706,-37.93327],[-59.49668,-37.93351],[-59.4963,-37.93374],[-59.49593,-37.93398],[-59.49558,-37.93369],[-59.49524,-37.93341],[-59.49489,-37.93313],[-59.49455,-37.93285],[-59.4942,-37.93257],[-59.49386,-37.93229],[-59.49351,-37.932],[-59.49317,-37.93172],[-59.49282,-37.93144],[-59.49248,-37.93116],[-59.49213,-37.93088],[-59.49179,-37.9306],[-59.49144,-37.93032],[-59.4911,-37.93003],[-59.49075,-37.92975],[-59.49041,-37.92947],[-59.49006,-37.92919],[-59.48972,-37.92891],[-59.48937,-37.92863],[-59.48903,-37.92835],[-59.48868,-37.92806],[-59.48834,-37.92778],[-59.48799,-37.9275],[-59.48765,-37.92722],[-59.4873,-37.92694],[-59.48696,-37.92666],[-59.48661,-37.92637],[-59.48627,-37.92609],[-59.48592,-37.92581],[-59.48558,-37.92553],[-59.48523,-37.92525],[-59.48489,-37.92497],[-59.48454,-37.92469],[-59.4842,-37.9244],[-59.48385,-37.92412],[-59.48351,-37.92384],[-59.48316,-37.92356],[-59.48282,-37.92328],[-59.48247,-37.923],[-59.48213,-37.92271],[-59.48178,-37.92243],[-59.48144,-37.92215],[-59.48109,-37.92187],[-59.48075,-37.92159],[-59.48106,-37.92127],[-59.48137,-37.92095],[-59.48169,-37.92063],[-59.482,-37.92032],[-59.48231,-37.92],[-59.48263,-37.91968],[-59.48294,-37.91936],[-59.48325,-37.91904],[-59.48357,-37.91873],[-59.48388,-37.91841],[-59.48419,-37.91809],[-59.48451,-37.91777],[-59.48482,-37.91745],[-59.48513,-37.91713],[-59.48545,-37.91682],[-59.48576,-37.9165],[-59.48607,-37.91618],[-59.48639,-37.91586],[-59.4867,-37.91554],[-59.48701,-37.91523],[-59.48733,-37.91491],[-59.48764,-37.91459],[-59.48795,-37.91427],[-59.48827,-37.91395],[-59.48858,-37.91364],[-59.48891,-37.91393],[-59.48923,-37.91423],[-59.48956,-37.91452],[-59.48989,-37.91481],[-59.49021,-37.91511],[-59.49054,-37.9154],[-59.49087,-37.9157],[-59.49119,-37.91599],[-59.49152,-37.91629],[-59.49185,-37.91658],[-59.49218,-37.91688],[-59.4925,-37.91717],[-59.49283,-37.91747],[-59.49316,-37.91776],[-59.49348,-37.91806],[-59.49381,-37.91835],[-59.49414,-37.91865],[-59.49446,-37.91894],[-59.49479,-37.91924],[-59.49512,-37.91953],[-59.49545,-37.91983],[-59.49577,-37.92012],[-59.4961,-37.92042],[-59.49643,-37.92071],[-59.49675,-37.92101],[-59.49708,-37.9213],[-59.49741,-37.9216],[-59.49773,-37.92189],[-59.49806,-37.92219],[-59.49839,-37.92248],[-59.49871,-37.92278],[-59.49904,-37.92307],[-59.49937,-37.92337],[-59.4997,-37.92366],[-59.50002,-37.92396],[-59.50036,-37.92366],[-59.5007,-37.92337],[-59.50104,-37.92307],[-59.50138,-37.92278],[-59.50171,-37.92248],[-59.50205,-37.92219],[-59.50239,-37.92189],[-59.50273,-37.9216],[-59.50307,-37.9213],[-59.5034,-37.92101],[-59.50374,-37.92071],[-59.50408,-37.92041],[-59.50442,-37.92012],[-59.50476,-37.91982],[-59.50509,-37.91953],[-59.50543,-37.91923],[-59.50577,-37.91894],[-59.50611,-37.91864],[-59.50645,-37.91835],[-59.50679,-37.91805],[-59.50712,-37.91776],[-59.50746,-37.91746],[-59.5078,-37.91717],[-59.50814,-37.91687],[-59.50848,-37.91658],[-59.50881,-37.91628],[-59.50915,-37.91599],[-59.50949,-37.91569],[-59.50983,-37.9154],[-59.51017,-37.9151],[-59.50982,-37.91482],[-59.50947,-37.91454],[-59.50913,-37.91426],[-59.50878,-37.91397],[-59.50844,-37.91369],[-59.50809,-37.91341],[-59.50775,-37.91313],[-59.5074,-37.91285],[-59.50705,-37.91257],[-59.50671,-37.91228],[-59.50636,-37.912],[-59.50602,-37.91172],[-59.50567,-37.91144],[-59.50532,-37.91116],[-59.50498,-37.91088],[-59.50463,-37.91059],[-59.50429,-37.91031],[-59.50394,-37.91003],[-59.50359,-37.90975],[-59.50325,-37.90947],[-59.5029,-37.90919],[-59.50256,-37.9089],[-59.50221,-37.90862],[-59.50187,-37.90834],[-59.50152,-37.90806],[-59.50117,-37.90778],[-59.50083,-37.9075],[-59.50048,-37.90722],[-59.50014,-37.90693],[-59.49979,-37.90665],[-59.49944,-37.90637],[-59.4991,-37.90609],[-59.49875,-37.90581],[-59.49841,-37.90553],[-59.49806,-37.90524],[-59.49772,-37.90496],[-59.49737,-37.90468],[-59.49702,-37.9044],[-59.49668,-37.90412],[-59.49633,-37.90384],[-59.49599,-37.90355],[-59.49564,-37.90327],[-59.49529,-37.90299],[-59.49495,-37.90271],[-59.4946,-37.90243],[-59.49426,-37.90215],[-59.49391,-37.90186],[-59.49357,-37.90158],[-59.49322,-37.9013],[-59.49287,-37.90102],[-59.49253,-37.90074],[-59.49218,-37.90046],[-59.49184,-37.90017],[-59.49149,-37.89989],[-59.49114,-37.89961],[-59.4908,-37.89933],[-59.49045,-37.89905],[-59.49011,-37.89877],[-59.48976,-37.89849],[-59.48941,-37.8982],[-59.48907,-37.89792],[-59.48872,-37.89764],[-59.48838,-37.89736],[-59.48803,-37.89708],[-59.48769,-37.8968],[-59.48734,-37.89651],[-59.48699,-37.89623],[-59.48665,-37.89595],[-59.4863,-37.89567],[-59.48596,-37.89539],[-59.48561,-37.89511],[-59.48526,-37.89482],[-59.48492,-37.89454],[-59.48457,-37.89426],[-59.48423,-37.89398],[-59.48388,-37.8937],[-59.48354,-37.89342],[-59.48319,-37.89313],[-59.48284,-37.89285],[-59.4825,-37.89257],[-59.48215,-37.89229],[-59.48181,-37.89201],[-59.48146,-37.89173],[-59.48111,-37.89145],[-59.48077,-37.89116],[-59.48042,-37.89088],[-59.48008,-37.8906],[-59.47973,-37.89032],[-59.47939,-37.89004],[-59.47904,-37.88976],[-59.47869,-37.88947],[-59.47835,-37.88919],[-59.478,-37.88891],[-59.47766,-37.88863],[-59.47731,-37.88835],[-59.47696,-37.88807],[-59.47662,-37.88778],[-59.47627,-37.8875],[-59.47593,-37.88722],[-59.47558,-37.88694],[-59.47523,-37.88666],[-59.47556,-37.88635],[-59.47588,-37.88605],[-59.47621,-37.88574],[-59.47653,-37.88544],[-59.47686,-37.88513],[-59.47718,-37.88483],[-59.47751,-37.88452],[-59.47783,-37.88422],[-59.47816,-37.88391],[-59.47848,-37.88361],[-59.47881,-37.8833],[-59.47913,-37.883],[-59.47945,-37.88269],[-59.47978,-37.88239],[-59.4801,-37.88208],[-59.48043,-37.88178],[-59.48075,-37.88147],[-59.48108,-37.88117],[-59.4814,-37.88086],[-59.48173,-37.88056],[-59.48205,-37.88025],[-59.48238,-37.87995],[-59.4827,-37.87965],[-59.48303,-37.87934],[-59.48335,-37.87904],[-59.48367,-37.87873],[-59.484,-37.87843],[-59.48432,-37.87812],[-59.48465,-37.87782],[-59.48497,-37.87751],[-59.4853,-37.87721],[-59.48562,-37.8769],[-59.48595,-37.8766],[-59.48627,-37.87629],[-59.4866,-37.87599],[-59.48692,-37.87568],[-59.48725,-37.87538],[-59.48757,-37.87507],[-59.48789,-37.87477],[-59.48822,-37.87446],[-59.48854,-37.87416],[-59.48887,-37.87385],[-59.48919,-37.87355],[-59.48952,-37.87324],[-59.48984,-37.87294],[-59.49017,-37.87263],[-59.49049,-37.87233],[-59.49082,-37.87202],[-59.49114,-37.87172],[-59.49147,-37.87141],[-59.49179,-37.87111],[-59.49211,-37.8708],[-59.49244,-37.8705],[-59.49276,-37.87019],[-59.49319,-37.87028],[-59.49361,-37.87037],[-59.49403,-37.87045],[-59.49446,-37.87054],[-59.49488,-37.87062],[-59.4953,-37.87071],[-59.49573,-37.8708],[-59.49615,-37.87088],[-59.49657,-37.87097],[-59.497,-37.87105],[-59.49742,-37.87114],[-59.49784,-37.87122],[-59.49827,-37.87131],[-59.49869,-37.8714],[-59.49911,-37.87148],[-59.49954,-37.87157],[-59.49996,-37.87165],[-59.50039,-37.87174],[-59.50081,-37.87183],[-59.50075,-37.87139],[-59.50069,-37.87095],[-59.50063,-37.87051],[-59.50058,-37.87006],[-59.50052,-37.86962],[-59.50046,-37.86918],[-59.5004,-37.86874],[-59.50034,-37.8683],[-59.50028,-37.86786],[-59.50023,-37.86742],[-59.50017,-37.86698],[-59.50011,-37.86654],[-59.50005,-37.8661],[-59.49999,-37.86566],[-59.49967,-37.8654],[-59.49934,-37.86514],[-59.49901,-37.86488],[-59.49868,-37.86461],[-59.49836,-37.86435],[-59.49803,-37.86409],[-59.4977,-37.86383],[-59.49737,-37.86356],[-59.49705,-37.8633],[-59.49672,-37.86304],[-59.49639,-37.86278],[-59.49607,-37.86252],[-59.49574,-37.86225],[-59.49541,-37.86199],[-59.49519,-37.86162],[-59.49497,-37.86125],[-59.49476,-37.86088],[-59.49454,-37.86051],[-59.49432,-37.86014],[-59.4941,-37.85978],[-59.49388,-37.85941],[-59.49366,-37.85904],[-59.49344,-37.85867],[-59.49322,-37.8583],[-59.49301,-37.85793],[-59.49279,-37.85756],[-59.49257,-37.85719],[-59.49222,-37.85692],[-59.49188,-37.85666],[-59.49153,-37.85639],[-59.49118,-37.85613],[-59.49084,-37.85586],[-59.49049,-37.8556],[-59.49014,-37.85533],[-59.4898,-37.85506],[-59.48945,-37.8548],[-59.4891,-37.85453],[-59.48876,-37.85427],[-59.48841,-37.854],[-59.48806,-37.85374],[-59.48772,-37.85347],[-59.48737,-37.8532],[-59.48702,-37.85294],[-59.48668,-37.85267],[-59.48633,-37.85241],[-59.48598,-37.85214],[-59.48558,-37.852],[-59.48518,-37.85186],[-59.48478,-37.85173],[-59.48437,-37.85159],[-59.48397,-37.85145],[-59.48357,-37.8516],[-59.48318,-37.85176],[-59.48278,-37.85191],[-59.48238,-37.85207],[-59.48199,-37.85222],[-59.48159,-37.85238],[-59.4812,-37.85253],[-59.4808,-37.85269],[-59.4804,-37.85284],[-59.48001,-37.853],[-59.47961,-37.85315],[-59.47921,-37.85331],[-59.47882,-37.85346],[-59.47842,-37.85362],[-59.47802,-37.85377],[-59.47763,-37.85393],[-59.47737,-37.8536],[-59.47712,-37.85327],[-59.47687,-37.85294],[-59.47661,-37.85261],[-59.47636,-37.85228],[-59.47611,-37.85195],[-59.47585,-37.85162],[-59.4756,-37.85129],[-59.47535,-37.85096],[-59.47498,-37.85121],[-59.47461,-37.85146],[-59.47425,-37.85171],[-59.47388,-37.85196],[-59.47352,-37.85221],[-59.47315,-37.85246],[-59.47279,-37.85271],[-59.47242,-37.85296],[-59.47206,-37.85321],[-59.47169,-37.85346],[-59.47133,-37.85371],[-59.47096,-37.85396],[-59.4706,-37.85421],[-59.47023,-37.85446],[-59.46986,-37.85471],[-59.4695,-37.85496],[-59.46913,-37.85521],[-59.46877,-37.85546],[-59.4684,-37.85571],[-59.468,-37.85564],[-59.46759,-37.85556],[-59.46718,-37.85548],[-59.46677,-37.8554],[-59.46637,-37.85532],[-59.46596,-37.85525],[-59.46555,-37.85517],[-59.46515,-37.85509],[-59.46474,-37.85501],[-59.46433,-37.85493],[-59.46392,-37.85486],[-59.46352,-37.85478],[-59.4632,-37.85447],[-59.46289,-37.85415],[-59.46258,-37.85384],[-59.46227,-37.85353],[-59.46196,-37.85322],[-59.46165,-37.8529],[-59.46134,-37.85259],[-59.46102,-37.85228],[-59.46071,-37.85196],[-59.4604,-37.85165],[-59.46009,-37.85134],[-59.45978,-37.85103],[-59.45947,-37.85071],[-59.45916,-37.8504],[-59.45884,-37.85009],[-59.45853,-37.84978],[-59.45822,-37.84946],[-59.45791,-37.84915],[-59.4576,-37.84884],[-59.45729,-37.84853],[-59.45698,-37.84821],[-59.45667,-37.8479],[-59.45683,-37.84749],[-59.457,-37.84708],[-59.45717,-37.84666],[-59.45733,-37.84625],[-59.4575,-37.84584],[-59.45767,-37.84543],[-59.45784,-37.84502],[-59.458,-37.8446],[-59.45817,-37.84419],[-59.45834,-37.84378],[-59.45851,-37.84337],[-59.45867,-37.84296],[-59.45884,-37.84254],[-59.45901,-37.84213],[-59.45918,-37.84172],[-59.45934,-37.84131],[-59.45951,-37.8409],[-59.45968,-37.84048],[-59.45985,-37.84007],[-59.46001,-37.83966],[-59.46018,-37.83925],[-59.46039,-37.83887],[-59.4606,-37.83849],[-59.4608,-37.83811],[-59.46101,-37.83773],[-59.46122,-37.83734],[-59.46143,-37.83696],[-59.46163,-37.83658],[-59.46184,-37.8362],[-59.46205,-37.83582],[-59.46226,-37.83544],[-59.46246,-37.83506],[-59.46267,-37.83468],[-59.46288,-37.8343],[-59.46309,-37.83392],[-59.46329,-37.83354],[-59.4635,-37.83316],[-59.46371,-37.83278],[-59.46392,-37.8324],[-59.46412,-37.83201],[-59.46433,-37.83163],[-59.46454,-37.83125],[-59.46475,-37.83087],[-59.46495,-37.83049],[-59.46516,-37.83011],[-59.46537,-37.82973],[-59.46558,-37.82935],[-59.46583,-37.829],[-59.46608,-37.82865],[-59.46633,-37.8283],[-59.46658,-37.82795],[-59.46683,-37.82761],[-59.46709,-37.82726],[-59.46734,-37.82691],[-59.46759,-37.82656],[-59.46784,-37.82621],[-59.46809,-37.82586],[-59.46834,-37.82551],[-59.46859,-37.82517],[-59.46885,-37.82482],[-59.4691,-37.82447],[-59.46935,-37.82412],[-59.46978,-37.82401],[-59.47021,-37.8239],[-59.47065,-37.82378],[-59.47108,-37.82367],[-59.47151,-37.82356],[-59.47194,-37.82345],[-59.47238,-37.82333],[-59.47281,-37.82322],[-59.47324,-37.82311],[-59.47367,-37.823],[-59.47411,-37.82288],[-59.47454,-37.82277],[-59.47497,-37.82266],[-59.4754,-37.82255],[-59.47572,-37.82225],[-59.47603,-37.82194],[-59.47634,-37.82164],[-59.47666,-37.82134],[-59.47697,-37.82103],[-59.47729,-37.82073],[-59.4776,-37.82043],[-59.47791,-37.82013],[-59.47823,-37.81982],[-59.47854,-37.81952],[-59.47885,-37.81922],[-59.47917,-37.81892],[-59.47957,-37.81878],[-59.47997,-37.81864],[-59.48037,-37.8185],[-59.48077,-37.81836],[-59.48116,-37.81822],[-59.48156,-37.81809],[-59.48196,-37.81795],[-59.48236,-37.81781],[-59.48276,-37.81767],[-59.48316,-37.81753],[-59.48356,-37.81739],[-59.48396,-37.81725],[-59.48436,-37.81712],[-59.48456,-37.81675],[-59.48477,-37.81639],[-59.48497,-37.81602],[-59.48517,-37.81566],[-59.48538,-37.81529],[-59.48558,-37.81493],[-59.48578,-37.81457],[-59.48599,-37.8142],[-59.48619,-37.81384],[-59.48639,-37.81347],[-59.48673,-37.81325],[-59.48708,-37.81302],[-59.48742,-37.81279],[-59.48776,-37.81257],[-59.4881,-37.81234],[-59.48844,-37.81211],[-59.48879,-37.81189],[-59.48913,-37.81166],[-59.48947,-37.81143],[-59.48981,-37.8112],[-59.49015,-37.81098],[-59.49051,-37.81072],[-59.49088,-37.81047],[-59.49124,-37.81021],[-59.4916,-37.80996],[-59.49196,-37.8097],[-59.49232,-37.80945],[-59.49268,-37.80919],[-59.49304,-37.80894],[-59.4934,-37.80868],[-59.49376,-37.80843],[-59.49412,-37.80817],[-59.49448,-37.80792],[-59.49484,-37.80766],[-59.4952,-37.80741],[-59.49557,-37.80715],[-59.49593,-37.8069],[-59.49552,-37.80671],[-59.49512,-37.80652],[-59.49472,-37.80633],[-59.49431,-37.80615],[-59.49391,-37.80596],[-59.49351,-37.80577],[-59.4931,-37.80558],[-59.4927,-37.8054],[-59.4923,-37.80521],[-59.49189,-37.80502],[-59.49149,-37.80483],[-59.49109,-37.80465],[-59.49068,-37.80446],[-59.49028,-37.80427],[-59.48988,-37.80408],[-59.48947,-37.8039],[-59.48907,-37.80371],[-59.48867,-37.80352],[-59.48826,-37.80333],[-59.48786,-37.80315],[-59.48746,-37.80296],[-59.48705,-37.80277],[-59.48665,-37.80258],[-59.48625,-37.8024],[-59.48585,-37.80221],[-59.48544,-37.80202],[-59.48504,-37.80183],[-59.48471,-37.80154],[-59.48439,-37.80124],[-59.48406,-37.80095],[-59.48373,-37.80065],[-59.48341,-37.80036],[-59.48308,-37.80007],[-59.48275,-37.79977],[-59.48244,-37.79946],[-59.48212,-37.79916],[-59.4818,-37.79885],[-59.48148,-37.79855],[-59.48116,-37.79824],[-59.48085,-37.79793],[-59.48053,-37.79763],[-59.48021,-37.79732],[-59.47989,-37.79702],[-59.47959,-37.79669],[-59.47929,-37.79637],[-59.47899,-37.79605],[-59.47869,-37.79572],[-59.47838,-37.7954],[-59.47808,-37.79507],[-59.47778,-37.79475],[-59.47748,-37.79443],[-59.47718,-37.7941],[-59.47687,-37.79378],[-59.47657,-37.79346],[-59.47627,-37.79313],[-59.47597,-37.79281],[-59.47567,-37.79249],[-59.47537,-37.79216],[-59.47506,-37.79184],[-59.47476,-37.79152],[-59.47448,-37.79117],[-59.47419,-37.79083],[-59.47391,-37.79049],[-59.47362,-37.79014],[-59.47334,-37.7898],[-59.47305,-37.78946],[-59.47276,-37.78911],[-59.47248,-37.78877],[-59.47219,-37.78843],[-59.47191,-37.78809],[-59.47162,-37.78776],[-59.47133,-37.78742],[-59.47104,-37.78709],[-59.47075,-37.78676],[-59.47046,-37.78643],[-59.47016,-37.7861],[-59.46987,-37.78577],[-59.46958,-37.78544],[-59.46929,-37.78511],[-59.469,-37.78478],[-59.46871,-37.78445],[-59.46842,-37.78412],[-59.46813,-37.78379],[-59.46784,-37.78346],[-59.46755,-37.78313],[-59.46726,-37.7828],[-59.46697,-37.78247],[-59.46668,-37.78214],[-59.46639,-37.78181],[-59.4661,-37.78147],[-59.4658,-37.78114],[-59.46551,-37.78081],[-59.46522,-37.78048],[-59.46493,-37.78015],[-59.46464,-37.77982],[-59.46435,-37.77949],[-59.46431,-37.77907],[-59.46426,-37.77865],[-59.46422,-37.77824],[-59.46417,-37.77782],[-59.46413,-37.7774],[-59.46408,-37.77698],[-59.46404,-37.77656],[-59.46399,-37.77614],[-59.46395,-37.77573],[-59.4639,-37.77531],[-59.46386,-37.77489],[-59.46381,-37.77447],[-59.46373,-37.77404],[-59.46365,-37.7736],[-59.46356,-37.77317],[-59.46348,-37.77274],[-59.4634,-37.7723],[-59.46331,-37.77187],[-59.46323,-37.77144],[-59.46315,-37.771],[-59.46307,-37.77057],[-59.46298,-37.77013],[-59.46334,-37.76987],[-59.4637,-37.7696],[-59.46406,-37.76934],[-59.46443,-37.76908],[-59.46479,-37.76881],[-59.46515,-37.76855],[-59.46551,-37.76828],[-59.46587,-37.76802],[-59.46623,-37.76775],[-59.46659,-37.76749],[-59.46695,-37.76722],[-59.46731,-37.76696],[-59.4677,-37.76677],[-59.46808,-37.76658],[-59.46847,-37.7664],[-59.46886,-37.76621],[-59.46924,-37.76602],[-59.46963,-37.76583],[-59.47,-37.76559],[-59.47037,-37.76535],[-59.47075,-37.76511],[-59.47112,-37.76487],[-59.47149,-37.76463],[-59.47187,-37.76439],[-59.47224,-37.76415],[-59.47261,-37.76391],[-59.47299,-37.76367],[-59.47336,-37.76343],[-59.47373,-37.76319],[-59.47411,-37.76295],[-59.47448,-37.76271],[-59.47485,-37.76247],[-59.47523,-37.76223],[-59.4756,-37.76199],[-59.47598,-37.76175],[-59.47632,-37.76149],[-59.47666,-37.76123],[-59.47701,-37.76097],[-59.47735,-37.76071],[-59.47769,-37.76045],[-59.47804,-37.76019],[-59.47838,-37.75993],[-59.47873,-37.75968],[-59.47907,-37.75942],[-59.47941,-37.75916],[-59.47976,-37.7589],[-59.4801,-37.75864],[-59.48045,-37.75838],[-59.48079,-37.75812],[-59.48113,-37.75786],[-59.48148,-37.7576],[-59.48182,-37.75734],[-59.48216,-37.75708],[-59.48251,-37.75682],[-59.48285,-37.75656],[-59.4832,-37.75631],[-59.4828,-37.75609],[-59.48241,-37.75587],[-59.48202,-37.75565],[-59.48163,-37.75543],[-59.48123,-37.75521],[-59.48084,-37.755],[-59.48045,-37.75478],[-59.48006,-37.75456],[-59.47966,-37.75434],[-59.47927,-37.75412],[-59.47888,-37.75391],[-59.47849,-37.75369],[-59.47809,-37.75347],[-59.4777,-37.75325],[-59.47731,-37.75303],[-59.47692,-37.75281],[-59.47652,-37.7526],[-59.47613,-37.75238],[-59.47574,-37.75216],[-59.47534,-37.75194],[-59.47495,-37.75172],[-59.47456,-37.7515],[-59.47417,-37.75129],[-59.47377,-37.75107],[-59.47338,-37.75085],[-59.47299,-37.75063],[-59.4726,-37.75041],[-59.4722,-37.7502],[-59.47181,-37.74998],[-59.47142,-37.74976],[-59.47103,-37.74954],[-59.47063,-37.74932],[-59.47024,-37.7491],[-59.46985,-37.74889],[-59.46946,-37.74867],[-59.46906,-37.74845],[-59.46867,-37.74823],[-59.46828,-37.74801],[-59.46789,-37.7478],[-59.46749,-37.74758],[-59.4671,-37.74736],[-59.46671,-37.74714],[-59.46632,-37.74692],[-59.46592,-37.7467],[-59.46553,-37.74649],[-59.46514,-37.74627],[-59.46475,-37.74605],[-59.46435,-37.74583],[-59.46396,-37.74561],[-59.46357,-37.74539],[-59.46318,-37.74518],[-59.46278,-37.74496],[-59.46239,-37.74474],[-59.462,-37.74452],[-59.4616,-37.7443],[-59.46121,-37.74409],[-59.46082,-37.74387],[-59.46043,-37.74365],[-59.46003,-37.74343],[-59.45964,-37.74321],[-59.45925,-37.74299],[-59.45886,-37.74278],[-59.45846,-37.74256],[-59.45807,-37.74234],[-59.45768,-37.74212],[-59.45729,-37.7419],[-59.45689,-37.74168],[-59.4565,-37.74147],[-59.45611,-37.74125],[-59.45572,-37.74103],[-59.45532,-37.74081],[-59.45493,-37.74059],[-59.45454,-37.74038],[-59.45415,-37.74016],[-59.45375,-37.73994],[-59.45336,-37.73972],[-59.45297,-37.7395],[-59.45258,-37.73928],[-59.45232,-37.73895],[-59.45207,-37.73862],[-59.45182,-37.73829],[-59.45157,-37.73796],[-59.45131,-37.73763],[-59.45106,-37.7373],[-59.45081,-37.73697],[-59.45055,-37.73664],[-59.4503,-37.73631],[-59.44987,-37.73627],[-59.44944,-37.73623],[-59.44901,-37.73619],[-59.44858,-37.73615],[-59.44815,-37.73611],[-59.44772,-37.73607],[-59.44735,-37.73633],[-59.44698,-37.73658],[-59.44662,-37.73684],[-59.44625,-37.7371],[-59.44589,-37.73735],[-59.44552,-37.73761],[-59.44516,-37.73787],[-59.44479,-37.73812],[-59.44442,-37.73838],[-59.44406,-37.73864],[-59.44369,-37.73889],[-59.44333,-37.73915],[-59.44296,-37.73941],[-59.4426,-37.73966],[-59.44223,-37.73992],[-59.44183,-37.74001],[-59.44193,-37.74037],[-59.44202,-37.74073],[-59.44212,-37.74109],[-59.44221,-37.74145],[-59.44231,-37.74181],[-59.44194,-37.742],[-59.44158,-37.7422],[-59.44192,-37.74244],[-59.44226,-37.74268],[-59.4426,-37.74292],[-59.44294,-37.74316],[-59.44328,-37.7434],[-59.44361,-37.74364],[-59.44395,-37.74388],[-59.44429,-37.74412],[-59.44463,-37.74436],[-59.44497,-37.7446],[-59.44531,-37.74484],[-59.44565,-37.74508],[-59.44595,-37.74541],[-59.44624,-37.74574],[-59.44654,-37.74608],[-59.44684,-37.74641],[-59.4466,-37.7467],[-59.44635,-37.74698]]]]}},{"type":"Feature","properties":{"fdc":"IGN","sag":"IGN","tipo":"Pajonal, juncal, totoral","ign":"vegetacion_hidrofila_ED020.1918"},"geometry":{"type":"MultiPolygon","coordinates":[[[[-59.1454,-38.03833],[-59.14512,-38.03865],[-59.14483,-38.03898],[-59.14455,-38.03931],[-59.14427,-38.03964],[-59.14399,-38.03996],[-59.14371,-38.04029],[-59.14342,-38.04062],[-59.14314,-38.04095],[-59.14286,-38.04128],[-59.14247,-38.04124],[-59.14208,-38.04121],[-59.14169,-38.04117],[-59.1413,-38.04114],[-59.1411,-38.04154],[-59.1409,-38.04193],[-59.14071,-38.04233],[-59.14051,-38.04273],[-59.14032,-38.04313],[-59.14012,-38.04352],[-59.13993,-38.04392],[-59.13973,-38.04432],[-59.13953,-38.04472],[-59.13944,-38.04514],[-59.13935,-38.04557],[-59.13926,-38.046],[-59.13917,-38.04642],[-59.13908,-38.04685],[-59.13899,-38.04728],[-59.1389,-38.0477],[-59.13881,-38.04813],[-59.13872,-38.04856],[-59.13863,-38.04898],[-59.13854,-38.04941],[-59.1384,-38.04978],[-59.13826,-38.05015],[-59.13812,-38.05052],[-59.13798,-38.05089],[-59.13784,-38.05126],[-59.1377,-38.05163],[-59.13755,-38.052],[-59.13741,-38.05237],[-59.13711,-38.05266],[-59.13681,-38.05295],[-59.13651,-38.05324],[-59.1362,-38.05353],[-59.1359,-38.05383],[-59.1356,-38.05412],[-59.1353,-38.05441],[-59.13499,-38.0547],[-59.13469,-38.05499],[-59.13439,-38.05528],[-59.13409,-38.05557],[-59.13384,-38.05588],[-59.13359,-38.0562],[-59.13334,-38.05652],[-59.13309,-38.05683],[-59.13284,-38.05715],[-59.13259,-38.05747],[-59.13234,-38.05778],[-59.13218,-38.05803],[-59.13259,-38.058],[-59.133,-38.05797],[-59.13341,-38.05794],[-59.13382,-38.05791],[-59.13423,-38.05789],[-59.13465,-38.05786],[-59.13506,-38.05783],[-59.13547,-38.0578],[-59.13572,-38.05746],[-59.13598,-38.05712],[-59.13623,-38.05677],[-59.13648,-38.05643],[-59.13674,-38.05608],[-59.13699,-38.05574],[-59.13725,-38.05539],[-59.1375,-38.05505],[-59.13775,-38.0547],[-59.13801,-38.05436],[-59.13831,-38.05405],[-59.1386,-38.05375],[-59.1389,-38.05344],[-59.1392,-38.05313],[-59.1395,-38.05282],[-59.1398,-38.05252],[-59.14009,-38.05221],[-59.14039,-38.0519],[-59.14047,-38.0515],[-59.14056,-38.0511],[-59.14064,-38.0507],[-59.14072,-38.05029],[-59.1408,-38.04989],[-59.14088,-38.04949],[-59.14097,-38.04909],[-59.14105,-38.04869],[-59.14121,-38.04832],[-59.14137,-38.04795],[-59.14153,-38.04758],[-59.14169,-38.04721],[-59.14185,-38.04684],[-59.14202,-38.04647],[-59.14218,-38.0461],[-59.14243,-38.04573],[-59.14269,-38.04536],[-59.14294,-38.04499],[-59.1432,-38.04462],[-59.14346,-38.04425],[-59.1438,-38.04403],[-59.14415,-38.04381],[-59.14449,-38.04359],[-59.14484,-38.04337],[-59.14519,-38.04315],[-59.14553,-38.04294],[-59.14586,-38.04273],[-59.1462,-38.04252],[-59.14654,-38.04231],[-59.14688,-38.0421],[-59.14721,-38.04189],[-59.14755,-38.04168],[-59.14759,-38.04126],[-59.14762,-38.04084],[-59.14766,-38.04042],[-59.14769,-38.04],[-59.14773,-38.03958],[-59.14773,-38.03913],[-59.14774,-38.03869],[-59.14774,-38.03824],[-59.14775,-38.0378],[-59.14775,-38.03735],[-59.14773,-38.03698],[-59.1477,-38.03661],[-59.14767,-38.03624],[-59.14765,-38.03587],[-59.14762,-38.0355],[-59.14766,-38.03508],[-59.14769,-38.03466],[-59.14773,-38.03423],[-59.14776,-38.03381],[-59.1478,-38.03339],[-59.14786,-38.033],[-59.14791,-38.03261],[-59.14797,-38.03222],[-59.14803,-38.03183],[-59.14808,-38.03144],[-59.14814,-38.03104],[-59.14818,-38.0307],[-59.14823,-38.03036],[-59.14827,-38.03002],[-59.14832,-38.02968],[-59.14843,-38.02928],[-59.14855,-38.02887],[-59.14867,-38.02847],[-59.14879,-38.02806],[-59.14891,-38.02766],[-59.14902,-38.02726],[-59.14914,-38.02685],[-59.14926,-38.02645],[-59.14938,-38.02604],[-59.1495,-38.02564],[-59.14962,-38.02523],[-59.14958,-38.02483],[-59.14955,-38.02443],[-59.14951,-38.02403],[-59.14948,-38.02363],[-59.14941,-38.02319],[-59.14933,-38.02276],[-59.14926,-38.02233],[-59.14919,-38.02189],[-59.14911,-38.02146],[-59.14904,-38.02102],[-59.14896,-38.02059],[-59.14889,-38.02016],[-59.14915,-38.01979],[-59.1494,-38.01942],[-59.14966,-38.01905],[-59.14991,-38.01868],[-59.15017,-38.01831],[-59.14999,-38.01796],[-59.14982,-38.0176],[-59.14964,-38.01725],[-59.14947,-38.01689],[-59.14929,-38.01654],[-59.14912,-38.01618],[-59.14894,-38.01583],[-59.14879,-38.01545],[-59.14864,-38.01508],[-59.14849,-38.01471],[-59.14834,-38.01434],[-59.14818,-38.01397],[-59.14803,-38.01359],[-59.14788,-38.01322],[-59.14773,-38.01287],[-59.14758,-38.01252],[-59.14742,-38.01217],[-59.14727,-38.01181],[-59.14712,-38.01146],[-59.14697,-38.01111],[-59.14684,-38.01076],[-59.14672,-38.01041],[-59.1466,-38.01007],[-59.14648,-38.00972],[-59.14636,-38.00937],[-59.14662,-38.00913],[-59.14688,-38.00888],[-59.14715,-38.00864],[-59.14731,-38.00827],[-59.14747,-38.0079],[-59.14763,-38.00753],[-59.14779,-38.00716],[-59.14795,-38.00679],[-59.14811,-38.00642],[-59.1483,-38.00602],[-59.14848,-38.00561],[-59.14866,-38.00521],[-59.14884,-38.0048],[-59.14903,-38.0044],[-59.14921,-38.00399],[-59.14939,-38.00359],[-59.14958,-38.00319],[-59.14976,-38.00278],[-59.14994,-38.00238],[-59.15012,-38.00197],[-59.15025,-38.00158],[-59.15038,-38.00118],[-59.15051,-38.00079],[-59.15064,-38.00039],[-59.15077,-38.0],[-59.15089,-37.99962],[-59.15101,-37.99924],[-59.15113,-37.99887],[-59.15155,-37.99886],[-59.15198,-37.99885],[-59.1524,-37.99883],[-59.15282,-37.99882],[-59.15324,-37.99881],[-59.15367,-37.9988],[-59.15409,-37.99879],[-59.15451,-37.99878],[-59.15493,-37.99877],[-59.15536,-37.99876],[-59.15578,-37.99875],[-59.1562,-37.99874],[-59.15663,-37.99872],[-59.15705,-37.99871],[-59.15747,-37.9987],[-59.15763,-37.99829],[-59.15779,-37.99788],[-59.15795,-37.99747],[-59.15811,-37.99706],[-59.15827,-37.99664],[-59.15836,-37.99627],[-59.15845,-37.99589],[-59.15855,-37.99551],[-59.15864,-37.99513],[-59.15873,-37.99475],[-59.15882,-37.99438],[-59.15898,-37.99397],[-59.15914,-37.99355],[-59.1593,-37.99314],[-59.15946,-37.99273],[-59.15962,-37.99232],[-59.15978,-37.99191],[-59.15995,-37.9915],[-59.16011,-37.99109],[-59.16027,-37.99068],[-59.16043,-37.99026],[-59.16043,-37.98985],[-59.16044,-37.98944],[-59.16044,-37.98903],[-59.16045,-37.98862],[-59.16047,-37.9882],[-59.1605,-37.98779],[-59.16053,-37.98738],[-59.16056,-37.98697],[-59.16059,-37.98655],[-59.16062,-37.98614],[-59.16065,-37.98573],[-59.16068,-37.98532],[-59.16071,-37.9849],[-59.16073,-37.98449],[-59.16076,-37.98408],[-59.16072,-37.98363],[-59.16069,-37.98318],[-59.16065,-37.98274],[-59.16061,-37.98229],[-59.16057,-37.98184],[-59.16053,-37.9814],[-59.16042,-37.98098],[-59.16032,-37.98057],[-59.16021,-37.98015],[-59.1601,-37.97974],[-59.16,-37.97933],[-59.15989,-37.97891],[-59.15978,-37.9785],[-59.15973,-37.97807],[-59.15968,-37.97765],[-59.15963,-37.97722],[-59.15958,-37.97679],[-59.15953,-37.97636],[-59.15948,-37.97594],[-59.15943,-37.97551],[-59.15938,-37.97508],[-59.15933,-37.97465],[-59.15928,-37.97423],[-59.15922,-37.9738],[-59.15917,-37.97337],[-59.15912,-37.97294],[-59.15907,-37.97252],[-59.15904,-37.9721],[-59.15902,-37.97169],[-59.15899,-37.97128],[-59.15896,-37.97086],[-59.15893,-37.97045],[-59.1589,-37.97004],[-59.15888,-37.96962],[-59.15885,-37.96921],[-59.15885,-37.96883],[-59.15886,-37.96845],[-59.15886,-37.96808],[-59.15887,-37.9677],[-59.15887,-37.96732],[-59.15887,-37.96694],[-59.15888,-37.96653],[-59.15888,-37.96612],[-59.15889,-37.9657],[-59.15889,-37.96529],[-59.1589,-37.96488],[-59.1589,-37.96446],[-59.15891,-37.96405],[-59.15891,-37.96364],[-59.15892,-37.96323],[-59.15854,-37.96343],[-59.15815,-37.96363],[-59.15777,-37.96384],[-59.15739,-37.96404],[-59.15701,-37.96424],[-59.15663,-37.96445],[-59.15625,-37.96465],[-59.15586,-37.96486],[-59.15588,-37.96527],[-59.1559,-37.96568],[-59.15591,-37.96609],[-59.15593,-37.96651],[-59.15594,-37.96692],[-59.15596,-37.96733],[-59.15597,-37.96775],[-59.15599,-37.96816],[-59.15604,-37.96859],[-59.15609,-37.96901],[-59.15614,-37.96944],[-59.15619,-37.96987],[-59.15625,-37.9703],[-59.1563,-37.97073],[-59.15635,-37.97115],[-59.1564,-37.97158],[-59.15645,-37.97201],[-59.1565,-37.97244],[-59.15655,-37.97286],[-59.1566,-37.97329],[-59.15665,-37.97372],[-59.1567,-37.97415],[-59.1567,-37.97456],[-59.15669,-37.97497],[-59.15669,-37.97539],[-59.15668,-37.9758],[-59.15668,-37.97621],[-59.15668,-37.97662],[-59.15667,-37.97704],[-59.15667,-37.97745],[-59.15677,-37.97786],[-59.15687,-37.97827],[-59.15697,-37.97869],[-59.15707,-37.9791],[-59.15717,-37.97952],[-59.15731,-37.97993],[-59.15745,-37.98034],[-59.1576,-37.98076],[-59.15774,-37.98117],[-59.15788,-37.98158],[-59.15803,-37.982],[-59.15817,-37.98241],[-59.15817,-37.98282],[-59.15816,-37.98324],[-59.15816,-37.98365],[-59.15815,-37.98406],[-59.15815,-37.98447],[-59.15814,-37.98489],[-59.15814,-37.9853],[-59.15813,-37.98571],[-59.15809,-37.98616],[-59.15804,-37.9866],[-59.15799,-37.98705],[-59.15794,-37.9875],[-59.15789,-37.98794],[-59.15784,-37.98839],[-59.15769,-37.98877],[-59.15754,-37.98915],[-59.15739,-37.98953],[-59.15723,-37.98992],[-59.15708,-37.9903],[-59.15693,-37.99068],[-59.15677,-37.99106],[-59.15664,-37.99147],[-59.1565,-37.99189],[-59.15637,-37.9923],[-59.15623,-37.99271],[-59.1561,-37.99312],[-59.15596,-37.99353],[-59.15583,-37.99394],[-59.15569,-37.99436],[-59.15556,-37.99477],[-59.15542,-37.99518],[-59.15529,-37.99559],[-59.15515,-37.996],[-59.15502,-37.99641],[-59.15488,-37.99683],[-59.15447,-37.9969],[-59.15405,-37.99698],[-59.15363,-37.99705],[-59.15321,-37.99713],[-59.15279,-37.9972],[-59.15238,-37.99728],[-59.15196,-37.99735],[-59.15154,-37.99742],[-59.15112,-37.9975],[-59.1507,-37.99757],[-59.15028,-37.99765],[-59.14987,-37.99772],[-59.14945,-37.9978],[-59.14928,-37.99817],[-59.14911,-37.99853],[-59.14894,-37.9989],[-59.14877,-37.99926],[-59.1486,-37.99963],[-59.14843,-38.0],[-59.1483,-38.00039],[-59.14818,-38.00079],[-59.14806,-38.00119],[-59.14793,-38.00159],[-59.14766,-38.00189],[-59.14738,-38.0022],[-59.1471,-38.00251],[-59.14683,-38.00282],[-59.14674,-38.00319],[-59.14666,-38.00356],[-59.14658,-38.00393],[-59.14649,-38.0043],[-59.14641,-38.00467],[-59.14633,-38.00504],[-59.14613,-38.00544],[-59.14593,-38.00584],[-59.14573,-38.00624],[-59.14553,-38.00664],[-59.1453,-38.00699],[-59.14508,-38.00734],[-59.14485,-38.00769],[-59.14453,-38.00792],[-59.14421,-38.00816],[-59.14388,-38.00839],[-59.14356,-38.00862],[-59.14324,-38.00886],[-59.14344,-38.00924],[-59.14364,-38.00963],[-59.14383,-38.01001],[-59.14403,-38.0104],[-59.14423,-38.01078],[-59.14443,-38.01117],[-59.14463,-38.01155],[-59.14483,-38.01194],[-59.14503,-38.01232],[-59.14523,-38.01271],[-59.14533,-38.01308],[-59.14544,-38.01345],[-59.14555,-38.01382],[-59.14565,-38.0142],[-59.14576,-38.01457],[-59.14587,-38.01494],[-59.14598,-38.01531],[-59.14613,-38.01573],[-59.14628,-38.01614],[-59.14643,-38.01655],[-59.14658,-38.01697],[-59.14674,-38.01738],[-59.14689,-38.01779],[-59.14673,-38.01818],[-59.14657,-38.01856],[-59.14641,-38.01895],[-59.14624,-38.01933],[-59.14608,-38.01972],[-59.14592,-38.02011],[-59.14576,-38.02049],[-59.1456,-38.02088],[-59.1455,-38.0213],[-59.14539,-38.02171],[-59.14529,-38.02213],[-59.14519,-38.02255],[-59.14509,-38.02296],[-59.14498,-38.02338],[-59.14488,-38.0238],[-59.14478,-38.02422],[-59.14479,-38.02464],[-59.1448,-38.02506],[-59.14481,-38.02548],[-59.14482,-38.0259],[-59.14483,-38.02632],[-59.14484,-38.02674],[-59.14485,-38.02716],[-59.14486,-38.02758],[-59.14488,-38.028],[-59.14489,-38.02842],[-59.14493,-38.02886],[-59.14498,-38.0293],[-59.14503,-38.02974],[-59.14508,-38.03018],[-59.14512,-38.03062],[-59.14517,-38.03106],[-59.14522,-38.0315],[-59.14527,-38.03194],[-59.14531,-38.03238],[-59.14532,-38.03281],[-59.14533,-38.03323],[-59.14533,-38.03366],[-59.14534,-38.03408],[-59.14534,-38.03451],[-59.14535,-38.03493],[-59.14536,-38.03535],[-59.14536,-38.03578],[-59.14537,-38.0362],[-59.14537,-38.03663],[-59.14538,-38.03705],[-59.14539,-38.03748],[-59.14539,-38.0379],[-59.1454,-38.03833]]]]}},{"type":"Feature","properties":{"fdc":"IGN","sag":"IGN","tipo":"Pajonal, juncal, totoral","ign":"vegetacion_hidrofila_ED020.1943"},"geometry":{"type":"MultiPolygon","coordinates":[[[[-59.12552,-38.17125],[-59.12586,-38.1714],[-59.1262,-38.17156],[-59.12654,-38.17171],[-59.12688,-38.17187],[-59.12722,-38.17203],[-59.12735,-38.17164],[-59.12748,-38.17126],[-59.1276,-38.17088],[-59.12773,-38.17049],[-59.12786,-38.17011],[-59.12798,-38.16972],[-59.12811,-38.16934],[-59.12823,-38.16896],[-59.12817,-38.16855],[-59.1281,-38.16815],[-59.12803,-38.16774],[-59.12796,-38.16734],[-59.12789,-38.16693],[-59.12782,-38.16653],[-59.12775,-38.16612],[-59.12769,-38.16572],[-59.12762,-38.16531],[-59.12755,-38.16491],[-59.12752,-38.16452],[-59.12749,-38.16414],[-59.12746,-38.16375],[-59.12743,-38.16337],[-59.1274,-38.16298],[-59.12737,-38.16259],[-59.12734,-38.16221],[-59.12761,-38.16186],[-59.12788,-38.16152],[-59.12816,-38.16118],[-59.12843,-38.16083],[-59.1287,-38.16049],[-59.12897,-38.16014],[-59.12924,-38.1598],[-59.12952,-38.15946],[-59.12979,-38.15911],[-59.13006,-38.15877],[-59.13,-38.15834],[-59.12993,-38.15791],[-59.12986,-38.15748],[-59.1298,-38.15704],[-59.12973,-38.15661],[-59.12966,-38.15618],[-59.1296,-38.15575],[-59.12953,-38.15532],[-59.12946,-38.15489],[-59.1294,-38.15446],[-59.12933,-38.15403],[-59.12926,-38.1536],[-59.1292,-38.15317],[-59.12913,-38.15274],[-59.12906,-38.15231],[-59.129,-38.15187],[-59.12893,-38.15144],[-59.12885,-38.15101],[-59.12876,-38.15057],[-59.12868,-38.15013],[-59.12859,-38.14969],[-59.12851,-38.14925],[-59.12843,-38.14882],[-59.12834,-38.14838],[-59.12826,-38.14794],[-59.12818,-38.1475],[-59.12809,-38.14706],[-59.12801,-38.14663],[-59.12778,-38.14626],[-59.12755,-38.14589],[-59.12733,-38.14552],[-59.1271,-38.14515],[-59.12687,-38.14478],[-59.12664,-38.14442],[-59.12642,-38.14405],[-59.12619,-38.14368],[-59.12596,-38.14331],[-59.12573,-38.14294],[-59.1255,-38.14257],[-59.12528,-38.1422],[-59.12505,-38.14184],[-59.12482,-38.14147],[-59.12459,-38.1411],[-59.12437,-38.14073],[-59.12414,-38.14036],[-59.12391,-38.13999],[-59.12368,-38.13963],[-59.12345,-38.13926],[-59.12323,-38.13889],[-59.12291,-38.13858],[-59.1226,-38.13827],[-59.12229,-38.13796],[-59.12198,-38.13766],[-59.12167,-38.13735],[-59.12136,-38.13704],[-59.12104,-38.13673],[-59.12073,-38.13642],[-59.12042,-38.13611],[-59.12011,-38.13581],[-59.1198,-38.1355],[-59.11949,-38.13519],[-59.11917,-38.13488],[-59.11886,-38.13457],[-59.11855,-38.13426],[-59.11824,-38.13396],[-59.11793,-38.13365],[-59.11757,-38.13341],[-59.11722,-38.13317],[-59.11687,-38.13293],[-59.11651,-38.13269],[-59.11616,-38.13245],[-59.11581,-38.13221],[-59.11545,-38.13197],[-59.1151,-38.13173],[-59.11475,-38.13149],[-59.11439,-38.13125],[-59.11404,-38.13101],[-59.11369,-38.13077],[-59.11333,-38.13054],[-59.11318,-38.13015],[-59.11302,-38.12976],[-59.11286,-38.12938],[-59.1127,-38.12899],[-59.11255,-38.1286],[-59.11239,-38.12822],[-59.11223,-38.12783],[-59.11207,-38.12745],[-59.11192,-38.12706],[-59.11192,-38.12661],[-59.11193,-38.12616],[-59.11193,-38.12571],[-59.11194,-38.12526],[-59.11194,-38.12482],[-59.11195,-38.12437],[-59.11193,-38.12393],[-59.11192,-38.12349],[-59.1119,-38.12305],[-59.11188,-38.12261],[-59.11186,-38.12218],[-59.11185,-38.12174],[-59.11183,-38.1213],[-59.11181,-38.12086],[-59.1118,-38.12042],[-59.11178,-38.11999],[-59.11176,-38.11955],[-59.1118,-38.11914],[-59.11183,-38.11873],[-59.11187,-38.11832],[-59.11191,-38.11791],[-59.11194,-38.11751],[-59.11198,-38.1171],[-59.11201,-38.11669],[-59.11205,-38.11628],[-59.11224,-38.11592],[-59.11242,-38.11556],[-59.11261,-38.1152],[-59.11279,-38.11484],[-59.11298,-38.11448],[-59.11317,-38.11413],[-59.11335,-38.11377],[-59.11354,-38.11341],[-59.11358,-38.11297],[-59.11361,-38.11254],[-59.11365,-38.11211],[-59.11369,-38.11167],[-59.11372,-38.11124],[-59.11376,-38.11081],[-59.11379,-38.11037],[-59.11383,-38.10994],[-59.11397,-38.10956],[-59.11411,-38.10917],[-59.11425,-38.10879],[-59.11439,-38.1084],[-59.11453,-38.10802],[-59.11467,-38.10764],[-59.11481,-38.10725],[-59.11495,-38.10687],[-59.11509,-38.10648],[-59.11509,-38.10605],[-59.1151,-38.10562],[-59.1151,-38.10518],[-59.1151,-38.10475],[-59.115,-38.10432],[-59.1149,-38.10389],[-59.1148,-38.10347],[-59.11469,-38.10304],[-59.11459,-38.10261],[-59.11449,-38.10218],[-59.11439,-38.10175],[-59.11428,-38.10132],[-59.11418,-38.10089],[-59.11408,-38.10051],[-59.11398,-38.10012],[-59.11388,-38.09974],[-59.11378,-38.09935],[-59.11368,-38.09897],[-59.11358,-38.09858],[-59.11348,-38.09819],[-59.11349,-38.09775],[-59.11349,-38.0973],[-59.1135,-38.09685],[-59.1135,-38.0964],[-59.11351,-38.09595],[-59.11351,-38.0955],[-59.11352,-38.09509],[-59.11352,-38.09468],[-59.11353,-38.09426],[-59.11353,-38.09385],[-59.11354,-38.09344],[-59.11354,-38.09303],[-59.11355,-38.09261],[-59.11375,-38.09231],[-59.11395,-38.092],[-59.11414,-38.09169],[-59.11434,-38.09139],[-59.11454,-38.09108],[-59.11492,-38.091],[-59.11531,-38.09092],[-59.11569,-38.09084],[-59.11607,-38.09076],[-59.11646,-38.09068],[-59.11684,-38.0906],[-59.11723,-38.09052],[-59.11741,-38.09023],[-59.1176,-38.08995],[-59.11779,-38.08966],[-59.11798,-38.08937],[-59.1184,-38.08921],[-59.11881,-38.08905],[-59.11923,-38.08889],[-59.11965,-38.08873],[-59.12007,-38.08856],[-59.12049,-38.0884],[-59.12091,-38.08824],[-59.12097,-38.08781],[-59.12104,-38.08738],[-59.12111,-38.08694],[-59.12117,-38.08651],[-59.12124,-38.08608],[-59.1213,-38.08565],[-59.12137,-38.08521],[-59.12144,-38.08478],[-59.12144,-38.08437],[-59.12145,-38.08396],[-59.12145,-38.08354],[-59.12146,-38.08313],[-59.12146,-38.08272],[-59.12147,-38.0823],[-59.12148,-38.08189],[-59.12154,-38.08151],[-59.1216,-38.08113],[-59.12166,-38.08075],[-59.12172,-38.08037],[-59.12201,-38.08008],[-59.1223,-38.07979],[-59.12259,-38.0795],[-59.12288,-38.07921],[-59.12317,-38.07892],[-59.12346,-38.07863],[-59.12354,-38.07819],[-59.12361,-38.07775],[-59.12369,-38.07731],[-59.12376,-38.07688],[-59.12383,-38.07644],[-59.12391,-38.076],[-59.12398,-38.07556],[-59.12402,-38.07515],[-59.12405,-38.07474],[-59.12409,-38.07433],[-59.12412,-38.07392],[-59.12416,-38.07351],[-59.1242,-38.07311],[-59.12423,-38.0727],[-59.12427,-38.07229],[-59.12394,-38.07248],[-59.12361,-38.07267],[-59.12329,-38.07286],[-59.12296,-38.07305],[-59.12263,-38.07324],[-59.1223,-38.07343],[-59.12202,-38.07375],[-59.12174,-38.07408],[-59.12146,-38.07441],[-59.12117,-38.07474],[-59.12089,-38.07507],[-59.12061,-38.07539],[-59.12033,-38.07572],[-59.12008,-38.07601],[-59.11983,-38.0763],[-59.11959,-38.07658],[-59.11934,-38.07687],[-59.11909,-38.07716],[-59.11885,-38.07744],[-59.11855,-38.07775],[-59.11825,-38.07805],[-59.11796,-38.07836],[-59.11766,-38.07867],[-59.11737,-38.07897],[-59.11736,-38.07936],[-59.11736,-38.07974],[-59.11735,-38.08013],[-59.11735,-38.08051],[-59.11734,-38.0809],[-59.11734,-38.08128],[-59.11729,-38.08167],[-59.11725,-38.08205],[-59.1172,-38.08244],[-59.11716,-38.08282],[-59.11711,-38.08321],[-59.11707,-38.08359],[-59.11678,-38.08388],[-59.11649,-38.08416],[-59.11621,-38.08445],[-59.11592,-38.08474],[-59.11563,-38.08503],[-59.11534,-38.08531],[-59.11501,-38.08553],[-59.11469,-38.08576],[-59.11436,-38.08598],[-59.11403,-38.0862],[-59.11371,-38.08642],[-59.11338,-38.08664],[-59.11305,-38.08688],[-59.11273,-38.08711],[-59.1124,-38.08734],[-59.11207,-38.08757],[-59.11174,-38.08781],[-59.11141,-38.08804],[-59.11109,-38.08827],[-59.11076,-38.0885],[-59.11043,-38.08874],[-59.11029,-38.08912],[-59.11015,-38.08951],[-59.11001,-38.08989],[-59.10987,-38.09027],[-59.10973,-38.09066],[-59.10959,-38.09104],[-59.10945,-38.09143],[-59.10931,-38.09181],[-59.10917,-38.09219],[-59.10923,-38.09261],[-59.10929,-38.09303],[-59.10935,-38.09346],[-59.10941,-38.09388],[-59.10948,-38.0943],[-59.10954,-38.09472],[-59.1096,-38.09514],[-59.10966,-38.09556],[-59.10972,-38.09598],[-59.10978,-38.0964],[-59.10984,-38.09682],[-59.10987,-38.09727],[-59.10989,-38.09771],[-59.10991,-38.09815],[-59.10993,-38.0986],[-59.10996,-38.09904],[-59.10998,-38.09949],[-59.11,-38.09993],[-59.11002,-38.10037],[-59.11005,-38.10082],[-59.11007,-38.10126],[-59.11009,-38.10171],[-59.11012,-38.10215],[-59.11014,-38.1026],[-59.11016,-38.10304],[-59.11018,-38.10348],[-59.11021,-38.10393],[-59.11023,-38.10437],[-59.11025,-38.10482],[-59.11027,-38.10526],[-59.1103,-38.10571],[-59.11032,-38.10615],[-59.11034,-38.10659],[-59.11036,-38.10704],[-59.11039,-38.10748],[-59.11041,-38.10793],[-59.11043,-38.10837],[-59.11027,-38.10876],[-59.1101,-38.10914],[-59.10993,-38.10953],[-59.10977,-38.10991],[-59.1096,-38.11029],[-59.10943,-38.11068],[-59.10927,-38.11106],[-59.1091,-38.11145],[-59.10893,-38.11183],[-59.10877,-38.11222],[-59.1086,-38.1126],[-59.10843,-38.11298],[-59.10826,-38.11337],[-59.1081,-38.11375],[-59.10793,-38.11413],[-59.10776,-38.11452],[-59.1076,-38.1149],[-59.10743,-38.11528],[-59.10739,-38.11572],[-59.10735,-38.11616],[-59.10731,-38.1166],[-59.10727,-38.11704],[-59.10723,-38.11748],[-59.10719,-38.11792],[-59.10715,-38.11836],[-59.10714,-38.11878],[-59.10714,-38.1192],[-59.10713,-38.11961],[-59.10713,-38.12003],[-59.10712,-38.12044],[-59.10712,-38.12086],[-59.10714,-38.12129],[-59.10716,-38.12171],[-59.10718,-38.12214],[-59.1072,-38.12257],[-59.10722,-38.12299],[-59.10724,-38.12342],[-59.10726,-38.12385],[-59.10728,-38.1242],[-59.10729,-38.12455],[-59.10731,-38.12491],[-59.10731,-38.12533],[-59.1073,-38.12576],[-59.1073,-38.12618],[-59.10729,-38.1266],[-59.10729,-38.12703],[-59.10762,-38.12733],[-59.10794,-38.12764],[-59.10827,-38.12794],[-59.1086,-38.12825],[-59.10892,-38.12855],[-59.10925,-38.12886],[-59.10958,-38.12916],[-59.1099,-38.12946],[-59.11023,-38.12977],[-59.11056,-38.13007],[-59.11089,-38.13038],[-59.11121,-38.13068],[-59.11154,-38.13099],[-59.11187,-38.13129],[-59.11219,-38.1316],[-59.11252,-38.1319],[-59.11285,-38.13221],[-59.11317,-38.13251],[-59.1135,-38.13282],[-59.11383,-38.13312],[-59.11415,-38.13343],[-59.11448,-38.13373],[-59.11481,-38.13404],[-59.11514,-38.13434],[-59.11546,-38.13465],[-59.11579,-38.13495],[-59.11612,-38.13526],[-59.11644,-38.13556],[-59.11607,-38.13582],[-59.11571,-38.13607],[-59.11534,-38.13632],[-59.11497,-38.13658],[-59.1146,-38.13683],[-59.11423,-38.13708],[-59.11446,-38.13738],[-59.11469,-38.13768],[-59.11493,-38.13798],[-59.11516,-38.13828],[-59.11543,-38.13863],[-59.11567,-38.13899],[-59.11591,-38.13935],[-59.11615,-38.13971],[-59.11639,-38.14007],[-59.11663,-38.14043],[-59.11687,-38.14079],[-59.11711,-38.14115],[-59.11731,-38.14147],[-59.11751,-38.1418],[-59.11771,-38.14212],[-59.11791,-38.14244],[-59.11811,-38.14276],[-59.11831,-38.14309],[-59.11845,-38.14347],[-59.11859,-38.14386],[-59.11873,-38.14425],[-59.11887,-38.14463],[-59.11901,-38.14502],[-59.11922,-38.14535],[-59.11942,-38.14568],[-59.11963,-38.14601],[-59.11983,-38.14634],[-59.12004,-38.14667],[-59.12024,-38.147],[-59.12045,-38.14734],[-59.12075,-38.14763],[-59.12105,-38.14792],[-59.12135,-38.14821],[-59.12165,-38.1485],[-59.12195,-38.14879],[-59.12225,-38.14908],[-59.12255,-38.14937],[-59.12286,-38.14966],[-59.12313,-38.14998],[-59.1234,-38.15029],[-59.12367,-38.15061],[-59.12394,-38.15092],[-59.12421,-38.15124],[-59.12448,-38.15155],[-59.12475,-38.15187],[-59.12502,-38.15218],[-59.12508,-38.15257],[-59.12515,-38.15295],[-59.12522,-38.15334],[-59.12528,-38.15372],[-59.12535,-38.15411],[-59.12541,-38.1545],[-59.12548,-38.15488],[-59.12547,-38.15533],[-59.12547,-38.15578],[-59.12546,-38.15623],[-59.12545,-38.15668],[-59.12545,-38.15713],[-59.12544,-38.15758],[-59.12544,-38.15803],[-59.12543,-38.15847],[-59.12543,-38.15892],[-59.12523,-38.15931],[-59.12504,-38.15969],[-59.12484,-38.16007],[-59.12465,-38.16046],[-59.12446,-38.16084],[-59.12426,-38.16123],[-59.12407,-38.16161],[-59.12387,-38.16199],[-59.12368,-38.16238],[-59.1237,-38.16281],[-59.12373,-38.16324],[-59.12375,-38.16368],[-59.12378,-38.16411],[-59.1238,-38.16454],[-59.12383,-38.16498],[-59.12385,-38.16541],[-59.12388,-38.16584],[-59.12396,-38.16626],[-59.12403,-38.16668],[-59.12411,-38.1671],[-59.12419,-38.16751],[-59.12426,-38.16793],[-59.12434,-38.16835],[-59.12451,-38.16876],[-59.12468,-38.16918],[-59.12485,-38.16959],[-59.12501,-38.17],[-59.12518,-38.17042],[-59.12535,-38.17083],[-59.12552,-38.17125]]]]}},{"type":"Feature","properties":{"fdc":"IGN","sag":"IGN","tipo":"Pajonal, juncal, totoral","ign":"vegetacion_hidrofila_ED020.2013"},"geometry":{"type":"MultiPolygon","coordinates":[[[[-59.09359,-38.45273],[-59.09386,-38.45294],[-59.09412,-38.45316],[-59.09437,-38.45292],[-59.09469,-38.45261],[-59.095,-38.45231],[-59.09532,-38.452],[-59.09564,-38.4517],[-59.09596,-38.45139],[-59.09628,-38.45108],[-59.0966,-38.45078],[-59.09691,-38.45047],[-59.09723,-38.45017],[-59.09755,-38.44986],[-59.09767,-38.44944],[-59.09779,-38.44903],[-59.0979,-38.44861],[-59.09802,-38.44819],[-59.09814,-38.44778],[-59.09826,-38.44736],[-59.09838,-38.44695],[-59.09849,-38.44653],[-59.09861,-38.44611],[-59.09873,-38.4457],[-59.09885,-38.44528],[-59.09896,-38.44486],[-59.09908,-38.44445],[-59.0992,-38.44403],[-59.09932,-38.44362],[-59.09944,-38.4432],[-59.09955,-38.44278],[-59.09967,-38.44237],[-59.09979,-38.44195],[-59.09991,-38.44153],[-59.10003,-38.44112],[-59.10014,-38.4407],[-59.10026,-38.44029],[-59.10038,-38.43987],[-59.1005,-38.43945],[-59.10064,-38.43905],[-59.10078,-38.43864],[-59.10091,-38.43823],[-59.10105,-38.43782],[-59.10119,-38.43742],[-59.10133,-38.43701],[-59.10147,-38.4366],[-59.10161,-38.43619],[-59.10175,-38.43578],[-59.10188,-38.43538],[-59.10202,-38.43497],[-59.10216,-38.43456],[-59.1023,-38.43415],[-59.10244,-38.43375],[-59.10258,-38.43334],[-59.10271,-38.43293],[-59.10285,-38.43252],[-59.10299,-38.43212],[-59.10313,-38.43171],[-59.10314,-38.43127],[-59.10314,-38.43082],[-59.10315,-38.43038],[-59.10315,-38.42994],[-59.10316,-38.42949],[-59.10316,-38.42905],[-59.10317,-38.42861],[-59.10317,-38.42816],[-59.10311,-38.42772],[-59.10305,-38.42727],[-59.10299,-38.42683],[-59.10294,-38.42639],[-59.10288,-38.42594],[-59.10282,-38.4255],[-59.10276,-38.42505],[-59.1027,-38.42461],[-59.10264,-38.42417],[-59.10258,-38.42372],[-59.10252,-38.42328],[-59.10246,-38.42283],[-59.1024,-38.42239],[-59.10224,-38.42197],[-59.10207,-38.42156],[-59.10191,-38.42114],[-59.10174,-38.42072],[-59.10157,-38.42031],[-59.10141,-38.41989],[-59.10124,-38.41947],[-59.10108,-38.41906],[-59.10091,-38.41864],[-59.10075,-38.41822],[-59.10058,-38.41781],[-59.10042,-38.41739],[-59.10025,-38.41697],[-59.10009,-38.41656],[-59.09992,-38.41614],[-59.09975,-38.41572],[-59.09967,-38.41549],[-59.0996,-38.41505],[-59.09953,-38.4146],[-59.09946,-38.41416],[-59.09939,-38.41371],[-59.09932,-38.41327],[-59.09925,-38.41283],[-59.09918,-38.41238],[-59.09911,-38.41194],[-59.09904,-38.41149],[-59.09897,-38.41105],[-59.0989,-38.4106],[-59.09883,-38.41016],[-59.09876,-38.40972],[-59.09869,-38.40927],[-59.09862,-38.40883],[-59.09849,-38.40842],[-59.09836,-38.40801],[-59.09824,-38.4076],[-59.09811,-38.40719],[-59.09798,-38.40678],[-59.09785,-38.40637],[-59.09772,-38.40596],[-59.0976,-38.40555],[-59.09747,-38.40514],[-59.09734,-38.40473],[-59.09721,-38.40432],[-59.09708,-38.40391],[-59.09695,-38.4035],[-59.09683,-38.40309],[-59.0967,-38.40268],[-59.09657,-38.40227],[-59.09644,-38.40186],[-59.09631,-38.40145],[-59.09618,-38.40104],[-59.0962,-38.4006],[-59.09621,-38.40015],[-59.09623,-38.3997],[-59.09624,-38.39925],[-59.09626,-38.3988],[-59.09627,-38.39836],[-59.09629,-38.39791],[-59.0963,-38.39746],[-59.09632,-38.39701],[-59.09633,-38.39656],[-59.09635,-38.39612],[-59.09636,-38.39567],[-59.09638,-38.39522],[-59.09639,-38.39477],[-59.09641,-38.39433],[-59.09642,-38.3939],[-59.09643,-38.39347],[-59.09645,-38.39305],[-59.09646,-38.39262],[-59.09648,-38.3922],[-59.09649,-38.39177],[-59.0965,-38.39135],[-59.09652,-38.39092],[-59.09653,-38.3905],[-59.09655,-38.39007],[-59.09656,-38.38964],[-59.09657,-38.38922],[-59.09659,-38.38879],[-59.0966,-38.38837],[-59.09662,-38.38794],[-59.09663,-38.38752],[-59.09666,-38.38707],[-59.09668,-38.38663],[-59.09671,-38.38619],[-59.09674,-38.38574],[-59.09677,-38.3853],[-59.09679,-38.38486],[-59.09682,-38.38441],[-59.09685,-38.38397],[-59.09688,-38.38353],[-59.0969,-38.38308],[-59.09693,-38.38264],[-59.09696,-38.3822],[-59.09698,-38.38175],[-59.09701,-38.38131],[-59.09704,-38.38087],[-59.09707,-38.38042],[-59.09709,-38.37998],[-59.09712,-38.37954],[-59.09715,-38.37909],[-59.09718,-38.37865],[-59.0972,-38.3782],[-59.09723,-38.37776],[-59.09726,-38.37732],[-59.09729,-38.37687],[-59.09731,-38.37643],[-59.09734,-38.37599],[-59.09748,-38.37557],[-59.09763,-38.37516],[-59.09777,-38.37474],[-59.09791,-38.37433],[-59.09805,-38.37391],[-59.0982,-38.3735],[-59.09834,-38.37308],[-59.09848,-38.37267],[-59.09863,-38.37225],[-59.09877,-38.37184],[-59.09891,-38.37142],[-59.09906,-38.37101],[-59.09919,-38.37061],[-59.09933,-38.37021],[-59.09947,-38.36981],[-59.09961,-38.36941],[-59.09975,-38.36901],[-59.09988,-38.36861],[-59.10002,-38.36821],[-59.10016,-38.36781],[-59.1003,-38.36741],[-59.10044,-38.36701],[-59.10057,-38.36661],[-59.10071,-38.36621],[-59.10085,-38.36581],[-59.10083,-38.36537],[-59.10081,-38.36493],[-59.10079,-38.36448],[-59.10078,-38.36404],[-59.10076,-38.36359],[-59.10074,-38.36315],[-59.10072,-38.36271],[-59.1007,-38.36226],[-59.10068,-38.36182],[-59.10066,-38.36137],[-59.10065,-38.36093],[-59.10063,-38.36049],[-59.10055,-38.36006],[-59.10047,-38.35963],[-59.1004,-38.35921],[-59.10032,-38.35878],[-59.10024,-38.35836],[-59.10017,-38.35793],[-59.10009,-38.35751],[-59.10001,-38.35708],[-59.09994,-38.35665],[-59.09986,-38.35623],[-59.09978,-38.3558],[-59.09971,-38.35538],[-59.09963,-38.35495],[-59.09955,-38.35452],[-59.09948,-38.3541],[-59.0995,-38.35367],[-59.09953,-38.35325],[-59.09956,-38.35282],[-59.09959,-38.3524],[-59.09962,-38.35197],[-59.09965,-38.35155],[-59.09968,-38.35112],[-59.09971,-38.3507],[-59.09974,-38.35027],[-59.09977,-38.34985],[-59.09979,-38.34942],[-59.09982,-38.349],[-59.09985,-38.34857],[-59.09988,-38.34815],[-59.09991,-38.34772],[-59.09999,-38.34731],[-59.10007,-38.34689],[-59.10015,-38.34648],[-59.10023,-38.34606],[-59.10031,-38.34565],[-59.10039,-38.34523],[-59.10047,-38.34482],[-59.10055,-38.3444],[-59.10063,-38.34399],[-59.10071,-38.34357],[-59.10079,-38.34316],[-59.10088,-38.34274],[-59.10096,-38.34233],[-59.10104,-38.34191],[-59.101,-38.34147],[-59.10096,-38.34102],[-59.10093,-38.34058],[-59.10089,-38.34014],[-59.10085,-38.33969],[-59.10082,-38.33925],[-59.10078,-38.3388],[-59.10074,-38.33836],[-59.10071,-38.33792],[-59.10067,-38.33747],[-59.10063,-38.33703],[-59.1006,-38.33658],[-59.10056,-38.33614],[-59.10052,-38.3357],[-59.10049,-38.33525],[-59.10045,-38.33481],[-59.10041,-38.33437],[-59.10038,-38.33392],[-59.10034,-38.33348],[-59.1003,-38.33303],[-59.10027,-38.33259],[-59.10023,-38.33215],[-59.10019,-38.3317],[-59.10016,-38.33126],[-59.10012,-38.33081],[-59.09999,-38.33039],[-59.09986,-38.32997],[-59.09973,-38.32955],[-59.0996,-38.32913],[-59.09947,-38.32871],[-59.09933,-38.32828],[-59.0992,-38.32786],[-59.09907,-38.32744],[-59.09894,-38.32702],[-59.09881,-38.3266],[-59.09868,-38.32618],[-59.09855,-38.32576],[-59.09842,-38.32533],[-59.09829,-38.32491],[-59.09815,-38.32449],[-59.09802,-38.32407],[-59.09789,-38.32365],[-59.09776,-38.32323],[-59.09763,-38.3228],[-59.0975,-38.32238],[-59.09737,-38.32196],[-59.09724,-38.32154],[-59.09711,-38.32112],[-59.09698,-38.3207],[-59.09684,-38.32027],[-59.09671,-38.31985],[-59.09658,-38.31943],[-59.09645,-38.31901],[-59.09632,-38.31859],[-59.09619,-38.31817],[-59.09606,-38.31775],[-59.09591,-38.31733],[-59.09577,-38.31691],[-59.09562,-38.31649],[-59.09547,-38.31608],[-59.09533,-38.31566],[-59.09518,-38.31524],[-59.09504,-38.31483],[-59.09489,-38.31441],[-59.09474,-38.31399],[-59.0946,-38.31358],[-59.09445,-38.31316],[-59.09431,-38.31274],[-59.09416,-38.31233],[-59.09401,-38.31191],[-59.09361,-38.31174],[-59.09321,-38.31156],[-59.0928,-38.31139],[-59.0924,-38.31122],[-59.092,-38.31105],[-59.09159,-38.31087],[-59.09119,-38.3107],[-59.09079,-38.31053],[-59.09039,-38.31036],[-59.09023,-38.31074],[-59.09008,-38.31112],[-59.08992,-38.3115],[-59.08977,-38.31188],[-59.08961,-38.31226],[-59.08972,-38.31267],[-59.08982,-38.31308],[-59.08992,-38.31348],[-59.09003,-38.31389],[-59.09013,-38.31429],[-59.09023,-38.3147],[-59.09034,-38.3151],[-59.09044,-38.31551],[-59.09054,-38.31592],[-59.09064,-38.31632],[-59.09075,-38.31673],[-59.09085,-38.31713],[-59.09095,-38.31754],[-59.09111,-38.31795],[-59.09127,-38.31835],[-59.09143,-38.31876],[-59.09158,-38.31917],[-59.09174,-38.31957],[-59.0919,-38.31998],[-59.09206,-38.32039],[-59.09221,-38.32079],[-59.09237,-38.3212],[-59.09253,-38.32161],[-59.09269,-38.32201],[-59.09284,-38.32242],[-59.093,-38.32283],[-59.09323,-38.3232],[-59.09345,-38.32358],[-59.09367,-38.32396],[-59.09389,-38.32433],[-59.09412,-38.32471],[-59.09434,-38.32509],[-59.09456,-38.32547],[-59.09479,-38.32584],[-59.09501,-38.32622],[-59.09523,-38.3266],[-59.09546,-38.32697],[-59.09568,-38.32735],[-59.0959,-38.32773],[-59.09612,-38.3281],[-59.09635,-38.32848],[-59.09657,-38.32886],[-59.09679,-38.32924],[-59.09684,-38.32968],[-59.09688,-38.33012],[-59.09692,-38.33057],[-59.09696,-38.33101],[-59.097,-38.33145],[-59.09704,-38.3319],[-59.09708,-38.33234],[-59.09713,-38.33279],[-59.09717,-38.33323],[-59.09721,-38.33367],[-59.09725,-38.33412],[-59.09729,-38.33456],[-59.09733,-38.335],[-59.09737,-38.33545],[-59.09742,-38.33589],[-59.09739,-38.33633],[-59.09735,-38.33676],[-59.09732,-38.3372],[-59.09729,-38.33763],[-59.09726,-38.33807],[-59.09723,-38.33851],[-59.0972,-38.33894],[-59.09717,-38.33938],[-59.09714,-38.33981],[-59.09711,-38.34025],[-59.09708,-38.34068],[-59.09705,-38.34112],[-59.09702,-38.34156],[-59.09698,-38.34199],[-59.09686,-38.34241],[-59.09674,-38.34282],[-59.09662,-38.34324],[-59.0965,-38.34365],[-59.09637,-38.34407],[-59.09625,-38.34448],[-59.09613,-38.3449],[-59.09601,-38.34531],[-59.09588,-38.34573],[-59.09576,-38.34614],[-59.09564,-38.34655],[-59.09552,-38.34697],[-59.09551,-38.34741],[-59.09551,-38.34784],[-59.0955,-38.34828],[-59.09549,-38.34871],[-59.09549,-38.34915],[-59.09548,-38.34959],[-59.09548,-38.35002],[-59.09552,-38.35046],[-59.09556,-38.3509],[-59.09561,-38.35134],[-59.09565,-38.35178],[-59.09569,-38.35222],[-59.09574,-38.35266],[-59.09578,-38.3531],[-59.09582,-38.35354],[-59.09587,-38.35398],[-59.09591,-38.35442],[-59.09595,-38.35486],[-59.09599,-38.3553],[-59.09604,-38.35574],[-59.09608,-38.35618],[-59.09612,-38.35662],[-59.09617,-38.35706],[-59.09621,-38.3575],[-59.09625,-38.35794],[-59.0963,-38.35838],[-59.09634,-38.35882],[-59.09638,-38.35926],[-59.09642,-38.3597],[-59.09647,-38.36014],[-59.09651,-38.36058],[-59.09655,-38.36102],[-59.0966,-38.36146],[-59.09664,-38.36191],[-59.09668,-38.36235],[-59.09673,-38.36279],[-59.09664,-38.36322],[-59.09656,-38.36365],[-59.09647,-38.36408],[-59.09639,-38.36451],[-59.09631,-38.36494],[-59.09622,-38.36537],[-59.09614,-38.3658],[-59.09606,-38.36623],[-59.09597,-38.36666],[-59.09589,-38.36709],[-59.09581,-38.36752],[-59.09572,-38.36795],[-59.09564,-38.36838],[-59.09556,-38.36881],[-59.09547,-38.36924],[-59.09539,-38.36967],[-59.09531,-38.3701],[-59.09522,-38.37053],[-59.09511,-38.37096],[-59.095,-38.37138],[-59.0949,-38.3718],[-59.09479,-38.37223],[-59.09468,-38.37265],[-59.09457,-38.37307],[-59.09446,-38.3735],[-59.09435,-38.37392],[-59.09424,-38.37434],[-59.09413,-38.37477],[-59.09403,-38.37519],[-59.09392,-38.37561],[-59.09381,-38.37604],[-59.0937,-38.37646],[-59.09359,-38.37688],[-59.09348,-38.37731],[-59.09337,-38.37773],[-59.09337,-38.37817],[-59.09336,-38.37862],[-59.09336,-38.37906],[-59.09335,-38.37951],[-59.09334,-38.37995],[-59.09334,-38.38039],[-59.09333,-38.38084],[-59.09333,-38.38128],[-59.09332,-38.38172],[-59.09332,-38.38217],[-59.09331,-38.38261],[-59.09331,-38.38306],[-59.0933,-38.3835],[-59.09329,-38.38394],[-59.09329,-38.38439],[-59.09328,-38.38483],[-59.09328,-38.38527],[-59.09327,-38.38572],[-59.09327,-38.38616],[-59.09326,-38.3866],[-59.09323,-38.38705],[-59.09319,-38.3875],[-59.09315,-38.38794],[-59.09312,-38.38839],[-59.09308,-38.38883],[-59.09304,-38.38928],[-59.09301,-38.38973],[-59.09297,-38.39017],[-59.09294,-38.39062],[-59.0929,-38.39106],[-59.09286,-38.39151],[-59.09283,-38.39195],[-59.09279,-38.3924],[-59.09276,-38.39285],[-59.09272,-38.39329],[-59.09268,-38.39374],[-59.09265,-38.39418],[-59.09261,-38.39463],[-59.09257,-38.39507],[-59.09254,-38.39552],[-59.0925,-38.39597],[-59.09247,-38.39641],[-59.09243,-38.39686],[-59.09248,-38.39729],[-59.09254,-38.39772],[-59.09259,-38.39815],[-59.09264,-38.39858],[-59.0927,-38.39902],[-59.09275,-38.39945],[-59.0928,-38.39988],[-59.09286,-38.40031],[-59.09291,-38.40074],[-59.09296,-38.40117],[-59.09302,-38.4016],[-59.09307,-38.40204],[-59.09312,-38.40247],[-59.09318,-38.4029],[-59.09323,-38.40333],[-59.09328,-38.40376],[-59.09334,-38.40419],[-59.09339,-38.40462],[-59.09359,-38.405],[-59.09379,-38.40537],[-59.09399,-38.40574],[-59.0942,-38.40611],[-59.0944,-38.40648],[-59.0946,-38.40685],[-59.0948,-38.40722],[-59.095,-38.4076],[-59.0952,-38.40797],[-59.0954,-38.40834],[-59.0956,-38.40871],[-59.0958,-38.40908],[-59.09584,-38.40951],[-59.09587,-38.40993],[-59.0959,-38.41036],[-59.09594,-38.41078],[-59.09597,-38.41121],[-59.096,-38.41163],[-59.09604,-38.41206],[-59.09607,-38.41248],[-59.0961,-38.41291],[-59.09613,-38.41333],[-59.09617,-38.41376],[-59.0962,-38.41418],[-59.09623,-38.41461],[-59.09627,-38.41503],[-59.0963,-38.4154],[-59.09632,-38.41576],[-59.09635,-38.41612],[-59.09638,-38.41649],[-59.09641,-38.41685],[-59.09655,-38.41728],[-59.09669,-38.4177],[-59.09683,-38.41813],[-59.09697,-38.41855],[-59.09711,-38.41898],[-59.09725,-38.4194],[-59.09739,-38.41983],[-59.09753,-38.42025],[-59.09767,-38.42068],[-59.09781,-38.4211],[-59.09795,-38.42153],[-59.09809,-38.42195],[-59.09823,-38.42238],[-59.09837,-38.4228],[-59.09851,-38.42323],[-59.09865,-38.42365],[-59.09879,-38.42408],[-59.09881,-38.42451],[-59.09884,-38.42494],[-59.09887,-38.42537],[-59.09889,-38.42579],[-59.09892,-38.42622],[-59.09895,-38.42665],[-59.09897,-38.42708],[-59.099,-38.42751],[-59.09903,-38.42794],[-59.09905,-38.42837],[-59.09908,-38.42879],[-59.09912,-38.42916],[-59.09917,-38.42953],[-59.09921,-38.4299],[-59.09899,-38.43026],[-59.09877,-38.43062],[-59.09855,-38.43098],[-59.09832,-38.43133],[-59.0981,-38.43169],[-59.09788,-38.43205],[-59.09766,-38.4324],[-59.09744,-38.43276],[-59.09722,-38.43312],[-59.097,-38.43347],[-59.09678,-38.43383],[-59.09655,-38.43419],[-59.09633,-38.43454],[-59.09617,-38.43491],[-59.09601,-38.43528],[-59.09585,-38.43565],[-59.09568,-38.43602],[-59.09552,-38.43638],[-59.09536,-38.43675],[-59.0952,-38.43712],[-59.09504,-38.43749],[-59.09488,-38.43785],[-59.09501,-38.43827],[-59.09515,-38.43869],[-59.09528,-38.43911],[-59.09542,-38.43952],[-59.09555,-38.43994],[-59.09569,-38.44036],[-59.09583,-38.44078],[-59.09596,-38.44119],[-59.09576,-38.44159],[-59.09555,-38.44198],[-59.09534,-38.44238],[-59.09514,-38.44277],[-59.09493,-38.44317],[-59.09472,-38.44356],[-59.09452,-38.44395],[-59.09431,-38.44435],[-59.09411,-38.44474],[-59.0939,-38.44514],[-59.09369,-38.44553],[-59.09349,-38.44593],[-59.09328,-38.44632],[-59.09307,-38.44672],[-59.09302,-38.44714],[-59.09297,-38.44757],[-59.09292,-38.44799],[-59.09286,-38.44842],[-59.09281,-38.44884],[-59.09276,-38.44926],[-59.09271,-38.44969],[-59.09266,-38.45011],[-59.0926,-38.45054],[-59.09255,-38.45096],[-59.0925,-38.45139],[-59.09245,-38.45181],[-59.09273,-38.45204],[-59.09302,-38.45227],[-59.0933,-38.4525],[-59.09359,-38.45273]]]]}},{"type":"Feature","properties":{"fdc":"IGN","sag":"IGN","tipo":"Pajonal, juncal, totoral","ign":"vegetacion_hidrofila_ED020.2046"},"geometry":{"type":"MultiPolygon","coordinates":[[[[-58.91328,-38.44904],[-58.91329,-38.44947],[-58.91329,-38.4499],[-58.9133,-38.45033],[-58.9133,-38.45076],[-58.91331,-38.45119],[-58.91332,-38.45162],[-58.91332,-38.45205],[-58.91333,-38.45248],[-58.91333,-38.45291],[-58.91334,-38.45334],[-58.91334,-38.45377],[-58.91335,-38.4542],[-58.91336,-38.45463],[-58.91336,-38.45506],[-58.91337,-38.45549],[-58.91315,-38.45586],[-58.91293,-38.45623],[-58.91272,-38.45661],[-58.9125,-38.45698],[-58.91228,-38.45735],[-58.91206,-38.45772],[-58.91185,-38.4581],[-58.91163,-38.45847],[-58.91141,-38.45884],[-58.91109,-38.45903],[-58.91076,-38.45921],[-58.91043,-38.45939],[-58.91011,-38.45957],[-58.90978,-38.45975],[-58.90961,-38.46015],[-58.90943,-38.46054],[-58.90926,-38.46094],[-58.90909,-38.46133],[-58.90891,-38.46173],[-58.90874,-38.46212],[-58.90848,-38.46244],[-58.90822,-38.46275],[-58.90797,-38.46307],[-58.90771,-38.46338],[-58.90745,-38.4637],[-58.9072,-38.46402],[-58.90694,-38.46433],[-58.90668,-38.46465],[-58.90631,-38.46488],[-58.90593,-38.46512],[-58.90556,-38.46535],[-58.90519,-38.46559],[-58.90481,-38.46582],[-58.90444,-38.46606],[-58.90437,-38.46648],[-58.90429,-38.4669],[-58.90422,-38.46732],[-58.90414,-38.46775],[-58.90405,-38.46817],[-58.90396,-38.46859],[-58.90388,-38.46901],[-58.90379,-38.46944],[-58.90371,-38.46986],[-58.90362,-38.47028],[-58.90354,-38.4707],[-58.90345,-38.47113],[-58.90337,-38.47155],[-58.90328,-38.47197],[-58.9032,-38.47239],[-58.90311,-38.47282],[-58.90303,-38.47324],[-58.90294,-38.47366],[-58.90286,-38.47408],[-58.90277,-38.47451],[-58.90269,-38.47493],[-58.90252,-38.47531],[-58.90236,-38.4757],[-58.90219,-38.47608],[-58.90203,-38.47647],[-58.90186,-38.47685],[-58.9017,-38.47723],[-58.90154,-38.47762],[-58.90137,-38.478],[-58.90121,-38.47839],[-58.90104,-38.47877],[-58.90088,-38.47915],[-58.90071,-38.47954],[-58.90055,-38.47992],[-58.90038,-38.4803],[-58.9002,-38.48068],[-58.90002,-38.48106],[-58.89984,-38.48144],[-58.89966,-38.48182],[-58.89948,-38.4822],[-58.8993,-38.48258],[-58.89912,-38.48296],[-58.89894,-38.48334],[-58.89876,-38.48372],[-58.89858,-38.4841],[-58.8984,-38.48448],[-58.89822,-38.48486],[-58.89804,-38.48524],[-58.89786,-38.48562],[-58.89767,-38.486],[-58.89796,-38.48628],[-58.89825,-38.48657],[-58.89854,-38.48685],[-58.89882,-38.48714],[-58.89911,-38.48742],[-58.8994,-38.48771],[-58.89968,-38.48799],[-58.89997,-38.48827],[-58.90026,-38.48856],[-58.90063,-38.48843],[-58.901,-38.4883],[-58.90137,-38.48817],[-58.90175,-38.48805],[-58.90212,-38.48792],[-58.90249,-38.48779],[-58.90282,-38.48753],[-58.90316,-38.48728],[-58.90349,-38.48703],[-58.90382,-38.48677],[-58.90415,-38.48652],[-58.90448,-38.48626],[-58.90482,-38.48601],[-58.90515,-38.48575],[-58.90509,-38.48535],[-58.90503,-38.48494],[-58.90496,-38.48453],[-58.9049,-38.48413],[-58.90484,-38.48372],[-58.90478,-38.48331],[-58.90472,-38.48291],[-58.90466,-38.4825],[-58.9046,-38.48209],[-58.90469,-38.48169],[-58.90479,-38.48128],[-58.90489,-38.48088],[-58.90498,-38.48047],[-58.90508,-38.48007],[-58.90517,-38.47966],[-58.90527,-38.47926],[-58.90536,-38.47885],[-58.90546,-38.47845],[-58.90573,-38.47815],[-58.90599,-38.47786],[-58.90625,-38.47757],[-58.90652,-38.47728],[-58.90678,-38.47699],[-58.90705,-38.47669],[-58.90731,-38.4764],[-58.90746,-38.476],[-58.90761,-38.47559],[-58.90776,-38.47518],[-58.90791,-38.47478],[-58.90806,-38.47437],[-58.90822,-38.47396],[-58.90837,-38.47355],[-58.90852,-38.47315],[-58.90867,-38.47274],[-58.90882,-38.47233],[-58.90897,-38.47193],[-58.90912,-38.47152],[-58.90927,-38.47111],[-58.90942,-38.47071],[-58.90959,-38.47031],[-58.90976,-38.46992],[-58.90994,-38.46952],[-58.91011,-38.46913],[-58.91029,-38.46873],[-58.91046,-38.46833],[-58.9108,-38.46807],[-58.91114,-38.46781],[-58.91148,-38.46755],[-58.91182,-38.46729],[-58.91217,-38.46703],[-58.91251,-38.46677],[-58.91285,-38.4665],[-58.91319,-38.46624],[-58.91353,-38.46598],[-58.91387,-38.46572],[-58.91421,-38.46546],[-58.91455,-38.4652],[-58.91489,-38.46494],[-58.91523,-38.46467],[-58.91557,-38.46441],[-58.91578,-38.46402],[-58.91599,-38.46364],[-58.91619,-38.46325],[-58.9164,-38.46286],[-58.91661,-38.46247],[-58.91682,-38.46209],[-58.91702,-38.4617],[-58.91723,-38.46131],[-58.91744,-38.46092],[-58.91764,-38.46054],[-58.91785,-38.46015],[-58.91824,-38.46001],[-58.91863,-38.45987],[-58.91901,-38.45973],[-58.9194,-38.45958],[-58.91979,-38.45944],[-58.92018,-38.4593],[-58.92057,-38.45916],[-58.92095,-38.45902],[-58.92134,-38.45888],[-58.92173,-38.45874],[-58.92212,-38.4586],[-58.92246,-38.45837],[-58.9228,-38.45815],[-58.92314,-38.45792],[-58.92348,-38.45769],[-58.92382,-38.45747],[-58.92416,-38.45724],[-58.9245,-38.45701],[-58.92484,-38.45679],[-58.92517,-38.45656],[-58.92562,-38.45655],[-58.92606,-38.45654],[-58.92651,-38.45653],[-58.92695,-38.45651],[-58.9274,-38.4565],[-58.92784,-38.45649],[-58.92829,-38.45648],[-58.92873,-38.45647],[-58.92918,-38.45646],[-58.92962,-38.45644],[-58.92995,-38.45619],[-58.93028,-38.45594],[-58.93061,-38.45568],[-58.93094,-38.45543],[-58.93127,-38.45518],[-58.9316,-38.45492],[-58.93193,-38.45467],[-58.93226,-38.45442],[-58.93259,-38.45416],[-58.93292,-38.45391],[-58.93325,-38.45365],[-58.93358,-38.4534],[-58.93391,-38.45315],[-58.93419,-38.45285],[-58.93447,-38.45255],[-58.93475,-38.45225],[-58.93503,-38.45195],[-58.93531,-38.45165],[-58.93559,-38.45135],[-58.93587,-38.45105],[-58.93615,-38.45075],[-58.93643,-38.45045],[-58.93671,-38.45014],[-58.93699,-38.44984],[-58.9374,-38.44968],[-58.9378,-38.44951],[-58.93821,-38.44934],[-58.93861,-38.44917],[-58.93902,-38.449],[-58.93943,-38.44883],[-58.93983,-38.44866],[-58.94024,-38.4485],[-58.94065,-38.44833],[-58.94105,-38.44816],[-58.94146,-38.44799],[-58.94186,-38.44782],[-58.94222,-38.44757],[-58.94258,-38.44733],[-58.94293,-38.44708],[-58.94329,-38.44683],[-58.94365,-38.44658],[-58.944,-38.44633],[-58.94436,-38.44609],[-58.94472,-38.44584],[-58.94507,-38.44559],[-58.94543,-38.44534],[-58.94579,-38.4451],[-58.94614,-38.44485],[-58.94649,-38.44458],[-58.94684,-38.44431],[-58.94719,-38.44404],[-58.94754,-38.44378],[-58.94789,-38.44351],[-58.94824,-38.44324],[-58.94858,-38.44297],[-58.94893,-38.4427],[-58.94928,-38.44244],[-58.94963,-38.44217],[-58.94998,-38.4419],[-58.95033,-38.44163],[-58.95067,-38.44136],[-58.95102,-38.4411],[-58.95137,-38.44083],[-58.95172,-38.44056],[-58.95207,-38.44029],[-58.95236,-38.43999],[-58.95266,-38.43968],[-58.95295,-38.43938],[-58.95325,-38.43907],[-58.95354,-38.43877],[-58.95384,-38.43846],[-58.95413,-38.43816],[-58.95442,-38.43785],[-58.95472,-38.43755],[-58.95501,-38.43725],[-58.95531,-38.43694],[-58.9556,-38.43664],[-58.9559,-38.43633],[-58.95619,-38.43603],[-58.95649,-38.43572],[-58.95678,-38.43542],[-58.95655,-38.43504],[-58.95632,-38.43467],[-58.95609,-38.4343],[-58.95586,-38.43392],[-58.95563,-38.43355],[-58.9554,-38.43318],[-58.95524,-38.43276],[-58.95507,-38.43235],[-58.95491,-38.43193],[-58.95474,-38.43151],[-58.95458,-38.4311],[-58.95441,-38.43068],[-58.95425,-38.43026],[-58.95408,-38.42985],[-58.95392,-38.42943],[-58.95375,-38.42901],[-58.95359,-38.4286],[-58.95342,-38.42818],[-58.95326,-38.42776],[-58.95314,-38.42741],[-58.95303,-38.42706],[-58.95291,-38.42671],[-58.95279,-38.42636],[-58.95267,-38.42601],[-58.95236,-38.42575],[-58.95204,-38.4255],[-58.95172,-38.42524],[-58.9514,-38.42498],[-58.95108,-38.42472],[-58.95067,-38.4246],[-58.95025,-38.42448],[-58.94984,-38.42436],[-58.94942,-38.42424],[-58.94901,-38.42412],[-58.9486,-38.424],[-58.94818,-38.42388],[-58.94777,-38.42376],[-58.94735,-38.42364],[-58.94694,-38.42352],[-58.94653,-38.4234],[-58.94686,-38.42365],[-58.94719,-38.42389],[-58.94752,-38.42413],[-58.94786,-38.42438],[-58.94805,-38.42473],[-58.94825,-38.42508],[-58.94845,-38.42543],[-58.94864,-38.42578],[-58.94884,-38.42613],[-58.94877,-38.42658],[-58.9487,-38.42702],[-58.94864,-38.42746],[-58.94857,-38.42791],[-58.94851,-38.42835],[-58.94844,-38.4288],[-58.94837,-38.42924],[-58.94831,-38.42968],[-58.94824,-38.43013],[-58.94817,-38.43057],[-58.94802,-38.43099],[-58.94786,-38.4314],[-58.9477,-38.43182],[-58.94754,-38.43223],[-58.94738,-38.43265],[-58.94723,-38.43306],[-58.94707,-38.43348],[-58.94691,-38.4339],[-58.94666,-38.43423],[-58.94642,-38.43456],[-58.94617,-38.43489],[-58.94592,-38.43522],[-58.94567,-38.43555],[-58.94543,-38.43588],[-58.94518,-38.43622],[-58.94493,-38.43655],[-58.94469,-38.43688],[-58.94444,-38.43721],[-58.94416,-38.43754],[-58.94388,-38.43787],[-58.9436,-38.4382],[-58.94332,-38.43853],[-58.94304,-38.43886],[-58.94276,-38.43918],[-58.94248,-38.43951],[-58.9422,-38.43984],[-58.94192,-38.44017],[-58.94164,-38.4405],[-58.94136,-38.44083],[-58.94107,-38.44115],[-58.94078,-38.44146],[-58.9405,-38.44178],[-58.94021,-38.44209],[-58.93992,-38.44241],[-58.93964,-38.44272],[-58.93935,-38.44304],[-58.93906,-38.44335],[-58.93877,-38.44367],[-58.93849,-38.44398],[-58.93816,-38.44426],[-58.93784,-38.44453],[-58.93752,-38.44481],[-58.93719,-38.44508],[-58.93687,-38.44536],[-58.93654,-38.44563],[-58.93622,-38.44591],[-58.9359,-38.44618],[-58.93557,-38.44646],[-58.93525,-38.44673],[-58.93492,-38.44701],[-58.9346,-38.44728],[-58.93425,-38.44748],[-58.9339,-38.44768],[-58.93355,-38.44788],[-58.93321,-38.44809],[-58.93286,-38.44829],[-58.93251,-38.44849],[-58.93216,-38.44869],[-58.93181,-38.44889],[-58.93146,-38.44909],[-58.93111,-38.44929],[-58.93076,-38.44949],[-58.93041,-38.44969],[-58.93006,-38.44989],[-58.92971,-38.45009],[-58.92933,-38.45023],[-58.92895,-38.45037],[-58.92856,-38.45051],[-58.92818,-38.45064],[-58.9278,-38.45078],[-58.92742,-38.45092],[-58.92703,-38.45106],[-58.92665,-38.45119],[-58.92627,-38.45133],[-58.92589,-38.45153],[-58.92552,-38.45174],[-58.92515,-38.45194],[-58.92478,-38.45214],[-58.92441,-38.45234],[-58.92404,-38.45254],[-58.92367,-38.45275],[-58.9233,-38.45295],[-58.92293,-38.45315],[-58.92256,-38.45335],[-58.92219,-38.45355],[-58.92182,-38.45376],[-58.92145,-38.45396],[-58.92107,-38.45416],[-58.9207,-38.45436],[-58.92096,-38.45402],[-58.92122,-38.45368],[-58.92149,-38.45335],[-58.92175,-38.45301],[-58.92201,-38.45267],[-58.92227,-38.45233],[-58.92253,-38.45199],[-58.92285,-38.45172],[-58.92317,-38.45145],[-58.92349,-38.45118],[-58.92382,-38.45091],[-58.92414,-38.45063],[-58.92446,-38.45036],[-58.92478,-38.45009],[-58.92511,-38.44982],[-58.92543,-38.44955],[-58.92575,-38.44928],[-58.92607,-38.44901],[-58.9264,-38.44873],[-58.9263,-38.4483],[-58.9262,-38.44787],[-58.9261,-38.44744],[-58.926,-38.44701],[-58.9259,-38.44658],[-58.9258,-38.44615],[-58.9257,-38.44572],[-58.9256,-38.44529],[-58.9255,-38.44486],[-58.9254,-38.44443],[-58.9253,-38.444],[-58.9252,-38.44357],[-58.92514,-38.44312],[-58.92508,-38.44268],[-58.92502,-38.44224],[-58.92496,-38.44179],[-58.9249,-38.44135],[-58.92484,-38.44091],[-58.92478,-38.44046],[-58.92472,-38.44002],[-58.92466,-38.43958],[-58.9246,-38.43913],[-58.92455,-38.43869],[-58.92478,-38.43833],[-58.92501,-38.43796],[-58.92524,-38.4376],[-58.92548,-38.43723],[-58.92571,-38.43687],[-58.92594,-38.4365],[-58.92617,-38.43614],[-58.92641,-38.43577],[-58.92664,-38.43541],[-58.92687,-38.43504],[-58.9271,-38.43468],[-58.92734,-38.43432],[-58.92757,-38.43395],[-58.9278,-38.43359],[-58.92804,-38.43322],[-58.92827,-38.43286],[-58.92832,-38.43244],[-58.92837,-38.43202],[-58.92841,-38.4316],[-58.92846,-38.43118],[-58.92851,-38.43077],[-58.92856,-38.43035],[-58.92861,-38.42993],[-58.92866,-38.42951],[-58.9287,-38.42909],[-58.92875,-38.42868],[-58.9288,-38.42826],[-58.92885,-38.42784],[-58.9289,-38.42742],[-58.92879,-38.42702],[-58.92868,-38.42661],[-58.92857,-38.42621],[-58.92846,-38.4258],[-58.92835,-38.4254],[-58.92824,-38.42499],[-58.92813,-38.42459],[-58.92802,-38.42418],[-58.92791,-38.42378],[-58.9278,-38.42337],[-58.92769,-38.42297],[-58.92752,-38.42256],[-58.92736,-38.42215],[-58.92719,-38.42174],[-58.92702,-38.42134],[-58.92686,-38.42093],[-58.92669,-38.42052],[-58.92652,-38.42011],[-58.92636,-38.4197],[-58.92619,-38.41929],[-58.92603,-38.41889],[-58.92586,-38.41848],[-58.92569,-38.41807],[-58.92553,-38.41766],[-58.92536,-38.41725],[-58.92519,-38.41684],[-58.92503,-38.41644],[-58.92486,-38.41603],[-58.9247,-38.41562],[-58.92453,-38.41521],[-58.92442,-38.41479],[-58.92431,-38.41437],[-58.9242,-38.41395],[-58.92409,-38.41353],[-58.92398,-38.41311],[-58.92386,-38.41269],[-58.92375,-38.41227],[-58.92364,-38.41185],[-58.92353,-38.41143],[-58.92342,-38.41101],[-58.92331,-38.41059],[-58.9232,-38.41017],[-58.92309,-38.40975],[-58.92298,-38.40932],[-58.92267,-38.40901],[-58.92237,-38.4087],[-58.92207,-38.40839],[-58.92176,-38.40808],[-58.92146,-38.40777],[-58.92116,-38.40746],[-58.92086,-38.40715],[-58.92055,-38.40683],[-58.92025,-38.40652],[-58.91995,-38.40621],[-58.91964,-38.4059],[-58.91934,-38.40559],[-58.91904,-38.40528],[-58.9188,-38.40562],[-58.91855,-38.40596],[-58.91831,-38.4063],[-58.91807,-38.40664],[-58.91783,-38.40698],[-58.91759,-38.40733],[-58.91734,-38.40767],[-58.9171,-38.40801],[-58.91686,-38.40835],[-58.91662,-38.40869],[-58.91678,-38.4091],[-58.91693,-38.40951],[-58.91709,-38.40992],[-58.91725,-38.41033],[-58.9174,-38.41073],[-58.91756,-38.41114],[-58.91772,-38.41155],[-58.91787,-38.41196],[-58.91803,-38.41237],[-58.91819,-38.41278],[-58.91834,-38.41319],[-58.9185,-38.41359],[-58.91866,-38.414],[-58.91881,-38.41441],[-58.91897,-38.41482],[-58.91913,-38.41523],[-58.91928,-38.41564],[-58.91944,-38.41605],[-58.9196,-38.41645],[-58.91963,-38.41688],[-58.91967,-38.41731],[-58.9197,-38.41774],[-58.91974,-38.41817],[-58.91978,-38.4186],[-58.91981,-38.41903],[-58.91985,-38.41946],[-58.91988,-38.41989],[-58.91992,-38.42032],[-58.91995,-38.42075],[-58.91999,-38.42118],[-58.92002,-38.42161],[-58.92006,-38.42204],[-58.91977,-38.42238],[-58.91949,-38.42272],[-58.9192,-38.42306],[-58.91892,-38.4234],[-58.91863,-38.42374],[-58.91835,-38.42407],[-58.91806,-38.42441],[-58.91778,-38.42475],[-58.91749,-38.42509],[-58.91721,-38.42543],[-58.91692,-38.42577],[-58.91664,-38.42611],[-58.91635,-38.42645],[-58.91605,-38.42674],[-58.91575,-38.42704],[-58.91545,-38.42733],[-58.91514,-38.42763],[-58.91484,-38.42793],[-58.91454,-38.42822],[-58.91424,-38.42852],[-58.91393,-38.42882],[-58.91363,-38.42911],[-58.91333,-38.42941],[-58.91303,-38.42971],[-58.91285,-38.43009],[-58.91267,-38.43048],[-58.9125,-38.43086],[-58.91232,-38.43125],[-58.91214,-38.43164],[-58.91197,-38.43202],[-58.91179,-38.43241],[-58.91161,-38.43279],[-58.91143,-38.43318],[-58.91126,-38.43357],[-58.91108,-38.43395],[-58.9109,-38.43434],[-58.91072,-38.43472],[-58.91055,-38.43511],[-58.91037,-38.4355],[-58.91019,-38.43588],[-58.91002,-38.43627],[-58.91007,-38.4367],[-58.91012,-38.43713],[-58.91017,-38.43756],[-58.91022,-38.43799],[-58.91027,-38.43842],[-58.91032,-38.43885],[-58.91038,-38.43928],[-58.91043,-38.43971],[-58.91048,-38.44014],[-58.91053,-38.44057],[-58.91058,-38.441],[-58.91063,-38.44143],[-58.91068,-38.44186],[-58.91074,-38.44229],[-58.91079,-38.44272],[-58.91084,-38.44315],[-58.91089,-38.44358],[-58.91094,-38.44401],[-58.91099,-38.44444],[-58.91105,-38.44487],[-58.9111,-38.4453],[-58.91115,-38.44573],[-58.91139,-38.4461],[-58.91162,-38.44646],[-58.91186,-38.44683],[-58.9121,-38.4472],[-58.91233,-38.44757],[-58.91257,-38.44794],[-58.91281,-38.44831],[-58.91304,-38.44867],[-58.91328,-38.44904]]]]}},{"type":"Feature","properties":{"fdc":"IGN","sag":"IGN","tipo":"Pajonal, juncal, totoral","ign":"vegetacion_hidrofila_ED020.6818"},"geometry":{"type":"MultiPolygon","coordinates":[[[[-58.79341,-38.36235],[-58.7932,-38.36264],[-58.793,-38.36293],[-58.7928,-38.36322],[-58.79302,-38.36314],[-58.79318,-38.36303],[-58.79327,-38.36289],[-58.7933,-38.36261],[-58.79341,-38.36235]]]]}},{"type":"Feature","properties":{"fdc":"IGN","sag":"IGN","tipo":"Pajonal, juncal, totoral","ign":"vegetacion_hidrofila_ED020.6819"},"geometry":{"type":"MultiPolygon","coordinates":[[[[-58.7888,-38.36891],[-58.7886,-38.36925],[-58.7884,-38.36959],[-58.7882,-38.36994],[-58.78801,-38.37028],[-58.78781,-38.37062],[-58.78761,-38.37096],[-58.78741,-38.37131],[-58.78747,-38.37125],[-58.78776,-38.371],[-58.78794,-38.37087],[-58.78813,-38.37073],[-58.78846,-38.37055],[-58.78863,-38.37046],[-58.78887,-38.37035],[-58.78913,-38.37027],[-58.78928,-38.3702],[-58.78944,-38.3701],[-58.78951,-38.37001],[-58.78971,-38.36985],[-58.78984,-38.36978],[-58.79004,-38.36968],[-58.79019,-38.36952],[-58.7903,-38.3694],[-58.79059,-38.3691],[-58.79081,-38.36891],[-58.79092,-38.36871],[-58.79104,-38.3685],[-58.79114,-38.3683],[-58.79121,-38.36823],[-58.79129,-38.36815],[-58.79121,-38.36803],[-58.79116,-38.36791],[-58.79112,-38.3678],[-58.79113,-38.36764],[-58.79108,-38.36748],[-58.79094,-38.36724],[-58.79081,-38.36703],[-58.79076,-38.36686],[-58.79066,-38.36664],[-58.7906,-38.3665],[-58.79061,-38.36634],[-58.79035,-38.36671],[-58.79009,-38.36707],[-58.78983,-38.36744],[-58.78958,-38.36781],[-58.78932,-38.36817],[-58.78906,-38.36854],[-58.7888,-38.36891]]]]}},{"type":"Feature","properties":{"fdc":"IGN","sag":"IGN","tipo":"Pajonal, juncal, totoral","ign":"vegetacion_hidrofila_ED020.6820"},"geometry":{"type":"MultiPolygon","coordinates":[[[[-58.787,-38.37201],[-58.78678,-38.37238],[-58.78657,-38.37275],[-58.78636,-38.37311],[-58.78614,-38.37348],[-58.78593,-38.37385],[-58.78572,-38.37421],[-58.7855,-38.37458],[-58.78529,-38.37495],[-58.78537,-38.37492],[-58.78565,-38.37487],[-58.78589,-38.37485],[-58.78615,-38.37481],[-58.78646,-38.37482],[-58.78667,-38.37486],[-58.7869,-38.37491],[-58.78702,-38.37494],[-58.78706,-38.37487],[-58.7871,-38.37474],[-58.78722,-38.37464],[-58.7873,-38.37454],[-58.78744,-38.37441],[-58.78746,-38.37422],[-58.78733,-38.37402],[-58.78725,-38.37381],[-58.78715,-38.37364],[-58.78705,-38.3736],[-58.78704,-38.37349],[-58.78705,-38.37334],[-58.78703,-38.37317],[-58.78702,-38.37302],[-58.787,-38.37286],[-58.78695,-38.37269],[-58.78695,-38.37255],[-58.78698,-38.37242],[-58.787,-38.37228],[-58.787,-38.37207],[-58.787,-38.37201]]]]}},{"type":"Feature","properties":{"fdc":"IGN","sag":"IGN","tipo":"Pajonal, juncal, totoral","ign":"vegetacion_hidrofila_ED020.1934"},"geometry":{"type":"MultiPolygon","coordinates":[[[[-59.16829,-38.11195],[-59.16838,-38.11229],[-59.16848,-38.11264],[-59.16858,-38.11299],[-59.16868,-38.11333],[-59.16877,-38.11368],[-59.16891,-38.11331],[-59.16905,-38.11294],[-59.16919,-38.11256],[-59.16933,-38.11219],[-59.16947,-38.11182],[-59.16959,-38.11141],[-59.16971,-38.11099],[-59.16982,-38.11058],[-59.16994,-38.11016],[-59.17006,-38.10975],[-59.17018,-38.10933],[-59.17029,-38.10892],[-59.17041,-38.1085],[-59.17053,-38.10809],[-59.17046,-38.10766],[-59.17038,-38.10723],[-59.17031,-38.10681],[-59.17024,-38.10638],[-59.17017,-38.10596],[-59.1701,-38.10553],[-59.17003,-38.10511],[-59.16995,-38.10468],[-59.16988,-38.10426],[-59.16981,-38.10383],[-59.16974,-38.10341],[-59.16974,-38.10298],[-59.16975,-38.10256],[-59.16975,-38.10214],[-59.16976,-38.10172],[-59.16976,-38.1013],[-59.16977,-38.10088],[-59.16977,-38.10046],[-59.16966,-38.10006],[-59.16956,-38.09966],[-59.16945,-38.09926],[-59.16934,-38.09886],[-59.16923,-38.09846],[-59.16912,-38.09806],[-59.16901,-38.09765],[-59.16891,-38.09725],[-59.1688,-38.09685],[-59.16882,-38.09642],[-59.16885,-38.09598],[-59.16887,-38.09555],[-59.1689,-38.09512],[-59.16893,-38.09468],[-59.16895,-38.09425],[-59.16898,-38.09381],[-59.169,-38.09338],[-59.16912,-38.09297],[-59.16924,-38.09255],[-59.16935,-38.09214],[-59.16947,-38.09172],[-59.16959,-38.09131],[-59.16971,-38.09089],[-59.16982,-38.09048],[-59.16994,-38.09006],[-59.17006,-38.08965],[-59.17009,-38.08923],[-59.17012,-38.08881],[-59.17015,-38.08839],[-59.17018,-38.08797],[-59.17021,-38.08755],[-59.17024,-38.08713],[-59.17027,-38.08671],[-59.1701,-38.08634],[-59.16993,-38.08598],[-59.16977,-38.08562],[-59.1696,-38.08525],[-59.16944,-38.08489],[-59.16927,-38.08453],[-59.16911,-38.08416],[-59.16889,-38.0838],[-59.16868,-38.08343],[-59.16847,-38.08307],[-59.16825,-38.08271],[-59.16804,-38.08234],[-59.16783,-38.08198],[-59.16761,-38.08161],[-59.16726,-38.08143],[-59.1669,-38.08124],[-59.16654,-38.08105],[-59.16619,-38.08087],[-59.16583,-38.08068],[-59.16547,-38.0805],[-59.16512,-38.08031],[-59.16476,-38.08012],[-59.16471,-38.07974],[-59.16466,-38.07937],[-59.1646,-38.07899],[-59.16455,-38.07861],[-59.1645,-38.07823],[-59.16445,-38.07785],[-59.16444,-38.07741],[-59.16443,-38.07698],[-59.16442,-38.07654],[-59.16441,-38.0761],[-59.1644,-38.07566],[-59.16439,-38.07523],[-59.16437,-38.07479],[-59.16436,-38.07435],[-59.16435,-38.07391],[-59.16434,-38.07348],[-59.16433,-38.07304],[-59.16436,-38.07261],[-59.16439,-38.07217],[-59.16441,-38.07174],[-59.16444,-38.0713],[-59.16446,-38.07087],[-59.16449,-38.07044],[-59.16452,-38.07],[-59.16454,-38.06957],[-59.16455,-38.06912],[-59.16455,-38.06868],[-59.16456,-38.06823],[-59.16456,-38.06779],[-59.16457,-38.06734],[-59.16457,-38.0669],[-59.16458,-38.06645],[-59.16458,-38.06601],[-59.16459,-38.06556],[-59.16459,-38.06512],[-59.1646,-38.06467],[-59.1646,-38.06423],[-59.16461,-38.06378],[-59.16461,-38.06333],[-59.16462,-38.06289],[-59.1646,-38.06247],[-59.16457,-38.06204],[-59.16455,-38.06162],[-59.16453,-38.0612],[-59.1645,-38.06078],[-59.16448,-38.06035],[-59.16436,-38.05997],[-59.16425,-38.05959],[-59.16413,-38.0592],[-59.16401,-38.05882],[-59.1639,-38.05844],[-59.16378,-38.05805],[-59.16367,-38.05767],[-59.16342,-38.05734],[-59.16317,-38.057],[-59.16292,-38.05667],[-59.16267,-38.05633],[-59.16242,-38.056],[-59.16217,-38.05566],[-59.16187,-38.05537],[-59.16158,-38.05509],[-59.16129,-38.0548],[-59.161,-38.05451],[-59.16071,-38.05423],[-59.16041,-38.05394],[-59.16012,-38.05365],[-59.15983,-38.05337],[-59.15954,-38.05306],[-59.15926,-38.05275],[-59.15897,-38.05245],[-59.15868,-38.05214],[-59.1584,-38.05183],[-59.15811,-38.05153],[-59.15783,-38.05122],[-59.15783,-38.05077],[-59.15784,-38.05033],[-59.15784,-38.04988],[-59.15785,-38.04944],[-59.15785,-38.04899],[-59.15786,-38.04855],[-59.15786,-38.0481],[-59.15787,-38.04766],[-59.15787,-38.04721],[-59.15765,-38.04683],[-59.15743,-38.04645],[-59.15721,-38.04607],[-59.15699,-38.04569],[-59.15677,-38.04531],[-59.15655,-38.04493],[-59.15626,-38.04526],[-59.15597,-38.0456],[-59.15569,-38.04593],[-59.1554,-38.04626],[-59.15511,-38.04659],[-59.15483,-38.04693],[-59.15454,-38.04726],[-59.15425,-38.04759],[-59.15423,-38.04796],[-59.1542,-38.04834],[-59.15418,-38.04871],[-59.15415,-38.04908],[-59.15413,-38.04945],[-59.15412,-38.04983],[-59.15412,-38.05021],[-59.15411,-38.05059],[-59.15411,-38.05097],[-59.1541,-38.05135],[-59.1541,-38.05172],[-59.15417,-38.05214],[-59.15423,-38.05256],[-59.1543,-38.05299],[-59.15437,-38.05341],[-59.15444,-38.05383],[-59.1545,-38.05425],[-59.15457,-38.05467],[-59.15489,-38.05492],[-59.1552,-38.05518],[-59.15552,-38.05543],[-59.15584,-38.05569],[-59.15615,-38.05594],[-59.15647,-38.05619],[-59.15679,-38.05645],[-59.1571,-38.0567],[-59.15742,-38.05696],[-59.1577,-38.05726],[-59.15798,-38.05755],[-59.15825,-38.05785],[-59.15853,-38.05815],[-59.15881,-38.05845],[-59.15909,-38.05875],[-59.15936,-38.05905],[-59.15964,-38.05935],[-59.15992,-38.05965],[-59.16012,-38.06002],[-59.16031,-38.0604],[-59.16051,-38.06078],[-59.1607,-38.06116],[-59.1609,-38.06154],[-59.16109,-38.06192],[-59.16129,-38.0623],[-59.16148,-38.06267],[-59.16168,-38.06305],[-59.16188,-38.06343],[-59.16207,-38.06381],[-59.16214,-38.06425],[-59.16221,-38.06468],[-59.16229,-38.06512],[-59.16236,-38.06556],[-59.16243,-38.06599],[-59.1625,-38.06643],[-59.16257,-38.06687],[-59.16265,-38.06731],[-59.16272,-38.06774],[-59.16279,-38.06818],[-59.16286,-38.06862],[-59.16286,-38.06905],[-59.16285,-38.06949],[-59.16285,-38.06992],[-59.16284,-38.07036],[-59.16284,-38.07079],[-59.16283,-38.07123],[-59.16283,-38.07166],[-59.16282,-38.0721],[-59.16282,-38.07252],[-59.16281,-38.07294],[-59.16281,-38.07336],[-59.1628,-38.07379],[-59.1628,-38.07421],[-59.16279,-38.07463],[-59.16268,-38.07501],[-59.16257,-38.0754],[-59.16246,-38.07578],[-59.16235,-38.07616],[-59.16224,-38.07655],[-59.16213,-38.07693],[-59.16202,-38.07731],[-59.16191,-38.0777],[-59.16191,-38.07812],[-59.16191,-38.07853],[-59.1619,-38.07895],[-59.1619,-38.07937],[-59.16189,-38.07979],[-59.16189,-38.0802],[-59.16188,-38.08062],[-59.16188,-38.08104],[-59.16208,-38.08141],[-59.16229,-38.08178],[-59.1625,-38.08215],[-59.16271,-38.08251],[-59.16291,-38.08288],[-59.16312,-38.08325],[-59.16333,-38.08362],[-59.16354,-38.08399],[-59.16377,-38.08432],[-59.164,-38.08466],[-59.16423,-38.085],[-59.16447,-38.08533],[-59.1647,-38.08567],[-59.16493,-38.086],[-59.16516,-38.08634],[-59.1654,-38.08668],[-59.16563,-38.08701],[-59.16586,-38.08735],[-59.16593,-38.08778],[-59.166,-38.08821],[-59.16607,-38.08864],[-59.16614,-38.08907],[-59.16621,-38.0895],[-59.16628,-38.08993],[-59.16635,-38.09036],[-59.16642,-38.09079],[-59.16649,-38.09122],[-59.16649,-38.09165],[-59.16648,-38.09208],[-59.16648,-38.09251],[-59.16647,-38.09294],[-59.16647,-38.09336],[-59.16646,-38.09379],[-59.16646,-38.09422],[-59.16645,-38.09465],[-59.16645,-38.09507],[-59.16644,-38.0955],[-59.16646,-38.09595],[-59.16647,-38.09639],[-59.16648,-38.09684],[-59.1665,-38.09728],[-59.16651,-38.09773],[-59.16653,-38.09817],[-59.16654,-38.09862],[-59.16655,-38.09906],[-59.16657,-38.09951],[-59.16666,-38.09995],[-59.16674,-38.10039],[-59.16683,-38.10082],[-59.16692,-38.10126],[-59.167,-38.1017],[-59.16709,-38.10214],[-59.16718,-38.10257],[-59.16727,-38.10301],[-59.16735,-38.10345],[-59.16744,-38.10389],[-59.16753,-38.10432],[-59.16762,-38.10474],[-59.1677,-38.10516],[-59.16779,-38.10557],[-59.16788,-38.10599],[-59.16797,-38.10641],[-59.16806,-38.10682],[-59.16815,-38.10724],[-59.16824,-38.10765],[-59.16833,-38.10807],[-59.16832,-38.1085],[-59.16832,-38.10893],[-59.16831,-38.10936],[-59.16831,-38.10979],[-59.1683,-38.11022],[-59.1683,-38.11065],[-59.16829,-38.11108],[-59.16829,-38.11152],[-59.16829,-38.11195]]]]}},{"type":"Feature","properties":{"fdc":"IGN","sag":"IGN","tipo":"Pajonal, juncal, totoral","ign":"vegetacion_hidrofila_ED020.2037"},"geometry":{"type":"MultiPolygon","coordinates":[[[[-59.03894,-38.39142],[-59.03885,-38.39186],[-59.03877,-38.3923],[-59.03868,-38.39273],[-59.0386,-38.39317],[-59.03851,-38.39361],[-59.03843,-38.39404],[-59.03834,-38.39448],[-59.03826,-38.39492],[-59.03817,-38.39535],[-59.03809,-38.39579],[-59.038,-38.39623],[-59.03792,-38.39667],[-59.03783,-38.3971],[-59.03774,-38.39754],[-59.03766,-38.39798],[-59.03756,-38.39837],[-59.03747,-38.39877],[-59.03738,-38.39917],[-59.03728,-38.39957],[-59.03719,-38.39996],[-59.0371,-38.40036],[-59.037,-38.40076],[-59.03691,-38.40116],[-59.03685,-38.40153],[-59.0368,-38.40191],[-59.03675,-38.40228],[-59.03669,-38.40266],[-59.03664,-38.40303],[-59.03642,-38.4034],[-59.03621,-38.40378],[-59.03599,-38.40415],[-59.03577,-38.40452],[-59.03556,-38.4049],[-59.03534,-38.40527],[-59.03512,-38.40564],[-59.03491,-38.40602],[-59.03469,-38.40639],[-59.03453,-38.40676],[-59.03436,-38.40714],[-59.0342,-38.40751],[-59.03403,-38.40788],[-59.03387,-38.40826],[-59.0337,-38.40863],[-59.03346,-38.409],[-59.03322,-38.40938],[-59.03297,-38.40975],[-59.03273,-38.41012],[-59.03249,-38.4105],[-59.03224,-38.41087],[-59.032,-38.41124],[-59.032,-38.41166],[-59.03199,-38.41207],[-59.03199,-38.41248],[-59.03198,-38.41289],[-59.03197,-38.41331],[-59.03209,-38.41368],[-59.0322,-38.41406],[-59.03232,-38.41444],[-59.03243,-38.41481],[-59.03255,-38.41519],[-59.03266,-38.41557],[-59.03266,-38.41601],[-59.03265,-38.41646],[-59.03264,-38.4169],[-59.03264,-38.41735],[-59.03263,-38.41779],[-59.03262,-38.41823],[-59.03262,-38.41868],[-59.03261,-38.41912],[-59.03273,-38.41952],[-59.03284,-38.41992],[-59.03295,-38.42032],[-59.03307,-38.42072],[-59.03318,-38.42112],[-59.03329,-38.42152],[-59.03341,-38.42192],[-59.03352,-38.42232],[-59.03351,-38.42274],[-59.03351,-38.42316],[-59.0335,-38.42358],[-59.0335,-38.42401],[-59.03356,-38.42442],[-59.03363,-38.42483],[-59.0337,-38.42525],[-59.03376,-38.42566],[-59.03383,-38.42607],[-59.0339,-38.42649],[-59.03396,-38.4269],[-59.03403,-38.42731],[-59.03409,-38.42773],[-59.03416,-38.42814],[-59.03457,-38.42814],[-59.03498,-38.42815],[-59.03539,-38.42815],[-59.0358,-38.42815],[-59.0362,-38.42816],[-59.03661,-38.42816],[-59.03702,-38.42816],[-59.03703,-38.42779],[-59.037,-38.42739],[-59.03697,-38.42698],[-59.03694,-38.42658],[-59.03691,-38.42618],[-59.03688,-38.42578],[-59.03685,-38.42537],[-59.03682,-38.42497],[-59.03671,-38.42456],[-59.0366,-38.42415],[-59.03648,-38.42373],[-59.03637,-38.42332],[-59.03625,-38.4229],[-59.03614,-38.42249],[-59.03603,-38.42208],[-59.03591,-38.42166],[-59.0358,-38.42125],[-59.03569,-38.42084],[-59.03569,-38.42042],[-59.0357,-38.42],[-59.0357,-38.41959],[-59.03571,-38.41917],[-59.03571,-38.41875],[-59.03572,-38.41834],[-59.03573,-38.41792],[-59.03573,-38.4175],[-59.03574,-38.41709],[-59.03574,-38.41668],[-59.03575,-38.41626],[-59.03575,-38.41585],[-59.03576,-38.41544],[-59.03576,-38.41503],[-59.03577,-38.41461],[-59.03578,-38.4142],[-59.03578,-38.41379],[-59.03579,-38.41338],[-59.03579,-38.41296],[-59.03615,-38.41278],[-59.03651,-38.41259],[-59.03687,-38.41241],[-59.03724,-38.41222],[-59.03748,-38.41185],[-59.03772,-38.41148],[-59.03796,-38.4111],[-59.03821,-38.41073],[-59.03845,-38.41036],[-59.03869,-38.40998],[-59.03893,-38.40961],[-59.039,-38.40917],[-59.03906,-38.40872],[-59.03913,-38.40828],[-59.03919,-38.40783],[-59.03926,-38.40739],[-59.03932,-38.40694],[-59.03939,-38.4065],[-59.03946,-38.40605],[-59.03959,-38.40564],[-59.03973,-38.40524],[-59.03986,-38.40483],[-59.04,-38.40442],[-59.04013,-38.40401],[-59.04027,-38.4036],[-59.0404,-38.4032],[-59.04054,-38.40279],[-59.04068,-38.40238],[-59.04081,-38.40197],[-59.04095,-38.40157],[-59.04109,-38.40123],[-59.04124,-38.40089],[-59.04139,-38.40056],[-59.04154,-38.40022],[-59.04168,-38.39988],[-59.04185,-38.39948],[-59.04201,-38.39907],[-59.04218,-38.39867],[-59.04234,-38.39826],[-59.04251,-38.39786],[-59.04267,-38.39745],[-59.04265,-38.39704],[-59.04263,-38.39662],[-59.04261,-38.3962],[-59.04259,-38.39579],[-59.04257,-38.39537],[-59.04254,-38.39495],[-59.04252,-38.39454],[-59.0425,-38.39412],[-59.04248,-38.3937],[-59.04235,-38.39336],[-59.04222,-38.39303],[-59.04209,-38.39269],[-59.04196,-38.39235],[-59.04182,-38.39201],[-59.04157,-38.39235],[-59.04133,-38.39268],[-59.04108,-38.39302],[-59.04083,-38.39335],[-59.04058,-38.39369],[-59.04026,-38.39362],[-59.03994,-38.39356],[-59.03962,-38.39349],[-59.03956,-38.3931],[-59.0395,-38.3927],[-59.03944,-38.39231],[-59.03938,-38.39191],[-59.03932,-38.39152],[-59.03926,-38.39112],[-59.03894,-38.39142]]]]}},{"type":"Feature","properties":{"fdc":"IGN","sag":"IGN","tipo":"Pajonal, juncal, totoral","ign":"vegetacion_hidrofila_ED020.2038"},"geometry":{"type":"MultiPolygon","coordinates":[[[[-59.04191,-38.43721],[-59.04162,-38.4375],[-59.04133,-38.4378],[-59.04104,-38.4381],[-59.04075,-38.4384],[-59.04045,-38.43869],[-59.0401,-38.43869],[-59.03974,-38.43869],[-59.03935,-38.43889],[-59.03896,-38.4391],[-59.03857,-38.43931],[-59.03818,-38.43952],[-59.03779,-38.43972],[-59.0374,-38.43993],[-59.03701,-38.44014],[-59.03662,-38.44035],[-59.03654,-38.44078],[-59.03645,-38.44122],[-59.03636,-38.44166],[-59.03628,-38.4421],[-59.03619,-38.44253],[-59.03611,-38.44297],[-59.03602,-38.44341],[-59.03594,-38.44385],[-59.03585,-38.44428],[-59.03585,-38.44472],[-59.03584,-38.44515],[-59.03584,-38.44559],[-59.03626,-38.44571],[-59.03669,-38.44582],[-59.03712,-38.44594],[-59.03755,-38.44606],[-59.03798,-38.44617],[-59.03841,-38.44621],[-59.03885,-38.44624],[-59.03929,-38.44628],[-59.03972,-38.44631],[-59.04016,-38.44635],[-59.0406,-38.44638],[-59.04101,-38.44639],[-59.04143,-38.44639],[-59.04185,-38.44639],[-59.04226,-38.4464],[-59.04268,-38.4464],[-59.0431,-38.4464],[-59.04352,-38.44641],[-59.04393,-38.44641],[-59.04431,-38.44656],[-59.04469,-38.44672],[-59.04507,-38.44687],[-59.04545,-38.44702],[-59.04583,-38.44717],[-59.04575,-38.4476],[-59.04568,-38.44802],[-59.0456,-38.44844],[-59.04553,-38.44886],[-59.04545,-38.44928],[-59.04538,-38.4497],[-59.0453,-38.45012],[-59.04523,-38.45054],[-59.04515,-38.45096],[-59.04508,-38.45139],[-59.045,-38.45181],[-59.04493,-38.45223],[-59.04465,-38.45255],[-59.04438,-38.45288],[-59.04411,-38.45321],[-59.04383,-38.45353],[-59.04356,-38.45386],[-59.04329,-38.45419],[-59.04302,-38.45451],[-59.04274,-38.45484],[-59.04252,-38.4552],[-59.0423,-38.45555],[-59.04207,-38.45591],[-59.04185,-38.45627],[-59.04163,-38.45663],[-59.0414,-38.45698],[-59.04118,-38.45734],[-59.04096,-38.4577],[-59.04074,-38.45806],[-59.04051,-38.45841],[-59.04029,-38.45877],[-59.04007,-38.45913],[-59.0397,-38.45939],[-59.03934,-38.45965],[-59.03898,-38.45991],[-59.03862,-38.46017],[-59.03826,-38.46043],[-59.0379,-38.46069],[-59.03754,-38.46095],[-59.03718,-38.46121],[-59.03682,-38.46147],[-59.03646,-38.46173],[-59.03643,-38.46215],[-59.03641,-38.46257],[-59.03638,-38.46299],[-59.03635,-38.46341],[-59.03633,-38.46383],[-59.0363,-38.46426],[-59.03628,-38.46468],[-59.03625,-38.4651],[-59.03623,-38.46552],[-59.0362,-38.46594],[-59.03617,-38.46636],[-59.03615,-38.46679],[-59.03622,-38.4672],[-59.0363,-38.46762],[-59.03637,-38.46804],[-59.03644,-38.46845],[-59.03652,-38.46887],[-59.03659,-38.46929],[-59.03667,-38.4697],[-59.03674,-38.47012],[-59.03682,-38.47054],[-59.03693,-38.47097],[-59.03704,-38.4714],[-59.03716,-38.47184],[-59.03727,-38.47227],[-59.03738,-38.4727],[-59.0375,-38.47313],[-59.03761,-38.47357],[-59.03772,-38.474],[-59.03784,-38.47443],[-59.03795,-38.47486],[-59.03794,-38.47526],[-59.03794,-38.47566],[-59.03793,-38.47606],[-59.03793,-38.47646],[-59.03792,-38.47686],[-59.03792,-38.47726],[-59.03791,-38.47766],[-59.03791,-38.47805],[-59.03782,-38.47843],[-59.03774,-38.4788],[-59.03765,-38.47918],[-59.03757,-38.47955],[-59.03748,-38.47992],[-59.0374,-38.4803],[-59.03776,-38.48039],[-59.03811,-38.48049],[-59.03847,-38.48059],[-59.03883,-38.48069],[-59.03855,-38.48102],[-59.03827,-38.48134],[-59.03799,-38.48167],[-59.03771,-38.482],[-59.03743,-38.48233],[-59.03715,-38.48266],[-59.03687,-38.48299],[-59.03659,-38.48332],[-59.03631,-38.48365],[-59.03603,-38.48398],[-59.03575,-38.48431],[-59.03547,-38.48464],[-59.03519,-38.48497],[-59.03477,-38.48513],[-59.03436,-38.4853],[-59.03394,-38.48546],[-59.03352,-38.48562],[-59.03311,-38.48579],[-59.03269,-38.48595],[-59.03228,-38.48612],[-59.03186,-38.48628],[-59.03144,-38.48645],[-59.03103,-38.48661],[-59.03061,-38.48678],[-59.03019,-38.48694],[-59.02978,-38.4871],[-59.02936,-38.48727],[-59.02894,-38.48743],[-59.02853,-38.4876],[-59.02811,-38.48776],[-59.0277,-38.48793],[-59.02728,-38.48809],[-59.02722,-38.48849],[-59.02716,-38.48888],[-59.0271,-38.48928],[-59.02704,-38.48967],[-59.02698,-38.49007],[-59.02693,-38.49046],[-59.02687,-38.49086],[-59.02681,-38.49125],[-59.02675,-38.49165],[-59.02711,-38.49178],[-59.02746,-38.4919],[-59.02782,-38.49203],[-59.02818,-38.49216],[-59.02853,-38.49229],[-59.02889,-38.49241],[-59.02923,-38.49217],[-59.02957,-38.49192],[-59.02991,-38.49167],[-59.03025,-38.49142],[-59.0306,-38.49118],[-59.03094,-38.49093],[-59.03128,-38.49068],[-59.03162,-38.49044],[-59.03196,-38.49019],[-59.0323,-38.48994],[-59.03264,-38.4897],[-59.03299,-38.48945],[-59.03333,-38.48917],[-59.03367,-38.48889],[-59.03401,-38.48861],[-59.03435,-38.48833],[-59.03469,-38.48806],[-59.03503,-38.48778],[-59.03538,-38.4875],[-59.03572,-38.48722],[-59.03606,-38.48694],[-59.0364,-38.48666],[-59.03674,-38.48639],[-59.03708,-38.48611],[-59.03742,-38.48583],[-59.03776,-38.48555],[-59.0381,-38.48527],[-59.03843,-38.48499],[-59.03877,-38.48471],[-59.03911,-38.48444],[-59.03945,-38.48416],[-59.03978,-38.48388],[-59.04012,-38.4836],[-59.04046,-38.48332],[-59.04054,-38.48293],[-59.04063,-38.48253],[-59.04071,-38.48214],[-59.0408,-38.48174],[-59.04088,-38.48134],[-59.04097,-38.48095],[-59.04106,-38.48055],[-59.04114,-38.48016],[-59.04123,-38.47976],[-59.04123,-38.47935],[-59.04124,-38.47894],[-59.04124,-38.47853],[-59.04125,-38.47811],[-59.04125,-38.4777],[-59.04126,-38.47729],[-59.04126,-38.47688],[-59.04127,-38.47646],[-59.04127,-38.47605],[-59.04128,-38.47564],[-59.04128,-38.47521],[-59.04129,-38.47478],[-59.0413,-38.47435],[-59.0413,-38.47392],[-59.04131,-38.47348],[-59.04131,-38.47305],[-59.04132,-38.47262],[-59.04132,-38.47219],[-59.04133,-38.47176],[-59.04134,-38.47133],[-59.04126,-38.47089],[-59.04119,-38.47045],[-59.04112,-38.47001],[-59.04104,-38.46958],[-59.04097,-38.46914],[-59.0409,-38.4687],[-59.04082,-38.46826],[-59.04075,-38.46782],[-59.04068,-38.46738],[-59.0406,-38.46695],[-59.04053,-38.46651],[-59.04045,-38.46607],[-59.04048,-38.46564],[-59.0405,-38.46521],[-59.04052,-38.46478],[-59.04054,-38.46435],[-59.04057,-38.46393],[-59.04059,-38.4635],[-59.04061,-38.46307],[-59.04063,-38.46264],[-59.04066,-38.46221],[-59.04068,-38.46178],[-59.0407,-38.46136],[-59.04072,-38.46093],[-59.04075,-38.4605],[-59.04077,-38.46007],[-59.04111,-38.4598],[-59.04145,-38.45952],[-59.0418,-38.45925],[-59.04214,-38.45898],[-59.04248,-38.4587],[-59.04282,-38.45843],[-59.04317,-38.45816],[-59.04351,-38.45788],[-59.04385,-38.45761],[-59.04419,-38.45734],[-59.04454,-38.45706],[-59.04488,-38.45679],[-59.04522,-38.45652],[-59.04556,-38.45624],[-59.04591,-38.45597],[-59.04625,-38.4557],[-59.04659,-38.45542],[-59.04693,-38.45515],[-59.04728,-38.45488],[-59.04738,-38.45447],[-59.04749,-38.45407],[-59.04759,-38.45366],[-59.0477,-38.45325],[-59.0478,-38.45285],[-59.04791,-38.45244],[-59.04801,-38.45204],[-59.04812,-38.45163],[-59.04822,-38.45123],[-59.04833,-38.45082],[-59.04843,-38.45042],[-59.04854,-38.45001],[-59.04866,-38.44961],[-59.04879,-38.4492],[-59.04891,-38.44879],[-59.04904,-38.44839],[-59.04916,-38.44798],[-59.04929,-38.44757],[-59.04929,-38.44717],[-59.0493,-38.44676],[-59.0493,-38.44636],[-59.04931,-38.44595],[-59.04931,-38.44555],[-59.04932,-38.44514],[-59.04932,-38.44477],[-59.04933,-38.44439],[-59.04933,-38.44401],[-59.04934,-38.44364],[-59.04934,-38.4432],[-59.04935,-38.44275],[-59.04935,-38.44231],[-59.04936,-38.44187],[-59.04936,-38.44142],[-59.04937,-38.44098],[-59.04938,-38.44054],[-59.04938,-38.4401],[-59.04939,-38.43965],[-59.04939,-38.43921],[-59.0494,-38.43877],[-59.04941,-38.43836],[-59.04941,-38.43795],[-59.04942,-38.43755],[-59.04942,-38.43714],[-59.04943,-38.43673],[-59.04943,-38.43633],[-59.04922,-38.43597],[-59.04902,-38.43561],[-59.04881,-38.43526],[-59.0486,-38.4349],[-59.04839,-38.43455],[-59.04818,-38.43419],[-59.04798,-38.43384],[-59.04777,-38.43348],[-59.04756,-38.43312],[-59.04761,-38.43269],[-59.04765,-38.43225],[-59.0477,-38.43181],[-59.04774,-38.43138],[-59.04779,-38.43094],[-59.04784,-38.4305],[-59.04788,-38.43006],[-59.04793,-38.42963],[-59.04797,-38.42919],[-59.04802,-38.42875],[-59.04807,-38.42832],[-59.04811,-38.42788],[-59.04812,-38.42746],[-59.04812,-38.42705],[-59.04813,-38.42663],[-59.04813,-38.42621],[-59.04814,-38.42579],[-59.04814,-38.42538],[-59.04815,-38.42496],[-59.04816,-38.42454],[-59.04816,-38.42413],[-59.04826,-38.42371],[-59.04836,-38.4233],[-59.04846,-38.42289],[-59.04856,-38.42248],[-59.04866,-38.42207],[-59.04876,-38.42166],[-59.04886,-38.42124],[-59.04896,-38.42083],[-59.04906,-38.42042],[-59.04916,-38.42001],[-59.0495,-38.41973],[-59.04984,-38.41945],[-59.05018,-38.41917],[-59.05051,-38.4189],[-59.05085,-38.41862],[-59.05119,-38.41834],[-59.05153,-38.41806],[-59.05186,-38.41778],[-59.0522,-38.4175],[-59.05254,-38.41722],[-59.05293,-38.41703],[-59.05331,-38.41683],[-59.0537,-38.41663],[-59.05409,-38.41643],[-59.05448,-38.41623],[-59.05486,-38.41603],[-59.05525,-38.41583],[-59.05564,-38.41564],[-59.05603,-38.41544],[-59.05641,-38.41524],[-59.0568,-38.41504],[-59.05719,-38.41484],[-59.05758,-38.41464],[-59.05787,-38.41434],[-59.05816,-38.41405],[-59.05845,-38.41375],[-59.05874,-38.41345],[-59.05903,-38.41315],[-59.05932,-38.41285],[-59.05961,-38.41256],[-59.0599,-38.41226],[-59.06019,-38.41196],[-59.06048,-38.41166],[-59.06076,-38.41132],[-59.06103,-38.41097],[-59.06131,-38.41062],[-59.06159,-38.41028],[-59.06186,-38.40993],[-59.06214,-38.40958],[-59.06242,-38.40924],[-59.06247,-38.40882],[-59.06253,-38.40841],[-59.06259,-38.40799],[-59.06265,-38.40757],[-59.06271,-38.40716],[-59.06276,-38.40674],[-59.06282,-38.40633],[-59.06288,-38.40591],[-59.06294,-38.40549],[-59.06294,-38.40509],[-59.06295,-38.40469],[-59.06295,-38.40429],[-59.06296,-38.40389],[-59.06296,-38.40348],[-59.06297,-38.40308],[-59.06297,-38.40268],[-59.06274,-38.4023],[-59.06251,-38.40193],[-59.06227,-38.40155],[-59.06204,-38.40117],[-59.06181,-38.4008],[-59.06158,-38.40042],[-59.06134,-38.40004],[-59.06111,-38.39966],[-59.06088,-38.39929],[-59.06088,-38.39887],[-59.06089,-38.39845],[-59.0609,-38.39804],[-59.0609,-38.39762],[-59.06091,-38.3972],[-59.06091,-38.39679],[-59.06092,-38.39637],[-59.06092,-38.39595],[-59.06093,-38.39554],[-59.06056,-38.39536],[-59.06019,-38.39519],[-59.05982,-38.39501],[-59.05945,-38.39483],[-59.05908,-38.39466],[-59.05871,-38.39448],[-59.05834,-38.39431],[-59.05797,-38.39413],[-59.05759,-38.39396],[-59.05722,-38.39378],[-59.0571,-38.39416],[-59.05699,-38.39454],[-59.05687,-38.39492],[-59.05675,-38.3953],[-59.05663,-38.39568],[-59.05651,-38.39606],[-59.05645,-38.39648],[-59.05639,-38.3969],[-59.05633,-38.39731],[-59.05627,-38.39773],[-59.05622,-38.39815],[-59.05616,-38.39856],[-59.0561,-38.39898],[-59.05604,-38.3994],[-59.05598,-38.39981],[-59.05601,-38.40021],[-59.05603,-38.40061],[-59.05606,-38.40101],[-59.05608,-38.40141],[-59.05611,-38.40181],[-59.05613,-38.40221],[-59.05616,-38.40261],[-59.05618,-38.403],[-59.05626,-38.4034],[-59.05633,-38.4038],[-59.05641,-38.40419],[-59.05648,-38.40459],[-59.05655,-38.40499],[-59.05663,-38.40538],[-59.0567,-38.40578],[-59.05678,-38.40618],[-59.05685,-38.40657],[-59.05685,-38.40698],[-59.05684,-38.40739],[-59.05683,-38.4078],[-59.05683,-38.40821],[-59.05682,-38.40862],[-59.05682,-38.40903],[-59.05681,-38.40944],[-59.05681,-38.40985],[-59.0568,-38.41025],[-59.0568,-38.41066],[-59.05679,-38.41107],[-59.05646,-38.41126],[-59.05612,-38.41144],[-59.05578,-38.41163],[-59.05545,-38.41181],[-59.05511,-38.41199],[-59.0548,-38.41228],[-59.0545,-38.41257],[-59.05419,-38.41286],[-59.05388,-38.41314],[-59.05357,-38.41343],[-59.05327,-38.41372],[-59.05296,-38.41401],[-59.05265,-38.41429],[-59.05235,-38.41458],[-59.05204,-38.41487],[-59.05173,-38.41516],[-59.0513,-38.41527],[-59.05087,-38.41538],[-59.05044,-38.41548],[-59.05001,-38.41559],[-59.04958,-38.4157],[-59.04915,-38.41581],[-59.04872,-38.41592],[-59.04829,-38.41603],[-59.04786,-38.41614],[-59.04743,-38.41625],[-59.04709,-38.41655],[-59.04675,-38.41684],[-59.04642,-38.41714],[-59.04608,-38.41744],[-59.04574,-38.41773],[-59.04563,-38.41811],[-59.04553,-38.41848],[-59.04542,-38.41885],[-59.04531,-38.41923],[-59.04521,-38.4196],[-59.0451,-38.41998],[-59.04499,-38.42035],[-59.04475,-38.42072],[-59.0445,-38.4211],[-59.04426,-38.42147],[-59.04402,-38.42184],[-59.04377,-38.42222],[-59.04353,-38.42259],[-59.04329,-38.42296],[-59.04305,-38.42334],[-59.04285,-38.42367],[-59.04265,-38.42401],[-59.04246,-38.42434],[-59.04226,-38.42468],[-59.04207,-38.42501],[-59.04202,-38.42545],[-59.04196,-38.42588],[-59.04191,-38.42631],[-59.04185,-38.42674],[-59.0418,-38.42717],[-59.04175,-38.4276],[-59.04169,-38.42803],[-59.04164,-38.42846],[-59.04159,-38.42889],[-59.04153,-38.42933],[-59.04145,-38.4297],[-59.04137,-38.43007],[-59.04128,-38.43045],[-59.0412,-38.43082],[-59.04111,-38.4312],[-59.04103,-38.43157],[-59.04103,-38.43199],[-59.04102,-38.43242],[-59.04101,-38.43284],[-59.04101,-38.43326],[-59.0411,-38.43365],[-59.04119,-38.43405],[-59.04128,-38.43444],[-59.04137,-38.43484],[-59.04146,-38.43523],[-59.04155,-38.43563],[-59.04164,-38.43602],[-59.04173,-38.43642],[-59.04182,-38.43681],[-59.04191,-38.43721]]]]}},{"type":"Feature","properties":{"fdc":"IGN","sag":"IGN","tipo":"Pajonal, juncal, totoral","ign":"vegetacion_hidrofila_ED020.1944"},"geometry":{"type":"MultiPolygon","coordinates":[[[[-59.13726,-38.11867],[-59.13743,-38.11904],[-59.13759,-38.1194],[-59.13776,-38.11977],[-59.13792,-38.12014],[-59.13834,-38.12003],[-59.13877,-38.11992],[-59.13919,-38.11982],[-59.13962,-38.11971],[-59.14004,-38.1196],[-59.14046,-38.11949],[-59.14069,-38.11914],[-59.14093,-38.11878],[-59.14116,-38.11843],[-59.14139,-38.1181],[-59.14163,-38.11777],[-59.14186,-38.11743],[-59.1421,-38.1171],[-59.14234,-38.11677],[-59.14257,-38.11644],[-59.14281,-38.1161],[-59.14305,-38.11577],[-59.14322,-38.1154],[-59.14339,-38.11503],[-59.14357,-38.11465],[-59.14374,-38.11428],[-59.14391,-38.11391],[-59.14392,-38.11351],[-59.14392,-38.11311],[-59.14393,-38.11271],[-59.14393,-38.1123],[-59.14394,-38.11188],[-59.14394,-38.11146],[-59.14395,-38.11104],[-59.14395,-38.11061],[-59.14395,-38.11019],[-59.14396,-38.10977],[-59.14396,-38.10934],[-59.14397,-38.10891],[-59.14398,-38.10848],[-59.14398,-38.10806],[-59.14399,-38.10763],[-59.14393,-38.10725],[-59.14388,-38.10687],[-59.14383,-38.10649],[-59.14378,-38.10611],[-59.14373,-38.10573],[-59.14368,-38.10535],[-59.14354,-38.10497],[-59.1434,-38.1046],[-59.14327,-38.10422],[-59.14313,-38.10384],[-59.143,-38.10346],[-59.14286,-38.10308],[-59.14279,-38.10269],[-59.14272,-38.10231],[-59.14266,-38.10193],[-59.14259,-38.10155],[-59.14252,-38.10117],[-59.14245,-38.10078],[-59.14238,-38.1004],[-59.14239,-38.09998],[-59.14239,-38.09956],[-59.1424,-38.09913],[-59.1424,-38.09871],[-59.14241,-38.09829],[-59.14241,-38.09786],[-59.14249,-38.09745],[-59.14256,-38.09704],[-59.14263,-38.09662],[-59.1427,-38.09621],[-59.14278,-38.09579],[-59.14285,-38.09538],[-59.14292,-38.09497],[-59.14299,-38.09455],[-59.14307,-38.09414],[-59.14314,-38.09373],[-59.1432,-38.09328],[-59.14326,-38.09284],[-59.14332,-38.09239],[-59.14338,-38.09195],[-59.14344,-38.09151],[-59.14351,-38.09106],[-59.14368,-38.09066],[-59.14385,-38.09026],[-59.14402,-38.08986],[-59.1442,-38.08946],[-59.14437,-38.08906],[-59.14454,-38.08866],[-59.14472,-38.08826],[-59.14487,-38.08785],[-59.14501,-38.08744],[-59.14516,-38.08703],[-59.14531,-38.08662],[-59.14546,-38.08621],[-59.14561,-38.0858],[-59.14576,-38.08539],[-59.1459,-38.08499],[-59.14605,-38.08458],[-59.1462,-38.08417],[-59.14635,-38.08376],[-59.1465,-38.08335],[-59.14664,-38.08294],[-59.14685,-38.08258],[-59.14705,-38.08222],[-59.14725,-38.08187],[-59.14745,-38.08151],[-59.14765,-38.08116],[-59.14785,-38.0808],[-59.14816,-38.08052],[-59.14848,-38.08023],[-59.14879,-38.07994],[-59.1491,-38.07965],[-59.14942,-38.07937],[-59.14973,-38.07908],[-59.1498,-38.07868],[-59.14988,-38.07828],[-59.14995,-38.07788],[-59.15002,-38.07748],[-59.15009,-38.07708],[-59.15001,-38.07668],[-59.14993,-38.07628],[-59.14985,-38.07588],[-59.14977,-38.07548],[-59.14969,-38.07507],[-59.14961,-38.07467],[-59.14939,-38.07431],[-59.14917,-38.07396],[-59.14895,-38.0736],[-59.14873,-38.07324],[-59.14851,-38.07288],[-59.14828,-38.07253],[-59.148,-38.07275],[-59.14772,-38.07297],[-59.14743,-38.07319],[-59.14724,-38.07354],[-59.14704,-38.07389],[-59.14685,-38.07423],[-59.14665,-38.07458],[-59.14646,-38.07493],[-59.14627,-38.07528],[-59.14607,-38.07563],[-59.14588,-38.07598],[-59.14577,-38.0764],[-59.14565,-38.07683],[-59.14554,-38.07725],[-59.14543,-38.07768],[-59.14532,-38.0781],[-59.1452,-38.07852],[-59.14509,-38.07895],[-59.14498,-38.07937],[-59.14487,-38.0798],[-59.14475,-38.08022],[-59.14464,-38.08065],[-59.14458,-38.081],[-59.14452,-38.08136],[-59.14446,-38.08171],[-59.14436,-38.08213],[-59.14425,-38.08255],[-59.14415,-38.08297],[-59.14405,-38.08339],[-59.14395,-38.08381],[-59.14385,-38.08423],[-59.14375,-38.08465],[-59.14357,-38.08505],[-59.1434,-38.08545],[-59.14323,-38.08585],[-59.14305,-38.08625],[-59.14288,-38.08665],[-59.14271,-38.08704],[-59.14253,-38.08744],[-59.14241,-38.08784],[-59.1423,-38.08824],[-59.14218,-38.08864],[-59.14206,-38.08904],[-59.14195,-38.08944],[-59.14183,-38.08985],[-59.14171,-38.09025],[-59.14159,-38.09065],[-59.14148,-38.09105],[-59.14142,-38.09148],[-59.14137,-38.09192],[-59.14132,-38.09236],[-59.14126,-38.0928],[-59.14121,-38.09324],[-59.14116,-38.09368],[-59.14111,-38.09412],[-59.14102,-38.09453],[-59.14093,-38.09494],[-59.14084,-38.09536],[-59.14075,-38.09577],[-59.14066,-38.09618],[-59.14057,-38.0966],[-59.14048,-38.09701],[-59.14039,-38.09742],[-59.1403,-38.09783],[-59.14021,-38.09825],[-59.1402,-38.09865],[-59.1402,-38.09905],[-59.14019,-38.09945],[-59.14019,-38.09985],[-59.14019,-38.10025],[-59.14018,-38.10065],[-59.14018,-38.10105],[-59.14017,-38.10146],[-59.14021,-38.10187],[-59.14025,-38.10228],[-59.14028,-38.10269],[-59.14032,-38.1031],[-59.14036,-38.10352],[-59.1404,-38.10393],[-59.14043,-38.10434],[-59.14047,-38.10475],[-59.14051,-38.10517],[-59.14055,-38.10558],[-59.14058,-38.10599],[-59.14062,-38.1064],[-59.14065,-38.10683],[-59.14069,-38.10726],[-59.14072,-38.1077],[-59.14075,-38.10813],[-59.14078,-38.10856],[-59.14082,-38.10899],[-59.14085,-38.10942],[-59.14088,-38.10985],[-59.14091,-38.11028],[-59.14091,-38.11071],[-59.1409,-38.11114],[-59.1409,-38.11157],[-59.14089,-38.112],[-59.14089,-38.11243],[-59.14088,-38.11286],[-59.14088,-38.11329],[-59.14087,-38.11372],[-59.14087,-38.11415],[-59.14066,-38.11451],[-59.14045,-38.11487],[-59.14025,-38.11523],[-59.14004,-38.11559],[-59.13983,-38.11595],[-59.13963,-38.11631],[-59.13942,-38.11667],[-59.13921,-38.11703],[-59.139,-38.11739],[-59.1388,-38.11774],[-59.13841,-38.11798],[-59.13803,-38.11821],[-59.13765,-38.11844],[-59.13726,-38.11867]]]]}},{"type":"Feature","properties":{"fdc":"IGN","sag":"IGN","tipo":"Pajonal, juncal, totoral","ign":"vegetacion_hidrofila_ED020.1997"},"geometry":{"type":"MultiPolygon","coordinates":[[[[-58.98532,-38.3121],[-58.98502,-38.3124],[-58.98471,-38.3127],[-58.98441,-38.313],[-58.9841,-38.3133],[-58.9838,-38.3136],[-58.98349,-38.31389],[-58.98319,-38.31419],[-58.98288,-38.31449],[-58.98258,-38.31479],[-58.98227,-38.31509],[-58.98197,-38.31539],[-58.98166,-38.31569],[-58.98136,-38.31599],[-58.98105,-38.31629],[-58.98077,-38.31595],[-58.98049,-38.3156],[-58.98021,-38.31526],[-58.97992,-38.31492],[-58.97964,-38.31458],[-58.97936,-38.31423],[-58.97908,-38.31389],[-58.97879,-38.31355],[-58.9788,-38.31315],[-58.97881,-38.31274],[-58.97881,-38.31234],[-58.97882,-38.31194],[-58.97882,-38.31154],[-58.97883,-38.31114],[-58.97883,-38.31073],[-58.97884,-38.31033],[-58.97884,-38.30993],[-58.97872,-38.30953],[-58.9786,-38.30912],[-58.97848,-38.30872],[-58.97836,-38.30832],[-58.97823,-38.30791],[-58.97811,-38.30751],[-58.97799,-38.30711],[-58.97787,-38.3067],[-58.97775,-38.3063],[-58.97762,-38.3059],[-58.9775,-38.30549],[-58.97738,-38.30509],[-58.97719,-38.30469],[-58.97701,-38.30428],[-58.97682,-38.30388],[-58.97664,-38.30348],[-58.97645,-38.30307],[-58.97627,-38.30267],[-58.97617,-38.30226],[-58.97607,-38.30184],[-58.97597,-38.30143],[-58.97587,-38.30102],[-58.97578,-38.30061],[-58.97568,-38.3002],[-58.97558,-38.29978],[-58.97548,-38.29937],[-58.97538,-38.29896],[-58.97528,-38.29855],[-58.97519,-38.29813],[-58.97519,-38.29783],[-58.97487,-38.29753],[-58.97456,-38.29722],[-58.97425,-38.29692],[-58.97393,-38.29661],[-58.97362,-38.29631],[-58.9733,-38.29601],[-58.97297,-38.29622],[-58.97264,-38.29643],[-58.97231,-38.29664],[-58.97198,-38.29686],[-58.97164,-38.29707],[-58.97131,-38.29728],[-58.97098,-38.29749],[-58.97089,-38.29793],[-58.9708,-38.29836],[-58.97071,-38.2988],[-58.97062,-38.29923],[-58.97053,-38.29967],[-58.97043,-38.3001],[-58.97034,-38.30054],[-58.97025,-38.30097],[-58.97016,-38.30141],[-58.97016,-38.30184],[-58.97015,-38.30227],[-58.97014,-38.3027],[-58.97014,-38.30313],[-58.97013,-38.30356],[-58.97012,-38.30399],[-58.97012,-38.30442],[-58.97011,-38.30485],[-58.97011,-38.30528],[-58.9701,-38.30571],[-58.97009,-38.30615],[-58.97009,-38.30658],[-58.97008,-38.30701],[-58.97007,-38.30744],[-58.97034,-38.30777],[-58.9706,-38.30811],[-58.97086,-38.30844],[-58.97113,-38.30877],[-58.97139,-38.30911],[-58.97166,-38.30944],[-58.97192,-38.30978],[-58.97218,-38.31011],[-58.97245,-38.31045],[-58.97271,-38.31078],[-58.97295,-38.31114],[-58.97319,-38.31149],[-58.97344,-38.31185],[-58.97368,-38.31221],[-58.97392,-38.31257],[-58.97416,-38.31292],[-58.97441,-38.31328],[-58.97465,-38.31364],[-58.97489,-38.31399],[-58.97513,-38.31435],[-58.97538,-38.31471],[-58.97562,-38.31507],[-58.97586,-38.31542],[-58.9761,-38.31578],[-58.97634,-38.31614],[-58.97659,-38.3165],[-58.97683,-38.31685],[-58.97682,-38.31726],[-58.97682,-38.31767],[-58.97681,-38.31809],[-58.97681,-38.3185],[-58.9768,-38.31891],[-58.9768,-38.31932],[-58.97679,-38.31973],[-58.97679,-38.32014],[-58.97678,-38.32055],[-58.97677,-38.32096],[-58.97677,-38.32137],[-58.97688,-38.32179],[-58.97699,-38.32221],[-58.9771,-38.32263],[-58.97722,-38.32305],[-58.97733,-38.32347],[-58.97744,-38.32389],[-58.97755,-38.32431],[-58.97766,-38.32473],[-58.97777,-38.32514],[-58.97789,-38.32556],[-58.978,-38.32598],[-58.97811,-38.3264],[-58.97822,-38.32682],[-58.97848,-38.32689],[-58.97874,-38.32696],[-58.97906,-38.32704],[-58.97937,-38.32713],[-58.97938,-38.32669],[-58.97938,-38.32625],[-58.97939,-38.32582],[-58.97939,-38.32538],[-58.9794,-38.32494],[-58.97941,-38.3245],[-58.97941,-38.32407],[-58.97942,-38.32368],[-58.97942,-38.32329],[-58.97943,-38.32291],[-58.97971,-38.32259],[-58.97998,-38.32227],[-58.98026,-38.32194],[-58.98054,-38.32162],[-58.98082,-38.3213],[-58.9811,-38.32098],[-58.98137,-38.32066],[-58.98165,-38.32034],[-58.98193,-38.32002],[-58.98221,-38.3197],[-58.98249,-38.31938],[-58.98277,-38.31906],[-58.98304,-38.31874],[-58.98332,-38.31842],[-58.98371,-38.31823],[-58.98409,-38.31805],[-58.98448,-38.31786],[-58.98486,-38.31768],[-58.98525,-38.31749],[-58.98564,-38.31731],[-58.98602,-38.31712],[-58.98641,-38.31693],[-58.98679,-38.31675],[-58.98718,-38.31656],[-58.98756,-38.31638],[-58.98795,-38.31619],[-58.98833,-38.31601],[-58.98872,-38.31582],[-58.9891,-38.31564],[-58.98949,-38.31545],[-58.98979,-38.31513],[-58.99009,-38.31481],[-58.99039,-38.31449],[-58.99069,-38.31416],[-58.99099,-38.31384],[-58.99128,-38.31352],[-58.99158,-38.3132],[-58.99188,-38.31288],[-58.99218,-38.31255],[-58.99248,-38.31223],[-58.99278,-38.31191],[-58.99308,-38.31159],[-58.99338,-38.31126],[-58.99345,-38.31086],[-58.99352,-38.31046],[-58.99359,-38.31006],[-58.99366,-38.30966],[-58.99373,-38.30925],[-58.9938,-38.30885],[-58.99392,-38.30843],[-58.99404,-38.30801],[-58.99416,-38.30759],[-58.99428,-38.30717],[-58.9944,-38.30675],[-58.99452,-38.30633],[-58.99464,-38.30591],[-58.99476,-38.30548],[-58.99488,-38.30506],[-58.995,-38.30464],[-58.99492,-38.30421],[-58.99484,-38.30377],[-58.99476,-38.30333],[-58.99468,-38.3029],[-58.9946,-38.30246],[-58.99453,-38.30202],[-58.99445,-38.30159],[-58.99437,-38.30115],[-58.99429,-38.30071],[-58.9943,-38.3003],[-58.9943,-38.29989],[-58.99431,-38.29948],[-58.99431,-38.29907],[-58.99432,-38.29865],[-58.99432,-38.29824],[-58.99433,-38.29783],[-58.99434,-38.29742],[-58.99434,-38.29701],[-58.99435,-38.2966],[-58.99435,-38.29618],[-58.99436,-38.29578],[-58.99437,-38.29538],[-58.99437,-38.29498],[-58.99438,-38.29458],[-58.99438,-38.29418],[-58.99439,-38.29377],[-58.99439,-38.29333],[-58.9944,-38.29289],[-58.99441,-38.29245],[-58.99441,-38.29201],[-58.99442,-38.29157],[-58.99442,-38.29113],[-58.99443,-38.29069],[-58.99444,-38.29025],[-58.99444,-38.28981],[-58.99445,-38.28937],[-58.99445,-38.28893],[-58.99446,-38.28848],[-58.99446,-38.28804],[-58.99469,-38.28766],[-58.99491,-38.28727],[-58.99514,-38.28688],[-58.99536,-38.2865],[-58.99558,-38.28611],[-58.99581,-38.28573],[-58.99603,-38.28534],[-58.99629,-38.28498],[-58.99655,-38.28462],[-58.99681,-38.28426],[-58.99707,-38.2839],[-58.99733,-38.28354],[-58.99759,-38.28318],[-58.99785,-38.28282],[-58.99811,-38.28246],[-58.99837,-38.2821],[-58.99863,-38.28174],[-58.99889,-38.28138],[-58.99915,-38.28102],[-58.99941,-38.28066],[-58.99967,-38.2803],[-58.99993,-38.27994],[-59.00019,-38.27961],[-59.00045,-38.27928],[-59.00071,-38.27894],[-59.00097,-38.27861],[-59.00123,-38.27828],[-59.00149,-38.27795],[-59.00175,-38.27761],[-59.00201,-38.27728],[-59.00227,-38.27695],[-59.00234,-38.27655],[-59.00241,-38.27614],[-59.00248,-38.27574],[-59.00255,-38.27534],[-59.00262,-38.27494],[-59.00269,-38.27454],[-59.00269,-38.2741],[-59.0027,-38.27365],[-59.0027,-38.27321],[-59.00271,-38.27277],[-59.00272,-38.27233],[-59.00272,-38.27189],[-59.00273,-38.27145],[-59.00273,-38.27101],[-59.00274,-38.27057],[-59.00275,-38.27013],[-59.00275,-38.26968],[-59.00276,-38.26924],[-59.00277,-38.2688],[-59.00261,-38.26841],[-59.00245,-38.26802],[-59.00229,-38.26763],[-59.00213,-38.26725],[-59.00197,-38.26686],[-59.00181,-38.26647],[-59.00165,-38.26608],[-59.00149,-38.26569],[-59.00134,-38.2653],[-59.00118,-38.26491],[-59.00102,-38.26452],[-59.00086,-38.26413],[-59.0007,-38.26374],[-59.00054,-38.26335],[-59.00042,-38.26292],[-59.0003,-38.2625],[-59.00018,-38.26207],[-59.00005,-38.26164],[-58.99993,-38.26121],[-58.99981,-38.26078],[-58.99969,-38.26035],[-58.99957,-38.25993],[-58.99945,-38.2595],[-58.99932,-38.25907],[-58.9992,-38.25864],[-58.99908,-38.25821],[-58.99876,-38.25791],[-58.99843,-38.2576],[-58.99811,-38.2573],[-58.99779,-38.257],[-58.99746,-38.25669],[-58.99714,-38.25639],[-58.99681,-38.25608],[-58.99639,-38.25603],[-58.99597,-38.25598],[-58.99555,-38.25592],[-58.99512,-38.25587],[-58.9947,-38.25582],[-58.99428,-38.25576],[-58.99386,-38.25571],[-58.99343,-38.25565],[-58.99301,-38.2556],[-58.99259,-38.25555],[-58.99278,-38.25588],[-58.99297,-38.25622],[-58.99316,-38.25656],[-58.99335,-38.25689],[-58.99354,-38.25723],[-58.99374,-38.25756],[-58.99392,-38.25794],[-58.99411,-38.25832],[-58.9943,-38.2587],[-58.99448,-38.25908],[-58.99467,-38.25946],[-58.99485,-38.25984],[-58.99504,-38.26022],[-58.99523,-38.2606],[-58.99543,-38.261],[-58.99562,-38.2614],[-58.99582,-38.26181],[-58.99602,-38.26221],[-58.99622,-38.26262],[-58.99642,-38.26302],[-58.99661,-38.26342],[-58.99681,-38.26383],[-58.99701,-38.26423],[-58.99721,-38.26463],[-58.99741,-38.26504],[-58.99761,-38.26544],[-58.9978,-38.26584],[-58.998,-38.26625],[-58.9982,-38.26665],[-58.99828,-38.26705],[-58.99836,-38.26746],[-58.99844,-38.26786],[-58.99852,-38.26826],[-58.9986,-38.26867],[-58.99868,-38.26907],[-58.99876,-38.26947],[-58.99884,-38.26988],[-58.99892,-38.27028],[-58.99896,-38.27069],[-58.999,-38.27111],[-58.99904,-38.27152],[-58.99908,-38.27194],[-58.99913,-38.27236],[-58.99917,-38.27277],[-58.99921,-38.27319],[-58.99925,-38.2736],[-58.99904,-38.27399],[-58.99883,-38.27439],[-58.99862,-38.27478],[-58.99841,-38.27517],[-58.99819,-38.27556],[-58.99798,-38.27596],[-58.99777,-38.27635],[-58.99756,-38.27674],[-58.99735,-38.27714],[-58.99714,-38.27753],[-58.99693,-38.27792],[-58.99671,-38.27831],[-58.9965,-38.27871],[-58.99629,-38.27906],[-58.99608,-38.27942],[-58.99586,-38.27977],[-58.99565,-38.28012],[-58.99544,-38.28048],[-58.99522,-38.28083],[-58.99501,-38.28119],[-58.9948,-38.28154],[-58.99459,-38.2819],[-58.99437,-38.28225],[-58.99416,-38.28261],[-58.99399,-38.28299],[-58.99382,-38.28338],[-58.99365,-38.28377],[-58.99348,-38.28415],[-58.99331,-38.28454],[-58.99314,-38.28493],[-58.99297,-38.28531],[-58.9928,-38.2857],[-58.99263,-38.28609],[-58.99246,-38.28647],[-58.9923,-38.28686],[-58.99213,-38.28725],[-58.99196,-38.28763],[-58.99179,-38.28802],[-58.9917,-38.28842],[-58.99161,-38.28882],[-58.99151,-38.28923],[-58.99142,-38.28963],[-58.99133,-38.29003],[-58.99124,-38.29043],[-58.99115,-38.29083],[-58.99106,-38.29123],[-58.99097,-38.29163],[-58.99091,-38.29207],[-58.99084,-38.29251],[-58.99078,-38.29294],[-58.99072,-38.29338],[-58.99065,-38.29382],[-58.99059,-38.29425],[-58.99053,-38.29469],[-58.99046,-38.29513],[-58.9904,-38.29556],[-58.99034,-38.296],[-58.99027,-38.29644],[-58.99021,-38.29688],[-58.99014,-38.29731],[-58.99008,-38.29775],[-58.99002,-38.29819],[-58.98995,-38.29862],[-58.98989,-38.29906],[-58.98983,-38.2995],[-58.98976,-38.29993],[-58.9897,-38.30037],[-58.98965,-38.30077],[-58.9896,-38.30117],[-58.98956,-38.30158],[-58.98951,-38.30198],[-58.98946,-38.30238],[-58.98941,-38.30278],[-58.98936,-38.30318],[-58.98931,-38.30359],[-58.98927,-38.30399],[-58.98926,-38.30443],[-58.98925,-38.30487],[-58.98925,-38.3053],[-58.98924,-38.30574],[-58.98924,-38.30618],[-58.98923,-38.30662],[-58.98922,-38.30706],[-58.98922,-38.3075],[-58.98921,-38.30793],[-58.98921,-38.30837],[-58.9892,-38.30881],[-58.98894,-38.30916],[-58.98868,-38.30951],[-58.98842,-38.30986],[-58.98816,-38.31021],[-58.9879,-38.31056],[-58.98764,-38.31091],[-58.98725,-38.31111],[-58.98687,-38.31131],[-58.98648,-38.3115],[-58.9861,-38.3117],[-58.98571,-38.3119],[-58.98532,-38.3121]]]]}},{"type":"Feature","properties":{"fdc":"IGN","sag":"IGN","tipo":"Pajonal, juncal, totoral","ign":"vegetacion_hidrofila_ED020.2007"},"geometry":{"type":"MultiPolygon","coordinates":[[[[-59.1524,-38.28614],[-59.15247,-38.28658],[-59.15254,-38.28702],[-59.15262,-38.28746],[-59.15269,-38.2879],[-59.15265,-38.28823],[-59.15261,-38.28856],[-59.15258,-38.2889],[-59.15247,-38.28925],[-59.15236,-38.28961],[-59.15225,-38.28997],[-59.15214,-38.29032],[-59.15217,-38.29074],[-59.1522,-38.29116],[-59.15223,-38.29157],[-59.15233,-38.29188],[-59.15243,-38.29219],[-59.15253,-38.2925],[-59.1525,-38.29285],[-59.15247,-38.29321],[-59.15244,-38.29356],[-59.15241,-38.29391],[-59.15214,-38.29408],[-59.15187,-38.29425],[-59.15184,-38.2946],[-59.15182,-38.29496],[-59.15179,-38.29531],[-59.15176,-38.29567],[-59.15196,-38.29601],[-59.15217,-38.29634],[-59.15238,-38.29668],[-59.15266,-38.29699],[-59.15294,-38.29729],[-59.15322,-38.2976],[-59.15348,-38.29777],[-59.15375,-38.29794],[-59.15399,-38.29828],[-59.15423,-38.29861],[-59.15448,-38.29895],[-59.15426,-38.29916],[-59.15405,-38.29937],[-59.15423,-38.29968],[-59.15441,-38.29999],[-59.15459,-38.30031],[-59.15477,-38.30062],[-59.15509,-38.30057],[-59.15541,-38.30052],[-59.15573,-38.30046],[-59.15605,-38.30027],[-59.15637,-38.30008],[-59.15669,-38.29988],[-59.15704,-38.29997],[-59.1574,-38.30006],[-59.15775,-38.30014],[-59.15793,-38.29981],[-59.15811,-38.29948],[-59.15829,-38.29914],[-59.15851,-38.29902],[-59.15872,-38.29889],[-59.15872,-38.29864],[-59.15873,-38.29839],[-59.15907,-38.29825],[-59.15942,-38.29811],[-59.15976,-38.29796],[-59.16011,-38.29782],[-59.16041,-38.29763],[-59.1607,-38.29745],[-59.16099,-38.29726],[-59.16129,-38.29707],[-59.16095,-38.29685],[-59.16061,-38.29662],[-59.16027,-38.2964],[-59.15989,-38.29657],[-59.1595,-38.29675],[-59.15911,-38.29693],[-59.15873,-38.2971],[-59.15834,-38.29728],[-59.15795,-38.29746],[-59.15757,-38.29763],[-59.1572,-38.29763],[-59.15683,-38.29763],[-59.15646,-38.29746],[-59.15609,-38.29729],[-59.15572,-38.29712],[-59.15535,-38.29695],[-59.15506,-38.29711],[-59.15478,-38.29728],[-59.1545,-38.29744],[-59.15421,-38.2973],[-59.15393,-38.29716],[-59.15365,-38.29702],[-59.15339,-38.29675],[-59.15312,-38.29647],[-59.15286,-38.2962],[-59.1526,-38.29592],[-59.1526,-38.29567],[-59.1526,-38.29542],[-59.15294,-38.29517],[-59.15327,-38.29493],[-59.1536,-38.29468],[-59.15393,-38.29443],[-59.15426,-38.29418],[-59.15427,-38.29385],[-59.15427,-38.29351],[-59.15456,-38.29326],[-59.15484,-38.29301],[-59.15513,-38.29277],[-59.15541,-38.29243],[-59.15569,-38.2921],[-59.15597,-38.29177],[-59.15625,-38.29144],[-59.15653,-38.2911],[-59.15651,-38.29067],[-59.15649,-38.29023],[-59.15648,-38.2898],[-59.15646,-38.28936],[-59.15644,-38.28893],[-59.15626,-38.28853],[-59.15608,-38.28813],[-59.1559,-38.28773],[-59.15572,-38.28733],[-59.15548,-38.287],[-59.15524,-38.28666],[-59.15499,-38.28633],[-59.15489,-38.28591],[-59.15479,-38.28549],[-59.15469,-38.28507],[-59.15456,-38.28481],[-59.15456,-38.28485],[-59.15458,-38.28508],[-59.1545,-38.28544],[-59.15438,-38.28564],[-59.15436,-38.28572],[-59.15439,-38.28591],[-59.15451,-38.28619],[-59.15464,-38.28645],[-59.15468,-38.28671],[-59.15469,-38.28686],[-59.15469,-38.28687],[-59.15469,-38.28694],[-59.15467,-38.28707],[-59.15466,-38.28721],[-59.15464,-38.28726],[-59.15461,-38.28737],[-59.1546,-38.28745],[-59.1546,-38.28748],[-59.15456,-38.28752],[-59.15444,-38.28764],[-59.15438,-38.28771],[-59.15432,-38.28775],[-59.15429,-38.28778],[-59.15412,-38.28788],[-59.15411,-38.28788],[-59.15403,-38.28786],[-59.15396,-38.28786],[-59.15387,-38.28784],[-59.15375,-38.28778],[-59.15372,-38.28777],[-59.15368,-38.28776],[-59.15357,-38.28772],[-59.15355,-38.2877],[-59.15352,-38.28765],[-59.15347,-38.28761],[-59.15347,-38.2876],[-59.15346,-38.28758],[-59.1534,-38.28748],[-59.15336,-38.28739],[-59.15333,-38.28733],[-59.1533,-38.28722],[-59.15331,-38.28715],[-59.15331,-38.28713],[-59.15331,-38.28707],[-59.15337,-38.28702],[-59.15342,-38.28698],[-59.15344,-38.28691],[-59.15347,-38.28682],[-59.1535,-38.28675],[-59.15351,-38.28668],[-59.1535,-38.28657],[-59.15348,-38.28651],[-59.15347,-38.2865],[-59.1534,-38.28644],[-59.1533,-38.28637],[-59.15315,-38.28629],[-59.15294,-38.28613],[-59.15281,-38.28594],[-59.15277,-38.28575],[-59.15282,-38.28558],[-59.15293,-38.28535],[-59.1529,-38.28514],[-59.15279,-38.28494],[-59.15264,-38.28479],[-59.15241,-38.28461],[-59.15231,-38.28449],[-59.15213,-38.28415],[-59.15207,-38.28385],[-59.15205,-38.28362],[-59.15204,-38.28339],[-59.15189,-38.28322],[-59.15161,-38.28298],[-59.15155,-38.28292],[-59.15169,-38.28329],[-59.15176,-38.28363],[-59.15184,-38.28396],[-59.15191,-38.2843],[-59.15199,-38.28463],[-59.15209,-38.28501],[-59.15219,-38.28539],[-59.15229,-38.28576],[-59.1524,-38.28614]]],[[[-59.15108,-38.28078],[-59.15112,-38.28109],[-59.15116,-38.28139],[-59.15121,-38.2817],[-59.15121,-38.2817],[-59.15128,-38.28171],[-59.15143,-38.28173],[-59.15155,-38.28164],[-59.15158,-38.28159],[-59.15158,-38.28151],[-59.15153,-38.28133],[-59.15148,-38.28118],[-59.15141,-38.28099],[-59.15141,-38.28078],[-59.15144,-38.28057],[-59.1515,-38.28037],[-59.15133,-38.28005],[-59.15126,-38.27998],[-59.15117,-38.28038],[-59.15108,-38.28078]]]]}},{"type":"Feature","properties":{"fdc":"IGN","sag":"IGN","tipo":"Pajonal, juncal, totoral","ign":"vegetacion_hidrofila_ED020.2002"},"geometry":{"type":"MultiPolygon","coordinates":[[[[-59.12968,-38.30373],[-59.13004,-38.30378],[-59.13041,-38.30383],[-59.13078,-38.30388],[-59.13068,-38.30345],[-59.13029,-38.30335],[-59.1299,-38.30325],[-59.1295,-38.30315],[-59.12945,-38.30276],[-59.1294,-38.30237],[-59.12935,-38.30198],[-59.1293,-38.30159],[-59.12925,-38.3012],[-59.12921,-38.30076],[-59.12917,-38.30033],[-59.12913,-38.2999],[-59.12909,-38.29946],[-59.12936,-38.29926],[-59.12964,-38.29907],[-59.12992,-38.29887],[-59.1302,-38.29868],[-59.13059,-38.29855],[-59.13098,-38.29843],[-59.13137,-38.29831],[-59.13176,-38.29818],[-59.1318,-38.29775],[-59.13183,-38.29732],[-59.13187,-38.29688],[-59.13146,-38.29674],[-59.13105,-38.29659],[-59.13068,-38.29644],[-59.13032,-38.2963],[-59.12995,-38.29615],[-59.12965,-38.29593],[-59.12935,-38.29571],[-59.12904,-38.29549],[-59.12905,-38.29513],[-59.12905,-38.29477],[-59.12906,-38.29441],[-59.12906,-38.29405],[-59.12932,-38.2937],[-59.12958,-38.29336],[-59.12984,-38.29301],[-59.1301,-38.29267],[-59.13036,-38.29232],[-59.13018,-38.29196],[-59.13,-38.2916],[-59.12982,-38.29123],[-59.12965,-38.29087],[-59.12958,-38.29047],[-59.12952,-38.29008],[-59.12945,-38.28968],[-59.12939,-38.28928],[-59.12909,-38.28911],[-59.12879,-38.28894],[-59.12848,-38.28877],[-59.1284,-38.28834],[-59.12831,-38.2879],[-59.12823,-38.28747],[-59.12814,-38.28704],[-59.12829,-38.28672],[-59.12845,-38.28641],[-59.1286,-38.2861],[-59.1287,-38.28574],[-59.1288,-38.28538],[-59.12889,-38.28502],[-59.12899,-38.28466],[-59.12878,-38.28434],[-59.12857,-38.28403],[-59.12836,-38.28371],[-59.1283,-38.28328],[-59.12823,-38.28285],[-59.12817,-38.28241],[-59.1281,-38.28198],[-59.12795,-38.28164],[-59.1278,-38.2813],[-59.12766,-38.28096],[-59.12732,-38.28069],[-59.12698,-38.28042],[-59.12664,-38.28015],[-59.1263,-38.27987],[-59.12597,-38.27965],[-59.12565,-38.27943],[-59.12532,-38.27922],[-59.125,-38.279],[-59.12467,-38.27878],[-59.12435,-38.27856],[-59.12402,-38.27834],[-59.12371,-38.27807],[-59.12339,-38.27779],[-59.12307,-38.27752],[-59.12276,-38.27724],[-59.12249,-38.27693],[-59.12221,-38.27661],[-59.12194,-38.27629],[-59.12167,-38.27597],[-59.1214,-38.27565],[-59.12115,-38.27536],[-59.1209,-38.27507],[-59.12066,-38.27477],[-59.12041,-38.27448],[-59.12017,-38.27417],[-59.11993,-38.27385],[-59.11968,-38.27354],[-59.11941,-38.27321],[-59.11914,-38.27287],[-59.11887,-38.27254],[-59.1186,-38.2722],[-59.11833,-38.27187],[-59.11812,-38.27154],[-59.11791,-38.27122],[-59.1177,-38.27089],[-59.1175,-38.27056],[-59.11729,-38.27024],[-59.11708,-38.26991],[-59.11688,-38.2696],[-59.11668,-38.2693],[-59.11648,-38.26899],[-59.11628,-38.26869],[-59.11609,-38.26838],[-59.11584,-38.26807],[-59.11559,-38.26777],[-59.11534,-38.26746],[-59.11509,-38.26715],[-59.11489,-38.26686],[-59.11469,-38.26657],[-59.11449,-38.26628],[-59.11428,-38.26599],[-59.11401,-38.26568],[-59.11374,-38.26536],[-59.11347,-38.26505],[-59.1132,-38.26474],[-59.11293,-38.26443],[-59.11266,-38.26412],[-59.11238,-38.26381],[-59.1122,-38.26362],[-59.11202,-38.26344],[-59.1117,-38.26366],[-59.11137,-38.26387],[-59.11101,-38.26405],[-59.11064,-38.26424],[-59.11036,-38.26438],[-59.11008,-38.26451],[-59.10999,-38.2648],[-59.1099,-38.26509],[-59.10973,-38.26541],[-59.10957,-38.26572],[-59.10931,-38.26609],[-59.10906,-38.26646],[-59.10933,-38.26669],[-59.1096,-38.26693],[-59.10987,-38.26717],[-59.11014,-38.2674],[-59.11048,-38.26745],[-59.11081,-38.2675],[-59.11115,-38.26756],[-59.11151,-38.26763],[-59.11188,-38.2677],[-59.11224,-38.26778],[-59.11261,-38.26785],[-59.11294,-38.26807],[-59.11328,-38.26829],[-59.11361,-38.26851],[-59.11395,-38.26873],[-59.11428,-38.26895],[-59.11461,-38.26917],[-59.11476,-38.26953],[-59.11492,-38.26989],[-59.11507,-38.27026],[-59.11522,-38.27062],[-59.11537,-38.27098],[-59.11552,-38.27134],[-59.11568,-38.27171],[-59.11593,-38.27206],[-59.11619,-38.27241],[-59.11645,-38.27276],[-59.11671,-38.27312],[-59.11697,-38.27347],[-59.11722,-38.27382],[-59.11748,-38.27417],[-59.1177,-38.27449],[-59.11791,-38.27481],[-59.11813,-38.27513],[-59.11834,-38.27545],[-59.11856,-38.27577],[-59.11885,-38.27605],[-59.11913,-38.27633],[-59.11941,-38.27661],[-59.1197,-38.27689],[-59.11998,-38.27718],[-59.12027,-38.27746],[-59.12055,-38.27774],[-59.12086,-38.27803],[-59.12117,-38.27832],[-59.12147,-38.27861],[-59.12178,-38.2789],[-59.12209,-38.27919],[-59.12225,-38.27959],[-59.12242,-38.27999],[-59.12258,-38.28038],[-59.12275,-38.28078],[-59.12291,-38.28118],[-59.12307,-38.28158],[-59.12322,-38.28187],[-59.12337,-38.28216],[-59.12352,-38.28245],[-59.12379,-38.28272],[-59.12406,-38.28298],[-59.12433,-38.28325],[-59.1246,-38.28352],[-59.12487,-38.28378],[-59.12514,-38.28405],[-59.12514,-38.28448],[-59.12514,-38.28492],[-59.12513,-38.28535],[-59.12513,-38.28579],[-59.12534,-38.2861],[-59.12555,-38.28642],[-59.12576,-38.28673],[-59.12599,-38.28706],[-59.12623,-38.2874],[-59.12646,-38.28773],[-59.12669,-38.28806],[-59.12693,-38.28839],[-59.12692,-38.28882],[-59.12692,-38.28924],[-59.12691,-38.28966],[-59.12691,-38.29008],[-59.1269,-38.29051],[-59.1269,-38.29093],[-59.12689,-38.29132],[-59.12689,-38.29172],[-59.12688,-38.29212],[-59.12688,-38.29251],[-59.1269,-38.29283],[-59.12693,-38.29314],[-59.12696,-38.29346],[-59.127,-38.29378],[-59.12704,-38.29411],[-59.12727,-38.29438],[-59.12749,-38.29465],[-59.12772,-38.29492],[-59.12794,-38.29519],[-59.12773,-38.29557],[-59.12752,-38.29595],[-59.12731,-38.29633],[-59.1271,-38.2967],[-59.1271,-38.29707],[-59.12709,-38.29743],[-59.12709,-38.29779],[-59.12709,-38.2981],[-59.12708,-38.29841],[-59.12708,-38.29873],[-59.12692,-38.29911],[-59.12676,-38.2995],[-59.12661,-38.29988],[-59.12651,-38.30017],[-59.12642,-38.30046],[-59.12663,-38.30084],[-59.12684,-38.30123],[-59.12704,-38.30162],[-59.12725,-38.302],[-59.12746,-38.30239],[-59.12767,-38.30278],[-59.12801,-38.30295],[-59.12834,-38.30312],[-59.12868,-38.30329],[-59.12901,-38.30343],[-59.12934,-38.30358],[-59.12968,-38.30373]]]]}},{"type":"Feature","properties":{"fdc":"IGN","sag":"IGN","tipo":"Pajonal, juncal, totoral","ign":"vegetacion_hidrofila_ED020.2012"},"geometry":{"type":"MultiPolygon","coordinates":[[[[-59.12186,-38.37661],[-59.12217,-38.37686],[-59.12248,-38.37711],[-59.12278,-38.37735],[-59.12309,-38.3776],[-59.1234,-38.37785],[-59.12371,-38.37809],[-59.12401,-38.37834],[-59.12423,-38.37796],[-59.12445,-38.37758],[-59.12467,-38.3772],[-59.12489,-38.37683],[-59.12511,-38.37645],[-59.12532,-38.37607],[-59.12554,-38.37569],[-59.12576,-38.37532],[-59.12598,-38.37494],[-59.12605,-38.37451],[-59.12611,-38.37409],[-59.12617,-38.37366],[-59.12624,-38.37323],[-59.12649,-38.37289],[-59.12673,-38.37254],[-59.12698,-38.37219],[-59.12722,-38.37185],[-59.12747,-38.3715],[-59.12771,-38.37115],[-59.12765,-38.37072],[-59.12759,-38.37029],[-59.12753,-38.36986],[-59.12747,-38.36943],[-59.12741,-38.369],[-59.12735,-38.36856],[-59.12729,-38.36813],[-59.12723,-38.3677],[-59.12717,-38.36727],[-59.12711,-38.36684],[-59.12705,-38.36641],[-59.12732,-38.36606],[-59.12758,-38.36572],[-59.12785,-38.36538],[-59.12812,-38.36503],[-59.12838,-38.36469],[-59.12865,-38.36435],[-59.12892,-38.36401],[-59.12918,-38.36366],[-59.12945,-38.36332],[-59.12972,-38.36298],[-59.12999,-38.36264],[-59.13014,-38.36222],[-59.13028,-38.3618],[-59.13043,-38.36139],[-59.13058,-38.36097],[-59.13073,-38.36055],[-59.13088,-38.36014],[-59.13103,-38.35972],[-59.13118,-38.3593],[-59.13133,-38.35889],[-59.13148,-38.35847],[-59.13149,-38.35806],[-59.13149,-38.35765],[-59.1315,-38.35724],[-59.1315,-38.35683],[-59.13151,-38.35641],[-59.13151,-38.356],[-59.13152,-38.35559],[-59.13152,-38.35517],[-59.13153,-38.35475],[-59.13153,-38.35433],[-59.13154,-38.35392],[-59.13154,-38.3535],[-59.13155,-38.35308],[-59.13155,-38.35266],[-59.13156,-38.35225],[-59.13156,-38.35183],[-59.13149,-38.35145],[-59.13141,-38.35107],[-59.13133,-38.35069],[-59.13126,-38.35031],[-59.13118,-38.34993],[-59.13111,-38.34955],[-59.13111,-38.34917],[-59.13112,-38.34879],[-59.13112,-38.34841],[-59.13113,-38.34803],[-59.13113,-38.34765],[-59.13113,-38.34727],[-59.13139,-38.34691],[-59.13165,-38.34654],[-59.13192,-38.34617],[-59.13218,-38.34581],[-59.13244,-38.34544],[-59.1327,-38.34508],[-59.13296,-38.34471],[-59.13322,-38.34435],[-59.13348,-38.34398],[-59.13374,-38.34361],[-59.134,-38.34325],[-59.13426,-38.34288],[-59.13452,-38.34252],[-59.13478,-38.34215],[-59.13504,-38.34178],[-59.1353,-38.34142],[-59.13548,-38.34104],[-59.13565,-38.34066],[-59.13583,-38.34028],[-59.13601,-38.33991],[-59.13618,-38.33953],[-59.13636,-38.33915],[-59.13654,-38.33877],[-59.13678,-38.33843],[-59.13703,-38.33809],[-59.13727,-38.33774],[-59.13751,-38.3374],[-59.13776,-38.33706],[-59.138,-38.33671],[-59.13825,-38.33637],[-59.13849,-38.33603],[-59.13874,-38.33569],[-59.13898,-38.33534],[-59.13923,-38.335],[-59.13953,-38.33466],[-59.13983,-38.33433],[-59.14013,-38.33399],[-59.14042,-38.33366],[-59.14072,-38.33332],[-59.14102,-38.33298],[-59.14132,-38.33265],[-59.14162,-38.33231],[-59.14192,-38.33198],[-59.14168,-38.33166],[-59.14144,-38.33134],[-59.14121,-38.33102],[-59.14097,-38.33071],[-59.14073,-38.33039],[-59.1405,-38.33007],[-59.14037,-38.32969],[-59.14024,-38.32931],[-59.14011,-38.32893],[-59.13998,-38.32855],[-59.13985,-38.32817],[-59.13972,-38.32779],[-59.13959,-38.32741],[-59.13946,-38.32703],[-59.13933,-38.32665],[-59.13933,-38.32621],[-59.13934,-38.32578],[-59.13934,-38.32535],[-59.13935,-38.32491],[-59.13936,-38.32448],[-59.13936,-38.32405],[-59.13937,-38.32361],[-59.13945,-38.3232],[-59.13954,-38.32279],[-59.13962,-38.32238],[-59.13971,-38.32197],[-59.13979,-38.32156],[-59.13988,-38.32115],[-59.13996,-38.32074],[-59.14005,-38.32033],[-59.14013,-38.31992],[-59.14022,-38.31951],[-59.1403,-38.31909],[-59.14039,-38.31868],[-59.14031,-38.31827],[-59.14022,-38.31785],[-59.14014,-38.31744],[-59.14006,-38.31703],[-59.13997,-38.31661],[-59.13989,-38.3162],[-59.13981,-38.31578],[-59.13973,-38.31537],[-59.13964,-38.31495],[-59.13956,-38.31454],[-59.13948,-38.31413],[-59.13956,-38.31372],[-59.13965,-38.31332],[-59.13973,-38.31292],[-59.13982,-38.31252],[-59.1399,-38.31212],[-59.13999,-38.31172],[-59.14007,-38.31132],[-59.14016,-38.31092],[-59.14024,-38.31052],[-59.14013,-38.31012],[-59.14001,-38.30972],[-59.1399,-38.30931],[-59.13978,-38.30891],[-59.13966,-38.3085],[-59.13955,-38.3081],[-59.13943,-38.30769],[-59.13932,-38.30729],[-59.13892,-38.30719],[-59.13852,-38.30709],[-59.13812,-38.307],[-59.13772,-38.3069],[-59.13732,-38.3068],[-59.13692,-38.30671],[-59.13651,-38.30676],[-59.13654,-38.30721],[-59.13657,-38.30765],[-59.1366,-38.30809],[-59.13662,-38.30854],[-59.13665,-38.30898],[-59.1366,-38.30942],[-59.13655,-38.30985],[-59.13651,-38.31029],[-59.13646,-38.31072],[-59.13641,-38.31116],[-59.13636,-38.31159],[-59.13632,-38.31203],[-59.13627,-38.31246],[-59.13622,-38.3129],[-59.13617,-38.31333],[-59.13612,-38.31377],[-59.13608,-38.3142],[-59.13603,-38.31464],[-59.13598,-38.31507],[-59.13593,-38.31551],[-59.13589,-38.31594],[-59.13584,-38.31638],[-59.13603,-38.31672],[-59.13623,-38.31707],[-59.13643,-38.31742],[-59.13663,-38.31777],[-59.13682,-38.31812],[-59.13702,-38.31847],[-59.13699,-38.31889],[-59.13696,-38.31931],[-59.13692,-38.31974],[-59.13689,-38.32016],[-59.13686,-38.32058],[-59.13683,-38.321],[-59.1368,-38.32142],[-59.13677,-38.32184],[-59.13673,-38.32227],[-59.13661,-38.32268],[-59.13648,-38.3231],[-59.13636,-38.32352],[-59.13623,-38.32393],[-59.13611,-38.32435],[-59.13598,-38.32477],[-59.13586,-38.32518],[-59.13573,-38.3256],[-59.1356,-38.32601],[-59.13548,-38.32643],[-59.13559,-38.32684],[-59.13571,-38.32725],[-59.13582,-38.32767],[-59.13594,-38.32808],[-59.13605,-38.32849],[-59.13617,-38.3289],[-59.1362,-38.32931],[-59.13623,-38.32971],[-59.13626,-38.33012],[-59.13629,-38.33053],[-59.13632,-38.33093],[-59.13635,-38.33134],[-59.13638,-38.33175],[-59.13627,-38.33213],[-59.13616,-38.33251],[-59.13606,-38.33289],[-59.13595,-38.33326],[-59.13584,-38.33364],[-59.13573,-38.33402],[-59.13562,-38.3344],[-59.1354,-38.33474],[-59.13518,-38.33508],[-59.13496,-38.33542],[-59.13474,-38.33576],[-59.13452,-38.3361],[-59.1343,-38.33644],[-59.13408,-38.33678],[-59.13386,-38.33712],[-59.13364,-38.33746],[-59.13342,-38.3378],[-59.13322,-38.3382],[-59.13303,-38.3386],[-59.13284,-38.339],[-59.13265,-38.3394],[-59.13245,-38.3398],[-59.13226,-38.34019],[-59.13207,-38.34059],[-59.13188,-38.34099],[-59.13168,-38.34139],[-59.13146,-38.34175],[-59.13124,-38.34211],[-59.13101,-38.34247],[-59.13079,-38.34284],[-59.13057,-38.3432],[-59.13035,-38.34356],[-59.13012,-38.34392],[-59.1299,-38.34428],[-59.12968,-38.34464],[-59.12945,-38.345],[-59.12923,-38.34536],[-59.12899,-38.34572],[-59.12874,-38.34607],[-59.12849,-38.34643],[-59.12825,-38.34679],[-59.128,-38.34714],[-59.12776,-38.3475],[-59.12751,-38.34786],[-59.12727,-38.34821],[-59.12702,-38.34857],[-59.12712,-38.349],[-59.12721,-38.34943],[-59.12731,-38.34985],[-59.1274,-38.35028],[-59.1275,-38.35071],[-59.12759,-38.35114],[-59.12769,-38.35156],[-59.12778,-38.35199],[-59.12788,-38.35242],[-59.12797,-38.35284],[-59.12807,-38.35327],[-59.12816,-38.3537],[-59.12814,-38.35414],[-59.12811,-38.35458],[-59.12809,-38.35503],[-59.12806,-38.35547],[-59.12804,-38.35591],[-59.12801,-38.35636],[-59.12799,-38.3568],[-59.12796,-38.35724],[-59.12794,-38.35768],[-59.12791,-38.35813],[-59.12789,-38.35857],[-59.12786,-38.35901],[-59.12764,-38.35937],[-59.12742,-38.35973],[-59.1272,-38.36008],[-59.12699,-38.36044],[-59.12677,-38.3608],[-59.12655,-38.36115],[-59.12633,-38.36151],[-59.12611,-38.36187],[-59.12589,-38.36222],[-59.12575,-38.3626],[-59.12561,-38.36298],[-59.12547,-38.36336],[-59.12533,-38.36374],[-59.12518,-38.36412],[-59.12504,-38.36449],[-59.1249,-38.36487],[-59.12484,-38.3653],[-59.12477,-38.36573],[-59.1247,-38.36615],[-59.12464,-38.36658],[-59.12457,-38.36701],[-59.12451,-38.36743],[-59.12444,-38.36786],[-59.12437,-38.36828],[-59.12431,-38.36871],[-59.12424,-38.36914],[-59.12418,-38.36956],[-59.12411,-38.36999],[-59.12399,-38.37041],[-59.12386,-38.37083],[-59.12374,-38.37124],[-59.12361,-38.37166],[-59.12349,-38.37208],[-59.12336,-38.37249],[-59.12324,-38.37291],[-59.12311,-38.37333],[-59.12299,-38.37374],[-59.12286,-38.37416],[-59.12269,-38.37457],[-59.12253,-38.37498],[-59.12236,-38.37539],[-59.1222,-38.3758],[-59.12203,-38.3762],[-59.12186,-38.37661]]]]}},{"type":"Feature","properties":{"fdc":"IGN","sag":"IGN","tipo":"Pajonal, juncal, totoral","ign":"vegetacion_hidrofila_ED020.2044"},"geometry":{"type":"MultiPolygon","coordinates":[[[[-59.15314,-38.43298],[-59.15349,-38.43325],[-59.15384,-38.43352],[-59.15419,-38.43379],[-59.15453,-38.43406],[-59.15488,-38.43432],[-59.15523,-38.43459],[-59.15558,-38.43486],[-59.15592,-38.43513],[-59.15627,-38.43539],[-59.15662,-38.43566],[-59.15697,-38.43593],[-59.15731,-38.4362],[-59.15766,-38.43647],[-59.15785,-38.43687],[-59.15804,-38.43727],[-59.15823,-38.43767],[-59.15841,-38.43807],[-59.1586,-38.43847],[-59.15879,-38.43887],[-59.15898,-38.43927],[-59.15917,-38.43967],[-59.15935,-38.44007],[-59.15954,-38.44047],[-59.15963,-38.44087],[-59.15971,-38.44127],[-59.15979,-38.44166],[-59.15988,-38.44206],[-59.15996,-38.44246],[-59.16004,-38.44285],[-59.16013,-38.44325],[-59.16021,-38.44365],[-59.16026,-38.44409],[-59.16032,-38.44452],[-59.16037,-38.44496],[-59.16042,-38.4454],[-59.16047,-38.44583],[-59.16053,-38.44627],[-59.16084,-38.44652],[-59.16115,-38.44677],[-59.16146,-38.44702],[-59.16177,-38.44727],[-59.16209,-38.44752],[-59.16197,-38.44789],[-59.16184,-38.44826],[-59.16172,-38.44862],[-59.1616,-38.44899],[-59.16148,-38.44936],[-59.16136,-38.44973],[-59.16127,-38.45015],[-59.16119,-38.45057],[-59.1611,-38.45099],[-59.16101,-38.45141],[-59.16092,-38.45183],[-59.16084,-38.45225],[-59.16075,-38.45267],[-59.16066,-38.45309],[-59.16057,-38.45351],[-59.16048,-38.45393],[-59.1604,-38.45435],[-59.16031,-38.45477],[-59.16022,-38.45519],[-59.16013,-38.45561],[-59.16005,-38.45603],[-59.15996,-38.45645],[-59.15987,-38.45687],[-59.15978,-38.45729],[-59.15969,-38.45771],[-59.15968,-38.45814],[-59.15966,-38.45858],[-59.15964,-38.45901],[-59.15962,-38.45945],[-59.1596,-38.45988],[-59.15958,-38.46032],[-59.15957,-38.46075],[-59.15955,-38.46119],[-59.15953,-38.46162],[-59.15951,-38.46206],[-59.15949,-38.46249],[-59.15947,-38.46292],[-59.15945,-38.46336],[-59.1594,-38.46379],[-59.15934,-38.46421],[-59.15928,-38.46464],[-59.15922,-38.46507],[-59.15916,-38.46549],[-59.15911,-38.46592],[-59.15905,-38.46635],[-59.15899,-38.46677],[-59.15893,-38.4672],[-59.15887,-38.46762],[-59.15863,-38.46797],[-59.15838,-38.46832],[-59.15813,-38.46867],[-59.15789,-38.46902],[-59.15764,-38.46936],[-59.15739,-38.46971],[-59.15715,-38.47006],[-59.1569,-38.47041],[-59.15665,-38.47076],[-59.15641,-38.4711],[-59.15616,-38.47145],[-59.15591,-38.4718],[-59.15567,-38.47215],[-59.15565,-38.47257],[-59.15562,-38.47298],[-59.1556,-38.4734],[-59.15558,-38.47382],[-59.15556,-38.47423],[-59.15554,-38.47465],[-59.15552,-38.47507],[-59.1555,-38.47548],[-59.15548,-38.4759],[-59.15546,-38.47632],[-59.15544,-38.47673],[-59.15541,-38.47715],[-59.15539,-38.47757],[-59.15538,-38.478],[-59.15536,-38.47842],[-59.15534,-38.47885],[-59.15532,-38.47927],[-59.1553,-38.4797],[-59.15528,-38.48012],[-59.15526,-38.48055],[-59.15524,-38.48097],[-59.15522,-38.4814],[-59.1552,-38.48182],[-59.15518,-38.48225],[-59.15516,-38.48267],[-59.15514,-38.4831],[-59.15512,-38.48352],[-59.155,-38.48393],[-59.15487,-38.48433],[-59.15475,-38.48474],[-59.15462,-38.48515],[-59.1545,-38.48555],[-59.15437,-38.48596],[-59.15425,-38.48637],[-59.15412,-38.48677],[-59.154,-38.48718],[-59.15388,-38.48758],[-59.15375,-38.48799],[-59.15365,-38.48841],[-59.15355,-38.48883],[-59.15344,-38.48925],[-59.15334,-38.48967],[-59.15324,-38.49009],[-59.15314,-38.49051],[-59.15303,-38.49093],[-59.15293,-38.49135],[-59.15283,-38.49177],[-59.15261,-38.49216],[-59.15238,-38.49255],[-59.15216,-38.49293],[-59.15194,-38.49332],[-59.15215,-38.49369],[-59.15237,-38.49406],[-59.15258,-38.49442],[-59.1528,-38.49479],[-59.15301,-38.49516],[-59.15323,-38.49553],[-59.15344,-38.49589],[-59.15366,-38.49626],[-59.15332,-38.49652],[-59.15299,-38.49677],[-59.15266,-38.49703],[-59.15232,-38.49729],[-59.15194,-38.49746],[-59.15155,-38.49763],[-59.15117,-38.4978],[-59.15078,-38.49796],[-59.1504,-38.49813],[-59.15001,-38.4983],[-59.14963,-38.49847],[-59.14924,-38.49864],[-59.14931,-38.49906],[-59.14938,-38.49948],[-59.14945,-38.49991],[-59.14952,-38.50033],[-59.14958,-38.50075],[-59.14965,-38.50117],[-59.14972,-38.50159],[-59.14979,-38.50201],[-59.14986,-38.50243],[-59.14979,-38.50286],[-59.14973,-38.50328],[-59.14967,-38.5037],[-59.14961,-38.50412],[-59.14955,-38.50455],[-59.14948,-38.50497],[-59.14943,-38.50534],[-59.14938,-38.50571],[-59.14976,-38.5059],[-59.15015,-38.5061],[-59.15054,-38.50629],[-59.15093,-38.50648],[-59.15131,-38.50668],[-59.1517,-38.50687],[-59.15209,-38.50707],[-59.15248,-38.50726],[-59.15286,-38.50746],[-59.15298,-38.50719],[-59.15311,-38.50693],[-59.15327,-38.50657],[-59.15344,-38.5062],[-59.15361,-38.50584],[-59.15377,-38.50548],[-59.15394,-38.50511],[-59.15411,-38.50475],[-59.15427,-38.50438],[-59.15444,-38.50402],[-59.15434,-38.50361],[-59.15423,-38.5032],[-59.15413,-38.50279],[-59.15402,-38.50238],[-59.15392,-38.50197],[-59.15381,-38.50156],[-59.15371,-38.50115],[-59.1536,-38.50074],[-59.15366,-38.50035],[-59.15372,-38.49996],[-59.15378,-38.49958],[-59.15384,-38.49919],[-59.15421,-38.49902],[-59.15457,-38.49885],[-59.15494,-38.49868],[-59.15531,-38.49851],[-59.15568,-38.49834],[-59.15604,-38.49817],[-59.15621,-38.49779],[-59.15638,-38.4974],[-59.15655,-38.49701],[-59.15672,-38.49663],[-59.15662,-38.4962],[-59.15651,-38.49576],[-59.15641,-38.49533],[-59.1563,-38.4949],[-59.1562,-38.49447],[-59.15609,-38.49404],[-59.15606,-38.49359],[-59.15603,-38.49315],[-59.156,-38.4927],[-59.15597,-38.49226],[-59.15594,-38.49181],[-59.1559,-38.49137],[-59.15587,-38.49092],[-59.15584,-38.49047],[-59.15581,-38.49003],[-59.15578,-38.48958],[-59.15575,-38.48914],[-59.15572,-38.48869],[-59.15583,-38.48831],[-59.15594,-38.48794],[-59.15605,-38.48756],[-59.15616,-38.48718],[-59.15627,-38.4868],[-59.15638,-38.48642],[-59.15649,-38.48604],[-59.1566,-38.48566],[-59.15671,-38.48527],[-59.15683,-38.48488],[-59.15694,-38.48448],[-59.15706,-38.48409],[-59.15718,-38.48369],[-59.15729,-38.48329],[-59.15741,-38.48289],[-59.15753,-38.48249],[-59.15764,-38.48209],[-59.15776,-38.48169],[-59.15788,-38.48129],[-59.15799,-38.48089],[-59.15811,-38.48049],[-59.15823,-38.48009],[-59.15829,-38.47969],[-59.15836,-38.47928],[-59.15842,-38.47887],[-59.15849,-38.47847],[-59.15855,-38.47806],[-59.15862,-38.47765],[-59.15868,-38.47725],[-59.15874,-38.47684],[-59.15881,-38.47643],[-59.15887,-38.47603],[-59.15894,-38.47562],[-59.159,-38.4752],[-59.15907,-38.47477],[-59.15913,-38.47435],[-59.15919,-38.47392],[-59.15926,-38.4735],[-59.15932,-38.47307],[-59.15938,-38.47265],[-59.15945,-38.47222],[-59.15951,-38.4718],[-59.15957,-38.47138],[-59.15964,-38.47095],[-59.1597,-38.47053],[-59.15976,-38.4701],[-59.15983,-38.46968],[-59.15989,-38.46925],[-59.1599,-38.46886],[-59.15992,-38.46848],[-59.15993,-38.46809],[-59.15994,-38.4677],[-59.15996,-38.46731],[-59.15997,-38.46692],[-59.15998,-38.46653],[-59.16014,-38.46611],[-59.16029,-38.46569],[-59.16044,-38.46527],[-59.16059,-38.46484],[-59.16074,-38.46442],[-59.1609,-38.464],[-59.16105,-38.46357],[-59.16113,-38.46313],[-59.16121,-38.46269],[-59.16128,-38.46225],[-59.16136,-38.46181],[-59.16144,-38.46137],[-59.16152,-38.46093],[-59.1616,-38.4605],[-59.16167,-38.46006],[-59.16175,-38.45962],[-59.16183,-38.45918],[-59.16191,-38.45874],[-59.16199,-38.4583],[-59.16207,-38.45786],[-59.16214,-38.45742],[-59.16222,-38.45698],[-59.1623,-38.45654],[-59.16238,-38.4561],[-59.16246,-38.45566],[-59.16257,-38.45524],[-59.16269,-38.45482],[-59.1628,-38.4544],[-59.16291,-38.45399],[-59.16303,-38.45357],[-59.16314,-38.45315],[-59.16326,-38.45273],[-59.16337,-38.45232],[-59.16349,-38.4519],[-59.1636,-38.45148],[-59.16372,-38.45106],[-59.16383,-38.45065],[-59.16394,-38.45023],[-59.16406,-38.44981],[-59.16402,-38.4494],[-59.16399,-38.449],[-59.16395,-38.44859],[-59.16392,-38.44818],[-59.16388,-38.44777],[-59.16385,-38.44737],[-59.16381,-38.44696],[-59.16378,-38.44655],[-59.16374,-38.44614],[-59.1637,-38.44574],[-59.16367,-38.44533],[-59.16357,-38.4449],[-59.16346,-38.44447],[-59.16336,-38.44403],[-59.16325,-38.4436],[-59.16315,-38.44317],[-59.16304,-38.44274],[-59.16294,-38.44231],[-59.16284,-38.44188],[-59.16273,-38.44145],[-59.16263,-38.44101],[-59.16252,-38.44058],[-59.16242,-38.44015],[-59.16227,-38.43976],[-59.16211,-38.43936],[-59.16196,-38.43896],[-59.16181,-38.43857],[-59.16166,-38.43817],[-59.1615,-38.43778],[-59.16135,-38.43738],[-59.16152,-38.43701],[-59.1617,-38.43664],[-59.16187,-38.43627],[-59.16205,-38.43591],[-59.16222,-38.43554],[-59.16239,-38.43517],[-59.16257,-38.4348],[-59.16274,-38.43443],[-59.16279,-38.43401],[-59.16283,-38.43358],[-59.16288,-38.43316],[-59.16292,-38.43273],[-59.16297,-38.43231],[-59.16302,-38.43189],[-59.16306,-38.43146],[-59.16311,-38.43104],[-59.16315,-38.43062],[-59.1632,-38.43019],[-59.16324,-38.42977],[-59.16329,-38.42934],[-59.16333,-38.42892],[-59.16348,-38.42853],[-59.16362,-38.42813],[-59.16376,-38.42774],[-59.1639,-38.42735],[-59.16405,-38.42696],[-59.16419,-38.42656],[-59.16433,-38.42617],[-59.16447,-38.42578],[-59.16461,-38.42538],[-59.16476,-38.42499],[-59.1649,-38.4246],[-59.16504,-38.42421],[-59.16518,-38.42381],[-59.16533,-38.42342],[-59.16553,-38.42303],[-59.16573,-38.42265],[-59.16593,-38.42226],[-59.16613,-38.42188],[-59.16633,-38.42149],[-59.16654,-38.4211],[-59.16674,-38.42072],[-59.16694,-38.42033],[-59.16714,-38.41994],[-59.16734,-38.41956],[-59.16754,-38.41917],[-59.16775,-38.41879],[-59.16795,-38.4184],[-59.16815,-38.41801],[-59.16835,-38.41763],[-59.16855,-38.41724],[-59.16887,-38.41695],[-59.1692,-38.41667],[-59.16952,-38.41638],[-59.16984,-38.4161],[-59.17016,-38.41581],[-59.17048,-38.41553],[-59.17081,-38.41524],[-59.17113,-38.41495],[-59.17145,-38.41467],[-59.17177,-38.41438],[-59.17209,-38.4141],[-59.17218,-38.4137],[-59.17228,-38.41331],[-59.17237,-38.41291],[-59.17246,-38.41251],[-59.17255,-38.41212],[-59.17264,-38.41172],[-59.17273,-38.41133],[-59.17282,-38.41093],[-59.1732,-38.41076],[-59.17358,-38.41058],[-59.17396,-38.41041],[-59.17434,-38.41023],[-59.17471,-38.41006],[-59.17509,-38.40988],[-59.17547,-38.40971],[-59.17547,-38.40927],[-59.17548,-38.40884],[-59.17548,-38.4084],[-59.17549,-38.40796],[-59.17549,-38.40753],[-59.1755,-38.40709],[-59.17509,-38.40699],[-59.17468,-38.4069],[-59.17428,-38.40681],[-59.17387,-38.40671],[-59.17346,-38.40662],[-59.17305,-38.40652],[-59.17292,-38.40692],[-59.17278,-38.40731],[-59.17264,-38.40771],[-59.17251,-38.4081],[-59.17237,-38.4085],[-59.17224,-38.4089],[-59.1721,-38.40929],[-59.17196,-38.40969],[-59.17167,-38.40999],[-59.17137,-38.41029],[-59.17108,-38.4106],[-59.17078,-38.4109],[-59.17049,-38.41121],[-59.17019,-38.41151],[-59.16989,-38.41181],[-59.1696,-38.41212],[-59.1693,-38.41242],[-59.16897,-38.4127],[-59.16864,-38.41297],[-59.1683,-38.41324],[-59.16797,-38.41352],[-59.16764,-38.41379],[-59.1673,-38.41406],[-59.16697,-38.41434],[-59.16664,-38.41461],[-59.1663,-38.41488],[-59.16614,-38.41528],[-59.16597,-38.41568],[-59.16581,-38.41608],[-59.16565,-38.41648],[-59.16548,-38.41688],[-59.16532,-38.41728],[-59.16515,-38.41768],[-59.16499,-38.41808],[-59.16483,-38.41848],[-59.16466,-38.41888],[-59.1645,-38.41928],[-59.16438,-38.41971],[-59.16427,-38.42014],[-59.16415,-38.42057],[-59.16404,-38.421],[-59.16393,-38.42143],[-59.16381,-38.42186],[-59.1637,-38.42229],[-59.16358,-38.42272],[-59.16329,-38.42304],[-59.16299,-38.42336],[-59.16269,-38.42368],[-59.1624,-38.424],[-59.1621,-38.42432],[-59.16181,-38.42464],[-59.16151,-38.42496],[-59.16122,-38.42528],[-59.16092,-38.4256],[-59.16063,-38.42592],[-59.16033,-38.42624],[-59.16003,-38.42656],[-59.16012,-38.42697],[-59.1602,-38.42738],[-59.16028,-38.4278],[-59.16036,-38.42821],[-59.16045,-38.42863],[-59.16053,-38.42904],[-59.16061,-38.42945],[-59.16069,-38.42987],[-59.16063,-38.43029],[-59.16057,-38.43072],[-59.1605,-38.43115],[-59.16044,-38.43158],[-59.16038,-38.43201],[-59.16031,-38.43244],[-59.16025,-38.43286],[-59.16019,-38.43329],[-59.16012,-38.43372],[-59.15995,-38.43404],[-59.15977,-38.43436],[-59.15959,-38.43468],[-59.15924,-38.43442],[-59.1589,-38.43415],[-59.15855,-38.43389],[-59.1582,-38.43362],[-59.15785,-38.43336],[-59.1575,-38.43309],[-59.15716,-38.43283],[-59.15681,-38.43256],[-59.15646,-38.43229],[-59.15611,-38.43203],[-59.15577,-38.43176],[-59.15572,-38.43133],[-59.15568,-38.4309],[-59.15563,-38.43046],[-59.15559,-38.43003],[-59.15554,-38.4296],[-59.1555,-38.42916],[-59.15545,-38.42873],[-59.15553,-38.42829],[-59.1556,-38.42785],[-59.15568,-38.42741],[-59.15575,-38.42697],[-59.15583,-38.42653],[-59.1559,-38.42608],[-59.15598,-38.42564],[-59.15605,-38.4252],[-59.15613,-38.42476],[-59.1562,-38.42432],[-59.15619,-38.42388],[-59.15618,-38.42344],[-59.15616,-38.423],[-59.15615,-38.42256],[-59.15614,-38.42212],[-59.15613,-38.42167],[-59.15612,-38.42123],[-59.15611,-38.42079],[-59.15609,-38.42035],[-59.15608,-38.41991],[-59.15593,-38.41953],[-59.15578,-38.41914],[-59.15563,-38.41876],[-59.15548,-38.41837],[-59.15532,-38.41799],[-59.15517,-38.41761],[-59.15502,-38.41722],[-59.15487,-38.41684],[-59.15472,-38.41645],[-59.1547,-38.41603],[-59.15469,-38.4156],[-59.15467,-38.41517],[-59.15466,-38.41474],[-59.15464,-38.41431],[-59.15463,-38.41388],[-59.15462,-38.41345],[-59.1546,-38.41302],[-59.15459,-38.41259],[-59.15439,-38.4122],[-59.1542,-38.4118],[-59.154,-38.41141],[-59.15381,-38.41101],[-59.15361,-38.41062],[-59.15342,-38.41022],[-59.15322,-38.40982],[-59.15353,-38.40952],[-59.15384,-38.40921],[-59.15415,-38.4089],[-59.15446,-38.40859],[-59.15442,-38.40818],[-59.15438,-38.40777],[-59.15434,-38.40735],[-59.1543,-38.40694],[-59.15427,-38.40653],[-59.15423,-38.40611],[-59.15419,-38.4057],[-59.15415,-38.40528],[-59.15371,-38.40526],[-59.15327,-38.40523],[-59.15283,-38.4052],[-59.1524,-38.40518],[-59.15196,-38.40515],[-59.15152,-38.40512],[-59.15117,-38.40492],[-59.15082,-38.40472],[-59.15048,-38.40452],[-59.15013,-38.40432],[-59.14978,-38.40412],[-59.14943,-38.40391],[-59.14909,-38.40371],[-59.14874,-38.40351],[-59.14839,-38.40331],[-59.14819,-38.40292],[-59.14798,-38.40254],[-59.14777,-38.40215],[-59.14757,-38.40176],[-59.14736,-38.40137],[-59.14699,-38.40135],[-59.14662,-38.40133],[-59.14624,-38.40131],[-59.14587,-38.40129],[-59.1455,-38.40127],[-59.14551,-38.4017],[-59.14553,-38.40213],[-59.14555,-38.40256],[-59.14557,-38.40298],[-59.14559,-38.40341],[-59.1456,-38.40384],[-59.14593,-38.40415],[-59.14626,-38.40445],[-59.14659,-38.40476],[-59.14692,-38.40507],[-59.14725,-38.40537],[-59.14758,-38.40568],[-59.1479,-38.40598],[-59.14823,-38.40629],[-59.14856,-38.40659],[-59.14889,-38.4069],[-59.14904,-38.40731],[-59.14918,-38.40773],[-59.14933,-38.40814],[-59.14948,-38.40856],[-59.14962,-38.40897],[-59.14977,-38.40939],[-59.14991,-38.4098],[-59.15026,-38.41001],[-59.15061,-38.41022],[-59.15096,-38.41043],[-59.15131,-38.41064],[-59.15128,-38.41105],[-59.15125,-38.41146],[-59.15122,-38.41188],[-59.1512,-38.41229],[-59.15117,-38.4127],[-59.15114,-38.41312],[-59.15112,-38.41353],[-59.15109,-38.41394],[-59.15116,-38.41436],[-59.15124,-38.41477],[-59.15131,-38.41519],[-59.15138,-38.4156],[-59.15146,-38.41601],[-59.15153,-38.41643],[-59.1516,-38.41684],[-59.15168,-38.41726],[-59.15175,-38.41767],[-59.15194,-38.41806],[-59.15212,-38.41845],[-59.15231,-38.41883],[-59.1525,-38.41922],[-59.15269,-38.41961],[-59.15288,-38.41999],[-59.15307,-38.42038],[-59.15325,-38.42077],[-59.15344,-38.42116],[-59.15363,-38.42154],[-59.15355,-38.42196],[-59.15348,-38.42237],[-59.1534,-38.42278],[-59.15333,-38.4232],[-59.15326,-38.42361],[-59.15318,-38.42402],[-59.15311,-38.42443],[-59.15303,-38.42485],[-59.15296,-38.42526],[-59.15288,-38.42567],[-59.15281,-38.42609],[-59.15273,-38.4265],[-59.15266,-38.42691],[-59.15258,-38.42733],[-59.15251,-38.42774],[-59.15256,-38.42818],[-59.15261,-38.42861],[-59.15267,-38.42905],[-59.15272,-38.42949],[-59.15277,-38.42992],[-59.15283,-38.43036],[-59.15288,-38.4308],[-59.15293,-38.43123],[-59.15299,-38.43167],[-59.15304,-38.43211],[-59.15309,-38.43255],[-59.15314,-38.43298]]]]}},{"type":"Feature","properties":{"fdc":"IGN","sag":"IGN","tipo":"Pajonal, juncal, totoral","ign":"vegetacion_hidrofila_ED020.2049"},"geometry":{"type":"MultiPolygon","coordinates":[[[[-59.11302,-38.46694],[-59.11308,-38.46723],[-59.11314,-38.46753],[-59.11355,-38.46747],[-59.11396,-38.46742],[-59.11437,-38.46736],[-59.11478,-38.4673],[-59.11519,-38.46725],[-59.1156,-38.46719],[-59.11601,-38.46713],[-59.11642,-38.46708],[-59.11684,-38.46702],[-59.11725,-38.46696],[-59.11766,-38.46691],[-59.118,-38.46665],[-59.11834,-38.46639],[-59.11869,-38.46613],[-59.11903,-38.46587],[-59.11938,-38.46561],[-59.11972,-38.46534],[-59.12006,-38.46508],[-59.12041,-38.46482],[-59.12075,-38.46456],[-59.1211,-38.4643],[-59.12144,-38.46404],[-59.1216,-38.46365],[-59.12177,-38.46326],[-59.12193,-38.46287],[-59.1221,-38.46248],[-59.12226,-38.46209],[-59.12243,-38.4617],[-59.12259,-38.46131],[-59.12275,-38.46092],[-59.12292,-38.46053],[-59.12308,-38.46014],[-59.12325,-38.45975],[-59.12335,-38.45934],[-59.12345,-38.45893],[-59.12356,-38.45853],[-59.12366,-38.45812],[-59.12377,-38.45772],[-59.12387,-38.45731],[-59.12398,-38.4569],[-59.12408,-38.4565],[-59.12419,-38.45609],[-59.12429,-38.45568],[-59.1244,-38.45528],[-59.12445,-38.45484],[-59.1245,-38.4544],[-59.12456,-38.45396],[-59.12461,-38.45352],[-59.12467,-38.45308],[-59.12472,-38.45264],[-59.12477,-38.4522],[-59.12483,-38.45176],[-59.12488,-38.45132],[-59.12494,-38.45091],[-59.125,-38.4505],[-59.12506,-38.45009],[-59.12512,-38.44968],[-59.12518,-38.44927],[-59.12524,-38.44886],[-59.1253,-38.44846],[-59.12536,-38.44805],[-59.12553,-38.44763],[-59.1257,-38.44722],[-59.12587,-38.4468],[-59.12604,-38.44639],[-59.12621,-38.44597],[-59.12638,-38.44555],[-59.12655,-38.44514],[-59.12672,-38.44472],[-59.12688,-38.44431],[-59.12705,-38.44389],[-59.12722,-38.44348],[-59.12739,-38.44306],[-59.12773,-38.44292],[-59.12807,-38.44277],[-59.12841,-38.44263],[-59.12875,-38.44248],[-59.12912,-38.44232],[-59.1295,-38.44216],[-59.12987,-38.44201],[-59.13024,-38.44185],[-59.13061,-38.44169],[-59.13099,-38.44153],[-59.13136,-38.44137],[-59.13177,-38.4412],[-59.13218,-38.44103],[-59.13259,-38.44086],[-59.13299,-38.44069],[-59.1334,-38.44052],[-59.13381,-38.44036],[-59.13422,-38.44019],[-59.13464,-38.44015],[-59.13506,-38.44011],[-59.13549,-38.44008],[-59.13591,-38.44004],[-59.13633,-38.44],[-59.13675,-38.43997],[-59.13717,-38.43993],[-59.13759,-38.43989],[-59.13802,-38.43986],[-59.13844,-38.43982],[-59.13886,-38.43978],[-59.13928,-38.43975],[-59.1397,-38.43971],[-59.13976,-38.4393],[-59.13982,-38.43889],[-59.13987,-38.43848],[-59.13993,-38.43807],[-59.13999,-38.43766],[-59.14005,-38.43724],[-59.14011,-38.43683],[-59.14016,-38.43642],[-59.14022,-38.43601],[-59.14017,-38.43558],[-59.14012,-38.43515],[-59.14008,-38.43472],[-59.14003,-38.43429],[-59.13998,-38.43385],[-59.13993,-38.43342],[-59.13989,-38.43299],[-59.13984,-38.43256],[-59.13979,-38.43213],[-59.1396,-38.43174],[-59.13942,-38.43135],[-59.13923,-38.43096],[-59.13904,-38.43057],[-59.13886,-38.43018],[-59.13867,-38.42979],[-59.13848,-38.4294],[-59.1383,-38.42901],[-59.13825,-38.42863],[-59.1382,-38.42824],[-59.13814,-38.42785],[-59.13809,-38.42746],[-59.13807,-38.42707],[-59.13804,-38.42668],[-59.13801,-38.42628],[-59.13799,-38.42589],[-59.13796,-38.42549],[-59.13794,-38.4251],[-59.13791,-38.42471],[-59.13777,-38.42433],[-59.13763,-38.42396],[-59.13748,-38.42358],[-59.13734,-38.42321],[-59.1372,-38.42283],[-59.13706,-38.42246],[-59.13703,-38.42204],[-59.13701,-38.42162],[-59.13698,-38.4212],[-59.13695,-38.42078],[-59.13693,-38.42036],[-59.1369,-38.41994],[-59.13688,-38.41953],[-59.13688,-38.41912],[-59.13689,-38.41872],[-59.13689,-38.41832],[-59.13652,-38.4182],[-59.13614,-38.41807],[-59.13577,-38.41794],[-59.1354,-38.41782],[-59.13502,-38.41769],[-59.13465,-38.41756],[-59.13427,-38.41744],[-59.13396,-38.41776],[-59.13364,-38.41808],[-59.13332,-38.41839],[-59.133,-38.41871],[-59.13269,-38.41903],[-59.13237,-38.41935],[-59.13205,-38.41967],[-59.13236,-38.41996],[-59.13266,-38.42026],[-59.13296,-38.42055],[-59.13327,-38.42085],[-59.13357,-38.42114],[-59.13387,-38.42144],[-59.13418,-38.42173],[-59.13448,-38.42203],[-59.13478,-38.42232],[-59.13509,-38.42262],[-59.13512,-38.42303],[-59.13516,-38.42344],[-59.1352,-38.42386],[-59.13524,-38.42427],[-59.13528,-38.42469],[-59.1351,-38.4251],[-59.13492,-38.42551],[-59.13474,-38.42592],[-59.13456,-38.42633],[-59.13438,-38.42675],[-59.13427,-38.42716],[-59.13415,-38.42757],[-59.13404,-38.42798],[-59.13392,-38.4284],[-59.13381,-38.42881],[-59.13369,-38.42922],[-59.13358,-38.42964],[-59.13346,-38.43005],[-59.13335,-38.43046],[-59.13324,-38.43087],[-59.13338,-38.43127],[-59.13352,-38.43167],[-59.13366,-38.43207],[-59.1338,-38.43247],[-59.13394,-38.43287],[-59.13409,-38.43327],[-59.13423,-38.43367],[-59.13453,-38.43393],[-59.13483,-38.43419],[-59.13513,-38.43445],[-59.13544,-38.43471],[-59.13574,-38.43497],[-59.13604,-38.43523],[-59.13634,-38.43549],[-59.13664,-38.43575],[-59.13687,-38.43608],[-59.13709,-38.4364],[-59.13732,-38.43673],[-59.13754,-38.43706],[-59.13723,-38.43734],[-59.13692,-38.43763],[-59.13661,-38.43791],[-59.1363,-38.43819],[-59.13599,-38.43848],[-59.13556,-38.43852],[-59.13512,-38.43856],[-59.13468,-38.4386],[-59.13424,-38.43863],[-59.1338,-38.43867],[-59.13336,-38.43871],[-59.13292,-38.43875],[-59.13248,-38.43879],[-59.1321,-38.43892],[-59.13171,-38.43904],[-59.13132,-38.43917],[-59.13094,-38.43929],[-59.13055,-38.43941],[-59.13016,-38.43954],[-59.12978,-38.43966],[-59.12935,-38.4398],[-59.12892,-38.43994],[-59.12849,-38.44007],[-59.12806,-38.44021],[-59.12763,-38.44034],[-59.1272,-38.44048],[-59.12693,-38.44078],[-59.12665,-38.44108],[-59.12637,-38.44138],[-59.12609,-38.44168],[-59.12582,-38.44198],[-59.12554,-38.44228],[-59.12526,-38.44258],[-59.12498,-38.44287],[-59.12484,-38.4433],[-59.1247,-38.44372],[-59.12455,-38.44414],[-59.12441,-38.44456],[-59.12426,-38.44498],[-59.12412,-38.44541],[-59.12397,-38.44583],[-59.12383,-38.44625],[-59.12368,-38.44667],[-59.12354,-38.44709],[-59.12339,-38.44751],[-59.12323,-38.4479],[-59.12306,-38.44829],[-59.12289,-38.44867],[-59.12272,-38.44906],[-59.12255,-38.44945],[-59.12238,-38.44983],[-59.12221,-38.45022],[-59.12204,-38.45061],[-59.12196,-38.45101],[-59.12187,-38.45142],[-59.12179,-38.45183],[-59.12171,-38.45223],[-59.12162,-38.45264],[-59.12154,-38.45305],[-59.12145,-38.45345],[-59.12137,-38.45386],[-59.12128,-38.45427],[-59.1212,-38.45467],[-59.12111,-38.45508],[-59.12101,-38.4555],[-59.12091,-38.45591],[-59.12082,-38.45633],[-59.12072,-38.45675],[-59.12062,-38.45717],[-59.12052,-38.45759],[-59.12042,-38.458],[-59.12011,-38.45821],[-59.1198,-38.45841],[-59.11949,-38.45862],[-59.11918,-38.45882],[-59.11887,-38.45902],[-59.11872,-38.4594],[-59.11857,-38.45977],[-59.11842,-38.46014],[-59.11827,-38.46052],[-59.11812,-38.46089],[-59.11797,-38.46126],[-59.11789,-38.46166],[-59.11781,-38.46206],[-59.11774,-38.46246],[-59.11743,-38.46277],[-59.11711,-38.46308],[-59.1168,-38.46339],[-59.11649,-38.4637],[-59.11618,-38.464],[-59.11578,-38.46417],[-59.11538,-38.46434],[-59.11498,-38.46451],[-59.11458,-38.46468],[-59.11418,-38.46485],[-59.11378,-38.46502],[-59.11338,-38.46519],[-59.11298,-38.46536],[-59.11299,-38.46575],[-59.113,-38.46615],[-59.11301,-38.46654],[-59.11302,-38.46694]]]]}},{"type":"Feature","properties":{"fdc":"IGN","sag":"IGN","tipo":"Pajonal, juncal, totoral","ign":"vegetacion_hidrofila_ED020.2055"},"geometry":{"type":"MultiPolygon","coordinates":[[[[-58.86195,-38.43294],[-58.8616,-38.43322],[-58.86125,-38.43351],[-58.8609,-38.43379],[-58.86055,-38.43407],[-58.86021,-38.43435],[-58.85986,-38.43464],[-58.85951,-38.43492],[-58.85916,-38.4352],[-58.85881,-38.43549],[-58.85847,-38.43577],[-58.8585,-38.4362],[-58.85853,-38.43664],[-58.85857,-38.43707],[-58.8586,-38.43751],[-58.85863,-38.43794],[-58.85867,-38.43837],[-58.8587,-38.43881],[-58.85874,-38.43924],[-58.85877,-38.43968],[-58.8588,-38.44011],[-58.85884,-38.44055],[-58.85887,-38.44098],[-58.8589,-38.44141],[-58.85894,-38.44185],[-58.85897,-38.44228],[-58.85896,-38.44268],[-58.85896,-38.44308],[-58.85895,-38.44347],[-58.85895,-38.44387],[-58.85894,-38.44427],[-58.85893,-38.44466],[-58.85893,-38.44506],[-58.85892,-38.44546],[-58.85891,-38.44587],[-58.85891,-38.44629],[-58.8589,-38.44671],[-58.85889,-38.44712],[-58.85889,-38.44754],[-58.85888,-38.44796],[-58.85887,-38.44837],[-58.85887,-38.44879],[-58.8587,-38.4492],[-58.85853,-38.44961],[-58.85836,-38.45003],[-58.8582,-38.45044],[-58.85803,-38.45085],[-58.85786,-38.45126],[-58.85769,-38.45167],[-58.85752,-38.45208],[-58.85736,-38.45249],[-58.85719,-38.4529],[-58.85741,-38.45326],[-58.85763,-38.45362],[-58.85785,-38.45398],[-58.85807,-38.45434],[-58.8583,-38.4547],[-58.85852,-38.45506],[-58.85874,-38.45542],[-58.85896,-38.45578],[-58.85895,-38.45618],[-58.85895,-38.45659],[-58.85894,-38.457],[-58.85893,-38.45741],[-58.85893,-38.45782],[-58.85892,-38.45823],[-58.85891,-38.45864],[-58.85887,-38.45907],[-58.85883,-38.4595],[-58.85878,-38.45993],[-58.85874,-38.46037],[-58.8587,-38.4608],[-58.85865,-38.46123],[-58.85861,-38.46166],[-58.85857,-38.4621],[-58.85852,-38.46253],[-58.85848,-38.46296],[-58.85844,-38.46339],[-58.85833,-38.46381],[-58.85822,-38.46422],[-58.85811,-38.46464],[-58.85801,-38.46506],[-58.8579,-38.46547],[-58.85779,-38.46589],[-58.85769,-38.4663],[-58.85758,-38.46672],[-58.85742,-38.46709],[-58.85726,-38.46747],[-58.8571,-38.46785],[-58.85694,-38.46823],[-58.85711,-38.46823],[-58.85742,-38.46816],[-58.85773,-38.46808],[-58.85785,-38.46772],[-58.85788,-38.46744],[-58.85791,-38.46715],[-58.858,-38.46685],[-58.8581,-38.46656],[-58.85828,-38.46617],[-58.85855,-38.466],[-58.85882,-38.46582],[-58.85909,-38.46564],[-58.85944,-38.46547],[-58.85979,-38.4653],[-58.86023,-38.46531],[-58.86066,-38.46531],[-58.86098,-38.46538],[-58.86131,-38.46544],[-58.86163,-38.46551],[-58.86191,-38.46564],[-58.86218,-38.46576],[-58.86255,-38.46592],[-58.86292,-38.46608],[-58.86324,-38.46623],[-58.86355,-38.46638],[-58.86381,-38.46655],[-58.86408,-38.46672],[-58.86445,-38.46681],[-58.86483,-38.46691],[-58.8652,-38.467],[-58.86534,-38.46739],[-58.86549,-38.46777],[-58.86505,-38.46781],[-58.86461,-38.46784],[-58.86417,-38.46788],[-58.86374,-38.46792],[-58.86346,-38.46824],[-58.86309,-38.46834],[-58.86272,-38.46845],[-58.86241,-38.46852],[-58.8621,-38.46859],[-58.86179,-38.46862],[-58.86147,-38.46865],[-58.86116,-38.46868],[-58.86081,-38.46875],[-58.86047,-38.46883],[-58.86012,-38.4689],[-58.85978,-38.46897],[-58.85936,-38.46902],[-58.85894,-38.46906],[-58.8587,-38.4691],[-58.85846,-38.46915],[-58.85813,-38.46905],[-58.85779,-38.46895],[-58.85757,-38.46878],[-58.85735,-38.46861],[-58.8571,-38.46852],[-58.85685,-38.46844],[-58.85672,-38.46876],[-58.85658,-38.46908],[-58.85645,-38.4694],[-58.85632,-38.46972],[-58.85656,-38.47004],[-58.8568,-38.47036],[-58.85704,-38.47068],[-58.85728,-38.471],[-58.85753,-38.47132],[-58.85777,-38.47164],[-58.85801,-38.47196],[-58.85825,-38.47228],[-58.85849,-38.4726],[-58.85881,-38.47286],[-58.85913,-38.47312],[-58.85945,-38.47337],[-58.85977,-38.47363],[-58.86009,-38.47389],[-58.86013,-38.47431],[-58.86016,-38.47474],[-58.8602,-38.47516],[-58.86024,-38.47558],[-58.86028,-38.47601],[-58.86031,-38.47643],[-58.86035,-38.47686],[-58.86039,-38.47728],[-58.86043,-38.4777],[-58.86049,-38.47813],[-58.86055,-38.47855],[-58.86061,-38.47898],[-58.8609,-38.47869],[-58.86119,-38.47841],[-58.86148,-38.47813],[-58.86177,-38.47785],[-58.86205,-38.47756],[-58.86236,-38.47729],[-58.86267,-38.47701],[-58.86297,-38.47674],[-58.86328,-38.47646],[-58.86359,-38.47619],[-58.8639,-38.47591],[-58.8642,-38.47563],[-58.86451,-38.47536],[-58.86482,-38.47508],[-58.86512,-38.47481],[-58.86543,-38.47453],[-58.86574,-38.47426],[-58.86595,-38.47402],[-58.86615,-38.47379],[-58.86636,-38.47344],[-58.86657,-38.47309],[-58.86677,-38.47275],[-58.86698,-38.4724],[-58.86719,-38.47205],[-58.86731,-38.47167],[-58.86742,-38.47128],[-58.86754,-38.47089],[-58.86766,-38.4705],[-58.86778,-38.47012],[-58.8679,-38.46973],[-58.86802,-38.46934],[-58.86813,-38.46895],[-58.86825,-38.46857],[-58.86801,-38.46825],[-58.86777,-38.46793],[-58.86753,-38.46761],[-58.86728,-38.46729],[-58.86704,-38.46697],[-58.8668,-38.46665],[-58.86656,-38.46633],[-58.86632,-38.46601],[-58.86607,-38.46569],[-58.86605,-38.46529],[-58.86604,-38.4649],[-58.86602,-38.4645],[-58.866,-38.4641],[-58.86598,-38.46371],[-58.86596,-38.46331],[-58.86594,-38.46291],[-58.86592,-38.46252],[-58.86599,-38.46211],[-58.86607,-38.46171],[-58.86614,-38.4613],[-58.86622,-38.4609],[-58.86629,-38.46049],[-58.86636,-38.46009],[-58.86644,-38.45968],[-58.86651,-38.45928],[-58.86658,-38.45887],[-58.86663,-38.45849],[-58.86668,-38.45811],[-58.86672,-38.45773],[-58.86677,-38.45735],[-58.86682,-38.45697],[-58.86715,-38.45697],[-58.86749,-38.45697],[-58.86782,-38.45697],[-58.86823,-38.45698],[-58.86863,-38.45698],[-58.86903,-38.45699],[-58.86944,-38.45699],[-58.86965,-38.45663],[-58.86985,-38.45628],[-58.87006,-38.45592],[-58.87027,-38.45557],[-58.86999,-38.45527],[-58.86971,-38.45496],[-58.86944,-38.45466],[-58.86916,-38.45435],[-58.86888,-38.45405],[-58.8686,-38.45374],[-58.86833,-38.45344],[-58.86805,-38.45313],[-58.86777,-38.45283],[-58.86749,-38.45253],[-58.86721,-38.45221],[-58.86694,-38.45189],[-58.86666,-38.45156],[-58.86638,-38.45124],[-58.8661,-38.45092],[-58.866,-38.45051],[-58.8659,-38.45009],[-58.8658,-38.44968],[-58.86569,-38.44926],[-58.86559,-38.44884],[-58.86549,-38.44843],[-58.86539,-38.44801],[-58.86528,-38.4476],[-58.86518,-38.44718],[-58.86508,-38.44676],[-58.86498,-38.44635],[-58.86488,-38.44593],[-58.86477,-38.44551],[-58.86485,-38.44511],[-58.86493,-38.44471],[-58.86501,-38.4443],[-58.86509,-38.4439],[-58.86517,-38.4435],[-58.86525,-38.44309],[-58.86533,-38.44269],[-58.86541,-38.44229],[-58.86549,-38.44188],[-58.86557,-38.44148],[-58.86565,-38.44108],[-58.86572,-38.44066],[-58.8658,-38.44023],[-58.86587,-38.43981],[-58.86595,-38.43939],[-58.86602,-38.43897],[-58.8661,-38.43854],[-58.86617,-38.43812],[-58.86624,-38.4377],[-58.86632,-38.43727],[-58.86628,-38.43683],[-58.86624,-38.43639],[-58.8662,-38.43595],[-58.86617,-38.43551],[-58.86613,-38.43507],[-58.86609,-38.43462],[-58.86605,-38.43418],[-58.86602,-38.43374],[-58.86598,-38.4333],[-58.86566,-38.43302],[-58.86534,-38.43275],[-58.86502,-38.43247],[-58.8647,-38.4322],[-58.86438,-38.43192],[-58.86398,-38.43209],[-58.86357,-38.43226],[-58.86316,-38.43243],[-58.86276,-38.4326],[-58.86235,-38.43277],[-58.86195,-38.43294]],[[-58.86517,-38.43846],[-58.86484,-38.43858],[-58.86451,-38.43869],[-58.86419,-38.43881],[-58.86376,-38.43881],[-58.86334,-38.43881],[-58.86292,-38.4388],[-58.86262,-38.43867],[-58.86233,-38.43854],[-58.86203,-38.43841],[-58.86182,-38.43818],[-58.86161,-38.43794],[-58.8614,-38.4377],[-58.86105,-38.43747],[-58.8607,-38.43724],[-58.86053,-38.43683],[-58.86061,-38.4365],[-58.86068,-38.43617],[-58.86079,-38.43587],[-58.86089,-38.43557],[-58.861,-38.43527],[-58.86136,-38.43521],[-58.86173,-38.43516],[-58.86209,-38.4351],[-58.86233,-38.43489],[-58.86256,-38.43469],[-58.863,-38.43464],[-58.86345,-38.43458],[-58.86368,-38.43458],[-58.86391,-38.43458],[-58.86401,-38.43476],[-58.8641,-38.43489],[-58.86436,-38.43507],[-58.86462,-38.43525],[-58.86485,-38.43542],[-58.86507,-38.4356],[-58.86514,-38.43586],[-58.86521,-38.43612],[-58.8652,-38.43637],[-58.86519,-38.43662],[-58.8654,-38.43696],[-58.86561,-38.43729],[-58.86546,-38.43768],[-58.86531,-38.43807],[-58.86517,-38.43846]]]]}},{"type":"Feature","properties":{"fdc":"IGN","sag":"IGN","tipo":"Pajonal, juncal, totoral","ign":"vegetacion_hidrofila_ED020.2057"},"geometry":{"type":"MultiPolygon","coordinates":[[[[-59.0703,-38.48225],[-59.0703,-38.4827],[-59.07029,-38.48314],[-59.07028,-38.48359],[-59.07028,-38.48403],[-59.07027,-38.48448],[-59.07027,-38.48492],[-59.07026,-38.48537],[-59.07026,-38.48581],[-59.07054,-38.48553],[-59.07082,-38.48525],[-59.0711,-38.48498],[-59.07138,-38.4847],[-59.07166,-38.48442],[-59.07195,-38.48414],[-59.07198,-38.48374],[-59.07202,-38.48334],[-59.07206,-38.48294],[-59.0721,-38.48253],[-59.07214,-38.48213],[-59.07218,-38.48173],[-59.07222,-38.48133],[-59.07226,-38.4809],[-59.0723,-38.48047],[-59.07234,-38.48005],[-59.07238,-38.47962],[-59.07242,-38.47919],[-59.07246,-38.47876],[-59.07249,-38.47833],[-59.07262,-38.47796],[-59.07274,-38.47758],[-59.07287,-38.47721],[-59.07299,-38.47684],[-59.0733,-38.47652],[-59.07361,-38.4762],[-59.07392,-38.47588],[-59.07423,-38.47556],[-59.07454,-38.47524],[-59.07485,-38.47492],[-59.07516,-38.4746],[-59.07512,-38.47419],[-59.07508,-38.47378],[-59.07504,-38.47336],[-59.075,-38.47295],[-59.07495,-38.47254],[-59.07472,-38.47216],[-59.07449,-38.47178],[-59.07425,-38.47141],[-59.07402,-38.47103],[-59.07379,-38.47065],[-59.07355,-38.47027],[-59.07332,-38.4699],[-59.07309,-38.46952],[-59.07313,-38.46909],[-59.07316,-38.46866],[-59.0732,-38.46824],[-59.07324,-38.46781],[-59.07328,-38.46738],[-59.07332,-38.46695],[-59.07336,-38.46652],[-59.07372,-38.46629],[-59.07408,-38.46606],[-59.07444,-38.46583],[-59.0748,-38.4656],[-59.07517,-38.46536],[-59.07553,-38.46513],[-59.07589,-38.4649],[-59.07625,-38.46467],[-59.07654,-38.46441],[-59.07683,-38.46415],[-59.07712,-38.46389],[-59.07741,-38.46363],[-59.0777,-38.46337],[-59.07782,-38.46299],[-59.07795,-38.46262],[-59.07807,-38.46225],[-59.07819,-38.46187],[-59.07812,-38.4615],[-59.07804,-38.46112],[-59.07796,-38.46075],[-59.07758,-38.46074],[-59.0772,-38.46074],[-59.07682,-38.46074],[-59.07644,-38.46073],[-59.07606,-38.46073],[-59.07564,-38.46073],[-59.07522,-38.46072],[-59.07481,-38.46072],[-59.07439,-38.46072],[-59.07421,-38.46104],[-59.07402,-38.46137],[-59.07384,-38.4617],[-59.07366,-38.46203],[-59.07341,-38.4624],[-59.07317,-38.46277],[-59.07293,-38.46315],[-59.07268,-38.46352],[-59.07235,-38.46366],[-59.07202,-38.4638],[-59.07169,-38.46394],[-59.07164,-38.46434],[-59.0716,-38.46474],[-59.07155,-38.46515],[-59.07151,-38.46555],[-59.07146,-38.46595],[-59.0714,-38.46636],[-59.07134,-38.46678],[-59.07129,-38.46719],[-59.07123,-38.46761],[-59.07117,-38.46803],[-59.07111,-38.46844],[-59.07105,-38.46886],[-59.071,-38.46928],[-59.07094,-38.46969],[-59.07073,-38.47004],[-59.07052,-38.47039],[-59.07031,-38.47073],[-59.0701,-38.47108],[-59.06989,-38.47143],[-59.06968,-38.47177],[-59.06947,-38.47212],[-59.06947,-38.47257],[-59.06946,-38.47302],[-59.06945,-38.47347],[-59.06945,-38.47392],[-59.06944,-38.47437],[-59.06954,-38.47474],[-59.06964,-38.47512],[-59.06974,-38.47549],[-59.06983,-38.47587],[-59.06993,-38.47625],[-59.07003,-38.47662],[-59.07013,-38.477],[-59.07016,-38.47744],[-59.0702,-38.47787],[-59.07023,-38.47831],[-59.07027,-38.47875],[-59.0703,-38.47919],[-59.07034,-38.47963],[-59.07033,-38.48006],[-59.07032,-38.4805],[-59.07032,-38.48094],[-59.07031,-38.48138],[-59.07031,-38.48181],[-59.0703,-38.48225]]]]}},{"type":"Feature","properties":{"fdc":"IGN","sag":"IGN","tipo":"Pajonal, juncal, totoral","ign":"vegetacion_hidrofila_ED020.2059"},"geometry":{"type":"MultiPolygon","coordinates":[[[[-59.13927,-38.50763],[-59.13968,-38.50764],[-59.14008,-38.50764],[-59.14049,-38.50764],[-59.1409,-38.50764],[-59.14117,-38.50738],[-59.14144,-38.50711],[-59.14171,-38.50685],[-59.14196,-38.50651],[-59.14221,-38.50616],[-59.14245,-38.50582],[-59.14234,-38.50559],[-59.14217,-38.50523],[-59.142,-38.50486],[-59.14183,-38.5045],[-59.14166,-38.50414],[-59.14149,-38.50378],[-59.14132,-38.50341],[-59.14132,-38.50299],[-59.14133,-38.50257],[-59.14133,-38.50214],[-59.14134,-38.50172],[-59.14134,-38.5013],[-59.14137,-38.50092],[-59.14141,-38.50054],[-59.14144,-38.50017],[-59.14147,-38.49979],[-59.14151,-38.49942],[-59.14133,-38.49906],[-59.14116,-38.49871],[-59.14099,-38.49836],[-59.14082,-38.49801],[-59.14064,-38.49765],[-59.14047,-38.4973],[-59.1403,-38.49695],[-59.14033,-38.49655],[-59.14037,-38.49615],[-59.1404,-38.49574],[-59.14044,-38.49534],[-59.14047,-38.49494],[-59.14037,-38.49454],[-59.14026,-38.49414],[-59.14016,-38.49374],[-59.14005,-38.49334],[-59.13994,-38.49294],[-59.13984,-38.49254],[-59.13992,-38.49215],[-59.13999,-38.49176],[-59.14007,-38.49136],[-59.14015,-38.49097],[-59.14023,-38.49058],[-59.1403,-38.49019],[-59.14038,-38.4898],[-59.14064,-38.48952],[-59.1409,-38.48923],[-59.14129,-38.48905],[-59.14169,-38.48887],[-59.14208,-38.48869],[-59.14248,-38.48851],[-59.14287,-38.48833],[-59.14327,-38.48815],[-59.14346,-38.48775],[-59.14365,-38.48736],[-59.14385,-38.48696],[-59.14404,-38.48657],[-59.14423,-38.48617],[-59.14442,-38.48578],[-59.14462,-38.48539],[-59.14481,-38.48499],[-59.145,-38.4846],[-59.14467,-38.48441],[-59.14434,-38.48422],[-59.14402,-38.48404],[-59.14412,-38.48369],[-59.14423,-38.48333],[-59.14433,-38.48298],[-59.14444,-38.48263],[-59.14439,-38.48228],[-59.14433,-38.48194],[-59.14428,-38.4816],[-59.14423,-38.48125],[-59.14417,-38.48082],[-59.14412,-38.4804],[-59.14406,-38.47997],[-59.14404,-38.47955],[-59.14402,-38.47912],[-59.14399,-38.4787],[-59.14397,-38.47828],[-59.14394,-38.47787],[-59.1439,-38.47747],[-59.14387,-38.47706],[-59.14383,-38.47666],[-59.1438,-38.47626],[-59.14376,-38.47585],[-59.14367,-38.47545],[-59.14357,-38.47505],[-59.14348,-38.47465],[-59.14338,-38.47425],[-59.14328,-38.47385],[-59.14319,-38.47344],[-59.14309,-38.47304],[-59.14299,-38.47264],[-59.1429,-38.47224],[-59.14288,-38.47182],[-59.14286,-38.4714],[-59.14284,-38.47098],[-59.14282,-38.47056],[-59.1428,-38.47014],[-59.14278,-38.46972],[-59.14259,-38.46939],[-59.14239,-38.46905],[-59.1422,-38.46872],[-59.14201,-38.46838],[-59.14182,-38.46804],[-59.14162,-38.46771],[-59.14143,-38.46737],[-59.14105,-38.46737],[-59.14067,-38.46737],[-59.14028,-38.46736],[-59.1399,-38.46736],[-59.13975,-38.46763],[-59.1396,-38.46789],[-59.13945,-38.46816],[-59.13907,-38.46819],[-59.13869,-38.46821],[-59.1383,-38.46824],[-59.13835,-38.46864],[-59.1384,-38.46904],[-59.13846,-38.46944],[-59.13851,-38.46985],[-59.13856,-38.47025],[-59.13861,-38.47065],[-59.1387,-38.47103],[-59.13878,-38.47142],[-59.13887,-38.4718],[-59.13896,-38.47219],[-59.13904,-38.47257],[-59.13913,-38.47296],[-59.13921,-38.47334],[-59.1393,-38.47372],[-59.13952,-38.47406],[-59.13974,-38.4744],[-59.13995,-38.47474],[-59.14017,-38.47508],[-59.14039,-38.47542],[-59.1406,-38.47576],[-59.14082,-38.4761],[-59.14074,-38.47647],[-59.14066,-38.47684],[-59.14059,-38.47721],[-59.14051,-38.47758],[-59.14043,-38.47795],[-59.14032,-38.47837],[-59.14021,-38.47878],[-59.1401,-38.4792],[-59.13999,-38.47962],[-59.13989,-38.48004],[-59.13978,-38.48046],[-59.13967,-38.48088],[-59.13984,-38.48127],[-59.14002,-38.48166],[-59.1402,-38.48206],[-59.14038,-38.48245],[-59.14039,-38.48287],[-59.1404,-38.48328],[-59.14042,-38.4837],[-59.14043,-38.48411],[-59.14045,-38.48452],[-59.14052,-38.48494],[-59.14059,-38.48536],[-59.14066,-38.48577],[-59.14073,-38.48619],[-59.1408,-38.48661],[-59.14087,-38.48703],[-59.14059,-38.48737],[-59.14032,-38.48771],[-59.14004,-38.48805],[-59.13976,-38.48839],[-59.13948,-38.48874],[-59.13915,-38.48896],[-59.13883,-38.48919],[-59.1385,-38.48941],[-59.13817,-38.48964],[-59.13784,-38.48986],[-59.13756,-38.49015],[-59.13728,-38.49043],[-59.13701,-38.49072],[-59.13673,-38.491],[-59.13646,-38.49128],[-59.13654,-38.49169],[-59.13663,-38.49209],[-59.13671,-38.4925],[-59.13683,-38.49289],[-59.13695,-38.49327],[-59.13707,-38.49365],[-59.13719,-38.49404],[-59.13731,-38.49442],[-59.13743,-38.49481],[-59.13756,-38.49519],[-59.13768,-38.49558],[-59.13769,-38.496],[-59.13771,-38.49642],[-59.13773,-38.49684],[-59.13775,-38.49726],[-59.13777,-38.49768],[-59.13778,-38.4981],[-59.1378,-38.49852],[-59.13782,-38.49894],[-59.13805,-38.49926],[-59.13828,-38.49958],[-59.13851,-38.4999],[-59.13874,-38.50022],[-59.13897,-38.50053],[-59.1392,-38.50085],[-59.13943,-38.50117],[-59.13946,-38.50157],[-59.13949,-38.50198],[-59.13952,-38.50238],[-59.13955,-38.50278],[-59.13958,-38.50318],[-59.1396,-38.50358],[-59.13963,-38.50398],[-59.13966,-38.50439],[-59.13959,-38.50476],[-59.13951,-38.50513],[-59.13943,-38.5055],[-59.13935,-38.50587],[-59.13927,-38.50624],[-59.13915,-38.50659],[-59.13903,-38.50694],[-59.13891,-38.50728],[-59.13879,-38.50763],[-59.13903,-38.50763],[-59.13927,-38.50763]]]]}},{"type":"Feature","properties":{"fdc":"IGN","sag":"IGN","tipo":"Pajonal, juncal, totoral","ign":"vegetacion_hidrofila_ED020.2836"},"geometry":{"type":"MultiPolygon","coordinates":[[[[-59.17178,-37.93135],[-59.17177,-37.93176],[-59.17177,-37.93217],[-59.17177,-37.93259],[-59.17176,-37.933],[-59.17202,-37.93267],[-59.17227,-37.93234],[-59.17253,-37.93201],[-59.17279,-37.93168],[-59.17304,-37.93135],[-59.1733,-37.93102],[-59.17356,-37.93069],[-59.17381,-37.93036],[-59.17407,-37.93003],[-59.17424,-37.92969],[-59.17441,-37.92936],[-59.17457,-37.92902],[-59.17474,-37.92868],[-59.1747,-37.92828],[-59.17467,-37.92789],[-59.17463,-37.92749],[-59.17459,-37.92709],[-59.17455,-37.92669],[-59.17451,-37.92629],[-59.17458,-37.92587],[-59.17465,-37.92546],[-59.17503,-37.92529],[-59.17541,-37.92512],[-59.17579,-37.92494],[-59.17617,-37.92477],[-59.17655,-37.9246],[-59.17693,-37.92443],[-59.17732,-37.92426],[-59.1777,-37.92409],[-59.17808,-37.92392],[-59.17847,-37.92371],[-59.17887,-37.92351],[-59.17927,-37.9233],[-59.17966,-37.9231],[-59.18006,-37.92289],[-59.18045,-37.92269],[-59.18085,-37.92248],[-59.18053,-37.92225],[-59.1802,-37.92203],[-59.17988,-37.9218],[-59.17955,-37.92157],[-59.17923,-37.92135],[-59.1789,-37.92112],[-59.1786,-37.9208],[-59.17829,-37.92049],[-59.17799,-37.92017],[-59.17826,-37.91983],[-59.17852,-37.91948],[-59.17879,-37.91914],[-59.1791,-37.91883],[-59.17941,-37.91852],[-59.17972,-37.91821],[-59.18003,-37.9179],[-59.18034,-37.91759],[-59.18065,-37.91728],[-59.18091,-37.91701],[-59.18118,-37.91674],[-59.18145,-37.91647],[-59.18171,-37.9162],[-59.18198,-37.91594],[-59.18224,-37.91561],[-59.18251,-37.91527],[-59.18278,-37.91494],[-59.18304,-37.91461],[-59.18331,-37.91428],[-59.18355,-37.91399],[-59.1838,-37.9137],[-59.18404,-37.9134],[-59.18428,-37.91311],[-59.18453,-37.91282],[-59.18477,-37.91253],[-59.1851,-37.9124],[-59.18543,-37.91227],[-59.18576,-37.91214],[-59.18609,-37.91201],[-59.18652,-37.91186],[-59.18694,-37.91172],[-59.18737,-37.91157],[-59.18779,-37.91142],[-59.18822,-37.91127],[-59.18864,-37.91113],[-59.18907,-37.91098],[-59.18949,-37.91083],[-59.18991,-37.91069],[-59.19016,-37.91034],[-59.19041,-37.90999],[-59.19066,-37.90964],[-59.19091,-37.90929],[-59.19116,-37.90894],[-59.19141,-37.90859],[-59.19166,-37.90824],[-59.19191,-37.90789],[-59.19218,-37.90757],[-59.19245,-37.90724],[-59.19271,-37.90691],[-59.19298,-37.90658],[-59.19324,-37.90625],[-59.19351,-37.90593],[-59.19325,-37.90563],[-59.19299,-37.90534],[-59.19273,-37.90504],[-59.19247,-37.90475],[-59.19221,-37.90446],[-59.19217,-37.90411],[-59.19213,-37.90377],[-59.19209,-37.90342],[-59.19218,-37.90306],[-59.19227,-37.9027],[-59.19235,-37.90233],[-59.19244,-37.90197],[-59.19252,-37.90161],[-59.1921,-37.90159],[-59.19167,-37.90156],[-59.19125,-37.90154],[-59.19083,-37.90152],[-59.1904,-37.90149],[-59.18998,-37.90147],[-59.18979,-37.90106],[-59.18961,-37.90066],[-59.18943,-37.90025],[-59.18925,-37.89985],[-59.18907,-37.89944],[-59.18889,-37.89903],[-59.18871,-37.89863],[-59.18853,-37.89822],[-59.18835,-37.89781],[-59.18817,-37.89741],[-59.18799,-37.897],[-59.1878,-37.89659],[-59.18762,-37.89619],[-59.18744,-37.89578],[-59.18713,-37.89548],[-59.18682,-37.89517],[-59.18651,-37.89487],[-59.1862,-37.89456],[-59.18589,-37.89426],[-59.18558,-37.89396],[-59.18527,-37.89365],[-59.18496,-37.89335],[-59.18465,-37.89304],[-59.18433,-37.89274],[-59.18402,-37.89243],[-59.18371,-37.89213],[-59.1834,-37.89182],[-59.18309,-37.89152],[-59.18278,-37.89121],[-59.18247,-37.89091],[-59.18216,-37.89061],[-59.18185,-37.8903],[-59.18154,-37.89],[-59.18123,-37.88969],[-59.18092,-37.88939],[-59.1806,-37.88908],[-59.18029,-37.88878],[-59.17998,-37.88847],[-59.17967,-37.88817],[-59.17936,-37.88786],[-59.17905,-37.88756],[-59.17874,-37.88726],[-59.17843,-37.88695],[-59.17802,-37.8868],[-59.17761,-37.88664],[-59.1772,-37.88648],[-59.17679,-37.88633],[-59.17638,-37.88617],[-59.17597,-37.88601],[-59.17556,-37.88586],[-59.17515,-37.8857],[-59.17474,-37.88555],[-59.17433,-37.88539],[-59.17392,-37.88523],[-59.17351,-37.88508],[-59.17311,-37.88492],[-59.1727,-37.88476],[-59.17229,-37.88461],[-59.17188,-37.88445],[-59.17147,-37.8843],[-59.17106,-37.88414],[-59.17065,-37.88398],[-59.17024,-37.88383],[-59.16983,-37.88367],[-59.16942,-37.88351],[-59.16901,-37.88336],[-59.16915,-37.88367],[-59.1693,-37.88398],[-59.16944,-37.88429],[-59.16944,-37.88471],[-59.16943,-37.88512],[-59.16943,-37.88553],[-59.16942,-37.88595],[-59.16942,-37.88636],[-59.16942,-37.88677],[-59.16941,-37.88719],[-59.16937,-37.88763],[-59.16934,-37.88806],[-59.1693,-37.8885],[-59.16926,-37.88894],[-59.16922,-37.88938],[-59.16918,-37.88981],[-59.16915,-37.89025],[-59.16911,-37.89069],[-59.16906,-37.89114],[-59.16901,-37.89158],[-59.16897,-37.89203],[-59.16892,-37.89248],[-59.16887,-37.89292],[-59.16882,-37.89337],[-59.16875,-37.89378],[-59.16868,-37.89419],[-59.16861,-37.8946],[-59.16854,-37.89502],[-59.16847,-37.89543],[-59.1684,-37.89584],[-59.16833,-37.89625],[-59.16826,-37.89666],[-59.1683,-37.89708],[-59.16834,-37.89749],[-59.16838,-37.8979],[-59.16842,-37.89832],[-59.16846,-37.89873],[-59.1685,-37.89914],[-59.16882,-37.89935],[-59.16914,-37.89956],[-59.16947,-37.89977],[-59.16979,-37.89998],[-59.16997,-37.90036],[-59.17015,-37.90075],[-59.17033,-37.90113],[-59.17052,-37.90152],[-59.1707,-37.9019],[-59.17088,-37.90228],[-59.17106,-37.90267],[-59.17076,-37.90291],[-59.17045,-37.90314],[-59.17014,-37.90338],[-59.16983,-37.90362],[-59.16953,-37.90386],[-59.16922,-37.9041],[-59.16929,-37.90448],[-59.16936,-37.90487],[-59.16943,-37.90525],[-59.1695,-37.90563],[-59.16957,-37.90602],[-59.16964,-37.9064],[-59.16971,-37.90678],[-59.1699,-37.90717],[-59.17009,-37.90756],[-59.17029,-37.90795],[-59.17048,-37.90834],[-59.17067,-37.90872],[-59.17086,-37.90911],[-59.17105,-37.9095],[-59.17124,-37.90989],[-59.17134,-37.91026],[-59.17144,-37.91063],[-59.17154,-37.911],[-59.17164,-37.91138],[-59.17174,-37.91175],[-59.17168,-37.91218],[-59.17161,-37.91262],[-59.17155,-37.91305],[-59.17149,-37.91349],[-59.17143,-37.91392],[-59.17136,-37.91436],[-59.1713,-37.91479],[-59.17124,-37.91523],[-59.17118,-37.91566],[-59.17124,-37.9161],[-59.1713,-37.91654],[-59.17136,-37.91698],[-59.17142,-37.91742],[-59.17147,-37.91786],[-59.17153,-37.9183],[-59.17159,-37.91874],[-59.17165,-37.91917],[-59.17172,-37.91962],[-59.17179,-37.92006],[-59.17186,-37.9205],[-59.17193,-37.92095],[-59.172,-37.92139],[-59.17207,-37.92183],[-59.17214,-37.92228],[-59.17191,-37.92264],[-59.17167,-37.923],[-59.17144,-37.92337],[-59.1712,-37.92373],[-59.17096,-37.9241],[-59.17073,-37.92446],[-59.17049,-37.92483],[-59.17026,-37.92519],[-59.17002,-37.92556],[-59.17017,-37.92597],[-59.17031,-37.92638],[-59.17045,-37.9268],[-59.1706,-37.92721],[-59.17074,-37.92763],[-59.17089,-37.92804],[-59.17103,-37.92846],[-59.17114,-37.92887],[-59.17125,-37.92928],[-59.17135,-37.92969],[-59.17146,-37.93011],[-59.17157,-37.93052],[-59.17167,-37.93093],[-59.17178,-37.93135]]]]}},{"type":"Feature","properties":{"fdc":"IGN","sag":"IGN","tipo":"Pajonal, juncal, totoral","ign":"vegetacion_hidrofila_ED020.6814"},"geometry":{"type":"MultiPolygon","coordinates":[[[[-58.81286,-38.33992],[-58.81279,-38.34036],[-58.81271,-38.34079],[-58.81276,-38.34078],[-58.81287,-38.34066],[-58.81299,-38.34049],[-58.81306,-38.34039],[-58.813,-38.34004],[-58.81286,-38.33992]]]]}},{"type":"Feature","properties":{"fdc":"IGN","sag":"IGN","tipo":"Pajonal, juncal, totoral","ign":"vegetacion_hidrofila_ED020.6815"},"geometry":{"type":"MultiPolygon","coordinates":[[[[-58.80159,-38.35069],[-58.80143,-38.35093],[-58.80126,-38.35116],[-58.80151,-38.35104],[-58.80168,-38.35089],[-58.80175,-38.35078],[-58.80193,-38.35066],[-58.80218,-38.35046],[-58.80233,-38.35026],[-58.80246,-38.35011],[-58.80248,-38.34993],[-58.80241,-38.34966],[-58.80214,-38.35001],[-58.80187,-38.35035],[-58.80159,-38.35069]]]]}},{"type":"Feature","properties":{"fdc":"IGN","sag":"IGN","tipo":"Pajonal, juncal, totoral","ign":"vegetacion_hidrofila_ED020.6817"},"geometry":{"type":"MultiPolygon","coordinates":[[[[-58.79747,-38.35656],[-58.79723,-38.35691],[-58.79698,-38.35727],[-58.79673,-38.35762],[-58.79648,-38.35798],[-58.79623,-38.35833],[-58.79598,-38.35869],[-58.79573,-38.35904],[-58.79548,-38.35939],[-58.79523,-38.35975],[-58.79498,-38.3601],[-58.79473,-38.36046],[-58.79449,-38.36081],[-58.79424,-38.36117],[-58.79399,-38.36152],[-58.79405,-38.36146],[-58.79435,-38.36114],[-58.79463,-38.36089],[-58.79474,-38.36077],[-58.79493,-38.36056],[-58.79508,-38.3604],[-58.79528,-38.36026],[-58.79551,-38.36013],[-58.79573,-38.36001],[-58.79596,-38.35989],[-58.79604,-38.35975],[-58.79605,-38.35957],[-58.79615,-38.35934],[-58.79623,-38.35925],[-58.79642,-38.35915],[-58.79648,-38.35902],[-58.79651,-38.35877],[-58.79651,-38.35863],[-58.79657,-38.3585],[-58.7967,-38.3583],[-58.79682,-38.35818],[-58.79695,-38.35805],[-58.79712,-38.35796],[-58.79727,-38.35789],[-58.79737,-38.3576],[-58.79746,-38.35731],[-58.79749,-38.35699],[-58.7975,-38.35678],[-58.79747,-38.35663],[-58.79747,-38.35656]]]]}}]}
