{"type":"FeatureCollection","features":[{"type":"Feature","properties":{"radio":"065810101","tipo":"Urbano","poblacion":1305,"hogares":468,"pct_nbi":3.8,"pct_hacinamiento":5.8,"pct_sin_agua_red":3.2,"pct_sin_cloaca":11.8,"pct_garrafa_lena":29.3,"pct_solo_salud_publica":41.6,"pct_0a17":26.8,"pct_70ymas":9.7,"nbi":"2,5 a 5 %"},"geometry":{"type":"MultiPolygon","coordinates":[[[[-58.75496,-38.54418],[-58.75589,-38.54493],[-58.75682,-38.5457],[-58.75775,-38.54645],[-58.75871,-38.54571],[-58.75939,-38.54519],[-58.76007,-38.54467],[-58.76095,-38.54547],[-58.76158,-38.54499],[-58.76257,-38.54425],[-58.76358,-38.54348],[-58.76262,-38.54271],[-58.76215,-38.54233],[-58.76167,-38.54195],[-58.7612,-38.54157],[-58.76075,-38.54121],[-58.7598,-38.54046],[-58.75885,-38.5397],[-58.75592,-38.54195],[-58.75497,-38.54268],[-58.75401,-38.54342],[-58.75496,-38.54418]]]]}},{"type":"Feature","properties":{"radio":"065810102","tipo":"Urbano","poblacion":1353,"hogares":452,"pct_nbi":4.6,"pct_hacinamiento":9.1,"pct_sin_agua_red":1.3,"pct_sin_cloaca":7.3,"pct_garrafa_lena":24.3,"pct_solo_salud_publica":43.4,"pct_0a17":29.6,"pct_70ymas":6.3,"nbi":"2,5 a 5 %"},"geometry":{"type":"MultiPolygon","coordinates":[[[[-58.76158,-38.54499],[-58.76095,-38.54547],[-58.76007,-38.54467],[-58.75939,-38.54519],[-58.75871,-38.54571],[-58.75775,-38.54645],[-58.7568,-38.54718],[-58.75867,-38.54869],[-58.76058,-38.55024],[-58.76156,-38.54947],[-58.7625,-38.54873],[-58.76443,-38.54726],[-58.76541,-38.54652],[-58.7664,-38.54575],[-58.76544,-38.54497],[-58.76451,-38.54422],[-58.76358,-38.54348],[-58.76257,-38.54425],[-58.76158,-38.54499]]]]}},{"type":"Feature","properties":{"radio":"065810103","tipo":"Urbano","poblacion":898,"hogares":321,"pct_nbi":2.5,"pct_hacinamiento":5.9,"pct_sin_agua_red":1.6,"pct_sin_cloaca":3.7,"pct_garrafa_lena":18.4,"pct_solo_salud_publica":35.6,"pct_0a17":24.1,"pct_70ymas":8.9,"nbi":"2,5 a 5 %"},"geometry":{"type":"MultiPolygon","coordinates":[[[[-58.7539,-38.55089],[-58.75484,-38.55164],[-58.75532,-38.55128],[-58.7558,-38.5509],[-58.75674,-38.55016],[-58.7577,-38.54942],[-58.75867,-38.54869],[-58.7568,-38.54718],[-58.75587,-38.54643],[-58.7544,-38.54756],[-58.75298,-38.54864],[-58.75202,-38.54938],[-58.75295,-38.55013],[-58.7539,-38.55089]]]]}},{"type":"Feature","properties":{"radio":"065810104","tipo":"Urbano","poblacion":1163,"hogares":419,"pct_nbi":4.5,"pct_hacinamiento":5.5,"pct_sin_agua_red":0.2,"pct_sin_cloaca":1.2,"pct_garrafa_lena":13.8,"pct_solo_salud_publica":28.4,"pct_0a17":23.7,"pct_70ymas":11.9,"nbi":"2,5 a 5 %"},"geometry":{"type":"MultiPolygon","coordinates":[[[[-58.75016,-38.54636],[-58.74919,-38.54711],[-58.75013,-38.54787],[-58.75107,-38.54862],[-58.75202,-38.54938],[-58.75298,-38.54864],[-58.7544,-38.54756],[-58.75587,-38.54643],[-58.7568,-38.54718],[-58.75775,-38.54645],[-58.75682,-38.5457],[-58.75589,-38.54493],[-58.75496,-38.54418],[-58.75401,-38.54342],[-58.75304,-38.54416],[-58.75016,-38.54636]]]]}},{"type":"Feature","properties":{"radio":"065810105","tipo":"Urbano","poblacion":1131,"hogares":465,"pct_nbi":1.5,"pct_hacinamiento":3.7,"pct_sin_agua_red":0.4,"pct_sin_cloaca":2.4,"pct_garrafa_lena":9.0,"pct_solo_salud_publica":25.5,"pct_0a17":20.6,"pct_70ymas":16.9,"nbi":"Menos de 2,5 %"},"geometry":{"type":"MultiPolygon","coordinates":[[[[-58.75383,-38.55391],[-58.75479,-38.55468],[-58.75579,-38.55391],[-58.75676,-38.55317],[-58.75579,-38.5524],[-58.75484,-38.55164],[-58.7539,-38.55089],[-58.75295,-38.55013],[-58.75202,-38.54938],[-58.75107,-38.54862],[-58.75013,-38.54787],[-58.74919,-38.54711],[-58.74824,-38.54784],[-58.74725,-38.54861],[-58.74819,-38.54937],[-58.74912,-38.55012],[-58.75006,-38.55088],[-58.751,-38.55163],[-58.75195,-38.55239],[-58.75289,-38.55315],[-58.75383,-38.55391]]]]}},{"type":"Feature","properties":{"radio":"065810106","tipo":"Urbano","poblacion":621,"hogares":280,"pct_nbi":1.1,"pct_hacinamiento":0.7,"pct_sin_agua_red":0.7,"pct_sin_cloaca":3.2,"pct_garrafa_lena":2.5,"pct_solo_salud_publica":19.5,"pct_0a17":15.9,"pct_70ymas":14.2,"nbi":"Menos de 2,5 %"},"geometry":{"type":"MultiPolygon","coordinates":[[[[-58.7462,-38.55236],[-58.74716,-38.55313],[-58.74811,-38.55238],[-58.74907,-38.55164],[-58.75006,-38.55088],[-58.74912,-38.55012],[-58.74819,-38.54937],[-58.74725,-38.54861],[-58.74626,-38.54937],[-58.74529,-38.55011],[-58.74434,-38.55085],[-58.74527,-38.55161],[-58.7462,-38.55236]]]]}},{"type":"Feature","properties":{"radio":"065810107","tipo":"Urbano","poblacion":750,"hogares":303,"pct_nbi":0.7,"pct_hacinamiento":2.6,"pct_sin_agua_red":1.0,"pct_sin_cloaca":0.7,"pct_garrafa_lena":10.2,"pct_solo_salud_publica":28.1,"pct_0a17":23.7,"pct_70ymas":14.4,"nbi":"Menos de 2,5 %"},"geometry":{"type":"MultiPolygon","coordinates":[[[[-58.75188,-38.5554],[-58.75285,-38.55617],[-58.7538,-38.55544],[-58.75479,-38.55468],[-58.75383,-38.55391],[-58.75289,-38.55315],[-58.75195,-38.55239],[-58.751,-38.55163],[-58.75006,-38.55088],[-58.74907,-38.55164],[-58.74811,-38.55238],[-58.74904,-38.55314],[-58.74999,-38.55389],[-58.75093,-38.55464],[-58.75188,-38.5554]]]]}},{"type":"Feature","properties":{"radio":"065810108","tipo":"Urbano","poblacion":1127,"hogares":375,"pct_nbi":2.9,"pct_hacinamiento":7.7,"pct_sin_agua_red":2.1,"pct_sin_cloaca":9.3,"pct_garrafa_lena":28.8,"pct_solo_salud_publica":36.8,"pct_0a17":29.1,"pct_70ymas":8.3,"nbi":"2,5 a 5 %"},"geometry":{"type":"MultiPolygon","coordinates":[[[[-58.7557,-38.55848],[-58.75662,-38.55922],[-58.75777,-38.55832],[-58.76056,-38.5562],[-58.76107,-38.55581],[-58.76149,-38.55549],[-58.76244,-38.55476],[-58.76153,-38.554],[-58.76056,-38.55322],[-58.7601,-38.55285],[-58.75963,-38.55247],[-58.75916,-38.5521],[-58.75866,-38.5517],[-58.7577,-38.55244],[-58.75676,-38.55317],[-58.75579,-38.55391],[-58.75479,-38.55468],[-58.7538,-38.55544],[-58.75285,-38.55617],[-58.75382,-38.55695],[-58.75476,-38.55771],[-58.7557,-38.55848]]]]}},{"type":"Feature","properties":{"radio":"065810109","tipo":"Urbano","poblacion":893,"hogares":296,"pct_nbi":4.4,"pct_hacinamiento":8.1,"pct_sin_agua_red":1.4,"pct_sin_cloaca":16.2,"pct_garrafa_lena":30.1,"pct_solo_salud_publica":39.5,"pct_0a17":32.4,"pct_70ymas":4.6,"nbi":"2,5 a 5 %"},"geometry":{"type":"MultiPolygon","coordinates":[[[[-58.76153,-38.554],[-58.76244,-38.55476],[-58.76334,-38.55407],[-58.76439,-38.55326],[-58.76536,-38.55252],[-58.7663,-38.5518],[-58.76537,-38.55106],[-58.76637,-38.55029],[-58.7673,-38.54956],[-58.76828,-38.54881],[-58.76925,-38.54807],[-58.7692,-38.54803],[-58.76876,-38.54766],[-58.76829,-38.54728],[-58.76734,-38.54651],[-58.7669,-38.54615],[-58.7664,-38.54575],[-58.76541,-38.54652],[-58.76443,-38.54726],[-58.7625,-38.54873],[-58.76156,-38.54947],[-58.76058,-38.55024],[-58.75962,-38.55097],[-58.75866,-38.5517],[-58.75916,-38.5521],[-58.75963,-38.55247],[-58.7601,-38.55285],[-58.76056,-38.55322],[-58.76153,-38.554]]]]}},{"type":"Feature","properties":{"radio":"065810110","tipo":"Urbano","poblacion":1050,"hogares":349,"pct_nbi":4.0,"pct_hacinamiento":8.0,"pct_sin_agua_red":4.9,"pct_sin_cloaca":18.6,"pct_garrafa_lena":39.8,"pct_solo_salud_publica":47.5,"pct_0a17":31.0,"pct_70ymas":4.4,"nbi":"2,5 a 5 %"},"geometry":{"type":"MultiPolygon","coordinates":[[[[-58.76188,-38.55816],[-58.7623,-38.55851],[-58.76232,-38.55854],[-58.76233,-38.55856],[-58.76233,-38.55857],[-58.76248,-38.55845],[-58.76249,-38.55847],[-58.76251,-38.55849],[-58.76291,-38.55883],[-58.76334,-38.55919],[-58.76337,-38.5592],[-58.76325,-38.55929],[-58.76326,-38.5593],[-58.76328,-38.55931],[-58.7633,-38.55933],[-58.76378,-38.55971],[-58.76431,-38.5593],[-58.76529,-38.55855],[-58.76629,-38.55778],[-58.76821,-38.55631],[-58.7701,-38.55486],[-58.774,-38.55188],[-58.7721,-38.55035],[-58.7711,-38.54955],[-58.7706,-38.54915],[-58.77019,-38.54882],[-58.76965,-38.54838],[-58.76925,-38.54807],[-58.76828,-38.54881],[-58.7673,-38.54956],[-58.76637,-38.55029],[-58.76537,-38.55106],[-58.7663,-38.5518],[-58.76536,-38.55252],[-58.76439,-38.55326],[-58.76334,-38.55407],[-58.76244,-38.55476],[-58.76149,-38.55549],[-58.76107,-38.55581],[-58.76056,-38.5562],[-58.7615,-38.55696],[-58.76244,-38.55774],[-58.76188,-38.55816]]]]}},{"type":"Feature","properties":{"radio":"065810111","tipo":"Urbano","poblacion":718,"hogares":251,"pct_nbi":5.6,"pct_hacinamiento":6.0,"pct_sin_agua_red":0.8,"pct_sin_cloaca":7.6,"pct_garrafa_lena":26.3,"pct_solo_salud_publica":48.1,"pct_0a17":28.0,"pct_70ymas":8.6,"nbi":"5 a 10 %"},"geometry":{"type":"MultiPolygon","coordinates":[[[[-58.75777,-38.55832],[-58.75662,-38.55922],[-58.75758,-38.55999],[-58.75851,-38.56074],[-58.75946,-38.56148],[-58.76045,-38.56225],[-58.76238,-38.56078],[-58.76295,-38.56034],[-58.76336,-38.56002],[-58.76378,-38.55971],[-58.7633,-38.55933],[-58.76328,-38.55931],[-58.76326,-38.5593],[-58.76325,-38.55929],[-58.76337,-38.5592],[-58.76334,-38.55919],[-58.76291,-38.55883],[-58.76251,-38.55849],[-58.76249,-38.55847],[-58.76248,-38.55845],[-58.76233,-38.55857],[-58.76233,-38.55856],[-58.76232,-38.55854],[-58.7623,-38.55851],[-58.76188,-38.55816],[-58.76244,-38.55774],[-58.7615,-38.55696],[-58.76056,-38.5562],[-58.75777,-38.55832]]]]}},{"type":"Feature","properties":{"radio":"065810112","tipo":"Urbano","poblacion":594,"hogares":198,"pct_nbi":3.0,"pct_hacinamiento":10.6,"pct_sin_agua_red":1.5,"pct_sin_cloaca":7.6,"pct_garrafa_lena":42.4,"pct_solo_salud_publica":53.5,"pct_0a17":33.2,"pct_70ymas":7.4,"nbi":"2,5 a 5 %"},"geometry":{"type":"MultiPolygon","coordinates":[[[[-58.75579,-38.5524],[-58.75676,-38.55317],[-58.7577,-38.55244],[-58.75866,-38.5517],[-58.75962,-38.55097],[-58.76058,-38.55024],[-58.75867,-38.54869],[-58.7577,-38.54942],[-58.75674,-38.55016],[-58.7558,-38.5509],[-58.75532,-38.55128],[-58.75484,-38.55164],[-58.75579,-38.5524]]]]}},{"type":"Feature","properties":{"radio":"065810201","tipo":"Urbano","poblacion":914,"hogares":361,"pct_nbi":8.6,"pct_hacinamiento":7.2,"pct_sin_agua_red":3.9,"pct_sin_cloaca":21.6,"pct_garrafa_lena":26.0,"pct_solo_salud_publica":36.2,"pct_0a17":26.7,"pct_70ymas":11.9,"nbi":"5 a 10 %"},"geometry":{"type":"MultiPolygon","coordinates":[[[[-58.73527,-38.5515],[-58.7362,-38.55224],[-58.73642,-38.55208],[-58.7374,-38.55133],[-58.73835,-38.55059],[-58.73933,-38.54983],[-58.73745,-38.54833],[-58.73651,-38.54759],[-58.73558,-38.54684],[-58.7346,-38.54606],[-58.73556,-38.54532],[-58.73459,-38.54454],[-58.73364,-38.54378],[-58.73227,-38.54268],[-58.7317,-38.54311],[-58.7313,-38.54342],[-58.73067,-38.54396],[-58.73063,-38.54401],[-58.73033,-38.54436],[-58.7301,-38.54469],[-58.72992,-38.54509],[-58.72982,-38.54542],[-58.72974,-38.54582],[-58.72974,-38.54622],[-58.72984,-38.54672],[-58.72991,-38.54702],[-58.73077,-38.54769],[-58.73113,-38.54798],[-58.73162,-38.54836],[-58.73253,-38.54913],[-58.73285,-38.54956],[-58.73294,-38.54965],[-58.73305,-38.54975],[-58.73337,-38.55],[-58.7343,-38.55074],[-58.73527,-38.5515]]]]}},{"type":"Feature","properties":{"radio":"065810202","tipo":"Urbano","poblacion":616,"hogares":274,"pct_nbi":1.1,"pct_hacinamiento":1.1,"pct_sin_agua_red":0.0,"pct_sin_cloaca":0.4,"pct_garrafa_lena":3.3,"pct_solo_salud_publica":18.8,"pct_0a17":22.7,"pct_70ymas":18.8,"nbi":"Menos de 2,5 %"},"geometry":{"type":"MultiPolygon","coordinates":[[[[-58.74028,-38.55059],[-58.74122,-38.55135],[-58.74217,-38.55063],[-58.74314,-38.54988],[-58.74219,-38.54912],[-58.74125,-38.54836],[-58.74032,-38.54762],[-58.73937,-38.54686],[-58.73841,-38.5476],[-58.73745,-38.54833],[-58.73933,-38.54983],[-58.74028,-38.55059]]]]}},{"type":"Feature","properties":{"radio":"065810203","tipo":"Urbano","poblacion":319,"hogares":154,"pct_nbi":1.3,"pct_hacinamiento":1.9,"pct_sin_agua_red":3.9,"pct_sin_cloaca":0.0,"pct_garrafa_lena":1.3,"pct_solo_salud_publica":16.3,"pct_0a17":20.4,"pct_70ymas":24.5,"nbi":"Menos de 2,5 %"},"geometry":{"type":"MultiPolygon","coordinates":[[[[-58.74121,-38.55289],[-58.74144,-38.55307],[-58.74241,-38.55233],[-58.74218,-38.55214],[-58.74122,-38.55135],[-58.74028,-38.55059],[-58.73933,-38.54983],[-58.73835,-38.55059],[-58.73927,-38.55136],[-58.74024,-38.55211],[-58.74121,-38.55289]]]]}},{"type":"Feature","properties":{"radio":"065810204","tipo":"Urbano","poblacion":622,"hogares":277,"pct_nbi":0.0,"pct_hacinamiento":0.0,"pct_sin_agua_red":0.4,"pct_sin_cloaca":1.1,"pct_garrafa_lena":2.5,"pct_solo_salud_publica":20.6,"pct_0a17":19.5,"pct_70ymas":18.2,"nbi":"Menos de 2,5 %"},"geometry":{"type":"MultiPolygon","coordinates":[[[[-58.73328,-38.55447],[-58.73423,-38.55523],[-58.73517,-38.55598],[-58.73612,-38.55526],[-58.7371,-38.55604],[-58.73731,-38.55621],[-58.73829,-38.55546],[-58.73917,-38.5548],[-58.7392,-38.5548],[-58.73925,-38.5548],[-58.73931,-38.5548],[-58.73937,-38.55479],[-58.73937,-38.55479],[-58.73942,-38.55478],[-58.73947,-38.55475],[-58.73951,-38.55472],[-58.73955,-38.55469],[-58.73958,-38.55465],[-58.73958,-38.55464],[-58.7396,-38.55461],[-58.73961,-38.55457],[-58.73962,-38.55453],[-58.73961,-38.55448],[-58.73961,-38.55446],[-58.74048,-38.5538],[-58.74144,-38.55307],[-58.74121,-38.55289],[-58.74024,-38.55211],[-58.73927,-38.55136],[-58.73835,-38.55059],[-58.7374,-38.55133],[-58.73642,-38.55208],[-58.7362,-38.55224],[-58.73522,-38.55299],[-58.73423,-38.55375],[-58.73328,-38.55447]]]]}},{"type":"Feature","properties":{"radio":"065810205","tipo":"Urbano","poblacion":445,"hogares":207,"pct_nbi":1.4,"pct_hacinamiento":1.0,"pct_sin_agua_red":1.9,"pct_sin_cloaca":1.0,"pct_garrafa_lena":4.3,"pct_solo_salud_publica":17.8,"pct_0a17":19.8,"pct_70ymas":20.0,"nbi":"Menos de 2,5 %"},"geometry":{"type":"MultiPolygon","coordinates":[[[[-58.73931,-38.5548],[-58.73925,-38.5548],[-58.7392,-38.5548],[-58.73917,-38.5548],[-58.73829,-38.55546],[-58.74112,-38.55774],[-58.7421,-38.55699],[-58.74233,-38.55681],[-58.74331,-38.55606],[-58.74427,-38.55533],[-58.74523,-38.5546],[-58.74241,-38.55233],[-58.74144,-38.55307],[-58.74048,-38.5538],[-58.73961,-38.55446],[-58.73961,-38.55448],[-58.73962,-38.55453],[-58.73961,-38.55457],[-58.7396,-38.55461],[-58.73958,-38.55464],[-58.73958,-38.55465],[-58.73955,-38.55469],[-58.73951,-38.55472],[-58.73947,-38.55475],[-58.73942,-38.55478],[-58.73937,-38.55479],[-58.73937,-38.55479],[-58.73931,-38.5548]]]]}},{"type":"Feature","properties":{"radio":"065810206","tipo":"Urbano","poblacion":624,"hogares":324,"pct_nbi":0.9,"pct_hacinamiento":0.9,"pct_sin_agua_red":2.5,"pct_sin_cloaca":1.2,"pct_garrafa_lena":0.9,"pct_solo_salud_publica":16.7,"pct_0a17":17.3,"pct_70ymas":23.9,"nbi":"Menos de 2,5 %"},"geometry":{"type":"MultiPolygon","coordinates":[[[[-58.74241,-38.55233],[-58.74523,-38.5546],[-58.74619,-38.55387],[-58.74716,-38.55313],[-58.7462,-38.55236],[-58.74527,-38.55161],[-58.74434,-38.55085],[-58.7441,-38.55066],[-58.74314,-38.54988],[-58.74217,-38.55063],[-58.74122,-38.55135],[-58.74218,-38.55214],[-58.74241,-38.55233]]]]}},{"type":"Feature","properties":{"radio":"065810207","tipo":"Urbano","poblacion":800,"hogares":331,"pct_nbi":3.0,"pct_hacinamiento":1.8,"pct_sin_agua_red":0.3,"pct_sin_cloaca":3.3,"pct_garrafa_lena":8.8,"pct_solo_salud_publica":32.0,"pct_0a17":22.6,"pct_70ymas":15.9,"nbi":"2,5 a 5 %"},"geometry":{"type":"MultiPolygon","coordinates":[[[[-58.74995,-38.55687],[-58.75092,-38.55765],[-58.75187,-38.55693],[-58.75285,-38.55617],[-58.75188,-38.5554],[-58.75093,-38.55464],[-58.74999,-38.55389],[-58.74904,-38.55314],[-58.74811,-38.55238],[-58.74716,-38.55313],[-58.74619,-38.55387],[-58.74712,-38.55461],[-58.74806,-38.55537],[-58.749,-38.55612],[-58.74995,-38.55687]]]]}},{"type":"Feature","properties":{"radio":"065810208","tipo":"Urbano","poblacion":707,"hogares":290,"pct_nbi":0.3,"pct_hacinamiento":1.7,"pct_sin_agua_red":1.0,"pct_sin_cloaca":1.7,"pct_garrafa_lena":7.6,"pct_solo_salud_publica":27.9,"pct_0a17":22.5,"pct_70ymas":14.7,"nbi":"Menos de 2,5 %"},"geometry":{"type":"MultiPolygon","coordinates":[[[[-58.74801,-38.55835],[-58.749,-38.55914],[-58.74996,-38.5584],[-58.75092,-38.55765],[-58.74995,-38.55687],[-58.749,-38.55612],[-58.74806,-38.55537],[-58.74712,-38.55461],[-58.74619,-38.55387],[-58.74523,-38.5546],[-58.74427,-38.55533],[-58.7452,-38.55608],[-58.74615,-38.55684],[-58.74708,-38.55759],[-58.74801,-38.55835]]]]}},{"type":"Feature","properties":{"radio":"065810209","tipo":"Urbano","poblacion":657,"hogares":272,"pct_nbi":1.5,"pct_hacinamiento":2.6,"pct_sin_agua_red":1.1,"pct_sin_cloaca":3.3,"pct_garrafa_lena":4.0,"pct_solo_salud_publica":26.2,"pct_0a17":20.1,"pct_70ymas":16.9,"nbi":"Menos de 2,5 %"},"geometry":{"type":"MultiPolygon","coordinates":[[[[-58.74583,-38.56002],[-58.74681,-38.56081],[-58.74708,-38.56061],[-58.74804,-38.55988],[-58.749,-38.55914],[-58.74801,-38.55835],[-58.74708,-38.55759],[-58.74615,-38.55684],[-58.7452,-38.55608],[-58.74427,-38.55533],[-58.74331,-38.55606],[-58.74233,-38.55681],[-58.7421,-38.55699],[-58.74304,-38.55775],[-58.74397,-38.55851],[-58.74489,-38.55926],[-58.74583,-38.56002]]]]}},{"type":"Feature","properties":{"radio":"065810210","tipo":"Urbano","poblacion":912,"hogares":331,"pct_nbi":2.7,"pct_hacinamiento":4.8,"pct_sin_agua_red":0.9,"pct_sin_cloaca":10.9,"pct_garrafa_lena":13.3,"pct_solo_salud_publica":34.5,"pct_0a17":25.1,"pct_70ymas":10.7,"nbi":"2,5 a 5 %"},"geometry":{"type":"MultiPolygon","coordinates":[[[[-58.75341,-38.5661],[-58.75446,-38.56684],[-58.75465,-38.56669],[-58.75562,-38.56595],[-58.75659,-38.56521],[-58.75465,-38.56369],[-58.7537,-38.56294],[-58.75276,-38.56218],[-58.75184,-38.56142],[-58.75091,-38.56067],[-58.74998,-38.55992],[-58.749,-38.55914],[-58.74804,-38.55988],[-58.74708,-38.56061],[-58.74681,-38.56081],[-58.74777,-38.56158],[-58.74873,-38.56234],[-58.74967,-38.56309],[-58.7506,-38.56383],[-58.75154,-38.56458],[-58.75249,-38.56535],[-58.75341,-38.5661]]]]}},{"type":"Feature","properties":{"radio":"065810211","tipo":"Urbano","poblacion":1242,"hogares":408,"pct_nbi":7.4,"pct_hacinamiento":14.0,"pct_sin_agua_red":1.5,"pct_sin_cloaca":28.2,"pct_garrafa_lena":53.7,"pct_solo_salud_publica":52.8,"pct_0a17":31.2,"pct_70ymas":6.4,"nbi":"5 a 10 %"},"geometry":{"type":"MultiPolygon","coordinates":[[[[-58.75465,-38.56369],[-58.75659,-38.56521],[-58.75754,-38.56448],[-58.75849,-38.56375],[-58.75947,-38.56301],[-58.76045,-38.56225],[-58.75946,-38.56148],[-58.75851,-38.56074],[-58.75758,-38.55999],[-58.75662,-38.55922],[-58.7557,-38.55848],[-58.75475,-38.55922],[-58.75378,-38.55996],[-58.75281,-38.56069],[-58.75184,-38.56142],[-58.75276,-38.56218],[-58.7537,-38.56294],[-58.75465,-38.56369]]]]}},{"type":"Feature","properties":{"radio":"065810212","tipo":"Urbano","poblacion":815,"hogares":302,"pct_nbi":3.0,"pct_hacinamiento":5.0,"pct_sin_agua_red":1.7,"pct_sin_cloaca":6.3,"pct_garrafa_lena":12.3,"pct_solo_salud_publica":36.3,"pct_0a17":23.9,"pct_70ymas":11.4,"nbi":"2,5 a 5 %"},"geometry":{"type":"MultiPolygon","coordinates":[[[[-58.75091,-38.56067],[-58.75184,-38.56142],[-58.75281,-38.56069],[-58.75378,-38.55996],[-58.75475,-38.55922],[-58.7557,-38.55848],[-58.75476,-38.55771],[-58.75382,-38.55695],[-58.75285,-38.55617],[-58.75187,-38.55693],[-58.75092,-38.55765],[-58.74996,-38.5584],[-58.749,-38.55914],[-58.74998,-38.55992],[-58.75091,-38.56067]]]]}},{"type":"Feature","properties":{"radio":"065810301","tipo":"Urbano","poblacion":721,"hogares":313,"pct_nbi":1.6,"pct_hacinamiento":1.9,"pct_sin_agua_red":1.6,"pct_sin_cloaca":5.1,"pct_garrafa_lena":7.3,"pct_solo_salud_publica":24.5,"pct_0a17":22.7,"pct_70ymas":15.1,"nbi":"Menos de 2,5 %"},"geometry":{"type":"MultiPolygon","coordinates":[[[[-58.73235,-38.55372],[-58.73328,-38.55447],[-58.73423,-38.55375],[-58.73522,-38.55299],[-58.7362,-38.55224],[-58.73527,-38.5515],[-58.7343,-38.55074],[-58.73337,-38.55],[-58.73305,-38.54975],[-58.73294,-38.54965],[-58.73285,-38.54956],[-58.73253,-38.54913],[-58.73162,-38.54836],[-58.73113,-38.54798],[-58.73077,-38.54769],[-58.72991,-38.54702],[-58.728,-38.54549],[-58.72747,-38.54506],[-58.72734,-38.54527],[-58.72729,-38.54555],[-58.72727,-38.54591],[-58.72734,-38.54623],[-58.7275,-38.5466],[-58.72774,-38.5471],[-58.72796,-38.54759],[-58.72816,-38.54806],[-58.72827,-38.5485],[-58.7283,-38.54897],[-58.72824,-38.54937],[-58.72815,-38.54963],[-58.72811,-38.54977],[-58.72791,-38.55016],[-58.72847,-38.55061],[-58.72993,-38.55177],[-58.73037,-38.55212],[-58.7305,-38.55223],[-58.73141,-38.55297],[-58.73235,-38.55372]]]]}},{"type":"Feature","properties":{"radio":"065810302","tipo":"Urbano","poblacion":812,"hogares":338,"pct_nbi":1.2,"pct_hacinamiento":2.4,"pct_sin_agua_red":2.1,"pct_sin_cloaca":2.7,"pct_garrafa_lena":3.0,"pct_solo_salud_publica":23.8,"pct_0a17":19.7,"pct_70ymas":17.6,"nbi":"Menos de 2,5 %"},"geometry":{"type":"MultiPolygon","coordinates":[[[[-58.72851,-38.55667],[-58.72944,-38.55742],[-58.73041,-38.55668],[-58.73137,-38.55594],[-58.73233,-38.55521],[-58.73328,-38.55447],[-58.73235,-38.55372],[-58.73141,-38.55297],[-58.7305,-38.55223],[-58.73037,-38.55212],[-58.72993,-38.55177],[-58.72847,-38.55061],[-58.72791,-38.55016],[-58.72787,-38.55025],[-58.7275,-38.55075],[-58.72703,-38.5512],[-58.72634,-38.55173],[-58.72569,-38.55219],[-58.72603,-38.55267],[-58.72664,-38.55352],[-58.72686,-38.55405],[-58.72688,-38.55416],[-58.72688,-38.55429],[-58.72681,-38.55444],[-58.72638,-38.55498],[-58.72721,-38.55563],[-58.72756,-38.55591],[-58.72851,-38.55667]]]]}},{"type":"Feature","properties":{"radio":"065810303","tipo":"Urbano","poblacion":788,"hogares":312,"pct_nbi":1.3,"pct_hacinamiento":1.6,"pct_sin_agua_red":2.9,"pct_sin_cloaca":3.5,"pct_garrafa_lena":5.1,"pct_solo_salud_publica":20.9,"pct_0a17":23.5,"pct_70ymas":15.6,"nbi":"Menos de 2,5 %"},"geometry":{"type":"MultiPolygon","coordinates":[[[[-58.72334,-38.55718],[-58.72374,-38.55748],[-58.72462,-38.55817],[-58.72556,-38.55893],[-58.7265,-38.55968],[-58.72744,-38.56044],[-58.72841,-38.55971],[-58.72941,-38.55894],[-58.73039,-38.55818],[-58.73134,-38.55744],[-58.73041,-38.55668],[-58.72944,-38.55742],[-58.72851,-38.55667],[-58.72756,-38.55591],[-58.72721,-38.55563],[-58.72638,-38.55498],[-58.72681,-38.55444],[-58.72688,-38.55429],[-58.72688,-38.55416],[-58.72686,-38.55405],[-58.72664,-38.55352],[-58.72603,-38.55267],[-58.72569,-38.55219],[-58.72482,-38.55275],[-58.72387,-38.5533],[-58.72305,-38.55364],[-58.72218,-38.55396],[-58.7211,-38.55436],[-58.72046,-38.55466],[-58.72042,-38.5547],[-58.72098,-38.55515],[-58.7224,-38.55634],[-58.72334,-38.55718]]]]}},{"type":"Feature","properties":{"radio":"065810304","tipo":"Urbano","poblacion":506,"hogares":225,"pct_nbi":0.0,"pct_hacinamiento":1.3,"pct_sin_agua_red":2.2,"pct_sin_cloaca":1.3,"pct_garrafa_lena":5.8,"pct_solo_salud_publica":25.5,"pct_0a17":21.5,"pct_70ymas":18.4,"nbi":"Menos de 2,5 %"},"geometry":{"type":"MultiPolygon","coordinates":[[[[-58.72952,-38.56216],[-58.72957,-38.56216],[-58.72958,-38.56216],[-58.7296,-38.56216],[-58.72961,-38.56216],[-58.72966,-38.56215],[-58.7297,-38.56214],[-58.72973,-38.56212],[-58.72977,-38.56209],[-58.72979,-38.56207],[-58.72981,-38.56203],[-58.72982,-38.562],[-58.72983,-38.56197],[-58.73053,-38.56142],[-58.73152,-38.56065],[-58.7325,-38.55987],[-58.73345,-38.55913],[-58.73324,-38.55896],[-58.73228,-38.55818],[-58.73134,-38.55744],[-58.73039,-38.55818],[-58.72941,-38.55894],[-58.72841,-38.55971],[-58.72744,-38.56044],[-58.72837,-38.56119],[-58.72931,-38.56196],[-58.72932,-38.562],[-58.72933,-38.56203],[-58.72935,-38.56206],[-58.72937,-38.56209],[-58.7294,-38.56212],[-58.72944,-38.56214],[-58.72948,-38.56215],[-58.72952,-38.56216]]]]}},{"type":"Feature","properties":{"radio":"065810305","tipo":"Urbano","poblacion":550,"hogares":250,"pct_nbi":1.6,"pct_hacinamiento":2.0,"pct_sin_agua_red":4.0,"pct_sin_cloaca":5.6,"pct_garrafa_lena":4.8,"pct_solo_salud_publica":20.5,"pct_0a17":17.6,"pct_70ymas":19.5,"nbi":"Menos de 2,5 %"},"geometry":{"type":"MultiPolygon","coordinates":[[[[-58.73233,-38.55521],[-58.73137,-38.55594],[-58.73041,-38.55668],[-58.73134,-38.55744],[-58.73228,-38.55818],[-58.73324,-38.55896],[-58.73345,-38.55913],[-58.73441,-38.55841],[-58.73538,-38.55768],[-58.73636,-38.55694],[-58.73731,-38.55621],[-58.7371,-38.55604],[-58.73612,-38.55526],[-58.73517,-38.55598],[-58.73423,-38.55523],[-58.73328,-38.55447],[-58.73233,-38.55521]]]]}},{"type":"Feature","properties":{"radio":"065810306","tipo":"Urbano","poblacion":592,"hogares":267,"pct_nbi":1.9,"pct_hacinamiento":0.7,"pct_sin_agua_red":0.4,"pct_sin_cloaca":0.7,"pct_garrafa_lena":4.1,"pct_solo_salud_publica":19.1,"pct_0a17":19.9,"pct_70ymas":18.9,"nbi":"Menos de 2,5 %"},"geometry":{"type":"MultiPolygon","coordinates":[[[[-58.73729,-38.55919],[-58.73823,-38.55994],[-58.7392,-38.5592],[-58.74017,-38.55847],[-58.74112,-38.55774],[-58.73829,-38.55546],[-58.73731,-38.55621],[-58.73636,-38.55694],[-58.73538,-38.55768],[-58.73636,-38.55845],[-58.73729,-38.55919]]]]}},{"type":"Feature","properties":{"radio":"065810307","tipo":"Urbano","poblacion":641,"hogares":293,"pct_nbi":0.3,"pct_hacinamiento":1.4,"pct_sin_agua_red":1.0,"pct_sin_cloaca":0.7,"pct_garrafa_lena":4.8,"pct_solo_salud_publica":21.5,"pct_0a17":19.2,"pct_70ymas":18.4,"nbi":"Menos de 2,5 %"},"geometry":{"type":"MultiPolygon","coordinates":[[[[-58.73441,-38.5614],[-58.73535,-38.56216],[-58.73629,-38.56143],[-58.73726,-38.56069],[-58.73823,-38.55994],[-58.73729,-38.55919],[-58.73636,-38.55845],[-58.73538,-38.55768],[-58.73441,-38.55841],[-58.73345,-38.55913],[-58.7325,-38.55987],[-58.73347,-38.56064],[-58.73441,-38.5614]]]]}},{"type":"Feature","properties":{"radio":"065810308","tipo":"Urbano","poblacion":564,"hogares":239,"pct_nbi":1.3,"pct_hacinamiento":4.6,"pct_sin_agua_red":1.3,"pct_sin_cloaca":3.3,"pct_garrafa_lena":4.6,"pct_solo_salud_publica":28.9,"pct_0a17":19.7,"pct_70ymas":16.3,"nbi":"Menos de 2,5 %"},"geometry":{"type":"MultiPolygon","coordinates":[[[[-58.73145,-38.56366],[-58.73239,-38.56443],[-58.73336,-38.56369],[-58.73435,-38.56292],[-58.73535,-38.56216],[-58.73441,-38.5614],[-58.73347,-38.56064],[-58.7325,-38.55987],[-58.73152,-38.56065],[-58.73053,-38.56142],[-58.72983,-38.56197],[-58.72982,-38.562],[-58.72981,-38.56203],[-58.72979,-38.56207],[-58.72977,-38.56209],[-58.72973,-38.56212],[-58.7297,-38.56214],[-58.72966,-38.56215],[-58.72961,-38.56216],[-58.7296,-38.56216],[-58.73051,-38.5629],[-58.73145,-38.56366]]]]}},{"type":"Feature","properties":{"radio":"065810401","tipo":"Urbano","poblacion":999,"hogares":418,"pct_nbi":2.4,"pct_hacinamiento":2.9,"pct_sin_agua_red":1.4,"pct_sin_cloaca":2.6,"pct_garrafa_lena":6.9,"pct_solo_salud_publica":27.1,"pct_0a17":21.2,"pct_70ymas":14.6,"nbi":"Menos de 2,5 %"},"geometry":{"type":"MultiPolygon","coordinates":[[[[-58.72354,-38.56637],[-58.72379,-38.56656],[-58.72476,-38.56583],[-58.72572,-38.5651],[-58.72668,-38.56437],[-58.72766,-38.56362],[-58.7286,-38.56289],[-58.72957,-38.56216],[-58.72952,-38.56216],[-58.72948,-38.56215],[-58.72944,-38.56214],[-58.7294,-38.56212],[-58.72937,-38.56209],[-58.72935,-38.56206],[-58.72933,-38.56203],[-58.72932,-38.562],[-58.72931,-38.56196],[-58.72837,-38.56119],[-58.72744,-38.56044],[-58.7265,-38.55968],[-58.72556,-38.55893],[-58.72462,-38.55817],[-58.72374,-38.55748],[-58.72334,-38.55718],[-58.7224,-38.55634],[-58.72098,-38.55515],[-58.72042,-38.5547],[-58.72002,-38.55504],[-58.71978,-38.55543],[-58.7196,-38.55586],[-58.71955,-38.556],[-58.71946,-38.55627],[-58.71941,-38.55668],[-58.71946,-38.55708],[-58.71962,-38.55754],[-58.71995,-38.55824],[-58.72026,-38.559],[-58.7205,-38.55948],[-58.72061,-38.55983],[-58.72065,-38.5602],[-58.72056,-38.5607],[-58.72026,-38.56128],[-58.71998,-38.5618],[-58.71965,-38.56221],[-58.72038,-38.5628],[-58.72022,-38.56301],[-58.71977,-38.56334],[-58.71984,-38.5634],[-58.72076,-38.56412],[-58.72156,-38.56474],[-58.72169,-38.56485],[-58.7226,-38.56561],[-58.72354,-38.56637]]]]}},{"type":"Feature","properties":{"radio":"065810402","tipo":"Urbano","poblacion":556,"hogares":235,"pct_nbi":5.5,"pct_hacinamiento":4.7,"pct_sin_agua_red":0.9,"pct_sin_cloaca":1.3,"pct_garrafa_lena":8.1,"pct_solo_salud_publica":30.0,"pct_0a17":20.0,"pct_70ymas":13.1,"nbi":"5 a 10 %"},"geometry":{"type":"MultiPolygon","coordinates":[[[[-58.72853,-38.56738],[-58.72948,-38.56813],[-58.72954,-38.56513],[-58.72958,-38.56216],[-58.72957,-38.56216],[-58.7286,-38.56289],[-58.72766,-38.56362],[-58.72668,-38.56437],[-58.72572,-38.5651],[-58.72667,-38.56587],[-58.72759,-38.56662],[-58.72853,-38.56738]]]]}},{"type":"Feature","properties":{"radio":"065810403","tipo":"Urbano","poblacion":576,"hogares":239,"pct_nbi":2.9,"pct_hacinamiento":3.3,"pct_sin_agua_red":0.8,"pct_sin_cloaca":2.9,"pct_garrafa_lena":6.7,"pct_solo_salud_publica":25.2,"pct_0a17":20.1,"pct_70ymas":15.6,"nbi":"2,5 a 5 %"},"geometry":{"type":"MultiPolygon","coordinates":[[[[-58.72665,-38.56884],[-58.72758,-38.5696],[-58.72853,-38.56887],[-58.72948,-38.56813],[-58.72853,-38.56738],[-58.72759,-38.56662],[-58.72667,-38.56587],[-58.72572,-38.5651],[-58.72476,-38.56583],[-58.72379,-38.56656],[-58.72476,-38.56733],[-58.72568,-38.56808],[-58.72665,-38.56884]]]]}},{"type":"Feature","properties":{"radio":"065810404","tipo":"Urbano","poblacion":649,"hogares":264,"pct_nbi":7.2,"pct_hacinamiento":4.2,"pct_sin_agua_red":1.1,"pct_sin_cloaca":1.5,"pct_garrafa_lena":6.1,"pct_solo_salud_publica":24.2,"pct_0a17":22.3,"pct_70ymas":12.5,"nbi":"5 a 10 %"},"geometry":{"type":"MultiPolygon","coordinates":[[[[-58.71996,-38.56952],[-58.72279,-38.57179],[-58.72375,-38.57106],[-58.72471,-38.57032],[-58.72567,-38.56958],[-58.72665,-38.56884],[-58.72568,-38.56808],[-58.72476,-38.56733],[-58.72379,-38.56656],[-58.72316,-38.56705],[-58.72282,-38.56731],[-58.72252,-38.56754],[-58.72188,-38.56804],[-58.72091,-38.56878],[-58.71996,-38.56952]]]]}},{"type":"Feature","properties":{"radio":"065810405","tipo":"Urbano","poblacion":516,"hogares":189,"pct_nbi":2.6,"pct_hacinamiento":4.2,"pct_sin_agua_red":1.1,"pct_sin_cloaca":6.9,"pct_garrafa_lena":21.7,"pct_solo_salud_publica":37.8,"pct_0a17":24.6,"pct_70ymas":9.3,"nbi":"2,5 a 5 %"},"geometry":{"type":"MultiPolygon","coordinates":[[[[-58.72162,-38.56784],[-58.72188,-38.56804],[-58.72252,-38.56754],[-58.72282,-38.56731],[-58.72316,-38.56705],[-58.72379,-38.56656],[-58.72354,-38.56637],[-58.7226,-38.56561],[-58.72169,-38.56485],[-58.72156,-38.56474],[-58.72076,-38.56412],[-58.71984,-38.5634],[-58.71977,-38.56334],[-58.71945,-38.56357],[-58.71887,-38.56411],[-58.71789,-38.56483],[-58.71883,-38.56559],[-58.71975,-38.56633],[-58.72068,-38.56708],[-58.72162,-38.56784]]]]}},{"type":"Feature","properties":{"radio":"065810406","tipo":"Urbano","poblacion":414,"hogares":170,"pct_nbi":1.8,"pct_hacinamiento":2.9,"pct_sin_agua_red":0.6,"pct_sin_cloaca":2.9,"pct_garrafa_lena":11.2,"pct_solo_salud_publica":26.8,"pct_0a17":17.9,"pct_70ymas":12.8,"nbi":"Menos de 2,5 %"},"geometry":{"type":"MultiPolygon","coordinates":[[[[-58.71671,-38.57184],[-58.71603,-38.57252],[-58.71595,-38.57282],[-58.71593,-38.57286],[-58.71582,-38.57316],[-58.71621,-38.57299],[-58.71656,-38.57279],[-58.71729,-38.57308],[-58.71849,-38.57361],[-58.71979,-38.57409],[-58.72024,-38.57374],[-58.72086,-38.57326],[-58.72182,-38.57253],[-58.72279,-38.57179],[-58.71996,-38.56952],[-58.71898,-38.57026],[-58.71802,-38.57098],[-58.71746,-38.57141],[-58.71745,-38.57144],[-58.71743,-38.57148],[-58.7174,-38.57151],[-58.71736,-38.57154],[-58.71732,-38.57156],[-58.71727,-38.57158],[-58.71723,-38.57159],[-58.71718,-38.57159],[-58.71701,-38.57168],[-58.71671,-38.57184]]]]}},{"type":"Feature","properties":{"radio":"065810407","tipo":"Urbano","poblacion":698,"hogares":291,"pct_nbi":1.0,"pct_hacinamiento":3.1,"pct_sin_agua_red":1.4,"pct_sin_cloaca":1.4,"pct_garrafa_lena":5.5,"pct_solo_salud_publica":24.6,"pct_0a17":20.2,"pct_70ymas":9.3,"nbi":"Menos de 2,5 %"},"geometry":{"type":"MultiPolygon","coordinates":[[[[-58.72121,-38.57463],[-58.72235,-38.57505],[-58.72274,-38.57476],[-58.7237,-38.57404],[-58.72467,-38.5733],[-58.72562,-38.57256],[-58.72659,-38.57182],[-58.72565,-38.57107],[-58.72471,-38.57032],[-58.72375,-38.57106],[-58.72279,-38.57179],[-58.72182,-38.57253],[-58.72086,-38.57326],[-58.72024,-38.57374],[-58.71979,-38.57409],[-58.72107,-38.57457],[-58.72121,-38.57463]]]]}},{"type":"Feature","properties":{"radio":"065810408","tipo":"Urbano","poblacion":745,"hogares":330,"pct_nbi":1.5,"pct_hacinamiento":2.1,"pct_sin_agua_red":2.1,"pct_sin_cloaca":2.4,"pct_garrafa_lena":6.4,"pct_solo_salud_publica":22.4,"pct_0a17":18.7,"pct_70ymas":17.7,"nbi":"Menos de 2,5 %"},"geometry":{"type":"MultiPolygon","coordinates":[[[[-58.72853,-38.56887],[-58.72758,-38.5696],[-58.72665,-38.56884],[-58.72567,-38.56958],[-58.72471,-38.57032],[-58.72565,-38.57107],[-58.72659,-38.57182],[-58.72753,-38.57258],[-58.7284,-38.57329],[-58.72846,-38.57333],[-58.72942,-38.57412],[-58.72945,-38.57111],[-58.72948,-38.56813],[-58.72853,-38.56887]]]]}},{"type":"Feature","properties":{"radio":"065810409","tipo":"Urbano","poblacion":647,"hogares":305,"pct_nbi":0.7,"pct_hacinamiento":1.3,"pct_sin_agua_red":1.3,"pct_sin_cloaca":1.0,"pct_garrafa_lena":2.3,"pct_solo_salud_publica":17.6,"pct_0a17":20.6,"pct_70ymas":13.9,"nbi":"Menos de 2,5 %"},"geometry":{"type":"MultiPolygon","coordinates":[[[[-58.72452,-38.57586],[-58.72496,-38.57602],[-58.72558,-38.57555],[-58.72654,-38.5748],[-58.7275,-38.57407],[-58.72846,-38.57333],[-58.7284,-38.57329],[-58.72753,-38.57258],[-58.72659,-38.57182],[-58.72562,-38.57256],[-58.72467,-38.5733],[-58.7237,-38.57404],[-58.72274,-38.57476],[-58.72235,-38.57505],[-58.72296,-38.57528],[-58.72367,-38.57554],[-58.72452,-38.57586]]]]}},{"type":"Feature","properties":{"radio":"065810410","tipo":"Urbano","poblacion":510,"hogares":221,"pct_nbi":0.5,"pct_hacinamiento":1.8,"pct_sin_agua_red":2.3,"pct_sin_cloaca":2.7,"pct_garrafa_lena":5.9,"pct_solo_salud_publica":21.6,"pct_0a17":18.8,"pct_70ymas":15.3,"nbi":"Menos de 2,5 %"},"geometry":{"type":"MultiPolygon","coordinates":[[[[-58.72753,-38.57698],[-58.72894,-38.57751],[-58.72944,-38.57712],[-58.72937,-38.57669],[-58.72942,-38.57412],[-58.72846,-38.57333],[-58.7275,-38.57407],[-58.72654,-38.5748],[-58.72558,-38.57555],[-58.72496,-38.57602],[-58.72537,-38.57618],[-58.72628,-38.57651],[-58.72722,-38.57687],[-58.72753,-38.57698]]]]}},{"type":"Feature","properties":{"radio":"065810411","tipo":"Urbano","poblacion":506,"hogares":253,"pct_nbi":1.6,"pct_hacinamiento":1.6,"pct_sin_agua_red":1.6,"pct_sin_cloaca":1.2,"pct_garrafa_lena":2.8,"pct_solo_salud_publica":23.1,"pct_0a17":18.0,"pct_70ymas":17.0,"nbi":"Menos de 2,5 %"},"geometry":{"type":"MultiPolygon","coordinates":[[[[-58.72937,-38.57669],[-58.72944,-38.57712],[-58.73043,-38.57636],[-58.73133,-38.57566],[-58.73227,-38.57494],[-58.73325,-38.57418],[-58.73233,-38.57343],[-58.73136,-38.57264],[-58.7304,-38.57187],[-58.72945,-38.57111],[-58.72942,-38.57412],[-58.72937,-38.57669]]]]}},{"type":"Feature","properties":{"radio":"065810412","tipo":"Urbano","poblacion":692,"hogares":254,"pct_nbi":5.9,"pct_hacinamiento":7.9,"pct_sin_agua_red":0.4,"pct_sin_cloaca":35.0,"pct_garrafa_lena":40.6,"pct_solo_salud_publica":42.3,"pct_0a17":26.9,"pct_70ymas":8.4,"nbi":"5 a 10 %"},"geometry":{"type":"MultiPolygon","coordinates":[[[[-58.71828,-38.5628],[-58.71781,-38.56282],[-58.71724,-38.56278],[-58.71669,-38.56273],[-58.71622,-38.56271],[-58.71561,-38.56272],[-58.71509,-38.56277],[-58.71452,-38.56289],[-58.71412,-38.56306],[-58.71371,-38.56324],[-58.71353,-38.56338],[-58.71328,-38.56357],[-58.71296,-38.56389],[-58.71269,-38.56421],[-58.71251,-38.5646],[-58.71244,-38.56497],[-58.71247,-38.5653],[-58.71262,-38.56565],[-58.71289,-38.56602],[-58.7138,-38.56714],[-58.71418,-38.5676],[-58.71451,-38.56799],[-58.7148,-38.56838],[-58.715,-38.56879],[-58.71517,-38.5693],[-58.71523,-38.56978],[-58.71526,-38.57039],[-58.71521,-38.5709],[-58.71508,-38.5714],[-58.7148,-38.57191],[-58.71467,-38.57209],[-58.7143,-38.5726],[-58.71337,-38.57365],[-58.71244,-38.57428],[-58.71084,-38.57521],[-58.70688,-38.57633],[-58.70553,-38.57674],[-58.70447,-38.5772],[-58.70332,-38.57793],[-58.70218,-38.57875],[-58.70079,-38.57976],[-58.70042,-38.58007],[-58.70106,-38.58122],[-58.70137,-38.58127],[-58.70275,-38.58017],[-58.70324,-38.57981],[-58.70375,-38.57939],[-58.70393,-38.57922],[-58.70402,-38.57914],[-58.70419,-38.579],[-58.70454,-38.57871],[-58.705,-38.57837],[-58.70525,-38.57819],[-58.7055,-38.57801],[-58.70563,-38.57794],[-58.70579,-38.57789],[-58.70602,-38.57782],[-58.7066,-38.57768],[-58.70685,-38.57825],[-58.70687,-38.57829],[-58.70714,-38.57834],[-58.71149,-38.57732],[-58.71147,-38.57688],[-58.71364,-38.57579],[-58.71388,-38.57567],[-58.71403,-38.57557],[-58.71415,-38.57547],[-58.71426,-38.57538],[-58.71431,-38.57531],[-58.71444,-38.57516],[-58.71582,-38.57316],[-58.71593,-38.57286],[-58.71595,-38.57282],[-58.71603,-38.57252],[-58.71671,-38.57184],[-58.71701,-38.57168],[-58.71718,-38.57159],[-58.71723,-38.57159],[-58.71727,-38.57158],[-58.71732,-38.57156],[-58.71736,-38.57154],[-58.7174,-38.57151],[-58.71743,-38.57148],[-58.71745,-38.57144],[-58.71746,-38.57141],[-58.71802,-38.57098],[-58.71898,-38.57026],[-58.71996,-38.56952],[-58.72091,-38.56878],[-58.72188,-38.56804],[-58.72162,-38.56784],[-58.72068,-38.56708],[-58.71975,-38.56633],[-58.71883,-38.56559],[-58.71789,-38.56483],[-58.71887,-38.56411],[-58.71945,-38.56357],[-58.71977,-38.56334],[-58.72022,-38.56301],[-58.72038,-38.5628],[-58.71965,-38.56221],[-58.71954,-38.56234],[-58.71933,-38.5625],[-58.719,-38.56267],[-58.7187,-38.56275],[-58.71828,-38.5628]]]]}},{"type":"Feature","properties":{"radio":"065810501","tipo":"Urbano","poblacion":224,"hogares":117,"pct_nbi":0.0,"pct_hacinamiento":0.9,"pct_sin_agua_red":0.9,"pct_sin_cloaca":0.9,"pct_garrafa_lena":2.6,"pct_solo_salud_publica":24.1,"pct_0a17":14.7,"pct_70ymas":19.2,"nbi":"Menos de 2,5 %"},"geometry":{"type":"MultiPolygon","coordinates":[[[[-58.73021,-38.58081],[-58.73144,-38.58127],[-58.73213,-38.58013],[-58.73281,-38.57897],[-58.73153,-38.57847],[-58.7309,-38.57824],[-58.73034,-38.57803],[-58.7296,-38.57921],[-58.72891,-38.58032],[-58.73021,-38.58081]]]]}},{"type":"Feature","properties":{"radio":"065810502","tipo":"Urbano","poblacion":93,"hogares":66,"pct_nbi":1.5,"pct_hacinamiento":1.5,"pct_sin_agua_red":0.0,"pct_sin_cloaca":1.5,"pct_garrafa_lena":4.5,"pct_solo_salud_publica":24.7,"pct_0a17":5.4,"pct_70ymas":24.7,"nbi":"Menos de 2,5 %"},"geometry":{"type":"MultiPolygon","coordinates":[[[[-58.72952,-38.58192],[-58.73077,-38.58239],[-58.7311,-38.58183],[-58.73144,-38.58127],[-58.73021,-38.58081],[-58.72986,-38.58137],[-58.72952,-38.58192]]]]}},{"type":"Feature","properties":{"radio":"065810503","tipo":"Urbano","poblacion":281,"hogares":166,"pct_nbi":1.2,"pct_hacinamiento":0.0,"pct_sin_agua_red":0.6,"pct_sin_cloaca":0.6,"pct_garrafa_lena":1.2,"pct_solo_salud_publica":24.6,"pct_0a17":15.3,"pct_70ymas":18.1,"nbi":"Menos de 2,5 %"},"geometry":{"type":"MultiPolygon","coordinates":[[[[-58.72744,-38.58274],[-58.72871,-38.58322],[-58.72952,-38.58192],[-58.72823,-38.58144],[-58.72744,-38.58274]]]]}},{"type":"Feature","properties":{"radio":"065810504","tipo":"Urbano","poblacion":180,"hogares":106,"pct_nbi":0.9,"pct_hacinamiento":3.8,"pct_sin_agua_red":0.0,"pct_sin_cloaca":0.0,"pct_garrafa_lena":2.8,"pct_solo_salud_publica":26.7,"pct_0a17":15.6,"pct_70ymas":15.0,"nbi":"Menos de 2,5 %"},"geometry":{"type":"MultiPolygon","coordinates":[[[[-58.72871,-38.58322],[-58.72997,-38.5837],[-58.73077,-38.58239],[-58.72952,-38.58192],[-58.72871,-38.58322]]]]}},{"type":"Feature","properties":{"radio":"065810505","tipo":"Urbano","poblacion":219,"hogares":119,"pct_nbi":5.0,"pct_hacinamiento":5.0,"pct_sin_agua_red":0.0,"pct_sin_cloaca":1.7,"pct_garrafa_lena":13.4,"pct_solo_salud_publica":26.9,"pct_0a17":19.6,"pct_70ymas":15.5,"nbi":"5 a 10 %"},"geometry":{"type":"MultiPolygon","coordinates":[[[[-58.72997,-38.5837],[-58.73127,-38.58419],[-58.73137,-38.58404],[-58.73205,-38.58287],[-58.73077,-38.58239],[-58.72997,-38.5837]]]]}},{"type":"Feature","properties":{"radio":"065810506","tipo":"Urbano","poblacion":376,"hogares":215,"pct_nbi":1.4,"pct_hacinamiento":0.0,"pct_sin_agua_red":2.3,"pct_sin_cloaca":0.5,"pct_garrafa_lena":3.3,"pct_solo_salud_publica":21.8,"pct_0a17":14.1,"pct_70ymas":13.3,"nbi":"Menos de 2,5 %"},"geometry":{"type":"MultiPolygon","coordinates":[[[[-58.73144,-38.58127],[-58.7311,-38.58183],[-58.73077,-38.58239],[-58.73205,-38.58287],[-58.73271,-38.58174],[-58.73397,-38.58221],[-58.73467,-38.58106],[-58.73535,-38.57993],[-58.73412,-38.57946],[-58.73406,-38.57944],[-58.73281,-38.57897],[-58.73213,-38.58013],[-58.73144,-38.58127]]]]}},{"type":"Feature","properties":{"radio":"065810507","tipo":"Urbano","poblacion":49,"hogares":25,"pct_nbi":4.0,"pct_hacinamiento":4.0,"pct_sin_agua_red":0.0,"pct_sin_cloaca":0.0,"pct_garrafa_lena":4.0,"pct_solo_salud_publica":30.6,"pct_0a17":20.4,"pct_70ymas":12.2,"nbi":"2,5 a 5 %"},"geometry":{"type":"MultiPolygon","coordinates":[[[[-58.73205,-38.58287],[-58.73329,-38.58334],[-58.73397,-38.58221],[-58.73271,-38.58174],[-58.73205,-38.58287]]]]}},{"type":"Feature","properties":{"radio":"065810508","tipo":"Urbano","poblacion":99,"hogares":59,"pct_nbi":0.0,"pct_hacinamiento":1.7,"pct_sin_agua_red":1.7,"pct_sin_cloaca":1.7,"pct_garrafa_lena":1.7,"pct_solo_salud_publica":20.2,"pct_0a17":16.2,"pct_70ymas":14.1,"nbi":"Menos de 2,5 %"},"geometry":{"type":"MultiPolygon","coordinates":[[[[-58.73289,-38.58401],[-58.73403,-38.58445],[-58.73409,-38.58435],[-58.73415,-38.58426],[-58.73444,-38.58376],[-58.73329,-38.58334],[-58.73289,-38.58401]]]]}},{"type":"Feature","properties":{"radio":"065810509","tipo":"Urbano","poblacion":217,"hogares":134,"pct_nbi":1.5,"pct_hacinamiento":3.0,"pct_sin_agua_red":1.5,"pct_sin_cloaca":0.7,"pct_garrafa_lena":0.7,"pct_solo_salud_publica":21.7,"pct_0a17":16.1,"pct_70ymas":20.7,"nbi":"Menos de 2,5 %"},"geometry":{"type":"MultiPolygon","coordinates":[[[[-58.73187,-38.58445],[-58.73243,-38.58476],[-58.73247,-38.5847],[-58.73251,-38.58464],[-58.73289,-38.58401],[-58.73329,-38.58334],[-58.73205,-38.58287],[-58.73137,-38.58404],[-58.73127,-38.58419],[-58.73187,-38.58445]]]]}},{"type":"Feature","properties":{"radio":"065810510","tipo":"Urbano","poblacion":233,"hogares":127,"pct_nbi":1.6,"pct_hacinamiento":2.4,"pct_sin_agua_red":4.7,"pct_sin_cloaca":0.8,"pct_garrafa_lena":0.0,"pct_solo_salud_publica":15.5,"pct_0a17":15.9,"pct_70ymas":18.0,"nbi":"Menos de 2,5 %"},"geometry":{"type":"MultiPolygon","coordinates":[[[[-58.7334,-38.58528],[-58.73352,-38.58533],[-58.73359,-38.5852],[-58.73403,-38.58445],[-58.73289,-38.58401],[-58.73251,-38.58464],[-58.73247,-38.5847],[-58.73243,-38.58476],[-58.7334,-38.58528]]]]}},{"type":"Feature","properties":{"radio":"065810601","tipo":"Rural","poblacion":21,"hogares":8,"nbi":"Menos de 20 hogares"},"geometry":{"type":"MultiPolygon","coordinates":[[[[-59.17566,-37.62325],[-59.17479,-37.62353],[-59.17439,-37.62352],[-59.17388,-37.62348],[-59.17326,-37.62355],[-59.17277,-37.62371],[-59.17247,-37.62398],[-59.17214,-37.62421],[-59.17199,-37.62441],[-59.17195,-37.62481],[-59.172,-37.62522],[-59.17177,-37.62536],[-59.17138,-37.62552],[-59.17118,-37.62584],[-59.1707,-37.62598],[-59.17038,-37.62591],[-59.16979,-37.62572],[-59.16943,-37.62583],[-59.16898,-37.62596],[-59.16866,-37.6261],[-59.16845,-37.62606],[-59.16816,-37.62572],[-59.16781,-37.62558],[-59.16717,-37.62553],[-59.16684,-37.62563],[-59.16656,-37.62592],[-59.16654,-37.62615],[-59.1664,-37.62639],[-59.16647,-37.62672],[-59.16637,-37.6271],[-59.16643,-37.62754],[-59.16647,-37.62785],[-59.1663,-37.62811],[-59.16602,-37.62824],[-59.16574,-37.62824],[-59.16547,-37.6282],[-59.16514,-37.62827],[-59.16481,-37.62852],[-59.16479,-37.62877],[-59.16454,-37.62928],[-59.16411,-37.62974],[-59.1642,-37.63003],[-59.1638,-37.63023],[-59.16309,-37.63075],[-59.16309,-37.631],[-59.16326,-37.63118],[-59.16317,-37.63132],[-59.16274,-37.63136],[-59.16252,-37.63147],[-59.16195,-37.6319],[-59.16176,-37.6322],[-59.1615,-37.63263],[-59.16146,-37.63283],[-59.16102,-37.63323],[-59.16105,-37.63341],[-59.16109,-37.63358],[-59.16064,-37.63389],[-59.16031,-37.63425],[-59.16023,-37.63449],[-59.15999,-37.63453],[-59.15978,-37.63482],[-59.15968,-37.63524],[-59.15953,-37.63546],[-59.15939,-37.63567],[-59.15929,-37.63603],[-59.159,-37.63609],[-59.15885,-37.63629],[-59.15828,-37.6365],[-59.15821,-37.63657],[-59.1583,-37.63685],[-59.15817,-37.63698],[-59.15739,-37.63697],[-59.15691,-37.63706],[-59.15663,-37.63728],[-59.15655,-37.63762],[-59.15692,-37.63841],[-59.15713,-37.63871],[-59.15768,-37.63931],[-59.15784,-37.63973],[-59.15775,-37.64052],[-59.1577,-37.64067],[-59.15746,-37.64088],[-59.1575,-37.64122],[-59.15769,-37.64151],[-59.15768,-37.64174],[-59.15744,-37.64216],[-59.15702,-37.64246],[-59.15667,-37.6428],[-59.15656,-37.64314],[-59.15666,-37.64358],[-59.15676,-37.64454],[-59.15675,-37.64507],[-59.15676,-37.6465],[-59.15684,-37.64714],[-59.1568,-37.64748],[-59.15651,-37.64778],[-59.15649,-37.64793],[-59.15674,-37.64808],[-59.15707,-37.6483],[-59.15723,-37.64856],[-59.15726,-37.64923],[-59.15741,-37.64946],[-59.15761,-37.64975],[-59.15762,-37.65001],[-59.15736,-37.65017],[-59.15685,-37.65053],[-59.15658,-37.65095],[-59.15601,-37.65122],[-59.15547,-37.65142],[-59.15518,-37.65152],[-59.15501,-37.65175],[-59.15487,-37.65217],[-59.15482,-37.65275],[-59.15467,-37.65301],[-59.15422,-37.65333],[-59.15384,-37.65359],[-59.15372,-37.65385],[-59.1538,-37.65451],[-59.15368,-37.65518],[-59.15341,-37.65575],[-59.1528,-37.65648],[-59.15223,-37.65703],[-59.15216,-37.65726],[-59.15224,-37.65761],[-59.15255,-37.65806],[-59.15295,-37.65837],[-59.15307,-37.65874],[-59.15286,-37.65927],[-59.15273,-37.65963],[-59.15292,-37.65997],[-59.15336,-37.66078],[-59.15386,-37.66129],[-59.15435,-37.66163],[-59.1545,-37.66194],[-59.15447,-37.66238],[-59.15461,-37.6626],[-59.15475,-37.66276],[-59.1554,-37.66295],[-59.15581,-37.66302],[-59.1561,-37.66324],[-59.15659,-37.6635],[-59.15681,-37.66345],[-59.15708,-37.66348],[-59.15733,-37.66374],[-59.15792,-37.66433],[-59.15802,-37.66462],[-59.15836,-37.66509],[-59.1586,-37.66531],[-59.15856,-37.66557],[-59.15847,-37.66594],[-59.15865,-37.66636],[-59.15844,-37.66668],[-59.15842,-37.66706],[-59.15842,-37.66746],[-59.15814,-37.66763],[-59.15781,-37.66767],[-59.15768,-37.66789],[-59.15769,-37.66809],[-59.15791,-37.66828],[-59.15783,-37.66864],[-59.15793,-37.66889],[-59.15832,-37.66918],[-59.15858,-37.66926],[-59.15881,-37.66928],[-59.15891,-37.6694],[-59.15901,-37.66984],[-59.15886,-37.67019],[-59.15893,-37.6703],[-59.15951,-37.67059],[-59.15966,-37.67086],[-59.15982,-37.67141],[-59.1598,-37.67166],[-59.15987,-37.67178],[-59.16008,-37.67196],[-59.16038,-37.67263],[-59.16064,-37.67269],[-59.16108,-37.67267],[-59.1613,-37.6728],[-59.1614,-37.67304],[-59.16131,-37.67319],[-59.16097,-37.67335],[-59.1608,-37.67367],[-59.16091,-37.67439],[-59.16118,-37.67462],[-59.16157,-37.6748],[-59.16163,-37.67503],[-59.16155,-37.67527],[-59.16137,-37.67541],[-59.16138,-37.67557],[-59.16143,-37.67584],[-59.16128,-37.6763],[-59.16126,-37.67659],[-59.16138,-37.67715],[-59.16175,-37.67771],[-59.16253,-37.67838],[-59.16263,-37.67868],[-59.16248,-37.67884],[-59.16235,-37.67896],[-59.16244,-37.67923],[-59.16271,-37.67952],[-59.16273,-37.67966],[-59.16265,-37.67984],[-59.16272,-37.68007],[-59.16305,-37.68032],[-59.16324,-37.68066],[-59.16314,-37.68093],[-59.16331,-37.68122],[-59.16354,-37.68198],[-59.1637,-37.68222],[-59.16363,-37.68277],[-59.1635,-37.68289],[-59.16332,-37.683],[-59.16324,-37.68317],[-59.16346,-37.68341],[-59.16352,-37.68366],[-59.16351,-37.68418],[-59.16351,-37.68448],[-59.16371,-37.68478],[-59.16443,-37.68544],[-59.16524,-37.68631],[-59.16563,-37.68683],[-59.16564,-37.68711],[-59.16534,-37.68751],[-59.16534,-37.68777],[-59.16581,-37.68838],[-59.16605,-37.68896],[-59.16618,-37.68954],[-59.16625,-37.69003],[-59.16605,-37.69061],[-59.16605,-37.69106],[-59.16631,-37.69138],[-59.167,-37.69195],[-59.16713,-37.69224],[-59.16745,-37.69291],[-59.16799,-37.69338],[-59.16855,-37.69407],[-59.16868,-37.69451],[-59.16856,-37.69505],[-59.16834,-37.69566],[-59.16833,-37.69599],[-59.16864,-37.69635],[-59.16867,-37.69674],[-59.16822,-37.69729],[-59.16819,-37.69751],[-59.16848,-37.69784],[-59.16842,-37.69811],[-59.16872,-37.69836],[-59.16894,-37.69885],[-59.1692,-37.69913],[-59.16938,-37.69928],[-59.16936,-37.69969],[-59.16943,-37.69987],[-59.16975,-37.69994],[-59.17002,-37.70001],[-59.1701,-37.70037],[-59.17009,-37.70097],[-59.17005,-37.7016],[-59.16988,-37.70182],[-59.16966,-37.70186],[-59.16935,-37.70181],[-59.20196,-37.72951],[-59.21281,-37.72143],[-59.23075,-37.70818],[-59.23715,-37.71362],[-59.23776,-37.71391],[-59.24904,-37.72343],[-59.25711,-37.71746],[-59.26734,-37.70966],[-59.27867,-37.70099],[-59.2775,-37.69992],[-59.27403,-37.69783],[-59.27366,-37.69766],[-59.27302,-37.69766],[-59.27269,-37.69756],[-59.27247,-37.69736],[-59.27233,-37.6972],[-59.27241,-37.69698],[-59.27241,-37.69671],[-59.27232,-37.69657],[-59.27212,-37.69648],[-59.2719,-37.69645],[-59.27145,-37.69645],[-59.27128,-37.69632],[-59.27125,-37.69619],[-59.27125,-37.69588],[-59.27138,-37.69527],[-59.27134,-37.69498],[-59.27094,-37.69464],[-59.27056,-37.69443],[-59.27007,-37.6943],[-59.26907,-37.69423],[-59.26861,-37.69411],[-59.2684,-37.69392],[-59.26837,-37.69368],[-59.26843,-37.69326],[-59.26829,-37.69298],[-59.26792,-37.69265],[-59.26776,-37.6924],[-59.2671,-37.69211],[-59.26684,-37.6921],[-59.26649,-37.6922],[-59.26613,-37.69222],[-59.26579,-37.69217],[-59.26543,-37.69202],[-59.2653,-37.69192],[-59.26524,-37.69158],[-59.2652,-37.69048],[-59.26495,-37.68982],[-59.26424,-37.68905],[-59.26163,-37.68766],[-59.26135,-37.68731],[-59.2614,-37.68684],[-59.26129,-37.68653],[-59.26056,-37.68594],[-59.2601,-37.68582],[-59.25961,-37.68561],[-59.25868,-37.68488],[-59.25839,-37.68472],[-59.25822,-37.68469],[-59.25788,-37.68456],[-59.25774,-37.6843],[-59.25744,-37.68372],[-59.25727,-37.68358],[-59.25705,-37.68354],[-59.25679,-37.68355],[-59.25638,-37.68376],[-59.25605,-37.68375],[-59.25554,-37.68352],[-59.25527,-37.68344],[-59.25465,-37.68341],[-59.25446,-37.68325],[-59.25435,-37.68302],[-59.25436,-37.68277],[-59.25519,-37.68237],[-59.25541,-37.6821],[-59.25548,-37.6819],[-59.25545,-37.68172],[-59.25524,-37.68152],[-59.25453,-37.68111],[-59.25422,-37.68086],[-59.25413,-37.68051],[-59.2543,-37.68001],[-59.25437,-37.67956],[-59.25417,-37.67933],[-59.2534,-37.67907],[-59.25315,-37.67889],[-59.25291,-37.67855],[-59.25283,-37.67813],[-59.25308,-37.67783],[-59.25331,-37.67764],[-59.2546,-37.6771],[-59.25473,-37.6769],[-59.25476,-37.67663],[-59.25469,-37.67646],[-59.2545,-37.67627],[-59.25415,-37.67543],[-59.25417,-37.67507],[-59.22558,-37.65096],[-59.21982,-37.64609],[-59.20885,-37.63688],[-59.19121,-37.62194],[-59.19112,-37.62167],[-59.18482,-37.61644],[-59.18453,-37.61671],[-59.18408,-37.61709],[-59.18401,-37.6175],[-59.18317,-37.61802],[-59.18293,-37.61808],[-59.18245,-37.61839],[-59.18209,-37.61858],[-59.18174,-37.61893],[-59.18134,-37.61942],[-59.1809,-37.61997],[-59.18056,-37.62013],[-59.17988,-37.62037],[-59.17944,-37.62063],[-59.17922,-37.62088],[-59.1789,-37.6209],[-59.17851,-37.62105],[-59.17804,-37.62139],[-59.17773,-37.62166],[-59.17744,-37.62178],[-59.17731,-37.62204],[-59.17711,-37.62248],[-59.17688,-37.62271],[-59.17627,-37.62297],[-59.17566,-37.62325]]]]}},{"type":"Feature","properties":{"radio":"065810602","tipo":"Rural","poblacion":72,"hogares":23,"pct_nbi":0.0,"pct_hacinamiento":4.3,"pct_sin_agua_red":91.3,"pct_sin_cloaca":78.3,"pct_garrafa_lena":26.1,"pct_solo_salud_publica":8.3,"pct_0a17":34.7,"pct_70ymas":2.8,"nbi":"Menos de 2,5 %"},"geometry":{"type":"MultiPolygon","coordinates":[[[[-59.25711,-37.71746],[-59.24904,-37.72343],[-59.23776,-37.71391],[-59.23715,-37.71362],[-59.23075,-37.70818],[-59.21281,-37.72143],[-59.20196,-37.72951],[-59.16935,-37.70181],[-59.16907,-37.70196],[-59.16892,-37.70226],[-59.16872,-37.70268],[-59.16871,-37.70307],[-59.16827,-37.70357],[-59.16799,-37.70457],[-59.1678,-37.70525],[-59.16791,-37.70566],[-59.16779,-37.70634],[-59.16785,-37.70669],[-59.16829,-37.70735],[-59.16839,-37.7079],[-59.16828,-37.70871],[-59.16803,-37.7096],[-59.16784,-37.7105],[-59.16755,-37.71126],[-59.16753,-37.71152],[-59.16782,-37.71181],[-59.16799,-37.71247],[-59.16784,-37.71284],[-59.16775,-37.71326],[-59.16776,-37.71383],[-59.16754,-37.7143],[-59.16673,-37.71527],[-59.16653,-37.71554],[-59.16616,-37.71581],[-59.16596,-37.71605],[-59.16573,-37.71612],[-59.16537,-37.71615],[-59.1652,-37.71627],[-59.16504,-37.71664],[-59.16496,-37.71718],[-59.165,-37.71745],[-59.16551,-37.71785],[-59.16596,-37.71819],[-59.16604,-37.71853],[-59.16654,-37.71895],[-59.16692,-37.71938],[-59.16699,-37.71974],[-59.16689,-37.72061],[-59.16666,-37.72107],[-59.16634,-37.72141],[-59.16618,-37.72144],[-59.16585,-37.72143],[-59.16567,-37.72154],[-59.16546,-37.72192],[-59.16522,-37.72246],[-59.16511,-37.72354],[-59.165,-37.7242],[-59.16463,-37.72493],[-59.16463,-37.72522],[-59.16505,-37.72586],[-59.16526,-37.72655],[-59.16549,-37.72719],[-59.16585,-37.72755],[-59.16645,-37.72792],[-59.16666,-37.72812],[-59.16684,-37.72944],[-59.16669,-37.73023],[-59.16656,-37.73039],[-59.16621,-37.73082],[-59.16618,-37.73136],[-59.16631,-37.73231],[-59.1664,-37.73275],[-59.16617,-37.73368],[-59.16587,-37.73467],[-59.16588,-37.73534],[-59.1658,-37.73584],[-59.16552,-37.73602],[-59.16548,-37.73618],[-59.16564,-37.73646],[-59.16592,-37.73665],[-59.16593,-37.73694],[-59.16544,-37.73759],[-59.16493,-37.73816],[-59.16474,-37.73826],[-59.164,-37.73801],[-59.16367,-37.73805],[-59.1631,-37.73827],[-59.16296,-37.73851],[-59.16279,-37.73881],[-59.16255,-37.739],[-59.16218,-37.73904],[-59.16178,-37.73907],[-59.16153,-37.73924],[-59.1612,-37.73948],[-59.16099,-37.73969],[-59.16088,-37.73998],[-59.16065,-37.74072],[-59.17232,-37.75057],[-59.18246,-37.75919],[-59.19368,-37.76873],[-59.2035,-37.77704],[-59.21717,-37.78862],[-59.22206,-37.79278],[-59.23286,-37.8018],[-59.25041,-37.81666],[-59.25636,-37.82167],[-59.25667,-37.82212],[-59.26977,-37.83326],[-59.27548,-37.8381],[-59.28469,-37.84586],[-59.29344,-37.85331],[-59.29377,-37.85356],[-59.29386,-37.85374],[-59.29382,-37.85412],[-59.30435,-37.84624],[-59.31882,-37.83547],[-59.32773,-37.82881],[-59.34334,-37.81719],[-59.35855,-37.83003],[-59.36705,-37.83721],[-59.38092,-37.84889],[-59.39404,-37.85997],[-59.40038,-37.86532],[-59.40882,-37.8565],[-59.41668,-37.84826],[-59.41701,-37.84806],[-59.4173,-37.84794],[-59.41757,-37.84789],[-59.42126,-37.84807],[-59.42139,-37.84817],[-59.42309,-37.85088],[-59.42329,-37.85088],[-59.42729,-37.84768],[-59.4412,-37.83672],[-59.44661,-37.83244],[-59.45468,-37.82606],[-59.41579,-37.79517],[-59.40251,-37.78458],[-59.39923,-37.78203],[-59.39926,-37.7817],[-59.39914,-37.78145],[-59.39914,-37.78131],[-59.39927,-37.78123],[-59.3994,-37.78118],[-59.39944,-37.78104],[-59.39937,-37.78092],[-59.39907,-37.78074],[-59.39893,-37.78051],[-59.39898,-37.78028],[-59.39897,-37.78013],[-59.39884,-37.77988],[-59.39859,-37.77958],[-59.39842,-37.77933],[-59.39826,-37.77924],[-59.39802,-37.77923],[-59.39799,-37.77914],[-59.39813,-37.77894],[-59.39832,-37.77881],[-59.39831,-37.77844],[-59.39826,-37.77818],[-59.39814,-37.77808],[-59.39802,-37.77802],[-59.39801,-37.7779],[-59.39817,-37.77771],[-59.39852,-37.77723],[-59.39896,-37.77692],[-59.39934,-37.7764],[-59.39953,-37.77624],[-59.39957,-37.77603],[-59.39933,-37.77583],[-59.39887,-37.77582],[-59.39861,-37.77592],[-59.3981,-37.77595],[-59.398,-37.77586],[-59.39781,-37.77545],[-59.39797,-37.77517],[-59.39782,-37.77483],[-59.39767,-37.77477],[-59.3975,-37.77484],[-59.39705,-37.77462],[-59.39679,-37.77441],[-59.39655,-37.77417],[-59.39631,-37.77403],[-59.396,-37.77398],[-59.39558,-37.77388],[-59.39562,-37.77339],[-59.39524,-37.77282],[-59.395,-37.77245],[-59.39443,-37.77216],[-59.39437,-37.77179],[-59.39329,-37.77153],[-59.39331,-37.77121],[-59.39256,-37.77119],[-59.39245,-37.7716],[-59.39174,-37.77163],[-59.39173,-37.77131],[-59.39084,-37.7712],[-59.38963,-37.77062],[-59.38913,-37.77031],[-59.38836,-37.77042],[-59.38781,-37.77016],[-59.38788,-37.76941],[-59.38804,-37.76918],[-59.38808,-37.76904],[-59.38803,-37.76886],[-59.38785,-37.76877],[-59.38768,-37.7687],[-59.38757,-37.7686],[-59.38755,-37.76845],[-59.38748,-37.76836],[-59.38712,-37.76823],[-59.38679,-37.76816],[-59.38639,-37.76796],[-59.38616,-37.7677],[-59.38608,-37.7676],[-59.38578,-37.76762],[-59.38561,-37.76759],[-59.38547,-37.76745],[-59.3853,-37.76746],[-59.38501,-37.76761],[-59.38489,-37.76763],[-59.38476,-37.76741],[-59.38465,-37.76733],[-59.38441,-37.76745],[-59.38426,-37.76739],[-59.38421,-37.76724],[-59.38411,-37.76695],[-59.38392,-37.76685],[-59.3837,-37.76672],[-59.38365,-37.76662],[-59.38378,-37.76651],[-59.38404,-37.76652],[-59.38426,-37.76645],[-59.38457,-37.76639],[-59.38471,-37.76626],[-59.38476,-37.76603],[-59.38479,-37.76586],[-59.38498,-37.76582],[-59.38513,-37.76562],[-59.38514,-37.76547],[-59.38494,-37.76515],[-59.38495,-37.76499],[-59.38491,-37.76485],[-59.38472,-37.76476],[-59.3847,-37.76464],[-59.3848,-37.76452],[-59.38504,-37.76444],[-59.38512,-37.7643],[-59.38512,-37.76401],[-59.38504,-37.76384],[-59.38504,-37.76372],[-59.38523,-37.76355],[-59.38541,-37.76346],[-59.38545,-37.76331],[-59.38539,-37.76313],[-59.38519,-37.76299],[-59.38492,-37.76283],[-59.38484,-37.76269],[-59.38485,-37.76257],[-59.38471,-37.76249],[-59.38457,-37.76244],[-59.3845,-37.76218],[-59.38443,-37.76207],[-59.38426,-37.76213],[-59.38401,-37.76214],[-59.38383,-37.76206],[-59.38362,-37.76174],[-59.38355,-37.76125],[-59.38342,-37.76083],[-59.38344,-37.76071],[-59.38367,-37.76059],[-59.38372,-37.76053],[-59.38367,-37.76042],[-59.38351,-37.76034],[-59.38319,-37.76022],[-59.38225,-37.75924],[-59.38209,-37.75926],[-59.38197,-37.75934],[-59.3818,-37.7593],[-59.38176,-37.75914],[-59.38183,-37.75897],[-59.38179,-37.75884],[-59.38171,-37.75872],[-59.38174,-37.75851],[-59.38167,-37.75833],[-59.38157,-37.75823],[-59.38142,-37.75828],[-59.38112,-37.7585],[-59.38096,-37.75849],[-59.38073,-37.7584],[-59.38055,-37.75828],[-59.38026,-37.75821],[-59.38006,-37.75824],[-59.37992,-37.75838],[-59.37975,-37.75838],[-59.37964,-37.75826],[-59.37958,-37.758],[-59.37943,-37.75783],[-59.37917,-37.75781],[-59.37883,-37.75788],[-59.37861,-37.75799],[-59.3784,-37.75796],[-59.37812,-37.75801],[-59.3776,-37.75824],[-59.37723,-37.75844],[-59.37684,-37.75855],[-59.37652,-37.75855],[-59.37541,-37.7584],[-59.37497,-37.75827],[-59.37421,-37.75798],[-59.37351,-37.75771],[-59.37302,-37.75756],[-59.37281,-37.75743],[-59.37262,-37.75742],[-59.37246,-37.75748],[-59.37228,-37.75768],[-59.37225,-37.75797],[-59.37222,-37.75844],[-59.37212,-37.7585],[-59.37192,-37.75851],[-59.37158,-37.75843],[-59.37148,-37.7583],[-59.37137,-37.75821],[-59.37106,-37.75814],[-59.37076,-37.75811],[-59.37049,-37.758],[-59.36982,-37.75793],[-59.36878,-37.75795],[-59.36854,-37.75795],[-59.36825,-37.75798],[-59.3681,-37.75792],[-59.36807,-37.75778],[-59.36802,-37.75735],[-59.3679,-37.75705],[-59.3677,-37.75676],[-59.36732,-37.75645],[-59.36686,-37.7563],[-59.36575,-37.75602],[-59.36543,-37.75592],[-59.36521,-37.75576],[-59.36479,-37.75508],[-59.36457,-37.7549],[-59.36433,-37.75483],[-59.36381,-37.75466],[-59.36328,-37.75428],[-59.3627,-37.75383],[-59.36259,-37.75349],[-59.36238,-37.75308],[-59.36157,-37.75246],[-59.36,-37.75085],[-59.35926,-37.75035],[-59.35813,-37.75018],[-59.35715,-37.75021],[-59.35535,-37.74964],[-59.35471,-37.74924],[-59.35181,-37.74658],[-59.34941,-37.74434],[-59.34929,-37.74364],[-59.3492,-37.74299],[-59.34899,-37.7423],[-59.34782,-37.741],[-59.34728,-37.74027],[-59.34637,-37.73992],[-59.34337,-37.73803],[-59.34241,-37.73723],[-59.34105,-37.73561],[-59.34029,-37.73426],[-59.34,-37.73389],[-59.33974,-37.7337],[-59.33951,-37.73355],[-59.33918,-37.73323],[-59.33893,-37.73313],[-59.33847,-37.73292],[-59.33792,-37.73256],[-59.33749,-37.7323],[-59.33706,-37.73211],[-59.3365,-37.73201],[-59.33594,-37.73194],[-59.33562,-37.73181],[-59.3345,-37.73123],[-59.33413,-37.73111],[-59.33258,-37.7309],[-59.33207,-37.73087],[-59.33182,-37.73079],[-59.33155,-37.73052],[-59.33125,-37.73028],[-59.33007,-37.72978],[-59.32764,-37.72905],[-59.32586,-37.72833],[-59.32305,-37.72671],[-59.32204,-37.72597],[-59.32191,-37.72578],[-59.3218,-37.72543],[-59.3215,-37.72501],[-59.32146,-37.72427],[-59.32127,-37.7238],[-59.32112,-37.72365],[-59.3207,-37.72346],[-59.32048,-37.72315],[-59.32031,-37.72309],[-59.31999,-37.72315],[-59.31964,-37.72318],[-59.31931,-37.72312],[-59.3188,-37.72272],[-59.31865,-37.72265],[-59.31781,-37.7226],[-59.31752,-37.7225],[-59.31706,-37.72224],[-59.31688,-37.72201],[-59.31671,-37.72185],[-59.31636,-37.72177],[-59.31621,-37.72154],[-59.31612,-37.72116],[-59.31598,-37.72103],[-59.31572,-37.72102],[-59.31502,-37.72123],[-59.31481,-37.72125],[-59.31463,-37.7212],[-59.31444,-37.72111],[-59.31432,-37.72095],[-59.3141,-37.72094],[-59.31379,-37.72105],[-59.31351,-37.72119],[-59.31323,-37.72125],[-59.3121,-37.72131],[-59.31182,-37.72127],[-59.31089,-37.72074],[-59.31073,-37.72056],[-59.31012,-37.72034],[-59.30952,-37.7203],[-59.30786,-37.72019],[-59.30682,-37.7201],[-59.30646,-37.7201],[-59.30614,-37.72009],[-59.30584,-37.71997],[-59.30544,-37.71965],[-59.30501,-37.71919],[-59.30397,-37.71848],[-59.30343,-37.71821],[-59.30315,-37.718],[-59.3028,-37.7177],[-59.30234,-37.71753],[-59.29935,-37.71558],[-59.29878,-37.71509],[-59.29814,-37.7145],[-59.29779,-37.71427],[-59.2961,-37.71317],[-59.2955,-37.71291],[-59.29502,-37.71255],[-59.29479,-37.71233],[-59.29455,-37.71195],[-59.29439,-37.71171],[-59.29393,-37.71133],[-59.29312,-37.71086],[-59.292,-37.71052],[-59.2916,-37.71031],[-59.29117,-37.70981],[-59.29084,-37.70931],[-59.29011,-37.70851],[-59.28932,-37.70796],[-59.28883,-37.70741],[-59.28844,-37.70658],[-59.28824,-37.70636],[-59.28778,-37.70622],[-59.28755,-37.70611],[-59.28707,-37.70541],[-59.28644,-37.70487],[-59.28537,-37.70438],[-59.28491,-37.70407],[-59.28426,-37.70343],[-59.28367,-37.70303],[-59.28307,-37.70271],[-59.28143,-37.70218],[-59.28079,-37.70204],[-59.28,-37.70193],[-59.2795,-37.7018],[-59.27922,-37.70166],[-59.27904,-37.70147],[-59.27886,-37.70113],[-59.27867,-37.70099],[-59.26734,-37.70966],[-59.25711,-37.71746]]]]}},{"type":"Feature","properties":{"radio":"065810603","tipo":"Rural","poblacion":73,"hogares":27,"pct_nbi":0.0,"pct_hacinamiento":0.0,"pct_sin_agua_red":96.3,"pct_sin_cloaca":96.3,"pct_garrafa_lena":44.4,"pct_solo_salud_publica":49.3,"pct_0a17":30.1,"pct_70ymas":9.6,"nbi":"Menos de 2,5 %"},"geometry":{"type":"MultiPolygon","coordinates":[[[[-59.15829,-37.74703],[-59.15758,-37.74712],[-59.15665,-37.74706],[-59.15648,-37.74685],[-59.15621,-37.7468],[-59.1557,-37.74685],[-59.15543,-37.74669],[-59.15487,-37.74655],[-59.15397,-37.7466],[-59.15312,-37.74618],[-59.15272,-37.74605],[-59.15262,-37.74602],[-59.15221,-37.74592],[-59.15125,-37.74548],[-59.1505,-37.74537],[-59.15,-37.74514],[-59.14965,-37.74512],[-59.149,-37.7453],[-59.14834,-37.74538],[-59.14813,-37.74559],[-59.14769,-37.74588],[-59.14689,-37.74628],[-59.14591,-37.74655],[-59.14567,-37.74672],[-59.14534,-37.7472],[-59.14522,-37.74766],[-59.14523,-37.74819],[-59.14555,-37.74869],[-59.1455,-37.74894],[-59.14543,-37.74923],[-59.1446,-37.75033],[-59.14384,-37.75105],[-59.14317,-37.75145],[-59.14288,-37.75194],[-59.14262,-37.75217],[-59.14244,-37.75229],[-59.14232,-37.75275],[-59.14199,-37.75303],[-59.14186,-37.75322],[-59.14199,-37.75358],[-59.14203,-37.75392],[-59.14179,-37.75418],[-59.1414,-37.75444],[-59.14002,-37.75496],[-59.13903,-37.75533],[-59.1378,-37.75543],[-59.13754,-37.75557],[-59.13698,-37.75603],[-59.13675,-37.75617],[-59.13603,-37.75629],[-59.13582,-37.75639],[-59.13533,-37.75677],[-59.13473,-37.75697],[-59.13409,-37.75705],[-59.13381,-37.75723],[-59.13366,-37.75764],[-59.13343,-37.75803],[-59.13352,-37.75862],[-59.13346,-37.75927],[-59.13323,-37.75987],[-59.13276,-37.76026],[-59.13234,-37.76106],[-59.13245,-37.76134],[-59.13267,-37.76173],[-59.13265,-37.76204],[-59.13225,-37.76275],[-59.13206,-37.76316],[-59.13209,-37.76362],[-59.13192,-37.7639],[-59.13116,-37.7643],[-59.12984,-37.76556],[-59.12919,-37.76666],[-59.12927,-37.76712],[-59.12988,-37.76803],[-59.13025,-37.76897],[-59.13018,-37.76981],[-59.13015,-37.77046],[-59.13035,-37.77099],[-59.1306,-37.77151],[-59.13095,-37.77197],[-59.13094,-37.77282],[-59.13073,-37.77319],[-59.13025,-37.77346],[-59.12966,-37.77366],[-59.12913,-37.77386],[-59.12895,-37.77409],[-59.129,-37.7743],[-59.12944,-37.77466],[-59.12983,-37.77495],[-59.12989,-37.77522],[-59.12954,-37.77593],[-59.12924,-37.77613],[-59.12903,-37.77651],[-59.12882,-37.77655],[-59.12861,-37.77657],[-59.12839,-37.7768],[-59.12849,-37.77691],[-59.12868,-37.77713],[-59.1287,-37.77751],[-59.12848,-37.77773],[-59.12841,-37.7781],[-59.12855,-37.77874],[-59.12858,-37.77924],[-59.12827,-37.77964],[-59.1277,-37.77989],[-59.12716,-37.78007],[-59.12684,-37.78036],[-59.12651,-37.7809],[-59.12617,-37.7812],[-59.12572,-37.78139],[-59.12532,-37.78145],[-59.12489,-37.78151],[-59.12438,-37.78176],[-59.12405,-37.78207],[-59.12393,-37.78246],[-59.12369,-37.78273],[-59.12322,-37.78283],[-59.12289,-37.78322],[-59.12228,-37.78347],[-59.13146,-37.79131],[-59.14403,-37.80196],[-59.16244,-37.81767],[-59.16271,-37.8157],[-59.18391,-37.80413],[-59.18914,-37.8082],[-59.18353,-37.81233],[-59.16909,-37.82319],[-59.17267,-37.82625],[-59.18853,-37.83967],[-59.2011,-37.85034],[-59.20118,-37.85046],[-59.20264,-37.85179],[-59.2028,-37.85185],[-59.20308,-37.85182],[-59.20948,-37.85724],[-59.2213,-37.86723],[-59.2339,-37.87787],[-59.24654,-37.88862],[-59.25293,-37.89398],[-59.26153,-37.90123],[-59.2749,-37.91252],[-59.28046,-37.9172],[-59.28396,-37.90058],[-59.28362,-37.9003],[-59.28353,-37.90022],[-59.28475,-37.89461],[-59.28361,-37.89451],[-59.28471,-37.88922],[-59.28514,-37.88723],[-59.28541,-37.88611],[-59.28547,-37.88587],[-59.28552,-37.88568],[-59.28556,-37.88562],[-59.28563,-37.88558],[-59.28571,-37.88556],[-59.28582,-37.88557],[-59.28654,-37.88569],[-59.28716,-37.88271],[-59.28716,-37.88271],[-59.28794,-37.87911],[-59.28844,-37.87954],[-59.28871,-37.8782],[-59.28956,-37.87462],[-59.28997,-37.87255],[-59.29005,-37.87208],[-59.29159,-37.86466],[-59.29319,-37.85695],[-59.29382,-37.85412],[-59.29386,-37.85374],[-59.29377,-37.85356],[-59.29344,-37.85331],[-59.28469,-37.84586],[-59.27548,-37.8381],[-59.26977,-37.83326],[-59.25667,-37.82212],[-59.25636,-37.82167],[-59.25041,-37.81666],[-59.23286,-37.8018],[-59.22206,-37.79278],[-59.21717,-37.78862],[-59.2035,-37.77704],[-59.19368,-37.76873],[-59.18246,-37.75919],[-59.17232,-37.75057],[-59.16065,-37.74072],[-59.16037,-37.74124],[-59.16024,-37.74158],[-59.16035,-37.74197],[-59.16032,-37.74217],[-59.15999,-37.74237],[-59.15965,-37.7426],[-59.15971,-37.74291],[-59.15999,-37.74308],[-59.16003,-37.74337],[-59.15996,-37.74363],[-59.16006,-37.7437],[-59.16002,-37.7441],[-59.16028,-37.74446],[-59.16052,-37.74504],[-59.16057,-37.74533],[-59.16047,-37.74547],[-59.1603,-37.74567],[-59.15972,-37.74582],[-59.15922,-37.74621],[-59.1591,-37.74649],[-59.15878,-37.74684],[-59.15829,-37.74703]]]]}},{"type":"Feature","properties":{"radio":"065810604","tipo":"Rural","poblacion":20,"hogares":7,"nbi":"Menos de 20 hogares"},"geometry":{"type":"MultiPolygon","coordinates":[[[[-59.11334,-37.81702],[-59.11357,-37.81741],[-59.11355,-37.81776],[-59.11315,-37.8183],[-59.11298,-37.81847],[-59.11292,-37.81878],[-59.11293,-37.81905],[-59.1127,-37.8195],[-59.11225,-37.82003],[-59.11117,-37.82071],[-59.11116,-37.82075],[-59.11092,-37.82091],[-59.11077,-37.82112],[-59.11092,-37.82141],[-59.1109,-37.8217],[-59.11074,-37.82231],[-59.11058,-37.82253],[-59.11034,-37.82276],[-59.11017,-37.82304],[-59.11024,-37.82327],[-59.11071,-37.82357],[-59.11119,-37.82383],[-59.11146,-37.82417],[-59.11155,-37.82467],[-59.11147,-37.82513],[-59.11137,-37.8256],[-59.11127,-37.82585],[-59.11107,-37.82607],[-59.11081,-37.82616],[-59.10907,-37.82742],[-59.10871,-37.82758],[-59.10832,-37.82778],[-59.10825,-37.82804],[-59.10836,-37.82842],[-59.10825,-37.82993],[-59.10797,-37.8306],[-59.10827,-37.83202],[-59.10849,-37.83233],[-59.1099,-37.83385],[-59.11018,-37.83431],[-59.11044,-37.83559],[-59.1104,-37.83643],[-59.11008,-37.83767],[-59.10984,-37.83792],[-59.10947,-37.83807],[-59.10936,-37.8385],[-59.10953,-37.83876],[-59.1099,-37.83928],[-59.10998,-37.83988],[-59.11021,-37.84027],[-59.11053,-37.84043],[-59.11144,-37.84056],[-59.11199,-37.8409],[-59.11229,-37.84132],[-59.11235,-37.8419],[-59.11235,-37.84257],[-59.11242,-37.84278],[-59.11267,-37.843],[-59.11327,-37.84326],[-59.11387,-37.84346],[-59.11424,-37.84388],[-59.11454,-37.84411],[-59.11521,-37.84408],[-59.11565,-37.84381],[-59.11591,-37.84346],[-59.11621,-37.84328],[-59.11693,-37.84318],[-59.11755,-37.84342],[-59.11826,-37.84394],[-59.11844,-37.84443],[-59.11849,-37.84486],[-59.11856,-37.84525],[-59.11879,-37.84568],[-59.11933,-37.84582],[-59.11991,-37.8458],[-59.12085,-37.84556],[-59.12152,-37.84526],[-59.12208,-37.84516],[-59.12245,-37.84523],[-59.12334,-37.84589],[-59.12382,-37.84604],[-59.12446,-37.84618],[-59.12486,-37.84638],[-59.12509,-37.84676],[-59.12524,-37.84715],[-59.12538,-37.84728],[-59.12608,-37.8474],[-59.12649,-37.84731],[-59.12715,-37.84703],[-59.12788,-37.84708],[-59.1289,-37.84738],[-59.1294,-37.84768],[-59.12958,-37.84807],[-59.12958,-37.84865],[-59.12934,-37.84921],[-59.12903,-37.84961],[-59.12853,-37.85035],[-59.1284,-37.85074],[-59.12849,-37.85106],[-59.1289,-37.85151],[-59.12898,-37.8519],[-59.12885,-37.85259],[-59.12902,-37.85309],[-59.12955,-37.85374],[-59.12969,-37.85426],[-59.12978,-37.85497],[-59.12993,-37.85522],[-59.13038,-37.85553],[-59.13082,-37.85608],[-59.13085,-37.85695],[-59.13079,-37.85772],[-59.13057,-37.85844],[-59.13023,-37.85895],[-59.1302,-37.85917],[-59.13045,-37.85929],[-59.13117,-37.85951],[-59.13181,-37.85953],[-59.13252,-37.85991],[-59.13261,-37.86019],[-59.1328,-37.86079],[-59.13317,-37.86111],[-59.13367,-37.86171],[-59.13404,-37.86194],[-59.13436,-37.8621],[-59.13523,-37.86232],[-59.13638,-37.86294],[-59.13712,-37.86304],[-59.13783,-37.86294],[-59.13833,-37.86246],[-59.13882,-37.86204],[-59.13933,-37.862],[-59.13995,-37.86206],[-59.14035,-37.86218],[-59.14108,-37.86271],[-59.14138,-37.86289],[-59.14201,-37.86299],[-59.14314,-37.86382],[-59.14417,-37.8645],[-59.14497,-37.86468],[-59.1453,-37.86478],[-59.14574,-37.86504],[-59.14672,-37.86528],[-59.14721,-37.86526],[-59.14761,-37.86508],[-59.14788,-37.86501],[-59.14807,-37.86516],[-59.14816,-37.86544],[-59.14837,-37.86558],[-59.14906,-37.86552],[-59.14941,-37.8655],[-59.15005,-37.86567],[-59.15051,-37.86583],[-59.15053,-37.86606],[-59.15027,-37.86638],[-59.15018,-37.86664],[-59.15058,-37.8671],[-59.15135,-37.86737],[-59.15141,-37.86755],[-59.151,-37.86816],[-59.15092,-37.86849],[-59.15124,-37.86913],[-59.15134,-37.86951],[-59.15125,-37.86993],[-59.15135,-37.87026],[-59.15167,-37.87066],[-59.15186,-37.87084],[-59.15231,-37.87089],[-59.15276,-37.87077],[-59.1531,-37.87045],[-59.15337,-37.87016],[-59.15367,-37.8701],[-59.15407,-37.87032],[-59.15425,-37.87073],[-59.15448,-37.87103],[-59.15487,-37.87118],[-59.15525,-37.87131],[-59.15586,-37.87173],[-59.1563,-37.87227],[-59.15646,-37.87286],[-59.15669,-37.87309],[-59.15703,-37.87317],[-59.15764,-37.87303],[-59.15793,-37.87306],[-59.15831,-37.87327],[-59.15851,-37.87363],[-59.15856,-37.87402],[-59.15828,-37.87424],[-59.15754,-37.87453],[-59.1573,-37.87469],[-59.15735,-37.8749],[-59.15769,-37.87507],[-59.15836,-37.87509],[-59.15875,-37.87512],[-59.15905,-37.87536],[-59.15928,-37.87562],[-59.15979,-37.87584],[-59.16021,-37.87623],[-59.16059,-37.87635],[-59.16107,-37.87627],[-59.16159,-37.87613],[-59.16201,-37.87606],[-59.16239,-37.87611],[-59.16287,-37.8764],[-59.16316,-37.8767],[-59.16321,-37.87704],[-59.16327,-37.8773],[-59.16347,-37.87756],[-59.16387,-37.87778],[-59.16396,-37.87799],[-59.16409,-37.87848],[-59.16436,-37.87878],[-59.16486,-37.879],[-59.16495,-37.87923],[-59.16495,-37.87979],[-59.16502,-37.88032],[-59.16491,-37.88065],[-59.16474,-37.88126],[-59.16471,-37.8817],[-59.1648,-37.88189],[-59.16527,-37.88192],[-59.16588,-37.882],[-59.16603,-37.88213],[-59.16603,-37.88236],[-59.16604,-37.88259],[-59.16617,-37.88277],[-59.16657,-37.88292],[-59.16733,-37.88317],[-59.1676,-37.88361],[-59.16745,-37.88431],[-59.16749,-37.88473],[-59.16772,-37.88499],[-59.16831,-37.88521],[-59.16845,-37.88541],[-59.16846,-37.88583],[-59.16825,-37.88633],[-59.16795,-37.88682],[-59.16794,-37.88712],[-59.16809,-37.88748],[-59.16823,-37.88775],[-59.16826,-37.88816],[-59.16808,-37.88835],[-59.16786,-37.88865],[-59.16781,-37.88902],[-59.16771,-37.88954],[-59.16748,-37.88989],[-59.16729,-37.89017],[-59.16728,-37.8906],[-59.16723,-37.89102],[-59.16705,-37.89135],[-59.16657,-37.89197],[-59.16635,-37.89245],[-59.16628,-37.89306],[-59.16629,-37.8935],[-59.16642,-37.89362],[-59.16674,-37.89371],[-59.16682,-37.89395],[-59.16685,-37.89434],[-59.16713,-37.89485],[-59.16713,-37.8955],[-59.16733,-37.89574],[-59.16727,-37.89613],[-59.1671,-37.89625],[-59.16688,-37.89643],[-59.16668,-37.89724],[-59.16651,-37.89736],[-59.16609,-37.89745],[-59.16574,-37.89762],[-59.16566,-37.89807],[-59.16577,-37.89882],[-59.16574,-37.89927],[-59.16563,-37.89972],[-59.16577,-37.89995],[-59.16607,-37.9002],[-59.16621,-37.90051],[-59.16646,-37.90067],[-59.16652,-37.90085],[-59.16686,-37.90091],[-59.16707,-37.90084],[-59.1673,-37.90062],[-59.1675,-37.90057],[-59.16779,-37.90066],[-59.16831,-37.90098],[-59.16885,-37.9014],[-59.16932,-37.90148],[-59.16974,-37.90161],[-59.16982,-37.90183],[-59.16972,-37.90198],[-59.16986,-37.90231],[-59.17,-37.90256],[-59.16998,-37.90283],[-59.16975,-37.90298],[-59.16935,-37.90321],[-59.1691,-37.90337],[-59.169,-37.90374],[-59.16883,-37.90421],[-59.16852,-37.90453],[-59.16822,-37.9046],[-59.16789,-37.90464],[-59.16742,-37.90456],[-59.16692,-37.90462],[-59.16668,-37.90476],[-59.16656,-37.90508],[-59.16646,-37.90556],[-59.1665,-37.90591],[-59.16675,-37.90641],[-59.1669,-37.90679],[-59.16686,-37.90704],[-59.16671,-37.90731],[-59.16681,-37.90751],[-59.16726,-37.90772],[-59.16776,-37.90797],[-59.16786,-37.90819],[-59.16786,-37.90856],[-59.16803,-37.90893],[-59.16829,-37.90924],[-59.16857,-37.90948],[-59.1688,-37.90997],[-59.16905,-37.91015],[-59.16937,-37.9104],[-59.16951,-37.91072],[-59.16948,-37.91105],[-59.16921,-37.91136],[-59.16892,-37.91173],[-59.16885,-37.91206],[-59.16892,-37.91248],[-59.16926,-37.9138],[-59.16929,-37.91415],[-59.1692,-37.91445],[-59.16903,-37.91475],[-59.16865,-37.91492],[-59.16822,-37.91505],[-59.16793,-37.91521],[-59.16773,-37.91545],[-59.16767,-37.91578],[-59.16775,-37.91607],[-59.16788,-37.91639],[-59.16821,-37.91663],[-59.16835,-37.91686],[-59.1683,-37.91716],[-59.16803,-37.91762],[-59.168,-37.91786],[-59.1681,-37.91809],[-59.16844,-37.91832],[-59.16907,-37.91851],[-59.16935,-37.91871],[-59.16965,-37.91907],[-59.16986,-37.91954],[-59.17001,-37.9202],[-59.17007,-37.92081],[-59.17005,-37.92125],[-59.16981,-37.92164],[-59.16932,-37.92244],[-59.16881,-37.92302],[-59.16847,-37.92375],[-59.16816,-37.92447],[-59.16806,-37.92476],[-59.16823,-37.92522],[-59.16851,-37.92562],[-59.16842,-37.92622],[-59.1685,-37.92655],[-59.1688,-37.92704],[-59.16882,-37.92735],[-59.16866,-37.92797],[-59.16872,-37.92821],[-59.16884,-37.92858],[-59.16889,-37.92924],[-59.16891,-37.93008],[-59.1688,-37.93025],[-59.16857,-37.93044],[-59.16853,-37.93083],[-59.16855,-37.93113],[-59.16829,-37.93151],[-59.16826,-37.93192],[-59.17269,-37.93577],[-59.17331,-37.93632],[-59.17418,-37.93726],[-59.17458,-37.93768],[-59.18649,-37.94776],[-59.20833,-37.96623],[-59.22606,-37.9812],[-59.23531,-37.98902],[-59.23559,-37.98918],[-59.23587,-37.98926],[-59.24325,-37.99016],[-59.25335,-37.99149],[-59.25243,-37.99581],[-59.25517,-37.99616],[-59.25788,-37.99651],[-59.26017,-37.9968],[-59.26044,-37.99567],[-59.26096,-37.99537],[-59.26147,-37.99544],[-59.26181,-37.99588],[-59.26226,-37.99386],[-59.26356,-37.99402],[-59.2629,-37.99719],[-59.26324,-37.99724],[-59.26348,-37.99727],[-59.26372,-37.99618],[-59.26395,-37.99515],[-59.2644,-37.993],[-59.26697,-37.98083],[-59.26943,-37.96928],[-59.26981,-37.96774],[-59.27041,-37.96452],[-59.27106,-37.96138],[-59.27353,-37.94981],[-59.27419,-37.94702],[-59.27529,-37.94161],[-59.27667,-37.93507],[-59.27746,-37.93173],[-59.27779,-37.92975],[-59.28046,-37.9172],[-59.2749,-37.91252],[-59.26153,-37.90123],[-59.25293,-37.89398],[-59.24654,-37.88862],[-59.2339,-37.87787],[-59.2213,-37.86723],[-59.20948,-37.85724],[-59.20308,-37.85182],[-59.2028,-37.85185],[-59.20264,-37.85179],[-59.20118,-37.85046],[-59.2011,-37.85034],[-59.18853,-37.83967],[-59.17267,-37.82625],[-59.16909,-37.82319],[-59.18353,-37.81233],[-59.18914,-37.8082],[-59.18391,-37.80413],[-59.16271,-37.8157],[-59.16244,-37.81767],[-59.14403,-37.80196],[-59.13146,-37.79131],[-59.12228,-37.78347],[-59.12187,-37.78355],[-59.12159,-37.78383],[-59.12134,-37.7843],[-59.12117,-37.78454],[-59.12055,-37.78476],[-59.12006,-37.78497],[-59.11989,-37.78522],[-59.11982,-37.78569],[-59.11947,-37.78614],[-59.11935,-37.78648],[-59.11921,-37.78694],[-59.11905,-37.78738],[-59.11868,-37.78778],[-59.11788,-37.7883],[-59.11747,-37.78849],[-59.11611,-37.78872],[-59.11611,-37.78872],[-59.11557,-37.78888],[-59.11543,-37.78915],[-59.11523,-37.7895],[-59.11516,-37.79033],[-59.11503,-37.79071],[-59.11518,-37.79093],[-59.11534,-37.79121],[-59.11531,-37.79171],[-59.11509,-37.79238],[-59.11509,-37.79238],[-59.11489,-37.79276],[-59.11461,-37.79326],[-59.11433,-37.79349],[-59.11405,-37.79371],[-59.11397,-37.7941],[-59.1139,-37.79447],[-59.11376,-37.79478],[-59.11363,-37.79523],[-59.11361,-37.79637],[-59.11379,-37.79689],[-59.11482,-37.79811],[-59.11565,-37.79892],[-59.11597,-37.79944],[-59.11618,-37.79997],[-59.11612,-37.80033],[-59.11534,-37.80133],[-59.11498,-37.8015],[-59.11443,-37.80171],[-59.11413,-37.80188],[-59.11379,-37.80227],[-59.1133,-37.80266],[-59.11284,-37.80297],[-59.11234,-37.80346],[-59.11195,-37.80373],[-59.11154,-37.8038],[-59.11109,-37.80401],[-59.1108,-37.80437],[-59.1107,-37.80467],[-59.11062,-37.80487],[-59.11028,-37.8051],[-59.10994,-37.8054],[-59.10996,-37.80568],[-59.11018,-37.80616],[-59.1101,-37.80648],[-59.10989,-37.80702],[-59.10972,-37.80735],[-59.10952,-37.80763],[-59.10932,-37.80797],[-59.1094,-37.80823],[-59.10941,-37.80824],[-59.11,-37.80866],[-59.11016,-37.80891],[-59.11005,-37.80997],[-59.11006,-37.81044],[-59.11036,-37.81086],[-59.11031,-37.81117],[-59.1101,-37.81161],[-59.11013,-37.81183],[-59.11026,-37.81202],[-59.11042,-37.81245],[-59.11035,-37.8127],[-59.11035,-37.8127],[-59.10954,-37.81378],[-59.10933,-37.814],[-59.10931,-37.81414],[-59.10935,-37.81448],[-59.10953,-37.8147],[-59.10978,-37.81487],[-59.11005,-37.81523],[-59.11036,-37.81547],[-59.11147,-37.81582],[-59.11222,-37.81591],[-59.11256,-37.81617],[-59.11285,-37.81663],[-59.11334,-37.81702]]]]}},{"type":"Feature","properties":{"radio":"065810701","tipo":"Urbano","poblacion":89,"hogares":34,"pct_nbi":0.0,"pct_hacinamiento":0.0,"pct_sin_agua_red":64.7,"pct_sin_cloaca":94.1,"pct_garrafa_lena":85.3,"pct_solo_salud_publica":52.8,"pct_0a17":28.1,"pct_70ymas":12.4,"nbi":"Menos de 2,5 %"},"geometry":{"type":"MultiPolygon","coordinates":[[[[-59.28716,-37.88271],[-59.28654,-37.88569],[-59.28686,-37.88573],[-59.28721,-37.88579],[-59.28717,-37.88568],[-59.28719,-37.88543],[-59.28724,-37.88521],[-59.28762,-37.88491],[-59.28855,-37.8857],[-59.28895,-37.88605],[-59.28948,-37.88649],[-59.29041,-37.88727],[-59.29135,-37.88806],[-59.29228,-37.88885],[-59.29318,-37.88962],[-59.29414,-37.89043],[-59.29446,-37.89071],[-59.29503,-37.89118],[-59.29595,-37.89194],[-59.29632,-37.89225],[-59.29684,-37.8927],[-59.29786,-37.89356],[-59.29956,-37.89498],[-59.30119,-37.89641],[-59.30317,-37.89492],[-59.30157,-37.89349],[-59.30336,-37.89218],[-59.30164,-37.89074],[-59.29793,-37.88761],[-59.29976,-37.88628],[-59.2978,-37.88468],[-59.29608,-37.88602],[-59.29424,-37.88444],[-59.29233,-37.88283],[-59.2905,-37.88129],[-59.28844,-37.87954],[-59.28794,-37.87911],[-59.28716,-37.88271],[-59.28716,-37.88271]]]]}},{"type":"Feature","properties":{"radio":"065810702","tipo":"Rural","poblacion":21,"hogares":10,"nbi":"Menos de 20 hogares"},"geometry":{"type":"MultiPolygon","coordinates":[[[[-59.29424,-37.88444],[-59.29608,-37.88602],[-59.2978,-37.88468],[-59.29976,-37.88628],[-59.29793,-37.88761],[-59.30164,-37.89074],[-59.30336,-37.89218],[-59.30157,-37.89349],[-59.30317,-37.89492],[-59.30119,-37.89641],[-59.29956,-37.89498],[-59.29754,-37.89649],[-59.29557,-37.89795],[-59.29718,-37.89937],[-59.29618,-37.90011],[-59.29517,-37.90086],[-59.2936,-37.89947],[-59.29163,-37.90094],[-59.29324,-37.9023],[-59.29127,-37.90381],[-59.28963,-37.9024],[-59.28777,-37.90377],[-59.28691,-37.90305],[-59.28605,-37.90232],[-59.28483,-37.90127],[-59.28418,-37.90075],[-59.28415,-37.90073],[-59.28396,-37.90058],[-59.28046,-37.9172],[-59.29336,-37.92814],[-59.29381,-37.9276],[-59.30167,-37.92178],[-59.31311,-37.91327],[-59.33014,-37.9006],[-59.338,-37.89474],[-59.32726,-37.88566],[-59.31283,-37.87348],[-59.30721,-37.86876],[-59.29319,-37.85695],[-59.29159,-37.86466],[-59.29005,-37.87208],[-59.28997,-37.87255],[-59.28956,-37.87462],[-59.28871,-37.8782],[-59.28844,-37.87954],[-59.2905,-37.88129],[-59.29233,-37.88283],[-59.29424,-37.88444]]]]}},{"type":"Feature","properties":{"radio":"065810703","tipo":"Rural","poblacion":57,"hogares":22,"pct_nbi":4.5,"pct_hacinamiento":0.0,"pct_sin_agua_red":100.0,"pct_sin_cloaca":95.5,"pct_garrafa_lena":81.8,"pct_solo_salud_publica":8.8,"pct_0a17":29.8,"pct_70ymas":8.8,"nbi":"2,5 a 5 %"},"geometry":{"type":"MultiPolygon","coordinates":[[[[-59.29381,-37.9276],[-59.29336,-37.92814],[-59.28046,-37.9172],[-59.27779,-37.92975],[-59.27746,-37.93173],[-59.27667,-37.93507],[-59.27529,-37.94161],[-59.27419,-37.94702],[-59.27353,-37.94981],[-59.27106,-37.96138],[-59.28511,-37.96325],[-59.29525,-37.9646],[-59.3155,-37.96728],[-59.32704,-37.96876],[-59.32367,-37.98457],[-59.3216,-37.9945],[-59.31765,-38.01321],[-59.32784,-38.01455],[-59.34593,-38.01695],[-59.37227,-38.02035],[-59.38193,-38.02163],[-59.38296,-38.02197],[-59.3896,-38.02283],[-59.4111,-38.02566],[-59.43064,-38.02818],[-59.44106,-38.02955],[-59.46192,-38.03224],[-59.46216,-38.03236],[-59.46227,-38.03264],[-59.46242,-38.03292],[-59.46267,-38.03316],[-59.46298,-38.03336],[-59.46372,-38.03353],[-59.46396,-38.03353],[-59.46413,-38.03334],[-59.46436,-38.03291],[-59.4645,-38.03269],[-59.46471,-38.03257],[-59.46797,-38.03297],[-59.48222,-38.03487],[-59.50019,-38.03715],[-59.50049,-38.03658],[-59.50063,-38.03605],[-59.50092,-38.03568],[-59.5012,-38.03519],[-59.5018,-38.03465],[-59.50245,-38.03433],[-59.50297,-38.034],[-59.50319,-38.03358],[-59.5034,-38.03339],[-59.50374,-38.03325],[-59.50419,-38.03312],[-59.50485,-38.03306],[-59.50529,-38.03294],[-59.50564,-38.03275],[-59.50578,-38.03253],[-59.50579,-38.03219],[-59.50568,-38.03183],[-59.5061,-38.03143],[-59.50676,-38.03123],[-59.50702,-38.03122],[-59.50731,-38.03122],[-59.50751,-38.03107],[-59.50786,-38.03081],[-59.50873,-38.02996],[-59.50898,-38.02979],[-59.50925,-38.02979],[-59.50945,-38.0299],[-59.50958,-38.03014],[-59.5098,-38.03025],[-59.51052,-38.03037],[-59.51085,-38.0303],[-59.51093,-38.03002],[-59.51083,-38.02976],[-59.51046,-38.02951],[-59.51013,-38.029],[-59.50999,-38.02858],[-59.51005,-38.02831],[-59.51024,-38.02807],[-59.51065,-38.02787],[-59.511,-38.02774],[-59.51121,-38.02751],[-59.51155,-38.02717],[-59.51225,-38.02671],[-59.51175,-38.02638],[-59.51137,-38.02612],[-59.51109,-38.02588],[-59.51088,-38.02563],[-59.50986,-38.02421],[-59.5095,-38.02373],[-59.50924,-38.02345],[-59.50808,-38.02247],[-59.49664,-38.01284],[-59.48259,-38.00103],[-59.47187,-37.99198],[-59.46262,-37.98419],[-59.44862,-37.97244],[-59.44857,-37.9723],[-59.43889,-37.96414],[-59.42804,-37.95499],[-59.41531,-37.94428],[-59.41084,-37.94049],[-59.40238,-37.93338],[-59.38637,-37.91984],[-59.36979,-37.90593],[-59.37664,-37.90578],[-59.37688,-37.90568],[-59.38724,-37.89802],[-59.39826,-37.88977],[-59.41483,-37.87747],[-59.40995,-37.87335],[-59.40038,-37.86532],[-59.39404,-37.85997],[-59.38092,-37.84889],[-59.36705,-37.83721],[-59.35855,-37.83003],[-59.34334,-37.81719],[-59.32773,-37.82881],[-59.31882,-37.83547],[-59.30435,-37.84624],[-59.29382,-37.85412],[-59.29319,-37.85695],[-59.30721,-37.86876],[-59.31283,-37.87348],[-59.32726,-37.88566],[-59.338,-37.89474],[-59.33014,-37.9006],[-59.31311,-37.91327],[-59.30167,-37.92178],[-59.29381,-37.9276]]]]}},{"type":"Feature","properties":{"radio":"065810704","tipo":"Rural","poblacion":42,"hogares":18,"nbi":"Menos de 20 hogares"},"geometry":{"type":"MultiPolygon","coordinates":[[[[-59.42329,-37.85088],[-59.42309,-37.85088],[-59.42139,-37.84817],[-59.42126,-37.84807],[-59.41757,-37.84789],[-59.4173,-37.84794],[-59.41701,-37.84806],[-59.41668,-37.84826],[-59.40882,-37.8565],[-59.40038,-37.86532],[-59.40995,-37.87335],[-59.41483,-37.87747],[-59.39826,-37.88977],[-59.38724,-37.89802],[-59.37688,-37.90568],[-59.37664,-37.90578],[-59.36979,-37.90593],[-59.38637,-37.91984],[-59.40238,-37.93338],[-59.41084,-37.94049],[-59.41531,-37.94428],[-59.42804,-37.95499],[-59.43889,-37.96414],[-59.44857,-37.9723],[-59.4755,-37.95114],[-59.48628,-37.94262],[-59.49451,-37.93616],[-59.49529,-37.93561],[-59.49592,-37.93521],[-59.49662,-37.93482],[-59.49734,-37.93448],[-59.50517,-37.93107],[-59.52365,-37.92303],[-59.54421,-37.9141],[-59.54448,-37.91478],[-59.54481,-37.91527],[-59.54501,-37.91554],[-59.545,-37.91595],[-59.54469,-37.9165],[-59.54454,-37.91684],[-59.54453,-37.91716],[-59.54459,-37.91753],[-59.54449,-37.91796],[-59.54419,-37.91873],[-59.5443,-37.91921],[-59.54459,-37.91949],[-59.54518,-37.91974],[-59.54565,-37.91981],[-59.54623,-37.92012],[-59.54679,-37.92026],[-59.5475,-37.92076],[-59.54826,-37.9211],[-59.54903,-37.92152],[-59.54916,-37.92185],[-59.54916,-37.92257],[-59.54935,-37.92295],[-59.54981,-37.92321],[-59.55034,-37.92323],[-59.55104,-37.92329],[-59.55149,-37.92341],[-59.5516,-37.92363],[-59.55136,-37.92391],[-59.55144,-37.92418],[-59.55193,-37.92435],[-59.5521,-37.92451],[-59.5534,-37.92512],[-59.55407,-37.92551],[-59.55464,-37.9256],[-59.55538,-37.92576],[-59.55598,-37.92602],[-59.55658,-37.92659],[-59.55729,-37.92704],[-59.5575,-37.92739],[-59.55804,-37.92779],[-59.55896,-37.92929],[-59.55917,-37.92952],[-59.55939,-37.93017],[-59.5595,-37.93056],[-59.55982,-37.93193],[-59.55999,-37.9322],[-59.56019,-37.93257],[-59.56019,-37.9326],[-59.56024,-37.93306],[-59.56006,-37.93351],[-59.55937,-37.93402],[-59.55902,-37.93404],[-59.55791,-37.93423],[-59.55768,-37.9344],[-59.55738,-37.93468],[-59.55625,-37.93533],[-59.55581,-37.93576],[-59.55561,-37.9362],[-59.55546,-37.93662],[-59.55523,-37.93688],[-59.55464,-37.93781],[-59.55273,-37.93947],[-59.55202,-37.94024],[-59.55104,-37.94112],[-59.55058,-37.9417],[-59.54965,-37.94238],[-59.54925,-37.94272],[-59.54912,-37.94304],[-59.54901,-37.94344],[-59.54871,-37.94373],[-59.54776,-37.94428],[-59.54744,-37.9447],[-59.547,-37.94554],[-59.5467,-37.94586],[-59.54625,-37.94624],[-59.54596,-37.94656],[-59.5563,-37.95567],[-59.5565,-37.95573],[-59.5693,-37.96699],[-59.5738,-37.97095],[-59.58411,-37.98003],[-59.60275,-37.99644],[-59.60295,-37.99642],[-59.60317,-37.99643],[-59.60335,-37.99649],[-59.6192,-38.0052],[-59.64045,-38.01679],[-59.64976,-38.02189],[-59.64976,-38.02248],[-59.65057,-38.02215],[-59.65126,-38.02153],[-59.65162,-38.0212],[-59.65178,-38.02094],[-59.65193,-38.02048],[-59.65224,-38.02023],[-59.65344,-38.01976],[-59.65402,-38.01949],[-59.65449,-38.01915],[-59.65482,-38.01884],[-59.65518,-38.01835],[-59.65539,-38.01816],[-59.65627,-38.01756],[-59.65667,-38.0171],[-59.65737,-38.01625],[-59.65761,-38.01604],[-59.658,-38.01587],[-59.65882,-38.01568],[-59.65933,-38.01559],[-59.65962,-38.0156],[-59.66001,-38.01576],[-59.66039,-38.01583],[-59.66073,-38.0158],[-59.66168,-38.01558],[-59.66188,-38.01536],[-59.66192,-38.01513],[-59.66183,-38.01483],[-59.66183,-38.01432],[-59.66206,-38.01389],[-59.66264,-38.01325],[-59.66306,-38.01276],[-59.66327,-38.0122],[-59.6633,-38.01176],[-59.66326,-38.01154],[-59.66302,-38.01132],[-59.66282,-38.01113],[-59.66263,-38.01083],[-59.66252,-38.01039],[-59.6623,-38.01016],[-59.66193,-38.00984],[-59.66169,-38.00964],[-59.66171,-38.00946],[-59.66184,-38.00932],[-59.66208,-38.00927],[-59.66243,-38.00921],[-59.66266,-38.00912],[-59.66274,-38.009],[-59.66284,-38.00866],[-59.66321,-38.00823],[-59.66403,-38.00783],[-59.66443,-38.0075],[-59.66518,-38.00724],[-59.66583,-38.00675],[-59.66715,-38.00607],[-59.66844,-38.00559],[-59.6695,-38.00535],[-59.66979,-38.00515],[-59.67018,-38.00406],[-59.67043,-38.00365],[-59.67105,-38.00335],[-59.67114,-38.0032],[-59.67112,-38.00267],[-59.67124,-38.00238],[-59.67148,-38.00213],[-59.67169,-38.00132],[-59.67157,-38.00092],[-59.67162,-38.00077],[-59.67183,-38.00053],[-59.67227,-38.00022],[-59.67299,-37.99991],[-59.67441,-37.99944],[-59.67477,-37.99917],[-59.66147,-37.98885],[-59.66045,-37.98806],[-59.63951,-37.9718],[-59.63723,-37.97003],[-59.61875,-37.95566],[-59.60125,-37.942],[-59.58303,-37.92775],[-59.58273,-37.92757],[-59.58243,-37.92746],[-59.56783,-37.91606],[-59.55782,-37.9082],[-59.55794,-37.90815],[-59.54363,-37.897],[-59.52806,-37.88462],[-59.50984,-37.87015],[-59.50767,-37.86853],[-59.50743,-37.86836],[-59.50731,-37.86821],[-59.507,-37.86764],[-59.50686,-37.86746],[-59.50654,-37.86722],[-59.50575,-37.86656],[-59.50272,-37.86405],[-59.50023,-37.86215],[-59.49402,-37.85725],[-59.48031,-37.84644],[-59.45468,-37.82606],[-59.44661,-37.83244],[-59.4412,-37.83672],[-59.42729,-37.84768],[-59.42329,-37.85088]]]]}},{"type":"Feature","properties":{"radio":"065810705","tipo":"Rural","poblacion":25,"hogares":10,"nbi":"Menos de 20 hogares"},"geometry":{"type":"MultiPolygon","coordinates":[[[[-59.47187,-37.99198],[-59.48259,-38.00103],[-59.49664,-38.01284],[-59.50808,-38.02247],[-59.50924,-38.02345],[-59.5095,-38.02373],[-59.50986,-38.02421],[-59.51088,-38.02563],[-59.51109,-38.02588],[-59.51137,-38.02612],[-59.51175,-38.02638],[-59.51225,-38.02671],[-59.51155,-38.02717],[-59.51121,-38.02751],[-59.511,-38.02774],[-59.51065,-38.02787],[-59.51024,-38.02807],[-59.51005,-38.02831],[-59.50999,-38.02858],[-59.51013,-38.029],[-59.51046,-38.02951],[-59.51083,-38.02976],[-59.51093,-38.03002],[-59.51085,-38.0303],[-59.51052,-38.03037],[-59.5098,-38.03025],[-59.50958,-38.03014],[-59.50945,-38.0299],[-59.50925,-38.02979],[-59.50898,-38.02979],[-59.50873,-38.02996],[-59.50786,-38.03081],[-59.50751,-38.03107],[-59.50731,-38.03122],[-59.50702,-38.03122],[-59.50676,-38.03123],[-59.5061,-38.03143],[-59.50568,-38.03183],[-59.50579,-38.03219],[-59.50578,-38.03253],[-59.50564,-38.03275],[-59.50529,-38.03294],[-59.50485,-38.03306],[-59.50419,-38.03312],[-59.50374,-38.03325],[-59.5034,-38.03339],[-59.50319,-38.03358],[-59.50297,-38.034],[-59.50245,-38.03433],[-59.5018,-38.03465],[-59.5012,-38.03519],[-59.50092,-38.03568],[-59.50063,-38.03605],[-59.50049,-38.03658],[-59.50019,-38.03715],[-59.49976,-38.03772],[-59.4992,-38.03828],[-59.49909,-38.03858],[-59.49919,-38.03882],[-59.4996,-38.03921],[-59.49958,-38.03936],[-59.49906,-38.03955],[-59.49857,-38.03963],[-59.49802,-38.03998],[-59.49773,-38.04007],[-59.49752,-38.04031],[-59.49701,-38.04095],[-59.49621,-38.04164],[-59.49598,-38.04183],[-59.49565,-38.04229],[-59.49496,-38.04332],[-59.49468,-38.04357],[-59.49447,-38.04385],[-59.49448,-38.04412],[-59.4945,-38.04443],[-59.49436,-38.04467],[-59.49406,-38.04485],[-59.49365,-38.04491],[-59.49337,-38.04485],[-59.49306,-38.04455],[-59.4922,-38.04432],[-59.49135,-38.04391],[-59.49115,-38.04391],[-59.49065,-38.04402],[-59.49036,-38.04398],[-59.48999,-38.04385],[-59.48973,-38.04382],[-59.48944,-38.04386],[-59.48887,-38.04424],[-59.48826,-38.04454],[-59.48803,-38.04475],[-59.48779,-38.04511],[-59.48762,-38.04529],[-59.48747,-38.04538],[-59.48663,-38.04562],[-59.48472,-38.04653],[-59.48451,-38.04671],[-59.48427,-38.04712],[-59.48407,-38.04741],[-59.48349,-38.04751],[-59.48253,-38.04774],[-59.4821,-38.04801],[-59.48148,-38.04823],[-59.48068,-38.04871],[-59.47999,-38.0491],[-59.47989,-38.04943],[-59.47963,-38.04984],[-59.47953,-38.0504],[-59.47938,-38.0506],[-59.47891,-38.0509],[-59.4785,-38.05097],[-59.47802,-38.0511],[-59.47736,-38.05146],[-59.47651,-38.05197],[-59.47631,-38.05214],[-59.47509,-38.05276],[-59.47387,-38.05336],[-59.47308,-38.05396],[-59.47259,-38.05416],[-59.47163,-38.05448],[-59.47123,-38.0548],[-59.47096,-38.05489],[-59.47005,-38.05497],[-59.46982,-38.05508],[-59.46816,-38.05552],[-59.46777,-38.05555],[-59.46669,-38.05557],[-59.46621,-38.05567],[-59.4656,-38.05591],[-59.46514,-38.05611],[-59.46484,-38.05642],[-59.46477,-38.0566],[-59.46453,-38.05672],[-59.46438,-38.05699],[-59.4642,-38.05753],[-59.46379,-38.05799],[-59.46332,-38.05837],[-59.46252,-38.05888],[-59.46163,-38.05956],[-59.46017,-38.06101],[-59.45986,-38.0614],[-59.45954,-38.06163],[-59.45919,-38.06179],[-59.45898,-38.062],[-59.4587,-38.06203],[-59.45843,-38.06192],[-59.45798,-38.06155],[-59.45781,-38.06128],[-59.45726,-38.0608],[-59.457,-38.06065],[-59.4568,-38.06045],[-59.45666,-38.05998],[-59.45655,-38.05969],[-59.45639,-38.05958],[-59.45613,-38.05957],[-59.45541,-38.05968],[-59.45487,-38.05962],[-59.45423,-38.05951],[-59.45373,-38.0593],[-59.45293,-38.05911],[-59.45184,-38.0589],[-59.45147,-38.05883],[-59.45115,-38.05863],[-59.45086,-38.05844],[-59.45041,-38.05835],[-59.44984,-38.05808],[-59.44923,-38.05778],[-59.44877,-38.05738],[-59.44797,-38.05704],[-59.44746,-38.05667],[-59.44692,-38.05635],[-59.44663,-38.05622],[-59.4464,-38.05624],[-59.44592,-38.0563],[-59.44551,-38.0561],[-59.44499,-38.05604],[-59.44452,-38.05586],[-59.44412,-38.0554],[-59.44373,-38.05521],[-59.44328,-38.055],[-59.44293,-38.05508],[-59.44256,-38.05517],[-59.44185,-38.05479],[-59.44096,-38.05455],[-59.44061,-38.05436],[-59.44019,-38.05425],[-59.44001,-38.05413],[-59.43936,-38.05417],[-59.43917,-38.05411],[-59.4385,-38.0536],[-59.4377,-38.0529],[-59.43741,-38.05276],[-59.43699,-38.05266],[-59.4367,-38.05269],[-59.43636,-38.0527],[-59.43601,-38.05256],[-59.4356,-38.05241],[-59.43532,-38.05241],[-59.43496,-38.05254],[-59.43459,-38.05287],[-59.43446,-38.05311],[-59.43422,-38.05322],[-59.43326,-38.0535],[-59.43295,-38.05375],[-59.4327,-38.05407],[-59.43238,-38.05432],[-59.43127,-38.0547],[-59.43005,-38.05502],[-59.42964,-38.05506],[-59.4288,-38.05502],[-59.42831,-38.0549],[-59.42664,-38.05495],[-59.42615,-38.05505],[-59.42546,-38.05515],[-59.42446,-38.05575],[-59.42408,-38.05591],[-59.42308,-38.05627],[-59.42247,-38.05658],[-59.42223,-38.05676],[-59.42159,-38.05691],[-59.42044,-38.05738],[-59.41937,-38.0577],[-59.41893,-38.05794],[-59.41802,-38.05849],[-59.41723,-38.0588],[-59.41679,-38.05881],[-59.41635,-38.05891],[-59.41575,-38.05878],[-59.41511,-38.05907],[-59.41458,-38.0592],[-59.41404,-38.05957],[-59.41349,-38.05989],[-59.41269,-38.06018],[-59.41219,-38.0604],[-59.41166,-38.06048],[-59.41089,-38.06064],[-59.41018,-38.06073],[-59.40963,-38.06072],[-59.40907,-38.06079],[-59.4087,-38.06095],[-59.40798,-38.06127],[-59.40743,-38.06126],[-59.40891,-38.06375],[-59.41444,-38.07286],[-59.4197,-38.08152],[-59.4206,-38.08302],[-59.42857,-38.09604],[-59.43357,-38.10429],[-59.43395,-38.10402],[-59.43407,-38.10374],[-59.43419,-38.1035],[-59.43456,-38.1034],[-59.43517,-38.10336],[-59.43582,-38.10324],[-59.43634,-38.10299],[-59.43736,-38.10264],[-59.43812,-38.10258],[-59.43855,-38.10242],[-59.43868,-38.10216],[-59.43861,-38.10184],[-59.43855,-38.10141],[-59.43874,-38.101],[-59.43918,-38.10086],[-59.4406,-38.10057],[-59.44127,-38.10017],[-59.44239,-38.09992],[-59.44313,-38.09934],[-59.44352,-38.09877],[-59.44382,-38.09835],[-59.44443,-38.09816],[-59.44502,-38.09814],[-59.44575,-38.09832],[-59.44642,-38.09863],[-59.44733,-38.09914],[-59.44784,-38.09933],[-59.4485,-38.09943],[-59.44928,-38.09928],[-59.45005,-38.09889],[-59.45071,-38.09845],[-59.45128,-38.09821],[-59.45178,-38.09781],[-59.45309,-38.09703],[-59.45362,-38.0966],[-59.45456,-38.09619],[-59.45512,-38.09597],[-59.45645,-38.09576],[-59.45699,-38.09593],[-59.4578,-38.09587],[-59.45939,-38.0957],[-59.46025,-38.0953],[-59.46158,-38.09506],[-59.46277,-38.0942],[-59.4635,-38.09403],[-59.46421,-38.09385],[-59.46529,-38.09338],[-59.46602,-38.09316],[-59.46753,-38.09297],[-59.46799,-38.09262],[-59.46849,-38.09251],[-59.4696,-38.09256],[-59.47029,-38.09243],[-59.47084,-38.09204],[-59.47221,-38.09128],[-59.47365,-38.09067],[-59.47495,-38.09041],[-59.47581,-38.09],[-59.47642,-38.08968],[-59.47683,-38.08917],[-59.47715,-38.08873],[-59.47785,-38.08838],[-59.47839,-38.08802],[-59.47889,-38.08783],[-59.48042,-38.08785],[-59.4814,-38.08765],[-59.48283,-38.08723],[-59.48424,-38.08681],[-59.48554,-38.08585],[-59.48666,-38.08553],[-59.48758,-38.08541],[-59.489,-38.0851],[-59.48998,-38.08483],[-59.49232,-38.08456],[-59.49383,-38.08394],[-59.4954,-38.08339],[-59.49622,-38.08258],[-59.49674,-38.08206],[-59.49748,-38.0818],[-59.49779,-38.08162],[-59.49808,-38.08116],[-59.49889,-38.08094],[-59.49947,-38.08071],[-59.50098,-38.08053],[-59.50301,-38.08028],[-59.5042,-38.08032],[-59.50517,-38.08],[-59.5066,-38.07967],[-59.50729,-38.07936],[-59.5085,-38.07915],[-59.50932,-38.07895],[-59.50976,-38.07864],[-59.51015,-38.07826],[-59.51027,-38.07798],[-59.51063,-38.07766],[-59.51069,-38.0771],[-59.51066,-38.07669],[-59.51085,-38.07619],[-59.51114,-38.0759],[-59.51181,-38.07548],[-59.51246,-38.07492],[-59.51307,-38.07429],[-59.51338,-38.07363],[-59.51372,-38.0732],[-59.51391,-38.07285],[-59.51415,-38.07243],[-59.5148,-38.07202],[-59.51545,-38.0719],[-59.51587,-38.07182],[-59.51642,-38.07149],[-59.51703,-38.07106],[-59.51746,-38.07092],[-59.51864,-38.0708],[-59.51961,-38.07065],[-59.52075,-38.0704],[-59.52209,-38.06986],[-59.52352,-38.06941],[-59.52376,-38.06913],[-59.52433,-38.06881],[-59.52599,-38.06794],[-59.52635,-38.06759],[-59.52701,-38.06715],[-59.52782,-38.06621],[-59.52943,-38.06506],[-59.52986,-38.06489],[-59.53179,-38.06339],[-59.53204,-38.06277],[-59.53307,-38.06225],[-59.53362,-38.06185],[-59.53383,-38.06145],[-59.53427,-38.06091],[-59.53447,-38.0603],[-59.53479,-38.05975],[-59.53534,-38.05937],[-59.53608,-38.05914],[-59.53658,-38.05853],[-59.53686,-38.05818],[-59.53805,-38.0574],[-59.5387,-38.05731],[-59.53914,-38.05707],[-59.53944,-38.05695],[-59.5404,-38.057],[-59.54137,-38.05682],[-59.54219,-38.05686],[-59.54296,-38.05712],[-59.54392,-38.05756],[-59.54472,-38.05772],[-59.54538,-38.05827],[-59.54547,-38.05856],[-59.54552,-38.05897],[-59.54585,-38.05945],[-59.54593,-38.06001],[-59.5463,-38.06028],[-59.54752,-38.06025],[-59.54833,-38.06042],[-59.54886,-38.0603],[-59.54913,-38.05989],[-59.54963,-38.05951],[-59.55198,-38.05889],[-59.55274,-38.05867],[-59.55321,-38.05863],[-59.55407,-38.05888],[-59.5553,-38.05887],[-59.55621,-38.05886],[-59.55797,-38.05804],[-59.55848,-38.05766],[-59.55898,-38.05742],[-59.55976,-38.05722],[-59.56042,-38.05684],[-59.56097,-38.05636],[-59.56141,-38.05569],[-59.5618,-38.05552],[-59.56221,-38.0556],[-59.56255,-38.05588],[-59.56284,-38.05626],[-59.56366,-38.05622],[-59.56442,-38.05573],[-59.56575,-38.05589],[-59.56676,-38.05576],[-59.56754,-38.05573],[-59.56843,-38.05597],[-59.56913,-38.05579],[-59.56991,-38.05572],[-59.57048,-38.05523],[-59.57087,-38.0551],[-59.57262,-38.05457],[-59.57481,-38.0542],[-59.57605,-38.05387],[-59.57666,-38.05362],[-59.57689,-38.05329],[-59.57718,-38.05285],[-59.57771,-38.05255],[-59.57837,-38.05242],[-59.57969,-38.05241],[-59.58082,-38.05249],[-59.58194,-38.0525],[-59.58294,-38.05231],[-59.58337,-38.05199],[-59.58351,-38.05148],[-59.58464,-38.0508],[-59.58565,-38.05023],[-59.58646,-38.04986],[-59.58715,-38.04923],[-59.58761,-38.04894],[-59.58907,-38.04831],[-59.5902,-38.04779],[-59.59138,-38.04752],[-59.59254,-38.04708],[-59.59329,-38.04693],[-59.59387,-38.0466],[-59.59442,-38.04629],[-59.59502,-38.04618],[-59.59574,-38.04624],[-59.59667,-38.04657],[-59.5977,-38.04665],[-59.59868,-38.04631],[-59.59982,-38.04621],[-59.60073,-38.04595],[-59.60187,-38.04582],[-59.60249,-38.04574],[-59.60383,-38.04478],[-59.60433,-38.04446],[-59.6052,-38.04417],[-59.60627,-38.04401],[-59.60707,-38.04386],[-59.60765,-38.04394],[-59.60821,-38.04423],[-59.60855,-38.0442],[-59.60905,-38.04371],[-59.60995,-38.04374],[-59.61033,-38.04395],[-59.61068,-38.04442],[-59.611,-38.04471],[-59.61168,-38.04474],[-59.61213,-38.04482],[-59.61293,-38.04529],[-59.61344,-38.04535],[-59.61426,-38.0452],[-59.6152,-38.04466],[-59.61617,-38.0445],[-59.61705,-38.04418],[-59.61761,-38.04414],[-59.61829,-38.0443],[-59.61898,-38.04444],[-59.61965,-38.04435],[-59.62025,-38.04426],[-59.6211,-38.04444],[-59.62165,-38.04438],[-59.62234,-38.04409],[-59.62376,-38.04318],[-59.62439,-38.04291],[-59.62566,-38.0428],[-59.62698,-38.04178],[-59.62816,-38.04089],[-59.62861,-38.04062],[-59.62935,-38.0405],[-59.62964,-38.04018],[-59.62981,-38.03961],[-59.63,-38.03906],[-59.63044,-38.03862],[-59.63076,-38.03805],[-59.63081,-38.03762],[-59.63069,-38.03717],[-59.63016,-38.03669],[-59.6301,-38.03634],[-59.63022,-38.036],[-59.63144,-38.03514],[-59.63198,-38.03471],[-59.63285,-38.03437],[-59.63342,-38.03388],[-59.63381,-38.03347],[-59.63386,-38.03306],[-59.6337,-38.03213],[-59.63303,-38.03103],[-59.63275,-38.03035],[-59.63247,-38.03002],[-59.63183,-38.02973],[-59.63161,-38.02922],[-59.63182,-38.02896],[-59.63227,-38.02875],[-59.63309,-38.02862],[-59.6348,-38.0283],[-59.63554,-38.02787],[-59.6363,-38.02724],[-59.63701,-38.02671],[-59.63797,-38.02623],[-59.63873,-38.02603],[-59.63942,-38.02591],[-59.64001,-38.02572],[-59.64037,-38.02555],[-59.64059,-38.02527],[-59.64078,-38.02499],[-59.64161,-38.02451],[-59.6421,-38.02429],[-59.64256,-38.02418],[-59.64281,-38.02407],[-59.64299,-38.02389],[-59.64339,-38.02362],[-59.64386,-38.02344],[-59.64426,-38.02347],[-59.64483,-38.02365],[-59.64515,-38.02359],[-59.64546,-38.02335],[-59.64582,-38.02308],[-59.6462,-38.02291],[-59.64667,-38.02291],[-59.6473,-38.02304],[-59.64777,-38.02307],[-59.64852,-38.02295],[-59.64905,-38.0228],[-59.64976,-38.02248],[-59.64976,-38.02189],[-59.64045,-38.01679],[-59.6192,-38.0052],[-59.60335,-37.99649],[-59.60317,-37.99643],[-59.60295,-37.99642],[-59.60275,-37.99644],[-59.58411,-37.98003],[-59.5738,-37.97095],[-59.5693,-37.96699],[-59.5565,-37.95573],[-59.5563,-37.95567],[-59.54596,-37.94656],[-59.54625,-37.94624],[-59.5467,-37.94586],[-59.547,-37.94554],[-59.54744,-37.9447],[-59.54776,-37.94428],[-59.54871,-37.94373],[-59.54901,-37.94344],[-59.54912,-37.94304],[-59.54925,-37.94272],[-59.54965,-37.94238],[-59.55058,-37.9417],[-59.55104,-37.94112],[-59.55202,-37.94024],[-59.55273,-37.93947],[-59.55464,-37.93781],[-59.55523,-37.93688],[-59.55546,-37.93662],[-59.55561,-37.9362],[-59.55581,-37.93576],[-59.55625,-37.93533],[-59.55738,-37.93468],[-59.55768,-37.9344],[-59.55791,-37.93423],[-59.55902,-37.93404],[-59.55937,-37.93402],[-59.56006,-37.93351],[-59.56024,-37.93306],[-59.56019,-37.9326],[-59.56019,-37.93257],[-59.55999,-37.9322],[-59.55982,-37.93193],[-59.5595,-37.93056],[-59.55939,-37.93017],[-59.55917,-37.92952],[-59.55896,-37.92929],[-59.55804,-37.92779],[-59.5575,-37.92739],[-59.55729,-37.92704],[-59.55658,-37.92659],[-59.55598,-37.92602],[-59.55538,-37.92576],[-59.55464,-37.9256],[-59.55407,-37.92551],[-59.5534,-37.92512],[-59.5521,-37.92451],[-59.55193,-37.92435],[-59.55144,-37.92418],[-59.55136,-37.92391],[-59.5516,-37.92363],[-59.55149,-37.92341],[-59.55104,-37.92329],[-59.55034,-37.92323],[-59.54981,-37.92321],[-59.54935,-37.92295],[-59.54916,-37.92257],[-59.54916,-37.92185],[-59.54903,-37.92152],[-59.54826,-37.9211],[-59.5475,-37.92076],[-59.54679,-37.92026],[-59.54623,-37.92012],[-59.54565,-37.91981],[-59.54518,-37.91974],[-59.54459,-37.91949],[-59.5443,-37.91921],[-59.54419,-37.91873],[-59.54449,-37.91796],[-59.54459,-37.91753],[-59.54453,-37.91716],[-59.54454,-37.91684],[-59.54469,-37.9165],[-59.545,-37.91595],[-59.54501,-37.91554],[-59.54481,-37.91527],[-59.54448,-37.91478],[-59.54421,-37.9141],[-59.52365,-37.92303],[-59.50517,-37.93107],[-59.49734,-37.93448],[-59.49662,-37.93482],[-59.49592,-37.93521],[-59.49529,-37.93561],[-59.49451,-37.93616],[-59.48628,-37.94262],[-59.4755,-37.95114],[-59.44857,-37.9723],[-59.44862,-37.97244],[-59.46262,-37.98419],[-59.47187,-37.99198]]]]}},{"type":"Feature","properties":{"radio":"065810706","tipo":"Rural","poblacion":81,"hogares":29,"pct_nbi":6.9,"pct_hacinamiento":3.4,"pct_sin_agua_red":96.6,"pct_sin_cloaca":93.1,"pct_garrafa_lena":75.9,"pct_solo_salud_publica":39.5,"pct_0a17":17.3,"pct_70ymas":6.2,"nbi":"5 a 10 %"},"geometry":{"type":"MultiPolygon","coordinates":[[[[-59.26395,-37.99515],[-59.26395,-37.99515],[-59.26547,-37.99536],[-59.26684,-37.99554],[-59.2682,-37.99572],[-59.26796,-37.99674],[-59.26931,-37.99692],[-59.26909,-37.998],[-59.27034,-37.99816],[-59.27325,-37.99854],[-59.27276,-38.00063],[-59.27225,-38.00281],[-59.27202,-38.00389],[-59.2718,-38.00493],[-59.2718,-38.00493],[-59.27157,-38.00598],[-59.27134,-38.00713],[-59.27112,-38.00824],[-59.27089,-38.00927],[-59.27041,-38.01142],[-59.27017,-38.01251],[-59.26994,-38.01356],[-59.26946,-38.01572],[-59.26922,-38.01676],[-59.26901,-38.01779],[-59.27237,-38.0183],[-59.27195,-38.02044],[-59.26856,-38.01994],[-59.26841,-38.01992],[-59.26578,-38.01957],[-59.26309,-38.01922],[-59.26048,-38.01888],[-59.25913,-38.01871],[-59.25864,-38.01865],[-59.25833,-38.01861],[-59.25598,-38.0183],[-59.25334,-38.01794],[-59.25061,-38.01757],[-59.24788,-38.01721],[-59.24834,-38.01503],[-59.24879,-38.01296],[-59.24928,-38.01076],[-59.24971,-38.00868],[-59.25061,-38.00437],[-59.25106,-38.00223],[-59.25128,-38.00111],[-59.2515,-38.00006],[-59.25243,-37.99581],[-59.25335,-37.99149],[-59.24325,-37.99016],[-59.24143,-37.99871],[-59.23869,-38.01156],[-59.23611,-38.0238],[-59.24007,-38.02431],[-59.24957,-38.02566],[-59.25747,-38.02663],[-59.27542,-38.02905],[-59.27377,-38.03694],[-59.29185,-38.0393],[-59.31176,-38.04191],[-59.30926,-38.05394],[-59.31929,-38.05531],[-59.33585,-38.05744],[-59.3283,-38.06217],[-59.34509,-38.06438],[-59.35862,-38.06616],[-59.35496,-38.08354],[-59.35339,-38.08383],[-59.35315,-38.08394],[-59.35299,-38.08417],[-59.35284,-38.08443],[-59.35245,-38.08454],[-59.35219,-38.08447],[-59.35189,-38.08435],[-59.35147,-38.08435],[-59.35088,-38.08454],[-59.35035,-38.08478],[-59.35002,-38.08506],[-59.34948,-38.08527],[-59.34886,-38.08567],[-59.34775,-38.0862],[-59.34744,-38.0865],[-59.34696,-38.08665],[-59.34648,-38.0867],[-59.34599,-38.08659],[-59.34552,-38.08659],[-59.34483,-38.08675],[-59.34411,-38.08706],[-59.34372,-38.08736],[-59.3435,-38.08758],[-59.34316,-38.08777],[-59.34319,-38.08805],[-59.34311,-38.08819],[-59.34219,-38.08868],[-59.34189,-38.08869],[-59.34149,-38.08909],[-59.34132,-38.08937],[-59.34096,-38.08955],[-59.33991,-38.08985],[-59.33912,-38.0898],[-59.33736,-38.09009],[-59.33644,-38.09044],[-59.33551,-38.09058],[-59.33506,-38.09071],[-59.33426,-38.09088],[-59.33296,-38.09113],[-59.33245,-38.09131],[-59.33175,-38.0919],[-59.33126,-38.09226],[-59.3309,-38.09236],[-59.33046,-38.09248],[-59.33014,-38.09273],[-59.32991,-38.09317],[-59.32969,-38.09377],[-59.32952,-38.09424],[-59.32874,-38.09533],[-59.32825,-38.09588],[-59.32801,-38.0961],[-59.32781,-38.09623],[-59.32763,-38.09618],[-59.32736,-38.09611],[-59.32707,-38.09619],[-59.32646,-38.09663],[-59.32591,-38.09708],[-59.32534,-38.0975],[-59.32489,-38.09813],[-59.32495,-38.09837],[-59.32509,-38.09858],[-59.32438,-38.09952],[-59.32357,-38.10088],[-59.32301,-38.10161],[-59.32294,-38.10182],[-59.32306,-38.10223],[-59.32293,-38.10292],[-59.32239,-38.10373],[-59.32226,-38.10442],[-59.32189,-38.10523],[-59.32129,-38.10596],[-59.32107,-38.10697],[-59.32076,-38.10731],[-59.32025,-38.10755],[-59.31959,-38.10776],[-59.31877,-38.10804],[-59.31787,-38.10853],[-59.31693,-38.10918],[-59.31675,-38.10946],[-59.31583,-38.11025],[-59.31554,-38.1108],[-59.31506,-38.11128],[-59.31458,-38.11194],[-59.31325,-38.11337],[-59.31283,-38.11399],[-59.31279,-38.11435],[-59.31278,-38.11587],[-59.31255,-38.11632],[-59.31254,-38.11672],[-59.31278,-38.11748],[-59.31311,-38.118],[-59.31337,-38.11876],[-59.31373,-38.11927],[-59.31398,-38.11973],[-59.31396,-38.12015],[-59.31315,-38.12118],[-59.31205,-38.1223],[-59.3117,-38.12239],[-59.31097,-38.12236],[-59.31037,-38.1224],[-59.30986,-38.12259],[-59.3095,-38.1229],[-59.30932,-38.12339],[-59.30923,-38.12397],[-59.30942,-38.12425],[-59.30971,-38.12439],[-59.31018,-38.12459],[-59.31044,-38.12481],[-59.31052,-38.12506],[-59.31024,-38.12566],[-59.31003,-38.12627],[-59.30925,-38.12772],[-59.30914,-38.1282],[-59.30861,-38.12949],[-59.30834,-38.13029],[-59.30811,-38.13078],[-59.30796,-38.13131],[-59.30656,-38.13347],[-59.30706,-38.13347],[-59.30782,-38.13339],[-59.30831,-38.13328],[-59.30957,-38.13269],[-59.31028,-38.13217],[-59.31072,-38.13194],[-59.31141,-38.13188],[-59.31196,-38.13192],[-59.31251,-38.13195],[-59.31311,-38.13169],[-59.31365,-38.13116],[-59.31431,-38.13057],[-59.31518,-38.13021],[-59.31572,-38.12994],[-59.31616,-38.1292],[-59.31663,-38.12875],[-59.31763,-38.12833],[-59.31866,-38.12796],[-59.31981,-38.12756],[-59.32122,-38.12701],[-59.32218,-38.1268],[-59.32306,-38.12646],[-59.32385,-38.12611],[-59.32502,-38.12556],[-59.32601,-38.12521],[-59.32719,-38.12507],[-59.32814,-38.12512],[-59.32889,-38.12537],[-59.32976,-38.12587],[-59.33045,-38.12599],[-59.33082,-38.1258],[-59.33118,-38.12545],[-59.33198,-38.1251],[-59.33351,-38.12459],[-59.33352,-38.12458],[-59.33473,-38.12388],[-59.33522,-38.12347],[-59.33557,-38.12342],[-59.3361,-38.12353],[-59.33725,-38.1233],[-59.33861,-38.12293],[-59.33942,-38.12273],[-59.34097,-38.1221],[-59.34164,-38.12178],[-59.34276,-38.12069],[-59.34381,-38.12028],[-59.34481,-38.12018],[-59.34597,-38.12005],[-59.3471,-38.11961],[-59.34807,-38.11894],[-59.3487,-38.11832],[-59.34918,-38.11817],[-59.35026,-38.11803],[-59.35132,-38.11788],[-59.35171,-38.11784],[-59.35213,-38.11757],[-59.35208,-38.11669],[-59.35227,-38.11629],[-59.35218,-38.11598],[-59.3523,-38.1155],[-59.35224,-38.11509],[-59.35255,-38.11479],[-59.35359,-38.11438],[-59.35461,-38.11413],[-59.35529,-38.11416],[-59.35604,-38.1143],[-59.35702,-38.11461],[-59.35768,-38.11469],[-59.35874,-38.11453],[-59.35964,-38.11443],[-59.36067,-38.11439],[-59.36179,-38.11415],[-59.36224,-38.11409],[-59.36447,-38.11433],[-59.36581,-38.11428],[-59.36656,-38.11432],[-59.36691,-38.11456],[-59.36753,-38.11471],[-59.36873,-38.11457],[-59.36935,-38.11422],[-59.36975,-38.11398],[-59.37053,-38.11391],[-59.37106,-38.11391],[-59.37207,-38.11426],[-59.37265,-38.11423],[-59.37379,-38.11385],[-59.37495,-38.11356],[-59.37626,-38.11349],[-59.37739,-38.11332],[-59.37985,-38.11294],[-59.38088,-38.11297],[-59.38335,-38.11263],[-59.38471,-38.11246],[-59.38581,-38.11224],[-59.38661,-38.11227],[-59.38901,-38.11275],[-59.39177,-38.11336],[-59.39367,-38.11379],[-59.39648,-38.11413],[-59.39822,-38.11414],[-59.39915,-38.11391],[-59.39967,-38.11377],[-59.40062,-38.11394],[-59.40135,-38.11421],[-59.40269,-38.11448],[-59.40519,-38.11487],[-59.40571,-38.11473],[-59.40634,-38.11467],[-59.40696,-38.11495],[-59.40738,-38.11502],[-59.40899,-38.11497],[-59.40981,-38.11484],[-59.41033,-38.11462],[-59.41081,-38.11444],[-59.41191,-38.11444],[-59.41268,-38.11411],[-59.41375,-38.11389],[-59.41487,-38.11381],[-59.41492,-38.11381],[-59.41579,-38.11367],[-59.4164,-38.11346],[-59.41676,-38.11319],[-59.41688,-38.11279],[-59.41715,-38.11226],[-59.41762,-38.11183],[-59.41813,-38.1115],[-59.41879,-38.11125],[-59.41962,-38.11126],[-59.4202,-38.11114],[-59.42064,-38.11098],[-59.42055,-38.11071],[-59.42087,-38.11043],[-59.42134,-38.11001],[-59.42211,-38.10958],[-59.42296,-38.10909],[-59.42394,-38.10853],[-59.42514,-38.10804],[-59.4257,-38.10766],[-59.42631,-38.1072],[-59.42712,-38.10699],[-59.42777,-38.10678],[-59.42848,-38.10673],[-59.42899,-38.10669],[-59.42933,-38.10651],[-59.42967,-38.10629],[-59.43026,-38.10569],[-59.43057,-38.10547],[-59.43093,-38.10537],[-59.43128,-38.10544],[-59.43158,-38.10553],[-59.43185,-38.10541],[-59.43254,-38.105],[-59.43314,-38.1046],[-59.43357,-38.10429],[-59.42857,-38.09604],[-59.4206,-38.08302],[-59.4197,-38.08152],[-59.41444,-38.07286],[-59.40891,-38.06375],[-59.40743,-38.06126],[-59.40798,-38.06127],[-59.4087,-38.06095],[-59.40907,-38.06079],[-59.40963,-38.06072],[-59.41018,-38.06073],[-59.41089,-38.06064],[-59.41166,-38.06048],[-59.41219,-38.0604],[-59.41269,-38.06018],[-59.41349,-38.05989],[-59.41404,-38.05957],[-59.41458,-38.0592],[-59.41511,-38.05907],[-59.41575,-38.05878],[-59.41635,-38.05891],[-59.41679,-38.05881],[-59.41723,-38.0588],[-59.41802,-38.05849],[-59.41893,-38.05794],[-59.41937,-38.0577],[-59.42044,-38.05738],[-59.42159,-38.05691],[-59.42223,-38.05676],[-59.42247,-38.05658],[-59.42308,-38.05627],[-59.42408,-38.05591],[-59.42446,-38.05575],[-59.42546,-38.05515],[-59.42615,-38.05505],[-59.42664,-38.05495],[-59.42831,-38.0549],[-59.4288,-38.05502],[-59.42964,-38.05506],[-59.43005,-38.05502],[-59.43127,-38.0547],[-59.43238,-38.05432],[-59.4327,-38.05407],[-59.43295,-38.05375],[-59.43326,-38.0535],[-59.43422,-38.05322],[-59.43446,-38.05311],[-59.43459,-38.05287],[-59.43496,-38.05254],[-59.43532,-38.05241],[-59.4356,-38.05241],[-59.43601,-38.05256],[-59.43636,-38.0527],[-59.4367,-38.05269],[-59.43699,-38.05266],[-59.43741,-38.05276],[-59.4377,-38.0529],[-59.4385,-38.0536],[-59.43917,-38.05411],[-59.43936,-38.05417],[-59.44001,-38.05413],[-59.44019,-38.05425],[-59.44061,-38.05436],[-59.44096,-38.05455],[-59.44185,-38.05479],[-59.44256,-38.05517],[-59.44293,-38.05508],[-59.44328,-38.055],[-59.44373,-38.05521],[-59.44412,-38.0554],[-59.44452,-38.05586],[-59.44499,-38.05604],[-59.44551,-38.0561],[-59.44592,-38.0563],[-59.4464,-38.05624],[-59.44663,-38.05622],[-59.44692,-38.05635],[-59.44746,-38.05667],[-59.44797,-38.05704],[-59.44877,-38.05738],[-59.44923,-38.05778],[-59.44984,-38.05808],[-59.45041,-38.05835],[-59.45086,-38.05844],[-59.45115,-38.05863],[-59.45147,-38.05883],[-59.45184,-38.0589],[-59.45293,-38.05911],[-59.45373,-38.0593],[-59.45423,-38.05951],[-59.45487,-38.05962],[-59.45541,-38.05968],[-59.45613,-38.05957],[-59.45639,-38.05958],[-59.45655,-38.05969],[-59.45666,-38.05998],[-59.4568,-38.06045],[-59.457,-38.06065],[-59.45726,-38.0608],[-59.45781,-38.06128],[-59.45798,-38.06155],[-59.45843,-38.06192],[-59.4587,-38.06203],[-59.45898,-38.062],[-59.45919,-38.06179],[-59.45954,-38.06163],[-59.45986,-38.0614],[-59.46017,-38.06101],[-59.46163,-38.05956],[-59.46252,-38.05888],[-59.46332,-38.05837],[-59.46379,-38.05799],[-59.4642,-38.05753],[-59.46438,-38.05699],[-59.46453,-38.05672],[-59.46477,-38.0566],[-59.46484,-38.05642],[-59.46514,-38.05611],[-59.4656,-38.05591],[-59.46621,-38.05567],[-59.46669,-38.05557],[-59.46777,-38.05555],[-59.46816,-38.05552],[-59.46982,-38.05508],[-59.47005,-38.05497],[-59.47096,-38.05489],[-59.47123,-38.0548],[-59.47163,-38.05448],[-59.47259,-38.05416],[-59.47308,-38.05396],[-59.47387,-38.05336],[-59.47509,-38.05276],[-59.47631,-38.05214],[-59.47651,-38.05197],[-59.47736,-38.05146],[-59.47802,-38.0511],[-59.4785,-38.05097],[-59.47891,-38.0509],[-59.47938,-38.0506],[-59.47953,-38.0504],[-59.47963,-38.04984],[-59.47989,-38.04943],[-59.47999,-38.0491],[-59.48068,-38.04871],[-59.48148,-38.04823],[-59.4821,-38.04801],[-59.48253,-38.04774],[-59.48349,-38.04751],[-59.48407,-38.04741],[-59.48427,-38.04712],[-59.48451,-38.04671],[-59.48472,-38.04653],[-59.48663,-38.04562],[-59.48747,-38.04538],[-59.48762,-38.04529],[-59.48779,-38.04511],[-59.48803,-38.04475],[-59.48826,-38.04454],[-59.48887,-38.04424],[-59.48944,-38.04386],[-59.48973,-38.04382],[-59.48999,-38.04385],[-59.49036,-38.04398],[-59.49065,-38.04402],[-59.49115,-38.04391],[-59.49135,-38.04391],[-59.4922,-38.04432],[-59.49306,-38.04455],[-59.49337,-38.04485],[-59.49365,-38.04491],[-59.49406,-38.04485],[-59.49436,-38.04467],[-59.4945,-38.04443],[-59.49448,-38.04412],[-59.49447,-38.04385],[-59.49468,-38.04357],[-59.49496,-38.04332],[-59.49565,-38.04229],[-59.49598,-38.04183],[-59.49621,-38.04164],[-59.49701,-38.04095],[-59.49752,-38.04031],[-59.49773,-38.04007],[-59.49802,-38.03998],[-59.49857,-38.03963],[-59.49906,-38.03955],[-59.49958,-38.03936],[-59.4996,-38.03921],[-59.49919,-38.03882],[-59.49909,-38.03858],[-59.4992,-38.03828],[-59.49976,-38.03772],[-59.50019,-38.03715],[-59.48222,-38.03487],[-59.46797,-38.03297],[-59.46471,-38.03257],[-59.4645,-38.03269],[-59.46436,-38.03291],[-59.46413,-38.03334],[-59.46396,-38.03353],[-59.46372,-38.03353],[-59.46298,-38.03336],[-59.46267,-38.03316],[-59.46242,-38.03292],[-59.46227,-38.03264],[-59.46216,-38.03236],[-59.46192,-38.03224],[-59.44106,-38.02955],[-59.43064,-38.02818],[-59.4111,-38.02566],[-59.3896,-38.02283],[-59.38296,-38.02197],[-59.38193,-38.02163],[-59.37227,-38.02035],[-59.34593,-38.01695],[-59.32784,-38.01455],[-59.31765,-38.01321],[-59.3216,-37.9945],[-59.32367,-37.98457],[-59.32704,-37.96876],[-59.3155,-37.96728],[-59.29525,-37.9646],[-59.28511,-37.96325],[-59.27106,-37.96138],[-59.27041,-37.96452],[-59.26981,-37.96774],[-59.26943,-37.96928],[-59.26697,-37.98083],[-59.2644,-37.993],[-59.26395,-37.99515]]]]}},{"type":"Feature","properties":{"radio":"065810707","tipo":"Urbano","poblacion":421,"hogares":147,"pct_nbi":2.7,"pct_hacinamiento":8.8,"pct_sin_agua_red":28.6,"pct_sin_cloaca":95.9,"pct_garrafa_lena":38.1,"pct_solo_salud_publica":52.5,"pct_0a17":26.4,"pct_70ymas":10.5,"nbi":"2,5 a 5 %"},"geometry":{"type":"MultiPolygon","coordinates":[[[[-59.25243,-37.99581],[-59.2515,-38.00006],[-59.25128,-38.00111],[-59.25106,-38.00223],[-59.25061,-38.00437],[-59.24971,-38.00868],[-59.25106,-38.00886],[-59.25242,-38.00904],[-59.25512,-38.00939],[-59.25645,-38.00956],[-59.25667,-38.00849],[-59.2569,-38.00744],[-59.25712,-38.00639],[-59.25736,-38.00527],[-59.25869,-38.00546],[-59.26005,-38.00564],[-59.26099,-38.00576],[-59.26104,-38.00583],[-59.2611,-38.0059],[-59.26117,-38.00596],[-59.26126,-38.006],[-59.26135,-38.00602],[-59.26147,-38.00603],[-59.26181,-38.00599],[-59.26182,-38.00593],[-59.26183,-38.00587],[-59.26185,-38.00582],[-59.26186,-38.00576],[-59.26208,-38.00475],[-59.26231,-38.00368],[-59.26253,-38.0026],[-59.26276,-38.00154],[-59.26276,-38.00154],[-59.26277,-38.00149],[-59.26275,-38.00142],[-59.26271,-38.00138],[-59.26261,-38.00135],[-59.26282,-38.00045],[-59.26306,-37.99941],[-59.26326,-37.99839],[-59.26348,-37.99727],[-59.26324,-37.99724],[-59.2629,-37.99719],[-59.26356,-37.99402],[-59.26226,-37.99386],[-59.26181,-37.99588],[-59.26147,-37.99544],[-59.26096,-37.99537],[-59.26044,-37.99567],[-59.26017,-37.9968],[-59.25788,-37.99651],[-59.25517,-37.99616],[-59.25243,-37.99581]]]]}},{"type":"Feature","properties":{"radio":"065810708","tipo":"Urbano","poblacion":587,"hogares":219,"pct_nbi":5.5,"pct_hacinamiento":4.6,"pct_sin_agua_red":11.0,"pct_sin_cloaca":96.8,"pct_garrafa_lena":17.4,"pct_solo_salud_publica":36.6,"pct_0a17":22.0,"pct_70ymas":10.9,"nbi":"5 a 10 %"},"geometry":{"type":"MultiPolygon","coordinates":[[[[-59.26372,-37.99618],[-59.26348,-37.99727],[-59.26326,-37.99839],[-59.26306,-37.99941],[-59.26282,-38.00045],[-59.26261,-38.00135],[-59.26271,-38.00138],[-59.26275,-38.00142],[-59.26277,-38.00149],[-59.26276,-38.00154],[-59.26276,-38.00154],[-59.26253,-38.0026],[-59.26388,-38.00278],[-59.26522,-38.00296],[-59.26658,-38.00315],[-59.26789,-38.00332],[-59.26928,-38.00351],[-59.27067,-38.0037],[-59.27202,-38.00389],[-59.27225,-38.00281],[-59.27276,-38.00063],[-59.27325,-37.99854],[-59.27034,-37.99816],[-59.26909,-37.998],[-59.26931,-37.99692],[-59.26796,-37.99674],[-59.2682,-37.99572],[-59.26684,-37.99554],[-59.26547,-37.99536],[-59.26395,-37.99515],[-59.26395,-37.99515],[-59.26372,-37.99618]]]]}},{"type":"Feature","properties":{"radio":"065810709","tipo":"Urbano","poblacion":569,"hogares":236,"pct_nbi":1.3,"pct_hacinamiento":4.7,"pct_sin_agua_red":5.1,"pct_sin_cloaca":96.2,"pct_garrafa_lena":16.1,"pct_solo_salud_publica":26.9,"pct_0a17":21.1,"pct_70ymas":16.5,"nbi":"Menos de 2,5 %"},"geometry":{"type":"MultiPolygon","coordinates":[[[[-59.26095,-38.01017],[-59.26227,-38.01035],[-59.26363,-38.01053],[-59.26498,-38.01071],[-59.26632,-38.01089],[-59.26768,-38.01107],[-59.26905,-38.01124],[-59.27041,-38.01142],[-59.27089,-38.00927],[-59.27112,-38.00824],[-59.26974,-38.00805],[-59.26836,-38.00786],[-59.26699,-38.00768],[-59.26565,-38.00751],[-59.2643,-38.00733],[-59.26452,-38.00632],[-59.26318,-38.00614],[-59.26181,-38.00599],[-59.2616,-38.00697],[-59.26138,-38.00804],[-59.26116,-38.00912],[-59.26095,-38.01017]]]]}},{"type":"Feature","properties":{"radio":"065810710","tipo":"Urbano","poblacion":154,"hogares":60,"pct_nbi":5.0,"pct_hacinamiento":5.0,"pct_sin_agua_red":13.3,"pct_sin_cloaca":95.0,"pct_garrafa_lena":25.0,"pct_solo_salud_publica":40.9,"pct_0a17":26.6,"pct_70ymas":13.6,"nbi":"5 a 10 %"},"geometry":{"type":"MultiPolygon","coordinates":[[[[-59.26721,-38.0132],[-59.26994,-38.01356],[-59.27017,-38.01251],[-59.27041,-38.01142],[-59.26905,-38.01124],[-59.26768,-38.01107],[-59.26632,-38.01089],[-59.26498,-38.01071],[-59.26363,-38.01053],[-59.26227,-38.01035],[-59.26095,-38.01017],[-59.26092,-38.01033],[-59.26072,-38.01125],[-59.26049,-38.01231],[-59.26182,-38.01249],[-59.26317,-38.01265],[-59.26452,-38.01285],[-59.26721,-38.0132]]]]}},{"type":"Feature","properties":{"radio":"065810711","tipo":"Urbano","poblacion":145,"hogares":63,"pct_nbi":1.6,"pct_hacinamiento":4.8,"pct_sin_agua_red":7.9,"pct_sin_cloaca":93.7,"pct_garrafa_lena":11.1,"pct_solo_salud_publica":31.0,"pct_0a17":20.7,"pct_70ymas":13.8,"nbi":"Menos de 2,5 %"},"geometry":{"type":"MultiPolygon","coordinates":[[[[-59.26856,-38.01994],[-59.27195,-38.02044],[-59.27237,-38.0183],[-59.26901,-38.01779],[-59.26922,-38.01676],[-59.26946,-38.01572],[-59.26994,-38.01356],[-59.26721,-38.0132],[-59.26452,-38.01285],[-59.26317,-38.01265],[-59.26182,-38.01249],[-59.26049,-38.01231],[-59.26026,-38.01337],[-59.26004,-38.01444],[-59.25958,-38.01656],[-59.25936,-38.01764],[-59.25913,-38.01871],[-59.26048,-38.01888],[-59.26309,-38.01922],[-59.26578,-38.01957],[-59.26841,-38.01992],[-59.26856,-38.01994]]]]}},{"type":"Feature","properties":{"radio":"065810712","tipo":"Urbano","poblacion":224,"hogares":78,"pct_nbi":3.8,"pct_hacinamiento":7.7,"pct_sin_agua_red":23.1,"pct_sin_cloaca":94.9,"pct_garrafa_lena":42.3,"pct_solo_salud_publica":42.4,"pct_0a17":33.9,"pct_70ymas":8.5,"nbi":"2,5 a 5 %"},"geometry":{"type":"MultiPolygon","coordinates":[[[[-59.24971,-38.00868],[-59.24928,-38.01076],[-59.24879,-38.01296],[-59.24834,-38.01503],[-59.24788,-38.01721],[-59.25061,-38.01757],[-59.25334,-38.01794],[-59.25598,-38.0183],[-59.25833,-38.01861],[-59.25864,-38.01865],[-59.25913,-38.01871],[-59.25936,-38.01764],[-59.25958,-38.01656],[-59.26004,-38.01444],[-59.26026,-38.01337],[-59.26049,-38.01231],[-59.26072,-38.01125],[-59.26092,-38.01033],[-59.26095,-38.01017],[-59.26116,-38.00912],[-59.26138,-38.00804],[-59.2616,-38.00697],[-59.26181,-38.00599],[-59.26147,-38.00603],[-59.26135,-38.00602],[-59.26126,-38.006],[-59.26117,-38.00596],[-59.2611,-38.0059],[-59.26104,-38.00583],[-59.26099,-38.00576],[-59.26005,-38.00564],[-59.25869,-38.00546],[-59.25736,-38.00527],[-59.25712,-38.00639],[-59.2569,-38.00744],[-59.25667,-38.00849],[-59.25645,-38.00956],[-59.25512,-38.00939],[-59.25242,-38.00904],[-59.25106,-38.00886],[-59.24971,-38.00868]]]]}},{"type":"Feature","properties":{"radio":"065810713","tipo":"Urbano","poblacion":341,"hogares":127,"pct_nbi":3.1,"pct_hacinamiento":3.9,"pct_sin_agua_red":7.9,"pct_sin_cloaca":94.5,"pct_garrafa_lena":88.2,"pct_solo_salud_publica":42.5,"pct_0a17":22.6,"pct_70ymas":9.4,"nbi":"2,5 a 5 %"},"geometry":{"type":"MultiPolygon","coordinates":[[[[-59.28717,-37.88568],[-59.28721,-37.88579],[-59.28686,-37.88573],[-59.28654,-37.88569],[-59.28582,-37.88557],[-59.28571,-37.88556],[-59.28563,-37.88558],[-59.28556,-37.88562],[-59.28552,-37.88568],[-59.28547,-37.88587],[-59.28541,-37.88611],[-59.28514,-37.88723],[-59.28471,-37.88922],[-59.28361,-37.89451],[-59.28475,-37.89461],[-59.28491,-37.89463],[-59.28534,-37.89466],[-59.28547,-37.89409],[-59.28553,-37.89381],[-59.28576,-37.89274],[-59.28592,-37.89201],[-59.28605,-37.89143],[-59.28632,-37.89025],[-59.28642,-37.89018],[-59.28735,-37.89098],[-59.28828,-37.89178],[-59.2892,-37.89257],[-59.28956,-37.89288],[-59.29014,-37.89335],[-59.29108,-37.89413],[-59.29199,-37.89491],[-59.2929,-37.89571],[-59.29387,-37.89653],[-59.29557,-37.89795],[-59.29754,-37.89649],[-59.29956,-37.89498],[-59.29786,-37.89356],[-59.29684,-37.8927],[-59.29632,-37.89225],[-59.29595,-37.89194],[-59.29503,-37.89118],[-59.29446,-37.89071],[-59.29414,-37.89043],[-59.29318,-37.88962],[-59.29228,-37.88885],[-59.29135,-37.88806],[-59.29041,-37.88727],[-59.28948,-37.88649],[-59.28895,-37.88605],[-59.28855,-37.8857],[-59.28762,-37.88491],[-59.28724,-37.88521],[-59.28719,-37.88543],[-59.28717,-37.88568]]]]}},{"type":"Feature","properties":{"radio":"065810714","tipo":"Urbano","poblacion":227,"hogares":96,"pct_nbi":4.2,"pct_hacinamiento":3.1,"pct_sin_agua_red":31.2,"pct_sin_cloaca":94.8,"pct_garrafa_lena":95.8,"pct_solo_salud_publica":48.0,"pct_0a17":24.2,"pct_70ymas":9.7,"nbi":"2,5 a 5 %"},"geometry":{"type":"MultiPolygon","coordinates":[[[[-59.28547,-37.89409],[-59.28534,-37.89466],[-59.28491,-37.89463],[-59.28475,-37.89461],[-59.28353,-37.90022],[-59.28362,-37.9003],[-59.28396,-37.90058],[-59.28415,-37.90073],[-59.28418,-37.90075],[-59.28483,-37.90127],[-59.28605,-37.90232],[-59.28691,-37.90305],[-59.28777,-37.90377],[-59.28963,-37.9024],[-59.29127,-37.90381],[-59.29324,-37.9023],[-59.29163,-37.90094],[-59.2936,-37.89947],[-59.29517,-37.90086],[-59.29618,-37.90011],[-59.29718,-37.89937],[-59.29557,-37.89795],[-59.29387,-37.89653],[-59.2929,-37.89571],[-59.29199,-37.89491],[-59.29108,-37.89413],[-59.29014,-37.89335],[-59.28956,-37.89288],[-59.2892,-37.89257],[-59.28828,-37.89178],[-59.28735,-37.89098],[-59.28642,-37.89018],[-59.28632,-37.89025],[-59.28605,-37.89143],[-59.28592,-37.89201],[-59.28576,-37.89274],[-59.28553,-37.89381],[-59.28547,-37.89409]]]]}},{"type":"Feature","properties":{"radio":"065810715","tipo":"Urbano","poblacion":721,"hogares":282,"pct_nbi":3.2,"pct_hacinamiento":2.5,"pct_sin_agua_red":7.4,"pct_sin_cloaca":92.2,"pct_garrafa_lena":12.1,"pct_solo_salud_publica":33.7,"pct_0a17":24.8,"pct_70ymas":13.2,"nbi":"2,5 a 5 %"},"geometry":{"type":"MultiPolygon","coordinates":[[[[-59.26183,-38.00587],[-59.26182,-38.00593],[-59.26181,-38.00599],[-59.26318,-38.00614],[-59.26452,-38.00632],[-59.2643,-38.00733],[-59.26565,-38.00751],[-59.26699,-38.00768],[-59.26836,-38.00786],[-59.26974,-38.00805],[-59.27112,-38.00824],[-59.27134,-38.00713],[-59.27157,-38.00598],[-59.2718,-38.00493],[-59.2718,-38.00493],[-59.27202,-38.00389],[-59.27067,-38.0037],[-59.26928,-38.00351],[-59.26789,-38.00332],[-59.26658,-38.00315],[-59.26522,-38.00296],[-59.26388,-38.00278],[-59.26253,-38.0026],[-59.26231,-38.00368],[-59.26208,-38.00475],[-59.26186,-38.00576],[-59.26185,-38.00582],[-59.26183,-38.00587]]]]}},{"type":"Feature","properties":{"radio":"065810801","tipo":"Urbano","poblacion":579,"hogares":232,"pct_nbi":3.0,"pct_hacinamiento":6.0,"pct_sin_agua_red":2.2,"pct_sin_cloaca":92.7,"pct_garrafa_lena":29.3,"pct_solo_salud_publica":30.9,"pct_0a17":23.7,"pct_70ymas":13.0,"nbi":"2,5 a 5 %"},"geometry":{"type":"MultiPolygon","coordinates":[[[[-59.20624,-38.2946],[-59.20872,-38.29536],[-59.20968,-38.29338],[-59.21054,-38.29163],[-59.21072,-38.29126],[-59.2117,-38.28929],[-59.21272,-38.28722],[-59.21142,-38.28682],[-59.21018,-38.28644],[-59.20891,-38.28605],[-59.20891,-38.28605],[-59.20757,-38.28564],[-59.20806,-38.28465],[-59.20736,-38.28443],[-59.20674,-38.28425],[-59.20723,-38.28323],[-59.20594,-38.28284],[-59.20467,-38.28246],[-59.20465,-38.28245],[-59.20336,-38.28205],[-59.20286,-38.28307],[-59.20237,-38.28406],[-59.20187,-38.28507],[-59.20187,-38.28508],[-59.20137,-38.28607],[-59.20087,-38.28709],[-59.20035,-38.28813],[-59.20035,-38.28813],[-59.20035,-38.28814],[-59.19983,-38.28918],[-59.19933,-38.29021],[-59.19933,-38.29021],[-59.19882,-38.29126],[-59.19836,-38.29221],[-59.20098,-38.29301],[-59.2035,-38.29377],[-59.20624,-38.2946]]]]}},{"type":"Feature","properties":{"radio":"065810802","tipo":"Urbano","poblacion":504,"hogares":216,"pct_nbi":4.2,"pct_hacinamiento":3.2,"pct_sin_agua_red":0.5,"pct_sin_cloaca":90.3,"pct_garrafa_lena":11.6,"pct_solo_salud_publica":20.8,"pct_0a17":20.4,"pct_70ymas":14.3,"nbi":"2,5 a 5 %"},"geometry":{"type":"MultiPolygon","coordinates":[[[[-59.20101,-38.28365],[-59.20237,-38.28406],[-59.20286,-38.28307],[-59.20336,-38.28205],[-59.20385,-38.28105],[-59.20432,-38.28005],[-59.20297,-38.27964],[-59.20171,-38.27925],[-59.20171,-38.27925],[-59.20045,-38.27885],[-59.19912,-38.27844],[-59.19863,-38.27944],[-59.19813,-38.28046],[-59.19763,-38.28146],[-59.19715,-38.28245],[-59.19846,-38.28286],[-59.19972,-38.28326],[-59.20101,-38.28365]]]]}},{"type":"Feature","properties":{"radio":"065810803","tipo":"Rural","poblacion":47,"hogares":20,"pct_nbi":0.0,"pct_hacinamiento":0.0,"pct_sin_agua_red":85.0,"pct_sin_cloaca":100.0,"pct_garrafa_lena":60.0,"pct_solo_salud_publica":27.7,"pct_0a17":14.9,"pct_70ymas":12.8,"nbi":"Menos de 2,5 %"},"geometry":{"type":"MultiPolygon","coordinates":[[[[-59.16869,-37.93636],[-59.16831,-37.9365],[-59.16804,-37.93646],[-59.16707,-37.93688],[-59.16698,-37.9373],[-59.16674,-37.93773],[-59.16675,-37.93835],[-59.16668,-37.93892],[-59.1664,-37.93942],[-59.16571,-37.94006],[-59.16537,-37.94039],[-59.16486,-37.94055],[-59.16428,-37.94066],[-59.16376,-37.94115],[-59.16326,-37.94146],[-59.16274,-37.9416],[-59.16166,-37.94201],[-59.16104,-37.94202],[-59.16058,-37.94219],[-59.16013,-37.94245],[-59.15984,-37.94267],[-59.15938,-37.94281],[-59.15861,-37.94314],[-59.15818,-37.94319],[-59.15786,-37.94322],[-59.15732,-37.94354],[-59.15722,-37.94382],[-59.15706,-37.94428],[-59.15696,-37.94477],[-59.15663,-37.94495],[-59.1564,-37.94529],[-59.15645,-37.94547],[-59.15662,-37.94557],[-59.15665,-37.94588],[-59.15644,-37.94638],[-59.15644,-37.94677],[-59.15641,-37.94708],[-59.15619,-37.94746],[-59.15575,-37.94796],[-59.1551,-37.94875],[-59.15501,-37.94924],[-59.15474,-37.94975],[-59.15484,-37.94994],[-59.15528,-37.95042],[-59.15534,-37.95063],[-59.15529,-37.95088],[-59.15503,-37.95119],[-59.15498,-37.95172],[-59.15442,-37.95217],[-59.15418,-37.95267],[-59.15401,-37.95318],[-59.15356,-37.95382],[-59.15316,-37.95407],[-59.15253,-37.95431],[-59.15205,-37.95447],[-59.15152,-37.95473],[-59.15128,-37.95508],[-59.1507,-37.95575],[-59.15052,-37.95587],[-59.15018,-37.95595],[-59.14986,-37.95652],[-59.14982,-37.95678],[-59.14994,-37.95724],[-59.15002,-37.95754],[-59.14985,-37.95785],[-59.14929,-37.95854],[-59.1487,-37.95902],[-59.14857,-37.95917],[-59.14862,-37.95942],[-59.14899,-37.96002],[-59.14917,-37.96072],[-59.14919,-37.96111],[-59.14899,-37.96149],[-59.14879,-37.96169],[-59.14838,-37.96192],[-59.14785,-37.96218],[-59.14743,-37.9625],[-59.14725,-37.96284],[-59.14682,-37.96324],[-59.14621,-37.96346],[-59.14605,-37.96377],[-59.14582,-37.96417],[-59.14553,-37.96437],[-59.14515,-37.96451],[-59.14487,-37.96481],[-59.14453,-37.96518],[-59.14416,-37.96533],[-59.14377,-37.96546],[-59.14335,-37.96537],[-59.14279,-37.96537],[-59.14265,-37.96519],[-59.14262,-37.96495],[-59.14232,-37.96489],[-59.14166,-37.96484],[-59.14126,-37.96458],[-59.14101,-37.96456],[-59.14069,-37.96455],[-59.14037,-37.96434],[-59.14017,-37.96435],[-59.1399,-37.96445],[-59.13952,-37.96444],[-59.13913,-37.96457],[-59.13852,-37.96485],[-59.13791,-37.96514],[-59.13717,-37.96572],[-59.13669,-37.96594],[-59.13639,-37.96634],[-59.13634,-37.96665],[-59.13621,-37.96696],[-59.13583,-37.96716],[-59.13533,-37.96731],[-59.13435,-37.96749],[-59.13349,-37.96776],[-59.13233,-37.96821],[-59.1321,-37.96846],[-59.13186,-37.96909],[-59.1313,-37.96993],[-59.13099,-37.97055],[-59.13091,-37.97092],[-59.13085,-37.97119],[-59.1306,-37.97134],[-59.13029,-37.97146],[-59.12962,-37.97215],[-59.12925,-37.97237],[-59.1289,-37.97262],[-59.12879,-37.9729],[-59.12891,-37.97327],[-59.12882,-37.97352],[-59.1285,-37.97363],[-59.12762,-37.97397],[-59.12733,-37.97424],[-59.12735,-37.97466],[-59.12758,-37.9751],[-59.12761,-37.97537],[-59.12745,-37.9756],[-59.12697,-37.976],[-59.12672,-37.97621],[-59.12667,-37.97673],[-59.12667,-37.97708],[-59.12649,-37.97746],[-59.12625,-37.97806],[-59.1261,-37.9786],[-59.12619,-37.9793],[-59.12627,-37.98053],[-59.12625,-37.98104],[-59.12647,-37.98146],[-59.1264,-37.98178],[-59.12621,-37.98208],[-59.12617,-37.98231],[-59.12626,-37.98292],[-59.126,-37.9836],[-59.12592,-37.98424],[-59.12605,-37.98483],[-59.126,-37.98524],[-59.12618,-37.98578],[-59.12613,-37.98603],[-59.12591,-37.9862],[-59.12552,-37.98654],[-59.12529,-37.98705],[-59.12502,-37.98735],[-59.125,-37.98774],[-59.12513,-37.98816],[-59.12531,-37.98848],[-59.1256,-37.9887],[-59.12613,-37.98891],[-59.12637,-37.98914],[-59.12644,-37.98946],[-59.12623,-37.98976],[-59.12572,-37.9901],[-59.12549,-37.99055],[-59.12553,-37.99127],[-59.12555,-37.99196],[-59.12579,-37.99243],[-59.12604,-37.99304],[-59.12598,-37.99345],[-59.12542,-37.99394],[-59.12528,-37.99426],[-59.12539,-37.99465],[-59.12573,-37.99492],[-59.1258,-37.99521],[-59.12564,-37.99547],[-59.12522,-37.99566],[-59.12469,-37.99574],[-59.1244,-37.99593],[-59.12337,-37.99595],[-59.12249,-37.9958],[-59.12192,-37.99597],[-59.12198,-37.99625],[-59.12191,-37.99663],[-59.12153,-37.9968],[-59.12095,-37.99698],[-59.12044,-37.99729],[-59.11995,-37.99736],[-59.11953,-37.9977],[-59.11965,-37.99818],[-59.11963,-37.99859],[-59.11904,-37.99893],[-59.11783,-37.99929],[-59.11732,-37.99917],[-59.11669,-37.9992],[-59.11509,-37.9994],[-59.11357,-37.99957],[-59.11288,-37.99968],[-59.11251,-37.99989],[-59.1122,-38.0003],[-59.11216,-38.00056],[-59.11245,-38.00087],[-59.11294,-38.00118],[-59.11313,-38.00149],[-59.1131,-38.00177],[-59.1127,-38.00217],[-59.11197,-38.00318],[-59.11179,-38.00365],[-59.1117,-38.00426],[-59.11067,-38.00555],[-59.11038,-38.0059],[-59.10989,-38.00661],[-59.1094,-38.00687],[-59.10887,-38.00709],[-59.10822,-38.00763],[-59.10767,-38.00798],[-59.10696,-38.00814],[-59.10603,-38.00835],[-59.10543,-38.00866],[-59.10458,-38.0089],[-59.10388,-38.00896],[-59.10316,-38.00885],[-59.10266,-38.00897],[-59.10202,-38.00926],[-59.1011,-38.00934],[-59.09981,-38.00945],[-59.09909,-38.00961],[-59.09852,-38.00992],[-59.09816,-38.01048],[-59.09743,-38.01127],[-59.09684,-38.01186],[-59.09631,-38.01195],[-59.09581,-38.01195],[-59.09544,-38.01218],[-59.09518,-38.01279],[-59.09506,-38.01335],[-59.0951,-38.0138],[-59.09484,-38.0143],[-59.09432,-38.01446],[-59.09353,-38.01442],[-59.09245,-38.01407],[-59.09192,-38.01357],[-59.09107,-38.0134],[-59.09054,-38.01353],[-59.08988,-38.01373],[-59.08912,-38.01383],[-59.08864,-38.01382],[-59.08803,-38.01394],[-59.08757,-38.01432],[-59.08737,-38.01494],[-59.08692,-38.01528],[-59.08624,-38.01584],[-59.08576,-38.01641],[-59.08555,-38.01696],[-59.08566,-38.01733],[-59.08553,-38.01768],[-59.08492,-38.01833],[-59.08471,-38.01864],[-59.0848,-38.01934],[-59.08474,-38.01984],[-59.0845,-38.02009],[-59.08411,-38.02031],[-59.08356,-38.02046],[-59.08293,-38.02036],[-59.08228,-38.02022],[-59.08187,-38.02019],[-59.08123,-38.02013],[-59.08091,-38.02015],[-59.08206,-38.02107],[-59.09258,-38.02974],[-59.10315,-38.03856],[-59.10885,-38.04326],[-59.1229,-38.05484],[-59.12389,-38.05568],[-59.12948,-38.06026],[-59.13446,-38.06436],[-59.14605,-38.07389],[-59.15901,-38.08452],[-59.17082,-38.07723],[-59.19069,-38.06501],[-59.20083,-38.06636],[-59.21099,-38.06772],[-59.22621,-38.06975],[-59.24484,-38.07222],[-59.24499,-38.07217],[-59.24769,-38.0725],[-59.24724,-38.07474],[-59.24541,-38.08335],[-59.2431,-38.09399],[-59.2405,-38.10627],[-59.23807,-38.11779],[-59.23609,-38.12694],[-59.23578,-38.12839],[-59.23565,-38.12914],[-59.23562,-38.12988],[-59.23564,-38.13048],[-59.23578,-38.1312],[-59.23595,-38.1319],[-59.23616,-38.13246],[-59.23813,-38.13672],[-59.23816,-38.13698],[-59.23823,-38.13729],[-59.24201,-38.14507],[-59.24488,-38.1511],[-59.24507,-38.15136],[-59.24526,-38.15157],[-59.24507,-38.15186],[-59.24585,-38.15355],[-59.24635,-38.15322],[-59.24688,-38.15267],[-59.24719,-38.15216],[-59.24763,-38.1514],[-59.24838,-38.15033],[-59.24841,-38.14984],[-59.24815,-38.14921],[-59.24818,-38.14865],[-59.24844,-38.14833],[-59.24876,-38.14804],[-59.24942,-38.14765],[-59.2506,-38.14728],[-59.25218,-38.14693],[-59.25391,-38.14668],[-59.25542,-38.14667],[-59.25682,-38.14674],[-59.25829,-38.14668],[-59.25945,-38.14665],[-59.26136,-38.14674],[-59.26236,-38.14688],[-59.26323,-38.14684],[-59.26473,-38.14663],[-59.2662,-38.14621],[-59.26786,-38.14581],[-59.26879,-38.14571],[-59.26995,-38.1458],[-59.27082,-38.14611],[-59.27156,-38.14634],[-59.27255,-38.14632],[-59.2737,-38.14599],[-59.2753,-38.14555],[-59.27631,-38.14523],[-59.27757,-38.14516],[-59.27866,-38.14527],[-59.27974,-38.14541],[-59.28055,-38.14543],[-59.2815,-38.14525],[-59.28284,-38.14499],[-59.28392,-38.14466],[-59.28507,-38.14421],[-59.28583,-38.1439],[-59.28723,-38.14374],[-59.28805,-38.14359],[-59.28907,-38.14328],[-59.28982,-38.1431],[-59.2907,-38.14301],[-59.29129,-38.14272],[-59.29257,-38.14235],[-59.29358,-38.14239],[-59.29476,-38.14261],[-59.29556,-38.1425],[-59.29672,-38.14254],[-59.29753,-38.14261],[-59.29825,-38.14249],[-59.29875,-38.14216],[-59.29937,-38.14171],[-59.3,-38.14126],[-59.30038,-38.14063],[-59.30064,-38.13958],[-59.30083,-38.13893],[-59.30119,-38.13849],[-59.3015,-38.13808],[-59.30162,-38.13723],[-59.30188,-38.13633],[-59.30232,-38.13566],[-59.3033,-38.13499],[-59.30434,-38.13444],[-59.30656,-38.13347],[-59.30796,-38.13131],[-59.30811,-38.13078],[-59.30834,-38.13029],[-59.30861,-38.12949],[-59.30914,-38.1282],[-59.30925,-38.12772],[-59.31003,-38.12627],[-59.31024,-38.12566],[-59.31052,-38.12506],[-59.31044,-38.12481],[-59.31018,-38.12459],[-59.30971,-38.12439],[-59.30942,-38.12425],[-59.30923,-38.12397],[-59.30932,-38.12339],[-59.3095,-38.1229],[-59.30986,-38.12259],[-59.31037,-38.1224],[-59.31097,-38.12236],[-59.3117,-38.12239],[-59.31205,-38.1223],[-59.31315,-38.12118],[-59.31396,-38.12015],[-59.31398,-38.11973],[-59.31373,-38.11927],[-59.31337,-38.11876],[-59.31311,-38.118],[-59.31278,-38.11748],[-59.31254,-38.11672],[-59.31255,-38.11632],[-59.31278,-38.11587],[-59.31279,-38.11435],[-59.31283,-38.11399],[-59.31325,-38.11337],[-59.31458,-38.11194],[-59.31506,-38.11128],[-59.31554,-38.1108],[-59.31583,-38.11025],[-59.31675,-38.10946],[-59.31693,-38.10918],[-59.31787,-38.10853],[-59.31877,-38.10804],[-59.31959,-38.10776],[-59.32025,-38.10755],[-59.32076,-38.10731],[-59.32107,-38.10697],[-59.32129,-38.10596],[-59.32189,-38.10523],[-59.32226,-38.10442],[-59.32239,-38.10373],[-59.32293,-38.10292],[-59.32306,-38.10223],[-59.32294,-38.10182],[-59.32301,-38.10161],[-59.32357,-38.10088],[-59.32438,-38.09952],[-59.32509,-38.09858],[-59.32495,-38.09837],[-59.32489,-38.09813],[-59.32534,-38.0975],[-59.32591,-38.09708],[-59.32646,-38.09663],[-59.32707,-38.09619],[-59.32736,-38.09611],[-59.32763,-38.09618],[-59.32781,-38.09623],[-59.32801,-38.0961],[-59.32825,-38.09588],[-59.32874,-38.09533],[-59.32952,-38.09424],[-59.32969,-38.09377],[-59.32991,-38.09317],[-59.33014,-38.09273],[-59.33046,-38.09248],[-59.3309,-38.09236],[-59.33126,-38.09226],[-59.33175,-38.0919],[-59.33245,-38.09131],[-59.33296,-38.09113],[-59.33426,-38.09088],[-59.33506,-38.09071],[-59.33551,-38.09058],[-59.33644,-38.09044],[-59.33736,-38.09009],[-59.33912,-38.0898],[-59.33991,-38.08985],[-59.34096,-38.08955],[-59.34132,-38.08937],[-59.34149,-38.08909],[-59.34189,-38.08869],[-59.34219,-38.08868],[-59.34311,-38.08819],[-59.34319,-38.08805],[-59.34316,-38.08777],[-59.3435,-38.08758],[-59.34372,-38.08736],[-59.34411,-38.08706],[-59.34483,-38.08675],[-59.34552,-38.08659],[-59.34599,-38.08659],[-59.34648,-38.0867],[-59.34696,-38.08665],[-59.34744,-38.0865],[-59.34775,-38.0862],[-59.34886,-38.08567],[-59.34948,-38.08527],[-59.35002,-38.08506],[-59.35035,-38.08478],[-59.35088,-38.08454],[-59.35147,-38.08435],[-59.35189,-38.08435],[-59.35219,-38.08447],[-59.35245,-38.08454],[-59.35284,-38.08443],[-59.35299,-38.08417],[-59.35315,-38.08394],[-59.35339,-38.08383],[-59.35496,-38.08354],[-59.35862,-38.06616],[-59.34509,-38.06438],[-59.3283,-38.06217],[-59.33585,-38.05744],[-59.31929,-38.05531],[-59.30926,-38.05394],[-59.31176,-38.04191],[-59.29185,-38.0393],[-59.27377,-38.03694],[-59.27542,-38.02905],[-59.25747,-38.02663],[-59.24957,-38.02566],[-59.24007,-38.02431],[-59.23611,-38.0238],[-59.23869,-38.01156],[-59.24143,-37.99871],[-59.24325,-37.99016],[-59.23587,-37.98926],[-59.23559,-37.98918],[-59.23531,-37.98902],[-59.22606,-37.9812],[-59.20833,-37.96623],[-59.18649,-37.94776],[-59.17458,-37.93768],[-59.17418,-37.93726],[-59.17331,-37.93632],[-59.17269,-37.93577],[-59.16826,-37.93192],[-59.16845,-37.93245],[-59.16866,-37.93314],[-59.16892,-37.93334],[-59.16898,-37.9338],[-59.16922,-37.93424],[-59.16919,-37.93462],[-59.16922,-37.93492],[-59.1692,-37.93514],[-59.16927,-37.93548],[-59.16924,-37.93566],[-59.16881,-37.9361],[-59.16869,-37.93636]]]]}},{"type":"Feature","properties":{"radio":"065810804","tipo":"Rural","poblacion":44,"hogares":15,"nbi":"Menos de 20 hogares"},"geometry":{"type":"MultiPolygon","coordinates":[[[[-59.07142,-38.03367],[-59.07078,-38.03382],[-59.0701,-38.03379],[-59.06904,-38.03403],[-59.06863,-38.03443],[-59.06756,-38.03532],[-59.06736,-38.03575],[-59.0674,-38.03634],[-59.06744,-38.03697],[-59.06737,-38.03721],[-59.06701,-38.03743],[-59.06672,-38.03786],[-59.06642,-38.03802],[-59.0657,-38.03865],[-59.06444,-38.03901],[-59.06422,-38.03929],[-59.06352,-38.03955],[-59.06337,-38.03988],[-59.06346,-38.04027],[-59.06308,-38.04078],[-59.06302,-38.04119],[-59.06308,-38.04153],[-59.06262,-38.0419],[-59.06178,-38.04223],[-59.06098,-38.0424],[-59.05978,-38.04258],[-59.0592,-38.04266],[-59.05893,-38.04292],[-59.0586,-38.04325],[-59.05851,-38.04367],[-59.0578,-38.04413],[-59.05679,-38.04422],[-59.0561,-38.04429],[-59.05593,-38.04454],[-59.05543,-38.04478],[-59.05486,-38.0453],[-59.05517,-38.04572],[-59.05533,-38.04608],[-59.05507,-38.04638],[-59.05462,-38.04662],[-59.05383,-38.04656],[-59.05346,-38.04679],[-59.05288,-38.04687],[-59.0527,-38.04712],[-59.05266,-38.04743],[-59.05239,-38.04767],[-59.05264,-38.04803],[-59.05266,-38.04812],[-59.05251,-38.04843],[-59.0529,-38.04898],[-59.05254,-38.04979],[-59.0534,-38.05018],[-59.05338,-38.05043],[-59.05291,-38.05085],[-59.05296,-38.05126],[-59.05308,-38.05221],[-59.05333,-38.05307],[-59.05357,-38.05348],[-59.05323,-38.05397],[-59.05251,-38.05431],[-59.05182,-38.05467],[-59.05168,-38.05509],[-59.05183,-38.05528],[-59.05169,-38.05559],[-59.05132,-38.05577],[-59.05097,-38.05559],[-59.05063,-38.05524],[-59.0503,-38.05531],[-59.04976,-38.05595],[-59.04965,-38.05638],[-59.05026,-38.05694],[-59.05041,-38.05735],[-59.05033,-38.05781],[-59.05053,-38.05812],[-59.05045,-38.05845],[-59.05067,-38.05882],[-59.05055,-38.05912],[-59.04945,-38.05963],[-59.0494,-38.05989],[-59.04962,-38.06033],[-59.04955,-38.06115],[-59.04924,-38.06175],[-59.04929,-38.06216],[-59.04894,-38.06235],[-59.0485,-38.06219],[-59.04782,-38.06181],[-59.04752,-38.06189],[-59.0476,-38.06227],[-59.04758,-38.0629],[-59.0472,-38.0632],[-59.04669,-38.06323],[-59.04637,-38.06328],[-59.04633,-38.06354],[-59.04649,-38.06386],[-59.0464,-38.06425],[-59.0459,-38.06465],[-59.04483,-38.0653],[-59.04483,-38.06614],[-59.04514,-38.06701],[-59.04596,-38.06739],[-59.04596,-38.06763],[-59.04521,-38.06833],[-59.04541,-38.06915],[-59.04535,-38.06952],[-59.0456,-38.07012],[-59.04556,-38.07071],[-59.04538,-38.07116],[-59.04588,-38.07197],[-59.04585,-38.07228],[-59.04606,-38.07323],[-59.04574,-38.07349],[-59.0455,-38.07422],[-59.04496,-38.07471],[-59.04462,-38.07547],[-59.04431,-38.07635],[-59.04401,-38.07664],[-59.04351,-38.0767],[-59.04171,-38.07652],[-59.04105,-38.07655],[-59.04026,-38.07677],[-59.04015,-38.07728],[-59.0395,-38.07796],[-59.03914,-38.07825],[-59.03912,-38.07889],[-59.03852,-38.07921],[-59.03752,-38.07951],[-59.03729,-38.07996],[-59.03722,-38.0805],[-59.03724,-38.08095],[-59.03756,-38.08141],[-59.0375,-38.08202],[-59.03793,-38.08232],[-59.03814,-38.08265],[-59.03773,-38.08311],[-59.03705,-38.08372],[-59.03704,-38.08428],[-59.03725,-38.08524],[-59.03788,-38.08624],[-59.03797,-38.08721],[-59.03738,-38.08752],[-59.03651,-38.08766],[-59.03506,-38.0876],[-59.03349,-38.08746],[-59.0331,-38.08745],[-59.03263,-38.08774],[-59.03194,-38.08798],[-59.03155,-38.08837],[-59.03154,-38.08875],[-59.03181,-38.08948],[-59.03158,-38.09043],[-59.03133,-38.0906],[-59.03084,-38.09059],[-59.03042,-38.09094],[-59.02964,-38.09121],[-59.02904,-38.09167],[-59.02889,-38.09212],[-59.02893,-38.0924],[-59.02925,-38.09262],[-59.02927,-38.09284],[-59.029,-38.09302],[-59.02867,-38.09339],[-59.02776,-38.09417],[-59.0271,-38.0948],[-59.02673,-38.09506],[-59.02608,-38.09548],[-59.02603,-38.09599],[-59.02605,-38.09652],[-59.02569,-38.09693],[-59.02535,-38.097],[-59.02415,-38.09771],[-59.02407,-38.09813],[-59.02301,-38.09867],[-59.02013,-38.09974],[-59.01986,-38.09996],[-59.01972,-38.10024],[-59.01966,-38.10074],[-59.01943,-38.10099],[-59.01909,-38.10186],[-59.01875,-38.10223],[-59.01846,-38.10269],[-59.01796,-38.10285],[-59.01755,-38.10274],[-59.01715,-38.10267],[-59.01673,-38.10274],[-59.0164,-38.10293],[-59.01617,-38.10309],[-59.01603,-38.10336],[-59.0158,-38.10343],[-59.01552,-38.10345],[-59.01506,-38.10372],[-59.01464,-38.10405],[-59.01439,-38.10472],[-59.01443,-38.10502],[-59.0146,-38.10531],[-59.0145,-38.10553],[-59.01447,-38.10582],[-59.01431,-38.10599],[-59.01374,-38.10623],[-59.01348,-38.10644],[-59.01311,-38.10715],[-59.01309,-38.10718],[-59.01295,-38.1077],[-59.01221,-38.10834],[-59.01188,-38.10852],[-59.01126,-38.10899],[-59.01034,-38.10959],[-59.00962,-38.11003],[-59.0089,-38.11016],[-59.00777,-38.11011],[-59.00717,-38.11003],[-59.00681,-38.11012],[-59.00646,-38.11043],[-59.00581,-38.11092],[-59.00495,-38.11132],[-59.00346,-38.11307],[-59.00323,-38.11372],[-59.00334,-38.11418],[-59.0028,-38.11462],[-59.00268,-38.11502],[-59.00294,-38.11528],[-59.00266,-38.11571],[-59.00278,-38.11616],[-59.00215,-38.11612],[-59.0016,-38.11684],[-59.00077,-38.11705],[-59.00028,-38.11778],[-58.99949,-38.11814],[-58.99895,-38.11831],[-58.99818,-38.11821],[-58.99764,-38.11811],[-58.99686,-38.11856],[-58.99589,-38.11904],[-58.99534,-38.11926],[-58.99474,-38.11916],[-58.99454,-38.11932],[-58.99506,-38.11964],[-58.99491,-38.11989],[-58.99431,-38.12023],[-58.99373,-38.12004],[-58.99304,-38.12031],[-58.99238,-38.12034],[-58.99194,-38.12082],[-58.9914,-38.12087],[-58.9908,-38.12065],[-58.9903,-38.12038],[-58.98977,-38.12049],[-58.98941,-38.12066],[-58.98919,-38.12133],[-58.98906,-38.12175],[-58.98934,-38.12212],[-58.98943,-38.12256],[-58.98927,-38.12292],[-58.98888,-38.12299],[-58.98848,-38.12309],[-58.98793,-38.12339],[-58.98757,-38.12381],[-58.98746,-38.1243],[-58.98713,-38.12471],[-58.9873,-38.12499],[-58.98721,-38.1254],[-58.98713,-38.12574],[-58.98729,-38.12608],[-58.98771,-38.12652],[-58.9881,-38.12685],[-58.98826,-38.12705],[-58.98827,-38.12726],[-58.98806,-38.12741],[-58.98801,-38.12761],[-58.98802,-38.12792],[-58.98786,-38.12808],[-58.98736,-38.12842],[-58.98695,-38.12882],[-58.98673,-38.12932],[-58.98929,-38.13153],[-58.98947,-38.13161],[-58.99364,-38.13501],[-59.00586,-38.14511],[-59.00587,-38.14519],[-59.01993,-38.15684],[-59.03673,-38.17067],[-59.04378,-38.17653],[-59.04391,-38.17646],[-59.05041,-38.18186],[-59.06186,-38.19131],[-59.07506,-38.20221],[-59.08296,-38.20872],[-59.08781,-38.2107],[-59.09323,-38.21295],[-59.09294,-38.21316],[-59.0968,-38.21484],[-59.10769,-38.21922],[-59.10854,-38.21952],[-59.10943,-38.21976],[-59.11156,-38.22023],[-59.1129,-38.22065],[-59.11389,-38.22104],[-59.11471,-38.22146],[-59.1154,-38.22184],[-59.11605,-38.22234],[-59.11637,-38.22269],[-59.11667,-38.22255],[-59.11712,-38.22308],[-59.11835,-38.22503],[-59.119,-38.22594],[-59.11955,-38.22653],[-59.12022,-38.22713],[-59.12094,-38.22768],[-59.1217,-38.22817],[-59.12253,-38.2286],[-59.12617,-38.23025],[-59.12801,-38.2311],[-59.12912,-38.23168],[-59.12984,-38.23209],[-59.13064,-38.23266],[-59.13379,-38.23469],[-59.13603,-38.23604],[-59.13696,-38.23671],[-59.14472,-38.24162],[-59.14789,-38.23906],[-59.16174,-38.22776],[-59.1687,-38.22204],[-59.17768,-38.21471],[-59.18722,-38.20688],[-59.18797,-38.20619],[-59.18853,-38.20563],[-59.18903,-38.205],[-59.18946,-38.20436],[-59.18983,-38.20376],[-59.19017,-38.2031],[-59.19092,-38.20154],[-59.19565,-38.19189],[-59.19636,-38.19036],[-59.19677,-38.18964],[-59.19722,-38.18904],[-59.19776,-38.18847],[-59.19845,-38.18792],[-59.19914,-38.18746],[-59.19979,-38.18711],[-59.20044,-38.18685],[-59.20226,-38.18618],[-59.20642,-38.18458],[-59.20719,-38.18414],[-59.20787,-38.18365],[-59.20847,-38.18309],[-59.20903,-38.18251],[-59.20943,-38.18191],[-59.21042,-38.18011],[-59.21489,-38.17177],[-59.22171,-38.15906],[-59.22229,-38.15805],[-59.22654,-38.15014],[-59.22867,-38.14611],[-59.23037,-38.14299],[-59.23095,-38.14197],[-59.23139,-38.14138],[-59.23178,-38.14096],[-59.23219,-38.14061],[-59.23262,-38.14027],[-59.23813,-38.13672],[-59.23616,-38.13246],[-59.23595,-38.1319],[-59.23578,-38.1312],[-59.23564,-38.13048],[-59.23562,-38.12988],[-59.23565,-38.12914],[-59.23578,-38.12839],[-59.23609,-38.12694],[-59.23807,-38.11779],[-59.2405,-38.10627],[-59.2431,-38.09399],[-59.24541,-38.08335],[-59.24724,-38.07474],[-59.24769,-38.0725],[-59.24499,-38.07217],[-59.24484,-38.07222],[-59.22621,-38.06975],[-59.21099,-38.06772],[-59.20083,-38.06636],[-59.19069,-38.06501],[-59.17082,-38.07723],[-59.15901,-38.08452],[-59.14605,-38.07389],[-59.13446,-38.06436],[-59.12948,-38.06026],[-59.12389,-38.05568],[-59.1229,-38.05484],[-59.10885,-38.04326],[-59.10315,-38.03856],[-59.09258,-38.02974],[-59.08206,-38.02107],[-59.08091,-38.02015],[-59.08029,-38.0202],[-59.07946,-38.02026],[-59.07872,-38.02049],[-59.07812,-38.02069],[-59.07774,-38.021],[-59.07754,-38.02139],[-59.07742,-38.0217],[-59.07752,-38.02187],[-59.07791,-38.02214],[-59.07846,-38.02251],[-59.07872,-38.02287],[-59.07878,-38.02325],[-59.0787,-38.0236],[-59.07855,-38.02411],[-59.07862,-38.02469],[-59.07828,-38.02503],[-59.07741,-38.02548],[-59.0765,-38.02636],[-59.07589,-38.02707],[-59.07586,-38.02733],[-59.07609,-38.02767],[-59.0761,-38.02822],[-59.07602,-38.0285],[-59.07611,-38.02893],[-59.07599,-38.02921],[-59.07519,-38.03017],[-59.07436,-38.03097],[-59.07346,-38.03184],[-59.07255,-38.03243],[-59.07223,-38.03279],[-59.07194,-38.03338],[-59.07142,-38.03367]]]]}},{"type":"Feature","properties":{"radio":"065810805","tipo":"Rural","poblacion":36,"hogares":12,"nbi":"Menos de 20 hogares"},"geometry":{"type":"MultiPolygon","coordinates":[[[[-58.98527,-38.13187],[-58.98496,-38.1319],[-58.98455,-38.13175],[-58.98425,-38.13159],[-58.9839,-38.13154],[-58.98339,-38.13162],[-58.98306,-38.13175],[-58.98257,-38.13197],[-58.98233,-38.13231],[-58.98195,-38.13265],[-58.98152,-38.13299],[-58.98115,-38.13305],[-58.98096,-38.13299],[-58.98063,-38.133],[-58.98035,-38.13326],[-58.98017,-38.13363],[-58.97957,-38.13405],[-58.97849,-38.13442],[-58.97824,-38.13472],[-58.97822,-38.13526],[-58.97846,-38.13589],[-58.97846,-38.1366],[-58.97857,-38.13711],[-58.9784,-38.13797],[-58.97821,-38.13832],[-58.97811,-38.13897],[-58.97773,-38.13951],[-58.9772,-38.13987],[-58.97709,-38.14014],[-58.97743,-38.1406],[-58.97755,-38.14088],[-58.97789,-38.14124],[-58.97778,-38.14159],[-58.97742,-38.14184],[-58.97665,-38.14218],[-58.97585,-38.14267],[-58.97505,-38.14321],[-58.97446,-38.14373],[-58.97412,-38.14382],[-58.97345,-38.14393],[-58.973,-38.14393],[-58.97271,-38.14421],[-58.97232,-38.1446],[-58.97174,-38.14477],[-58.97127,-38.14463],[-58.97077,-38.14454],[-58.97027,-38.14471],[-58.96971,-38.14519],[-58.96973,-38.14563],[-58.97021,-38.14679],[-58.97032,-38.14722],[-58.97007,-38.14758],[-58.96969,-38.14795],[-58.96976,-38.14825],[-58.96994,-38.14885],[-58.96978,-38.14907],[-58.9693,-38.14916],[-58.96836,-38.14911],[-58.96764,-38.1493],[-58.96698,-38.14941],[-58.96642,-38.14974],[-58.96591,-38.15025],[-58.96527,-38.15053],[-58.96469,-38.15055],[-58.96437,-38.15073],[-58.96392,-38.15119],[-58.9633,-38.1515],[-58.96259,-38.15161],[-58.96145,-38.15195],[-58.96123,-38.15228],[-58.9607,-38.15263],[-58.96,-38.15281],[-58.95956,-38.15274],[-58.95885,-38.15234],[-58.95847,-38.15236],[-58.95769,-38.15249],[-58.95716,-38.15265],[-58.95689,-38.15286],[-58.9569,-38.15323],[-58.95721,-38.1536],[-58.95801,-38.15386],[-58.95852,-38.15423],[-58.95844,-38.15443],[-58.95773,-38.1548],[-58.95744,-38.1551],[-58.95706,-38.15494],[-58.95617,-38.15462],[-58.95585,-38.15478],[-58.95567,-38.15502],[-58.95515,-38.15496],[-58.95479,-38.15512],[-58.95441,-38.15524],[-58.95423,-38.15552],[-58.95434,-38.15595],[-58.95457,-38.15662],[-58.95463,-38.15757],[-58.95454,-38.1585],[-58.9544,-38.15889],[-58.95413,-38.15901],[-58.95379,-38.15907],[-58.95356,-38.15932],[-58.95359,-38.15973],[-58.95346,-38.15999],[-58.95357,-38.16038],[-58.95324,-38.16168],[-58.95333,-38.16204],[-58.95381,-38.16325],[-58.95386,-38.16372],[-58.95378,-38.16406],[-58.95356,-38.16428],[-58.95315,-38.16437],[-58.9528,-38.16435],[-58.95239,-38.16444],[-58.95194,-38.16423],[-58.95166,-38.16383],[-58.95139,-38.16381],[-58.95111,-38.16402],[-58.95078,-38.1647],[-58.95051,-38.16493],[-58.95027,-38.1652],[-58.95041,-38.16535],[-58.95116,-38.16554],[-58.95157,-38.16571],[-58.95198,-38.16614],[-58.95219,-38.16653],[-58.95222,-38.16706],[-58.95209,-38.1677],[-58.95191,-38.16794],[-58.95102,-38.16847],[-58.94966,-38.16881],[-58.94935,-38.16902],[-58.94925,-38.16927],[-58.94946,-38.1695],[-58.95009,-38.16965],[-58.95038,-38.17025],[-58.95077,-38.1706],[-58.95082,-38.17138],[-58.95032,-38.17178],[-58.9502,-38.17214],[-58.94979,-38.17236],[-58.94983,-38.1728],[-58.95012,-38.17311],[-58.95,-38.17329],[-58.94951,-38.17324],[-58.94926,-38.17335],[-58.94927,-38.17359],[-58.94946,-38.17384],[-58.94918,-38.17423],[-58.94938,-38.17451],[-58.95008,-38.17489],[-58.95023,-38.17521],[-58.95061,-38.17583],[-58.95112,-38.17613],[-58.95138,-38.17605],[-58.95181,-38.17595],[-58.95204,-38.17608],[-58.95195,-38.17663],[-58.95176,-38.1769],[-58.95199,-38.17733],[-58.95227,-38.17738],[-58.95258,-38.17716],[-58.95289,-38.17721],[-58.953,-38.17768],[-58.95283,-38.17786],[-58.95259,-38.17807],[-58.95249,-38.17861],[-58.95238,-38.17912],[-58.95206,-38.17937],[-58.95153,-38.17941],[-58.95113,-38.17946],[-58.95096,-38.17972],[-58.95111,-38.18003],[-58.95159,-38.18048],[-58.95186,-38.18067],[-58.95175,-38.18118],[-58.95202,-38.18166],[-58.95243,-38.18213],[-58.95247,-38.18242],[-58.95223,-38.18259],[-58.95141,-38.18263],[-58.94999,-38.18244],[-58.94941,-38.1822],[-58.94871,-38.18175],[-58.94838,-38.1815],[-58.948,-38.18152],[-58.94719,-38.18152],[-58.94674,-38.18128],[-58.94607,-38.18107],[-58.94574,-38.18109],[-58.94527,-38.18119],[-58.94447,-38.18112],[-58.94419,-38.18125],[-58.94394,-38.18142],[-58.94357,-38.18142],[-58.94302,-38.18084],[-58.94228,-38.18027],[-58.94196,-38.18019],[-58.94154,-38.18023],[-58.94125,-38.1805],[-58.9408,-38.18095],[-58.94067,-38.1814],[-58.94019,-38.18182],[-58.93997,-38.18214],[-58.93995,-38.1826],[-58.93991,-38.18306],[-58.94014,-38.18352],[-58.93993,-38.18378],[-58.93917,-38.18396],[-58.9385,-38.18391],[-58.93761,-38.18374],[-58.93741,-38.1835],[-58.93736,-38.18304],[-58.93723,-38.18279],[-58.93694,-38.18267],[-58.93608,-38.18298],[-58.93556,-38.1833],[-58.93554,-38.18358],[-58.93598,-38.18397],[-58.93677,-38.18407],[-58.93685,-38.18422],[-58.9365,-38.18465],[-58.9365,-38.18501],[-58.93648,-38.18539],[-58.93596,-38.18583],[-58.93529,-38.18627],[-58.93482,-38.18647],[-58.9342,-38.18629],[-58.93382,-38.18656],[-58.93353,-38.18699],[-58.93315,-38.18721],[-58.93246,-38.18742],[-58.93191,-38.18771],[-58.9313,-38.18781],[-58.9308,-38.18759],[-58.93038,-38.18736],[-58.93004,-38.18739],[-58.92936,-38.18773],[-58.92885,-38.1878],[-58.92838,-38.18762],[-58.92804,-38.18751],[-58.92776,-38.18761],[-58.92759,-38.18801],[-58.92741,-38.18812],[-58.92672,-38.1881],[-58.92646,-38.18827],[-58.92647,-38.18854],[-58.92631,-38.1888],[-58.926,-38.18901],[-58.92563,-38.18916],[-58.92515,-38.18923],[-58.92471,-38.18926],[-58.9244,-38.18939],[-58.92433,-38.1896],[-58.92442,-38.18982],[-58.92462,-38.1902],[-58.9246,-38.19041],[-58.9244,-38.19051],[-58.92407,-38.1905],[-58.92381,-38.19049],[-58.92368,-38.19063],[-58.92349,-38.19087],[-58.92326,-38.19102],[-58.92241,-38.19128],[-58.92177,-38.19158],[-58.92148,-38.19185],[-58.92126,-38.19224],[-58.92097,-38.19243],[-58.9206,-38.19249],[-58.92033,-38.19245],[-58.92018,-38.19249],[-58.92023,-38.19267],[-58.92056,-38.19292],[-58.92063,-38.1931],[-58.92045,-38.19328],[-58.92001,-38.19341],[-58.91985,-38.19357],[-58.91982,-38.19396],[-58.91975,-38.19447],[-58.91984,-38.19475],[-58.92004,-38.19509],[-58.92035,-38.19546],[-58.92056,-38.19609],[-58.92088,-38.19642],[-58.92136,-38.19694],[-58.92181,-38.19709],[-58.92219,-38.19718],[-58.92248,-38.19758],[-58.92242,-38.19783],[-58.92174,-38.19827],[-58.92156,-38.19847],[-58.92163,-38.1988],[-58.92157,-38.19923],[-58.92125,-38.19944],[-58.92074,-38.19931],[-58.92054,-38.19943],[-58.92031,-38.19969],[-58.91968,-38.19967],[-58.91934,-38.19978],[-58.91858,-38.19987],[-58.91821,-38.20004],[-58.91818,-38.20025],[-58.91783,-38.20047],[-58.91765,-38.20029],[-58.91732,-38.20016],[-58.91682,-38.20013],[-58.91667,-38.20034],[-58.91684,-38.20068],[-58.91716,-38.20098],[-58.917,-38.20107],[-58.91643,-38.20094],[-58.91545,-38.20087],[-58.91515,-38.20118],[-58.91469,-38.20147],[-58.91391,-38.20167],[-58.91361,-38.20196],[-58.91345,-38.2024],[-58.91346,-38.20275],[-58.91365,-38.20294],[-58.91419,-38.20316],[-58.91436,-38.20334],[-58.91457,-38.20362],[-58.91497,-38.20369],[-58.91555,-38.20367],[-58.91577,-38.20382],[-58.91598,-38.20404],[-58.91606,-38.20439],[-58.91659,-38.20461],[-58.91656,-38.20484],[-58.91619,-38.20524],[-58.9165,-38.20555],[-58.91699,-38.20573],[-58.91712,-38.20596],[-58.91682,-38.2062],[-58.91704,-38.20663],[-58.91682,-38.20698],[-58.91678,-38.20737],[-58.91712,-38.20772],[-58.91691,-38.20806],[-58.91655,-38.20822],[-58.91591,-38.20822],[-58.91565,-38.20832],[-58.91555,-38.20868],[-58.91526,-38.20907],[-58.91476,-38.20957],[-58.91466,-38.20999],[-58.91491,-38.21042],[-58.91518,-38.21072],[-58.91515,-38.21104],[-58.91505,-38.21139],[-58.91521,-38.21163],[-58.91578,-38.21183],[-58.91604,-38.21213],[-58.91602,-38.21251],[-58.91568,-38.21265],[-58.91539,-38.21262],[-58.91515,-38.21247],[-58.91496,-38.21263],[-58.91513,-38.21289],[-58.91508,-38.21312],[-58.91477,-38.21319],[-58.91439,-38.21315],[-58.91385,-38.21318],[-58.91343,-38.21302],[-58.91299,-38.21317],[-58.91252,-38.21334],[-58.9121,-38.21374],[-58.9115,-38.21403],[-58.91078,-38.21416],[-58.91046,-38.21456],[-58.90994,-38.21484],[-58.90983,-38.21513],[-58.90953,-38.21535],[-58.90932,-38.2158],[-58.90907,-38.21611],[-58.90909,-38.21631],[-58.90935,-38.21649],[-58.90981,-38.21659],[-58.91002,-38.2168],[-58.90998,-38.21703],[-58.90958,-38.21713],[-58.90937,-38.21734],[-58.90963,-38.21751],[-58.91054,-38.2176],[-58.91084,-38.21778],[-58.9109,-38.21805],[-58.91065,-38.21861],[-58.91059,-38.21915],[-58.91026,-38.21936],[-58.90962,-38.21973],[-58.90914,-38.22006],[-58.90845,-38.22015],[-58.90793,-38.22042],[-58.90789,-38.22065],[-58.90627,-38.22127],[-58.90607,-38.22151],[-58.90617,-38.22188],[-58.90583,-38.22217],[-58.90573,-38.22258],[-58.90574,-38.22293],[-58.90526,-38.2235],[-58.90508,-38.224],[-58.90513,-38.22442],[-58.90537,-38.22473],[-58.90593,-38.22497],[-58.9067,-38.22534],[-58.90706,-38.2256],[-58.90718,-38.22589],[-58.90711,-38.22649],[-58.90687,-38.22772],[-58.90673,-38.22878],[-58.90683,-38.22909],[-58.90706,-38.22939],[-58.90704,-38.22977],[-58.90662,-38.2304],[-58.90625,-38.23059],[-58.90547,-38.23078],[-58.90521,-38.23071],[-58.90462,-38.23032],[-58.90424,-38.23042],[-58.90393,-38.23078],[-58.9034,-38.23109],[-58.90283,-38.23115],[-58.9022,-38.23139],[-58.90209,-38.23167],[-58.90241,-38.23199],[-58.90248,-38.23237],[-58.90236,-38.23289],[-58.90269,-38.23336],[-58.90317,-38.23389],[-58.90312,-38.23417],[-58.9029,-38.23434],[-58.90254,-38.23451],[-58.90259,-38.23468],[-58.90315,-38.2348],[-58.90345,-38.23497],[-58.90366,-38.23488],[-58.90386,-38.23462],[-58.90413,-38.23461],[-58.90427,-38.23481],[-58.90422,-38.23506],[-58.90402,-38.23532],[-58.9042,-38.23552],[-58.90498,-38.23578],[-58.90514,-38.23595],[-58.90537,-38.23629],[-58.90554,-38.23652],[-58.90553,-38.23698],[-58.90556,-38.23732],[-58.90541,-38.2376],[-58.90521,-38.23756],[-58.90493,-38.23731],[-58.90455,-38.23747],[-58.90444,-38.23801],[-58.90369,-38.23832],[-58.90382,-38.23848],[-58.90388,-38.23865],[-58.90354,-38.23871],[-58.90301,-38.23861],[-58.90265,-38.23861],[-58.902,-38.23898],[-58.9017,-38.23928],[-58.90113,-38.23949],[-58.90111,-38.23964],[-58.9012,-38.23991],[-58.90106,-38.24051],[-58.90105,-38.24075],[-58.90128,-38.24086],[-58.90178,-38.24075],[-58.90218,-38.24094],[-58.9026,-38.24116],[-58.90323,-38.24116],[-58.90358,-38.24154],[-58.90383,-38.24154],[-58.90411,-38.2412],[-58.9045,-38.24113],[-58.90488,-38.24121],[-58.9052,-38.24158],[-58.90542,-38.24151],[-58.90558,-38.24127],[-58.90583,-38.24133],[-58.90638,-38.24206],[-58.90672,-38.24225],[-58.90687,-38.24268],[-58.9067,-38.24296],[-58.90677,-38.24312],[-58.90703,-38.2432],[-58.90688,-38.24349],[-58.9066,-38.24362],[-58.90669,-38.24379],[-58.90734,-38.24391],[-58.90762,-38.24418],[-58.90764,-38.24461],[-58.9073,-38.24535],[-58.90681,-38.24619],[-58.90638,-38.24636],[-58.9061,-38.24658],[-58.90546,-38.24636],[-58.9051,-38.24642],[-58.90483,-38.24664],[-58.90491,-38.24742],[-58.90473,-38.24753],[-58.90452,-38.24771],[-58.90458,-38.24839],[-58.90447,-38.24855],[-58.9042,-38.24875],[-58.90409,-38.24905],[-58.90358,-38.24932],[-58.90346,-38.24964],[-58.90364,-38.24998],[-58.90359,-38.25025],[-58.90307,-38.25028],[-58.90269,-38.25061],[-58.90216,-38.25058],[-58.9018,-38.2508],[-58.90109,-38.25092],[-58.90052,-38.2512],[-58.90004,-38.25135],[-58.90025,-38.25203],[-58.89984,-38.2525],[-58.89925,-38.2525],[-58.89909,-38.25288],[-58.89901,-38.2531],[-58.89921,-38.25327],[-58.89966,-38.25334],[-58.89976,-38.25361],[-58.89907,-38.25381],[-58.89859,-38.25416],[-58.89805,-38.25414],[-58.89761,-38.25451],[-58.89677,-38.25495],[-58.8966,-38.25533],[-58.89683,-38.25552],[-58.89714,-38.25566],[-58.89704,-38.25584],[-58.89644,-38.256],[-58.89603,-38.25602],[-58.89573,-38.25641],[-58.89497,-38.25729],[-58.89462,-38.25755],[-58.89407,-38.25778],[-58.89384,-38.25805],[-58.89392,-38.25849],[-58.89371,-38.25873],[-58.8933,-38.25886],[-58.89308,-38.25935],[-58.89287,-38.25992],[-58.89284,-38.26036],[-58.89243,-38.26052],[-58.89174,-38.26066],[-58.89117,-38.2604],[-58.89061,-38.2605],[-58.89016,-38.26079],[-58.89024,-38.26105],[-58.89012,-38.26132],[-58.8897,-38.26141],[-58.88934,-38.26156],[-58.88927,-38.26182],[-58.88927,-38.26204],[-58.88795,-38.26239],[-58.88772,-38.26281],[-58.88708,-38.2631],[-58.88706,-38.26346],[-58.88677,-38.26376],[-58.88638,-38.26444],[-58.88567,-38.26494],[-58.88494,-38.26619],[-58.88484,-38.26655],[-58.88458,-38.26659],[-58.88432,-38.26651],[-58.88405,-38.26667],[-58.88355,-38.2667],[-58.88297,-38.2667],[-58.88264,-38.26698],[-58.88238,-38.26732],[-58.88184,-38.26754],[-58.88137,-38.26789],[-58.88044,-38.26808],[-58.87951,-38.26841],[-58.87923,-38.26839],[-58.879,-38.26853],[-58.87834,-38.26855],[-58.8781,-38.26886],[-58.87742,-38.26947],[-58.87739,-38.2702],[-58.87775,-38.27099],[-58.87885,-38.27221],[-58.87898,-38.27284],[-58.8792,-38.27324],[-58.8796,-38.27355],[-58.87962,-38.27388],[-58.87996,-38.27456],[-58.8803,-38.27537],[-58.88027,-38.27627],[-58.88046,-38.27656],[-58.88044,-38.27683],[-58.88036,-38.27707],[-58.88118,-38.277],[-58.882,-38.27709],[-58.88264,-38.27725],[-58.88326,-38.27761],[-58.88385,-38.27799],[-58.88458,-38.27825],[-58.88517,-38.2785],[-58.88574,-38.27864],[-58.88667,-38.27867],[-58.88756,-38.27861],[-58.88813,-38.27857],[-58.88877,-38.27868],[-58.88938,-38.27861],[-58.88987,-38.27836],[-58.89053,-38.27769],[-58.89082,-38.27719],[-58.89099,-38.2768],[-58.89166,-38.27605],[-58.89215,-38.27529],[-58.89268,-38.27458],[-58.89301,-38.27427],[-58.89357,-38.27394],[-58.89413,-38.27356],[-58.89478,-38.27332],[-58.89547,-38.27294],[-58.89682,-38.27231],[-58.89754,-38.27208],[-58.89817,-38.27198],[-58.89893,-38.27202],[-58.8995,-38.27201],[-58.90054,-38.27165],[-58.90135,-38.27141],[-58.90304,-38.27121],[-58.90406,-38.27093],[-58.90463,-38.27083],[-58.90543,-38.27082],[-58.90628,-38.27062],[-58.90702,-38.27025],[-58.90767,-38.26976],[-58.90796,-38.26935],[-58.90816,-38.26895],[-58.90872,-38.2682],[-58.90895,-38.26779],[-58.90903,-38.26725],[-58.90905,-38.26647],[-58.90924,-38.26597],[-58.90942,-38.26562],[-58.91046,-38.26443],[-58.91067,-38.26427],[-58.91147,-38.2641],[-58.91299,-38.26393],[-58.91333,-38.26396],[-58.91416,-38.26417],[-58.91519,-38.26438],[-58.91631,-38.26435],[-58.91697,-38.26439],[-58.91773,-38.26459],[-58.91944,-38.26547],[-58.9205,-38.266],[-58.92126,-38.26625],[-58.92222,-38.26649],[-58.92319,-38.26663],[-58.92394,-38.26658],[-58.92468,-38.26626],[-58.92526,-38.26583],[-58.92565,-38.2656],[-58.92609,-38.26546],[-58.92679,-38.2654],[-58.92738,-38.26542],[-58.92811,-38.26516],[-58.92876,-38.26475],[-58.9293,-38.26463],[-58.92994,-38.26471],[-58.93059,-38.265],[-58.93155,-38.2652],[-58.93188,-38.26536],[-58.93201,-38.26567],[-58.93229,-38.26599],[-58.93322,-38.26625],[-58.93394,-38.26622],[-58.93466,-38.26603],[-58.93584,-38.26597],[-58.93645,-38.26569],[-58.93746,-38.26507],[-58.93797,-38.26503],[-58.93851,-38.26487],[-58.93941,-38.26441],[-58.94016,-38.26412],[-58.94091,-38.26372],[-58.9417,-38.2632],[-58.94232,-38.26268],[-58.943,-38.26204],[-58.94423,-38.26127],[-58.94492,-38.26073],[-58.94675,-38.25956],[-58.94745,-38.25891],[-58.94801,-38.25833],[-58.94917,-38.25764],[-58.94988,-38.25723],[-58.95167,-38.25648],[-58.95228,-38.25606],[-58.95264,-38.25564],[-58.95311,-38.25548],[-58.95499,-38.25504],[-58.95604,-38.25478],[-58.95711,-38.2544],[-58.95792,-38.25407],[-58.95878,-38.25398],[-58.95999,-38.25395],[-58.96092,-38.25393],[-58.96235,-38.25405],[-58.96287,-38.25404],[-58.96331,-38.25389],[-58.96397,-38.25344],[-58.96469,-38.25274],[-58.96547,-38.2522],[-58.96615,-38.25169],[-58.96663,-38.25146],[-58.96747,-38.25147],[-58.96811,-38.25122],[-58.96866,-38.25112],[-58.96909,-38.25089],[-58.96939,-38.25063],[-58.96982,-38.25009],[-58.97032,-38.24965],[-58.97059,-38.24927],[-58.97058,-38.2488],[-58.97043,-38.2482],[-58.97013,-38.24769],[-58.97008,-38.24718],[-58.97034,-38.24686],[-58.9706,-38.24669],[-58.97112,-38.24639],[-58.97198,-38.24603],[-58.97306,-38.24563],[-58.97366,-38.24551],[-58.97453,-38.24544],[-58.97519,-38.24553],[-58.97604,-38.24567],[-58.97711,-38.24594],[-58.9777,-38.24602],[-58.97835,-38.24594],[-58.97943,-38.2456],[-58.97972,-38.24554],[-58.98055,-38.24556],[-58.98119,-38.24574],[-58.98189,-38.24616],[-58.98253,-38.2467],[-58.98298,-38.24719],[-58.98334,-38.24777],[-58.98399,-38.24847],[-58.98493,-38.24946],[-58.9856,-38.2501],[-58.98625,-38.25051],[-58.98697,-38.25086],[-58.98771,-38.2511],[-58.98878,-38.2512],[-58.98942,-38.2511],[-58.99003,-38.25079],[-58.99061,-38.25041],[-58.99103,-38.24992],[-58.99132,-38.24918],[-58.99171,-38.24858],[-58.99246,-38.24792],[-58.99292,-38.24751],[-58.99314,-38.24706],[-58.99363,-38.24633],[-58.99381,-38.24583],[-58.99377,-38.24542],[-58.99368,-38.24489],[-58.99352,-38.24434],[-58.99333,-38.24395],[-58.993,-38.24372],[-58.99221,-38.24344],[-58.99183,-38.24317],[-58.99113,-38.24251],[-58.99021,-38.2421],[-58.98986,-38.24193],[-58.98966,-38.2417],[-58.98963,-38.24143],[-58.98966,-38.24088],[-58.98984,-38.2401],[-58.99017,-38.2395],[-58.99074,-38.23881],[-58.99107,-38.23852],[-58.99142,-38.2384],[-58.9931,-38.23791],[-58.99366,-38.2377],[-58.99425,-38.23726],[-58.9953,-38.23679],[-58.99595,-38.23641],[-58.99676,-38.23596],[-58.99709,-38.23588],[-58.99846,-38.23568],[-58.99952,-38.23569],[-59.00085,-38.2358],[-59.00211,-38.23578],[-59.003,-38.23582],[-59.00458,-38.23607],[-59.00573,-38.23617],[-59.00624,-38.23632],[-59.00706,-38.23659],[-59.00784,-38.23671],[-59.00935,-38.23676],[-59.01042,-38.23682],[-59.01085,-38.23674],[-59.01167,-38.23634],[-59.01237,-38.23596],[-59.01306,-38.23574],[-59.01382,-38.2356],[-59.01437,-38.23572],[-59.01481,-38.23578],[-59.01547,-38.23568],[-59.01691,-38.23576],[-59.01742,-38.23572],[-59.01813,-38.23553],[-59.01841,-38.23552],[-59.01903,-38.23563],[-59.01946,-38.23581],[-59.02026,-38.23673],[-59.02042,-38.23706],[-59.02054,-38.23747],[-59.02096,-38.23771],[-59.02179,-38.238],[-59.02245,-38.23826],[-59.02286,-38.23859],[-59.02327,-38.23886],[-59.02362,-38.23914],[-59.0248,-38.2397],[-59.02541,-38.23998],[-59.02611,-38.24023],[-59.0269,-38.24061],[-59.0274,-38.24103],[-59.02826,-38.24145],[-59.02894,-38.2415],[-59.02961,-38.24156],[-59.03034,-38.24142],[-59.03078,-38.24131],[-59.03102,-38.24135],[-59.03204,-38.24181],[-59.03237,-38.24222],[-59.03278,-38.24249],[-59.03324,-38.2426],[-59.03534,-38.24268],[-59.03658,-38.2427],[-59.037,-38.24281],[-59.03753,-38.24276],[-59.03837,-38.24278],[-59.03899,-38.24253],[-59.0393,-38.24255],[-59.03957,-38.24276],[-59.04008,-38.24269],[-59.04068,-38.24275],[-59.0413,-38.24277],[-59.04173,-38.24266],[-59.04226,-38.24243],[-59.04286,-38.24195],[-59.04321,-38.24156],[-59.04382,-38.24133],[-59.04412,-38.24132],[-59.04455,-38.24148],[-59.04482,-38.24178],[-59.04522,-38.24204],[-59.04593,-38.2423],[-59.04661,-38.24232],[-59.04694,-38.24239],[-59.04777,-38.2427],[-59.04812,-38.24309],[-59.04842,-38.24323],[-59.04905,-38.24338],[-59.05056,-38.24367],[-59.05152,-38.24397],[-59.05254,-38.24429],[-59.05346,-38.2442],[-59.05408,-38.24421],[-59.05466,-38.24436],[-59.05507,-38.24433],[-59.05599,-38.24382],[-59.05632,-38.2435],[-59.05667,-38.24205],[-59.05692,-38.24131],[-59.05708,-38.24082],[-59.05748,-38.24029],[-59.05783,-38.23945],[-59.05804,-38.2391],[-59.05885,-38.2384],[-59.06022,-38.23768],[-59.0612,-38.23711],[-59.0618,-38.23679],[-59.06293,-38.23663],[-59.06349,-38.23646],[-59.0639,-38.2365],[-59.06459,-38.23669],[-59.0653,-38.23691],[-59.06607,-38.23704],[-59.06683,-38.23734],[-59.06744,-38.23758],[-59.068,-38.23769],[-59.06837,-38.2378],[-59.06965,-38.23861],[-59.07023,-38.23921],[-59.07074,-38.23956],[-59.07127,-38.23989],[-59.07198,-38.24053],[-59.07321,-38.24114],[-59.07374,-38.24151],[-59.07455,-38.2419],[-59.07592,-38.24241],[-59.07657,-38.24269],[-59.07729,-38.24304],[-59.0781,-38.2432],[-59.07869,-38.24334],[-59.07921,-38.24357],[-59.07961,-38.24393],[-59.08002,-38.24463],[-59.08038,-38.24493],[-59.08077,-38.24507],[-59.08146,-38.24519],[-59.08218,-38.24543],[-59.0828,-38.24576],[-59.08324,-38.24609],[-59.08348,-38.24627],[-59.08446,-38.24648],[-59.0849,-38.24653],[-59.08529,-38.24641],[-59.08554,-38.24614],[-59.08625,-38.2457],[-59.08686,-38.24548],[-59.08749,-38.2454],[-59.08837,-38.24539],[-59.08934,-38.24532],[-59.09003,-38.24529],[-59.09062,-38.24516],[-59.09119,-38.24508],[-59.09173,-38.24518],[-59.09278,-38.24543],[-59.0932,-38.24562],[-59.09347,-38.24604],[-59.09367,-38.24631],[-59.09409,-38.24644],[-59.0943,-38.24651],[-59.09485,-38.24648],[-59.09545,-38.24628],[-59.09597,-38.24617],[-59.09679,-38.24609],[-59.0976,-38.24586],[-59.09866,-38.24557],[-59.09948,-38.24542],[-59.10019,-38.24535],[-59.10097,-38.24547],[-59.10148,-38.24554],[-59.10198,-38.24539],[-59.10269,-38.24524],[-59.10323,-38.24524],[-59.10394,-38.24544],[-59.10452,-38.24561],[-59.10501,-38.24566],[-59.10536,-38.24559],[-59.10571,-38.24536],[-59.10626,-38.24485],[-59.10668,-38.24435],[-59.10703,-38.24404],[-59.10767,-38.24364],[-59.10817,-38.24348],[-59.10861,-38.24359],[-59.10908,-38.2439],[-59.10941,-38.24406],[-59.11021,-38.24404],[-59.11064,-38.24388],[-59.11093,-38.2436],[-59.11109,-38.24307],[-59.11139,-38.2427],[-59.11219,-38.24255],[-59.11259,-38.24243],[-59.11286,-38.24206],[-59.11289,-38.24159],[-59.11266,-38.24121],[-59.11233,-38.24051],[-59.1122,-38.23993],[-59.11227,-38.23941],[-59.11258,-38.23901],[-59.11298,-38.23873],[-59.11349,-38.23847],[-59.11366,-38.23812],[-59.12109,-38.23527],[-59.12274,-38.23406],[-59.1245,-38.23265],[-59.12801,-38.2311],[-59.12617,-38.23025],[-59.12253,-38.2286],[-59.1217,-38.22817],[-59.12094,-38.22768],[-59.12022,-38.22713],[-59.11955,-38.22653],[-59.119,-38.22594],[-59.11835,-38.22503],[-59.11712,-38.22308],[-59.11667,-38.22255],[-59.11637,-38.22269],[-59.11605,-38.22234],[-59.1154,-38.22184],[-59.11471,-38.22146],[-59.11389,-38.22104],[-59.1129,-38.22065],[-59.11156,-38.22023],[-59.10943,-38.21976],[-59.10854,-38.21952],[-59.10769,-38.21922],[-59.0968,-38.21484],[-59.09294,-38.21316],[-59.09323,-38.21295],[-59.08781,-38.2107],[-59.08296,-38.20872],[-59.07506,-38.20221],[-59.06186,-38.19131],[-59.05041,-38.18186],[-59.04391,-38.17646],[-59.04378,-38.17653],[-59.03673,-38.17067],[-59.01993,-38.15684],[-59.00587,-38.14519],[-59.00586,-38.14511],[-58.99364,-38.13501],[-58.98947,-38.13161],[-58.98929,-38.13153],[-58.98673,-38.12932],[-58.98672,-38.12961],[-58.98649,-38.13011],[-58.9865,-38.13056],[-58.98631,-38.13086],[-58.98598,-38.13117],[-58.98592,-38.13147],[-58.98566,-38.13174],[-58.98527,-38.13187]]]]}},{"type":"Feature","properties":{"radio":"065810806","tipo":"Rural","poblacion":41,"hogares":14,"nbi":"Menos de 20 hogares"},"geometry":{"type":"MultiPolygon","coordinates":[[[[-59.18903,-38.205],[-59.18853,-38.20563],[-59.18797,-38.20619],[-59.18722,-38.20688],[-59.17768,-38.21471],[-59.1687,-38.22204],[-59.16174,-38.22776],[-59.14789,-38.23906],[-59.14472,-38.24162],[-59.13696,-38.23671],[-59.13603,-38.23604],[-59.13379,-38.23469],[-59.13064,-38.23266],[-59.12984,-38.23209],[-59.12912,-38.23168],[-59.12801,-38.2311],[-59.1245,-38.23265],[-59.12274,-38.23406],[-59.12109,-38.23527],[-59.11366,-38.23812],[-59.11349,-38.23847],[-59.11298,-38.23873],[-59.11258,-38.23901],[-59.11227,-38.23941],[-59.1122,-38.23993],[-59.11233,-38.24051],[-59.11266,-38.24121],[-59.11289,-38.24159],[-59.11286,-38.24206],[-59.11259,-38.24243],[-59.11219,-38.24255],[-59.11139,-38.2427],[-59.11109,-38.24307],[-59.11093,-38.2436],[-59.11064,-38.24388],[-59.11021,-38.24404],[-59.10941,-38.24406],[-59.10908,-38.2439],[-59.10861,-38.24359],[-59.10817,-38.24348],[-59.10767,-38.24364],[-59.10703,-38.24404],[-59.10668,-38.24435],[-59.10626,-38.24485],[-59.10571,-38.24536],[-59.10536,-38.24559],[-59.10501,-38.24566],[-59.10452,-38.24561],[-59.10394,-38.24544],[-59.10323,-38.24524],[-59.10269,-38.24524],[-59.10198,-38.24539],[-59.10148,-38.24554],[-59.10097,-38.24547],[-59.10019,-38.24535],[-59.09948,-38.24542],[-59.09866,-38.24557],[-59.0976,-38.24586],[-59.11944,-38.26242],[-59.12962,-38.2702],[-59.1418,-38.27945],[-59.14741,-38.27493],[-59.14773,-38.27521],[-59.14782,-38.27566],[-59.14826,-38.27644],[-59.14829,-38.27668],[-59.14857,-38.27709],[-59.14937,-38.27764],[-59.15011,-38.27805],[-59.15031,-38.27827],[-59.1505,-38.27857],[-59.15046,-38.27883],[-59.15056,-38.279],[-59.15092,-38.27924],[-59.1516,-38.28031],[-59.15159,-38.28099],[-59.15187,-38.28157],[-59.15191,-38.2818],[-59.15164,-38.28239],[-59.15208,-38.28281],[-59.15206,-38.28301],[-59.15272,-38.28369],[-59.1529,-38.28367],[-59.1532,-38.28401],[-59.1533,-38.28439],[-59.15325,-38.28517],[-59.15339,-38.2856],[-59.15382,-38.28582],[-59.15405,-38.28578],[-59.15421,-38.28541],[-59.15425,-38.28512],[-59.15391,-38.28426],[-59.15383,-38.28389],[-59.15402,-38.28374],[-59.15403,-38.28371],[-59.15416,-38.28311],[-59.15447,-38.28289],[-59.15463,-38.28251],[-59.15421,-38.28126],[-59.15434,-38.28018],[-59.15501,-38.27984],[-59.15566,-38.27971],[-59.15651,-38.27976],[-59.15713,-38.27993],[-59.15772,-38.28017],[-59.15904,-38.27997],[-59.15988,-38.27961],[-59.16026,-38.27956],[-59.16123,-38.2793],[-59.16221,-38.27927],[-59.16383,-38.27945],[-59.16473,-38.27928],[-59.16553,-38.2793],[-59.16652,-38.27877],[-59.16648,-38.27851],[-59.16664,-38.27809],[-59.16678,-38.27755],[-59.16664,-38.27717],[-59.16621,-38.27625],[-59.16565,-38.27584],[-59.16521,-38.27577],[-59.1647,-38.27574],[-59.16485,-38.27555],[-59.16501,-38.27546],[-59.16517,-38.27513],[-59.16596,-38.27478],[-59.16955,-38.2794],[-59.17432,-38.29006],[-59.17915,-38.30007],[-59.18845,-38.31226],[-59.19285,-38.30329],[-59.19836,-38.29221],[-59.19573,-38.2914],[-59.19573,-38.2914],[-59.19319,-38.29064],[-59.19053,-38.28983],[-59.18791,-38.28902],[-59.18978,-38.28527],[-59.18702,-38.28444],[-59.1843,-38.28362],[-59.18653,-38.27924],[-59.18752,-38.27723],[-59.18855,-38.27514],[-59.1912,-38.27594],[-59.19395,-38.27678],[-59.19408,-38.27651],[-59.19419,-38.27629],[-59.19507,-38.27455],[-59.19609,-38.27253],[-59.19723,-38.27021],[-59.19827,-38.26806],[-59.20083,-38.26885],[-59.20335,-38.26963],[-59.20599,-38.27043],[-59.20862,-38.27123],[-59.21411,-38.26003],[-59.21427,-38.25973],[-59.21444,-38.2595],[-59.21462,-38.25932],[-59.21992,-38.25504],[-59.22996,-38.24687],[-59.21528,-38.23564],[-59.21548,-38.23549],[-59.21071,-38.23162],[-59.21738,-38.22612],[-59.23019,-38.2056],[-59.23881,-38.21186],[-59.24424,-38.20723],[-59.25606,-38.19707],[-59.24007,-38.18535],[-59.2403,-38.1851],[-59.24057,-38.18469],[-59.24087,-38.18424],[-59.24098,-38.18359],[-59.24108,-38.18319],[-59.24145,-38.18272],[-59.24202,-38.18235],[-59.24264,-38.18216],[-59.24351,-38.18206],[-59.2439,-38.18195],[-59.24443,-38.18159],[-59.24513,-38.18138],[-59.24559,-38.18114],[-59.24599,-38.18079],[-59.24641,-38.18051],[-59.24707,-38.1804],[-59.24741,-38.18017],[-59.24751,-38.17975],[-59.24761,-38.17919],[-59.24779,-38.17873],[-59.24799,-38.17848],[-59.2485,-38.17824],[-59.24876,-38.17797],[-59.24908,-38.1772],[-59.24927,-38.17641],[-59.2493,-38.17548],[-59.24938,-38.175],[-59.24963,-38.17477],[-59.24975,-38.17451],[-59.24974,-38.17379],[-59.24974,-38.17303],[-59.24961,-38.17218],[-59.24925,-38.17133],[-59.24907,-38.17049],[-59.24885,-38.16999],[-59.24882,-38.16942],[-59.24882,-38.16863],[-59.24861,-38.16776],[-59.2484,-38.16711],[-59.24812,-38.16625],[-59.2479,-38.16563],[-59.24781,-38.16504],[-59.24759,-38.1648],[-59.24716,-38.16407],[-59.24663,-38.16321],[-59.2463,-38.16251],[-59.24636,-38.16189],[-59.2462,-38.16135],[-59.24587,-38.16089],[-59.24559,-38.16051],[-59.24541,-38.15982],[-59.2452,-38.15964],[-59.24458,-38.15917],[-59.24414,-38.15856],[-59.24366,-38.15758],[-59.24353,-38.15702],[-59.2436,-38.15637],[-59.24383,-38.15594],[-59.24387,-38.15543],[-59.24408,-38.15481],[-59.24434,-38.15451],[-59.24503,-38.15404],[-59.24585,-38.15355],[-59.24507,-38.15186],[-59.24526,-38.15157],[-59.24507,-38.15136],[-59.24488,-38.1511],[-59.24201,-38.14507],[-59.23823,-38.13729],[-59.23816,-38.13698],[-59.23813,-38.13672],[-59.23262,-38.14027],[-59.23219,-38.14061],[-59.23178,-38.14096],[-59.23139,-38.14138],[-59.23095,-38.14197],[-59.23037,-38.14299],[-59.22867,-38.14611],[-59.22654,-38.15014],[-59.22229,-38.15805],[-59.22171,-38.15906],[-59.21489,-38.17177],[-59.21042,-38.18011],[-59.20943,-38.18191],[-59.20903,-38.18251],[-59.20847,-38.18309],[-59.20787,-38.18365],[-59.20719,-38.18414],[-59.20642,-38.18458],[-59.20226,-38.18618],[-59.20044,-38.18685],[-59.19979,-38.18711],[-59.19914,-38.18746],[-59.19845,-38.18792],[-59.19776,-38.18847],[-59.19722,-38.18904],[-59.19677,-38.18964],[-59.19636,-38.19036],[-59.19565,-38.19189],[-59.19092,-38.20154],[-59.19017,-38.2031],[-59.18983,-38.20376],[-59.18946,-38.20436],[-59.18903,-38.205]]]]}},{"type":"Feature","properties":{"radio":"065810807","tipo":"Rural","poblacion":12,"hogares":5,"nbi":"Menos de 20 hogares"},"geometry":{"type":"MultiPolygon","coordinates":[[[[-59.257,-38.22492],[-59.279,-38.24096],[-59.28753,-38.23441],[-59.29825,-38.2433],[-59.31674,-38.25877],[-59.31685,-38.2587],[-59.32853,-38.26845],[-59.33412,-38.27072],[-59.33555,-38.27127],[-59.33424,-38.26907],[-59.33218,-38.26593],[-59.32746,-38.25837],[-59.3258,-38.25566],[-59.32554,-38.25512],[-59.32524,-38.25422],[-59.32502,-38.25347],[-59.32255,-38.24467],[-59.32199,-38.24297],[-59.32175,-38.24227],[-59.31867,-38.23159],[-59.31862,-38.23086],[-59.31861,-38.23046],[-59.31846,-38.22978],[-59.31824,-38.22909],[-59.31785,-38.22816],[-59.31749,-38.22724],[-59.3173,-38.22666],[-59.31667,-38.22442],[-59.31589,-38.22172],[-59.3133,-38.21284],[-59.31157,-38.20705],[-59.31132,-38.20638],[-59.31098,-38.20567],[-59.31058,-38.20501],[-59.31013,-38.20442],[-59.3096,-38.20382],[-59.30904,-38.20326],[-59.30852,-38.20281],[-59.30554,-38.20058],[-59.30522,-38.2003],[-59.30442,-38.19946],[-59.30118,-38.19701],[-59.30016,-38.19648],[-59.29754,-38.19457],[-59.29196,-38.19025],[-59.29177,-38.19012],[-59.28698,-38.18647],[-59.28291,-38.1834],[-59.282,-38.18261],[-59.27251,-38.17538],[-59.26474,-38.16954],[-59.26246,-38.16787],[-59.26071,-38.16646],[-59.2566,-38.16333],[-59.25416,-38.16155],[-59.24927,-38.15783],[-59.24873,-38.15735],[-59.24829,-38.15681],[-59.24791,-38.15631],[-59.24753,-38.15578],[-59.24716,-38.15502],[-59.24687,-38.15439],[-59.24635,-38.15322],[-59.24585,-38.15355],[-59.24503,-38.15404],[-59.24434,-38.15451],[-59.24408,-38.15481],[-59.24387,-38.15543],[-59.24383,-38.15594],[-59.2436,-38.15637],[-59.24353,-38.15702],[-59.24366,-38.15758],[-59.24414,-38.15856],[-59.24458,-38.15917],[-59.2452,-38.15964],[-59.24541,-38.15982],[-59.24559,-38.16051],[-59.24587,-38.16089],[-59.2462,-38.16135],[-59.24636,-38.16189],[-59.2463,-38.16251],[-59.24663,-38.16321],[-59.24716,-38.16407],[-59.24759,-38.1648],[-59.24781,-38.16504],[-59.2479,-38.16563],[-59.24812,-38.16625],[-59.2484,-38.16711],[-59.24861,-38.16776],[-59.24882,-38.16863],[-59.24882,-38.16942],[-59.24885,-38.16999],[-59.24907,-38.17049],[-59.24925,-38.17133],[-59.24961,-38.17218],[-59.24974,-38.17303],[-59.24974,-38.17379],[-59.24975,-38.17451],[-59.24963,-38.17477],[-59.24938,-38.175],[-59.2493,-38.17548],[-59.24927,-38.17641],[-59.24908,-38.1772],[-59.24876,-38.17797],[-59.2485,-38.17824],[-59.24799,-38.17848],[-59.24779,-38.17873],[-59.24761,-38.17919],[-59.24751,-38.17975],[-59.24741,-38.18017],[-59.24707,-38.1804],[-59.24641,-38.18051],[-59.24599,-38.18079],[-59.24559,-38.18114],[-59.24513,-38.18138],[-59.24443,-38.18159],[-59.2439,-38.18195],[-59.24351,-38.18206],[-59.24264,-38.18216],[-59.24202,-38.18235],[-59.24145,-38.18272],[-59.24108,-38.18319],[-59.24098,-38.18359],[-59.24087,-38.18424],[-59.24057,-38.18469],[-59.2403,-38.1851],[-59.24007,-38.18535],[-59.25606,-38.19707],[-59.24424,-38.20723],[-59.23881,-38.21186],[-59.24607,-38.21712],[-59.257,-38.22492]]]]}},{"type":"Feature","properties":{"radio":"065810808","tipo":"Rural","poblacion":50,"hogares":15,"nbi":"Menos de 20 hogares"},"geometry":{"type":"MultiPolygon","coordinates":[[[[-59.21528,-38.23564],[-59.22996,-38.24687],[-59.21992,-38.25504],[-59.21462,-38.25932],[-59.21444,-38.2595],[-59.21427,-38.25973],[-59.21411,-38.26003],[-59.20862,-38.27123],[-59.21133,-38.27206],[-59.21133,-38.27206],[-59.21392,-38.27285],[-59.21648,-38.27364],[-59.21895,-38.27439],[-59.21789,-38.27661],[-59.21683,-38.27884],[-59.21632,-38.27988],[-59.21583,-38.28089],[-59.21534,-38.28189],[-59.21494,-38.2827],[-59.21486,-38.28287],[-59.21473,-38.28313],[-59.21371,-38.28521],[-59.21319,-38.28626],[-59.21272,-38.28722],[-59.2117,-38.28929],[-59.21072,-38.29126],[-59.21054,-38.29163],[-59.20968,-38.29338],[-59.20872,-38.29536],[-59.20624,-38.2946],[-59.2035,-38.29377],[-59.20098,-38.29301],[-59.19836,-38.29221],[-59.19285,-38.30329],[-59.18845,-38.31226],[-59.18747,-38.31276],[-59.18756,-38.31415],[-59.19248,-38.31792],[-59.19439,-38.31954],[-59.20472,-38.32736],[-59.21668,-38.33645],[-59.2319,-38.34802],[-59.24683,-38.35936],[-59.25291,-38.36396],[-59.26485,-38.35428],[-59.2796,-38.34226],[-59.30046,-38.32514],[-59.31159,-38.31612],[-59.3169,-38.31175],[-59.3382,-38.32849],[-59.34079,-38.33041],[-59.34089,-38.33008],[-59.34065,-38.32983],[-59.34034,-38.32982],[-59.3395,-38.32915],[-59.33943,-38.3288],[-59.33943,-38.32847],[-59.33935,-38.32829],[-59.33887,-38.32814],[-59.33861,-38.32802],[-59.33838,-38.32776],[-59.33817,-38.32768],[-59.33799,-38.3275],[-59.33798,-38.32733],[-59.33801,-38.32719],[-59.33808,-38.32694],[-59.33774,-38.32661],[-59.33773,-38.32639],[-59.3375,-38.32616],[-59.33724,-38.32608],[-59.33714,-38.32594],[-59.33717,-38.32564],[-59.33697,-38.32526],[-59.33687,-38.32494],[-59.33625,-38.32423],[-59.33606,-38.32413],[-59.33606,-38.32384],[-59.33629,-38.32362],[-59.33634,-38.32327],[-59.336,-38.32257],[-59.33602,-38.32206],[-59.33595,-38.32181],[-59.33608,-38.32159],[-59.33605,-38.32139],[-59.33587,-38.32133],[-59.33577,-38.32113],[-59.33594,-38.32098],[-59.33625,-38.32079],[-59.33642,-38.32058],[-59.33656,-38.32031],[-59.33669,-38.32019],[-59.33708,-38.32004],[-59.33726,-38.3199],[-59.33729,-38.31973],[-59.33724,-38.3195],[-59.33746,-38.31917],[-59.33765,-38.31907],[-59.33762,-38.31892],[-59.3375,-38.31879],[-59.33759,-38.31866],[-59.33784,-38.31866],[-59.3382,-38.31821],[-59.33834,-38.31782],[-59.33853,-38.31768],[-59.33881,-38.31754],[-59.33887,-38.31733],[-59.33894,-38.31712],[-59.33921,-38.31694],[-59.33951,-38.31681],[-59.33957,-38.31668],[-59.33949,-38.31643],[-59.33957,-38.31619],[-59.33972,-38.31604],[-59.34008,-38.31597],[-59.34057,-38.31576],[-59.34067,-38.31534],[-59.34092,-38.31514],[-59.34091,-38.31498],[-59.34075,-38.31472],[-59.34038,-38.31468],[-59.34042,-38.31446],[-59.34064,-38.3142],[-59.34057,-38.31408],[-59.34043,-38.31392],[-59.34044,-38.31377],[-59.34067,-38.31363],[-59.34084,-38.31379],[-59.34114,-38.31383],[-59.34127,-38.31364],[-59.34144,-38.31349],[-59.34192,-38.31312],[-59.34237,-38.3129],[-59.34256,-38.31266],[-59.34266,-38.31224],[-59.34276,-38.31184],[-59.34291,-38.31167],[-59.34329,-38.31136],[-59.34365,-38.31125],[-59.34379,-38.31114],[-59.34382,-38.31075],[-59.34395,-38.31047],[-59.34405,-38.31016],[-59.34427,-38.30999],[-59.34456,-38.31002],[-59.34499,-38.3097],[-59.3455,-38.3096],[-59.34577,-38.3096],[-59.34594,-38.30945],[-59.34626,-38.30941],[-59.34645,-38.30935],[-59.34653,-38.30918],[-59.34672,-38.30894],[-59.3471,-38.30871],[-59.34822,-38.30842],[-59.34847,-38.30853],[-59.34858,-38.30889],[-59.34883,-38.30908],[-59.34901,-38.30929],[-59.34952,-38.30917],[-59.34997,-38.30861],[-59.35,-38.30832],[-59.35019,-38.30801],[-59.3506,-38.30775],[-59.35101,-38.30763],[-59.35142,-38.30736],[-59.35178,-38.30724],[-59.35203,-38.30731],[-59.35231,-38.30727],[-59.3524,-38.30714],[-59.35236,-38.30702],[-59.35208,-38.30699],[-59.35187,-38.30689],[-59.3516,-38.30623],[-59.35167,-38.30607],[-59.35186,-38.30601],[-59.35194,-38.30587],[-59.35182,-38.30554],[-59.35191,-38.30535],[-59.35211,-38.30532],[-59.35229,-38.30513],[-59.35228,-38.305],[-59.35219,-38.30475],[-59.35233,-38.30468],[-59.35245,-38.30481],[-59.35258,-38.30483],[-59.35286,-38.3044],[-59.35285,-38.304],[-59.35295,-38.3037],[-59.35323,-38.30352],[-59.35354,-38.30346],[-59.35379,-38.30329],[-59.35371,-38.30313],[-59.35334,-38.3028],[-59.35312,-38.30269],[-59.35279,-38.3027],[-59.35224,-38.30276],[-59.35199,-38.30273],[-59.35183,-38.30253],[-59.35154,-38.30214],[-59.35126,-38.30199],[-59.35089,-38.30189],[-59.3502,-38.30099],[-59.35025,-38.30067],[-59.35028,-38.30042],[-59.35014,-38.30011],[-59.34973,-38.29934],[-59.34937,-38.29907],[-59.34892,-38.29875],[-59.3488,-38.29856],[-59.34885,-38.29806],[-59.34901,-38.29717],[-59.34878,-38.29653],[-59.3488,-38.29622],[-59.34905,-38.29599],[-59.34906,-38.29559],[-59.34912,-38.29523],[-59.34927,-38.29509],[-59.34919,-38.29497],[-59.34927,-38.29479],[-59.34897,-38.29407],[-59.34886,-38.29383],[-59.34859,-38.29356],[-59.34845,-38.29346],[-59.34833,-38.29302],[-59.34799,-38.29274],[-59.34779,-38.29244],[-59.34733,-38.29224],[-59.34701,-38.29198],[-59.347,-38.29174],[-59.34675,-38.29157],[-59.34671,-38.29138],[-59.34645,-38.29118],[-59.3464,-38.29101],[-59.34611,-38.29048],[-59.34585,-38.29023],[-59.34586,-38.29002],[-59.34596,-38.28979],[-59.34585,-38.28951],[-59.34592,-38.28929],[-59.34583,-38.28907],[-59.34567,-38.28882],[-59.34544,-38.28868],[-59.34527,-38.28837],[-59.34509,-38.28819],[-59.34493,-38.2881],[-59.34488,-38.28788],[-59.34468,-38.28774],[-59.34459,-38.28757],[-59.34468,-38.28727],[-59.34465,-38.28681],[-59.34454,-38.28664],[-59.34436,-38.28656],[-59.34422,-38.28606],[-59.34382,-38.28547],[-59.34335,-38.28509],[-59.34294,-38.28478],[-59.34286,-38.28448],[-59.34271,-38.28439],[-59.34234,-38.28424],[-59.34198,-38.28387],[-59.34196,-38.28356],[-59.34173,-38.28328],[-59.34144,-38.28309],[-59.34131,-38.28279],[-59.34097,-38.28267],[-59.34076,-38.28247],[-59.34039,-38.28225],[-59.34026,-38.2821],[-59.34033,-38.28181],[-59.34015,-38.28161],[-59.33981,-38.28129],[-59.33978,-38.28098],[-59.3396,-38.28085],[-59.33936,-38.28074],[-59.33908,-38.28021],[-59.33891,-38.28005],[-59.33854,-38.2792],[-59.3384,-38.27898],[-59.33808,-38.27861],[-59.3379,-38.2783],[-59.33776,-38.2782],[-59.33743,-38.27808],[-59.33708,-38.2776],[-59.33658,-38.27686],[-59.33645,-38.2766],[-59.33651,-38.27626],[-59.33643,-38.27557],[-59.33621,-38.27543],[-59.33618,-38.27528],[-59.33603,-38.27506],[-59.33579,-38.27485],[-59.3354,-38.27454],[-59.33506,-38.27375],[-59.33509,-38.27348],[-59.33504,-38.27334],[-59.33472,-38.27315],[-59.33438,-38.27273],[-59.33426,-38.27238],[-59.33437,-38.27224],[-59.33432,-38.27216],[-59.33412,-38.27192],[-59.33401,-38.27154],[-59.33409,-38.27121],[-59.33412,-38.27072],[-59.32853,-38.26845],[-59.31685,-38.2587],[-59.31674,-38.25877],[-59.29825,-38.2433],[-59.28753,-38.23441],[-59.279,-38.24096],[-59.257,-38.22492],[-59.24607,-38.21712],[-59.23881,-38.21186],[-59.23019,-38.2056],[-59.21738,-38.22612],[-59.21071,-38.23162],[-59.21548,-38.23549],[-59.21528,-38.23564]]]]}},{"type":"Feature","properties":{"radio":"065810809","tipo":"Urbano","poblacion":274,"hogares":103,"pct_nbi":2.9,"pct_hacinamiento":2.9,"pct_sin_agua_red":4.9,"pct_sin_cloaca":91.3,"pct_garrafa_lena":48.5,"pct_solo_salud_publica":34.7,"pct_0a17":24.1,"pct_70ymas":9.5,"nbi":"2,5 a 5 %"},"geometry":{"type":"MultiPolygon","coordinates":[[[[-59.18752,-38.27723],[-59.18653,-38.27924],[-59.1843,-38.28362],[-59.18702,-38.28444],[-59.18978,-38.28527],[-59.18791,-38.28902],[-59.19053,-38.28983],[-59.19319,-38.29064],[-59.19416,-38.28864],[-59.19417,-38.28861],[-59.19442,-38.28811],[-59.19468,-38.28755],[-59.19515,-38.28654],[-59.19565,-38.2855],[-59.19616,-38.28448],[-59.19665,-38.28348],[-59.19715,-38.28245],[-59.19763,-38.28146],[-59.19813,-38.28046],[-59.19863,-38.27944],[-59.19912,-38.27844],[-59.1989,-38.27838],[-59.19777,-38.27802],[-59.19655,-38.27764],[-59.19602,-38.27863],[-59.19343,-38.27783],[-59.19395,-38.27678],[-59.1912,-38.27594],[-59.18855,-38.27514],[-59.18752,-38.27723]]]]}},{"type":"Feature","properties":{"radio":"065810810","tipo":"Urbano","poblacion":315,"hogares":133,"pct_nbi":2.3,"pct_hacinamiento":3.8,"pct_sin_agua_red":0.0,"pct_sin_cloaca":97.0,"pct_garrafa_lena":19.5,"pct_solo_salud_publica":26.7,"pct_0a17":23.2,"pct_70ymas":13.3,"nbi":"Menos de 2,5 %"},"geometry":{"type":"MultiPolygon","coordinates":[[[[-59.21142,-38.28682],[-59.21272,-38.28722],[-59.21319,-38.28626],[-59.21371,-38.28521],[-59.21473,-38.28313],[-59.21486,-38.28287],[-59.21494,-38.2827],[-59.21534,-38.28189],[-59.21405,-38.28151],[-59.21281,-38.28113],[-59.21149,-38.28074],[-59.21024,-38.28036],[-59.20757,-38.27953],[-59.20629,-38.27913],[-59.20499,-38.27873],[-59.20354,-38.27829],[-59.20315,-38.27817],[-59.2023,-38.27791],[-59.19965,-38.2771],[-59.19956,-38.27712],[-59.1995,-38.27717],[-59.19917,-38.27784],[-59.19906,-38.27806],[-59.1989,-38.27838],[-59.19912,-38.27844],[-59.20045,-38.27885],[-59.20171,-38.27925],[-59.20171,-38.27925],[-59.20297,-38.27964],[-59.20432,-38.28005],[-59.20385,-38.28105],[-59.20336,-38.28205],[-59.20465,-38.28245],[-59.20467,-38.28246],[-59.20594,-38.28284],[-59.20723,-38.28323],[-59.20674,-38.28425],[-59.20736,-38.28443],[-59.20806,-38.28465],[-59.20757,-38.28564],[-59.20891,-38.28605],[-59.20891,-38.28605],[-59.21018,-38.28644],[-59.21142,-38.28682]]]]}},{"type":"Feature","properties":{"radio":"065810811","tipo":"Urbano","poblacion":253,"hogares":102,"pct_nbi":1.0,"pct_hacinamiento":5.9,"pct_sin_agua_red":1.0,"pct_sin_cloaca":95.1,"pct_garrafa_lena":50.0,"pct_solo_salud_publica":28.9,"pct_0a17":27.3,"pct_70ymas":8.7,"nbi":"Menos de 2,5 %"},"geometry":{"type":"MultiPolygon","coordinates":[[[[-59.19573,-38.2914],[-59.19836,-38.29221],[-59.19882,-38.29126],[-59.19933,-38.29021],[-59.19933,-38.29021],[-59.19983,-38.28918],[-59.20035,-38.28814],[-59.20035,-38.28813],[-59.20035,-38.28813],[-59.20087,-38.28709],[-59.20137,-38.28607],[-59.20187,-38.28508],[-59.20187,-38.28507],[-59.20237,-38.28406],[-59.20101,-38.28365],[-59.19972,-38.28326],[-59.19846,-38.28286],[-59.19715,-38.28245],[-59.19665,-38.28348],[-59.19616,-38.28448],[-59.19565,-38.2855],[-59.19515,-38.28654],[-59.19468,-38.28755],[-59.19442,-38.28811],[-59.19417,-38.28861],[-59.19416,-38.28864],[-59.19319,-38.29064],[-59.19573,-38.2914],[-59.19573,-38.2914]]]]}},{"type":"Feature","properties":{"radio":"065810812","tipo":"Urbano","poblacion":162,"hogares":57,"pct_nbi":7.0,"pct_hacinamiento":5.3,"pct_sin_agua_red":7.0,"pct_sin_cloaca":96.5,"pct_garrafa_lena":87.7,"pct_solo_salud_publica":50.6,"pct_0a17":32.7,"pct_70ymas":9.9,"nbi":"5 a 10 %"},"geometry":{"type":"MultiPolygon","coordinates":[[[[-59.19395,-38.27678],[-59.19343,-38.27783],[-59.19602,-38.27863],[-59.19655,-38.27764],[-59.19777,-38.27802],[-59.1989,-38.27838],[-59.19906,-38.27806],[-59.19917,-38.27784],[-59.1995,-38.27717],[-59.19956,-38.27712],[-59.19965,-38.2771],[-59.2023,-38.27791],[-59.20315,-38.27817],[-59.20354,-38.27829],[-59.20499,-38.27873],[-59.20629,-38.27913],[-59.20757,-38.27953],[-59.21024,-38.28036],[-59.21149,-38.28074],[-59.21281,-38.28113],[-59.21405,-38.28151],[-59.21534,-38.28189],[-59.21583,-38.28089],[-59.21632,-38.27988],[-59.21683,-38.27884],[-59.21789,-38.27661],[-59.21895,-38.27439],[-59.21648,-38.27364],[-59.21392,-38.27285],[-59.21133,-38.27206],[-59.21133,-38.27206],[-59.20862,-38.27123],[-59.20599,-38.27043],[-59.20335,-38.26963],[-59.20083,-38.26885],[-59.19827,-38.26806],[-59.19723,-38.27021],[-59.19609,-38.27253],[-59.19507,-38.27455],[-59.19419,-38.27629],[-59.19408,-38.27651],[-59.19395,-38.27678]]]]}},{"type":"Feature","properties":{"radio":"065810901","tipo":"Rural","poblacion":30,"hogares":17,"nbi":"Menos de 20 hogares"},"geometry":{"type":"MultiPolygon","coordinates":[[[[-59.01742,-38.23572],[-59.01691,-38.23576],[-59.01547,-38.23568],[-59.01481,-38.23578],[-59.01437,-38.23572],[-59.01382,-38.2356],[-59.01306,-38.23574],[-59.01237,-38.23596],[-59.01167,-38.23634],[-59.01085,-38.23674],[-59.01042,-38.23682],[-59.00935,-38.23676],[-59.00784,-38.23671],[-59.00706,-38.23659],[-59.00624,-38.23632],[-59.00573,-38.23617],[-59.00458,-38.23607],[-59.003,-38.23582],[-59.00211,-38.23578],[-59.00085,-38.2358],[-58.99952,-38.23569],[-58.99846,-38.23568],[-58.99709,-38.23588],[-58.99676,-38.23596],[-58.99595,-38.23641],[-58.9953,-38.23679],[-58.99425,-38.23726],[-58.99366,-38.2377],[-58.9931,-38.23791],[-58.99142,-38.2384],[-58.99107,-38.23852],[-58.99074,-38.23881],[-58.99017,-38.2395],[-58.98984,-38.2401],[-58.98966,-38.24088],[-58.98963,-38.24143],[-58.98966,-38.2417],[-58.98986,-38.24193],[-58.99021,-38.2421],[-58.99113,-38.24251],[-58.99183,-38.24317],[-58.99221,-38.24344],[-58.993,-38.24372],[-58.99333,-38.24395],[-58.99352,-38.24434],[-58.99368,-38.24489],[-58.99377,-38.24542],[-58.99381,-38.24583],[-58.99363,-38.24633],[-58.99314,-38.24706],[-58.99292,-38.24751],[-58.99246,-38.24792],[-58.99171,-38.24858],[-58.99132,-38.24918],[-58.99103,-38.24992],[-58.99061,-38.25041],[-58.99003,-38.25079],[-58.98942,-38.2511],[-58.98878,-38.2512],[-58.98771,-38.2511],[-58.98697,-38.25086],[-58.98625,-38.25051],[-58.9856,-38.2501],[-58.98493,-38.24946],[-58.98399,-38.24847],[-58.98334,-38.24777],[-58.98298,-38.24719],[-58.98253,-38.2467],[-58.98189,-38.24616],[-58.98119,-38.24574],[-58.98055,-38.24556],[-58.97972,-38.24554],[-58.97943,-38.2456],[-58.97835,-38.24594],[-58.9777,-38.24602],[-58.97711,-38.24594],[-58.97604,-38.24567],[-58.97519,-38.24553],[-58.97453,-38.24544],[-58.97366,-38.24551],[-58.97306,-38.24563],[-58.97198,-38.24603],[-58.97112,-38.24639],[-58.9706,-38.24669],[-58.97034,-38.24686],[-58.97008,-38.24718],[-58.97013,-38.24769],[-58.97043,-38.2482],[-58.97058,-38.2488],[-58.97059,-38.24927],[-58.97032,-38.24965],[-58.96982,-38.25009],[-58.96939,-38.25063],[-58.96909,-38.25089],[-58.97481,-38.25532],[-58.98388,-38.26233],[-58.99342,-38.26971],[-59.00376,-38.27764],[-59.04847,-38.31206],[-59.07102,-38.30324],[-59.07382,-38.30212],[-59.07471,-38.30173],[-59.07542,-38.30138],[-59.07616,-38.30096],[-59.07683,-38.30048],[-59.08081,-38.29707],[-59.08838,-38.29033],[-59.09979,-38.28006],[-59.10533,-38.27511],[-59.11359,-38.26769],[-59.11944,-38.26242],[-59.0976,-38.24586],[-59.09679,-38.24609],[-59.09597,-38.24617],[-59.09545,-38.24628],[-59.09485,-38.24648],[-59.0943,-38.24651],[-59.09409,-38.24644],[-59.09367,-38.24631],[-59.09347,-38.24604],[-59.0932,-38.24562],[-59.09278,-38.24543],[-59.09173,-38.24518],[-59.09119,-38.24508],[-59.09062,-38.24516],[-59.09003,-38.24529],[-59.08934,-38.24532],[-59.08837,-38.24539],[-59.08749,-38.2454],[-59.08686,-38.24548],[-59.08625,-38.2457],[-59.08554,-38.24614],[-59.08529,-38.24641],[-59.0849,-38.24653],[-59.08446,-38.24648],[-59.08348,-38.24627],[-59.08324,-38.24609],[-59.0828,-38.24576],[-59.08218,-38.24543],[-59.08146,-38.24519],[-59.08077,-38.24507],[-59.08038,-38.24493],[-59.08002,-38.24463],[-59.07961,-38.24393],[-59.07921,-38.24357],[-59.07869,-38.24334],[-59.0781,-38.2432],[-59.07729,-38.24304],[-59.07657,-38.24269],[-59.07592,-38.24241],[-59.07455,-38.2419],[-59.07374,-38.24151],[-59.07321,-38.24114],[-59.07198,-38.24053],[-59.07127,-38.23989],[-59.07074,-38.23956],[-59.07023,-38.23921],[-59.06965,-38.23861],[-59.06837,-38.2378],[-59.068,-38.23769],[-59.06744,-38.23758],[-59.06683,-38.23734],[-59.06607,-38.23704],[-59.0653,-38.23691],[-59.06459,-38.23669],[-59.0639,-38.2365],[-59.06349,-38.23646],[-59.06293,-38.23663],[-59.0618,-38.23679],[-59.0612,-38.23711],[-59.06022,-38.23768],[-59.05885,-38.2384],[-59.05804,-38.2391],[-59.05783,-38.23945],[-59.05748,-38.24029],[-59.05708,-38.24082],[-59.05692,-38.24131],[-59.05667,-38.24205],[-59.05632,-38.2435],[-59.05599,-38.24382],[-59.05507,-38.24433],[-59.05466,-38.24436],[-59.05408,-38.24421],[-59.05346,-38.2442],[-59.05254,-38.24429],[-59.05152,-38.24397],[-59.05056,-38.24367],[-59.04905,-38.24338],[-59.04842,-38.24323],[-59.04812,-38.24309],[-59.04777,-38.2427],[-59.04694,-38.24239],[-59.04661,-38.24232],[-59.04593,-38.2423],[-59.04522,-38.24204],[-59.04482,-38.24178],[-59.04455,-38.24148],[-59.04412,-38.24132],[-59.04382,-38.24133],[-59.04321,-38.24156],[-59.04286,-38.24195],[-59.04226,-38.24243],[-59.04173,-38.24266],[-59.0413,-38.24277],[-59.04068,-38.24275],[-59.04008,-38.24269],[-59.03957,-38.24276],[-59.0393,-38.24255],[-59.03899,-38.24253],[-59.03837,-38.24278],[-59.03753,-38.24276],[-59.037,-38.24281],[-59.03658,-38.2427],[-59.03534,-38.24268],[-59.03324,-38.2426],[-59.03278,-38.24249],[-59.03237,-38.24222],[-59.03204,-38.24181],[-59.03102,-38.24135],[-59.03078,-38.24131],[-59.03034,-38.24142],[-59.02961,-38.24156],[-59.02894,-38.2415],[-59.02826,-38.24145],[-59.0274,-38.24103],[-59.0269,-38.24061],[-59.02611,-38.24023],[-59.02541,-38.23998],[-59.0248,-38.2397],[-59.02362,-38.23914],[-59.02327,-38.23886],[-59.02286,-38.23859],[-59.02245,-38.23826],[-59.02179,-38.238],[-59.02096,-38.23771],[-59.02054,-38.23747],[-59.02042,-38.23706],[-59.02026,-38.23673],[-59.01946,-38.23581],[-59.01903,-38.23563],[-59.01841,-38.23552],[-59.01813,-38.23553],[-59.01742,-38.23572]]]]}},{"type":"Feature","properties":{"radio":"065810902","tipo":"Rural","poblacion":18,"hogares":5,"nbi":"Menos de 20 hogares"},"geometry":{"type":"MultiPolygon","coordinates":[[[[-58.96287,-38.25404],[-58.96235,-38.25405],[-58.96092,-38.25393],[-58.95999,-38.25395],[-58.95878,-38.25398],[-58.95792,-38.25407],[-58.95711,-38.2544],[-58.95604,-38.25478],[-58.95499,-38.25504],[-58.95311,-38.25548],[-58.95264,-38.25564],[-58.95228,-38.25606],[-58.95167,-38.25648],[-58.94988,-38.25723],[-58.94917,-38.25764],[-58.94801,-38.25833],[-58.94745,-38.25891],[-58.94675,-38.25956],[-58.94492,-38.26073],[-58.94423,-38.26127],[-58.943,-38.26204],[-58.94232,-38.26268],[-58.9417,-38.2632],[-58.94091,-38.26372],[-58.94016,-38.26412],[-58.93941,-38.26441],[-58.93851,-38.26487],[-58.93797,-38.26503],[-58.93746,-38.26507],[-58.93645,-38.26569],[-58.93584,-38.26597],[-58.93466,-38.26603],[-58.93394,-38.26622],[-58.93322,-38.26625],[-58.93229,-38.26599],[-58.94003,-38.27222],[-58.95471,-38.28403],[-58.97521,-38.30022],[-58.9902,-38.31219],[-58.98694,-38.31473],[-58.97786,-38.32186],[-58.97288,-38.32573],[-58.98238,-38.33328],[-58.98152,-38.33396],[-58.99176,-38.34193],[-59.00547,-38.35247],[-59.02052,-38.36407],[-59.02824,-38.35804],[-59.04399,-38.34571],[-59.0505,-38.35066],[-59.06304,-38.36027],[-59.07492,-38.3507],[-59.08645,-38.34133],[-59.06781,-38.32707],[-59.04847,-38.31206],[-59.00376,-38.27764],[-58.99342,-38.26971],[-58.98388,-38.26233],[-58.97481,-38.25532],[-58.96909,-38.25089],[-58.96866,-38.25112],[-58.96811,-38.25122],[-58.96747,-38.25147],[-58.96663,-38.25146],[-58.96615,-38.25169],[-58.96547,-38.2522],[-58.96469,-38.25274],[-58.96397,-38.25344],[-58.96331,-38.25389],[-58.96287,-38.25404]]]]}},{"type":"Feature","properties":{"radio":"065810903","tipo":"Rural","poblacion":10,"hogares":3,"nbi":"Menos de 20 hogares"},"geometry":{"type":"MultiPolygon","coordinates":[[[[-59.10487,-38.39628],[-59.10837,-38.39901],[-59.11077,-38.3973],[-59.11616,-38.40158],[-59.12565,-38.40905],[-59.13792,-38.41871],[-59.14623,-38.41203],[-59.1622,-38.39953],[-59.15832,-38.39655],[-59.17508,-38.38308],[-59.17143,-38.38023],[-59.15968,-38.37137],[-59.1511,-38.36486],[-59.15033,-38.36433],[-59.14987,-38.36404],[-59.14765,-38.36236],[-59.14733,-38.36186],[-59.13987,-38.35613],[-59.12532,-38.34496],[-59.11379,-38.33611],[-59.10175,-38.32683],[-59.0888,-38.3169],[-59.07844,-38.30891],[-59.07102,-38.30324],[-59.04847,-38.31206],[-59.06781,-38.32707],[-59.08645,-38.34133],[-59.07492,-38.3507],[-59.06304,-38.36027],[-59.08211,-38.37488],[-59.09023,-38.38126],[-59.10196,-38.39055],[-59.1022,-38.39074],[-59.10527,-38.39316],[-59.10487,-38.39628]]]]}},{"type":"Feature","properties":{"radio":"065810904","tipo":"Rural","poblacion":18,"hogares":6,"nbi":"Menos de 20 hogares"},"geometry":{"type":"MultiPolygon","coordinates":[[[[-59.07382,-38.30212],[-59.07102,-38.30324],[-59.07844,-38.30891],[-59.0888,-38.3169],[-59.10175,-38.32683],[-59.11379,-38.33611],[-59.12532,-38.34496],[-59.13987,-38.35613],[-59.14733,-38.36186],[-59.14765,-38.36236],[-59.14987,-38.36404],[-59.15033,-38.36433],[-59.15362,-38.36017],[-59.15627,-38.35684],[-59.15738,-38.35551],[-59.15968,-38.35274],[-59.16181,-38.34936],[-59.16246,-38.34831],[-59.16298,-38.34761],[-59.16383,-38.34685],[-59.16797,-38.34354],[-59.17245,-38.33997],[-59.17477,-38.33809],[-59.16647,-38.33115],[-59.15422,-38.32091],[-59.15369,-38.32134],[-59.14497,-38.31464],[-59.14481,-38.31475],[-59.14051,-38.31132],[-59.14047,-38.31122],[-59.12975,-38.30297],[-59.12968,-38.303],[-59.11693,-38.29321],[-59.09979,-38.28006],[-59.08838,-38.29033],[-59.08081,-38.29707],[-59.07683,-38.30048],[-59.07616,-38.30096],[-59.07542,-38.30138],[-59.07471,-38.30173],[-59.07382,-38.30212]]]]}},{"type":"Feature","properties":{"radio":"065810905","tipo":"Rural","poblacion":3,"hogares":2,"nbi":"Menos de 20 hogares"},"geometry":{"type":"MultiPolygon","coordinates":[[[[-59.10533,-38.27511],[-59.09979,-38.28006],[-59.11693,-38.29321],[-59.12968,-38.303],[-59.12975,-38.30297],[-59.14047,-38.31122],[-59.14051,-38.31132],[-59.14481,-38.31475],[-59.14497,-38.31464],[-59.15369,-38.32134],[-59.15422,-38.32091],[-59.16647,-38.33115],[-59.17477,-38.33809],[-59.17499,-38.33787],[-59.17518,-38.33764],[-59.17544,-38.33725],[-59.17593,-38.33641],[-59.17708,-38.33462],[-59.18181,-38.32722],[-59.18283,-38.3256],[-59.18304,-38.32515],[-59.18432,-38.32204],[-59.18641,-38.3169],[-59.18756,-38.31415],[-59.18747,-38.31276],[-59.18845,-38.31226],[-59.17915,-38.30007],[-59.17432,-38.29006],[-59.16955,-38.2794],[-59.16596,-38.27478],[-59.16517,-38.27513],[-59.16501,-38.27546],[-59.16485,-38.27555],[-59.1647,-38.27574],[-59.16521,-38.27577],[-59.16565,-38.27584],[-59.16621,-38.27625],[-59.16664,-38.27717],[-59.16678,-38.27755],[-59.16664,-38.27809],[-59.16648,-38.27851],[-59.16652,-38.27877],[-59.16553,-38.2793],[-59.16473,-38.27928],[-59.16383,-38.27945],[-59.16221,-38.27927],[-59.16123,-38.2793],[-59.16026,-38.27956],[-59.15988,-38.27961],[-59.15904,-38.27997],[-59.15772,-38.28017],[-59.15713,-38.27993],[-59.15651,-38.27976],[-59.15566,-38.27971],[-59.15501,-38.27984],[-59.15434,-38.28018],[-59.15421,-38.28126],[-59.15463,-38.28251],[-59.15447,-38.28289],[-59.15416,-38.28311],[-59.15403,-38.28371],[-59.15402,-38.28374],[-59.15383,-38.28389],[-59.15391,-38.28426],[-59.15425,-38.28512],[-59.15421,-38.28541],[-59.15405,-38.28578],[-59.15382,-38.28582],[-59.15339,-38.2856],[-59.15325,-38.28517],[-59.1533,-38.28439],[-59.1532,-38.28401],[-59.1529,-38.28367],[-59.15272,-38.28369],[-59.15206,-38.28301],[-59.15208,-38.28281],[-59.15164,-38.28239],[-59.15191,-38.2818],[-59.15187,-38.28157],[-59.15159,-38.28099],[-59.1516,-38.28031],[-59.15092,-38.27924],[-59.15056,-38.279],[-59.15046,-38.27883],[-59.1505,-38.27857],[-59.15031,-38.27827],[-59.15011,-38.27805],[-59.14937,-38.27764],[-59.14857,-38.27709],[-59.14829,-38.27668],[-59.14826,-38.27644],[-59.14782,-38.27566],[-59.14773,-38.27521],[-59.14741,-38.27493],[-59.1418,-38.27945],[-59.12962,-38.2702],[-59.11944,-38.26242],[-59.11359,-38.26769],[-59.10533,-38.27511]]]]}},{"type":"Feature","properties":{"radio":"065810906","tipo":"Rural","poblacion":20,"hogares":9,"nbi":"Menos de 20 hogares"},"geometry":{"type":"MultiPolygon","coordinates":[[[[-59.21409,-38.40231],[-59.22854,-38.41373],[-59.24005,-38.40481],[-59.24449,-38.40836],[-59.26251,-38.39437],[-59.27702,-38.38312],[-59.26422,-38.37295],[-59.25291,-38.36396],[-59.24683,-38.35936],[-59.2319,-38.34802],[-59.21668,-38.33645],[-59.20472,-38.32736],[-59.19439,-38.31954],[-59.19248,-38.31792],[-59.18756,-38.31415],[-59.18641,-38.3169],[-59.18432,-38.32204],[-59.18304,-38.32515],[-59.18283,-38.3256],[-59.18181,-38.32722],[-59.17708,-38.33462],[-59.17593,-38.33641],[-59.17544,-38.33725],[-59.17518,-38.33764],[-59.17499,-38.33787],[-59.17477,-38.33809],[-59.17245,-38.33997],[-59.16797,-38.34354],[-59.16383,-38.34685],[-59.16298,-38.34761],[-59.21669,-38.38874],[-59.20675,-38.39651],[-59.21409,-38.40231]]]]}},{"type":"Feature","properties":{"radio":"065810907","tipo":"Rural","poblacion":4,"hogares":3,"nbi":"Menos de 20 hogares"},"geometry":{"type":"MultiPolygon","coordinates":[[[[-59.26251,-38.39437],[-59.24449,-38.40836],[-59.24005,-38.40481],[-59.22854,-38.41373],[-59.23266,-38.41699],[-59.23782,-38.42107],[-59.243,-38.42516],[-59.2432,-38.4253],[-59.25462,-38.41644],[-59.25265,-38.41484],[-59.26138,-38.40798],[-59.27844,-38.42161],[-59.26972,-38.42845],[-59.28163,-38.43782],[-59.28977,-38.44431],[-59.29963,-38.45211],[-59.30044,-38.45076],[-59.30057,-38.45056],[-59.30095,-38.45033],[-59.30088,-38.45011],[-59.30086,-38.44991],[-59.30088,-38.44951],[-59.30098,-38.44919],[-59.30094,-38.44908],[-59.30119,-38.44875],[-59.30151,-38.44841],[-59.30181,-38.44772],[-59.30187,-38.44753],[-59.30199,-38.44736],[-59.3023,-38.44716],[-59.3033,-38.44676],[-59.30403,-38.44623],[-59.30404,-38.44586],[-59.30428,-38.44572],[-59.30467,-38.44577],[-59.30491,-38.44545],[-59.30553,-38.44506],[-59.30572,-38.44445],[-59.30604,-38.44424],[-59.30606,-38.4438],[-59.30624,-38.4435],[-59.30655,-38.44334],[-59.30661,-38.44308],[-59.30691,-38.44262],[-59.30683,-38.44239],[-59.30633,-38.44222],[-59.3063,-38.44197],[-59.30683,-38.44162],[-59.3069,-38.44132],[-59.30683,-38.44097],[-59.30694,-38.44086],[-59.307,-38.44074],[-59.30661,-38.4403],[-59.30655,-38.43986],[-59.30688,-38.43938],[-59.30688,-38.43899],[-59.30704,-38.43862],[-59.30735,-38.43841],[-59.30753,-38.43822],[-59.30744,-38.43787],[-59.30774,-38.43745],[-59.30772,-38.43707],[-59.3081,-38.43659],[-59.30813,-38.43637],[-59.30836,-38.43609],[-59.30834,-38.43575],[-59.3082,-38.43559],[-59.30787,-38.43573],[-59.30778,-38.43558],[-59.30785,-38.43525],[-59.30813,-38.43503],[-59.3082,-38.43485],[-59.30812,-38.43452],[-59.30831,-38.4343],[-59.30828,-38.43406],[-59.30842,-38.43382],[-59.30819,-38.43332],[-59.30827,-38.43315],[-59.30818,-38.43288],[-59.30847,-38.43275],[-59.30838,-38.4325],[-59.30855,-38.43231],[-59.309,-38.43235],[-59.30924,-38.43221],[-59.30931,-38.43164],[-59.30966,-38.43146],[-59.30992,-38.43101],[-59.30992,-38.43067],[-59.31003,-38.43027],[-59.31016,-38.43013],[-59.31056,-38.43009],[-59.31086,-38.4299],[-59.31094,-38.42956],[-59.31088,-38.42919],[-59.31064,-38.42885],[-59.31094,-38.42788],[-59.311,-38.42736],[-59.31179,-38.42657],[-59.31188,-38.42624],[-59.31175,-38.4259],[-59.31191,-38.42569],[-59.31182,-38.42531],[-59.3114,-38.42521],[-59.31123,-38.42433],[-59.31075,-38.42416],[-59.31075,-38.4237],[-59.31127,-38.42339],[-59.31106,-38.42296],[-59.3112,-38.42273],[-59.31152,-38.4226],[-59.31171,-38.42202],[-59.31144,-38.42095],[-59.31153,-38.4202],[-59.31141,-38.41911],[-59.31119,-38.41889],[-59.31126,-38.41853],[-59.31099,-38.41797],[-59.31139,-38.41784],[-59.31106,-38.41739],[-59.31096,-38.4169],[-59.31079,-38.41659],[-59.31086,-38.41623],[-59.31078,-38.41584],[-59.31062,-38.41548],[-59.31093,-38.4152],[-59.31105,-38.41476],[-59.31113,-38.41425],[-59.31156,-38.41402],[-59.31188,-38.41388],[-59.31223,-38.413],[-59.31224,-38.41213],[-59.31197,-38.41136],[-59.31228,-38.41108],[-59.31252,-38.41076],[-59.31248,-38.40997],[-59.31181,-38.40947],[-59.31167,-38.40876],[-59.31141,-38.40853],[-59.31126,-38.40807],[-59.3114,-38.40791],[-59.31093,-38.40667],[-59.31081,-38.40614],[-59.31102,-38.40559],[-59.31095,-38.40516],[-59.31119,-38.40489],[-59.31124,-38.40436],[-59.31143,-38.40398],[-59.31152,-38.40265],[-59.31117,-38.40213],[-59.31124,-38.4013],[-59.3118,-38.39982],[-59.31168,-38.39966],[-59.31186,-38.39869],[-59.31194,-38.39788],[-59.31173,-38.39737],[-59.31216,-38.39603],[-59.31225,-38.39531],[-59.31246,-38.39516],[-59.31258,-38.39495],[-59.31197,-38.39411],[-59.31212,-38.39392],[-59.31185,-38.39304],[-59.31235,-38.3916],[-59.3122,-38.39115],[-59.31304,-38.39031],[-59.31314,-38.38982],[-59.31365,-38.38937],[-59.31375,-38.38895],[-59.31361,-38.38872],[-59.31388,-38.38824],[-59.31413,-38.3881],[-59.31469,-38.38722],[-59.315,-38.38709],[-59.3153,-38.38682],[-59.31527,-38.38637],[-59.31567,-38.38578],[-59.31578,-38.38534],[-59.31563,-38.38489],[-59.31551,-38.38467],[-59.31559,-38.38441],[-59.31592,-38.38393],[-59.31646,-38.38309],[-59.3163,-38.38279],[-59.31635,-38.38251],[-59.31654,-38.3823],[-59.31701,-38.38208],[-59.31724,-38.3819],[-59.31731,-38.38162],[-59.3173,-38.38127],[-59.31719,-38.38094],[-59.31724,-38.38077],[-59.31753,-38.38044],[-59.31751,-38.37994],[-59.31758,-38.37973],[-59.31788,-38.3794],[-59.3179,-38.37935],[-59.31829,-38.3788],[-59.31861,-38.37875],[-59.31876,-38.3785],[-59.3191,-38.37817],[-59.31974,-38.37723],[-59.32033,-38.37632],[-59.32086,-38.37597],[-59.32093,-38.37543],[-59.32144,-38.37455],[-59.3212,-38.37409],[-59.32171,-38.37303],[-59.3226,-38.37121],[-59.32253,-38.37073],[-59.32276,-38.37014],[-59.32333,-38.3697],[-59.32399,-38.36847],[-59.32405,-38.36812],[-59.32517,-38.36637],[-59.32516,-38.36585],[-59.3255,-38.36537],[-59.32551,-38.36474],[-59.32593,-38.36436],[-59.32613,-38.36392],[-59.32587,-38.36324],[-59.3261,-38.36302],[-59.32603,-38.36218],[-59.32641,-38.3614],[-59.32636,-38.36098],[-59.32666,-38.36078],[-59.32709,-38.36067],[-59.32739,-38.36049],[-59.32723,-38.35998],[-59.32765,-38.35982],[-59.3278,-38.35965],[-59.32733,-38.35924],[-59.32755,-38.35848],[-59.32791,-38.35832],[-59.32837,-38.35723],[-59.32901,-38.35605],[-59.33008,-38.35513],[-59.33015,-38.35471],[-59.33098,-38.35406],[-59.33107,-38.35374],[-59.33129,-38.35359],[-59.33154,-38.3527],[-59.33187,-38.35198],[-59.33231,-38.35145],[-59.33256,-38.3511],[-59.33285,-38.35092],[-59.33311,-38.35038],[-59.33292,-38.35014],[-59.33283,-38.34952],[-59.33328,-38.3493],[-59.33343,-38.34887],[-59.33331,-38.34844],[-59.3335,-38.34828],[-59.3337,-38.34795],[-59.3337,-38.34753],[-59.334,-38.34722],[-59.33394,-38.34693],[-59.33447,-38.34658],[-59.33417,-38.34635],[-59.33444,-38.34608],[-59.33482,-38.34599],[-59.33531,-38.34529],[-59.33505,-38.34507],[-59.3351,-38.34472],[-59.33541,-38.34454],[-59.33546,-38.34413],[-59.33579,-38.34403],[-59.3359,-38.34362],[-59.33636,-38.34307],[-59.33669,-38.34276],[-59.337,-38.34238],[-59.33697,-38.34202],[-59.33741,-38.34165],[-59.33756,-38.34099],[-59.33821,-38.34004],[-59.33858,-38.33988],[-59.33865,-38.33938],[-59.33879,-38.33908],[-59.33947,-38.3387],[-59.33986,-38.33812],[-59.34011,-38.33757],[-59.34016,-38.33705],[-59.34039,-38.33686],[-59.34092,-38.33655],[-59.34104,-38.33632],[-59.34104,-38.33529],[-59.34129,-38.33501],[-59.34121,-38.33473],[-59.34113,-38.33438],[-59.34131,-38.33392],[-59.34125,-38.33343],[-59.3415,-38.33289],[-59.34148,-38.33257],[-59.34157,-38.33235],[-59.34128,-38.33198],[-59.34127,-38.33182],[-59.34144,-38.3316],[-59.34132,-38.33114],[-59.34119,-38.33097],[-59.34084,-38.33089],[-59.34067,-38.33061],[-59.34079,-38.33041],[-59.3382,-38.32849],[-59.3169,-38.31175],[-59.31159,-38.31612],[-59.30046,-38.32514],[-59.2796,-38.34226],[-59.26485,-38.35428],[-59.25291,-38.36396],[-59.26422,-38.37295],[-59.27702,-38.38312],[-59.26251,-38.39437]]]]}},{"type":"Feature","properties":{"radio":"065810908","tipo":"Rural","poblacion":0,"hogares":0,"nbi":"Menos de 20 hogares"},"geometry":{"type":"MultiPolygon","coordinates":[[[[-59.21911,-38.43729],[-59.22317,-38.44054],[-59.23238,-38.43343],[-59.243,-38.42516],[-59.23782,-38.42107],[-59.23266,-38.41699],[-59.22854,-38.41373],[-59.21409,-38.40231],[-59.20675,-38.39651],[-59.19963,-38.40208],[-59.19227,-38.40781],[-59.18767,-38.41141],[-59.21911,-38.43729]]]]}},{"type":"Feature","properties":{"radio":"065810909","tipo":"Rural","poblacion":2,"hogares":2,"nbi":"Menos de 20 hogares"},"geometry":{"type":"MultiPolygon","coordinates":[[[[-59.19207,-38.39623],[-59.19963,-38.40208],[-59.20675,-38.39651],[-59.21669,-38.38874],[-59.16298,-38.34761],[-59.16246,-38.34831],[-59.16181,-38.34936],[-59.15968,-38.35274],[-59.15738,-38.35551],[-59.15627,-38.35684],[-59.15362,-38.36017],[-59.15033,-38.36433],[-59.1511,-38.36486],[-59.15968,-38.37137],[-59.17143,-38.38023],[-59.17508,-38.38308],[-59.17876,-38.38593],[-59.18398,-38.39001],[-59.19207,-38.39623]]]]}},{"type":"Feature","properties":{"radio":"065810910","tipo":"Rural","poblacion":2,"hogares":1,"nbi":"Menos de 20 hogares"},"geometry":{"type":"MultiPolygon","coordinates":[[[[-59.13792,-38.41871],[-59.13631,-38.41996],[-59.13624,-38.41991],[-59.11323,-38.43786],[-59.09552,-38.45176],[-59.08914,-38.45673],[-59.07909,-38.44882],[-59.07206,-38.44325],[-59.06259,-38.43579],[-59.05487,-38.44236],[-59.05428,-38.44272],[-59.05362,-38.44301],[-59.05289,-38.44325],[-59.04164,-38.4454],[-59.03116,-38.4474],[-59.03023,-38.44755],[-59.02965,-38.4475],[-59.0291,-38.44739],[-59.02898,-38.44764],[-59.02907,-38.44778],[-59.02939,-38.44797],[-59.04326,-38.45894],[-59.06527,-38.47645],[-59.0848,-38.49192],[-59.10196,-38.47846],[-59.12059,-38.46388],[-59.13681,-38.45122],[-59.15722,-38.43529],[-59.15826,-38.43447],[-59.15863,-38.43416],[-59.16732,-38.42737],[-59.18242,-38.4155],[-59.18767,-38.41141],[-59.19227,-38.40781],[-59.19963,-38.40208],[-59.19207,-38.39623],[-59.18398,-38.39001],[-59.17876,-38.38593],[-59.17508,-38.38308],[-59.15832,-38.39655],[-59.1622,-38.39953],[-59.14623,-38.41203],[-59.13792,-38.41871]]]]}},{"type":"Feature","properties":{"radio":"065810911","tipo":"Rural","poblacion":8,"hogares":2,"nbi":"Menos de 20 hogares"},"geometry":{"type":"MultiPolygon","coordinates":[[[[-59.01107,-38.43347],[-59.01675,-38.438],[-59.01987,-38.44049],[-59.02204,-38.44218],[-59.02258,-38.44267],[-59.02304,-38.44307],[-59.02424,-38.44399],[-59.02636,-38.4455],[-59.02802,-38.44672],[-59.02864,-38.44715],[-59.0291,-38.44739],[-59.02965,-38.4475],[-59.03023,-38.44755],[-59.03116,-38.4474],[-59.04164,-38.4454],[-59.05289,-38.44325],[-59.05362,-38.44301],[-59.05428,-38.44272],[-59.05487,-38.44236],[-59.06259,-38.43579],[-59.07206,-38.44325],[-59.07909,-38.44882],[-59.08914,-38.45673],[-59.09552,-38.45176],[-59.11323,-38.43786],[-59.10075,-38.42802],[-59.08568,-38.41614],[-59.07534,-38.40788],[-59.06285,-38.39806],[-59.05719,-38.39355],[-59.05182,-38.3977],[-59.03268,-38.41259],[-59.02065,-38.42199],[-59.00852,-38.43137],[-59.00868,-38.43157],[-59.01107,-38.43347]]]]}},{"type":"Feature","properties":{"radio":"065810912","tipo":"Rural","poblacion":8,"hogares":5,"nbi":"Menos de 20 hogares"},"geometry":{"type":"MultiPolygon","coordinates":[[[[-58.96518,-38.36246],[-58.95526,-38.3701],[-58.94326,-38.37939],[-58.9549,-38.38871],[-58.96544,-38.39706],[-58.9708,-38.40134],[-58.98743,-38.41456],[-58.9925,-38.41856],[-58.99929,-38.42386],[-59.00596,-38.42917],[-59.00813,-38.43087],[-59.00838,-38.43112],[-59.00852,-38.43137],[-59.02065,-38.42199],[-59.03268,-38.41259],[-59.05182,-38.3977],[-59.05719,-38.39355],[-59.06285,-38.39806],[-59.07534,-38.40788],[-59.08568,-38.41614],[-59.10075,-38.42802],[-59.11323,-38.43786],[-59.13624,-38.41991],[-59.13631,-38.41996],[-59.13792,-38.41871],[-59.12565,-38.40905],[-59.11616,-38.40158],[-59.11077,-38.3973],[-59.10837,-38.39901],[-59.10487,-38.39628],[-59.10527,-38.39316],[-59.1022,-38.39074],[-59.10196,-38.39055],[-59.09023,-38.38126],[-59.08211,-38.37488],[-59.06304,-38.36027],[-59.0505,-38.35066],[-59.04399,-38.34571],[-59.02824,-38.35804],[-59.02052,-38.36407],[-59.00547,-38.35247],[-58.99176,-38.34193],[-58.97647,-38.35374],[-58.96518,-38.36246]]]]}},{"type":"Feature","properties":{"radio":"065810913","tipo":"Rural","poblacion":4,"hogares":3,"nbi":"Menos de 20 hogares"},"geometry":{"type":"MultiPolygon","coordinates":[[[[-58.91067,-38.26427],[-58.91046,-38.26443],[-58.90942,-38.26562],[-58.90924,-38.26597],[-58.90905,-38.26647],[-58.90903,-38.26725],[-58.90895,-38.26779],[-58.90872,-38.2682],[-58.90816,-38.26895],[-58.90796,-38.26935],[-58.90767,-38.26976],[-58.90702,-38.27025],[-58.90628,-38.27062],[-58.90543,-38.27082],[-58.90463,-38.27083],[-58.90406,-38.27093],[-58.90304,-38.27121],[-58.90135,-38.27141],[-58.90054,-38.27165],[-58.8995,-38.27201],[-58.89893,-38.27202],[-58.89817,-38.27198],[-58.89754,-38.27208],[-58.89682,-38.27231],[-58.89547,-38.27294],[-58.89478,-38.27332],[-58.89413,-38.27356],[-58.89357,-38.27394],[-58.89301,-38.27427],[-58.89268,-38.27458],[-58.89215,-38.27529],[-58.89166,-38.27605],[-58.89099,-38.2768],[-58.89082,-38.27719],[-58.89053,-38.27769],[-58.88987,-38.27836],[-58.88938,-38.27861],[-58.88877,-38.27868],[-58.88813,-38.27857],[-58.88756,-38.27861],[-58.88667,-38.27867],[-58.88574,-38.27864],[-58.88517,-38.2785],[-58.88458,-38.27825],[-58.88385,-38.27799],[-58.88326,-38.27761],[-58.88264,-38.27725],[-58.882,-38.27709],[-58.88118,-38.277],[-58.88036,-38.27707],[-58.87908,-38.27753],[-58.87816,-38.27813],[-58.876,-38.27982],[-58.87501,-38.28019],[-58.87458,-38.28067],[-58.87304,-38.28118],[-58.87223,-38.28126],[-58.87142,-38.28137],[-58.87071,-38.28171],[-58.87018,-38.28234],[-58.86984,-38.28334],[-58.86993,-38.28421],[-58.86965,-38.28532],[-58.86998,-38.28595],[-58.87035,-38.28663],[-58.87034,-38.28732],[-58.86974,-38.2882],[-58.86904,-38.28923],[-58.86806,-38.29012],[-58.86744,-38.29104],[-58.86724,-38.29201],[-58.86584,-38.29284],[-58.86385,-38.2938],[-58.86291,-38.29386],[-58.86187,-38.29381],[-58.86085,-38.29457],[-58.86036,-38.29529],[-58.85988,-38.29595],[-58.85926,-38.29613],[-58.85782,-38.29644],[-58.85751,-38.29677],[-58.85758,-38.29727],[-58.85727,-38.29773],[-58.85671,-38.29796],[-58.85521,-38.29826],[-58.8536,-38.2982],[-58.85313,-38.29814],[-58.85285,-38.29816],[-58.85128,-38.29802],[-58.84989,-38.29795],[-58.84881,-38.29753],[-58.84794,-38.29751],[-58.84716,-38.29748],[-58.8464,-38.29785],[-58.84574,-38.29798],[-58.84526,-38.29807],[-58.84456,-38.29805],[-58.84373,-38.29817],[-58.84287,-38.29851],[-58.84259,-38.29885],[-58.84987,-38.3046],[-58.85883,-38.31181],[-58.85875,-38.31188],[-58.86325,-38.31536],[-58.87413,-38.32408],[-58.88468,-38.33254],[-58.8939,-38.33984],[-58.9062,-38.34974],[-58.9162,-38.35765],[-58.93173,-38.37014],[-58.93333,-38.37148],[-58.94326,-38.37939],[-58.95526,-38.3701],[-58.96518,-38.36246],[-58.97647,-38.35374],[-58.99176,-38.34193],[-58.98152,-38.33396],[-58.98238,-38.33328],[-58.97288,-38.32573],[-58.97786,-38.32186],[-58.98694,-38.31473],[-58.9902,-38.31219],[-58.97521,-38.30022],[-58.95471,-38.28403],[-58.94003,-38.27222],[-58.93229,-38.26599],[-58.93201,-38.26567],[-58.93188,-38.26536],[-58.93155,-38.2652],[-58.93059,-38.265],[-58.92994,-38.26471],[-58.9293,-38.26463],[-58.92876,-38.26475],[-58.92811,-38.26516],[-58.92738,-38.26542],[-58.92679,-38.2654],[-58.92609,-38.26546],[-58.92565,-38.2656],[-58.92526,-38.26583],[-58.92468,-38.26626],[-58.92394,-38.26658],[-58.92319,-38.26663],[-58.92222,-38.26649],[-58.92126,-38.26625],[-58.9205,-38.266],[-58.91944,-38.26547],[-58.91773,-38.26459],[-58.91697,-38.26439],[-58.91631,-38.26435],[-58.91519,-38.26438],[-58.91416,-38.26417],[-58.91333,-38.26396],[-58.91299,-38.26393],[-58.91147,-38.2641],[-58.91067,-38.26427]]]]}},{"type":"Feature","properties":{"radio":"065811001","tipo":"Urbano","poblacion":170,"hogares":65,"pct_nbi":1.5,"pct_hacinamiento":6.2,"pct_sin_agua_red":9.2,"pct_sin_cloaca":96.9,"pct_garrafa_lena":96.9,"pct_solo_salud_publica":41.2,"pct_0a17":27.6,"pct_70ymas":16.5,"nbi":"Menos de 2,5 %"},"geometry":{"type":"MultiPolygon","coordinates":[[[[-59.32881,-38.44254],[-59.32895,-38.4447],[-59.3303,-38.44465],[-59.33037,-38.44577],[-59.33043,-38.44688],[-59.3305,-38.44801],[-59.33058,-38.44915],[-59.33065,-38.45032],[-59.33072,-38.45143],[-59.3308,-38.45257],[-59.33087,-38.4537],[-59.33091,-38.45479],[-59.33096,-38.45585],[-59.33273,-38.45578],[-59.33333,-38.45576],[-59.33577,-38.45567],[-59.33719,-38.45562],[-59.33705,-38.45347],[-59.33956,-38.45335],[-59.33949,-38.45223],[-59.33942,-38.45112],[-59.33813,-38.45116],[-59.33691,-38.4512],[-59.33683,-38.45008],[-59.33683,-38.45008],[-59.33675,-38.44894],[-59.33675,-38.44894],[-59.3366,-38.44669],[-59.33644,-38.44439],[-59.33632,-38.44224],[-59.33362,-38.44235],[-59.33256,-38.44239],[-59.33192,-38.44242],[-59.32881,-38.44254],[-59.32881,-38.44254]]]]}},{"type":"Feature","properties":{"radio":"065811002","tipo":"Rural","poblacion":35,"hogares":17,"nbi":"Menos de 20 hogares"},"geometry":{"type":"MultiPolygon","coordinates":[[[[-59.30924,-38.43221],[-59.309,-38.43235],[-59.30855,-38.43231],[-59.30838,-38.4325],[-59.30847,-38.43275],[-59.30818,-38.43288],[-59.30827,-38.43315],[-59.30819,-38.43332],[-59.30842,-38.43382],[-59.30828,-38.43406],[-59.30831,-38.4343],[-59.30812,-38.43452],[-59.3082,-38.43485],[-59.30813,-38.43503],[-59.30785,-38.43525],[-59.30778,-38.43558],[-59.30787,-38.43573],[-59.3082,-38.43559],[-59.30834,-38.43575],[-59.30836,-38.43609],[-59.30813,-38.43637],[-59.3081,-38.43659],[-59.30772,-38.43707],[-59.30774,-38.43745],[-59.30744,-38.43787],[-59.30753,-38.43822],[-59.30735,-38.43841],[-59.30704,-38.43862],[-59.30688,-38.43899],[-59.30688,-38.43938],[-59.30655,-38.43986],[-59.30661,-38.4403],[-59.307,-38.44074],[-59.30694,-38.44086],[-59.30683,-38.44097],[-59.3069,-38.44132],[-59.30683,-38.44162],[-59.3063,-38.44197],[-59.30633,-38.44222],[-59.30683,-38.44239],[-59.30691,-38.44262],[-59.30661,-38.44308],[-59.30655,-38.44334],[-59.30624,-38.4435],[-59.30606,-38.4438],[-59.30604,-38.44424],[-59.30572,-38.44445],[-59.30553,-38.44506],[-59.30491,-38.44545],[-59.30467,-38.44577],[-59.30428,-38.44572],[-59.30404,-38.44586],[-59.30403,-38.44623],[-59.3033,-38.44676],[-59.3023,-38.44716],[-59.30199,-38.44736],[-59.30187,-38.44753],[-59.30181,-38.44772],[-59.30151,-38.44841],[-59.30119,-38.44875],[-59.30094,-38.44908],[-59.30098,-38.44919],[-59.30088,-38.44951],[-59.30086,-38.44991],[-59.30088,-38.45011],[-59.30095,-38.45033],[-59.30109,-38.45119],[-59.30124,-38.45141],[-59.30201,-38.45196],[-59.30223,-38.45208],[-59.30241,-38.45208],[-59.30262,-38.45208],[-59.30297,-38.45217],[-59.30321,-38.45231],[-59.30327,-38.45249],[-59.30332,-38.45266],[-59.3035,-38.45277],[-59.3036,-38.45289],[-59.30361,-38.45308],[-59.30396,-38.45361],[-59.30422,-38.45392],[-59.3043,-38.45408],[-59.30449,-38.45435],[-59.30511,-38.45491],[-59.30526,-38.45524],[-59.30522,-38.4555],[-59.30522,-38.45608],[-59.30526,-38.45641],[-59.30543,-38.45655],[-59.30567,-38.45666],[-59.30595,-38.45661],[-59.30633,-38.45658],[-59.30694,-38.4567],[-59.30725,-38.4568],[-59.30753,-38.45688],[-59.30776,-38.45703],[-59.30805,-38.45713],[-59.30816,-38.45729],[-59.3081,-38.45766],[-59.30797,-38.45788],[-59.30807,-38.45811],[-59.30805,-38.45835],[-59.30788,-38.45846],[-59.30788,-38.45865],[-59.30797,-38.45945],[-59.3077,-38.45992],[-59.30752,-38.46023],[-59.30758,-38.46058],[-59.30743,-38.46126],[-59.30768,-38.46191],[-59.30774,-38.46237],[-59.30782,-38.46264],[-59.30772,-38.46324],[-59.30778,-38.46341],[-59.30755,-38.46398],[-59.30728,-38.46411],[-59.30707,-38.46429],[-59.30687,-38.46456],[-59.30654,-38.46463],[-59.30653,-38.4648],[-59.30648,-38.46491],[-59.30625,-38.46501],[-59.30617,-38.4653],[-59.30596,-38.46549],[-59.3058,-38.46582],[-59.30591,-38.46624],[-59.30586,-38.46677],[-59.3059,-38.46697],[-59.30565,-38.46714],[-59.30551,-38.46744],[-59.30485,-38.46783],[-59.30446,-38.46801],[-59.30432,-38.46817],[-59.3043,-38.46832],[-59.30404,-38.4685],[-59.30398,-38.46866],[-59.30396,-38.46892],[-59.3038,-38.46905],[-59.30347,-38.46945],[-59.30319,-38.46954],[-59.30311,-38.46973],[-59.30318,-38.46994],[-59.30319,-38.47014],[-59.30333,-38.47043],[-59.30309,-38.47078],[-59.3031,-38.47113],[-59.30292,-38.47137],[-59.30257,-38.47173],[-59.30259,-38.47189],[-59.30282,-38.47212],[-59.30293,-38.4725],[-59.30288,-38.47277],[-59.30282,-38.47298],[-59.30293,-38.47338],[-59.30312,-38.4738],[-59.30314,-38.47438],[-59.30328,-38.47467],[-59.30317,-38.47485],[-59.3032,-38.47499],[-59.30339,-38.4752],[-59.30349,-38.47557],[-59.30333,-38.47581],[-59.30316,-38.47582],[-59.30307,-38.47607],[-59.30307,-38.47628],[-59.30302,-38.47647],[-59.30283,-38.47662],[-59.30268,-38.47687],[-59.3027,-38.47709],[-59.3028,-38.4773],[-59.30282,-38.47803],[-59.30289,-38.47832],[-59.303,-38.47866],[-59.30288,-38.4793],[-59.30295,-38.47942],[-59.30324,-38.47956],[-59.30323,-38.47979],[-59.30339,-38.48015],[-59.30336,-38.4808],[-59.30347,-38.48103],[-59.30353,-38.48132],[-59.30352,-38.48153],[-59.3039,-38.48204],[-59.30394,-38.48246],[-59.30407,-38.4828],[-59.30453,-38.48381],[-59.3045,-38.48395],[-59.30426,-38.48408],[-59.30413,-38.48426],[-59.30411,-38.48448],[-59.30447,-38.48511],[-59.30459,-38.48541],[-59.30481,-38.48566],[-59.30478,-38.48603],[-59.30459,-38.48631],[-59.30433,-38.48647],[-59.30423,-38.48673],[-59.30397,-38.48706],[-59.30395,-38.48751],[-59.3038,-38.48785],[-59.30353,-38.488],[-59.30332,-38.48815],[-59.30333,-38.48834],[-59.30346,-38.48879],[-59.3034,-38.48906],[-59.30349,-38.4892],[-59.3036,-38.48938],[-59.30353,-38.48959],[-59.30328,-38.48998],[-59.3033,-38.49037],[-59.30311,-38.49066],[-59.30298,-38.49117],[-59.30304,-38.49135],[-59.3032,-38.49146],[-59.30314,-38.4916],[-59.30296,-38.49176],[-59.30288,-38.49206],[-59.30273,-38.49228],[-59.30241,-38.49251],[-59.30224,-38.493],[-59.30202,-38.49319],[-59.30193,-38.49342],[-59.30166,-38.49361],[-59.30151,-38.49365],[-59.30131,-38.49369],[-59.30102,-38.49402],[-59.30048,-38.49428],[-59.30021,-38.49458],[-59.30002,-38.49484],[-59.29979,-38.49495],[-59.29961,-38.49516],[-59.29963,-38.49535],[-59.29993,-38.49549],[-59.30017,-38.49556],[-59.30033,-38.49565],[-59.30038,-38.4958],[-59.30034,-38.49615],[-59.30036,-38.4967],[-59.30045,-38.49692],[-59.30057,-38.49708],[-59.30037,-38.49748],[-59.30039,-38.49764],[-59.30053,-38.49783],[-59.30104,-38.49837],[-59.30099,-38.49847],[-59.30087,-38.49865],[-59.30093,-38.49876],[-59.30138,-38.49896],[-59.30673,-38.49921],[-59.31201,-38.49956],[-59.32334,-38.50024],[-59.33533,-38.50092],[-59.33534,-38.50099],[-59.33605,-38.5009],[-59.34715,-38.50155],[-59.35776,-38.4936],[-59.35796,-38.4936],[-59.3644,-38.48877],[-59.40648,-38.45709],[-59.39395,-38.44683],[-59.38222,-38.43718],[-59.37061,-38.42766],[-59.35964,-38.41869],[-59.3493,-38.41019],[-59.33756,-38.40055],[-59.32748,-38.39225],[-59.32704,-38.39179],[-59.31646,-38.38309],[-59.31592,-38.38393],[-59.31559,-38.38441],[-59.31551,-38.38467],[-59.31563,-38.38489],[-59.31578,-38.38534],[-59.31567,-38.38578],[-59.31527,-38.38637],[-59.3153,-38.38682],[-59.315,-38.38709],[-59.31469,-38.38722],[-59.31413,-38.3881],[-59.31388,-38.38824],[-59.31361,-38.38872],[-59.31375,-38.38895],[-59.31365,-38.38937],[-59.31314,-38.38982],[-59.31304,-38.39031],[-59.3122,-38.39115],[-59.31235,-38.3916],[-59.31185,-38.39304],[-59.31212,-38.39392],[-59.31197,-38.39411],[-59.31258,-38.39495],[-59.31246,-38.39516],[-59.31225,-38.39531],[-59.31216,-38.39603],[-59.31173,-38.39737],[-59.31194,-38.39788],[-59.31186,-38.39869],[-59.31168,-38.39966],[-59.3118,-38.39982],[-59.31124,-38.4013],[-59.31117,-38.40213],[-59.31152,-38.40265],[-59.31143,-38.40398],[-59.31124,-38.40436],[-59.31119,-38.40489],[-59.31095,-38.40516],[-59.31102,-38.40559],[-59.31081,-38.40614],[-59.31093,-38.40667],[-59.3114,-38.40791],[-59.31126,-38.40807],[-59.31141,-38.40853],[-59.31167,-38.40876],[-59.31181,-38.40947],[-59.31248,-38.40997],[-59.31252,-38.41076],[-59.31228,-38.41108],[-59.31197,-38.41136],[-59.31224,-38.41213],[-59.31223,-38.413],[-59.31188,-38.41388],[-59.31156,-38.41402],[-59.31113,-38.41425],[-59.31105,-38.41476],[-59.31093,-38.4152],[-59.31062,-38.41548],[-59.31078,-38.41584],[-59.31086,-38.41623],[-59.31079,-38.41659],[-59.31096,-38.4169],[-59.31106,-38.41739],[-59.31139,-38.41784],[-59.31099,-38.41797],[-59.31126,-38.41853],[-59.31119,-38.41889],[-59.31141,-38.41911],[-59.31153,-38.4202],[-59.31144,-38.42095],[-59.31171,-38.42202],[-59.31152,-38.4226],[-59.3112,-38.42273],[-59.31106,-38.42296],[-59.31127,-38.42339],[-59.31075,-38.4237],[-59.31075,-38.42416],[-59.31123,-38.42433],[-59.3114,-38.42521],[-59.31182,-38.42531],[-59.31191,-38.42569],[-59.31175,-38.4259],[-59.31188,-38.42624],[-59.31179,-38.42657],[-59.311,-38.42736],[-59.31094,-38.42788],[-59.31064,-38.42885],[-59.31088,-38.42919],[-59.31094,-38.42956],[-59.31086,-38.4299],[-59.31056,-38.43009],[-59.31016,-38.43013],[-59.31003,-38.43027],[-59.30992,-38.43067],[-59.30992,-38.43101],[-59.30966,-38.43146],[-59.30931,-38.43164],[-59.30924,-38.43221]],[[-59.33683,-38.45008],[-59.33691,-38.4512],[-59.33813,-38.45116],[-59.33942,-38.45112],[-59.33949,-38.45223],[-59.33956,-38.45335],[-59.33705,-38.45347],[-59.33719,-38.45562],[-59.33577,-38.45567],[-59.33333,-38.45576],[-59.33273,-38.45578],[-59.33096,-38.45585],[-59.33096,-38.45585],[-59.32962,-38.4559],[-59.32973,-38.45798],[-59.32698,-38.45806],[-59.32686,-38.45601],[-59.3268,-38.45492],[-59.32535,-38.45498],[-59.32407,-38.45503],[-59.32412,-38.4561],[-59.3242,-38.4581],[-59.32428,-38.46002],[-59.32436,-38.46206],[-59.32163,-38.4622],[-59.32155,-38.46014],[-59.32146,-38.45817],[-59.32138,-38.45618],[-59.31846,-38.45627],[-59.31838,-38.45417],[-59.31829,-38.4519],[-59.31309,-38.45213],[-59.31298,-38.4498],[-59.31042,-38.44991],[-59.31027,-38.44762],[-59.31282,-38.44751],[-59.31534,-38.44743],[-59.31673,-38.44739],[-59.31804,-38.44736],[-59.318,-38.44629],[-59.318,-38.44629],[-59.31794,-38.44509],[-59.3178,-38.44296],[-59.31924,-38.44291],[-59.32049,-38.44287],[-59.3206,-38.44286],[-59.32198,-38.44281],[-59.32336,-38.44276],[-59.32469,-38.44271],[-59.32606,-38.44265],[-59.32881,-38.44254],[-59.32881,-38.44254],[-59.33192,-38.44242],[-59.33256,-38.44239],[-59.33362,-38.44235],[-59.33632,-38.44224],[-59.33644,-38.44439],[-59.3366,-38.44669],[-59.33675,-38.44894],[-59.33675,-38.44894],[-59.33683,-38.45008],[-59.33683,-38.45008]]]]}},{"type":"Feature","properties":{"radio":"065811003","tipo":"Rural","poblacion":37,"hogares":14,"nbi":"Menos de 20 hogares"},"geometry":{"type":"MultiPolygon","coordinates":[[[[-59.30466,-38.50847],[-59.30485,-38.50865],[-59.30504,-38.50865],[-59.30529,-38.50859],[-59.3056,-38.50869],[-59.30586,-38.5087],[-59.30605,-38.50876],[-59.30611,-38.50891],[-59.3061,-38.50907],[-59.30598,-38.50924],[-59.30607,-38.5095],[-59.30585,-38.51007],[-59.30566,-38.51025],[-59.30548,-38.51063],[-59.30541,-38.51158],[-59.30575,-38.51215],[-59.30596,-38.51263],[-59.3061,-38.51304],[-59.3061,-38.51335],[-59.30574,-38.51374],[-59.30578,-38.51393],[-59.30603,-38.514],[-59.30632,-38.51415],[-59.30649,-38.5143],[-59.30693,-38.51434],[-59.30698,-38.51445],[-59.30744,-38.5145],[-59.30776,-38.51475],[-59.30823,-38.51492],[-59.30826,-38.51504],[-59.30829,-38.51522],[-59.30844,-38.51531],[-59.30872,-38.51534],[-59.3089,-38.51541],[-59.30891,-38.51557],[-59.3089,-38.51583],[-59.30901,-38.51604],[-59.30915,-38.51656],[-59.30958,-38.51662],[-59.30993,-38.5172],[-59.30989,-38.51734],[-59.30995,-38.51752],[-59.3101,-38.51773],[-59.31006,-38.51788],[-59.30967,-38.51839],[-59.30959,-38.5189],[-59.31014,-38.51935],[-59.31044,-38.51965],[-59.31047,-38.51991],[-59.3105,-38.52021],[-59.3102,-38.52065],[-59.31009,-38.521],[-59.30984,-38.52127],[-59.30977,-38.52149],[-59.30964,-38.52177],[-59.30963,-38.52229],[-59.30979,-38.52249],[-59.31013,-38.52264],[-59.31011,-38.52293],[-59.30984,-38.52317],[-59.3098,-38.52365],[-59.3101,-38.52386],[-59.31032,-38.52408],[-59.31052,-38.52416],[-59.31066,-38.52461],[-59.31065,-38.52493],[-59.3106,-38.52525],[-59.31028,-38.5257],[-59.31028,-38.52598],[-59.31025,-38.52626],[-59.31034,-38.52643],[-59.31051,-38.52663],[-59.31098,-38.52692],[-59.31156,-38.52709],[-59.31186,-38.52702],[-59.31202,-38.52709],[-59.31213,-38.52732],[-59.31243,-38.52745],[-59.31269,-38.52786],[-59.31261,-38.52805],[-59.31251,-38.52818],[-59.31251,-38.52832],[-59.31265,-38.52846],[-59.3129,-38.52855],[-59.31304,-38.52873],[-59.31294,-38.52906],[-59.31294,-38.52934],[-59.31278,-38.52958],[-59.31268,-38.52982],[-59.31232,-38.53021],[-59.31215,-38.53049],[-59.31189,-38.53059],[-59.31145,-38.53063],[-59.3112,-38.53075],[-59.31107,-38.53101],[-59.31125,-38.53131],[-59.31129,-38.53181],[-59.31128,-38.53244],[-59.31122,-38.53268],[-59.31136,-38.53306],[-59.31132,-38.53353],[-59.31138,-38.53402],[-59.31147,-38.53429],[-59.31173,-38.53448],[-59.31191,-38.53459],[-59.31201,-38.53489],[-59.31175,-38.53547],[-59.31137,-38.53589],[-59.31121,-38.53618],[-59.31136,-38.53645],[-59.31148,-38.53688],[-59.31201,-38.5378],[-59.31232,-38.53798],[-59.31253,-38.53816],[-59.31282,-38.53829],[-59.3131,-38.53838],[-59.31312,-38.53857],[-59.31325,-38.53871],[-59.31324,-38.53887],[-59.31303,-38.53904],[-59.31308,-38.53937],[-59.3133,-38.53969],[-59.3137,-38.53983],[-59.31418,-38.53992],[-59.31424,-38.54005],[-59.3142,-38.54026],[-59.31426,-38.54039],[-59.3145,-38.54049],[-59.31456,-38.54067],[-59.31459,-38.54093],[-59.31478,-38.54109],[-59.31508,-38.54111],[-59.31564,-38.54101],[-59.31585,-38.54109],[-59.31605,-38.54131],[-59.31629,-38.54153],[-59.31636,-38.54182],[-59.3163,-38.54223],[-59.31616,-38.54247],[-59.31641,-38.54298],[-59.31661,-38.54306],[-59.31721,-38.54307],[-59.3174,-38.54314],[-59.31756,-38.5435],[-59.31751,-38.54374],[-59.31759,-38.54408],[-59.31755,-38.54444],[-59.31757,-38.5448],[-59.31727,-38.54524],[-59.31724,-38.54549],[-59.31721,-38.54594],[-59.31706,-38.54615],[-59.31716,-38.54645],[-59.31707,-38.5469],[-59.31689,-38.54709],[-59.31694,-38.54746],[-59.31664,-38.54773],[-59.31649,-38.5481],[-59.31609,-38.54838],[-59.31552,-38.54895],[-59.31533,-38.54925],[-59.31532,-38.54959],[-59.31544,-38.55028],[-59.31519,-38.5507],[-59.31523,-38.55116],[-59.31497,-38.55186],[-59.31514,-38.55377],[-59.33041,-38.55543],[-59.33935,-38.55645],[-59.34081,-38.55657],[-59.34195,-38.55651],[-59.34262,-38.55646],[-59.3433,-38.55637],[-59.3439,-38.55626],[-59.34408,-38.55621],[-59.34439,-38.55614],[-59.3449,-38.55602],[-59.34561,-38.55577],[-59.34622,-38.55561],[-59.34594,-38.5558],[-59.34541,-38.55604],[-59.34491,-38.55629],[-59.34525,-38.5563],[-59.34535,-38.55636],[-59.34546,-38.55642],[-59.34556,-38.55656],[-59.34562,-38.55676],[-59.3456,-38.55695],[-59.34557,-38.55717],[-59.34409,-38.55699],[-59.3419,-38.55865],[-59.34051,-38.55969],[-59.33553,-38.5634],[-59.32694,-38.56989],[-59.34228,-38.5824],[-59.35087,-38.576],[-59.36766,-38.56343],[-59.3615,-38.56082],[-59.36073,-38.56048],[-59.36144,-38.55938],[-59.34922,-38.55409],[-59.34818,-38.55463],[-59.34512,-38.55333],[-59.34381,-38.55273],[-59.34283,-38.55218],[-59.34209,-38.55165],[-59.34134,-38.551],[-59.34068,-38.55032],[-59.34015,-38.54965],[-59.33962,-38.54877],[-59.33923,-38.54784],[-59.33898,-38.547],[-59.33884,-38.5461],[-59.33826,-38.53709],[-59.33817,-38.53519],[-59.33807,-38.53429],[-59.33712,-38.53343],[-59.33697,-38.52987],[-59.33708,-38.52987],[-59.3367,-38.5232],[-59.33614,-38.51387],[-59.33534,-38.50099],[-59.33533,-38.50092],[-59.32334,-38.50024],[-59.31201,-38.49956],[-59.30673,-38.49921],[-59.30138,-38.49896],[-59.30152,-38.49908],[-59.30158,-38.49938],[-59.30143,-38.49963],[-59.30134,-38.4999],[-59.30137,-38.50008],[-59.30183,-38.50016],[-59.30185,-38.50027],[-59.30186,-38.50052],[-59.30198,-38.50061],[-59.30218,-38.50074],[-59.30242,-38.50101],[-59.30243,-38.50147],[-59.30255,-38.50167],[-59.30253,-38.50201],[-59.30257,-38.50217],[-59.30241,-38.50238],[-59.30252,-38.50263],[-59.30303,-38.50287],[-59.30302,-38.50314],[-59.30334,-38.50347],[-59.30332,-38.50375],[-59.30365,-38.50396],[-59.30379,-38.5042],[-59.30395,-38.50458],[-59.30404,-38.50499],[-59.30391,-38.50524],[-59.30396,-38.50549],[-59.3036,-38.50601],[-59.30342,-38.50619],[-59.30346,-38.50655],[-59.3032,-38.50705],[-59.3033,-38.50719],[-59.30352,-38.50735],[-59.30355,-38.5077],[-59.30372,-38.50778],[-59.30401,-38.5078],[-59.30417,-38.5079],[-59.30427,-38.50806],[-59.3044,-38.50837],[-59.30466,-38.50847]]]]}},{"type":"Feature","properties":{"radio":"065811004","tipo":"Rural","poblacion":17,"hogares":6,"nbi":"Menos de 20 hogares"},"geometry":{"type":"MultiPolygon","coordinates":[[[[-59.31392,-38.65017],[-59.32119,-38.65589],[-59.34846,-38.63518],[-59.36043,-38.62613],[-59.36735,-38.62082],[-59.35293,-38.60882],[-59.36421,-38.60028],[-59.35806,-38.59528],[-59.34696,-38.58622],[-59.34228,-38.5824],[-59.32694,-38.56989],[-59.26843,-38.6142],[-59.27477,-38.61918],[-59.2857,-38.62785],[-59.29531,-38.63546],[-59.30506,-38.64321],[-59.31392,-38.65017]]]]}},{"type":"Feature","properties":{"radio":"065811005","tipo":"Rural","poblacion":9,"hogares":2,"nbi":"Menos de 20 hogares"},"geometry":{"type":"MultiPolygon","coordinates":[[[[-59.36766,-38.56343],[-59.35087,-38.576],[-59.34228,-38.5824],[-59.34696,-38.58622],[-59.35806,-38.59528],[-59.36421,-38.60028],[-59.35293,-38.60882],[-59.36735,-38.62082],[-59.36043,-38.62613],[-59.34846,-38.63518],[-59.32119,-38.65589],[-59.30962,-38.66461],[-59.31713,-38.67066],[-59.32082,-38.67364],[-59.32255,-38.67517],[-59.32961,-38.68076],[-59.33959,-38.6888],[-59.34643,-38.69433],[-59.35351,-38.6999],[-59.35382,-38.69966],[-59.35393,-38.69946],[-59.35428,-38.6993],[-59.35469,-38.69918],[-59.35477,-38.6989],[-59.35487,-38.69856],[-59.35517,-38.69825],[-59.35537,-38.698],[-59.35557,-38.69768],[-59.35554,-38.69729],[-59.35576,-38.69691],[-59.35612,-38.69668],[-59.35628,-38.69648],[-59.35641,-38.6962],[-59.3568,-38.69595],[-59.35702,-38.69566],[-59.35718,-38.69557],[-59.35756,-38.6956],[-59.35785,-38.69557],[-59.35809,-38.69553],[-59.3583,-38.69571],[-59.35851,-38.69571],[-59.35864,-38.69556],[-59.35876,-38.69505],[-59.359,-38.69477],[-59.35954,-38.69442],[-59.35998,-38.69416],[-59.36016,-38.69396],[-59.36065,-38.69394],[-59.36086,-38.69386],[-59.3612,-38.69335],[-59.36133,-38.69283],[-59.36144,-38.69237],[-59.36176,-38.69184],[-59.36215,-38.69117],[-59.36232,-38.69082],[-59.36231,-38.69005],[-59.36231,-38.68983],[-59.36198,-38.68971],[-59.36186,-38.68955],[-59.36191,-38.68939],[-59.36223,-38.68921],[-59.36269,-38.68892],[-59.3631,-38.68869],[-59.36336,-38.68833],[-59.36342,-38.68811],[-59.36335,-38.68769],[-59.36341,-38.6875],[-59.36363,-38.68725],[-59.36396,-38.68716],[-59.36404,-38.68701],[-59.36418,-38.68649],[-59.36412,-38.68612],[-59.36431,-38.68578],[-59.36426,-38.68532],[-59.3643,-38.68499],[-59.36416,-38.68486],[-59.36382,-38.68483],[-59.36361,-38.68473],[-59.36356,-38.68451],[-59.36332,-38.68438],[-59.36313,-38.68425],[-59.36309,-38.68389],[-59.36274,-38.68373],[-59.3626,-38.68356],[-59.36271,-38.68341],[-59.36298,-38.6831],[-59.36326,-38.6828],[-59.36375,-38.68266],[-59.364,-38.68238],[-59.3644,-38.68222],[-59.36457,-38.68201],[-59.36469,-38.68179],[-59.36457,-38.68151],[-59.3645,-38.68129],[-59.36445,-38.68105],[-59.36461,-38.68086],[-59.36472,-38.68058],[-59.36472,-38.68029],[-59.36454,-38.68],[-59.36443,-38.67967],[-59.36445,-38.67932],[-59.36459,-38.67878],[-59.36477,-38.67823],[-59.36506,-38.67767],[-59.36526,-38.67746],[-59.3656,-38.67728],[-59.36603,-38.67726],[-59.3663,-38.67727],[-59.3666,-38.67718],[-59.36695,-38.67707],[-59.36715,-38.67691],[-59.36724,-38.67663],[-59.36748,-38.67653],[-59.36776,-38.67634],[-59.36807,-38.67598],[-59.36859,-38.67567],[-59.3688,-38.67548],[-59.36884,-38.67509],[-59.36893,-38.67471],[-59.36912,-38.67447],[-59.36946,-38.67441],[-59.36956,-38.67429],[-59.36971,-38.67364],[-59.36968,-38.673],[-59.36941,-38.67257],[-59.36936,-38.67238],[-59.36946,-38.67216],[-59.36991,-38.6716],[-59.37011,-38.67137],[-59.37017,-38.67105],[-59.37029,-38.67048],[-59.37041,-38.6702],[-59.37067,-38.66998],[-59.37118,-38.66983],[-59.37129,-38.66973],[-59.37148,-38.66943],[-59.37171,-38.66895],[-59.37177,-38.66851],[-59.3718,-38.66813],[-59.37195,-38.66785],[-59.37225,-38.66756],[-59.37244,-38.66728],[-59.37256,-38.66696],[-59.3725,-38.66664],[-59.37254,-38.66644],[-59.37248,-38.66631],[-59.3723,-38.66608],[-59.37225,-38.66584],[-59.37237,-38.6655],[-59.37246,-38.66502],[-59.3725,-38.66447],[-59.37244,-38.66416],[-59.37217,-38.66371],[-59.37199,-38.66337],[-59.372,-38.66316],[-59.37219,-38.66285],[-59.37228,-38.66249],[-59.37219,-38.66226],[-59.37216,-38.66197],[-59.37203,-38.66185],[-59.37172,-38.66179],[-59.37151,-38.66162],[-59.37125,-38.66141],[-59.37087,-38.6613],[-59.37043,-38.66098],[-59.3703,-38.66076],[-59.37037,-38.66063],[-59.37068,-38.66051],[-59.37146,-38.66032],[-59.37204,-38.66018],[-59.37245,-38.66],[-59.37289,-38.6597],[-59.37318,-38.65959],[-59.37357,-38.65965],[-59.37384,-38.65957],[-59.37415,-38.65949],[-59.37459,-38.65954],[-59.37513,-38.65947],[-59.37566,-38.6594],[-59.37608,-38.65951],[-59.3764,-38.65975],[-59.37681,-38.66006],[-59.37698,-38.66002],[-59.37707,-38.65982],[-59.37738,-38.65966],[-59.37762,-38.65932],[-59.37778,-38.65931],[-59.37796,-38.65948],[-59.3782,-38.65953],[-59.3785,-38.65946],[-59.37886,-38.65944],[-59.37936,-38.65961],[-59.37969,-38.65963],[-59.37994,-38.65949],[-59.38013,-38.65942],[-59.38041,-38.65952],[-59.38051,-38.65972],[-59.38063,-38.65993],[-59.38087,-38.66005],[-59.38109,-38.66012],[-59.3812,-38.66045],[-59.38128,-38.66058],[-59.38142,-38.66064],[-59.38158,-38.6606],[-59.38175,-38.66051],[-59.38184,-38.66024],[-59.382,-38.65987],[-59.38233,-38.6596],[-59.38272,-38.65919],[-59.38268,-38.65887],[-59.38261,-38.65854],[-59.38278,-38.65818],[-59.38323,-38.65802],[-59.38352,-38.65788],[-59.38354,-38.65758],[-59.38355,-38.65716],[-59.38368,-38.65704],[-59.38391,-38.65699],[-59.3843,-38.65712],[-59.38469,-38.65705],[-59.38507,-38.65711],[-59.38529,-38.65697],[-59.38525,-38.65672],[-59.38537,-38.65655],[-59.38593,-38.65645],[-59.38652,-38.65628],[-59.38685,-38.65618],[-59.38701,-38.65581],[-59.387,-38.65555],[-59.38678,-38.65537],[-59.38678,-38.65518],[-59.38695,-38.65503],[-59.38734,-38.65495],[-59.38738,-38.65477],[-59.38741,-38.65457],[-59.38756,-38.65436],[-59.38786,-38.65426],[-59.388,-38.6541],[-59.38796,-38.65392],[-59.38768,-38.6537],[-59.38763,-38.65351],[-59.38773,-38.65329],[-59.38778,-38.65306],[-59.38793,-38.65282],[-59.38816,-38.65279],[-59.38857,-38.65285],[-59.38887,-38.65282],[-59.38901,-38.65265],[-59.38918,-38.65238],[-59.38961,-38.65221],[-59.38976,-38.65196],[-59.38984,-38.65166],[-59.39022,-38.65131],[-59.39042,-38.65067],[-59.39061,-38.65045],[-59.39086,-38.65003],[-59.39106,-38.64986],[-59.39144,-38.64981],[-59.3916,-38.64974],[-59.39162,-38.64955],[-59.39166,-38.64934],[-59.39198,-38.64912],[-59.39211,-38.64894],[-59.39199,-38.64875],[-59.39171,-38.64866],[-59.39136,-38.64863],[-59.39105,-38.6485],[-59.39077,-38.64847],[-59.39052,-38.64835],[-59.39036,-38.64806],[-59.39017,-38.64804],[-59.38979,-38.6481],[-59.38963,-38.64796],[-59.38968,-38.64775],[-59.38984,-38.64757],[-59.39007,-38.64743],[-59.39032,-38.6474],[-59.39049,-38.64732],[-59.39057,-38.64712],[-59.39071,-38.64682],[-59.39077,-38.64649],[-59.39102,-38.64622],[-59.39109,-38.64601],[-59.39122,-38.64583],[-59.3914,-38.64579],[-59.39145,-38.64553],[-59.39137,-38.64525],[-59.39105,-38.64497],[-59.39097,-38.64481],[-59.39115,-38.64466],[-59.3914,-38.64445],[-59.39151,-38.64421],[-59.39157,-38.64387],[-59.39166,-38.64353],[-59.39189,-38.6432],[-59.39204,-38.64287],[-59.39213,-38.64258],[-59.39268,-38.64215],[-59.39292,-38.64179],[-59.39314,-38.64161],[-59.39344,-38.64114],[-59.39369,-38.64089],[-59.39424,-38.64031],[-59.39434,-38.63996],[-59.3944,-38.63978],[-59.39466,-38.6397],[-59.39471,-38.63954],[-59.39472,-38.63927],[-59.39472,-38.63904],[-59.39457,-38.6389],[-59.39426,-38.63874],[-59.39402,-38.63863],[-59.39404,-38.63849],[-59.39417,-38.63824],[-59.39412,-38.63797],[-59.39407,-38.6377],[-59.39421,-38.63746],[-59.39457,-38.63703],[-59.39482,-38.63678],[-59.39518,-38.63657],[-59.39541,-38.6364],[-59.39574,-38.63572],[-59.39606,-38.63492],[-59.39623,-38.63448],[-59.39661,-38.63406],[-59.39684,-38.63387],[-59.39711,-38.63376],[-59.39707,-38.6335],[-59.39687,-38.63306],[-59.39668,-38.63257],[-59.39593,-38.63052],[-59.3959,-38.62991],[-59.39669,-38.62877],[-59.39707,-38.62842],[-59.3973,-38.62816],[-59.39733,-38.62788],[-59.39738,-38.6275],[-59.39774,-38.62722],[-59.39798,-38.6271],[-59.39823,-38.62715],[-59.3986,-38.62739],[-59.39901,-38.62771],[-59.39947,-38.62801],[-59.4,-38.6282],[-59.40022,-38.62844],[-59.4006,-38.62898],[-59.40088,-38.62941],[-59.40126,-38.62969],[-59.40218,-38.62994],[-59.40341,-38.63031],[-59.4037,-38.63019],[-59.40399,-38.62992],[-59.40434,-38.62973],[-59.40468,-38.62968],[-59.40505,-38.62978],[-59.40521,-38.62964],[-59.40517,-38.62936],[-59.40487,-38.62837],[-59.40467,-38.62776],[-59.40482,-38.62769],[-59.40499,-38.62769],[-59.40531,-38.62769],[-59.40561,-38.62759],[-59.40608,-38.62739],[-59.40691,-38.62718],[-59.40724,-38.62698],[-59.40768,-38.62675],[-59.40828,-38.62633],[-59.40897,-38.62573],[-59.40925,-38.62558],[-59.40946,-38.62535],[-59.40985,-38.62507],[-59.40999,-38.62481],[-59.40995,-38.62457],[-59.40993,-38.62426],[-59.40994,-38.62404],[-59.41025,-38.62369],[-59.41042,-38.62364],[-59.41062,-38.62356],[-59.41098,-38.6231],[-59.41128,-38.6225],[-59.41151,-38.62221],[-59.41158,-38.62194],[-59.41165,-38.62162],[-59.41197,-38.62131],[-59.41207,-38.62097],[-59.41196,-38.62068],[-59.41178,-38.62058],[-59.41142,-38.62041],[-59.41122,-38.62025],[-59.41093,-38.61976],[-59.41038,-38.61904],[-59.41015,-38.61883],[-59.41009,-38.6186],[-59.4098,-38.6184],[-59.40962,-38.61822],[-59.40964,-38.61789],[-59.40938,-38.61743],[-59.40917,-38.6172],[-59.40909,-38.6169],[-59.40914,-38.61669],[-59.40939,-38.6164],[-59.40958,-38.61604],[-59.40963,-38.61562],[-59.40948,-38.61519],[-59.40938,-38.61473],[-59.4091,-38.61433],[-59.40857,-38.61392],[-59.40805,-38.61361],[-59.40764,-38.61332],[-59.40736,-38.61291],[-59.40732,-38.61266],[-59.40744,-38.61244],[-59.40764,-38.6123],[-59.40794,-38.61218],[-59.40815,-38.61189],[-59.40824,-38.61165],[-59.40822,-38.61142],[-59.40795,-38.61105],[-59.40778,-38.61077],[-59.40778,-38.61056],[-59.40755,-38.61042],[-59.40742,-38.61027],[-59.40734,-38.60993],[-59.40705,-38.60959],[-59.40678,-38.60936],[-59.40641,-38.60928],[-59.40618,-38.60919],[-59.40607,-38.60903],[-59.40612,-38.6088],[-59.40619,-38.6083],[-59.4066,-38.60784],[-59.40668,-38.60761],[-59.40653,-38.60705],[-59.40639,-38.60661],[-59.4061,-38.60618],[-59.40606,-38.60562],[-59.40606,-38.60527],[-59.4059,-38.60493],[-59.40592,-38.60462],[-59.40596,-38.60396],[-59.40595,-38.60356],[-59.40561,-38.60289],[-59.40557,-38.60258],[-59.40574,-38.60192],[-59.40545,-38.60135],[-59.40517,-38.60128],[-59.40488,-38.60103],[-59.40454,-38.60104],[-59.40428,-38.60105],[-59.40413,-38.60091],[-59.40408,-38.60069],[-59.40409,-38.60053],[-59.40431,-38.60044],[-59.40461,-38.60045],[-59.4049,-38.60038],[-59.40499,-38.60025],[-59.40499,-38.60009],[-59.4049,-38.59979],[-59.40491,-38.5996],[-59.40509,-38.5991],[-59.40524,-38.59856],[-59.40522,-38.59826],[-59.40506,-38.598],[-59.40475,-38.59785],[-59.40455,-38.59772],[-59.40455,-38.59752],[-59.40478,-38.59733],[-59.40514,-38.59705],[-59.40534,-38.5967],[-59.40555,-38.59661],[-59.40574,-38.59661],[-59.40664,-38.59691],[-59.4069,-38.59691],[-59.40708,-38.59697],[-59.40726,-38.59719],[-59.40756,-38.59725],[-59.40811,-38.59715],[-59.40855,-38.59705],[-59.40854,-38.59659],[-59.40864,-38.59636],[-59.40884,-38.59621],[-59.40893,-38.59606],[-59.40886,-38.59595],[-59.40847,-38.59592],[-59.40839,-38.59577],[-59.40846,-38.59477],[-59.40816,-38.59423],[-59.40817,-38.5941],[-59.40843,-38.59387],[-59.40876,-38.59355],[-59.40916,-38.59338],[-59.4096,-38.5934],[-59.40989,-38.59349],[-59.41001,-38.59372],[-59.41004,-38.59405],[-59.41013,-38.59436],[-59.41035,-38.59446],[-59.41037,-38.59469],[-59.41022,-38.5949],[-59.41009,-38.59506],[-59.41015,-38.5953],[-59.41041,-38.59532],[-59.41071,-38.59522],[-59.41105,-38.59531],[-59.4114,-38.59533],[-59.41162,-38.59532],[-59.41193,-38.59553],[-59.41236,-38.59583],[-59.41277,-38.59599],[-59.41319,-38.59596],[-59.41345,-38.59601],[-59.41359,-38.59626],[-59.41355,-38.5966],[-59.41354,-38.59683],[-59.41382,-38.59713],[-59.41411,-38.59729],[-59.41428,-38.59739],[-59.41436,-38.59767],[-59.4141,-38.59787],[-59.41404,-38.59804],[-59.41407,-38.59847],[-59.41435,-38.59867],[-59.41485,-38.59875],[-59.41547,-38.5987],[-59.41576,-38.59855],[-59.41595,-38.59819],[-59.41602,-38.59794],[-59.41589,-38.59768],[-59.41591,-38.59752],[-59.41623,-38.5974],[-59.41659,-38.5972],[-59.41699,-38.59723],[-59.4172,-38.59736],[-59.41763,-38.59768],[-59.41799,-38.59786],[-59.4182,-38.59787],[-59.41847,-38.59759],[-59.41875,-38.59734],[-59.41881,-38.59707],[-59.41871,-38.59666],[-59.4188,-38.59649],[-59.41924,-38.59629],[-59.4196,-38.596],[-59.4198,-38.59595],[-59.42021,-38.59599],[-59.42047,-38.59593],[-59.42081,-38.5957],[-59.42113,-38.59559],[-59.42142,-38.59554],[-59.42199,-38.59567],[-59.42252,-38.59573],[-59.42287,-38.59571],[-59.42298,-38.59582],[-59.42306,-38.5961],[-59.4232,-38.59624],[-59.42351,-38.59643],[-59.42372,-38.59683],[-59.42392,-38.59722],[-59.42411,-38.59734],[-59.42457,-38.59738],[-59.42541,-38.59749],[-59.42557,-38.5976],[-59.4257,-38.59777],[-59.4257,-38.59805],[-59.42574,-38.59831],[-59.42587,-38.59841],[-59.42614,-38.59848],[-59.42675,-38.59885],[-59.42719,-38.59912],[-59.4275,-38.59946],[-59.42759,-38.59977],[-59.42743,-38.59999],[-59.42709,-38.60014],[-59.42706,-38.60033],[-59.42725,-38.60086],[-59.42732,-38.60163],[-59.4272,-38.60178],[-59.42681,-38.60193],[-59.42656,-38.60236],[-59.42635,-38.60273],[-59.42604,-38.60296],[-59.42607,-38.60313],[-59.42647,-38.60333],[-59.42662,-38.60356],[-59.42671,-38.60392],[-59.42691,-38.60397],[-59.42723,-38.60392],[-59.42752,-38.60378],[-59.42786,-38.60387],[-59.42848,-38.60406],[-59.42883,-38.60432],[-59.42916,-38.60447],[-59.42989,-38.60451],[-59.43048,-38.60438],[-59.43178,-38.60432],[-59.43206,-38.60416],[-59.43234,-38.60329],[-59.43237,-38.60304],[-59.43205,-38.60243],[-59.43164,-38.60183],[-59.43161,-38.60142],[-59.43129,-38.60127],[-59.43096,-38.60099],[-59.43086,-38.60068],[-59.43075,-38.60035],[-59.43087,-38.6],[-59.43063,-38.59964],[-59.43034,-38.59958],[-59.43033,-38.59944],[-59.43044,-38.5993],[-59.43076,-38.59907],[-59.43085,-38.59886],[-59.43098,-38.59872],[-59.43098,-38.59844],[-59.4312,-38.59818],[-59.43146,-38.59811],[-59.43182,-38.59808],[-59.43211,-38.59793],[-59.4325,-38.59781],[-59.4327,-38.59785],[-59.43298,-38.59806],[-59.43303,-38.5984],[-59.43324,-38.59856],[-59.43368,-38.59858],[-59.43383,-38.59846],[-59.43382,-38.59821],[-59.43399,-38.59813],[-59.4343,-38.59817],[-59.43542,-38.59828],[-59.43641,-38.59839],[-59.43717,-38.59822],[-59.43871,-38.59805],[-59.43926,-38.59801],[-59.4397,-38.59809],[-59.43995,-38.59805],[-59.44003,-38.59786],[-59.43997,-38.59655],[-59.43995,-38.59612],[-59.44009,-38.59563],[-59.44008,-38.59511],[-59.44011,-38.59469],[-59.44003,-38.59456],[-59.43985,-38.59453],[-59.43939,-38.59459],[-59.439,-38.59452],[-59.43878,-38.59437],[-59.43872,-38.59414],[-59.43875,-38.59388],[-59.43897,-38.59364],[-59.43911,-38.59352],[-59.439,-38.59315],[-59.43885,-38.59284],[-59.4388,-38.59262],[-59.43889,-38.59254],[-59.43918,-38.5925],[-59.43995,-38.59244],[-59.44032,-38.59236],[-59.44103,-38.59202],[-59.44121,-38.59197],[-59.44151,-38.59204],[-59.44177,-38.59207],[-59.44203,-38.59191],[-59.44223,-38.59172],[-59.44251,-38.59137],[-59.44298,-38.59099],[-59.44327,-38.59077],[-59.44357,-38.59069],[-59.44394,-38.59071],[-59.44421,-38.59076],[-59.4445,-38.5909],[-59.44485,-38.5911],[-59.44506,-38.591],[-59.44514,-38.59082],[-59.44515,-38.59044],[-59.44522,-38.59017],[-59.44555,-38.58992],[-59.44572,-38.58972],[-59.44555,-38.58956],[-59.44512,-38.58947],[-59.44507,-38.5893],[-59.4453,-38.5889],[-59.44539,-38.58867],[-59.43927,-38.58639],[-59.43816,-38.58601],[-59.43683,-38.58559],[-59.43169,-38.58407],[-59.41474,-38.57898],[-59.40007,-38.5746],[-59.38329,-38.56959],[-59.38302,-38.5698],[-59.38005,-38.56872],[-59.37674,-38.56735],[-59.36766,-38.56343]]]]}},{"type":"Feature","properties":{"radio":"065811006","tipo":"Rural","poblacion":30,"hogares":13,"nbi":"Menos de 20 hogares"},"geometry":{"type":"MultiPolygon","coordinates":[[[[-59.24432,-38.63246],[-59.2399,-38.63583],[-59.22682,-38.6254],[-59.21526,-38.634],[-59.20545,-38.64127],[-59.19469,-38.64912],[-59.17741,-38.66145],[-59.17715,-38.66143],[-59.1657,-38.66993],[-59.1207,-38.70242],[-59.12385,-38.70309],[-59.12819,-38.70322],[-59.13143,-38.70389],[-59.13618,-38.70434],[-59.14086,-38.70598],[-59.14412,-38.70648],[-59.14917,-38.70625],[-59.15283,-38.70691],[-59.15851,-38.70812],[-59.16582,-38.70934],[-59.17152,-38.70917],[-59.17422,-38.71002],[-59.17821,-38.71089],[-59.18357,-38.71013],[-59.19095,-38.71151],[-59.19792,-38.7122],[-59.20355,-38.71208],[-59.20898,-38.71227],[-59.21845,-38.71483],[-59.22297,-38.71652],[-59.22765,-38.71697],[-59.23213,-38.71636],[-59.2389,-38.71704],[-59.23905,-38.71705],[-59.24358,-38.71744],[-59.2488,-38.71801],[-59.25293,-38.71846],[-59.26091,-38.71995],[-59.26632,-38.72157],[-59.26943,-38.72228],[-59.27241,-38.72315],[-59.27524,-38.72455],[-59.27715,-38.72414],[-59.28053,-38.72512],[-59.28283,-38.72513],[-59.28798,-38.7267],[-59.29088,-38.72832],[-59.2921,-38.72816],[-59.29332,-38.7278],[-59.29678,-38.72816],[-59.29853,-38.72902],[-59.3003,-38.72877],[-59.30443,-38.72922],[-59.30632,-38.73013],[-59.30816,-38.72988],[-59.31173,-38.73144],[-59.31735,-38.73304],[-59.31975,-38.73385],[-59.32242,-38.73538],[-59.32424,-38.736],[-59.326,-38.73641],[-59.32812,-38.73689],[-59.33156,-38.73772],[-59.33228,-38.73471],[-59.33239,-38.73205],[-59.33244,-38.73074],[-59.33185,-38.72867],[-59.33048,-38.72755],[-59.33037,-38.72743],[-59.33017,-38.72718],[-59.33021,-38.72689],[-59.33011,-38.72672],[-59.33013,-38.72605],[-59.33028,-38.72567],[-59.33034,-38.72538],[-59.33051,-38.72492],[-59.3307,-38.72467],[-59.33108,-38.72456],[-59.33125,-38.72445],[-59.33126,-38.72417],[-59.33137,-38.72399],[-59.33139,-38.72372],[-59.33124,-38.72347],[-59.33125,-38.72316],[-59.33129,-38.72292],[-59.33122,-38.72279],[-59.33097,-38.72278],[-59.3307,-38.72279],[-59.33059,-38.72263],[-59.33066,-38.7224],[-59.33077,-38.72223],[-59.33117,-38.72205],[-59.33134,-38.72181],[-59.3317,-38.72152],[-59.33203,-38.7213],[-59.33211,-38.72119],[-59.33202,-38.72104],[-59.33171,-38.72097],[-59.33164,-38.7208],[-59.33116,-38.72041],[-59.33082,-38.72027],[-59.33055,-38.72005],[-59.33049,-38.71984],[-59.3306,-38.71963],[-59.33085,-38.71936],[-59.33115,-38.71915],[-59.33158,-38.71902],[-59.33188,-38.71904],[-59.33224,-38.71906],[-59.33255,-38.71893],[-59.33277,-38.71876],[-59.33305,-38.71874],[-59.33322,-38.71877],[-59.33338,-38.71894],[-59.33368,-38.71909],[-59.33428,-38.71926],[-59.33454,-38.71918],[-59.3347,-38.71902],[-59.33475,-38.71884],[-59.33456,-38.71868],[-59.33436,-38.71874],[-59.33412,-38.71882],[-59.33396,-38.71872],[-59.33392,-38.71854],[-59.33404,-38.71827],[-59.33427,-38.71809],[-59.33452,-38.71809],[-59.33472,-38.7183],[-59.33497,-38.71835],[-59.33549,-38.71812],[-59.33602,-38.71803],[-59.3363,-38.71791],[-59.33646,-38.71761],[-59.33639,-38.71739],[-59.33644,-38.71725],[-59.33664,-38.71718],[-59.33702,-38.7171],[-59.33726,-38.71681],[-59.33789,-38.71645],[-59.33809,-38.71605],[-59.33797,-38.71553],[-59.33814,-38.71531],[-59.33839,-38.71517],[-59.33861,-38.71514],[-59.33877,-38.71528],[-59.33908,-38.7154],[-59.33937,-38.71537],[-59.33974,-38.71529],[-59.34015,-38.71508],[-59.34066,-38.71491],[-59.34127,-38.71451],[-59.34148,-38.71438],[-59.34142,-38.71422],[-59.34113,-38.71402],[-59.34096,-38.71386],[-59.34094,-38.71357],[-59.34118,-38.71312],[-59.34114,-38.71292],[-59.34118,-38.71278],[-59.34146,-38.71253],[-59.34179,-38.71246],[-59.34204,-38.71252],[-59.34241,-38.71263],[-59.34277,-38.71263],[-59.34313,-38.71251],[-59.34351,-38.71226],[-59.34404,-38.7118],[-59.34502,-38.7109],[-59.34586,-38.71014],[-59.3468,-38.70941],[-59.34744,-38.70903],[-59.34785,-38.70885],[-59.34831,-38.70887],[-59.34878,-38.709],[-59.34938,-38.70912],[-59.35035,-38.70953],[-59.35127,-38.7097],[-59.352,-38.70962],[-59.35251,-38.70936],[-59.35287,-38.70883],[-59.35323,-38.70856],[-59.35379,-38.70858],[-59.35439,-38.70862],[-59.35503,-38.70862],[-59.35546,-38.70847],[-59.35576,-38.7078],[-59.35569,-38.70733],[-59.35546,-38.70688],[-59.35545,-38.70633],[-59.35558,-38.70604],[-59.35558,-38.7056],[-59.3552,-38.70519],[-59.35459,-38.7048],[-59.3539,-38.70443],[-59.35339,-38.7043],[-59.35294,-38.70434],[-59.35271,-38.7041],[-59.35254,-38.70379],[-59.35262,-38.70327],[-59.35259,-38.70268],[-59.35189,-38.70162],[-59.35151,-38.70132],[-59.35351,-38.6999],[-59.34643,-38.69433],[-59.33959,-38.6888],[-59.32961,-38.68076],[-59.32255,-38.67517],[-59.32082,-38.67364],[-59.31713,-38.67066],[-59.30962,-38.66461],[-59.32119,-38.65589],[-59.31392,-38.65017],[-59.30506,-38.64321],[-59.29531,-38.63546],[-59.2857,-38.62785],[-59.27477,-38.61918],[-59.26843,-38.6142],[-59.25434,-38.62488],[-59.24779,-38.62985],[-59.24432,-38.63246]]]]}},{"type":"Feature","properties":{"radio":"065811007","tipo":"Urbano","poblacion":120,"hogares":42,"pct_nbi":0.0,"pct_hacinamiento":4.8,"pct_sin_agua_red":42.9,"pct_sin_cloaca":97.6,"pct_garrafa_lena":88.1,"pct_solo_salud_publica":43.3,"pct_0a17":30.8,"pct_70ymas":10.8,"nbi":"Menos de 2,5 %"},"geometry":{"type":"MultiPolygon","coordinates":[[[[-59.3178,-38.44296],[-59.31794,-38.44509],[-59.318,-38.44629],[-59.318,-38.44629],[-59.31804,-38.44736],[-59.31673,-38.44739],[-59.31534,-38.44743],[-59.31282,-38.44751],[-59.31027,-38.44762],[-59.31042,-38.44991],[-59.31298,-38.4498],[-59.31544,-38.44972],[-59.31682,-38.44967],[-59.31818,-38.44962],[-59.31959,-38.44957],[-59.32094,-38.44952],[-59.32237,-38.44946],[-59.3237,-38.44941],[-59.32505,-38.44936],[-59.32784,-38.44925],[-59.32921,-38.4492],[-59.33058,-38.44915],[-59.3305,-38.44801],[-59.33043,-38.44688],[-59.33037,-38.44577],[-59.3303,-38.44465],[-59.32895,-38.4447],[-59.32881,-38.44254],[-59.32606,-38.44265],[-59.32469,-38.44271],[-59.32336,-38.44276],[-59.32198,-38.44281],[-59.3206,-38.44286],[-59.32049,-38.44287],[-59.31924,-38.44291],[-59.3178,-38.44296]]]]}},{"type":"Feature","properties":{"radio":"065811008","tipo":"Urbano","poblacion":137,"hogares":47,"pct_nbi":2.1,"pct_hacinamiento":4.3,"pct_sin_agua_red":21.3,"pct_sin_cloaca":100.0,"pct_garrafa_lena":97.9,"pct_solo_salud_publica":36.5,"pct_0a17":30.7,"pct_70ymas":10.2,"nbi":"Menos de 2,5 %"},"geometry":{"type":"MultiPolygon","coordinates":[[[[-59.31298,-38.4498],[-59.31309,-38.45213],[-59.31829,-38.4519],[-59.31838,-38.45417],[-59.31846,-38.45627],[-59.32138,-38.45618],[-59.32146,-38.45817],[-59.32155,-38.46014],[-59.32163,-38.4622],[-59.32436,-38.46206],[-59.32428,-38.46002],[-59.3242,-38.4581],[-59.32412,-38.4561],[-59.32407,-38.45503],[-59.32535,-38.45498],[-59.3268,-38.45492],[-59.32686,-38.45601],[-59.32698,-38.45806],[-59.32973,-38.45798],[-59.32962,-38.4559],[-59.33096,-38.45585],[-59.33096,-38.45585],[-59.33091,-38.45479],[-59.33087,-38.4537],[-59.3308,-38.45257],[-59.33072,-38.45143],[-59.33065,-38.45032],[-59.33058,-38.44915],[-59.32921,-38.4492],[-59.32784,-38.44925],[-59.32505,-38.44936],[-59.3237,-38.44941],[-59.32237,-38.44946],[-59.32094,-38.44952],[-59.31959,-38.44957],[-59.31818,-38.44962],[-59.31682,-38.44967],[-59.31544,-38.44972],[-59.31298,-38.4498]]]]}},{"type":"Feature","properties":{"radio":"065811101","tipo":"Rural","poblacion":4,"hogares":1,"nbi":"Menos de 20 hogares"},"geometry":{"type":"MultiPolygon","coordinates":[[[[-59.25462,-38.41644],[-59.2432,-38.4253],[-59.243,-38.42516],[-59.23238,-38.43343],[-59.22317,-38.44054],[-59.21911,-38.43729],[-59.21198,-38.44263],[-59.20374,-38.44885],[-59.21211,-38.45555],[-59.21319,-38.45634],[-59.21738,-38.45971],[-59.23045,-38.47013],[-59.24165,-38.47922],[-59.25286,-38.4882],[-59.28801,-38.46128],[-59.28796,-38.46111],[-59.29963,-38.45211],[-59.28977,-38.44431],[-59.28163,-38.43782],[-59.26972,-38.42845],[-59.27844,-38.42161],[-59.26138,-38.40798],[-59.25265,-38.41484],[-59.25462,-38.41644]]]]}},{"type":"Feature","properties":{"radio":"065811102","tipo":"Rural","poblacion":18,"hogares":4,"nbi":"Menos de 20 hogares"},"geometry":{"type":"MultiPolygon","coordinates":[[[[-59.0848,-38.49192],[-59.07607,-38.49876],[-59.07037,-38.5032],[-59.05588,-38.51457],[-59.03844,-38.52816],[-59.05024,-38.52795],[-59.06175,-38.52775],[-59.07048,-38.52759],[-59.07227,-38.52758],[-59.07429,-38.52757],[-59.07637,-38.52761],[-59.07839,-38.52768],[-59.08054,-38.52778],[-59.08249,-38.52791],[-59.08414,-38.52802],[-59.0856,-38.52815],[-59.087,-38.52829],[-59.09441,-38.52911],[-59.1033,-38.53013],[-59.10643,-38.53049],[-59.10375,-38.52835],[-59.10096,-38.52618],[-59.10089,-38.52604],[-59.10096,-38.5259],[-59.10929,-38.51965],[-59.12201,-38.51015],[-59.13218,-38.50254],[-59.1352,-38.50029],[-59.14014,-38.49658],[-59.14702,-38.50224],[-59.15358,-38.50763],[-59.16161,-38.50165],[-59.1737,-38.49258],[-59.18357,-38.48514],[-59.19085,-38.47965],[-59.20219,-38.47111],[-59.21738,-38.45971],[-59.21319,-38.45634],[-59.21211,-38.45555],[-59.20374,-38.44885],[-59.21198,-38.44263],[-59.21911,-38.43729],[-59.18767,-38.41141],[-59.18242,-38.4155],[-59.16732,-38.42737],[-59.15863,-38.43416],[-59.15826,-38.43447],[-59.15722,-38.43529],[-59.13681,-38.45122],[-59.12059,-38.46388],[-59.10196,-38.47846],[-59.0848,-38.49192]]]]}},{"type":"Feature","properties":{"radio":"065811103","tipo":"Rural","poblacion":7,"hogares":3,"nbi":"Menos de 20 hogares"},"geometry":{"type":"MultiPolygon","coordinates":[[[[-59.16161,-38.50165],[-59.15358,-38.50763],[-59.14702,-38.50224],[-59.14014,-38.49658],[-59.1352,-38.50029],[-59.13218,-38.50254],[-59.12201,-38.51015],[-59.10929,-38.51965],[-59.10096,-38.5259],[-59.10089,-38.52604],[-59.10096,-38.52618],[-59.10375,-38.52835],[-59.10643,-38.53049],[-59.16103,-38.57342],[-59.17084,-38.56656],[-59.18346,-38.55767],[-59.20611,-38.54177],[-59.20715,-38.5419],[-59.21495,-38.53658],[-59.22636,-38.52874],[-59.22794,-38.52764],[-59.23301,-38.52357],[-59.24516,-38.51388],[-59.25242,-38.50833],[-59.2655,-38.49823],[-59.25286,-38.4882],[-59.24165,-38.47922],[-59.23045,-38.47013],[-59.21738,-38.45971],[-59.20219,-38.47111],[-59.19085,-38.47965],[-59.18357,-38.48514],[-59.1737,-38.49258],[-59.16161,-38.50165]]]]}},{"type":"Feature","properties":{"radio":"065811104","tipo":"Rural","poblacion":30,"hogares":8,"nbi":"Menos de 20 hogares"},"geometry":{"type":"MultiPolygon","coordinates":[[[[-59.30044,-38.45076],[-59.29963,-38.45211],[-59.28796,-38.46111],[-59.28801,-38.46128],[-59.25286,-38.4882],[-59.2655,-38.49823],[-59.25242,-38.50833],[-59.24516,-38.51388],[-59.23301,-38.52357],[-59.22794,-38.52764],[-59.22636,-38.52874],[-59.21495,-38.53658],[-59.20715,-38.5419],[-59.25361,-38.54703],[-59.26469,-38.54824],[-59.28085,-38.55002],[-59.2936,-38.55141],[-59.30198,-38.55232],[-59.31514,-38.55377],[-59.31497,-38.55186],[-59.31523,-38.55116],[-59.31519,-38.5507],[-59.31544,-38.55028],[-59.31532,-38.54959],[-59.31533,-38.54925],[-59.31552,-38.54895],[-59.31609,-38.54838],[-59.31649,-38.5481],[-59.31664,-38.54773],[-59.31694,-38.54746],[-59.31689,-38.54709],[-59.31707,-38.5469],[-59.31716,-38.54645],[-59.31706,-38.54615],[-59.31721,-38.54594],[-59.31724,-38.54549],[-59.31727,-38.54524],[-59.31757,-38.5448],[-59.31755,-38.54444],[-59.31759,-38.54408],[-59.31751,-38.54374],[-59.31756,-38.5435],[-59.3174,-38.54314],[-59.31721,-38.54307],[-59.31661,-38.54306],[-59.31641,-38.54298],[-59.31616,-38.54247],[-59.3163,-38.54223],[-59.31636,-38.54182],[-59.31629,-38.54153],[-59.31605,-38.54131],[-59.31585,-38.54109],[-59.31564,-38.54101],[-59.31508,-38.54111],[-59.31478,-38.54109],[-59.31459,-38.54093],[-59.31456,-38.54067],[-59.3145,-38.54049],[-59.31426,-38.54039],[-59.3142,-38.54026],[-59.31424,-38.54005],[-59.31418,-38.53992],[-59.3137,-38.53983],[-59.3133,-38.53969],[-59.31308,-38.53937],[-59.31303,-38.53904],[-59.31324,-38.53887],[-59.31325,-38.53871],[-59.31312,-38.53857],[-59.3131,-38.53838],[-59.31282,-38.53829],[-59.31253,-38.53816],[-59.31232,-38.53798],[-59.31201,-38.5378],[-59.31148,-38.53688],[-59.31136,-38.53645],[-59.31121,-38.53618],[-59.31137,-38.53589],[-59.31175,-38.53547],[-59.31201,-38.53489],[-59.31191,-38.53459],[-59.31173,-38.53448],[-59.31147,-38.53429],[-59.31138,-38.53402],[-59.31132,-38.53353],[-59.31136,-38.53306],[-59.31122,-38.53268],[-59.31128,-38.53244],[-59.31129,-38.53181],[-59.31125,-38.53131],[-59.31107,-38.53101],[-59.3112,-38.53075],[-59.31145,-38.53063],[-59.31189,-38.53059],[-59.31215,-38.53049],[-59.31232,-38.53021],[-59.31268,-38.52982],[-59.31278,-38.52958],[-59.31294,-38.52934],[-59.31294,-38.52906],[-59.31304,-38.52873],[-59.3129,-38.52855],[-59.31265,-38.52846],[-59.31251,-38.52832],[-59.31251,-38.52818],[-59.31261,-38.52805],[-59.31269,-38.52786],[-59.31243,-38.52745],[-59.31213,-38.52732],[-59.31202,-38.52709],[-59.31186,-38.52702],[-59.31156,-38.52709],[-59.31098,-38.52692],[-59.31051,-38.52663],[-59.31034,-38.52643],[-59.31025,-38.52626],[-59.31028,-38.52598],[-59.31028,-38.5257],[-59.3106,-38.52525],[-59.31065,-38.52493],[-59.31066,-38.52461],[-59.31052,-38.52416],[-59.31032,-38.52408],[-59.3101,-38.52386],[-59.3098,-38.52365],[-59.30984,-38.52317],[-59.31011,-38.52293],[-59.31013,-38.52264],[-59.30979,-38.52249],[-59.30963,-38.52229],[-59.30964,-38.52177],[-59.30977,-38.52149],[-59.30984,-38.52127],[-59.31009,-38.521],[-59.3102,-38.52065],[-59.3105,-38.52021],[-59.31047,-38.51991],[-59.31044,-38.51965],[-59.31014,-38.51935],[-59.30959,-38.5189],[-59.30967,-38.51839],[-59.31006,-38.51788],[-59.3101,-38.51773],[-59.30995,-38.51752],[-59.30989,-38.51734],[-59.30993,-38.5172],[-59.30958,-38.51662],[-59.30915,-38.51656],[-59.30901,-38.51604],[-59.3089,-38.51583],[-59.30891,-38.51557],[-59.3089,-38.51541],[-59.30872,-38.51534],[-59.30844,-38.51531],[-59.30829,-38.51522],[-59.30826,-38.51504],[-59.30823,-38.51492],[-59.30776,-38.51475],[-59.30744,-38.5145],[-59.30698,-38.51445],[-59.30693,-38.51434],[-59.30649,-38.5143],[-59.30632,-38.51415],[-59.30603,-38.514],[-59.30578,-38.51393],[-59.30574,-38.51374],[-59.3061,-38.51335],[-59.3061,-38.51304],[-59.30596,-38.51263],[-59.30575,-38.51215],[-59.30541,-38.51158],[-59.30548,-38.51063],[-59.30566,-38.51025],[-59.30585,-38.51007],[-59.30607,-38.5095],[-59.30598,-38.50924],[-59.3061,-38.50907],[-59.30611,-38.50891],[-59.30605,-38.50876],[-59.30586,-38.5087],[-59.3056,-38.50869],[-59.30529,-38.50859],[-59.30504,-38.50865],[-59.30485,-38.50865],[-59.30466,-38.50847],[-59.3044,-38.50837],[-59.30427,-38.50806],[-59.30417,-38.5079],[-59.30401,-38.5078],[-59.30372,-38.50778],[-59.30355,-38.5077],[-59.30352,-38.50735],[-59.3033,-38.50719],[-59.3032,-38.50705],[-59.30346,-38.50655],[-59.30342,-38.50619],[-59.3036,-38.50601],[-59.30396,-38.50549],[-59.30391,-38.50524],[-59.30404,-38.50499],[-59.30395,-38.50458],[-59.30379,-38.5042],[-59.30365,-38.50396],[-59.30332,-38.50375],[-59.30334,-38.50347],[-59.30302,-38.50314],[-59.30303,-38.50287],[-59.30252,-38.50263],[-59.30241,-38.50238],[-59.30257,-38.50217],[-59.30253,-38.50201],[-59.30255,-38.50167],[-59.30243,-38.50147],[-59.30242,-38.50101],[-59.30218,-38.50074],[-59.30198,-38.50061],[-59.30186,-38.50052],[-59.30185,-38.50027],[-59.30183,-38.50016],[-59.30137,-38.50008],[-59.30134,-38.4999],[-59.30143,-38.49963],[-59.30158,-38.49938],[-59.30152,-38.49908],[-59.30138,-38.49896],[-59.30093,-38.49876],[-59.30087,-38.49865],[-59.30099,-38.49847],[-59.30104,-38.49837],[-59.30053,-38.49783],[-59.30039,-38.49764],[-59.30037,-38.49748],[-59.30057,-38.49708],[-59.30045,-38.49692],[-59.30036,-38.4967],[-59.30034,-38.49615],[-59.30038,-38.4958],[-59.30033,-38.49565],[-59.30017,-38.49556],[-59.29993,-38.49549],[-59.29963,-38.49535],[-59.29961,-38.49516],[-59.29979,-38.49495],[-59.30002,-38.49484],[-59.30021,-38.49458],[-59.30048,-38.49428],[-59.30102,-38.49402],[-59.30131,-38.49369],[-59.30151,-38.49365],[-59.30166,-38.49361],[-59.30193,-38.49342],[-59.30202,-38.49319],[-59.30224,-38.493],[-59.30241,-38.49251],[-59.30273,-38.49228],[-59.30288,-38.49206],[-59.30296,-38.49176],[-59.30314,-38.4916],[-59.3032,-38.49146],[-59.30304,-38.49135],[-59.30298,-38.49117],[-59.30311,-38.49066],[-59.3033,-38.49037],[-59.30328,-38.48998],[-59.30353,-38.48959],[-59.3036,-38.48938],[-59.30349,-38.4892],[-59.3034,-38.48906],[-59.30346,-38.48879],[-59.30333,-38.48834],[-59.30332,-38.48815],[-59.30353,-38.488],[-59.3038,-38.48785],[-59.30395,-38.48751],[-59.30397,-38.48706],[-59.30423,-38.48673],[-59.30433,-38.48647],[-59.30459,-38.48631],[-59.30478,-38.48603],[-59.30481,-38.48566],[-59.30459,-38.48541],[-59.30447,-38.48511],[-59.30411,-38.48448],[-59.30413,-38.48426],[-59.30426,-38.48408],[-59.3045,-38.48395],[-59.30453,-38.48381],[-59.30407,-38.4828],[-59.30394,-38.48246],[-59.3039,-38.48204],[-59.30352,-38.48153],[-59.30353,-38.48132],[-59.30347,-38.48103],[-59.30336,-38.4808],[-59.30339,-38.48015],[-59.30323,-38.47979],[-59.30324,-38.47956],[-59.30295,-38.47942],[-59.30288,-38.4793],[-59.303,-38.47866],[-59.30289,-38.47832],[-59.30282,-38.47803],[-59.3028,-38.4773],[-59.3027,-38.47709],[-59.30268,-38.47687],[-59.30283,-38.47662],[-59.30302,-38.47647],[-59.30307,-38.47628],[-59.30307,-38.47607],[-59.30316,-38.47582],[-59.30333,-38.47581],[-59.30349,-38.47557],[-59.30339,-38.4752],[-59.3032,-38.47499],[-59.30317,-38.47485],[-59.30328,-38.47467],[-59.30314,-38.47438],[-59.30312,-38.4738],[-59.30293,-38.47338],[-59.30282,-38.47298],[-59.30288,-38.47277],[-59.30293,-38.4725],[-59.30282,-38.47212],[-59.30259,-38.47189],[-59.30257,-38.47173],[-59.30292,-38.47137],[-59.3031,-38.47113],[-59.30309,-38.47078],[-59.30333,-38.47043],[-59.30319,-38.47014],[-59.30318,-38.46994],[-59.30311,-38.46973],[-59.30319,-38.46954],[-59.30347,-38.46945],[-59.3038,-38.46905],[-59.30396,-38.46892],[-59.30398,-38.46866],[-59.30404,-38.4685],[-59.3043,-38.46832],[-59.30432,-38.46817],[-59.30446,-38.46801],[-59.30485,-38.46783],[-59.30551,-38.46744],[-59.30565,-38.46714],[-59.3059,-38.46697],[-59.30586,-38.46677],[-59.30591,-38.46624],[-59.3058,-38.46582],[-59.30596,-38.46549],[-59.30617,-38.4653],[-59.30625,-38.46501],[-59.30648,-38.46491],[-59.30653,-38.4648],[-59.30654,-38.46463],[-59.30687,-38.46456],[-59.30707,-38.46429],[-59.30728,-38.46411],[-59.30755,-38.46398],[-59.30778,-38.46341],[-59.30772,-38.46324],[-59.30782,-38.46264],[-59.30774,-38.46237],[-59.30768,-38.46191],[-59.30743,-38.46126],[-59.30758,-38.46058],[-59.30752,-38.46023],[-59.3077,-38.45992],[-59.30797,-38.45945],[-59.30788,-38.45865],[-59.30788,-38.45846],[-59.30805,-38.45835],[-59.30807,-38.45811],[-59.30797,-38.45788],[-59.3081,-38.45766],[-59.30816,-38.45729],[-59.30805,-38.45713],[-59.30776,-38.45703],[-59.30753,-38.45688],[-59.30725,-38.4568],[-59.30694,-38.4567],[-59.30633,-38.45658],[-59.30595,-38.45661],[-59.30567,-38.45666],[-59.30543,-38.45655],[-59.30526,-38.45641],[-59.30522,-38.45608],[-59.30522,-38.4555],[-59.30526,-38.45524],[-59.30511,-38.45491],[-59.30449,-38.45435],[-59.3043,-38.45408],[-59.30422,-38.45392],[-59.30396,-38.45361],[-59.30361,-38.45308],[-59.3036,-38.45289],[-59.3035,-38.45277],[-59.30332,-38.45266],[-59.30327,-38.45249],[-59.30321,-38.45231],[-59.30297,-38.45217],[-59.30262,-38.45208],[-59.30241,-38.45208],[-59.30223,-38.45208],[-59.30201,-38.45196],[-59.30124,-38.45141],[-59.30109,-38.45119],[-59.30095,-38.45033],[-59.30057,-38.45056],[-59.30044,-38.45076]]]]}},{"type":"Feature","properties":{"radio":"065811105","tipo":"Urbano","poblacion":52,"hogares":23,"pct_nbi":0.0,"pct_hacinamiento":0.0,"pct_sin_agua_red":100.0,"pct_sin_cloaca":100.0,"pct_garrafa_lena":95.7,"pct_solo_salud_publica":21.2,"pct_0a17":21.2,"pct_70ymas":17.3,"nbi":"Menos de 2,5 %"},"geometry":{"type":"MultiPolygon","coordinates":[[[[-59.33935,-38.55645],[-59.33912,-38.55774],[-59.33903,-38.55824],[-59.33904,-38.55843],[-59.33934,-38.55872],[-59.33964,-38.55897],[-59.34051,-38.55969],[-59.3419,-38.55865],[-59.34409,-38.55699],[-59.34557,-38.55717],[-59.3456,-38.55695],[-59.34562,-38.55676],[-59.34556,-38.55656],[-59.34546,-38.55642],[-59.34535,-38.55636],[-59.34525,-38.5563],[-59.34491,-38.55629],[-59.34541,-38.55604],[-59.34594,-38.5558],[-59.34622,-38.55561],[-59.34561,-38.55577],[-59.3449,-38.55602],[-59.34439,-38.55614],[-59.34408,-38.55621],[-59.3439,-38.55626],[-59.3433,-38.55637],[-59.34262,-38.55646],[-59.34195,-38.55651],[-59.34081,-38.55657],[-59.33935,-38.55645]]]]}},{"type":"Feature","properties":{"radio":"065811106","tipo":"Rural","poblacion":5,"hogares":1,"nbi":"Menos de 20 hogares"},"geometry":{"type":"MultiPolygon","coordinates":[[[[-59.02541,-38.57178],[-59.02786,-38.57187],[-59.02881,-38.57196],[-59.04338,-38.57276],[-59.04943,-38.57315],[-59.05363,-38.57344],[-59.05807,-38.57361],[-59.05938,-38.57372],[-59.06577,-38.57401],[-59.06624,-38.574],[-59.06654,-38.57391],[-59.06833,-38.57256],[-59.0686,-38.57237],[-59.06879,-38.57228],[-59.06917,-38.57216],[-59.06955,-38.57214],[-59.08831,-38.57343],[-59.10075,-38.57428],[-59.10356,-38.57447],[-59.10414,-38.57453],[-59.10939,-38.57539],[-59.11047,-38.57557],[-59.11177,-38.57582],[-59.11309,-38.57617],[-59.1151,-38.57664],[-59.1156,-38.57672],[-59.11603,-38.57673],[-59.11771,-38.57668],[-59.11854,-38.57667],[-59.11927,-38.57669],[-59.12363,-38.57704],[-59.13283,-38.57766],[-59.13422,-38.57779],[-59.13457,-38.57779],[-59.13486,-38.57769],[-59.13508,-38.57752],[-59.13688,-38.57566],[-59.13729,-38.57522],[-59.13751,-38.57508],[-59.13775,-38.57501],[-59.13802,-38.57502],[-59.13825,-38.5751],[-59.13843,-38.57524],[-59.14121,-38.5776],[-59.1415,-38.57786],[-59.14175,-38.57796],[-59.14203,-38.57803],[-59.14361,-38.57819],[-59.14568,-38.57845],[-59.14705,-38.57865],[-59.14788,-38.57885],[-59.14937,-38.57926],[-59.15429,-38.58063],[-59.15582,-38.58101],[-59.16063,-38.58185],[-59.16576,-38.5828],[-59.16888,-38.58344],[-59.1747,-38.58446],[-59.17505,-38.58457],[-59.17505,-38.58441],[-59.16977,-38.58027],[-59.16103,-38.57342],[-59.10643,-38.53049],[-59.1033,-38.53013],[-59.09441,-38.52911],[-59.087,-38.52829],[-59.0856,-38.52815],[-59.08414,-38.52802],[-59.08249,-38.52791],[-59.08054,-38.52778],[-59.07839,-38.52768],[-59.07637,-38.52761],[-59.07429,-38.52757],[-59.07227,-38.52758],[-59.07048,-38.52759],[-59.06175,-38.52775],[-59.05024,-38.52795],[-59.03844,-38.52816],[-59.02947,-38.53517],[-59.01661,-38.54522],[-59.00669,-38.55298],[-58.9867,-38.56853],[-58.99129,-38.56907],[-58.99758,-38.56977],[-58.99967,-38.57006],[-59.00285,-38.57046],[-59.00402,-38.57055],[-59.0059,-38.57068],[-59.01023,-38.5709],[-59.01822,-38.57134],[-59.02541,-38.57178]]]]}},{"type":"Feature","properties":{"radio":"065811107","tipo":"Urbano","poblacion":45,"hogares":20,"pct_nbi":20.0,"pct_hacinamiento":0.0,"pct_sin_agua_red":85.0,"pct_sin_cloaca":90.0,"pct_garrafa_lena":85.0,"pct_solo_salud_publica":26.7,"pct_0a17":24.4,"pct_70ymas":4.4,"nbi":"10 % o más"},"geometry":{"type":"MultiPolygon","coordinates":[[[[-58.98187,-38.66574],[-58.9842,-38.66642],[-58.98714,-38.66735],[-58.98882,-38.66762],[-58.99069,-38.66777],[-58.99757,-38.66994],[-58.99962,-38.6704],[-59.00114,-38.67104],[-59.00389,-38.67155],[-59.00553,-38.67223],[-59.00756,-38.67342],[-59.00863,-38.67369],[-59.00974,-38.67444],[-59.01009,-38.67411],[-59.01084,-38.67353],[-59.01139,-38.67307],[-59.01775,-38.66823],[-59.01644,-38.6679],[-59.01551,-38.66766],[-59.01237,-38.66677],[-59.01123,-38.66646],[-59.01006,-38.66614],[-59.00809,-38.6656],[-59.0068,-38.66525],[-59.00458,-38.66464],[-59.00336,-38.66431],[-59.00121,-38.66373],[-59.00012,-38.66343],[-58.99803,-38.66277],[-58.99718,-38.66343],[-58.98441,-38.66022],[-58.98399,-38.66135],[-58.98384,-38.66148],[-58.98372,-38.66158],[-58.98364,-38.6617],[-58.98364,-38.66189],[-58.98305,-38.6632],[-58.98224,-38.66494],[-58.98187,-38.66574]]]]}},{"type":"Feature","properties":{"radio":"065811108","tipo":"Rural","poblacion":11,"hogares":6,"nbi":"Menos de 20 hogares"},"geometry":{"type":"MultiPolygon","coordinates":[[[[-59.06644,-38.5743],[-59.06057,-38.57886],[-59.0564,-38.58217],[-59.05629,-38.58208],[-59.04366,-38.59199],[-59.04347,-38.59221],[-59.04169,-38.59362],[-59.0477,-38.59819],[-59.05401,-38.6031],[-59.03944,-38.61449],[-59.04956,-38.6224],[-59.03833,-38.63119],[-59.04238,-38.63445],[-59.0518,-38.64184],[-59.04018,-38.65041],[-59.04874,-38.65716],[-59.04885,-38.65718],[-59.05367,-38.661],[-59.04056,-38.67127],[-59.02793,-38.68116],[-59.03074,-38.68188],[-59.03332,-38.68236],[-59.03567,-38.68312],[-59.04003,-38.68399],[-59.05872,-38.66901],[-59.06136,-38.66693],[-59.07195,-38.65873],[-59.08686,-38.64706],[-59.09343,-38.65218],[-59.10037,-38.65763],[-59.11207,-38.64844],[-59.12117,-38.64127],[-59.12134,-38.64132],[-59.13124,-38.63342],[-59.14234,-38.6247],[-59.15252,-38.61674],[-59.16339,-38.60824],[-59.1842,-38.59194],[-59.17505,-38.58457],[-59.1747,-38.58446],[-59.16888,-38.58344],[-59.16576,-38.5828],[-59.16063,-38.58185],[-59.15582,-38.58101],[-59.15429,-38.58063],[-59.14937,-38.57926],[-59.14788,-38.57885],[-59.14705,-38.57865],[-59.14568,-38.57845],[-59.14361,-38.57819],[-59.14203,-38.57803],[-59.14175,-38.57796],[-59.1415,-38.57786],[-59.14121,-38.5776],[-59.13843,-38.57524],[-59.13825,-38.5751],[-59.13802,-38.57502],[-59.13775,-38.57501],[-59.13751,-38.57508],[-59.13729,-38.57522],[-59.13688,-38.57566],[-59.13508,-38.57752],[-59.13486,-38.57769],[-59.13457,-38.57779],[-59.13422,-38.57779],[-59.13283,-38.57766],[-59.12363,-38.57704],[-59.11927,-38.57669],[-59.11854,-38.57667],[-59.11771,-38.57668],[-59.11603,-38.57673],[-59.1156,-38.57672],[-59.1151,-38.57664],[-59.11309,-38.57617],[-59.11177,-38.57582],[-59.11047,-38.57557],[-59.10939,-38.57539],[-59.10414,-38.57453],[-59.10356,-38.57447],[-59.10075,-38.57428],[-59.08831,-38.57343],[-59.06955,-38.57214],[-59.06917,-38.57216],[-59.06879,-38.57228],[-59.0686,-38.57237],[-59.06833,-38.57256],[-59.06654,-38.57391],[-59.06654,-38.57415],[-59.06644,-38.5743]]]]}},{"type":"Feature","properties":{"radio":"065811109","tipo":"Rural","poblacion":0,"hogares":0,"nbi":"Menos de 20 hogares"},"geometry":{"type":"MultiPolygon","coordinates":[[[[-59.13124,-38.63342],[-59.12134,-38.64132],[-59.12117,-38.64127],[-59.11207,-38.64844],[-59.10037,-38.65763],[-59.09343,-38.65218],[-59.08686,-38.64706],[-59.07195,-38.65873],[-59.06136,-38.66693],[-59.05872,-38.66901],[-59.04003,-38.68399],[-59.05513,-38.68758],[-59.05885,-38.68828],[-59.06088,-38.68853],[-59.06074,-38.68863],[-59.06299,-38.68891],[-59.06664,-38.68992],[-59.07246,-38.69141],[-59.07661,-38.69185],[-59.07972,-38.69231],[-59.08236,-38.69355],[-59.08608,-38.69452],[-59.09015,-38.6955],[-59.0931,-38.69633],[-59.09625,-38.69727],[-59.10008,-38.69821],[-59.10319,-38.69923],[-59.10726,-38.70002],[-59.11192,-38.70108],[-59.11574,-38.70195],[-59.11753,-38.70213],[-59.11856,-38.70216],[-59.11974,-38.70231],[-59.1207,-38.70242],[-59.1657,-38.66993],[-59.17715,-38.66143],[-59.17741,-38.66145],[-59.19469,-38.64912],[-59.20545,-38.64127],[-59.21526,-38.634],[-59.22682,-38.6254],[-59.22399,-38.62307],[-59.22098,-38.62073],[-59.21777,-38.61831],[-59.20633,-38.60926],[-59.20467,-38.60813],[-59.20342,-38.60722],[-59.20185,-38.60596],[-59.20126,-38.6054],[-59.19137,-38.59759],[-59.1842,-38.59194],[-59.16339,-38.60824],[-59.15252,-38.61674],[-59.14234,-38.6247],[-59.13124,-38.63342]]]]}},{"type":"Feature","properties":{"radio":"065811110","tipo":"Rural","poblacion":2,"hogares":1,"nbi":"Menos de 20 hogares"},"geometry":{"type":"MultiPolygon","coordinates":[[[[-59.34051,-38.55969],[-59.33964,-38.55897],[-59.33934,-38.55872],[-59.33904,-38.55843],[-59.33903,-38.55824],[-59.33912,-38.55774],[-59.33935,-38.55645],[-59.33041,-38.55543],[-59.31514,-38.55377],[-59.30198,-38.55232],[-59.2936,-38.55141],[-59.28085,-38.55002],[-59.26469,-38.54824],[-59.25361,-38.54703],[-59.20715,-38.5419],[-59.20611,-38.54177],[-59.18346,-38.55767],[-59.17084,-38.56656],[-59.16103,-38.57342],[-59.16977,-38.58027],[-59.17505,-38.58441],[-59.17505,-38.58457],[-59.1842,-38.59194],[-59.19137,-38.59759],[-59.20126,-38.6054],[-59.20185,-38.60596],[-59.20342,-38.60722],[-59.20467,-38.60813],[-59.20633,-38.60926],[-59.21777,-38.61831],[-59.22098,-38.62073],[-59.22399,-38.62307],[-59.22682,-38.6254],[-59.2399,-38.63583],[-59.24432,-38.63246],[-59.24779,-38.62985],[-59.25434,-38.62488],[-59.26843,-38.6142],[-59.32694,-38.56989],[-59.33553,-38.5634],[-59.34051,-38.55969]]]]}},{"type":"Feature","properties":{"radio":"065811111","tipo":"Rural","poblacion":9,"hogares":3,"nbi":"Menos de 20 hogares"},"geometry":{"type":"MultiPolygon","coordinates":[[[[-58.98187,-38.66574],[-58.98224,-38.66494],[-58.98305,-38.6632],[-58.98364,-38.66189],[-58.98364,-38.6617],[-58.98372,-38.66158],[-58.98384,-38.66148],[-58.98399,-38.66135],[-58.98441,-38.66022],[-58.99718,-38.66343],[-58.99803,-38.66277],[-59.00012,-38.66343],[-59.00121,-38.66373],[-59.00336,-38.66431],[-59.00458,-38.66464],[-59.0068,-38.66525],[-59.00809,-38.6656],[-59.01006,-38.66614],[-59.01123,-38.66646],[-59.01237,-38.66677],[-59.01551,-38.66766],[-59.01644,-38.6679],[-59.01775,-38.66823],[-59.01139,-38.67307],[-59.01084,-38.67353],[-59.01009,-38.67411],[-59.00974,-38.67444],[-59.01084,-38.67571],[-59.01087,-38.67681],[-59.01113,-38.67777],[-59.01288,-38.6786],[-59.01638,-38.67846],[-59.01855,-38.67846],[-59.02793,-38.68116],[-59.04056,-38.67127],[-59.05367,-38.661],[-59.04885,-38.65718],[-59.04874,-38.65716],[-59.04018,-38.65041],[-59.0518,-38.64184],[-59.04238,-38.63445],[-59.03833,-38.63119],[-59.04956,-38.6224],[-59.03944,-38.61449],[-59.05401,-38.6031],[-59.0477,-38.59819],[-59.04169,-38.59362],[-59.04347,-38.59221],[-59.04366,-38.59199],[-59.05629,-38.58208],[-59.0564,-38.58217],[-59.06057,-38.57886],[-59.06644,-38.5743],[-59.06654,-38.57415],[-59.06654,-38.57391],[-59.06624,-38.574],[-59.06577,-38.57401],[-59.05938,-38.57372],[-59.05807,-38.57361],[-59.05363,-38.57344],[-59.04943,-38.57315],[-59.04338,-38.57276],[-59.02881,-38.57196],[-59.02786,-38.57187],[-59.02541,-38.57178],[-59.01822,-38.57134],[-59.01023,-38.5709],[-59.0059,-38.57068],[-59.00402,-38.57055],[-59.00285,-38.57046],[-58.99967,-38.57006],[-58.99758,-38.56977],[-58.99129,-38.56907],[-58.9867,-38.56853],[-58.98636,-38.56886],[-58.97409,-38.57844],[-58.95883,-38.59036],[-58.94847,-38.59841],[-58.94066,-38.6045],[-58.92878,-38.61373],[-58.91895,-38.62139],[-58.91875,-38.62145],[-58.90849,-38.62942],[-58.90856,-38.62948],[-58.90087,-38.63531],[-58.89904,-38.63562],[-58.89728,-38.63704],[-58.89743,-38.63849],[-58.89607,-38.64142],[-58.90024,-38.64236],[-58.90779,-38.64439],[-58.91464,-38.64599],[-58.92257,-38.64855],[-58.92577,-38.6503],[-58.93371,-38.65351],[-58.93793,-38.65464],[-58.94101,-38.65606],[-58.94189,-38.65786],[-58.94495,-38.65976],[-58.9481,-38.6598],[-58.9515,-38.66027],[-58.95441,-38.65983],[-58.95751,-38.6605],[-58.96226,-38.66146],[-58.96865,-38.663],[-58.97447,-38.66405],[-58.98187,-38.66574]]]]}},{"type":"Feature","properties":{"radio":"065811201","tipo":"Rural","poblacion":10,"hogares":7,"nbi":"Menos de 20 hogares"},"geometry":{"type":"MultiPolygon","coordinates":[[[[-58.83209,-38.30801],[-58.83162,-38.30811],[-58.83165,-38.30809],[-58.83082,-38.30832],[-58.83011,-38.30853],[-58.82912,-38.30858],[-58.8282,-38.30887],[-58.82749,-38.30916],[-58.82659,-38.3098],[-58.82622,-38.31023],[-58.82606,-38.31067],[-58.82584,-38.31134],[-58.82527,-38.31214],[-58.82428,-38.31313],[-58.82413,-38.31377],[-58.82429,-38.31501],[-58.82383,-38.31535],[-58.8235,-38.31585],[-58.82337,-38.31673],[-58.82284,-38.31756],[-58.82203,-38.31816],[-58.82079,-38.31853],[-58.81946,-38.31891],[-58.81856,-38.31898],[-58.81766,-38.31882],[-58.81665,-38.31902],[-58.8159,-38.31938],[-58.81557,-38.31995],[-58.81535,-38.32071],[-58.81533,-38.32126],[-58.81548,-38.32173],[-58.8159,-38.32236],[-58.81636,-38.32302],[-58.81656,-38.32365],[-58.81657,-38.32417],[-58.81613,-38.3246],[-58.8156,-38.32509],[-58.81508,-38.32621],[-58.81367,-38.32766],[-58.81299,-38.3281],[-58.81202,-38.32835],[-58.81091,-38.3286],[-58.80968,-38.32907],[-58.80893,-38.32932],[-58.80864,-38.32967],[-58.80847,-38.33018],[-58.80854,-38.33071],[-58.80879,-38.3311],[-58.80955,-38.33155],[-58.81094,-38.33225],[-58.81153,-38.33265],[-58.81193,-38.33314],[-58.81211,-38.33362],[-58.8121,-38.33411],[-58.81205,-38.3343],[-58.81202,-38.33467],[-58.83364,-38.35186],[-58.84117,-38.35784],[-58.85134,-38.36604],[-58.86777,-38.37941],[-58.87323,-38.38362],[-58.89722,-38.40265],[-58.90508,-38.40885],[-58.90502,-38.40892],[-58.92196,-38.4225],[-58.93276,-38.43109],[-58.93994,-38.42545],[-58.95173,-38.41619],[-58.95781,-38.41148],[-58.95912,-38.41038],[-58.9708,-38.40134],[-58.96544,-38.39706],[-58.9549,-38.38871],[-58.94326,-38.37939],[-58.93333,-38.37148],[-58.93173,-38.37014],[-58.9162,-38.35765],[-58.9062,-38.34974],[-58.8939,-38.33984],[-58.88468,-38.33254],[-58.87413,-38.32408],[-58.86325,-38.31536],[-58.85875,-38.31188],[-58.85883,-38.31181],[-58.84987,-38.3046],[-58.84259,-38.29885],[-58.84251,-38.29936],[-58.8424,-38.29949],[-58.84221,-38.29987],[-58.84194,-38.30022],[-58.84159,-38.30062],[-58.8413,-38.30091],[-58.84121,-38.30116],[-58.84074,-38.30141],[-58.83988,-38.3018],[-58.83952,-38.30216],[-58.83892,-38.30243],[-58.83834,-38.30271],[-58.83796,-38.30327],[-58.83726,-38.30382],[-58.83656,-38.30464],[-58.83594,-38.30551],[-58.83538,-38.30619],[-58.83467,-38.30669],[-58.83368,-38.30708],[-58.83273,-38.30765],[-58.83209,-38.30801]]]]}},{"type":"Feature","properties":{"radio":"065811202","tipo":"Rural","poblacion":38,"hogares":17,"nbi":"Menos de 20 hogares"},"geometry":{"type":"MultiPolygon","coordinates":[[[[-58.81281,-38.34099],[-58.8121,-38.34108],[-58.81129,-38.34101],[-58.8106,-38.34069],[-58.81017,-38.34064],[-58.80969,-38.34105],[-58.80917,-38.34141],[-58.80805,-38.34161],[-58.80711,-38.34202],[-58.80594,-38.34281],[-58.80523,-38.34352],[-58.8047,-38.3444],[-58.80408,-38.34474],[-58.80328,-38.34506],[-58.80218,-38.34549],[-58.80177,-38.34588],[-58.80158,-38.3464],[-58.80182,-38.34751],[-58.80219,-38.34867],[-58.80258,-38.34936],[-58.80274,-38.34986],[-58.80252,-38.35037],[-58.80209,-38.35083],[-58.80129,-38.35136],[-58.80059,-38.35176],[-58.80007,-38.3522],[-58.79977,-38.3527],[-58.79958,-38.35322],[-58.79929,-38.35403],[-58.79885,-38.3555],[-58.79846,-38.35588],[-58.7979,-38.35629],[-58.7978,-38.35687],[-58.79772,-38.35747],[-58.79737,-38.35814],[-58.79698,-38.35839],[-58.79674,-38.35891],[-58.79655,-38.35965],[-58.79574,-38.36029],[-58.79432,-38.36124],[-58.79385,-38.36186],[-58.79371,-38.36245],[-58.7935,-38.363],[-58.79294,-38.3633],[-58.79228,-38.36343],[-58.79131,-38.36355],[-58.79085,-38.36376],[-58.79047,-38.36429],[-58.79035,-38.36489],[-58.79048,-38.36545],[-58.79105,-38.36663],[-58.7912,-38.36721],[-58.79149,-38.36792],[-58.7914,-38.36842],[-58.79093,-38.36895],[-58.79042,-38.36958],[-58.78908,-38.37041],[-58.78808,-38.37118],[-58.78746,-38.37169],[-58.78715,-38.37244],[-58.7871,-38.37307],[-58.78723,-38.37349],[-58.78751,-38.37409],[-58.78759,-38.37438],[-58.78752,-38.37464],[-58.78736,-38.37487],[-58.79551,-38.38136],[-58.80725,-38.39086],[-58.8081,-38.39153],[-58.80837,-38.39174],[-58.80864,-38.39185],[-58.81417,-38.39628],[-58.82959,-38.40863],[-58.84018,-38.41707],[-58.85171,-38.42628],[-58.86595,-38.43767],[-58.86667,-38.43832],[-58.87312,-38.44353],[-58.88392,-38.45219],[-58.88399,-38.45214],[-58.88962,-38.45663],[-58.89465,-38.46076],[-58.90748,-38.45083],[-58.92017,-38.44095],[-58.92304,-38.43867],[-58.92439,-38.43765],[-58.93276,-38.43109],[-58.92196,-38.4225],[-58.90502,-38.40892],[-58.90508,-38.40885],[-58.89722,-38.40265],[-58.87323,-38.38362],[-58.86777,-38.37941],[-58.85134,-38.36604],[-58.84117,-38.35784],[-58.83364,-38.35186],[-58.81202,-38.33467],[-58.81198,-38.33552],[-58.81176,-38.3365],[-58.81168,-38.33695],[-58.81177,-38.33741],[-58.81206,-38.33824],[-58.81242,-38.33893],[-58.81302,-38.33963],[-58.81329,-38.34012],[-58.81323,-38.34061],[-58.81281,-38.34099]]]]}},{"type":"Feature","properties":{"radio":"065811203","tipo":"Rural","poblacion":18,"hogares":8,"nbi":"Menos de 20 hogares"},"geometry":{"type":"MultiPolygon","coordinates":[[[[-58.90748,-38.45083],[-58.89465,-38.46076],[-58.88512,-38.46815],[-58.87554,-38.47562],[-58.88492,-38.48307],[-58.89453,-38.49066],[-58.90082,-38.48836],[-58.90218,-38.48785],[-58.90739,-38.48565],[-58.91349,-38.48308],[-58.91612,-38.482],[-58.91779,-38.48133],[-58.92119,-38.48009],[-58.92913,-38.47693],[-58.94315,-38.47145],[-58.95063,-38.46857],[-58.95688,-38.46626],[-58.96453,-38.46348],[-58.97656,-38.4591],[-58.99076,-38.45392],[-58.99702,-38.45884],[-59.00515,-38.46529],[-59.01556,-38.47356],[-59.00984,-38.478],[-59.01548,-38.4825],[-59.02705,-38.49168],[-59.03276,-38.49621],[-59.03639,-38.49907],[-59.04424,-38.50533],[-59.05588,-38.51457],[-59.07037,-38.5032],[-59.07607,-38.49876],[-59.0848,-38.49192],[-59.06527,-38.47645],[-59.04326,-38.45894],[-59.02939,-38.44797],[-59.02907,-38.44778],[-59.02898,-38.44764],[-59.0291,-38.44739],[-59.02864,-38.44715],[-59.02802,-38.44672],[-59.02636,-38.4455],[-59.02424,-38.44399],[-59.02304,-38.44307],[-59.02258,-38.44267],[-59.02204,-38.44218],[-59.01987,-38.44049],[-59.01675,-38.438],[-59.01107,-38.43347],[-59.00868,-38.43157],[-59.00852,-38.43137],[-59.00838,-38.43112],[-59.00813,-38.43087],[-59.00596,-38.42917],[-58.99929,-38.42386],[-58.9925,-38.41856],[-58.98743,-38.41456],[-58.9708,-38.40134],[-58.95912,-38.41038],[-58.95781,-38.41148],[-58.95173,-38.41619],[-58.93994,-38.42545],[-58.93276,-38.43109],[-58.92439,-38.43765],[-58.92304,-38.43867],[-58.92017,-38.44095],[-58.90748,-38.45083]]]]}},{"type":"Feature","properties":{"radio":"065811204","tipo":"Rural","poblacion":31,"hogares":12,"nbi":"Menos de 20 hogares"},"geometry":{"type":"MultiPolygon","coordinates":[[[[-58.86447,-38.53061],[-58.86447,-38.53103],[-58.87544,-38.53085],[-58.89639,-38.53049],[-58.91359,-38.53022],[-58.92209,-38.53009],[-58.93197,-38.52993],[-58.94347,-38.52975],[-58.95268,-38.52959],[-58.97031,-38.52934],[-58.9902,-38.52902],[-59.00738,-38.52872],[-59.01401,-38.5286],[-59.02107,-38.52848],[-59.03844,-38.52816],[-59.05588,-38.51457],[-59.04424,-38.50533],[-59.03639,-38.49907],[-59.03276,-38.49621],[-59.02705,-38.49168],[-59.01548,-38.4825],[-59.00984,-38.478],[-59.01556,-38.47356],[-59.00515,-38.46529],[-58.99702,-38.45884],[-58.99076,-38.45392],[-58.97656,-38.4591],[-58.96453,-38.46348],[-58.95688,-38.46626],[-58.95063,-38.46857],[-58.94315,-38.47145],[-58.92913,-38.47693],[-58.92119,-38.48009],[-58.91779,-38.48133],[-58.91612,-38.482],[-58.91349,-38.48308],[-58.90739,-38.48565],[-58.90218,-38.48785],[-58.90082,-38.48836],[-58.89453,-38.49066],[-58.88699,-38.49345],[-58.87935,-38.49625],[-58.89213,-38.50638],[-58.87718,-38.51803],[-58.86276,-38.52929],[-58.86447,-38.53061]]]]}},{"type":"Feature","properties":{"radio":"065811205","tipo":"Rural","poblacion":62,"hogares":33,"pct_nbi":6.1,"pct_hacinamiento":0.0,"pct_sin_agua_red":87.9,"pct_sin_cloaca":87.9,"pct_garrafa_lena":60.6,"pct_solo_salud_publica":17.7,"pct_0a17":16.1,"pct_70ymas":22.6,"nbi":"5 a 10 %"},"geometry":{"type":"MultiPolygon","coordinates":[[[[-58.78496,-38.52911],[-58.77858,-38.5307],[-58.77562,-38.53139],[-58.77256,-38.53193],[-58.77208,-38.53202],[-58.77171,-38.53218],[-58.77138,-38.53236],[-58.77152,-38.53248],[-58.77084,-38.53249],[-58.77079,-38.5327],[-58.77056,-38.5328],[-58.7697,-38.53282],[-58.76936,-38.53289],[-58.76905,-38.53306],[-58.76872,-38.53337],[-58.76862,-38.53346],[-58.7683,-38.53364],[-58.76815,-38.53368],[-58.77121,-38.53616],[-58.77213,-38.5369],[-58.77304,-38.53764],[-58.77497,-38.5392],[-58.77872,-38.54223],[-58.78066,-38.54376],[-58.78257,-38.54527],[-58.78655,-38.54852],[-58.79014,-38.5514],[-58.79414,-38.55461],[-58.8003,-38.55952],[-58.8127,-38.56952],[-58.82397,-38.57852],[-58.83745,-38.58933],[-58.84595,-38.59616],[-58.82973,-38.60866],[-58.82874,-38.60942],[-58.82771,-38.6102],[-58.82672,-38.61096],[-58.8259,-38.61158],[-58.82535,-38.612],[-58.8242,-38.61288],[-58.8191,-38.61616],[-58.81847,-38.61656],[-58.82267,-38.61886],[-58.82614,-38.62112],[-58.82743,-38.62263],[-58.82941,-38.62299],[-58.83454,-38.62423],[-58.83811,-38.62527],[-58.84371,-38.6267],[-58.8499,-38.62851],[-58.85595,-38.63136],[-58.86161,-38.63283],[-58.86855,-38.63432],[-58.87345,-38.63617],[-58.87934,-38.63735],[-58.88516,-38.63879],[-58.89607,-38.64142],[-58.89743,-38.63849],[-58.89728,-38.63704],[-58.89904,-38.63562],[-58.90087,-38.63531],[-58.90856,-38.62948],[-58.90849,-38.62942],[-58.91875,-38.62145],[-58.91895,-38.62139],[-58.92878,-38.61373],[-58.94066,-38.6045],[-58.94847,-38.59841],[-58.95883,-38.59036],[-58.97409,-38.57844],[-58.98636,-38.56886],[-58.9867,-38.56853],[-59.00669,-38.55298],[-59.01661,-38.54522],[-59.02947,-38.53517],[-59.03844,-38.52816],[-59.02107,-38.52848],[-59.01401,-38.5286],[-59.00738,-38.52872],[-58.9902,-38.52902],[-58.97031,-38.52934],[-58.95268,-38.52959],[-58.94347,-38.52975],[-58.93197,-38.52993],[-58.92209,-38.53009],[-58.91359,-38.53022],[-58.89639,-38.53049],[-58.87544,-38.53085],[-58.86447,-38.53103],[-58.86447,-38.53061],[-58.86276,-38.52929],[-58.87718,-38.51803],[-58.89213,-38.50638],[-58.87935,-38.49625],[-58.8745,-38.49804],[-58.87388,-38.49829],[-58.87326,-38.49858],[-58.8726,-38.49897],[-58.86988,-38.50109],[-58.86792,-38.50275],[-58.86625,-38.50408],[-58.86575,-38.50443],[-58.86523,-38.50474],[-58.86464,-38.505],[-58.86391,-38.50516],[-58.85999,-38.50571],[-58.84892,-38.50728],[-58.84783,-38.50752],[-58.84703,-38.50777],[-58.84566,-38.50829],[-58.83959,-38.5109],[-58.83061,-38.51481],[-58.82897,-38.51549],[-58.82849,-38.51574],[-58.82673,-38.51672],[-58.82497,-38.51776],[-58.82407,-38.51824],[-58.82333,-38.51859],[-58.8227,-38.51885],[-58.82198,-38.51907],[-58.82105,-38.51926],[-58.81845,-38.51976],[-58.80471,-38.52245],[-58.80407,-38.52262],[-58.80197,-38.5232],[-58.80093,-38.52347],[-58.80002,-38.52385],[-58.79951,-38.52416],[-58.79773,-38.52541],[-58.79731,-38.52568],[-58.79691,-38.52592],[-58.79641,-38.52615],[-58.79581,-38.52637],[-58.7942,-38.52678],[-58.78496,-38.52911]]]]}},{"type":"Feature","properties":{"radio":"065811206","tipo":"Rural","poblacion":92,"hogares":34,"pct_nbi":2.9,"pct_hacinamiento":2.9,"pct_sin_agua_red":94.1,"pct_sin_cloaca":94.1,"pct_garrafa_lena":73.5,"pct_solo_salud_publica":45.7,"pct_0a17":26.1,"pct_70ymas":15.2,"nbi":"2,5 a 5 %"},"geometry":{"type":"MultiPolygon","coordinates":[[[[-58.78709,-38.37507],[-58.7868,-38.37512],[-58.78637,-38.37504],[-58.78577,-38.37507],[-58.78508,-38.37519],[-58.7845,-38.37541],[-58.78415,-38.37572],[-58.78401,-38.37614],[-58.78395,-38.37663],[-58.78362,-38.37713],[-58.78289,-38.37747],[-58.78239,-38.37775],[-58.78213,-38.3782],[-58.78199,-38.37885],[-58.7818,-38.37978],[-58.78158,-38.3804],[-58.78176,-38.38088],[-58.78263,-38.38139],[-58.78368,-38.38212],[-58.78453,-38.38286],[-58.78484,-38.38354],[-58.78469,-38.38444],[-58.78441,-38.3851],[-58.78419,-38.38557],[-58.78416,-38.38632],[-58.78415,-38.38694],[-58.78369,-38.38763],[-58.78289,-38.38805],[-58.78165,-38.38868],[-58.78126,-38.38903],[-58.78122,-38.38945],[-58.78155,-38.38986],[-58.78298,-38.39066],[-58.78363,-38.39074],[-58.78436,-38.39096],[-58.78479,-38.39131],[-58.78519,-38.39215],[-58.78557,-38.3926],[-58.78576,-38.39335],[-58.7854,-38.39421],[-58.78523,-38.39493],[-58.78528,-38.39549],[-58.78563,-38.39574],[-58.78629,-38.39594],[-58.7865,-38.39637],[-58.78647,-38.39684],[-58.78606,-38.39762],[-58.786,-38.3981],[-58.78619,-38.39838],[-58.78671,-38.39904],[-58.78752,-38.39965],[-58.78776,-38.40008],[-58.78754,-38.40056],[-58.78744,-38.40107],[-58.78743,-38.40188],[-58.78722,-38.40237],[-58.78689,-38.40276],[-58.78641,-38.40337],[-58.78609,-38.40379],[-58.79945,-38.41465],[-58.81046,-38.42334],[-58.81844,-38.42974],[-58.83056,-38.43951],[-58.84031,-38.44732],[-58.84753,-38.45316],[-58.82995,-38.46672],[-58.82201,-38.47284],[-58.81179,-38.48073],[-58.80224,-38.48808],[-58.79136,-38.49643],[-58.78093,-38.50445],[-58.77325,-38.5104],[-58.76697,-38.51498],[-58.76356,-38.51743],[-58.75661,-38.52265],[-58.75632,-38.52297],[-58.75617,-38.52326],[-58.75616,-38.52354],[-58.7562,-38.52379],[-58.75637,-38.52421],[-58.75963,-38.52683],[-58.76015,-38.52725],[-58.76151,-38.52834],[-58.76298,-38.52952],[-58.76338,-38.52984],[-58.76338,-38.52984],[-58.76388,-38.53025],[-58.76436,-38.53063],[-58.76636,-38.53207],[-58.7668,-38.53238],[-58.76727,-38.53247],[-58.76796,-38.53252],[-58.7685,-38.53252],[-58.76954,-38.5325],[-58.77084,-38.53249],[-58.77152,-38.53248],[-58.77138,-38.53236],[-58.77171,-38.53218],[-58.77208,-38.53202],[-58.77256,-38.53193],[-58.77562,-38.53139],[-58.77858,-38.5307],[-58.78496,-38.52911],[-58.7942,-38.52678],[-58.79581,-38.52637],[-58.79641,-38.52615],[-58.79691,-38.52592],[-58.79731,-38.52568],[-58.79773,-38.52541],[-58.79951,-38.52416],[-58.80002,-38.52385],[-58.80093,-38.52347],[-58.80197,-38.5232],[-58.80407,-38.52262],[-58.80471,-38.52245],[-58.81845,-38.51976],[-58.82105,-38.51926],[-58.82198,-38.51907],[-58.8227,-38.51885],[-58.82333,-38.51859],[-58.82407,-38.51824],[-58.82497,-38.51776],[-58.82673,-38.51672],[-58.82849,-38.51574],[-58.82897,-38.51549],[-58.83061,-38.51481],[-58.83959,-38.5109],[-58.84566,-38.50829],[-58.84703,-38.50777],[-58.84783,-38.50752],[-58.84892,-38.50728],[-58.85999,-38.50571],[-58.86391,-38.50516],[-58.86464,-38.505],[-58.86523,-38.50474],[-58.86575,-38.50443],[-58.86625,-38.50408],[-58.86792,-38.50275],[-58.86988,-38.50109],[-58.8726,-38.49897],[-58.87326,-38.49858],[-58.87388,-38.49829],[-58.8745,-38.49804],[-58.87935,-38.49625],[-58.88699,-38.49345],[-58.89453,-38.49066],[-58.88492,-38.48307],[-58.87554,-38.47562],[-58.88512,-38.46815],[-58.89465,-38.46076],[-58.88962,-38.45663],[-58.88399,-38.45214],[-58.88392,-38.45219],[-58.87312,-38.44353],[-58.86667,-38.43832],[-58.86595,-38.43767],[-58.85171,-38.42628],[-58.84018,-38.41707],[-58.82959,-38.40863],[-58.81417,-38.39628],[-58.80864,-38.39185],[-58.80837,-38.39174],[-58.8081,-38.39153],[-58.80725,-38.39086],[-58.79551,-38.38136],[-58.78736,-38.37487],[-58.78709,-38.37507]]]]}},{"type":"Feature","properties":{"radio":"065811207","tipo":"Rural","poblacion":43,"hogares":14,"nbi":"Menos de 20 hogares"},"geometry":{"type":"MultiPolygon","coordinates":[[[[-58.78328,-38.41246],[-58.78266,-38.41265],[-58.78163,-38.41254],[-58.78084,-38.41256],[-58.78022,-38.41271],[-58.77984,-38.41296],[-58.77952,-38.41333],[-58.779,-38.41362],[-58.77826,-38.41378],[-58.77725,-38.41391],[-58.7763,-38.41413],[-58.77562,-38.41436],[-58.77521,-38.41461],[-58.77487,-38.41486],[-58.77487,-38.41488],[-58.77437,-38.41537],[-58.7741,-38.41612],[-58.7743,-38.41679],[-58.77435,-38.41737],[-58.77384,-38.41862],[-58.77384,-38.41904],[-58.77411,-38.41941],[-58.77552,-38.42004],[-58.77603,-38.42039],[-58.77653,-38.42137],[-58.77685,-38.42227],[-58.77683,-38.4228],[-58.77646,-38.42333],[-58.77543,-38.42393],[-58.77412,-38.42432],[-58.77208,-38.42491],[-58.77149,-38.42501],[-58.77101,-38.42526],[-58.77079,-38.42575],[-58.77062,-38.42651],[-58.77062,-38.42759],[-58.77035,-38.42818],[-58.76983,-38.42861],[-58.76903,-38.42914],[-58.76853,-38.42983],[-58.76855,-38.43042],[-58.76872,-38.431],[-58.76902,-38.43131],[-58.76972,-38.43151],[-58.77104,-38.43175],[-58.77242,-38.43187],[-58.77286,-38.43205],[-58.77312,-38.43251],[-58.77336,-38.43401],[-58.77369,-38.43513],[-58.77411,-38.43609],[-58.77401,-38.43647],[-58.77352,-38.43676],[-58.77282,-38.43707],[-58.77225,-38.43764],[-58.77179,-38.43763],[-58.77105,-38.43743],[-58.77044,-38.43747],[-58.77005,-38.4377],[-58.76988,-38.43821],[-58.76975,-38.43897],[-58.76942,-38.44024],[-58.76891,-38.44105],[-58.76907,-38.44181],[-58.76951,-38.44267],[-58.76963,-38.44342],[-58.76907,-38.4448],[-58.76828,-38.44549],[-58.76712,-38.44602],[-58.76582,-38.44607],[-58.76426,-38.4464],[-58.76353,-38.4463],[-58.76285,-38.4464],[-58.76221,-38.44685],[-58.76152,-38.44764],[-58.76145,-38.44802],[-58.76162,-38.44856],[-58.7622,-38.44933],[-58.76225,-38.44973],[-58.76188,-38.4501],[-58.76079,-38.45065],[-58.76059,-38.45092],[-58.76045,-38.45172],[-58.75959,-38.45274],[-58.7584,-38.45342],[-58.75779,-38.45396],[-58.75772,-38.45445],[-58.75815,-38.45558],[-58.75837,-38.45676],[-58.75915,-38.45772],[-58.7593,-38.45837],[-58.75952,-38.45904],[-58.76006,-38.45952],[-58.76068,-38.4601],[-58.76088,-38.4606],[-58.76085,-38.46122],[-58.76041,-38.46173],[-58.75961,-38.46213],[-58.75844,-38.46248],[-58.75743,-38.46297],[-58.7563,-38.46372],[-58.75611,-38.46414],[-58.75627,-38.46471],[-58.75618,-38.4652],[-58.7557,-38.46578],[-58.7553,-38.46617],[-58.75518,-38.46682],[-58.75552,-38.46761],[-58.75574,-38.46871],[-58.75625,-38.46921],[-58.75737,-38.47008],[-58.75752,-38.47052],[-58.75768,-38.47187],[-58.75763,-38.47267],[-58.75733,-38.47319],[-58.75644,-38.47357],[-58.75545,-38.47384],[-58.75487,-38.47419],[-58.75423,-38.47481],[-58.75395,-38.47527],[-58.75333,-38.47579],[-58.75211,-38.47614],[-58.75103,-38.47625],[-58.75036,-38.47597],[-58.7498,-38.47561],[-58.74921,-38.47553],[-58.74877,-38.47588],[-58.74835,-38.47632],[-58.74754,-38.47676],[-58.74687,-38.47778],[-58.74631,-38.47825],[-58.74561,-38.47895],[-58.74443,-38.47963],[-58.74333,-38.47984],[-58.742,-38.48017],[-58.74093,-38.48057],[-58.74005,-38.48119],[-58.73996,-38.48177],[-58.74029,-38.48237],[-58.74172,-38.48385],[-58.7429,-38.48483],[-58.74398,-38.48522],[-58.74446,-38.48557],[-58.74473,-38.48653],[-58.74511,-38.48699],[-58.74605,-38.48712],[-58.74761,-38.48729],[-58.74876,-38.48712],[-58.74974,-38.48695],[-58.75093,-38.48714],[-58.75165,-38.48762],[-58.75222,-38.48842],[-58.75237,-38.48926],[-58.7522,-38.48983],[-58.75156,-38.49013],[-58.75045,-38.49059],[-58.75012,-38.49112],[-58.75007,-38.49186],[-58.75036,-38.49298],[-58.75035,-38.49346],[-58.74986,-38.4939],[-58.74847,-38.4944],[-58.74784,-38.49492],[-58.74692,-38.49578],[-58.74561,-38.49642],[-58.74477,-38.4965],[-58.74275,-38.4965],[-58.74218,-38.49659],[-58.74179,-38.49696],[-58.74181,-38.49738],[-58.7422,-38.49803],[-58.74236,-38.49859],[-58.74218,-38.49926],[-58.74154,-38.50009],[-58.74052,-38.50092],[-58.73923,-38.50172],[-58.73887,-38.50207],[-58.73891,-38.50252],[-58.73942,-38.50381],[-58.73972,-38.50504],[-58.73982,-38.50582],[-58.73957,-38.50633],[-58.7388,-38.50693],[-58.73782,-38.50731],[-58.7362,-38.50767],[-58.73493,-38.50809],[-58.73429,-38.50848],[-58.73394,-38.50897],[-58.73403,-38.50942],[-58.73439,-38.50987],[-58.73498,-38.51048],[-58.73618,-38.51116],[-58.73776,-38.51181],[-58.73973,-38.51262],[-58.74039,-38.51307],[-58.74077,-38.5136],[-58.74104,-38.51454],[-58.74105,-38.51506],[-58.74108,-38.51506],[-58.74143,-38.5151],[-58.74267,-38.51522],[-58.74349,-38.51533],[-58.744,-38.5154],[-58.7441,-38.51542],[-58.74454,-38.51551],[-58.74504,-38.51562],[-58.74549,-38.51574],[-58.7459,-38.51588],[-58.74631,-38.51603],[-58.74663,-38.51615],[-58.74706,-38.51635],[-58.74798,-38.5168],[-58.74879,-38.51741],[-58.75071,-38.51896],[-58.75262,-38.52045],[-58.75469,-38.52277],[-58.75551,-38.52353],[-58.75637,-38.52421],[-58.7562,-38.52379],[-58.75616,-38.52354],[-58.75617,-38.52326],[-58.75632,-38.52297],[-58.75661,-38.52265],[-58.76356,-38.51743],[-58.76697,-38.51498],[-58.77325,-38.5104],[-58.78093,-38.50445],[-58.79136,-38.49643],[-58.80224,-38.48808],[-58.81179,-38.48073],[-58.82201,-38.47284],[-58.82995,-38.46672],[-58.84753,-38.45316],[-58.84031,-38.44732],[-58.83056,-38.43951],[-58.81844,-38.42974],[-58.81046,-38.42334],[-58.79945,-38.41465],[-58.78609,-38.40379],[-58.78556,-38.40422],[-58.78489,-38.40449],[-58.78443,-38.40474],[-58.78369,-38.40492],[-58.78303,-38.40533],[-58.7821,-38.40549],[-58.78152,-38.40558],[-58.78122,-38.40585],[-58.78104,-38.40624],[-58.78106,-38.40662],[-58.78141,-38.40697],[-58.78193,-38.40743],[-58.78223,-38.40806],[-58.78246,-38.40894],[-58.78254,-38.4098],[-58.78269,-38.41043],[-58.78304,-38.41091],[-58.78327,-38.41139],[-58.78346,-38.41167],[-58.78351,-38.41222],[-58.78328,-38.41246]]]]}},{"type":"Feature","properties":{"radio":"065811301","tipo":"Urbano","poblacion":281,"hogares":93,"pct_nbi":7.5,"pct_hacinamiento":18.3,"pct_sin_agua_red":11.8,"pct_sin_cloaca":68.8,"pct_garrafa_lena":74.2,"pct_solo_salud_publica":60.9,"pct_0a17":34.5,"pct_70ymas":5.7,"nbi":"5 a 10 %"},"geometry":{"type":"MultiPolygon","coordinates":[[[[-58.75296,-38.53494],[-58.75393,-38.53572],[-58.75484,-38.53645],[-58.75575,-38.5372],[-58.75671,-38.53799],[-58.75727,-38.53756],[-58.75776,-38.53719],[-58.75824,-38.53682],[-58.75914,-38.53613],[-58.76063,-38.53502],[-58.76106,-38.53536],[-58.76153,-38.53574],[-58.76202,-38.53613],[-58.76248,-38.53649],[-58.76272,-38.53668],[-58.76374,-38.53589],[-58.76431,-38.53545],[-58.76504,-38.53488],[-58.76609,-38.53406],[-58.76689,-38.53343],[-58.76716,-38.53312],[-58.76719,-38.53291],[-58.76719,-38.53291],[-58.7672,-38.53284],[-58.76711,-38.53266],[-58.76698,-38.53251],[-58.7668,-38.53238],[-58.76636,-38.53207],[-58.76436,-38.53063],[-58.76388,-38.53025],[-58.76338,-38.52984],[-58.76338,-38.52984],[-58.76298,-38.52952],[-58.76151,-38.52834],[-58.76015,-38.52725],[-58.75963,-38.52683],[-58.75637,-38.52421],[-58.75551,-38.52353],[-58.75469,-38.52277],[-58.75262,-38.52045],[-58.75071,-38.51896],[-58.74879,-38.51741],[-58.74798,-38.5168],[-58.74706,-38.51635],[-58.74663,-38.51615],[-58.74631,-38.51603],[-58.7459,-38.51588],[-58.74549,-38.51574],[-58.74504,-38.51562],[-58.74454,-38.51551],[-58.7441,-38.51542],[-58.744,-38.5154],[-58.74349,-38.51533],[-58.74267,-38.51522],[-58.74143,-38.5151],[-58.74108,-38.51506],[-58.74105,-38.51521],[-58.74097,-38.51534],[-58.74084,-38.51547],[-58.74048,-38.51575],[-58.74003,-38.516],[-58.73932,-38.51637],[-58.73856,-38.51672],[-58.73798,-38.51704],[-58.73747,-38.51733],[-58.73691,-38.51771],[-58.73629,-38.51811],[-58.73593,-38.51837],[-58.73565,-38.51856],[-58.73503,-38.51889],[-58.73445,-38.51912],[-58.7338,-38.51942],[-58.73367,-38.51948],[-58.7339,-38.51967],[-58.73407,-38.51981],[-58.73585,-38.52124],[-58.73784,-38.52287],[-58.73827,-38.52322],[-58.73974,-38.52438],[-58.74047,-38.52496],[-58.74054,-38.52502],[-58.74156,-38.52585],[-58.74241,-38.52654],[-58.74261,-38.5267],[-58.7446,-38.52826],[-58.74478,-38.5284],[-58.74538,-38.52888],[-58.74696,-38.53013],[-58.74696,-38.53013],[-58.74914,-38.53185],[-58.75007,-38.53261],[-58.75105,-38.53342],[-58.75203,-38.53419],[-58.75296,-38.53494]]]]}},{"type":"Feature","properties":{"radio":"065811302","tipo":"Urbano","poblacion":474,"hogares":179,"pct_nbi":0.6,"pct_hacinamiento":1.7,"pct_sin_agua_red":1.1,"pct_sin_cloaca":2.2,"pct_garrafa_lena":5.0,"pct_solo_salud_publica":24.5,"pct_0a17":21.5,"pct_70ymas":10.5,"nbi":"Menos de 2,5 %"},"geometry":{"type":"MultiPolygon","coordinates":[[[[-58.75671,-38.53799],[-58.75718,-38.53836],[-58.75765,-38.53874],[-58.75812,-38.53912],[-58.75813,-38.53912],[-58.75861,-38.5395],[-58.75885,-38.5397],[-58.75985,-38.53892],[-58.7599,-38.53889],[-58.76084,-38.53815],[-58.76175,-38.53744],[-58.76185,-38.53736],[-58.76272,-38.53668],[-58.76248,-38.53649],[-58.76202,-38.53613],[-58.76153,-38.53574],[-58.76106,-38.53536],[-58.76063,-38.53502],[-58.75914,-38.53613],[-58.75824,-38.53682],[-58.75776,-38.53719],[-58.75727,-38.53756],[-58.75671,-38.53799]]]]}},{"type":"Feature","properties":{"radio":"065811303","tipo":"Urbano","poblacion":963,"hogares":327,"pct_nbi":2.1,"pct_hacinamiento":4.0,"pct_sin_agua_red":1.8,"pct_sin_cloaca":4.0,"pct_garrafa_lena":11.0,"pct_solo_salud_publica":34.5,"pct_0a17":26.9,"pct_70ymas":8.6,"nbi":"Menos de 2,5 %"},"geometry":{"type":"MultiPolygon","coordinates":[[[[-58.76698,-38.53251],[-58.76711,-38.53266],[-58.7672,-38.53284],[-58.76719,-38.53291],[-58.76719,-38.53291],[-58.76716,-38.53312],[-58.76689,-38.53343],[-58.76609,-38.53406],[-58.76504,-38.53488],[-58.76431,-38.53545],[-58.76374,-38.53589],[-58.76272,-38.53668],[-58.76185,-38.53736],[-58.76175,-38.53744],[-58.76084,-38.53815],[-58.7599,-38.53889],[-58.75985,-38.53892],[-58.75885,-38.5397],[-58.7598,-38.54046],[-58.76075,-38.54121],[-58.76117,-38.54089],[-58.76128,-38.54081],[-58.76174,-38.54045],[-58.76271,-38.53971],[-58.76308,-38.53942],[-58.76367,-38.53897],[-58.76412,-38.53933],[-58.7646,-38.53972],[-58.7642,-38.54002],[-58.76391,-38.54024],[-58.76364,-38.54045],[-58.7641,-38.54083],[-58.76458,-38.54121],[-58.76419,-38.54151],[-58.76361,-38.54195],[-58.76325,-38.54223],[-58.76262,-38.54271],[-58.76358,-38.54348],[-58.76451,-38.54422],[-58.76585,-38.54319],[-58.76645,-38.54274],[-58.76708,-38.54225],[-58.76742,-38.54198],[-58.76773,-38.54174],[-58.76791,-38.54161],[-58.76838,-38.54124],[-58.76901,-38.54076],[-58.76806,-38.54],[-58.76713,-38.53926],[-58.76773,-38.5388],[-58.76835,-38.53833],[-58.76935,-38.53757],[-58.76997,-38.5371],[-58.77121,-38.53616],[-58.76815,-38.53368],[-58.7683,-38.53364],[-58.76862,-38.53346],[-58.76872,-38.53337],[-58.76905,-38.53306],[-58.76936,-38.53289],[-58.7697,-38.53282],[-58.77056,-38.5328],[-58.77079,-38.5327],[-58.77084,-38.53249],[-58.76954,-38.5325],[-58.7685,-38.53252],[-58.76796,-38.53252],[-58.76727,-38.53247],[-58.7668,-38.53238],[-58.76698,-38.53251]]]]}},{"type":"Feature","properties":{"radio":"065811304","tipo":"Urbano","poblacion":681,"hogares":227,"pct_nbi":3.5,"pct_hacinamiento":5.7,"pct_sin_agua_red":0.4,"pct_sin_cloaca":1.3,"pct_garrafa_lena":24.2,"pct_solo_salud_publica":45.7,"pct_0a17":27.3,"pct_70ymas":10.9,"nbi":"2,5 a 5 %"},"geometry":{"type":"MultiPolygon","coordinates":[[[[-58.76215,-38.54233],[-58.76262,-38.54271],[-58.76325,-38.54223],[-58.76361,-38.54195],[-58.76419,-38.54151],[-58.76458,-38.54121],[-58.7641,-38.54083],[-58.76364,-38.54045],[-58.76391,-38.54024],[-58.7642,-38.54002],[-58.7646,-38.53972],[-58.76412,-38.53933],[-58.76367,-38.53897],[-58.76308,-38.53942],[-58.76271,-38.53971],[-58.76174,-38.54045],[-58.76128,-38.54081],[-58.76117,-38.54089],[-58.76075,-38.54121],[-58.7612,-38.54157],[-58.76167,-38.54195],[-58.76215,-38.54233]]]]}},{"type":"Feature","properties":{"radio":"065811305","tipo":"Urbano","poblacion":895,"hogares":312,"pct_nbi":4.2,"pct_hacinamiento":7.4,"pct_sin_agua_red":0.6,"pct_sin_cloaca":8.3,"pct_garrafa_lena":28.5,"pct_solo_salud_publica":46.0,"pct_0a17":25.5,"pct_70ymas":6.3,"nbi":"2,5 a 5 %"},"geometry":{"type":"MultiPolygon","coordinates":[[[[-58.76544,-38.54497],[-58.7664,-38.54575],[-58.76698,-38.5453],[-58.76743,-38.54495],[-58.76775,-38.54471],[-58.76787,-38.54462],[-58.76834,-38.54425],[-58.76962,-38.54326],[-58.77027,-38.54277],[-58.77497,-38.5392],[-58.77304,-38.53764],[-58.77213,-38.5369],[-58.77121,-38.53616],[-58.76997,-38.5371],[-58.76935,-38.53757],[-58.76835,-38.53833],[-58.76773,-38.5388],[-58.76713,-38.53926],[-58.76806,-38.54],[-58.76901,-38.54076],[-58.76838,-38.54124],[-58.76791,-38.54161],[-58.76773,-38.54174],[-58.76742,-38.54198],[-58.76708,-38.54225],[-58.76645,-38.54274],[-58.76585,-38.54319],[-58.76451,-38.54422],[-58.76544,-38.54497]]]]}},{"type":"Feature","properties":{"radio":"065811401","tipo":"Urbano","poblacion":94,"hogares":32,"pct_nbi":15.6,"pct_hacinamiento":18.8,"pct_sin_agua_red":65.6,"pct_sin_cloaca":78.1,"pct_garrafa_lena":71.9,"pct_solo_salud_publica":67.0,"pct_0a17":42.6,"pct_70ymas":5.3,"nbi":"10 % o más"},"geometry":{"type":"MultiPolygon","coordinates":[[[[-58.68537,-38.51281],[-58.68485,-38.51321],[-58.68135,-38.51589],[-58.67738,-38.51892],[-58.68156,-38.52229],[-58.68577,-38.52568],[-58.68859,-38.52795],[-58.69145,-38.53025],[-58.69432,-38.53255],[-58.69663,-38.53441],[-58.69684,-38.53457],[-58.69693,-38.53465],[-58.69797,-38.53385],[-58.69892,-38.53313],[-58.6999,-38.53238],[-58.70086,-38.53165],[-58.70187,-38.53088],[-58.70276,-38.53053],[-58.70283,-38.53052],[-58.70289,-38.5305],[-58.70289,-38.5305],[-58.70296,-38.53048],[-58.70303,-38.53045],[-58.7034,-38.53055],[-58.70333,-38.53024],[-58.70337,-38.53019],[-58.70339,-38.53016],[-58.7034,-38.53014],[-58.70343,-38.53009],[-58.70345,-38.53006],[-58.70345,-38.53004],[-58.70347,-38.53],[-58.70347,-38.53],[-58.70347,-38.52996],[-58.70347,-38.52996],[-58.70347,-38.52995],[-58.70347,-38.52995],[-58.70347,-38.5299],[-58.70347,-38.5299],[-58.70347,-38.52986],[-58.70386,-38.52948],[-58.70438,-38.5291],[-58.70468,-38.52885],[-58.70448,-38.52868],[-58.70557,-38.52785],[-58.70688,-38.52678],[-58.70899,-38.52523],[-58.70901,-38.52522],[-58.71249,-38.52256],[-58.71588,-38.51997],[-58.71915,-38.5174],[-58.72263,-38.51476],[-58.72362,-38.51421],[-58.72454,-38.51396],[-58.72481,-38.51389],[-58.72538,-38.51377],[-58.72555,-38.51374],[-58.72591,-38.51368],[-58.72628,-38.51363],[-58.7266,-38.51361],[-58.72697,-38.5136],[-58.72759,-38.51363],[-58.72823,-38.51368],[-58.72883,-38.51374],[-58.72944,-38.51381],[-58.73051,-38.51393],[-58.72754,-38.51149],[-58.72204,-38.50698],[-58.71628,-38.50226],[-58.70801,-38.49548],[-58.70003,-38.50158],[-58.69661,-38.5042],[-58.69661,-38.5042],[-58.69477,-38.50561],[-58.68537,-38.51281]]]]}},{"type":"Feature","properties":{"radio":"065811402","tipo":"Urbano","poblacion":334,"hogares":109,"pct_nbi":5.5,"pct_hacinamiento":19.3,"pct_sin_agua_red":13.8,"pct_sin_cloaca":89.0,"pct_garrafa_lena":89.9,"pct_solo_salud_publica":61.4,"pct_0a17":33.2,"pct_70ymas":6.6,"nbi":"5 a 10 %"},"geometry":{"type":"MultiPolygon","coordinates":[[[[-58.70558,-38.53005],[-58.70652,-38.5308],[-58.70697,-38.53116],[-58.707,-38.53191],[-58.70774,-38.53134],[-58.7089,-38.53045],[-58.70982,-38.53119],[-58.71077,-38.53196],[-58.71173,-38.53273],[-58.71273,-38.53354],[-58.71368,-38.5343],[-58.71475,-38.53516],[-58.71382,-38.53588],[-58.71469,-38.5366],[-58.71541,-38.53705],[-58.71574,-38.5372],[-58.71618,-38.5374],[-58.71692,-38.53766],[-58.71765,-38.53784],[-58.71873,-38.538],[-58.72241,-38.53812],[-58.72463,-38.5382],[-58.72499,-38.53877],[-58.72509,-38.53906],[-58.72604,-38.53985],[-58.72808,-38.5414],[-58.72889,-38.54203],[-58.72898,-38.54213],[-58.72905,-38.54214],[-58.72927,-38.5422],[-58.7301,-38.54241],[-58.73022,-38.54225],[-58.73038,-38.54193],[-58.73043,-38.54158],[-58.73041,-38.54123],[-58.7303,-38.54082],[-58.73013,-38.54044],[-58.72986,-38.54004],[-58.72957,-38.53967],[-58.72926,-38.53935],[-58.72889,-38.53907],[-58.72847,-38.5388],[-58.72799,-38.53858],[-58.72762,-38.53838],[-58.72735,-38.53822],[-58.72726,-38.53817],[-58.72704,-38.53799],[-58.72685,-38.5377],[-58.72675,-38.53738],[-58.72666,-38.53687],[-58.72662,-38.53637],[-58.72667,-38.53551],[-58.72675,-38.53484],[-58.7269,-38.53424],[-58.72709,-38.53373],[-58.72731,-38.53328],[-58.72749,-38.53294],[-58.72772,-38.53269],[-58.72802,-38.5324],[-58.7285,-38.53213],[-58.72915,-38.53177],[-58.72971,-38.53156],[-58.73023,-38.53144],[-58.73074,-38.53138],[-58.73155,-38.53133],[-58.73224,-38.53124],[-58.73374,-38.53099],[-58.73458,-38.53084],[-58.73496,-38.53072],[-58.73526,-38.53062],[-58.73574,-38.53043],[-58.73624,-38.5302],[-58.73671,-38.52984],[-58.73702,-38.52951],[-58.73725,-38.52902],[-58.73729,-38.52843],[-58.73724,-38.528],[-58.73704,-38.5272],[-58.73684,-38.52653],[-58.73658,-38.52596],[-58.73649,-38.52578],[-58.73639,-38.52558],[-58.73613,-38.52528],[-58.73584,-38.52504],[-58.73536,-38.52474],[-58.73493,-38.52448],[-58.73457,-38.52415],[-58.73422,-38.5237],[-58.73388,-38.52314],[-58.73358,-38.52268],[-58.7334,-38.52229],[-58.7333,-38.52189],[-58.73327,-38.52154],[-58.73329,-38.52116],[-58.73324,-38.52088],[-58.73314,-38.52055],[-58.73309,-38.5203],[-58.73312,-38.52008],[-58.73318,-38.51989],[-58.73331,-38.51973],[-58.73355,-38.51954],[-58.73367,-38.51948],[-58.7338,-38.51942],[-58.73445,-38.51912],[-58.73503,-38.51889],[-58.73565,-38.51856],[-58.73593,-38.51837],[-58.73629,-38.51811],[-58.73691,-38.51771],[-58.73747,-38.51733],[-58.73798,-38.51704],[-58.73856,-38.51672],[-58.73932,-38.51637],[-58.74003,-38.516],[-58.74048,-38.51575],[-58.74084,-38.51547],[-58.74097,-38.51534],[-58.74105,-38.51521],[-58.74108,-38.51506],[-58.74105,-38.51506],[-58.74076,-38.51503],[-58.73833,-38.51477],[-58.73051,-38.51393],[-58.72944,-38.51381],[-58.72883,-38.51374],[-58.72823,-38.51368],[-58.72759,-38.51363],[-58.72697,-38.5136],[-58.7266,-38.51361],[-58.72628,-38.51363],[-58.72591,-38.51368],[-58.72555,-38.51374],[-58.72538,-38.51377],[-58.72481,-38.51389],[-58.72454,-38.51396],[-58.72362,-38.51421],[-58.72263,-38.51476],[-58.71915,-38.5174],[-58.71588,-38.51997],[-58.71249,-38.52256],[-58.70901,-38.52522],[-58.70899,-38.52523],[-58.70688,-38.52678],[-58.70557,-38.52785],[-58.70448,-38.52868],[-58.70468,-38.52885],[-58.70438,-38.5291],[-58.70558,-38.53005],[-58.70558,-38.53005]]]]}},{"type":"Feature","properties":{"radio":"065811403","tipo":"Urbano","poblacion":1126,"hogares":374,"pct_nbi":4.5,"pct_hacinamiento":7.5,"pct_sin_agua_red":1.9,"pct_sin_cloaca":44.7,"pct_garrafa_lena":43.9,"pct_solo_salud_publica":48.0,"pct_0a17":28.2,"pct_70ymas":8.8,"nbi":"2,5 a 5 %"},"geometry":{"type":"MultiPolygon","coordinates":[[[[-58.7034,-38.53055],[-58.70416,-38.53113],[-58.70505,-38.53193],[-58.70599,-38.53269],[-58.70692,-38.53345],[-58.70786,-38.53421],[-58.70876,-38.53494],[-58.70983,-38.5358],[-58.71076,-38.53655],[-58.71171,-38.53731],[-58.71259,-38.53803],[-58.71272,-38.53813],[-58.71364,-38.53887],[-58.71462,-38.53966],[-58.71556,-38.54042],[-58.71573,-38.54056],[-58.7165,-38.54118],[-58.71745,-38.54195],[-58.71837,-38.54269],[-58.71933,-38.54346],[-58.72034,-38.54269],[-58.7213,-38.54195],[-58.72229,-38.5412],[-58.72276,-38.54084],[-58.72325,-38.54046],[-58.7242,-38.53974],[-58.72509,-38.53906],[-58.72499,-38.53877],[-58.72463,-38.5382],[-58.72241,-38.53812],[-58.71873,-38.538],[-58.71765,-38.53784],[-58.71692,-38.53766],[-58.71618,-38.5374],[-58.71574,-38.5372],[-58.71541,-38.53705],[-58.71469,-38.5366],[-58.71382,-38.53588],[-58.71475,-38.53516],[-58.71368,-38.5343],[-58.71273,-38.53354],[-58.71173,-38.53273],[-58.71077,-38.53196],[-58.70982,-38.53119],[-58.7089,-38.53045],[-58.70774,-38.53134],[-58.707,-38.53191],[-58.70697,-38.53116],[-58.70652,-38.5308],[-58.70558,-38.53005],[-58.70558,-38.53005],[-58.70438,-38.5291],[-58.70386,-38.52948],[-58.70347,-38.52986],[-58.70347,-38.5299],[-58.70347,-38.5299],[-58.70347,-38.52995],[-58.70347,-38.52995],[-58.70347,-38.52996],[-58.70347,-38.52996],[-58.70347,-38.53],[-58.70347,-38.53],[-58.70345,-38.53004],[-58.70345,-38.53006],[-58.70343,-38.53009],[-58.7034,-38.53014],[-58.70339,-38.53016],[-58.70337,-38.53019],[-58.70333,-38.53024],[-58.7034,-38.53055]]]]}},{"type":"Feature","properties":{"radio":"065811404","tipo":"Urbano","poblacion":546,"hogares":182,"pct_nbi":8.8,"pct_hacinamiento":10.4,"pct_sin_agua_red":3.8,"pct_sin_cloaca":51.1,"pct_garrafa_lena":44.0,"pct_solo_salud_publica":45.6,"pct_0a17":27.8,"pct_70ymas":10.1,"nbi":"5 a 10 %"},"geometry":{"type":"MultiPolygon","coordinates":[[[[-58.70686,-38.53955],[-58.7078,-38.54031],[-58.70877,-38.53957],[-58.70973,-38.53883],[-58.7107,-38.53808],[-58.71171,-38.53731],[-58.71076,-38.53655],[-58.70983,-38.5358],[-58.70876,-38.53494],[-58.70786,-38.53421],[-58.70692,-38.53345],[-58.70599,-38.53269],[-58.70505,-38.53193],[-58.70504,-38.53193],[-58.70402,-38.53271],[-58.70306,-38.53345],[-58.7021,-38.53418],[-58.70303,-38.53492],[-58.70206,-38.53567],[-58.70301,-38.53644],[-58.70394,-38.5372],[-58.70592,-38.53879],[-58.70686,-38.53955]]]]}},{"type":"Feature","properties":{"radio":"065811405","tipo":"Urbano","poblacion":1316,"hogares":418,"pct_nbi":6.9,"pct_hacinamiento":12.2,"pct_sin_agua_red":1.2,"pct_sin_cloaca":31.6,"pct_garrafa_lena":63.4,"pct_solo_salud_publica":50.8,"pct_0a17":31.2,"pct_70ymas":7.8,"nbi":"5 a 10 %"},"geometry":{"type":"MultiPolygon","coordinates":[[[[-58.71495,-38.54608],[-58.71541,-38.54645],[-58.7164,-38.5457],[-58.71735,-38.54497],[-58.71831,-38.54424],[-58.71933,-38.54346],[-58.71837,-38.54269],[-58.71745,-38.54195],[-58.7165,-38.54118],[-58.71573,-38.54056],[-58.71556,-38.54042],[-58.71462,-38.53966],[-58.71364,-38.53887],[-58.71272,-38.53813],[-58.71259,-38.53803],[-58.71171,-38.53731],[-58.7107,-38.53808],[-58.70973,-38.53883],[-58.70877,-38.53957],[-58.7078,-38.54031],[-58.70874,-38.54107],[-58.71207,-38.54375],[-58.71218,-38.54384],[-58.71354,-38.54494],[-58.714,-38.54531],[-58.71445,-38.54567],[-58.71495,-38.54608]]]]}},{"type":"Feature","properties":{"radio":"065811406","tipo":"Urbano","poblacion":978,"hogares":329,"pct_nbi":5.8,"pct_hacinamiento":10.0,"pct_sin_agua_red":2.1,"pct_sin_cloaca":21.3,"pct_garrafa_lena":26.7,"pct_solo_salud_publica":41.3,"pct_0a17":28.1,"pct_70ymas":7.7,"nbi":"5 a 10 %"},"geometry":{"type":"MultiPolygon","coordinates":[[[[-58.71933,-38.54656],[-58.72027,-38.54732],[-58.72123,-38.54659],[-58.72149,-38.54639],[-58.72225,-38.54581],[-58.72328,-38.54501],[-58.7242,-38.54432],[-58.72519,-38.54357],[-58.72613,-38.54281],[-58.72808,-38.5414],[-58.72604,-38.53985],[-58.72509,-38.53906],[-58.7242,-38.53974],[-58.72325,-38.54046],[-58.72276,-38.54084],[-58.72229,-38.5412],[-58.7213,-38.54195],[-58.72034,-38.54269],[-58.71933,-38.54346],[-58.71831,-38.54424],[-58.71735,-38.54497],[-58.71833,-38.54576],[-58.71933,-38.54656]]]]}},{"type":"Feature","properties":{"radio":"065811407","tipo":"Urbano","poblacion":938,"hogares":332,"pct_nbi":3.6,"pct_hacinamiento":7.2,"pct_sin_agua_red":0.9,"pct_sin_cloaca":28.6,"pct_garrafa_lena":37.3,"pct_solo_salud_publica":39.7,"pct_0a17":27.1,"pct_70ymas":10.7,"nbi":"2,5 a 5 %"},"geometry":{"type":"MultiPolygon","coordinates":[[[[-58.72027,-38.54732],[-58.7212,-38.54807],[-58.72214,-38.54883],[-58.72402,-38.55034],[-58.72381,-38.5505],[-58.72397,-38.55045],[-58.72411,-38.55043],[-58.72426,-38.55045],[-58.7244,-38.5505],[-58.72452,-38.55057],[-58.72527,-38.55161],[-58.72535,-38.55172],[-58.72569,-38.55219],[-58.72634,-38.55173],[-58.72703,-38.5512],[-58.7275,-38.55075],[-58.72787,-38.55025],[-58.72791,-38.55016],[-58.72811,-38.54977],[-58.72815,-38.54963],[-58.72824,-38.54937],[-58.7283,-38.54897],[-58.72827,-38.5485],[-58.72816,-38.54806],[-58.72796,-38.54759],[-58.72774,-38.5471],[-58.7275,-38.5466],[-58.72734,-38.54623],[-58.72727,-38.54591],[-58.72729,-38.54555],[-58.72734,-38.54527],[-58.72747,-38.54506],[-58.72757,-38.5449],[-58.72796,-38.54447],[-58.72846,-38.54405],[-58.72899,-38.54356],[-58.72945,-38.5431],[-58.72998,-38.54257],[-58.7301,-38.54241],[-58.72927,-38.5422],[-58.72905,-38.54214],[-58.72898,-38.54213],[-58.72889,-38.54203],[-58.72808,-38.5414],[-58.72613,-38.54281],[-58.72519,-38.54357],[-58.7242,-38.54432],[-58.72328,-38.54501],[-58.72225,-38.54581],[-58.72149,-38.54639],[-58.72123,-38.54659],[-58.72027,-38.54732]]]]}},{"type":"Feature","properties":{"radio":"065811501","tipo":"Urbano","poblacion":403,"hogares":133,"pct_nbi":6.8,"pct_hacinamiento":12.8,"pct_sin_agua_red":8.3,"pct_sin_cloaca":36.8,"pct_garrafa_lena":80.5,"pct_solo_salud_publica":57.1,"pct_0a17":29.8,"pct_70ymas":6.7,"nbi":"5 a 10 %"},"geometry":{"type":"MultiPolygon","coordinates":[[[[-58.73133,-38.54182],[-58.73137,-38.54191],[-58.73116,-38.54172],[-58.73103,-38.54213],[-58.73091,-38.54237],[-58.73085,-38.54259],[-58.7305,-38.54284],[-58.7301,-38.54316],[-58.72975,-38.54354],[-58.72938,-38.54397],[-58.72912,-38.54427],[-58.72884,-38.54457],[-58.72855,-38.54471],[-58.72824,-38.54505],[-58.72805,-38.54534],[-58.728,-38.54549],[-58.72991,-38.54702],[-58.72984,-38.54672],[-58.72974,-38.54622],[-58.72974,-38.54582],[-58.72982,-38.54542],[-58.72992,-38.54509],[-58.7301,-38.54469],[-58.73033,-38.54436],[-58.73063,-38.54401],[-58.73067,-38.54396],[-58.7313,-38.54342],[-58.7317,-38.54311],[-58.73227,-38.54268],[-58.73349,-38.54172],[-58.73412,-38.54114],[-58.73498,-38.54031],[-58.73521,-38.54008],[-58.73583,-38.53944],[-58.73671,-38.53856],[-58.73753,-38.53771],[-58.73783,-38.53743],[-58.7384,-38.53689],[-58.73894,-38.53639],[-58.73929,-38.53611],[-58.74115,-38.53461],[-58.74115,-38.53461],[-58.74214,-38.53384],[-58.74307,-38.53312],[-58.74307,-38.53312],[-58.74407,-38.53236],[-58.74501,-38.53164],[-58.74696,-38.53013],[-58.74696,-38.53013],[-58.74538,-38.52888],[-58.74478,-38.5284],[-58.7446,-38.52826],[-58.74261,-38.5267],[-58.74241,-38.52654],[-58.74156,-38.52585],[-58.73967,-38.52734],[-58.74156,-38.52886],[-58.73961,-38.53035],[-58.73899,-38.53083],[-58.73864,-38.5311],[-58.73836,-38.53131],[-58.73767,-38.53184],[-58.73673,-38.53256],[-58.73576,-38.53331],[-58.73386,-38.53478],[-58.7319,-38.5363],[-58.73104,-38.53697],[-58.72997,-38.5378],[-58.72912,-38.53846],[-58.72926,-38.53859],[-58.72946,-38.53869],[-58.72966,-38.53885],[-58.7299,-38.53904],[-58.73005,-38.53914],[-58.73021,-38.53932],[-58.73047,-38.53955],[-58.73064,-38.53974],[-58.73086,-38.54003],[-58.731,-38.54023],[-58.73112,-38.54047],[-58.73123,-38.54077],[-58.7313,-38.54102],[-58.73137,-38.54139],[-58.73139,-38.5417],[-58.73133,-38.54182]]]]}},{"type":"Feature","properties":{"radio":"065811502","tipo":"Urbano","poblacion":1172,"hogares":380,"pct_nbi":6.3,"pct_hacinamiento":13.2,"pct_sin_agua_red":3.2,"pct_sin_cloaca":22.9,"pct_garrafa_lena":47.9,"pct_solo_salud_publica":49.7,"pct_0a17":29.5,"pct_70ymas":6.8,"nbi":"5 a 10 %"},"geometry":{"type":"MultiPolygon","coordinates":[[[[-58.73846,-38.54156],[-58.73944,-38.54232],[-58.74044,-38.54156],[-58.7414,-38.54083],[-58.74236,-38.54009],[-58.74332,-38.53936],[-58.74427,-38.53863],[-58.74524,-38.53789],[-58.74718,-38.53641],[-58.74815,-38.53565],[-58.74909,-38.53492],[-58.75005,-38.53419],[-58.75105,-38.53342],[-58.75007,-38.53261],[-58.74914,-38.53185],[-58.74696,-38.53013],[-58.74501,-38.53164],[-58.74407,-38.53236],[-58.74307,-38.53312],[-58.74307,-38.53312],[-58.74214,-38.53384],[-58.74115,-38.53461],[-58.74115,-38.53461],[-58.73929,-38.53611],[-58.73894,-38.53639],[-58.7384,-38.53689],[-58.73783,-38.53743],[-58.73753,-38.53771],[-58.73671,-38.53856],[-58.73583,-38.53944],[-58.73659,-38.54005],[-58.73753,-38.54081],[-58.73846,-38.54156]]]]}},{"type":"Feature","properties":{"radio":"065811503","tipo":"Urbano","poblacion":649,"hogares":238,"pct_nbi":2.9,"pct_hacinamiento":6.7,"pct_sin_agua_red":2.1,"pct_sin_cloaca":7.1,"pct_garrafa_lena":20.2,"pct_solo_salud_publica":31.6,"pct_0a17":25.0,"pct_70ymas":10.3,"nbi":"2,5 a 5 %"},"geometry":{"type":"MultiPolygon","coordinates":[[[[-58.73459,-38.54454],[-58.73556,-38.54532],[-58.73653,-38.54457],[-58.73749,-38.54383],[-58.73844,-38.5431],[-58.73944,-38.54232],[-58.73846,-38.54156],[-58.73753,-38.54081],[-58.73659,-38.54005],[-58.73583,-38.53944],[-58.73521,-38.54008],[-58.73498,-38.54031],[-58.73412,-38.54114],[-58.73349,-38.54172],[-58.73227,-38.54268],[-58.73364,-38.54378],[-58.73459,-38.54454]]]]}},{"type":"Feature","properties":{"radio":"065811504","tipo":"Urbano","poblacion":800,"hogares":331,"pct_nbi":1.5,"pct_hacinamiento":3.0,"pct_sin_agua_red":0.3,"pct_sin_cloaca":2.7,"pct_garrafa_lena":6.6,"pct_solo_salud_publica":30.1,"pct_0a17":22.5,"pct_70ymas":12.1,"nbi":"Menos de 2,5 %"},"geometry":{"type":"MultiPolygon","coordinates":[[[[-58.73651,-38.54759],[-58.73745,-38.54833],[-58.73841,-38.5476],[-58.73937,-38.54686],[-58.74033,-38.54611],[-58.74128,-38.54537],[-58.74035,-38.54463],[-58.73941,-38.54387],[-58.73844,-38.5431],[-58.73749,-38.54383],[-58.73653,-38.54457],[-58.73556,-38.54532],[-58.7346,-38.54606],[-58.73558,-38.54684],[-58.73651,-38.54759]]]]}},{"type":"Feature","properties":{"radio":"065811505","tipo":"Urbano","poblacion":1051,"hogares":359,"pct_nbi":3.6,"pct_hacinamiento":7.5,"pct_sin_agua_red":0.6,"pct_sin_cloaca":6.1,"pct_garrafa_lena":20.3,"pct_solo_salud_publica":41.6,"pct_0a17":26.4,"pct_70ymas":8.6,"nbi":"2,5 a 5 %"},"geometry":{"type":"MultiPolygon","coordinates":[[[[-58.74128,-38.54537],[-58.74223,-38.54614],[-58.74322,-38.54538],[-58.74422,-38.54462],[-58.74471,-38.54424],[-58.74518,-38.54387],[-58.74424,-38.54312],[-58.74376,-38.54274],[-58.74329,-38.54237],[-58.74236,-38.54161],[-58.7414,-38.54083],[-58.74044,-38.54156],[-58.73944,-38.54232],[-58.73844,-38.5431],[-58.73941,-38.54387],[-58.74035,-38.54463],[-58.74128,-38.54537]]]]}},{"type":"Feature","properties":{"radio":"065811506","tipo":"Urbano","poblacion":1007,"hogares":332,"pct_nbi":7.5,"pct_hacinamiento":14.8,"pct_sin_agua_red":0.9,"pct_sin_cloaca":7.8,"pct_garrafa_lena":45.2,"pct_solo_salud_publica":49.8,"pct_0a17":31.8,"pct_70ymas":6.8,"nbi":"5 a 10 %"},"geometry":{"type":"MultiPolygon","coordinates":[[[[-58.74424,-38.54312],[-58.74518,-38.54387],[-58.74615,-38.54313],[-58.74664,-38.54276],[-58.74711,-38.5424],[-58.74808,-38.54167],[-58.74903,-38.54094],[-58.74809,-38.54018],[-58.74714,-38.53941],[-58.74619,-38.53865],[-58.74524,-38.53789],[-58.74427,-38.53863],[-58.74332,-38.53936],[-58.74236,-38.54009],[-58.7414,-38.54083],[-58.74236,-38.54161],[-58.74329,-38.54237],[-58.74376,-38.54274],[-58.74424,-38.54312]]]]}},{"type":"Feature","properties":{"radio":"065811507","tipo":"Urbano","poblacion":1641,"hogares":485,"pct_nbi":11.5,"pct_hacinamiento":16.9,"pct_sin_agua_red":2.1,"pct_sin_cloaca":18.8,"pct_garrafa_lena":46.8,"pct_solo_salud_publica":60.8,"pct_0a17":33.2,"pct_70ymas":4.7,"nbi":"10 % o más"},"geometry":{"type":"MultiPolygon","coordinates":[[[[-58.74524,-38.53789],[-58.74619,-38.53865],[-58.74714,-38.53941],[-58.74809,-38.54018],[-58.74903,-38.54094],[-58.74949,-38.5413],[-58.74997,-38.5417],[-58.75043,-38.54206],[-58.7509,-38.54244],[-58.75188,-38.54172],[-58.75287,-38.54098],[-58.75334,-38.54061],[-58.75381,-38.54023],[-58.75427,-38.53986],[-58.75474,-38.53948],[-58.75571,-38.53874],[-58.75671,-38.53799],[-58.75575,-38.5372],[-58.75484,-38.53645],[-58.75393,-38.53572],[-58.75296,-38.53494],[-58.75203,-38.53419],[-58.75105,-38.53342],[-58.75005,-38.53419],[-58.74909,-38.53492],[-58.74815,-38.53565],[-58.74718,-38.53641],[-58.74524,-38.53789]]]]}},{"type":"Feature","properties":{"radio":"065811508","tipo":"Urbano","poblacion":896,"hogares":318,"pct_nbi":3.8,"pct_hacinamiento":6.3,"pct_sin_agua_red":0.3,"pct_sin_cloaca":4.4,"pct_garrafa_lena":20.8,"pct_solo_salud_publica":38.8,"pct_0a17":25.0,"pct_70ymas":10.3,"nbi":"2,5 a 5 %"},"geometry":{"type":"MultiPolygon","coordinates":[[[[-58.7509,-38.54244],[-58.75185,-38.5432],[-58.7528,-38.54396],[-58.75304,-38.54416],[-58.75401,-38.54342],[-58.75497,-38.54268],[-58.75592,-38.54195],[-58.75885,-38.5397],[-58.75861,-38.5395],[-58.75813,-38.53912],[-58.75812,-38.53912],[-58.75765,-38.53874],[-58.75718,-38.53836],[-58.75671,-38.53799],[-58.75571,-38.53874],[-58.75474,-38.53948],[-58.75427,-38.53986],[-58.75381,-38.54023],[-58.75334,-38.54061],[-58.75287,-38.54098],[-58.75188,-38.54172],[-58.7509,-38.54244]]]]}},{"type":"Feature","properties":{"radio":"065811509","tipo":"Urbano","poblacion":1142,"hogares":412,"pct_nbi":1.7,"pct_hacinamiento":5.6,"pct_sin_agua_red":1.2,"pct_sin_cloaca":2.9,"pct_garrafa_lena":13.8,"pct_solo_salud_publica":36.7,"pct_0a17":25.4,"pct_70ymas":9.7,"nbi":"Menos de 2,5 %"},"geometry":{"type":"MultiPolygon","coordinates":[[[[-58.74898,-38.54541],[-58.75016,-38.54636],[-58.75304,-38.54416],[-58.7528,-38.54396],[-58.75185,-38.5432],[-58.7509,-38.54244],[-58.75043,-38.54206],[-58.74997,-38.5417],[-58.74949,-38.5413],[-58.74903,-38.54094],[-58.74808,-38.54167],[-58.74711,-38.5424],[-58.74664,-38.54276],[-58.74615,-38.54313],[-58.74711,-38.54389],[-58.74803,-38.54463],[-58.74898,-38.54541]]]]}},{"type":"Feature","properties":{"radio":"065811510","tipo":"Urbano","poblacion":840,"hogares":338,"pct_nbi":3.6,"pct_hacinamiento":5.6,"pct_sin_agua_red":0.6,"pct_sin_cloaca":5.0,"pct_garrafa_lena":12.4,"pct_solo_salud_publica":30.2,"pct_0a17":20.4,"pct_70ymas":14.3,"nbi":"2,5 a 5 %"},"geometry":{"type":"MultiPolygon","coordinates":[[[[-58.74602,-38.54918],[-58.74626,-38.54937],[-58.74725,-38.54861],[-58.74824,-38.54784],[-58.74919,-38.54711],[-58.75016,-38.54636],[-58.74898,-38.54541],[-58.74803,-38.54463],[-58.74711,-38.54389],[-58.74615,-38.54313],[-58.74518,-38.54387],[-58.74471,-38.54424],[-58.74422,-38.54462],[-58.74322,-38.54538],[-58.74223,-38.54614],[-58.74317,-38.54689],[-58.74411,-38.54765],[-58.74506,-38.54841],[-58.74602,-38.54918]]]]}},{"type":"Feature","properties":{"radio":"065811511","tipo":"Urbano","poblacion":745,"hogares":317,"pct_nbi":1.3,"pct_hacinamiento":1.6,"pct_sin_agua_red":0.6,"pct_sin_cloaca":1.6,"pct_garrafa_lena":5.7,"pct_solo_salud_publica":23.9,"pct_0a17":21.9,"pct_70ymas":16.5,"nbi":"Menos de 2,5 %"},"geometry":{"type":"MultiPolygon","coordinates":[[[[-58.7441,-38.55066],[-58.74434,-38.55085],[-58.74529,-38.55011],[-58.74626,-38.54937],[-58.74602,-38.54918],[-58.74506,-38.54841],[-58.74411,-38.54765],[-58.74317,-38.54689],[-58.74223,-38.54614],[-58.74128,-38.54537],[-58.74033,-38.54611],[-58.73937,-38.54686],[-58.74032,-38.54762],[-58.74125,-38.54836],[-58.74219,-38.54912],[-58.74314,-38.54988],[-58.7441,-38.55066]]]]}},{"type":"Feature","properties":{"radio":"065811512","tipo":"Urbano","poblacion":252,"hogares":97,"pct_nbi":1.0,"pct_hacinamiento":5.2,"pct_sin_agua_red":14.4,"pct_sin_cloaca":89.7,"pct_garrafa_lena":47.4,"pct_solo_salud_publica":28.6,"pct_0a17":27.0,"pct_70ymas":7.9,"nbi":"Menos de 2,5 %"},"geometry":{"type":"MultiPolygon","coordinates":[[[[-58.73043,-38.54158],[-58.73038,-38.54193],[-58.73022,-38.54225],[-58.7301,-38.54241],[-58.72998,-38.54257],[-58.72945,-38.5431],[-58.72899,-38.54356],[-58.72846,-38.54405],[-58.72796,-38.54447],[-58.72757,-38.5449],[-58.72747,-38.54506],[-58.728,-38.54549],[-58.72805,-38.54534],[-58.72824,-38.54505],[-58.72855,-38.54471],[-58.72884,-38.54457],[-58.72912,-38.54427],[-58.72938,-38.54397],[-58.72975,-38.54354],[-58.7301,-38.54316],[-58.7305,-38.54284],[-58.73085,-38.54259],[-58.73091,-38.54237],[-58.73103,-38.54213],[-58.73116,-38.54172],[-58.73137,-38.54191],[-58.73133,-38.54182],[-58.73139,-38.5417],[-58.73137,-38.54139],[-58.7313,-38.54102],[-58.73123,-38.54077],[-58.73112,-38.54047],[-58.731,-38.54023],[-58.73086,-38.54003],[-58.73064,-38.53974],[-58.73047,-38.53955],[-58.73021,-38.53932],[-58.73005,-38.53914],[-58.7299,-38.53904],[-58.72966,-38.53885],[-58.72946,-38.53869],[-58.72926,-38.53859],[-58.72912,-38.53846],[-58.72997,-38.5378],[-58.73104,-38.53697],[-58.7319,-38.5363],[-58.73386,-38.53478],[-58.73576,-38.53331],[-58.73673,-38.53256],[-58.73767,-38.53184],[-58.73836,-38.53131],[-58.73864,-38.5311],[-58.73899,-38.53083],[-58.73961,-38.53035],[-58.74156,-38.52886],[-58.73967,-38.52734],[-58.74156,-38.52585],[-58.74054,-38.52502],[-58.74047,-38.52496],[-58.73974,-38.52438],[-58.73827,-38.52322],[-58.73784,-38.52287],[-58.73585,-38.52124],[-58.73407,-38.51981],[-58.7339,-38.51967],[-58.73367,-38.51948],[-58.73355,-38.51954],[-58.73331,-38.51973],[-58.73318,-38.51989],[-58.73312,-38.52008],[-58.73309,-38.5203],[-58.73314,-38.52055],[-58.73324,-38.52088],[-58.73329,-38.52116],[-58.73327,-38.52154],[-58.7333,-38.52189],[-58.7334,-38.52229],[-58.73358,-38.52268],[-58.73388,-38.52314],[-58.73422,-38.5237],[-58.73457,-38.52415],[-58.73493,-38.52448],[-58.73536,-38.52474],[-58.73584,-38.52504],[-58.73613,-38.52528],[-58.73639,-38.52558],[-58.73649,-38.52578],[-58.73658,-38.52596],[-58.73684,-38.52653],[-58.73704,-38.5272],[-58.73724,-38.528],[-58.73729,-38.52843],[-58.73725,-38.52902],[-58.73702,-38.52951],[-58.73671,-38.52984],[-58.73624,-38.5302],[-58.73574,-38.53043],[-58.73526,-38.53062],[-58.73496,-38.53072],[-58.73458,-38.53084],[-58.73374,-38.53099],[-58.73224,-38.53124],[-58.73155,-38.53133],[-58.73074,-38.53138],[-58.73023,-38.53144],[-58.72971,-38.53156],[-58.72915,-38.53177],[-58.7285,-38.53213],[-58.72802,-38.5324],[-58.72772,-38.53269],[-58.72749,-38.53294],[-58.72731,-38.53328],[-58.72709,-38.53373],[-58.7269,-38.53424],[-58.72675,-38.53484],[-58.72667,-38.53551],[-58.72662,-38.53637],[-58.72666,-38.53687],[-58.72675,-38.53738],[-58.72685,-38.5377],[-58.72704,-38.53799],[-58.72726,-38.53817],[-58.72735,-38.53822],[-58.72762,-38.53838],[-58.72799,-38.53858],[-58.72847,-38.5388],[-58.72889,-38.53907],[-58.72926,-38.53935],[-58.72957,-38.53967],[-58.72986,-38.54004],[-58.73013,-38.54044],[-58.7303,-38.54082],[-58.73041,-38.54123],[-58.73043,-38.54158]]]]}},{"type":"Feature","properties":{"radio":"065811601","tipo":"Urbano","poblacion":687,"hogares":304,"pct_nbi":2.3,"pct_hacinamiento":3.3,"pct_sin_agua_red":0.7,"pct_sin_cloaca":1.0,"pct_garrafa_lena":5.6,"pct_solo_salud_publica":27.5,"pct_0a17":21.8,"pct_70ymas":14.8,"nbi":"Menos de 2,5 %"},"geometry":{"type":"MultiPolygon","coordinates":[[[[-58.74391,-38.56149],[-58.74488,-38.56228],[-58.74583,-38.56155],[-58.74681,-38.56081],[-58.74583,-38.56002],[-58.74489,-38.55926],[-58.74397,-38.55851],[-58.74304,-38.55775],[-58.7421,-38.55699],[-58.74112,-38.55774],[-58.74017,-38.55847],[-58.74111,-38.55922],[-58.74204,-38.55997],[-58.74299,-38.56074],[-58.74391,-38.56149]]]]}},{"type":"Feature","properties":{"radio":"065811602","tipo":"Urbano","poblacion":760,"hogares":331,"pct_nbi":1.8,"pct_hacinamiento":1.2,"pct_sin_agua_red":1.5,"pct_sin_cloaca":1.5,"pct_garrafa_lena":4.8,"pct_solo_salud_publica":25.7,"pct_0a17":18.9,"pct_70ymas":15.3,"nbi":"Menos de 2,5 %"},"geometry":{"type":"MultiPolygon","coordinates":[[[[-58.74199,-38.56297],[-58.74297,-38.56376],[-58.74392,-38.56302],[-58.74488,-38.56228],[-58.74391,-38.56149],[-58.74299,-38.56074],[-58.74204,-38.55997],[-58.74111,-38.55922],[-58.74017,-38.55847],[-58.7392,-38.5592],[-58.73823,-38.55994],[-58.73918,-38.56071],[-58.7401,-38.56146],[-58.74104,-38.56221],[-58.74199,-38.56297]]]]}},{"type":"Feature","properties":{"radio":"065811603","tipo":"Urbano","poblacion":772,"hogares":327,"pct_nbi":1.5,"pct_hacinamiento":2.1,"pct_sin_agua_red":1.8,"pct_sin_cloaca":0.6,"pct_garrafa_lena":4.9,"pct_solo_salud_publica":21.5,"pct_0a17":20.1,"pct_70ymas":19.2,"nbi":"Menos de 2,5 %"},"geometry":{"type":"MultiPolygon","coordinates":[[[[-58.74005,-38.56445],[-58.74104,-38.56524],[-58.742,-38.5645],[-58.74297,-38.56376],[-58.74199,-38.56297],[-58.74104,-38.56221],[-58.7401,-38.56146],[-58.73918,-38.56071],[-58.73823,-38.55994],[-58.73726,-38.56069],[-58.73629,-38.56143],[-58.73725,-38.56219],[-58.73818,-38.56295],[-58.73911,-38.56369],[-58.74005,-38.56445]]]]}},{"type":"Feature","properties":{"radio":"065811604","tipo":"Urbano","poblacion":633,"hogares":258,"pct_nbi":2.3,"pct_hacinamiento":2.7,"pct_sin_agua_red":0.8,"pct_sin_cloaca":1.6,"pct_garrafa_lena":7.8,"pct_solo_salud_publica":31.1,"pct_0a17":21.6,"pct_70ymas":19.7,"nbi":"Menos de 2,5 %"},"geometry":{"type":"MultiPolygon","coordinates":[[[[-58.73812,-38.56595],[-58.73908,-38.56673],[-58.74104,-38.56524],[-58.74005,-38.56445],[-58.73911,-38.56369],[-58.73818,-38.56295],[-58.73725,-38.56219],[-58.73629,-38.56143],[-58.73535,-38.56216],[-58.73435,-38.56292],[-58.7353,-38.56368],[-58.73623,-38.56444],[-58.73718,-38.5652],[-58.73812,-38.56595]]]]}},{"type":"Feature","properties":{"radio":"065811605","tipo":"Urbano","poblacion":393,"hogares":170,"pct_nbi":1.2,"pct_hacinamiento":1.2,"pct_sin_agua_red":1.8,"pct_sin_cloaca":4.7,"pct_garrafa_lena":7.1,"pct_solo_salud_publica":27.5,"pct_0a17":14.0,"pct_70ymas":18.3,"nbi":"Menos de 2,5 %"},"geometry":{"type":"MultiPolygon","coordinates":[[[[-58.73618,-38.56746],[-58.73713,-38.56822],[-58.73808,-38.56749],[-58.73908,-38.56673],[-58.73812,-38.56595],[-58.73718,-38.5652],[-58.73623,-38.56444],[-58.7353,-38.56368],[-58.73435,-38.56292],[-58.73336,-38.56369],[-58.73239,-38.56443],[-58.73332,-38.56518],[-58.7339,-38.56565],[-58.73427,-38.56595],[-58.73445,-38.56609],[-58.73503,-38.56655],[-58.73522,-38.56671],[-58.73561,-38.56701],[-58.73618,-38.56746]]]]}},{"type":"Feature","properties":{"radio":"065811606","tipo":"Urbano","poblacion":769,"hogares":298,"pct_nbi":2.0,"pct_hacinamiento":3.7,"pct_sin_agua_red":4.4,"pct_sin_cloaca":11.7,"pct_garrafa_lena":20.8,"pct_solo_salud_publica":37.8,"pct_0a17":24.1,"pct_70ymas":8.2,"nbi":"Menos de 2,5 %"},"geometry":{"type":"MultiPolygon","coordinates":[[[[-58.74567,-38.57204],[-58.74665,-38.57282],[-58.74765,-38.57205],[-58.74861,-38.57132],[-58.7467,-38.56979],[-58.74573,-38.56903],[-58.74481,-38.56828],[-58.74389,-38.56752],[-58.74296,-38.56677],[-58.74201,-38.56601],[-58.74104,-38.56524],[-58.73908,-38.56673],[-58.74005,-38.56751],[-58.74098,-38.56827],[-58.74193,-38.56903],[-58.74286,-38.56978],[-58.7438,-38.57053],[-58.74474,-38.57129],[-58.74567,-38.57204]]]]}},{"type":"Feature","properties":{"radio":"065811607","tipo":"Urbano","poblacion":788,"hogares":301,"pct_nbi":1.3,"pct_hacinamiento":2.7,"pct_sin_agua_red":1.0,"pct_sin_cloaca":3.3,"pct_garrafa_lena":6.6,"pct_solo_salud_publica":29.9,"pct_0a17":23.9,"pct_70ymas":12.3,"nbi":"Menos de 2,5 %"},"geometry":{"type":"MultiPolygon","coordinates":[[[[-58.74201,-38.56601],[-58.74296,-38.56677],[-58.74391,-38.56603],[-58.74487,-38.5653],[-58.74583,-38.56457],[-58.7468,-38.56383],[-58.74776,-38.56309],[-58.74873,-38.56234],[-58.74777,-38.56158],[-58.74681,-38.56081],[-58.74583,-38.56155],[-58.74488,-38.56228],[-58.74392,-38.56302],[-58.74297,-38.56376],[-58.742,-38.5645],[-58.74104,-38.56524],[-58.74201,-38.56601]]]]}},{"type":"Feature","properties":{"radio":"065811608","tipo":"Urbano","poblacion":1215,"hogares":416,"pct_nbi":3.4,"pct_hacinamiento":7.2,"pct_sin_agua_red":5.8,"pct_sin_cloaca":27.2,"pct_garrafa_lena":32.7,"pct_solo_salud_publica":35.1,"pct_0a17":25.1,"pct_70ymas":6.5,"nbi":"2,5 a 5 %"},"geometry":{"type":"MultiPolygon","coordinates":[[[[-58.7467,-38.56979],[-58.74861,-38.57132],[-58.74956,-38.57059],[-58.75054,-38.56984],[-58.75156,-38.56906],[-58.75249,-38.56835],[-58.75339,-38.56766],[-58.75439,-38.56689],[-58.75446,-38.56684],[-58.75341,-38.5661],[-58.75249,-38.56535],[-58.75154,-38.56458],[-58.7506,-38.56383],[-58.74967,-38.56309],[-58.74873,-38.56234],[-58.74776,-38.56309],[-58.7468,-38.56383],[-58.74583,-38.56457],[-58.74487,-38.5653],[-58.74391,-38.56603],[-58.74296,-38.56677],[-58.74389,-38.56752],[-58.74481,-38.56828],[-58.74573,-38.56903],[-58.7467,-38.56979]]]]}},{"type":"Feature","properties":{"radio":"065811609","tipo":"Urbano","poblacion":799,"hogares":306,"pct_nbi":1.6,"pct_hacinamiento":1.6,"pct_sin_agua_red":1.0,"pct_sin_cloaca":6.2,"pct_garrafa_lena":7.5,"pct_solo_salud_publica":20.7,"pct_0a17":26.0,"pct_70ymas":7.9,"nbi":"Menos de 2,5 %"},"geometry":{"type":"MultiPolygon","coordinates":[[[[-58.74371,-38.57355],[-58.74469,-38.57433],[-58.74566,-38.57358],[-58.74665,-38.57282],[-58.74567,-38.57204],[-58.74474,-38.57129],[-58.7438,-38.57053],[-58.74286,-38.56978],[-58.74193,-38.56903],[-58.74098,-38.56827],[-58.74005,-38.56751],[-58.73908,-38.56673],[-58.73808,-38.56749],[-58.73713,-38.56822],[-58.73811,-38.56901],[-58.73903,-38.56976],[-58.73998,-38.57052],[-58.74091,-38.57127],[-58.74186,-38.57203],[-58.74278,-38.57279],[-58.74371,-38.57355]]]]}},{"type":"Feature","properties":{"radio":"065811701","tipo":"Urbano","poblacion":544,"hogares":225,"pct_nbi":1.8,"pct_hacinamiento":3.1,"pct_sin_agua_red":0.4,"pct_sin_cloaca":0.4,"pct_garrafa_lena":0.9,"pct_solo_salud_publica":19.7,"pct_0a17":20.2,"pct_70ymas":16.9,"nbi":"Menos de 2,5 %"},"geometry":{"type":"MultiPolygon","coordinates":[[[[-58.73236,-38.56741],[-58.73256,-38.56757],[-58.73375,-38.56664],[-58.73319,-38.56619],[-58.7339,-38.56565],[-58.73332,-38.56518],[-58.73239,-38.56443],[-58.73145,-38.56366],[-58.73051,-38.5629],[-58.7296,-38.56216],[-58.72958,-38.56216],[-58.72954,-38.56513],[-58.73046,-38.56589],[-58.7314,-38.56665],[-58.73197,-38.5671],[-58.73236,-38.56741]]]]}},{"type":"Feature","properties":{"radio":"065811702","tipo":"Urbano","poblacion":638,"hogares":271,"pct_nbi":1.8,"pct_hacinamiento":0.7,"pct_sin_agua_red":1.1,"pct_sin_cloaca":1.5,"pct_garrafa_lena":0.0,"pct_solo_salud_publica":19.0,"pct_0a17":20.5,"pct_70ymas":15.2,"nbi":"Menos de 2,5 %"},"geometry":{"type":"MultiPolygon","coordinates":[[[[-58.72948,-38.56813],[-58.72945,-38.57111],[-58.7304,-38.57038],[-58.73137,-38.56964],[-58.73232,-38.56891],[-58.7333,-38.56815],[-58.73314,-38.56803],[-58.73256,-38.56757],[-58.73236,-38.56741],[-58.73197,-38.5671],[-58.7314,-38.56665],[-58.73046,-38.56589],[-58.72954,-38.56513],[-58.72948,-38.56813]]]]}},{"type":"Feature","properties":{"radio":"065811703","tipo":"Urbano","poblacion":596,"hogares":300,"pct_nbi":0.7,"pct_hacinamiento":0.7,"pct_sin_agua_red":3.0,"pct_sin_cloaca":1.0,"pct_garrafa_lena":3.0,"pct_solo_salud_publica":14.6,"pct_0a17":13.1,"pct_70ymas":18.1,"nbi":"Menos de 2,5 %"},"geometry":{"type":"MultiPolygon","coordinates":[[[[-58.7304,-38.57187],[-58.73136,-38.57264],[-58.73231,-38.57191],[-58.73328,-38.57116],[-58.73423,-38.57043],[-58.73521,-38.56968],[-58.73426,-38.56892],[-58.73369,-38.56847],[-58.7333,-38.56815],[-58.73232,-38.56891],[-58.73137,-38.56964],[-58.7304,-38.57038],[-58.72945,-38.57111],[-58.7304,-38.57187]]]]}},{"type":"Feature","properties":{"radio":"065811704","tipo":"Urbano","poblacion":496,"hogares":219,"pct_nbi":0.9,"pct_hacinamiento":2.3,"pct_sin_agua_red":1.8,"pct_sin_cloaca":1.4,"pct_garrafa_lena":3.7,"pct_solo_salud_publica":21.0,"pct_0a17":21.2,"pct_70ymas":14.7,"nbi":"Menos de 2,5 %"},"geometry":{"type":"MultiPolygon","coordinates":[[[[-58.73426,-38.56892],[-58.73521,-38.56968],[-58.73616,-38.56895],[-58.73713,-38.56822],[-58.73618,-38.56746],[-58.73561,-38.56701],[-58.73522,-38.56671],[-58.73503,-38.56655],[-58.73445,-38.56609],[-58.73427,-38.56595],[-58.7339,-38.56565],[-58.73319,-38.56619],[-58.73375,-38.56664],[-58.73256,-38.56757],[-58.73314,-38.56803],[-58.7333,-38.56815],[-58.73369,-38.56847],[-58.73426,-38.56892]]]]}},{"type":"Feature","properties":{"radio":"065811705","tipo":"Urbano","poblacion":846,"hogares":356,"pct_nbi":2.2,"pct_hacinamiento":2.2,"pct_sin_agua_red":0.3,"pct_sin_cloaca":2.8,"pct_garrafa_lena":4.2,"pct_solo_salud_publica":18.6,"pct_0a17":21.6,"pct_70ymas":12.8,"nbi":"Menos de 2,5 %"},"geometry":{"type":"MultiPolygon","coordinates":[[[[-58.73233,-38.57343],[-58.73325,-38.57418],[-58.73422,-38.57345],[-58.73519,-38.57272],[-58.73615,-38.57198],[-58.7371,-38.57124],[-58.73807,-38.5705],[-58.73903,-38.56976],[-58.73811,-38.56901],[-58.73713,-38.56822],[-58.73616,-38.56895],[-58.73521,-38.56968],[-58.73423,-38.57043],[-58.73328,-38.57116],[-58.73231,-38.57191],[-58.73136,-38.57264],[-58.73233,-38.57343]]]]}},{"type":"Feature","properties":{"radio":"065811706","tipo":"Urbano","poblacion":776,"hogares":310,"pct_nbi":1.0,"pct_hacinamiento":1.9,"pct_sin_agua_red":1.6,"pct_sin_cloaca":4.2,"pct_garrafa_lena":4.8,"pct_solo_salud_publica":20.2,"pct_0a17":20.6,"pct_70ymas":8.6,"nbi":"Menos de 2,5 %"},"geometry":{"type":"MultiPolygon","coordinates":[[[[-58.73422,-38.57345],[-58.73705,-38.57574],[-58.73801,-38.57499],[-58.73898,-38.57424],[-58.73993,-38.57351],[-58.74092,-38.57275],[-58.74186,-38.57203],[-58.74091,-38.57127],[-58.73998,-38.57052],[-58.73903,-38.56976],[-58.73807,-38.5705],[-58.7371,-38.57124],[-58.73615,-38.57198],[-58.73519,-38.57272],[-58.73422,-38.57345]]]]}},{"type":"Feature","properties":{"radio":"065811707","tipo":"Urbano","poblacion":582,"hogares":264,"pct_nbi":1.1,"pct_hacinamiento":2.3,"pct_sin_agua_red":1.9,"pct_sin_cloaca":1.9,"pct_garrafa_lena":4.9,"pct_solo_salud_publica":16.5,"pct_0a17":17.0,"pct_70ymas":16.7,"nbi":"Menos de 2,5 %"},"geometry":{"type":"MultiPolygon","coordinates":[[[[-58.7318,-38.57604],[-58.73227,-38.57642],[-58.73271,-38.57678],[-58.73321,-38.57718],[-58.73416,-38.57645],[-58.7348,-38.57696],[-58.73577,-38.57621],[-58.7361,-38.57648],[-58.73705,-38.57574],[-58.73422,-38.57345],[-58.73325,-38.57418],[-58.73227,-38.57494],[-58.73133,-38.57566],[-58.7318,-38.57604]]]]}},{"type":"Feature","properties":{"radio":"065811708","tipo":"Urbano","poblacion":341,"hogares":169,"pct_nbi":3.0,"pct_hacinamiento":1.8,"pct_sin_agua_red":1.8,"pct_sin_cloaca":1.8,"pct_garrafa_lena":4.1,"pct_solo_salud_publica":22.0,"pct_0a17":17.0,"pct_70ymas":13.8,"nbi":"2,5 a 5 %"},"geometry":{"type":"MultiPolygon","coordinates":[[[[-58.7309,-38.57824],[-58.73153,-38.57847],[-58.73321,-38.57718],[-58.73271,-38.57678],[-58.73227,-38.57642],[-58.7318,-38.57604],[-58.73133,-38.57566],[-58.73043,-38.57636],[-58.72944,-38.57712],[-58.72894,-38.57751],[-58.7296,-38.57776],[-58.73021,-38.57798],[-58.73034,-38.57803],[-58.7309,-38.57824]]]]}},{"type":"Feature","properties":{"radio":"065811709","tipo":"Urbano","poblacion":212,"hogares":110,"pct_nbi":1.8,"pct_hacinamiento":0.9,"pct_sin_agua_red":1.8,"pct_sin_cloaca":1.8,"pct_garrafa_lena":3.6,"pct_solo_salud_publica":22.2,"pct_0a17":14.6,"pct_70ymas":17.0,"nbi":"Menos de 2,5 %"},"geometry":{"type":"MultiPolygon","coordinates":[[[[-58.73153,-38.57847],[-58.73281,-38.57897],[-58.73406,-38.57944],[-58.73412,-38.57946],[-58.73535,-38.57993],[-58.73693,-38.58046],[-58.73694,-38.58047],[-58.73695,-38.58047],[-58.73695,-38.58047],[-58.73695,-38.58047],[-58.73696,-38.58047],[-58.73696,-38.58047],[-58.73696,-38.58047],[-58.73696,-38.58047],[-58.73698,-38.58048],[-58.73698,-38.58048],[-58.73698,-38.58048],[-58.73699,-38.58048],[-58.73699,-38.58048],[-58.73699,-38.58048],[-58.73699,-38.58048],[-58.737,-38.58048],[-58.737,-38.58048],[-58.73701,-38.58048],[-58.73701,-38.58048],[-58.73701,-38.58048],[-58.73702,-38.58048],[-58.73702,-38.58048],[-58.73703,-38.58048],[-58.73703,-38.58048],[-58.73703,-38.58048],[-58.73703,-38.58048],[-58.73703,-38.58048],[-58.73703,-38.58048],[-58.73703,-38.58048],[-58.73704,-38.58048],[-58.73704,-38.58048],[-58.73704,-38.58048],[-58.73704,-38.58048],[-58.73705,-38.58048],[-58.73705,-38.58048],[-58.73705,-38.58048],[-58.73705,-38.58048],[-58.73705,-38.58048],[-58.73705,-38.58048],[-58.73705,-38.58048],[-58.73706,-38.58048],[-58.73706,-38.58048],[-58.73706,-38.58048],[-58.73707,-38.58048],[-58.73707,-38.58047],[-58.73707,-38.58047],[-58.73707,-38.58047],[-58.73707,-38.58047],[-58.73707,-38.58047],[-58.73709,-38.58046],[-58.73709,-38.58046],[-58.7371,-38.58046],[-58.7371,-38.58045],[-58.73711,-38.58045],[-58.73711,-38.58044],[-58.73711,-38.58044],[-58.73711,-38.58044],[-58.73712,-38.58043],[-58.73712,-38.58043],[-58.73712,-38.58043],[-58.73712,-38.58043],[-58.73712,-38.58043],[-58.73713,-38.58041],[-58.73713,-38.58041],[-58.73713,-38.58041],[-58.73713,-38.58041],[-58.73713,-38.5804],[-58.73713,-38.5804],[-58.73713,-38.58039],[-58.73713,-38.58039],[-58.73713,-38.58038],[-58.73713,-38.58038],[-58.73713,-38.58037],[-58.73713,-38.58037],[-58.73712,-38.58037],[-58.73712,-38.58037],[-58.73712,-38.58036],[-58.73712,-38.58036],[-58.73712,-38.58036],[-58.73712,-38.58036],[-58.73711,-38.58034],[-58.73711,-38.58034],[-58.73711,-38.58034],[-58.73711,-38.58034],[-58.73709,-38.58033],[-58.73708,-38.58032],[-58.73708,-38.58032],[-58.73708,-38.58032],[-58.73708,-38.58032],[-58.73707,-38.58032],[-58.73707,-38.58032],[-58.73707,-38.58032],[-58.73705,-38.58031],[-58.73606,-38.57946],[-58.73511,-38.57867],[-58.73449,-38.57821],[-58.73415,-38.57794],[-58.73385,-38.5777],[-58.73321,-38.57718],[-58.73153,-38.57847]]]]}},{"type":"Feature","properties":{"radio":"065811710","tipo":"Urbano","poblacion":545,"hogares":244,"pct_nbi":0.0,"pct_hacinamiento":0.8,"pct_sin_agua_red":0.8,"pct_sin_cloaca":2.5,"pct_garrafa_lena":4.1,"pct_solo_salud_publica":21.8,"pct_0a17":21.3,"pct_70ymas":13.9,"nbi":"Menos de 2,5 %"},"geometry":{"type":"MultiPolygon","coordinates":[[[[-58.73577,-38.57621],[-58.7348,-38.57696],[-58.73416,-38.57645],[-58.73321,-38.57718],[-58.73385,-38.5777],[-58.73415,-38.57794],[-58.73449,-38.57821],[-58.73511,-38.57867],[-58.73606,-38.57946],[-58.73705,-38.58031],[-58.73707,-38.58027],[-58.73713,-38.58016],[-58.73797,-38.57951],[-58.73893,-38.57877],[-58.73797,-38.57799],[-58.73702,-38.57723],[-58.7361,-38.57648],[-58.73577,-38.57621]]]]}},{"type":"Feature","properties":{"radio":"065811711","tipo":"Urbano","poblacion":987,"hogares":407,"pct_nbi":0.5,"pct_hacinamiento":1.0,"pct_sin_agua_red":1.5,"pct_sin_cloaca":2.9,"pct_garrafa_lena":4.2,"pct_solo_salud_publica":15.1,"pct_0a17":23.7,"pct_70ymas":7.9,"nbi":"Menos de 2,5 %"},"geometry":{"type":"MultiPolygon","coordinates":[[[[-58.73797,-38.57799],[-58.73893,-38.57877],[-58.73991,-38.57802],[-58.74086,-38.57728],[-58.74181,-38.57655],[-58.74278,-38.5758],[-58.74375,-38.57506],[-58.74469,-38.57433],[-58.74371,-38.57355],[-58.74278,-38.57279],[-58.74186,-38.57203],[-58.74092,-38.57275],[-58.73993,-38.57351],[-58.73898,-38.57424],[-58.73801,-38.57499],[-58.73705,-38.57574],[-58.7361,-38.57648],[-58.73702,-38.57723],[-58.73797,-38.57799]]]]}},{"type":"Feature","properties":{"radio":"065811801","tipo":"Urbano","poblacion":673,"hogares":301,"pct_nbi":1.3,"pct_hacinamiento":0.3,"pct_sin_agua_red":7.3,"pct_sin_cloaca":2.3,"pct_garrafa_lena":1.7,"pct_solo_salud_publica":14.0,"pct_0a17":17.8,"pct_70ymas":18.9,"nbi":"Menos de 2,5 %"},"geometry":{"type":"MultiPolygon","coordinates":[[[[-58.71582,-38.57316],[-58.71444,-38.57516],[-58.71431,-38.57531],[-58.71426,-38.57538],[-58.71415,-38.57547],[-58.71403,-38.57557],[-58.71388,-38.57567],[-58.71364,-38.57579],[-58.71147,-38.57688],[-58.71149,-38.57732],[-58.70714,-38.57834],[-58.70687,-38.57829],[-58.70685,-38.57825],[-58.7066,-38.57768],[-58.70602,-38.57782],[-58.70579,-38.57789],[-58.70563,-38.57794],[-58.7055,-38.57801],[-58.70525,-38.57819],[-58.705,-38.57837],[-58.70454,-38.57871],[-58.70419,-38.579],[-58.70402,-38.57914],[-58.70393,-38.57922],[-58.70375,-38.57939],[-58.70324,-38.57981],[-58.70275,-38.58017],[-58.70137,-38.58127],[-58.70216,-38.58138],[-58.7039,-38.58163],[-58.70751,-38.58198],[-58.71037,-38.58224],[-58.71342,-38.58264],[-58.71597,-38.58309],[-58.71896,-38.58362],[-58.71986,-38.58379],[-58.72251,-38.58432],[-58.72586,-38.58514],[-58.72956,-38.58609],[-58.7311,-38.58654],[-58.73253,-38.58695],[-58.73352,-38.58533],[-58.7334,-38.58528],[-58.73243,-38.58476],[-58.73187,-38.58445],[-58.73127,-38.58419],[-58.72997,-38.5837],[-58.72871,-38.58322],[-58.72744,-38.58274],[-58.72606,-38.58222],[-58.72475,-38.58173],[-58.72338,-38.58121],[-58.72338,-38.58121],[-58.72086,-38.58026],[-58.72163,-38.57897],[-58.7223,-38.57785],[-58.72229,-38.57785],[-58.72262,-38.57731],[-58.72296,-38.57672],[-58.72367,-38.57554],[-58.72296,-38.57528],[-58.72235,-38.57505],[-58.72121,-38.57463],[-58.72107,-38.57457],[-58.71979,-38.57409],[-58.71849,-38.57361],[-58.71729,-38.57308],[-58.71656,-38.57279],[-58.71621,-38.57299],[-58.71582,-38.57316]]]]}},{"type":"Feature","properties":{"radio":"065811802","tipo":"Urbano","poblacion":231,"hogares":117,"pct_nbi":1.7,"pct_hacinamiento":2.6,"pct_sin_agua_red":2.6,"pct_sin_cloaca":0.9,"pct_garrafa_lena":3.4,"pct_solo_salud_publica":22.5,"pct_0a17":19.5,"pct_70ymas":22.1,"nbi":"Menos de 2,5 %"},"geometry":{"type":"MultiPolygon","coordinates":[[[[-58.72465,-38.57736],[-58.72553,-38.5777],[-58.72628,-38.57651],[-58.72537,-38.57618],[-58.72496,-38.57602],[-58.72452,-38.57586],[-58.72367,-38.57554],[-58.72296,-38.57672],[-58.72381,-38.57704],[-58.72465,-38.57736]]]]}},{"type":"Feature","properties":{"radio":"065811803","tipo":"Urbano","poblacion":271,"hogares":130,"pct_nbi":0.8,"pct_hacinamiento":3.8,"pct_sin_agua_red":1.5,"pct_sin_cloaca":0.0,"pct_garrafa_lena":2.3,"pct_solo_salud_publica":24.7,"pct_0a17":21.4,"pct_70ymas":8.9,"nbi":"Menos de 2,5 %"},"geometry":{"type":"MultiPolygon","coordinates":[[[[-58.72398,-38.57847],[-58.72484,-38.5788],[-58.72553,-38.5777],[-58.72465,-38.57736],[-58.72381,-38.57704],[-58.72296,-38.57672],[-58.72262,-38.57731],[-58.72229,-38.57785],[-58.72313,-38.57816],[-58.72398,-38.57847]]]]}},{"type":"Feature","properties":{"radio":"065811804","tipo":"Urbano","poblacion":244,"hogares":136,"pct_nbi":2.9,"pct_hacinamiento":0.7,"pct_sin_agua_red":0.7,"pct_sin_cloaca":2.2,"pct_garrafa_lena":5.1,"pct_solo_salud_publica":23.4,"pct_0a17":13.9,"pct_70ymas":14.8,"nbi":"2,5 a 5 %"},"geometry":{"type":"MultiPolygon","coordinates":[[[[-58.72163,-38.57897],[-58.72086,-38.58026],[-58.72338,-38.58121],[-58.72338,-38.58121],[-58.72417,-38.57992],[-58.72553,-38.58043],[-58.7262,-38.57931],[-58.72484,-38.5788],[-58.72398,-38.57847],[-58.72313,-38.57816],[-58.72229,-38.57785],[-58.7223,-38.57785],[-58.72163,-38.57897]]]]}},{"type":"Feature","properties":{"radio":"065811805","tipo":"Urbano","poblacion":195,"hogares":104,"pct_nbi":10.6,"pct_hacinamiento":3.8,"pct_sin_agua_red":1.0,"pct_sin_cloaca":0.0,"pct_garrafa_lena":2.9,"pct_solo_salud_publica":24.6,"pct_0a17":19.0,"pct_70ymas":13.3,"nbi":"10 % o más"},"geometry":{"type":"MultiPolygon","coordinates":[[[[-58.72338,-38.58121],[-58.72475,-38.58173],[-58.72485,-38.58157],[-58.72553,-38.58043],[-58.72417,-38.57992],[-58.72338,-38.58121]]]]}},{"type":"Feature","properties":{"radio":"065811806","tipo":"Urbano","poblacion":276,"hogares":135,"pct_nbi":4.4,"pct_hacinamiento":3.7,"pct_sin_agua_red":2.2,"pct_sin_cloaca":0.7,"pct_garrafa_lena":5.2,"pct_solo_salud_publica":28.3,"pct_0a17":20.7,"pct_70ymas":15.6,"nbi":"2,5 a 5 %"},"geometry":{"type":"MultiPolygon","coordinates":[[[[-58.72553,-38.58043],[-58.72685,-38.58092],[-58.72753,-38.57981],[-58.72821,-38.5787],[-58.72684,-38.57819],[-58.7262,-38.57931],[-58.72553,-38.58043]]]]}},{"type":"Feature","properties":{"radio":"065811807","tipo":"Urbano","poblacion":471,"hogares":246,"pct_nbi":2.8,"pct_hacinamiento":1.6,"pct_sin_agua_red":3.7,"pct_sin_cloaca":0.4,"pct_garrafa_lena":2.0,"pct_solo_salud_publica":26.3,"pct_0a17":20.0,"pct_70ymas":20.6,"nbi":"2,5 a 5 %"},"geometry":{"type":"MultiPolygon","coordinates":[[[[-58.72553,-38.5777],[-58.72484,-38.5788],[-58.7262,-38.57931],[-58.72684,-38.57819],[-58.72821,-38.5787],[-58.7296,-38.57921],[-58.73034,-38.57803],[-58.73021,-38.57798],[-58.7296,-38.57776],[-58.72894,-38.57751],[-58.72753,-38.57698],[-58.72722,-38.57687],[-58.72628,-38.57651],[-58.72553,-38.5777]]]]}},{"type":"Feature","properties":{"radio":"065811808","tipo":"Urbano","poblacion":354,"hogares":218,"pct_nbi":0.9,"pct_hacinamiento":1.8,"pct_sin_agua_red":2.3,"pct_sin_cloaca":0.9,"pct_garrafa_lena":2.3,"pct_solo_salud_publica":16.9,"pct_0a17":13.8,"pct_70ymas":24.9,"nbi":"Menos de 2,5 %"},"geometry":{"type":"MultiPolygon","coordinates":[[[[-58.72823,-38.58144],[-58.72952,-38.58192],[-58.72986,-38.58137],[-58.73021,-38.58081],[-58.72891,-38.58032],[-58.7296,-38.57921],[-58.72821,-38.5787],[-58.72753,-38.57981],[-58.72685,-38.58092],[-58.72823,-38.58144]]]]}},{"type":"Feature","properties":{"radio":"065811809","tipo":"Urbano","poblacion":235,"hogares":142,"pct_nbi":2.8,"pct_hacinamiento":3.5,"pct_sin_agua_red":2.8,"pct_sin_cloaca":2.1,"pct_garrafa_lena":0.7,"pct_solo_salud_publica":22.1,"pct_0a17":12.8,"pct_70ymas":14.5,"nbi":"2,5 a 5 %"},"geometry":{"type":"MultiPolygon","coordinates":[[[[-58.72606,-38.58222],[-58.72744,-38.58274],[-58.72823,-38.58144],[-58.72685,-38.58092],[-58.72606,-38.58222]]]]}},{"type":"Feature","properties":{"radio":"065811810","tipo":"Urbano","poblacion":196,"hogares":107,"pct_nbi":4.7,"pct_hacinamiento":2.8,"pct_sin_agua_red":5.6,"pct_sin_cloaca":0.0,"pct_garrafa_lena":0.0,"pct_solo_salud_publica":22.4,"pct_0a17":14.8,"pct_70ymas":18.9,"nbi":"2,5 a 5 %"},"geometry":{"type":"MultiPolygon","coordinates":[[[[-58.72475,-38.58173],[-58.72606,-38.58222],[-58.72685,-38.58092],[-58.72553,-38.58043],[-58.72485,-38.58157],[-58.72475,-38.58173]]]]}},{"type":"Feature","properties":{"radio":"065811901","tipo":"Urbano","poblacion":212,"hogares":81,"pct_nbi":8.6,"pct_hacinamiento":8.6,"pct_sin_agua_red":60.5,"pct_sin_cloaca":87.7,"pct_garrafa_lena":81.5,"pct_solo_salud_publica":46.7,"pct_0a17":29.7,"pct_70ymas":8.5,"nbi":"5 a 10 %"},"geometry":{"type":"MultiPolygon","coordinates":[[[[-58.67956,-38.55587],[-58.67584,-38.55876],[-58.67538,-38.55853],[-58.66922,-38.55632],[-58.66465,-38.55469],[-58.66368,-38.55434],[-58.66137,-38.55352],[-58.66122,-38.55346],[-58.65335,-38.55065],[-58.65177,-38.55008],[-58.64874,-38.54899],[-58.64743,-38.54852],[-58.64734,-38.54849],[-58.64673,-38.54827],[-58.64556,-38.54785],[-58.64459,-38.54751],[-58.64378,-38.54814],[-58.64243,-38.54919],[-58.64118,-38.55017],[-58.63982,-38.55123],[-58.63896,-38.55194],[-58.63886,-38.55203],[-58.63854,-38.55234],[-58.63791,-38.55284],[-58.6378,-38.55291],[-58.6377,-38.55296],[-58.63758,-38.55298],[-58.63743,-38.553],[-58.6373,-38.55298],[-58.63715,-38.55294],[-58.63687,-38.55286],[-58.63672,-38.55283],[-58.63651,-38.5528],[-58.63632,-38.5528],[-58.6361,-38.55281],[-58.63569,-38.55285],[-58.6351,-38.55291],[-58.63499,-38.55294],[-58.63493,-38.55296],[-58.63483,-38.55299],[-58.63478,-38.55301],[-58.63439,-38.55318],[-58.63357,-38.55353],[-58.63337,-38.55363],[-58.63324,-38.55373],[-58.63315,-38.55381],[-58.63304,-38.55389],[-58.63288,-38.55398],[-58.63255,-38.55416],[-58.63241,-38.55425],[-58.63232,-38.55434],[-58.63226,-38.55443],[-58.63218,-38.55459],[-58.63204,-38.55495],[-58.63195,-38.55515],[-58.63184,-38.55546],[-58.63177,-38.55569],[-58.6317,-38.55604],[-58.63168,-38.55617],[-58.63165,-38.55628],[-58.63161,-38.55639],[-58.63157,-38.55654],[-58.63156,-38.55673],[-58.63157,-38.55697],[-58.63159,-38.55717],[-58.63158,-38.55733],[-58.63154,-38.55758],[-58.63153,-38.55765],[-58.63155,-38.5578],[-58.63157,-38.55794],[-58.63161,-38.5581],[-58.63167,-38.5583],[-58.6317,-38.55841],[-58.63171,-38.55851],[-58.63171,-38.55856],[-58.63138,-38.5588],[-58.63153,-38.55898],[-58.63205,-38.55938],[-58.63155,-38.55983],[-58.63141,-38.56019],[-58.63141,-38.5602],[-58.6314,-38.56028],[-58.63137,-38.56039],[-58.63136,-38.56052],[-58.63133,-38.56064],[-58.6313,-38.56076],[-58.63126,-38.56094],[-58.63123,-38.56105],[-58.63113,-38.56119],[-58.63102,-38.56129],[-58.63062,-38.56155],[-58.62948,-38.56245],[-58.62935,-38.56255],[-58.62889,-38.56304],[-58.62967,-38.56315],[-58.63027,-38.56322],[-58.63094,-38.56331],[-58.63168,-38.56342],[-58.63185,-38.56343],[-58.63231,-38.56346],[-58.63262,-38.56354],[-58.63296,-38.56373],[-58.63327,-38.56383],[-58.63397,-38.56394],[-58.63416,-38.5638],[-58.63831,-38.56468],[-58.63967,-38.56501],[-58.64102,-38.56535],[-58.64191,-38.56564],[-58.64411,-38.56634],[-58.64448,-38.56646],[-58.64617,-38.56673],[-58.64656,-38.56679],[-58.64811,-38.56717],[-58.64853,-38.56732],[-58.6489,-38.56745],[-58.65085,-38.56785],[-58.65165,-38.56801],[-58.6519,-38.56809],[-58.6526,-38.56837],[-58.65294,-38.56846],[-58.65461,-38.5689],[-58.65486,-38.56893],[-58.65505,-38.56899],[-58.65618,-38.5694],[-58.65711,-38.5697],[-58.65771,-38.56977],[-58.65968,-38.57002],[-58.65999,-38.57004],[-58.66166,-38.57017],[-58.6617,-38.56993],[-58.66176,-38.56956],[-58.66178,-38.56946],[-58.66196,-38.56837],[-58.66207,-38.56764],[-58.66224,-38.56686],[-58.66244,-38.56617],[-58.66246,-38.56585],[-58.66251,-38.56573],[-58.6641,-38.56602],[-58.66531,-38.56624],[-58.66652,-38.56645],[-58.6671,-38.56656],[-58.66772,-38.56667],[-58.66934,-38.56696],[-58.66941,-38.56698],[-58.67089,-38.56724],[-58.67221,-38.56748],[-58.67742,-38.56843],[-58.67733,-38.56877],[-58.67863,-38.56897],[-58.67993,-38.56917],[-58.68172,-38.56944],[-58.68229,-38.569],[-58.68537,-38.56657],[-58.68608,-38.56601],[-58.68669,-38.56553],[-58.68732,-38.56504],[-58.68793,-38.56456],[-58.68855,-38.56407],[-58.68915,-38.56359],[-58.69008,-38.56435],[-58.69038,-38.5646],[-58.69102,-38.56512],[-58.69196,-38.5644],[-58.69204,-38.56434],[-58.69294,-38.56365],[-58.6939,-38.56291],[-58.69486,-38.56217],[-58.6968,-38.56069],[-58.69776,-38.55995],[-58.69872,-38.55922],[-58.69873,-38.55921],[-58.69968,-38.55848],[-58.70063,-38.55776],[-58.70152,-38.55708],[-58.69964,-38.55555],[-58.69778,-38.55404],[-58.69685,-38.55328],[-58.69585,-38.55247],[-58.69392,-38.55091],[-58.69204,-38.5494],[-58.69007,-38.5478],[-58.68823,-38.5492],[-58.68529,-38.55144],[-58.68253,-38.55358],[-58.68248,-38.55371],[-58.68245,-38.55379],[-58.6824,-38.55386],[-58.68229,-38.55396],[-58.68134,-38.55466],[-58.68102,-38.55483],[-58.68078,-38.55496],[-58.68052,-38.55513],[-58.68021,-38.55535],[-58.67956,-38.55587]]]]}},{"type":"Feature","properties":{"radio":"065811902","tipo":"Urbano","poblacion":141,"hogares":66,"pct_nbi":0.0,"pct_hacinamiento":3.0,"pct_sin_agua_red":50.0,"pct_sin_cloaca":40.9,"pct_garrafa_lena":39.4,"pct_solo_salud_publica":24.8,"pct_0a17":22.7,"pct_70ymas":12.1,"nbi":"Menos de 2,5 %"},"geometry":{"type":"MultiPolygon","coordinates":[[[[-58.68229,-38.569],[-58.68172,-38.56944],[-58.67993,-38.56917],[-58.67863,-38.56897],[-58.67733,-38.56877],[-58.67671,-38.56867],[-58.67608,-38.56854],[-58.67582,-38.56964],[-58.67582,-38.56964],[-58.67554,-38.57063],[-58.67525,-38.57169],[-58.67493,-38.57164],[-58.67436,-38.57158],[-58.67391,-38.57148],[-58.6735,-38.57139],[-58.67252,-38.57121],[-58.67194,-38.5711],[-58.67128,-38.57097],[-58.67101,-38.57092],[-58.67016,-38.57081],[-58.66997,-38.57076],[-58.66939,-38.57062],[-58.66868,-38.57046],[-58.66854,-38.57043],[-58.66749,-38.57033],[-58.66615,-38.57033],[-58.66571,-38.5702],[-58.6651,-38.57028],[-58.66415,-38.57018],[-58.66379,-38.57013],[-58.66336,-38.57006],[-58.66284,-38.57003],[-58.66212,-38.56997],[-58.6617,-38.56993],[-58.66166,-38.57017],[-58.66415,-38.57052],[-58.66578,-38.57054],[-58.66736,-38.57056],[-58.6685,-38.57067],[-58.66864,-38.5707],[-58.66992,-38.57093],[-58.67051,-38.57104],[-58.67123,-38.57118],[-58.67246,-38.57142],[-58.67278,-38.57148],[-58.67385,-38.57173],[-58.67452,-38.57188],[-58.67677,-38.57246],[-58.67866,-38.57282],[-58.68046,-38.57312],[-58.68113,-38.5726],[-58.68219,-38.5718],[-58.68291,-38.57124],[-58.68403,-38.5704],[-58.68516,-38.56954],[-58.6863,-38.56868],[-58.68679,-38.56831],[-58.68719,-38.56801],[-58.68738,-38.56787],[-58.68789,-38.56748],[-58.68851,-38.56701],[-58.68916,-38.56652],[-58.68979,-38.56605],[-58.69041,-38.56558],[-58.69102,-38.56512],[-58.69038,-38.5646],[-58.69008,-38.56435],[-58.68915,-38.56359],[-58.68855,-38.56407],[-58.68793,-38.56456],[-58.68732,-38.56504],[-58.68669,-38.56553],[-58.68608,-38.56601],[-58.68537,-38.56657],[-58.68229,-38.569]]]]}},{"type":"Feature","properties":{"radio":"065811903","tipo":"Urbano","poblacion":280,"hogares":120,"pct_nbi":0.8,"pct_hacinamiento":0.8,"pct_sin_agua_red":10.0,"pct_sin_cloaca":25.0,"pct_garrafa_lena":29.2,"pct_solo_salud_publica":25.7,"pct_0a17":21.1,"pct_70ymas":12.5,"nbi":"Menos de 2,5 %"},"geometry":{"type":"MultiPolygon","coordinates":[[[[-58.68516,-38.56954],[-58.68403,-38.5704],[-58.68291,-38.57124],[-58.68219,-38.5718],[-58.68113,-38.5726],[-58.68263,-38.57282],[-58.68373,-38.57296],[-58.68505,-38.57314],[-58.68638,-38.57332],[-58.68681,-38.57212],[-58.68718,-38.5711],[-58.68754,-38.57009],[-58.68883,-38.57038],[-58.69017,-38.57067],[-58.69055,-38.56966],[-58.69094,-38.56864],[-58.6913,-38.56768],[-58.69199,-38.56589],[-58.69102,-38.56512],[-58.69041,-38.56558],[-58.68979,-38.56605],[-58.68916,-38.56652],[-58.68851,-38.56701],[-58.68789,-38.56748],[-58.68738,-38.56787],[-58.68719,-38.56801],[-58.68679,-38.56831],[-58.6863,-38.56868],[-58.68516,-38.56954]]]]}},{"type":"Feature","properties":{"radio":"065811904","tipo":"Urbano","poblacion":545,"hogares":218,"pct_nbi":2.3,"pct_hacinamiento":4.6,"pct_sin_agua_red":12.8,"pct_sin_cloaca":26.6,"pct_garrafa_lena":32.1,"pct_solo_salud_publica":34.5,"pct_0a17":27.7,"pct_70ymas":7.5,"nbi":"Menos de 2,5 %"},"geometry":{"type":"MultiPolygon","coordinates":[[[[-58.6913,-38.56768],[-58.69094,-38.56864],[-58.69055,-38.56966],[-58.69017,-38.57067],[-58.69135,-38.57094],[-58.69248,-38.57119],[-58.6936,-38.57143],[-58.69324,-38.57245],[-58.69287,-38.57348],[-58.69265,-38.57402],[-58.69384,-38.57418],[-58.69499,-38.5743],[-58.69493,-38.57433],[-58.69441,-38.57538],[-58.69361,-38.57695],[-58.69429,-38.57739],[-58.69548,-38.57852],[-58.69673,-38.58003],[-58.69658,-38.57702],[-58.69866,-38.57696],[-58.70042,-38.58007],[-58.70079,-38.57976],[-58.70218,-38.57875],[-58.70224,-38.57683],[-58.70229,-38.57475],[-58.7023,-38.57447],[-58.70231,-38.5741],[-58.70145,-38.57343],[-58.70127,-38.5733],[-58.70084,-38.57301],[-58.70049,-38.57278],[-58.69954,-38.57201],[-58.69861,-38.57125],[-58.69769,-38.57051],[-58.69673,-38.56973],[-58.6958,-38.56898],[-58.69498,-38.56831],[-58.69303,-38.56672],[-58.69199,-38.56589],[-58.6913,-38.56768]]]]}},{"type":"Feature","properties":{"radio":"065811905","tipo":"Urbano","poblacion":1288,"hogares":394,"pct_nbi":8.1,"pct_hacinamiento":13.5,"pct_sin_agua_red":7.6,"pct_sin_cloaca":18.0,"pct_garrafa_lena":44.2,"pct_solo_salud_publica":57.0,"pct_0a17":33.5,"pct_70ymas":4.5,"nbi":"5 a 10 %"},"geometry":{"type":"MultiPolygon","coordinates":[[[[-58.69294,-38.56365],[-58.69204,-38.56434],[-58.69196,-38.5644],[-58.69102,-38.56512],[-58.69199,-38.56589],[-58.69303,-38.56672],[-58.69498,-38.56831],[-58.6958,-38.56898],[-58.69673,-38.56973],[-58.69766,-38.56903],[-58.69866,-38.56827],[-58.69963,-38.56753],[-58.70059,-38.5668],[-58.70155,-38.56606],[-58.70238,-38.56536],[-58.70238,-38.56525],[-58.70272,-38.56526],[-58.70273,-38.56516],[-58.70349,-38.56458],[-58.70275,-38.56387],[-58.70275,-38.56379],[-58.7024,-38.56378],[-58.70242,-38.56238],[-58.70161,-38.56307],[-58.70065,-38.5638],[-58.69972,-38.56305],[-58.69879,-38.5623],[-58.69831,-38.56192],[-58.69776,-38.56147],[-58.6968,-38.56069],[-58.69486,-38.56217],[-58.6939,-38.56291],[-58.69294,-38.56365]]]]}},{"type":"Feature","properties":{"radio":"065811906","tipo":"Urbano","poblacion":627,"hogares":190,"pct_nbi":6.8,"pct_hacinamiento":16.3,"pct_sin_agua_red":4.7,"pct_sin_cloaca":86.8,"pct_garrafa_lena":78.9,"pct_solo_salud_publica":59.6,"pct_0a17":36.7,"pct_70ymas":4.6,"nbi":"5 a 10 %"},"geometry":{"type":"MultiPolygon","coordinates":[[[[-58.7027,-38.55617],[-58.70162,-38.55699],[-58.70152,-38.55708],[-58.70063,-38.55776],[-58.69968,-38.55848],[-58.69873,-38.55921],[-58.69872,-38.55922],[-58.69776,-38.55995],[-58.6968,-38.56069],[-58.69776,-38.56147],[-58.69831,-38.56192],[-58.69879,-38.5623],[-58.69972,-38.56305],[-58.70065,-38.5638],[-58.70161,-38.56307],[-58.70242,-38.56238],[-58.70242,-38.56216],[-58.70244,-38.56087],[-58.70245,-38.56076],[-58.70281,-38.56077],[-58.70282,-38.56068],[-58.70357,-38.5601],[-58.70365,-38.56004],[-58.70371,-38.55999],[-58.70459,-38.55932],[-58.7056,-38.55855],[-58.70657,-38.55781],[-58.70752,-38.55708],[-58.70849,-38.55633],[-58.70946,-38.55558],[-58.70852,-38.55483],[-58.70754,-38.55405],[-58.70652,-38.55324],[-58.70557,-38.55397],[-58.70459,-38.55472],[-58.70363,-38.55545],[-58.70356,-38.55551],[-58.70342,-38.55562],[-58.7027,-38.55617]]]]}},{"type":"Feature","properties":{"radio":"065811907","tipo":"Urbano","poblacion":532,"hogares":179,"pct_nbi":6.1,"pct_hacinamiento":10.6,"pct_sin_agua_red":2.2,"pct_sin_cloaca":62.6,"pct_garrafa_lena":79.3,"pct_solo_salud_publica":53.0,"pct_0a17":31.0,"pct_70ymas":3.2,"nbi":"5 a 10 %"},"geometry":{"type":"MultiPolygon","coordinates":[[[[-58.70652,-38.55324],[-58.70754,-38.55405],[-58.70852,-38.55483],[-58.70946,-38.55558],[-58.71047,-38.55481],[-58.71148,-38.55404],[-58.71244,-38.5533],[-58.71341,-38.55255],[-58.71247,-38.5518],[-58.71148,-38.55101],[-58.71048,-38.55022],[-58.70953,-38.55095],[-58.70856,-38.55169],[-58.70769,-38.55235],[-58.70756,-38.55245],[-58.70652,-38.55324]]]]}},{"type":"Feature","properties":{"radio":"065811908","tipo":"Urbano","poblacion":1176,"hogares":445,"pct_nbi":2.2,"pct_hacinamiento":4.7,"pct_sin_agua_red":2.7,"pct_sin_cloaca":9.0,"pct_garrafa_lena":20.2,"pct_solo_salud_publica":32.4,"pct_0a17":24.4,"pct_70ymas":12.1,"nbi":"Menos de 2,5 %"},"geometry":{"type":"MultiPolygon","coordinates":[[[[-58.71253,-38.56259],[-58.71296,-38.56294],[-58.71353,-38.56338],[-58.71371,-38.56324],[-58.71412,-38.56306],[-58.71452,-38.56289],[-58.71509,-38.56277],[-58.71561,-38.56272],[-58.71622,-38.56271],[-58.71669,-38.56273],[-58.71724,-38.56278],[-58.71781,-38.56282],[-58.71828,-38.5628],[-58.7187,-38.56275],[-58.719,-38.56267],[-58.71933,-38.5625],[-58.71954,-38.56234],[-58.71965,-38.56221],[-58.71895,-38.56165],[-58.71822,-38.56106],[-58.71798,-38.56087],[-58.71703,-38.5601],[-58.7161,-38.55935],[-58.71516,-38.55859],[-58.71423,-38.55784],[-58.71328,-38.55708],[-58.71234,-38.55633],[-58.7114,-38.55557],[-58.71047,-38.55481],[-58.70946,-38.55558],[-58.70849,-38.55633],[-58.70752,-38.55708],[-58.70657,-38.55781],[-58.7075,-38.55856],[-58.70795,-38.55891],[-58.70844,-38.55931],[-58.70897,-38.55974],[-58.70939,-38.56008],[-58.71032,-38.56083],[-58.71125,-38.56158],[-58.71219,-38.56233],[-58.71253,-38.56259]]]]}},{"type":"Feature","properties":{"radio":"065811909","tipo":"Urbano","poblacion":716,"hogares":251,"pct_nbi":3.6,"pct_hacinamiento":7.2,"pct_sin_agua_red":4.0,"pct_sin_cloaca":21.9,"pct_garrafa_lena":34.7,"pct_solo_salud_publica":49.0,"pct_0a17":27.2,"pct_70ymas":6.1,"nbi":"2,5 a 5 %"},"geometry":{"type":"MultiPolygon","coordinates":[[[[-58.70282,-38.56068],[-58.70281,-38.56077],[-58.70245,-38.56076],[-58.70244,-38.56087],[-58.70242,-38.56216],[-58.70242,-38.56238],[-58.7024,-38.56378],[-58.70275,-38.56379],[-58.70275,-38.56367],[-58.70352,-38.56308],[-58.70444,-38.56234],[-58.70487,-38.56207],[-58.70513,-38.56233],[-58.70538,-38.56257],[-58.70575,-38.56286],[-58.70593,-38.56298],[-58.70622,-38.56315],[-58.7065,-38.56329],[-58.70689,-38.56346],[-58.7077,-38.56381],[-58.70812,-38.56398],[-58.7087,-38.56422],[-58.70937,-38.56448],[-58.71019,-38.56384],[-58.71122,-38.56307],[-58.71219,-38.56233],[-58.71125,-38.56158],[-58.71032,-38.56083],[-58.70939,-38.56008],[-58.70897,-38.55974],[-58.70844,-38.55931],[-58.70795,-38.55891],[-58.7075,-38.55856],[-58.70657,-38.55781],[-58.7056,-38.55855],[-58.70459,-38.55932],[-58.70371,-38.55999],[-58.70365,-38.56004],[-58.70357,-38.5601],[-58.70282,-38.56068]]]]}},{"type":"Feature","properties":{"radio":"065811910","tipo":"Urbano","poblacion":514,"hogares":198,"pct_nbi":3.5,"pct_hacinamiento":6.1,"pct_sin_agua_red":1.0,"pct_sin_cloaca":9.6,"pct_garrafa_lena":28.3,"pct_solo_salud_publica":51.9,"pct_0a17":27.6,"pct_70ymas":8.9,"nbi":"2,5 a 5 %"},"geometry":{"type":"MultiPolygon","coordinates":[[[[-58.70275,-38.56387],[-58.70349,-38.56458],[-58.70443,-38.56535],[-58.70536,-38.56609],[-58.70628,-38.56684],[-58.70723,-38.56761],[-58.70818,-38.56837],[-58.70912,-38.56913],[-58.71006,-38.56988],[-58.71088,-38.57054],[-58.71194,-38.5714],[-58.71272,-38.57203],[-58.71283,-38.57212],[-58.71317,-38.57192],[-58.71372,-38.57153],[-58.71382,-38.57141],[-58.71467,-38.57209],[-58.7148,-38.57191],[-58.71508,-38.5714],[-58.71521,-38.5709],[-58.71526,-38.57039],[-58.71523,-38.56978],[-58.71517,-38.5693],[-58.715,-38.56879],[-58.7148,-38.56838],[-58.71451,-38.56799],[-58.71418,-38.5676],[-58.7138,-38.56714],[-58.71289,-38.56602],[-58.71262,-38.56565],[-58.71247,-38.5653],[-58.71244,-38.56497],[-58.71251,-38.5646],[-58.71269,-38.56421],[-58.71296,-38.56389],[-58.71328,-38.56357],[-58.71353,-38.56338],[-58.71296,-38.56294],[-58.71253,-38.56259],[-58.71219,-38.56233],[-58.71122,-38.56307],[-58.71019,-38.56384],[-58.70937,-38.56448],[-58.7087,-38.56422],[-58.70812,-38.56398],[-58.7077,-38.56381],[-58.70689,-38.56346],[-58.7065,-38.56329],[-58.70622,-38.56315],[-58.70593,-38.56298],[-58.70575,-38.56286],[-58.70538,-38.56257],[-58.70513,-38.56233],[-58.70487,-38.56207],[-58.70444,-38.56234],[-58.70352,-38.56308],[-58.70275,-38.56367],[-58.70275,-38.56379],[-58.70275,-38.56387]]]]}},{"type":"Feature","properties":{"radio":"065811911","tipo":"Urbano","poblacion":646,"hogares":258,"pct_nbi":1.6,"pct_hacinamiento":5.0,"pct_sin_agua_red":4.3,"pct_sin_cloaca":7.8,"pct_garrafa_lena":25.6,"pct_solo_salud_publica":39.3,"pct_0a17":22.9,"pct_70ymas":8.4,"nbi":"Menos de 2,5 %"},"geometry":{"type":"MultiPolygon","coordinates":[[[[-58.70273,-38.56516],[-58.70272,-38.56526],[-58.70238,-38.56525],[-58.70238,-38.56536],[-58.70155,-38.56606],[-58.70059,-38.5668],[-58.69963,-38.56753],[-58.69866,-38.56827],[-58.69766,-38.56903],[-58.69673,-38.56973],[-58.69769,-38.57051],[-58.69861,-38.57125],[-58.69954,-38.57201],[-58.70049,-38.57278],[-58.70084,-38.57301],[-58.70127,-38.5733],[-58.70145,-38.57343],[-58.70231,-38.5741],[-58.70231,-38.57409],[-58.7025,-38.57413],[-58.70259,-38.57284],[-58.70259,-38.57259],[-58.70264,-38.57113],[-58.70264,-38.56987],[-58.70262,-38.56962],[-58.70339,-38.56906],[-58.70436,-38.56832],[-58.70532,-38.56758],[-58.70628,-38.56684],[-58.70536,-38.56609],[-58.70443,-38.56535],[-58.70349,-38.56458],[-58.70273,-38.56516]]]]}},{"type":"Feature","properties":{"radio":"065811912","tipo":"Urbano","poblacion":753,"hogares":280,"pct_nbi":3.9,"pct_hacinamiento":9.3,"pct_sin_agua_red":0.7,"pct_sin_cloaca":9.6,"pct_garrafa_lena":30.7,"pct_solo_salud_publica":46.1,"pct_0a17":28.2,"pct_70ymas":9.3,"nbi":"2,5 a 5 %"},"geometry":{"type":"MultiPolygon","coordinates":[[[[-58.70264,-38.57113],[-58.70259,-38.57259],[-58.70259,-38.57284],[-58.7025,-38.57413],[-58.70231,-38.57409],[-58.70231,-38.5741],[-58.7023,-38.57447],[-58.70229,-38.57475],[-58.70224,-38.57683],[-58.70218,-38.57875],[-58.70332,-38.57793],[-58.70447,-38.5772],[-58.70553,-38.57674],[-58.70688,-38.57633],[-58.71084,-38.57521],[-58.71244,-38.57428],[-58.71337,-38.57365],[-58.7143,-38.5726],[-58.71467,-38.57209],[-58.71382,-38.57141],[-58.71372,-38.57153],[-58.71317,-38.57192],[-58.71283,-38.57212],[-58.71272,-38.57203],[-58.71194,-38.5714],[-58.71088,-38.57054],[-58.71006,-38.56988],[-58.70912,-38.56913],[-58.70818,-38.56837],[-58.70723,-38.56761],[-58.70628,-38.56684],[-58.70532,-38.56758],[-58.70436,-38.56832],[-58.70339,-38.56906],[-58.70262,-38.56962],[-58.70264,-38.56987],[-58.70264,-38.57113]]]]}},{"type":"Feature","properties":{"radio":"065811913","tipo":"Urbano","poblacion":66,"hogares":34,"pct_nbi":8.8,"pct_hacinamiento":5.9,"pct_sin_agua_red":100.0,"pct_sin_cloaca":97.1,"pct_garrafa_lena":88.2,"pct_solo_salud_publica":34.8,"pct_0a17":24.2,"pct_70ymas":10.6,"nbi":"5 a 10 %"},"geometry":{"type":"MultiPolygon","coordinates":[[[[-58.63279,-38.55267],[-58.63221,-38.55293],[-58.63191,-38.55311],[-58.63161,-38.55335],[-58.63148,-38.55348],[-58.63134,-38.55366],[-58.63115,-38.55394],[-58.63102,-38.55411],[-58.63091,-38.55427],[-58.63089,-38.55429],[-58.63076,-38.5544],[-58.63044,-38.55468],[-58.63008,-38.55498],[-58.63,-38.55506],[-58.62998,-38.55513],[-58.63,-38.5552],[-58.63006,-38.55525],[-58.6262,-38.55802],[-58.62344,-38.56002],[-58.62118,-38.56164],[-58.62173,-38.56179],[-58.62309,-38.56204],[-58.62435,-38.56223],[-58.62518,-38.56246],[-58.62601,-38.56266],[-58.62639,-38.56271],[-58.6278,-38.56289],[-58.62834,-38.56296],[-58.62889,-38.56304],[-58.62935,-38.56255],[-58.62948,-38.56245],[-58.63062,-38.56155],[-58.63102,-38.56129],[-58.63113,-38.56119],[-58.63123,-38.56105],[-58.63126,-38.56094],[-58.6313,-38.56076],[-58.63133,-38.56064],[-58.63136,-38.56052],[-58.63137,-38.56039],[-58.6314,-38.56028],[-58.63141,-38.5602],[-58.63141,-38.56019],[-58.63155,-38.55983],[-58.63205,-38.55938],[-58.63153,-38.55898],[-58.63138,-38.5588],[-58.63171,-38.55856],[-58.63171,-38.55851],[-58.6317,-38.55841],[-58.63167,-38.5583],[-58.63161,-38.5581],[-58.63157,-38.55794],[-58.63155,-38.5578],[-58.63153,-38.55765],[-58.63154,-38.55758],[-58.63158,-38.55733],[-58.63159,-38.55717],[-58.63157,-38.55697],[-58.63156,-38.55673],[-58.63157,-38.55654],[-58.63161,-38.55639],[-58.63165,-38.55628],[-58.63168,-38.55617],[-58.6317,-38.55604],[-58.63177,-38.55569],[-58.63184,-38.55546],[-58.63195,-38.55515],[-58.63204,-38.55495],[-58.63218,-38.55459],[-58.63226,-38.55443],[-58.63232,-38.55434],[-58.63241,-38.55425],[-58.63255,-38.55416],[-58.63288,-38.55398],[-58.63304,-38.55389],[-58.63315,-38.55381],[-58.63324,-38.55373],[-58.63337,-38.55363],[-58.63357,-38.55353],[-58.63439,-38.55318],[-58.63478,-38.55301],[-58.63483,-38.55299],[-58.63493,-38.55296],[-58.63499,-38.55294],[-58.6351,-38.55291],[-58.63569,-38.55285],[-58.6361,-38.55281],[-58.63632,-38.5528],[-58.63651,-38.5528],[-58.63672,-38.55283],[-58.63687,-38.55286],[-58.63715,-38.55294],[-58.6373,-38.55298],[-58.63743,-38.553],[-58.63758,-38.55298],[-58.6377,-38.55296],[-58.6378,-38.55291],[-58.63791,-38.55284],[-58.63854,-38.55234],[-58.63886,-38.55203],[-58.63896,-38.55194],[-58.63982,-38.55123],[-58.64118,-38.55017],[-58.64243,-38.54919],[-58.64378,-38.54814],[-58.64459,-38.54751],[-58.64159,-38.54644],[-58.63656,-38.55026],[-58.63649,-38.55032],[-58.63625,-38.55032],[-58.63611,-38.55036],[-58.63592,-38.55043],[-58.63535,-38.55075],[-58.63519,-38.55087],[-58.635,-38.551],[-58.63494,-38.55104],[-58.63489,-38.55108],[-58.63484,-38.55111],[-58.63463,-38.55123],[-58.6343,-38.55141],[-58.63409,-38.55153],[-58.63394,-38.55166],[-58.63382,-38.55179],[-58.63374,-38.5519],[-58.63358,-38.55217],[-58.6335,-38.55225],[-58.63338,-38.55235],[-58.6332,-38.55245],[-58.63279,-38.55267]]]]}},{"type":"Feature","properties":{"radio":"065811914","tipo":"Urbano","poblacion":135,"hogares":58,"pct_nbi":1.7,"pct_hacinamiento":0.0,"pct_sin_agua_red":86.2,"pct_sin_cloaca":29.3,"pct_garrafa_lena":19.0,"pct_solo_salud_publica":18.5,"pct_0a17":25.9,"pct_70ymas":6.7,"nbi":"Menos de 2,5 %"},"geometry":{"type":"MultiPolygon","coordinates":[[[[-58.66196,-38.56837],[-58.66178,-38.56946],[-58.66176,-38.56956],[-58.6617,-38.56993],[-58.66212,-38.56997],[-58.66284,-38.57003],[-58.66336,-38.57006],[-58.66379,-38.57013],[-58.66415,-38.57018],[-58.6651,-38.57028],[-58.66571,-38.5702],[-58.66615,-38.57033],[-58.66749,-38.57033],[-58.66854,-38.57043],[-58.66868,-38.57046],[-58.66939,-38.57062],[-58.66997,-38.57076],[-58.67016,-38.57081],[-58.67101,-38.57092],[-58.67128,-38.57097],[-58.67194,-38.5711],[-58.67252,-38.57121],[-58.6735,-38.57139],[-58.67391,-38.57148],[-58.67436,-38.57158],[-58.67493,-38.57164],[-58.67525,-38.57169],[-58.67554,-38.57063],[-58.67582,-38.56964],[-58.67582,-38.56964],[-58.67608,-38.56854],[-58.67671,-38.56867],[-58.67733,-38.56877],[-58.67742,-38.56843],[-58.67221,-38.56748],[-58.67089,-38.56724],[-58.66941,-38.56698],[-58.66934,-38.56696],[-58.66772,-38.56667],[-58.6671,-38.56656],[-58.66652,-38.56645],[-58.66531,-38.56624],[-58.6641,-38.56602],[-58.66251,-38.56573],[-58.66246,-38.56585],[-58.66244,-38.56617],[-58.66224,-38.56686],[-58.66207,-38.56764],[-58.66196,-38.56837]]]]}},{"type":"Feature","properties":{"radio":"065811915","tipo":"Urbano","poblacion":257,"hogares":110,"pct_nbi":0.0,"pct_hacinamiento":1.8,"pct_sin_agua_red":4.5,"pct_sin_cloaca":7.3,"pct_garrafa_lena":13.6,"pct_solo_salud_publica":25.3,"pct_0a17":21.0,"pct_70ymas":9.7,"nbi":"Menos de 2,5 %"},"geometry":{"type":"MultiPolygon","coordinates":[[[[-58.68681,-38.57212],[-58.68638,-38.57332],[-58.68505,-38.57314],[-58.68373,-38.57296],[-58.68263,-38.57282],[-58.68113,-38.5726],[-58.68046,-38.57312],[-58.68077,-38.57317],[-58.68317,-38.57345],[-58.685,-38.57373],[-58.6853,-38.57378],[-58.68735,-38.57418],[-58.68782,-38.57431],[-58.68917,-38.57468],[-58.69049,-38.57521],[-58.69102,-38.57542],[-58.69153,-38.57571],[-58.69216,-38.57606],[-58.69278,-38.57642],[-58.69361,-38.57695],[-58.69441,-38.57538],[-58.69493,-38.57433],[-58.69499,-38.5743],[-58.69384,-38.57418],[-58.69265,-38.57402],[-58.69287,-38.57348],[-58.69324,-38.57245],[-58.6936,-38.57143],[-58.69248,-38.57119],[-58.69135,-38.57094],[-58.69017,-38.57067],[-58.68883,-38.57038],[-58.68754,-38.57009],[-58.68718,-38.5711],[-58.68681,-38.57212]]]]}},{"type":"Feature","properties":{"radio":"065812001","tipo":"Urbano","poblacion":1051,"hogares":372,"pct_nbi":2.7,"pct_hacinamiento":2.2,"pct_sin_agua_red":1.1,"pct_sin_cloaca":1.9,"pct_garrafa_lena":13.2,"pct_solo_salud_publica":32.4,"pct_0a17":25.0,"pct_70ymas":13.4,"nbi":"2,5 a 5 %"},"geometry":{"type":"MultiPolygon","coordinates":[[[[-58.76962,-38.54326],[-58.76834,-38.54425],[-58.76787,-38.54462],[-58.76775,-38.54471],[-58.76743,-38.54495],[-58.76698,-38.5453],[-58.7664,-38.54575],[-58.7669,-38.54615],[-58.76734,-38.54651],[-58.76829,-38.54728],[-58.76887,-38.54684],[-58.76933,-38.54647],[-58.76947,-38.54658],[-58.76991,-38.54625],[-58.76951,-38.54592],[-58.76997,-38.54555],[-58.7704,-38.54589],[-58.77067,-38.54571],[-58.77097,-38.54548],[-58.77145,-38.54511],[-58.77114,-38.54483],[-58.7716,-38.54447],[-58.77176,-38.5446],[-58.77217,-38.54428],[-58.77409,-38.54581],[-58.77473,-38.54531],[-58.77534,-38.54485],[-58.77594,-38.54438],[-58.77655,-38.54391],[-58.77712,-38.54347],[-58.77872,-38.54223],[-58.77497,-38.5392],[-58.77027,-38.54277],[-58.76962,-38.54326]]]]}},{"type":"Feature","properties":{"radio":"065812002","tipo":"Urbano","poblacion":971,"hogares":360,"pct_nbi":0.6,"pct_hacinamiento":0.6,"pct_sin_agua_red":0.8,"pct_sin_cloaca":1.1,"pct_garrafa_lena":3.9,"pct_solo_salud_publica":27.5,"pct_0a17":23.5,"pct_70ymas":13.7,"nbi":"Menos de 2,5 %"},"geometry":{"type":"MultiPolygon","coordinates":[[[[-58.77217,-38.54428],[-58.77176,-38.5446],[-58.7716,-38.54447],[-58.77114,-38.54483],[-58.77145,-38.54511],[-58.77097,-38.54548],[-58.77067,-38.54571],[-58.7704,-38.54589],[-58.76997,-38.54555],[-58.76951,-38.54592],[-58.76991,-38.54625],[-58.76947,-38.54658],[-58.76933,-38.54647],[-58.76887,-38.54684],[-58.76829,-38.54728],[-58.76876,-38.54766],[-58.7692,-38.54803],[-58.76925,-38.54807],[-58.76965,-38.54838],[-58.77019,-38.54882],[-58.77117,-38.54806],[-58.77199,-38.54743],[-58.77215,-38.54756],[-58.77292,-38.54817],[-58.77368,-38.54878],[-58.77384,-38.54891],[-58.77395,-38.54899],[-58.77399,-38.54903],[-58.7748,-38.54967],[-58.77557,-38.55028],[-58.77581,-38.55009],[-58.77605,-38.5503],[-58.7779,-38.54889],[-58.77597,-38.54732],[-58.77409,-38.54581],[-58.77217,-38.54428]]]]}},{"type":"Feature","properties":{"radio":"065812003","tipo":"Urbano","poblacion":1134,"hogares":368,"pct_nbi":0.8,"pct_hacinamiento":2.7,"pct_sin_agua_red":0.0,"pct_sin_cloaca":0.3,"pct_garrafa_lena":1.9,"pct_solo_salud_publica":21.1,"pct_0a17":33.3,"pct_70ymas":3.4,"nbi":"Menos de 2,5 %"},"geometry":{"type":"MultiPolygon","coordinates":[[[[-58.7711,-38.54955],[-58.7721,-38.55035],[-58.774,-38.55188],[-58.77498,-38.55113],[-58.77605,-38.5503],[-58.77581,-38.55009],[-58.77557,-38.55028],[-58.7748,-38.54967],[-58.77399,-38.54903],[-58.77395,-38.54899],[-58.77384,-38.54891],[-58.77368,-38.54878],[-58.77292,-38.54817],[-58.77215,-38.54756],[-58.77199,-38.54743],[-58.77117,-38.54806],[-58.77019,-38.54882],[-58.7706,-38.54915],[-58.7711,-38.54955]]]]}},{"type":"Feature","properties":{"radio":"065812004","tipo":"Urbano","poblacion":288,"hogares":103,"pct_nbi":12.6,"pct_hacinamiento":14.6,"pct_sin_agua_red":40.8,"pct_sin_cloaca":78.6,"pct_garrafa_lena":79.6,"pct_solo_salud_publica":46.2,"pct_0a17":28.8,"pct_70ymas":8.7,"nbi":"10 % o más"},"geometry":{"type":"MultiPolygon","coordinates":[[[[-58.77409,-38.54581],[-58.77597,-38.54732],[-58.7779,-38.54889],[-58.77605,-38.5503],[-58.77498,-38.55113],[-58.774,-38.55188],[-58.7701,-38.55486],[-58.76821,-38.55631],[-58.76629,-38.55778],[-58.76529,-38.55855],[-58.76431,-38.5593],[-58.76378,-38.55971],[-58.76336,-38.56002],[-58.76295,-38.56034],[-58.76238,-38.56078],[-58.76045,-38.56225],[-58.75947,-38.56301],[-58.75849,-38.56375],[-58.75754,-38.56448],[-58.75659,-38.56521],[-58.75562,-38.56595],[-58.75465,-38.56669],[-58.75564,-38.56749],[-58.75657,-38.56823],[-58.75845,-38.56973],[-58.76225,-38.57277],[-58.76609,-38.56975],[-58.76797,-38.56831],[-58.76995,-38.56678],[-58.77382,-38.5638],[-58.77776,-38.56081],[-58.78157,-38.55791],[-58.78552,-38.55491],[-58.79014,-38.5514],[-58.78655,-38.54852],[-58.78257,-38.54527],[-58.78066,-38.54376],[-58.77872,-38.54223],[-58.77712,-38.54347],[-58.77655,-38.54391],[-58.77594,-38.54438],[-58.77534,-38.54485],[-58.77473,-38.54531],[-58.77409,-38.54581]]]]}},{"type":"Feature","properties":{"radio":"065812005","tipo":"Urbano","poblacion":271,"hogares":100,"pct_nbi":7.0,"pct_hacinamiento":9.0,"pct_sin_agua_red":55.0,"pct_sin_cloaca":88.0,"pct_garrafa_lena":63.0,"pct_solo_salud_publica":22.1,"pct_0a17":35.1,"pct_70ymas":3.0,"nbi":"5 a 10 %"},"geometry":{"type":"MultiPolygon","coordinates":[[[[-58.75327,-38.57814],[-58.75422,-38.5789],[-58.75521,-38.57814],[-58.75617,-38.5774],[-58.75713,-38.57666],[-58.7581,-38.57591],[-58.75885,-38.57533],[-58.76205,-38.57292],[-58.76225,-38.57277],[-58.75845,-38.56973],[-58.75657,-38.56823],[-58.75564,-38.56749],[-58.75465,-38.56669],[-58.75446,-38.56684],[-58.75439,-38.56689],[-58.75339,-38.56766],[-58.75249,-38.56835],[-58.75156,-38.56906],[-58.75054,-38.56984],[-58.74956,-38.57059],[-58.74861,-38.57132],[-58.74765,-38.57205],[-58.74665,-38.57282],[-58.74761,-38.57359],[-58.74855,-38.57435],[-58.7495,-38.57511],[-58.75045,-38.57588],[-58.75138,-38.57662],[-58.75235,-38.5774],[-58.75327,-38.57814]]]]}},{"type":"Feature","properties":{"radio":"065812006","tipo":"Urbano","poblacion":723,"hogares":256,"pct_nbi":2.0,"pct_hacinamiento":3.1,"pct_sin_agua_red":6.2,"pct_sin_cloaca":14.1,"pct_garrafa_lena":12.1,"pct_solo_salud_publica":17.8,"pct_0a17":29.5,"pct_70ymas":3.7,"nbi":"Menos de 2,5 %"},"geometry":{"type":"MultiPolygon","coordinates":[[[[-58.74657,-38.57885],[-58.74751,-38.5796],[-58.74848,-38.57885],[-58.74944,-38.57811],[-58.7504,-38.57737],[-58.75138,-38.57662],[-58.75045,-38.57588],[-58.7495,-38.57511],[-58.74855,-38.57435],[-58.74761,-38.57359],[-58.74665,-38.57282],[-58.74566,-38.57358],[-58.74469,-38.57433],[-58.74375,-38.57506],[-58.74278,-38.5758],[-58.74376,-38.57659],[-58.7447,-38.57734],[-58.74564,-38.5781],[-58.74657,-38.57885]]]]}},{"type":"Feature","properties":{"radio":"065812007","tipo":"Urbano","poblacion":561,"hogares":206,"pct_nbi":0.5,"pct_hacinamiento":1.0,"pct_sin_agua_red":15.5,"pct_sin_cloaca":26.7,"pct_garrafa_lena":10.2,"pct_solo_salud_publica":15.5,"pct_0a17":30.5,"pct_70ymas":5.9,"nbi":"Menos de 2,5 %"},"geometry":{"type":"MultiPolygon","coordinates":[[[[-58.75316,-38.58411],[-58.7536,-38.58446],[-58.75453,-38.58374],[-58.75549,-38.583],[-58.75643,-38.58227],[-58.75745,-38.58148],[-58.75706,-38.58117],[-58.7568,-38.58096],[-58.75609,-38.58039],[-58.75516,-38.57965],[-58.75422,-38.5789],[-58.75327,-38.57814],[-58.75235,-38.5774],[-58.75138,-38.57662],[-58.7504,-38.57737],[-58.74944,-38.57811],[-58.74848,-38.57885],[-58.74751,-38.5796],[-58.74846,-38.58035],[-58.7494,-38.5811],[-58.75035,-38.58186],[-58.75129,-38.58262],[-58.75223,-38.58336],[-58.75292,-38.58392],[-58.75316,-38.58411]]]]}},{"type":"Feature","properties":{"radio":"065812008","tipo":"Urbano","poblacion":382,"hogares":143,"pct_nbi":2.8,"pct_hacinamiento":5.6,"pct_sin_agua_red":63.6,"pct_sin_cloaca":95.1,"pct_garrafa_lena":62.9,"pct_solo_salud_publica":19.4,"pct_0a17":29.6,"pct_70ymas":3.7,"nbi":"2,5 a 5 %"},"geometry":{"type":"MultiPolygon","coordinates":[[[[-58.76082,-38.58417],[-58.76176,-38.58492],[-58.76276,-38.58414],[-58.7637,-38.58341],[-58.76465,-38.58267],[-58.76557,-38.58196],[-58.76564,-38.58195],[-58.76662,-38.5812],[-58.76762,-38.58043],[-58.76955,-38.57896],[-58.76976,-38.57878],[-58.76783,-38.57723],[-58.76606,-38.57582],[-58.76225,-38.57277],[-58.76205,-38.57292],[-58.75885,-38.57533],[-58.7581,-38.57591],[-58.75713,-38.57666],[-58.75617,-38.5774],[-58.75521,-38.57814],[-58.75422,-38.5789],[-58.75516,-38.57965],[-58.75609,-38.58039],[-58.7568,-38.58096],[-58.75706,-38.58117],[-58.75745,-38.58148],[-58.75799,-38.58191],[-58.75811,-38.582],[-58.75891,-38.58264],[-58.75987,-38.5834],[-58.76082,-38.58417]]]]}},{"type":"Feature","properties":{"radio":"065812009","tipo":"Urbano","poblacion":249,"hogares":91,"pct_nbi":2.2,"pct_hacinamiento":3.3,"pct_sin_agua_red":94.5,"pct_sin_cloaca":94.5,"pct_garrafa_lena":57.1,"pct_solo_salud_publica":18.9,"pct_0a17":34.5,"pct_70ymas":3.2,"nbi":"Menos de 2,5 %"},"geometry":{"type":"MultiPolygon","coordinates":[[[[-58.76837,-38.5902],[-58.76937,-38.591],[-58.77034,-38.59025],[-58.77129,-38.5895],[-58.77222,-38.58878],[-58.77319,-38.58802],[-58.77305,-38.58791],[-58.77406,-38.58715],[-58.77697,-38.58495],[-58.77729,-38.58481],[-58.77441,-38.5825],[-58.77354,-38.58181],[-58.7726,-38.58106],[-58.77164,-38.58029],[-58.77069,-38.57953],[-58.76976,-38.57878],[-58.76955,-38.57896],[-58.76762,-38.58043],[-58.76662,-38.5812],[-58.76564,-38.58195],[-58.76557,-38.58196],[-58.76465,-38.58267],[-58.7637,-38.58341],[-58.76276,-38.58414],[-58.76176,-38.58492],[-58.76266,-38.58564],[-58.76271,-38.58568],[-58.76363,-38.58641],[-58.76455,-38.58714],[-58.76457,-38.58716],[-58.76552,-38.58792],[-58.76647,-38.58868],[-58.76741,-38.58943],[-58.76837,-38.5902]]]]}},{"type":"Feature","properties":{"radio":"065812010","tipo":"Urbano","poblacion":75,"hogares":26,"pct_nbi":7.7,"pct_hacinamiento":7.7,"pct_sin_agua_red":92.3,"pct_sin_cloaca":92.3,"pct_garrafa_lena":88.5,"pct_solo_salud_publica":64.0,"pct_0a17":42.7,"pct_70ymas":4.0,"nbi":"5 a 10 %"},"geometry":{"type":"MultiPolygon","coordinates":[[[[-58.78205,-38.58862],[-58.78487,-38.59088],[-58.78677,-38.58942],[-58.7877,-38.5887],[-58.7887,-38.58794],[-58.78585,-38.58564],[-58.78122,-38.5819],[-58.77828,-38.57953],[-58.77734,-38.57877],[-58.77642,-38.57803],[-58.7755,-38.57728],[-58.77454,-38.57651],[-58.77366,-38.5758],[-58.77755,-38.57281],[-58.78139,-38.56986],[-58.77753,-38.56677],[-58.77568,-38.56529],[-58.77382,-38.5638],[-58.76995,-38.56678],[-58.76797,-38.56831],[-58.76609,-38.56975],[-58.76225,-38.57277],[-58.76606,-38.57582],[-58.76783,-38.57723],[-58.76976,-38.57878],[-58.77069,-38.57953],[-58.77164,-38.58029],[-58.7726,-38.58106],[-58.77354,-38.58181],[-58.77441,-38.5825],[-58.77729,-38.58481],[-58.7811,-38.58786],[-58.78205,-38.58862]]]]}},{"type":"Feature","properties":{"radio":"065812011","tipo":"Rural","poblacion":60,"hogares":22,"pct_nbi":4.5,"pct_hacinamiento":9.1,"pct_sin_agua_red":95.5,"pct_sin_cloaca":95.5,"pct_garrafa_lena":72.7,"pct_solo_salud_publica":48.3,"pct_0a17":28.3,"pct_70ymas":15.0,"nbi":"2,5 a 5 %"},"geometry":{"type":"MultiPolygon","coordinates":[[[[-58.77382,-38.5638],[-58.77568,-38.56529],[-58.77753,-38.56677],[-58.78139,-38.56986],[-58.77755,-38.57281],[-58.77366,-38.5758],[-58.77454,-38.57651],[-58.7755,-38.57728],[-58.77642,-38.57803],[-58.77734,-38.57877],[-58.77828,-38.57953],[-58.78122,-38.5819],[-58.78585,-38.58564],[-58.7887,-38.58794],[-58.78962,-38.58723],[-58.79058,-38.58649],[-58.79156,-38.58573],[-58.79259,-38.58495],[-58.79345,-38.58565],[-58.79446,-38.58646],[-58.79542,-38.58723],[-58.79639,-38.58801],[-58.79732,-38.58875],[-58.79815,-38.58943],[-58.80007,-38.59097],[-58.80373,-38.59392],[-58.80478,-38.59476],[-58.80578,-38.59556],[-58.80679,-38.59637],[-58.80761,-38.59703],[-58.80858,-38.59782],[-58.80949,-38.59855],[-58.81048,-38.59935],[-58.81136,-38.60005],[-58.81237,-38.60086],[-58.81326,-38.60158],[-58.81428,-38.6024],[-58.81515,-38.6031],[-58.81621,-38.60395],[-58.8171,-38.60467],[-58.81809,-38.60547],[-58.81907,-38.60625],[-58.82008,-38.60704],[-58.82095,-38.60772],[-58.82189,-38.60845],[-58.82269,-38.60907],[-58.82366,-38.60834],[-58.82457,-38.60765],[-58.82554,-38.60691],[-58.82654,-38.60616],[-58.82761,-38.60699],[-58.82973,-38.60866],[-58.84595,-38.59616],[-58.83745,-38.58933],[-58.82397,-38.57852],[-58.8127,-38.56952],[-58.8003,-38.55952],[-58.79414,-38.55461],[-58.79014,-38.5514],[-58.78552,-38.55491],[-58.78157,-38.55791],[-58.77776,-38.56081],[-58.77382,-38.5638]]]]}},{"type":"Feature","properties":{"radio":"065812012","tipo":"Urbano","poblacion":74,"hogares":39,"pct_nbi":28.2,"pct_hacinamiento":5.1,"pct_sin_agua_red":97.4,"pct_sin_cloaca":87.2,"pct_garrafa_lena":82.1,"pct_solo_salud_publica":48.6,"pct_0a17":12.2,"pct_70ymas":9.5,"nbi":"10 % o más"},"geometry":{"type":"MultiPolygon","coordinates":[[[[-58.80582,-38.61135],[-58.81112,-38.61347],[-58.81123,-38.6133],[-58.81138,-38.61307],[-58.81393,-38.60909],[-58.81458,-38.60809],[-58.81501,-38.60777],[-58.81608,-38.60697],[-58.81709,-38.60622],[-58.81809,-38.60547],[-58.8171,-38.60467],[-58.81621,-38.60395],[-58.81515,-38.6031],[-58.81428,-38.6024],[-58.81326,-38.60158],[-58.81237,-38.60086],[-58.81136,-38.60005],[-58.81039,-38.60082],[-58.80938,-38.60161],[-58.80845,-38.60235],[-58.80749,-38.60309],[-58.80663,-38.60373],[-58.8053,-38.60471],[-58.80471,-38.60567],[-58.80261,-38.60901],[-58.80234,-38.60942],[-58.80241,-38.60946],[-58.80307,-38.6096],[-58.80341,-38.60967],[-58.80373,-38.60975],[-58.80391,-38.60983],[-58.80407,-38.60995],[-58.80424,-38.6101],[-58.80444,-38.61024],[-58.80462,-38.61042],[-58.80481,-38.61059],[-58.80508,-38.61063],[-58.80544,-38.61066],[-58.80594,-38.61089],[-58.8061,-38.61096],[-58.80582,-38.61135]]]]}},{"type":"Feature","properties":{"radio":"065812013","tipo":"Urbano","poblacion":24,"hogares":9,"nbi":"Menos de 20 hogares"},"geometry":{"type":"MultiPolygon","coordinates":[[[[-58.81458,-38.60809],[-58.81393,-38.60909],[-58.81138,-38.61307],[-58.81123,-38.6133],[-58.81112,-38.61347],[-58.81847,-38.61656],[-58.8191,-38.61616],[-58.8242,-38.61288],[-58.82535,-38.612],[-58.8259,-38.61158],[-58.82672,-38.61096],[-58.82771,-38.6102],[-58.82874,-38.60942],[-58.82973,-38.60866],[-58.82761,-38.60699],[-58.82654,-38.60616],[-58.82554,-38.60691],[-58.82457,-38.60765],[-58.82366,-38.60834],[-58.82269,-38.60907],[-58.82189,-38.60845],[-58.82095,-38.60772],[-58.82008,-38.60704],[-58.81907,-38.60625],[-58.81809,-38.60547],[-58.81709,-38.60622],[-58.81608,-38.60697],[-58.81501,-38.60777],[-58.81458,-38.60809]]]]}},{"type":"Feature","properties":{"radio":"065812101","tipo":"Urbano","poblacion":464,"hogares":177,"pct_nbi":0.6,"pct_hacinamiento":1.7,"pct_sin_agua_red":0.6,"pct_sin_cloaca":1.7,"pct_garrafa_lena":3.4,"pct_solo_salud_publica":8.0,"pct_0a17":25.6,"pct_70ymas":4.5,"nbi":"Menos de 2,5 %"},"geometry":{"type":"MultiPolygon","coordinates":[[[[-58.74372,-38.57958],[-58.74466,-38.58033],[-58.74562,-38.57959],[-58.74657,-38.57885],[-58.74564,-38.5781],[-58.7447,-38.57734],[-58.74376,-38.57659],[-58.74278,-38.5758],[-58.74181,-38.57655],[-58.74086,-38.57728],[-58.74184,-38.57807],[-58.74278,-38.57882],[-58.74372,-38.57958]]]]}},{"type":"Feature","properties":{"radio":"065812102","tipo":"Urbano","poblacion":475,"hogares":199,"pct_nbi":0.0,"pct_hacinamiento":1.5,"pct_sin_agua_red":6.0,"pct_sin_cloaca":5.0,"pct_garrafa_lena":2.5,"pct_solo_salud_publica":9.3,"pct_0a17":24.8,"pct_70ymas":6.1,"nbi":"Menos de 2,5 %"},"geometry":{"type":"MultiPolygon","coordinates":[[[[-58.75117,-38.58557],[-58.75114,-38.58569],[-58.75123,-38.58562],[-58.75218,-38.58487],[-58.75316,-38.58411],[-58.75292,-38.58392],[-58.75223,-38.58336],[-58.75129,-38.58262],[-58.75035,-38.58186],[-58.7494,-38.5811],[-58.74846,-38.58035],[-58.74751,-38.5796],[-58.74657,-38.57885],[-58.74562,-38.57959],[-58.74466,-38.58033],[-58.74561,-38.58108],[-58.74655,-38.58182],[-58.74749,-38.58257],[-58.74843,-38.58334],[-58.74936,-38.5841],[-58.7503,-38.58486],[-58.75117,-38.58557]]]]}},{"type":"Feature","properties":{"radio":"065812103","tipo":"Urbano","poblacion":386,"hogares":158,"pct_nbi":0.0,"pct_hacinamiento":0.6,"pct_sin_agua_red":4.4,"pct_sin_cloaca":2.5,"pct_garrafa_lena":3.2,"pct_solo_salud_publica":10.4,"pct_0a17":20.5,"pct_70ymas":8.5,"nbi":"Menos de 2,5 %"},"geometry":{"type":"MultiPolygon","coordinates":[[[[-58.74985,-38.58522],[-58.75114,-38.58569],[-58.75117,-38.58557],[-58.7503,-38.58486],[-58.74936,-38.5841],[-58.74843,-38.58334],[-58.74749,-38.58257],[-58.74655,-38.58182],[-58.74561,-38.58108],[-58.74466,-38.58033],[-58.74369,-38.58107],[-58.74275,-38.5818],[-58.7422,-38.58222],[-58.74443,-38.58318],[-58.74469,-38.58328],[-58.74596,-38.58376],[-58.74724,-38.58424],[-58.74854,-38.58473],[-58.74894,-38.58488],[-58.74985,-38.58522]]]]}},{"type":"Feature","properties":{"radio":"065812104","tipo":"Urbano","poblacion":558,"hogares":232,"pct_nbi":0.9,"pct_hacinamiento":0.0,"pct_sin_agua_red":2.6,"pct_sin_cloaca":1.3,"pct_garrafa_lena":1.3,"pct_solo_salud_publica":9.7,"pct_0a17":18.3,"pct_70ymas":17.2,"nbi":"Menos de 2,5 %"},"geometry":{"type":"MultiPolygon","coordinates":[[[[-58.73893,-38.57877],[-58.73797,-38.57951],[-58.73713,-38.58016],[-58.73707,-38.58027],[-58.73705,-38.58031],[-58.73707,-38.58032],[-58.73707,-38.58032],[-58.73707,-38.58032],[-58.73708,-38.58032],[-58.73708,-38.58032],[-58.73708,-38.58032],[-58.73708,-38.58032],[-58.73709,-38.58033],[-58.73711,-38.58034],[-58.73711,-38.58034],[-58.73711,-38.58034],[-58.73711,-38.58034],[-58.73712,-38.58036],[-58.73712,-38.58036],[-58.73712,-38.58036],[-58.73712,-38.58036],[-58.73712,-38.58037],[-58.73712,-38.58037],[-58.73713,-38.58037],[-58.73713,-38.58037],[-58.73713,-38.58038],[-58.73713,-38.58038],[-58.73713,-38.58039],[-58.73713,-38.58039],[-58.73713,-38.5804],[-58.73713,-38.5804],[-58.73713,-38.58041],[-58.73713,-38.58041],[-58.73713,-38.58041],[-58.73713,-38.58041],[-58.73712,-38.58043],[-58.73712,-38.58043],[-58.73712,-38.58043],[-58.73712,-38.58043],[-58.73712,-38.58043],[-58.73711,-38.58044],[-58.73711,-38.58044],[-58.73711,-38.58044],[-58.73711,-38.58045],[-58.7371,-38.58045],[-58.7371,-38.58046],[-58.73709,-38.58046],[-58.73709,-38.58046],[-58.73707,-38.58047],[-58.73707,-38.58047],[-58.73707,-38.58047],[-58.73707,-38.58047],[-58.73707,-38.58047],[-58.73707,-38.58048],[-58.73706,-38.58048],[-58.73706,-38.58048],[-58.73706,-38.58048],[-58.73705,-38.58048],[-58.73705,-38.58048],[-58.73705,-38.58048],[-58.73705,-38.58048],[-58.73705,-38.58048],[-58.73705,-38.58048],[-58.73705,-38.58048],[-58.73704,-38.58048],[-58.73704,-38.58048],[-58.73704,-38.58048],[-58.73704,-38.58048],[-58.73703,-38.58048],[-58.73703,-38.58048],[-58.73703,-38.58048],[-58.73703,-38.58048],[-58.73703,-38.58048],[-58.73703,-38.58048],[-58.73703,-38.58048],[-58.73702,-38.58048],[-58.73702,-38.58048],[-58.73822,-38.58084],[-58.73953,-38.58133],[-58.74093,-38.58174],[-58.74164,-38.58202],[-58.7422,-38.58222],[-58.74275,-38.5818],[-58.74369,-38.58107],[-58.74466,-38.58033],[-58.74372,-38.57958],[-58.74278,-38.57882],[-58.74184,-38.57807],[-58.74086,-38.57728],[-58.73991,-38.57802],[-58.73893,-38.57877]]]]}},{"type":"Feature","properties":{"radio":"065812105","tipo":"Urbano","poblacion":329,"hogares":118,"pct_nbi":1.7,"pct_hacinamiento":0.8,"pct_sin_agua_red":55.1,"pct_sin_cloaca":27.1,"pct_garrafa_lena":16.1,"pct_solo_salud_publica":7.9,"pct_0a17":35.6,"pct_70ymas":2.4,"nbi":"Menos de 2,5 %"},"geometry":{"type":"MultiPolygon","coordinates":[[[[-58.73397,-38.58221],[-58.73329,-38.58334],[-58.73444,-38.58376],[-58.73415,-38.58426],[-58.73409,-38.58435],[-58.73403,-38.58445],[-58.73359,-38.5852],[-58.73396,-38.58533],[-58.73469,-38.58541],[-58.73492,-38.58547],[-58.73527,-38.58565],[-58.73622,-38.58613],[-58.73703,-38.58658],[-58.73783,-38.58701],[-58.73792,-38.58706],[-58.73806,-38.58727],[-58.73812,-38.58736],[-58.73822,-38.58744],[-58.73834,-38.58753],[-58.73852,-38.5876],[-58.73866,-38.58764],[-58.73881,-38.58766],[-58.73894,-38.58765],[-58.73909,-38.58767],[-58.73921,-38.58772],[-58.7393,-38.58779],[-58.73937,-38.58786],[-58.73946,-38.58794],[-58.73959,-38.58803],[-58.74093,-38.58864],[-58.74108,-38.58872],[-58.7412,-38.58873],[-58.74131,-38.5887],[-58.7414,-38.58865],[-58.7415,-38.5886],[-58.74162,-38.58855],[-58.74177,-38.58851],[-58.74189,-38.58844],[-58.74195,-38.58836],[-58.742,-38.58825],[-58.74202,-38.58811],[-58.74201,-38.58797],[-58.74195,-38.58767],[-58.74195,-38.58767],[-58.74208,-38.58797],[-58.74222,-38.58822],[-58.74238,-38.58843],[-58.74258,-38.58866],[-58.74277,-38.58886],[-58.74306,-38.58916],[-58.74325,-38.58933],[-58.74346,-38.5895],[-58.7438,-38.5897],[-58.74387,-38.58971],[-58.74426,-38.58983],[-58.7448,-38.58993],[-58.74519,-38.59001],[-58.74564,-38.59016],[-58.74599,-38.59038],[-58.74629,-38.59045],[-58.74668,-38.59054],[-58.74717,-38.59071],[-58.74762,-38.59089],[-58.74829,-38.59118],[-58.74856,-38.59125],[-58.74917,-38.59132],[-58.74944,-38.59146],[-58.74975,-38.59155],[-58.74998,-38.5915],[-58.75031,-38.5914],[-58.75053,-38.59118],[-58.75063,-38.59121],[-58.75083,-38.59122],[-58.75092,-38.59123],[-58.75171,-38.59],[-58.75214,-38.58931],[-58.75263,-38.58851],[-58.75274,-38.58834],[-58.75372,-38.58665],[-58.75501,-38.58713],[-58.75595,-38.58634],[-58.7561,-38.58646],[-58.75705,-38.58573],[-58.75801,-38.58499],[-58.75892,-38.58421],[-58.75987,-38.5834],[-58.75891,-38.58264],[-58.75811,-38.582],[-58.75799,-38.58191],[-58.75745,-38.58148],[-58.75643,-38.58227],[-58.75549,-38.583],[-58.75453,-38.58374],[-58.7536,-38.58446],[-58.75316,-38.58411],[-58.75218,-38.58487],[-58.75123,-38.58562],[-58.75114,-38.58569],[-58.74985,-38.58522],[-58.74894,-38.58488],[-58.74854,-38.58473],[-58.74724,-38.58424],[-58.74596,-38.58376],[-58.74469,-38.58328],[-58.74443,-38.58318],[-58.7422,-38.58222],[-58.74164,-38.58202],[-58.74093,-38.58174],[-58.73953,-38.58133],[-58.73822,-38.58084],[-58.73702,-38.58048],[-58.73701,-38.58048],[-58.73701,-38.58048],[-58.73701,-38.58048],[-58.737,-38.58048],[-58.737,-38.58048],[-58.73699,-38.58048],[-58.73699,-38.58048],[-58.73699,-38.58048],[-58.73699,-38.58048],[-58.73698,-38.58048],[-58.73698,-38.58048],[-58.73698,-38.58048],[-58.73696,-38.58047],[-58.73696,-38.58047],[-58.73696,-38.58047],[-58.73696,-38.58047],[-58.73695,-38.58047],[-58.73695,-38.58047],[-58.73695,-38.58047],[-58.73694,-38.58047],[-58.73693,-38.58046],[-58.73535,-38.57993],[-58.73467,-38.58106],[-58.73397,-38.58221]]]]}},{"type":"Feature","properties":{"radio":"065812106","tipo":"Urbano","poblacion":324,"hogares":125,"pct_nbi":1.6,"pct_hacinamiento":4.0,"pct_sin_agua_red":82.4,"pct_sin_cloaca":60.8,"pct_garrafa_lena":29.6,"pct_solo_salud_publica":17.3,"pct_0a17":30.2,"pct_70ymas":2.8,"nbi":"Menos de 2,5 %"},"geometry":{"type":"MultiPolygon","coordinates":[[[[-58.75705,-38.58573],[-58.7561,-38.58646],[-58.75595,-38.58634],[-58.75501,-38.58713],[-58.75372,-38.58665],[-58.75274,-38.58834],[-58.75263,-38.58851],[-58.75214,-38.58931],[-58.75171,-38.59],[-58.75092,-38.59123],[-58.75083,-38.59122],[-58.75063,-38.59121],[-58.75053,-38.59118],[-58.75031,-38.5914],[-58.74998,-38.5915],[-58.74975,-38.59155],[-58.74944,-38.59146],[-58.74917,-38.59132],[-58.74856,-38.59125],[-58.74829,-38.59118],[-58.74762,-38.59089],[-58.74717,-38.59071],[-58.74668,-38.59054],[-58.74629,-38.59045],[-58.74599,-38.59038],[-58.74564,-38.59016],[-58.74519,-38.59001],[-58.7448,-38.58993],[-58.74426,-38.58983],[-58.74387,-38.58971],[-58.7438,-38.5897],[-58.74346,-38.5895],[-58.74325,-38.58933],[-58.74306,-38.58916],[-58.74277,-38.58886],[-58.74258,-38.58866],[-58.74238,-38.58843],[-58.74222,-38.58822],[-58.74208,-38.58797],[-58.74195,-38.58767],[-58.74195,-38.58767],[-58.74201,-38.58797],[-58.74202,-38.58811],[-58.742,-38.58825],[-58.74195,-38.58836],[-58.74189,-38.58844],[-58.74177,-38.58851],[-58.74162,-38.58855],[-58.7415,-38.5886],[-58.7414,-38.58865],[-58.74131,-38.5887],[-58.7412,-38.58873],[-58.74108,-38.58872],[-58.74093,-38.58864],[-58.73959,-38.58803],[-58.73946,-38.58794],[-58.73937,-38.58786],[-58.7393,-38.58779],[-58.73921,-38.58772],[-58.73909,-38.58767],[-58.73894,-38.58765],[-58.73881,-38.58766],[-58.73866,-38.58764],[-58.73852,-38.5876],[-58.73834,-38.58753],[-58.73822,-38.58744],[-58.73812,-38.58736],[-58.73806,-38.58727],[-58.73792,-38.58706],[-58.73783,-38.58701],[-58.73703,-38.58658],[-58.73622,-38.58613],[-58.73527,-38.58565],[-58.73492,-38.58547],[-58.73469,-38.58541],[-58.73396,-38.58533],[-58.73359,-38.5852],[-58.73352,-38.58533],[-58.73253,-38.58695],[-58.73553,-38.5878],[-58.73895,-38.5888],[-58.74165,-38.5897],[-58.74339,-38.59032],[-58.74373,-38.59044],[-58.7456,-38.59103],[-58.7456,-38.59103],[-58.74751,-38.59164],[-58.74907,-38.59212],[-58.75051,-38.59261],[-58.75247,-38.59328],[-58.7545,-38.59413],[-58.7559,-38.59476],[-58.75616,-38.59489],[-58.75652,-38.59508],[-58.75686,-38.59525],[-58.75738,-38.59556],[-58.7584,-38.59599],[-58.75939,-38.59627],[-58.76011,-38.59647],[-58.76065,-38.59669],[-58.7614,-38.59703],[-58.76207,-38.59734],[-58.76341,-38.5978],[-58.76484,-38.59822],[-58.76708,-38.59881],[-58.76816,-38.59914],[-58.76867,-38.59929],[-58.76897,-38.59824],[-58.76879,-38.59833],[-58.76841,-38.59835],[-58.76764,-38.59822],[-58.76622,-38.59789],[-58.76543,-38.59757],[-58.76532,-38.59749],[-58.76472,-38.5974],[-58.76431,-38.59724],[-58.7627,-38.59689],[-58.76193,-38.59659],[-58.76155,-38.59625],[-58.7607,-38.59595],[-58.75984,-38.59547],[-58.75874,-38.59514],[-58.75797,-38.5948],[-58.75727,-38.59436],[-58.75748,-38.59406],[-58.75765,-38.5938],[-58.75773,-38.5937],[-58.75819,-38.59324],[-58.75828,-38.59314],[-58.75807,-38.59283],[-58.75792,-38.59257],[-58.75771,-38.59217],[-58.75753,-38.59188],[-58.75722,-38.59142],[-58.75693,-38.59105],[-58.75649,-38.59048],[-58.75636,-38.59014],[-58.75627,-38.58984],[-58.75627,-38.58946],[-58.75633,-38.58914],[-58.75635,-38.5891],[-58.75645,-38.58885],[-58.75654,-38.58869],[-58.75679,-38.5886],[-58.75702,-38.58855],[-58.75729,-38.58852],[-58.75752,-38.58849],[-58.75767,-38.58842],[-58.75767,-38.58811],[-58.75789,-38.58817],[-58.75844,-38.58835],[-58.75851,-38.58837],[-58.75889,-38.58852],[-58.76021,-38.58901],[-58.76021,-38.58901],[-58.76148,-38.58948],[-58.76277,-38.58996],[-58.76278,-38.58996],[-58.76417,-38.59047],[-58.76548,-38.59097],[-58.7666,-38.59139],[-58.76801,-38.59194],[-58.7681,-38.59197],[-58.76855,-38.59163],[-58.76937,-38.591],[-58.76837,-38.5902],[-58.76741,-38.58943],[-58.76647,-38.58868],[-58.76552,-38.58792],[-58.76457,-38.58716],[-58.76455,-38.58714],[-58.76363,-38.58641],[-58.76271,-38.58568],[-58.76266,-38.58564],[-58.76176,-38.58492],[-58.76082,-38.58417],[-58.75987,-38.5834],[-58.75892,-38.58421],[-58.75801,-38.58499],[-58.75705,-38.58573]]]]}},{"type":"Feature","properties":{"radio":"065812107","tipo":"Urbano","poblacion":266,"hogares":106,"pct_nbi":1.9,"pct_hacinamiento":6.6,"pct_sin_agua_red":84.9,"pct_sin_cloaca":91.5,"pct_garrafa_lena":56.6,"pct_solo_salud_publica":25.9,"pct_0a17":30.1,"pct_70ymas":4.1,"nbi":"Menos de 2,5 %"},"geometry":{"type":"MultiPolygon","coordinates":[[[[-58.76855,-38.59163],[-58.7681,-38.59197],[-58.76801,-38.59194],[-58.7666,-38.59139],[-58.76548,-38.59097],[-58.76417,-38.59047],[-58.76278,-38.58996],[-58.76277,-38.58996],[-58.76148,-38.58948],[-58.76021,-38.58901],[-58.76021,-38.58901],[-58.75889,-38.58852],[-58.75851,-38.58837],[-58.75844,-38.58835],[-58.75789,-38.58817],[-58.75767,-38.58811],[-58.75767,-38.58842],[-58.75752,-38.58849],[-58.75729,-38.58852],[-58.75702,-38.58855],[-58.75679,-38.5886],[-58.75654,-38.58869],[-58.75645,-38.58885],[-58.75635,-38.5891],[-58.75633,-38.58914],[-58.75627,-38.58946],[-58.75627,-38.58984],[-58.75636,-38.59014],[-58.75649,-38.59048],[-58.75693,-38.59105],[-58.75722,-38.59142],[-58.75753,-38.59188],[-58.75771,-38.59217],[-58.75792,-38.59257],[-58.75807,-38.59283],[-58.75828,-38.59314],[-58.75819,-38.59324],[-58.75773,-38.5937],[-58.75765,-38.5938],[-58.75748,-38.59406],[-58.75727,-38.59436],[-58.75797,-38.5948],[-58.75874,-38.59514],[-58.75984,-38.59547],[-58.7607,-38.59595],[-58.76155,-38.59625],[-58.76193,-38.59659],[-58.7627,-38.59689],[-58.76431,-38.59724],[-58.76472,-38.5974],[-58.76532,-38.59749],[-58.76543,-38.59757],[-58.76622,-38.59789],[-58.76764,-38.59822],[-58.76841,-38.59835],[-58.76879,-38.59833],[-58.76897,-38.59824],[-58.76913,-38.59786],[-58.76939,-38.59753],[-58.76964,-38.5971],[-58.77035,-38.59589],[-58.77045,-38.59573],[-58.77191,-38.59342],[-58.77284,-38.59377],[-58.7732,-38.5939],[-58.77406,-38.59324],[-58.77501,-38.59252],[-58.77599,-38.59179],[-58.77697,-38.59106],[-58.77795,-38.59033],[-58.77891,-38.58961],[-58.77987,-38.58888],[-58.78005,-38.58873],[-58.78086,-38.58809],[-58.7811,-38.58786],[-58.77729,-38.58481],[-58.77697,-38.58495],[-58.77406,-38.58715],[-58.77305,-38.58791],[-58.77319,-38.58802],[-58.77222,-38.58878],[-58.77129,-38.5895],[-58.77034,-38.59025],[-58.76937,-38.591],[-58.76855,-38.59163]]]]}},{"type":"Feature","properties":{"radio":"065812108","tipo":"Urbano","poblacion":287,"hogares":110,"pct_nbi":1.8,"pct_hacinamiento":1.8,"pct_sin_agua_red":96.4,"pct_sin_cloaca":92.7,"pct_garrafa_lena":60.9,"pct_solo_salud_publica":22.3,"pct_0a17":27.5,"pct_70ymas":5.6,"nbi":"Menos de 2,5 %"},"geometry":{"type":"MultiPolygon","coordinates":[[[[-58.77756,-38.59554],[-58.77841,-38.59586],[-58.77881,-38.59555],[-58.77973,-38.59483],[-58.78071,-38.59407],[-58.78168,-38.59333],[-58.78264,-38.59259],[-58.7836,-38.59185],[-58.78464,-38.59105],[-58.78487,-38.59088],[-58.78205,-38.58862],[-58.7811,-38.58786],[-58.78086,-38.58809],[-58.78005,-38.58873],[-58.77987,-38.58888],[-58.77891,-38.58961],[-58.77795,-38.59033],[-58.77697,-38.59106],[-58.77599,-38.59179],[-58.77501,-38.59252],[-58.77406,-38.59324],[-58.7732,-38.5939],[-58.7741,-38.59424],[-58.77492,-38.59455],[-58.77585,-38.5949],[-58.7767,-38.59522],[-58.77756,-38.59554]]]]}},{"type":"Feature","properties":{"radio":"065812109","tipo":"Urbano","poblacion":146,"hogares":56,"pct_nbi":1.8,"pct_hacinamiento":7.1,"pct_sin_agua_red":92.9,"pct_sin_cloaca":92.9,"pct_garrafa_lena":57.1,"pct_solo_salud_publica":37.7,"pct_0a17":27.4,"pct_70ymas":4.8,"nbi":"Menos de 2,5 %"},"geometry":{"type":"MultiPolygon","coordinates":[[[[-58.78198,-38.5972],[-58.78361,-38.59781],[-58.7845,-38.59711],[-58.78545,-38.59637],[-58.78639,-38.59564],[-58.78736,-38.59488],[-58.78838,-38.59407],[-58.78777,-38.59357],[-58.78715,-38.59307],[-58.78651,-38.59257],[-58.78588,-38.59207],[-58.78524,-38.59154],[-58.78464,-38.59105],[-58.7836,-38.59185],[-58.78264,-38.59259],[-58.78168,-38.59333],[-58.78071,-38.59407],[-58.77973,-38.59483],[-58.77881,-38.59555],[-58.77841,-38.59586],[-58.77974,-38.59636],[-58.78001,-38.59646],[-58.78151,-38.59702],[-58.78198,-38.5972]]]]}},{"type":"Feature","properties":{"radio":"065812110","tipo":"Urbano","poblacion":30,"hogares":10,"nbi":"Menos de 20 hogares"},"geometry":{"type":"MultiPolygon","coordinates":[[[[-58.78777,-38.59357],[-58.78838,-38.59407],[-58.78863,-38.59389],[-58.78956,-38.59318],[-58.79054,-38.59244],[-58.7915,-38.59171],[-58.79247,-38.59098],[-58.79343,-38.59025],[-58.79443,-38.58949],[-58.79533,-38.58881],[-58.79639,-38.58801],[-58.79542,-38.58723],[-58.79446,-38.58646],[-58.79345,-38.58565],[-58.79259,-38.58495],[-58.79156,-38.58573],[-58.79058,-38.58649],[-58.78962,-38.58723],[-58.7887,-38.58794],[-58.7877,-38.5887],[-58.78677,-38.58942],[-58.78487,-38.59088],[-58.78464,-38.59105],[-58.78524,-38.59154],[-58.78588,-38.59207],[-58.78651,-38.59257],[-58.78715,-38.59307],[-58.78777,-38.59357]]]]}},{"type":"Feature","properties":{"radio":"065812111","tipo":"Urbano","poblacion":82,"hogares":24,"pct_nbi":20.8,"pct_hacinamiento":20.8,"pct_sin_agua_red":100.0,"pct_sin_cloaca":83.3,"pct_garrafa_lena":100.0,"pct_solo_salud_publica":18.3,"pct_0a17":45.1,"pct_70ymas":4.9,"nbi":"10 % o más"},"geometry":{"type":"MultiPolygon","coordinates":[[[[-58.78733,-38.59919],[-58.78876,-38.59972],[-58.79019,-38.59861],[-58.79114,-38.59787],[-58.79214,-38.5971],[-58.79239,-38.5969],[-58.79333,-38.59618],[-58.79428,-38.59545],[-58.79525,-38.5947],[-58.79619,-38.59398],[-58.79716,-38.59322],[-58.79901,-38.5918],[-58.80007,-38.59097],[-58.79815,-38.58943],[-58.79732,-38.58875],[-58.79639,-38.58801],[-58.79533,-38.58881],[-58.79443,-38.58949],[-58.79343,-38.59025],[-58.79247,-38.59098],[-58.7915,-38.59171],[-58.79054,-38.59244],[-58.78956,-38.59318],[-58.78863,-38.59389],[-58.78838,-38.59407],[-58.78736,-38.59488],[-58.78639,-38.59564],[-58.78545,-38.59637],[-58.7845,-38.59711],[-58.78361,-38.59781],[-58.78483,-38.59826],[-58.78614,-38.59875],[-58.78733,-38.59919]]]]}},{"type":"Feature","properties":{"radio":"065812112","tipo":"Urbano","poblacion":44,"hogares":15,"nbi":"Menos de 20 hogares"},"geometry":{"type":"MultiPolygon","coordinates":[[[[-58.79019,-38.59861],[-58.78876,-38.59972],[-58.78733,-38.59919],[-58.78614,-38.59875],[-58.78483,-38.59826],[-58.78361,-38.59781],[-58.78198,-38.5972],[-58.78151,-38.59702],[-58.78001,-38.59646],[-58.77974,-38.59636],[-58.77841,-38.59586],[-58.77756,-38.59554],[-58.7767,-38.59522],[-58.77585,-38.5949],[-58.77492,-38.59455],[-58.7741,-38.59424],[-58.7732,-38.5939],[-58.77284,-38.59377],[-58.77191,-38.59342],[-58.77045,-38.59573],[-58.77035,-38.59589],[-58.76964,-38.5971],[-58.76939,-38.59753],[-58.76913,-38.59786],[-58.76897,-38.59824],[-58.76867,-38.59929],[-58.77046,-38.59985],[-58.77204,-38.60027],[-58.77241,-38.60035],[-58.77338,-38.59963],[-58.77395,-38.59984],[-58.77467,-38.59992],[-58.77524,-38.6001],[-58.77563,-38.60026],[-58.77634,-38.60043],[-58.77695,-38.60048],[-58.77725,-38.60056],[-58.77786,-38.60076],[-58.77831,-38.60084],[-58.77889,-38.60097],[-58.77942,-38.60108],[-58.77984,-38.60137],[-58.78058,-38.60156],[-58.78093,-38.60154],[-58.78151,-38.60168],[-58.78195,-38.60183],[-58.78255,-38.60197],[-58.7834,-38.60202],[-58.78407,-38.60223],[-58.78746,-38.60342],[-58.7891,-38.60413],[-58.79002,-38.60446],[-58.79067,-38.60465],[-58.79159,-38.60319],[-58.79191,-38.60268],[-58.79281,-38.60125],[-58.79327,-38.60142],[-58.79446,-38.6005],[-58.79543,-38.59973],[-58.79492,-38.59932],[-58.79517,-38.59912],[-58.79616,-38.59991],[-58.79708,-38.59918],[-58.79805,-38.59841],[-58.79899,-38.59767],[-58.79989,-38.59696],[-58.80086,-38.59619],[-58.80181,-38.59544],[-58.80278,-38.59466],[-58.80373,-38.59392],[-58.80007,-38.59097],[-58.79901,-38.5918],[-58.79716,-38.59322],[-58.79619,-38.59398],[-58.79525,-38.5947],[-58.79428,-38.59545],[-58.79333,-38.59618],[-58.79239,-38.5969],[-58.79214,-38.5971],[-58.79114,-38.59787],[-58.79019,-38.59861]]]]}},{"type":"Feature","properties":{"radio":"065812113","tipo":"Urbano","poblacion":63,"hogares":26,"pct_nbi":7.7,"pct_hacinamiento":15.4,"pct_sin_agua_red":96.2,"pct_sin_cloaca":96.2,"pct_garrafa_lena":88.5,"pct_solo_salud_publica":36.5,"pct_0a17":28.6,"pct_70ymas":4.8,"nbi":"5 a 10 %"},"geometry":{"type":"MultiPolygon","coordinates":[[[[-58.79708,-38.59918],[-58.79616,-38.59991],[-58.79517,-38.59912],[-58.79492,-38.59932],[-58.79543,-38.59973],[-58.79446,-38.6005],[-58.79327,-38.60142],[-58.79281,-38.60125],[-58.79191,-38.60268],[-58.79159,-38.60319],[-58.79067,-38.60465],[-58.79002,-38.60446],[-58.7891,-38.60413],[-58.78746,-38.60342],[-58.78407,-38.60223],[-58.7834,-38.60202],[-58.78255,-38.60197],[-58.78195,-38.60183],[-58.78151,-38.60168],[-58.78093,-38.60154],[-58.78058,-38.60156],[-58.77984,-38.60137],[-58.77942,-38.60108],[-58.77889,-38.60097],[-58.77831,-38.60084],[-58.77786,-38.60076],[-58.77725,-38.60056],[-58.77695,-38.60048],[-58.77634,-38.60043],[-58.77563,-38.60026],[-58.77524,-38.6001],[-58.77467,-38.59992],[-58.77395,-38.59984],[-58.77338,-38.59963],[-58.77241,-38.60035],[-58.77316,-38.60051],[-58.77573,-38.60105],[-58.77884,-38.60177],[-58.78079,-38.60229],[-58.78296,-38.60292],[-58.78509,-38.60364],[-58.78697,-38.60437],[-58.78883,-38.60513],[-58.79072,-38.60582],[-58.79286,-38.60664],[-58.79422,-38.60711],[-58.79635,-38.60784],[-58.79733,-38.60625],[-58.79812,-38.60495],[-58.79912,-38.6036],[-58.79963,-38.60313],[-58.79986,-38.60293],[-58.80084,-38.60218],[-58.80175,-38.60149],[-58.80187,-38.6014],[-58.8028,-38.60069],[-58.80368,-38.60002],[-58.80466,-38.59928],[-58.80562,-38.59854],[-58.80663,-38.59778],[-58.80761,-38.59703],[-58.80679,-38.59637],[-58.80578,-38.59556],[-58.80478,-38.59476],[-58.80373,-38.59392],[-58.80278,-38.59466],[-58.80181,-38.59544],[-58.80086,-38.59619],[-58.79989,-38.59696],[-58.79899,-38.59767],[-58.79805,-38.59841],[-58.79708,-38.59918]]]]}},{"type":"Feature","properties":{"radio":"065812114","tipo":"Urbano","poblacion":57,"hogares":23,"pct_nbi":0.0,"pct_hacinamiento":4.3,"pct_sin_agua_red":95.7,"pct_sin_cloaca":95.7,"pct_garrafa_lena":65.2,"pct_solo_salud_publica":43.9,"pct_0a17":24.6,"pct_70ymas":8.8,"nbi":"Menos de 2,5 %"},"geometry":{"type":"MultiPolygon","coordinates":[[[[-58.79895,-38.60836],[-58.80582,-38.61135],[-58.8061,-38.61096],[-58.80594,-38.61089],[-58.80544,-38.61066],[-58.80508,-38.61063],[-58.80481,-38.61059],[-58.80462,-38.61042],[-58.80444,-38.61024],[-58.80424,-38.6101],[-58.80407,-38.60995],[-58.80391,-38.60983],[-58.80373,-38.60975],[-58.80341,-38.60967],[-58.80307,-38.6096],[-58.80241,-38.60946],[-58.80234,-38.60942],[-58.80261,-38.60901],[-58.80471,-38.60567],[-58.8053,-38.60471],[-58.80663,-38.60373],[-58.80749,-38.60309],[-58.80845,-38.60235],[-58.80938,-38.60161],[-58.81039,-38.60082],[-58.81136,-38.60005],[-58.81048,-38.59935],[-58.80949,-38.59855],[-58.80858,-38.59782],[-58.80761,-38.59703],[-58.80663,-38.59778],[-58.80562,-38.59854],[-58.80466,-38.59928],[-58.80368,-38.60002],[-58.8028,-38.60069],[-58.80187,-38.6014],[-58.80175,-38.60149],[-58.80084,-38.60218],[-58.79986,-38.60293],[-58.79963,-38.60313],[-58.79912,-38.6036],[-58.79812,-38.60495],[-58.79733,-38.60625],[-58.79635,-38.60784],[-58.79895,-38.60836]]]]}},{"type":"Feature","properties":{"radio":"065812201","tipo":"Urbano","poblacion":81,"hogares":26,"pct_nbi":0.0,"pct_hacinamiento":11.5,"pct_sin_agua_red":76.9,"pct_sin_cloaca":88.5,"pct_garrafa_lena":61.5,"pct_solo_salud_publica":63.0,"pct_0a17":30.9,"pct_70ymas":2.5,"nbi":"Menos de 2,5 %"},"geometry":{"type":"MultiPolygon","coordinates":[[[[-58.66568,-38.52786],[-58.66568,-38.52786],[-58.66073,-38.53168],[-58.66072,-38.53169],[-58.655,-38.5361],[-58.64904,-38.5407],[-58.64159,-38.54644],[-58.64459,-38.54751],[-58.64556,-38.54785],[-58.64673,-38.54827],[-58.64734,-38.54849],[-58.64743,-38.54852],[-58.64874,-38.54899],[-58.65177,-38.55008],[-58.65335,-38.55065],[-58.66122,-38.55346],[-58.66137,-38.55352],[-58.66368,-38.55434],[-58.66465,-38.55469],[-58.66922,-38.55632],[-58.67538,-38.55853],[-58.67584,-38.55876],[-58.67956,-38.55587],[-58.68021,-38.55535],[-58.68052,-38.55513],[-58.68078,-38.55496],[-58.68102,-38.55483],[-58.68134,-38.55466],[-58.68229,-38.55396],[-58.6824,-38.55386],[-58.68245,-38.55379],[-58.68248,-38.55371],[-58.68253,-38.55358],[-58.68529,-38.55144],[-58.68823,-38.5492],[-58.69007,-38.5478],[-58.68815,-38.54623],[-58.68725,-38.54549],[-58.68633,-38.54476],[-58.6859,-38.5444],[-58.6854,-38.5441],[-58.68539,-38.54409],[-58.68545,-38.54408],[-58.68551,-38.54405],[-58.68556,-38.54403],[-58.6856,-38.544],[-58.68564,-38.54396],[-58.68568,-38.54392],[-58.68571,-38.54388],[-58.68574,-38.54384],[-58.68577,-38.54378],[-58.68578,-38.54373],[-58.68579,-38.54368],[-58.68579,-38.54362],[-58.68578,-38.54357],[-58.68576,-38.54352],[-58.68573,-38.54347],[-58.68574,-38.54346],[-58.68616,-38.54293],[-58.68713,-38.54218],[-58.68809,-38.54144],[-58.68908,-38.54068],[-58.68998,-38.53998],[-58.69104,-38.53917],[-58.69206,-38.53838],[-58.69303,-38.53763],[-58.69401,-38.53687],[-58.69494,-38.53616],[-58.69593,-38.5354],[-58.69693,-38.53465],[-58.69684,-38.53457],[-58.69663,-38.53441],[-58.69432,-38.53255],[-58.69145,-38.53025],[-58.68859,-38.52795],[-58.68577,-38.52568],[-58.68156,-38.52229],[-58.67738,-38.51892],[-58.67357,-38.52184],[-58.66954,-38.52491],[-58.66568,-38.52786]]]]}},{"type":"Feature","properties":{"radio":"065812202","tipo":"Urbano","poblacion":611,"hogares":199,"pct_nbi":4.5,"pct_hacinamiento":9.5,"pct_sin_agua_red":5.0,"pct_sin_cloaca":93.0,"pct_garrafa_lena":50.3,"pct_solo_salud_publica":56.3,"pct_0a17":30.8,"pct_70ymas":8.7,"nbi":"2,5 a 5 %"},"geometry":{"type":"MultiPolygon","coordinates":[[[[-58.69693,-38.53465],[-58.69593,-38.5354],[-58.69494,-38.53616],[-58.69523,-38.5364],[-58.69716,-38.53795],[-58.6981,-38.53871],[-58.69904,-38.53947],[-58.69998,-38.54022],[-58.70093,-38.53949],[-58.70197,-38.5387],[-58.70298,-38.53793],[-58.70394,-38.5372],[-58.70301,-38.53644],[-58.70206,-38.53567],[-58.70303,-38.53492],[-58.7021,-38.53418],[-58.70306,-38.53345],[-58.70402,-38.53271],[-58.70504,-38.53193],[-58.70505,-38.53193],[-58.70416,-38.53113],[-58.7034,-38.53055],[-58.70303,-38.53045],[-58.70296,-38.53048],[-58.70289,-38.5305],[-58.70289,-38.5305],[-58.70283,-38.53052],[-58.70276,-38.53053],[-58.70187,-38.53088],[-58.70086,-38.53165],[-58.6999,-38.53238],[-58.69892,-38.53313],[-58.69797,-38.53385],[-58.69693,-38.53465]]]]}},{"type":"Feature","properties":{"radio":"065812203","tipo":"Urbano","poblacion":156,"hogares":48,"pct_nbi":12.5,"pct_hacinamiento":8.3,"pct_sin_agua_red":43.8,"pct_sin_cloaca":85.4,"pct_garrafa_lena":87.5,"pct_solo_salud_publica":58.3,"pct_0a17":33.3,"pct_70ymas":9.0,"nbi":"10 % o más"},"geometry":{"type":"MultiPolygon","coordinates":[[[[-58.68998,-38.53998],[-58.68908,-38.54068],[-58.68935,-38.5409],[-58.69034,-38.5417],[-58.6913,-38.54248],[-58.69222,-38.54322],[-58.69408,-38.54474],[-58.69605,-38.54631],[-58.69795,-38.54782],[-58.69991,-38.54938],[-58.70182,-38.5509],[-58.70276,-38.55164],[-58.7028,-38.54863],[-58.7028,-38.5484],[-58.70285,-38.54556],[-58.70291,-38.54258],[-58.70294,-38.54109],[-58.70296,-38.53951],[-58.70299,-38.5383],[-58.703,-38.53815],[-58.70302,-38.53804],[-58.70307,-38.53794],[-58.70313,-38.53785],[-58.7032,-38.53776],[-58.70298,-38.53793],[-58.70197,-38.5387],[-58.70093,-38.53949],[-58.69998,-38.54022],[-58.69904,-38.53947],[-58.6981,-38.53871],[-58.69716,-38.53795],[-58.69523,-38.5364],[-58.69494,-38.53616],[-58.69401,-38.53687],[-58.69303,-38.53763],[-58.69206,-38.53838],[-58.69104,-38.53917],[-58.68998,-38.53998]]]]}},{"type":"Feature","properties":{"radio":"065812204","tipo":"Urbano","poblacion":189,"hogares":52,"pct_nbi":5.8,"pct_hacinamiento":19.2,"pct_sin_agua_red":90.4,"pct_sin_cloaca":94.2,"pct_garrafa_lena":88.5,"pct_solo_salud_publica":53.4,"pct_0a17":32.8,"pct_70ymas":5.3,"nbi":"5 a 10 %"},"geometry":{"type":"MultiPolygon","coordinates":[[[[-58.69007,-38.5478],[-58.69204,-38.5494],[-58.69392,-38.55091],[-58.69585,-38.55247],[-58.69685,-38.55328],[-58.69778,-38.55404],[-58.69964,-38.55555],[-58.70152,-38.55708],[-58.70162,-38.55699],[-58.7027,-38.55617],[-58.70272,-38.55472],[-58.70274,-38.5532],[-58.70276,-38.55164],[-58.70182,-38.5509],[-58.69991,-38.54938],[-58.69795,-38.54782],[-58.69605,-38.54631],[-58.69408,-38.54474],[-58.69222,-38.54322],[-58.6913,-38.54248],[-58.69034,-38.5417],[-58.68935,-38.5409],[-58.68908,-38.54068],[-58.68809,-38.54144],[-58.68713,-38.54218],[-58.68616,-38.54293],[-58.68574,-38.54346],[-58.68573,-38.54347],[-58.68576,-38.54352],[-58.68578,-38.54357],[-58.68579,-38.54362],[-58.68579,-38.54368],[-58.68578,-38.54373],[-58.68577,-38.54378],[-58.68574,-38.54384],[-58.68571,-38.54388],[-58.68568,-38.54392],[-58.68564,-38.54396],[-58.6856,-38.544],[-58.68556,-38.54403],[-58.68551,-38.54405],[-58.68545,-38.54408],[-58.68539,-38.54409],[-58.6854,-38.5441],[-58.6859,-38.5444],[-58.68633,-38.54476],[-58.68725,-38.54549],[-58.68815,-38.54623],[-58.69007,-38.5478]]]]}},{"type":"Feature","properties":{"radio":"065812205","tipo":"Urbano","poblacion":331,"hogares":102,"pct_nbi":8.8,"pct_hacinamiento":15.7,"pct_sin_agua_red":13.7,"pct_sin_cloaca":44.1,"pct_garrafa_lena":57.8,"pct_solo_salud_publica":63.4,"pct_0a17":36.9,"pct_70ymas":4.8,"nbi":"5 a 10 %"},"geometry":{"type":"MultiPolygon","coordinates":[[[[-58.70394,-38.5372],[-58.70298,-38.53793],[-58.7032,-38.53776],[-58.70313,-38.53785],[-58.70307,-38.53794],[-58.70302,-38.53804],[-58.703,-38.53815],[-58.70299,-38.5383],[-58.70296,-38.53951],[-58.70294,-38.54109],[-58.70291,-38.54258],[-58.70285,-38.54556],[-58.7028,-38.5484],[-58.7028,-38.54863],[-58.70276,-38.55164],[-58.70274,-38.5532],[-58.70272,-38.55472],[-58.7027,-38.55617],[-58.70342,-38.55562],[-58.70356,-38.55551],[-58.70363,-38.55545],[-58.70459,-38.55472],[-58.70557,-38.55397],[-58.70652,-38.55324],[-58.70756,-38.55245],[-58.70769,-38.55235],[-58.70856,-38.55169],[-58.70953,-38.55095],[-58.71048,-38.55022],[-58.71146,-38.54947],[-58.71243,-38.54872],[-58.71254,-38.54865],[-58.71344,-38.54796],[-58.71447,-38.54717],[-58.71541,-38.54645],[-58.71495,-38.54608],[-58.71445,-38.54567],[-58.714,-38.54531],[-58.71354,-38.54494],[-58.71218,-38.54384],[-58.71207,-38.54375],[-58.70874,-38.54107],[-58.7078,-38.54031],[-58.70686,-38.53955],[-58.70592,-38.53879],[-58.70394,-38.5372]]]]}},{"type":"Feature","properties":{"radio":"065812206","tipo":"Urbano","poblacion":990,"hogares":316,"pct_nbi":7.0,"pct_hacinamiento":13.6,"pct_sin_agua_red":2.2,"pct_sin_cloaca":23.7,"pct_garrafa_lena":54.4,"pct_solo_salud_publica":46.9,"pct_0a17":30.3,"pct_70ymas":6.1,"nbi":"5 a 10 %"},"geometry":{"type":"MultiPolygon","coordinates":[[[[-58.71541,-38.54645],[-58.71447,-38.54717],[-58.71344,-38.54796],[-58.71254,-38.54865],[-58.71243,-38.54872],[-58.71146,-38.54947],[-58.71048,-38.55022],[-58.71148,-38.55101],[-58.71247,-38.5518],[-58.71341,-38.55255],[-58.71437,-38.55181],[-58.71534,-38.55107],[-58.71634,-38.55031],[-58.71737,-38.54952],[-58.71833,-38.5488],[-58.71931,-38.54805],[-58.72027,-38.54732],[-58.71933,-38.54656],[-58.71833,-38.54576],[-58.71735,-38.54497],[-58.7164,-38.5457],[-58.71541,-38.54645]]]]}},{"type":"Feature","properties":{"radio":"065812207","tipo":"Urbano","poblacion":914,"hogares":294,"pct_nbi":4.8,"pct_hacinamiento":12.6,"pct_sin_agua_red":2.0,"pct_sin_cloaca":39.5,"pct_garrafa_lena":47.6,"pct_solo_salud_publica":50.0,"pct_0a17":32.6,"pct_70ymas":5.0,"nbi":"2,5 a 5 %"},"geometry":{"type":"MultiPolygon","coordinates":[[[[-58.71532,-38.55258],[-58.71626,-38.55333],[-58.71722,-38.55259],[-58.71822,-38.55182],[-58.71924,-38.55104],[-58.7202,-38.55031],[-58.72118,-38.54956],[-58.72214,-38.54883],[-58.7212,-38.54807],[-58.72027,-38.54732],[-58.71931,-38.54805],[-58.71833,-38.5488],[-58.71737,-38.54952],[-58.71634,-38.55031],[-58.71534,-38.55107],[-58.71437,-38.55181],[-58.71532,-38.55258]]]]}},{"type":"Feature","properties":{"radio":"065812208","tipo":"Urbano","poblacion":864,"hogares":294,"pct_nbi":6.1,"pct_hacinamiento":8.8,"pct_sin_agua_red":0.7,"pct_sin_cloaca":22.1,"pct_garrafa_lena":24.8,"pct_solo_salud_publica":38.9,"pct_0a17":27.4,"pct_70ymas":8.6,"nbi":"5 a 10 %"},"geometry":{"type":"MultiPolygon","coordinates":[[[[-58.7202,-38.55031],[-58.71924,-38.55104],[-58.71822,-38.55182],[-58.71722,-38.55259],[-58.71626,-38.55333],[-58.71955,-38.556],[-58.7196,-38.55586],[-58.71978,-38.55543],[-58.72002,-38.55504],[-58.72042,-38.5547],[-58.72046,-38.55466],[-58.7211,-38.55436],[-58.72218,-38.55396],[-58.72305,-38.55364],[-58.72387,-38.5533],[-58.72482,-38.55275],[-58.72569,-38.55219],[-58.72535,-38.55172],[-58.72527,-38.55161],[-58.72452,-38.55057],[-58.7244,-38.5505],[-58.72426,-38.55045],[-58.72411,-38.55043],[-58.72397,-38.55045],[-58.72381,-38.5505],[-58.72402,-38.55034],[-58.72214,-38.54883],[-58.72118,-38.54956],[-58.7202,-38.55031]]]]}},{"type":"Feature","properties":{"radio":"065812209","tipo":"Urbano","poblacion":2041,"hogares":716,"pct_nbi":4.5,"pct_hacinamiento":6.8,"pct_sin_agua_red":3.9,"pct_sin_cloaca":17.9,"pct_garrafa_lena":27.9,"pct_solo_salud_publica":41.0,"pct_0a17":27.5,"pct_70ymas":8.1,"nbi":"2,5 a 5 %"},"geometry":{"type":"MultiPolygon","coordinates":[[[[-58.71895,-38.56165],[-58.71965,-38.56221],[-58.71998,-38.5618],[-58.72026,-38.56128],[-58.72056,-38.5607],[-58.72065,-38.5602],[-58.72061,-38.55983],[-58.7205,-38.55948],[-58.72026,-38.559],[-58.71995,-38.55824],[-58.71962,-38.55754],[-58.71946,-38.55708],[-58.71941,-38.55668],[-58.71946,-38.55627],[-58.71955,-38.556],[-58.71626,-38.55333],[-58.71532,-38.55258],[-58.71437,-38.55181],[-58.71341,-38.55255],[-58.71244,-38.5533],[-58.71148,-38.55404],[-58.71047,-38.55481],[-58.7114,-38.55557],[-58.71234,-38.55633],[-58.71328,-38.55708],[-58.71423,-38.55784],[-58.71516,-38.55859],[-58.7161,-38.55935],[-58.71703,-38.5601],[-58.71798,-38.56087],[-58.71822,-38.56106],[-58.71895,-38.56165]]]]}}]}
