{"type":"FeatureCollection","features":[{"type":"Feature","geometry":{"type":"MultiPolygon","coordinates":[[[[-58.764006,-38.528735],[-58.765482,-38.527564],[-58.765563,-38.527627],[-58.766083,-38.528051],[-58.766251,-38.528179],[-58.766806,-38.528646],[-58.766877,-38.528704],[-58.768272,-38.529832],[-58.768354,-38.529899],[-58.76877,-38.530208],[-58.769295,-38.530664],[-58.770802,-38.53198],[-58.770902,-38.532073],[-58.769505,-38.532239],[-58.766417,-38.532247],[-58.767349,-38.533052],[-58.771142,-38.536156],[-58.771209,-38.536159],[-58.772948,-38.537562],[-58.772947,-38.537622],[-58.782521,-38.545343],[-58.786561,-38.548567],[-58.790078,-38.551377],[-58.820371,-38.575693],[-58.83571,-38.58799],[-58.846687,-38.5968],[-58.830414,-38.609232],[-58.824801,-38.613343],[-58.824801,-38.613343],[-58.820153,-38.616734],[-58.818619,-38.617803],[-58.819289,-38.618342],[-58.819608,-38.618571],[-58.821606,-38.619441],[-58.824458,-38.620399],[-58.825453,-38.620994],[-58.827172,-38.622949],[-58.827343,-38.623063],[-58.827543,-38.623132],[-58.828086,-38.62325],[-58.828302,-38.623253],[-58.828455,-38.623254],[-58.828624,-38.62326],[-58.82998,-38.623315],[-58.830924,-38.623504],[-58.832753,-38.624018],[-58.832822,-38.624036],[-58.836497,-38.625023],[-58.83684,-38.625162],[-58.838377,-38.625921],[-58.838891,-38.626106],[-58.840409,-38.626368],[-58.84172,-38.626944],[-58.842091,-38.627061],[-58.84232,-38.627108],[-58.843813,-38.627078],[-58.844043,-38.627102],[-58.844558,-38.627198],[-58.846213,-38.627822],[-58.847702,-38.628062],[-58.848216,-38.628225],[-58.849243,-38.628663],[-58.849899,-38.628872],[-58.85519,-38.630162],[-58.860331,-38.631856],[-58.861158,-38.632202],[-58.862186,-38.632573],[-58.865139,-38.632804],[-58.865426,-38.632851],[-58.867084,-38.633318],[-58.869343,-38.633858],[-58.870452,-38.634194],[-58.871013,-38.634484],[-58.871148,-38.634553],[-58.871571,-38.634734],[-58.872168,-38.634916],[-58.873118,-38.635024],[-58.874067,-38.63517],[-58.875518,-38.635561],[-58.875718,-38.635676],[-58.876202,-38.635883],[-58.876603,-38.635999],[-58.878465,-38.636265],[-58.879663,-38.636727],[-58.880549,-38.636983],[-58.881036,-38.637078],[-58.881924,-38.637177],[-58.882958,-38.637209],[-58.883301,-38.637257],[-58.884642,-38.637833],[-58.885014,-38.63795],[-58.885386,-38.637998],[-58.886791,-38.638101],[-58.888073,-38.638767],[-58.888274,-38.638814],[-58.89008,-38.639011],[-58.892863,-38.639727],[-58.893177,-38.639843],[-58.894606,-38.640307],[-58.896666,-38.640777],[-58.898868,-38.641316],[-58.89938,-38.641613],[-58.899922,-38.641888],[-58.900496,-38.641894],[-58.901443,-38.641948],[-58.903868,-38.643006],[-58.904698,-38.643127],[-58.905986,-38.643409],[-58.906674,-38.643506],[-58.907105,-38.643487],[-58.907478,-38.643513],[-58.907993,-38.643608],[-58.90825,-38.6437],[-58.908478,-38.643815],[-58.908907,-38.643954],[-58.910111,-38.644078],[-58.910339,-38.644193],[-58.91091,-38.644401],[-58.912311,-38.644774],[-58.916401,-38.645871],[-58.917628,-38.6464],[-58.918086,-38.646517],[-58.9186,-38.646701],[-58.921229,-38.647559],[-58.922402,-38.64784],[-58.923887,-38.648394],[-58.925168,-38.649194],[-58.926363,-38.649881],[-58.926849,-38.650065],[-58.928822,-38.650647],[-58.929305,-38.650966],[-58.930217,-38.65147],[-58.931015,-38.651838],[-58.933816,-38.652719],[-58.934387,-38.652972],[-58.934472,-38.65304],[-58.936477,-38.653396],[-58.937305,-38.653742],[-58.939819,-38.654643],[-58.940247,-38.654827],[-58.940475,-38.654964],[-58.941587,-38.655515],[-58.94187,-38.65581],[-58.941982,-38.655968],[-58.942202,-38.656646],[-58.942255,-38.656962],[-58.942395,-38.657211],[-58.942733,-38.657664],[-58.943131,-38.657916],[-58.944467,-38.658828],[-58.94518,-38.659195],[-58.946497,-38.6595],[-58.94687,-38.65948],[-58.949283,-38.65948],[-58.950258,-38.659601],[-58.952374,-38.660206],[-58.953265,-38.660168],[-58.95384,-38.660196],[-58.95404,-38.660221],[-58.955498,-38.660662],[-58.955613,-38.660694],[-58.957988,-38.661292],[-58.960383,-38.661753],[-58.961011,-38.661984],[-58.964939,-38.662514],[-58.968602,-38.663402],[-58.97035,-38.66371],[-58.973016,-38.664071],[-58.973957,-38.66453],[-58.974129,-38.664576],[-58.974459,-38.664749],[-58.974734,-38.66481],[-58.975159,-38.664853],[-58.975484,-38.664837],[-58.975761,-38.66478],[-58.976261,-38.664824],[-58.976685,-38.664964],[-58.977854,-38.665485],[-58.978307,-38.665627],[-58.978852,-38.665721],[-58.980201,-38.665846],[-58.981862,-38.666153],[-58.984435,-38.666964],[-58.987319,-38.668227],[-58.988034,-38.668481],[-58.990157,-38.668634],[-58.990893,-38.668725],[-58.992066,-38.669206],[-58.993387,-38.669743],[-58.995683,-38.669898],[-58.996856,-38.670246],[-58.997656,-38.670591],[-58.998199,-38.670776],[-58.999573,-38.671103],[-58.99983,-38.671195],[-59.000572,-38.671459],[-59.001109,-38.671598],[-59.001558,-38.671602],[-59.00204,-38.67158],[-59.002523,-38.671584],[-59.003005,-38.671615],[-59.003488,-38.671619],[-59.004004,-38.67165],[-59.004451,-38.671735],[-59.004829,-38.671847],[-59.005275,-38.672039],[-59.005548,-38.672177],[-59.005958,-38.672478],[-59.006402,-38.672697],[-59.006849,-38.672864],[-59.007329,-38.67303],[-59.00781,-38.673169],[-59.008084,-38.673252],[-59.008563,-38.673553],[-59.009518,-38.674264],[-59.009792,-38.674495],[-59.009896,-38.674523],[-59.010403,-38.675055],[-59.010674,-38.675463],[-59.010911,-38.675708],[-59.011013,-38.675898],[-59.011077,-38.676169],[-59.011205,-38.676927],[-59.011304,-38.677306],[-59.011471,-38.677686],[-59.011741,-38.678066],[-59.011911,-38.678257],[-59.012253,-38.678449],[-59.013145,-38.678808],[-59.013557,-38.678865],[-59.01404,-38.678843],[-59.014524,-38.678793],[-59.015971,-38.678805],[-59.016455,-38.678728],[-59.016939,-38.678624],[-59.017389,-38.67852],[-59.017873,-38.678442],[-59.018218,-38.678418],[-59.018665,-38.678449],[-59.019147,-38.678507],[-59.019457,-38.678537],[-59.019904,-38.678649],[-59.02035,-38.678787],[-59.02131,-38.679174],[-59.02179,-38.67934],[-59.022272,-38.679452],[-59.022753,-38.679537],[-59.023234,-38.679649],[-59.023715,-38.679735],[-59.024645,-38.67985],[-59.024989,-38.679934],[-59.025469,-38.6801],[-59.02595,-38.68024],[-59.026246,-38.680365],[-59.026386,-38.680586],[-59.026341,-38.680839],[-59.026333,-38.681017],[-59.026166,-38.681402],[-59.02588,-38.681721],[-59.025855,-38.682018],[-59.025863,-38.682138],[-59.026131,-38.682569],[-59.026676,-38.682697],[-59.027243,-38.682912],[-59.029282,-38.683258],[-59.029673,-38.683239],[-59.030095,-38.683277],[-59.030456,-38.683405],[-59.030916,-38.683658],[-59.03122,-38.683878],[-59.031639,-38.683972],[-59.032103,-38.68401],[-59.032655,-38.683912],[-59.032977,-38.683847],[-59.033382,-38.683862],[-59.035523,-38.684414],[-59.036652,-38.684742],[-59.037838,-38.684956],[-59.038618,-38.68493],[-59.040911,-38.685027],[-59.042848,-38.685372],[-59.044213,-38.685588],[-59.045079,-38.685845],[-59.045974,-38.686102],[-59.046698,-38.686199],[-59.047496,-38.686171],[-59.048047,-38.686416],[-59.048498,-38.686295],[-59.048875,-38.686286],[-59.049018,-38.686369],[-59.049157,-38.686483],[-59.049314,-38.686594],[-59.049527,-38.686705],[-59.049873,-38.6867],[-59.050331,-38.686631],[-59.050935,-38.686531],[-59.051321,-38.686603],[-59.05267,-38.68695],[-59.05444,-38.687219],[-59.055203,-38.687391],[-59.05697,-38.687696],[-59.057733,-38.687878],[-59.058101,-38.688047],[-59.058562,-38.68832],[-59.059286,-38.688501],[-59.059775,-38.68861],[-59.060106,-38.688602],[-59.060449,-38.688615],[-59.061304,-38.68885],[-59.061935,-38.689051],[-59.062346,-38.689116],[-59.062989,-38.68936],[-59.063516,-38.689488],[-59.064438,-38.689785],[-59.06486,-38.68983],[-59.065256,-38.689864],[-59.065915,-38.689951],[-59.066353,-38.689967],[-59.066866,-38.690136],[-59.067102,-38.690221],[-59.067273,-38.690315],[-59.067627,-38.690473],[-59.067982,-38.6906],[-59.068498,-38.690657],[-59.069263,-38.690735],[-59.069751,-38.69078],[-59.070174,-38.690763],[-59.070689,-38.690757],[-59.071335,-38.690783],[-59.071917,-38.690923],[-59.072456,-38.691093],[-59.072997,-38.691159],[-59.073685,-38.691352],[-59.073935,-38.691447],[-59.074673,-38.691566],[-59.075372,-38.691655],[-59.07598,-38.691546],[-59.077181,-38.691596],[-59.077523,-38.691672],[-59.077749,-38.691829],[-59.077931,-38.692027],[-59.078575,-38.692207],[-59.078971,-38.692231],[-59.079528,-38.692391],[-59.080079,-38.692623],[-59.080645,-38.692783],[-59.08137,-38.692997],[-59.08162,-38.69305],[-59.082079,-38.693271],[-59.082569,-38.693348],[-59.083123,-38.693415],[-59.083598,-38.693439],[-59.084178,-38.693516],[-59.084585,-38.693695],[-59.085976,-38.694357],[-59.086662,-38.694665],[-59.087108,-38.694864],[-59.087543,-38.69493],[-59.088043,-38.695037],[-59.088509,-38.695094],[-59.088996,-38.695201],[-59.089471,-38.695226],[-59.09059,-38.695503],[-59.091128,-38.695704],[-59.09143,-38.695923],[-59.092097,-38.696394],[-59.092766,-38.696751],[-59.092975,-38.696897],[-59.093371,-38.69691],[-59.093714,-38.696852],[-59.094229,-38.696969],[-59.094571,-38.697075],[-59.094992,-38.69716],[-59.095228,-38.697317],[-59.095402,-38.69746],[-59.09549,-38.697507],[-59.095565,-38.697604],[-59.095617,-38.697678],[-59.09568,-38.697771],[-59.096434,-38.698045],[-59.096845,-38.698118],[-59.097567,-38.698383],[-59.098198,-38.698615],[-59.099711,-38.699157],[-59.100899,-38.699588],[-59.10136,-38.69975],[-59.101963,-38.699863],[-59.102669,-38.699977],[-59.103167,-38.700089],[-59.103493,-38.700253],[-59.103872,-38.700337],[-59.104602,-38.700477],[-59.105017,-38.700462],[-59.105316,-38.700455],[-59.105557,-38.70052],[-59.106165,-38.70075],[-59.106521,-38.700816],[-59.107004,-38.70082],[-59.107464,-38.70095],[-59.108062,-38.701154],[-59.108532,-38.701311],[-59.109026,-38.701468],[-59.109312,-38.701569],[-59.109782,-38.701753],[-59.110897,-38.701933],[-59.11131,-38.702008],[-59.11161,-38.70201],[-59.113889,-38.702306],[-59.11438,-38.702262],[-59.114806,-38.702276],[-59.114981,-38.702386],[-59.115748,-38.702566],[-59.11619,-38.702731],[-59.116826,-38.702908],[-59.117362,-38.703011],[-59.118215,-38.703174],[-59.119048,-38.703146],[-59.119655,-38.702978],[-59.120028,-38.702863],[-59.120354,-38.702793],[-59.120662,-38.702715],[-59.121367,-38.702609],[-59.121785,-38.702416],[-59.122032,-38.702346],[-59.122578,-38.702503],[-59.12306,-38.702561],[-59.123541,-38.702673],[-59.124505,-38.702788],[-59.126436,-38.702802],[-59.127401,-38.702863],[-59.127883,-38.702921],[-59.128366,-38.702925],[-59.129814,-38.703017],[-59.13126,-38.703189],[-59.131741,-38.703274],[-59.13367,-38.703505],[-59.134152,-38.703589],[-59.135599,-38.703681],[-59.136322,-38.703767],[-59.136804,-38.703879],[-59.137045,-38.703908],[-59.137526,-38.704046],[-59.137973,-38.704185],[-59.138488,-38.704324],[-59.13945,-38.704655],[-59.139931,-38.704848],[-59.140411,-38.705067],[-59.140925,-38.705342],[-59.14137,-38.705615],[-59.141781,-38.705835],[-59.14209,-38.705945],[-59.142606,-38.706057],[-59.143088,-38.706088],[-59.144055,-38.706041],[-59.144572,-38.706044],[-59.145056,-38.705993],[-59.145539,-38.70597],[-59.146506,-38.705815],[-59.146989,-38.705765],[-59.147749,-38.70577],[-59.148127,-38.705827],[-59.148437,-38.705883],[-59.148885,-38.705887],[-59.149369,-38.705809],[-59.149853,-38.705704],[-59.150198,-38.705653],[-59.150509,-38.705655],[-59.150715,-38.705683],[-59.151677,-38.705988],[-59.152641,-38.706211],[-59.153123,-38.706295],[-59.15357,-38.70638],[-59.153879,-38.706436],[-59.154773,-38.706713],[-59.155289,-38.706825],[-59.155736,-38.706936],[-59.157181,-38.70727],[-59.157697,-38.707382],[-59.158075,-38.707466],[-59.15859,-38.707632],[-59.159071,-38.707798],[-59.159517,-38.707963],[-59.159998,-38.708129],[-59.16048,-38.70824],[-59.160962,-38.708325],[-59.161892,-38.708439],[-59.162409,-38.708497],[-59.16289,-38.708609],[-59.163372,-38.708693],[-59.163888,-38.708778],[-59.16437,-38.70889],[-59.164852,-38.708974],[-59.166299,-38.709147],[-59.167263,-38.709208],[-59.168714,-38.709056],[-59.169197,-38.709032],[-59.169681,-38.708982],[-59.171613,-38.708887],[-59.172096,-38.708891],[-59.172579,-38.708867],[-59.172958,-38.70887],[-59.173406,-38.708927],[-59.173887,-38.709038],[-59.174334,-38.70915],[-59.174815,-38.709315],[-59.175296,-38.709508],[-59.175776,-38.709755],[-59.176222,-38.709974],[-59.176702,-38.710166],[-59.177184,-38.710304],[-59.177666,-38.710389],[-59.17863,-38.710504],[-59.179113,-38.710507],[-59.181048,-38.710197],[-59.181532,-38.710146],[-59.182015,-38.710122],[-59.182498,-38.710072],[-59.182775,-38.71002],[-59.183258,-38.709996],[-59.183741,-38.709945],[-59.185189,-38.709955],[-59.185637,-38.710012],[-59.186119,-38.710097],[-59.186602,-38.710154],[-59.187565,-38.710323],[-59.188047,-38.710435],[-59.189011,-38.710604],[-59.189493,-38.710661],[-59.190456,-38.71083],[-59.190904,-38.710941],[-59.191386,-38.711052],[-59.191868,-38.711137],[-59.19235,-38.711194],[-59.192832,-38.711279],[-59.193314,-38.711336],[-59.194279,-38.711343],[-59.194762,-38.711373],[-59.195244,-38.711431],[-59.195486,-38.711432],[-59.19645,-38.711547],[-59.196932,-38.711658],[-59.197207,-38.711687],[-59.19769,-38.71169],[-59.198173,-38.711721],[-59.19914,-38.711619],[-59.199623,-38.711595],[-59.199968,-38.711598],[-59.200451,-38.711628],[-59.200864,-38.711631],[-59.201346,-38.711688],[-59.201829,-38.711718],[-59.203277,-38.711728],[-59.204244,-38.711627],[-59.204728,-38.711603],[-59.205211,-38.711553],[-59.205728,-38.711556],[-59.206107,-38.711613],[-59.206589,-38.711697],[-59.207071,-38.711754],[-59.207485,-38.711757],[-59.207968,-38.711706],[-59.208451,-38.711709],[-59.208934,-38.71174],[-59.209417,-38.711743],[-59.209934,-38.711773],[-59.210415,-38.711912],[-59.210896,-38.712077],[-59.21234,-38.712493],[-59.213304,-38.712715],[-59.213613,-38.712771],[-59.21406,-38.71291],[-59.214542,-38.713048],[-59.215505,-38.713271],[-59.215987,-38.713355],[-59.216468,-38.713466],[-59.21695,-38.71355],[-59.217432,-38.713662],[-59.21788,-38.713773],[-59.218361,-38.713884],[-59.218568,-38.713912],[-59.219083,-38.714078],[-59.219564,-38.714298],[-59.220525,-38.714682],[-59.221006,-38.714902],[-59.22152,-38.715175],[-59.222,-38.715476],[-59.222446,-38.715722],[-59.222892,-38.715914],[-59.223373,-38.716079],[-59.224336,-38.716356],[-59.224852,-38.716494],[-59.225817,-38.716555],[-59.226783,-38.716561],[-59.227266,-38.71651],[-59.227749,-38.716514],[-59.228232,-38.716544],[-59.228714,-38.716601],[-59.229197,-38.716605],[-59.22968,-38.71658],[-59.230163,-38.71653],[-59.230647,-38.716452],[-59.232825,-38.71598],[-59.233309,-38.715956],[-59.233792,-38.715959],[-59.234274,-38.715989],[-59.234757,-38.716046],[-59.23572,-38.716215],[-59.236168,-38.716272],[-59.23665,-38.716356],[-59.237579,-38.716474],[-59.237906,-38.716538],[-59.240367,-38.716575],[-59.240918,-38.716713],[-59.242778,-38.716942],[-59.243743,-38.717002],[-59.244226,-38.717006],[-59.246521,-38.717204],[-59.247485,-38.717318],[-59.247967,-38.717402],[-59.248449,-38.717513],[-59.248896,-38.717597],[-59.249379,-38.717627],[-59.249862,-38.717685],[-59.250345,-38.717688],[-59.250922,-38.717827],[-59.25314,-38.718248],[-59.253588,-38.718281],[-59.254022,-38.71846],[-59.256329,-38.719013],[-59.258871,-38.719878],[-59.25937,-38.720087],[-59.259949,-38.720205],[-59.260451,-38.720249],[-59.262454,-38.720915],[-59.263625,-38.721201],[-59.264062,-38.721257],[-59.264472,-38.721239],[-59.267142,-38.722072],[-59.267683,-38.722273],[-59.270033,-38.722392],[-59.270455,-38.722363],[-59.270849,-38.722531],[-59.271196,-38.722787],[-59.272303,-38.723198],[-59.273027,-38.723316],[-59.273725,-38.723465],[-59.275137,-38.72376],[-59.275578,-38.723984],[-59.275979,-38.724112],[-59.276461,-38.724194],[-59.276897,-38.724539],[-59.27731,-38.724596],[-59.277811,-38.724609],[-59.278141,-38.724601],[-59.278496,-38.724716],[-59.278758,-38.724904],[-59.279506,-38.725373],[-59.280056,-38.725728],[-59.280365,-38.725912],[-59.280716,-38.725904],[-59.281125,-38.725797],[-59.282883,-38.726035],[-59.283133,-38.726119],[-59.285051,-38.726865],[-59.287276,-38.727871],[-59.289147,-38.728151],[-59.289511,-38.728233],[-59.289826,-38.728411],[-59.290122,-38.728561],[-59.290973,-38.728533],[-59.291423,-38.728622],[-59.292364,-38.728604],[-59.292686,-38.728723],[-59.29299,-38.728889],[-59.29332,-38.728994],[-59.293762,-38.728909],[-59.294128,-38.728865],[-59.294579,-38.728789],[-59.294816,-38.728812],[-59.294979,-38.728891],[-59.295702,-38.72916],[-59.298995,-38.729342],[-59.299321,-38.729577],[-59.299514,-38.729839],[-59.299829,-38.729979],[-59.300153,-38.730021],[-59.300488,-38.730012],[-59.301954,-38.729964],[-59.302372,-38.729884],[-59.302952,-38.729815],[-59.303416,-38.729886],[-59.305709,-38.730194],[-59.306253,-38.730314],[-59.306416,-38.730453],[-59.306749,-38.730634],[-59.307414,-38.730805],[-59.307937,-38.730818],[-59.308362,-38.730709],[-59.308708,-38.730641],[-59.309051,-38.730652],[-59.309426,-38.730759],[-59.309631,-38.730926],[-59.312198,-38.731973],[-59.312595,-38.732156],[-59.312767,-38.732255],[-59.313236,-38.732724],[-59.313488,-38.733342],[-59.31826,-38.734987],[-59.318717,-38.73517],[-59.318827,-38.73585],[-59.319441,-38.736063],[-59.320772,-38.73641],[-59.32144,-38.736617],[-59.322154,-38.736703],[-59.322884,-38.736866],[-59.323662,-38.737255],[-59.324127,-38.737625],[-59.324906,-38.73795],[-59.325825,-38.738019],[-59.32676,-38.738202],[-59.327438,-38.738256],[-59.32824,-38.738436],[-59.328568,-38.738787],[-59.329236,-38.738971],[-59.330502,-38.738949],[-59.331828,-38.738829],[-59.333142,-38.738104],[-59.332795,-38.736696],[-59.3328,-38.73621],[-59.333212,-38.735451],[-59.333764,-38.734011],[-59.333722,-38.732839],[-59.333695,-38.732107],[-59.333694,-38.732076],[-59.333797,-38.73188],[-59.333768,-38.731335],[-59.333464,-38.7293],[-59.333036,-38.7278],[-59.332877,-38.727515],[-59.331567,-38.725648],[-59.331307,-38.725362],[-59.331068,-38.725156],[-59.33081,-38.724792],[-59.330731,-38.724634],[-59.330876,-38.723846],[-59.331723,-38.721796],[-59.331131,-38.720853],[-59.331423,-38.720022],[-59.332067,-38.719927],[-59.333068,-38.719809],[-59.333595,-38.719729],[-59.333796,-38.719582],[-59.334207,-38.719001],[-59.334461,-38.718822],[-59.335546,-38.718869],[-59.335873,-38.718739],[-59.33634,-38.718379],[-59.336711,-38.718043],[-59.337418,-38.717841],[-59.337578,-38.717702],[-59.337742,-38.716953],[-59.337838,-38.716772],[-59.338243,-38.716288],[-59.338711,-38.715854],[-59.339274,-38.715959],[-59.339726,-38.716036],[-59.340899,-38.71549],[-59.341757,-38.714967],[-59.341306,-38.713988],[-59.342261,-38.713104],[-59.343526,-38.712921],[-59.344012,-38.712767],[-59.346113,-38.710086],[-59.346424,-38.709519],[-59.348112,-38.709711],[-59.348743,-38.709797],[-59.350842,-38.710427],[-59.351431,-38.710562],[-59.352031,-38.710557],[-59.352315,-38.710501],[-59.353065,-38.709841],[-59.353702,-38.709292],[-59.354449,-38.709354],[-59.354996,-38.709357],[-59.355619,-38.709212],[-59.355569,-38.708866],[-59.356086,-38.708663],[-59.355934,-38.70801],[-59.356098,-38.707418],[-59.355664,-38.706313],[-59.353553,-38.704678],[-59.353336,-38.704248],[-59.352927,-38.703959],[-59.352782,-38.703744],[-59.352858,-38.703464],[-59.352986,-38.703217],[-59.353465,-38.702643],[-59.353372,-38.702395],[-59.353133,-38.702081],[-59.352991,-38.701569],[-59.352708,-38.701348],[-59.352415,-38.701157],[-59.352792,-38.700277],[-59.353068,-38.69999],[-59.355635,-38.698932],[-59.355927,-38.698649],[-59.356152,-38.69823],[-59.356303,-38.697868],[-59.356646,-38.697086],[-59.357104,-38.696528],[-59.357754,-38.696854],[-59.35857,-38.697311],[-59.358603,-38.697196],[-59.359064,-38.696209],[-59.359161,-38.696063],[-59.359294,-38.695861],[-59.360338,-38.695156],[-59.361783,-38.694316],[-59.361953,-38.693454],[-59.362172,-38.692651],[-59.362801,-38.692083],[-59.363083,-38.691374],[-59.362871,-38.690543],[-59.362671,-38.690257],[-59.36264,-38.690078],[-59.363155,-38.689631],[-59.364243,-38.6887],[-59.364214,-38.688287],[-59.364185,-38.687976],[-59.364652,-38.687537],[-59.364886,-38.686744],[-59.364764,-38.685956],[-59.364111,-38.685384],[-59.363959,-38.685097],[-59.363795,-38.684398],[-59.364065,-38.684152],[-59.365591,-38.683044],[-59.365691,-38.681915],[-59.365936,-38.680866],[-59.365926,-38.680098],[-59.365924,-38.679353],[-59.366473,-38.678664],[-59.366897,-38.678375],[-59.367205,-38.678297],[-59.367529,-38.678156],[-59.367832,-38.677968],[-59.368724,-38.677201],[-59.369745,-38.675488],[-59.371007,-38.673698],[-59.371048,-38.673556],[-59.37105,-38.673382],[-59.370954,-38.672799],[-59.37094,-38.672136],[-59.371003,-38.671885],[-59.371229,-38.671255],[-59.371597,-38.670548],[-59.372288,-38.669732],[-59.372667,-38.669008],[-59.373052,-38.667675],[-59.37326,-38.666433],[-59.373125,-38.666162],[-59.373043,-38.665082],[-59.373094,-38.664549],[-59.373195,-38.66356],[-59.373041,-38.66275],[-59.373182,-38.662355],[-59.373186,-38.661869],[-59.372822,-38.661561],[-59.37209,-38.661233],[-59.371473,-38.660762],[-59.371915,-38.660189],[-59.371988,-38.659739],[-59.372244,-38.659345],[-59.372773,-38.659204],[-59.373738,-38.659227],[-59.374104,-38.659337],[-59.375091,-38.659414],[-59.376525,-38.65945],[-59.37778,-38.659447],[-59.378823,-38.659273],[-59.379814,-38.659198],[-59.38064,-38.659292],[-59.381212,-38.659565],[-59.381644,-38.659982],[-59.382011,-38.660092],[-59.382517,-38.660094],[-59.382862,-38.659898],[-59.383119,-38.659395],[-59.383587,-38.658445],[-59.383751,-38.658139],[-59.384605,-38.657568],[-59.384906,-38.657282],[-59.385162,-38.656923],[-59.385598,-38.656926],[-59.386064,-38.656791],[-59.386737,-38.656003],[-59.387059,-38.655915],[-59.387657,-38.655792],[-59.387911,-38.655577],[-59.38803,-38.655236],[-59.387943,-38.654624],[-59.388129,-38.654319],[-59.388731,-38.65371],[-59.389427,-38.652977],[-59.389589,-38.652671],[-59.390127,-38.651659],[-59.391017,-38.650287],[-59.391503,-38.6498],[-59.39182,-38.649292],[-59.392133,-38.649138],[-59.392339,-38.648796],[-59.392257,-38.648396],[-59.391777,-38.648194],[-59.391326,-38.647902],[-59.390904,-38.647567],[-59.390849,-38.647345],[-59.391024,-38.646835],[-59.391482,-38.646238],[-59.391769,-38.645773],[-59.391914,-38.645441],[-59.391885,-38.645061],[-59.391898,-38.644276],[-59.392104,-38.643692],[-59.39243,-38.64326],[-59.394974,-38.640442],[-59.395149,-38.640127],[-59.395355,-38.639632],[-59.395414,-38.639385],[-59.395003,-38.637041],[-59.395268,-38.636258],[-59.396133,-38.635589],[-59.396635,-38.635066],[-59.397212,-38.63398],[-59.397317,-38.633643],[-59.397645,-38.633564],[-59.397883,-38.632596],[-59.397574,-38.631975],[-59.397177,-38.631174],[-59.396981,-38.63061],[-59.396898,-38.630137],[-59.396988,-38.62971],[-59.397673,-38.628912],[-59.398061,-38.628499],[-59.398177,-38.628297],[-59.398353,-38.627847],[-59.398413,-38.6276],[-59.398529,-38.627421],[-59.398673,-38.627263],[-59.398875,-38.627219],[-59.400048,-38.627698],[-59.400284,-38.627864],[-59.400708,-38.62818],[-59.401205,-38.628568],[-59.401588,-38.629013],[-59.401812,-38.629353],[-59.402071,-38.62951],[-59.402644,-38.629716],[-59.403188,-38.629854],[-59.403475,-38.629855],[-59.404223,-38.629769],[-59.404913,-38.629638],[-59.405747,-38.629394],[-59.405587,-38.627952],[-59.405674,-38.62784],[-59.405762,-38.62766],[-59.407489,-38.627038],[-59.408008,-38.626726],[-59.408326,-38.626502],[-59.409396,-38.625584],[-59.410418,-38.624063],[-59.411341,-38.622959],[-59.411963,-38.621684],[-59.412077,-38.620688],[-59.410204,-38.618066],[-59.409984,-38.617676],[-59.409809,-38.617208],[-59.409787,-38.61633],[-59.409852,-38.615497],[-59.409685,-38.614843],[-59.409572,-38.614572],[-59.409403,-38.614279],[-59.409232,-38.614052],[-59.408633,-38.613531],[-59.408093,-38.612899],[-59.40807,-38.612251],[-59.408219,-38.611592],[-59.40828,-38.611165],[-59.408029,-38.610263],[-59.407206,-38.609133],[-59.406962,-38.608505],[-59.406732,-38.607396],[-59.406639,-38.605988],[-59.40661,-38.604783],[-59.40633,-38.603949],[-59.406337,-38.603161],[-59.406149,-38.601538],[-59.406065,-38.60129],[-59.405952,-38.601086],[-59.404895,-38.60054],[-59.404582,-38.600156],[-59.405043,-38.599889],[-59.404992,-38.599258],[-59.405194,-38.598988],[-59.405368,-38.598809],[-59.405299,-38.597896],[-59.405351,-38.597406],[-59.405698,-38.597099],[-59.405985,-38.596956],[-59.406646,-38.596991],[-59.407505,-38.597153],[-59.408899,-38.596688],[-59.409033,-38.596305],[-59.408641,-38.595087],[-59.408786,-38.594382],[-59.408881,-38.593918],[-59.409393,-38.593729],[-59.409726,-38.593696],[-59.41023,-38.593834],[-59.410481,-38.594647],[-59.410941,-38.595355],[-59.411217,-38.595453],[-59.411685,-38.595661],[-59.412137,-38.595735],[-59.41331,-38.596124],[-59.413624,-38.596396],[-59.413991,-38.597118],[-59.414056,-38.597406],[-59.414102,-38.597615],[-59.414208,-38.597808],[-59.414357,-38.597999],[-59.414639,-38.598089],[-59.414959,-38.598137],[-59.416658,-38.597334],[-59.417261,-38.597405],[-59.417605,-38.597384],[-59.41815,-38.59741],[-59.418495,-38.597389],[-59.419147,-38.597257],[-59.419495,-38.59701],[-59.419662,-38.596687],[-59.419796,-38.596268],[-59.420255,-38.595954],[-59.422038,-38.595672],[-59.423313,-38.596061],[-59.423753,-38.596536],[-59.423773,-38.597663],[-59.425146,-38.598232],[-59.426089,-38.598687],[-59.427065,-38.598715],[-59.427264,-38.598851],[-59.427464,-38.599077],[-59.427744,-38.599821],[-59.427479,-38.600631],[-59.427331,-38.601261],[-59.427326,-38.601891],[-59.426893,-38.602295],[-59.426571,-38.602946],[-59.426969,-38.603533],[-59.427197,-38.603647],[-59.427541,-38.603762],[-59.428057,-38.603831],[-59.428832,-38.603813],[-59.430434,-38.604384],[-59.430778,-38.604431],[-59.431324,-38.604433],[-59.431478,-38.604434],[-59.432043,-38.604166],[-59.432303,-38.60401],[-59.432506,-38.60374],[-59.432562,-38.603205],[-59.432569,-38.602316],[-59.431494,-38.601056],[-59.43121,-38.600671],[-59.431069,-38.600378],[-59.431042,-38.600108],[-59.431194,-38.599027],[-59.431283,-38.59878],[-59.431428,-38.598556],[-59.431746,-38.598242],[-59.432264,-38.597997],[-59.432552,-38.597976],[-59.433326,-38.597979],[-59.433614,-38.597958],[-59.434302,-38.598007],[-59.434935,-38.597762],[-59.435165,-38.597696],[-59.43875,-38.598028],[-59.439411,-38.597964],[-59.43964,-38.597874],[-59.439929,-38.597696],[-59.440103,-38.597449],[-59.440167,-38.596548],[-59.440113,-38.596233],[-59.440057,-38.596053],[-59.440087,-38.595782],[-59.439895,-38.594745],[-59.439324,-38.594247],[-59.439185,-38.593729],[-59.439274,-38.593459],[-59.439506,-38.593077],[-59.440948,-38.592161],[-59.442356,-38.591897],[-59.442789,-38.591584],[-59.443366,-38.591046],[-59.444086,-38.590802],[-59.445493,-38.590651],[-59.445981,-38.589517],[-59.445854,-38.588448],[-59.415753,-38.579601],[-59.397978,-38.574031],[-59.390404,-38.571693],[-59.38421,-38.56972],[-59.379711,-38.568501],[-59.3739,-38.566047],[-59.367928,-38.56345],[-59.367276,-38.563182],[-59.36091,-38.560442],[-59.361692,-38.559281],[-59.352488,-38.555342],[-59.35206,-38.555178],[-59.35014,-38.554377],[-59.348406,-38.55424],[-59.345901,-38.552957],[-59.343922,-38.551645],[-59.342682,-38.550694],[-59.340917,-38.548619],[-59.340307,-38.547752],[-59.339827,-38.545954],[-59.339362,-38.542812],[-59.338809,-38.534557],[-59.338265,-38.534237],[-59.338267,-38.53399],[-59.337852,-38.533714],[-59.337558,-38.523765],[-59.33667,-38.510872],[-59.33604,-38.501348],[-59.341504,-38.501449],[-59.347462,-38.501593],[-59.364164,-38.488796],[-59.406154,-38.457488],[-59.406323,-38.457365],[-59.406648,-38.457128],[-59.404505,-38.455384],[-59.394273,-38.446947],[-59.393883,-38.446643],[-59.382409,-38.437128],[-59.376741,-38.43251],[-59.365554,-38.423424],[-59.365271,-38.423097],[-59.353992,-38.413927],[-59.348743,-38.409676],[-59.343662,-38.405548],[-59.340676,-38.403146],[-59.337709,-38.400673],[-59.336456,-38.399691],[-59.324343,-38.38983],[-59.317061,-38.383826],[-59.317106,-38.383156],[-59.317995,-38.382135],[-59.318089,-38.381801],[-59.318061,-38.381586],[-59.318093,-38.381371],[-59.318435,-38.380586],[-59.31847,-38.380108],[-59.318563,-38.379894],[-59.318747,-38.379609],[-59.319543,-38.378802],[-59.319953,-38.378161],[-59.320775,-38.376804],[-59.321481,-38.375877],[-59.321606,-38.375495],[-59.32176,-38.375234],[-59.321854,-38.374972],[-59.321955,-38.373826],[-59.322726,-38.372446],[-59.32329,-38.370638],[-59.323583,-38.370067],[-59.324892,-38.367804],[-59.325973,-38.365709],[-59.326162,-38.364898],[-59.326348,-38.364493],[-59.326441,-38.364208],[-59.326474,-38.363298],[-59.326508,-38.363006],[-59.326671,-38.362347],[-59.327041,-38.361681],[-59.327194,-38.361467],[-59.327596,-38.360657],[-59.327943,-38.359179],[-59.32924,-38.356585],[-59.329487,-38.356337],[-59.330069,-38.355718],[-59.331324,-38.354233],[-59.332057,-38.352832],[-59.332238,-38.352251],[-59.33263,-38.351962],[-59.333112,-38.351255],[-59.333333,-38.350019],[-59.333624,-38.349109],[-59.333799,-38.348852],[-59.334295,-38.347565],[-59.334791,-38.346446],[-59.334943,-38.346304],[-59.335158,-38.346043],[-59.335528,-38.345376],[-59.335559,-38.345209],[-59.336316,-38.343906],[-59.336424,-38.343758],[-59.339189,-38.339428],[-59.339817,-38.338666],[-59.340693,-38.337384],[-59.341217,-38.336361],[-59.34125,-38.336122],[-59.34176,-38.333331],[-59.341803,-38.332661],[-59.341841,-38.332153],[-59.341548,-38.331538],[-59.341517,-38.331238],[-59.341488,-38.331028],[-59.341471,-38.330899],[-59.340794,-38.330313],[-59.340764,-38.33],[-59.340567,-38.329739],[-59.340075,-38.329161],[-59.339284,-38.328544],[-59.338974,-38.328151],[-59.338451,-38.327287],[-59.338188,-38.32672],[-59.337564,-38.32609],[-59.337319,-38.325724],[-59.337241,-38.325202],[-59.337094,-38.324879],[-59.336784,-38.324369],[-59.336599,-38.323961],[-59.336484,-38.323149],[-59.336518,-38.322183],[-59.336687,-38.321523],[-59.337902,-38.319933],[-59.337996,-38.319612],[-59.339207,-38.318178],[-59.339681,-38.317875],[-59.340048,-38.317616],[-59.340152,-38.317272],[-59.340293,-38.316898],[-59.340994,-38.316232],[-59.341022,-38.315848],[-59.341118,-38.315623],[-59.341168,-38.315325],[-59.341074,-38.31497],[-59.341348,-38.314396],[-59.341938,-38.314283],[-59.342461,-38.313992],[-59.342988,-38.313566],[-59.343207,-38.313189],[-59.343477,-38.312643],[-59.343545,-38.31227],[-59.344025,-38.3119],[-59.344411,-38.311611],[-59.344548,-38.311264],[-59.344581,-38.310897],[-59.344928,-38.310596],[-59.345341,-38.310473],[-59.34568,-38.310159],[-59.346213,-38.310064],[-59.346925,-38.309928],[-59.347392,-38.309589],[-59.347922,-38.309134],[-59.348375,-38.309011],[-59.34904,-38.309112],[-59.349554,-38.309476],[-59.350005,-38.30951],[-59.350362,-38.309279],[-59.3515,-38.307902],[-59.351985,-38.307579],[-59.352206,-38.306941],[-59.352611,-38.30639],[-59.352734,-38.305529],[-59.353184,-38.305284],[-59.353624,-38.304269],[-59.35414,-38.304011],[-59.354225,-38.303757],[-59.354179,-38.303417],[-59.353965,-38.303168],[-59.353421,-38.302904],[-59.353125,-38.302615],[-59.352994,-38.302432],[-59.352683,-38.301961],[-59.352387,-38.301751],[-59.351693,-38.301499],[-59.351183,-38.301131],[-59.350851,-38.300667],[-59.350707,-38.300131],[-59.350512,-38.299765],[-59.349855,-38.299135],[-59.349659,-38.298782],[-59.349645,-38.298481],[-59.349783,-38.297784],[-59.349889,-38.295391],[-59.349859,-38.294978],[-59.349766,-38.294235],[-59.349639,-38.293587],[-59.34861,-38.292841],[-59.348058,-38.292253],[-59.34743,-38.291141],[-59.347234,-38.290655],[-59.346153,-38.28821],[-59.345764,-38.287494],[-59.345192,-38.286348],[-59.344767,-38.285667],[-59.34411,-38.284929],[-59.342873,-38.283834],[-59.342315,-38.283283],[-59.341377,-38.28256],[-59.34103,-38.282229],[-59.34079,-38.281262],[-59.340346,-38.280882],[-59.340049,-38.280443],[-59.339705,-38.280037],[-59.338914,-38.27955],[-59.33882,-38.279014],[-59.338429,-38.278308],[-59.337824,-38.277919],[-59.337628,-38.27709],[-59.337303,-38.276635],[-59.336723,-38.275654],[-59.335885,-38.274391],[-59.335452,-38.273453],[-59.335223,-38.272515],[-59.335249,-38.271151],[-59.336707,-38.271694],[-59.337493,-38.272115],[-59.331816,-38.26287],[-59.329613,-38.259363],[-59.327699,-38.256278],[-59.326094,-38.252939],[-59.325383,-38.250552],[-59.325329,-38.250321],[-59.323102,-38.242902],[-59.320904,-38.235395],[-59.317034,-38.222102],[-59.316507,-38.222066],[-59.315603,-38.222543],[-59.312263,-38.211378],[-59.312142,-38.210888],[-59.313097,-38.21025],[-59.313663,-38.210192],[-59.312925,-38.20763],[-59.313543,-38.207187],[-59.313765,-38.20697],[-59.312162,-38.205744],[-59.310661,-38.203642],[-59.307517,-38.201226],[-59.299005,-38.194722],[-59.295195,-38.191738],[-59.294896,-38.191547],[-59.272347,-38.174337],[-59.257508,-38.163132],[-59.246742,-38.155238],[-59.246698,-38.154077],[-59.246495,-38.153148],[-59.246232,-38.153032],[-59.24651,-38.152793],[-59.246668,-38.152616],[-59.246796,-38.152383],[-59.247058,-38.151766],[-59.247334,-38.151364],[-59.24749,-38.151049],[-59.247612,-38.150798],[-59.247743,-38.150552],[-59.247859,-38.150347],[-59.247949,-38.150126],[-59.247999,-38.149849],[-59.248067,-38.149534],[-59.24819,-38.149225],[-59.248289,-38.148979],[-59.248403,-38.148715],[-59.248505,-38.148491],[-59.248715,-38.148265],[-59.249085,-38.148072],[-59.249399,-38.147935],[-59.249768,-38.14778],[-59.250306,-38.147651],[-59.250947,-38.147446],[-59.251449,-38.147303],[-59.252356,-38.147037],[-59.253198,-38.146847],[-59.254271,-38.14667],[-59.255143,-38.146663],[-59.256336,-38.146697],[-59.257585,-38.146591],[-59.259077,-38.14662],[-59.260766,-38.146725],[-59.261469,-38.14683],[-59.261777,-38.146832],[-59.262461,-38.14689],[-59.262803,-38.146865],[-59.263147,-38.146813],[-59.263489,-38.146788],[-59.263832,-38.146736],[-59.264174,-38.146711],[-59.26486,-38.146554],[-59.265169,-38.146474],[-59.265856,-38.146208],[-59.266543,-38.145997],[-59.26716,-38.145838],[-59.267469,-38.145786],[-59.267811,-38.145734],[-59.26812,-38.145682],[-59.268805,-38.145632],[-59.26901,-38.145634],[-59.269284,-38.145662],[-59.269967,-38.145775],[-59.270308,-38.145858],[-59.27065,-38.145914],[-59.270992,-38.145943],[-59.271675,-38.146055],[-59.272359,-38.146114],[-59.272701,-38.146116],[-59.273044,-38.146091],[-59.273284,-38.146093],[-59.273627,-38.146013],[-59.273936,-38.145934],[-59.274244,-38.145882],[-59.274553,-38.145749],[-59.274896,-38.145643],[-59.275239,-38.145564],[-59.275548,-38.145458],[-59.275926,-38.145352],[-59.276269,-38.145327],[-59.276954,-38.145223],[-59.277228,-38.145198],[-59.279106,-38.145223],[-59.279623,-38.145266],[-59.279966,-38.145242],[-59.280651,-38.145246],[-59.281336,-38.145196],[-59.281678,-38.145144],[-59.281987,-38.145065],[-59.28233,-38.145013],[-59.282981,-38.144909],[-59.283287,-38.144838],[-59.283975,-38.144672],[-59.284284,-38.14462],[-59.284525,-38.144567],[-59.284834,-38.144434],[-59.285211,-38.144328],[-59.285555,-38.144195],[-59.285899,-38.144035],[-59.286242,-38.143902],[-59.286585,-38.143796],[-59.286894,-38.14369],[-59.287203,-38.14361],[-59.287511,-38.143558],[-59.288539,-38.143483],[-59.28991,-38.143275],[-59.290253,-38.143196],[-59.290562,-38.143117],[-59.290836,-38.143038],[-59.291522,-38.14288],[-59.291934,-38.142747],[-59.292277,-38.142668],[-59.29262,-38.142562],[-59.292929,-38.142456],[-59.293273,-38.14235],[-59.293478,-38.142297],[-59.293821,-38.142272],[-59.294095,-38.142273],[-59.294436,-38.142329],[-59.294744,-38.142331],[-59.295018,-38.142306],[-59.296044,-38.142393],[-59.296318,-38.142422],[-59.296659,-38.142478],[-59.296967,-38.142507],[-59.297309,-38.142536],[-59.297651,-38.142538],[-59.297891,-38.142513],[-59.298234,-38.142406],[-59.298611,-38.1423],[-59.298955,-38.142168],[-59.299299,-38.14198],[-59.30033,-38.1415],[-59.300537,-38.141393],[-59.300847,-38.141152],[-59.300951,-38.140936],[-59.300987,-38.140801],[-59.300989,-38.140531],[-59.301061,-38.140261],[-59.301166,-38.139992],[-59.301237,-38.139721],[-59.301342,-38.139479],[-59.301413,-38.139209],[-59.301519,-38.138913],[-59.301555,-38.138642],[-59.301942,-38.137564],[-59.301978,-38.137401],[-59.302153,-38.136918],[-59.302398,-38.136458],[-59.302606,-38.136135],[-59.302883,-38.135758],[-59.302971,-38.135713],[-59.303756,-38.13528],[-59.30419,-38.134955],[-59.305015,-38.134581],[-59.305548,-38.134327],[-59.306631,-38.133834],[-59.306837,-38.133727],[-59.307317,-38.133568],[-59.30766,-38.133489],[-59.308105,-38.133438],[-59.308517,-38.133332],[-59.308928,-38.133253],[-59.309306,-38.133147],[-59.309718,-38.132988],[-59.31013,-38.132801],[-59.310681,-38.132534],[-59.310955,-38.132427],[-59.311367,-38.132321],[-59.311744,-38.132195],[-59.312156,-38.132083],[-59.312397,-38.132023],[-59.312667,-38.132005],[-59.312841,-38.132006],[-59.313253,-38.131819],[-59.3137,-38.131606],[-59.314046,-38.131283],[-59.31439,-38.130988],[-59.314736,-38.130666],[-59.315115,-38.130344],[-59.315494,-38.130048],[-59.315942,-38.129754],[-59.316803,-38.129083],[-59.317149,-38.128734],[-59.317631,-38.128412],[-59.317871,-38.128306],[-59.318249,-38.128146],[-59.319554,-38.12764],[-59.319966,-38.127507],[-59.320858,-38.12716],[-59.321271,-38.127028],[-59.322026,-38.126735],[-59.322437,-38.12663],[-59.322883,-38.126497],[-59.323363,-38.126392],[-59.323774,-38.12634],[-59.324113,-38.126223],[-59.324873,-38.125887],[-59.325285,-38.1257],[-59.325698,-38.125486],[-59.326523,-38.125113],[-59.326832,-38.124979],[-59.327106,-38.124899],[-59.327381,-38.124847],[-59.328202,-38.124852],[-59.329057,-38.124911],[-59.329432,-38.125021],[-59.329841,-38.125132],[-59.33066,-38.125406],[-59.331138,-38.125517],[-59.331396,-38.125469],[-59.331591,-38.125407],[-59.332613,-38.125066],[-59.333025,-38.124933],[-59.333471,-38.124801],[-59.333883,-38.124641],[-59.334192,-38.124481],[-59.334605,-38.124213],[-59.33495,-38.123971],[-59.335328,-38.123757],[-59.335676,-38.12354],[-59.336083,-38.123407],[-59.336332,-38.123352],[-59.337283,-38.123228],[-59.337592,-38.123148],[-59.338003,-38.123097],[-59.338413,-38.123018],[-59.338825,-38.122966],[-59.339236,-38.12286],[-59.340059,-38.122703],[-59.340471,-38.122597],[-59.340882,-38.122464],[-59.341362,-38.122332],[-59.342118,-38.121985],[-59.342393,-38.121797],[-59.343049,-38.121179],[-59.343428,-38.120884],[-59.343875,-38.12067],[-59.344251,-38.120618],[-59.344662,-38.120566],[-59.345039,-38.120542],[-59.345449,-38.120544],[-59.345861,-38.120492],[-59.3461,-38.12044],[-59.346512,-38.120279],[-59.346922,-38.120088],[-59.34776,-38.119644],[-59.348069,-38.119456],[-59.348418,-38.119219],[-59.349478,-38.118708],[-59.350432,-38.118316],[-59.350612,-38.118255],[-59.350886,-38.118202],[-59.351296,-38.118177],[-59.351707,-38.118099],[-59.352051,-38.118019],[-59.352497,-38.117832],[-59.353289,-38.117215],[-59.353393,-38.117027],[-59.353604,-38.116433],[-59.353709,-38.116082],[-59.353678,-38.115731],[-59.353818,-38.11538],[-59.35406,-38.115138],[-59.354473,-38.114897],[-59.354713,-38.114763],[-59.354919,-38.114684],[-59.355331,-38.114578],[-59.356163,-38.114418],[-59.356742,-38.114369],[-59.35742,-38.114322],[-59.357863,-38.114429],[-59.35817,-38.11454],[-59.358512,-38.114622],[-59.358854,-38.11457],[-59.359197,-38.114491],[-59.359506,-38.114412],[-59.359779,-38.114359],[-59.360806,-38.114283],[-59.361835,-38.114046],[-59.362143,-38.113993],[-59.362485,-38.113969],[-59.362793,-38.113943],[-59.364436,-38.113952],[-59.364777,-38.114008],[-59.365393,-38.114011],[-59.365735,-38.114067],[-59.366076,-38.114096],[-59.366418,-38.114152],[-59.366726,-38.114207],[-59.367101,-38.114236],[-59.367409,-38.114319],[-59.36775,-38.114402],[-59.368057,-38.114485],[-59.368741,-38.114542],[-59.369083,-38.114517],[-59.369289,-38.114465],[-59.369999,-38.114063],[-59.370662,-38.113904],[-59.370824,-38.113878],[-59.371894,-38.113913],[-59.372579,-38.113971],[-59.373263,-38.113974],[-59.374632,-38.113874],[-59.375317,-38.113715],[-59.375626,-38.113662],[-59.375968,-38.11361],[-59.376276,-38.113585],[-59.376619,-38.113559],[-59.376961,-38.113507],[-59.377646,-38.113457],[-59.377988,-38.113405],[-59.37833,-38.113379],[-59.378673,-38.113327],[-59.378981,-38.113275],[-59.379324,-38.113222],[-59.379914,-38.113072],[-59.380968,-38.112853],[-59.381357,-38.11282],[-59.381817,-38.112782],[-59.38337,-38.112618],[-59.383707,-38.112569],[-59.385351,-38.112416],[-59.386,-38.112378],[-59.386342,-38.11236],[-59.387284,-38.112401],[-59.387631,-38.112406],[-59.387965,-38.112462],[-59.388633,-38.112541],[-59.388978,-38.112559],[-59.38933,-38.112614],[-59.389732,-38.112663],[-59.390251,-38.112804],[-59.390694,-38.112899],[-59.391043,-38.112929],[-59.391406,-38.112948],[-59.391825,-38.113033],[-59.392256,-38.113085],[-59.393101,-38.113231],[-59.39444,-38.113544],[-59.395089,-38.113655],[-59.39543,-38.113711],[-59.395728,-38.113766],[-59.396077,-38.113864],[-59.396387,-38.113851],[-59.397066,-38.113778],[-59.3975,-38.11375],[-59.397962,-38.113724],[-59.398304,-38.113726],[-59.398647,-38.113701],[-59.398989,-38.113703],[-59.399331,-38.113677],[-59.400249,-38.11367],[-59.401041,-38.113713],[-59.401066,-38.113716],[-59.401315,-38.113741],[-59.402896,-38.11409],[-59.404445,-38.114319],[-59.40687,-38.114589],[-59.40893,-38.114553],[-59.410624,-38.114287],[-59.411402,-38.114083],[-59.412979,-38.113884],[-59.413663,-38.113833],[-59.414689,-38.113838],[-59.415703,-38.113749],[-59.415902,-38.113698],[-59.416306,-38.113542],[-59.416566,-38.113348],[-59.416777,-38.113167],[-59.417063,-38.112732],[-59.417169,-38.112463],[-59.417384,-38.11221],[-59.417785,-38.111862],[-59.417982,-38.11176],[-59.418613,-38.111518],[-59.419098,-38.111289],[-59.419445,-38.111231],[-59.419796,-38.111125],[-59.420469,-38.110866],[-59.420784,-38.110623],[-59.42136,-38.110241],[-59.422076,-38.10974],[-59.422389,-38.109563],[-59.422753,-38.109359],[-59.423079,-38.109154],[-59.423388,-38.108954],[-59.423603,-38.108825],[-59.423904,-38.108675],[-59.424248,-38.108489],[-59.424941,-38.108118],[-59.425245,-38.107927],[-59.425588,-38.107739],[-59.426271,-38.107318],[-59.426418,-38.107253],[-59.427064,-38.107016],[-59.427366,-38.106973],[-59.42769,-38.106942],[-59.428058,-38.106887],[-59.428368,-38.106834],[-59.428707,-38.106795],[-59.429064,-38.10669],[-59.429428,-38.106541],[-59.42965,-38.106373],[-59.429945,-38.106112],[-59.430281,-38.10589],[-59.430495,-38.105763],[-59.431113,-38.105496],[-59.431387,-38.105358],[-59.432433,-38.105062],[-59.432943,-38.104804],[-59.433434,-38.104453],[-59.433895,-38.104122],[-59.434513,-38.103701],[-59.434835,-38.103514],[-59.43516,-38.103321],[-59.435406,-38.103246],[-59.43609,-38.10306],[-59.436436,-38.102971],[-59.436805,-38.102999],[-59.437804,-38.102934],[-59.438012,-38.102881],[-59.438419,-38.102667],[-59.438528,-38.102471],[-59.438628,-38.102208],[-59.438767,-38.101938],[-59.438906,-38.101695],[-59.43908,-38.101399],[-59.439286,-38.101238],[-59.439493,-38.101103],[-59.439879,-38.100939],[-59.440144,-38.100809],[-59.440385,-38.100702],[-59.44107,-38.10049],[-59.441413,-38.100356],[-59.441763,-38.100258],[-59.442175,-38.100098],[-59.442484,-38.099883],[-59.442828,-38.099641],[-59.443035,-38.09948],[-59.443207,-38.099373],[-59.443482,-38.099104],[-59.443792,-38.098808],[-59.444136,-38.098593],[-59.444512,-38.098344],[-59.446004,-38.09813],[-59.44626,-38.098198],[-59.446807,-38.098201],[-59.447148,-38.098284],[-59.447421,-38.098366],[-59.447727,-38.098556],[-59.448033,-38.098774],[-59.448409,-38.098965],[-59.448681,-38.099129],[-59.448954,-38.099211],[-59.449261,-38.099266],[-59.449603,-38.099268],[-59.449946,-38.099215],[-59.450288,-38.099136],[-59.450631,-38.099003],[-59.450975,-38.098815],[-59.451352,-38.098601],[-59.45173,-38.098332],[-59.452143,-38.098145],[-59.45228,-38.098037],[-59.452589,-38.097769],[-59.452899,-38.097527],[-59.453415,-38.09715],[-59.453587,-38.096963],[-59.454206,-38.096587],[-59.454446,-38.096453],[-59.454977,-38.09629],[-59.455474,-38.096187],[-59.455851,-38.096108],[-59.456193,-38.096109],[-59.456878,-38.096059],[-59.457223,-38.09607],[-59.457907,-38.096019],[-59.458249,-38.095966],[-59.458626,-38.095887],[-59.458934,-38.095834],[-59.459277,-38.095782],[-59.459482,-38.095729],[-59.460512,-38.095247],[-59.460821,-38.095059],[-59.461164,-38.094872],[-59.461336,-38.094764],[-59.461611,-38.094657],[-59.461988,-38.094524],[-59.462331,-38.094363],[-59.462674,-38.09423],[-59.463052,-38.094069],[-59.464423,-38.093643],[-59.464765,-38.093564],[-59.465074,-38.093484],[-59.465416,-38.093405],[-59.465622,-38.093351],[-59.465964,-38.093326],[-59.467676,-38.093064],[-59.467881,-38.09301],[-59.468223,-38.092958],[-59.468477,-38.092879],[-59.468874,-38.092772],[-59.469251,-38.092665],[-59.469936,-38.092506],[-59.470314,-38.092373],[-59.470553,-38.092347],[-59.471582,-38.091946],[-59.471994,-38.091732],[-59.472372,-38.091544],[-59.472715,-38.091302],[-59.473094,-38.091007],[-59.473305,-38.090947],[-59.473711,-38.090793],[-59.475423,-38.090396],[-59.475766,-38.090289],[-59.476143,-38.090156],[-59.476453,-38.089914],[-59.476762,-38.089699],[-59.47714,-38.089484],[-59.47745,-38.089188],[-59.477638,-38.089042],[-59.478137,-38.088651],[-59.47848,-38.088517],[-59.478823,-38.088356],[-59.479381,-38.088158],[-59.479758,-38.088078],[-59.480442,-38.087973],[-59.481127,-38.087922],[-59.481332,-38.087896],[-59.481708,-38.087789],[-59.482051,-38.08771],[-59.482463,-38.087577],[-59.482873,-38.08747],[-59.483216,-38.087391],[-59.483524,-38.087311],[-59.484073,-38.087097],[-59.484659,-38.086915],[-59.485088,-38.086737],[-59.485604,-38.086468],[-59.486381,-38.086077],[-59.487126,-38.085678],[-59.487331,-38.085651],[-59.487723,-38.085503],[-59.488394,-38.085305],[-59.488599,-38.085279],[-59.488942,-38.085253],[-59.489284,-38.085174],[-59.489705,-38.085147],[-59.490482,-38.084963],[-59.491167,-38.084857],[-59.491509,-38.084778],[-59.491784,-38.084698],[-59.492811,-38.084459],[-59.493188,-38.08438],[-59.49353,-38.084327],[-59.493907,-38.084275],[-59.49418,-38.084249],[-59.494597,-38.084171],[-59.495243,-38.083875],[-59.495587,-38.083687],[-59.495964,-38.083473],[-59.496308,-38.083177],[-59.496701,-38.083007],[-59.496995,-38.082775],[-59.497372,-38.082533],[-59.497648,-38.082291],[-59.497995,-38.08194],[-59.499157,-38.081346],[-59.500147,-38.080907],[-59.501051,-38.080757],[-59.501896,-38.080649],[-59.503791,-38.080652],[-59.50437,-38.080453],[-59.505712,-38.080324],[-59.506279,-38.080096],[-59.507903,-38.079955],[-59.50897,-38.079508],[-59.509815,-38.079133],[-59.510488,-38.078615],[-59.511,-38.077856],[-59.511328,-38.077133],[-59.511928,-38.076065],[-59.512698,-38.075475],[-59.513449,-38.074863],[-59.514365,-38.073579],[-59.514764,-38.072759],[-59.515293,-38.072439],[-59.515905,-38.072254],[-59.516347,-38.072256],[-59.517523,-38.071559],[-59.518517,-38.07124],[-59.519254,-38.071134],[-59.520528,-38.071099],[-59.521202,-38.070935],[-59.521608,-38.070868],[-59.522452,-38.070358],[-59.523518,-38.069979],[-59.524598,-38.069323],[-59.525268,-38.069116],[-59.526006,-38.068742],[-59.527456,-38.067675],[-59.528458,-38.066731],[-59.528901,-38.066639],[-59.529771,-38.065999],[-59.530848,-38.06489],[-59.531871,-38.064169],[-59.532449,-38.06366],[-59.533143,-38.062864],[-59.533973,-38.062431],[-59.534763,-38.061272],[-59.53555,-38.060186],[-59.536513,-38.059474],[-59.537022,-38.058969],[-59.537125,-38.058808],[-59.537297,-38.058592],[-59.537779,-38.058134],[-59.538156,-38.057947],[-59.538568,-38.057732],[-59.538945,-38.057463],[-59.539185,-38.057302],[-59.539391,-38.057276],[-59.539801,-38.057277],[-59.540211,-38.057252],[-59.541032,-38.057256],[-59.541476,-38.057203],[-59.541818,-38.057231],[-59.542228,-38.057287],[-59.54257,-38.05737],[-59.543387,-38.057697],[-59.543797,-38.057834],[-59.544241,-38.057971],[-59.544616,-38.058134],[-59.545127,-38.058406],[-59.545603,-38.058733],[-59.545807,-38.059003],[-59.545976,-38.059301],[-59.546177,-38.059951],[-59.546311,-38.060276],[-59.546481,-38.060466],[-59.546788,-38.060602],[-59.547027,-38.060657],[-59.547437,-38.060632],[-59.547847,-38.06066],[-59.548223,-38.060715],[-59.548537,-38.060704],[-59.54984,-38.060161],[-59.550111,-38.059791],[-59.550965,-38.059591],[-59.551375,-38.059539],[-59.551786,-38.059405],[-59.552231,-38.059245],[-59.552702,-38.059061],[-59.553363,-38.058956],[-59.554593,-38.059123],[-59.555823,-38.059209],[-59.556233,-38.059211],[-59.556446,-38.059192],[-59.556541,-38.059185],[-59.556918,-38.059051],[-59.557363,-38.058863],[-59.557672,-38.058675],[-59.55805,-38.05838],[-59.558359,-38.058164],[-59.558857,-38.057891],[-59.559455,-38.057736],[-59.5599,-38.057575],[-59.560141,-38.057387],[-59.560382,-38.057064],[-59.560589,-38.05674],[-59.560761,-38.056525],[-59.561401,-38.056203],[-59.562074,-38.056006],[-59.562677,-38.056208],[-59.563087,-38.056371],[-59.563462,-38.056535],[-59.5637,-38.056535],[-59.563975,-38.056482],[-59.565207,-38.056082],[-59.565584,-38.056083],[-59.565993,-38.056112],[-59.566404,-38.056113],[-59.567223,-38.05617],[-59.567634,-38.056172],[-59.568044,-38.0562],[-59.568454,-38.056175],[-59.568831,-38.056122],[-59.56924,-38.056124],[-59.569651,-38.056044],[-59.570062,-38.055938],[-59.570473,-38.055804],[-59.571523,-38.055393],[-59.571672,-38.055349],[-59.572118,-38.055215],[-59.572528,-38.055109],[-59.572938,-38.055029],[-59.574465,-38.054688],[-59.57583,-38.054522],[-59.57642,-38.054318],[-59.576726,-38.054069],[-59.576913,-38.053803],[-59.577165,-38.053468],[-59.577568,-38.053163],[-59.578013,-38.052975],[-59.578492,-38.052896],[-59.578971,-38.052844],[-59.579961,-38.052894],[-59.580918,-38.052951],[-59.58143,-38.052926],[-59.582388,-38.052875],[-59.582798,-38.052876],[-59.583277,-38.05277],[-59.583996,-38.052557],[-59.584305,-38.052368],[-59.584614,-38.052018],[-59.585164,-38.051464],[-59.585713,-38.051157],[-59.586364,-38.050749],[-59.587084,-38.050486],[-59.587598,-38.050245],[-59.587873,-38.049976],[-59.588182,-38.049625],[-59.588354,-38.049409],[-59.588732,-38.049167],[-59.58969,-38.048981],[-59.589861,-38.048901],[-59.590581,-38.048445],[-59.590981,-38.048311],[-59.591664,-38.048313],[-59.592224,-38.048126],[-59.592704,-38.047911],[-59.593252,-38.047616],[-59.594431,-38.047411],[-59.595134,-38.047136],[-59.595579,-38.047002],[-59.596252,-38.046882],[-59.596775,-38.047033],[-59.597151,-38.047143],[-59.597492,-38.047279],[-59.59797,-38.047361],[-59.598482,-38.047417],[-59.598893,-38.047311],[-59.599338,-38.047096],[-59.599784,-38.046827],[-59.600263,-38.046721],[-59.601015,-38.046751],[-59.601494,-38.046671],[-59.6023,-38.046442],[-59.603391,-38.046382],[-59.603523,-38.046284],[-59.603718,-38.046138],[-59.604164,-38.045788],[-59.604611,-38.045465],[-59.604872,-38.045269],[-59.605703,-38.044819],[-59.606274,-38.044685],[-59.607007,-38.044771],[-59.607894,-38.044936],[-59.608578,-38.04483],[-59.609092,-38.044669],[-59.60953,-38.044585],[-59.609911,-38.044888],[-59.610591,-38.045431],[-59.611103,-38.045622],[-59.611595,-38.045805],[-59.61225,-38.045978],[-59.613476,-38.04616],[-59.614245,-38.046071],[-59.614751,-38.045845],[-59.615211,-38.045632],[-59.615677,-38.045316],[-59.616471,-38.045207],[-59.616984,-38.045209],[-59.617599,-38.045265],[-59.619581,-38.045217],[-59.620743,-38.045275],[-59.621188,-38.045223],[-59.622214,-38.045009],[-59.622591,-38.044903],[-59.622865,-38.044769],[-59.623996,-38.043961],[-59.62429,-38.043731],[-59.625777,-38.043291],[-59.626622,-38.042889],[-59.627114,-38.042512],[-59.627354,-38.042269],[-59.627766,-38.041946],[-59.628589,-38.041435],[-59.629103,-38.041247],[-59.629431,-38.04114],[-59.629651,-38.041006],[-59.629788,-38.040872],[-59.629995,-38.040521],[-59.63079,-38.038685],[-59.630863,-38.037686],[-59.630549,-38.03713],[-59.63061,-38.03637],[-59.632997,-38.034801],[-59.634063,-38.033317],[-59.634098,-38.033101],[-59.6341,-38.032803],[-59.633186,-38.031152],[-59.633084,-38.030854],[-59.632982,-38.030692],[-59.632541,-38.030204],[-59.632337,-38.030015],[-59.63209,-38.029577],[-59.633366,-38.029234],[-59.633777,-38.029046],[-59.635797,-38.028268],[-59.636587,-38.02746],[-59.638004,-38.026647],[-59.639495,-38.026196],[-59.641938,-38.024828],[-59.643484,-38.024024],[-59.644097,-38.023847],[-59.644678,-38.023773],[-59.645291,-38.023571],[-59.646228,-38.023242],[-59.647069,-38.023131],[-59.648399,-38.022969],[-59.649369,-38.022564],[-59.649837,-38.022289],[-59.650931,-38.021584],[-59.651688,-38.020533],[-59.652441,-38.02013],[-59.653331,-38.019862],[-59.653981,-38.019539],[-59.65429,-38.019351],[-59.655658,-38.017839],[-59.656829,-38.01698],[-59.65837,-38.016038],[-59.658953,-38.01577],[-59.659711,-38.015703],[-59.660335,-38.015754],[-59.661354,-38.015724],[-59.661792,-38.015347],[-59.662207,-38.013752],[-59.662311,-38.013591],[-59.66272,-38.013195],[-59.663003,-38.012478],[-59.663077,-38.011964],[-59.662833,-38.011376],[-59.662358,-38.010726],[-59.662155,-38.010374],[-59.661987,-38.009778],[-59.66209,-38.009481],[-59.663771,-38.007865],[-59.665067,-38.007261],[-59.66644,-38.007061],[-59.669385,-38.005313],[-59.669866,-38.004801],[-59.670692,-38.003506],[-59.671137,-38.003021],[-59.672201,-38.002078],[-59.672817,-38.001791],[-59.673381,-38.001644],[-59.674332,-38.00135],[-59.674955,-38.001073],[-59.676988,-38.000109],[-59.662061,-37.989163],[-59.661676,-37.988699],[-59.654055,-37.982745],[-59.638079,-37.970246],[-59.629265,-37.963369],[-59.628934,-37.963118],[-59.61961,-37.955724],[-59.610994,-37.948836],[-59.61063,-37.948679],[-59.60752,-37.946124],[-59.606365,-37.945256],[-59.601348,-37.941294],[-59.588187,-37.930921],[-59.587776,-37.930608],[-59.583502,-37.927277],[-59.57375,-37.919644],[-59.565032,-37.912906],[-59.56169,-37.91035],[-59.559951,-37.908927],[-59.559328,-37.908479],[-59.547748,-37.899809],[-59.545737,-37.898308],[-59.536319,-37.890974],[-59.525764,-37.882724],[-59.508115,-37.868966],[-59.50812,-37.868184],[-59.506426,-37.866863],[-59.481608,-37.846668],[-59.481096,-37.846378],[-59.471867,-37.838621],[-59.463107,-37.831903],[-59.455587,-37.826126],[-59.455348,-37.825948],[-59.440114,-37.813848],[-59.425905,-37.802482],[-59.425563,-37.802208],[-59.421458,-37.798972],[-59.416729,-37.795188],[-59.411633,-37.791085],[-59.410913,-37.790523],[-59.406527,-37.786974],[-59.401253,-37.782689],[-59.401011,-37.782513],[-59.400773,-37.781765],[-59.400805,-37.781479],[-59.400768,-37.781083],[-59.400512,-37.780522],[-59.400305,-37.780163],[-59.399977,-37.779779],[-59.399798,-37.779611],[-59.399662,-37.777748],[-59.40024,-37.777059],[-59.400323,-37.775825],[-59.400164,-37.77569],[-59.399787,-37.775368],[-59.397526,-37.774132],[-59.397317,-37.773916],[-59.396755,-37.772791],[-59.395967,-37.771803],[-59.395501,-37.771615],[-59.39499,-37.771541],[-59.394447,-37.771705],[-59.394117,-37.771751],[-59.393557,-37.771764],[-59.392444,-37.771398],[-59.391876,-37.770908],[-59.391027,-37.770661],[-59.390311,-37.77006],[-59.389547,-37.769243],[-59.389023,-37.768449],[-59.388731,-37.768237],[-59.386092,-37.767293],[-59.385763,-37.767076],[-59.385705,-37.766885],[-59.385829,-37.766649],[-59.386341,-37.76622],[-59.386616,-37.765815],[-59.386869,-37.764216],[-59.386845,-37.763898],[-59.387027,-37.763376],[-59.386747,-37.762905],[-59.386452,-37.762635],[-59.385923,-37.762254],[-59.385625,-37.76199],[-59.385408,-37.761758],[-59.385185,-37.76065],[-59.38419,-37.75954],[-59.383579,-37.759117],[-59.383337,-37.758611],[-59.381147,-37.758074],[-59.378978,-37.758517],[-59.378436,-37.758586],[-59.377744,-37.758558],[-59.377293,-37.758484],[-59.375195,-37.757709],[-59.374623,-37.757801],[-59.374137,-37.75842],[-59.373775,-37.758585],[-59.373121,-37.75835],[-59.372664,-37.758293],[-59.370592,-37.758019],[-59.370142,-37.757801],[-59.369873,-37.757633],[-59.369545,-37.757297],[-59.369095,-37.756679],[-59.367393,-37.755734],[-59.366198,-37.754892],[-59.365779,-37.754651],[-59.365569,-37.754554],[-59.365033,-37.754002],[-59.363919,-37.752613],[-59.363513,-37.752346],[-59.362649,-37.752171],[-59.360872,-37.750794],[-59.357652,-37.750564],[-59.35481,-37.748211],[-59.3504,-37.744377],[-59.350637,-37.743311],[-59.34898,-37.741152],[-59.343277,-37.737007],[-59.340781,-37.733422],[-59.339524,-37.732807],[-59.337191,-37.732286],[-59.330461,-37.729399],[-59.326139,-37.727891],[-59.323139,-37.725756],[-59.321809,-37.724173],[-59.317747,-37.722122],[-59.312733,-37.721577],[-59.307077,-37.720263],[-59.295962,-37.712478],[-59.29498,-37.711422],[-59.292529,-37.710307],[-59.291416,-37.708517],[-59.289003,-37.705946],[-59.289122,-37.705329],[-59.287947,-37.704681],[-59.285379,-37.703019],[-59.283222,-37.702337],[-59.282324,-37.701878],[-59.281637,-37.701444],[-59.281265,-37.701155],[-59.280744,-37.700746],[-59.28044,-37.700496],[-59.279278,-37.699973],[-59.278354,-37.699132],[-59.277765,-37.698886],[-59.276501,-37.698189],[-59.275817,-37.697682],[-59.274847,-37.697337],[-59.274319,-37.696934],[-59.274097,-37.6964],[-59.273427,-37.696046],[-59.273219,-37.695782],[-59.273132,-37.695494],[-59.27339,-37.694983],[-59.272631,-37.694365],[-59.271223,-37.69405],[-59.270833,-37.693952],[-59.270475,-37.693711],[-59.270299,-37.693304],[-59.270007,-37.692525],[-59.26929,-37.692061],[-59.26743,-37.691711],[-59.267133,-37.691375],[-59.267107,-37.691016],[-59.267205,-37.690181],[-59.267149,-37.689703],[-59.26714,-37.689161],[-59.266683,-37.688268],[-59.265992,-37.68824],[-59.265482,-37.688237],[-59.264762,-37.688065],[-59.263167,-37.687044],[-59.262965,-37.686087],[-59.262757,-37.68575],[-59.261891,-37.685543],[-59.261526,-37.685437],[-59.260524,-37.684559],[-59.259945,-37.68427],[-59.259097,-37.683661],[-59.25883,-37.683324],[-59.258201,-37.683153],[-59.257178,-37.683034],[-59.256464,-37.682617],[-59.256285,-37.681969],[-59.2562,-37.681761],[-59.256658,-37.681306],[-59.256007,-37.680251],[-59.25589,-37.679963],[-59.255812,-37.678746],[-59.255754,-37.67853],[-59.255177,-37.678197],[-59.254263,-37.677422],[-59.254391,-37.676683],[-59.254483,-37.676445],[-59.255266,-37.676235],[-59.255989,-37.676096],[-59.25614,-37.67593],[-59.256085,-37.675452],[-59.25594,-37.674998],[-59.255819,-37.674361],[-59.24654,-37.668065],[-59.242081,-37.6646],[-59.235798,-37.659291],[-59.227846,-37.652512],[-59.227472,-37.65208],[-59.226474,-37.651297],[-59.217157,-37.643406],[-59.212419,-37.639443],[-59.211565,-37.638657],[-59.206745,-37.634608],[-59.192138,-37.622096],[-59.191723,-37.621849],[-59.185495,-37.616752],[-59.185046,-37.616903],[-59.184801,-37.617459],[-59.184309,-37.618113],[-59.183595,-37.618685],[-59.182783,-37.619096],[-59.180884,-37.620895],[-59.180017,-37.621605],[-59.178996,-37.622641],[-59.177732,-37.623673],[-59.176191,-37.624223],[-59.174089,-37.624465],[-59.172488,-37.625339],[-59.169203,-37.627152],[-59.167315,-37.62786],[-59.166403,-37.628464],[-59.165733,-37.629369],[-59.164471,-37.630254],[-59.162901,-37.631526],[-59.162339,-37.632578],[-59.162023,-37.633795],[-59.161934,-37.634501],[-59.16127,-37.635568],[-59.16011,-37.636346],[-59.159295,-37.636982],[-59.158553,-37.638162],[-59.158445,-37.638723],[-59.158412,-37.639894],[-59.158149,-37.641572],[-59.158146,-37.641829],[-59.157851,-37.642171],[-59.157629,-37.643012],[-59.157621,-37.643769],[-59.157231,-37.644944],[-59.157222,-37.645701],[-59.157322,-37.646291],[-59.157419,-37.647092],[-59.157198,-37.647848],[-59.157421,-37.648646],[-59.157085,-37.65028],[-59.156744,-37.650972],[-59.156419,-37.651788],[-59.156039,-37.65233],[-59.155325,-37.652903],[-59.155028,-37.653414],[-59.15473,-37.653957],[-59.15465,-37.654687],[-59.154342,-37.655227],[-59.153962,-37.655605],[-59.153701,-37.656375],[-59.153377,-37.657397],[-59.153325,-37.658273],[-59.153339,-37.658918],[-59.153534,-37.659993],[-59.153798,-37.660624],[-59.154315,-37.661548],[-59.156376,-37.66325],[-59.157594,-37.6642],[-59.158084,-37.665014],[-59.158775,-37.666496],[-59.158959,-37.667057],[-59.158868,-37.668021],[-59.159011,-37.668745],[-59.15981,-37.669107],[-59.160366,-37.67003],[-59.16057,-37.670781],[-59.162159,-37.67285],[-59.162055,-37.673655],[-59.162074,-37.67403],[-59.162517,-37.674558],[-59.162449,-37.676451],[-59.16261,-37.677059],[-59.163117,-37.678007],[-59.163372,-37.678515],[-59.163363,-37.679246],[-59.164108,-37.680226],[-59.164568,-37.681361],[-59.164626,-37.682468],[-59.164686,-37.683462],[-59.164629,-37.684268],[-59.165675,-37.685775],[-59.165869,-37.686221],[-59.165885,-37.686257],[-59.16621,-37.686728],[-59.166461,-37.687517],[-59.16709,-37.688347],[-59.16727,-37.689041],[-59.167302,-37.690461],[-59.167483,-37.691175],[-59.168019,-37.691872],[-59.168271,-37.692511],[-59.168525,-37.693057],[-59.169206,-37.693437],[-59.169488,-37.693532],[-59.169672,-37.694002],[-59.169569,-37.694499],[-59.169379,-37.695083],[-59.169371,-37.695758],[-59.169578,-37.696322],[-59.169546,-37.697015],[-59.169307,-37.697351],[-59.169629,-37.698141],[-59.170186,-37.698913],[-59.170227,-37.69957],[-59.171048,-37.700044],[-59.171161,-37.700514],[-59.170755,-37.701415],[-59.170321,-37.701571],[-59.169508,-37.703074],[-59.169148,-37.703512],[-59.16878,-37.706451],[-59.169147,-37.70739],[-59.169342,-37.709053],[-59.168666,-37.710342],[-59.168516,-37.711035],[-59.168718,-37.712067],[-59.168403,-37.712739],[-59.168404,-37.714268],[-59.167711,-37.7149],[-59.16727,-37.715047],[-59.166855,-37.715457],[-59.166495,-37.71596],[-59.165993,-37.716444],[-59.16589,-37.71715],[-59.166333,-37.717603],[-59.166921,-37.717925],[-59.167406,-37.718885],[-59.167506,-37.720442],[-59.16651,-37.721345],[-59.165663,-37.722334],[-59.165514,-37.723008],[-59.165668,-37.724003],[-59.165165,-37.724618],[-59.165208,-37.724937],[-59.16616,-37.726481],[-59.166345,-37.726964],[-59.166954,-37.72738],[-59.167398,-37.727927],[-59.16751,-37.728415],[-59.167145,-37.729388],[-59.166852,-37.73021],[-59.166748,-37.731081],[-59.166879,-37.732075],[-59.166747,-37.733256],[-59.166671,-37.733724],[-59.166384,-37.734078],[-59.16635,-37.73494],[-59.165988,-37.735631],[-59.166149,-37.736037],[-59.166499,-37.73647],[-59.166347,-37.737007],[-59.165848,-37.737554],[-59.164432,-37.737431],[-59.163837,-37.737764],[-59.163406,-37.738248],[-59.16267,-37.738525],[-59.161937,-37.738613],[-59.16127,-37.739077],[-59.160865,-37.740756],[-59.160708,-37.741541],[-59.160254,-37.742026],[-59.160131,-37.742475],[-59.160683,-37.743754],[-59.160981,-37.744655],[-59.160787,-37.745067],[-59.159432,-37.745686],[-59.158927,-37.746245],[-59.157718,-37.746574],[-59.156301,-37.746452],[-59.155529,-37.746252],[-59.153779,-37.745796],[-59.151567,-37.744993],[-59.15005,-37.745047],[-59.149466,-37.745143],[-59.148443,-37.745774],[-59.146658,-37.746659],[-59.146061,-37.747198],[-59.146112,-37.748472],[-59.146152,-37.749166],[-59.145502,-37.750173],[-59.144545,-37.751141],[-59.143736,-37.751623],[-59.143484,-37.75229],[-59.142676,-37.752734],[-59.142783,-37.75371],[-59.141758,-37.754377],[-59.141044,-37.754859],[-59.139553,-37.754999],[-59.138622,-37.75576],[-59.137692,-37.756],[-59.13717,-37.756165],[-59.136173,-37.756533],[-59.135528,-37.757128],[-59.13491,-37.757311],[-59.134422,-37.758389],[-59.134173,-37.759494],[-59.133523,-37.760408],[-59.133347,-37.761382],[-59.133544,-37.762015],[-59.133397,-37.762482],[-59.132822,-37.763078],[-59.132766,-37.76386],[-59.13198,-37.764323],[-59.131622,-37.76462],[-59.131332,-37.765143],[-59.130427,-37.765736],[-59.130115,-37.766109],[-59.130273,-37.766729],[-59.131229,-37.767898],[-59.131523,-37.768665],[-59.131458,-37.770145],[-59.131398,-37.771251],[-59.131911,-37.771892],[-59.131902,-37.772623],[-59.130397,-37.77398],[-59.130321,-37.774332],[-59.130787,-37.774898],[-59.130706,-37.775778],[-59.129855,-37.776743],[-59.129976,-37.777336],[-59.129402,-37.777988],[-59.129555,-37.77902],[-59.128907,-37.779803],[-59.127954,-37.780396],[-59.126932,-37.781377],[-59.125888,-37.78165],[-59.12534,-37.781965],[-59.124955,-37.782506],[-59.12467,-37.782691],[-59.123009,-37.783665],[-59.121549,-37.785154],[-59.12086,-37.785449],[-59.120426,-37.786121],[-59.120411,-37.787395],[-59.119909,-37.787879],[-59.118914,-37.788171],[-59.117415,-37.788608],[-59.116522,-37.789481],[-59.116233,-37.789947],[-59.116371,-37.792235],[-59.116048,-37.793583],[-59.115328,-37.794158],[-59.114938,-37.795055],[-59.114943,-37.796609],[-59.115992,-37.797911],[-59.116876,-37.799173],[-59.11722,-37.80015],[-59.117165,-37.80075],[-59.1164,-37.801547],[-59.115678,-37.801968],[-59.115072,-37.802492],[-59.114808,-37.802828],[-59.114071,-37.803103],[-59.113019,-37.804051],[-59.112115,-37.804476],[-59.111345,-37.805538],[-59.11116,-37.807086],[-59.110677,-37.807964],[-59.111306,-37.808756],[-59.111462,-37.810118],[-59.111368,-37.811543],[-59.111593,-37.812464],[-59.111275,-37.813342],[-59.110389,-37.814217],[-59.110899,-37.815045],[-59.112381,-37.81575],[-59.113633,-37.815985],[-59.114719,-37.817451],[-59.114736,-37.818032],[-59.114302,-37.818723],[-59.113721,-37.819824],[-59.112483,-37.820509],[-59.112121,-37.821087],[-59.11219,-37.82199],[-59.112321,-37.823824],[-59.111988,-37.825959],[-59.111678,-37.826237],[-59.109793,-37.827498],[-59.109683,-37.828772],[-59.109202,-37.829271],[-59.109314,-37.829741],[-59.109356,-37.830229],[-59.10989,-37.831001],[-59.109812,-37.831675],[-59.109613,-37.832424],[-59.109931,-37.83314],[-59.110929,-37.833901],[-59.111034,-37.834486],[-59.111632,-37.834934],[-59.111804,-37.835502],[-59.111529,-37.83649],[-59.11121,-37.837181],[-59.110979,-37.837563],[-59.110261,-37.838233],[-59.110029,-37.838569],[-59.110475,-37.839293],[-59.111459,-37.840112],[-59.111934,-37.840746],[-59.112456,-37.840888],[-59.113065,-37.841294],[-59.11326,-37.841521],[-59.113672,-37.842718],[-59.114151,-37.843015],[-59.115026,-37.843449],[-59.116157,-37.843863],[-59.116471,-37.843821],[-59.116841,-37.843711],[-59.117042,-37.843532],[-59.117529,-37.843175],[-59.117757,-37.843087],[-59.118185,-37.842977],[-59.118383,-37.843024],[-59.119068,-37.843411],[-59.119228,-37.843571],[-59.119585,-37.844655],[-59.119636,-37.845128],[-59.119828,-37.845648],[-59.120054,-37.845829],[-59.120476,-37.84608],[-59.120846,-37.846083],[-59.12249,-37.845633],[-59.12348,-37.845933],[-59.123876,-37.846116],[-59.124809,-37.846461],[-59.125177,-37.846509],[-59.125461,-37.846601],[-59.125658,-37.846782],[-59.125966,-37.847145],[-59.126274,-37.84744],[-59.126586,-37.847532],[-59.126984,-37.847513],[-59.127753,-37.847271],[-59.128138,-37.847255],[-59.128988,-37.847537],[-59.129643,-37.848067],[-59.130472,-37.84867],[-59.130416,-37.849248],[-59.129597,-37.84984],[-59.129116,-37.850447],[-59.129074,-37.850659],[-59.1291,-37.850839],[-59.129773,-37.851655],[-59.129855,-37.851903],[-59.129619,-37.852645],[-59.129674,-37.852825],[-59.129922,-37.853099],[-59.130599,-37.853554],[-59.130872,-37.85448],[-59.131039,-37.854752],[-59.131293,-37.854934],[-59.131374,-37.855272],[-59.132187,-37.856179],[-59.132242,-37.85636],[-59.132141,-37.85735],[-59.132024,-37.857642],[-59.131677,-37.858225],[-59.130998,-37.859136],[-59.131282,-37.85941],[-59.131565,-37.859593],[-59.133615,-37.860131],[-59.133923,-37.860426],[-59.134063,-37.86063],[-59.134257,-37.861014],[-59.134482,-37.861309],[-59.134734,-37.861513],[-59.136144,-37.862182],[-59.136285,-37.862318],[-59.136877,-37.862683],[-59.138862,-37.86299],[-59.139175,-37.86297],[-59.139773,-37.86284],[-59.140002,-37.862706],[-59.140516,-37.862462],[-59.140858,-37.862352],[-59.141511,-37.862379],[-59.141767,-37.862426],[-59.142161,-37.862654],[-59.143759,-37.864292],[-59.145657,-37.86478],[-59.145979,-37.865333],[-59.146948,-37.865658],[-59.147294,-37.865737],[-59.148176,-37.865631],[-59.150093,-37.865952],[-59.150528,-37.866231],[-59.151216,-37.86724],[-59.151811,-37.868068],[-59.151491,-37.868674],[-59.151286,-37.86928],[-59.151899,-37.870298],[-59.151925,-37.870524],[-59.152063,-37.87093],[-59.152316,-37.871089],[-59.152825,-37.871296],[-59.153166,-37.871321],[-59.153451,-37.871256],[-59.154279,-37.870878],[-59.154951,-37.871358],[-59.156841,-37.872991],[-59.157204,-37.87349],[-59.157459,-37.873626],[-59.158138,-37.873879],[-59.15822,-37.874128],[-59.15813,-37.874532],[-59.157929,-37.874779],[-59.157725,-37.87516],[-59.158042,-37.875699],[-59.159401,-37.876248],[-59.160171,-37.876804],[-59.161855,-37.87672],[-59.162526,-37.87674],[-59.163123,-37.877095],[-59.163319,-37.877322],[-59.163731,-37.878518],[-59.1648,-37.879562],[-59.165134,-37.87993],[-59.165616,-37.880544],[-59.165524,-37.880992],[-59.165406,-37.881233],[-59.165233,-37.881457],[-59.164945,-37.881815],[-59.164857,-37.881995],[-59.164882,-37.882333],[-59.164792,-37.88276],[-59.164818,-37.882986],[-59.165044,-37.88301],[-59.165188,-37.882898],[-59.165446,-37.882675],[-59.165927,-37.882903],[-59.166294,-37.883131],[-59.166651,-37.883432],[-59.166904,-37.883703],[-59.167351,-37.884428],[-59.167574,-37.884767],[-59.167685,-37.885016],[-59.167711,-37.885241],[-59.167849,-37.885602],[-59.168016,-37.885941],[-59.16821,-37.886303],[-59.168377,-37.886687],[-59.16843,-37.88698],[-59.168201,-37.887181],[-59.16811,-37.887586],[-59.167993,-37.887901],[-59.167904,-37.88826],[-59.167936,-37.888767],[-59.16802,-37.889188],[-59.167972,-37.889544],[-59.167769,-37.889904],[-59.167454,-37.890171],[-59.167109,-37.890484],[-59.166821,-37.890797],[-59.166791,-37.890955],[-59.166673,-37.891314],[-59.166641,-37.891675],[-59.166633,-37.892373],[-59.166601,-37.892733],[-59.166483,-37.89307],[-59.16628,-37.893384],[-59.166021,-37.893935],[-59.166129,-37.894557],[-59.166606,-37.895132],[-59.166903,-37.895595],[-59.167013,-37.895889],[-59.167121,-37.89643],[-59.167172,-37.896971],[-59.16691,-37.89751],[-59.166708,-37.897779],[-59.166247,-37.898294],[-59.165786,-37.898831],[-59.16561,-37.899348],[-59.165692,-37.899618],[-59.165885,-37.900183],[-59.166054,-37.900786],[-59.166132,-37.900995],[-59.166936,-37.901622],[-59.167488,-37.901681],[-59.167997,-37.901887],[-59.168954,-37.902772],[-59.169208,-37.902886],[-59.169489,-37.903181],[-59.169657,-37.903453],[-59.169654,-37.9037],[-59.16913,-37.904261],[-59.168583,-37.904797],[-59.16815,-37.905334],[-59.168035,-37.905446],[-59.167325,-37.905486],[-59.167039,-37.905529],[-59.166866,-37.905776],[-59.16675,-37.906045],[-59.166885,-37.906609],[-59.166911,-37.906879],[-59.166753,-37.907675],[-59.166993,-37.908278],[-59.167203,-37.908638],[-59.1674,-37.90882],[-59.167796,-37.909093],[-59.168332,-37.909412],[-59.168669,-37.909752],[-59.168838,-37.909956],[-59.168947,-37.910362],[-59.169027,-37.910768],[-59.169137,-37.911152],[-59.169305,-37.911401],[-59.169358,-37.911627],[-59.169241,-37.912008],[-59.169094,-37.912413],[-59.169004,-37.912818],[-59.168999,-37.913223],[-59.169052,-37.913606],[-59.16919,-37.913968],[-59.169327,-37.914397],[-59.169455,-37.914803],[-59.16948,-37.915051],[-59.169478,-37.915231],[-59.169161,-37.915634],[-59.168904,-37.915813],[-59.16836,-37.916124],[-59.167987,-37.916369],[-59.167814,-37.916616],[-59.167755,-37.916796],[-59.168343,-37.91761],[-59.168425,-37.917904],[-59.16845,-37.918219],[-59.168445,-37.918625],[-59.168527,-37.918918],[-59.168809,-37.919168],[-59.169176,-37.919418],[-59.169598,-37.919759],[-59.169879,-37.920099],[-59.170102,-37.920483],[-59.170268,-37.920867],[-59.170377,-37.921296],[-59.170024,-37.922777],[-59.169872,-37.92323],[-59.169639,-37.923679],[-59.169435,-37.924127],[-59.169175,-37.924553],[-59.168906,-37.925003],[-59.168731,-37.925429],[-59.168725,-37.92588],[-59.168815,-37.926273],[-59.168942,-37.926833],[-59.169098,-37.92818],[-59.169455,-37.929987],[-59.169499,-37.93039],[-59.169552,-37.930796],[-59.169576,-37.931201],[-59.169571,-37.931584],[-59.169511,-37.931831],[-59.169287,-37.932239],[-59.169025,-37.932717],[-59.168754,-37.933313],[-59.168664,-37.933717],[-59.168689,-37.934056],[-59.1688,-37.934282],[-59.168938,-37.934665],[-59.169075,-37.935072],[-59.169128,-37.935477],[-59.169209,-37.935839],[-59.169115,-37.936333],[-59.168953,-37.936608],[-59.168626,-37.937141],[-59.168024,-37.937542],[-59.167565,-37.937899],[-59.167303,-37.938415],[-59.167155,-37.938887],[-59.167008,-37.939381],[-59.166862,-37.939673],[-59.166661,-37.939897],[-59.166257,-37.940322],[-59.165885,-37.940545],[-59.165428,-37.940744],[-59.164772,-37.940942],[-59.164514,-37.941076],[-59.164056,-37.941342],[-59.163884,-37.941522],[-59.163482,-37.941856],[-59.162996,-37.942011],[-59.162512,-37.942075],[-59.161886,-37.942138],[-59.161288,-37.942224],[-59.160944,-37.942402],[-59.160828,-37.942581],[-59.160523,-37.943022],[-59.160104,-37.943361],[-59.159772,-37.943495],[-59.158759,-37.943795],[-59.158335,-37.943888],[-59.157919,-37.94394],[-59.157511,-37.944149],[-59.157169,-37.944537],[-59.157163,-37.944762],[-59.157214,-37.94528],[-59.157237,-37.945776],[-59.157175,-37.946181],[-59.157028,-37.946631],[-59.156766,-37.947101],[-59.156534,-37.947573],[-59.156386,-37.94809],[-59.1558,-37.949072],[-59.155516,-37.949458],[-59.155227,-37.949928],[-59.155164,-37.950401],[-59.155103,-37.950806],[-59.155329,-37.95092],[-59.155437,-37.951462],[-59.155434,-37.951686],[-59.155345,-37.952046],[-59.155228,-37.952293],[-59.154968,-37.952607],[-59.154739,-37.95283],[-59.15451,-37.952941],[-59.153963,-37.953523],[-59.153587,-37.95407],[-59.153414,-37.954271],[-59.152985,-37.954538],[-59.152563,-37.954806],[-59.152125,-37.95514],[-59.151633,-37.95588],[-59.151431,-37.956081],[-59.151202,-37.956215],[-59.150545,-37.956503],[-59.149888,-37.956768],[-59.149686,-37.95697],[-59.149569,-37.957216],[-59.14945,-37.957689],[-59.149444,-37.958184],[-59.149353,-37.958656],[-59.14895,-37.959149],[-59.148688,-37.95962],[-59.148629,-37.959867],[-59.148734,-37.96015],[-59.148962,-37.960523],[-59.149299,-37.960976],[-59.149203,-37.961809],[-59.149059,-37.96201],[-59.148715,-37.96221],[-59.147974,-37.962295],[-59.147434,-37.962479],[-59.147144,-37.962762],[-59.146681,-37.963371],[-59.146111,-37.963677],[-59.145493,-37.964294],[-59.145312,-37.96481],[-59.144782,-37.965359],[-59.144295,-37.965534],[-59.143925,-37.965554],[-59.143613,-37.965529],[-59.143215,-37.965459],[-59.142846,-37.965366],[-59.141655,-37.965087],[-59.14123,-37.964949],[-59.140833,-37.964788],[-59.140465,-37.964673],[-59.140012,-37.964512],[-59.139643,-37.964419],[-59.139217,-37.964326],[-59.138962,-37.964279],[-59.138588,-37.964614],[-59.138328,-37.964927],[-59.138553,-37.9652],[-59.138207,-37.965557],[-59.137919,-37.965893],[-59.137833,-37.96587],[-59.137347,-37.966137],[-59.137059,-37.966427],[-59.136718,-37.96689],[-59.136251,-37.967345],[-59.135965,-37.967522],[-59.135651,-37.967655],[-59.13528,-37.967765],[-59.134909,-37.96783],[-59.13451,-37.967895],[-59.134139,-37.967915],[-59.133741,-37.967957],[-59.133427,-37.968044],[-59.133083,-37.9682],[-59.132711,-37.968444],[-59.132495,-37.968655],[-59.13225,-37.96896],[-59.132217,-37.969297],[-59.132039,-37.969926],[-59.131749,-37.970442],[-59.131489,-37.970733],[-59.13126,-37.970912],[-59.130829,-37.971224],[-59.130541,-37.971492],[-59.130454,-37.971649],[-59.130101,-37.972592],[-59.129956,-37.972861],[-59.129754,-37.97313],[-59.129523,-37.973331],[-59.129236,-37.973554],[-59.128867,-37.973529],[-59.128493,-37.973886],[-59.128262,-37.974178],[-59.128116,-37.974469],[-59.128026,-37.974851],[-59.127898,-37.97611],[-59.126915,-37.977411],[-59.12673,-37.977872],[-59.126512,-37.979666],[-59.126934,-37.980947],[-59.127319,-37.981536],[-59.127455,-37.982257],[-59.12739,-37.982954],[-59.127269,-37.983517],[-59.127069,-37.98365],[-59.126724,-37.983941],[-59.126461,-37.984479],[-59.126371,-37.984906],[-59.126192,-37.985581],[-59.126349,-37.986085],[-59.12643,-37.986603],[-59.12572,-37.987564],[-59.125567,-37.988076],[-59.125833,-37.989083],[-59.126179,-37.989396],[-59.126373,-37.990198],[-59.126362,-37.990424],[-59.126301,-37.990785],[-59.126183,-37.991121],[-59.126065,-37.991481],[-59.125976,-37.991841],[-59.125942,-37.992268],[-59.126196,-37.992551],[-59.126325,-37.992879],[-59.126321,-37.993231],[-59.126201,-37.993471],[-59.126119,-37.993761],[-59.125976,-37.994001],[-59.125888,-37.994148],[-59.125804,-37.994294],[-59.125771,-37.994699],[-59.125824,-37.995015],[-59.125876,-37.995376],[-59.125816,-37.995668],[-59.125586,-37.995914],[-59.125355,-37.996138],[-59.124926,-37.996269],[-59.124471,-37.996289],[-59.124215,-37.996242],[-59.123732,-37.996193],[-59.123249,-37.996167],[-59.122907,-37.99621],[-59.122478,-37.996296],[-59.122022,-37.996406],[-59.121593,-37.99656],[-59.121336,-37.996671],[-59.121018,-37.997074],[-59.120813,-37.997523],[-59.120354,-37.997857],[-59.119839,-37.998033],[-59.119054,-37.998979],[-59.118788,-37.999252],[-59.117925,-37.999403],[-59.117171,-37.999379],[-59.116561,-37.999305],[-59.116172,-37.99906],[-59.114822,-37.998705],[-59.113949,-37.998699],[-59.113293,-37.998831],[-59.112764,-37.999242],[-59.112166,-37.999934],[-59.112037,-38.000552],[-59.112644,-38.000918],[-59.112954,-38.0011],[-59.113519,-38.001509],[-59.1138,-38.001782],[-59.113968,-38.001986],[-59.114108,-38.00219],[-59.11422,-38.002393],[-59.114302,-38.002664],[-59.114355,-38.002935],[-59.114354,-38.003092],[-59.114322,-38.00334],[-59.114234,-38.003609],[-59.114168,-38.003777],[-59.113797,-38.004395],[-59.113652,-38.004618],[-59.113478,-38.004865],[-59.113248,-38.005089],[-59.112814,-38.005715],[-59.112495,-38.006164],[-59.112264,-38.00641],[-59.112033,-38.006679],[-59.111692,-38.007132],[-59.111426,-38.007462],[-59.11111,-38.007685],[-59.110937,-38.007864],[-59.110707,-38.008132],[-59.110476,-38.008379],[-59.110217,-38.008579],[-59.109872,-38.008869],[-59.109499,-38.009047],[-59.109157,-38.009089],[-59.108872,-38.009155],[-59.1087,-38.009243],[-59.108357,-38.009399],[-59.108014,-38.009531],[-59.1077,-38.009619],[-59.107357,-38.009706],[-59.107015,-38.009771],[-59.106672,-38.009858],[-59.10633,-38.009901],[-59.105987,-38.009966],[-59.105645,-38.010009],[-59.104961,-38.010048],[-59.104618,-38.010181],[-59.104303,-38.010268],[-59.103961,-38.010311],[-59.103648,-38.010376],[-59.103306,-38.010396],[-59.102622,-38.010481],[-59.10228,-38.010501],[-59.101938,-38.010498],[-59.101653,-38.010519],[-59.101373,-38.010596],[-59.100911,-38.010716],[-59.10071,-38.010827],[-59.100538,-38.01096],[-59.100307,-38.011206],[-59.099901,-38.011744],[-59.0997,-38.011968],[-59.099497,-38.012236],[-59.099209,-38.012504],[-59.099066,-38.012593],[-59.098722,-38.012748],[-59.09835,-38.012881],[-59.097721,-38.013169],[-59.097549,-38.01328],[-59.097319,-38.013458],[-59.097203,-38.013615],[-59.097086,-38.013862],[-59.096998,-38.014109],[-59.09682,-38.014648],[-59.096704,-38.014895],[-59.096474,-38.015028],[-59.096245,-38.015094],[-59.095903,-38.015182],[-59.095647,-38.01518],[-59.095334,-38.015132],[-59.094993,-38.015062],[-59.094652,-38.015014],[-59.09397,-38.014874],[-59.093629,-38.014826],[-59.093346,-38.014734],[-59.092665,-38.014594],[-59.091982,-38.014544],[-59.091754,-38.014564],[-59.091411,-38.014629],[-59.090939,-38.014634],[-59.090044,-38.014686],[-59.089759,-38.014729],[-59.089444,-38.014884],[-59.089157,-38.015062],[-59.08887,-38.015285],[-59.08861,-38.015553],[-59.087832,-38.016291],[-59.087545,-38.016536],[-59.087257,-38.016804],[-59.086478,-38.017609],[-59.086275,-38.017855],[-59.086144,-38.018058],[-59.085927,-38.01837],[-59.085811,-38.018617],[-59.085722,-38.018887],[-59.085691,-38.019134],[-59.085602,-38.019404],[-59.085456,-38.019673],[-59.085312,-38.019852],[-59.085052,-38.020098],[-59.084908,-38.020209],[-59.084537,-38.020319],[-59.084222,-38.020429],[-59.083908,-38.020517],[-59.083594,-38.020537],[-59.083252,-38.020579],[-59.08257,-38.020529],[-59.082257,-38.020504],[-59.08171,-38.02057],[-59.081524,-38.020595],[-59.080548,-38.02058],[-59.080206,-38.0206],[-59.079892,-38.020643],[-59.079635,-38.020709],[-59.079349,-38.020819],[-59.079034,-38.020974],[-59.07886,-38.021243],[-59.078743,-38.02149],[-59.078683,-38.02176],[-59.078709,-38.021917],[-59.07882,-38.022121],[-59.079016,-38.022393],[-59.079351,-38.022936],[-59.07949,-38.023207],[-59.079545,-38.023366],[-59.07962,-38.024177],[-59.079589,-38.024402],[-59.079529,-38.024671],[-59.079412,-38.024896],[-59.079267,-38.02512],[-59.079007,-38.025388],[-59.078719,-38.025634],[-59.078403,-38.025857],[-59.078087,-38.026124],[-59.077827,-38.026393],[-59.077624,-38.026661],[-59.077479,-38.026908],[-59.077305,-38.027154],[-59.077245,-38.027357],[-59.077157,-38.027626],[-59.077096,-38.027896],[-59.077064,-38.028166],[-59.077061,-38.028436],[-59.07703,-38.028684],[-59.076941,-38.028953],[-59.076881,-38.0292],[-59.076849,-38.029471],[-59.076874,-38.029741],[-59.076843,-38.029943],[-59.076783,-38.030168],[-59.076667,-38.030347],[-59.076494,-38.030571],[-59.076063,-38.030816],[-59.075862,-38.030972],[-59.075545,-38.031262],[-59.074884,-38.031775],[-59.074595,-38.032066],[-59.074307,-38.032311],[-59.073528,-38.033116],[-59.073297,-38.033407],[-59.073066,-38.033652],[-59.072744,-38.033937],[-59.07252,-38.034076],[-59.072205,-38.034209],[-59.071977,-38.03423],[-59.071634,-38.034272],[-59.071321,-38.034314],[-59.070979,-38.034357],[-59.070636,-38.034422],[-59.070322,-38.034532],[-59.070092,-38.034643],[-59.069777,-38.03482],[-59.069461,-38.03502],[-59.069145,-38.035243],[-59.068857,-38.035489],[-59.068712,-38.03569],[-59.068567,-38.035959],[-59.068449,-38.036229],[-59.068389,-38.036498],[-59.068385,-38.036769],[-59.068297,-38.036993],[-59.068208,-38.037263],[-59.068177,-38.03751],[-59.068058,-38.037824],[-59.067913,-38.038094],[-59.067797,-38.038251],[-59.067112,-38.0388],[-59.066905,-38.038987],[-59.066704,-38.03912],[-59.066503,-38.039209],[-59.066047,-38.039318],[-59.065703,-38.039428],[-59.065388,-38.039583],[-59.065101,-38.039738],[-59.064813,-38.040029],[-59.064581,-38.040297],[-59.064407,-38.040566],[-59.064262,-38.040836],[-59.064116,-38.041082],[-59.063824,-38.04162],[-59.063707,-38.041889],[-59.063534,-38.042091],[-59.063302,-38.042337],[-59.062987,-38.042537],[-59.062672,-38.042669],[-59.062358,-38.042757],[-59.062015,-38.042844],[-59.061673,-38.042864],[-59.061359,-38.042884],[-59.061073,-38.042949],[-59.060816,-38.043037],[-59.060128,-38.043392],[-59.059908,-38.043547],[-59.059524,-38.043838],[-59.059207,-38.044128],[-59.058919,-38.044351],[-59.058004,-38.044704],[-59.057317,-38.045014],[-59.057001,-38.045169],[-59.056685,-38.045369],[-59.056455,-38.045548],[-59.056309,-38.045817],[-59.056075,-38.046355],[-59.055957,-38.046602],[-59.055813,-38.046759],[-59.055497,-38.046936],[-59.055153,-38.047114],[-59.054206,-38.047647],[-59.054061,-38.047871],[-59.054001,-38.048118],[-59.053822,-38.048749],[-59.053816,-38.049197],[-59.05387,-38.049468],[-59.054116,-38.050281],[-59.05411,-38.050776],[-59.054134,-38.051047],[-59.05412,-38.052128],[-59.054174,-38.052376],[-59.054228,-38.052647],[-59.054296,-38.053134],[-59.05436,-38.053319],[-59.05441,-38.054022],[-59.05435,-38.054179],[-59.054234,-38.054358],[-59.053832,-38.054626],[-59.053572,-38.054849],[-59.053342,-38.055117],[-59.053139,-38.055385],[-59.052936,-38.055632],[-59.052563,-38.055831],[-59.052335,-38.055852],[-59.051992,-38.055894],[-59.051678,-38.055982],[-59.051477,-38.056115],[-59.051302,-38.056429],[-59.051271,-38.05661],[-59.051298,-38.056745],[-59.05138,-38.057016],[-59.051433,-38.057286],[-59.051483,-38.057827],[-59.051537,-38.058098],[-59.051619,-38.058369],[-59.051586,-38.058661],[-59.05164,-38.058932],[-59.051636,-38.059202],[-59.051463,-38.059449],[-59.051231,-38.059717],[-59.051029,-38.059985],[-59.050854,-38.060277],[-59.050765,-38.060524],[-59.050676,-38.060793],[-59.050559,-38.06104],[-59.05047,-38.06131],[-59.050406,-38.06185],[-59.050347,-38.062029],[-59.050058,-38.062342],[-59.04969,-38.062464],[-59.048903,-38.062333],[-59.048493,-38.062172],[-59.048096,-38.062034],[-59.047897,-38.061987],[-59.04747,-38.062029],[-59.047184,-38.062071],[-59.046785,-38.062136],[-59.046499,-38.062156],[-59.046072,-38.062153],[-59.04576,-38.062112],[-59.045305,-38.062034],[-59.044907,-38.061985],[-59.044565,-38.061982],[-59.044166,-38.062002],[-59.043949,-38.062247],[-59.043845,-38.062585],[-59.043842,-38.062787],[-59.043896,-38.06299],[-59.044007,-38.063307],[-59.044088,-38.0636],[-59.044142,-38.063848],[-59.044051,-38.064208],[-59.04372,-38.064655],[-59.043299,-38.065125],[-59.043211,-38.065283],[-59.042867,-38.065504],[-59.042634,-38.065863],[-59.042517,-38.066132],[-59.042427,-38.066447],[-59.042396,-38.066694],[-59.042421,-38.066897],[-59.042531,-38.067214],[-59.042612,-38.06753],[-59.042751,-38.067846],[-59.042918,-38.068163],[-59.043028,-38.068456],[-59.043082,-38.068659],[-59.043021,-38.068997],[-59.042931,-38.069311],[-59.042928,-38.069537],[-59.042981,-38.069852],[-59.043091,-38.070146],[-59.043203,-38.070282],[-59.043484,-38.070577],[-59.043625,-38.070691],[-59.04388,-38.070851],[-59.044672,-38.071263],[-59.045011,-38.071468],[-59.045378,-38.071741],[-59.045614,-38.072126],[-59.045655,-38.072329],[-59.045737,-38.0726],[-59.045676,-38.072892],[-59.045616,-38.073162],[-59.045609,-38.073703],[-59.045549,-38.073905],[-59.045545,-38.074198],[-59.045172,-38.074465],[-59.044943,-38.074463],[-59.044283,-38.074841],[-59.043596,-38.07515],[-59.04328,-38.075328],[-59.043108,-38.075394],[-59.042851,-38.075437],[-59.042509,-38.075457],[-59.042167,-38.075454],[-59.041825,-38.075474],[-59.041512,-38.075471],[-59.041199,-38.075423],[-59.040857,-38.075398],[-59.040516,-38.07535],[-59.040259,-38.075348],[-59.040031,-38.075391],[-59.039774,-38.075479],[-59.03943,-38.075634],[-59.039258,-38.075723],[-59.039054,-38.076014],[-59.038851,-38.07626],[-59.038678,-38.076439],[-59.038563,-38.07655],[-59.038162,-38.076727],[-59.037818,-38.07686],[-59.03756,-38.07697],[-59.037442,-38.077262],[-59.037411,-38.077487],[-59.037436,-38.077757],[-59.037432,-38.078005],[-59.0374,-38.078275],[-59.037341,-38.078478],[-59.037267,-38.078645],[-59.036852,-38.078879],[-59.036622,-38.078967],[-59.036548,-38.079237],[-59.0367,-38.079553],[-59.036868,-38.079803],[-59.037292,-38.080076],[-59.037631,-38.080259],[-59.037913,-38.080442],[-59.038253,-38.080647],[-59.038535,-38.080852],[-59.038676,-38.080989],[-59.038757,-38.081305],[-59.038897,-38.081531],[-59.039092,-38.081803],[-59.039148,-38.081938],[-59.039174,-38.082119],[-59.039172,-38.082299],[-59.039139,-38.082569],[-59.039136,-38.082839],[-59.039104,-38.083109],[-59.038867,-38.083828],[-59.038749,-38.084097],[-59.038689,-38.084367],[-59.038657,-38.084637],[-59.038653,-38.084907],[-59.038678,-38.085178],[-59.038731,-38.085448],[-59.038923,-38.086058],[-59.039062,-38.086329],[-59.039144,-38.086578],[-59.039226,-38.086849],[-59.039193,-38.087141],[-59.039164,-38.087253],[-59.039105,-38.087366],[-59.038961,-38.087545],[-59.038788,-38.087678],[-59.038558,-38.087789],[-59.038244,-38.087876],[-59.03793,-38.087942],[-59.037559,-38.087916],[-59.037188,-38.087958],[-59.036846,-38.087955],[-59.036505,-38.08793],[-59.036136,-38.087815],[-59.035765,-38.087811],[-59.035481,-38.087764],[-59.03514,-38.087694],[-59.034741,-38.087735],[-59.034569,-38.087802],[-59.034253,-38.087956],[-59.03411,-38.088068],[-59.033907,-38.088269],[-59.033646,-38.088627],[-59.033557,-38.088875],[-59.033411,-38.089166],[-59.033265,-38.089435],[-59.033147,-38.089704],[-59.033031,-38.089928],[-59.032885,-38.09013],[-59.032539,-38.09042],[-59.032281,-38.090598],[-59.031965,-38.090753],[-59.031622,-38.090885],[-59.031306,-38.091018],[-59.030962,-38.091195],[-59.030818,-38.091307],[-59.030673,-38.091485],[-59.03047,-38.091754],[-59.030381,-38.092024],[-59.030316,-38.092173],[-59.030203,-38.092563],[-59.030199,-38.092833],[-59.03014,-38.093035],[-59.030023,-38.093214],[-59.029879,-38.093349],[-59.029246,-38.093793],[-59.028873,-38.093993],[-59.0287,-38.094127],[-59.028412,-38.094417],[-59.028151,-38.094686],[-59.027863,-38.094931],[-59.027575,-38.095199],[-59.027286,-38.095444],[-59.026998,-38.095712],[-59.026794,-38.096003],[-59.026445,-38.096541],[-59.026299,-38.096809],[-59.026154,-38.097011],[-59.025952,-38.09719],[-59.025693,-38.097368],[-59.02532,-38.097545],[-59.025005,-38.097723],[-59.024774,-38.097901],[-59.024485,-38.098191],[-59.024254,-38.098414],[-59.024082,-38.098525],[-59.023739,-38.098613],[-59.023052,-38.098832],[-59.022679,-38.098987],[-59.022392,-38.099142],[-59.022048,-38.099319],[-59.021732,-38.099519],[-59.021415,-38.099742],[-59.021127,-38.099987],[-59.020895,-38.100278],[-59.020692,-38.100547],[-59.020489,-38.100793],[-59.020286,-38.101062],[-59.020111,-38.10133],[-59.019819,-38.101868],[-59.019616,-38.102137],[-59.019441,-38.102406],[-59.019268,-38.102584],[-59.019038,-38.102718],[-59.018753,-38.10276],[-59.018438,-38.10278],[-59.018096,-38.1028],[-59.017782,-38.102865],[-59.017439,-38.102952],[-59.017153,-38.10304],[-59.016838,-38.103172],[-59.01655,-38.10335],[-59.016205,-38.10355],[-59.015946,-38.103772],[-59.015685,-38.104041],[-59.015482,-38.104309],[-59.015274,-38.104752],[-59.015152,-38.105129],[-59.015126,-38.105342],[-59.015067,-38.105545],[-59.014949,-38.105814],[-59.014831,-38.106106],[-59.014686,-38.106352],[-59.014539,-38.106644],[-59.014422,-38.106823],[-59.014077,-38.107113],[-59.014005,-38.107197],[-59.013642,-38.107649],[-59.013381,-38.107941],[-59.013149,-38.108209],[-59.012919,-38.108432],[-59.012658,-38.1087],[-59.012285,-38.108877],[-59.011941,-38.109032],[-59.011597,-38.109209],[-59.011224,-38.109341],[-59.010881,-38.109451],[-59.010567,-38.109471],[-59.010225,-38.109468],[-59.009883,-38.109488],[-59.009282,-38.10964],[-59.008939,-38.109705],[-59.008596,-38.109792],[-59.00831,-38.109902],[-59.007965,-38.110079],[-59.00765,-38.110234],[-59.007249,-38.110366],[-59.006905,-38.110476],[-59.006619,-38.110586],[-59.005986,-38.110941],[-59.00567,-38.111141],[-59.005497,-38.111297],[-59.005265,-38.111588],[-59.005034,-38.111834],[-59.004946,-38.112013],[-59.004885,-38.112283],[-59.004796,-38.112552],[-59.004679,-38.112799],[-59.004532,-38.113068],[-59.004387,-38.113292],[-59.004213,-38.113471],[-59.003926,-38.113694],[-59.003608,-38.114006],[-59.003405,-38.114252],[-59.003316,-38.114454],[-59.003256,-38.114724],[-59.003224,-38.114994],[-59.003135,-38.115241],[-59.003017,-38.115488],[-59.002697,-38.11598],[-59.002179,-38.116382],[-59.001862,-38.116582],[-59.001633,-38.11667],[-59.001042,-38.117072],[-59.000506,-38.117444],[-59.000029,-38.117882],[-58.999523,-38.11818],[-58.999135,-38.118286],[-58.997877,-38.118358],[-58.997618,-38.118424],[-58.997177,-38.11858],[-58.996124,-38.119024],[-58.995605,-38.119223],[-58.995108,-38.119422],[-58.994999,-38.119524],[-58.994777,-38.119964],[-58.994582,-38.120082],[-58.99422,-38.120078],[-58.993703,-38.120091],[-58.993379,-38.120156],[-58.993084,-38.120262],[-58.992661,-38.120473],[-58.992337,-38.120742],[-58.991989,-38.121011],[-58.991769,-38.121112],[-58.99145,-38.121109],[-58.991278,-38.121074],[-58.99104,-38.120953],[-58.99053,-38.120676],[-58.990315,-38.120708],[-58.989877,-38.120994],[-58.989767,-38.121145],[-58.989637,-38.12145],[-58.989586,-38.121773],[-58.989583,-38.122181],[-58.989532,-38.122572],[-58.989272,-38.122927],[-58.989016,-38.123064],[-58.988491,-38.123396],[-58.988247,-38.123615],[-58.988094,-38.123818],[-58.987937,-38.124225],[-58.987759,-38.124648],[-58.987625,-38.125055],[-58.987515,-38.125479],[-58.987508,-38.125684],[-58.98757,-38.125888],[-58.987763,-38.126213],[-58.988055,-38.126624],[-58.98829,-38.127],[-58.988328,-38.127119],[-58.988393,-38.127375],[-58.988276,-38.127799],[-58.988039,-38.128052],[-58.987686,-38.12844],[-58.987379,-38.128845],[-58.987093,-38.129251],[-58.98696,-38.129556],[-58.98676,-38.129997],[-58.986556,-38.130726],[-58.986471,-38.130929],[-58.986268,-38.131302],[-58.986092,-38.131539],[-58.985767,-38.13174],[-58.985464,-38.131856],[-58.985188,-38.13187],[-58.984969,-38.131835],[-58.984458,-38.131711],[-58.984006,-38.131639],[-58.983674,-38.131621],[-58.983118,-38.13204],[-58.982896,-38.13231],[-58.982546,-38.132664],[-58.982376,-38.132747],[-58.982113,-38.13283],[-58.981616,-38.132945],[-58.98112,-38.133077],[-58.980862,-38.133245],[-58.98075,-38.133363],[-58.98051,-38.133802],[-58.980159,-38.134038],[-58.979881,-38.134154],[-58.979361,-38.134337],[-58.978924,-38.134537],[-58.978728,-38.13474],[-58.978665,-38.134892],[-58.978636,-38.13513],[-58.978698,-38.135572],[-58.978757,-38.135964],[-58.978731,-38.136083],[-58.97875,-38.136475],[-58.978853,-38.136849],[-58.978998,-38.137259],[-58.979022,-38.137362],[-58.978889,-38.137776],[-58.97879,-38.138039],[-58.978746,-38.138345],[-58.978717,-38.138634],[-58.978671,-38.138855],[-58.978565,-38.138938],[-58.978213,-38.139241],[-58.977933,-38.139528],[-58.977822,-38.139732],[-58.97771,-38.140036],[-58.977698,-38.140355],[-58.977851,-38.140786],[-58.978062,-38.141093],[-58.978076,-38.141417],[-58.97805,-38.141706],[-58.978005,-38.141841],[-58.977898,-38.141994],[-58.977702,-38.142213],[-58.977373,-38.14238],[-58.976987,-38.142513],[-58.976662,-38.142646],[-58.976377,-38.142779],[-58.975967,-38.143065],[-58.975595,-38.143249],[-58.975247,-38.143467],[-58.974967,-38.143481],[-58.974602,-38.143648],[-58.974209,-38.143849],[-58.973796,-38.144033],[-58.973579,-38.144167],[-58.973449,-38.144268],[-58.973082,-38.144587],[-58.972774,-38.144806],[-58.97245,-38.144871],[-58.972127,-38.144885],[-58.971782,-38.144848],[-58.9714,-38.14476],[-58.971163,-38.144792],[-58.970925,-38.144858],[-58.970546,-38.145128],[-58.970407,-38.145508],[-58.970386,-38.145676],[-58.970455,-38.146095],[-58.970554,-38.146419],[-58.970705,-38.146726],[-58.97074,-38.147033],[-58.97074,-38.147305],[-58.970669,-38.147509],[-58.970514,-38.147796],[-58.97038,-38.148084],[-58.970243,-38.148695],[-58.970131,-38.149],[-58.970025,-38.149101],[-58.969895,-38.149185],[-58.969485,-38.149215],[-58.969077,-38.149144],[-58.968668,-38.149174],[-58.968278,-38.149256],[-58.967886,-38.149372],[-58.96742,-38.149615],[-58.966934,-38.149924],[-58.966543,-38.150159],[-58.966153,-38.150343],[-58.965933,-38.150392],[-58.965591,-38.150474],[-58.965331,-38.150573],[-58.965025,-38.150894],[-58.964738,-38.151147],[-58.964543,-38.151281],[-58.964132,-38.15143],[-58.963355,-38.151695],[-58.963023,-38.151901],[-58.962638,-38.151944],[-58.962295,-38.152128],[-58.961708,-38.152524],[-58.961477,-38.152655],[-58.961222,-38.152806],[-58.960905,-38.152915],[-58.960496,-38.152911],[-58.960217,-38.152858],[-58.959505,-38.152631],[-58.9591,-38.15261],[-58.958665,-38.152691],[-58.958297,-38.15279],[-58.957885,-38.152991],[-58.957542,-38.153191],[-58.957432,-38.153309],[-58.957406,-38.153598],[-58.957592,-38.153889],[-58.957874,-38.154044],[-58.958128,-38.154115],[-58.958539,-38.154238],[-58.958728,-38.154307],[-58.958814,-38.154563],[-58.958526,-38.154884],[-58.958355,-38.155052],[-58.957962,-38.155168],[-58.957794,-38.155115],[-58.957448,-38.154976],[-58.957238,-38.154855],[-58.956981,-38.1547],[-58.95663,-38.154884],[-58.956176,-38.155271],[-58.95583,-38.155421],[-58.955416,-38.155468],[-58.955287,-38.155484],[-58.954918,-38.155685],[-58.954763,-38.156007],[-58.954869,-38.15633],[-58.954926,-38.156638],[-58.955011,-38.156944],[-58.955111,-38.157251],[-58.95515,-38.157506],[-58.955168,-38.157813],[-58.955143,-38.158034],[-58.955096,-38.158322],[-58.954968,-38.158682],[-58.954893,-38.158916],[-58.954609,-38.159219],[-58.95422,-38.159573],[-58.954088,-38.159759],[-58.954043,-38.159895],[-58.954015,-38.160098],[-58.954055,-38.160286],[-58.954159,-38.160593],[-58.95424,-38.1609],[-58.954259,-38.161087],[-58.954257,-38.161274],[-58.95417,-38.161596],[-58.954075,-38.161901],[-58.954053,-38.162207],[-58.954114,-38.162446],[-58.954282,-38.162771],[-58.95436,-38.163077],[-58.954446,-38.163367],[-58.954506,-38.163691],[-58.954478,-38.163861],[-58.954409,-38.164132],[-58.954278,-38.164425],[-58.954145,-38.164572],[-58.953865,-38.16462],[-58.953595,-38.164707],[-58.953005,-38.164724],[-58.952356,-38.16459],[-58.951542,-38.164546],[-58.951052,-38.164594],[-58.950696,-38.164922],[-58.950688,-38.165306],[-58.950952,-38.165622],[-58.951411,-38.165975],[-58.951981,-38.166294],[-58.9523,-38.166429],[-58.952374,-38.166602],[-58.952357,-38.16736],[-58.952387,-38.16758],[-58.952296,-38.167962],[-58.952205,-38.168299],[-58.952088,-38.168546],[-58.951971,-38.168702],[-58.951682,-38.168993],[-58.95148,-38.169171],[-58.951163,-38.169348],[-58.950791,-38.16948],[-58.950419,-38.169544],[-58.949961,-38.16963],[-58.949903,-38.16972],[-58.949948,-38.170083],[-58.950091,-38.170372],[-58.950428,-38.170873],[-58.950794,-38.171236],[-58.951074,-38.171622],[-58.951129,-38.171735],[-58.950518,-38.172391],[-58.950347,-38.172539],[-58.950371,-38.1729],[-58.950365,-38.17326],[-58.950306,-38.173462],[-58.950217,-38.173642],[-58.94987,-38.173999],[-58.949609,-38.174334],[-58.949461,-38.174625],[-58.949599,-38.175032],[-58.949765,-38.175349],[-58.950018,-38.175644],[-58.950355,-38.176007],[-58.950635,-38.176392],[-58.950859,-38.17662],[-58.951315,-38.176736],[-58.951798,-38.176876],[-58.952024,-38.176991],[-58.952104,-38.177351],[-58.951956,-38.177733],[-58.951953,-38.177981],[-58.952236,-38.178141],[-58.952632,-38.178347],[-58.952715,-38.178506],[-58.95249,-38.179272],[-58.952472,-38.179328],[-58.952386,-38.179584],[-58.952096,-38.179919],[-58.951721,-38.180231],[-58.951605,-38.180388],[-58.951544,-38.180657],[-58.951419,-38.181377],[-58.951472,-38.181648],[-58.951582,-38.181986],[-58.951748,-38.182326],[-58.951857,-38.182687],[-58.951883,-38.182868],[-58.95167,-38.183258],[-58.951124,-38.183281],[-58.950794,-38.183196],[-58.950339,-38.183102],[-58.949884,-38.182962],[-58.949459,-38.182801],[-58.94886,-38.182433],[-58.948214,-38.182069],[-58.94793,-38.181976],[-58.947645,-38.181929],[-58.947388,-38.181927],[-58.94693,-38.18199],[-58.946532,-38.181986],[-58.946133,-38.181915],[-58.945849,-38.1818],[-58.945395,-38.181661],[-58.94511,-38.181636],[-58.944625,-38.181654],[-58.944281,-38.181718],[-58.94408,-38.181806],[-58.943537,-38.18187],[-58.943251,-38.181867],[-58.94277,-38.181615],[-58.942378,-38.181221],[-58.942062,-38.181051],[-58.941753,-38.18093],[-58.941531,-38.180969],[-58.94072,-38.181358],[-58.940281,-38.182088],[-58.94002,-38.1824],[-58.939759,-38.182623],[-58.939585,-38.182847],[-58.939497,-38.183049],[-58.939466,-38.183229],[-58.939603,-38.183613],[-58.939627,-38.183883],[-58.939596,-38.184041],[-58.939278,-38.184354],[-58.938935,-38.184418],[-58.938506,-38.184481],[-58.938078,-38.1845],[-58.937879,-38.184454],[-58.937652,-38.184316],[-58.937515,-38.183932],[-58.937376,-38.18366],[-58.937094,-38.183455],[-58.936639,-38.183338],[-58.936296,-38.183381],[-58.935866,-38.183579],[-58.935692,-38.18378],[-58.935573,-38.184049],[-58.93557,-38.184252],[-58.935765,-38.184569],[-58.936018,-38.184865],[-58.936412,-38.185206],[-58.936436,-38.185567],[-58.936003,-38.185878],[-58.936054,-38.186261],[-58.935907,-38.186598],[-58.935373,-38.186761],[-58.934938,-38.186941],[-58.933582,-38.187545],[-58.933005,-38.187968],[-58.932263,-38.187984],[-58.932089,-38.188185],[-58.931915,-38.188363],[-58.931257,-38.188515],[-58.930886,-38.188467],[-58.930203,-38.188393],[-58.929691,-38.188253],[-58.929406,-38.188228],[-58.929148,-38.188293],[-58.928432,-38.188467],[-58.928034,-38.188395],[-58.927749,-38.188371],[-58.92752,-38.188413],[-58.927233,-38.188523],[-58.926916,-38.188723],[-58.926368,-38.189054],[-58.925506,-38.189476],[-58.924817,-38.189785],[-58.924472,-38.189962],[-58.924265,-38.190455],[-58.924059,-38.190904],[-58.923829,-38.191015],[-58.923571,-38.191057],[-58.923027,-38.191165],[-58.922825,-38.191388],[-58.922564,-38.191634],[-58.921741,-38.191974],[-58.921588,-38.192053],[-58.921094,-38.192611],[-58.920777,-38.192878],[-58.92066,-38.193035],[-58.920571,-38.193237],[-58.920336,-38.193753],[-58.919643,-38.194287],[-58.919582,-38.194534],[-58.919803,-38.195054],[-58.920055,-38.195349],[-58.920278,-38.195606],[-58.920341,-38.1959],[-58.92033,-38.196117],[-58.920325,-38.196455],[-58.920462,-38.196817],[-58.920657,-38.197134],[-58.921052,-38.19743],[-58.921279,-38.197522],[-58.921535,-38.197547],[-58.92182,-38.197617],[-58.922273,-38.197824],[-58.922411,-38.198118],[-58.922693,-38.198414],[-58.922548,-38.198593],[-58.922172,-38.198882],[-58.921968,-38.199151],[-58.92182,-38.199532],[-58.921675,-38.199688],[-58.921443,-38.199911],[-58.921047,-38.199705],[-58.920677,-38.199634],[-58.920392,-38.199586],[-58.919931,-38.199875],[-58.919586,-38.200029],[-58.919329,-38.200094],[-58.918815,-38.200112],[-58.9185,-38.200177],[-58.918241,-38.200287],[-58.91784,-38.200396],[-58.917297,-38.200482],[-58.916864,-38.200793],[-58.91666,-38.201061],[-58.916174,-38.201147],[-58.915889,-38.201121],[-58.915546,-38.201118],[-58.915056,-38.20142],[-58.91468,-38.201763],[-58.914479,-38.201897],[-58.914335,-38.201918],[-58.913904,-38.202184],[-58.913558,-38.202429],[-58.913384,-38.202562],[-58.913708,-38.202989],[-58.913973,-38.203243],[-58.914086,-38.20338],[-58.914338,-38.203675],[-58.914762,-38.203949],[-58.915131,-38.204087],[-58.915443,-38.204225],[-58.915698,-38.204363],[-58.916036,-38.204636],[-58.916348,-38.204819],[-58.916486,-38.205113],[-58.91651,-38.205406],[-58.916621,-38.205655],[-58.916759,-38.205949],[-58.916841,-38.20622],[-58.916866,-38.2064],[-58.916776,-38.206692],[-58.916659,-38.206939],[-58.916569,-38.207209],[-58.916566,-38.207389],[-58.916734,-38.207616],[-58.916959,-38.207888],[-58.917098,-38.208069],[-58.917123,-38.20834],[-58.917119,-38.208587],[-58.916746,-38.208764],[-58.916431,-38.208851],[-58.916087,-38.208938],[-58.915828,-38.209026],[-58.915597,-38.209272],[-58.915132,-38.209808],[-58.914928,-38.210053],[-58.914952,-38.210347],[-58.915058,-38.210888],[-58.915222,-38.21143],[-58.915247,-38.211656],[-58.915216,-38.211835],[-58.915156,-38.21206],[-58.915037,-38.212329],[-58.915019,-38.21248],[-58.915029,-38.212892],[-58.915082,-38.213163],[-58.91508,-38.21332],[-58.914933,-38.21359],[-58.914845,-38.213724],[-58.914474,-38.213765],[-58.914131,-38.213785],[-58.913903,-38.213738],[-58.913619,-38.2136],[-58.913392,-38.21353],[-58.913106,-38.213595],[-58.91279,-38.213705],[-58.912446,-38.213792],[-58.912131,-38.213901],[-58.911816,-38.213989],[-58.911614,-38.214077],[-58.911413,-38.21421],[-58.911067,-38.214387],[-58.910751,-38.214542],[-58.910287,-38.215033],[-58.910056,-38.215211],[-58.90971,-38.215456],[-58.909565,-38.215612],[-58.909447,-38.215836],[-58.909429,-38.215987],[-58.909354,-38.216376],[-58.909176,-38.216824],[-58.909542,-38.217143],[-58.909711,-38.217325],[-58.909703,-38.217843],[-58.909871,-38.218047],[-58.910268,-38.218208],[-58.91054,-38.21838],[-58.910564,-38.218757],[-58.910597,-38.219112],[-58.910537,-38.219337],[-58.91039,-38.219561],[-58.910157,-38.219941],[-58.909895,-38.220277],[-58.909606,-38.220477],[-58.909291,-38.220609],[-58.907913,-38.221136],[-58.90751,-38.221335],[-58.907078,-38.221557],[-58.906617,-38.221845],[-58.906357,-38.222023],[-58.906155,-38.222224],[-58.905921,-38.22256],[-58.905716,-38.222918],[-58.905511,-38.223254],[-58.905277,-38.223612],[-58.905101,-38.223948],[-58.905011,-38.224218],[-58.904978,-38.224533],[-58.905003,-38.224758],[-58.905113,-38.225052],[-58.905308,-38.225346],[-58.905561,-38.225619],[-58.906073,-38.225781],[-58.906385,-38.225897],[-58.906722,-38.226283],[-58.906889,-38.226532],[-58.906999,-38.226849],[-58.906931,-38.227569],[-58.906869,-38.227929],[-58.906777,-38.228288],[-58.906771,-38.228671],[-58.906738,-38.229031],[-58.906733,-38.229391],[-58.906784,-38.22973],[-58.906924,-38.229911],[-58.906976,-38.230294],[-58.906799,-38.230653],[-58.906624,-38.230877],[-58.906394,-38.231009],[-58.905906,-38.231148],[-58.905677,-38.231205],[-58.905362,-38.231248],[-58.905078,-38.2312],[-58.904736,-38.231152],[-58.904221,-38.231214],[-58.903705,-38.231345],[-58.903246,-38.231476],[-58.902759,-38.231606],[-58.902526,-38.231874],[-58.902153,-38.232073],[-58.902004,-38.232432],[-58.902222,-38.233155],[-58.902274,-38.233493],[-58.902412,-38.233765],[-58.902664,-38.234127],[-58.902887,-38.234467],[-58.902941,-38.23467],[-58.90285,-38.235053],[-58.902875,-38.2353],[-58.903158,-38.235461],[-58.903443,-38.235486],[-58.904127,-38.23556],[-58.904122,-38.235898],[-58.904288,-38.236259],[-58.904485,-38.236486],[-58.904963,-38.236919],[-58.905103,-38.2371],[-58.905186,-38.237304],[-58.905266,-38.237688],[-58.905234,-38.237913],[-58.904774,-38.238133],[-58.904516,-38.238199],[-58.904314,-38.238309],[-58.904165,-38.238691],[-58.903849,-38.238846],[-58.903616,-38.239203],[-58.903128,-38.239312],[-58.902815,-38.239241],[-58.902529,-38.239283],[-58.901666,-38.239726],[-58.901318,-38.24006],[-58.900916,-38.240214],[-58.900797,-38.240574],[-58.900962,-38.240958],[-58.900931,-38.241115],[-58.900957,-38.241341],[-58.901268,-38.241501],[-58.902065,-38.241667],[-58.902522,-38.241693],[-58.902863,-38.241764],[-58.903415,-38.24196],[-58.90363,-38.242019],[-58.904147,-38.241843],[-58.904517,-38.241915],[-58.904972,-38.242076],[-58.905433,-38.241765],[-58.905767,-38.242167],[-58.905763,-38.24245],[-58.90599,-38.242716],[-58.906356,-38.243103],[-58.906378,-38.243486],[-58.90643,-38.243824],[-58.906539,-38.244163],[-58.906706,-38.24448],[-58.907074,-38.244664],[-58.907214,-38.244916],[-58.907188,-38.245089],[-58.907141,-38.245787],[-58.9069,-38.245949],[-58.906623,-38.246213],[-58.906502,-38.246617],[-58.906385,-38.246864],[-58.906126,-38.247019],[-58.905867,-38.247084],[-58.90541,-38.247148],[-58.905066,-38.247212],[-58.90486,-38.247593],[-58.904741,-38.24793],[-58.904649,-38.248334],[-58.904328,-38.248804],[-58.904094,-38.249185],[-58.903892,-38.249318],[-58.903829,-38.2497],[-58.903795,-38.25006],[-58.903676,-38.250397],[-58.903588,-38.250554],[-58.903128,-38.250707],[-58.902783,-38.250907],[-58.902323,-38.251105],[-58.901835,-38.251281],[-58.901376,-38.251412],[-58.900917,-38.25152],[-58.900516,-38.251651],[-58.899926,-38.252245],[-58.899827,-38.252381],[-58.899522,-38.252826],[-58.899436,-38.253172],[-58.899289,-38.253464],[-58.899084,-38.2538],[-58.898851,-38.254113],[-58.89836,-38.254424],[-58.897871,-38.254689],[-58.897643,-38.254897],[-58.897408,-38.255113],[-58.89692,-38.255289],[-58.896803,-38.255445],[-58.896714,-38.255692],[-58.896708,-38.256052],[-58.896389,-38.256364],[-58.895788,-38.25652],[-58.895392,-38.257034],[-58.895024,-38.257643],[-58.894483,-38.257873],[-58.893971,-38.25808],[-58.893791,-38.258187],[-58.893494,-38.258905],[-58.893376,-38.259173],[-58.892943,-38.259507],[-58.892737,-38.259866],[-58.892618,-38.260203],[-58.892441,-38.260584],[-58.892265,-38.260875],[-58.89209,-38.261098],[-58.891802,-38.261254],[-58.891288,-38.261226],[-58.890804,-38.261132],[-58.890373,-38.26133],[-58.88997,-38.261552],[-58.889481,-38.261772],[-58.889246,-38.262153],[-58.888984,-38.262443],[-58.888608,-38.262755],[-58.888259,-38.263202],[-58.888086,-38.263313],[-58.887654,-38.263579],[-58.887362,-38.263959],[-58.887186,-38.264228],[-58.886787,-38.264201],[-58.886582,-38.26456],[-58.886518,-38.264942],[-58.886459,-38.265144],[-58.886338,-38.265503],[-58.886248,-38.26584],[-58.885541,-38.266069],[-58.885206,-38.266181],[-58.884755,-38.266322],[-58.884296,-38.266452],[-58.883808,-38.266605],[-58.882889,-38.266956],[-58.882428,-38.267177],[-58.881968,-38.267354],[-58.881509,-38.267507],[-58.880589,-38.267858],[-58.88013,-38.268011],[-58.879727,-38.268188],[-58.879266,-38.268431],[-58.879065,-38.268564],[-58.878803,-38.268855],[-58.878541,-38.26919],[-58.878364,-38.269548],[-58.878301,-38.269908],[-58.878267,-38.270246],[-58.878321,-38.270516],[-58.8784,-38.270878],[-58.878566,-38.271262],[-58.878818,-38.271625],[-58.878987,-38.271761],[-58.879381,-38.272103],[-58.879661,-38.272489],[-58.879941,-38.272852],[-58.880444,-38.273577],[-58.880667,-38.273962],[-58.880862,-38.274324],[-58.881028,-38.274686],[-58.881136,-38.275047],[-58.881274,-38.275387],[-58.881411,-38.275771],[-58.88152,-38.27611],[-58.881488,-38.276461],[-58.881108,-38.276849],[-58.880659,-38.277267],[-58.880086,-38.277508],[-58.879413,-38.277835],[-58.879058,-38.278018],[-58.877724,-38.278795],[-58.874202,-38.280902],[-58.87332,-38.281147],[-58.87207,-38.281293],[-58.871102,-38.281761],[-58.870481,-38.282709],[-58.870236,-38.285222],[-58.870331,-38.286009],[-58.870603,-38.286843],[-58.870702,-38.287359],[-58.870442,-38.287944],[-58.869774,-38.28891],[-58.868868,-38.289892],[-58.868197,-38.291046],[-58.867509,-38.291872],[-58.866145,-38.29294],[-58.865569,-38.29311],[-58.862814,-38.293688],[-58.861487,-38.293989],[-58.860733,-38.294415],[-58.85959,-38.29568],[-58.859163,-38.295911],[-58.858407,-38.296375],[-58.857506,-38.296583],[-58.856824,-38.297126],[-58.85625,-38.297879],[-58.855122,-38.29824],[-58.853749,-38.298325],[-58.852779,-38.29831],[-58.85106,-38.298195],[-58.848948,-38.297703],[-58.848101,-38.297616],[-58.846724,-38.297917],[-58.843777,-38.298516],[-58.843008,-38.29906],[-58.84176,-38.30015],[-58.841175,-38.30089],[-58.840438,-38.301629],[-58.838521,-38.303024],[-58.837685,-38.303802],[-58.836413,-38.305321],[-58.83524,-38.306423],[-58.833754,-38.307292],[-58.831893,-38.308235],[-58.830289,-38.308691],[-58.828789,-38.308912],[-58.828237,-38.309188],[-58.827471,-38.309617],[-58.825981,-38.311319],[-58.824943,-38.313229],[-58.824455,-38.314107],[-58.824195,-38.314733],[-58.823979,-38.315772],[-58.823534,-38.317044],[-58.822874,-38.317804],[-58.821743,-38.318664],[-58.818945,-38.319185],[-58.817195,-38.319403],[-58.816381,-38.319683],[-58.815988,-38.320322],[-58.815588,-38.321456],[-58.815681,-38.321889],[-58.815972,-38.322422],[-58.816236,-38.323053],[-58.816249,-38.323742],[-58.816138,-38.324467],[-58.815748,-38.325387],[-58.814911,-38.326267],[-58.814071,-38.32728],[-58.812882,-38.327949],[-58.811202,-38.328423],[-58.809848,-38.328802],[-58.809093,-38.329246],[-58.808708,-38.329851],[-58.808798,-38.33046],[-58.80946,-38.331174],[-58.811313,-38.332352],[-58.812127,-38.33295],[-58.812164,-38.333716],[-58.811996,-38.334814],[-58.811805,-38.335789],[-58.81174,-38.336692],[-58.811996,-38.337833],[-58.812726,-38.339039],[-58.813039,-38.33971],[-58.813302,-38.3404],[-58.812968,-38.340986],[-58.812241,-38.341194],[-58.81117,-38.341046],[-58.810376,-38.341082],[-58.810296,-38.341086],[-58.808883,-38.341649],[-58.807326,-38.342203],[-58.805854,-38.343225],[-58.805033,-38.344592],[-58.804575,-38.345078],[-58.803473,-38.345342],[-58.802543,-38.345706],[-58.802087,-38.346133],[-58.801903,-38.34674],[-58.802063,-38.347586],[-58.802642,-38.348829],[-58.802876,-38.349774],[-58.802684,-38.350689],[-58.8021,-38.351272],[-58.800917,-38.351869],[-58.800056,-38.352561],[-58.799847,-38.353187],[-58.799707,-38.35407],[-58.799476,-38.35446],[-58.799265,-38.355165],[-58.799232,-38.355616],[-58.798118,-38.356587],[-58.797802,-38.357249],[-58.797713,-38.358093],[-58.797,-38.358969],[-58.79651,-38.359907],[-58.79517,-38.360915],[-58.794202,-38.362083],[-58.793811,-38.363061],[-58.793178,-38.363605],[-58.791751,-38.363845],[-58.791023,-38.364113],[-58.790642,-38.364462],[-58.790457,-38.365128],[-58.790791,-38.36581],[-58.791416,-38.367055],[-58.791723,-38.368118],[-58.791107,-38.369133],[-58.790193,-38.370047],[-58.78906,-38.370644],[-58.788295,-38.371082],[-58.787737,-38.371646],[-58.787352,-38.372271],[-58.787386,-38.373233],[-58.787669,-38.374179],[-58.787558,-38.374885],[-58.787203,-38.375196],[-58.786553,-38.375248],[-58.785401,-38.375452],[-58.784895,-38.3758],[-58.784481,-38.376719],[-58.783996,-38.377303],[-58.783341,-38.377689],[-58.782474,-38.378461],[-58.782165,-38.380461],[-58.782405,-38.381073],[-58.783712,-38.382068],[-58.784575,-38.382745],[-58.785033,-38.383673],[-58.785164,-38.384833],[-58.784225,-38.38723],[-58.782812,-38.38808],[-58.781605,-38.388519],[-58.781175,-38.388724],[-58.781168,-38.389117],[-58.781633,-38.389632],[-58.78409,-38.390581],[-58.785175,-38.391436],[-58.785313,-38.392377],[-58.785141,-38.393652],[-58.785296,-38.394852],[-58.786478,-38.395905],[-58.786274,-38.397611],[-58.786657,-38.398597],[-58.787485,-38.399971],[-58.787716,-38.401093],[-58.787426,-38.401974],[-58.786339,-38.40381],[-58.785707,-38.404236],[-58.784731,-38.404869],[-58.783608,-38.405144],[-58.781732,-38.405603],[-58.781426,-38.405953],[-58.781516,-38.406524],[-58.782242,-38.407906],[-58.782481,-38.408576],[-58.782756,-38.410013],[-58.783066,-38.410919],[-58.783699,-38.411888],[-58.783541,-38.412417],[-58.782885,-38.412679],[-58.781711,-38.412687],[-58.780734,-38.412749],[-58.778419,-38.41385],[-58.777039,-38.414189],[-58.775374,-38.415095],[-58.774864,-38.415758],[-58.774215,-38.418618],[-58.774343,-38.419316],[-58.77483,-38.41974],[-58.775861,-38.420296],[-58.776497,-38.421013],[-58.777076,-38.422217],[-58.777012,-38.423061],[-58.776167,-38.424289],[-58.775263,-38.424595],[-58.77233,-38.425094],[-58.771852,-38.425265],[-58.771194,-38.42577],[-58.770702,-38.427197],[-58.770676,-38.427797],[-58.770439,-38.428331],[-58.769597,-38.429177],[-58.768862,-38.430319],[-58.768835,-38.431033],[-58.769362,-38.431511],[-58.77085,-38.432019],[-58.772912,-38.43213],[-58.773251,-38.432236],[-58.773455,-38.432646],[-58.773594,-38.434052],[-58.77376,-38.434768],[-58.774278,-38.435929],[-58.774337,-38.436287],[-58.774104,-38.436629],[-58.77238,-38.437722],[-58.771501,-38.437815],[-58.770506,-38.438035],[-58.769906,-38.438947],[-58.76968,-38.43962],[-58.769457,-38.440282],[-58.768824,-38.441207],[-58.769515,-38.442605],[-58.769569,-38.443257],[-58.769276,-38.444166],[-58.768858,-38.444826],[-58.767835,-38.445772],[-58.767049,-38.44616],[-58.765212,-38.446205],[-58.76396,-38.446319],[-58.762752,-38.446587],[-58.761892,-38.447045],[-58.761347,-38.44755],[-58.761209,-38.448034],[-58.761348,-38.448457],[-58.762337,-38.44954],[-58.762263,-38.450075],[-58.761057,-38.45045],[-58.760612,-38.450815],[-58.759902,-38.452359],[-58.759075,-38.453206],[-58.758269,-38.453798],[-58.757916,-38.454281],[-58.757894,-38.455092],[-58.758107,-38.455777],[-58.758181,-38.456225],[-58.758558,-38.457007],[-58.759061,-38.45797],[-58.759228,-38.458661],[-58.759738,-38.459343],[-58.76033,-38.459923],[-58.760763,-38.461214],[-58.760117,-38.461897],[-58.758137,-38.462718],[-58.756885,-38.463688],[-58.755964,-38.465262],[-58.75515,-38.466872],[-58.755192,-38.467281],[-58.755613,-38.468281],[-58.755687,-38.468703],[-58.756225,-38.469552],[-58.757155,-38.470276],[-58.757404,-38.471053],[-58.757491,-38.47168],[-58.757383,-38.472532],[-58.756961,-38.473363],[-58.755866,-38.473708],[-58.754437,-38.474587],[-58.75359,-38.475624],[-58.752126,-38.476371],[-58.750923,-38.476371],[-58.750376,-38.476008],[-58.749681,-38.475809],[-58.749063,-38.47584],[-58.748634,-38.476193],[-58.748067,-38.477043],[-58.747444,-38.477342],[-58.747032,-38.477682],[-58.746165,-38.478403],[-58.745504,-38.478745],[-58.744581,-38.479488],[-58.743978,-38.479558],[-58.742906,-38.479534],[-58.740661,-38.480582],[-58.740029,-38.48099],[-58.739924,-38.48141],[-58.740362,-38.482385],[-58.740499,-38.48291],[-58.741189,-38.483479],[-58.742247,-38.484307],[-58.743921,-38.48527],[-58.744145,-38.485766],[-58.744491,-38.486408],[-58.745038,-38.486733],[-58.746692,-38.486942],[-58.748079,-38.486866],[-58.749366,-38.486714],[-58.750313,-38.486869],[-58.750923,-38.487271],[-58.751613,-38.487776],[-58.751994,-38.488317],[-58.752077,-38.48916],[-58.751761,-38.489603],[-58.751216,-38.490057],[-58.750011,-38.490223],[-58.749594,-38.490793],[-58.749531,-38.491635],[-58.749562,-38.49259],[-58.749245,-38.493111],[-58.7485,-38.493728],[-58.747825,-38.494205],[-58.746393,-38.495099],[-58.745521,-38.495703],[-58.744364,-38.495856],[-58.743429,-38.495789],[-58.742596,-38.496035],[-58.741822,-38.496576],[-58.741534,-38.497262],[-58.741875,-38.498211],[-58.74194,-38.499207],[-58.741588,-38.499778],[-58.74031,-38.500364],[-58.739534,-38.500711],[-58.738974,-38.501113],[-58.738721,-38.501621],[-58.738744,-38.502196],[-58.739087,-38.503017],[-58.739282,-38.504015],[-58.739389,-38.505266],[-58.739198,-38.505961],[-58.738848,-38.506442],[-58.738338,-38.506807],[-58.737437,-38.507167],[-58.736245,-38.507435],[-58.735317,-38.507676],[-58.734429,-38.508092],[-58.734209,-38.508558],[-58.734184,-38.509068],[-58.734404,-38.509485],[-58.735876,-38.510577],[-58.737849,-38.51145],[-58.738927,-38.512125],[-58.739653,-38.512509],[-58.740488,-38.511856],[-58.746756,-38.516855],[-58.747404,-38.517384],[-58.748514,-38.516609],[-58.764006,-38.528735]],[[-59.332148,-38.442687],[-59.336604,-38.442555],[-59.337387,-38.455753],[-59.316066,-38.456512],[-59.315236,-38.44319],[-59.332144,-38.442566],[-59.332148,-38.442687]],[[-59.184557,-38.283544],[-59.188741,-38.275126],[-59.193864,-38.276697],[-59.198238,-38.26799],[-59.229741,-38.277625],[-59.227418,-38.282257],[-59.216687,-38.278959],[-59.215701,-38.280926],[-59.215732,-38.280936],[-59.214647,-38.283083],[-59.219729,-38.284646],[-59.215497,-38.293121],[-59.210418,-38.291554],[-59.208555,-38.295363],[-59.187777,-38.28895],[-59.18966,-38.285122],[-59.184557,-38.283544]],[[-59.269467,-38.015614],[-59.261405,-38.014583],[-59.260049,-38.014408],[-59.248808,-38.012933],[-59.252365,-37.995758],[-59.262829,-37.99714],[-59.263682,-37.992869],[-59.273781,-37.994163],[-59.269467,-38.015614]],[[-59.286158,-37.896972],[-59.286806,-37.894217],[-59.284693,-37.893855],[-59.286645,-37.884821],[-59.28872,-37.885121],[-59.289606,-37.881117],[-59.290106,-37.878608],[-59.305939,-37.892124],[-59.305956,-37.892113],[-59.306814,-37.892834],[-59.306784,-37.892856],[-59.308531,-37.894354],[-59.292861,-37.905867],[-59.285638,-37.899714],[-59.286158,-37.896972]]]]},"properties":{"zona":"AREA RURAL","sigla":"AR","categoria":"Rural","observaciones":"SEGUN CODIGO RURAL DTO.LEY 10081/83 Y MODIF."}},{"type":"Feature","geometry":{"type":"MultiPolygon","coordinates":[[[[-59.289606,-37.881117],[-59.291335,-37.88259],[-59.290338,-37.883331],[-59.293126,-37.885692],[-59.29212,-37.886431],[-59.295829,-37.889607],[-59.293836,-37.891085],[-59.294758,-37.891879],[-59.293756,-37.892605],[-59.295627,-37.894195],[-59.294636,-37.894921],[-59.293708,-37.894136],[-59.291716,-37.895608],[-59.290771,-37.894809],[-59.289773,-37.895554],[-59.287036,-37.893236],[-59.286821,-37.894219],[-59.286158,-37.896972],[-59.285638,-37.899714],[-59.292861,-37.905867],[-59.308531,-37.894354],[-59.306784,-37.892856],[-59.306814,-37.892834],[-59.305956,-37.892113],[-59.305939,-37.892124],[-59.290106,-37.878608],[-59.289606,-37.881117]]]]},"properties":{"zona":"AREA COMPLEMENTARIA","sigla":"AC","categoria":"Complementaria, semiurbanizada y de reserva","observaciones":null}},{"type":"Feature","geometry":{"type":"MultiPolygon","coordinates":[[[[-58.745223,-38.55076],[-58.745325,-38.550682],[-58.745237,-38.550612],[-58.745393,-38.550491],[-58.745405,-38.5505],[-58.745549,-38.550388],[-58.745691,-38.550277],[-58.745899,-38.550121],[-58.745977,-38.550185],[-58.746377,-38.549872],[-58.746215,-38.54974],[-58.746422,-38.549583],[-58.746533,-38.549456],[-58.746636,-38.549378],[-58.746508,-38.549274],[-58.746112,-38.548949],[-58.746035,-38.548888],[-58.745934,-38.548969],[-58.74571,-38.549019],[-58.74551,-38.549173],[-58.745353,-38.549046],[-58.744736,-38.549523],[-58.744586,-38.549631],[-58.744169,-38.54995],[-58.744012,-38.54982],[-58.743788,-38.549991],[-58.743584,-38.549824],[-58.743521,-38.549872],[-58.743411,-38.54978],[-58.743289,-38.549657],[-58.743049,-38.549462],[-58.743159,-38.549377],[-58.743077,-38.549311],[-58.743243,-38.549183],[-58.743085,-38.549055],[-58.742878,-38.549214],[-58.742674,-38.54905],[-58.74259,-38.549114],[-58.74247,-38.549017],[-58.742359,-38.548878],[-58.742284,-38.548817],[-58.742143,-38.548925],[-58.74185,-38.548951],[-58.741773,-38.549008],[-58.741752,-38.548992],[-58.74172,-38.549018],[-58.741683,-38.549047],[-58.741664,-38.549049],[-58.741617,-38.549087],[-58.741537,-38.549023],[-58.741128,-38.549338],[-58.741239,-38.549427],[-58.741134,-38.549507],[-58.741239,-38.54959],[-58.741137,-38.549667],[-58.740987,-38.549769],[-58.7409,-38.549837],[-58.740823,-38.549777],[-58.740712,-38.549863],[-58.740588,-38.549763],[-58.740375,-38.549927],[-58.740575,-38.550087],[-58.740601,-38.550068],[-58.740644,-38.550102],[-58.74047,-38.550237],[-58.740462,-38.55023],[-58.740204,-38.550429],[-58.739819,-38.550331],[-58.739206,-38.550798],[-58.739397,-38.550951],[-58.739188,-38.551106],[-58.739045,-38.551212],[-58.738908,-38.551319],[-58.73881,-38.551241],[-58.738706,-38.551321],[-58.738622,-38.551255],[-58.738453,-38.551385],[-58.738375,-38.551445],[-58.738301,-38.551502],[-58.738377,-38.551563],[-58.738307,-38.551617],[-58.73839,-38.551685],[-58.738317,-38.55174],[-58.738417,-38.55182],[-58.738296,-38.551911],[-58.73822,-38.551967],[-58.738089,-38.551865],[-58.73775,-38.552124],[-58.737678,-38.552067],[-58.737617,-38.552114],[-58.737546,-38.552057],[-58.737277,-38.552261],[-58.737357,-38.552325],[-58.737286,-38.552378],[-58.737315,-38.552467],[-58.737297,-38.552481],[-58.737308,-38.55249],[-58.736722,-38.552968],[-58.73687,-38.553085],[-58.736909,-38.553268],[-58.73723,-38.553525],[-58.737435,-38.553368],[-58.737546,-38.552784],[-58.738411,-38.552124],[-58.739291,-38.552847],[-58.741967,-38.55496],[-58.741681,-38.55518],[-58.741777,-38.555257],[-58.741519,-38.555456],[-58.741759,-38.555649],[-58.741726,-38.555674],[-58.741289,-38.555323],[-58.740965,-38.555571],[-58.740295,-38.555668],[-58.740162,-38.55577],[-58.740327,-38.555904],[-58.74026,-38.555963],[-58.740315,-38.556007],[-58.740109,-38.556164],[-58.740265,-38.556289],[-58.740361,-38.556215],[-58.740691,-38.556474],[-58.740796,-38.556393],[-58.740592,-38.55623],[-58.740682,-38.55616],[-58.741084,-38.556503],[-58.741117,-38.556477],[-58.741107,-38.55647],[-58.741114,-38.556455],[-58.741206,-38.556386],[-58.741634,-38.556089],[-58.741801,-38.55596],[-58.741882,-38.556026],[-58.741988,-38.555946],[-58.742306,-38.556203],[-58.742451,-38.556092],[-58.74229,-38.555966],[-58.74251,-38.555797],[-58.742449,-38.555761],[-58.742397,-38.555718],[-58.742499,-38.55564],[-58.742401,-38.55556],[-58.742623,-38.555382],[-58.74273,-38.5553],[-58.742808,-38.555363],[-58.742905,-38.55529],[-58.743026,-38.555388],[-58.743439,-38.55507],[-58.74335,-38.554995],[-58.743551,-38.554837],[-58.743677,-38.554724],[-58.744008,-38.554473],[-58.744113,-38.554562],[-58.744195,-38.554501],[-58.744357,-38.55463],[-58.744564,-38.554473],[-58.744403,-38.554343],[-58.744608,-38.554188],[-58.744497,-38.553861],[-58.744656,-38.553738],[-58.744809,-38.553864],[-58.744896,-38.553795],[-58.74498,-38.553861],[-58.745401,-38.553528],[-58.745252,-38.553407],[-58.745335,-38.553342],[-58.745297,-38.553311],[-58.745356,-38.553268],[-58.745551,-38.553201],[-58.745695,-38.553093],[-58.745773,-38.553157],[-58.745833,-38.55311],[-58.745913,-38.553176],[-58.746418,-38.552787],[-58.746257,-38.552656],[-58.746369,-38.552574],[-58.746527,-38.552465],[-58.746646,-38.552375],[-58.746604,-38.552342],[-58.746577,-38.552363],[-58.746533,-38.552364],[-58.746505,-38.552342],[-58.746485,-38.552357],[-58.746411,-38.552299],[-58.746409,-38.552109],[-58.746248,-38.551981],[-58.746329,-38.551918],[-58.746249,-38.551854],[-58.74633,-38.55179],[-58.74625,-38.551726],[-58.745965,-38.551691],[-58.745735,-38.551509],[-58.745668,-38.551561],[-58.745573,-38.551485],[-58.745372,-38.551383],[-58.74522,-38.551261],[-58.745376,-38.55114],[-58.745217,-38.551012],[-58.74538,-38.550886],[-58.745223,-38.55076]]]]},"properties":{"zona":"ZONA COMERCIAL 1","sigla":"C1","categoria":"Comercial y administrativa","observaciones":null}},{"type":"Feature","geometry":{"type":"MultiPolygon","coordinates":[[[[-58.760651,-38.544201],[-58.758781,-38.542698],[-58.756861,-38.544187],[-58.758739,-38.545685],[-58.760651,-38.544201]]]]},"properties":{"zona":"ZONA DE RESERVA 1","sigla":"ZR1","categoria":"Complementaria, semiurbanizada y de reserva","observaciones":null}},{"type":"Feature","geometry":{"type":"MultiPolygon","coordinates":[[[[-58.680546,-38.549173],[-58.681527,-38.548435],[-58.681627,-38.548361],[-58.68062,-38.547546],[-58.679534,-38.548351],[-58.680546,-38.549173]]]]},"properties":{"zona":"USO ESPECIFICO 14 (CEMENTERIO)","sigla":"UE 14","categoria":"Equipamiento y usos específicos","observaciones":null}},{"type":"Feature","geometry":{"type":"MultiPolygon","coordinates":[[[[-58.724928,-38.509133],[-58.708198,-38.495892],[-58.689849,-38.509911],[-58.689913,-38.509961],[-58.697893,-38.516358],[-58.697917,-38.516377],[-58.697946,-38.516355],[-58.706264,-38.523096],[-58.706307,-38.523062],[-58.707062,-38.522482],[-58.707246,-38.522471],[-58.708001,-38.521891],[-58.708124,-38.521811],[-58.708878,-38.521227],[-58.709953,-38.520482],[-58.710665,-38.519933],[-58.710816,-38.519869],[-58.711528,-38.519321],[-58.711694,-38.519236],[-58.712406,-38.518688],[-58.712562,-38.518586],[-58.713274,-38.518037],[-58.713474,-38.517959],[-58.716751,-38.515434],[-58.716914,-38.515308],[-58.720188,-38.512785],[-58.720352,-38.512659],[-58.724771,-38.509253],[-58.724928,-38.509133]]]]},"properties":{"zona":"AREA COMPLEMENTARIA CO1","sigla":"ACCo1","categoria":"Complementaria, semiurbanizada y de reserva","observaciones":null}},{"type":"Feature","geometry":{"type":"MultiPolygon","coordinates":[[[[-58.751008,-38.539397],[-58.752892,-38.537952],[-58.751023,-38.536454],[-58.749131,-38.537908],[-58.751008,-38.539397]]]]},"properties":{"zona":"ZONA RESIDENCIAL 8 ESPECIAL","sigla":"R8e","categoria":"Residencial","observaciones":null}},{"type":"Feature","geometry":{"type":"MultiPolygon","coordinates":[[[[-58.752892,-38.537952],[-58.751008,-38.539397],[-58.750954,-38.539438],[-58.752856,-38.540939],[-58.754759,-38.539477],[-58.752892,-38.537952]]]]},"properties":{"zona":"ZONA DE RESERVA 2","sigla":"ZR2","categoria":"Complementaria, semiurbanizada y de reserva","observaciones":null}},{"type":"Feature","geometry":{"type":"MultiPolygon","coordinates":[[[[-58.661613,-38.570168],[-58.662436,-38.565685],[-58.664274,-38.565974],[-58.667212,-38.566508],[-58.669335,-38.566991],[-58.669229,-38.567615],[-58.679878,-38.569233],[-58.679911,-38.569217],[-58.681404,-38.569441],[-58.682767,-38.568269],[-58.689018,-38.563569],[-58.689049,-38.563509],[-58.68127,-38.56059],[-58.679898,-38.560115],[-58.679743,-38.560245],[-58.678399,-38.561302],[-58.677765,-38.561001],[-58.677902,-38.560917],[-58.67656,-38.560519],[-58.677803,-38.559597],[-58.677957,-38.559447],[-58.668957,-38.556346],[-58.666873,-38.557917],[-58.666651,-38.557893],[-58.665133,-38.557549],[-58.66197,-38.559942],[-58.659469,-38.559007],[-58.6602,-38.556949],[-58.658985,-38.556446],[-58.660841,-38.55503],[-58.663232,-38.555903],[-58.664425,-38.554906],[-58.664604,-38.554749],[-58.661246,-38.553556],[-58.661084,-38.553396],[-58.651925,-38.550174],[-58.645105,-38.555373],[-58.64278,-38.553457],[-58.641481,-38.554438],[-58.640065,-38.553305],[-58.634968,-38.557188],[-58.636383,-38.558355],[-58.633824,-38.560274],[-58.636109,-38.562151],[-58.633697,-38.56396],[-58.637035,-38.56496],[-58.640509,-38.565802],[-58.642731,-38.56634],[-58.643497,-38.566526],[-58.644799,-38.566781],[-58.647049,-38.567222],[-58.64717,-38.567249],[-58.649508,-38.567767],[-58.651348,-38.568175],[-58.651621,-38.568234],[-58.653055,-38.568682],[-58.653488,-38.568779],[-58.655283,-38.569287],[-58.657101,-38.569786],[-58.657475,-38.56983],[-58.659501,-38.570079],[-58.65988,-38.570123],[-58.661475,-38.570153],[-58.661613,-38.570168]]]]},"properties":{"zona":"ZONA SUJETA ESTUDIO","sigla":"SaE","categoria":"Sujeta a estudio","observaciones":null}},{"type":"Feature","geometry":{"type":"MultiPolygon","coordinates":[[[[-58.689018,-38.563569],[-58.682767,-38.568269],[-58.681404,-38.569441],[-58.679911,-38.569217],[-58.679878,-38.569233],[-58.669229,-38.567615],[-58.669335,-38.566991],[-58.667212,-38.566508],[-58.664274,-38.565974],[-58.662436,-38.565685],[-58.661613,-38.570168],[-58.662694,-38.570179],[-58.66401,-38.570219],[-58.664949,-38.570224],[-58.666031,-38.570318],[-58.666904,-38.57046],[-58.667671,-38.570671],[-58.668555,-38.571053],[-58.680851,-38.572832],[-58.687448,-38.567848],[-58.689673,-38.566136],[-58.69095,-38.565131],[-58.689018,-38.563569]]]]},"properties":{"zona":"ZONA RESIDENCIAL EXTRAURBANA 3","sigla":"ZRE3","categoria":"Residencial","observaciones":null}},{"type":"Feature","geometry":{"type":"MultiPolygon","coordinates":[[[[-58.689673,-38.566136],[-58.687448,-38.567848],[-58.689635,-38.568355],[-58.690447,-38.566333],[-58.689673,-38.566136]]]]},"properties":{"zona":"USO ESPECIFICO 12 (FARO)","sigla":"UE 12","categoria":"Equipamiento y usos específicos","observaciones":null}},{"type":"Feature","geometry":{"type":"MultiPolygon","coordinates":[[[[-58.718972,-38.561281],[-58.719296,-38.560853],[-58.719485,-38.56067],[-58.719514,-38.560557],[-58.719486,-38.560454],[-58.719448,-38.560167],[-58.719188,-38.559036],[-58.719116,-38.558647],[-58.718519,-38.557505],[-58.716565,-38.558995],[-58.71663,-38.559047],[-58.716831,-38.55921],[-58.717032,-38.559373],[-58.71743,-38.559697],[-58.7175,-38.559868],[-58.71758,-38.559936],[-58.717741,-38.560063],[-58.717819,-38.560004],[-58.718607,-38.560656],[-58.718551,-38.560939],[-58.718828,-38.561168],[-58.718972,-38.561281]]]]},"properties":{"zona":"ZONA RESIDENCIAL 6","sigla":"R6","categoria":"Residencial","observaciones":null}},{"type":"Feature","geometry":{"type":"MultiPolygon","coordinates":[[[[-58.728175,-38.545757],[-58.728147,-38.545888],[-58.72808,-38.546327],[-58.728073,-38.546669],[-58.728099,-38.546969],[-58.728195,-38.547217],[-58.728294,-38.547453],[-58.728453,-38.547665],[-58.728594,-38.547781],[-58.728746,-38.54791],[-58.728902,-38.548128],[-58.729001,-38.548369],[-58.72907,-38.548579],[-58.729138,-38.548858],[-58.729108,-38.549067],[-58.729051,-38.549242],[-58.728944,-38.549474],[-58.72829,-38.550396],[-58.730361,-38.550692],[-58.730476,-38.549961],[-58.730436,-38.548583],[-58.730244,-38.547803],[-58.730078,-38.547218],[-58.728175,-38.545757]]]]},"properties":{"zona":"ZONA FRANJA VERDE","sigla":"FV","categoria":"Verde, playa y frente marítimo","observaciones":"SIN INDICADORES. USOS DE CARACTER PUBLICO"}},{"type":"Feature","geometry":{"type":"MultiPolygon","coordinates":[[[[-58.715409,-38.572591],[-58.714908,-38.573369],[-58.714901,-38.573593],[-58.713109,-38.575604],[-58.713123,-38.575621],[-58.713072,-38.575666],[-58.713135,-38.575689],[-58.710522,-38.577043],[-58.707982,-38.577664],[-58.706122,-38.578088],[-58.705747,-38.578227],[-58.704115,-38.579473],[-58.7038,-38.579722],[-58.703995,-38.579773],[-58.704107,-38.579684],[-58.704245,-38.579575],[-58.705993,-38.578489],[-58.706291,-38.578373],[-58.710741,-38.577359],[-58.713118,-38.576096],[-58.713325,-38.575988],[-58.715237,-38.573803],[-58.715609,-38.573122],[-58.715685,-38.573],[-58.715747,-38.572945],[-58.715846,-38.572751],[-58.715409,-38.572591]]]]},"properties":{"zona":"USO ESPECIFICO 11 (PUERTO QUEQUEN)","sigla":"UE 11","categoria":"Industrial y portuaria","observaciones":null}},{"type":"Feature","geometry":{"type":"MultiPolygon","coordinates":[[[[-58.620584,-38.562023],[-58.619693,-38.562669],[-58.619823,-38.562722],[-58.620056,-38.562817],[-58.620622,-38.563184],[-58.621044,-38.563308],[-58.621201,-38.563354],[-58.62132,-38.563389],[-58.621416,-38.563417],[-58.621456,-38.563428],[-58.622591,-38.563725],[-58.622792,-38.563728],[-58.623296,-38.5638],[-58.623949,-38.563832],[-58.624138,-38.563811],[-58.625141,-38.563985],[-58.625254,-38.564004],[-58.629148,-38.564255],[-58.631959,-38.564821],[-58.632805,-38.564973],[-58.636241,-38.565694],[-58.63634,-38.565716],[-58.639864,-38.566475],[-58.639931,-38.566494],[-58.640751,-38.56673],[-58.640766,-38.566734],[-58.642303,-38.567176],[-58.643371,-38.567484],[-58.645072,-38.567705],[-58.64546,-38.567755],[-58.646657,-38.568009],[-58.647031,-38.568089],[-58.647453,-38.568224],[-58.647808,-38.568339],[-58.649805,-38.568689],[-58.650613,-38.568832],[-58.65087,-38.568902],[-58.651562,-38.569152],[-58.651924,-38.569237],[-58.651966,-38.569247],[-58.6536,-38.569628],[-58.653858,-38.569654],[-58.653973,-38.569685],[-58.654047,-38.569707],[-58.655639,-38.570162],[-58.65674,-38.570475],[-58.65735,-38.570533],[-58.657589,-38.570555],[-58.657603,-38.570556],[-58.659342,-38.570721],[-58.65946,-38.570731],[-58.660077,-38.570739],[-58.660287,-38.570741],[-58.660346,-38.570743],[-58.661194,-38.570768],[-58.665174,-38.57099],[-58.665904,-38.571278],[-58.666873,-38.57129],[-58.671113,-38.5719],[-58.672808,-38.572105],[-58.674503,-38.572311],[-58.677007,-38.572838],[-58.67872,-38.573032],[-58.683332,-38.573895],[-58.684366,-38.574011],[-58.685794,-38.574171],[-58.686251,-38.574311],[-58.686681,-38.574315],[-58.687795,-38.574576],[-58.689133,-38.575154],[-58.689362,-38.575201],[-58.690939,-38.575865],[-58.692516,-38.576445],[-58.693906,-38.576804],[-58.696483,-38.577069],[-58.696396,-38.57573],[-58.694372,-38.575367],[-58.694887,-38.574396],[-58.695013,-38.574267],[-58.694694,-38.574233],[-58.692654,-38.57402],[-58.691509,-38.573812],[-58.689475,-38.573725],[-58.688728,-38.573659],[-58.680851,-38.572832],[-58.668555,-38.571053],[-58.667671,-38.570671],[-58.666904,-38.57046],[-58.666031,-38.570318],[-58.664949,-38.570224],[-58.66401,-38.570219],[-58.662694,-38.570179],[-58.661613,-38.570168],[-58.661475,-38.570153],[-58.65988,-38.570123],[-58.659501,-38.570079],[-58.657475,-38.56983],[-58.657101,-38.569786],[-58.655283,-38.569287],[-58.653488,-38.568779],[-58.653055,-38.568682],[-58.651621,-38.568234],[-58.651348,-38.568175],[-58.649508,-38.567767],[-58.64717,-38.567249],[-58.647049,-38.567222],[-58.644799,-38.566781],[-58.643497,-38.566526],[-58.642731,-38.56634],[-58.640509,-38.565802],[-58.637035,-38.56496],[-58.633697,-38.56396],[-58.628869,-38.563247],[-58.628808,-38.563594],[-58.623813,-38.56296],[-58.624004,-38.562528],[-58.620584,-38.562023]]]]},"properties":{"zona":"PLAYA","sigla":"PLAYA","categoria":"Verde, playa y frente marítimo","observaciones":null}},{"type":"Feature","geometry":{"type":"MultiPolygon","coordinates":[[[[-58.695013,-38.574267],[-58.694887,-38.574396],[-58.694372,-38.575367],[-58.696396,-38.57573],[-58.696483,-38.577069],[-58.701218,-38.576926],[-58.702852,-38.576895],[-58.703149,-38.576841],[-58.703509,-38.576733],[-58.703868,-38.576555],[-58.705691,-38.575186],[-58.706274,-38.575082],[-58.709678,-38.574041],[-58.712811,-38.573148],[-58.713622,-38.572163],[-58.713733,-38.571981],[-58.712912,-38.571683],[-58.712667,-38.571968],[-58.711317,-38.57259],[-58.709115,-38.573333],[-58.708626,-38.573662],[-58.706361,-38.574463],[-58.705092,-38.574827],[-58.702868,-38.574536],[-58.701596,-38.574962],[-58.700825,-38.575204],[-58.69814,-38.574637],[-58.696661,-38.574525],[-58.695444,-38.574312],[-58.695013,-38.574267]]]]},"properties":{"zona":"USO ESPECIFICO 11 (PUERTO QUEQUEN)","sigla":"UE 11","categoria":"Industrial y portuaria","observaciones":null}},{"type":"Feature","geometry":{"type":"MultiPolygon","coordinates":[[[[-58.766417,-38.532247],[-58.769505,-38.532239],[-58.770902,-38.532073],[-58.770802,-38.53198],[-58.769295,-38.530664],[-58.76877,-38.530208],[-58.768354,-38.529899],[-58.768272,-38.529832],[-58.766877,-38.528704],[-58.766806,-38.528646],[-58.766251,-38.528179],[-58.766083,-38.528051],[-58.765563,-38.527627],[-58.765482,-38.527564],[-58.764006,-38.528735],[-58.748514,-38.516609],[-58.747404,-38.517384],[-58.755487,-38.523823],[-58.766417,-38.532247]]]]},"properties":{"zona":"ZONA DE SERVICIO DE RUTA 1","sigla":"ZSR1","categoria":"Equipamiento y usos específicos","observaciones":null}},{"type":"Feature","geometry":{"type":"MultiPolygon","coordinates":[[[[-58.755487,-38.523823],[-58.747404,-38.517384],[-58.746756,-38.516855],[-58.745935,-38.516483],[-58.745272,-38.516223],[-58.744339,-38.515968],[-58.743368,-38.515821],[-58.743122,-38.515802],[-58.736065,-38.521231],[-58.744484,-38.528062],[-58.747195,-38.530293],[-58.755487,-38.523823]]]]},"properties":{"zona":"ZONA INDUSTRIAL EXCLUSIVA DE NECOCHEA","sigla":"ZIE_N","categoria":"Industrial y portuaria","observaciones":null}},{"type":"Feature","geometry":{"type":"MultiPolygon","coordinates":[[[[-58.689849,-38.509911],[-58.685436,-38.513201],[-58.685098,-38.512916],[-58.667607,-38.526232],[-58.676021,-38.533108],[-58.677993,-38.531644],[-58.681877,-38.528718],[-58.682065,-38.528503],[-58.685708,-38.525758],[-58.685895,-38.525567],[-58.689624,-38.522758],[-58.68975,-38.522613],[-58.693031,-38.520139],[-58.693962,-38.519405],[-58.697917,-38.516377],[-58.697893,-38.516358],[-58.689913,-38.509961],[-58.689849,-38.509911]]]]},"properties":{"zona":"ZONA INDUSTRIAL EXCLUSIVA QUEQUEN","sigla":"ZIE_Q","categoria":"Industrial y portuaria","observaciones":null}},{"type":"Feature","geometry":{"type":"MultiPolygon","coordinates":[[[[-58.824933,-38.613247],[-58.830414,-38.609232],[-58.827094,-38.606566],[-58.823149,-38.609576],[-58.804692,-38.594868],[-58.800829,-38.59786],[-58.796131,-38.59405],[-58.797087,-38.593325],[-58.794274,-38.591097],[-58.796189,-38.589615],[-58.799018,-38.591879],[-58.800037,-38.591103],[-58.792424,-38.584978],[-58.784335,-38.591204],[-58.778797,-38.595538],[-58.778596,-38.595691],[-58.778534,-38.595733],[-58.783448,-38.597888],[-58.788427,-38.594045],[-58.792165,-38.597092],[-58.788684,-38.599754],[-58.799009,-38.603526],[-58.824933,-38.613247]]]]},"properties":{"zona":"ZONA RESIDENCIAL EXTRAURBANA 1","sigla":"ZRE 1","categoria":"Residencial","observaciones":null}},{"type":"Feature","geometry":{"type":"MultiPolygon","coordinates":[[[[-58.788684,-38.599754],[-58.792165,-38.597092],[-58.788427,-38.594045],[-58.783448,-38.597888],[-58.788684,-38.599754]]]]},"properties":{"zona":"ZONA DE RESERVA 1","sigla":"ZR1","categoria":"Complementaria, semiurbanizada y de reserva","observaciones":null}},{"type":"Feature","geometry":{"type":"MultiPolygon","coordinates":[[[[-58.716702,-38.570545],[-58.716705,-38.571326],[-58.716146,-38.5718],[-58.716078,-38.571906],[-58.715755,-38.572053],[-58.715409,-38.572591],[-58.715846,-38.572751],[-58.716168,-38.572871],[-58.716309,-38.57266],[-58.716338,-38.572612],[-58.71635,-38.572592],[-58.716399,-38.572551],[-58.716467,-38.572609],[-58.716551,-38.572473],[-58.71672,-38.572616],[-58.716778,-38.572521],[-58.716827,-38.572429],[-58.716977,-38.572549],[-58.717231,-38.572352],[-58.717069,-38.57222],[-58.717322,-38.572029],[-58.717467,-38.571928],[-58.717658,-38.571783],[-58.717734,-38.571844],[-58.717831,-38.571771],[-58.718108,-38.571994],[-58.718233,-38.571896],[-58.717796,-38.571547],[-58.718201,-38.571229],[-58.718499,-38.571236],[-58.718853,-38.570961],[-58.718939,-38.571028],[-58.71938,-38.570682],[-58.720214,-38.570059],[-58.719884,-38.569798],[-58.720045,-38.569676],[-58.720511,-38.569875],[-58.721395,-38.569205],[-58.720379,-38.568354],[-58.720318,-38.568402],[-58.719995,-38.568654],[-58.719831,-38.568523],[-58.719669,-38.568651],[-58.719832,-38.568781],[-58.719508,-38.569038],[-58.71931,-38.569107],[-58.719145,-38.569235],[-58.718987,-38.569109],[-58.718826,-38.569234],[-58.718984,-38.569361],[-58.718816,-38.569491],[-58.718683,-38.569603],[-58.718518,-38.569731],[-58.71836,-38.569605],[-58.718199,-38.56973],[-58.71843,-38.569915],[-58.718261,-38.570044],[-58.718031,-38.570083],[-58.717867,-38.570212],[-58.717708,-38.570086],[-58.717548,-38.570211],[-58.717706,-38.570337],[-58.717539,-38.570468],[-58.717508,-38.570664],[-58.717175,-38.570923],[-58.716702,-38.570545]]]]},"properties":{"zona":"ZONA EQUIPAMIENTO ESPECIAL","sigla":"Ee","categoria":"Equipamiento y usos específicos","observaciones":null}},{"type":"Feature","geometry":{"type":"MultiPolygon","coordinates":[[[[-58.733579,-38.585173],[-58.73132,-38.583985],[-58.730315,-38.583602],[-58.725721,-38.581898],[-58.723499,-38.581039],[-58.722775,-38.582358],[-58.732723,-38.585808],[-58.733579,-38.585173]]]]},"properties":{"zona":"ZONA FRENTE MARITIMO","sigla":"ZFM","categoria":"Verde, playa y frente marítimo","observaciones":"INDICADORES SEGUN ORDENAZAS 1884/80 Y 1908/80"}},{"type":"Feature","geometry":{"type":"MultiPolygon","coordinates":[[[[-58.725721,-38.581898],[-58.730315,-38.583602],[-58.73132,-38.583985],[-58.733579,-38.585173],[-58.734441,-38.583735],[-58.7333,-38.583295],[-58.733413,-38.583107],[-58.733323,-38.583074],[-58.733059,-38.582973],[-58.733135,-38.582853],[-58.733149,-38.582825],[-58.733255,-38.582658],[-58.732987,-38.582556],[-58.733011,-38.582515],[-58.732699,-38.582398],[-58.732472,-38.582313],[-58.732102,-38.582587],[-58.731895,-38.582508],[-58.731793,-38.582467],[-58.731916,-38.582264],[-58.731754,-38.582205],[-58.731806,-38.582121],[-58.731734,-38.582096],[-58.731789,-38.582009],[-58.731662,-38.581963],[-58.731839,-38.581669],[-58.731732,-38.581628],[-58.731627,-38.58159],[-58.731677,-38.581508],[-58.731654,-38.5815],[-58.731709,-38.581416],[-58.731993,-38.581359],[-58.732171,-38.581065],[-58.731759,-38.580914],[-58.731532,-38.580969],[-58.731125,-38.580815],[-58.731248,-38.580615],[-58.73098,-38.580514],[-58.730877,-38.580682],[-58.730791,-38.580651],[-58.730474,-38.58053],[-58.730216,-38.580586],[-58.730006,-38.58051],[-58.730071,-38.580404],[-58.729856,-38.580326],[-58.729918,-38.580224],[-58.729642,-38.580122],[-58.729581,-38.580222],[-58.729443,-38.580171],[-58.729383,-38.580269],[-58.729103,-38.580167],[-58.728926,-38.580096],[-58.728649,-38.579992],[-58.728712,-38.579895],[-58.728563,-38.579838],[-58.728622,-38.579744],[-58.728642,-38.57975],[-58.728708,-38.579655],[-58.728541,-38.579593],[-58.728482,-38.579689],[-58.728341,-38.579634],[-58.728282,-38.57973],[-58.727737,-38.579521],[-58.727556,-38.57981],[-58.726952,-38.579589],[-58.727102,-38.579643],[-58.72686,-38.58003],[-58.726582,-38.579922],[-58.726447,-38.58014],[-58.726582,-38.580193],[-58.726514,-38.580305],[-58.726654,-38.580357],[-58.726452,-38.580683],[-58.726386,-38.58083],[-58.726251,-38.581048],[-58.726105,-38.580993],[-58.725973,-38.581204],[-58.725842,-38.581153],[-58.725774,-38.581263],[-58.725908,-38.581315],[-58.725841,-38.581427],[-58.72598,-38.581479],[-58.725779,-38.581805],[-58.725721,-38.581898]]]]},"properties":{"zona":"ZONA COMERCIAL 1","sigla":"C1","categoria":"Comercial y administrativa","observaciones":null}},{"type":"Feature","geometry":{"type":"MultiPolygon","coordinates":[[[[-58.734441,-38.583735],[-58.733579,-38.585173],[-58.734969,-38.585436],[-58.736198,-38.586091],[-58.736371,-38.585928],[-58.736511,-38.585752],[-58.736603,-38.585568],[-58.736661,-38.585386],[-58.736678,-38.585194],[-58.736646,-38.584986],[-58.736533,-38.584765],[-58.73634,-38.584523],[-58.736054,-38.584325],[-58.735591,-38.584147],[-58.734441,-38.583735]]]]},"properties":{"zona":"USO ESPECIFICO 17 (CASINO)","sigla":"UE 17","categoria":"Equipamiento y usos específicos","observaciones":null}},{"type":"Feature","geometry":{"type":"MultiPolygon","coordinates":[[[[-58.744641,-38.558356],[-58.744545,-38.558428],[-58.744145,-38.558744],[-58.743941,-38.558901],[-58.7441,-38.559029],[-58.743895,-38.559185],[-58.744056,-38.559314],[-58.744262,-38.559157],[-58.744583,-38.559416],[-58.744788,-38.559465],[-58.744952,-38.559592],[-58.744869,-38.559657],[-58.745032,-38.559783],[-58.744827,-38.559944],[-58.744992,-38.560072],[-58.745197,-38.559911],[-58.745525,-38.560169],[-58.745797,-38.560174],[-58.7459,-38.560257],[-58.745831,-38.560311],[-58.745902,-38.560369],[-58.745817,-38.560434],[-58.745961,-38.56055],[-58.745755,-38.560709],[-58.745915,-38.56084],[-58.746124,-38.560684],[-58.74644,-38.560941],[-58.746592,-38.561128],[-58.746839,-38.561318],[-58.74676,-38.561379],[-58.746841,-38.561442],[-58.74676,-38.561505],[-58.746916,-38.561628],[-58.746996,-38.561566],[-58.74708,-38.561631],[-58.74716,-38.561567],[-58.74732,-38.561689],[-58.747444,-38.561592],[-58.747534,-38.561658],[-58.747644,-38.561804],[-58.747808,-38.561937],[-58.747724,-38.562],[-58.747804,-38.562064],[-58.74772,-38.562128],[-58.747802,-38.562193],[-58.747716,-38.562259],[-58.747874,-38.562385],[-58.747959,-38.56232],[-58.748027,-38.562373],[-58.748112,-38.562308],[-58.748206,-38.562384],[-58.748284,-38.562323],[-58.748445,-38.56245],[-58.74849,-38.562639],[-58.748604,-38.562732],[-58.748668,-38.562684],[-58.748856,-38.562839],[-58.748692,-38.562962],[-58.748721,-38.562986],[-58.748676,-38.56302],[-58.748759,-38.563087],[-58.749026,-38.562887],[-58.749405,-38.563197],[-58.749452,-38.563232],[-58.750232,-38.562642],[-58.75017,-38.562591],[-58.749931,-38.562397],[-58.750092,-38.562274],[-58.749778,-38.562014],[-58.749698,-38.562075],[-58.749612,-38.562006],[-58.749531,-38.562067],[-58.749375,-38.56194],[-58.749198,-38.561917],[-58.747628,-38.560662],[-58.747181,-38.560378],[-58.747076,-38.560293],[-58.747173,-38.560219],[-58.746952,-38.560043],[-58.747148,-38.559892],[-58.746986,-38.559764],[-58.74678,-38.55992],[-58.746624,-38.559796],[-58.746512,-38.559883],[-58.746344,-38.55975],[-58.746332,-38.559541],[-58.746013,-38.559281],[-58.746219,-38.559126],[-58.74606,-38.558998],[-58.745851,-38.559151],[-58.745748,-38.559069],[-58.745661,-38.559135],[-58.74545,-38.558962],[-58.745318,-38.558849],[-58.745158,-38.558719],[-58.74524,-38.558656],[-58.745078,-38.558526],[-58.745285,-38.558368],[-58.745123,-38.558238],[-58.745078,-38.55827],[-58.744993,-38.558333],[-58.744915,-38.558397],[-58.744753,-38.558268],[-58.744641,-38.558356]]]]},"properties":{"zona":"ZONA COMERCIAL 4","sigla":"C4","categoria":"Comercial y administrativa","observaciones":null}},{"type":"Feature","geometry":{"type":"MultiPolygon","coordinates":[[[[-58.743941,-38.558901],[-58.744145,-38.558744],[-58.744545,-38.558428],[-58.744641,-38.558356],[-58.744477,-38.558225],[-58.744566,-38.557922],[-58.744246,-38.55767],[-58.744326,-38.557608],[-58.744247,-38.557542],[-58.74416,-38.557478],[-58.743917,-38.557665],[-58.743755,-38.557539],[-58.743675,-38.5576],[-58.743509,-38.557471],[-58.743412,-38.557347],[-58.743355,-38.557302],[-58.743341,-38.557312],[-58.743306,-38.557285],[-58.743358,-38.557244],[-58.743345,-38.55723],[-58.743436,-38.557157],[-58.743384,-38.557115],[-58.743479,-38.55704],[-58.743567,-38.55697],[-58.743408,-38.556847],[-58.743244,-38.556719],[-58.742921,-38.556467],[-58.742482,-38.556567],[-58.742322,-38.55644],[-58.742403,-38.556376],[-58.742243,-38.55625],[-58.742306,-38.556203],[-58.741988,-38.555946],[-58.741882,-38.556026],[-58.741801,-38.55596],[-58.741634,-38.556089],[-58.741206,-38.556386],[-58.741114,-38.556455],[-58.741107,-38.55647],[-58.741117,-38.556477],[-58.741084,-38.556503],[-58.741144,-38.55655],[-58.741072,-38.556605],[-58.741249,-38.55675],[-58.741043,-38.556905],[-58.741199,-38.557033],[-58.741411,-38.556873],[-58.741577,-38.557007],[-58.741662,-38.556943],[-58.741722,-38.556993],[-58.74182,-38.55707],[-58.741963,-38.5572],[-58.742127,-38.557328],[-58.742047,-38.557391],[-58.742205,-38.557515],[-58.742004,-38.55767],[-58.74213,-38.557769],[-58.742228,-38.557695],[-58.742424,-38.557851],[-58.742523,-38.557774],[-58.742561,-38.557803],[-58.742616,-38.557759],[-58.742652,-38.557787],[-58.742664,-38.557779],[-58.742748,-38.557845],[-58.742892,-38.557945],[-58.743053,-38.558072],[-58.742971,-38.558135],[-58.743137,-38.558264],[-58.742927,-38.558423],[-58.743091,-38.558549],[-58.743275,-38.558407],[-58.743513,-38.558605],[-58.743599,-38.558538],[-58.743678,-38.558602],[-58.743781,-38.558772],[-58.743941,-38.558901]]]]},"properties":{"zona":"ZONA COMERCIAL 3","sigla":"C3","categoria":"Comercial y administrativa","observaciones":null}},{"type":"Feature","geometry":{"type":"MultiPolygon","coordinates":[[[[-58.72829,-38.550396],[-58.72581,-38.552228],[-58.725485,-38.552601],[-58.726325,-38.553407],[-58.727217,-38.554164],[-58.730099,-38.552049],[-58.730198,-38.551794],[-58.730361,-38.550692],[-58.72829,-38.550396]]]]},"properties":{"zona":"USO ESPECIFICO 5 (LICEO NAVAL)","sigla":"UE 5","categoria":"Equipamiento y usos específicos","observaciones":null}},{"type":"Feature","geometry":{"type":"MultiPolygon","coordinates":[[[[-58.727217,-38.554164],[-58.726325,-38.553407],[-58.724356,-38.554881],[-58.725278,-38.555647],[-58.727217,-38.554164]]]]},"properties":{"zona":"USO ESPECIFICO 6 (E.N.E.T.)","sigla":"UE 6","categoria":"Equipamiento y usos específicos","observaciones":null}},{"type":"Feature","geometry":{"type":"MultiPolygon","coordinates":[[[[-58.718358,-38.57941],[-58.719845,-38.576924],[-58.717457,-38.576053],[-58.715989,-38.578481],[-58.71776,-38.579263],[-58.718358,-38.57941]]]]},"properties":{"zona":"ZONA RESIDENCIAL 3 ESPECIAL","sigla":"R3e","categoria":"Residencial","observaciones":null}},{"type":"Feature","geometry":{"type":"MultiPolygon","coordinates":[[[[-58.721631,-38.578946],[-58.72096,-38.580078],[-58.723499,-38.581039],[-58.724189,-38.579914],[-58.721631,-38.578946]]]]},"properties":{"zona":"USO ESPECIFICO 8 (ASILO DE ANCIANOS)","sigla":"UE 8","categoria":"Equipamiento y usos específicos","observaciones":null}},{"type":"Feature","geometry":{"type":"MultiPolygon","coordinates":[[[[-58.731202,-38.541785],[-58.731184,-38.543133],[-58.731325,-38.543236],[-58.731487,-38.543361],[-58.732339,-38.542689],[-58.731202,-38.541785]]]]},"properties":{"zona":"USO ESPECIFICO 18 (CLUB DEPORTIVO)","sigla":"UE18","categoria":"Equipamiento y usos específicos","observaciones":null}},{"type":"Feature","geometry":{"type":"MultiPolygon","coordinates":[[[[-58.723404,-38.554092],[-58.721137,-38.554944],[-58.720396,-38.555255],[-58.719794,-38.555545],[-58.719637,-38.555722],[-58.722331,-38.557901],[-58.722976,-38.557488],[-58.723365,-38.557296],[-58.721369,-38.555653],[-58.721514,-38.555546],[-58.723354,-38.557082],[-58.725278,-38.555647],[-58.724356,-38.554881],[-58.723404,-38.554092]]]]},"properties":{"zona":"USO ESPECIFICO 7 (CLUB DEPORTIVO)","sigla":"UE 7","categoria":"Equipamiento y usos específicos","observaciones":null}},{"type":"Feature","geometry":{"type":"MultiPolygon","coordinates":[[[[-58.824933,-38.613247],[-58.799009,-38.603526],[-58.788684,-38.599754],[-58.783448,-38.597888],[-58.778534,-38.595733],[-58.775061,-38.594451],[-58.773199,-38.593796],[-58.771258,-38.593112],[-58.767175,-38.591568],[-58.766813,-38.591446],[-58.747194,-38.584257],[-58.736422,-38.580314],[-58.735343,-38.579943],[-58.734803,-38.580837],[-58.733413,-38.583107],[-58.7333,-38.583295],[-58.734441,-38.583735],[-58.735591,-38.584147],[-58.736054,-38.584325],[-58.73634,-38.584523],[-58.736533,-38.584765],[-58.736646,-38.584986],[-58.736678,-38.585194],[-58.736661,-38.585386],[-58.736603,-38.585568],[-58.736511,-38.585752],[-58.736371,-38.585928],[-58.736198,-38.586091],[-58.743842,-38.58976],[-58.74808,-38.591076],[-58.750232,-38.591799],[-58.750561,-38.591221],[-58.752214,-38.591303],[-58.75288,-38.591319],[-58.754242,-38.591909],[-58.755049,-38.592538],[-58.757148,-38.593657],[-58.770286,-38.5983],[-58.773344,-38.599553],[-58.778392,-38.601365],[-58.780716,-38.601723],[-58.78533,-38.602488],[-58.787301,-38.603095],[-58.792565,-38.605498],[-58.797049,-38.607613],[-58.807701,-38.611753],[-58.820153,-38.616734],[-58.824801,-38.613343],[-58.824933,-38.613247]]]]},"properties":{"zona":"ZONA FRANJA VERDE","sigla":"FV","categoria":"Verde, playa y frente marítimo","observaciones":"SEGUN ESTUDIO PARTICULARIZADO DEL PARQUE M. LILLO"}},{"type":"Feature","geometry":{"type":"MultiPolygon","coordinates":[[[[-58.745217,-38.551012],[-58.745376,-38.55114],[-58.74522,-38.551261],[-58.745372,-38.551383],[-58.745573,-38.551485],[-58.745668,-38.551561],[-58.745735,-38.551509],[-58.745965,-38.551691],[-58.74625,-38.551726],[-58.74633,-38.55179],[-58.746249,-38.551854],[-58.746329,-38.551918],[-58.746248,-38.551981],[-58.746409,-38.552109],[-58.746411,-38.552299],[-58.746485,-38.552357],[-58.746505,-38.552342],[-58.746533,-38.552364],[-58.746577,-38.552363],[-58.746604,-38.552342],[-58.746646,-38.552375],[-58.746527,-38.552465],[-58.746369,-38.552574],[-58.746257,-38.552656],[-58.746418,-38.552787],[-58.745913,-38.553176],[-58.745833,-38.55311],[-58.745773,-38.553157],[-58.745695,-38.553093],[-58.745551,-38.553201],[-58.745356,-38.553268],[-58.745297,-38.553311],[-58.745335,-38.553342],[-58.745252,-38.553407],[-58.745401,-38.553528],[-58.74498,-38.553861],[-58.744896,-38.553795],[-58.744809,-38.553864],[-58.744656,-38.553738],[-58.744497,-38.553861],[-58.744608,-38.554188],[-58.744403,-38.554343],[-58.744564,-38.554473],[-58.744357,-38.55463],[-58.744195,-38.554501],[-58.744113,-38.554562],[-58.744008,-38.554473],[-58.743677,-38.554724],[-58.743551,-38.554837],[-58.74335,-38.554995],[-58.743439,-38.55507],[-58.743026,-38.555388],[-58.742905,-38.55529],[-58.742808,-38.555363],[-58.74273,-38.5553],[-58.742623,-38.555382],[-58.742562,-38.555432],[-58.742504,-38.55548],[-58.742401,-38.55556],[-58.742499,-38.55564],[-58.742397,-38.555718],[-58.742449,-38.555761],[-58.74251,-38.555797],[-58.74229,-38.555966],[-58.742451,-38.556092],[-58.742306,-38.556203],[-58.742243,-38.55625],[-58.742403,-38.556376],[-58.742322,-38.55644],[-58.742482,-38.556567],[-58.742921,-38.556467],[-58.743244,-38.556719],[-58.743408,-38.556847],[-58.743567,-38.55697],[-58.743479,-38.55704],[-58.743384,-38.557115],[-58.743436,-38.557157],[-58.743345,-38.55723],[-58.743358,-38.557244],[-58.743306,-38.557285],[-58.743341,-38.557312],[-58.743355,-38.557302],[-58.743412,-38.557347],[-58.743509,-38.557471],[-58.743675,-38.5576],[-58.743755,-38.557539],[-58.743917,-38.557665],[-58.74416,-38.557478],[-58.744247,-38.557542],[-58.744326,-38.557608],[-58.744246,-38.55767],[-58.744566,-38.557922],[-58.744477,-38.558225],[-58.744641,-38.558356],[-58.744753,-38.558268],[-58.744915,-38.558397],[-58.744993,-38.558333],[-58.745078,-38.55827],[-58.745123,-38.558238],[-58.745323,-38.558084],[-58.745165,-38.557957],[-58.745249,-38.55789],[-58.745371,-38.557797],[-58.745496,-38.557693],[-58.745745,-38.557504],[-58.745909,-38.557636],[-58.74628,-38.557355],[-58.746085,-38.557197],[-58.746171,-38.557132],[-58.746137,-38.557104],[-58.746265,-38.55701],[-58.746397,-38.556911],[-58.7466,-38.556753],[-58.74683,-38.556934],[-58.747236,-38.556621],[-58.747028,-38.556456],[-58.747232,-38.556298],[-58.747347,-38.55615],[-58.747479,-38.556048],[-58.747558,-38.556114],[-58.747631,-38.556059],[-58.747789,-38.556185],[-58.748201,-38.555875],[-58.748044,-38.555749],[-58.74825,-38.555594],[-58.748378,-38.55548],[-58.748581,-38.555328],[-58.748738,-38.555454],[-58.748945,-38.555296],[-58.749111,-38.555428],[-58.749251,-38.55532],[-58.749086,-38.555187],[-58.749148,-38.555141],[-58.749053,-38.555065],[-58.749138,-38.555],[-58.74905,-38.554929],[-58.749177,-38.554833],[-58.74951,-38.554866],[-58.750124,-38.554395],[-58.750005,-38.554301],[-58.750213,-38.554143],[-58.750233,-38.553945],[-58.75036,-38.553851],[-58.750438,-38.553915],[-58.750524,-38.553849],[-58.750684,-38.553976],[-58.751084,-38.553668],[-58.750756,-38.553405],[-58.750731,-38.553204],[-58.750403,-38.552946],[-58.750101,-38.55318],[-58.749935,-38.553049],[-58.750242,-38.55281],[-58.749918,-38.552554],[-58.749811,-38.552429],[-58.749652,-38.552302],[-58.74957,-38.552364],[-58.749488,-38.552299],[-58.749406,-38.552363],[-58.749326,-38.552425],[-58.749244,-38.55236],[-58.749167,-38.55242],[-58.749003,-38.55229],[-58.749205,-38.552136],[-58.749045,-38.552007],[-58.749148,-38.551928],[-58.748985,-38.551797],[-58.748863,-38.551693],[-58.748706,-38.551565],[-58.748605,-38.551645],[-58.748439,-38.551513],[-58.748236,-38.551669],[-58.748154,-38.551604],[-58.748378,-38.551435],[-58.748293,-38.551367],[-58.748271,-38.551382],[-58.747951,-38.551128],[-58.748263,-38.550661],[-58.7481,-38.550534],[-58.748199,-38.550458],[-58.748038,-38.550333],[-58.748245,-38.550174],[-58.748078,-38.550044],[-58.747798,-38.550259],[-58.747476,-38.550005],[-58.747318,-38.549922],[-58.747208,-38.549837],[-58.747312,-38.549755],[-58.747096,-38.549583],[-58.747303,-38.549424],[-58.747141,-38.549295],[-58.746929,-38.549459],[-58.746836,-38.549385],[-58.746738,-38.54946],[-58.746636,-38.549378],[-58.746533,-38.549456],[-58.746422,-38.549583],[-58.746215,-38.54974],[-58.746377,-38.549872],[-58.745977,-38.550185],[-58.745899,-38.550121],[-58.745691,-38.550277],[-58.745549,-38.550388],[-58.745405,-38.5505],[-58.745393,-38.550491],[-58.745237,-38.550612],[-58.745325,-38.550682],[-58.745223,-38.55076],[-58.74538,-38.550886],[-58.745217,-38.551012]]]]},"properties":{"zona":"ZONA RESIDENCIAL 2","sigla":"R2","categoria":"Residencial","observaciones":null}},{"type":"Feature","geometry":{"type":"MultiPolygon","coordinates":[[[[-58.731202,-38.541785],[-58.732339,-38.542689],[-58.734167,-38.541166],[-58.73676,-38.538593],[-58.737645,-38.537752],[-58.734829,-38.535525],[-58.734911,-38.535461],[-58.736686,-38.534101],[-58.738589,-38.532561],[-58.744484,-38.528062],[-58.736065,-38.521231],[-58.742632,-38.516202],[-58.743122,-38.515802],[-58.744339,-38.515968],[-58.745272,-38.516223],[-58.745935,-38.516483],[-58.746756,-38.516855],[-58.740488,-38.511856],[-58.739653,-38.512509],[-58.741259,-38.51369],[-58.7416,-38.515187],[-58.741733,-38.515402],[-58.741774,-38.515548],[-58.741707,-38.51568],[-58.741478,-38.51584],[-58.740999,-38.516069],[-58.740243,-38.516395],[-58.738971,-38.517048],[-58.73834,-38.517371],[-58.736826,-38.518178],[-58.735357,-38.519245],[-58.733883,-38.519865],[-58.73317,-38.520597],[-58.733815,-38.522853],[-58.735351,-38.524044],[-58.736388,-38.525278],[-58.737391,-38.528419],[-58.736739,-38.530124],[-58.735481,-38.530844],[-58.732106,-38.531541],[-58.729343,-38.532009],[-58.727714,-38.53345],[-58.726941,-38.534909],[-58.727145,-38.537454],[-58.728801,-38.538891],[-58.730525,-38.540034],[-58.731202,-38.541785]]]]},"properties":{"zona":"ZONA RESIDENCIAL EXTRAURBANA 2","sigla":"ZRE2","categoria":"Residencial","observaciones":null}},{"type":"Feature","geometry":{"type":"MultiPolygon","coordinates":[[[[-58.731544,-38.548365],[-58.73266,-38.547516],[-58.730674,-38.545925],[-58.730918,-38.547863],[-58.731544,-38.548365]]]]},"properties":{"zona":"ZONA RESIDENCIAL 8","sigla":"R8","categoria":"Residencial","observaciones":null}},{"type":"Feature","geometry":{"type":"MultiPolygon","coordinates":[[[[-58.73266,-38.547516],[-58.731544,-38.548365],[-58.732302,-38.548972],[-58.732516,-38.549143],[-58.733631,-38.548294],[-58.73266,-38.547516]]]]},"properties":{"zona":"USO ESPECIFICO 19 (COMPLEJO JUDICIAL)","sigla":"UE19","categoria":"Equipamiento y usos específicos","observaciones":null}},{"type":"Feature","geometry":{"type":"MultiPolygon","coordinates":[[[[-58.732302,-38.548972],[-58.731544,-38.548365],[-58.730918,-38.547863],[-58.731096,-38.548784],[-58.731234,-38.549809],[-58.732302,-38.548972]]]]},"properties":{"zona":"USO ESPECIFICO 3 (TERMINAL DE OMNIBUS)","sigla":"UE 3","categoria":"Equipamiento y usos específicos","observaciones":null}},{"type":"Feature","geometry":{"type":"MultiPolygon","coordinates":[[[[-58.716565,-38.558995],[-58.718519,-38.557505],[-58.718668,-38.55739],[-58.718269,-38.556545],[-58.718242,-38.556388],[-58.718228,-38.556212],[-58.718668,-38.555128],[-58.719329,-38.55441],[-58.719228,-38.554326],[-58.71831,-38.555047],[-58.717663,-38.555518],[-58.71746,-38.555671],[-58.717304,-38.555781],[-58.717221,-38.555845],[-58.717342,-38.555942],[-58.717178,-38.556066],[-58.717258,-38.556132],[-58.717177,-38.556194],[-58.717258,-38.556259],[-58.717087,-38.556387],[-58.717007,-38.556322],[-58.716923,-38.556384],[-58.716761,-38.556252],[-58.716513,-38.556439],[-58.716392,-38.556563],[-58.716298,-38.556637],[-58.716449,-38.55676],[-58.715818,-38.557234],[-58.715696,-38.557134],[-58.715592,-38.557211],[-58.715418,-38.557289],[-58.715256,-38.557414],[-58.715337,-38.55748],[-58.715257,-38.557541],[-58.715336,-38.557603],[-58.715251,-38.557668],[-58.715334,-38.557735],[-58.715165,-38.557865],[-58.715572,-38.558192],[-58.71552,-38.558424],[-58.715863,-38.558707],[-58.715829,-38.558734],[-58.715883,-38.558779],[-58.71596,-38.558718],[-58.716092,-38.55862],[-58.716293,-38.558784],[-58.716049,-38.55897],[-58.716245,-38.559134],[-58.716309,-38.559188],[-58.716565,-38.558995]]]]},"properties":{"zona":"ZONA RESIDENCIAL 4","sigla":"R4","categoria":"Residencial","observaciones":null}},{"type":"Feature","geometry":{"type":"MultiPolygon","coordinates":[[[[-58.719874,-38.563398],[-58.71891,-38.563667],[-58.716611,-38.563648],[-58.716009,-38.563456],[-58.715194,-38.563347],[-58.714313,-38.563448],[-58.713527,-38.56388],[-58.713102,-38.564311],[-58.712959,-38.564743],[-58.712911,-38.56507],[-58.71292,-38.565405],[-58.713003,-38.565676],[-58.713205,-38.565979],[-58.713464,-38.56623],[-58.714786,-38.567373],[-58.716033,-38.569234],[-58.716702,-38.570545],[-58.717175,-38.570923],[-58.717508,-38.570664],[-58.717539,-38.570468],[-58.717706,-38.570337],[-58.717548,-38.570211],[-58.717708,-38.570086],[-58.717867,-38.570212],[-58.718031,-38.570083],[-58.718261,-38.570044],[-58.71843,-38.569915],[-58.718199,-38.56973],[-58.71836,-38.569605],[-58.718518,-38.569731],[-58.718683,-38.569603],[-58.718816,-38.569491],[-58.718984,-38.569361],[-58.718826,-38.569234],[-58.718987,-38.569109],[-58.719145,-38.569235],[-58.71931,-38.569107],[-58.719508,-38.569038],[-58.719832,-38.568781],[-58.719669,-38.568651],[-58.719831,-38.568523],[-58.719995,-38.568654],[-58.720318,-38.568402],[-58.720379,-38.568354],[-58.720224,-38.568228],[-58.71879,-38.567074],[-58.721685,-38.564859],[-58.721391,-38.564632],[-58.719874,-38.563398]]]]},"properties":{"zona":"ZONA INDUSTRIAL PORTUARIA","sigla":"ZIP","categoria":"Industrial y portuaria","observaciones":null}},{"type":"Feature","geometry":{"type":"MultiPolygon","coordinates":[[[[-58.721395,-38.569205],[-58.720511,-38.569875],[-58.720045,-38.569676],[-58.719884,-38.569798],[-58.720214,-38.570059],[-58.71938,-38.570682],[-58.718939,-38.571028],[-58.718853,-38.570961],[-58.718499,-38.571236],[-58.718201,-38.571229],[-58.717796,-38.571547],[-58.718233,-38.571896],[-58.718108,-38.571994],[-58.717831,-38.571771],[-58.717734,-38.571844],[-58.717658,-38.571783],[-58.717467,-38.571928],[-58.717322,-38.572029],[-58.717069,-38.57222],[-58.717231,-38.572352],[-58.716977,-38.572549],[-58.716827,-38.572429],[-58.716778,-38.572521],[-58.71672,-38.572616],[-58.716551,-38.572473],[-58.716467,-38.572609],[-58.716399,-38.572551],[-58.71635,-38.572592],[-58.716338,-38.572612],[-58.716309,-38.57266],[-58.716168,-38.572871],[-58.718353,-38.573699],[-58.722788,-38.5703],[-58.721548,-38.569325],[-58.721395,-38.569205]]]]},"properties":{"zona":"ZONA INDUSTRIAL PORTUARIA","sigla":"ZIP","categoria":"Industrial y portuaria","observaciones":null}},{"type":"Feature","geometry":{"type":"MultiPolygon","coordinates":[[[[-58.730728,-38.513779],[-58.724928,-38.509133],[-58.724771,-38.509253],[-58.720352,-38.512659],[-58.720188,-38.512785],[-58.716914,-38.515308],[-58.716751,-38.515434],[-58.713474,-38.517959],[-58.713274,-38.518037],[-58.712562,-38.518586],[-58.712406,-38.518688],[-58.711694,-38.519236],[-58.711528,-38.519321],[-58.710816,-38.519869],[-58.710665,-38.519933],[-58.709953,-38.520482],[-58.708878,-38.521227],[-58.708124,-38.521811],[-58.708001,-38.521891],[-58.707246,-38.522471],[-58.707062,-38.522482],[-58.706307,-38.523062],[-58.706264,-38.523096],[-58.701982,-38.526546],[-58.701052,-38.527456],[-58.698314,-38.529548],[-58.684752,-38.539935],[-58.681875,-38.537576],[-58.681804,-38.537629],[-58.678975,-38.535318],[-58.678831,-38.535426],[-58.676021,-38.533108],[-58.667607,-38.526232],[-58.663868,-38.529232],[-58.663917,-38.529275],[-58.668021,-38.532698],[-58.670026,-38.534308],[-58.677738,-38.540701],[-58.683352,-38.545308],[-58.684309,-38.544621],[-58.687274,-38.547016],[-58.692212,-38.550905],[-58.693006,-38.551555],[-58.693102,-38.551562],[-58.696918,-38.554646],[-58.696981,-38.554598],[-58.698877,-38.55615],[-58.700774,-38.557689],[-58.702704,-38.556167],[-58.700797,-38.55463],[-58.698864,-38.553133],[-58.696897,-38.551562],[-58.691166,-38.546925],[-58.686333,-38.542991],[-58.69522,-38.536343],[-58.703517,-38.530098],[-58.704899,-38.529041],[-58.707727,-38.531289],[-58.708878,-38.530381],[-58.709847,-38.529633],[-58.709892,-38.529669],[-58.712214,-38.527899],[-58.730728,-38.513779]]]]},"properties":{"zona":"ZONA DE SERVICIO DE RUTA 2","sigla":"ZSR 2","categoria":"Equipamiento y usos específicos","observaciones":null}},{"type":"Feature","geometry":{"type":"MultiPolygon","coordinates":[[[[-58.708878,-38.530381],[-58.707727,-38.531289],[-58.706987,-38.53187],[-58.71274,-38.536513],[-58.713623,-38.535857],[-58.714638,-38.535101],[-58.708878,-38.530381]]]]},"properties":{"zona":"USO ESPECIFICO 13 (INDUSTRIAL MIXTA)","sigla":"UE 13","categoria":"Industrial y portuaria","observaciones":null}},{"type":"Feature","geometry":{"type":"MultiPolygon","coordinates":[[[[-58.732339,-38.542689],[-58.731487,-38.543361],[-58.731092,-38.543851],[-58.73082,-38.544349],[-58.730606,-38.54521],[-58.730674,-38.545925],[-58.73266,-38.547516],[-58.733631,-38.548294],[-58.734578,-38.549053],[-58.73556,-38.54831],[-58.733667,-38.546778],[-58.735579,-38.545311],[-58.732339,-38.542689]]]]},"properties":{"zona":"USO ESPECIFICO 2 (FF.CC)","sigla":"UE 2","categoria":"Equipamiento y usos específicos","observaciones":null}},{"type":"Feature","geometry":{"type":"MultiPolygon","coordinates":[[[[-58.730361,-38.550692],[-58.730198,-38.551794],[-58.730099,-38.552049],[-58.727217,-38.554164],[-58.725278,-38.555647],[-58.723354,-38.557082],[-58.723502,-38.557204],[-58.723453,-38.557308],[-58.7234,-38.55749],[-58.723251,-38.559779],[-58.722995,-38.562194],[-58.722714,-38.563002],[-58.722383,-38.563467],[-58.721692,-38.564219],[-58.721391,-38.564632],[-58.721685,-38.564859],[-58.72199,-38.565104],[-58.72207,-38.565044],[-58.722315,-38.564858],[-58.72239,-38.564919],[-58.722474,-38.564854],[-58.722556,-38.564919],[-58.722717,-38.564796],[-58.722635,-38.56473],[-58.722719,-38.564666],[-58.722644,-38.564606],[-58.722885,-38.564418],[-58.72297,-38.564278],[-58.723299,-38.564029],[-58.723503,-38.564195],[-58.723668,-38.564067],[-58.723588,-38.564002],[-58.723668,-38.563942],[-58.723586,-38.563875],[-58.723672,-38.56381],[-58.723595,-38.563747],[-58.723677,-38.563683],[-58.723759,-38.563622],[-58.724008,-38.563601],[-58.724326,-38.563358],[-58.724404,-38.563421],[-58.724635,-38.563246],[-58.724464,-38.563106],[-58.724741,-38.562898],[-58.724812,-38.562842],[-58.724547,-38.562629],[-58.724573,-38.561148],[-58.724732,-38.561028],[-58.724662,-38.560972],[-58.724339,-38.560717],[-58.724663,-38.560465],[-58.724505,-38.560341],[-58.724342,-38.560467],[-58.724077,-38.560261],[-58.723951,-38.56016],[-58.724338,-38.558874],[-58.723741,-38.557406],[-58.724573,-38.557333],[-58.724698,-38.556714],[-58.725065,-38.55688],[-58.725311,-38.556688],[-58.72539,-38.556752],[-58.725632,-38.556565],[-58.725552,-38.556501],[-58.725634,-38.556438],[-58.725474,-38.55631],[-58.725722,-38.556118],[-58.725795,-38.555889],[-58.726593,-38.555914],[-58.726611,-38.55526],[-58.726871,-38.555214],[-58.726978,-38.555136],[-58.727135,-38.555271],[-58.727264,-38.555179],[-58.727342,-38.555243],[-58.727524,-38.55511],[-58.727208,-38.554843],[-58.728046,-38.554185],[-58.728368,-38.55444],[-58.728316,-38.55448],[-58.728397,-38.554544],[-58.728553,-38.554424],[-58.728796,-38.554616],[-58.728902,-38.554547],[-58.728733,-38.554413],[-58.729045,-38.554174],[-58.728936,-38.553871],[-58.729141,-38.553713],[-58.729222,-38.553778],[-58.729427,-38.55362],[-58.729587,-38.553749],[-58.729998,-38.553435],[-58.729972,-38.553197],[-58.730581,-38.552726],[-58.730365,-38.552557],[-58.730566,-38.552399],[-58.730643,-38.552342],[-58.730481,-38.552203],[-58.730959,-38.55183],[-58.730893,-38.551779],[-58.730631,-38.551576],[-58.730665,-38.551454],[-58.730976,-38.551208],[-58.730931,-38.550931],[-58.731234,-38.549809],[-58.731096,-38.548784],[-58.730918,-38.547863],[-58.730674,-38.545925],[-58.730606,-38.54521],[-58.73082,-38.544349],[-58.731092,-38.543851],[-58.731487,-38.543361],[-58.731325,-38.543236],[-58.730872,-38.543772],[-58.730631,-38.544051],[-58.730394,-38.544351],[-58.730261,-38.544592],[-58.730101,-38.544934],[-58.730023,-38.545191],[-58.729964,-38.545386],[-58.729921,-38.545679],[-58.729898,-38.546214],[-58.729977,-38.546861],[-58.730078,-38.547218],[-58.730244,-38.547803],[-58.730436,-38.548583],[-58.730476,-38.549961],[-58.730361,-38.550692]]]]},"properties":{"zona":"ZONA DE EQUIPAMIENTO 1","sigla":"E1","categoria":"Equipamiento y usos específicos","observaciones":null}},{"type":"Feature","geometry":{"type":"MultiPolygon","coordinates":[[[[-58.734803,-38.580837],[-58.735343,-38.579943],[-58.736422,-38.580314],[-58.736575,-38.580187],[-58.736707,-38.580076],[-58.73693,-38.580026],[-58.737084,-38.579897],[-58.737008,-38.579836],[-58.737174,-38.579708],[-58.73709,-38.579641],[-58.737171,-38.579578],[-58.737016,-38.579453],[-58.736854,-38.579324],[-58.736523,-38.579583],[-58.7364,-38.579486],[-58.736282,-38.57939],[-58.736141,-38.579285],[-58.735984,-38.579157],[-58.73631,-38.578904],[-58.735987,-38.57865],[-58.735745,-38.578838],[-58.735421,-38.578586],[-58.735289,-38.578449],[-58.734783,-38.578055],[-58.734717,-38.578004],[-58.734482,-38.578182],[-58.734314,-38.578176],[-58.734065,-38.578358],[-58.734301,-38.578551],[-58.733814,-38.578921],[-58.73365,-38.57879],[-58.733597,-38.578874],[-58.733514,-38.578809],[-58.733462,-38.57889],[-58.733375,-38.578821],[-58.733321,-38.578907],[-58.733237,-38.57884],[-58.733161,-38.578964],[-58.733008,-38.579169],[-58.732948,-38.579264],[-58.73306,-38.579307],[-58.733,-38.579403],[-58.733282,-38.579512],[-58.733577,-38.579622],[-58.733425,-38.579872],[-58.733689,-38.57997],[-58.733653,-38.580028],[-58.733393,-38.579932],[-58.733238,-38.580181],[-58.733184,-38.580161],[-58.733176,-38.58018],[-58.733139,-38.580238],[-58.733248,-38.580278],[-58.73335,-38.580317],[-58.733303,-38.580393],[-58.733403,-38.580434],[-58.733552,-38.580472],[-58.733786,-38.580554],[-58.733886,-38.580393],[-58.734096,-38.580475],[-58.734247,-38.580231],[-58.734459,-38.580311],[-58.734309,-38.580554],[-58.734514,-38.580631],[-58.734464,-38.580716],[-58.734565,-38.580756],[-58.7347,-38.580803],[-58.734803,-38.580837]]]]},"properties":{"zona":"ZONA RESIDENCIAL 2","sigla":"R2","categoria":"Residencial","observaciones":null}},{"type":"Feature","geometry":{"type":"MultiPolygon","coordinates":[[[[-58.641386,-38.546349],[-58.620584,-38.562023],[-58.624004,-38.562528],[-58.628869,-38.563247],[-58.633697,-38.56396],[-58.636109,-38.562151],[-58.633824,-38.560274],[-58.636383,-38.558355],[-58.634968,-38.557188],[-58.640065,-38.553305],[-58.641481,-38.554438],[-58.64278,-38.553457],[-58.645105,-38.555373],[-58.651925,-38.550174],[-58.64555,-38.547807],[-58.641386,-38.546349]]]]},"properties":{"zona":"ZONA RESIDENCIAL EXTRAURBANA 4","sigla":"ZRE 4","categoria":"Residencial","observaciones":null}},{"type":"Feature","geometry":{"type":"MultiPolygon","coordinates":[[[[-58.718358,-38.57941],[-58.71776,-38.579263],[-58.715989,-38.578481],[-58.714858,-38.580419],[-58.716539,-38.579943],[-58.718271,-38.579567],[-58.718358,-38.57941]]]]},"properties":{"zona":"ZONA DE RECUPERACION DE DUNAS","sigla":"ZRD","categoria":"Verde, playa y frente marítimo","observaciones":null}},{"type":"Feature","geometry":{"type":"MultiPolygon","coordinates":[[[[-58.758693,-38.53347],[-58.754817,-38.536432],[-58.755726,-38.537166],[-58.759589,-38.534201],[-58.758693,-38.53347]]]]},"properties":{"zona":"USO ESPECIFICO 9 (TIRO FEDERAL)","sigla":"UE 9","categoria":"Equipamiento y usos específicos","observaciones":null}},{"type":"Feature","geometry":{"type":"MultiPolygon","coordinates":[[[[-58.754817,-38.536432],[-58.758693,-38.53347],[-58.754933,-38.530431],[-58.743337,-38.539374],[-58.739419,-38.536202],[-58.738484,-38.536966],[-58.737645,-38.537752],[-58.73676,-38.538593],[-58.734167,-38.541166],[-58.732339,-38.542689],[-58.735579,-38.545311],[-58.735789,-38.54538],[-58.735963,-38.545248],[-58.736039,-38.545312],[-58.736116,-38.545256],[-58.736195,-38.545322],[-58.736362,-38.545197],[-58.736435,-38.545256],[-58.736651,-38.545096],[-58.73639,-38.544886],[-58.736431,-38.544854],[-58.736443,-38.544862],[-58.736603,-38.544743],[-58.736807,-38.544665],[-58.736928,-38.544569],[-58.737013,-38.544637],[-58.737094,-38.544572],[-58.737239,-38.544686],[-58.737653,-38.54437],[-58.737497,-38.544251],[-58.737576,-38.544186],[-58.737414,-38.544061],[-58.737264,-38.543865],[-58.737109,-38.543738],[-58.737024,-38.543805],[-58.736943,-38.543737],[-58.73686,-38.5438],[-58.736778,-38.543734],[-58.736694,-38.543796],[-58.736533,-38.543665],[-58.736615,-38.543602],[-58.736536,-38.543536],[-58.73662,-38.543476],[-58.736458,-38.543341],[-58.736621,-38.543218],[-58.736845,-38.54316],[-58.737239,-38.54286],[-58.737644,-38.542551],[-58.737961,-38.542565],[-58.738363,-38.542256],[-58.738256,-38.542171],[-58.738663,-38.541857],[-58.738829,-38.541647],[-58.739146,-38.541401],[-58.738994,-38.54128],[-58.73866,-38.541266],[-58.738504,-38.541141],[-58.738349,-38.541262],[-58.738193,-38.541136],[-58.738435,-38.540949],[-58.738512,-38.540889],[-58.738434,-38.540826],[-58.738587,-38.540707],[-58.738668,-38.540771],[-58.738749,-38.540708],[-58.738904,-38.540833],[-58.738989,-38.540768],[-58.73907,-38.540833],[-58.739225,-38.540716],[-58.739394,-38.540605],[-58.739552,-38.540485],[-58.73947,-38.540419],[-58.739556,-38.540353],[-58.739478,-38.540289],[-58.739401,-38.540226],[-58.739479,-38.540166],[-58.739401,-38.540102],[-58.739556,-38.539983],[-58.739478,-38.53992],[-58.73956,-38.539857],[-58.7394,-38.539728],[-58.739485,-38.539664],[-58.739406,-38.5396],[-58.739332,-38.53954],[-58.739262,-38.539487],[-58.739514,-38.539302],[-58.741402,-38.540819],[-58.741254,-38.540932],[-58.741345,-38.541005],[-58.741512,-38.541138],[-58.741429,-38.541204],[-58.741507,-38.541268],[-58.741428,-38.54133],[-58.74151,-38.541399],[-58.74143,-38.541461],[-58.741509,-38.541526],[-58.741345,-38.541654],[-58.741264,-38.541591],[-58.741182,-38.541656],[-58.741097,-38.541587],[-58.741017,-38.541651],[-58.740939,-38.541589],[-58.740781,-38.54171],[-58.740646,-38.541818],[-58.740476,-38.541945],[-58.740553,-38.542009],[-58.740473,-38.54207],[-58.740554,-38.54214],[-58.740473,-38.542202],[-58.74055,-38.542268],[-58.740385,-38.542394],[-58.740305,-38.54233],[-58.740222,-38.542394],[-58.740137,-38.542324],[-58.740057,-38.542387],[-58.739979,-38.542325],[-58.73982,-38.542444],[-58.739727,-38.542516],[-58.73949,-38.542694],[-58.740201,-38.543257],[-58.740264,-38.543307],[-58.740426,-38.543433],[-58.740325,-38.543512],[-58.740487,-38.543641],[-58.740293,-38.543793],[-58.74046,-38.543925],[-58.740655,-38.543773],[-58.740785,-38.543878],[-58.740891,-38.543795],[-58.741084,-38.543951],[-58.741292,-38.544026],[-58.741453,-38.54416],[-58.741297,-38.544277],[-58.741459,-38.544409],[-58.741253,-38.544565],[-58.741412,-38.544696],[-58.74162,-38.544539],[-58.741774,-38.544666],[-58.74186,-38.544604],[-58.742017,-38.544735],[-58.742152,-38.54483],[-58.742315,-38.544959],[-58.742235,-38.545022],[-58.742387,-38.545142],[-58.742181,-38.545303],[-58.742345,-38.54543],[-58.74253,-38.545283],[-58.742773,-38.545474],[-58.742825,-38.545433],[-58.742813,-38.545423],[-58.742889,-38.545362],[-58.742996,-38.545447],[-58.743021,-38.54565],[-58.743343,-38.545915],[-58.743135,-38.546071],[-58.743296,-38.546202],[-58.743504,-38.546043],[-58.743832,-38.546308],[-58.744062,-38.546327],[-58.744168,-38.546414],[-58.744075,-38.546484],[-58.744285,-38.546655],[-58.74408,-38.546811],[-58.744246,-38.546945],[-58.744557,-38.546707],[-58.74478,-38.546887],[-58.74488,-38.54681],[-58.745044,-38.546626],[-58.745282,-38.546438],[-58.745117,-38.546311],[-58.745201,-38.546245],[-58.745123,-38.546183],[-58.745286,-38.546056],[-58.74536,-38.546114],[-58.745442,-38.546052],[-58.745522,-38.546115],[-58.745608,-38.546051],[-58.745688,-38.546112],[-58.745851,-38.545994],[-58.745942,-38.545882],[-58.746102,-38.54576],[-58.746019,-38.54569],[-58.746105,-38.545625],[-58.746026,-38.545561],[-58.746107,-38.545501],[-58.746024,-38.545433],[-58.746187,-38.54531],[-58.746266,-38.545373],[-58.746347,-38.545312],[-58.746428,-38.545376],[-58.746514,-38.545311],[-58.746601,-38.545382],[-58.746765,-38.545252],[-58.746922,-38.545182],[-58.747127,-38.545025],[-58.747261,-38.545132],[-58.747368,-38.545251],[-58.747528,-38.545378],[-58.747614,-38.545315],[-58.747695,-38.545381],[-58.747777,-38.545319],[-58.747856,-38.545384],[-58.74794,-38.545325],[-58.748091,-38.545448],[-58.748009,-38.545511],[-58.748088,-38.545578],[-58.748008,-38.54564],[-58.748085,-38.545703],[-58.748004,-38.545767],[-58.748165,-38.545901],[-58.748319,-38.546038],[-58.748479,-38.546162],[-58.748565,-38.546097],[-58.748639,-38.546155],[-58.748715,-38.546094],[-58.748795,-38.546158],[-58.748874,-38.546098],[-58.74895,-38.546157],[-58.749336,-38.545853],[-58.749678,-38.545844],[-58.749839,-38.54572],[-58.74992,-38.545657],[-58.750077,-38.545534],[-58.750162,-38.545471],[-58.750324,-38.545345],[-58.750483,-38.54522],[-58.750628,-38.545109],[-58.750844,-38.544939],[-58.750872,-38.544919],[-58.750788,-38.544856],[-58.75087,-38.544791],[-58.75079,-38.544728],[-58.750953,-38.544598],[-58.751032,-38.544661],[-58.751112,-38.544601],[-58.751197,-38.544665],[-58.751276,-38.544601],[-58.75135,-38.544538],[-58.751432,-38.544474],[-58.751587,-38.544366],[-58.751912,-38.544116],[-58.751836,-38.544052],[-58.751758,-38.543989],[-58.751923,-38.543863],[-58.752001,-38.543923],[-58.752086,-38.543982],[-58.752239,-38.543863],[-58.752322,-38.543803],[-58.752398,-38.543737],[-58.752642,-38.543689],[-58.752731,-38.54362],[-58.752563,-38.543486],[-58.752794,-38.543308],[-58.752633,-38.543181],[-58.752711,-38.543123],[-58.752871,-38.54325],[-58.752947,-38.543192],[-58.753066,-38.543286],[-58.75339,-38.543034],[-58.753619,-38.54295],[-58.753859,-38.542766],[-58.753699,-38.542639],[-58.753774,-38.542577],[-58.753865,-38.542511],[-58.753786,-38.542447],[-58.753954,-38.542316],[-58.754033,-38.542383],[-58.754111,-38.542446],[-58.754192,-38.542383],[-58.754272,-38.542448],[-58.754354,-38.542387],[-58.754437,-38.542322],[-58.754486,-38.542137],[-58.754657,-38.542008],[-58.754573,-38.541946],[-58.754659,-38.541879],[-58.754574,-38.541814],[-58.754653,-38.541753],[-58.754741,-38.541689],[-58.754817,-38.54163],[-58.754899,-38.541565],[-58.754988,-38.541633],[-58.755071,-38.541571],[-58.75515,-38.541634],[-58.755233,-38.541574],[-58.75532,-38.541506],[-58.755435,-38.541414],[-58.755593,-38.54129],[-58.755433,-38.541165],[-58.756103,-38.540637],[-58.756382,-38.540639],[-58.756662,-38.540423],[-58.756576,-38.540354],[-58.756843,-38.540149],[-58.756931,-38.54022],[-58.757205,-38.540007],[-58.757432,-38.539973],[-58.757709,-38.53976],[-58.757541,-38.539629],[-58.757631,-38.539563],[-58.757678,-38.539525],[-58.757722,-38.539494],[-58.757816,-38.539423],[-58.757901,-38.539493],[-58.758086,-38.539351],[-58.758245,-38.539484],[-58.758345,-38.539408],[-58.758447,-38.53933],[-58.756735,-38.537958],[-58.760583,-38.534972],[-58.759589,-38.534201],[-58.755726,-38.537166],[-58.754817,-38.536432]],[[-58.751023,-38.536454],[-58.752892,-38.537952],[-58.754759,-38.539477],[-58.752856,-38.540939],[-58.750954,-38.539438],[-58.751008,-38.539397],[-58.749131,-38.537908],[-58.751023,-38.536454]]]]},"properties":{"zona":"ZONA RESIDENCIAL 8","sigla":"R8","categoria":"Residencial","observaciones":null}},{"type":"Feature","geometry":{"type":"MultiPolygon","coordinates":[[[[-58.733631,-38.548294],[-58.732516,-38.549143],[-58.732302,-38.548972],[-58.731234,-38.549809],[-58.730931,-38.550931],[-58.730976,-38.551208],[-58.730665,-38.551454],[-58.730631,-38.551576],[-58.730893,-38.551779],[-58.730959,-38.55183],[-58.730481,-38.552203],[-58.730643,-38.552342],[-58.730765,-38.55231],[-58.73098,-38.55215],[-58.731061,-38.552215],[-58.731148,-38.552151],[-58.731226,-38.552214],[-58.731347,-38.552125],[-58.731471,-38.552031],[-58.731552,-38.55197],[-58.7314,-38.551848],[-58.731492,-38.551778],[-58.731406,-38.551709],[-58.731511,-38.55163],[-58.731671,-38.55152],[-58.731888,-38.55136],[-58.73212,-38.551549],[-58.732633,-38.551162],[-58.73247,-38.551032],[-58.732572,-38.550956],[-58.732636,-38.550786],[-58.73275,-38.550696],[-58.732832,-38.55076],[-58.732945,-38.550672],[-58.733025,-38.550736],[-58.733111,-38.550668],[-58.733191,-38.550732],[-58.733281,-38.550662],[-58.733688,-38.55035],[-58.733484,-38.54989],[-58.734578,-38.549053],[-58.733631,-38.548294]]]]},"properties":{"zona":"ZONA RESIDENCIAL 8","sigla":"R8","categoria":"Residencial","observaciones":null}},{"type":"Feature","geometry":{"type":"MultiPolygon","coordinates":[[[[-58.766377,-38.545734],[-58.767668,-38.544741],[-58.765773,-38.543224],[-58.766411,-38.542737],[-58.76701,-38.543214],[-58.76702,-38.543206],[-58.767337,-38.543461],[-58.768326,-38.544264],[-58.769616,-38.543273],[-58.767701,-38.541729],[-58.766425,-38.542689],[-58.764543,-38.541168],[-58.763263,-38.542143],[-58.765144,-38.543665],[-58.764461,-38.544183],[-58.766377,-38.545734]]]]},"properties":{"zona":"ZONA RESIDENCIAL 7","sigla":"R7","categoria":"Residencial","observaciones":null}},{"type":"Feature","geometry":{"type":"MultiPolygon","coordinates":[[[[-58.765144,-38.543665],[-58.763263,-38.542143],[-58.764543,-38.541168],[-58.766425,-38.542689],[-58.767701,-38.541729],[-58.769616,-38.543273],[-58.768326,-38.544264],[-58.767337,-38.543461],[-58.76702,-38.543206],[-58.76701,-38.543214],[-58.766411,-38.542737],[-58.765773,-38.543224],[-58.767668,-38.544741],[-58.766377,-38.545734],[-58.770211,-38.548799],[-58.772134,-38.550336],[-58.774019,-38.551873],[-58.777891,-38.548901],[-58.774115,-38.54585],[-58.770354,-38.54281],[-58.766486,-38.539671],[-58.765988,-38.540043],[-58.76414,-38.538584],[-58.763672,-38.538951],[-58.763671,-38.539016],[-58.761735,-38.540467],[-58.759798,-38.538905],[-58.762662,-38.53666],[-58.760583,-38.534972],[-58.756735,-38.537958],[-58.758447,-38.53933],[-58.764461,-38.544183],[-58.765144,-38.543665]]]]},"properties":{"zona":"ZONA RESIDENCIAL 5","sigla":"R5","categoria":"Residencial","observaciones":null}},{"type":"Feature","geometry":{"type":"MultiPolygon","coordinates":[[[[-58.774019,-38.551873],[-58.772134,-38.550336],[-58.770212,-38.551822],[-58.768274,-38.553305],[-58.770173,-38.554835],[-58.774019,-38.551873]]]]},"properties":{"zona":"USO ESPECIFICO 1 (CEMENTERIO)","sigla":"UE 1","categoria":"Equipamiento y usos específicos","observaciones":null}},{"type":"Feature","geometry":{"type":"MultiPolygon","coordinates":[[[[-58.733238,-38.580181],[-58.733393,-38.579932],[-58.733653,-38.580028],[-58.733689,-38.57997],[-58.733425,-38.579872],[-58.733577,-38.579622],[-58.733282,-38.579512],[-58.733,-38.579403],[-58.73306,-38.579307],[-58.732948,-38.579264],[-58.733008,-38.579169],[-58.733161,-38.578964],[-58.733237,-38.57884],[-58.733321,-38.578907],[-58.733375,-38.578821],[-58.733462,-38.57889],[-58.733514,-38.578809],[-58.733597,-38.578874],[-58.73365,-38.57879],[-58.733814,-38.578921],[-58.734301,-38.578551],[-58.734065,-38.578358],[-58.734314,-38.578176],[-58.734482,-38.578182],[-58.734717,-38.578004],[-58.735441,-38.577444],[-58.734171,-38.576451],[-58.73343,-38.577008],[-58.731698,-38.578334],[-58.731011,-38.579457],[-58.730919,-38.579423],[-58.730685,-38.579332],[-58.730734,-38.579251],[-58.730629,-38.579211],[-58.730676,-38.579136],[-58.730577,-38.579099],[-58.730631,-38.579013],[-58.730421,-38.578935],[-58.730367,-38.579022],[-58.730266,-38.578984],[-58.730164,-38.579144],[-58.72994,-38.579056],[-58.729814,-38.579006],[-58.729596,-38.578966],[-58.729317,-38.578862],[-58.729437,-38.578666],[-58.729158,-38.578564],[-58.729396,-38.57817],[-58.729537,-38.578222],[-58.729713,-38.577928],[-58.729418,-38.57751],[-58.729531,-38.577328],[-58.729589,-38.577374],[-58.729672,-38.577313],[-58.72985,-38.577454],[-58.730013,-38.577329],[-58.729836,-38.577188],[-58.729917,-38.577125],[-58.729739,-38.576983],[-58.730094,-38.576516],[-58.729883,-38.576515],[-58.729884,-38.576335],[-58.730154,-38.576336],[-58.730164,-38.575067],[-58.730123,-38.575067],[-58.730124,-38.574976],[-58.729895,-38.574975],[-58.729896,-38.574795],[-58.729781,-38.574795],[-58.729782,-38.574705],[-58.729779,-38.574614],[-58.729882,-38.574615],[-58.729667,-38.574209],[-58.729809,-38.574099],[-58.729735,-38.574036],[-58.730159,-38.573468],[-58.729928,-38.573464],[-58.729933,-38.573375],[-58.730217,-38.573379],[-58.730252,-38.571941],[-58.729971,-38.571938],[-58.729973,-38.571848],[-58.730188,-38.57185],[-58.730073,-38.571756],[-58.72967,-38.571166],[-58.729835,-38.57104],[-58.729752,-38.570974],[-58.730309,-38.570347],[-58.730084,-38.570345],[-58.730088,-38.570117],[-58.730489,-38.570121],[-58.730503,-38.569429],[-58.730262,-38.569426],[-58.730267,-38.569156],[-58.730508,-38.569158],[-58.730509,-38.569068],[-58.730192,-38.568812],[-58.729949,-38.568809],[-58.729951,-38.568665],[-58.730006,-38.568665],[-58.729777,-38.568243],[-58.729939,-38.568119],[-58.72978,-38.567991],[-58.730268,-38.567443],[-58.730032,-38.567437],[-58.730033,-38.567351],[-58.730331,-38.567354],[-58.730345,-38.566641],[-58.730414,-38.566644],[-58.730416,-38.566452],[-58.73035,-38.566448],[-58.730349,-38.566259],[-58.730272,-38.566258],[-58.730272,-38.565993],[-58.730066,-38.565991],[-58.730072,-38.565815],[-58.729984,-38.565815],[-58.729988,-38.565723],[-58.730143,-38.565719],[-58.729912,-38.565317],[-58.73011,-38.565168],[-58.729871,-38.564978],[-58.730285,-38.564454],[-58.730066,-38.564451],[-58.730064,-38.564361],[-58.730333,-38.564364],[-58.73034,-38.563641],[-58.730347,-38.562921],[-58.730082,-38.562921],[-58.730079,-38.56283],[-58.730006,-38.562829],[-58.730008,-38.562733],[-58.729925,-38.562732],[-58.729926,-38.562652],[-58.730074,-38.562653],[-58.730043,-38.562403],[-58.730285,-38.562215],[-58.730776,-38.562607],[-58.73088,-38.562526],[-58.73057,-38.562279],[-58.73068,-38.562191],[-58.730506,-38.56205],[-58.730674,-38.561921],[-58.730518,-38.561794],[-58.730696,-38.561662],[-58.730816,-38.561533],[-58.73094,-38.561439],[-58.731038,-38.561518],[-58.7312,-38.561395],[-58.731352,-38.561519],[-58.731437,-38.561454],[-58.731358,-38.561391],[-58.731521,-38.561267],[-58.731444,-38.561204],[-58.731735,-38.560982],[-58.731863,-38.560765],[-58.731965,-38.560687],[-58.732131,-38.56082],[-58.732443,-38.560575],[-58.732522,-38.560641],[-58.732604,-38.560709],[-58.733009,-38.560385],[-58.732993,-38.56015],[-58.733511,-38.559748],[-58.733612,-38.559671],[-58.733535,-38.559608],[-58.733737,-38.559447],[-58.733801,-38.559297],[-58.733906,-38.559217],[-58.734057,-38.559337],[-58.734776,-38.558776],[-58.734736,-38.558531],[-58.734846,-38.558443],[-58.735044,-38.558601],[-58.735127,-38.558532],[-58.735294,-38.558662],[-58.735506,-38.558494],[-58.735345,-38.558366],[-58.735542,-38.558206],[-58.735365,-38.558066],[-58.735569,-38.557905],[-58.735679,-38.55779],[-58.73579,-38.557706],[-58.73583,-38.557731],[-58.735882,-38.557692],[-58.735961,-38.557757],[-58.735999,-38.557728],[-58.736074,-38.55779],[-58.736283,-38.557627],[-58.736493,-38.557467],[-58.736358,-38.557359],[-58.736439,-38.557296],[-58.736425,-38.557285],[-58.73655,-38.557184],[-58.736672,-38.557089],[-58.736761,-38.557023],[-58.736835,-38.557081],[-58.737003,-38.556951],[-58.737084,-38.557016],[-58.737249,-38.556891],[-58.737495,-38.556703],[-58.737464,-38.556674],[-58.737708,-38.55649],[-58.73758,-38.556376],[-58.737783,-38.556238],[-58.73787,-38.556303],[-58.737946,-38.556242],[-58.738022,-38.556305],[-58.738231,-38.556145],[-58.738165,-38.55609],[-58.738433,-38.55589],[-58.737431,-38.555114],[-58.736968,-38.555462],[-58.737091,-38.555561],[-58.737001,-38.555633],[-58.737032,-38.555673],[-58.736831,-38.555808],[-58.736869,-38.555855],[-58.736781,-38.555922],[-58.736699,-38.555984],[-58.736597,-38.555903],[-58.736503,-38.555977],[-58.736402,-38.555899],[-58.736193,-38.556059],[-58.735786,-38.556378],[-58.735661,-38.556488],[-58.735246,-38.556808],[-58.735038,-38.556969],[-58.735184,-38.557089],[-58.734977,-38.557246],[-58.734773,-38.557255],[-58.734694,-38.557317],[-58.734631,-38.557266],[-58.734107,-38.55767],[-58.734269,-38.557799],[-58.73404,-38.557974],[-58.733834,-38.558009],[-58.73363,-38.558166],[-58.733548,-38.5581],[-58.733343,-38.558258],[-58.733343,-38.558258],[-58.732999,-38.558495],[-58.73308,-38.55856],[-58.732977,-38.558638],[-58.732758,-38.558678],[-58.732347,-38.55901],[-58.732148,-38.559173],[-58.732227,-38.559232],[-58.732163,-38.559286],[-58.732027,-38.559392],[-58.732051,-38.55941],[-58.732124,-38.559355],[-58.732227,-38.559434],[-58.732154,-38.559492],[-58.732021,-38.559578],[-58.731808,-38.559739],[-58.731609,-38.55958],[-58.731237,-38.559864],[-58.731398,-38.559995],[-58.731148,-38.560187],[-58.730678,-38.560143],[-58.730095,-38.560598],[-58.730258,-38.56073],[-58.730144,-38.560819],[-58.730244,-38.560899],[-58.730128,-38.560987],[-58.729678,-38.560838],[-58.729294,-38.561129],[-58.729233,-38.561082],[-58.729137,-38.561155],[-58.729322,-38.561303],[-58.728982,-38.561564],[-58.729074,-38.561757],[-58.729426,-38.562019],[-58.729018,-38.562362],[-58.729212,-38.562508],[-58.729279,-38.562558],[-58.728659,-38.563561],[-58.728567,-38.56371],[-58.728553,-38.563735],[-58.728513,-38.563806],[-58.728507,-38.563989],[-58.728241,-38.563993],[-58.728331,-38.564065],[-58.728866,-38.564053],[-58.728869,-38.564205],[-58.729025,-38.564204],[-58.729111,-38.564382],[-58.729249,-38.564653],[-58.729174,-38.564718],[-58.729164,-38.564936],[-58.728934,-38.565108],[-58.729183,-38.565307],[-58.729027,-38.565629],[-58.729163,-38.565631],[-58.729163,-38.565721],[-58.728913,-38.565718],[-58.728676,-38.565903],[-58.728784,-38.565903],[-58.728785,-38.566069],[-58.728785,-38.566155],[-58.728569,-38.565987],[-58.728486,-38.566052],[-58.728786,-38.566289],[-58.728787,-38.566444],[-58.728657,-38.566444],[-58.728516,-38.566439],[-58.728585,-38.566611],[-58.728712,-38.566857],[-58.728767,-38.566884],[-58.728762,-38.567335],[-58.729018,-38.567336],[-58.729017,-38.567428],[-58.729145,-38.567427],[-58.729145,-38.567517],[-58.729152,-38.56762],[-58.729094,-38.567663],[-58.729206,-38.568103],[-58.728945,-38.568312],[-58.729019,-38.568371],[-58.728876,-38.568698],[-58.72905,-38.568698],[-58.729047,-38.568803],[-58.728964,-38.568805],[-58.728963,-38.568895],[-58.728924,-38.568897],[-58.728925,-38.568983],[-58.728837,-38.568985],[-58.728837,-38.569119],[-58.728469,-38.569123],[-58.728402,-38.569069],[-58.728299,-38.569148],[-58.728442,-38.56926],[-58.728694,-38.56926],[-58.728395,-38.569495],[-58.727897,-38.569467],[-58.728488,-38.56994],[-58.728687,-38.569789],[-58.728687,-38.569809],[-58.728742,-38.569811],[-58.728928,-38.569963],[-58.729049,-38.569963],[-58.729048,-38.570053],[-58.728924,-38.570053],[-58.728925,-38.570326],[-58.729009,-38.570325],[-58.729006,-38.570412],[-58.728924,-38.570412],[-58.728921,-38.570509],[-58.728965,-38.570512],[-58.728963,-38.570599],[-58.728937,-38.5706],[-58.729221,-38.571024],[-58.728979,-38.571212],[-58.729071,-38.571283],[-58.728766,-38.571636],[-58.728839,-38.571695],[-58.729012,-38.571701],[-58.729004,-38.571788],[-58.728958,-38.571789],[-58.728955,-38.571877],[-58.728892,-38.571877],[-58.728889,-38.571967],[-58.72883,-38.571966],[-58.728824,-38.572043],[-58.728883,-38.572045],[-58.728881,-38.572151],[-58.728883,-38.572256],[-58.728829,-38.572252],[-58.728824,-38.572361],[-58.728822,-38.572475],[-58.728759,-38.572473],[-58.728761,-38.57258],[-58.728476,-38.572574],[-58.728472,-38.572679],[-58.7287,-38.57268],[-58.728696,-38.57279],[-58.728868,-38.57279],[-58.728865,-38.572898],[-58.728469,-38.572893],[-58.728466,-38.573101],[-58.728863,-38.573113],[-58.728855,-38.573217],[-58.728831,-38.573218],[-58.728828,-38.573342],[-58.728884,-38.573343],[-58.728966,-38.573344],[-58.728966,-38.573508],[-58.728867,-38.573508],[-58.729192,-38.574009],[-58.729013,-38.57415],[-58.729092,-38.574213],[-58.728912,-38.574655],[-58.729031,-38.57466],[-58.729028,-38.574744],[-58.728863,-38.574743],[-58.72885,-38.575191],[-58.728615,-38.575189],[-58.728586,-38.575212],[-58.728566,-38.576086],[-58.728904,-38.576092],[-58.728902,-38.576185],[-58.728815,-38.576183],[-58.728811,-38.576362],[-58.728612,-38.57636],[-58.728911,-38.5768],[-58.728757,-38.576921],[-58.728694,-38.576971],[-58.728653,-38.577009],[-58.728755,-38.577048],[-58.728697,-38.577144],[-58.72863,-38.577251],[-58.728429,-38.577453],[-58.728369,-38.577552],[-58.728309,-38.577652],[-58.728178,-38.577602],[-58.728123,-38.577697],[-58.727973,-38.57764],[-58.72783,-38.577586],[-58.727766,-38.577686],[-58.727708,-38.577777],[-58.727856,-38.577832],[-58.727796,-38.577931],[-58.727782,-38.577954],[-58.727736,-38.578029],[-58.727878,-38.578084],[-58.72782,-38.578179],[-58.727956,-38.57823],[-58.727898,-38.578329],[-58.727842,-38.578424],[-58.727755,-38.578594],[-58.727624,-38.578796],[-58.727489,-38.578743],[-58.727428,-38.578837],[-58.727288,-38.578783],[-58.727043,-38.57917],[-58.727187,-38.579226],[-58.726952,-38.579589],[-58.727556,-38.57981],[-58.727737,-38.579521],[-58.728282,-38.57973],[-58.728341,-38.579634],[-58.728482,-38.579689],[-58.728541,-38.579593],[-58.728708,-38.579655],[-58.728642,-38.57975],[-58.728622,-38.579744],[-58.728563,-38.579838],[-58.728712,-38.579895],[-58.728649,-38.579992],[-58.728926,-38.580096],[-58.729103,-38.580167],[-58.729383,-38.580269],[-58.729443,-38.580171],[-58.729581,-38.580222],[-58.729642,-38.580122],[-58.729918,-38.580224],[-58.729856,-38.580326],[-58.730071,-38.580404],[-58.730006,-38.58051],[-58.730216,-38.580586],[-58.730474,-38.58053],[-58.730791,-38.580651],[-58.730877,-38.580682],[-58.73098,-38.580514],[-58.731248,-38.580615],[-58.731125,-38.580815],[-58.731532,-38.580969],[-58.731759,-38.580914],[-58.732171,-38.581065],[-58.732832,-38.581311],[-58.732903,-38.581198],[-58.732522,-38.581057],[-58.732573,-38.58097],[-58.732423,-38.580915],[-58.732546,-38.58071],[-58.732617,-38.580594],[-58.732334,-38.580489],[-58.732344,-38.580475],[-58.732216,-38.58043],[-58.732307,-38.580281],[-58.732319,-38.580202],[-58.73233,-38.580129],[-58.73242,-38.579986],[-58.732529,-38.580026],[-58.73256,-38.579976],[-58.732768,-38.580055],[-58.732828,-38.579959],[-58.733111,-38.580066],[-58.733078,-38.580121],[-58.733184,-38.580161],[-58.733238,-38.580181]]]]},"properties":{"zona":"ZONA COMERCIAL 2","sigla":"C2","categoria":"Comercial y administrativa","observaciones":null}},{"type":"Feature","geometry":{"type":"MultiPolygon","coordinates":[[[[-58.73343,-38.577008],[-58.734171,-38.576451],[-58.735441,-38.577444],[-58.734717,-38.578004],[-58.734783,-38.578055],[-58.735289,-38.578449],[-58.735421,-38.578586],[-58.735745,-38.578838],[-58.735987,-38.57865],[-58.73631,-38.578904],[-58.735984,-38.579157],[-58.736141,-38.579285],[-58.736282,-38.57939],[-58.7364,-38.579486],[-58.736523,-38.579583],[-58.736854,-38.579324],[-58.737016,-38.579453],[-58.737089,-38.579396],[-58.73717,-38.57946],[-58.73725,-38.579398],[-58.737333,-38.579463],[-58.737414,-38.579398],[-58.7375,-38.579464],[-58.737667,-38.579336],[-58.73784,-38.579295],[-58.738008,-38.579167],[-58.737928,-38.579104],[-58.738007,-38.579042],[-58.737771,-38.578853],[-58.737933,-38.578728],[-58.738145,-38.578898],[-58.738551,-38.578578],[-58.738802,-38.578528],[-58.738955,-38.578402],[-58.738883,-38.578345],[-58.739054,-38.578215],[-58.738898,-38.578091],[-58.739053,-38.577972],[-58.738813,-38.577781],[-58.738456,-38.578056],[-58.738238,-38.577884],[-58.738125,-38.577744],[-58.737882,-38.577555],[-58.738045,-38.577427],[-58.737716,-38.577167],[-58.737474,-38.577359],[-58.737224,-38.577162],[-58.7372,-38.576985],[-58.737039,-38.576853],[-58.73712,-38.576793],[-58.737038,-38.576729],[-58.737122,-38.576666],[-58.7368,-38.576409],[-58.736717,-38.576473],[-58.736638,-38.57641],[-58.736559,-38.576472],[-58.73639,-38.576339],[-58.736213,-38.576239],[-58.73589,-38.575982],[-58.736165,-38.575776],[-58.736001,-38.575648],[-58.735795,-38.575805],[-58.735639,-38.575678],[-58.735536,-38.575754],[-58.735369,-38.575624],[-58.735255,-38.575519],[-58.735093,-38.575392],[-58.735253,-38.575268],[-58.735174,-38.575205],[-58.735252,-38.575145],[-58.735174,-38.575081],[-58.735253,-38.575019],[-58.735166,-38.574955],[-58.735009,-38.575074],[-58.734849,-38.574949],[-58.734767,-38.575012],[-58.734683,-38.574947],[-58.734611,-38.575002],[-58.734455,-38.57488],[-58.734458,-38.574649],[-58.734139,-38.57439],[-58.734265,-38.574296],[-58.734101,-38.574161],[-58.733974,-38.574257],[-58.733652,-38.573994],[-58.733424,-38.57396],[-58.733024,-38.573633],[-58.733184,-38.573509],[-58.733029,-38.573384],[-58.732861,-38.57351],[-58.732783,-38.573447],[-58.732701,-38.573506],[-58.732537,-38.573376],[-58.732577,-38.573126],[-58.732261,-38.572869],[-58.732419,-38.572744],[-58.73234,-38.572678],[-58.73226,-38.57274],[-58.732178,-38.572677],[-58.732097,-38.57274],[-58.732014,-38.572678],[-58.731855,-38.572801],[-58.731612,-38.572601],[-58.731496,-38.572372],[-58.731337,-38.572243],[-58.73142,-38.572179],[-58.731259,-38.57205],[-58.731341,-38.571987],[-58.731261,-38.571923],[-58.731179,-38.571857],[-58.731098,-38.57192],[-58.731017,-38.571853],[-58.730936,-38.571789],[-58.730852,-38.571853],[-58.730772,-38.571789],[-58.730694,-38.571851],[-58.730613,-38.571784],[-58.730559,-38.571618],[-58.730397,-38.571488],[-58.73048,-38.571423],[-58.730401,-38.57136],[-58.73048,-38.571298],[-58.730399,-38.571233],[-58.730479,-38.57117],[-58.730319,-38.571043],[-58.730239,-38.571106],[-58.730157,-38.571042],[-58.730079,-38.571102],[-58.729998,-38.571038],[-58.729915,-38.571103],[-58.729835,-38.57104],[-58.72967,-38.571166],[-58.730073,-38.571756],[-58.730188,-38.57185],[-58.729973,-38.571848],[-58.729971,-38.571938],[-58.730252,-38.571941],[-58.730217,-38.573379],[-58.729933,-38.573375],[-58.729928,-38.573464],[-58.730159,-38.573468],[-58.729735,-38.574036],[-58.729809,-38.574099],[-58.72997,-38.574225],[-58.730154,-38.574093],[-58.730315,-38.574221],[-58.730474,-38.57435],[-58.730311,-38.574471],[-58.730546,-38.574664],[-58.73068,-38.5748],[-58.730888,-38.574956],[-58.730951,-38.574904],[-58.731031,-38.574967],[-58.731158,-38.574863],[-58.731291,-38.574964],[-58.731337,-38.575001],[-58.731426,-38.575072],[-58.731161,-38.575283],[-58.731442,-38.575502],[-58.731637,-38.575529],[-58.73188,-38.575724],[-58.731961,-38.575661],[-58.732044,-38.575602],[-58.73212,-38.575665],[-58.732204,-38.5756],[-58.732364,-38.57573],[-58.732279,-38.575794],[-58.732361,-38.575856],[-58.732197,-38.575986],[-58.732437,-38.576178],[-58.732498,-38.576357],[-58.732654,-38.576487],[-58.73282,-38.576359],[-58.732984,-38.576489],[-58.733144,-38.576619],[-58.733371,-38.576799],[-58.733268,-38.576877],[-58.733367,-38.576955],[-58.73343,-38.577008]]]]},"properties":{"zona":"ZONA RESIDENCIAL 3","sigla":"R3","categoria":"Residencial","observaciones":null}},{"type":"Feature","geometry":{"type":"MultiPolygon","coordinates":[[[[-58.717457,-38.576053],[-58.719845,-38.576924],[-58.721191,-38.574683],[-58.721036,-38.57462],[-58.718831,-38.573782],[-58.718786,-38.573857],[-58.717457,-38.576053]]]]},"properties":{"zona":"USO ESPECIFICO 18 (POLIDEPORTIVO)","sigla":"UE 18","categoria":"Equipamiento y usos específicos","observaciones":null}},{"type":"Feature","geometry":{"type":"MultiPolygon","coordinates":[[[[-58.714858,-38.580419],[-58.715989,-38.578481],[-58.717457,-38.576053],[-58.718786,-38.573857],[-58.718353,-38.573699],[-58.716168,-38.572871],[-58.715846,-38.572751],[-58.715747,-38.572945],[-58.715685,-38.573],[-58.715609,-38.573122],[-58.715237,-38.573803],[-58.713325,-38.575988],[-58.713118,-38.576096],[-58.710741,-38.577359],[-58.706291,-38.578373],[-58.705993,-38.578489],[-58.704245,-38.579575],[-58.704107,-38.579684],[-58.712384,-38.580925],[-58.712708,-38.580919],[-58.714858,-38.580419]]]]},"properties":{"zona":"USO ESPECIFICO 10 (D.E.B.A.)","sigla":"UE 10","categoria":"Equipamiento y usos específicos","observaciones":null}},{"type":"Feature","geometry":{"type":"MultiPolygon","coordinates":[[[[-58.739894,-38.565832],[-58.73978,-38.565743],[-58.739025,-38.566332],[-58.738462,-38.566767],[-58.738385,-38.566707],[-58.738307,-38.566768],[-58.738224,-38.566701],[-58.738141,-38.566765],[-58.738059,-38.566829],[-58.738143,-38.566894],[-58.738063,-38.566958],[-58.738137,-38.567016],[-58.738057,-38.567079],[-58.738138,-38.567143],[-58.737972,-38.567272],[-58.737767,-38.567333],[-58.737515,-38.567522],[-58.73744,-38.567459],[-58.73736,-38.567519],[-58.737279,-38.567452],[-58.737112,-38.567575],[-58.737195,-38.567643],[-58.737112,-38.567705],[-58.737187,-38.567766],[-58.737105,-38.567828],[-58.737184,-38.567893],[-58.737015,-38.568018],[-58.73681,-38.568096],[-58.734492,-38.569867],[-58.73431,-38.569721],[-58.734229,-38.569783],[-58.734307,-38.569847],[-58.734224,-38.569911],[-58.734382,-38.570038],[-58.734134,-38.570226],[-58.733904,-38.570277],[-58.733822,-38.570341],[-58.733657,-38.570466],[-58.733499,-38.570339],[-58.733416,-38.570403],[-58.733492,-38.570466],[-58.733412,-38.570528],[-58.733335,-38.570466],[-58.733167,-38.570594],[-58.73325,-38.570661],[-58.733167,-38.570723],[-58.733249,-38.57079],[-58.733081,-38.570916],[-58.732956,-38.571014],[-58.732792,-38.57114],[-58.732712,-38.571074],[-58.732627,-38.571139],[-58.732547,-38.571075],[-58.732464,-38.571138],[-58.732385,-38.571075],[-58.732221,-38.571202],[-58.732301,-38.571266],[-58.73222,-38.571328],[-58.732299,-38.571393],[-58.732217,-38.571456],[-58.732377,-38.571587],[-58.732216,-38.571711],[-58.732072,-38.571796],[-58.731988,-38.571859],[-58.731914,-38.5718],[-58.731832,-38.571861],[-58.731751,-38.571796],[-58.731667,-38.571861],[-58.731586,-38.571796],[-58.731504,-38.571859],[-58.731425,-38.571796],[-58.731261,-38.571923],[-58.731341,-38.571987],[-58.731259,-38.57205],[-58.73142,-38.572179],[-58.731337,-38.572243],[-58.731496,-38.572372],[-58.731612,-38.572601],[-58.731855,-38.572801],[-58.732014,-38.572678],[-58.732097,-38.57274],[-58.732178,-38.572677],[-58.73226,-38.57274],[-58.73234,-38.572678],[-58.732422,-38.572615],[-58.73234,-38.57255],[-58.732421,-38.572487],[-58.732339,-38.572421],[-58.732417,-38.572358],[-58.7325,-38.572296],[-58.732485,-38.572283],[-58.732567,-38.572219],[-58.732813,-38.572184],[-58.733395,-38.571742],[-58.733319,-38.57168],[-58.733395,-38.571615],[-58.733315,-38.571553],[-58.733403,-38.571491],[-58.733488,-38.571426],[-58.733588,-38.57133],[-58.733748,-38.571203],[-58.73393,-38.571346],[-58.734101,-38.571217],[-58.734175,-38.571278],[-58.734344,-38.571151],[-58.734263,-38.571088],[-58.734347,-38.571023],[-58.734263,-38.570959],[-58.734514,-38.570763],[-58.734579,-38.570582],[-58.73479,-38.570427],[-58.73495,-38.570559],[-58.735256,-38.570329],[-58.735102,-38.570201],[-58.735267,-38.570073],[-58.735192,-38.570005],[-58.73533,-38.569897],[-58.735559,-38.569848],[-58.735723,-38.569722],[-58.735804,-38.569787],[-58.735883,-38.569725],[-58.735964,-38.569788],[-58.736045,-38.569722],[-58.736127,-38.56979],[-58.736289,-38.569669],[-58.736201,-38.569606],[-58.736284,-38.569541],[-58.736203,-38.569478],[-58.736286,-38.56941],[-58.736211,-38.569348],[-58.736378,-38.569219],[-58.73658,-38.569184],[-58.73691,-38.568933],[-58.736991,-38.568998],[-58.737486,-38.568623],[-58.737458,-38.568601],[-58.737244,-38.568763],[-58.737167,-38.568701],[-58.737294,-38.568598],[-58.737379,-38.568534],[-58.737534,-38.568445],[-58.737864,-38.568195],[-58.738028,-38.568325],[-58.738191,-38.568201],[-58.738031,-38.568071],[-58.738365,-38.567818],[-58.738506,-38.567711],[-58.738843,-38.567457],[-58.739001,-38.567582],[-58.739167,-38.56746],[-58.739327,-38.56759],[-58.739578,-38.5674],[-58.739813,-38.567599],[-58.739937,-38.567702],[-58.740175,-38.567892],[-58.740097,-38.567955],[-58.740013,-38.568018],[-58.73993,-38.568082],[-58.740246,-38.568342],[-58.740497,-38.568151],[-58.740733,-38.56835],[-58.740881,-38.568473],[-58.741039,-38.568601],[-58.740955,-38.568666],[-58.741034,-38.568728],[-58.740952,-38.568792],[-58.741032,-38.568855],[-58.740947,-38.568919],[-58.741109,-38.569048],[-58.741193,-38.568982],[-58.741273,-38.569048],[-58.741355,-38.568984],[-58.741436,-38.569048],[-58.74152,-38.568984],[-58.741681,-38.569112],[-58.74175,-38.569278],[-58.741917,-38.569412],[-58.741832,-38.569476],[-58.741993,-38.569604],[-58.741826,-38.569729],[-58.741988,-38.56986],[-58.742155,-38.569734],[-58.742316,-38.569863],[-58.7424,-38.569799],[-58.742568,-38.569934],[-58.742618,-38.570101],[-58.74294,-38.570358],[-58.742772,-38.570485],[-58.743013,-38.570681],[-58.74318,-38.570552],[-58.743422,-38.57075],[-58.743531,-38.57083],[-58.743853,-38.571084],[-58.743686,-38.571211],[-58.743847,-38.571341],[-58.744014,-38.571215],[-58.744335,-38.571473],[-58.744631,-38.571484],[-58.744795,-38.571611],[-58.744711,-38.571673],[-58.744795,-38.571741],[-58.744712,-38.571804],[-58.744794,-38.571871],[-58.744715,-38.571932],[-58.744872,-38.572059],[-58.74495,-38.572],[-58.74503,-38.572064],[-58.745115,-38.572001],[-58.745355,-38.572194],[-58.745486,-38.572278],[-58.745648,-38.57241],[-58.745567,-38.572471],[-58.745649,-38.572537],[-58.745566,-38.572603],[-58.745642,-38.572666],[-58.74556,-38.572729],[-58.745718,-38.572857],[-58.7458,-38.572794],[-58.745878,-38.572856],[-58.745964,-38.572791],[-58.746046,-38.572856],[-58.746132,-38.572792],[-58.74629,-38.572922],[-58.746426,-38.572973],[-58.746831,-38.572667],[-58.74673,-38.572588],[-58.746568,-38.572453],[-58.746652,-38.572391],[-58.746577,-38.572328],[-58.74666,-38.572266],[-58.746585,-38.572203],[-58.74667,-38.57214],[-58.7465,-38.571997],[-58.746415,-38.572061],[-58.746337,-38.571994],[-58.746253,-38.572057],[-58.746179,-38.571994],[-58.746094,-38.572059],[-58.745931,-38.571922],[-58.745946,-38.571732],[-58.74519,-38.571118],[-58.744971,-38.571036],[-58.744809,-38.570906],[-58.744888,-38.570844],[-58.744807,-38.57078],[-58.744887,-38.570719],[-58.744804,-38.570653],[-58.744886,-38.570589],[-58.744726,-38.570457],[-58.744642,-38.570518],[-58.744558,-38.570454],[-58.744477,-38.570515],[-58.744396,-38.570451],[-58.744315,-38.570511],[-58.744153,-38.570381],[-58.744012,-38.570276],[-58.743858,-38.570156],[-58.743936,-38.570097],[-58.743853,-38.570029],[-58.743933,-38.569968],[-58.743854,-38.569902],[-58.743936,-38.56984],[-58.743771,-38.569707],[-58.74369,-38.569769],[-58.74361,-38.569703],[-58.743527,-38.569768],[-58.743444,-38.5697],[-58.743364,-38.569762],[-58.743206,-38.56963],[-58.743079,-38.569515],[-58.742908,-38.569379],[-58.742983,-38.569323],[-58.742901,-38.569259],[-58.742988,-38.569192],[-58.742905,-38.569127],[-58.742988,-38.569063],[-58.742835,-38.568942],[-58.742753,-38.569005],[-58.742671,-38.568942],[-58.742509,-38.569069],[-58.742257,-38.568872],[-58.742214,-38.568697],[-58.741891,-38.568443],[-58.742056,-38.568318],[-58.741974,-38.568252],[-58.741915,-38.568297],[-58.741794,-38.568199],[-58.74167,-38.568293],[-58.741395,-38.568068],[-58.741212,-38.56798],[-58.740973,-38.567793],[-58.741175,-38.567636],[-58.740848,-38.567376],[-58.740688,-38.5675],[-58.740446,-38.56731],[-58.740253,-38.567256],[-58.740017,-38.567064],[-58.740179,-38.566941],[-58.740017,-38.566809],[-58.740101,-38.566745],[-58.740264,-38.566877],[-58.740347,-38.566815],[-58.740026,-38.566556],[-58.740358,-38.566302],[-58.740482,-38.566195],[-58.740651,-38.566066],[-58.740739,-38.566001],[-58.740819,-38.566067],[-58.740906,-38.566003],[-58.740986,-38.566069],[-58.741147,-38.565947],[-58.741067,-38.56588],[-58.741156,-38.565813],[-58.741075,-38.565747],[-58.741309,-38.565569],[-58.741636,-38.565577],[-58.742126,-38.565199],[-58.742294,-38.565068],[-58.742055,-38.564881],[-58.742218,-38.564751],[-58.74234,-38.564642],[-58.742499,-38.564519],[-58.742582,-38.564583],[-58.742664,-38.564519],[-58.742742,-38.564581],[-58.743075,-38.564326],[-58.742913,-38.564202],[-58.743163,-38.564011],[-58.743204,-38.563849],[-58.743367,-38.563723],[-58.743447,-38.563786],[-58.743529,-38.563722],[-58.74361,-38.563788],[-58.743691,-38.563725],[-58.743856,-38.563858],[-58.744353,-38.563473],[-58.744274,-38.563409],[-58.743944,-38.563663],[-58.74386,-38.563595],[-58.743946,-38.56353],[-58.743867,-38.563467],[-58.744114,-38.563281],[-58.744341,-38.563222],[-58.744582,-38.563037],[-58.744665,-38.563104],[-58.744751,-38.56304],[-58.744832,-38.563105],[-58.744996,-38.56298],[-58.744917,-38.562917],[-58.744999,-38.562854],[-58.744915,-38.562787],[-58.74504,-38.56269],[-58.744921,-38.562595],[-58.745046,-38.5625],[-58.74539,-38.562544],[-58.746228,-38.561909],[-58.746288,-38.561862],[-58.74614,-38.561746],[-58.746193,-38.561704],[-58.746356,-38.561574],[-58.746435,-38.561638],[-58.746603,-38.561504],[-58.746683,-38.561566],[-58.74676,-38.561505],[-58.746841,-38.561442],[-58.74676,-38.561379],[-58.746839,-38.561318],[-58.746592,-38.561128],[-58.74644,-38.560941],[-58.746124,-38.560684],[-58.745915,-38.56084],[-58.745711,-38.560996],[-58.745872,-38.561126],[-58.745669,-38.561278],[-58.745564,-38.561389],[-58.745358,-38.561546],[-58.745181,-38.561405],[-58.744887,-38.561627],[-58.744969,-38.561688],[-58.744884,-38.561753],[-58.744967,-38.561816],[-58.744886,-38.561877],[-58.744966,-38.561942],[-58.744804,-38.562065],[-58.744657,-38.562203],[-58.744551,-38.562286],[-58.744452,-38.562209],[-58.744351,-38.562285],[-58.744186,-38.562156],[-58.743983,-38.56231],[-58.743776,-38.56247],[-58.744009,-38.562657],[-58.743802,-38.562816],[-58.743632,-38.562874],[-58.743426,-38.563031],[-58.74323,-38.56288],[-58.742819,-38.563197],[-58.743056,-38.563387],[-58.742856,-38.56354],[-58.742627,-38.563589],[-58.742424,-38.563747],[-58.742261,-38.563615],[-58.741854,-38.563923],[-58.742018,-38.564054],[-58.741933,-38.564118],[-58.742015,-38.564185],[-58.741888,-38.564278],[-58.741766,-38.564385],[-58.741645,-38.564481],[-58.741564,-38.564418],[-58.741484,-38.564483],[-58.741315,-38.564349],[-58.740904,-38.564664],[-58.741069,-38.564793],[-58.740866,-38.56495],[-58.740723,-38.56507],[-58.740516,-38.565228],[-58.740356,-38.565098],[-58.740251,-38.56518],[-58.740143,-38.565261],[-58.740064,-38.565195],[-58.739978,-38.565259],[-58.740061,-38.565327],[-58.739984,-38.565386],[-58.740065,-38.565454],[-58.739983,-38.565515],[-58.740142,-38.565642],[-58.739976,-38.565768],[-58.739894,-38.565832]]]]},"properties":{"zona":"ZONA COMERCIAL 5","sigla":"C5","categoria":"Comercial y administrativa","observaciones":null}},{"type":"Feature","geometry":{"type":"MultiPolygon","coordinates":[[[[-58.747628,-38.560662],[-58.749198,-38.561917],[-58.749375,-38.56194],[-58.749531,-38.562067],[-58.749612,-38.562006],[-58.749698,-38.562075],[-58.749778,-38.562014],[-58.750092,-38.562274],[-58.749931,-38.562397],[-58.75017,-38.562591],[-58.750232,-38.562642],[-58.749452,-38.563232],[-58.749405,-38.563197],[-58.749026,-38.562887],[-58.748759,-38.563087],[-58.748676,-38.56302],[-58.748721,-38.562986],[-58.748692,-38.562962],[-58.748856,-38.562839],[-58.748668,-38.562684],[-58.748604,-38.562732],[-58.74849,-38.562639],[-58.748445,-38.56245],[-58.748284,-38.562323],[-58.748206,-38.562384],[-58.748112,-38.562308],[-58.748027,-38.562373],[-58.747959,-38.56232],[-58.747874,-38.562385],[-58.747716,-38.562259],[-58.747802,-38.562193],[-58.74772,-38.562128],[-58.747804,-38.562064],[-58.747724,-38.562],[-58.747808,-38.561937],[-58.747644,-38.561804],[-58.747534,-38.561658],[-58.747444,-38.561592],[-58.74732,-38.561689],[-58.74716,-38.561567],[-58.74708,-38.561631],[-58.746996,-38.561566],[-58.746916,-38.561628],[-58.74676,-38.561505],[-58.746683,-38.561566],[-58.746603,-38.561504],[-58.746435,-38.561638],[-58.746356,-38.561574],[-58.746193,-38.561704],[-58.74614,-38.561746],[-58.746288,-38.561862],[-58.746228,-38.561909],[-58.74539,-38.562544],[-58.745046,-38.5625],[-58.744921,-38.562595],[-58.74504,-38.56269],[-58.744915,-38.562787],[-58.744999,-38.562854],[-58.744917,-38.562917],[-58.744996,-38.56298],[-58.744832,-38.563105],[-58.744751,-38.56304],[-58.744665,-38.563104],[-58.744582,-38.563037],[-58.744341,-38.563222],[-58.744114,-38.563281],[-58.743867,-38.563467],[-58.743946,-38.56353],[-58.74386,-38.563595],[-58.743944,-38.563663],[-58.744274,-38.563409],[-58.744353,-38.563473],[-58.743856,-38.563858],[-58.743691,-38.563725],[-58.74361,-38.563788],[-58.743529,-38.563722],[-58.743447,-38.563786],[-58.743367,-38.563723],[-58.743204,-38.563849],[-58.743163,-38.564011],[-58.742913,-38.564202],[-58.743075,-38.564326],[-58.742742,-38.564581],[-58.742664,-38.564519],[-58.742582,-38.564583],[-58.742499,-38.564519],[-58.74234,-38.564642],[-58.742218,-38.564751],[-58.742055,-38.564881],[-58.742294,-38.565068],[-58.742126,-38.565199],[-58.741636,-38.565577],[-58.741309,-38.565569],[-58.741075,-38.565747],[-58.741156,-38.565813],[-58.741067,-38.56588],[-58.741147,-38.565947],[-58.740986,-38.566069],[-58.740906,-38.566003],[-58.740819,-38.566067],[-58.740739,-38.566001],[-58.740651,-38.566066],[-58.740482,-38.566195],[-58.740358,-38.566302],[-58.740026,-38.566556],[-58.740347,-38.566815],[-58.740264,-38.566877],[-58.740101,-38.566745],[-58.740017,-38.566809],[-58.740179,-38.566941],[-58.740017,-38.567064],[-58.740253,-38.567256],[-58.740446,-38.56731],[-58.740688,-38.5675],[-58.740848,-38.567376],[-58.741175,-38.567636],[-58.740973,-38.567793],[-58.741212,-38.56798],[-58.741395,-38.568068],[-58.74167,-38.568293],[-58.741794,-38.568199],[-58.741915,-38.568297],[-58.741974,-38.568252],[-58.742056,-38.568318],[-58.741891,-38.568443],[-58.742214,-38.568697],[-58.742257,-38.568872],[-58.742509,-38.569069],[-58.742671,-38.568942],[-58.742753,-38.569005],[-58.742835,-38.568942],[-58.742988,-38.569063],[-58.742905,-38.569127],[-58.742988,-38.569192],[-58.742901,-38.569259],[-58.742983,-38.569323],[-58.742908,-38.569379],[-58.743079,-38.569515],[-58.743206,-38.56963],[-58.743364,-38.569762],[-58.743444,-38.5697],[-58.743527,-38.569768],[-58.74361,-38.569703],[-58.74369,-38.569769],[-58.743771,-38.569707],[-58.743936,-38.56984],[-58.743854,-38.569902],[-58.743933,-38.569968],[-58.743853,-38.570029],[-58.743936,-38.570097],[-58.743858,-38.570156],[-58.744012,-38.570276],[-58.744153,-38.570381],[-58.744315,-38.570511],[-58.744396,-38.570451],[-58.744477,-38.570515],[-58.744558,-38.570454],[-58.744642,-38.570518],[-58.744726,-38.570457],[-58.744886,-38.570589],[-58.744804,-38.570653],[-58.744887,-38.570719],[-58.744807,-38.57078],[-58.744888,-38.570844],[-58.744809,-38.570906],[-58.744971,-38.571036],[-58.74519,-38.571118],[-58.745946,-38.571732],[-58.745931,-38.571922],[-58.746094,-38.572059],[-58.746179,-38.571994],[-58.746253,-38.572057],[-58.746337,-38.571994],[-58.746415,-38.572061],[-58.7465,-38.571997],[-58.74667,-38.57214],[-58.746585,-38.572203],[-58.74666,-38.572266],[-58.746577,-38.572328],[-58.746652,-38.572391],[-58.746568,-38.572453],[-58.74673,-38.572588],[-58.746724,-38.572592],[-58.747264,-38.572475],[-58.747665,-38.572797],[-58.748065,-38.573119],[-58.748076,-38.573314],[-58.748477,-38.573632],[-58.748877,-38.57395],[-58.748815,-38.57428],[-58.748977,-38.574416],[-58.749066,-38.574348],[-58.749143,-38.57441],[-58.749228,-38.574347],[-58.749311,-38.574414],[-58.74939,-38.574355],[-58.749547,-38.574482],[-58.749467,-38.574543],[-58.74955,-38.57461],[-58.749467,-38.574673],[-58.749548,-38.57474],[-58.74946,-38.574806],[-58.749621,-38.574935],[-58.749974,-38.574777],[-58.750788,-38.575416],[-58.751422,-38.57508],[-58.753261,-38.576585],[-58.752714,-38.577165],[-58.752982,-38.577383],[-58.753104,-38.577292],[-58.753372,-38.577507],[-58.753249,-38.5776],[-58.753509,-38.57781],[-58.753631,-38.577923],[-58.753894,-38.578132],[-58.754015,-38.578042],[-58.75415,-38.578148],[-58.754041,-38.578229],[-58.754526,-38.578614],[-58.75802,-38.575905],[-58.750541,-38.569827],[-58.752501,-38.568356],[-58.750584,-38.566821],[-58.752604,-38.565255],[-58.755448,-38.567521],[-58.757488,-38.565958],[-58.75655,-38.565195],[-58.75849,-38.563723],[-58.75662,-38.5622],[-58.758512,-38.560721],[-58.760465,-38.562285],[-58.762374,-38.560795],[-58.756721,-38.556203],[-58.758672,-38.5547],[-58.760577,-38.556215],[-58.762481,-38.554729],[-58.763401,-38.555478],[-58.765338,-38.553988],[-58.768249,-38.556317],[-58.770173,-38.554835],[-58.768274,-38.553305],[-58.770212,-38.551822],[-58.768263,-38.550268],[-58.769913,-38.549028],[-58.769804,-38.548942],[-58.769568,-38.548755],[-58.769493,-38.548812],[-58.769416,-38.548748],[-58.769338,-38.548809],[-58.769181,-38.548682],[-58.769255,-38.548626],[-58.769179,-38.548562],[-58.769255,-38.548507],[-58.769031,-38.548316],[-58.76893,-38.54821],[-58.768683,-38.548013],[-58.768602,-38.548075],[-58.76852,-38.548009],[-58.768438,-38.548072],[-58.768276,-38.547945],[-58.768356,-38.547881],[-58.768275,-38.547815],[-58.768356,-38.547753],[-58.768107,-38.547553],[-58.767932,-38.547505],[-58.767766,-38.54737],[-58.767534,-38.547181],[-58.767438,-38.547254],[-58.767319,-38.547157],[-58.767442,-38.547063],[-58.767165,-38.546835],[-58.766382,-38.546193],[-58.765762,-38.546678],[-58.765865,-38.546949],[-58.765029,-38.547586],[-58.764714,-38.54757],[-58.763897,-38.548194],[-58.763752,-38.548323],[-58.762928,-38.548948],[-58.762711,-38.548926],[-58.762486,-38.5491],[-58.762606,-38.549196],[-58.762483,-38.549291],[-58.762604,-38.549387],[-58.762481,-38.549482],[-58.76236,-38.549385],[-58.762238,-38.54948],[-58.762117,-38.549383],[-58.761892,-38.549557],[-58.762139,-38.549864],[-58.759267,-38.552065],[-58.758939,-38.551987],[-58.758653,-38.552209],[-58.758892,-38.552399],[-58.758646,-38.55259],[-58.758409,-38.552403],[-58.758127,-38.552622],[-58.758067,-38.552669],[-58.757512,-38.553097],[-58.757844,-38.553363],[-58.757516,-38.553615],[-58.756892,-38.553361],[-58.756788,-38.553441],[-58.757018,-38.553623],[-58.756506,-38.554021],[-58.756344,-38.553892],[-58.756138,-38.554046],[-58.75599,-38.554159],[-58.755784,-38.554319],[-58.755941,-38.554446],[-58.755536,-38.554762],[-58.755373,-38.554632],[-58.755167,-38.554791],[-58.755071,-38.554864],[-58.75504,-38.55499],[-58.75487,-38.555122],[-58.754977,-38.555206],[-58.755147,-38.555074],[-58.75523,-38.555141],[-58.754806,-38.55547],[-58.754381,-38.555792],[-58.754297,-38.555722],[-58.754548,-38.555532],[-58.754468,-38.555461],[-58.754412,-38.555415],[-58.75432,-38.555486],[-58.754232,-38.555414],[-58.754066,-38.555534],[-58.753998,-38.555717],[-58.753838,-38.55584],[-58.753987,-38.555961],[-58.753582,-38.556269],[-58.753504,-38.556206],[-58.753424,-38.556266],[-58.753345,-38.556201],[-58.753186,-38.556328],[-58.753006,-38.556403],[-58.752917,-38.556469],[-58.75311,-38.556623],[-58.752534,-38.557065],[-58.752278,-38.55686],[-58.752115,-38.556984],[-58.751988,-38.557093],[-58.751825,-38.557217],[-58.751906,-38.557282],[-58.751826,-38.557343],[-58.751994,-38.557473],[-58.751912,-38.557538],[-58.751992,-38.557598],[-58.75183,-38.557724],[-58.751747,-38.55766],[-58.751582,-38.557789],[-58.751417,-38.557663],[-58.751246,-38.557795],[-58.751127,-38.557887],[-58.750311,-38.558521],[-58.750131,-38.558616],[-58.749962,-38.558746],[-58.750228,-38.558956],[-58.749738,-38.55934],[-58.749533,-38.559179],[-58.749374,-38.559302],[-58.749244,-38.559426],[-58.747628,-38.560662]]]]},"properties":{"zona":"ZONA RESIDENCIAL 7","sigla":"R7","categoria":"Residencial","observaciones":null}},{"type":"Feature","geometry":{"type":"MultiPolygon","coordinates":[[[[-58.760465,-38.562285],[-58.758512,-38.560721],[-58.75662,-38.5622],[-58.75849,-38.563723],[-58.760465,-38.562285]]]]},"properties":{"zona":"ZONA DE RESERVA 5","sigla":"ZR5","categoria":"Complementaria, semiurbanizada y de reserva","observaciones":null}},{"type":"Feature","geometry":{"type":"MultiPolygon","coordinates":[[[[-58.770211,-38.548799],[-58.766377,-38.545734],[-58.764461,-38.544183],[-58.758447,-38.53933],[-58.758345,-38.539408],[-58.758245,-38.539484],[-58.758086,-38.539351],[-58.757901,-38.539493],[-58.757816,-38.539423],[-58.757722,-38.539494],[-58.757678,-38.539525],[-58.757631,-38.539563],[-58.757541,-38.539629],[-58.757709,-38.53976],[-58.757432,-38.539973],[-58.757205,-38.540007],[-58.756931,-38.54022],[-58.756843,-38.540149],[-58.756576,-38.540354],[-58.756662,-38.540423],[-58.756382,-38.540639],[-58.756103,-38.540637],[-58.755433,-38.541165],[-58.755593,-38.54129],[-58.755435,-38.541414],[-58.75532,-38.541506],[-58.755233,-38.541574],[-58.75515,-38.541634],[-58.755071,-38.541571],[-58.754988,-38.541633],[-58.754899,-38.541565],[-58.754817,-38.54163],[-58.754741,-38.541689],[-58.754653,-38.541753],[-58.754574,-38.541814],[-58.754659,-38.541879],[-58.754573,-38.541946],[-58.754657,-38.542008],[-58.754486,-38.542137],[-58.754437,-38.542322],[-58.754354,-38.542387],[-58.754272,-38.542448],[-58.754192,-38.542383],[-58.754111,-38.542446],[-58.754033,-38.542383],[-58.753954,-38.542316],[-58.753786,-38.542447],[-58.753865,-38.542511],[-58.753774,-38.542577],[-58.753699,-38.542639],[-58.753859,-38.542766],[-58.753619,-38.54295],[-58.75339,-38.543034],[-58.753066,-38.543286],[-58.752947,-38.543192],[-58.752871,-38.54325],[-58.752711,-38.543123],[-58.752633,-38.543181],[-58.752794,-38.543308],[-58.752563,-38.543486],[-58.752731,-38.54362],[-58.752642,-38.543689],[-58.752398,-38.543737],[-58.752322,-38.543803],[-58.752239,-38.543863],[-58.752086,-38.543982],[-58.752001,-38.543923],[-58.751923,-38.543863],[-58.751758,-38.543989],[-58.751836,-38.544052],[-58.751912,-38.544116],[-58.751587,-38.544366],[-58.751432,-38.544474],[-58.75135,-38.544538],[-58.751276,-38.544601],[-58.751197,-38.544665],[-58.751112,-38.544601],[-58.751032,-38.544661],[-58.750953,-38.544598],[-58.75079,-38.544728],[-58.75087,-38.544791],[-58.750788,-38.544856],[-58.750872,-38.544919],[-58.750844,-38.544939],[-58.750628,-38.545109],[-58.750483,-38.54522],[-58.750324,-38.545345],[-58.750162,-38.545471],[-58.750077,-38.545534],[-58.74992,-38.545657],[-58.749839,-38.54572],[-58.749678,-38.545844],[-58.749336,-38.545853],[-58.74895,-38.546157],[-58.749024,-38.546215],[-58.748946,-38.546276],[-58.749027,-38.54634],[-58.748949,-38.546402],[-58.749032,-38.546467],[-58.748789,-38.546655],[-58.748583,-38.546696],[-58.748506,-38.54676],[-58.748424,-38.546821],[-58.748346,-38.546884],[-58.748268,-38.546825],[-58.748186,-38.546888],[-58.748107,-38.546826],[-58.747944,-38.546949],[-58.748022,-38.547012],[-58.747942,-38.547074],[-58.748022,-38.547138],[-58.747944,-38.547197],[-58.747868,-38.547258],[-58.747778,-38.547321],[-58.747772,-38.547557],[-58.74761,-38.54768],[-58.747534,-38.54762],[-58.747448,-38.547555],[-58.747365,-38.547619],[-58.747202,-38.54749],[-58.746951,-38.547677],[-58.74705,-38.547757],[-58.746972,-38.547818],[-58.747054,-38.547884],[-58.746802,-38.548077],[-58.746722,-38.548313],[-58.746612,-38.548394],[-58.746409,-38.548227],[-58.7461,-38.548461],[-58.745895,-38.548616],[-58.746061,-38.54875],[-58.745958,-38.548826],[-58.746035,-38.548888],[-58.746112,-38.548949],[-58.746508,-38.549274],[-58.746636,-38.549378],[-58.746738,-38.54946],[-58.746836,-38.549385],[-58.746929,-38.549459],[-58.747141,-38.549295],[-58.747551,-38.548977],[-58.74763,-38.548744],[-58.747844,-38.548578],[-58.747942,-38.548656],[-58.748021,-38.548594],[-58.748115,-38.548669],[-58.74819,-38.54861],[-58.748201,-38.548618],[-58.74828,-38.548555],[-58.748362,-38.548491],[-58.748444,-38.548428],[-58.748298,-38.548311],[-58.748499,-38.548154],[-58.748572,-38.547957],[-58.748727,-38.547831],[-58.748973,-38.548017],[-58.749296,-38.547757],[-58.749209,-38.54769],[-58.749292,-38.547625],[-58.749207,-38.54756],[-58.749446,-38.547367],[-58.74946,-38.547185],[-58.749544,-38.547121],[-58.749633,-38.547066],[-58.749751,-38.547161],[-58.749831,-38.5471],[-58.749993,-38.547229],[-58.750077,-38.547165],[-58.750156,-38.547229],[-58.750073,-38.547293],[-58.750195,-38.54739],[-58.750358,-38.547265],[-58.750157,-38.547105],[-58.750321,-38.546981],[-58.750161,-38.546852],[-58.750326,-38.546725],[-58.750234,-38.54665],[-58.750314,-38.546588],[-58.750552,-38.546551],[-58.750797,-38.546368],[-58.750959,-38.546502],[-58.751128,-38.546375],[-58.750968,-38.546242],[-58.751379,-38.54593],[-58.751684,-38.5457],[-58.753341,-38.544456],[-58.753272,-38.544218],[-58.7534,-38.544123],[-58.753478,-38.544185],[-58.753562,-38.54412],[-58.753805,-38.544315],[-58.754073,-38.544108],[-58.753987,-38.544039],[-58.754081,-38.543966],[-58.754003,-38.543905],[-58.754173,-38.543774],[-58.754091,-38.54371],[-58.754176,-38.543643],[-58.754295,-38.543519],[-58.754422,-38.543421],[-58.754459,-38.543392],[-58.754569,-38.543482],[-58.754656,-38.543414],[-58.754736,-38.543479],[-58.754818,-38.543415],[-58.754894,-38.543476],[-58.755059,-38.543347],[-58.754983,-38.543286],[-58.755066,-38.543222],[-58.754985,-38.543158],[-58.755065,-38.543095],[-58.755147,-38.543032],[-58.755011,-38.542925],[-58.755096,-38.542858],[-58.755365,-38.54286],[-58.755611,-38.542671],[-58.755691,-38.542735],[-58.755771,-38.542674],[-58.755852,-38.542738],[-58.756017,-38.542612],[-58.755937,-38.542548],[-58.756021,-38.542483],[-58.755857,-38.542354],[-58.756103,-38.542166],[-58.756571,-38.542309],[-58.756774,-38.542154],[-58.757091,-38.542407],[-58.757295,-38.54225],[-58.756856,-38.541898],[-58.756936,-38.541836],[-58.756859,-38.541774],[-58.75702,-38.541649],[-58.756818,-38.541486],[-58.756987,-38.541354],[-58.757202,-38.54132],[-58.757286,-38.541258],[-58.757364,-38.541318],[-58.757525,-38.541194],[-58.757687,-38.541322],[-58.757844,-38.541199],[-58.757919,-38.541137],[-58.758003,-38.541075],[-58.757919,-38.541007],[-58.757999,-38.540947],[-58.757838,-38.54082],[-58.757994,-38.5407],[-58.758253,-38.54064],[-58.7585,-38.540449],[-58.75858,-38.540517],[-58.758664,-38.54058],[-58.758742,-38.540518],[-58.758824,-38.540459],[-58.7589,-38.540522],[-58.75898,-38.540462],[-58.759061,-38.540524],[-58.759144,-38.54046],[-58.759224,-38.540524],[-58.759305,-38.540463],[-58.759382,-38.540525],[-58.759401,-38.54051],[-58.759483,-38.540578],[-58.75952,-38.540773],[-58.759759,-38.540964],[-58.759603,-38.541087],[-58.759684,-38.541147],[-58.759763,-38.541212],[-58.759845,-38.541274],[-58.759922,-38.541338],[-58.76,-38.541277],[-58.760078,-38.541337],[-58.760156,-38.541277],[-58.760316,-38.541403],[-58.76027,-38.541655],[-58.761083,-38.542299],[-58.76142,-38.542232],[-58.761563,-38.542344],[-58.761704,-38.542455],[-58.761569,-38.542561],[-58.761704,-38.542664],[-58.761221,-38.543038],[-58.761639,-38.543364],[-58.762426,-38.54296],[-58.762671,-38.543156],[-58.762587,-38.543222],[-58.762665,-38.543284],[-58.762583,-38.543348],[-58.762743,-38.543474],[-58.762823,-38.543412],[-58.762901,-38.543473],[-58.762986,-38.543407],[-58.763232,-38.5436],[-58.763373,-38.543721],[-58.763617,-38.543916],[-58.763534,-38.543983],[-58.763612,-38.544045],[-58.76353,-38.544109],[-58.76369,-38.544235],[-58.76377,-38.544173],[-58.763848,-38.544233],[-58.763932,-38.544167],[-58.764179,-38.544361],[-58.764201,-38.544546],[-58.765008,-38.545194],[-58.765803,-38.545819],[-58.765245,-38.546253],[-58.764803,-38.546091],[-58.764007,-38.546707],[-58.763875,-38.546887],[-58.763052,-38.547521],[-58.76293,-38.547612],[-58.762116,-38.548239],[-58.762012,-38.548468],[-58.759276,-38.550546],[-58.759041,-38.550621],[-58.758217,-38.551249],[-58.758376,-38.551508],[-58.75829,-38.551573],[-58.758212,-38.551632],[-58.758132,-38.551572],[-58.758052,-38.551635],[-58.757972,-38.551574],[-58.757891,-38.55164],[-58.757807,-38.551569],[-58.757647,-38.551693],[-58.757732,-38.551763],[-58.757648,-38.551825],[-58.757726,-38.551886],[-58.757643,-38.551949],[-58.757718,-38.552014],[-58.757557,-38.552141],[-58.757392,-38.552263],[-58.757305,-38.552327],[-58.757223,-38.552391],[-58.757142,-38.552326],[-58.757061,-38.552387],[-58.756984,-38.552332],[-58.756904,-38.552393],[-58.756817,-38.552318],[-58.756659,-38.552445],[-58.756743,-38.552518],[-58.756664,-38.552582],[-58.756739,-38.552638],[-58.756654,-38.552706],[-58.756733,-38.552765],[-58.756574,-38.552892],[-58.756449,-38.552994],[-58.75636,-38.553056],[-58.756186,-38.5532],[-58.7561,-38.553128],[-58.756018,-38.55319],[-58.755927,-38.55312],[-58.755749,-38.553256],[-58.755846,-38.55332],[-58.755667,-38.553464],[-58.755751,-38.553524],[-58.755664,-38.553592],[-58.755574,-38.553665],[-58.755501,-38.553743],[-58.755413,-38.553807],[-58.755326,-38.553875],[-58.755236,-38.55381],[-58.755156,-38.553872],[-58.755072,-38.553938],[-58.754979,-38.553872],[-58.754888,-38.553939],[-58.754803,-38.554008],[-58.754882,-38.554078],[-58.7548,-38.554142],[-58.754886,-38.554214],[-58.754797,-38.554283],[-58.754886,-38.554355],[-58.754702,-38.554491],[-58.754635,-38.554541],[-58.755071,-38.554864],[-58.755167,-38.554791],[-58.755373,-38.554632],[-58.755536,-38.554762],[-58.755941,-38.554446],[-58.755784,-38.554319],[-58.75599,-38.554159],[-58.756138,-38.554046],[-58.756344,-38.553892],[-58.756506,-38.554021],[-58.757018,-38.553623],[-58.756788,-38.553441],[-58.756892,-38.553361],[-58.757516,-38.553615],[-58.757844,-38.553363],[-58.757512,-38.553097],[-58.758067,-38.552669],[-58.758127,-38.552622],[-58.758409,-38.552403],[-58.758646,-38.55259],[-58.758892,-38.552399],[-58.758653,-38.552209],[-58.758939,-38.551987],[-58.759267,-38.552065],[-58.762139,-38.549864],[-58.761892,-38.549557],[-58.762117,-38.549383],[-58.762238,-38.54948],[-58.76236,-38.549385],[-58.762481,-38.549482],[-58.762604,-38.549387],[-58.762483,-38.549291],[-58.762606,-38.549196],[-58.762486,-38.5491],[-58.762711,-38.548926],[-58.762928,-38.548948],[-58.763752,-38.548323],[-58.763897,-38.548194],[-58.764714,-38.54757],[-58.765029,-38.547586],[-58.765865,-38.546949],[-58.765762,-38.546678],[-58.766382,-38.546193],[-58.767165,-38.546835],[-58.767442,-38.547063],[-58.767319,-38.547157],[-58.767438,-38.547254],[-58.767534,-38.547181],[-58.767766,-38.54737],[-58.767932,-38.547505],[-58.768107,-38.547553],[-58.768356,-38.547753],[-58.768275,-38.547815],[-58.768356,-38.547881],[-58.768276,-38.547945],[-58.768438,-38.548072],[-58.76852,-38.548009],[-58.768602,-38.548075],[-58.768683,-38.548013],[-58.76893,-38.54821],[-58.769031,-38.548316],[-58.769255,-38.548507],[-58.769179,-38.548562],[-58.769255,-38.548626],[-58.769181,-38.548682],[-58.769338,-38.548809],[-58.769416,-38.548748],[-58.769493,-38.548812],[-58.769568,-38.548755],[-58.769804,-38.548942],[-58.769913,-38.549028],[-58.770211,-38.548799]]]]},"properties":{"zona":"ZONA COMERCIAL 4 ESPECIAL","sigla":"C4e","categoria":"Comercial y administrativa","observaciones":null}},{"type":"Feature","geometry":{"type":"MultiPolygon","coordinates":[[[[-58.739025,-38.566332],[-58.73824,-38.565742],[-58.738071,-38.565608],[-58.738156,-38.565545],[-58.73824,-38.565481],[-58.738162,-38.565419],[-58.738244,-38.565357],[-58.738161,-38.56529],[-58.738241,-38.56523],[-58.738078,-38.565102],[-58.73787,-38.565259],[-58.737709,-38.565127],[-58.737618,-38.565195],[-58.737456,-38.565065],[-58.73733,-38.564957],[-58.737172,-38.564833],[-58.737256,-38.564767],[-58.737089,-38.564636],[-58.737294,-38.564476],[-58.737135,-38.564349],[-58.736929,-38.564507],[-58.736844,-38.564442],[-58.736766,-38.564378],[-58.736682,-38.564441],[-58.736523,-38.564311],[-58.73643,-38.564179],[-58.736189,-38.563982],[-58.736271,-38.563917],[-58.736357,-38.563855],[-58.73628,-38.563791],[-58.736364,-38.563729],[-58.736194,-38.563594],[-58.735986,-38.563748],[-58.735825,-38.563619],[-58.735741,-38.563685],[-58.735582,-38.563555],[-58.735414,-38.563478],[-58.735254,-38.563358],[-58.735338,-38.563291],[-58.735261,-38.56323],[-58.735427,-38.563111],[-58.735258,-38.562976],[-58.735346,-38.562908],[-58.735269,-38.562843],[-58.735183,-38.562909],[-58.735106,-38.562845],[-58.735024,-38.562906],[-58.734947,-38.562844],[-58.734867,-38.562909],[-58.7347,-38.562772],[-58.734575,-38.56264],[-58.734254,-38.562381],[-58.734459,-38.562226],[-58.734299,-38.562099],[-58.734096,-38.562252],[-58.733935,-38.562124],[-58.733877,-38.562165],[-58.733717,-38.562038],[-58.733572,-38.561941],[-58.733415,-38.561813],[-58.733503,-38.561748],[-58.733336,-38.561619],[-58.733546,-38.561463],[-58.733379,-38.561327],[-58.733168,-38.561486],[-58.733007,-38.561354],[-58.732903,-38.561434],[-58.732747,-38.561307],[-58.732671,-38.561162],[-58.732504,-38.561035],[-58.732678,-38.560898],[-58.73244,-38.560706],[-58.732522,-38.560641],[-58.732443,-38.560575],[-58.732131,-38.56082],[-58.731965,-38.560687],[-58.731863,-38.560765],[-58.731735,-38.560982],[-58.731444,-38.561204],[-58.731521,-38.561267],[-58.731761,-38.561461],[-58.731929,-38.561334],[-58.732167,-38.561527],[-58.732345,-38.561611],[-58.732468,-38.561711],[-58.732072,-38.562009],[-58.732526,-38.562376],[-58.732778,-38.562184],[-58.732853,-38.562245],[-58.732936,-38.562183],[-58.732965,-38.562207],[-58.733048,-38.562143],[-58.733169,-38.562236],[-58.733231,-38.562417],[-58.733393,-38.562545],[-58.733309,-38.56261],[-58.733397,-38.562679],[-58.733312,-38.56274],[-58.733391,-38.562803],[-58.733308,-38.562867],[-58.733478,-38.563002],[-58.733557,-38.562936],[-58.733638,-38.563001],[-58.733728,-38.562934],[-58.733809,-38.562998],[-58.733887,-38.562939],[-58.734048,-38.563064],[-58.734131,-38.563182],[-58.734293,-38.563309],[-58.734209,-38.563375],[-58.734297,-38.563444],[-58.734215,-38.563506],[-58.734291,-38.563567],[-58.734208,-38.563632],[-58.73438,-38.563766],[-58.734458,-38.5637],[-58.734541,-38.563764],[-58.734629,-38.563698],[-58.73471,-38.563762],[-58.734788,-38.563703],[-58.734949,-38.563827],[-58.73518,-38.563863],[-58.735341,-38.56399],[-58.735174,-38.564117],[-58.735261,-38.564187],[-58.735179,-38.564249],[-58.735252,-38.56431],[-58.735168,-38.564374],[-58.735336,-38.56451],[-58.734918,-38.564817],[-58.735238,-38.565078],[-58.736041,-38.564681],[-58.736289,-38.564877],[-58.736209,-38.564942],[-58.736129,-38.565008],[-58.736205,-38.565065],[-58.736122,-38.565131],[-58.736295,-38.565264],[-58.736373,-38.565198],[-58.73646,-38.56513],[-58.736625,-38.565258],[-58.736702,-38.565198],[-58.736865,-38.565322],[-58.736597,-38.565749],[-58.73691,-38.565998],[-58.737047,-38.565892],[-58.737215,-38.566025],[-58.737303,-38.565958],[-58.737385,-38.566023],[-58.737463,-38.565962],[-58.737543,-38.566025],[-58.737623,-38.565965],[-58.737788,-38.566097],[-58.737915,-38.5662],[-58.738074,-38.566327],[-58.737988,-38.566392],[-58.738065,-38.566454],[-58.737988,-38.566515],[-58.738063,-38.566572],[-58.737977,-38.566638],[-58.738141,-38.566765],[-58.738224,-38.566701],[-58.738307,-38.566768],[-58.738385,-38.566707],[-58.738462,-38.566767],[-58.739025,-38.566332]]]]},"properties":{"zona":"ZONA COMERCIAL 4 ESPECIAL","sigla":"C4e","categoria":"Comercial y administrativa","observaciones":null}},{"type":"Feature","geometry":{"type":"MultiPolygon","coordinates":[[[[-58.720379,-38.568354],[-58.721395,-38.569205],[-58.721548,-38.569325],[-58.721592,-38.569292],[-58.721662,-38.569244],[-58.722485,-38.568624],[-58.722246,-38.568252],[-58.722783,-38.56785],[-58.722889,-38.567762],[-58.723328,-38.567427],[-58.723223,-38.567345],[-58.723315,-38.567274],[-58.723532,-38.567267],[-58.724066,-38.566863],[-58.72432,-38.566857],[-58.724683,-38.566584],[-58.724722,-38.566616],[-58.724906,-38.566478],[-58.725301,-38.566798],[-58.725324,-38.566781],[-58.72473,-38.566294],[-58.724993,-38.566092],[-58.725059,-38.56597],[-58.725305,-38.565785],[-58.725937,-38.566306],[-58.726273,-38.566048],[-58.725799,-38.565656],[-58.72589,-38.565587],[-58.725732,-38.565458],[-58.7259,-38.565324],[-58.725966,-38.565158],[-58.726085,-38.565064],[-58.726167,-38.565129],[-58.726245,-38.56507],[-58.726327,-38.565138],[-58.726416,-38.565071],[-58.726578,-38.565203],[-58.726635,-38.565159],[-58.726747,-38.565218],[-58.727048,-38.565463],[-58.727217,-38.565336],[-58.726663,-38.56489],[-58.726834,-38.564762],[-58.72667,-38.56463],[-58.726796,-38.564534],[-58.72695,-38.564464],[-58.727179,-38.564287],[-58.727518,-38.56456],[-58.727529,-38.564569],[-58.727688,-38.564449],[-58.728015,-38.564705],[-58.728042,-38.564684],[-58.727715,-38.564424],[-58.728129,-38.564105],[-58.728215,-38.563974],[-58.728454,-38.563775],[-58.728513,-38.563806],[-58.728553,-38.563735],[-58.728567,-38.56371],[-58.728659,-38.563561],[-58.729279,-38.562558],[-58.729212,-38.562508],[-58.729018,-38.562362],[-58.729426,-38.562019],[-58.729074,-38.561757],[-58.728994,-38.561816],[-58.728915,-38.561874],[-58.728834,-38.56181],[-58.728748,-38.561877],[-58.728667,-38.561809],[-58.728585,-38.561747],[-58.728423,-38.561867],[-58.728257,-38.561995],[-58.728338,-38.56206],[-58.728259,-38.562126],[-58.728013,-38.562311],[-58.728054,-38.562549],[-58.727969,-38.562614],[-58.727886,-38.562549],[-58.727722,-38.562678],[-58.727642,-38.562612],[-58.727561,-38.562676],[-58.72748,-38.56261],[-58.727233,-38.562803],[-58.727392,-38.56293],[-58.72731,-38.562994],[-58.727228,-38.563058],[-58.727145,-38.563121],[-58.727025,-38.563227],[-58.726808,-38.563393],[-58.726682,-38.563292],[-58.726526,-38.563411],[-58.72656,-38.563439],[-58.726467,-38.563509],[-58.726527,-38.563558],[-58.726347,-38.563698],[-58.726432,-38.563768],[-58.726243,-38.563912],[-58.726067,-38.563955],[-58.725981,-38.564021],[-58.726054,-38.56408],[-58.725955,-38.564156],[-58.725852,-38.564071],[-58.72576,-38.564143],[-58.72567,-38.56407],[-58.725399,-38.564279],[-58.72549,-38.564353],[-58.725215,-38.564566],[-58.725099,-38.56469],[-58.724845,-38.564881],[-58.724763,-38.564815],[-58.724681,-38.56488],[-58.724189,-38.564486],[-58.724031,-38.564607],[-58.724439,-38.564938],[-58.724265,-38.565069],[-58.724426,-38.5652],[-58.724257,-38.565329],[-58.724051,-38.565355],[-58.723727,-38.565601],[-58.723254,-38.565218],[-58.723088,-38.565346],[-58.723564,-38.565731],[-58.72323,-38.565981],[-58.723095,-38.566092],[-58.722517,-38.566534],[-58.722599,-38.566598],[-58.722516,-38.566661],[-58.722596,-38.566725],[-58.722434,-38.56685],[-58.722138,-38.566829],[-58.721927,-38.566989],[-58.72185,-38.566927],[-58.721439,-38.567241],[-58.721603,-38.567374],[-58.721522,-38.567437],[-58.7216,-38.5675],[-58.721474,-38.567594],[-58.721098,-38.567543],[-58.720224,-38.568228],[-58.720379,-38.568354]]]]},"properties":{"zona":"ZONA COMERCIAL 4 ESPECIAL","sigla":"C4e","categoria":"Comercial y administrativa","observaciones":null}},{"type":"Feature","geometry":{"type":"MultiPolygon","coordinates":[[[[-58.628869,-38.563247],[-58.624004,-38.562528],[-58.623813,-38.56296],[-58.628808,-38.563594],[-58.628869,-38.563247]]]]},"properties":{"zona":"ZONA EQUIPAMIENTO PLAYA 2","sigla":"ZEP2","categoria":"Verde, playa y frente marítimo","observaciones":null}},{"type":"Feature","geometry":{"type":"MultiPolygon","coordinates":[[[[-58.818619,-38.617803],[-58.820153,-38.616734],[-58.807701,-38.611753],[-58.797049,-38.607613],[-58.792565,-38.605498],[-58.787301,-38.603095],[-58.78533,-38.602488],[-58.780716,-38.601723],[-58.778392,-38.601365],[-58.778201,-38.60179],[-58.772705,-38.60026],[-58.773344,-38.599553],[-58.770286,-38.5983],[-58.757148,-38.593657],[-58.756848,-38.594102],[-58.750232,-38.591799],[-58.74808,-38.591076],[-58.743842,-38.58976],[-58.736198,-38.586091],[-58.734969,-38.585436],[-58.733579,-38.585173],[-58.732723,-38.585808],[-58.722775,-38.582358],[-58.723499,-38.581039],[-58.72096,-38.580078],[-58.719975,-38.579741],[-58.718358,-38.57941],[-58.718271,-38.579567],[-58.716539,-38.579943],[-58.714858,-38.580419],[-58.712708,-38.580919],[-58.712384,-38.580925],[-58.704107,-38.579684],[-58.703995,-38.579773],[-58.703357,-38.580277],[-58.712394,-38.581611],[-58.712619,-38.58161],[-58.712947,-38.581662],[-58.713074,-38.58169],[-58.713315,-38.581756],[-58.713567,-38.581809],[-58.713833,-38.581858],[-58.714993,-38.582083],[-58.716054,-38.582357],[-58.717018,-38.582561],[-58.717813,-38.58263],[-58.718477,-38.582577],[-58.719141,-38.582603],[-58.721879,-38.583244],[-58.722216,-38.583323],[-58.731865,-38.586469],[-58.73409,-38.587122],[-58.737575,-38.588229],[-58.739723,-38.589186],[-58.740575,-38.589645],[-58.742653,-38.59059],[-58.744021,-38.591123],[-58.744592,-38.591287],[-58.745879,-38.591571],[-58.749534,-38.59282],[-58.750738,-38.593253],[-58.75197,-38.59381],[-58.7546,-38.594501],[-58.75534,-38.594802],[-58.757564,-38.595818],[-58.760006,-38.596804],[-58.760403,-38.597056],[-58.761975,-38.597411],[-58.762887,-38.597758],[-58.763172,-38.597896],[-58.764493,-38.598753],[-58.765067,-38.599044],[-58.765355,-38.599134],[-58.765872,-38.599246],[-58.768742,-38.599465],[-58.769029,-38.599555],[-58.769603,-38.599824],[-58.770868,-38.600385],[-58.771212,-38.600452],[-58.771356,-38.600519],[-58.772232,-38.600771],[-58.772432,-38.600818],[-58.774636,-38.601134],[-58.776717,-38.601616],[-58.778001,-38.602012],[-58.778485,-38.602197],[-58.778771,-38.602335],[-58.779284,-38.602521],[-58.780112,-38.602755],[-58.781656,-38.603108],[-58.782339,-38.603409],[-58.783967,-38.603898],[-58.785736,-38.604459],[-58.786067,-38.60461],[-58.786565,-38.604795],[-58.787295,-38.604868],[-58.788064,-38.605056],[-58.788964,-38.605369],[-58.790674,-38.606129],[-58.796521,-38.608428],[-58.796644,-38.608471],[-58.797457,-38.608703],[-58.797923,-38.608881],[-58.799095,-38.609331],[-58.799353,-38.609357],[-58.800349,-38.609817],[-58.800548,-38.609955],[-58.802227,-38.610828],[-58.803766,-38.611496],[-58.807299,-38.613019],[-58.807642,-38.613135],[-58.808214,-38.613253],[-58.808614,-38.613392],[-58.809383,-38.61376],[-58.810721,-38.614382],[-58.813146,-38.615285],[-58.813374,-38.615422],[-58.813515,-38.615537],[-58.813969,-38.615834],[-58.814198,-38.615926],[-58.815054,-38.616205],[-58.817567,-38.616997],[-58.818619,-38.617803]]]]},"properties":{"zona":"PLAYA","sigla":"PLAYA","categoria":"Verde, playa y frente marítimo","observaciones":null}},{"type":"Feature","geometry":{"type":"MultiPolygon","coordinates":[[[[-58.701596,-38.574962],[-58.702868,-38.574536],[-58.702939,-38.574122],[-58.702978,-38.573898],[-58.703102,-38.573626],[-58.702966,-38.573619],[-58.702977,-38.573528],[-58.702983,-38.573445],[-58.703071,-38.573444],[-58.70284,-38.573023],[-58.703174,-38.572774],[-58.702855,-38.572516],[-58.70315,-38.572102],[-58.702948,-38.572095],[-58.70295,-38.571941],[-58.703095,-38.571942],[-58.702943,-38.571622],[-58.703279,-38.571369],[-58.702879,-38.571043],[-58.702999,-38.570729],[-58.702859,-38.570612],[-58.702948,-38.570548],[-58.702797,-38.570428],[-58.702953,-38.570313],[-58.703023,-38.570261],[-58.702859,-38.570015],[-58.703054,-38.569867],[-58.703146,-38.569798],[-58.703059,-38.569728],[-58.702865,-38.569568],[-58.703332,-38.569051],[-58.703019,-38.568609],[-58.703353,-38.568364],[-58.702954,-38.568036],[-58.703218,-38.567735],[-58.703379,-38.56755],[-58.702912,-38.567028],[-58.703208,-38.566808],[-58.702926,-38.566575],[-58.703389,-38.56606],[-58.702986,-38.565558],[-58.703321,-38.565304],[-58.703002,-38.565043],[-58.703506,-38.564576],[-58.703077,-38.564136],[-58.703322,-38.563952],[-58.702925,-38.563627],[-58.703172,-38.563223],[-58.703041,-38.563118],[-58.703238,-38.562968],[-58.703013,-38.562554],[-58.70327,-38.562362],[-58.702975,-38.562114],[-58.703466,-38.561598],[-58.703067,-38.561101],[-58.703351,-38.560883],[-58.703021,-38.560612],[-58.703233,-38.560227],[-58.703073,-38.560091],[-58.703241,-38.559967],[-58.703006,-38.559511],[-58.70325,-38.559337],[-58.702997,-38.559122],[-58.703353,-38.558866],[-58.703248,-38.558762],[-58.703181,-38.558708],[-58.703229,-38.558537],[-58.703288,-38.558488],[-58.703147,-38.557747],[-58.702304,-38.558512],[-58.702164,-38.558511],[-58.702161,-38.558636],[-58.702039,-38.558727],[-58.702218,-38.559115],[-58.701929,-38.559338],[-58.7022,-38.559566],[-58.702021,-38.559912],[-58.702227,-38.560076],[-58.702025,-38.560229],[-58.702235,-38.560655],[-58.701828,-38.560967],[-58.702055,-38.561145],[-58.702053,-38.561247],[-58.701951,-38.561326],[-58.701946,-38.563301],[-58.702124,-38.56345],[-58.702119,-38.563541],[-58.701688,-38.563866],[-58.702008,-38.564125],[-58.701588,-38.564569],[-58.702106,-38.565094],[-58.701807,-38.565316],[-58.702085,-38.565544],[-58.701562,-38.566052],[-58.701956,-38.566471],[-58.701749,-38.566633],[-58.702154,-38.566956],[-58.70181,-38.567464],[-58.701918,-38.567551],[-58.701804,-38.567636],[-58.70176,-38.567842],[-58.701351,-38.568158],[-58.701431,-38.568223],[-58.701593,-38.568355],[-58.701915,-38.568616],[-58.701552,-38.569037],[-58.702085,-38.569604],[-58.701839,-38.569789],[-58.702074,-38.569982],[-58.701523,-38.570515],[-58.701949,-38.571041],[-58.701537,-38.571356],[-58.701861,-38.571617],[-58.701511,-38.572012],[-58.701926,-38.572521],[-58.701593,-38.572774],[-58.701911,-38.573034],[-58.701818,-38.573302],[-58.701857,-38.573332],[-58.701851,-38.573674],[-58.701806,-38.573705],[-58.701897,-38.574013],[-58.701761,-38.574122],[-58.701806,-38.574162],[-58.701797,-38.574182],[-58.701769,-38.574261],[-58.701581,-38.574423],[-58.701428,-38.574845],[-58.701558,-38.574874],[-58.701596,-38.574962]]]]},"properties":{"zona":"ZONA EQUIPAMIENTO ESPECIAL","sigla":"Ee","categoria":"Equipamiento y usos específicos","observaciones":null}},{"type":"Feature","geometry":{"type":"MultiPolygon","coordinates":[[[[-58.772285,-38.593235],[-58.772449,-38.5931],[-58.772573,-38.593193],[-58.772203,-38.592916],[-58.772106,-38.592801],[-58.771586,-38.592408],[-58.771432,-38.59227],[-58.770916,-38.591877],[-58.770751,-38.591731],[-58.770386,-38.591449],[-58.770266,-38.591355],[-58.7701,-38.591253],[-58.769618,-38.590875],[-58.769408,-38.590765],[-58.769244,-38.590638],[-58.769402,-38.590511],[-58.76932,-38.590448],[-58.769397,-38.590386],[-58.769313,-38.590323],[-58.769391,-38.590259],[-58.76923,-38.590136],[-58.769151,-38.5902],[-58.769069,-38.590137],[-58.768994,-38.590197],[-58.768912,-38.590134],[-58.768756,-38.590261],[-58.768586,-38.590135],[-58.768541,-38.590096],[-58.768845,-38.589841],[-58.76552,-38.587186],[-58.765402,-38.587088],[-58.765277,-38.58718],[-58.764999,-38.586948],[-58.764824,-38.58686],[-58.764591,-38.586667],[-58.764673,-38.586608],[-58.764595,-38.586541],[-58.764676,-38.58648],[-58.764519,-38.586351],[-58.764438,-38.58641],[-58.764362,-38.58635],[-58.764275,-38.586411],[-58.764041,-38.586221],[-58.763824,-38.586162],[-58.763662,-38.586033],[-58.763745,-38.585968],[-58.763585,-38.585841],[-58.763669,-38.585776],[-58.763509,-38.585647],[-58.763425,-38.585711],[-58.763266,-38.585583],[-58.763183,-38.585646],[-58.76302,-38.585517],[-58.762889,-38.585393],[-58.762728,-38.585264],[-58.76281,-38.5852],[-58.76265,-38.585073],[-58.762734,-38.585008],[-58.762575,-38.584879],[-58.762491,-38.584943],[-58.762332,-38.584815],[-58.762248,-38.584878],[-58.762086,-38.584748],[-58.762034,-38.584716],[-58.761598,-38.585053],[-58.761665,-38.585105],[-58.761828,-38.585236],[-58.761747,-38.585299],[-58.761826,-38.585362],[-58.761661,-38.58549],[-58.761742,-38.585555],[-58.76166,-38.585619],[-58.76182,-38.585747],[-58.761904,-38.585685],[-58.761986,-38.585751],[-58.762153,-38.585624],[-58.762233,-38.585687],[-58.762316,-38.585625],[-58.762475,-38.585752],[-58.762598,-38.585849],[-58.762761,-38.585979],[-58.76268,-38.586043],[-58.762759,-38.586105],[-58.762594,-38.586234],[-58.762675,-38.586299],[-58.762593,-38.586362],[-58.762753,-38.58649],[-58.762837,-38.586428],[-58.762919,-38.586494],[-58.763086,-38.586367],[-58.763166,-38.586431],[-58.763249,-38.586368],[-58.763408,-38.586495],[-58.76352,-38.586618],[-58.763679,-38.586748],[-58.763597,-38.586812],[-58.763675,-38.586875],[-58.763507,-38.587002],[-58.763588,-38.587065],[-58.763504,-38.587127],[-58.763671,-38.58726],[-58.763755,-38.587199],[-58.763834,-38.587261],[-58.764,-38.587134],[-58.764086,-38.587201],[-58.764167,-38.587137],[-58.764327,-38.587264],[-58.764452,-38.587382],[-58.764611,-38.587512],[-58.764528,-38.587576],[-58.764607,-38.587639],[-58.764439,-38.587766],[-58.76452,-38.58783],[-58.764436,-38.587891],[-58.764603,-38.588025],[-58.764686,-38.587963],[-58.764766,-38.588026],[-58.764931,-38.587899],[-58.765017,-38.587966],[-58.765099,-38.587902],[-58.765259,-38.588029],[-58.76536,-38.588133],[-58.765522,-38.58826],[-58.76544,-38.588325],[-58.765523,-38.58839],[-58.765361,-38.588517],[-58.765441,-38.588581],[-58.76536,-38.588645],[-58.765522,-38.588773],[-58.765603,-38.588709],[-58.765685,-38.588773],[-58.765845,-38.588645],[-58.765926,-38.588708],[-58.766007,-38.588644],[-58.766201,-38.588785],[-58.766315,-38.588894],[-58.766482,-38.589022],[-58.766404,-38.589084],[-58.766484,-38.589146],[-58.76632,-38.589279],[-58.766401,-38.589341],[-58.76632,-38.589407],[-58.766481,-38.589532],[-58.766563,-38.589466],[-58.766646,-38.58953],[-58.766808,-38.589401],[-58.766889,-38.589463],[-58.766969,-38.589397],[-58.767128,-38.58952],[-58.767286,-38.589646],[-58.767449,-38.589773],[-58.767369,-38.589837],[-58.767451,-38.589901],[-58.767291,-38.59003],[-58.767372,-38.590093],[-58.767292,-38.590158],[-58.767455,-38.590285],[-58.767535,-38.59022],[-58.767616,-38.590283],[-58.767776,-38.590155],[-58.767858,-38.590218],[-58.767938,-38.590154],[-58.768101,-38.590281],[-58.768234,-38.590371],[-58.7684,-38.590498],[-58.768321,-38.590561],[-58.768404,-38.590625],[-58.768236,-38.590759],[-58.768319,-38.590822],[-58.768236,-38.59089],[-58.7684,-38.591016],[-58.768484,-38.590947],[-58.768569,-38.591013],[-58.768734,-38.590878],[-58.768814,-38.59094],[-58.768892,-38.590876],[-58.76905,-38.590998],[-58.769116,-38.59128],[-58.769604,-38.591653],[-58.769747,-38.591757],[-58.770243,-38.592132],[-58.770433,-38.592259],[-58.77068,-38.592441],[-58.770637,-38.592477],[-58.770885,-38.592662],[-58.771167,-38.592718],[-58.771423,-38.592912],[-58.77154,-38.592813],[-58.771596,-38.592775],[-58.772088,-38.593158],[-58.772285,-38.593235]]]]},"properties":{"zona":"ZONA COMERCIAL 5","sigla":"C5","categoria":"Comercial y administrativa","observaciones":null}},{"type":"Feature","geometry":{"type":"MultiPolygon","coordinates":[[[[-58.757148,-38.593657],[-58.755049,-38.592538],[-58.754242,-38.591909],[-58.75288,-38.591319],[-58.752214,-38.591303],[-58.750561,-38.591221],[-58.750232,-38.591799],[-58.756848,-38.594102],[-58.757148,-38.593657]]]]},"properties":{"zona":"ZONA EQUIPAMIENTO PLAYA","sigla":"ZEP1","categoria":"Verde, playa y frente marítimo","observaciones":null}},{"type":"Feature","geometry":{"type":"MultiPolygon","coordinates":[[[[-58.778392,-38.601365],[-58.773344,-38.599553],[-58.772705,-38.60026],[-58.778201,-38.60179],[-58.778392,-38.601365]]]]},"properties":{"zona":"ZONA EQUIPAMIENTO PLAYA","sigla":"ZEP1","categoria":"Verde, playa y frente marítimo","observaciones":null}},{"type":"Feature","geometry":{"type":"MultiPolygon","coordinates":[[[[-58.755071,-38.554864],[-58.754635,-38.554541],[-58.754542,-38.554472],[-58.753506,-38.555271],[-58.753295,-38.555429],[-58.753128,-38.555295],[-58.752717,-38.555604],[-58.752878,-38.555733],[-58.75267,-38.555888],[-58.75261,-38.556075],[-58.752487,-38.556169],[-58.75241,-38.556106],[-58.752323,-38.55617],[-58.752242,-38.556103],[-58.752153,-38.556171],[-58.752072,-38.556104],[-58.751962,-38.556187],[-58.751757,-38.556342],[-58.751915,-38.556473],[-58.751709,-38.556631],[-58.751555,-38.556747],[-58.75131,-38.55693],[-58.751153,-38.556802],[-58.750778,-38.55708],[-58.750937,-38.557209],[-58.750731,-38.557362],[-58.750684,-38.557542],[-58.750475,-38.557703],[-58.750233,-38.557512],[-58.749823,-38.557829],[-58.749986,-38.557957],[-58.749785,-38.558113],[-58.74973,-38.558286],[-58.749609,-38.558379],[-58.749529,-38.558316],[-58.749446,-38.55838],[-58.749283,-38.558251],[-58.748875,-38.558567],[-58.749039,-38.558696],[-58.74895,-38.558764],[-58.749028,-38.558826],[-58.748911,-38.558917],[-58.748686,-38.55896],[-58.74848,-38.559119],[-58.748309,-38.558985],[-58.7479,-38.559303],[-58.748077,-38.55944],[-58.747875,-38.559596],[-58.747799,-38.559767],[-58.747678,-38.559861],[-58.7476,-38.559798],[-58.747517,-38.559863],[-58.747355,-38.559733],[-58.747148,-38.559892],[-58.746952,-38.560043],[-58.747173,-38.560219],[-58.747076,-38.560293],[-58.747181,-38.560378],[-58.747628,-38.560662],[-58.749244,-38.559426],[-58.749374,-38.559302],[-58.749533,-38.559179],[-58.749738,-38.55934],[-58.750228,-38.558956],[-58.749962,-38.558746],[-58.750131,-38.558616],[-58.750311,-38.558521],[-58.751127,-38.557887],[-58.751246,-38.557795],[-58.751417,-38.557663],[-58.751582,-38.557789],[-58.751747,-38.55766],[-58.75183,-38.557724],[-58.751992,-38.557598],[-58.751912,-38.557538],[-58.751994,-38.557473],[-58.751826,-38.557343],[-58.751906,-38.557282],[-58.751825,-38.557217],[-58.751988,-38.557093],[-58.752115,-38.556984],[-58.752278,-38.55686],[-58.752534,-38.557065],[-58.75311,-38.556623],[-58.752917,-38.556469],[-58.753006,-38.556403],[-58.753186,-38.556328],[-58.753345,-38.556201],[-58.753424,-38.556266],[-58.753504,-38.556206],[-58.753582,-38.556269],[-58.753987,-38.555961],[-58.753838,-38.55584],[-58.753998,-38.555717],[-58.754066,-38.555534],[-58.754232,-38.555414],[-58.75432,-38.555486],[-58.754412,-38.555415],[-58.754468,-38.555461],[-58.754548,-38.555532],[-58.754297,-38.555722],[-58.754381,-38.555792],[-58.754806,-38.55547],[-58.75523,-38.555141],[-58.755147,-38.555074],[-58.754977,-38.555206],[-58.75487,-38.555122],[-58.75504,-38.55499],[-58.755071,-38.554864]]]]},"properties":{"zona":"ZONA COMERCIAL 5","sigla":"C5","categoria":"Comercial y administrativa","observaciones":null}},{"type":"Feature","geometry":{"type":"MultiPolygon","coordinates":[[[[-58.752153,-38.556171],[-58.752242,-38.556103],[-58.752323,-38.55617],[-58.75241,-38.556106],[-58.752487,-38.556169],[-58.75261,-38.556075],[-58.75267,-38.555888],[-58.752878,-38.555733],[-58.752717,-38.555604],[-58.753128,-38.555295],[-58.753295,-38.555429],[-58.753506,-38.555271],[-58.754542,-38.554472],[-58.754635,-38.554541],[-58.754702,-38.554491],[-58.754886,-38.554355],[-58.754797,-38.554283],[-58.754886,-38.554214],[-58.7548,-38.554142],[-58.754882,-38.554078],[-58.754803,-38.554008],[-58.754888,-38.553939],[-58.754979,-38.553872],[-58.755072,-38.553938],[-58.755156,-38.553872],[-58.755236,-38.55381],[-58.755326,-38.553875],[-58.755413,-38.553807],[-58.755501,-38.553743],[-58.755574,-38.553665],[-58.755664,-38.553592],[-58.755751,-38.553524],[-58.755667,-38.553464],[-58.755846,-38.55332],[-58.755749,-38.553256],[-58.755927,-38.55312],[-58.756018,-38.55319],[-58.7561,-38.553128],[-58.756186,-38.5532],[-58.75636,-38.553056],[-58.756449,-38.552994],[-58.756574,-38.552892],[-58.756733,-38.552765],[-58.756654,-38.552706],[-58.756739,-38.552638],[-58.756664,-38.552582],[-58.756743,-38.552518],[-58.756659,-38.552445],[-58.756817,-38.552318],[-58.756904,-38.552393],[-58.756984,-38.552332],[-58.757061,-38.552387],[-58.757142,-38.552326],[-58.757223,-38.552391],[-58.757305,-38.552327],[-58.757392,-38.552263],[-58.757557,-38.552141],[-58.757718,-38.552014],[-58.757643,-38.551949],[-58.757726,-38.551886],[-58.757648,-38.551825],[-58.757732,-38.551763],[-58.757647,-38.551693],[-58.757807,-38.551569],[-58.757891,-38.55164],[-58.757972,-38.551574],[-58.758052,-38.551635],[-58.758132,-38.551572],[-58.758212,-38.551632],[-58.75829,-38.551573],[-58.758376,-38.551508],[-58.758217,-38.551249],[-58.759041,-38.550621],[-58.759276,-38.550546],[-58.762012,-38.548468],[-58.762116,-38.548239],[-58.76293,-38.547612],[-58.763052,-38.547521],[-58.763875,-38.546887],[-58.764007,-38.546707],[-58.764803,-38.546091],[-58.765245,-38.546253],[-58.765803,-38.545819],[-58.765008,-38.545194],[-58.764201,-38.544546],[-58.764179,-38.544361],[-58.763932,-38.544167],[-58.763848,-38.544233],[-58.76377,-38.544173],[-58.76369,-38.544235],[-58.76353,-38.544109],[-58.763612,-38.544045],[-58.763534,-38.543983],[-58.763617,-38.543916],[-58.763373,-38.543721],[-58.763232,-38.5436],[-58.762986,-38.543407],[-58.762901,-38.543473],[-58.762823,-38.543412],[-58.762743,-38.543474],[-58.762583,-38.543348],[-58.762665,-38.543284],[-58.762587,-38.543222],[-58.762671,-38.543156],[-58.762426,-38.54296],[-58.761639,-38.543364],[-58.761221,-38.543038],[-58.761704,-38.542664],[-58.761569,-38.542561],[-58.761704,-38.542455],[-58.761563,-38.542344],[-58.76142,-38.542232],[-58.761083,-38.542299],[-58.76027,-38.541655],[-58.760316,-38.541403],[-58.760156,-38.541277],[-58.760078,-38.541337],[-58.76,-38.541277],[-58.759922,-38.541338],[-58.759845,-38.541274],[-58.759763,-38.541212],[-58.759684,-38.541147],[-58.759603,-38.541087],[-58.759759,-38.540964],[-58.75952,-38.540773],[-58.759483,-38.540578],[-58.759401,-38.54051],[-58.759382,-38.540525],[-58.759305,-38.540463],[-58.759224,-38.540524],[-58.759144,-38.54046],[-58.759061,-38.540524],[-58.75898,-38.540462],[-58.7589,-38.540522],[-58.758824,-38.540459],[-58.758742,-38.540518],[-58.758664,-38.54058],[-58.75858,-38.540517],[-58.7585,-38.540449],[-58.758253,-38.54064],[-58.757994,-38.5407],[-58.757838,-38.54082],[-58.757999,-38.540947],[-58.757919,-38.541007],[-58.758003,-38.541075],[-58.757919,-38.541137],[-58.757844,-38.541199],[-58.757687,-38.541322],[-58.757525,-38.541194],[-58.757364,-38.541318],[-58.757286,-38.541258],[-58.757202,-38.54132],[-58.756987,-38.541354],[-58.756818,-38.541486],[-58.75702,-38.541649],[-58.756859,-38.541774],[-58.756936,-38.541836],[-58.756856,-38.541898],[-58.757295,-38.54225],[-58.757091,-38.542407],[-58.756774,-38.542154],[-58.756571,-38.542309],[-58.756103,-38.542166],[-58.755857,-38.542354],[-58.756021,-38.542483],[-58.755937,-38.542548],[-58.756017,-38.542612],[-58.755852,-38.542738],[-58.755771,-38.542674],[-58.755691,-38.542735],[-58.755611,-38.542671],[-58.755365,-38.54286],[-58.755096,-38.542858],[-58.755011,-38.542925],[-58.755147,-38.543032],[-58.755065,-38.543095],[-58.754985,-38.543158],[-58.755066,-38.543222],[-58.754983,-38.543286],[-58.755059,-38.543347],[-58.754894,-38.543476],[-58.754818,-38.543415],[-58.754736,-38.543479],[-58.754656,-38.543414],[-58.754569,-38.543482],[-58.754459,-38.543392],[-58.754422,-38.543421],[-58.754295,-38.543519],[-58.754176,-38.543643],[-58.754091,-38.54371],[-58.754173,-38.543774],[-58.754003,-38.543905],[-58.754081,-38.543966],[-58.753987,-38.544039],[-58.754073,-38.544108],[-58.753805,-38.544315],[-58.753562,-38.54412],[-58.753478,-38.544185],[-58.7534,-38.544123],[-58.753272,-38.544218],[-58.753341,-38.544456],[-58.751684,-38.5457],[-58.753179,-38.546894],[-58.753221,-38.547081],[-58.753366,-38.547198],[-58.753475,-38.547116],[-58.753985,-38.547525],[-58.753878,-38.547607],[-58.754023,-38.547724],[-58.754214,-38.547788],[-58.754416,-38.547948],[-58.754282,-38.548051],[-58.754127,-38.548114],[-58.753965,-38.548239],[-58.754042,-38.548302],[-58.753959,-38.548366],[-58.75404,-38.54843],[-58.753958,-38.548493],[-58.754039,-38.548558],[-58.753879,-38.548683],[-58.753795,-38.548617],[-58.753722,-38.548673],[-58.753641,-38.548609],[-58.753555,-38.548674],[-58.753477,-38.548612],[-58.753314,-38.548734],[-58.753142,-38.54886],[-58.752978,-38.548984],[-58.753057,-38.549048],[-58.752898,-38.54917],[-58.752979,-38.549236],[-58.75281,-38.549365],[-58.752726,-38.549301],[-58.752566,-38.549422],[-58.752487,-38.549358],[-58.752322,-38.549482],[-58.752202,-38.549586],[-58.752035,-38.549712],[-58.752115,-38.549775],[-58.751946,-38.549904],[-58.752111,-38.550037],[-58.751944,-38.550163],[-58.752103,-38.550292],[-58.752021,-38.550354],[-58.7521,-38.550418],[-58.752017,-38.550481],[-58.752176,-38.550611],[-58.752216,-38.550792],[-58.752377,-38.550924],[-58.7523,-38.550984],[-58.752181,-38.551082],[-58.751923,-38.551274],[-58.752003,-38.551339],[-58.751921,-38.551402],[-58.752,-38.551466],[-58.75184,-38.551586],[-58.751759,-38.55152],[-58.751671,-38.551586],[-58.751587,-38.551517],[-58.751338,-38.551704],[-58.751078,-38.551807],[-58.750888,-38.55195],[-58.750971,-38.552014],[-58.751129,-38.552145],[-58.750912,-38.552313],[-58.751073,-38.552443],[-58.751274,-38.552287],[-58.751433,-38.552415],[-58.751516,-38.552353],[-58.751678,-38.552483],[-58.751736,-38.552655],[-58.752065,-38.552918],[-58.751855,-38.553076],[-58.752014,-38.553205],[-58.751804,-38.553361],[-58.751964,-38.553491],[-58.751878,-38.553556],[-58.752039,-38.553686],[-58.752147,-38.553792],[-58.7523,-38.553917],[-58.752409,-38.553836],[-58.752572,-38.553967],[-58.752775,-38.553813],[-58.752937,-38.553942],[-58.752734,-38.554096],[-58.753057,-38.554353],[-58.752888,-38.554636],[-58.753018,-38.554878],[-58.752817,-38.555028],[-58.752974,-38.555157],[-58.752553,-38.555473],[-58.752361,-38.555317],[-58.752154,-38.555472],[-58.752132,-38.555685],[-58.751725,-38.555993],[-58.751962,-38.556187],[-58.752072,-38.556104],[-58.752153,-38.556171]],[[-58.756861,-38.544187],[-58.758781,-38.542698],[-58.760651,-38.544201],[-58.758739,-38.545685],[-58.756861,-38.544187]]]]},"properties":{"zona":"ZONA RESIDENCIAL 7","sigla":"R7","categoria":"Residencial","observaciones":null}},{"type":"Feature","geometry":{"type":"MultiPolygon","coordinates":[[[[-58.703353,-38.558866],[-58.702997,-38.559122],[-58.70325,-38.559337],[-58.703006,-38.559511],[-58.703241,-38.559967],[-58.703073,-38.560091],[-58.703233,-38.560227],[-58.703021,-38.560612],[-58.703351,-38.560883],[-58.703067,-38.561101],[-58.703466,-38.561598],[-58.702975,-38.562114],[-58.70327,-38.562362],[-58.703013,-38.562554],[-58.703238,-38.562968],[-58.703041,-38.563118],[-58.703172,-38.563223],[-58.702925,-38.563627],[-58.703322,-38.563952],[-58.703077,-38.564136],[-58.703506,-38.564576],[-58.703002,-38.565043],[-58.703321,-38.565304],[-58.703402,-38.565244],[-58.703564,-38.565377],[-58.703646,-38.565315],[-58.703725,-38.565382],[-58.703804,-38.565322],[-58.703882,-38.565386],[-58.704131,-38.565195],[-58.704265,-38.565086],[-58.704428,-38.564964],[-58.704267,-38.564834],[-58.70435,-38.564772],[-58.70427,-38.564706],[-58.704434,-38.564584],[-58.704514,-38.56465],[-58.704589,-38.56471],[-58.704751,-38.56459],[-58.704911,-38.56472],[-58.705162,-38.564533],[-58.705208,-38.564502],[-58.70535,-38.564619],[-58.708352,-38.562335],[-58.707401,-38.56158],[-58.707115,-38.561353],[-58.70692,-38.561195],[-58.706466,-38.56083],[-58.706146,-38.561071],[-58.706086,-38.561022],[-58.705691,-38.560695],[-58.705533,-38.560812],[-58.705134,-38.560487],[-58.70516,-38.56024],[-58.705,-38.560107],[-58.704917,-38.560171],[-58.704759,-38.560042],[-58.704677,-38.560104],[-58.704517,-38.559974],[-58.704602,-38.55991],[-58.704446,-38.559783],[-58.704528,-38.55972],[-58.704445,-38.559653],[-58.704368,-38.559593],[-58.704219,-38.559477],[-58.704023,-38.559311],[-58.703847,-38.559439],[-58.70365,-38.559279],[-58.703545,-38.559358],[-58.703353,-38.558866]]]]},"properties":{"zona":"ZONA INDUSTRIAL PORTUARIA","sigla":"ZIP","categoria":"Industrial y portuaria","observaciones":null}},{"type":"Feature","geometry":{"type":"MultiPolygon","coordinates":[[[[-58.703147,-38.557747],[-58.703288,-38.558488],[-58.703229,-38.558537],[-58.703181,-38.558708],[-58.703248,-38.558762],[-58.703353,-38.558866],[-58.703545,-38.559358],[-58.70365,-38.559279],[-58.703847,-38.559439],[-58.704023,-38.559311],[-58.704219,-38.559477],[-58.704368,-38.559593],[-58.704445,-38.559653],[-58.704528,-38.55972],[-58.704446,-38.559783],[-58.704602,-38.55991],[-58.704517,-38.559974],[-58.704677,-38.560104],[-58.704759,-38.560042],[-58.704917,-38.560171],[-58.705,-38.560107],[-58.70516,-38.56024],[-58.705134,-38.560487],[-58.705533,-38.560812],[-58.705691,-38.560695],[-58.706086,-38.561022],[-58.706146,-38.561071],[-58.706466,-38.56083],[-58.707115,-38.561353],[-58.707247,-38.561249],[-58.707581,-38.561],[-58.707381,-38.560835],[-58.706984,-38.560513],[-58.706682,-38.56051],[-58.706387,-38.560272],[-58.706605,-38.560107],[-58.706396,-38.559939],[-58.706181,-38.560102],[-58.705884,-38.559862],[-58.705645,-38.559875],[-58.705449,-38.559712],[-58.705611,-38.559593],[-58.705532,-38.559529],[-58.705618,-38.559466],[-58.70554,-38.559403],[-58.705625,-38.559339],[-58.705537,-38.559267],[-58.705451,-38.559332],[-58.705372,-38.559265],[-58.705287,-38.559326],[-58.70521,-38.559263],[-58.705126,-38.559324],[-58.704936,-38.559166],[-58.704779,-38.559044],[-58.704619,-38.558915],[-58.704703,-38.558848],[-58.704627,-38.558784],[-58.704708,-38.558722],[-58.704622,-38.558651],[-58.704706,-38.558588],[-58.704633,-38.558532],[-58.704549,-38.558592],[-58.70415,-38.558265],[-58.704099,-38.558094],[-58.703783,-38.557832],[-58.703509,-38.558033],[-58.703147,-38.557747]]]]},"properties":{"zona":"ZONA COMERCIAL 3","sigla":"C3","categoria":"Comercial y administrativa","observaciones":null}},{"type":"Feature","geometry":{"type":"MultiPolygon","coordinates":[[[[-58.719637,-38.555722],[-58.719549,-38.556176],[-58.719482,-38.556813],[-58.719518,-38.557104],[-58.719815,-38.557431],[-58.720287,-38.558081],[-58.720484,-38.558483],[-58.720755,-38.559007],[-58.720866,-38.559587],[-58.721043,-38.561111],[-58.719874,-38.563398],[-58.721391,-38.564632],[-58.721692,-38.564219],[-58.722383,-38.563467],[-58.722714,-38.563002],[-58.722995,-38.562194],[-58.723251,-38.559779],[-58.7234,-38.55749],[-58.723453,-38.557308],[-58.723502,-38.557204],[-58.723354,-38.557082],[-58.721514,-38.555546],[-58.721369,-38.555653],[-58.723365,-38.557296],[-58.722976,-38.557488],[-58.722331,-38.557901],[-58.719637,-38.555722]]]]},"properties":{"zona":"ZONA FRANJA VERDE","sigla":"FV","categoria":"Verde, playa y frente marítimo","observaciones":"SIN INDICADORES. USOS DE CARACTER PUBLICO"}},{"type":"Feature","geometry":{"type":"MultiPolygon","coordinates":[[[[-58.726325,-38.553407],[-58.725485,-38.552601],[-58.724402,-38.553434],[-58.723404,-38.554092],[-58.724356,-38.554881],[-58.726325,-38.553407]]]]},"properties":{"zona":"ZONA FRANJA VERDE","sigla":"FV","categoria":"Verde, playa y frente marítimo","observaciones":"SIN INDICADORES. USOS DE CARACTER PUBLICO"}},{"type":"Feature","geometry":{"type":"MultiPolygon","coordinates":[[[[-58.731325,-38.543236],[-58.731184,-38.543133],[-58.73089,-38.542918],[-58.730746,-38.543195],[-58.730576,-38.543448],[-58.730379,-38.543686],[-58.730185,-38.543859],[-58.730041,-38.543961],[-58.729884,-38.544042],[-58.729719,-38.544115],[-58.729559,-38.544192],[-58.729386,-38.544283],[-58.729235,-38.544385],[-58.72905,-38.544536],[-58.728757,-38.544809],[-58.728591,-38.544994],[-58.728485,-38.545143],[-58.728378,-38.545318],[-58.728267,-38.545528],[-58.728175,-38.545757],[-58.730078,-38.547218],[-58.729977,-38.546861],[-58.729898,-38.546214],[-58.729921,-38.545679],[-58.729964,-38.545386],[-58.730023,-38.545191],[-58.730101,-38.544934],[-58.730261,-38.544592],[-58.730394,-38.544351],[-58.730631,-38.544051],[-58.730872,-38.543772],[-58.731325,-38.543236]]]]},"properties":{"zona":"USO ESPECIFICO 4 (CLUB DEPORTIVO)","sigla":"UE 4","categoria":"Equipamiento y usos específicos","observaciones":null}},{"type":"Feature","geometry":{"type":"MultiPolygon","coordinates":[[[[-58.733184,-38.580161],[-58.733078,-38.580121],[-58.733111,-38.580066],[-58.732828,-38.579959],[-58.732768,-38.580055],[-58.73256,-38.579976],[-58.732529,-38.580026],[-58.73242,-38.579986],[-58.73233,-38.580129],[-58.732319,-38.580202],[-58.732307,-38.580281],[-58.732216,-38.58043],[-58.732344,-38.580475],[-58.732334,-38.580489],[-58.732617,-38.580594],[-58.732546,-38.58071],[-58.732423,-38.580915],[-58.732573,-38.58097],[-58.732522,-38.581057],[-58.732903,-38.581198],[-58.732832,-38.581311],[-58.732171,-38.581065],[-58.731993,-38.581359],[-58.731709,-38.581416],[-58.731654,-38.5815],[-58.731677,-38.581508],[-58.731627,-38.58159],[-58.731732,-38.581628],[-58.731839,-38.581669],[-58.731662,-38.581963],[-58.731789,-38.582009],[-58.731734,-38.582096],[-58.731806,-38.582121],[-58.731754,-38.582205],[-58.731916,-38.582264],[-58.731793,-38.582467],[-58.731895,-38.582508],[-58.732102,-38.582587],[-58.732472,-38.582313],[-58.732699,-38.582398],[-58.733011,-38.582515],[-58.732987,-38.582556],[-58.733255,-38.582658],[-58.733149,-38.582825],[-58.733135,-38.582853],[-58.733059,-38.582973],[-58.733323,-38.583074],[-58.733413,-38.583107],[-58.734803,-38.580837],[-58.7347,-38.580803],[-58.734565,-38.580756],[-58.734464,-38.580716],[-58.734514,-38.580631],[-58.734309,-38.580554],[-58.734459,-38.580311],[-58.734247,-38.580231],[-58.734096,-38.580475],[-58.733886,-38.580393],[-58.733786,-38.580554],[-58.733552,-38.580472],[-58.733403,-38.580434],[-58.733303,-38.580393],[-58.73335,-38.580317],[-58.733248,-38.580278],[-58.733139,-38.580238],[-58.733176,-38.58018],[-58.733184,-38.580161]]]]},"properties":{"zona":"ZONA RESIDENCIAL 1","sigla":"R1","categoria":"Residencial","observaciones":null}},{"type":"Feature","geometry":{"type":"MultiPolygon","coordinates":[[[[-58.722332,-38.57778],[-58.719845,-38.576924],[-58.718358,-38.57941],[-58.719975,-38.579741],[-58.72096,-38.580078],[-58.721631,-38.578946],[-58.724189,-38.579914],[-58.723499,-38.581039],[-58.725721,-38.581898],[-58.725779,-38.581805],[-58.72598,-38.581479],[-58.725841,-38.581427],[-58.725908,-38.581315],[-58.725774,-38.581263],[-58.725842,-38.581153],[-58.725973,-38.581204],[-58.726105,-38.580993],[-58.726251,-38.581048],[-58.726386,-38.58083],[-58.726452,-38.580683],[-58.726654,-38.580357],[-58.726514,-38.580305],[-58.726582,-38.580193],[-58.726447,-38.58014],[-58.726582,-38.579922],[-58.72686,-38.58003],[-58.727102,-38.579643],[-58.726952,-38.579589],[-58.727187,-38.579226],[-58.727043,-38.57917],[-58.727288,-38.578783],[-58.727428,-38.578837],[-58.727489,-38.578743],[-58.727624,-38.578796],[-58.727755,-38.578594],[-58.727842,-38.578424],[-58.727898,-38.578329],[-58.727956,-38.57823],[-58.72782,-38.578179],[-58.727878,-38.578084],[-58.727736,-38.578029],[-58.727598,-38.577975],[-58.727541,-38.57807],[-58.727399,-38.578018],[-58.72734,-38.578115],[-58.727055,-38.578009],[-58.726838,-38.577977],[-58.726556,-38.577871],[-58.726621,-38.577771],[-58.726479,-38.577717],[-58.726541,-38.577616],[-58.726407,-38.577565],[-58.726267,-38.577511],[-58.726206,-38.57761],[-58.725969,-38.577519],[-58.725908,-38.577615],[-58.725731,-38.577549],[-58.725515,-38.577486],[-58.725281,-38.577396],[-58.725335,-38.577309],[-58.725227,-38.577267],[-58.725218,-38.577281],[-58.72511,-38.577244],[-58.72488,-38.577156],[-58.724693,-38.577078],[-58.724015,-38.576816],[-58.723886,-38.576777],[-58.723745,-38.576725],[-58.723651,-38.576689],[-58.723542,-38.576648],[-58.723436,-38.576608],[-58.723334,-38.57657],[-58.723204,-38.576523],[-58.723102,-38.576487],[-58.722332,-38.57778]]]]},"properties":{"zona":"ZONA RESIDENCIAL 1","sigla":"R1","categoria":"Residencial","observaciones":null}},{"type":"Feature","geometry":{"type":"MultiPolygon","coordinates":[[[[-58.73343,-38.577008],[-58.733367,-38.576955],[-58.733268,-38.576877],[-58.733371,-38.576799],[-58.733144,-38.576619],[-58.732984,-38.576489],[-58.73282,-38.576359],[-58.732654,-38.576487],[-58.732498,-38.576357],[-58.732437,-38.576178],[-58.732197,-38.575986],[-58.732361,-38.575856],[-58.732279,-38.575794],[-58.732364,-38.57573],[-58.732204,-38.5756],[-58.73212,-38.575665],[-58.732044,-38.575602],[-58.731961,-38.575661],[-58.73188,-38.575724],[-58.731637,-38.575529],[-58.731442,-38.575502],[-58.731161,-38.575283],[-58.731426,-38.575072],[-58.731337,-38.575001],[-58.731291,-38.574964],[-58.731158,-38.574863],[-58.731031,-38.574967],[-58.730951,-38.574904],[-58.730888,-38.574956],[-58.73068,-38.5748],[-58.730546,-38.574664],[-58.730311,-38.574471],[-58.730474,-38.57435],[-58.730315,-38.574221],[-58.730154,-38.574093],[-58.72997,-38.574225],[-58.729809,-38.574099],[-58.729667,-38.574209],[-58.729882,-38.574615],[-58.729779,-38.574614],[-58.729782,-38.574705],[-58.729781,-38.574795],[-58.729896,-38.574795],[-58.729895,-38.574975],[-58.730124,-38.574976],[-58.730123,-38.575067],[-58.730164,-38.575067],[-58.730154,-38.576336],[-58.729884,-38.576335],[-58.729883,-38.576515],[-58.730094,-38.576516],[-58.729739,-38.576983],[-58.729917,-38.577125],[-58.729836,-38.577188],[-58.730013,-38.577329],[-58.72985,-38.577454],[-58.729672,-38.577313],[-58.729589,-38.577374],[-58.729531,-38.577328],[-58.729418,-38.57751],[-58.729713,-38.577928],[-58.729537,-38.578222],[-58.729396,-38.57817],[-58.729158,-38.578564],[-58.729437,-38.578666],[-58.729317,-38.578862],[-58.729596,-38.578966],[-58.729814,-38.579006],[-58.72994,-38.579056],[-58.730164,-38.579144],[-58.730266,-38.578984],[-58.730367,-38.579022],[-58.730421,-38.578935],[-58.730631,-38.579013],[-58.730577,-38.579099],[-58.730676,-38.579136],[-58.730629,-38.579211],[-58.730734,-38.579251],[-58.730685,-38.579332],[-58.730919,-38.579423],[-58.731011,-38.579457],[-58.731698,-38.578334],[-58.73343,-38.577008]]]]},"properties":{"zona":"ZONA RESIDENCIAL 2","sigla":"R2","categoria":"Residencial","observaciones":null}},{"type":"Feature","geometry":{"type":"MultiPolygon","coordinates":[[[[-58.721036,-38.57462],[-58.721191,-38.574683],[-58.719845,-38.576924],[-58.722332,-38.57778],[-58.723102,-38.576487],[-58.723204,-38.576523],[-58.723334,-38.57657],[-58.723436,-38.576608],[-58.723542,-38.576648],[-58.723651,-38.576689],[-58.723745,-38.576725],[-58.723886,-38.576777],[-58.724015,-38.576816],[-58.724693,-38.577078],[-58.72488,-38.577156],[-58.72511,-38.577244],[-58.725218,-38.577281],[-58.725227,-38.577267],[-58.725335,-38.577309],[-58.725281,-38.577396],[-58.725515,-38.577486],[-58.725731,-38.577549],[-58.725908,-38.577615],[-58.725969,-38.577519],[-58.726206,-38.57761],[-58.726267,-38.577511],[-58.726407,-38.577565],[-58.726541,-38.577616],[-58.726479,-38.577717],[-58.726621,-38.577771],[-58.726556,-38.577871],[-58.726838,-38.577977],[-58.727055,-38.578009],[-58.72734,-38.578115],[-58.727399,-38.578018],[-58.727541,-38.57807],[-58.727598,-38.577975],[-58.727736,-38.578029],[-58.727782,-38.577954],[-58.727796,-38.577931],[-58.727856,-38.577832],[-58.727708,-38.577777],[-58.727766,-38.577686],[-58.72783,-38.577586],[-58.727973,-38.57764],[-58.728123,-38.577697],[-58.728178,-38.577602],[-58.728309,-38.577652],[-58.728369,-38.577552],[-58.728429,-38.577453],[-58.72863,-38.577251],[-58.728697,-38.577144],[-58.728755,-38.577048],[-58.728653,-38.577009],[-58.728694,-38.576971],[-58.728757,-38.576921],[-58.728911,-38.5768],[-58.728612,-38.57636],[-58.728811,-38.576362],[-58.728815,-38.576183],[-58.728902,-38.576185],[-58.728904,-38.576092],[-58.728566,-38.576086],[-58.728586,-38.575212],[-58.728615,-38.575189],[-58.72885,-38.575191],[-58.728863,-38.574743],[-58.729028,-38.574744],[-58.729031,-38.57466],[-58.728912,-38.574655],[-58.729092,-38.574213],[-58.729013,-38.57415],[-58.729192,-38.574009],[-58.728867,-38.573508],[-58.728966,-38.573508],[-58.728966,-38.573344],[-58.728884,-38.573343],[-58.728828,-38.573342],[-58.728831,-38.573218],[-58.728855,-38.573217],[-58.728863,-38.573113],[-58.728466,-38.573101],[-58.728469,-38.572893],[-58.728865,-38.572898],[-58.728868,-38.57279],[-58.728696,-38.57279],[-58.7287,-38.57268],[-58.728472,-38.572679],[-58.728476,-38.572574],[-58.728761,-38.57258],[-58.728759,-38.572473],[-58.728822,-38.572475],[-58.728824,-38.572361],[-58.728829,-38.572252],[-58.728883,-38.572256],[-58.728881,-38.572151],[-58.728883,-38.572045],[-58.728824,-38.572043],[-58.72883,-38.571966],[-58.728889,-38.571967],[-58.728892,-38.571877],[-58.728955,-38.571877],[-58.728958,-38.571789],[-58.729004,-38.571788],[-58.729012,-38.571701],[-58.728839,-38.571695],[-58.728766,-38.571636],[-58.725606,-38.574048],[-58.725426,-38.573905],[-58.725354,-38.57396],[-58.725152,-38.574118],[-58.725059,-38.574045],[-58.724978,-38.574108],[-58.724898,-38.574046],[-58.72457,-38.5743],[-58.724652,-38.574365],[-58.724447,-38.574523],[-58.724343,-38.574611],[-58.724137,-38.574774],[-58.724056,-38.574711],[-58.723973,-38.574776],[-58.72381,-38.57465],[-58.723647,-38.574777],[-58.723084,-38.574858],[-58.723031,-38.574947],[-58.722858,-38.574817],[-58.722497,-38.574836],[-58.722312,-38.574698],[-58.721842,-38.574407],[-58.721701,-38.574427],[-58.721557,-38.574311],[-58.721467,-38.574239],[-58.721036,-38.57462]]]]},"properties":{"zona":"ZONA RESIDENCIAL 2","sigla":"R2","categoria":"Residencial","observaciones":null}},{"type":"Feature","geometry":{"type":"MultiPolygon","coordinates":[[[[-58.694694,-38.574233],[-58.695013,-38.574267],[-58.695444,-38.574312],[-58.695723,-38.573485],[-58.695796,-38.573297],[-58.695663,-38.573271],[-58.695761,-38.573021],[-58.695828,-38.572912],[-58.696144,-38.572037],[-58.696144,-38.571909],[-58.696209,-38.571731],[-58.696348,-38.571762],[-58.696378,-38.571678],[-58.696484,-38.571701],[-58.696517,-38.57161],[-58.696656,-38.571641],[-58.696684,-38.571557],[-58.696962,-38.571619],[-58.697117,-38.571187],[-58.69743,-38.571104],[-58.697522,-38.57085],[-58.69775,-38.570952],[-58.697944,-38.570804],[-58.698147,-38.570694],[-58.698965,-38.570061],[-58.698948,-38.569869],[-58.699102,-38.569753],[-58.699182,-38.569815],[-58.69927,-38.569748],[-58.699353,-38.569812],[-58.699673,-38.569564],[-58.69959,-38.569499],[-58.699667,-38.569438],[-58.699578,-38.56937],[-58.699745,-38.569242],[-58.699886,-38.569148],[-58.700215,-38.568894],[-58.700455,-38.569087],[-58.70062,-38.568959],[-58.70038,-38.568765],[-58.700708,-38.568513],[-58.701017,-38.568535],[-58.701431,-38.568223],[-58.701351,-38.568158],[-58.70176,-38.567842],[-58.701804,-38.567636],[-58.701918,-38.567551],[-58.70181,-38.567464],[-58.702154,-38.566956],[-58.701749,-38.566633],[-58.701546,-38.566791],[-58.701464,-38.566728],[-58.70126,-38.566888],[-58.701668,-38.567205],[-58.701464,-38.567366],[-58.701176,-38.567357],[-58.700354,-38.567974],[-58.70024,-38.568126],[-58.699909,-38.568375],[-58.699753,-38.568244],[-58.699674,-38.568178],[-58.699502,-38.568306],[-58.699738,-38.568503],[-58.699395,-38.568759],[-58.699284,-38.568878],[-58.699116,-38.569003],[-58.699035,-38.568939],[-58.698963,-38.568994],[-58.698882,-38.568929],[-58.698551,-38.569181],[-58.69863,-38.569245],[-58.698551,-38.569304],[-58.698633,-38.569368],[-58.698461,-38.569497],[-58.697252,-38.570262],[-58.696918,-38.570516],[-58.696721,-38.570781],[-58.696408,-38.570708],[-58.696205,-38.570731],[-58.695958,-38.570672],[-58.695924,-38.570758],[-58.695995,-38.57093],[-58.69593,-38.5711],[-58.695822,-38.571073],[-58.695787,-38.571166],[-58.695678,-38.571141],[-58.695646,-38.571225],[-58.695503,-38.571191],[-58.69543,-38.571366],[-58.695577,-38.571401],[-58.695544,-38.571482],[-58.695654,-38.571508],[-58.69562,-38.571594],[-58.695735,-38.571621],[-58.695662,-38.571792],[-58.695619,-38.571962],[-58.695584,-38.572052],[-58.695488,-38.57203],[-58.695427,-38.572189],[-58.695175,-38.572129],[-58.695038,-38.572476],[-58.695408,-38.572564],[-58.695305,-38.57283],[-58.695239,-38.572958],[-58.695175,-38.573135],[-58.695063,-38.573109],[-58.695026,-38.573213],[-58.694918,-38.573189],[-58.694881,-38.573291],[-58.694769,-38.573265],[-58.69473,-38.573369],[-58.694841,-38.573395],[-58.694802,-38.5735],[-58.694911,-38.573525],[-58.694873,-38.573628],[-58.694983,-38.573652],[-58.694921,-38.573824],[-58.694803,-38.573943],[-58.694724,-38.574147],[-58.694694,-38.574233]]]]},"properties":{"zona":"ZONA COMERCIAL 4","sigla":"C4","categoria":"Comercial y administrativa","observaciones":null}},{"type":"Feature","geometry":{"type":"MultiPolygon","coordinates":[[[[-58.724974,-38.552006],[-58.725653,-38.551494],[-58.725145,-38.550762],[-58.724944,-38.550365],[-58.724991,-38.550327],[-58.724577,-38.550009],[-58.724532,-38.549836],[-58.724337,-38.549672],[-58.724426,-38.549607],[-58.724187,-38.549408],[-58.724221,-38.549383],[-58.723987,-38.54919],[-58.724174,-38.549049],[-58.72408,-38.548973],[-58.72378,-38.548936],[-58.723606,-38.548793],[-58.72374,-38.548691],[-58.723126,-38.54806],[-58.723272,-38.547839],[-58.723114,-38.547714],[-58.723197,-38.547655],[-58.723113,-38.547586],[-58.723199,-38.547522],[-58.723121,-38.547456],[-58.723196,-38.5474],[-58.723038,-38.547268],[-58.722955,-38.54733],[-58.722881,-38.547265],[-58.722797,-38.547328],[-58.722715,-38.54726],[-58.722633,-38.547321],[-58.722469,-38.547189],[-58.722466,-38.547001],[-58.72231,-38.546872],[-58.722416,-38.546824],[-58.722337,-38.546758],[-58.722439,-38.546712],[-58.722235,-38.546547],[-58.721838,-38.546227],[-58.721677,-38.546118],[-58.721508,-38.545984],[-58.721613,-38.545939],[-58.721531,-38.545873],[-58.72163,-38.545831],[-58.721596,-38.545793],[-58.72156,-38.545757],[-58.721531,-38.545724],[-58.721495,-38.545686],[-58.721426,-38.545611],[-58.72139,-38.54557],[-58.721357,-38.545537],[-58.721325,-38.545502],[-58.721288,-38.545461],[-58.721254,-38.54543],[-58.721212,-38.545399],[-58.721177,-38.545369],[-58.721098,-38.545305],[-58.721,-38.545161],[-58.720757,-38.544966],[-58.720881,-38.544869],[-58.720394,-38.54421],[-58.720677,-38.543802],[-58.720032,-38.543287],[-58.719864,-38.543411],[-58.719706,-38.54328],[-58.719573,-38.543147],[-58.719335,-38.542956],[-58.719419,-38.542894],[-58.719335,-38.542827],[-58.719495,-38.542708],[-58.719325,-38.542571],[-58.719166,-38.542691],[-58.719087,-38.542627],[-58.719003,-38.54269],[-58.718928,-38.54263],[-58.718767,-38.5425],[-58.718626,-38.542397],[-58.718389,-38.542206],[-58.718472,-38.542144],[-58.718389,-38.542077],[-58.718548,-38.541957],[-58.718378,-38.541821],[-58.718219,-38.541941],[-58.71814,-38.541877],[-58.718056,-38.54194],[-58.71782,-38.541751],[-58.717817,-38.541552],[-58.717574,-38.541361],[-58.717698,-38.541265],[-58.717576,-38.541169],[-58.717697,-38.541075],[-58.717986,-38.540853],[-58.717862,-38.540755],[-58.717577,-38.540975],[-58.717251,-38.54072],[-58.716936,-38.54083],[-58.716118,-38.540177],[-58.715765,-38.540084],[-58.715039,-38.539484],[-58.714974,-38.539328],[-58.714773,-38.539167],[-58.714859,-38.539101],[-58.714699,-38.538973],[-58.714781,-38.538911],[-58.714618,-38.538781],[-58.714535,-38.538843],[-58.714244,-38.538612],[-58.713812,-38.53854],[-58.713653,-38.538409],[-58.713735,-38.538348],[-58.713657,-38.538283],[-58.713735,-38.538226],[-58.713661,-38.538165],[-58.71374,-38.538107],[-58.713665,-38.538044],[-58.713585,-38.538103],[-58.713511,-38.538041],[-58.713433,-38.538098],[-58.713356,-38.538034],[-58.713276,-38.538093],[-58.713115,-38.53796],[-58.712856,-38.537897],[-58.712733,-38.537792],[-58.712821,-38.537726],[-58.712745,-38.537663],[-58.71291,-38.537539],[-58.712753,-38.537409],[-58.712596,-38.537526],[-58.712231,-38.537233],[-58.711837,-38.537094],[-58.711736,-38.537014],[-58.711763,-38.53699],[-58.711709,-38.536948],[-58.711797,-38.536878],[-58.711528,-38.53666],[-58.71116,-38.536358],[-58.710907,-38.536342],[-58.710818,-38.53627],[-58.710932,-38.536181],[-58.710589,-38.535906],[-58.710735,-38.535795],[-58.71059,-38.535677],[-58.710448,-38.535792],[-58.710214,-38.535603],[-58.710071,-38.5355],[-58.709905,-38.535368],[-58.709988,-38.535305],[-58.709907,-38.53524],[-58.70999,-38.535177],[-58.709909,-38.535113],[-58.709993,-38.535053],[-58.709829,-38.534917],[-58.709747,-38.534981],[-58.709667,-38.534917],[-58.709582,-38.534979],[-58.709504,-38.534917],[-58.70942,-38.534978],[-58.709257,-38.534849],[-58.709059,-38.534645],[-58.708829,-38.534459],[-58.708939,-38.534376],[-58.708731,-38.534209],[-58.70862,-38.534295],[-58.708256,-38.534],[-58.708107,-38.533897],[-58.707673,-38.533548],[-58.707298,-38.533245],[-58.707051,-38.533214],[-58.706859,-38.533058],[-58.707002,-38.532949],[-58.70708,-38.532894],[-58.707225,-38.532784],[-58.707154,-38.532728],[-58.706946,-38.532559],[-58.706807,-38.532443],[-58.706513,-38.532666],[-58.706321,-38.532513],[-58.706203,-38.532384],[-58.706018,-38.532232],[-58.706097,-38.532173],[-58.705937,-38.532043],[-58.706015,-38.53198],[-58.705939,-38.531919],[-58.705807,-38.532017],[-58.705535,-38.5318],[-58.70546,-38.531858],[-58.705374,-38.531787],[-58.705376,-38.531585],[-58.705008,-38.531293],[-58.70457,-38.530945],[-58.704399,-38.530795],[-58.704026,-38.530501],[-58.703582,-38.530151],[-58.703517,-38.530098],[-58.69522,-38.536343],[-58.695596,-38.536644],[-58.696643,-38.535856],[-58.696713,-38.535801],[-58.696798,-38.535734],[-58.696881,-38.5358],[-58.696964,-38.535736],[-58.697045,-38.535802],[-58.697213,-38.535674],[-58.697178,-38.535646],[-58.697247,-38.535593],[-58.697259,-38.535584],[-58.697317,-38.535539],[-58.69734,-38.535521],[-58.697258,-38.535453],[-58.6975,-38.535263],[-58.697656,-38.535023],[-58.698103,-38.534682],[-58.698474,-38.5344],[-58.69864,-38.534317],[-58.698852,-38.534158],[-58.699477,-38.533687],[-58.699539,-38.533557],[-58.699708,-38.533431],[-58.699928,-38.53326],[-58.700005,-38.533205],[-58.700075,-38.533149],[-58.70022,-38.53304],[-58.700388,-38.532913],[-58.700525,-38.532781],[-58.700727,-38.532628],[-58.700934,-38.532792],[-58.701357,-38.532472],[-58.701083,-38.532248],[-58.701282,-38.5321],[-58.701494,-38.53206],[-58.701953,-38.531717],[-58.702024,-38.531664],[-58.702096,-38.531607],[-58.70233,-38.531434],[-58.702357,-38.531258],[-58.702555,-38.53111],[-58.702627,-38.531167],[-58.702698,-38.531225],[-58.702768,-38.531282],[-58.702841,-38.531337],[-58.702913,-38.531281],[-58.702987,-38.531226],[-58.703057,-38.531173],[-58.703129,-38.531119],[-58.7032,-38.531066],[-58.703274,-38.53101],[-58.703343,-38.531065],[-58.703409,-38.53112],[-58.70348,-38.531176],[-58.703711,-38.531361],[-58.703948,-38.53136],[-58.704111,-38.531492],[-58.704031,-38.531554],[-58.704107,-38.531617],[-58.70403,-38.531677],[-58.704112,-38.531744],[-58.704024,-38.531809],[-58.704184,-38.531937],[-58.70427,-38.531872],[-58.704352,-38.531936],[-58.704432,-38.531877],[-58.70451,-38.53194],[-58.704591,-38.531878],[-58.704759,-38.532011],[-58.704893,-38.53213],[-58.705055,-38.532262],[-58.704974,-38.532324],[-58.705051,-38.532386],[-58.704972,-38.532448],[-58.705053,-38.532514],[-58.704968,-38.532579],[-58.705127,-38.532707],[-58.705211,-38.532641],[-58.705295,-38.532707],[-58.705373,-38.532645],[-58.705621,-38.532844],[-58.705729,-38.532982],[-58.706097,-38.533276],[-58.706539,-38.533629],[-58.706607,-38.53377],[-58.706982,-38.534073],[-58.707408,-38.534418],[-58.707487,-38.534583],[-58.707808,-38.534839],[-58.707975,-38.534971],[-58.708053,-38.534912],[-58.708131,-38.534972],[-58.708213,-38.53491],[-58.708299,-38.534979],[-58.708386,-38.534912],[-58.708543,-38.535043],[-58.708669,-38.535154],[-58.708863,-38.535311],[-58.708705,-38.535433],[-58.708787,-38.535499],[-58.708621,-38.535625],[-58.709253,-38.536131],[-58.70961,-38.536054],[-58.709771,-38.536184],[-58.70969,-38.536245],[-58.70977,-38.536309],[-58.709686,-38.536373],[-58.709767,-38.536438],[-58.709688,-38.536497],[-58.70985,-38.536627],[-58.709931,-38.536566],[-58.710012,-38.536631],[-58.710095,-38.536569],[-58.710178,-38.536635],[-58.710259,-38.536573],[-58.710418,-38.536698],[-58.710548,-38.536821],[-58.71071,-38.536952],[-58.710628,-38.537013],[-58.710709,-38.537077],[-58.710625,-38.53714],[-58.710706,-38.537205],[-58.710626,-38.537265],[-58.710789,-38.537395],[-58.71087,-38.537334],[-58.710951,-38.537399],[-58.711034,-38.537336],[-58.711117,-38.537403],[-58.711198,-38.537341],[-58.711357,-38.537466],[-58.711483,-38.537576],[-58.711652,-38.53771],[-58.711573,-38.53777],[-58.711652,-38.537833],[-58.711568,-38.537896],[-58.711652,-38.537963],[-58.711565,-38.538028],[-58.711725,-38.538157],[-58.711811,-38.538092],[-58.711889,-38.538157],[-58.711973,-38.538093],[-58.712058,-38.538162],[-58.712135,-38.538104],[-58.71229,-38.538231],[-58.712432,-38.538335],[-58.712598,-38.538467],[-58.712521,-38.538526],[-58.712598,-38.538588],[-58.712516,-38.53865],[-58.712599,-38.538716],[-58.712513,-38.538781],[-58.71267,-38.538908],[-58.712756,-38.538844],[-58.712833,-38.538908],[-58.712916,-38.538844],[-58.712999,-38.538913],[-58.713075,-38.538855],[-58.713228,-38.538981],[-58.713572,-38.539107],[-58.713652,-38.539175],[-58.713573,-38.539234],[-58.713648,-38.539296],[-58.713559,-38.539364],[-58.71372,-38.539493],[-58.713631,-38.539561],[-58.713712,-38.539625],[-58.713645,-38.539678],[-58.713807,-38.539807],[-58.71389,-38.539746],[-58.713968,-38.539812],[-58.714138,-38.539687],[-58.714298,-38.539815],[-58.714188,-38.540126],[-58.714584,-38.540448],[-58.714988,-38.540768],[-58.71496,-38.541016],[-58.715173,-38.541191],[-58.715343,-38.54119],[-58.715435,-38.541265],[-58.715514,-38.541206],[-58.715594,-38.541272],[-58.715679,-38.541208],[-58.715755,-38.541271],[-58.715836,-38.541211],[-58.715913,-38.541275],[-58.715996,-38.541214],[-58.716154,-38.541344],[-58.716364,-38.541394],[-58.716525,-38.541523],[-58.71636,-38.541648],[-58.716443,-38.541715],[-58.716363,-38.541774],[-58.716439,-38.541835],[-58.716357,-38.541898],[-58.716516,-38.542025],[-58.716599,-38.541962],[-58.716681,-38.542028],[-58.716759,-38.541969],[-58.716841,-38.542036],[-58.716919,-38.541976],[-58.717072,-38.542102],[-58.717158,-38.542254],[-58.717401,-38.542446],[-58.71732,-38.542509],[-58.717401,-38.542573],[-58.71732,-38.542637],[-58.717482,-38.542764],[-58.717563,-38.542701],[-58.717644,-38.542764],[-58.717725,-38.542701],[-58.717968,-38.542892],[-58.718092,-38.543015],[-58.718338,-38.54321],[-58.718255,-38.543273],[-58.718334,-38.543336],[-58.718249,-38.543401],[-58.718408,-38.54353],[-58.718494,-38.543465],[-58.718574,-38.543529],[-58.718655,-38.543466],[-58.718905,-38.543663],[-58.719037,-38.543791],[-58.719275,-38.543982],[-58.719197,-38.544042],[-58.719275,-38.544106],[-58.719115,-38.544225],[-58.719272,-38.544353],[-58.719352,-38.544291],[-58.719433,-38.54423],[-58.719514,-38.544293],[-58.719589,-38.544355],[-58.71976,-38.544494],[-58.719879,-38.544753],[-58.719998,-38.544853],[-58.719795,-38.544949],[-58.719875,-38.545015],[-58.7205,-38.545535],[-58.720323,-38.545822],[-58.720923,-38.54645],[-58.720841,-38.546513],[-58.721001,-38.546642],[-58.721017,-38.546868],[-58.721252,-38.547058],[-58.721174,-38.547118],[-58.721491,-38.547376],[-58.72157,-38.547315],[-58.721805,-38.547504],[-58.721838,-38.5477],[-58.722083,-38.547901],[-58.721917,-38.548024],[-58.722315,-38.548347],[-58.722403,-38.548282],[-58.722556,-38.548409],[-58.722515,-38.548661],[-58.722902,-38.548977],[-58.722835,-38.549026],[-58.722971,-38.549138],[-58.723104,-38.549248],[-58.723245,-38.549362],[-58.72333,-38.549515],[-58.723505,-38.549655],[-58.723422,-38.549719],[-58.723348,-38.549777],[-58.724009,-38.550311],[-58.723936,-38.550515],[-58.724255,-38.55078],[-58.724175,-38.55084],[-58.724252,-38.550904],[-58.724443,-38.55106],[-58.724974,-38.552006]]]]},"properties":{"zona":"ZONA COMERCIAL 2 ESPECIAL","sigla":"C2e","categoria":"Comercial y administrativa","observaciones":null}},{"type":"Feature","geometry":{"type":"MultiPolygon","coordinates":[[[[-58.688621,-38.573255],[-58.688625,-38.573245],[-58.688616,-38.573243],[-58.688621,-38.573255]]],[[[-58.689537,-38.573545],[-58.689609,-38.573372],[-58.689859,-38.57343],[-58.689959,-38.573169],[-58.68985,-38.573145],[-58.689884,-38.573053],[-58.68978,-38.573027],[-58.689846,-38.572856],[-58.68973,-38.572668],[-58.689827,-38.572413],[-58.690189,-38.572496],[-58.690316,-38.572154],[-58.68995,-38.57207],[-58.690051,-38.571802],[-58.690175,-38.571687],[-58.690241,-38.571518],[-58.690351,-38.571543],[-58.690384,-38.571458],[-58.690496,-38.571483],[-58.690526,-38.5714],[-58.690635,-38.571427],[-58.690701,-38.571249],[-58.690595,-38.571223],[-58.690624,-38.571142],[-58.690513,-38.571115],[-58.690546,-38.57103],[-58.690438,-38.571007],[-58.690503,-38.570826],[-58.690528,-38.570657],[-58.690578,-38.570524],[-58.690743,-38.570562],[-58.69082,-38.57035],[-58.690932,-38.570376],[-58.690994,-38.570203],[-58.690885,-38.570177],[-58.690964,-38.569963],[-58.690798,-38.569925],[-58.690845,-38.569793],[-58.691034,-38.569673],[-58.691127,-38.569399],[-58.691278,-38.569432],[-58.691419,-38.569034],[-58.691141,-38.568973],[-58.691213,-38.568769],[-58.691242,-38.568622],[-58.691307,-38.568451],[-58.691406,-38.568474],[-58.691439,-38.568388],[-58.691543,-38.56841],[-58.69167,-38.568066],[-58.691569,-38.568043],[-58.691598,-38.567959],[-58.691496,-38.567937],[-58.691564,-38.567756],[-58.691639,-38.567655],[-58.692156,-38.566202],[-58.692339,-38.566065],[-58.692504,-38.56594],[-58.692584,-38.566005],[-58.692667,-38.565943],[-58.692746,-38.566008],[-58.692829,-38.565946],[-58.692908,-38.566011],[-58.693074,-38.565886],[-58.692994,-38.565821],[-58.693077,-38.565759],[-58.692998,-38.565694],[-58.693081,-38.565632],[-58.693001,-38.565567],[-58.693167,-38.565442],[-58.693312,-38.565322],[-58.693478,-38.565198],[-58.693557,-38.565263],[-58.69364,-38.5652],[-58.69372,-38.565265],[-58.693802,-38.565203],[-58.693882,-38.565268],[-58.694048,-38.565144],[-58.693968,-38.565079],[-58.694051,-38.565016],[-58.693972,-38.564951],[-58.694055,-38.564889],[-58.693975,-38.564824],[-58.694141,-38.564699],[-58.694307,-38.564653],[-58.69459,-38.564438],[-58.694711,-38.564535],[-58.695001,-38.564311],[-58.69488,-38.564213],[-58.695146,-38.564011],[-58.695364,-38.563974],[-58.696198,-38.563351],[-58.696234,-38.563091],[-58.697062,-38.562468],[-58.69712,-38.562424],[-58.697181,-38.562379],[-58.698061,-38.561714],[-58.698944,-38.561045],[-58.699095,-38.560905],[-58.699258,-38.560778],[-58.699339,-38.560842],[-58.69942,-38.560778],[-58.699501,-38.560842],[-58.699582,-38.560779],[-58.699663,-38.560843],[-58.699826,-38.560716],[-58.699745,-38.560652],[-58.699827,-38.560589],[-58.699746,-38.560525],[-58.699827,-38.560461],[-58.699746,-38.560397],[-58.699909,-38.56027],[-58.700043,-38.560229],[-58.700374,-38.559979],[-58.700573,-38.560142],[-58.700738,-38.560017],[-58.70054,-38.559855],[-58.700871,-38.559606],[-58.70099,-38.55942],[-58.7012,-38.559259],[-58.701276,-38.55932],[-58.701356,-38.559261],[-58.701437,-38.559328],[-58.701523,-38.559263],[-58.701602,-38.559329],[-58.701688,-38.559265],[-58.701607,-38.559198],[-58.701686,-38.559139],[-58.701606,-38.559072],[-58.701689,-38.55901],[-58.701608,-38.558945],[-58.701819,-38.558786],[-58.70196,-38.558663],[-58.702164,-38.558511],[-58.702304,-38.558512],[-58.703147,-38.557747],[-58.703841,-38.557231],[-58.704034,-38.557144],[-58.7042,-38.55702],[-58.704279,-38.557085],[-58.704362,-38.557022],[-58.704442,-38.557087],[-58.704607,-38.556963],[-58.704687,-38.557028],[-58.704769,-38.556965],[-58.704689,-38.5569],[-58.704772,-38.556837],[-58.704614,-38.556708],[-58.704697,-38.556646],[-58.704618,-38.556581],[-58.704783,-38.556456],[-58.705115,-38.556553],[-58.705937,-38.555922],[-58.706156,-38.555844],[-58.706584,-38.555524],[-58.706665,-38.555593],[-58.706876,-38.555436],[-58.707206,-38.555699],[-58.707383,-38.555568],[-58.707391,-38.555522],[-58.70707,-38.555071],[-58.707481,-38.554755],[-58.707444,-38.554726],[-58.707855,-38.554411],[-58.707925,-38.554234],[-58.708251,-38.553984],[-58.708452,-38.554146],[-58.708621,-38.554018],[-58.709021,-38.554344],[-58.70923,-38.554369],[-58.709476,-38.554571],[-58.709395,-38.554636],[-58.709467,-38.554699],[-58.709383,-38.554762],[-58.709463,-38.55483],[-58.709549,-38.554766],[-58.709631,-38.554833],[-58.709717,-38.554768],[-58.709791,-38.554831],[-58.709957,-38.554707],[-58.710194,-38.554903],[-58.710248,-38.555098],[-58.710405,-38.555224],[-58.710327,-38.555284],[-58.710404,-38.555349],[-58.710322,-38.555412],[-58.710404,-38.555477],[-58.710323,-38.555539],[-58.710482,-38.555668],[-58.710563,-38.555607],[-58.710646,-38.555673],[-58.710729,-38.555611],[-58.710811,-38.555677],[-58.710891,-38.555616],[-58.71105,-38.555747],[-58.711053,-38.555943],[-58.711845,-38.556594],[-58.712076,-38.556631],[-58.712399,-38.556886],[-58.712609,-38.55673],[-58.713245,-38.55683],[-58.713357,-38.556748],[-58.713262,-38.556675],[-58.713483,-38.556507],[-58.713278,-38.556347],[-58.712878,-38.556024],[-58.712499,-38.556102],[-58.71238,-38.556001],[-58.712462,-38.555941],[-58.712383,-38.555875],[-58.71255,-38.555748],[-58.712154,-38.555426],[-58.711988,-38.55555],[-58.711788,-38.555387],[-58.711637,-38.55528],[-58.711473,-38.555152],[-58.711553,-38.555089],[-58.71147,-38.555024],[-58.711554,-38.554961],[-58.711469,-38.554895],[-58.711551,-38.554832],[-58.711389,-38.554705],[-58.711306,-38.554768],[-58.711226,-38.554706],[-58.711142,-38.55477],[-58.711063,-38.554707],[-58.710982,-38.55477],[-58.710819,-38.554645],[-58.710754,-38.554478],[-58.709951,-38.553819],[-58.709637,-38.553793],[-58.70948,-38.553661],[-58.709724,-38.553479],[-58.709563,-38.553348],[-58.709647,-38.553285],[-58.709482,-38.55315],[-58.709607,-38.553057],[-58.709526,-38.552991],[-58.709607,-38.552931],[-58.70953,-38.552869],[-58.70973,-38.552713],[-58.710008,-38.552696],[-58.710214,-38.552537],[-58.710294,-38.552601],[-58.7107,-38.552291],[-58.71062,-38.552227],[-58.710828,-38.552067],[-58.710819,-38.551882],[-58.710975,-38.551757],[-58.711065,-38.551827],[-58.711231,-38.551696],[-58.711313,-38.551761],[-58.711481,-38.55163],[-58.711397,-38.551569],[-58.711562,-38.55144],[-58.711474,-38.551371],[-58.711636,-38.551244],[-58.711961,-38.55128],[-58.712784,-38.550648],[-58.712728,-38.550369],[-58.712892,-38.550244],[-58.712968,-38.550306],[-58.713051,-38.550243],[-58.71313,-38.550309],[-58.713212,-38.550248],[-58.713291,-38.550313],[-58.713788,-38.549941],[-58.713779,-38.549681],[-58.713948,-38.549556],[-58.714031,-38.549624],[-58.714117,-38.549562],[-58.714197,-38.549627],[-58.714279,-38.549566],[-58.714357,-38.549631],[-58.714524,-38.549505],[-58.714445,-38.54944],[-58.714528,-38.549377],[-58.714445,-38.549309],[-58.71453,-38.549245],[-58.714451,-38.549183],[-58.714615,-38.549064],[-58.714741,-38.548813],[-58.714943,-38.548661],[-58.715097,-38.548786],[-58.715186,-38.548719],[-58.71527,-38.548785],[-58.71535,-38.548723],[-58.715431,-38.548788],[-58.715523,-38.548718],[-58.715442,-38.548655],[-58.715525,-38.548591],[-58.71544,-38.548522],[-58.715517,-38.548463],[-58.71544,-38.548401],[-58.715639,-38.548242],[-58.71591,-38.548281],[-58.716733,-38.54765],[-58.716911,-38.547527],[-58.717721,-38.546889],[-58.717967,-38.546861],[-58.718761,-38.546227],[-58.718842,-38.546053],[-58.719664,-38.545422],[-58.719664,-38.545174],[-58.719875,-38.545015],[-58.719795,-38.544949],[-58.719998,-38.544853],[-58.719879,-38.544753],[-58.71976,-38.544494],[-58.719589,-38.544355],[-58.719514,-38.544293],[-58.719433,-38.54423],[-58.719352,-38.544291],[-58.719272,-38.544353],[-58.719191,-38.544417],[-58.719268,-38.544479],[-58.719038,-38.544655],[-58.718949,-38.544843],[-58.7187,-38.545034],[-58.718541,-38.544906],[-58.718461,-38.544967],[-58.71838,-38.544902],[-58.718214,-38.54503],[-58.718414,-38.545192],[-58.718087,-38.54544],[-58.717903,-38.545545],[-58.717649,-38.545735],[-58.71757,-38.545672],[-58.71749,-38.54573],[-58.717413,-38.545665],[-58.717244,-38.545791],[-58.71732,-38.545854],[-58.717231,-38.545921],[-58.717313,-38.545985],[-58.71723,-38.546045],[-58.717067,-38.546166],[-58.716855,-38.54621],[-58.71603,-38.546836],[-58.716005,-38.547044],[-58.71576,-38.547223],[-58.715682,-38.547162],[-58.715596,-38.547224],[-58.715519,-38.547163],[-58.715353,-38.547286],[-58.71543,-38.54735],[-58.715345,-38.547411],[-58.715426,-38.547474],[-58.715342,-38.547537],[-58.715172,-38.547663],[-58.715068,-38.547758],[-58.714823,-38.547939],[-58.714744,-38.547878],[-58.714658,-38.547941],[-58.714581,-38.54788],[-58.714415,-38.548005],[-58.714493,-38.548068],[-58.714409,-38.54813],[-58.71449,-38.548193],[-58.714237,-38.548383],[-58.713997,-38.548581],[-58.713668,-38.548832],[-58.713466,-38.548666],[-58.713304,-38.548792],[-58.713604,-38.549039],[-58.713275,-38.549288],[-58.713062,-38.549356],[-58.712812,-38.549543],[-58.712734,-38.54948],[-58.71265,-38.549543],[-58.712571,-38.549478],[-58.712408,-38.549601],[-58.712488,-38.549665],[-58.712406,-38.549726],[-58.712485,-38.549792],[-58.712233,-38.549981],[-58.712007,-38.550036],[-58.71168,-38.550288],[-58.711519,-38.550155],[-58.711431,-38.550221],[-58.711515,-38.550287],[-58.711347,-38.550414],[-58.711589,-38.550607],[-58.71135,-38.550793],[-58.71104,-38.550774],[-58.71077,-38.550973],[-58.710653,-38.550877],[-58.710508,-38.550986],[-58.710547,-38.551018],[-58.710407,-38.551121],[-58.710525,-38.551216],[-58.710254,-38.551425],[-58.709993,-38.551454],[-58.709169,-38.552081],[-58.709303,-38.552356],[-58.709147,-38.55248],[-58.709064,-38.552415],[-58.708982,-38.552478],[-58.708904,-38.552416],[-58.70882,-38.552481],[-58.708736,-38.552415],[-58.708571,-38.552543],[-58.708654,-38.552609],[-58.708577,-38.552668],[-58.708655,-38.552731],[-58.708571,-38.552795],[-58.708651,-38.552858],[-58.708486,-38.552989],[-58.708157,-38.55311],[-58.707997,-38.553236],[-58.707916,-38.553169],[-58.707835,-38.55323],[-58.707753,-38.553163],[-58.707673,-38.553222],[-58.707597,-38.55316],[-58.707426,-38.553287],[-58.707628,-38.55345],[-58.707296,-38.553698],[-58.707102,-38.553808],[-58.70678,-38.554057],[-58.706577,-38.553896],[-58.706416,-38.554017],[-58.706621,-38.554179],[-58.706293,-38.554427],[-58.70616,-38.554536],[-58.705839,-38.554785],[-58.705635,-38.554623],[-58.705475,-38.554745],[-58.705679,-38.554906],[-58.705352,-38.555155],[-58.705206,-38.555325],[-58.704925,-38.555538],[-58.704793,-38.555431],[-58.704546,-38.555618],[-58.704667,-38.55572],[-58.704372,-38.555943],[-58.704261,-38.556029],[-58.70298,-38.55704],[-58.702053,-38.557854],[-58.701864,-38.557998],[-58.701672,-38.557843],[-58.701475,-38.557994],[-58.701666,-38.558149],[-58.701477,-38.558293],[-58.701332,-38.558403],[-58.701126,-38.55856],[-58.700935,-38.558405],[-58.70077,-38.55853],[-58.700674,-38.558453],[-58.700592,-38.558516],[-58.700688,-38.558593],[-58.700523,-38.558718],[-58.700715,-38.558873],[-58.700509,-38.55903],[-58.700366,-38.55917],[-58.700122,-38.55936],[-58.699964,-38.559232],[-58.699886,-38.559294],[-58.699803,-38.559228],[-58.699636,-38.559359],[-58.699715,-38.559423],[-58.699634,-38.559487],[-58.699795,-38.559614],[-58.699552,-38.559802],[-58.699317,-38.559823],[-58.695598,-38.562585],[-58.695403,-38.562738],[-58.695073,-38.562987],[-58.694871,-38.562821],[-58.694703,-38.562946],[-58.694899,-38.563108],[-58.694569,-38.563349],[-58.69443,-38.563496],[-58.694168,-38.563694],[-58.694047,-38.563595],[-58.693761,-38.56381],[-58.693884,-38.56391],[-58.693602,-38.564121],[-58.693348,-38.564045],[-58.692683,-38.56455],[-58.692933,-38.564746],[-58.692759,-38.564876],[-58.692595,-38.565019],[-58.69244,-38.565129],[-58.692367,-38.565068],[-58.692283,-38.565131],[-58.692199,-38.565062],[-58.692113,-38.565126],[-58.692035,-38.565061],[-58.691865,-38.565187],[-58.691943,-38.565251],[-58.691867,-38.565306],[-58.691949,-38.565376],[-58.691869,-38.565436],[-58.691945,-38.5655],[-58.69177,-38.565628],[-58.691656,-38.565714],[-58.69134,-38.56648],[-58.691298,-38.566562],[-58.691174,-38.566895],[-58.6909,-38.566834],[-58.690836,-38.567007],[-58.691109,-38.56707],[-58.690981,-38.567412],[-58.690915,-38.567584],[-58.690602,-38.56846],[-58.690552,-38.56865],[-58.690487,-38.568824],[-58.690376,-38.568799],[-58.690345,-38.568886],[-58.690235,-38.568862],[-58.690203,-38.568948],[-58.690094,-38.568925],[-58.690032,-38.569094],[-58.690137,-38.569118],[-58.690105,-38.569201],[-58.690217,-38.569226],[-58.690185,-38.569316],[-58.690294,-38.569339],[-58.690229,-38.569514],[-58.690057,-38.569633],[-58.689931,-38.569972],[-58.689815,-38.569946],[-58.689751,-38.570114],[-58.689867,-38.570139],[-58.689734,-38.570491],[-58.68987,-38.570687],[-58.6898,-38.570868],[-58.689701,-38.570846],[-58.689669,-38.570933],[-58.689456,-38.570885],[-58.689326,-38.571223],[-58.689536,-38.571273],[-58.689504,-38.571355],[-58.689603,-38.571379],[-58.689537,-38.571549],[-58.689535,-38.57172],[-58.689439,-38.571979],[-58.689217,-38.571926],[-58.689183,-38.572014],[-58.689073,-38.571988],[-58.689006,-38.572163],[-58.689116,-38.572188],[-58.689084,-38.572273],[-58.689307,-38.572323],[-58.689203,-38.572582],[-58.689176,-38.572717],[-58.689083,-38.572979],[-58.688743,-38.572908],[-58.688625,-38.573245],[-58.688965,-38.573321],[-58.689058,-38.573339],[-58.689307,-38.573494],[-58.689537,-38.573545]]]]},"properties":{"zona":"ZONA COMERCIAL 4","sigla":"C4","categoria":"Comercial y administrativa","observaciones":null}},{"type":"Feature","geometry":{"type":"MultiPolygon","coordinates":[[[[-58.641386,-38.546349],[-58.64555,-38.547807],[-58.651925,-38.550174],[-58.661084,-38.553396],[-58.664725,-38.550634],[-58.670409,-38.555269],[-58.668957,-38.556346],[-58.677957,-38.559447],[-58.679898,-38.560115],[-58.68127,-38.56059],[-58.689049,-38.563509],[-58.689018,-38.563569],[-58.69095,-38.565131],[-58.697748,-38.559951],[-58.700774,-38.557689],[-58.698877,-38.55615],[-58.696981,-38.554598],[-58.696918,-38.554646],[-58.693102,-38.551562],[-58.693006,-38.551555],[-58.692212,-38.550905],[-58.687274,-38.547016],[-58.684309,-38.544621],[-58.683352,-38.545308],[-58.677738,-38.540701],[-58.670026,-38.534308],[-58.668021,-38.532698],[-58.663917,-38.529275],[-58.663868,-38.529232],[-58.64897,-38.540506],[-58.641386,-38.546349]],[[-58.68062,-38.547546],[-58.681627,-38.548361],[-58.681527,-38.548435],[-58.680546,-38.549173],[-58.679534,-38.548351],[-58.68062,-38.547546]]]]},"properties":{"zona":"AREA COMPLEMENTARIA CO1","sigla":"ACCo1","categoria":"Complementaria, semiurbanizada y de reserva","observaciones":null}},{"type":"Feature","geometry":{"type":"MultiPolygon","coordinates":[[[[-58.668957,-38.556346],[-58.670409,-38.555269],[-58.664725,-38.550634],[-58.661084,-38.553396],[-58.661246,-38.553556],[-58.664604,-38.554749],[-58.663232,-38.555903],[-58.660841,-38.55503],[-58.658985,-38.556446],[-58.6602,-38.556949],[-58.659469,-38.559007],[-58.66197,-38.559942],[-58.665133,-38.557549],[-58.666651,-38.557893],[-58.666873,-38.557917],[-58.668957,-38.556346]]]]},"properties":{"zona":"USO ESPECIFICO 16 (GOLF CLUB)","sigla":"UE 16","categoria":"Equipamiento y usos específicos","observaciones":null}},{"type":"Feature","geometry":{"type":"MultiPolygon","coordinates":[[[[-58.679898,-38.560115],[-58.677957,-38.559447],[-58.677803,-38.559597],[-58.67656,-38.560519],[-58.677902,-38.560917],[-58.677765,-38.561001],[-58.678399,-38.561302],[-58.679743,-38.560245],[-58.679898,-38.560115]]]]},"properties":{"zona":"USO ESPECIFICO 15 (AUTOCAMPING)","sigla":"UE 15","categoria":"Equipamiento y usos específicos","observaciones":null}},{"type":"Feature","geometry":{"type":"MultiPolygon","coordinates":[[[[-58.69522,-38.536343],[-58.686333,-38.542991],[-58.691166,-38.546925],[-58.696897,-38.551562],[-58.698864,-38.553133],[-58.700797,-38.55463],[-58.702704,-38.556167],[-58.709515,-38.550953],[-58.715405,-38.546425],[-58.713532,-38.544916],[-58.715467,-38.543465],[-58.711632,-38.540422],[-58.709707,-38.541869],[-58.707788,-38.540293],[-58.709709,-38.538816],[-58.705863,-38.53571],[-58.699963,-38.540208],[-58.695596,-38.536644],[-58.69522,-38.536343]]]]},"properties":{"zona":"AREA COMPLEMENTARIA CO1","sigla":"ACCo1","categoria":"Complementaria, semiurbanizada y de reserva","observaciones":null}},{"type":"Feature","geometry":{"type":"MultiPolygon","coordinates":[[[[-58.735246,-38.556808],[-58.735661,-38.556488],[-58.735786,-38.556378],[-58.736193,-38.556059],[-58.736402,-38.555899],[-58.736503,-38.555977],[-58.736597,-38.555903],[-58.736699,-38.555984],[-58.736869,-38.555855],[-58.736831,-38.555808],[-58.737032,-38.555673],[-58.737001,-38.555633],[-58.737091,-38.555561],[-58.736968,-38.555462],[-58.737166,-38.555313],[-58.736999,-38.555178],[-58.737163,-38.555052],[-58.736843,-38.554795],[-58.736747,-38.55465],[-58.736496,-38.554447],[-58.736704,-38.554292],[-58.736775,-38.554126],[-58.73698,-38.553969],[-58.736499,-38.553582],[-58.736807,-38.553346],[-58.737127,-38.553604],[-58.73723,-38.553525],[-58.736909,-38.553268],[-58.73687,-38.553085],[-58.736722,-38.552968],[-58.736838,-38.552879],[-58.73722,-38.552555],[-58.737308,-38.55249],[-58.737297,-38.552481],[-58.737315,-38.552467],[-58.737286,-38.552378],[-58.737357,-38.552325],[-58.737277,-38.552261],[-58.737546,-38.552057],[-58.737617,-38.552114],[-58.737678,-38.552067],[-58.73775,-38.552124],[-58.738025,-38.551912],[-58.738089,-38.551865],[-58.73822,-38.551967],[-58.738296,-38.551911],[-58.738417,-38.55182],[-58.738317,-38.55174],[-58.73839,-38.551685],[-58.738307,-38.551617],[-58.738377,-38.551563],[-58.738301,-38.551502],[-58.738375,-38.551445],[-58.738453,-38.551385],[-58.738622,-38.551255],[-58.738706,-38.551321],[-58.73881,-38.551241],[-58.738908,-38.551319],[-58.739045,-38.551212],[-58.739188,-38.551106],[-58.739397,-38.550951],[-58.739206,-38.550798],[-58.739819,-38.550331],[-58.740204,-38.550429],[-58.740462,-38.55023],[-58.74047,-38.550237],[-58.740644,-38.550102],[-58.740601,-38.550068],[-58.740575,-38.550087],[-58.740375,-38.549927],[-58.740588,-38.549763],[-58.740712,-38.549863],[-58.740823,-38.549777],[-58.7409,-38.549837],[-58.740987,-38.549769],[-58.741137,-38.549667],[-58.741239,-38.54959],[-58.741134,-38.549507],[-58.741239,-38.549427],[-58.741128,-38.549338],[-58.741537,-38.549023],[-58.741617,-38.549087],[-58.741664,-38.549049],[-58.741683,-38.549047],[-58.74172,-38.549018],[-58.741752,-38.548992],[-58.741773,-38.549008],[-58.74185,-38.548951],[-58.742143,-38.548925],[-58.742284,-38.548817],[-58.742359,-38.548878],[-58.74247,-38.549017],[-58.74259,-38.549114],[-58.742674,-38.54905],[-58.742878,-38.549214],[-58.743085,-38.549055],[-58.743243,-38.549183],[-58.743077,-38.549311],[-58.743159,-38.549377],[-58.743049,-38.549462],[-58.743289,-38.549657],[-58.743411,-38.54978],[-58.743521,-38.549872],[-58.743584,-38.549824],[-58.743788,-38.549991],[-58.744012,-38.54982],[-58.744169,-38.54995],[-58.744586,-38.549631],[-58.744736,-38.549523],[-58.745353,-38.549046],[-58.74551,-38.549173],[-58.74571,-38.549019],[-58.745934,-38.548969],[-58.746035,-38.548888],[-58.745958,-38.548826],[-58.746061,-38.54875],[-58.745895,-38.548616],[-58.7461,-38.548461],[-58.745942,-38.548333],[-58.745736,-38.548488],[-58.745581,-38.548363],[-58.745478,-38.548441],[-58.745318,-38.548311],[-58.745273,-38.548115],[-58.744949,-38.547854],[-58.745155,-38.547697],[-58.744797,-38.547413],[-58.744496,-38.547643],[-58.744485,-38.547635],[-58.744374,-38.54772],[-58.744192,-38.54781],[-58.744079,-38.547897],[-58.743998,-38.547832],[-58.7439,-38.547721],[-58.743739,-38.547588],[-58.743634,-38.547666],[-58.743473,-38.547538],[-58.743263,-38.547695],[-58.7431,-38.547561],[-58.743312,-38.547403],[-58.743229,-38.547336],[-58.743313,-38.547273],[-58.743074,-38.547077],[-58.742974,-38.546972],[-58.742803,-38.546835],[-58.742639,-38.546959],[-58.742478,-38.546828],[-58.742317,-38.546948],[-58.74216,-38.546819],[-58.741959,-38.546971],[-58.741799,-38.54684],[-58.741716,-38.546901],[-58.741635,-38.546835],[-58.741506,-38.546932],[-58.741369,-38.547052],[-58.741281,-38.547121],[-58.74119,-38.547046],[-58.741042,-38.546953],[-58.740918,-38.546852],[-58.740811,-38.546935],[-58.740616,-38.546776],[-58.740409,-38.546934],[-58.740164,-38.546737],[-58.739936,-38.546912],[-58.739839,-38.546834],[-58.739657,-38.546975],[-58.739454,-38.547031],[-58.739248,-38.547188],[-58.739491,-38.54738],[-58.739074,-38.547697],[-58.738919,-38.547572],[-58.738818,-38.54765],[-58.738737,-38.547585],[-58.738637,-38.547662],[-58.738496,-38.547776],[-58.738354,-38.547888],[-58.738337,-38.547901],[-58.73842,-38.547962],[-58.738371,-38.548],[-58.738534,-38.548127],[-58.738088,-38.548473],[-58.737892,-38.548319],[-58.73773,-38.548446],[-58.737621,-38.548571],[-58.737416,-38.548729],[-58.737577,-38.548859],[-58.737371,-38.54902],[-58.737289,-38.548955],[-58.737084,-38.549112],[-58.737001,-38.549046],[-58.736919,-38.54911],[-58.736844,-38.54905],[-58.736723,-38.549143],[-58.736574,-38.549239],[-58.736372,-38.549393],[-58.736618,-38.549591],[-58.736373,-38.54978],[-58.736286,-38.549712],[-58.736202,-38.549777],[-58.736124,-38.549838],[-58.736045,-38.549776],[-58.735959,-38.54984],[-58.735879,-38.549776],[-58.735753,-38.54987],[-58.73563,-38.549973],[-58.735424,-38.550127],[-58.735661,-38.550319],[-58.735036,-38.550789],[-58.734402,-38.550924],[-58.734198,-38.551081],[-58.734276,-38.551145],[-58.734435,-38.551272],[-58.734589,-38.551394],[-58.734243,-38.551657],[-58.73393,-38.551408],[-58.733662,-38.551612],[-58.733494,-38.551698],[-58.733286,-38.551856],[-58.733468,-38.552002],[-58.733267,-38.552155],[-58.733102,-38.55228],[-58.732944,-38.552154],[-58.732855,-38.552221],[-58.732775,-38.552156],[-58.732615,-38.552277],[-58.73246,-38.552398],[-58.73236,-38.552473],[-58.732441,-38.552538],[-58.732338,-38.552619],[-58.732497,-38.552748],[-58.732179,-38.552989],[-58.732074,-38.552905],[-58.731876,-38.553054],[-58.731754,-38.552955],[-58.731645,-38.553041],[-58.731506,-38.553141],[-58.731386,-38.553234],[-58.731465,-38.553296],[-58.731383,-38.55336],[-58.731541,-38.553485],[-58.731504,-38.553513],[-58.731669,-38.553644],[-58.731703,-38.553617],[-58.731863,-38.553745],[-58.73202,-38.55387],[-58.732296,-38.55388],[-58.732458,-38.554013],[-58.732322,-38.554114],[-58.732479,-38.554242],[-58.732272,-38.554398],[-58.732434,-38.554529],[-58.732642,-38.554372],[-58.732962,-38.55463],[-58.733137,-38.554712],[-58.733298,-38.554841],[-58.733261,-38.554869],[-58.733421,-38.555],[-58.733218,-38.555154],[-58.733378,-38.555282],[-58.733539,-38.555159],[-58.733704,-38.555289],[-58.733788,-38.555224],[-58.733865,-38.555286],[-58.733947,-38.555224],[-58.734026,-38.555287],[-58.734108,-38.55543],[-58.734195,-38.555499],[-58.734273,-38.555567],[-58.734286,-38.555558],[-58.734306,-38.555576],[-58.734221,-38.555637],[-58.734355,-38.555747],[-58.734144,-38.555903],[-58.734304,-38.556037],[-58.734386,-38.555975],[-58.734529,-38.556093],[-58.734691,-38.555966],[-58.734743,-38.556013],[-58.734874,-38.55612],[-58.73497,-38.556257],[-58.735292,-38.556518],[-58.735085,-38.556678],[-58.735246,-38.556808]]]]},"properties":{"zona":"ZONA RESIDENCIAL 2","sigla":"R2","categoria":"Residencial","observaciones":null}},{"type":"Feature","geometry":{"type":"MultiPolygon","coordinates":[[[[-58.743941,-38.558901],[-58.743781,-38.558772],[-58.743678,-38.558602],[-58.743599,-38.558538],[-58.743513,-38.558605],[-58.743275,-38.558407],[-58.743091,-38.558549],[-58.742927,-38.558423],[-58.743137,-38.558264],[-58.742971,-38.558135],[-58.743053,-38.558072],[-58.742892,-38.557945],[-58.742748,-38.557845],[-58.742664,-38.557779],[-58.742652,-38.557787],[-58.742616,-38.557759],[-58.742561,-38.557803],[-58.742523,-38.557774],[-58.742424,-38.557851],[-58.742228,-38.557695],[-58.74213,-38.557769],[-58.742004,-38.55767],[-58.742205,-38.557515],[-58.742047,-38.557391],[-58.742127,-38.557328],[-58.741963,-38.5572],[-58.74182,-38.55707],[-58.741722,-38.556993],[-58.741662,-38.556943],[-58.741577,-38.557007],[-58.741411,-38.556873],[-58.741199,-38.557033],[-58.741043,-38.556905],[-58.741249,-38.55675],[-58.741072,-38.556605],[-58.741144,-38.55655],[-58.740682,-38.55616],[-58.740592,-38.55623],[-58.740796,-38.556393],[-58.740691,-38.556474],[-58.740361,-38.556215],[-58.740265,-38.556289],[-58.740109,-38.556164],[-58.739699,-38.556479],[-58.739387,-38.556458],[-58.739183,-38.556614],[-58.738565,-38.55612],[-58.738278,-38.55634],[-58.738133,-38.556223],[-58.738022,-38.556305],[-58.737946,-38.556242],[-58.73787,-38.556303],[-58.737783,-38.556238],[-58.73758,-38.556376],[-58.737708,-38.55649],[-58.737464,-38.556674],[-58.737495,-38.556703],[-58.737249,-38.556891],[-58.737084,-38.557016],[-58.737003,-38.556951],[-58.736835,-38.557081],[-58.736761,-38.557023],[-58.736672,-38.557089],[-58.73655,-38.557184],[-58.736425,-38.557285],[-58.736439,-38.557296],[-58.736358,-38.557359],[-58.736493,-38.557467],[-58.736283,-38.557627],[-58.736448,-38.557765],[-58.736656,-38.557604],[-58.736719,-38.557655],[-58.736775,-38.557612],[-58.736824,-38.557574],[-58.736911,-38.557641],[-58.736939,-38.557618],[-58.736993,-38.557664],[-58.737005,-38.557654],[-58.737123,-38.55775],[-58.7372,-38.557905],[-58.737525,-38.558165],[-58.737419,-38.558241],[-58.737319,-38.558316],[-58.737219,-38.558396],[-58.73738,-38.558523],[-58.737586,-38.558371],[-58.737671,-38.558439],[-58.737769,-38.558367],[-58.737875,-38.558454],[-58.737889,-38.558446],[-58.737905,-38.558461],[-58.737918,-38.558452],[-58.73803,-38.558542],[-58.738176,-38.558661],[-58.738259,-38.558729],[-58.738217,-38.558759],[-58.738168,-38.558798],[-58.738253,-38.558864],[-58.738411,-38.558994],[-58.738207,-38.559148],[-58.738287,-38.55921],[-58.738298,-38.55922],[-58.738367,-38.559276],[-58.738428,-38.559321],[-58.738499,-38.55927],[-58.738635,-38.559162],[-58.738724,-38.559233],[-58.738738,-38.559223],[-58.738824,-38.559297],[-58.738921,-38.55922],[-58.739014,-38.559296],[-58.739089,-38.559403],[-58.73933,-38.559598],[-58.739201,-38.559695],[-58.739288,-38.559766],[-58.739112,-38.559895],[-58.739274,-38.560029],[-58.73948,-38.559873],[-58.739662,-38.56002],[-58.739703,-38.559987],[-58.739748,-38.559954],[-58.739826,-38.56002],[-58.739884,-38.560071],[-58.740048,-38.560139],[-58.740127,-38.560201],[-58.740054,-38.560254],[-58.740214,-38.560385],[-58.740125,-38.560449],[-58.740214,-38.56052],[-58.740052,-38.560643],[-58.740217,-38.560775],[-58.740352,-38.560671],[-58.740419,-38.560617],[-58.740502,-38.560685],[-58.740579,-38.560749],[-58.7406,-38.560736],[-58.740669,-38.560683],[-58.740827,-38.560813],[-58.741004,-38.560881],[-58.741148,-38.560997],[-58.741227,-38.560936],[-58.741301,-38.560793],[-58.741425,-38.5607],[-58.741502,-38.560759],[-58.741583,-38.560698],[-58.741745,-38.560826],[-58.742154,-38.56051],[-58.741995,-38.560383],[-58.7422,-38.560224],[-58.742335,-38.560105],[-58.742534,-38.559951],[-58.742702,-38.560082],[-58.743117,-38.559765],[-58.742953,-38.559636],[-58.743037,-38.55957],[-58.742952,-38.559503],[-58.743076,-38.559406],[-58.743369,-38.559414],[-58.743582,-38.559258],[-58.743686,-38.559343],[-58.743895,-38.559185],[-58.7441,-38.559029],[-58.743941,-38.558901]]]]},"properties":{"zona":"ZONA RESIDENCIAL 2","sigla":"R2","categoria":"Residencial","observaciones":null}},{"type":"Feature","geometry":{"type":"MultiPolygon","coordinates":[[[[-58.708352,-38.562335],[-58.70535,-38.564619],[-58.705208,-38.564502],[-58.705162,-38.564533],[-58.704911,-38.56472],[-58.704751,-38.56459],[-58.704589,-38.56471],[-58.704514,-38.56465],[-58.704434,-38.564584],[-58.70427,-38.564706],[-58.70435,-38.564772],[-58.704267,-38.564834],[-58.704428,-38.564964],[-58.704265,-38.565086],[-58.704131,-38.565195],[-58.703882,-38.565386],[-58.703804,-38.565322],[-58.703725,-38.565382],[-58.703646,-38.565315],[-58.703564,-38.565377],[-58.703402,-38.565244],[-58.703321,-38.565304],[-58.702986,-38.565558],[-58.703389,-38.56606],[-58.702926,-38.566575],[-58.703208,-38.566808],[-58.702912,-38.567028],[-58.703379,-38.56755],[-58.703218,-38.567735],[-58.703283,-38.567787],[-58.703485,-38.567949],[-58.703317,-38.568073],[-58.703417,-38.568152],[-58.703519,-38.568242],[-58.703621,-38.568319],[-58.703718,-38.568404],[-58.703887,-38.568275],[-58.70409,-38.568439],[-58.704179,-38.568581],[-58.704499,-38.56884],[-58.704292,-38.568997],[-58.704458,-38.569127],[-58.704538,-38.569066],[-58.704625,-38.569134],[-58.704709,-38.569068],[-58.70495,-38.569264],[-58.705215,-38.569257],[-58.705372,-38.569384],[-58.705278,-38.569457],[-58.705444,-38.569587],[-58.705233,-38.569746],[-58.705399,-38.569879],[-58.7055,-38.569798],[-58.705608,-38.569721],[-58.705762,-38.569847],[-58.705962,-38.569695],[-58.706063,-38.56956],[-58.706396,-38.569308],[-58.706191,-38.569146],[-58.706358,-38.569019],[-58.706562,-38.569186],[-58.706891,-38.568935],[-58.707089,-38.568902],[-58.707248,-38.568782],[-58.707166,-38.568713],[-58.707334,-38.568586],[-58.706933,-38.568256],[-58.706806,-38.568351],[-58.706707,-38.568273],[-58.706632,-38.56833],[-58.706531,-38.568248],[-58.70641,-38.568123],[-58.706157,-38.567931],[-58.706129,-38.567909],[-58.70622,-38.567846],[-58.706171,-38.56781],[-58.706377,-38.567654],[-58.706215,-38.567522],[-58.706009,-38.567677],[-58.705691,-38.567418],[-58.70558,-38.567302],[-58.705341,-38.567105],[-58.705263,-38.567042],[-58.705345,-38.566979],[-58.70526,-38.566911],[-58.705344,-38.56685],[-58.705268,-38.566786],[-58.705686,-38.566481],[-58.705677,-38.566204],[-58.705752,-38.566149],[-58.705831,-38.566087],[-58.705917,-38.566024],[-58.706003,-38.566086],[-58.706082,-38.566022],[-58.706165,-38.565961],[-58.706585,-38.565653],[-58.706565,-38.565405],[-58.706816,-38.56522],[-58.706893,-38.565284],[-58.706979,-38.56522],[-58.707061,-38.565284],[-58.707143,-38.565223],[-58.707301,-38.56535],[-58.707379,-38.565295],[-58.707463,-38.565233],[-58.707303,-38.565104],[-58.707473,-38.564983],[-58.707561,-38.564912],[-58.707598,-38.564731],[-58.707747,-38.564626],[-58.707827,-38.564693],[-58.707919,-38.564632],[-58.707996,-38.564697],[-58.708086,-38.564638],[-58.708174,-38.564573],[-58.708251,-38.564632],[-58.708391,-38.564533],[-58.708464,-38.564477],[-58.708486,-38.564455],[-58.708571,-38.56397],[-58.708661,-38.56391],[-58.708743,-38.563851],[-58.708981,-38.564049],[-58.70923,-38.563865],[-58.709148,-38.563802],[-58.709308,-38.563679],[-58.709226,-38.563613],[-58.709317,-38.56355],[-58.709239,-38.56349],[-58.709319,-38.563426],[-58.709404,-38.56337],[-58.709514,-38.563291],[-58.708352,-38.562335]]]]},"properties":{"zona":"ZONA COMERCIAL 3","sigla":"C3","categoria":"Comercial y administrativa","observaciones":null}},{"type":"Feature","geometry":{"type":"MultiPolygon","coordinates":[[[[-58.707089,-38.568902],[-58.706891,-38.568935],[-58.706562,-38.569186],[-58.706358,-38.569019],[-58.706191,-38.569146],[-58.706396,-38.569308],[-58.706063,-38.56956],[-58.705962,-38.569695],[-58.705762,-38.569847],[-58.705923,-38.569976],[-58.706161,-38.570006],[-58.706321,-38.570132],[-58.706241,-38.570194],[-58.706399,-38.570324],[-58.706319,-38.570385],[-58.706237,-38.570445],[-58.70616,-38.570505],[-58.706322,-38.570635],[-58.706528,-38.570483],[-58.706849,-38.570742],[-58.707067,-38.570801],[-58.707228,-38.570933],[-58.707108,-38.571026],[-58.707144,-38.571057],[-58.707396,-38.570869],[-58.707531,-38.570742],[-58.70783,-38.570514],[-58.708451,-38.571012],[-58.708678,-38.570841],[-58.708071,-38.570354],[-58.708371,-38.570125],[-58.70846,-38.569982],[-58.708701,-38.569798],[-58.70854,-38.569666],[-58.708348,-38.569613],[-58.708026,-38.569347],[-58.708242,-38.569194],[-58.708074,-38.569057],[-58.707754,-38.568793],[-58.707374,-38.568882],[-58.707248,-38.568782],[-58.707089,-38.568902]]]]},"properties":{"zona":"ZONA COMERCIAL ADMINISTRATIVA 2","sigla":"CA2","categoria":"Comercial y administrativa","observaciones":null}},{"type":"Feature","geometry":{"type":"MultiPolygon","coordinates":[[[[-58.708352,-38.562335],[-58.709514,-38.563291],[-58.709588,-38.563352],[-58.712468,-38.561138],[-58.712421,-38.560916],[-58.712598,-38.560783],[-58.712673,-38.56084],[-58.712757,-38.560775],[-58.71285,-38.560844],[-58.712931,-38.56078],[-58.713015,-38.560847],[-58.713185,-38.56072],[-58.713099,-38.560654],[-58.713182,-38.56059],[-58.713096,-38.560515],[-58.71318,-38.560448],[-58.713111,-38.560392],[-58.713276,-38.560261],[-58.713492,-38.560229],[-58.713592,-38.560157],[-58.713691,-38.560078],[-58.71385,-38.560207],[-58.713955,-38.56013],[-58.714056,-38.560049],[-58.714267,-38.559899],[-58.71447,-38.559742],[-58.714382,-38.559434],[-58.714518,-38.559333],[-58.714635,-38.559428],[-58.714745,-38.559349],[-58.71483,-38.559281],[-58.71503,-38.559441],[-58.715195,-38.55932],[-58.7154,-38.559477],[-58.715647,-38.559292],[-58.715852,-38.55946],[-58.715735,-38.559752],[-58.716339,-38.560236],[-58.716499,-38.560112],[-58.716699,-38.560271],[-58.716761,-38.560407],[-58.717579,-38.561054],[-58.717824,-38.561122],[-58.718406,-38.56161],[-58.718517,-38.5617],[-58.718654,-38.561596],[-58.718936,-38.561333],[-58.718972,-38.561281],[-58.718828,-38.561168],[-58.718551,-38.560939],[-58.718607,-38.560656],[-58.717819,-38.560004],[-58.717741,-38.560063],[-58.71758,-38.559936],[-58.7175,-38.559868],[-58.71743,-38.559697],[-58.717032,-38.559373],[-58.716831,-38.55921],[-58.71663,-38.559047],[-58.716565,-38.558995],[-58.716309,-38.559188],[-58.716245,-38.559134],[-58.716049,-38.55897],[-58.716293,-38.558784],[-58.716092,-38.55862],[-58.71596,-38.558718],[-58.715883,-38.558779],[-58.715829,-38.558734],[-58.715863,-38.558707],[-58.71552,-38.558424],[-58.715572,-38.558192],[-58.715165,-38.557865],[-58.715334,-38.557735],[-58.715251,-38.557668],[-58.715336,-38.557603],[-58.715257,-38.557541],[-58.715337,-38.55748],[-58.715256,-38.557414],[-58.715418,-38.557289],[-58.715592,-38.557211],[-58.715696,-38.557134],[-58.715818,-38.557234],[-58.716449,-38.55676],[-58.716298,-38.556637],[-58.716128,-38.556499],[-58.716002,-38.556378],[-58.715905,-38.556296],[-58.715895,-38.556303],[-58.715858,-38.556271],[-58.715607,-38.556453],[-58.71535,-38.55624],[-58.71527,-38.5563],[-58.715183,-38.556229],[-58.715263,-38.55617],[-58.715149,-38.556076],[-58.715316,-38.55595],[-58.715232,-38.55588],[-58.715309,-38.555825],[-58.7152,-38.555732],[-58.71502,-38.555645],[-58.71494,-38.555581],[-58.71486,-38.555519],[-58.714778,-38.555581],[-58.714615,-38.55545],[-58.714306,-38.555687],[-58.714387,-38.555753],[-58.714074,-38.555986],[-58.714055,-38.556207],[-58.713735,-38.556449],[-58.71345,-38.556221],[-58.713278,-38.556347],[-58.713483,-38.556507],[-58.713262,-38.556675],[-58.713357,-38.556748],[-58.713245,-38.55683],[-58.712609,-38.55673],[-58.712399,-38.556886],[-58.71228,-38.556978],[-58.712318,-38.557009],[-58.712152,-38.557139],[-58.712397,-38.557332],[-58.712076,-38.55758],[-58.71191,-38.55765],[-58.711664,-38.557837],[-58.711583,-38.557771],[-58.7115,-38.557833],[-58.711422,-38.557771],[-58.711255,-38.557897],[-58.711414,-38.558027],[-58.711085,-38.558273],[-58.710699,-38.558567],[-58.710834,-38.558677],[-58.710242,-38.559121],[-58.710009,-38.559179],[-58.709925,-38.559242],[-58.709843,-38.559304],[-58.70976,-38.559367],[-58.709702,-38.559409],[-58.709678,-38.559428],[-58.709733,-38.559472],[-58.70965,-38.559535],[-58.709568,-38.559596],[-58.709511,-38.55955],[-58.709177,-38.559801],[-58.708892,-38.55979],[-58.708275,-38.56026],[-58.708437,-38.560389],[-58.70823,-38.560544],[-58.708081,-38.56063],[-58.707747,-38.560876],[-58.707549,-38.560713],[-58.707381,-38.560835],[-58.707581,-38.561],[-58.707115,-38.561353],[-58.707401,-38.56158],[-58.708352,-38.562335]]]]},"properties":{"zona":"ZONA COMERCIAL 2","sigla":"C2","categoria":"Comercial y administrativa","observaciones":null}},{"type":"Feature","geometry":{"type":"MultiPolygon","coordinates":[[[[-58.71494,-38.555581],[-58.71502,-38.555645],[-58.7152,-38.555732],[-58.715309,-38.555825],[-58.715232,-38.55588],[-58.715316,-38.55595],[-58.715149,-38.556076],[-58.715263,-38.55617],[-58.715183,-38.556229],[-58.71527,-38.5563],[-58.71535,-38.55624],[-58.715466,-38.556336],[-58.715541,-38.556399],[-58.715607,-38.556453],[-58.715697,-38.556388],[-58.715778,-38.556329],[-58.715858,-38.556271],[-58.715895,-38.556303],[-58.715905,-38.556296],[-58.716002,-38.556378],[-58.716128,-38.556499],[-58.716298,-38.556637],[-58.716392,-38.556563],[-58.716513,-38.556439],[-58.716761,-38.556252],[-58.716923,-38.556384],[-58.717007,-38.556322],[-58.717087,-38.556387],[-58.717258,-38.556259],[-58.717177,-38.556194],[-58.717258,-38.556132],[-58.717178,-38.556066],[-58.717342,-38.555942],[-58.717221,-38.555845],[-58.717663,-38.555518],[-58.717535,-38.555411],[-58.717326,-38.555371],[-58.717161,-38.555239],[-58.717284,-38.555146],[-58.717207,-38.555083],[-58.717122,-38.555014],[-58.7172,-38.554955],[-58.71712,-38.55489],[-58.716714,-38.554566],[-58.716652,-38.554394],[-58.716336,-38.554136],[-58.715916,-38.554447],[-58.715913,-38.554657],[-58.71558,-38.554908],[-58.71538,-38.554745],[-58.715216,-38.554872],[-58.714882,-38.555122],[-58.715065,-38.555485],[-58.71494,-38.555581]]]]},"properties":{"zona":"ZONA COMERCIAL ADMINISTRATIVA 2","sigla":"CA2","categoria":"Comercial y administrativa","observaciones":null}},{"type":"Feature","geometry":{"type":"MultiPolygon","coordinates":[[[[-58.762662,-38.53666],[-58.759798,-38.538905],[-58.761735,-38.540467],[-58.763671,-38.539016],[-58.763672,-38.538951],[-58.76414,-38.538584],[-58.765988,-38.540043],[-58.766486,-38.539671],[-58.762662,-38.53666]]]]},"properties":{"zona":"ZONA RESIDENCIAL 6","sigla":"R6","categoria":"Residencial","observaciones":null}},{"type":"Feature","geometry":{"type":"MultiPolygon","coordinates":[[[[-58.762662,-38.53666],[-58.766486,-38.539671],[-58.770354,-38.54281],[-58.774115,-38.54585],[-58.777891,-38.548901],[-58.774019,-38.551873],[-58.770173,-38.554835],[-58.768249,-38.556317],[-58.765338,-38.553988],[-58.763401,-38.555478],[-58.762481,-38.554729],[-58.760577,-38.556215],[-58.758672,-38.5547],[-58.756721,-38.556203],[-58.762374,-38.560795],[-58.760465,-38.562285],[-58.75849,-38.563723],[-58.75655,-38.565195],[-58.757488,-38.565958],[-58.755448,-38.567521],[-58.752604,-38.565255],[-58.750584,-38.566821],[-58.752501,-38.568356],[-58.750541,-38.569827],[-58.750718,-38.569971],[-58.75802,-38.575905],[-58.765561,-38.581851],[-58.769071,-38.584787],[-58.776946,-38.59104],[-58.78087,-38.588045],[-58.784628,-38.590977],[-58.792424,-38.584978],[-58.800037,-38.591103],[-58.799018,-38.591879],[-58.796189,-38.589615],[-58.794274,-38.591097],[-58.797087,-38.593325],[-58.796131,-38.59405],[-58.800829,-38.59786],[-58.804692,-38.594868],[-58.823149,-38.609576],[-58.827094,-38.606566],[-58.830414,-38.609232],[-58.846687,-38.5968],[-58.83571,-38.58799],[-58.820371,-38.575693],[-58.790078,-38.551377],[-58.786561,-38.548567],[-58.782521,-38.545343],[-58.772947,-38.537622],[-58.772948,-38.537562],[-58.771209,-38.536159],[-58.771142,-38.536156],[-58.767349,-38.533052],[-58.762662,-38.53666]]]]},"properties":{"zona":"AREA COMPLEMENTARIA CO1","sigla":"ACCo1","categoria":"Complementaria, semiurbanizada y de reserva","observaciones":null}},{"type":"Feature","geometry":{"type":"MultiPolygon","coordinates":[[[[-58.770211,-38.548799],[-58.769913,-38.549028],[-58.768263,-38.550268],[-58.770212,-38.551822],[-58.772134,-38.550336],[-58.770211,-38.548799]]]]},"properties":{"zona":"AREA COMPLEMENTARIA CO1","sigla":"ACCo1","categoria":"Complementaria, semiurbanizada y de reserva","observaciones":null}},{"type":"Feature","geometry":{"type":"MultiPolygon","coordinates":[[[[-58.726593,-38.555914],[-58.725795,-38.555889],[-58.725722,-38.556118],[-58.725474,-38.55631],[-58.725634,-38.556438],[-58.725552,-38.556501],[-58.725632,-38.556565],[-58.72539,-38.556752],[-58.725311,-38.556688],[-58.725065,-38.55688],[-58.724698,-38.556714],[-58.724573,-38.557333],[-58.723741,-38.557406],[-58.724338,-38.558874],[-58.725546,-38.558921],[-58.726342,-38.559554],[-58.726409,-38.559499],[-58.726576,-38.559372],[-58.726499,-38.55931],[-58.726581,-38.559249],[-58.7265,-38.559185],[-58.726591,-38.559116],[-58.726512,-38.559053],[-58.726673,-38.558932],[-58.726752,-38.558997],[-58.726837,-38.558933],[-58.726917,-38.558998],[-58.726997,-38.558938],[-58.727075,-38.559001],[-58.727239,-38.558877],[-58.727317,-38.558686],[-58.727521,-38.558531],[-58.727442,-38.558467],[-58.727526,-38.558405],[-58.727445,-38.558339],[-58.727529,-38.558275],[-58.727448,-38.558209],[-58.727411,-38.558179],[-58.72749,-38.558119],[-58.727334,-38.557991],[-58.727416,-38.557929],[-58.72722,-38.557765],[-58.7272,-38.557574],[-58.727037,-38.557442],[-58.726952,-38.557507],[-58.726874,-38.557444],[-58.726794,-38.557504],[-58.72671,-38.557437],[-58.72663,-38.557498],[-58.726473,-38.55737],[-58.726553,-38.557309],[-58.726469,-38.557242],[-58.726633,-38.557117],[-58.726394,-38.556928],[-58.726196,-38.556886],[-58.726038,-38.55676],[-58.72612,-38.556695],[-58.726198,-38.556759],[-58.726361,-38.556633],[-58.726577,-38.556509],[-58.726593,-38.555914]]]]},"properties":{"zona":"ZONA RESIDENCIAL 8","sigla":"R8","categoria":"Residencial","observaciones":null}},{"type":"Feature","geometry":{"type":"MultiPolygon","coordinates":[[[[-58.724404,-38.563421],[-58.724326,-38.563358],[-58.724008,-38.563601],[-58.723759,-38.563622],[-58.723677,-38.563683],[-58.723595,-38.563747],[-58.723672,-38.56381],[-58.723586,-38.563875],[-58.723668,-38.563942],[-58.723588,-38.564002],[-58.723668,-38.564067],[-58.723503,-38.564195],[-58.723299,-38.564029],[-58.72297,-38.564278],[-58.722885,-38.564418],[-58.722644,-38.564606],[-58.722719,-38.564666],[-58.722635,-38.56473],[-58.722717,-38.564796],[-58.722556,-38.564919],[-58.722474,-38.564854],[-58.72239,-38.564919],[-58.722315,-38.564858],[-58.72207,-38.565044],[-58.72199,-38.565104],[-58.721685,-38.564859],[-58.71879,-38.567074],[-58.720224,-38.568228],[-58.721098,-38.567543],[-58.721474,-38.567594],[-58.7216,-38.5675],[-58.721522,-38.567437],[-58.721603,-38.567374],[-58.721439,-38.567241],[-58.72185,-38.566927],[-58.721927,-38.566989],[-58.722138,-38.566829],[-58.722434,-38.56685],[-58.722596,-38.566725],[-58.722516,-38.566661],[-58.722599,-38.566598],[-58.722517,-38.566534],[-58.723095,-38.566092],[-58.72323,-38.565981],[-58.723564,-38.565731],[-58.723088,-38.565346],[-58.723254,-38.565218],[-58.723727,-38.565601],[-58.724051,-38.565355],[-58.724257,-38.565329],[-58.724426,-38.5652],[-58.724265,-38.565069],[-58.724439,-38.564938],[-58.724031,-38.564607],[-58.724189,-38.564486],[-58.724681,-38.56488],[-58.724763,-38.564815],[-58.724845,-38.564881],[-58.725099,-38.56469],[-58.725215,-38.564566],[-58.72549,-38.564353],[-58.725399,-38.564279],[-58.725135,-38.564064],[-58.725043,-38.564136],[-58.724982,-38.564086],[-58.724919,-38.564135],[-58.72486,-38.564118],[-58.72478,-38.564053],[-58.724706,-38.563866],[-58.724527,-38.563723],[-58.724623,-38.563651],[-58.72437,-38.563447],[-58.724404,-38.563421]]]]},"properties":{"zona":"ZONA RESIDENCIAL 8","sigla":"R8","categoria":"Residencial","observaciones":null}},{"type":"Feature","geometry":{"type":"MultiPolygon","coordinates":[[[[-58.743895,-38.559185],[-58.743686,-38.559343],[-58.743582,-38.559258],[-58.743369,-38.559414],[-58.743076,-38.559406],[-58.742952,-38.559503],[-58.743037,-38.55957],[-58.742953,-38.559636],[-58.743117,-38.559765],[-58.742702,-38.560082],[-58.742534,-38.559951],[-58.742335,-38.560105],[-58.7422,-38.560224],[-58.741995,-38.560383],[-58.742154,-38.56051],[-58.741745,-38.560826],[-58.741583,-38.560698],[-58.741502,-38.560759],[-58.741425,-38.5607],[-58.741301,-38.560793],[-58.741227,-38.560936],[-58.741148,-38.560997],[-58.741004,-38.560881],[-58.740827,-38.560813],[-58.740669,-38.560683],[-58.7406,-38.560736],[-58.740579,-38.560749],[-58.740502,-38.560685],[-58.740419,-38.560617],[-58.740352,-38.560671],[-58.740217,-38.560775],[-58.740052,-38.560643],[-58.740214,-38.56052],[-58.740125,-38.560449],[-58.740214,-38.560385],[-58.740054,-38.560254],[-58.740127,-38.560201],[-58.740048,-38.560139],[-58.739884,-38.560071],[-58.739826,-38.56002],[-58.739748,-38.559954],[-58.739703,-38.559987],[-58.739662,-38.56002],[-58.73948,-38.559873],[-58.739274,-38.560029],[-58.739112,-38.559895],[-58.739288,-38.559766],[-58.739201,-38.559695],[-58.73933,-38.559598],[-58.739089,-38.559403],[-58.739014,-38.559296],[-58.738921,-38.55922],[-58.738824,-38.559297],[-58.738738,-38.559223],[-58.738724,-38.559233],[-58.738635,-38.559162],[-58.738499,-38.55927],[-58.738428,-38.559321],[-58.738367,-38.559276],[-58.738298,-38.55922],[-58.738287,-38.55921],[-58.738207,-38.559148],[-58.738411,-38.558994],[-58.738253,-38.558864],[-58.738168,-38.558798],[-58.738217,-38.558759],[-58.738259,-38.558729],[-58.738176,-38.558661],[-58.73803,-38.558542],[-58.737918,-38.558452],[-58.737905,-38.558461],[-58.737889,-38.558446],[-58.737875,-38.558454],[-58.737769,-38.558367],[-58.737671,-38.558439],[-58.737586,-38.558371],[-58.73738,-38.558523],[-58.737219,-38.558396],[-58.737319,-38.558316],[-58.737419,-38.558241],[-58.737525,-38.558165],[-58.7372,-38.557905],[-58.737123,-38.55775],[-58.737005,-38.557654],[-58.736993,-38.557664],[-58.736939,-38.557618],[-58.736911,-38.557641],[-58.736824,-38.557574],[-58.736775,-38.557612],[-58.736719,-38.557655],[-58.736656,-38.557604],[-58.736448,-38.557765],[-58.736283,-38.557627],[-58.736074,-38.55779],[-58.735999,-38.557728],[-58.735961,-38.557757],[-58.735882,-38.557692],[-58.73583,-38.557731],[-58.73579,-38.557706],[-58.735679,-38.55779],[-58.735569,-38.557905],[-58.735365,-38.558066],[-58.735542,-38.558206],[-58.735345,-38.558366],[-58.735506,-38.558494],[-58.735294,-38.558662],[-58.735127,-38.558532],[-58.735044,-38.558601],[-58.734846,-38.558443],[-58.734736,-38.558531],[-58.734776,-38.558776],[-58.734057,-38.559337],[-58.733906,-38.559217],[-58.733801,-38.559297],[-58.733737,-38.559447],[-58.733535,-38.559608],[-58.733612,-38.559671],[-58.733511,-38.559748],[-58.732993,-38.56015],[-58.733009,-38.560385],[-58.732604,-38.560709],[-58.732522,-38.560641],[-58.73244,-38.560706],[-58.732678,-38.560898],[-58.732504,-38.561035],[-58.732671,-38.561162],[-58.732747,-38.561307],[-58.732903,-38.561434],[-58.733007,-38.561354],[-58.733168,-38.561486],[-58.733379,-38.561327],[-58.733546,-38.561463],[-58.733336,-38.561619],[-58.733503,-38.561748],[-58.733415,-38.561813],[-58.733572,-38.561941],[-58.733717,-38.562038],[-58.733877,-38.562165],[-58.733935,-38.562124],[-58.734096,-38.562252],[-58.734299,-38.562099],[-58.734459,-38.562226],[-58.734254,-38.562381],[-58.734575,-38.56264],[-58.7347,-38.562772],[-58.734867,-38.562909],[-58.734947,-38.562844],[-58.735024,-38.562906],[-58.735106,-38.562845],[-58.735183,-38.562909],[-58.735269,-38.562843],[-58.735346,-38.562908],[-58.735258,-38.562976],[-58.735427,-38.563111],[-58.735261,-38.56323],[-58.735338,-38.563291],[-58.735254,-38.563358],[-58.735414,-38.563478],[-58.735582,-38.563555],[-58.735741,-38.563685],[-58.735825,-38.563619],[-58.735986,-38.563748],[-58.736194,-38.563594],[-58.736364,-38.563729],[-58.73628,-38.563791],[-58.736357,-38.563855],[-58.736271,-38.563917],[-58.736189,-38.563982],[-58.73643,-38.564179],[-58.736523,-38.564311],[-58.736682,-38.564441],[-58.736766,-38.564378],[-58.736844,-38.564442],[-58.736929,-38.564507],[-58.737135,-38.564349],[-58.737294,-38.564476],[-58.737089,-38.564636],[-58.737256,-38.564767],[-58.737172,-38.564833],[-58.73733,-38.564957],[-58.737456,-38.565065],[-58.737618,-38.565195],[-58.737709,-38.565127],[-58.73787,-38.565259],[-58.738078,-38.565102],[-58.738241,-38.56523],[-58.738161,-38.56529],[-58.738244,-38.565357],[-58.738162,-38.565419],[-58.73824,-38.565481],[-58.738156,-38.565545],[-58.738071,-38.565608],[-58.73824,-38.565742],[-58.739025,-38.566332],[-58.73978,-38.565743],[-58.739894,-38.565832],[-58.739976,-38.565768],[-58.740142,-38.565642],[-58.739983,-38.565515],[-58.740065,-38.565454],[-58.739984,-38.565386],[-58.740061,-38.565327],[-58.739978,-38.565259],[-58.740064,-38.565195],[-58.739982,-38.56513],[-58.739781,-38.565287],[-58.739616,-38.565154],[-58.739535,-38.565218],[-58.739361,-38.565077],[-58.739329,-38.564916],[-58.739,-38.564656],[-58.739209,-38.564498],[-58.739045,-38.564365],[-58.739249,-38.56421],[-58.739084,-38.564077],[-58.739291,-38.563919],[-58.739436,-38.563818],[-58.739601,-38.563694],[-58.739763,-38.563824],[-58.740217,-38.563477],[-58.740114,-38.563392],[-58.740219,-38.563311],[-58.740113,-38.563226],[-58.740212,-38.56315],[-58.740322,-38.56301],[-58.740424,-38.562931],[-58.740506,-38.562997],[-58.740609,-38.562918],[-58.740769,-38.563048],[-58.741139,-38.562765],[-58.741059,-38.5627],[-58.741141,-38.562638],[-58.740981,-38.562508],[-58.741146,-38.562383],[-58.741261,-38.562278],[-58.74138,-38.56219],[-58.741459,-38.562257],[-58.741545,-38.562191],[-58.741703,-38.562319],[-58.741918,-38.562155],[-58.742086,-38.562285],[-58.742295,-38.562124],[-58.74246,-38.562255],[-58.742543,-38.562191],[-58.742703,-38.562319],[-58.743171,-38.562292],[-58.743302,-38.562195],[-58.74338,-38.562257],[-58.743462,-38.562194],[-58.743624,-38.562327],[-58.74382,-38.56218],[-58.743983,-38.56231],[-58.744186,-38.562156],[-58.744351,-38.562285],[-58.744452,-38.562209],[-58.744551,-38.562286],[-58.744657,-38.562203],[-58.744804,-38.562065],[-58.744966,-38.561942],[-58.744886,-38.561877],[-58.744967,-38.561816],[-58.744884,-38.561753],[-58.744969,-38.561688],[-58.744887,-38.561627],[-58.745181,-38.561405],[-58.745358,-38.561546],[-58.745564,-38.561389],[-58.745669,-38.561278],[-58.745872,-38.561126],[-58.745711,-38.560996],[-58.745915,-38.56084],[-58.745755,-38.560709],[-58.745961,-38.56055],[-58.745817,-38.560434],[-58.745902,-38.560369],[-58.745831,-38.560311],[-58.7459,-38.560257],[-58.745797,-38.560174],[-58.745525,-38.560169],[-58.745197,-38.559911],[-58.744992,-38.560072],[-58.744827,-38.559944],[-58.745032,-38.559783],[-58.744869,-38.559657],[-58.744952,-38.559592],[-58.744788,-38.559465],[-58.744583,-38.559416],[-58.744262,-38.559157],[-58.744056,-38.559314],[-58.743895,-38.559185]]]]},"properties":{"zona":"ZONA RESIDENCIAL 6","sigla":"R6","categoria":"Residencial","observaciones":null}},{"type":"Feature","geometry":{"type":"MultiPolygon","coordinates":[[[[-58.743983,-38.56231],[-58.74382,-38.56218],[-58.743624,-38.562327],[-58.743462,-38.562194],[-58.74338,-38.562257],[-58.743302,-38.562195],[-58.743171,-38.562292],[-58.742703,-38.562319],[-58.742543,-38.562191],[-58.74246,-38.562255],[-58.742295,-38.562124],[-58.742086,-38.562285],[-58.741918,-38.562155],[-58.741703,-38.562319],[-58.741545,-38.562191],[-58.741459,-38.562257],[-58.74138,-38.56219],[-58.741261,-38.562278],[-58.741146,-38.562383],[-58.740981,-38.562508],[-58.741141,-38.562638],[-58.741059,-38.5627],[-58.741139,-38.562765],[-58.740769,-38.563048],[-58.740609,-38.562918],[-58.740506,-38.562997],[-58.740424,-38.562931],[-58.740322,-38.56301],[-58.740212,-38.56315],[-58.740113,-38.563226],[-58.740219,-38.563311],[-58.740114,-38.563392],[-58.740217,-38.563477],[-58.739763,-38.563824],[-58.739601,-38.563694],[-58.739436,-38.563818],[-58.739291,-38.563919],[-58.739084,-38.564077],[-58.739249,-38.56421],[-58.739045,-38.564365],[-58.739209,-38.564498],[-58.739,-38.564656],[-58.739329,-38.564916],[-58.739361,-38.565077],[-58.739535,-38.565218],[-58.739616,-38.565154],[-58.739781,-38.565287],[-58.739982,-38.56513],[-58.740064,-38.565195],[-58.740143,-38.565261],[-58.740251,-38.56518],[-58.740356,-38.565098],[-58.740516,-38.565228],[-58.740723,-38.56507],[-58.740866,-38.56495],[-58.741069,-38.564793],[-58.740904,-38.564664],[-58.741315,-38.564349],[-58.741484,-38.564483],[-58.741564,-38.564418],[-58.741645,-38.564481],[-58.741766,-38.564385],[-58.741888,-38.564278],[-58.742015,-38.564185],[-58.741933,-38.564118],[-58.742018,-38.564054],[-58.741854,-38.563923],[-58.742261,-38.563615],[-58.742424,-38.563747],[-58.742627,-38.563589],[-58.742856,-38.56354],[-58.743056,-38.563387],[-58.742819,-38.563197],[-58.74323,-38.56288],[-58.743426,-38.563031],[-58.743632,-38.562874],[-58.743802,-38.562816],[-58.744009,-38.562657],[-58.743776,-38.56247],[-58.743983,-38.56231]]]]},"properties":{"zona":"ZONA RESIDENCIAL 7","sigla":"R7","categoria":"Residencial","observaciones":null}},{"type":"Feature","geometry":{"type":"MultiPolygon","coordinates":[[[[-58.701431,-38.568223],[-58.701017,-38.568535],[-58.700708,-38.568513],[-58.70038,-38.568765],[-58.70062,-38.568959],[-58.700455,-38.569087],[-58.700215,-38.568894],[-58.699886,-38.569148],[-58.699745,-38.569242],[-58.699578,-38.56937],[-58.699667,-38.569438],[-58.69959,-38.569499],[-58.699673,-38.569564],[-58.699353,-38.569812],[-58.69927,-38.569748],[-58.699182,-38.569815],[-58.699102,-38.569753],[-58.698948,-38.569869],[-58.698965,-38.570061],[-58.698147,-38.570694],[-58.697944,-38.570804],[-58.69775,-38.570952],[-58.697522,-38.57085],[-58.69743,-38.571104],[-58.697117,-38.571187],[-58.696962,-38.571619],[-58.696684,-38.571557],[-58.696656,-38.571641],[-58.696517,-38.57161],[-58.696484,-38.571701],[-58.696378,-38.571678],[-58.696348,-38.571762],[-58.696209,-38.571731],[-58.696144,-38.571909],[-58.696144,-38.572037],[-58.695828,-38.572912],[-58.695761,-38.573021],[-58.695663,-38.573271],[-58.695796,-38.573297],[-58.695723,-38.573485],[-58.695444,-38.574312],[-58.696661,-38.574525],[-58.69814,-38.574637],[-58.700825,-38.575204],[-58.701596,-38.574962],[-58.701558,-38.574874],[-58.701428,-38.574845],[-58.701581,-38.574423],[-58.701769,-38.574261],[-58.701797,-38.574182],[-58.701806,-38.574162],[-58.701761,-38.574122],[-58.701897,-38.574013],[-58.701806,-38.573705],[-58.701851,-38.573674],[-58.701857,-38.573332],[-58.701818,-38.573302],[-58.701911,-38.573034],[-58.701593,-38.572774],[-58.701926,-38.572521],[-58.701511,-38.572012],[-58.701861,-38.571617],[-58.701537,-38.571356],[-58.701949,-38.571041],[-58.701523,-38.570515],[-58.702074,-38.569982],[-58.701839,-38.569789],[-58.702085,-38.569604],[-58.701552,-38.569037],[-58.701915,-38.568616],[-58.701593,-38.568355],[-58.701431,-38.568223]]]]},"properties":{"zona":"ZONA RESIDENCIAL 7","sigla":"R7","categoria":"Residencial","observaciones":null}},{"type":"Feature","geometry":{"type":"MultiPolygon","coordinates":[[[[-58.738141,-38.566765],[-58.737977,-38.566638],[-58.738063,-38.566572],[-58.737988,-38.566515],[-58.738065,-38.566454],[-58.737988,-38.566392],[-58.738074,-38.566327],[-58.737915,-38.5662],[-58.737788,-38.566097],[-58.737623,-38.565965],[-58.737543,-38.566025],[-58.737463,-38.565962],[-58.737385,-38.566023],[-58.737303,-38.565958],[-58.737215,-38.566025],[-58.737047,-38.565892],[-58.73691,-38.565998],[-58.736597,-38.565749],[-58.736865,-38.565322],[-58.736702,-38.565198],[-58.736625,-38.565258],[-58.73646,-38.56513],[-58.736373,-38.565198],[-58.736295,-38.565264],[-58.736122,-38.565131],[-58.736205,-38.565065],[-58.736129,-38.565008],[-58.736209,-38.564942],[-58.736289,-38.564877],[-58.736041,-38.564681],[-58.735238,-38.565078],[-58.734918,-38.564817],[-58.735336,-38.56451],[-58.735168,-38.564374],[-58.735252,-38.56431],[-58.735179,-38.564249],[-58.735261,-38.564187],[-58.735174,-38.564117],[-58.735341,-38.56399],[-58.73518,-38.563863],[-58.734949,-38.563827],[-58.734788,-38.563703],[-58.73471,-38.563762],[-58.734629,-38.563698],[-58.734541,-38.563764],[-58.734458,-38.5637],[-58.73438,-38.563766],[-58.734208,-38.563632],[-58.734291,-38.563567],[-58.734215,-38.563506],[-58.734297,-38.563444],[-58.734209,-38.563375],[-58.734293,-38.563309],[-58.734131,-38.563182],[-58.734048,-38.563064],[-58.733887,-38.562939],[-58.733809,-38.562998],[-58.733728,-38.562934],[-58.733638,-38.563001],[-58.733557,-38.562936],[-58.733478,-38.563002],[-58.733308,-38.562867],[-58.733391,-38.562803],[-58.733312,-38.56274],[-58.733397,-38.562679],[-58.733309,-38.56261],[-58.733393,-38.562545],[-58.733231,-38.562417],[-58.733169,-38.562236],[-58.733048,-38.562143],[-58.732965,-38.562207],[-58.732936,-38.562183],[-58.732853,-38.562245],[-58.732778,-38.562184],[-58.732526,-38.562376],[-58.732072,-38.562009],[-58.732468,-38.561711],[-58.732345,-38.561611],[-58.732167,-38.561527],[-58.731929,-38.561334],[-58.731761,-38.561461],[-58.731521,-38.561267],[-58.731358,-38.561391],[-58.731437,-38.561454],[-58.731352,-38.561519],[-58.7312,-38.561395],[-58.731038,-38.561518],[-58.73094,-38.561439],[-58.730816,-38.561533],[-58.730696,-38.561662],[-58.730518,-38.561794],[-58.730674,-38.561921],[-58.730506,-38.56205],[-58.73068,-38.562191],[-58.73057,-38.562279],[-58.73088,-38.562526],[-58.730776,-38.562607],[-58.730285,-38.562215],[-58.730043,-38.562403],[-58.730074,-38.562653],[-58.729926,-38.562652],[-58.729925,-38.562732],[-58.730008,-38.562733],[-58.730006,-38.562829],[-58.730079,-38.56283],[-58.730082,-38.562921],[-58.730347,-38.562921],[-58.73034,-38.563641],[-58.730333,-38.564364],[-58.730064,-38.564361],[-58.730066,-38.564451],[-58.730285,-38.564454],[-58.729871,-38.564978],[-58.73011,-38.565168],[-58.729912,-38.565317],[-58.730143,-38.565719],[-58.729988,-38.565723],[-58.729984,-38.565815],[-58.730072,-38.565815],[-58.730066,-38.565991],[-58.730272,-38.565993],[-58.730272,-38.566258],[-58.730349,-38.566259],[-58.73035,-38.566448],[-58.730416,-38.566452],[-58.730414,-38.566644],[-58.730345,-38.566641],[-58.730331,-38.567354],[-58.730033,-38.567351],[-58.730032,-38.567437],[-58.730268,-38.567443],[-58.72978,-38.567991],[-58.729939,-38.568119],[-58.729777,-38.568243],[-58.730006,-38.568665],[-58.729951,-38.568665],[-58.729949,-38.568809],[-58.730192,-38.568812],[-58.730509,-38.569068],[-58.730508,-38.569158],[-58.730267,-38.569156],[-58.730262,-38.569426],[-58.730503,-38.569429],[-58.730489,-38.570121],[-58.730088,-38.570117],[-58.730084,-38.570345],[-58.730309,-38.570347],[-58.729752,-38.570974],[-58.729835,-38.57104],[-58.729915,-38.571103],[-58.729998,-38.571038],[-58.730079,-38.571102],[-58.730157,-38.571042],[-58.730239,-38.571106],[-58.730319,-38.571043],[-58.730479,-38.57117],[-58.730399,-38.571233],[-58.73048,-38.571298],[-58.730401,-38.57136],[-58.73048,-38.571423],[-58.730397,-38.571488],[-58.730559,-38.571618],[-58.730613,-38.571784],[-58.730694,-38.571851],[-58.730772,-38.571789],[-58.730852,-38.571853],[-58.730936,-38.571789],[-58.731017,-38.571853],[-58.731098,-38.57192],[-58.731179,-38.571857],[-58.731261,-38.571923],[-58.731425,-38.571796],[-58.731504,-38.571859],[-58.731586,-38.571796],[-58.731667,-38.571861],[-58.731751,-38.571796],[-58.731832,-38.571861],[-58.731914,-38.5718],[-58.731988,-38.571859],[-58.732072,-38.571796],[-58.732216,-38.571711],[-58.732377,-38.571587],[-58.732217,-38.571456],[-58.732299,-38.571393],[-58.73222,-38.571328],[-58.732301,-38.571266],[-58.732221,-38.571202],[-58.732385,-38.571075],[-58.732464,-38.571138],[-58.732547,-38.571075],[-58.732627,-38.571139],[-58.732712,-38.571074],[-58.732792,-38.57114],[-58.732956,-38.571014],[-58.733081,-38.570916],[-58.733249,-38.57079],[-58.733167,-38.570723],[-58.73325,-38.570661],[-58.733167,-38.570594],[-58.733335,-38.570466],[-58.733412,-38.570528],[-58.733492,-38.570466],[-58.733416,-38.570403],[-58.733499,-38.570339],[-58.733657,-38.570466],[-58.733822,-38.570341],[-58.733904,-38.570277],[-58.734134,-38.570226],[-58.734382,-38.570038],[-58.734224,-38.569911],[-58.734307,-38.569847],[-58.734229,-38.569783],[-58.73431,-38.569721],[-58.734492,-38.569867],[-58.73681,-38.568096],[-58.737015,-38.568018],[-58.737184,-38.567893],[-58.737105,-38.567828],[-58.737187,-38.567766],[-58.737112,-38.567705],[-58.737195,-38.567643],[-58.737112,-38.567575],[-58.737279,-38.567452],[-58.73736,-38.567519],[-58.73744,-38.567459],[-58.737515,-38.567522],[-58.737767,-38.567333],[-58.737972,-38.567272],[-58.738138,-38.567143],[-58.738057,-38.567079],[-58.738137,-38.567016],[-58.738063,-38.566958],[-58.738143,-38.566894],[-58.738059,-38.566829],[-58.738141,-38.566765]]]]},"properties":{"zona":"ZONA RESIDENCIAL 6","sigla":"R6","categoria":"Residencial","observaciones":null}},{"type":"Feature","geometry":{"type":"MultiPolygon","coordinates":[[[[-58.751684,-38.5457],[-58.751379,-38.54593],[-58.750968,-38.546242],[-58.751128,-38.546375],[-58.750959,-38.546502],[-58.750797,-38.546368],[-58.750552,-38.546551],[-58.750314,-38.546588],[-58.750234,-38.54665],[-58.750326,-38.546725],[-58.750161,-38.546852],[-58.750321,-38.546981],[-58.750157,-38.547105],[-58.750358,-38.547265],[-58.750195,-38.54739],[-58.750073,-38.547293],[-58.750156,-38.547229],[-58.750077,-38.547165],[-58.749993,-38.547229],[-58.749831,-38.5471],[-58.749751,-38.547161],[-58.749633,-38.547066],[-58.749544,-38.547121],[-58.74946,-38.547185],[-58.749446,-38.547367],[-58.749207,-38.54756],[-58.749292,-38.547625],[-58.749209,-38.54769],[-58.749296,-38.547757],[-58.748973,-38.548017],[-58.748727,-38.547831],[-58.748572,-38.547957],[-58.748499,-38.548154],[-58.748298,-38.548311],[-58.748444,-38.548428],[-58.748362,-38.548491],[-58.74828,-38.548555],[-58.748201,-38.548618],[-58.74819,-38.54861],[-58.748115,-38.548669],[-58.748021,-38.548594],[-58.747942,-38.548656],[-58.747844,-38.548578],[-58.74763,-38.548744],[-58.747551,-38.548977],[-58.747141,-38.549295],[-58.747303,-38.549424],[-58.747096,-38.549583],[-58.747312,-38.549755],[-58.747208,-38.549837],[-58.747318,-38.549922],[-58.747476,-38.550005],[-58.747798,-38.550259],[-58.748078,-38.550044],[-58.748245,-38.550174],[-58.748038,-38.550333],[-58.748199,-38.550458],[-58.7481,-38.550534],[-58.748263,-38.550661],[-58.747951,-38.551128],[-58.748271,-38.551382],[-58.748293,-38.551367],[-58.748378,-38.551435],[-58.748154,-38.551604],[-58.748236,-38.551669],[-58.748439,-38.551513],[-58.748605,-38.551645],[-58.748706,-38.551565],[-58.748863,-38.551693],[-58.748985,-38.551797],[-58.749148,-38.551928],[-58.749045,-38.552007],[-58.749205,-38.552136],[-58.749003,-38.55229],[-58.749167,-38.55242],[-58.749244,-38.55236],[-58.749326,-38.552425],[-58.749406,-38.552363],[-58.749488,-38.552299],[-58.74957,-38.552364],[-58.749652,-38.552302],[-58.749811,-38.552429],[-58.749918,-38.552554],[-58.750242,-38.55281],[-58.749935,-38.553049],[-58.750101,-38.55318],[-58.750403,-38.552946],[-58.750731,-38.553204],[-58.750756,-38.553405],[-58.751084,-38.553668],[-58.750684,-38.553976],[-58.750524,-38.553849],[-58.750438,-38.553915],[-58.75036,-38.553851],[-58.750233,-38.553945],[-58.750213,-38.554143],[-58.750005,-38.554301],[-58.750124,-38.554395],[-58.74951,-38.554866],[-58.749177,-38.554833],[-58.74905,-38.554929],[-58.749138,-38.555],[-58.749053,-38.555065],[-58.749148,-38.555141],[-58.749086,-38.555187],[-58.749251,-38.55532],[-58.749111,-38.555428],[-58.748945,-38.555296],[-58.748738,-38.555454],[-58.748581,-38.555328],[-58.748378,-38.55548],[-58.74825,-38.555594],[-58.748044,-38.555749],[-58.748201,-38.555875],[-58.747789,-38.556185],[-58.747631,-38.556059],[-58.747558,-38.556114],[-58.747479,-38.556048],[-58.747347,-38.55615],[-58.747232,-38.556298],[-58.747028,-38.556456],[-58.747236,-38.556621],[-58.74683,-38.556934],[-58.7466,-38.556753],[-58.746397,-38.556911],[-58.746265,-38.55701],[-58.746137,-38.557104],[-58.746171,-38.557132],[-58.746085,-38.557197],[-58.74628,-38.557355],[-58.745909,-38.557636],[-58.745745,-38.557504],[-58.745496,-38.557693],[-58.745371,-38.557797],[-58.745249,-38.55789],[-58.745165,-38.557957],[-58.745323,-38.558084],[-58.745123,-38.558238],[-58.745285,-38.558368],[-58.745078,-38.558526],[-58.74524,-38.558656],[-58.745158,-38.558719],[-58.745318,-38.558849],[-58.74545,-38.558962],[-58.745661,-38.559135],[-58.745748,-38.559069],[-58.745851,-38.559151],[-58.74606,-38.558998],[-58.746219,-38.559126],[-58.746013,-38.559281],[-58.746332,-38.559541],[-58.746344,-38.55975],[-58.746512,-38.559883],[-58.746624,-38.559796],[-58.74678,-38.55992],[-58.746986,-38.559764],[-58.747148,-38.559892],[-58.747355,-38.559733],[-58.747517,-38.559863],[-58.7476,-38.559798],[-58.747678,-38.559861],[-58.747799,-38.559767],[-58.747875,-38.559596],[-58.748077,-38.55944],[-58.7479,-38.559303],[-58.748309,-38.558985],[-58.74848,-38.559119],[-58.748686,-38.55896],[-58.748911,-38.558917],[-58.749028,-38.558826],[-58.74895,-38.558764],[-58.749039,-38.558696],[-58.748875,-38.558567],[-58.749283,-38.558251],[-58.749446,-38.55838],[-58.749529,-38.558316],[-58.749609,-38.558379],[-58.74973,-38.558286],[-58.749785,-38.558113],[-58.749986,-38.557957],[-58.749823,-38.557829],[-58.750233,-38.557512],[-58.750475,-38.557703],[-58.750684,-38.557542],[-58.750731,-38.557362],[-58.750937,-38.557209],[-58.750778,-38.55708],[-58.751153,-38.556802],[-58.75131,-38.55693],[-58.751555,-38.556747],[-58.751709,-38.556631],[-58.751915,-38.556473],[-58.751757,-38.556342],[-58.751962,-38.556187],[-58.751725,-38.555993],[-58.752132,-38.555685],[-58.752154,-38.555472],[-58.752361,-38.555317],[-58.752553,-38.555473],[-58.752974,-38.555157],[-58.752817,-38.555028],[-58.753018,-38.554878],[-58.752888,-38.554636],[-58.753057,-38.554353],[-58.752734,-38.554096],[-58.752937,-38.553942],[-58.752775,-38.553813],[-58.752572,-38.553967],[-58.752409,-38.553836],[-58.7523,-38.553917],[-58.752147,-38.553792],[-58.752039,-38.553686],[-58.751878,-38.553556],[-58.751964,-38.553491],[-58.751804,-38.553361],[-58.752014,-38.553205],[-58.751855,-38.553076],[-58.752065,-38.552918],[-58.751736,-38.552655],[-58.751678,-38.552483],[-58.751516,-38.552353],[-58.751433,-38.552415],[-58.751274,-38.552287],[-58.751073,-38.552443],[-58.750912,-38.552313],[-58.751129,-38.552145],[-58.750971,-38.552014],[-58.750888,-38.55195],[-58.751078,-38.551807],[-58.751338,-38.551704],[-58.751587,-38.551517],[-58.751671,-38.551586],[-58.751759,-38.55152],[-58.75184,-38.551586],[-58.752,-38.551466],[-58.751921,-38.551402],[-58.752003,-38.551339],[-58.751923,-38.551274],[-58.752181,-38.551082],[-58.7523,-38.550984],[-58.752377,-38.550924],[-58.752216,-38.550792],[-58.752176,-38.550611],[-58.752017,-38.550481],[-58.7521,-38.550418],[-58.752021,-38.550354],[-58.752103,-38.550292],[-58.751944,-38.550163],[-58.752111,-38.550037],[-58.751946,-38.549904],[-58.752115,-38.549775],[-58.752035,-38.549712],[-58.752202,-38.549586],[-58.752322,-38.549482],[-58.752487,-38.549358],[-58.752566,-38.549422],[-58.752726,-38.549301],[-58.75281,-38.549365],[-58.752979,-38.549236],[-58.752898,-38.54917],[-58.753057,-38.549048],[-58.752978,-38.548984],[-58.753142,-38.54886],[-58.753314,-38.548734],[-58.753477,-38.548612],[-58.753555,-38.548674],[-58.753641,-38.548609],[-58.753722,-38.548673],[-58.753795,-38.548617],[-58.753879,-38.548683],[-58.754039,-38.548558],[-58.753958,-38.548493],[-58.75404,-38.54843],[-58.753959,-38.548366],[-58.754042,-38.548302],[-58.753965,-38.548239],[-58.754127,-38.548114],[-58.754282,-38.548051],[-58.754416,-38.547948],[-58.754214,-38.547788],[-58.754023,-38.547724],[-58.753878,-38.547607],[-58.753985,-38.547525],[-58.753475,-38.547116],[-58.753366,-38.547198],[-58.753221,-38.547081],[-58.753179,-38.546894],[-58.751684,-38.5457]]]]},"properties":{"zona":"ZONA RESIDENCIAL 6","sigla":"R6","categoria":"Residencial","observaciones":null}},{"type":"Feature","geometry":{"type":"MultiPolygon","coordinates":[[[[-58.719875,-38.545015],[-58.719664,-38.545174],[-58.719664,-38.545422],[-58.718842,-38.546053],[-58.718761,-38.546227],[-58.717967,-38.546861],[-58.717721,-38.546889],[-58.716911,-38.547527],[-58.716733,-38.54765],[-58.71591,-38.548281],[-58.715639,-38.548242],[-58.71544,-38.548401],[-58.715517,-38.548463],[-58.71544,-38.548522],[-58.715525,-38.548591],[-58.715442,-38.548655],[-58.715523,-38.548718],[-58.715431,-38.548788],[-58.71535,-38.548723],[-58.71527,-38.548785],[-58.715186,-38.548719],[-58.715097,-38.548786],[-58.714943,-38.548661],[-58.714741,-38.548813],[-58.714615,-38.549064],[-58.714451,-38.549183],[-58.71453,-38.549245],[-58.714445,-38.549309],[-58.714528,-38.549377],[-58.714445,-38.54944],[-58.714524,-38.549505],[-58.714357,-38.549631],[-58.714279,-38.549566],[-58.714197,-38.549627],[-58.714117,-38.549562],[-58.714031,-38.549624],[-58.713948,-38.549556],[-58.713779,-38.549681],[-58.713788,-38.549941],[-58.713291,-38.550313],[-58.713212,-38.550248],[-58.71313,-38.550309],[-58.713051,-38.550243],[-58.712968,-38.550306],[-58.712892,-38.550244],[-58.712728,-38.550369],[-58.712784,-38.550648],[-58.711961,-38.55128],[-58.711636,-38.551244],[-58.711474,-38.551371],[-58.711562,-38.55144],[-58.711397,-38.551569],[-58.711481,-38.55163],[-58.711313,-38.551761],[-58.711231,-38.551696],[-58.711065,-38.551827],[-58.710975,-38.551757],[-58.710819,-38.551882],[-58.710828,-38.552067],[-58.71062,-38.552227],[-58.7107,-38.552291],[-58.710294,-38.552601],[-58.710214,-38.552537],[-58.710008,-38.552696],[-58.70973,-38.552713],[-58.70953,-38.552869],[-58.709607,-38.552931],[-58.709526,-38.552991],[-58.709607,-38.553057],[-58.709482,-38.55315],[-58.709647,-38.553285],[-58.709563,-38.553348],[-58.709724,-38.553479],[-58.70948,-38.553661],[-58.709637,-38.553793],[-58.709951,-38.553819],[-58.710754,-38.554478],[-58.710819,-38.554645],[-58.710982,-38.55477],[-58.711063,-38.554707],[-58.711142,-38.55477],[-58.711226,-38.554706],[-58.711306,-38.554768],[-58.711389,-38.554705],[-58.711551,-38.554832],[-58.711469,-38.554895],[-58.711554,-38.554961],[-58.71147,-38.555024],[-58.711553,-38.555089],[-58.711473,-38.555152],[-58.711637,-38.55528],[-58.711788,-38.555387],[-58.711988,-38.55555],[-58.712154,-38.555426],[-58.71255,-38.555748],[-58.712383,-38.555875],[-58.712462,-38.555941],[-58.71238,-38.556001],[-58.712499,-38.556102],[-58.712878,-38.556024],[-58.713278,-38.556347],[-58.71345,-38.556221],[-58.713735,-38.556449],[-58.714055,-38.556207],[-58.714074,-38.555986],[-58.714387,-38.555753],[-58.714306,-38.555687],[-58.714615,-38.55545],[-58.714778,-38.555581],[-58.71486,-38.555519],[-58.71494,-38.555581],[-58.715065,-38.555485],[-58.714882,-38.555122],[-58.715216,-38.554872],[-58.71538,-38.554745],[-58.71558,-38.554908],[-58.715913,-38.554657],[-58.715916,-38.554447],[-58.716336,-38.554136],[-58.716253,-38.554068],[-58.716461,-38.553915],[-58.71678,-38.554177],[-58.716987,-38.554019],[-58.717123,-38.553906],[-58.71737,-38.553711],[-58.717126,-38.553519],[-58.717453,-38.553265],[-58.717701,-38.55346],[-58.717946,-38.553266],[-58.71797,-38.553067],[-58.718293,-38.552816],[-58.718088,-38.552654],[-58.718254,-38.552527],[-58.718422,-38.552659],[-58.718504,-38.552597],[-58.718578,-38.552657],[-58.71866,-38.552594],[-58.718741,-38.552658],[-58.718897,-38.552537],[-58.718986,-38.552223],[-58.719148,-38.552102],[-58.719072,-38.552038],[-58.71916,-38.551972],[-58.719081,-38.551904],[-58.719403,-38.551659],[-58.719483,-38.551726],[-58.719563,-38.551666],[-58.719639,-38.551727],[-58.719805,-38.551603],[-58.720072,-38.551593],[-58.720238,-38.551469],[-58.720078,-38.551337],[-58.720245,-38.551213],[-58.720167,-38.551146],[-58.72033,-38.551025],[-58.72041,-38.551089],[-58.720575,-38.550965],[-58.720657,-38.551029],[-58.720736,-38.551096],[-58.720903,-38.550971],[-58.72096,-38.550782],[-58.721291,-38.550526],[-58.721094,-38.550368],[-58.72126,-38.55024],[-58.721424,-38.550369],[-58.721755,-38.550115],[-58.72192,-38.550053],[-58.722154,-38.549874],[-58.722037,-38.549775],[-58.722287,-38.549585],[-58.722405,-38.549681],[-58.722745,-38.549427],[-58.72285,-38.549396],[-58.722947,-38.549367],[-58.723104,-38.549248],[-58.722971,-38.549138],[-58.722835,-38.549026],[-58.722902,-38.548977],[-58.722515,-38.548661],[-58.722556,-38.548409],[-58.722403,-38.548282],[-58.722315,-38.548347],[-58.721917,-38.548024],[-58.722083,-38.547901],[-58.721838,-38.5477],[-58.721805,-38.547504],[-58.72157,-38.547315],[-58.721491,-38.547376],[-58.721174,-38.547118],[-58.721252,-38.547058],[-58.721017,-38.546868],[-58.721001,-38.546642],[-58.720841,-38.546513],[-58.720923,-38.54645],[-58.720323,-38.545822],[-58.7205,-38.545535],[-58.719875,-38.545015]]]]},"properties":{"zona":"ZONA RESIDENCIAL 7","sigla":"R7","categoria":"Residencial","observaciones":null}},{"type":"Feature","geometry":{"type":"MultiPolygon","coordinates":[[[[-58.74895,-38.546157],[-58.748874,-38.546098],[-58.748795,-38.546158],[-58.748715,-38.546094],[-58.748639,-38.546155],[-58.748565,-38.546097],[-58.748479,-38.546162],[-58.748319,-38.546038],[-58.748165,-38.545901],[-58.748004,-38.545767],[-58.748085,-38.545703],[-58.748008,-38.54564],[-58.748088,-38.545578],[-58.748009,-38.545511],[-58.748091,-38.545448],[-58.74794,-38.545325],[-58.747856,-38.545384],[-58.747777,-38.545319],[-58.747695,-38.545381],[-58.747614,-38.545315],[-58.747528,-38.545378],[-58.747368,-38.545251],[-58.747261,-38.545132],[-58.747127,-38.545025],[-58.746922,-38.545182],[-58.746765,-38.545252],[-58.746601,-38.545382],[-58.746514,-38.545311],[-58.746428,-38.545376],[-58.746347,-38.545312],[-58.746266,-38.545373],[-58.746187,-38.54531],[-58.746024,-38.545433],[-58.746107,-38.545501],[-58.746026,-38.545561],[-58.746105,-38.545625],[-58.746019,-38.54569],[-58.746102,-38.54576],[-58.745942,-38.545882],[-58.745851,-38.545994],[-58.745688,-38.546112],[-58.745608,-38.546051],[-58.745522,-38.546115],[-58.745442,-38.546052],[-58.74536,-38.546114],[-58.745286,-38.546056],[-58.745123,-38.546183],[-58.745201,-38.546245],[-58.745117,-38.546311],[-58.745282,-38.546438],[-58.745044,-38.546626],[-58.74488,-38.54681],[-58.74478,-38.546887],[-58.744557,-38.546707],[-58.744246,-38.546945],[-58.74408,-38.546811],[-58.744285,-38.546655],[-58.744075,-38.546484],[-58.744168,-38.546414],[-58.744062,-38.546327],[-58.743832,-38.546308],[-58.743504,-38.546043],[-58.743296,-38.546202],[-58.743135,-38.546071],[-58.743343,-38.545915],[-58.743021,-38.54565],[-58.742996,-38.545447],[-58.742889,-38.545362],[-58.742813,-38.545423],[-58.742825,-38.545433],[-58.742773,-38.545474],[-58.74253,-38.545283],[-58.742345,-38.54543],[-58.742181,-38.545303],[-58.742387,-38.545142],[-58.742235,-38.545022],[-58.742315,-38.544959],[-58.742152,-38.54483],[-58.742017,-38.544735],[-58.74186,-38.544604],[-58.741774,-38.544666],[-58.74162,-38.544539],[-58.741412,-38.544696],[-58.741253,-38.544565],[-58.741459,-38.544409],[-58.741297,-38.544277],[-58.741453,-38.54416],[-58.741292,-38.544026],[-58.741084,-38.543951],[-58.740891,-38.543795],[-58.740785,-38.543878],[-58.740655,-38.543773],[-58.74046,-38.543925],[-58.740293,-38.543793],[-58.740487,-38.543641],[-58.740325,-38.543512],[-58.740426,-38.543433],[-58.740264,-38.543307],[-58.73949,-38.542694],[-58.739727,-38.542516],[-58.73982,-38.542444],[-58.739979,-38.542325],[-58.740057,-38.542387],[-58.740137,-38.542324],[-58.740222,-38.542394],[-58.740305,-38.54233],[-58.740385,-38.542394],[-58.74055,-38.542268],[-58.740473,-38.542202],[-58.740554,-38.54214],[-58.740473,-38.54207],[-58.740553,-38.542009],[-58.740476,-38.541945],[-58.740646,-38.541818],[-58.740781,-38.54171],[-58.740939,-38.541589],[-58.741017,-38.541651],[-58.741097,-38.541587],[-58.741182,-38.541656],[-58.741264,-38.541591],[-58.741345,-38.541654],[-58.741509,-38.541526],[-58.74143,-38.541461],[-58.74151,-38.541399],[-58.741428,-38.54133],[-58.741507,-38.541268],[-58.741429,-38.541204],[-58.741512,-38.541138],[-58.741345,-38.541005],[-58.741254,-38.540932],[-58.741402,-38.540819],[-58.739514,-38.539302],[-58.739262,-38.539487],[-58.739332,-38.53954],[-58.739406,-38.5396],[-58.739485,-38.539664],[-58.7394,-38.539728],[-58.73956,-38.539857],[-58.739478,-38.53992],[-58.739556,-38.539983],[-58.739401,-38.540102],[-58.739479,-38.540166],[-58.739401,-38.540226],[-58.739478,-38.540289],[-58.739556,-38.540353],[-58.73947,-38.540419],[-58.739552,-38.540485],[-58.739394,-38.540605],[-58.739225,-38.540716],[-58.73907,-38.540833],[-58.738989,-38.540768],[-58.738904,-38.540833],[-58.738749,-38.540708],[-58.738668,-38.540771],[-58.738587,-38.540707],[-58.738434,-38.540826],[-58.738512,-38.540889],[-58.738435,-38.540949],[-58.738193,-38.541136],[-58.738349,-38.541262],[-58.738504,-38.541141],[-58.73866,-38.541266],[-58.738994,-38.54128],[-58.739146,-38.541401],[-58.738829,-38.541647],[-58.738663,-38.541857],[-58.738256,-38.542171],[-58.738363,-38.542256],[-58.737961,-38.542565],[-58.737644,-38.542551],[-58.737239,-38.54286],[-58.736845,-38.54316],[-58.736621,-38.543218],[-58.736458,-38.543341],[-58.73662,-38.543476],[-58.736536,-38.543536],[-58.736615,-38.543602],[-58.736533,-38.543665],[-58.736694,-38.543796],[-58.736778,-38.543734],[-58.73686,-38.5438],[-58.736943,-38.543737],[-58.737024,-38.543805],[-58.737109,-38.543738],[-58.737264,-38.543865],[-58.737414,-38.544061],[-58.737576,-38.544186],[-58.737497,-38.544251],[-58.737653,-38.54437],[-58.737239,-38.544686],[-58.737094,-38.544572],[-58.737013,-38.544637],[-58.736928,-38.544569],[-58.736807,-38.544665],[-58.736603,-38.544743],[-58.736443,-38.544862],[-58.736431,-38.544854],[-58.73639,-38.544886],[-58.736651,-38.545096],[-58.736435,-38.545256],[-58.736362,-38.545197],[-58.736195,-38.545322],[-58.736116,-38.545256],[-58.736039,-38.545312],[-58.735963,-38.545248],[-58.735789,-38.54538],[-58.735579,-38.545311],[-58.733667,-38.546778],[-58.73556,-38.54831],[-58.734578,-38.549053],[-58.733484,-38.54989],[-58.733688,-38.55035],[-58.733281,-38.550662],[-58.733191,-38.550732],[-58.733111,-38.550668],[-58.733025,-38.550736],[-58.732945,-38.550672],[-58.732832,-38.55076],[-58.73275,-38.550696],[-58.732636,-38.550786],[-58.732572,-38.550956],[-58.73247,-38.551032],[-58.732633,-38.551162],[-58.73212,-38.551549],[-58.731888,-38.55136],[-58.731671,-38.55152],[-58.731511,-38.55163],[-58.731406,-38.551709],[-58.731492,-38.551778],[-58.7314,-38.551848],[-58.731552,-38.55197],[-58.731471,-38.552031],[-58.731347,-38.552125],[-58.731226,-38.552214],[-58.731148,-38.552151],[-58.731061,-38.552215],[-58.73098,-38.55215],[-58.730765,-38.55231],[-58.730643,-38.552342],[-58.730566,-38.552399],[-58.730365,-38.552557],[-58.730581,-38.552726],[-58.729972,-38.553197],[-58.729998,-38.553435],[-58.729587,-38.553749],[-58.729427,-38.55362],[-58.729222,-38.553778],[-58.729141,-38.553713],[-58.728936,-38.553871],[-58.729045,-38.554174],[-58.728733,-38.554413],[-58.728902,-38.554547],[-58.728796,-38.554616],[-58.728472,-38.554864],[-58.728633,-38.554992],[-58.728859,-38.555056],[-58.729006,-38.555171],[-58.729084,-38.555109],[-58.729163,-38.555173],[-58.729247,-38.555109],[-58.729329,-38.555172],[-58.729407,-38.555111],[-58.72957,-38.555239],[-58.729376,-38.555386],[-58.729703,-38.55564],[-58.72982,-38.555764],[-58.730146,-38.556026],[-58.730354,-38.555871],[-58.730426,-38.55593],[-58.730513,-38.555999],[-58.730302,-38.556159],[-58.730462,-38.556287],[-58.73038,-38.55635],[-58.730455,-38.556412],[-58.730534,-38.556475],[-58.730763,-38.556526],[-58.731083,-38.556783],[-58.73129,-38.556628],[-58.73145,-38.556759],[-58.731248,-38.556911],[-58.731565,-38.557173],[-58.731598,-38.557337],[-58.731756,-38.55747],[-58.731858,-38.557395],[-58.732018,-38.557528],[-58.732382,-38.557258],[-58.732541,-38.557391],[-58.732159,-38.557669],[-58.73248,-38.557934],[-58.732657,-38.558029],[-58.732978,-38.558287],[-58.733183,-38.558129],[-58.733343,-38.558258],[-58.733548,-38.5581],[-58.73363,-38.558166],[-58.733834,-38.558009],[-58.73404,-38.557974],[-58.734269,-38.557799],[-58.734107,-38.55767],[-58.734631,-38.557266],[-58.734694,-38.557317],[-58.734773,-38.557255],[-58.734977,-38.557246],[-58.735184,-38.557089],[-58.735038,-38.556969],[-58.735246,-38.556808],[-58.735085,-38.556678],[-58.735292,-38.556518],[-58.73497,-38.556257],[-58.734874,-38.55612],[-58.734743,-38.556013],[-58.734691,-38.555966],[-58.734529,-38.556093],[-58.734386,-38.555975],[-58.734304,-38.556037],[-58.734144,-38.555903],[-58.734355,-38.555747],[-58.734221,-38.555637],[-58.734306,-38.555576],[-58.734286,-38.555558],[-58.734273,-38.555567],[-58.734195,-38.555499],[-58.734108,-38.55543],[-58.734026,-38.555287],[-58.733947,-38.555224],[-58.733865,-38.555286],[-58.733788,-38.555224],[-58.733704,-38.555289],[-58.733539,-38.555159],[-58.733378,-38.555282],[-58.733218,-38.555154],[-58.733421,-38.555],[-58.733261,-38.554869],[-58.733298,-38.554841],[-58.733137,-38.554712],[-58.732962,-38.55463],[-58.732642,-38.554372],[-58.732434,-38.554529],[-58.732272,-38.554398],[-58.732479,-38.554242],[-58.732322,-38.554114],[-58.732458,-38.554013],[-58.732296,-38.55388],[-58.73202,-38.55387],[-58.731863,-38.553745],[-58.731703,-38.553617],[-58.731669,-38.553644],[-58.731504,-38.553513],[-58.731541,-38.553485],[-58.731383,-38.55336],[-58.731465,-38.553296],[-58.731386,-38.553234],[-58.731506,-38.553141],[-58.731645,-38.553041],[-58.731754,-38.552955],[-58.731876,-38.553054],[-58.732074,-38.552905],[-58.732179,-38.552989],[-58.732497,-38.552748],[-58.732338,-38.552619],[-58.732441,-38.552538],[-58.73236,-38.552473],[-58.73246,-38.552398],[-58.732615,-38.552277],[-58.732775,-38.552156],[-58.732855,-38.552221],[-58.732944,-38.552154],[-58.733102,-38.55228],[-58.733267,-38.552155],[-58.733468,-38.552002],[-58.733286,-38.551856],[-58.733494,-38.551698],[-58.733662,-38.551612],[-58.73393,-38.551408],[-58.734243,-38.551657],[-58.734589,-38.551394],[-58.734435,-38.551272],[-58.734276,-38.551145],[-58.734198,-38.551081],[-58.734402,-38.550924],[-58.735036,-38.550789],[-58.735661,-38.550319],[-58.735424,-38.550127],[-58.73563,-38.549973],[-58.735753,-38.54987],[-58.735879,-38.549776],[-58.735959,-38.54984],[-58.736045,-38.549776],[-58.736124,-38.549838],[-58.736202,-38.549777],[-58.736286,-38.549712],[-58.736373,-38.54978],[-58.736618,-38.549591],[-58.736372,-38.549393],[-58.736574,-38.549239],[-58.736723,-38.549143],[-58.736844,-38.54905],[-58.736919,-38.54911],[-58.737001,-38.549046],[-58.737084,-38.549112],[-58.737289,-38.548955],[-58.737371,-38.54902],[-58.737577,-38.548859],[-58.737416,-38.548729],[-58.737621,-38.548571],[-58.73773,-38.548446],[-58.737892,-38.548319],[-58.738088,-38.548473],[-58.738534,-38.548127],[-58.738371,-38.548],[-58.73842,-38.547962],[-58.738337,-38.547901],[-58.738354,-38.547888],[-58.738496,-38.547776],[-58.738637,-38.547662],[-58.738737,-38.547585],[-58.738818,-38.54765],[-58.738919,-38.547572],[-58.739074,-38.547697],[-58.739491,-38.54738],[-58.739248,-38.547188],[-58.739454,-38.547031],[-58.739657,-38.546975],[-58.739839,-38.546834],[-58.739936,-38.546912],[-58.740164,-38.546737],[-58.740409,-38.546934],[-58.740616,-38.546776],[-58.740811,-38.546935],[-58.740918,-38.546852],[-58.741042,-38.546953],[-58.74119,-38.547046],[-58.741281,-38.547121],[-58.741369,-38.547052],[-58.741506,-38.546932],[-58.741635,-38.546835],[-58.741716,-38.546901],[-58.741799,-38.54684],[-58.741959,-38.546971],[-58.74216,-38.546819],[-58.742317,-38.546948],[-58.742478,-38.546828],[-58.742639,-38.546959],[-58.742803,-38.546835],[-58.742974,-38.546972],[-58.743074,-38.547077],[-58.743313,-38.547273],[-58.743229,-38.547336],[-58.743312,-38.547403],[-58.7431,-38.547561],[-58.743263,-38.547695],[-58.743473,-38.547538],[-58.743634,-38.547666],[-58.743739,-38.547588],[-58.7439,-38.547721],[-58.743998,-38.547832],[-58.744079,-38.547897],[-58.744192,-38.54781],[-58.744374,-38.54772],[-58.744485,-38.547635],[-58.744496,-38.547643],[-58.744797,-38.547413],[-58.745155,-38.547697],[-58.744949,-38.547854],[-58.745273,-38.548115],[-58.745318,-38.548311],[-58.745478,-38.548441],[-58.745581,-38.548363],[-58.745736,-38.548488],[-58.745942,-38.548333],[-58.7461,-38.548461],[-58.746409,-38.548227],[-58.746612,-38.548394],[-58.746722,-38.548313],[-58.746802,-38.548077],[-58.747054,-38.547884],[-58.746972,-38.547818],[-58.74705,-38.547757],[-58.746951,-38.547677],[-58.747202,-38.54749],[-58.747365,-38.547619],[-58.747448,-38.547555],[-58.747534,-38.54762],[-58.74761,-38.54768],[-58.747772,-38.547557],[-58.747778,-38.547321],[-58.747868,-38.547258],[-58.747944,-38.547197],[-58.748022,-38.547138],[-58.747942,-38.547074],[-58.748022,-38.547012],[-58.747944,-38.546949],[-58.748107,-38.546826],[-58.748186,-38.546888],[-58.748268,-38.546825],[-58.748346,-38.546884],[-58.748424,-38.546821],[-58.748506,-38.54676],[-58.748583,-38.546696],[-58.748789,-38.546655],[-58.749032,-38.546467],[-58.748949,-38.546402],[-58.749027,-38.54634],[-58.748946,-38.546276],[-58.749024,-38.546215],[-58.74895,-38.546157]]]]},"properties":{"zona":"ZONA RESIDENCIAL 6","sigla":"R6","categoria":"Residencial","observaciones":null}},{"type":"Feature","geometry":{"type":"MultiPolygon","coordinates":[[[[-58.727524,-38.55511],[-58.727342,-38.555243],[-58.727264,-38.555179],[-58.727135,-38.555271],[-58.726978,-38.555136],[-58.726871,-38.555214],[-58.726611,-38.55526],[-58.726593,-38.555914],[-58.726577,-38.556509],[-58.726361,-38.556633],[-58.726198,-38.556759],[-58.72612,-38.556695],[-58.726038,-38.55676],[-58.726196,-38.556886],[-58.726394,-38.556928],[-58.726633,-38.557117],[-58.726469,-38.557242],[-58.726553,-38.557309],[-58.726473,-38.55737],[-58.72663,-38.557498],[-58.72671,-38.557437],[-58.726794,-38.557504],[-58.726874,-38.557444],[-58.726952,-38.557507],[-58.727037,-38.557442],[-58.7272,-38.557574],[-58.72722,-38.557765],[-58.727416,-38.557929],[-58.727334,-38.557991],[-58.72749,-38.558119],[-58.727411,-38.558179],[-58.727448,-38.558209],[-58.727529,-38.558275],[-58.727445,-38.558339],[-58.727526,-38.558405],[-58.727442,-38.558467],[-58.727521,-38.558531],[-58.727317,-38.558686],[-58.727239,-38.558877],[-58.727075,-38.559001],[-58.726997,-38.558938],[-58.726917,-38.558998],[-58.726837,-38.558933],[-58.726752,-38.558997],[-58.726673,-38.558932],[-58.726512,-38.559053],[-58.726591,-38.559116],[-58.7265,-38.559185],[-58.726581,-38.559249],[-58.726499,-38.55931],[-58.726576,-38.559372],[-58.726409,-38.559499],[-58.726342,-38.559554],[-58.725546,-38.558921],[-58.724338,-38.558874],[-58.723951,-38.56016],[-58.724077,-38.560261],[-58.724342,-38.560467],[-58.724505,-38.560341],[-58.724663,-38.560465],[-58.724339,-38.560717],[-58.724662,-38.560972],[-58.724732,-38.561028],[-58.724573,-38.561148],[-58.724547,-38.562629],[-58.724812,-38.562842],[-58.724741,-38.562898],[-58.724464,-38.563106],[-58.724635,-38.563246],[-58.724404,-38.563421],[-58.72437,-38.563447],[-58.724623,-38.563651],[-58.724527,-38.563723],[-58.724706,-38.563866],[-58.72478,-38.564053],[-58.72486,-38.564118],[-58.724919,-38.564135],[-58.724982,-38.564086],[-58.725043,-38.564136],[-58.725135,-38.564064],[-58.725399,-38.564279],[-58.72567,-38.56407],[-58.72576,-38.564143],[-58.725852,-38.564071],[-58.725955,-38.564156],[-58.726054,-38.56408],[-58.725981,-38.564021],[-58.726067,-38.563955],[-58.726243,-38.563912],[-58.726432,-38.563768],[-58.726347,-38.563698],[-58.726527,-38.563558],[-58.726467,-38.563509],[-58.72656,-38.563439],[-58.726526,-38.563411],[-58.726682,-38.563292],[-58.726808,-38.563393],[-58.727025,-38.563227],[-58.727145,-38.563121],[-58.727228,-38.563058],[-58.72731,-38.562994],[-58.727392,-38.56293],[-58.727233,-38.562803],[-58.72748,-38.56261],[-58.727561,-38.562676],[-58.727642,-38.562612],[-58.727722,-38.562678],[-58.727886,-38.562549],[-58.727969,-38.562614],[-58.728054,-38.562549],[-58.728013,-38.562311],[-58.728259,-38.562126],[-58.728338,-38.56206],[-58.728257,-38.561995],[-58.728423,-38.561867],[-58.728585,-38.561747],[-58.728667,-38.561809],[-58.728748,-38.561877],[-58.728834,-38.56181],[-58.728915,-38.561874],[-58.728994,-38.561816],[-58.729074,-38.561757],[-58.728982,-38.561564],[-58.729322,-38.561303],[-58.729137,-38.561155],[-58.729233,-38.561082],[-58.729294,-38.561129],[-58.729678,-38.560838],[-58.730128,-38.560987],[-58.730244,-38.560899],[-58.730144,-38.560819],[-58.730258,-38.56073],[-58.730095,-38.560598],[-58.730678,-38.560143],[-58.731148,-38.560187],[-58.731398,-38.559995],[-58.731237,-38.559864],[-58.731609,-38.55958],[-58.731808,-38.559739],[-58.732021,-38.559578],[-58.732154,-38.559492],[-58.732227,-38.559434],[-58.732124,-38.559355],[-58.732051,-38.55941],[-58.732027,-38.559392],[-58.732163,-38.559286],[-58.732227,-38.559232],[-58.732148,-38.559173],[-58.732347,-38.55901],[-58.732268,-38.558945],[-58.732186,-38.558881],[-58.732278,-38.558808],[-58.732114,-38.558682],[-58.732273,-38.558552],[-58.732107,-38.558424],[-58.731958,-38.558358],[-58.731632,-38.558098],[-58.731428,-38.558254],[-58.731268,-38.558126],[-58.731293,-38.558104],[-58.731388,-38.558033],[-58.731471,-38.557969],[-58.731151,-38.557712],[-58.731009,-38.557602],[-58.730691,-38.557343],[-58.730489,-38.557497],[-58.730331,-38.557367],[-58.730533,-38.557213],[-58.730217,-38.556955],[-58.730089,-38.556845],[-58.729768,-38.556578],[-58.729608,-38.556449],[-58.729599,-38.556455],[-58.729272,-38.556196],[-58.729138,-38.55609],[-58.728818,-38.555833],[-58.728613,-38.555992],[-58.728451,-38.555861],[-58.72857,-38.555769],[-58.728405,-38.555637],[-58.728567,-38.555514],[-58.728409,-38.555389],[-58.728207,-38.555361],[-58.727887,-38.555092],[-58.727682,-38.555242],[-58.727524,-38.55511]]]]},"properties":{"zona":"ZONA RESIDENCIAL 6","sigla":"R6","categoria":"Residencial","observaciones":null}},{"type":"Feature","geometry":{"type":"MultiPolygon","coordinates":[[[[-58.728513,-38.563806],[-58.728454,-38.563775],[-58.728215,-38.563974],[-58.728129,-38.564105],[-58.727715,-38.564424],[-58.728042,-38.564684],[-58.728015,-38.564705],[-58.727688,-38.564449],[-58.727529,-38.564569],[-58.727518,-38.56456],[-58.727179,-38.564287],[-58.72695,-38.564464],[-58.726796,-38.564534],[-58.72667,-38.56463],[-58.726834,-38.564762],[-58.726663,-38.56489],[-58.727217,-38.565336],[-58.727048,-38.565463],[-58.726747,-38.565218],[-58.726635,-38.565159],[-58.726578,-38.565203],[-58.726416,-38.565071],[-58.726327,-38.565138],[-58.726245,-38.56507],[-58.726167,-38.565129],[-58.726085,-38.565064],[-58.725966,-38.565158],[-58.7259,-38.565324],[-58.725732,-38.565458],[-58.72589,-38.565587],[-58.725799,-38.565656],[-58.726273,-38.566048],[-58.725937,-38.566306],[-58.725305,-38.565785],[-58.725059,-38.56597],[-58.724993,-38.566092],[-58.72473,-38.566294],[-58.725324,-38.566781],[-58.725301,-38.566798],[-58.724906,-38.566478],[-58.724722,-38.566616],[-58.724683,-38.566584],[-58.72432,-38.566857],[-58.724066,-38.566863],[-58.723532,-38.567267],[-58.723315,-38.567274],[-58.723223,-38.567345],[-58.723328,-38.567427],[-58.722889,-38.567762],[-58.722783,-38.56785],[-58.722246,-38.568252],[-58.722485,-38.568624],[-58.721662,-38.569244],[-58.721592,-38.569292],[-58.721548,-38.569325],[-58.722788,-38.5703],[-58.718353,-38.573699],[-58.718786,-38.573857],[-58.718831,-38.573782],[-58.721036,-38.57462],[-58.721467,-38.574239],[-58.721557,-38.574311],[-58.721701,-38.574427],[-58.721842,-38.574407],[-58.722312,-38.574698],[-58.722497,-38.574836],[-58.722858,-38.574817],[-58.723031,-38.574947],[-58.723084,-38.574858],[-58.723647,-38.574777],[-58.72381,-38.57465],[-58.723973,-38.574776],[-58.724056,-38.574711],[-58.724137,-38.574774],[-58.724343,-38.574611],[-58.724447,-38.574523],[-58.724652,-38.574365],[-58.72457,-38.5743],[-58.724898,-38.574046],[-58.724978,-38.574108],[-58.725059,-38.574045],[-58.725152,-38.574118],[-58.725354,-38.57396],[-58.725426,-38.573905],[-58.725606,-38.574048],[-58.728766,-38.571636],[-58.729071,-38.571283],[-58.728979,-38.571212],[-58.729221,-38.571024],[-58.728937,-38.5706],[-58.728963,-38.570599],[-58.728965,-38.570512],[-58.728921,-38.570509],[-58.728924,-38.570412],[-58.729006,-38.570412],[-58.729009,-38.570325],[-58.728925,-38.570326],[-58.728924,-38.570053],[-58.729048,-38.570053],[-58.729049,-38.569963],[-58.728928,-38.569963],[-58.728742,-38.569811],[-58.728687,-38.569809],[-58.728687,-38.569789],[-58.728488,-38.56994],[-58.727897,-38.569467],[-58.728395,-38.569495],[-58.728694,-38.56926],[-58.728442,-38.56926],[-58.728299,-38.569148],[-58.728402,-38.569069],[-58.728469,-38.569123],[-58.728837,-38.569119],[-58.728837,-38.568985],[-58.728925,-38.568983],[-58.728924,-38.568897],[-58.728963,-38.568895],[-58.728964,-38.568805],[-58.729047,-38.568803],[-58.72905,-38.568698],[-58.728876,-38.568698],[-58.729019,-38.568371],[-58.728945,-38.568312],[-58.729206,-38.568103],[-58.729094,-38.567663],[-58.729152,-38.56762],[-58.729145,-38.567517],[-58.729145,-38.567427],[-58.729017,-38.567428],[-58.729018,-38.567336],[-58.728762,-38.567335],[-58.728767,-38.566884],[-58.728712,-38.566857],[-58.728585,-38.566611],[-58.728516,-38.566439],[-58.728657,-38.566444],[-58.728787,-38.566444],[-58.728786,-38.566289],[-58.728486,-38.566052],[-58.728569,-38.565987],[-58.728785,-38.566155],[-58.728785,-38.566069],[-58.728784,-38.565903],[-58.728676,-38.565903],[-58.728913,-38.565718],[-58.729163,-38.565721],[-58.729163,-38.565631],[-58.729027,-38.565629],[-58.729183,-38.565307],[-58.728934,-38.565108],[-58.729164,-38.564936],[-58.729174,-38.564718],[-58.729249,-38.564653],[-58.729111,-38.564382],[-58.729025,-38.564204],[-58.728869,-38.564205],[-58.728866,-38.564053],[-58.728331,-38.564065],[-58.728241,-38.563993],[-58.728507,-38.563989],[-58.728513,-38.563806]]]]},"properties":{"zona":"ZONA RESIDENCIAL 6","sigla":"R6","categoria":"Residencial","observaciones":null}},{"type":"Feature","geometry":{"type":"MultiPolygon","coordinates":[[[[-58.709892,-38.529669],[-58.709847,-38.529633],[-58.708878,-38.530381],[-58.714638,-38.535101],[-58.715629,-38.534356],[-58.709892,-38.529669]]]]},"properties":{"zona":"ZONA RESIDENCIAL 7","sigla":"R7","categoria":"Residencial","observaciones":null}},{"type":"Feature","geometry":{"type":"MultiPolygon","coordinates":[[[[-58.703147,-38.557747],[-58.703509,-38.558033],[-58.703783,-38.557832],[-58.704099,-38.558094],[-58.70415,-38.558265],[-58.704549,-38.558592],[-58.704633,-38.558532],[-58.704706,-38.558588],[-58.704622,-38.558651],[-58.704708,-38.558722],[-58.704627,-38.558784],[-58.704703,-38.558848],[-58.704619,-38.558915],[-58.704779,-38.559044],[-58.704936,-38.559166],[-58.705126,-38.559324],[-58.70521,-38.559263],[-58.705287,-38.559326],[-58.705372,-38.559265],[-58.705451,-38.559332],[-58.705537,-38.559267],[-58.705625,-38.559339],[-58.70554,-38.559403],[-58.705618,-38.559466],[-58.705532,-38.559529],[-58.705611,-38.559593],[-58.705449,-38.559712],[-58.705645,-38.559875],[-58.705884,-38.559862],[-58.706181,-38.560102],[-58.706396,-38.559939],[-58.706605,-38.560107],[-58.706387,-38.560272],[-58.706682,-38.56051],[-58.706984,-38.560513],[-58.707381,-38.560835],[-58.707549,-38.560713],[-58.707747,-38.560876],[-58.708081,-38.56063],[-58.70823,-38.560544],[-58.708437,-38.560389],[-58.708275,-38.56026],[-58.708892,-38.55979],[-58.709177,-38.559801],[-58.709511,-38.55955],[-58.709568,-38.559596],[-58.70965,-38.559535],[-58.709733,-38.559472],[-58.709678,-38.559428],[-58.709702,-38.559409],[-58.70976,-38.559367],[-58.709843,-38.559304],[-58.709925,-38.559242],[-58.710009,-38.559179],[-58.710242,-38.559121],[-58.710834,-38.558677],[-58.710699,-38.558567],[-58.711085,-38.558273],[-58.711414,-38.558027],[-58.711255,-38.557897],[-58.711422,-38.557771],[-58.7115,-38.557833],[-58.711583,-38.557771],[-58.711664,-38.557837],[-58.71191,-38.55765],[-58.712076,-38.55758],[-58.712397,-38.557332],[-58.712152,-38.557139],[-58.712318,-38.557009],[-58.71228,-38.556978],[-58.712399,-38.556886],[-58.712076,-38.556631],[-58.711845,-38.556594],[-58.711053,-38.555943],[-58.71105,-38.555747],[-58.710891,-38.555616],[-58.710811,-38.555677],[-58.710729,-38.555611],[-58.710646,-38.555673],[-58.710563,-38.555607],[-58.710482,-38.555668],[-58.710323,-38.555539],[-58.710404,-38.555477],[-58.710322,-38.555412],[-58.710404,-38.555349],[-58.710327,-38.555284],[-58.710405,-38.555224],[-58.710248,-38.555098],[-58.710194,-38.554903],[-58.709957,-38.554707],[-58.709791,-38.554831],[-58.709717,-38.554768],[-58.709631,-38.554833],[-58.709549,-38.554766],[-58.709463,-38.55483],[-58.709383,-38.554762],[-58.709467,-38.554699],[-58.709395,-38.554636],[-58.709476,-38.554571],[-58.70923,-38.554369],[-58.709021,-38.554344],[-58.708621,-38.554018],[-58.708452,-38.554146],[-58.708251,-38.553984],[-58.707925,-38.554234],[-58.707855,-38.554411],[-58.707444,-38.554726],[-58.707481,-38.554755],[-58.70707,-38.555071],[-58.707391,-38.555522],[-58.707383,-38.555568],[-58.707206,-38.555699],[-58.706876,-38.555436],[-58.706665,-38.555593],[-58.706584,-38.555524],[-58.706156,-38.555844],[-58.705937,-38.555922],[-58.705115,-38.556553],[-58.704783,-38.556456],[-58.704618,-38.556581],[-58.704697,-38.556646],[-58.704614,-38.556708],[-58.704772,-38.556837],[-58.704689,-38.5569],[-58.704769,-38.556965],[-58.704687,-38.557028],[-58.704607,-38.556963],[-58.704442,-38.557087],[-58.704362,-38.557022],[-58.704279,-38.557085],[-58.7042,-38.55702],[-58.704034,-38.557144],[-58.703841,-38.557231],[-58.703147,-38.557747]]]]},"properties":{"zona":"ZONA RESIDENCIAL 7","sigla":"R7","categoria":"Residencial","observaciones":null}},{"type":"Feature","geometry":{"type":"MultiPolygon","coordinates":[[[[-58.713623,-38.535857],[-58.71274,-38.536513],[-58.706987,-38.53187],[-58.707727,-38.531289],[-58.704899,-38.529041],[-58.703517,-38.530098],[-58.703582,-38.530151],[-58.704026,-38.530501],[-58.704399,-38.530795],[-58.70457,-38.530945],[-58.705008,-38.531293],[-58.705376,-38.531585],[-58.705374,-38.531787],[-58.70546,-38.531858],[-58.705535,-38.5318],[-58.705807,-38.532017],[-58.705939,-38.531919],[-58.706015,-38.53198],[-58.705937,-38.532043],[-58.706097,-38.532173],[-58.706018,-38.532232],[-58.706203,-38.532384],[-58.706321,-38.532513],[-58.706513,-38.532666],[-58.706807,-38.532443],[-58.706946,-38.532559],[-58.707154,-38.532728],[-58.707225,-38.532784],[-58.70708,-38.532894],[-58.707002,-38.532949],[-58.706859,-38.533058],[-58.707051,-38.533214],[-58.707298,-38.533245],[-58.707673,-38.533548],[-58.708107,-38.533897],[-58.708256,-38.534],[-58.70862,-38.534295],[-58.708731,-38.534209],[-58.708939,-38.534376],[-58.708829,-38.534459],[-58.709059,-38.534645],[-58.709257,-38.534849],[-58.70942,-38.534978],[-58.709504,-38.534917],[-58.709582,-38.534979],[-58.709667,-38.534917],[-58.709747,-38.534981],[-58.709829,-38.534917],[-58.709993,-38.535053],[-58.709909,-38.535113],[-58.70999,-38.535177],[-58.709907,-38.53524],[-58.709988,-38.535305],[-58.709905,-38.535368],[-58.710071,-38.5355],[-58.710214,-38.535603],[-58.710448,-38.535792],[-58.71059,-38.535677],[-58.710735,-38.535795],[-58.710589,-38.535906],[-58.710932,-38.536181],[-58.710818,-38.53627],[-58.710907,-38.536342],[-58.71116,-38.536358],[-58.711528,-38.53666],[-58.711797,-38.536878],[-58.711709,-38.536948],[-58.711763,-38.53699],[-58.711736,-38.537014],[-58.711837,-38.537094],[-58.712231,-38.537233],[-58.712596,-38.537526],[-58.712753,-38.537409],[-58.71291,-38.537539],[-58.712745,-38.537663],[-58.712821,-38.537726],[-58.712733,-38.537792],[-58.712856,-38.537897],[-58.713115,-38.53796],[-58.713276,-38.538093],[-58.713356,-38.538034],[-58.713433,-38.538098],[-58.713511,-38.538041],[-58.713585,-38.538103],[-58.713665,-38.538044],[-58.71374,-38.538107],[-58.713661,-38.538165],[-58.713735,-38.538226],[-58.713657,-38.538283],[-58.713735,-38.538348],[-58.713653,-38.538409],[-58.713812,-38.53854],[-58.714244,-38.538612],[-58.714535,-38.538843],[-58.714618,-38.538781],[-58.714781,-38.538911],[-58.714699,-38.538973],[-58.714859,-38.539101],[-58.714773,-38.539167],[-58.714974,-38.539328],[-58.715039,-38.539484],[-58.715765,-38.540084],[-58.716118,-38.540177],[-58.716936,-38.54083],[-58.717251,-38.54072],[-58.717577,-38.540975],[-58.717862,-38.540755],[-58.717986,-38.540853],[-58.717697,-38.541075],[-58.717576,-38.541169],[-58.717698,-38.541265],[-58.717574,-38.541361],[-58.717817,-38.541552],[-58.71782,-38.541751],[-58.718056,-38.54194],[-58.71814,-38.541877],[-58.718219,-38.541941],[-58.718378,-38.541821],[-58.718548,-38.541957],[-58.718389,-38.542077],[-58.718472,-38.542144],[-58.718389,-38.542206],[-58.718626,-38.542397],[-58.718767,-38.5425],[-58.718928,-38.54263],[-58.719003,-38.54269],[-58.719087,-38.542627],[-58.719166,-38.542691],[-58.719325,-38.542571],[-58.719495,-38.542708],[-58.719335,-38.542827],[-58.719419,-38.542894],[-58.719335,-38.542956],[-58.719573,-38.543147],[-58.719706,-38.54328],[-58.719864,-38.543411],[-58.720032,-38.543287],[-58.720677,-38.543802],[-58.720394,-38.54421],[-58.720881,-38.544869],[-58.720757,-38.544966],[-58.721,-38.545161],[-58.721098,-38.545305],[-58.721177,-38.545369],[-58.721212,-38.545399],[-58.721254,-38.54543],[-58.721288,-38.545461],[-58.721325,-38.545502],[-58.721357,-38.545537],[-58.72139,-38.54557],[-58.721426,-38.545611],[-58.721495,-38.545686],[-58.721531,-38.545724],[-58.72156,-38.545757],[-58.721596,-38.545793],[-58.72163,-38.545831],[-58.721531,-38.545873],[-58.721613,-38.545939],[-58.721508,-38.545984],[-58.721677,-38.546118],[-58.721838,-38.546227],[-58.722235,-38.546547],[-58.722439,-38.546712],[-58.722337,-38.546758],[-58.722416,-38.546824],[-58.72231,-38.546872],[-58.722466,-38.547001],[-58.722469,-38.547189],[-58.722633,-38.547321],[-58.722715,-38.54726],[-58.722797,-38.547328],[-58.722881,-38.547265],[-58.722955,-38.54733],[-58.723038,-38.547268],[-58.723196,-38.5474],[-58.723121,-38.547456],[-58.723199,-38.547522],[-58.723113,-38.547586],[-58.723197,-38.547655],[-58.723114,-38.547714],[-58.723272,-38.547839],[-58.723126,-38.54806],[-58.72374,-38.548691],[-58.723606,-38.548793],[-58.72378,-38.548936],[-58.72408,-38.548973],[-58.724174,-38.549049],[-58.723987,-38.54919],[-58.724221,-38.549383],[-58.724187,-38.549408],[-58.724426,-38.549607],[-58.724337,-38.549672],[-58.724532,-38.549836],[-58.724577,-38.550009],[-58.724991,-38.550327],[-58.724944,-38.550365],[-58.725145,-38.550762],[-58.725653,-38.551494],[-58.726253,-38.550941],[-58.726637,-38.550447],[-58.727142,-38.549818],[-58.727059,-38.549462],[-58.727227,-38.548652],[-58.727101,-38.54803],[-58.726808,-38.547305],[-58.726777,-38.54699],[-58.72682,-38.546641],[-58.726719,-38.546476],[-58.726284,-38.545969],[-58.726071,-38.545555],[-58.725964,-38.545342],[-58.726001,-38.545148],[-58.72615,-38.544935],[-58.726468,-38.54475],[-58.727217,-38.544415],[-58.727784,-38.544095],[-58.72816,-38.543767],[-58.728876,-38.542961],[-58.729359,-38.542287],[-58.725232,-38.538951],[-58.724839,-38.538796],[-58.724335,-38.538636],[-58.72381,-38.538519],[-58.723169,-38.538422],[-58.722373,-38.538355],[-58.720576,-38.538246],[-58.71977,-38.538206],[-58.718917,-38.538142],[-58.717817,-38.537985],[-58.716989,-38.537777],[-58.716241,-38.537498],[-58.715518,-38.537158],[-58.713969,-38.536107],[-58.713623,-38.535857]]]]},"properties":{"zona":"ZONA RESIDENCIAL 7","sigla":"R7","categoria":"Residencial","observaciones":null}},{"type":"Feature","geometry":{"type":"MultiPolygon","coordinates":[[[[-58.725232,-38.538951],[-58.729359,-38.542287],[-58.729774,-38.541688],[-58.729873,-38.541259],[-58.729816,-38.540769],[-58.729578,-38.540329],[-58.729103,-38.539842],[-58.728454,-38.539481],[-58.727724,-38.539068],[-58.726968,-38.538538],[-58.726534,-38.538076],[-58.726198,-38.537051],[-58.726034,-38.534931],[-58.726572,-38.533717],[-58.727325,-38.5321],[-58.727872,-38.53157],[-58.728827,-38.531171],[-58.72999,-38.530923],[-58.731393,-38.530724],[-58.734256,-38.530284],[-58.735665,-38.530089],[-58.73647,-38.528845],[-58.73669,-38.527648],[-58.736474,-38.526481],[-58.736162,-38.525995],[-58.735697,-38.52534],[-58.733835,-38.524034],[-58.733622,-38.523772],[-58.733087,-38.522707],[-58.732426,-38.521481],[-58.732606,-38.520954],[-58.732783,-38.519447],[-58.73364,-38.51892],[-58.734685,-38.518362],[-58.735679,-38.51781],[-58.734523,-38.516869],[-58.729902,-38.520403],[-58.729815,-38.520413],[-58.728992,-38.521042],[-58.732725,-38.525697],[-58.720847,-38.534818],[-58.723817,-38.5372],[-58.725232,-38.538951]]]]},"properties":{"zona":"AREA COMPLEMENTARIA CO1","sigla":"ACCo1","categoria":"Complementaria, semiurbanizada y de reserva","observaciones":null}},{"type":"Feature","geometry":{"type":"MultiPolygon","coordinates":[[[[-58.723104,-38.549248],[-58.722947,-38.549367],[-58.72285,-38.549396],[-58.722745,-38.549427],[-58.722405,-38.549681],[-58.722287,-38.549585],[-58.722037,-38.549775],[-58.722154,-38.549874],[-58.72192,-38.550053],[-58.721755,-38.550115],[-58.721424,-38.550369],[-58.72126,-38.55024],[-58.721094,-38.550368],[-58.721291,-38.550526],[-58.72096,-38.550782],[-58.720903,-38.550971],[-58.720736,-38.551096],[-58.720657,-38.551029],[-58.720575,-38.550965],[-58.72041,-38.551089],[-58.72033,-38.551025],[-58.720167,-38.551146],[-58.720245,-38.551213],[-58.720078,-38.551337],[-58.720238,-38.551469],[-58.720072,-38.551593],[-58.719805,-38.551603],[-58.719639,-38.551727],[-58.719563,-38.551666],[-58.719483,-38.551726],[-58.719403,-38.551659],[-58.719081,-38.551904],[-58.71916,-38.551972],[-58.719072,-38.552038],[-58.719148,-38.552102],[-58.718986,-38.552223],[-58.718897,-38.552537],[-58.718741,-38.552658],[-58.71866,-38.552594],[-58.718578,-38.552657],[-58.718504,-38.552597],[-58.718422,-38.552659],[-58.718254,-38.552527],[-58.718088,-38.552654],[-58.718293,-38.552816],[-58.71797,-38.553067],[-58.717946,-38.553266],[-58.717701,-38.55346],[-58.717453,-38.553265],[-58.717126,-38.553519],[-58.71737,-38.553711],[-58.717123,-38.553906],[-58.716987,-38.554019],[-58.71678,-38.554177],[-58.716461,-38.553915],[-58.716253,-38.554068],[-58.716336,-38.554136],[-58.716652,-38.554394],[-58.716714,-38.554566],[-58.71712,-38.55489],[-58.7172,-38.554955],[-58.717122,-38.555014],[-58.717284,-38.555146],[-58.717161,-38.555239],[-58.717326,-38.555371],[-58.717535,-38.555411],[-58.717663,-38.555518],[-58.71831,-38.555047],[-58.719228,-38.554326],[-58.719411,-38.554182],[-58.719763,-38.553904],[-58.720262,-38.553512],[-58.720129,-38.553402],[-58.721644,-38.552993],[-58.721698,-38.553039],[-58.72297,-38.552555],[-58.722424,-38.551992],[-58.722694,-38.551786],[-58.722825,-38.551889],[-58.723096,-38.551681],[-58.722967,-38.55158],[-58.723237,-38.551369],[-58.723356,-38.551204],[-58.72352,-38.551081],[-58.723599,-38.551146],[-58.723765,-38.551022],[-58.723844,-38.551088],[-58.723932,-38.551024],[-58.724009,-38.551087],[-58.724252,-38.550904],[-58.724175,-38.55084],[-58.724255,-38.55078],[-58.723936,-38.550515],[-58.724009,-38.550311],[-58.723348,-38.549777],[-58.723422,-38.549719],[-58.723505,-38.549655],[-58.72333,-38.549515],[-58.723245,-38.549362],[-58.723104,-38.549248]]]]},"properties":{"zona":"ZONA COMERCIAL 2","sigla":"C2","categoria":"Comercial y administrativa","observaciones":null}},{"type":"Feature","geometry":{"type":"MultiPolygon","coordinates":[[[[-58.720847,-38.534818],[-58.732725,-38.525697],[-58.728992,-38.521042],[-58.729815,-38.520413],[-58.729902,-38.520403],[-58.734523,-38.516869],[-58.730728,-38.513779],[-58.712214,-38.527899],[-58.720847,-38.534818]]]]},"properties":{"zona":"ZONA PARQUE INDUSTRIAL","sigla":"ZPI","categoria":"Industrial y portuaria","observaciones":null}},{"type":"Feature","geometry":{"type":"MultiPolygon","coordinates":[[[[-58.703218,-38.567735],[-58.702954,-38.568036],[-58.703353,-38.568364],[-58.703019,-38.568609],[-58.703332,-38.569051],[-58.702865,-38.569568],[-58.703059,-38.569728],[-58.703146,-38.569798],[-58.703054,-38.569867],[-58.702859,-38.570015],[-58.703023,-38.570261],[-58.706203,-38.572833],[-58.710062,-38.569882],[-58.706302,-38.566844],[-58.714128,-38.560858],[-58.715219,-38.56175],[-58.715487,-38.561964],[-58.715949,-38.562263],[-58.716632,-38.562286],[-58.717451,-38.562132],[-58.718033,-38.561951],[-58.718517,-38.5617],[-58.718406,-38.56161],[-58.717824,-38.561122],[-58.717579,-38.561054],[-58.716761,-38.560407],[-58.716699,-38.560271],[-58.716499,-38.560112],[-58.716339,-38.560236],[-58.715735,-38.559752],[-58.715852,-38.55946],[-58.715647,-38.559292],[-58.7154,-38.559477],[-58.715195,-38.55932],[-58.71503,-38.559441],[-58.71483,-38.559281],[-58.714745,-38.559349],[-58.714635,-38.559428],[-58.714518,-38.559333],[-58.714382,-38.559434],[-58.71447,-38.559742],[-58.714267,-38.559899],[-58.714056,-38.560049],[-58.713955,-38.56013],[-58.71385,-38.560207],[-58.713691,-38.560078],[-58.713592,-38.560157],[-58.713492,-38.560229],[-58.713276,-38.560261],[-58.713111,-38.560392],[-58.71318,-38.560448],[-58.713096,-38.560515],[-58.713182,-38.56059],[-58.713099,-38.560654],[-58.713185,-38.56072],[-58.713015,-38.560847],[-58.712931,-38.56078],[-58.71285,-38.560844],[-58.712757,-38.560775],[-58.712673,-38.56084],[-58.712598,-38.560783],[-58.712421,-38.560916],[-58.712468,-38.561138],[-58.709588,-38.563352],[-58.709514,-38.563291],[-58.709404,-38.56337],[-58.709319,-38.563426],[-58.709239,-38.56349],[-58.709317,-38.56355],[-58.709226,-38.563613],[-58.709308,-38.563679],[-58.709148,-38.563802],[-58.70923,-38.563865],[-58.708981,-38.564049],[-58.708743,-38.563851],[-58.708661,-38.56391],[-58.708571,-38.56397],[-58.708486,-38.564455],[-58.708464,-38.564477],[-58.708391,-38.564533],[-58.708251,-38.564632],[-58.708174,-38.564573],[-58.708086,-38.564638],[-58.707996,-38.564697],[-58.707919,-38.564632],[-58.707827,-38.564693],[-58.707747,-38.564626],[-58.707598,-38.564731],[-58.707561,-38.564912],[-58.707473,-38.564983],[-58.707303,-38.565104],[-58.707463,-38.565233],[-58.707379,-38.565295],[-58.707301,-38.56535],[-58.707143,-38.565223],[-58.707061,-38.565284],[-58.706979,-38.56522],[-58.706893,-38.565284],[-58.706816,-38.56522],[-58.706565,-38.565405],[-58.706585,-38.565653],[-58.706165,-38.565961],[-58.706082,-38.566022],[-58.706003,-38.566086],[-58.705917,-38.566024],[-58.705831,-38.566087],[-58.705752,-38.566149],[-58.705677,-38.566204],[-58.705686,-38.566481],[-58.705268,-38.566786],[-58.705344,-38.56685],[-58.70526,-38.566911],[-58.705345,-38.566979],[-58.705263,-38.567042],[-58.705341,-38.567105],[-58.70558,-38.567302],[-58.705691,-38.567418],[-58.706009,-38.567677],[-58.706215,-38.567522],[-58.706377,-38.567654],[-58.706171,-38.56781],[-58.70622,-38.567846],[-58.706129,-38.567909],[-58.706157,-38.567931],[-58.70641,-38.568123],[-58.706531,-38.568248],[-58.706632,-38.56833],[-58.706707,-38.568273],[-58.706806,-38.568351],[-58.706933,-38.568256],[-58.707334,-38.568586],[-58.707166,-38.568713],[-58.707248,-38.568782],[-58.707374,-38.568882],[-58.707754,-38.568793],[-58.708074,-38.569057],[-58.708242,-38.569194],[-58.708026,-38.569347],[-58.708348,-38.569613],[-58.70854,-38.569666],[-58.708701,-38.569798],[-58.70846,-38.569982],[-58.708371,-38.570125],[-58.708071,-38.570354],[-58.708678,-38.570841],[-58.708451,-38.571012],[-58.70783,-38.570514],[-58.707531,-38.570742],[-58.707396,-38.570869],[-58.707144,-38.571057],[-58.707108,-38.571026],[-58.707228,-38.570933],[-58.707067,-38.570801],[-58.706849,-38.570742],[-58.706528,-38.570483],[-58.706322,-38.570635],[-58.70616,-38.570505],[-58.706237,-38.570445],[-58.706319,-38.570385],[-58.706399,-38.570324],[-58.706241,-38.570194],[-58.706321,-38.570132],[-58.706161,-38.570006],[-58.705923,-38.569976],[-58.705762,-38.569847],[-58.705608,-38.569721],[-58.7055,-38.569798],[-58.705399,-38.569879],[-58.705233,-38.569746],[-58.705444,-38.569587],[-58.705278,-38.569457],[-58.705372,-38.569384],[-58.705215,-38.569257],[-58.70495,-38.569264],[-58.704709,-38.569068],[-58.704625,-38.569134],[-58.704538,-38.569066],[-58.704458,-38.569127],[-58.704292,-38.568997],[-58.704499,-38.56884],[-58.704179,-38.568581],[-58.70409,-38.568439],[-58.703887,-38.568275],[-58.703718,-38.568404],[-58.703621,-38.568319],[-58.703519,-38.568242],[-58.703417,-38.568152],[-58.703317,-38.568073],[-58.703485,-38.567949],[-58.703283,-38.567787],[-58.703218,-38.567735]]]]},"properties":{"zona":"ZONA EQUIPAMIENTO ESPECIAL","sigla":"Ee","categoria":"Equipamiento y usos específicos","observaciones":null}},{"type":"Feature","geometry":{"type":"MultiPolygon","coordinates":[[[[-58.715219,-38.56175],[-58.714128,-38.560858],[-58.706302,-38.566844],[-58.710062,-38.569882],[-58.706203,-38.572833],[-58.703023,-38.570261],[-58.702953,-38.570313],[-58.702797,-38.570428],[-58.702948,-38.570548],[-58.702859,-38.570612],[-58.702999,-38.570729],[-58.702879,-38.571043],[-58.703279,-38.571369],[-58.702943,-38.571622],[-58.703095,-38.571942],[-58.70295,-38.571941],[-58.702948,-38.572095],[-58.70315,-38.572102],[-58.702855,-38.572516],[-58.703174,-38.572774],[-58.70284,-38.573023],[-58.703071,-38.573444],[-58.702983,-38.573445],[-58.702977,-38.573528],[-58.702966,-38.573619],[-58.703102,-38.573626],[-58.702978,-38.573898],[-58.702939,-38.574122],[-58.702868,-38.574536],[-58.705092,-38.574827],[-58.706361,-38.574463],[-58.708626,-38.573662],[-58.709115,-38.573333],[-58.711317,-38.57259],[-58.712667,-38.571968],[-58.712912,-38.571683],[-58.713733,-38.571981],[-58.713939,-38.571641],[-58.714126,-38.570476],[-58.714174,-38.570093],[-58.714157,-38.56988],[-58.71411,-38.569688],[-58.71373,-38.568882],[-58.7115,-38.565374],[-58.711105,-38.564876],[-58.711088,-38.56454],[-58.710645,-38.564147],[-58.710805,-38.564025],[-58.711393,-38.563872],[-58.711712,-38.563629],[-58.712458,-38.563355],[-58.713407,-38.563047],[-58.714688,-38.562037],[-58.715219,-38.56175]]]]},"properties":{"zona":"ZONA INDUSTRIAL PORTUARIA","sigla":"ZIP","categoria":"Industrial y portuaria","observaciones":null}},{"type":"Feature","geometry":{"type":"MultiPolygon","coordinates":[[[[-58.725232,-38.538951],[-58.723817,-38.5372],[-58.720847,-38.534818],[-58.712214,-38.527899],[-58.709892,-38.529669],[-58.715629,-38.534356],[-58.714638,-38.535101],[-58.713623,-38.535857],[-58.713969,-38.536107],[-58.715518,-38.537158],[-58.716241,-38.537498],[-58.716989,-38.537777],[-58.717817,-38.537985],[-58.718917,-38.538142],[-58.71977,-38.538206],[-58.720576,-38.538246],[-58.721386,-38.538296],[-58.722373,-38.538355],[-58.723169,-38.538422],[-58.72381,-38.538519],[-58.724335,-38.538636],[-58.724839,-38.538796],[-58.725232,-38.538951]]]]},"properties":{"zona":"ZONA INDUSTRIAL MIXTA 2","sigla":"ZIM2","categoria":"Industrial y portuaria","observaciones":null}},{"type":"Feature","geometry":{"type":"MultiPolygon","coordinates":[[[[-58.724974,-38.552006],[-58.724443,-38.55106],[-58.724252,-38.550904],[-58.724009,-38.551087],[-58.723932,-38.551024],[-58.723844,-38.551088],[-58.723765,-38.551022],[-58.723599,-38.551146],[-58.72352,-38.551081],[-58.723356,-38.551204],[-58.723237,-38.551369],[-58.722967,-38.55158],[-58.723096,-38.551681],[-58.722825,-38.551889],[-58.722694,-38.551786],[-58.722424,-38.551992],[-58.72297,-38.552555],[-58.721698,-38.553039],[-58.721644,-38.552993],[-58.720129,-38.553402],[-58.720262,-38.553512],[-58.719411,-38.554182],[-58.719599,-38.554332],[-58.721029,-38.553956],[-58.721984,-38.553624],[-58.723373,-38.553001],[-58.724591,-38.552243],[-58.724974,-38.552006]]]]},"properties":{"zona":"ZONA RESIDENCIAL 7","sigla":"R7","categoria":"Residencial","observaciones":null}},{"type":"Feature","geometry":{"type":"MultiPolygon","coordinates":[[[[-58.766417,-38.532247],[-58.755487,-38.523823],[-58.747195,-38.530293],[-58.744484,-38.528062],[-58.738589,-38.532561],[-58.736686,-38.534101],[-58.734911,-38.535461],[-58.734829,-38.535525],[-58.737645,-38.537752],[-58.738484,-38.536966],[-58.739419,-38.536202],[-58.743337,-38.539374],[-58.754933,-38.530431],[-58.758693,-38.53347],[-58.759589,-38.534201],[-58.760583,-38.534972],[-58.762662,-38.53666],[-58.767349,-38.533052],[-58.766417,-38.532247]]]]},"properties":{"zona":"ZONA INDUSTRIAL MIXTA","sigla":"ZIM","categoria":"Industrial y portuaria","observaciones":null}},{"type":"Feature","geometry":{"type":"MultiPolygon","coordinates":[[[[-58.697917,-38.516377],[-58.693962,-38.519405],[-58.693031,-38.520139],[-58.68975,-38.522613],[-58.689624,-38.522758],[-58.685895,-38.525567],[-58.685708,-38.525758],[-58.682065,-38.528503],[-58.681877,-38.528718],[-58.677993,-38.531644],[-58.676021,-38.533108],[-58.678831,-38.535426],[-58.678975,-38.535318],[-58.681804,-38.537629],[-58.681875,-38.537576],[-58.684752,-38.539935],[-58.698314,-38.529548],[-58.701052,-38.527456],[-58.701982,-38.526546],[-58.706264,-38.523096],[-58.697946,-38.516355],[-58.697917,-38.516377]]]]},"properties":{"zona":"ZONA INDUSTRIAL MIXTA 2","sigla":"ZIM2","categoria":"Industrial y portuaria","observaciones":null}},{"type":"Feature","geometry":{"type":"MultiPolygon","coordinates":[[[[-58.754526,-38.578614],[-58.754445,-38.57855],[-58.754282,-38.57842],[-58.75416,-38.578323],[-58.754041,-38.578229],[-58.75415,-38.578148],[-58.754015,-38.578042],[-58.753894,-38.578132],[-58.753767,-38.578031],[-58.753631,-38.577923],[-58.753509,-38.57781],[-58.753249,-38.5776],[-58.753372,-38.577507],[-58.753104,-38.577292],[-58.752982,-38.577383],[-58.752714,-38.577165],[-58.753261,-38.576585],[-58.751422,-38.57508],[-58.750788,-38.575416],[-58.750381,-38.575096],[-58.749974,-38.574777],[-58.749621,-38.574935],[-58.74946,-38.574806],[-58.749548,-38.57474],[-58.749467,-38.574673],[-58.74955,-38.57461],[-58.749467,-38.574543],[-58.749547,-38.574482],[-58.74939,-38.574355],[-58.749311,-38.574414],[-58.749228,-38.574347],[-58.749143,-38.57441],[-58.749066,-38.574348],[-58.748977,-38.574416],[-58.748815,-38.57428],[-58.748877,-38.57395],[-58.748477,-38.573632],[-58.748076,-38.573314],[-58.748065,-38.573119],[-58.747264,-38.572475],[-58.746724,-38.572592],[-58.746831,-38.572667],[-58.746426,-38.572973],[-58.746565,-38.573025],[-58.74673,-38.573157],[-58.746647,-38.573221],[-58.746724,-38.573287],[-58.746558,-38.573415],[-58.746638,-38.573481],[-58.746557,-38.573542],[-58.746718,-38.573676],[-58.746798,-38.573615],[-58.746879,-38.573679],[-58.747044,-38.573552],[-58.747125,-38.573618],[-58.747208,-38.573555],[-58.747367,-38.573682],[-58.747498,-38.573789],[-58.74766,-38.573918],[-58.74758,-38.573979],[-58.747666,-38.574048],[-58.747504,-38.574172],[-58.747583,-38.574236],[-58.747494,-38.574303],[-58.747655,-38.57443],[-58.747739,-38.574365],[-58.747821,-38.574428],[-58.747987,-38.574304],[-58.748066,-38.574368],[-58.748149,-38.574306],[-58.748306,-38.574433],[-58.748467,-38.574539],[-58.748628,-38.574668],[-58.748549,-38.57473],[-58.748635,-38.574798],[-58.748473,-38.574923],[-58.748552,-38.574987],[-58.748464,-38.575053],[-58.748624,-38.57518],[-58.748709,-38.575115],[-58.748791,-38.575178],[-58.748956,-38.575054],[-58.749036,-38.575118],[-58.749118,-38.575056],[-58.749276,-38.575183],[-58.749364,-38.575274],[-58.749525,-38.575404],[-58.749446,-38.575465],[-58.749531,-38.575533],[-58.749369,-38.575658],[-58.749448,-38.575722],[-58.749359,-38.575788],[-58.749519,-38.575916],[-58.749604,-38.575851],[-58.749686,-38.575914],[-58.749852,-38.57579],[-58.749931,-38.575854],[-58.750014,-38.575792],[-58.750171,-38.57592],[-58.750262,-38.576114],[-58.750504,-38.57631],[-58.750337,-38.576437],[-58.750656,-38.576696],[-58.750823,-38.576569],[-58.751059,-38.576761],[-58.750444,-38.577399],[-58.75131,-38.578098],[-58.752161,-38.577625],[-58.752404,-38.577818],[-58.752238,-38.577946],[-58.75256,-38.578201],[-58.752725,-38.578074],[-58.752968,-38.578267],[-58.753085,-38.578369],[-58.753487,-38.578691],[-58.752995,-38.57907],[-58.753402,-38.57938],[-58.753466,-38.57943],[-58.754034,-38.578993],[-58.754526,-38.578614]]]]},"properties":{"zona":"ZONA COMERCIAL 5","sigla":"C5","categoria":"Comercial y administrativa","observaciones":null}},{"type":"Feature","geometry":{"type":"MultiPolygon","coordinates":[[[[-58.745718,-38.572857],[-58.74556,-38.572729],[-58.745642,-38.572666],[-58.745566,-38.572603],[-58.745649,-38.572537],[-58.745567,-38.572471],[-58.745648,-38.57241],[-58.745486,-38.572278],[-58.745355,-38.572194],[-58.745115,-38.572001],[-58.74503,-38.572064],[-58.74495,-38.572],[-58.744872,-38.572059],[-58.744715,-38.571932],[-58.744794,-38.571871],[-58.744712,-38.571804],[-58.744795,-38.571741],[-58.744711,-38.571673],[-58.744795,-38.571611],[-58.744631,-38.571484],[-58.744335,-38.571473],[-58.744014,-38.571215],[-58.743847,-38.571341],[-58.743686,-38.571211],[-58.743853,-38.571084],[-58.743531,-38.57083],[-58.743422,-38.57075],[-58.74318,-38.570552],[-58.743013,-38.570681],[-58.742772,-38.570485],[-58.74294,-38.570358],[-58.742618,-38.570101],[-58.742568,-38.569934],[-58.7424,-38.569799],[-58.742316,-38.569863],[-58.742155,-38.569734],[-58.741988,-38.56986],[-58.741826,-38.569729],[-58.741993,-38.569604],[-58.741832,-38.569476],[-58.741917,-38.569412],[-58.74175,-38.569278],[-58.741681,-38.569112],[-58.74152,-38.568984],[-58.741436,-38.569048],[-58.741355,-38.568984],[-58.741273,-38.569048],[-58.741193,-38.568982],[-58.741109,-38.569048],[-58.740947,-38.568919],[-58.741032,-38.568855],[-58.740952,-38.568792],[-58.741034,-38.568728],[-58.740955,-38.568666],[-58.741039,-38.568601],[-58.740881,-38.568473],[-58.740733,-38.56835],[-58.740497,-38.568151],[-58.740246,-38.568342],[-58.73993,-38.568082],[-58.740013,-38.568018],[-58.740097,-38.567955],[-58.740175,-38.567892],[-58.739937,-38.567702],[-58.739813,-38.567599],[-58.739578,-38.5674],[-58.739327,-38.56759],[-58.739167,-38.56746],[-58.739001,-38.567582],[-58.738843,-38.567457],[-58.738506,-38.567711],[-58.738365,-38.567818],[-58.738031,-38.568071],[-58.738191,-38.568201],[-58.738028,-38.568325],[-58.737864,-38.568195],[-58.737534,-38.568445],[-58.737379,-38.568534],[-58.737294,-38.568598],[-58.737167,-38.568701],[-58.737244,-38.568763],[-58.737458,-38.568601],[-58.737486,-38.568623],[-58.736991,-38.568998],[-58.73691,-38.568933],[-58.73658,-38.569184],[-58.736378,-38.569219],[-58.736211,-38.569348],[-58.736286,-38.56941],[-58.736203,-38.569478],[-58.736284,-38.569541],[-58.736201,-38.569606],[-58.736289,-38.569669],[-58.736127,-38.56979],[-58.736045,-38.569722],[-58.735964,-38.569788],[-58.735883,-38.569725],[-58.735804,-38.569787],[-58.735723,-38.569722],[-58.735559,-38.569848],[-58.73533,-38.569897],[-58.735192,-38.570005],[-58.735267,-38.570073],[-58.735102,-38.570201],[-58.735256,-38.570329],[-58.73495,-38.570559],[-58.73479,-38.570427],[-58.734579,-38.570582],[-58.734514,-38.570763],[-58.734263,-38.570959],[-58.734347,-38.571023],[-58.734263,-38.571088],[-58.734344,-38.571151],[-58.734175,-38.571278],[-58.734101,-38.571217],[-58.73393,-38.571346],[-58.733748,-38.571203],[-58.733588,-38.57133],[-58.733488,-38.571426],[-58.733403,-38.571491],[-58.733315,-38.571553],[-58.733395,-38.571615],[-58.733319,-38.57168],[-58.733395,-38.571742],[-58.732813,-38.572184],[-58.732567,-38.572219],[-58.732485,-38.572283],[-58.7325,-38.572296],[-58.732417,-38.572358],[-58.732339,-38.572421],[-58.732421,-38.572487],[-58.73234,-38.57255],[-58.732422,-38.572615],[-58.73234,-38.572678],[-58.732419,-38.572744],[-58.732261,-38.572869],[-58.732577,-38.573126],[-58.732537,-38.573376],[-58.732701,-38.573506],[-58.732783,-38.573447],[-58.732861,-38.57351],[-58.733029,-38.573384],[-58.733184,-38.573509],[-58.733024,-38.573633],[-58.733424,-38.57396],[-58.733652,-38.573994],[-58.733974,-38.574257],[-58.734101,-38.574161],[-58.734265,-38.574296],[-58.734139,-38.57439],[-58.734458,-38.574649],[-58.734455,-38.57488],[-58.734611,-38.575002],[-58.734683,-38.574947],[-58.734767,-38.575012],[-58.734849,-38.574949],[-58.735009,-38.575074],[-58.735166,-38.574955],[-58.735253,-38.575019],[-58.735174,-38.575081],[-58.735252,-38.575145],[-58.735174,-38.575205],[-58.735253,-38.575268],[-58.735093,-38.575392],[-58.735255,-38.575519],[-58.735369,-38.575624],[-58.735536,-38.575754],[-58.735639,-38.575678],[-58.735795,-38.575805],[-58.736001,-38.575648],[-58.736165,-38.575776],[-58.73589,-38.575982],[-58.736213,-38.576239],[-58.73639,-38.576339],[-58.736559,-38.576472],[-58.736638,-38.57641],[-58.736717,-38.576473],[-58.7368,-38.576409],[-58.737122,-38.576666],[-58.737038,-38.576729],[-58.73712,-38.576793],[-58.737039,-38.576853],[-58.7372,-38.576985],[-58.737224,-38.577162],[-58.737474,-38.577359],[-58.737716,-38.577167],[-58.738045,-38.577427],[-58.737882,-38.577555],[-58.738125,-38.577744],[-58.738238,-38.577884],[-58.738456,-38.578056],[-58.738813,-38.577781],[-58.739053,-38.577972],[-58.739139,-38.577906],[-58.739216,-38.577968],[-58.739301,-38.577902],[-58.739382,-38.577968],[-58.739545,-38.57784],[-58.73979,-38.577811],[-58.739957,-38.577683],[-58.739877,-38.57762],[-58.739954,-38.577559],[-58.739872,-38.577495],[-58.739951,-38.577435],[-58.739868,-38.577368],[-58.740031,-38.577243],[-58.740113,-38.577308],[-58.740201,-38.577239],[-58.740284,-38.577306],[-58.740364,-38.577244],[-58.74044,-38.577304],[-58.740604,-38.577181],[-58.74074,-38.577066],[-58.740904,-38.576944],[-58.740742,-38.576815],[-58.740826,-38.576751],[-58.740749,-38.57669],[-58.74083,-38.576627],[-58.740751,-38.576564],[-58.740912,-38.57644],[-58.740993,-38.576506],[-58.741074,-38.576444],[-58.741151,-38.576505],[-58.741233,-38.576442],[-58.741314,-38.576508],[-58.741477,-38.57638],[-58.741541,-38.576219],[-58.741786,-38.576029],[-58.741704,-38.575966],[-58.741789,-38.5759],[-58.741704,-38.575833],[-58.741873,-38.575703],[-58.741961,-38.575773],[-58.742045,-38.575706],[-58.742126,-38.575771],[-58.742371,-38.575577],[-58.742493,-38.575453],[-58.742733,-38.575266],[-58.742652,-38.575204],[-58.742736,-38.575139],[-58.742652,-38.575074],[-58.742818,-38.574946],[-58.742905,-38.575014],[-58.742988,-38.574949],[-58.743067,-38.575012],[-58.743309,-38.574822],[-58.743463,-38.574725],[-58.743703,-38.574538],[-58.743622,-38.574476],[-58.743706,-38.574412],[-58.743623,-38.574346],[-58.743703,-38.574284],[-58.743299,-38.573964],[-58.743383,-38.573899],[-58.743875,-38.574286],[-58.743958,-38.574221],[-58.744037,-38.574284],[-58.744279,-38.574094],[-58.744579,-38.574128],[-58.744746,-38.574],[-58.744665,-38.573936],[-58.744742,-38.573876],[-58.744661,-38.573812],[-58.74474,-38.573752],[-58.744657,-38.573685],[-58.74491,-38.573491],[-58.74499,-38.573556],[-58.74507,-38.573494],[-58.745153,-38.57356],[-58.745314,-38.573436],[-58.745471,-38.5733],[-58.745631,-38.573175],[-58.745551,-38.57311],[-58.745715,-38.572984],[-58.745636,-38.57292],[-58.745718,-38.572857]]]]},"properties":{"zona":"ZONA RESIDENCIAL 7","sigla":"R7","categoria":"Residencial","observaciones":null}},{"type":"Feature","geometry":{"type":"MultiPolygon","coordinates":[[[[-58.742126,-38.581911],[-58.742294,-38.581787],[-58.742459,-38.58192],[-58.742649,-38.581952],[-58.74283,-38.582099],[-58.742738,-38.582169],[-58.743203,-38.582435],[-58.743312,-38.582355],[-58.74356,-38.582554],[-58.743826,-38.582423],[-58.743758,-38.582369],[-58.743593,-38.582234],[-58.743753,-38.582113],[-58.743601,-38.581988],[-58.743772,-38.58186],[-58.743614,-38.58173],[-58.743443,-38.581857],[-58.743284,-38.581727],[-58.743121,-38.581849],[-58.742962,-38.581718],[-58.742838,-38.581598],[-58.742676,-38.581475],[-58.742755,-38.581413],[-58.742672,-38.581346],[-58.74275,-38.581285],[-58.742672,-38.581224],[-58.742757,-38.581159],[-58.742598,-38.581034],[-58.742512,-38.581099],[-58.742433,-38.581035],[-58.742354,-38.581095],[-58.742273,-38.581029],[-58.742199,-38.581089],[-58.742033,-38.580958],[-58.742048,-38.580733],[-58.741727,-38.580475],[-58.741808,-38.580414],[-58.741724,-38.580346],[-58.741811,-38.580286],[-58.741729,-38.580219],[-58.741561,-38.580343],[-58.741482,-38.580281],[-58.741399,-38.580344],[-58.74132,-38.58028],[-58.741237,-38.580343],[-58.74108,-38.580215],[-58.74095,-38.58012],[-58.740788,-38.579989],[-58.740871,-38.579927],[-58.740788,-38.579859],[-58.740872,-38.579792],[-58.740794,-38.579728],[-58.740955,-38.579606],[-58.740467,-38.57922],[-58.740301,-38.579348],[-58.740545,-38.579536],[-58.740457,-38.579601],[-58.740217,-38.579412],[-58.740088,-38.579304],[-58.739929,-38.579176],[-58.740009,-38.579112],[-58.739929,-38.579047],[-58.740009,-38.578985],[-58.739929,-38.578919],[-58.740013,-38.578856],[-58.739932,-38.578791],[-58.739849,-38.578725],[-58.739764,-38.578789],[-58.739681,-38.578725],[-58.739603,-38.578787],[-58.73952,-38.578722],[-58.73944,-38.578786],[-58.739359,-38.578721],[-58.739194,-38.57885],[-58.739247,-38.579129],[-58.739004,-38.579318],[-58.73937,-38.579606],[-58.739472,-38.579528],[-58.739638,-38.579657],[-58.739837,-38.579697],[-58.739997,-38.579824],[-58.739837,-38.57995],[-58.739998,-38.580079],[-58.739919,-38.580141],[-58.740083,-38.58027],[-58.740164,-38.580205],[-58.740248,-38.580273],[-58.740333,-38.580206],[-58.740574,-38.580396],[-58.74068,-38.580521],[-58.740844,-38.580649],[-58.740681,-38.580776],[-58.74093,-38.580968],[-58.741175,-38.58116],[-58.741339,-38.581032],[-58.741505,-38.581161],[-58.741647,-38.581271],[-58.741812,-38.581403],[-58.741646,-38.581528],[-58.742126,-38.581911]]]]},"properties":{"zona":"ZONA COMERCIAL 5","sigla":"C5","categoria":"Comercial y administrativa","observaciones":null}},{"type":"Feature","geometry":{"type":"MultiPolygon","coordinates":[[[[-58.742738,-38.582169],[-58.74283,-38.582099],[-58.742649,-38.581952],[-58.742459,-38.58192],[-58.742294,-38.581787],[-58.742126,-38.581911],[-58.742295,-38.582051],[-58.742466,-38.582098],[-58.742575,-38.582189],[-58.742738,-38.582169]]]]},"properties":{"zona":"ZONA RESIDENCIAL 7 ESPECIAL","sigla":"C3","categoria":"Residencial","observaciones":null}},{"type":"Feature","geometry":{"type":"MultiPolygon","coordinates":[[[[-58.773769,-38.593651],[-58.773893,-38.593746],[-58.774014,-38.593839],[-58.774098,-38.59377],[-58.774334,-38.59395],[-58.774571,-38.593966],[-58.774818,-38.594155],[-58.774938,-38.594051],[-58.775159,-38.594214],[-58.775328,-38.594281],[-58.775715,-38.5945],[-58.775883,-38.594366],[-58.776006,-38.594464],[-58.776136,-38.594568],[-58.77638,-38.594588],[-58.776503,-38.594688],[-58.776622,-38.594784],[-58.776746,-38.594688],[-58.776984,-38.594881],[-58.777235,-38.594899],[-58.777362,-38.594999],[-58.777477,-38.595091],[-58.777546,-38.595037],[-58.777795,-38.595224],[-58.778077,-38.595255],[-58.77832,-38.595443],[-58.778439,-38.595344],[-58.778559,-38.595438],[-58.778651,-38.59551],[-58.778797,-38.595538],[-58.784628,-38.590977],[-58.78087,-38.588045],[-58.776946,-38.59104],[-58.769071,-38.584787],[-58.765561,-38.581851],[-58.75802,-38.575905],[-58.754526,-38.578614],[-58.754034,-38.578993],[-58.753466,-38.57943],[-58.753402,-38.57938],[-58.752995,-38.57907],[-58.753487,-38.578691],[-58.753085,-38.578369],[-58.752968,-38.578267],[-58.752725,-38.578074],[-58.75256,-38.578201],[-58.752238,-38.577946],[-58.752404,-38.577818],[-58.752161,-38.577625],[-58.75131,-38.578098],[-58.750444,-38.577399],[-58.751059,-38.576761],[-58.750823,-38.576569],[-58.750656,-38.576696],[-58.750337,-38.576437],[-58.750504,-38.57631],[-58.750262,-38.576114],[-58.750171,-38.57592],[-58.750014,-38.575792],[-58.749931,-38.575854],[-58.749852,-38.57579],[-58.749686,-38.575914],[-58.749604,-38.575851],[-58.749519,-38.575916],[-58.749359,-38.575788],[-58.749448,-38.575722],[-58.749369,-38.575658],[-58.749531,-38.575533],[-58.749446,-38.575465],[-58.749525,-38.575404],[-58.749364,-38.575274],[-58.749276,-38.575183],[-58.749118,-38.575056],[-58.749036,-38.575118],[-58.748956,-38.575054],[-58.748791,-38.575178],[-58.748709,-38.575115],[-58.748624,-38.57518],[-58.748464,-38.575053],[-58.748552,-38.574987],[-58.748473,-38.574923],[-58.748635,-38.574798],[-58.748549,-38.57473],[-58.748628,-38.574668],[-58.748467,-38.574539],[-58.748306,-38.574433],[-58.748149,-38.574306],[-58.748066,-38.574368],[-58.747987,-38.574304],[-58.747821,-38.574428],[-58.747739,-38.574365],[-58.747655,-38.57443],[-58.747494,-38.574303],[-58.747583,-38.574236],[-58.747504,-38.574172],[-58.747666,-38.574048],[-58.74758,-38.573979],[-58.74766,-38.573918],[-58.747498,-38.573789],[-58.747367,-38.573682],[-58.747208,-38.573555],[-58.747125,-38.573618],[-58.747044,-38.573552],[-58.746879,-38.573679],[-58.746798,-38.573615],[-58.746718,-38.573676],[-58.746557,-38.573542],[-58.746474,-38.573606],[-58.746392,-38.57354],[-58.746225,-38.573668],[-58.746145,-38.573604],[-58.745988,-38.573721],[-58.745994,-38.573975],[-58.745669,-38.574226],[-58.745581,-38.574291],[-58.745503,-38.574353],[-58.745422,-38.574291],[-58.745339,-38.574353],[-58.745254,-38.574419],[-58.745174,-38.574354],[-58.745006,-38.574483],[-58.74494,-38.574633],[-58.744616,-38.574884],[-58.74478,-38.575017],[-58.744614,-38.575146],[-58.744448,-38.575011],[-58.744115,-38.57527],[-58.74392,-38.575318],[-58.743759,-38.575444],[-58.743845,-38.575512],[-58.743684,-38.575638],[-58.743763,-38.575702],[-58.743599,-38.575826],[-58.743516,-38.575763],[-58.743354,-38.57589],[-58.743264,-38.575821],[-58.743089,-38.575958],[-58.74321,-38.576253],[-58.742753,-38.576607],[-58.742675,-38.576545],[-58.742512,-38.576671],[-58.742354,-38.576544],[-58.742151,-38.576696],[-58.741928,-38.576736],[-58.74176,-38.576868],[-58.741916,-38.576997],[-58.741754,-38.577121],[-58.741837,-38.577189],[-58.741506,-38.577446],[-58.741262,-38.57725],[-58.741104,-38.57737],[-58.741049,-38.577532],[-58.740886,-38.577656],[-58.740967,-38.57772],[-58.740885,-38.577785],[-58.740967,-38.577849],[-58.740881,-38.577915],[-58.741368,-38.578304],[-58.741289,-38.578364],[-58.740802,-38.577976],[-58.740717,-38.57804],[-58.740634,-38.577976],[-58.740556,-38.578038],[-58.740473,-38.577974],[-58.740393,-38.578037],[-58.740312,-38.577973],[-58.740148,-38.578101],[-58.740096,-38.578281],[-58.739933,-38.578405],[-58.740013,-38.578468],[-58.739931,-38.578534],[-58.740014,-38.578598],[-58.739927,-38.578664],[-58.740011,-38.578731],[-58.739932,-38.578791],[-58.740013,-38.578856],[-58.739929,-38.578919],[-58.740009,-38.578985],[-58.739929,-38.579047],[-58.740009,-38.579112],[-58.739929,-38.579176],[-58.740088,-38.579304],[-58.740217,-38.579412],[-58.740457,-38.579601],[-58.740545,-38.579536],[-58.740301,-38.579348],[-58.740467,-38.57922],[-58.740955,-38.579606],[-58.740794,-38.579728],[-58.740872,-38.579792],[-58.740788,-38.579859],[-58.740871,-38.579927],[-58.740788,-38.579989],[-58.74095,-38.58012],[-58.74108,-38.580215],[-58.741237,-38.580343],[-58.74132,-38.58028],[-58.741399,-38.580344],[-58.741482,-38.580281],[-58.741561,-38.580343],[-58.741729,-38.580219],[-58.741811,-38.580286],[-58.741724,-38.580346],[-58.741808,-38.580414],[-58.741727,-38.580475],[-58.742048,-38.580733],[-58.742033,-38.580958],[-58.742199,-38.581089],[-58.742273,-38.581029],[-58.742354,-38.581095],[-58.742433,-38.581035],[-58.742512,-38.581099],[-58.742598,-38.581034],[-58.742757,-38.581159],[-58.742672,-38.581224],[-58.74275,-38.581285],[-58.742672,-38.581346],[-58.742755,-38.581413],[-58.742676,-38.581475],[-58.742838,-38.581598],[-58.742962,-38.581718],[-58.743121,-38.581849],[-58.743284,-38.581727],[-58.743443,-38.581857],[-58.743614,-38.58173],[-58.743772,-38.58186],[-58.743601,-38.581988],[-58.743753,-38.582113],[-58.743593,-38.582234],[-58.743758,-38.582369],[-58.743826,-38.582423],[-58.743911,-38.582468],[-58.744071,-38.582597],[-58.744235,-38.582473],[-58.744397,-38.582602],[-58.744567,-38.582471],[-58.74473,-38.582598],[-58.74456,-38.582731],[-58.744889,-38.582989],[-58.745059,-38.583061],[-58.745159,-38.583141],[-58.745565,-38.58308],[-58.745973,-38.583307],[-58.745957,-38.583334],[-58.746154,-38.583488],[-58.74638,-38.583536],[-58.746469,-38.583609],[-58.74659,-38.583593],[-58.74666,-38.583683],[-58.746787,-38.583755],[-58.746867,-38.583692],[-58.747469,-38.584048],[-58.747683,-38.583989],[-58.747857,-38.584134],[-58.747944,-38.58407],[-58.748165,-38.584253],[-58.74833,-38.584129],[-58.748719,-38.584453],[-58.749009,-38.584452],[-58.749185,-38.584592],[-58.749279,-38.584521],[-58.749906,-38.585028],[-58.750288,-38.584831],[-58.751146,-38.585514],[-58.751542,-38.585478],[-58.751731,-38.585629],[-58.751784,-38.585541],[-58.751865,-38.585479],[-58.752515,-38.585988],[-58.752876,-38.585888],[-58.753034,-38.586017],[-58.753069,-38.586047],[-58.753114,-38.586082],[-58.753192,-38.586146],[-58.753272,-38.586212],[-58.75335,-38.586277],[-58.753428,-38.586341],[-58.753687,-38.586147],[-58.753765,-38.58621],[-58.753593,-38.586341],[-58.753751,-38.586471],[-58.754081,-38.586326],[-58.754845,-38.586888],[-58.754924,-38.586825],[-58.755088,-38.586955],[-58.755494,-38.58686],[-58.755658,-38.586993],[-58.755746,-38.586928],[-58.756367,-38.587435],[-58.756711,-38.587392],[-58.756828,-38.587487],[-58.756989,-38.587474],[-58.757447,-38.587844],[-58.757568,-38.587749],[-58.757885,-38.587829],[-58.758198,-38.587764],[-58.758587,-38.588083],[-58.758665,-38.588147],[-58.758988,-38.58841],[-58.759531,-38.588158],[-58.760334,-38.588802],[-58.760582,-38.58888],[-58.76077,-38.589034],[-58.760823,-38.588948],[-58.760883,-38.588885],[-58.761436,-38.589232],[-58.761587,-38.589118],[-58.761748,-38.589245],[-58.762054,-38.589223],[-58.762233,-38.589366],[-58.762346,-38.589456],[-58.762426,-38.58952],[-58.762856,-38.589867],[-58.763136,-38.589866],[-58.763302,-38.589995],[-58.763457,-38.58987],[-58.763945,-38.590247],[-58.764029,-38.590179],[-58.764193,-38.590307],[-58.764494,-38.590234],[-58.765156,-38.590614],[-58.76548,-38.590353],[-58.765563,-38.590418],[-58.765401,-38.590548],[-58.765481,-38.59061],[-58.7654,-38.590675],[-58.765559,-38.5908],[-58.765813,-38.590834],[-58.765976,-38.590961],[-58.766136,-38.590832],[-58.766219,-38.59077],[-58.766305,-38.590838],[-58.766867,-38.591279],[-58.767103,-38.591257],[-58.76727,-38.59138],[-58.767427,-38.591249],[-58.767458,-38.591271],[-58.767509,-38.591185],[-58.76815,-38.591657],[-58.768507,-38.591765],[-58.768751,-38.591956],[-58.768876,-38.591858],[-58.769118,-38.592039],[-58.769389,-38.592049],[-58.769637,-38.592237],[-58.769756,-38.592139],[-58.770004,-38.592327],[-58.770321,-38.592351],[-58.770563,-38.592538],[-58.770637,-38.592477],[-58.77068,-38.592441],[-58.770433,-38.592259],[-58.770243,-38.592132],[-58.769747,-38.591757],[-58.769604,-38.591653],[-58.769116,-38.59128],[-58.76905,-38.590998],[-58.768892,-38.590876],[-58.768814,-38.59094],[-58.768734,-38.590878],[-58.768569,-38.591013],[-58.768484,-38.590947],[-58.7684,-38.591016],[-58.768236,-38.59089],[-58.768319,-38.590822],[-58.768236,-38.590759],[-58.768404,-38.590625],[-58.768321,-38.590561],[-58.7684,-38.590498],[-58.768234,-38.590371],[-58.768101,-38.590281],[-58.767938,-38.590154],[-58.767858,-38.590218],[-58.767776,-38.590155],[-58.767616,-38.590283],[-58.767535,-38.59022],[-58.767455,-38.590285],[-58.767292,-38.590158],[-58.767372,-38.590093],[-58.767291,-38.59003],[-58.767451,-38.589901],[-58.767369,-38.589837],[-58.767449,-38.589773],[-58.767286,-38.589646],[-58.767128,-38.58952],[-58.766969,-38.589397],[-58.766889,-38.589463],[-58.766808,-38.589401],[-58.766646,-38.58953],[-58.766563,-38.589466],[-58.766481,-38.589532],[-58.76632,-38.589407],[-58.766401,-38.589341],[-58.76632,-38.589279],[-58.766484,-38.589146],[-58.766404,-38.589084],[-58.766482,-38.589022],[-58.766315,-38.588894],[-58.766201,-38.588785],[-58.766007,-38.588644],[-58.765926,-38.588708],[-58.765845,-38.588645],[-58.765685,-38.588773],[-58.765603,-38.588709],[-58.765522,-38.588773],[-58.76536,-38.588645],[-58.765441,-38.588581],[-58.765361,-38.588517],[-58.765523,-38.58839],[-58.76544,-38.588325],[-58.765522,-38.58826],[-58.76536,-38.588133],[-58.765259,-38.588029],[-58.765099,-38.587902],[-58.765017,-38.587966],[-58.764931,-38.587899],[-58.764766,-38.588026],[-58.764686,-38.587963],[-58.764603,-38.588025],[-58.764436,-38.587891],[-58.76452,-38.58783],[-58.764439,-38.587766],[-58.764607,-38.587639],[-58.764528,-38.587576],[-58.764611,-38.587512],[-58.764452,-38.587382],[-58.764327,-38.587264],[-58.764167,-38.587137],[-58.764086,-38.587201],[-58.764,-38.587134],[-58.763834,-38.587261],[-58.763755,-38.587199],[-58.763671,-38.58726],[-58.763504,-38.587127],[-58.763588,-38.587065],[-58.763507,-38.587002],[-58.763675,-38.586875],[-58.763597,-38.586812],[-58.763679,-38.586748],[-58.76352,-38.586618],[-58.763408,-38.586495],[-58.763249,-38.586368],[-58.763166,-38.586431],[-58.763086,-38.586367],[-58.762919,-38.586494],[-58.762837,-38.586428],[-58.762753,-38.58649],[-58.762593,-38.586362],[-58.762675,-38.586299],[-58.762594,-38.586234],[-58.762759,-38.586105],[-58.76268,-38.586043],[-58.762761,-38.585979],[-58.762598,-38.585849],[-58.762475,-38.585752],[-58.762316,-38.585625],[-58.762233,-38.585687],[-58.762153,-38.585624],[-58.761986,-38.585751],[-58.761904,-38.585685],[-58.76182,-38.585747],[-58.76166,-38.585619],[-58.761742,-38.585555],[-58.761661,-38.58549],[-58.761826,-38.585362],[-58.761747,-38.585299],[-58.761828,-38.585236],[-58.761665,-38.585105],[-58.761598,-38.585053],[-58.762034,-38.584716],[-58.762086,-38.584748],[-58.762248,-38.584878],[-58.762332,-38.584815],[-58.762491,-38.584943],[-58.762575,-38.584879],[-58.762734,-38.585008],[-58.76265,-38.585073],[-58.76281,-38.5852],[-58.762728,-38.585264],[-58.762889,-38.585393],[-58.76302,-38.585517],[-58.763183,-38.585646],[-58.763266,-38.585583],[-58.763425,-38.585711],[-58.763509,-38.585647],[-58.763669,-38.585776],[-58.763585,-38.585841],[-58.763745,-38.585968],[-58.763662,-38.586033],[-58.763824,-38.586162],[-58.764041,-38.586221],[-58.764275,-38.586411],[-58.764362,-38.58635],[-58.764438,-38.58641],[-58.764519,-38.586351],[-58.764676,-38.58648],[-58.764595,-38.586541],[-58.764673,-38.586608],[-58.764591,-38.586667],[-58.764824,-38.58686],[-58.764999,-38.586948],[-58.765277,-38.58718],[-58.765402,-38.587088],[-58.76552,-38.587186],[-58.768845,-38.589841],[-58.768541,-38.590096],[-58.768586,-38.590135],[-58.768756,-38.590261],[-58.768912,-38.590134],[-58.768994,-38.590197],[-58.769069,-38.590137],[-58.769069,-38.590137],[-58.769151,-38.5902],[-58.76923,-38.590136],[-58.769391,-38.590259],[-58.769313,-38.590323],[-58.769397,-38.590386],[-58.76932,-38.590448],[-58.769402,-38.590511],[-58.769244,-38.590638],[-58.769408,-38.590765],[-58.769618,-38.590875],[-58.7701,-38.591253],[-58.770266,-38.591355],[-58.770386,-38.591449],[-58.770751,-38.591731],[-58.770916,-38.591877],[-58.771432,-38.59227],[-58.771586,-38.592408],[-58.772106,-38.592801],[-58.772203,-38.592916],[-58.772573,-38.593193],[-58.772698,-38.593287],[-58.772815,-38.593428],[-58.772965,-38.593544],[-58.773079,-38.593455],[-58.773171,-38.593526],[-58.77329,-38.593428],[-58.773536,-38.593617],[-58.773769,-38.593651]]]]},"properties":{"zona":"ZONA RESIDENCIAL 7 ESPECIAL","sigla":"R7 e","categoria":"Residencial","observaciones":null}},{"type":"Feature","geometry":{"type":"MultiPolygon","coordinates":[[[[-58.741646,-38.581528],[-58.741812,-38.581403],[-58.741647,-38.581271],[-58.741505,-38.581161],[-58.741339,-38.581032],[-58.741175,-38.58116],[-58.74093,-38.580968],[-58.740681,-38.580776],[-58.740844,-38.580649],[-58.74068,-38.580521],[-58.740574,-38.580396],[-58.740333,-38.580206],[-58.740248,-38.580273],[-58.740164,-38.580205],[-58.740083,-38.58027],[-58.739919,-38.580141],[-58.739998,-38.580079],[-58.739837,-38.57995],[-58.739997,-38.579824],[-58.739837,-38.579697],[-58.739638,-38.579657],[-58.739472,-38.579528],[-58.73937,-38.579606],[-58.739004,-38.579318],[-58.738845,-38.579442],[-58.738885,-38.579474],[-58.7388,-38.579536],[-58.738719,-38.579474],[-58.738553,-38.5796],[-58.738471,-38.579537],[-58.738389,-38.579599],[-58.738311,-38.579663],[-58.738177,-38.579766],[-58.737963,-38.579928],[-58.738044,-38.579993],[-58.737959,-38.580058],[-58.738042,-38.580124],[-58.737962,-38.580186],[-58.738208,-38.580386],[-58.738153,-38.580475],[-58.738357,-38.580639],[-58.73862,-38.580635],[-58.738761,-38.580751],[-58.738864,-38.580675],[-58.739059,-38.580832],[-58.739129,-38.580779],[-58.739214,-38.580847],[-58.739227,-38.580837],[-58.739318,-38.58091],[-58.739341,-38.580892],[-58.739435,-38.580968],[-58.73946,-38.58095],[-58.739572,-38.581041],[-58.739687,-38.580952],[-58.740031,-38.581037],[-58.740331,-38.581273],[-58.740453,-38.581106],[-58.740602,-38.581225],[-58.741018,-38.581549],[-58.741312,-38.581528],[-58.741457,-38.581649],[-58.74157,-38.581467],[-58.741646,-38.581528]]]]},"properties":{"zona":"ZONA RESIDENCIAL 7 ESPECIAL","sigla":"R7 e","categoria":"Residencial","observaciones":null}},{"type":"Feature","geometry":{"type":"MultiPolygon","coordinates":[[[[-58.745718,-38.572857],[-58.745636,-38.57292],[-58.745715,-38.572984],[-58.745551,-38.57311],[-58.745631,-38.573175],[-58.745471,-38.5733],[-58.745314,-38.573436],[-58.745153,-38.57356],[-58.74507,-38.573494],[-58.74499,-38.573556],[-58.74491,-38.573491],[-58.744657,-38.573685],[-58.74474,-38.573752],[-58.744661,-38.573812],[-58.744742,-38.573876],[-58.744665,-38.573936],[-58.744746,-38.574],[-58.744579,-38.574128],[-58.744279,-38.574094],[-58.744037,-38.574284],[-58.743958,-38.574221],[-58.743875,-38.574286],[-58.743383,-38.573899],[-58.743299,-38.573964],[-58.743703,-38.574284],[-58.743623,-38.574346],[-58.743706,-38.574412],[-58.743622,-38.574476],[-58.743703,-38.574538],[-58.743463,-38.574725],[-58.743309,-38.574822],[-58.743067,-38.575012],[-58.742988,-38.574949],[-58.742905,-38.575014],[-58.742818,-38.574946],[-58.742652,-38.575074],[-58.742736,-38.575139],[-58.742652,-38.575204],[-58.742733,-38.575266],[-58.742493,-38.575453],[-58.742371,-38.575577],[-58.742126,-38.575771],[-58.742045,-38.575706],[-58.741961,-38.575773],[-58.741873,-38.575703],[-58.741704,-38.575833],[-58.741789,-38.5759],[-58.741704,-38.575966],[-58.741786,-38.576029],[-58.741541,-38.576219],[-58.741477,-38.57638],[-58.741314,-38.576508],[-58.741233,-38.576442],[-58.741151,-38.576505],[-58.741074,-38.576444],[-58.740993,-38.576506],[-58.740912,-38.57644],[-58.740751,-38.576564],[-58.74083,-38.576627],[-58.740749,-38.57669],[-58.740826,-38.576751],[-58.740742,-38.576815],[-58.740904,-38.576944],[-58.74074,-38.577066],[-58.740604,-38.577181],[-58.74044,-38.577304],[-58.740364,-38.577244],[-58.740284,-38.577306],[-58.740201,-38.577239],[-58.740113,-38.577308],[-58.740031,-38.577243],[-58.739868,-38.577368],[-58.739951,-38.577435],[-58.739872,-38.577495],[-58.739954,-38.577559],[-58.739877,-38.57762],[-58.739957,-38.577683],[-58.73979,-38.577811],[-58.739545,-38.57784],[-58.739382,-38.577968],[-58.739301,-38.577902],[-58.739216,-38.577968],[-58.739139,-38.577906],[-58.739053,-38.577972],[-58.738898,-38.578091],[-58.739054,-38.578215],[-58.738883,-38.578345],[-58.738955,-38.578402],[-58.738802,-38.578528],[-58.738551,-38.578578],[-58.738145,-38.578898],[-58.737933,-38.578728],[-58.737771,-38.578853],[-58.738007,-38.579042],[-58.737928,-38.579104],[-58.738008,-38.579167],[-58.73784,-38.579295],[-58.737667,-38.579336],[-58.7375,-38.579464],[-58.737414,-38.579398],[-58.737333,-38.579463],[-58.73725,-38.579398],[-58.73717,-38.57946],[-58.737089,-38.579396],[-58.737016,-38.579453],[-58.737171,-38.579578],[-58.73709,-38.579641],[-58.737174,-38.579708],[-58.737008,-38.579836],[-58.737084,-38.579897],[-58.73693,-38.580026],[-58.736707,-38.580076],[-58.736575,-38.580187],[-58.736422,-38.580314],[-58.747194,-38.584257],[-58.747469,-38.584048],[-58.746867,-38.583692],[-58.746787,-38.583755],[-58.74666,-38.583683],[-58.74659,-38.583593],[-58.746469,-38.583609],[-58.74638,-38.583536],[-58.746154,-38.583488],[-58.745957,-38.583334],[-58.745973,-38.583307],[-58.745565,-38.58308],[-58.745159,-38.583141],[-58.745059,-38.583061],[-58.744889,-38.582989],[-58.74456,-38.582731],[-58.74473,-38.582598],[-58.744567,-38.582471],[-58.744397,-38.582602],[-58.744235,-38.582473],[-58.744071,-38.582597],[-58.743911,-38.582468],[-58.743826,-38.582423],[-58.74356,-38.582554],[-58.743312,-38.582355],[-58.743203,-38.582435],[-58.742738,-38.582169],[-58.742575,-38.582189],[-58.742466,-38.582098],[-58.742295,-38.582051],[-58.742126,-38.581911],[-58.741646,-38.581528],[-58.74157,-38.581467],[-58.741457,-38.581649],[-58.741312,-38.581528],[-58.741018,-38.581549],[-58.740602,-38.581225],[-58.740453,-38.581106],[-58.740331,-38.581273],[-58.740031,-38.581037],[-58.739687,-38.580952],[-58.739572,-38.581041],[-58.73946,-38.58095],[-58.739435,-38.580968],[-58.739341,-38.580892],[-58.739318,-38.58091],[-58.739227,-38.580837],[-58.739214,-38.580847],[-58.739129,-38.580779],[-58.739059,-38.580832],[-58.738864,-38.580675],[-58.738761,-38.580751],[-58.73862,-38.580635],[-58.738357,-38.580639],[-58.738153,-38.580475],[-58.738208,-38.580386],[-58.737962,-38.580186],[-58.738042,-38.580124],[-58.737959,-38.580058],[-58.738044,-38.579993],[-58.737963,-38.579928],[-58.738177,-38.579766],[-58.738311,-38.579663],[-58.738389,-38.579599],[-58.738471,-38.579537],[-58.738553,-38.5796],[-58.738719,-38.579474],[-58.7388,-38.579536],[-58.738885,-38.579474],[-58.738845,-38.579442],[-58.739004,-38.579318],[-58.739247,-38.579129],[-58.739194,-38.57885],[-58.739359,-38.578721],[-58.73944,-38.578786],[-58.73952,-38.578722],[-58.739603,-38.578787],[-58.739681,-38.578725],[-58.739764,-38.578789],[-58.739849,-38.578725],[-58.739932,-38.578791],[-58.740011,-38.578731],[-58.739927,-38.578664],[-58.740014,-38.578598],[-58.739931,-38.578534],[-58.740013,-38.578468],[-58.739933,-38.578405],[-58.740096,-38.578281],[-58.740148,-38.578101],[-58.740312,-38.577973],[-58.740393,-38.578037],[-58.740473,-38.577974],[-58.740556,-38.578038],[-58.740634,-38.577976],[-58.740717,-38.57804],[-58.740802,-38.577976],[-58.741289,-38.578364],[-58.741368,-38.578304],[-58.740881,-38.577915],[-58.740967,-38.577849],[-58.740885,-38.577785],[-58.740967,-38.57772],[-58.740886,-38.577656],[-58.741049,-38.577532],[-58.741104,-38.57737],[-58.741262,-38.57725],[-58.741506,-38.577446],[-58.741837,-38.577189],[-58.741754,-38.577121],[-58.741916,-38.576997],[-58.74176,-38.576868],[-58.741928,-38.576736],[-58.742151,-38.576696],[-58.742354,-38.576544],[-58.742512,-38.576671],[-58.742675,-38.576545],[-58.742753,-38.576607],[-58.74321,-38.576253],[-58.743089,-38.575958],[-58.743264,-38.575821],[-58.743354,-38.57589],[-58.743516,-38.575763],[-58.743599,-38.575826],[-58.743763,-38.575702],[-58.743684,-38.575638],[-58.743845,-38.575512],[-58.743759,-38.575444],[-58.74392,-38.575318],[-58.744115,-38.57527],[-58.744448,-38.575011],[-58.744614,-38.575146],[-58.74478,-38.575017],[-58.744616,-38.574884],[-58.74494,-38.574633],[-58.745006,-38.574483],[-58.745174,-38.574354],[-58.745254,-38.574419],[-58.745339,-38.574353],[-58.745422,-38.574291],[-58.745503,-38.574353],[-58.745581,-38.574291],[-58.745669,-38.574226],[-58.745994,-38.573975],[-58.745988,-38.573721],[-58.746145,-38.573604],[-58.746225,-38.573668],[-58.746392,-38.57354],[-58.746474,-38.573606],[-58.746557,-38.573542],[-58.746638,-38.573481],[-58.746558,-38.573415],[-58.746724,-38.573287],[-58.746647,-38.573221],[-58.74673,-38.573157],[-58.746565,-38.573025],[-58.746426,-38.572973],[-58.74629,-38.572922],[-58.746132,-38.572792],[-58.746046,-38.572856],[-58.745964,-38.572791],[-58.745878,-38.572856],[-58.7458,-38.572794],[-58.745718,-38.572857]]]]},"properties":{"zona":"ZONA DE EQUIPAMIENTO 2","sigla":"E2","categoria":"Equipamiento y usos específicos","observaciones":null}},{"type":"Feature","geometry":{"type":"MultiPolygon","coordinates":[[[[-58.702704,-38.556167],[-58.700774,-38.557689],[-58.697756,-38.559932],[-58.69095,-38.565131],[-58.689673,-38.566136],[-58.690447,-38.566333],[-58.689635,-38.568355],[-58.687448,-38.567848],[-58.681427,-38.572376],[-58.681581,-38.572391],[-58.68202,-38.572485],[-58.682082,-38.572316],[-58.682247,-38.572351],[-58.682311,-38.572176],[-58.68248,-38.572211],[-58.682416,-38.572385],[-58.683708,-38.572665],[-58.683907,-38.572672],[-58.684128,-38.572721],[-58.684159,-38.572634],[-58.684324,-38.57267],[-58.684355,-38.572584],[-58.684853,-38.572693],[-58.684822,-38.572779],[-58.685043,-38.572828],[-58.685262,-38.572785],[-58.685649,-38.57287],[-58.685679,-38.572783],[-58.686011,-38.572856],[-58.68598,-38.572942],[-58.686146,-38.572979],[-58.686115,-38.573065],[-58.686751,-38.573208],[-58.686813,-38.573035],[-58.686979,-38.573071],[-58.68701,-38.572984],[-58.687341,-38.573057],[-58.68731,-38.573144],[-58.687476,-38.57318],[-58.687445,-38.573267],[-58.687666,-38.573315],[-58.687922,-38.573184],[-58.688143,-38.573232],[-58.688174,-38.573146],[-58.688395,-38.573194],[-58.688457,-38.573021],[-58.688678,-38.573069],[-58.688743,-38.572908],[-58.689083,-38.572979],[-58.689176,-38.572717],[-58.689203,-38.572582],[-58.689307,-38.572323],[-58.689084,-38.572273],[-58.689116,-38.572188],[-58.689006,-38.572163],[-58.689073,-38.571988],[-58.689183,-38.572014],[-58.689217,-38.571926],[-58.689439,-38.571979],[-58.689535,-38.57172],[-58.689537,-38.571549],[-58.689603,-38.571379],[-58.689504,-38.571355],[-58.689536,-38.571273],[-58.689326,-38.571223],[-58.689456,-38.570885],[-58.689669,-38.570933],[-58.689701,-38.570846],[-58.6898,-38.570868],[-58.68987,-38.570687],[-58.689734,-38.570491],[-58.689867,-38.570139],[-58.689751,-38.570114],[-58.689815,-38.569946],[-58.689931,-38.569972],[-58.690057,-38.569633],[-58.690229,-38.569514],[-58.690294,-38.569339],[-58.690185,-38.569316],[-58.690217,-38.569226],[-58.690105,-38.569201],[-58.690137,-38.569118],[-58.690032,-38.569094],[-58.690094,-38.568925],[-58.690203,-38.568948],[-58.690235,-38.568862],[-58.690345,-38.568886],[-58.690376,-38.568799],[-58.690487,-38.568824],[-58.690552,-38.56865],[-58.690602,-38.56846],[-58.690915,-38.567584],[-58.690981,-38.567412],[-58.691109,-38.56707],[-58.690836,-38.567007],[-58.6909,-38.566834],[-58.691174,-38.566895],[-58.691298,-38.566562],[-58.69134,-38.56648],[-58.691656,-38.565714],[-58.69177,-38.565628],[-58.691945,-38.5655],[-58.691869,-38.565436],[-58.691949,-38.565376],[-58.691867,-38.565306],[-58.691943,-38.565251],[-58.691865,-38.565187],[-58.692035,-38.565061],[-58.692113,-38.565126],[-58.692199,-38.565062],[-58.692283,-38.565131],[-58.692367,-38.565068],[-58.69244,-38.565129],[-58.692595,-38.565019],[-58.692759,-38.564876],[-58.692933,-38.564746],[-58.692683,-38.56455],[-58.693348,-38.564045],[-58.693602,-38.564121],[-58.693884,-38.56391],[-58.693761,-38.56381],[-58.694047,-38.563595],[-58.694168,-38.563694],[-58.69443,-38.563496],[-58.694569,-38.563349],[-58.694899,-38.563108],[-58.694703,-38.562946],[-58.694871,-38.562821],[-58.695073,-38.562987],[-58.695403,-38.562738],[-58.695598,-38.562585],[-58.699317,-38.559823],[-58.699552,-38.559802],[-58.699795,-38.559614],[-58.699634,-38.559487],[-58.699715,-38.559423],[-58.699636,-38.559359],[-58.699803,-38.559228],[-58.699886,-38.559294],[-58.699964,-38.559232],[-58.700122,-38.55936],[-58.700366,-38.55917],[-58.700509,-38.55903],[-58.700715,-38.558873],[-58.700523,-38.558718],[-58.700688,-38.558593],[-58.700592,-38.558516],[-58.700674,-38.558453],[-58.70077,-38.55853],[-58.700935,-38.558405],[-58.701126,-38.55856],[-58.701332,-38.558403],[-58.701477,-38.558293],[-58.701666,-38.558149],[-58.701475,-38.557994],[-58.701672,-38.557843],[-58.701864,-38.557998],[-58.702053,-38.557854],[-58.70298,-38.55704],[-58.704261,-38.556029],[-58.704372,-38.555943],[-58.704667,-38.55572],[-58.704546,-38.555618],[-58.704793,-38.555431],[-58.704925,-38.555538],[-58.705206,-38.555325],[-58.705352,-38.555155],[-58.705679,-38.554906],[-58.705475,-38.554745],[-58.705635,-38.554623],[-58.705839,-38.554785],[-58.70616,-38.554536],[-58.706293,-38.554427],[-58.706621,-38.554179],[-58.706416,-38.554017],[-58.706577,-38.553896],[-58.70678,-38.554057],[-58.707102,-38.553808],[-58.707296,-38.553698],[-58.707628,-38.55345],[-58.707426,-38.553287],[-58.707597,-38.55316],[-58.707673,-38.553222],[-58.707753,-38.553163],[-58.707835,-38.55323],[-58.707916,-38.553169],[-58.707997,-38.553236],[-58.708157,-38.55311],[-58.708486,-38.552989],[-58.708651,-38.552858],[-58.708571,-38.552795],[-58.708655,-38.552731],[-58.708577,-38.552668],[-58.708654,-38.552609],[-58.708571,-38.552543],[-58.708736,-38.552415],[-58.70882,-38.552481],[-58.708904,-38.552416],[-58.708982,-38.552478],[-58.709064,-38.552415],[-58.709147,-38.55248],[-58.709303,-38.552356],[-58.709169,-38.552081],[-58.709993,-38.551454],[-58.710254,-38.551425],[-58.710525,-38.551216],[-58.710407,-38.551121],[-58.710547,-38.551018],[-58.710508,-38.550986],[-58.710653,-38.550877],[-58.71077,-38.550973],[-58.71104,-38.550774],[-58.71135,-38.550793],[-58.711589,-38.550607],[-58.711347,-38.550414],[-58.711515,-38.550287],[-58.711431,-38.550221],[-58.711519,-38.550155],[-58.71168,-38.550288],[-58.712007,-38.550036],[-58.712233,-38.549981],[-58.712485,-38.549792],[-58.712406,-38.549726],[-58.712488,-38.549665],[-58.712408,-38.549601],[-58.712571,-38.549478],[-58.71265,-38.549543],[-58.712734,-38.54948],[-58.712812,-38.549543],[-58.713062,-38.549356],[-58.713275,-38.549288],[-58.713604,-38.549039],[-58.713304,-38.548792],[-58.713466,-38.548666],[-58.713668,-38.548832],[-58.713997,-38.548581],[-58.714237,-38.548383],[-58.71449,-38.548193],[-58.714409,-38.54813],[-58.714493,-38.548068],[-58.714415,-38.548005],[-58.714581,-38.54788],[-58.714658,-38.547941],[-58.714744,-38.547878],[-58.714823,-38.547939],[-58.715068,-38.547758],[-58.715172,-38.547663],[-58.715342,-38.547537],[-58.715426,-38.547474],[-58.715345,-38.547411],[-58.71543,-38.54735],[-58.715353,-38.547286],[-58.715519,-38.547163],[-58.715596,-38.547224],[-58.715682,-38.547162],[-58.71576,-38.547223],[-58.716005,-38.547044],[-58.71603,-38.546836],[-58.716855,-38.54621],[-58.717067,-38.546166],[-58.71723,-38.546045],[-58.717313,-38.545985],[-58.717231,-38.545921],[-58.71732,-38.545854],[-58.717244,-38.545791],[-58.717413,-38.545665],[-58.71749,-38.54573],[-58.71757,-38.545672],[-58.717649,-38.545735],[-58.717903,-38.545545],[-58.718087,-38.54544],[-58.718414,-38.545192],[-58.718214,-38.54503],[-58.71838,-38.544902],[-58.718461,-38.544967],[-58.718541,-38.544906],[-58.7187,-38.545034],[-58.718949,-38.544843],[-58.719038,-38.544655],[-58.719268,-38.544479],[-58.719191,-38.544417],[-58.719272,-38.544353],[-58.719115,-38.544225],[-58.719275,-38.544106],[-58.719197,-38.544042],[-58.719275,-38.543982],[-58.719037,-38.543791],[-58.718905,-38.543663],[-58.718655,-38.543466],[-58.718574,-38.543529],[-58.718494,-38.543465],[-58.718408,-38.54353],[-58.718249,-38.543401],[-58.718334,-38.543336],[-58.718255,-38.543273],[-58.718338,-38.54321],[-58.718092,-38.543015],[-58.717968,-38.542892],[-58.717725,-38.542701],[-58.717644,-38.542764],[-58.717563,-38.542701],[-58.717482,-38.542764],[-58.71732,-38.542637],[-58.717401,-38.542573],[-58.71732,-38.542509],[-58.717401,-38.542446],[-58.717158,-38.542254],[-58.717072,-38.542102],[-58.716919,-38.541976],[-58.716841,-38.542036],[-58.716759,-38.541969],[-58.716681,-38.542028],[-58.716599,-38.541962],[-58.716516,-38.542025],[-58.716357,-38.541898],[-58.716439,-38.541835],[-58.716363,-38.541774],[-58.716443,-38.541715],[-58.71636,-38.541648],[-58.716525,-38.541523],[-58.716364,-38.541394],[-58.716154,-38.541344],[-58.715996,-38.541214],[-58.715913,-38.541275],[-58.715836,-38.541211],[-58.715755,-38.541271],[-58.715679,-38.541208],[-58.715594,-38.541272],[-58.715514,-38.541206],[-58.715435,-38.541265],[-58.715343,-38.54119],[-58.715173,-38.541191],[-58.71496,-38.541016],[-58.714988,-38.540768],[-58.714584,-38.540448],[-58.714188,-38.540126],[-58.714298,-38.539815],[-58.714138,-38.539687],[-58.713968,-38.539812],[-58.71389,-38.539746],[-58.713807,-38.539807],[-58.713645,-38.539678],[-58.713712,-38.539625],[-58.713631,-38.539561],[-58.71372,-38.539493],[-58.713559,-38.539364],[-58.713648,-38.539296],[-58.713573,-38.539234],[-58.713652,-38.539175],[-58.713572,-38.539107],[-58.713228,-38.538981],[-58.713075,-38.538855],[-58.712999,-38.538913],[-58.712916,-38.538844],[-58.712833,-38.538908],[-58.712756,-38.538844],[-58.71267,-38.538908],[-58.712513,-38.538781],[-58.712599,-38.538716],[-58.712516,-38.53865],[-58.712598,-38.538588],[-58.712521,-38.538526],[-58.712598,-38.538467],[-58.712432,-38.538335],[-58.71229,-38.538231],[-58.712135,-38.538104],[-58.712058,-38.538162],[-58.711973,-38.538093],[-58.711889,-38.538157],[-58.711811,-38.538092],[-58.711725,-38.538157],[-58.711565,-38.538028],[-58.711652,-38.537963],[-58.711568,-38.537896],[-58.711652,-38.537833],[-58.711573,-38.53777],[-58.711652,-38.53771],[-58.711483,-38.537576],[-58.711357,-38.537466],[-58.711198,-38.537341],[-58.711117,-38.537403],[-58.711034,-38.537336],[-58.710951,-38.537399],[-58.71087,-38.537334],[-58.710789,-38.537395],[-58.710626,-38.537265],[-58.710706,-38.537205],[-58.710625,-38.53714],[-58.710709,-38.537077],[-58.710628,-38.537013],[-58.71071,-38.536952],[-58.710548,-38.536821],[-58.710418,-38.536698],[-58.710259,-38.536573],[-58.710178,-38.536635],[-58.710095,-38.536569],[-58.710012,-38.536631],[-58.709931,-38.536566],[-58.70985,-38.536627],[-58.709688,-38.536497],[-58.709767,-38.536438],[-58.709686,-38.536373],[-58.70977,-38.536309],[-58.70969,-38.536245],[-58.709771,-38.536184],[-58.70961,-38.536054],[-58.709253,-38.536131],[-58.708621,-38.535625],[-58.708787,-38.535499],[-58.708705,-38.535433],[-58.708863,-38.535311],[-58.708669,-38.535154],[-58.708543,-38.535043],[-58.708386,-38.534912],[-58.708299,-38.534979],[-58.708213,-38.53491],[-58.708131,-38.534972],[-58.708053,-38.534912],[-58.707975,-38.534971],[-58.707808,-38.534839],[-58.707487,-38.534583],[-58.707408,-38.534418],[-58.706982,-38.534073],[-58.706607,-38.53377],[-58.706539,-38.533629],[-58.706097,-38.533276],[-58.705729,-38.532982],[-58.705621,-38.532844],[-58.705373,-38.532645],[-58.705295,-38.532707],[-58.705211,-38.532641],[-58.705127,-38.532707],[-58.704968,-38.532579],[-58.705053,-38.532514],[-58.704972,-38.532448],[-58.705051,-38.532386],[-58.704974,-38.532324],[-58.705055,-38.532262],[-58.704893,-38.53213],[-58.704759,-38.532011],[-58.704591,-38.531878],[-58.70451,-38.53194],[-58.704432,-38.531877],[-58.704352,-38.531936],[-58.70427,-38.531872],[-58.704184,-38.531937],[-58.704024,-38.531809],[-58.704112,-38.531744],[-58.70403,-38.531677],[-58.704107,-38.531617],[-58.704031,-38.531554],[-58.704111,-38.531492],[-58.703948,-38.53136],[-58.703711,-38.531361],[-58.70348,-38.531176],[-58.703409,-38.53112],[-58.703343,-38.531065],[-58.703274,-38.53101],[-58.7032,-38.531066],[-58.703129,-38.531119],[-58.703057,-38.531173],[-58.702987,-38.531226],[-58.702913,-38.531281],[-58.702841,-38.531337],[-58.702768,-38.531282],[-58.702698,-38.531225],[-58.702627,-38.531167],[-58.702555,-38.53111],[-58.702357,-38.531258],[-58.70233,-38.531434],[-58.702096,-38.531607],[-58.702024,-38.531664],[-58.701953,-38.531717],[-58.701494,-38.53206],[-58.701282,-38.5321],[-58.701083,-38.532248],[-58.701357,-38.532472],[-58.700934,-38.532792],[-58.700727,-38.532628],[-58.700525,-38.532781],[-58.700388,-38.532913],[-58.70022,-38.53304],[-58.700075,-38.533149],[-58.700005,-38.533205],[-58.699928,-38.53326],[-58.699708,-38.533431],[-58.699539,-38.533557],[-58.699477,-38.533687],[-58.698852,-38.534158],[-58.69864,-38.534317],[-58.698474,-38.5344],[-58.698103,-38.534682],[-58.697656,-38.535023],[-58.6975,-38.535263],[-58.697258,-38.535453],[-58.69734,-38.535521],[-58.697317,-38.535539],[-58.697259,-38.535584],[-58.697247,-38.535593],[-58.697178,-38.535646],[-58.697213,-38.535674],[-58.697045,-38.535802],[-58.696964,-38.535736],[-58.696881,-38.5358],[-58.696798,-38.535734],[-58.696713,-38.535801],[-58.696643,-38.535856],[-58.695596,-38.536644],[-58.699963,-38.540208],[-58.705863,-38.53571],[-58.709709,-38.538816],[-58.707788,-38.540293],[-58.709707,-38.541869],[-58.711632,-38.540422],[-58.715467,-38.543465],[-58.713532,-38.544916],[-58.715405,-38.546425],[-58.709515,-38.550953],[-58.702704,-38.556167]]]]},"properties":{"zona":"ZONA RESIDENCIAL 7","sigla":"R7","categoria":"Residencial","observaciones":null}},{"type":"Feature","geometry":{"type":"MultiPolygon","coordinates":[[[[-59.332148,-38.442687],[-59.332144,-38.442566],[-59.315236,-38.44319],[-59.316066,-38.456512],[-59.337387,-38.455753],[-59.336604,-38.442555],[-59.332148,-38.442687]],[[-59.331121,-38.454898],[-59.33106,-38.453853],[-59.329684,-38.453891],[-59.329566,-38.451643],[-59.328179,-38.451689],[-59.327982,-38.448258],[-59.329338,-38.44822],[-59.329209,-38.445972],[-59.331982,-38.445872],[-59.331927,-38.444748],[-59.333979,-38.44466],[-59.334532,-38.453703],[-59.332833,-38.453778],[-59.33288,-38.454853],[-59.331121,-38.454898]]]]},"properties":{"zona":"AREA COMPLEMENTARIA","sigla":"AC","categoria":"Complementaria, semiurbanizada y de reserva","observaciones":null}},{"type":"Feature","geometry":{"type":"MultiPolygon","coordinates":[[[[-59.193864,-38.276697],[-59.193351,-38.277718],[-59.194609,-38.278108],[-59.194116,-38.279118],[-59.195396,-38.279509],[-59.1944,-38.281525],[-59.199615,-38.283147],[-59.198121,-38.286168],[-59.203287,-38.287799],[-59.2043,-38.285782],[-59.205547,-38.286174],[-59.206579,-38.284145],[-59.207959,-38.284558],[-59.209428,-38.281492],[-59.206817,-38.280681],[-59.20531,-38.283709],[-59.20407,-38.283326],[-59.202755,-38.282932],[-59.201389,-38.282523],[-59.202893,-38.279467],[-59.198798,-38.278204],[-59.193864,-38.276697]]]]},"properties":{"zona":"SUBAREA SEMIURBANIZADA 2","sigla":"SSU 2","categoria":"Complementaria, semiurbanizada y de reserva","observaciones":null}},{"type":"Feature","geometry":{"type":"MultiPolygon","coordinates":[[[[-59.18966,-38.285122],[-59.187777,-38.28895],[-59.208555,-38.295363],[-59.210418,-38.291554],[-59.215497,-38.293121],[-59.219729,-38.284646],[-59.214647,-38.283083],[-59.215732,-38.280936],[-59.215701,-38.280926],[-59.216687,-38.278959],[-59.227418,-38.282257],[-59.229741,-38.277625],[-59.198238,-38.26799],[-59.193864,-38.276697],[-59.188741,-38.275126],[-59.184557,-38.283544],[-59.18966,-38.285122]],[[-59.198798,-38.278204],[-59.199371,-38.27708],[-59.20998,-38.280352],[-59.209428,-38.281492],[-59.207959,-38.284558],[-59.206579,-38.284145],[-59.205547,-38.286174],[-59.2043,-38.285782],[-59.203287,-38.287799],[-59.198121,-38.286168],[-59.199615,-38.283147],[-59.1944,-38.281525],[-59.195396,-38.279509],[-59.194116,-38.279118],[-59.194609,-38.278108],[-59.193351,-38.277718],[-59.193864,-38.276697],[-59.198798,-38.278204]]]]},"properties":{"zona":"AREA COMPLEMENTARIA","sigla":"AC","categoria":"Complementaria, semiurbanizada y de reserva","observaciones":null}},{"type":"Feature","geometry":{"type":"MultiPolygon","coordinates":[[[[-59.20407,-38.283326],[-59.20531,-38.283709],[-59.206817,-38.280681],[-59.202893,-38.279467],[-59.201389,-38.282523],[-59.202755,-38.282932],[-59.20407,-38.283326]]]]},"properties":{"zona":"SUBAREA SEMIURBANIZADA 1","sigla":"SSU 1","categoria":"Complementaria, semiurbanizada y de reserva","observaciones":null}},{"type":"Feature","geometry":{"type":"MultiPolygon","coordinates":[[[[-59.202893,-38.279467],[-59.206817,-38.280681],[-59.209428,-38.281492],[-59.20998,-38.280352],[-59.199371,-38.27708],[-59.198798,-38.278204],[-59.202893,-38.279467]]]]},"properties":{"zona":"USO ESPECIFICO","sigla":"UE","categoria":"Equipamiento y usos específicos","observaciones":null}},{"type":"Feature","geometry":{"type":"MultiPolygon","coordinates":[[[[-59.331982,-38.445872],[-59.329209,-38.445972],[-59.329338,-38.44822],[-59.327982,-38.448258],[-59.328179,-38.451689],[-59.329566,-38.451643],[-59.329684,-38.453891],[-59.33106,-38.453853],[-59.331121,-38.454898],[-59.33288,-38.454853],[-59.332833,-38.453778],[-59.332478,-38.453792],[-59.331982,-38.445872]]]]},"properties":{"zona":"SUBAREA SEMIURBANIZADA 3","sigla":"SSU 3","categoria":"Complementaria, semiurbanizada y de reserva","observaciones":null}},{"type":"Feature","geometry":{"type":"MultiPolygon","coordinates":[[[[-59.331982,-38.445872],[-59.332478,-38.453792],[-59.332833,-38.453778],[-59.334532,-38.453703],[-59.333979,-38.44466],[-59.331927,-38.444748],[-59.331982,-38.445872]]]]},"properties":{"zona":"USO ESPECIFICO","sigla":"UE","categoria":"Equipamiento y usos específicos","observaciones":null}},{"type":"Feature","geometry":{"type":"MultiPolygon","coordinates":[[[[-58.741967,-38.55496],[-58.740565,-38.553852],[-58.738449,-38.552155],[-58.738411,-38.552124],[-58.737546,-38.552784],[-58.737545,-38.552823],[-58.737435,-38.553368],[-58.737127,-38.553604],[-58.736807,-38.553346],[-58.736499,-38.553582],[-58.73698,-38.553969],[-58.736775,-38.554126],[-58.736704,-38.554292],[-58.736496,-38.554447],[-58.736747,-38.55465],[-58.736843,-38.554795],[-58.737163,-38.555052],[-58.736999,-38.555178],[-58.737166,-38.555313],[-58.737431,-38.555114],[-58.737613,-38.555265],[-58.738339,-38.555812],[-58.738433,-38.55589],[-58.738165,-38.55609],[-58.738231,-38.556145],[-58.738133,-38.556223],[-58.738278,-38.55634],[-58.738565,-38.55612],[-58.738886,-38.556377],[-58.739023,-38.556485],[-58.739183,-38.556614],[-58.739387,-38.556458],[-58.739699,-38.556479],[-58.740315,-38.556007],[-58.74026,-38.555963],[-58.740327,-38.555904],[-58.740162,-38.55577],[-58.740295,-38.555668],[-58.740965,-38.555571],[-58.741289,-38.555323],[-58.741726,-38.555674],[-58.741759,-38.555649],[-58.741519,-38.555456],[-58.741777,-38.555257],[-58.741681,-38.55518],[-58.741967,-38.55496]]]]},"properties":{"zona":"ZONA COMERCIAL ADMINISTRATIVA 1","sigla":"CA1","categoria":"Comercial y administrativa","observaciones":null}},{"type":"Feature","geometry":{"type":"MultiPolygon","coordinates":[[[[-58.694855,-38.573891],[-58.691768,-38.573204],[-58.691614,-38.573592],[-58.691272,-38.573511],[-58.691286,-38.573471],[-58.690789,-38.573362],[-58.690741,-38.573496],[-58.690535,-38.573451],[-58.690326,-38.57353],[-58.689609,-38.573372],[-58.689537,-38.573545],[-58.689307,-38.573494],[-58.689058,-38.573339],[-58.688621,-38.573255],[-58.688678,-38.573069],[-58.688457,-38.573021],[-58.688395,-38.573194],[-58.688174,-38.573146],[-58.688143,-38.573232],[-58.687922,-38.573184],[-58.687666,-38.573315],[-58.687445,-38.573267],[-58.687476,-38.57318],[-58.68731,-38.573144],[-58.687341,-38.573057],[-58.68701,-38.572984],[-58.686979,-38.573071],[-58.686813,-38.573035],[-58.686751,-38.573208],[-58.686532,-38.57316],[-58.686336,-38.573114],[-58.686115,-38.573065],[-58.686146,-38.572979],[-58.68598,-38.572942],[-58.686011,-38.572856],[-58.685679,-38.572783],[-58.685649,-38.57287],[-58.685262,-38.572785],[-58.685043,-38.572828],[-58.684822,-38.572779],[-58.684853,-38.572693],[-58.684355,-38.572584],[-58.684324,-38.57267],[-58.684159,-38.572634],[-58.684128,-38.572721],[-58.683907,-38.572672],[-58.683708,-38.572665],[-58.683045,-38.57252],[-58.68288,-38.572482],[-58.682416,-38.572385],[-58.68248,-38.572211],[-58.682311,-38.572176],[-58.682247,-38.572351],[-58.682082,-38.572316],[-58.68202,-38.572485],[-58.681581,-38.572391],[-58.681427,-38.572376],[-58.680851,-38.572832],[-58.68282,-38.57305],[-58.685364,-38.57331],[-58.687372,-38.57353],[-58.688839,-38.573684],[-58.689475,-38.573725],[-58.691509,-38.573812],[-58.692654,-38.57402],[-58.694694,-38.574233],[-58.6948,-38.573954],[-58.694855,-38.573891]]]]},"properties":{"zona":"ZONA COMERCIAL 3","sigla":null,"categoria":"Comercial y administrativa","observaciones":null}},{"type":"Feature","geometry":{"type":"MultiPolygon","coordinates":[[[[-58.728046,-38.554185],[-58.727208,-38.554843],[-58.727682,-38.555242],[-58.727887,-38.555092],[-58.728207,-38.555361],[-58.728409,-38.555389],[-58.728567,-38.555514],[-58.728405,-38.555637],[-58.72857,-38.555769],[-58.728451,-38.555861],[-58.728613,-38.555992],[-58.728818,-38.555833],[-58.729599,-38.556455],[-58.729608,-38.556449],[-58.730533,-38.557213],[-58.730331,-38.557367],[-58.730489,-38.557497],[-58.730691,-38.557343],[-58.731471,-38.557969],[-58.731268,-38.558126],[-58.731428,-38.558254],[-58.731632,-38.558098],[-58.731958,-38.558358],[-58.732107,-38.558424],[-58.732273,-38.558552],[-58.732109,-38.558672],[-58.732278,-38.558808],[-58.732186,-38.558881],[-58.732347,-38.55901],[-58.732758,-38.558678],[-58.732977,-38.558638],[-58.73308,-38.55856],[-58.732999,-38.558495],[-58.733343,-38.558258],[-58.733183,-38.558129],[-58.732978,-38.558287],[-58.732657,-38.558029],[-58.73248,-38.557934],[-58.732159,-38.557669],[-58.732541,-38.557391],[-58.732382,-38.557258],[-58.732018,-38.557528],[-58.731858,-38.557395],[-58.731756,-38.55747],[-58.731598,-38.557337],[-58.731565,-38.557173],[-58.731248,-38.556911],[-58.73145,-38.556759],[-58.73129,-38.556628],[-58.731083,-38.556783],[-58.730763,-38.556526],[-58.730534,-38.556475],[-58.73038,-38.55635],[-58.730462,-38.556287],[-58.730302,-38.556159],[-58.730513,-38.555999],[-58.730354,-38.555871],[-58.730146,-38.556026],[-58.72982,-38.555764],[-58.729703,-38.55564],[-58.729562,-38.555531],[-58.729376,-38.555386],[-58.72957,-38.555239],[-58.729407,-38.555111],[-58.729329,-38.555172],[-58.729247,-38.555109],[-58.729163,-38.555173],[-58.729084,-38.555109],[-58.729006,-38.555171],[-58.728859,-38.555056],[-58.728633,-38.554992],[-58.728472,-38.554864],[-58.728796,-38.554616],[-58.728553,-38.554424],[-58.728397,-38.554544],[-58.728316,-38.55448],[-58.728368,-38.55444],[-58.728046,-38.554185]]]]},"properties":{"zona":"ZONA COMERCIAL 4 ESPECIAL","sigla":"C4e","categoria":"Comercial y administrativa","observaciones":null}},{"type":"Feature","geometry":{"type":"MultiPolygon","coordinates":[[[[-59.259666,-38.014358],[-59.260536,-38.010154],[-59.257869,-38.009856],[-59.258327,-38.007645],[-59.255584,-38.007282],[-59.256233,-38.004037],[-59.25895,-38.00442],[-59.259624,-38.001215],[-59.260931,-38.001386],[-59.261173,-38.00027],[-59.262541,-38.000459],[-59.262766,-37.999371],[-59.26725,-37.999969],[-59.267028,-38.00104],[-59.269714,-38.001392],[-59.26947,-38.002463],[-59.270866,-38.002656],[-59.270443,-38.004765],[-59.269047,-38.004589],[-59.268357,-38.007902],[-59.266982,-38.007726],[-59.266336,-38.01094],[-59.264961,-38.010747],[-59.264739,-38.011768],[-59.263406,-38.011592],[-59.263184,-38.01268],[-59.261851,-38.012521],[-59.261405,-38.014583],[-59.269467,-38.015614],[-59.273781,-37.994163],[-59.263682,-37.992869],[-59.262829,-37.99714],[-59.252365,-37.995758],[-59.248808,-38.012933],[-59.259666,-38.014358]]]]},"properties":{"zona":"AREA COMPLEMENTARIA","sigla":"AC","categoria":"Complementaria, semiurbanizada y de reserva","observaciones":null}},{"type":"Feature","geometry":{"type":"MultiPolygon","coordinates":[[[[-59.266344,-38.004263],[-59.262268,-38.00373],[-59.261594,-38.006955],[-59.265644,-38.007508],[-59.266344,-38.004263]]]]},"properties":{"zona":"SUBAREA SEMIURBANIZADA 1","sigla":"SSU 1","categoria":"Complementaria, semiurbanizada y de reserva","observaciones":null}},{"type":"Feature","geometry":{"type":"MultiPolygon","coordinates":[[[[-59.28872,-37.885121],[-59.286821,-37.894219],[-59.287036,-37.893236],[-59.289773,-37.895554],[-59.290771,-37.894809],[-59.291716,-37.895608],[-59.293708,-37.894136],[-59.294636,-37.894921],[-59.295627,-37.894195],[-59.293756,-37.892605],[-59.294758,-37.891879],[-59.293836,-37.891085],[-59.295829,-37.889607],[-59.29212,-37.886431],[-59.293126,-37.885692],[-59.290338,-37.883331],[-59.291335,-37.88259],[-59.289606,-37.881117],[-59.28872,-37.885121]]]]},"properties":{"zona":"SUBAREA SEMIURBANIZADA 2","sigla":"SSU 2","categoria":"Complementaria, semiurbanizada y de reserva","observaciones":null}},{"type":"Feature","geometry":{"type":"MultiPolygon","coordinates":[[[[-59.28872,-37.885121],[-59.286645,-37.884821],[-59.284693,-37.893855],[-59.286821,-37.894219],[-59.28872,-37.885121]]]]},"properties":{"zona":"USO ESPECIFICO (FF.CC)","sigla":"UE","categoria":"Equipamiento y usos específicos","observaciones":"ESTACION CLARAZ"}},{"type":"Feature","geometry":{"type":"MultiPolygon","coordinates":[[[[-59.260931,-38.001386],[-59.259096,-38.009981],[-59.260536,-38.010154],[-59.260897,-38.010194],[-59.261594,-38.006955],[-59.262268,-38.00373],[-59.262778,-38.001331],[-59.26101,-38.001109],[-59.260931,-38.001386]]]]},"properties":{"zona":"USO ESPECIFICO (FF.CC)","sigla":"UE","categoria":"Equipamiento y usos específicos","observaciones":"ESTACION J. N. FERNANDEZ"}},{"type":"Feature","geometry":{"type":"MultiPolygon","coordinates":[[[[-59.259096,-38.009981],[-59.260931,-38.001386],[-59.259624,-38.001215],[-59.25895,-38.00442],[-59.256233,-38.004037],[-59.255584,-38.007282],[-59.258327,-38.007645],[-59.257869,-38.009856],[-59.259096,-38.009981]]]]},"properties":{"zona":"SUBAREA SEMIURBANIZADA 2","sigla":"SSU 2","categoria":"Complementaria, semiurbanizada y de reserva","observaciones":null}},{"type":"Feature","geometry":{"type":"MultiPolygon","coordinates":[[[[-59.262268,-38.00373],[-59.266344,-38.004263],[-59.265644,-38.007508],[-59.261594,-38.006955],[-59.260897,-38.010194],[-59.260536,-38.010154],[-59.259666,-38.014358],[-59.261405,-38.014583],[-59.261851,-38.012521],[-59.263184,-38.01268],[-59.263406,-38.011592],[-59.264739,-38.011768],[-59.264961,-38.010747],[-59.266336,-38.01094],[-59.266982,-38.007726],[-59.268357,-38.007902],[-59.269047,-38.004589],[-59.270443,-38.004765],[-59.270866,-38.002656],[-59.26947,-38.002463],[-59.269714,-38.001392],[-59.267028,-38.00104],[-59.26725,-37.999969],[-59.262766,-37.999371],[-59.262541,-38.000459],[-59.261173,-38.00027],[-59.26101,-38.001109],[-59.262778,-38.001331],[-59.262268,-38.00373]]]]},"properties":{"zona":"SUBAREA SEMIURBANIZADA 2","sigla":"SSU 2","categoria":"Complementaria, semiurbanizada y de reserva","observaciones":null}},{"type":"Feature","geometry":{"type":"MultiPolygon","coordinates":[[[[-58.702085,-38.565544],[-58.701807,-38.565316],[-58.702106,-38.565094],[-58.701588,-38.564569],[-58.702008,-38.564125],[-58.701688,-38.563866],[-58.702119,-38.563541],[-58.702124,-38.56345],[-58.701946,-38.563301],[-58.701951,-38.561326],[-58.702053,-38.561247],[-58.702055,-38.561145],[-58.701828,-38.560967],[-58.702235,-38.560655],[-58.702025,-38.560229],[-58.702227,-38.560076],[-58.702021,-38.559912],[-58.7022,-38.559566],[-58.701929,-38.559338],[-58.702218,-38.559115],[-58.702039,-38.558727],[-58.702161,-38.558636],[-58.702164,-38.558511],[-58.70196,-38.558663],[-58.701819,-38.558786],[-58.701608,-38.558945],[-58.701689,-38.55901],[-58.701606,-38.559072],[-58.701686,-38.559139],[-58.701607,-38.559198],[-58.701688,-38.559265],[-58.701602,-38.559329],[-58.701523,-38.559263],[-58.701437,-38.559328],[-58.701356,-38.559261],[-58.701276,-38.55932],[-58.7012,-38.559259],[-58.70099,-38.55942],[-58.700871,-38.559606],[-58.70054,-38.559855],[-58.700738,-38.560017],[-58.700573,-38.560142],[-58.700374,-38.559979],[-58.700043,-38.560229],[-58.699909,-38.56027],[-58.699746,-38.560397],[-58.699827,-38.560461],[-58.699746,-38.560525],[-58.699827,-38.560589],[-58.699745,-38.560652],[-58.699826,-38.560716],[-58.699663,-38.560843],[-58.699582,-38.560779],[-58.699501,-38.560842],[-58.69942,-38.560778],[-58.699339,-38.560842],[-58.699258,-38.560778],[-58.699095,-38.560905],[-58.698944,-38.561045],[-58.69712,-38.562424],[-58.697062,-38.562468],[-58.696234,-38.563091],[-58.696198,-38.563351],[-58.695364,-38.563974],[-58.695146,-38.564011],[-58.69488,-38.564213],[-58.695001,-38.564311],[-58.694711,-38.564535],[-58.69459,-38.564438],[-58.694307,-38.564653],[-58.694141,-38.564699],[-58.693975,-38.564824],[-58.694055,-38.564889],[-58.693972,-38.564951],[-58.694051,-38.565016],[-58.693968,-38.565079],[-58.694048,-38.565144],[-58.693882,-38.565268],[-58.693802,-38.565203],[-58.69372,-38.565265],[-58.69364,-38.5652],[-58.693557,-38.565263],[-58.693478,-38.565198],[-58.693312,-38.565322],[-58.693167,-38.565442],[-58.693001,-38.565567],[-58.693081,-38.565632],[-58.692998,-38.565694],[-58.693077,-38.565759],[-58.692994,-38.565821],[-58.693074,-38.565886],[-58.692908,-38.566011],[-58.692829,-38.565946],[-58.692746,-38.566008],[-58.692667,-38.565943],[-58.692584,-38.566005],[-58.692504,-38.56594],[-58.692339,-38.566065],[-58.692156,-38.566202],[-58.691639,-38.567655],[-58.691564,-38.567756],[-58.691496,-38.567937],[-58.691598,-38.567959],[-58.691569,-38.568043],[-58.69167,-38.568066],[-58.691543,-38.56841],[-58.691439,-38.568388],[-58.691406,-38.568474],[-58.691307,-38.568451],[-58.691242,-38.568622],[-58.691213,-38.568769],[-58.691141,-38.568973],[-58.691419,-38.569034],[-58.691278,-38.569432],[-58.691127,-38.569399],[-58.691034,-38.569673],[-58.690845,-38.569793],[-58.690798,-38.569925],[-58.690964,-38.569963],[-58.690885,-38.570177],[-58.690994,-38.570203],[-58.690932,-38.570376],[-58.69082,-38.57035],[-58.690743,-38.570562],[-58.690578,-38.570524],[-58.690528,-38.570657],[-58.690503,-38.570826],[-58.690438,-38.571007],[-58.690546,-38.57103],[-58.690513,-38.571115],[-58.690624,-38.571142],[-58.690595,-38.571223],[-58.690701,-38.571249],[-58.690635,-38.571427],[-58.690526,-38.5714],[-58.690496,-38.571483],[-58.690384,-38.571458],[-58.690351,-38.571543],[-58.690241,-38.571518],[-58.690175,-38.571687],[-58.690051,-38.571802],[-58.68995,-38.57207],[-58.690316,-38.572154],[-58.690189,-38.572496],[-58.689827,-38.572413],[-58.68973,-38.572668],[-58.689846,-38.572856],[-58.68978,-38.573027],[-58.689884,-38.573053],[-58.68985,-38.573145],[-58.689959,-38.573169],[-58.689859,-38.57343],[-58.68994,-38.573445],[-58.690061,-38.573472],[-58.690326,-38.57353],[-58.690535,-38.573451],[-58.690741,-38.573496],[-58.690789,-38.573362],[-58.691286,-38.573471],[-58.691272,-38.573511],[-58.691614,-38.573592],[-58.691768,-38.573204],[-58.694466,-38.573804],[-58.694855,-38.573891],[-58.694921,-38.573824],[-58.694983,-38.573652],[-58.694873,-38.573628],[-58.694911,-38.573525],[-58.694802,-38.5735],[-58.694841,-38.573395],[-58.69473,-38.573369],[-58.694769,-38.573265],[-58.694881,-38.573291],[-58.694918,-38.573189],[-58.695026,-38.573213],[-58.695063,-38.573109],[-58.695175,-38.573135],[-58.695239,-38.572958],[-58.695305,-38.57283],[-58.695408,-38.572564],[-58.695038,-38.572476],[-58.695175,-38.572129],[-58.695427,-38.572189],[-58.695488,-38.57203],[-58.695584,-38.572052],[-58.695619,-38.571962],[-58.695662,-38.571792],[-58.695735,-38.571621],[-58.69562,-38.571594],[-58.695654,-38.571508],[-58.695544,-38.571482],[-58.695577,-38.571401],[-58.69543,-38.571366],[-58.695503,-38.571191],[-58.695646,-38.571225],[-58.695678,-38.571141],[-58.695787,-38.571166],[-58.695822,-38.571073],[-58.69593,-38.5711],[-58.695995,-38.57093],[-58.695924,-38.570758],[-58.695958,-38.570672],[-58.696205,-38.570731],[-58.696408,-38.570708],[-58.696721,-38.570781],[-58.696918,-38.570516],[-58.697252,-38.570262],[-58.698461,-38.569497],[-58.698633,-38.569368],[-58.698551,-38.569304],[-58.69863,-38.569245],[-58.698551,-38.569181],[-58.698882,-38.568929],[-58.698963,-38.568994],[-58.699035,-38.568939],[-58.699116,-38.569003],[-58.699284,-38.568878],[-58.699395,-38.568759],[-58.699738,-38.568503],[-58.699502,-38.568306],[-58.699674,-38.568178],[-58.699753,-38.568244],[-58.699909,-38.568375],[-58.70024,-38.568126],[-58.700354,-38.567974],[-58.701176,-38.567357],[-58.701464,-38.567366],[-58.701668,-38.567205],[-58.70126,-38.566888],[-58.701464,-38.566728],[-58.701546,-38.566791],[-58.701749,-38.566633],[-58.701956,-38.566471],[-58.701562,-38.566052],[-58.702085,-38.565544]]]]},"properties":{"zona":"ZONA RESIDENCIAL 7","sigla":"R7","categoria":"Residencial","observaciones":null}},{"type":"Feature","geometry":{"type":"MultiPolygon","coordinates":[[[[-58.77154,-38.592813],[-58.771423,-38.592912],[-58.771167,-38.592718],[-58.770885,-38.592662],[-58.770637,-38.592477],[-58.770563,-38.592538],[-58.770321,-38.592351],[-58.770004,-38.592327],[-58.769756,-38.592139],[-58.769637,-38.592237],[-58.769389,-38.592049],[-58.769118,-38.592039],[-58.768876,-38.591858],[-58.768751,-38.591956],[-58.768507,-38.591765],[-58.76815,-38.591657],[-58.767509,-38.591185],[-58.767458,-38.591271],[-58.767427,-38.591249],[-58.76727,-38.59138],[-58.767103,-38.591257],[-58.766867,-38.591279],[-58.766305,-38.590838],[-58.766219,-38.59077],[-58.766136,-38.590832],[-58.765976,-38.590961],[-58.765813,-38.590834],[-58.765559,-38.5908],[-58.7654,-38.590675],[-58.765481,-38.59061],[-58.765401,-38.590548],[-58.765563,-38.590418],[-58.76548,-38.590353],[-58.765156,-38.590614],[-58.764494,-38.590234],[-58.764193,-38.590307],[-58.764029,-38.590179],[-58.763945,-38.590247],[-58.763457,-38.58987],[-58.763302,-38.589995],[-58.763136,-38.589866],[-58.762856,-38.589867],[-58.762426,-38.58952],[-58.762346,-38.589456],[-58.762233,-38.589366],[-58.762054,-38.589223],[-58.761748,-38.589245],[-58.761587,-38.589118],[-58.761436,-38.589232],[-58.760883,-38.588885],[-58.760823,-38.588948],[-58.76077,-38.589034],[-58.760582,-38.58888],[-58.760334,-38.588802],[-58.759531,-38.588158],[-58.758988,-38.58841],[-58.758665,-38.588147],[-58.758587,-38.588083],[-58.758198,-38.587764],[-58.757885,-38.587829],[-58.757568,-38.587749],[-58.757447,-38.587844],[-58.756989,-38.587474],[-58.756828,-38.587487],[-58.756711,-38.587392],[-58.756367,-38.587435],[-58.755746,-38.586928],[-58.755658,-38.586993],[-58.755494,-38.58686],[-58.755088,-38.586955],[-58.754924,-38.586825],[-58.754845,-38.586888],[-58.754081,-38.586326],[-58.753751,-38.586471],[-58.753593,-38.586341],[-58.753765,-38.58621],[-58.753687,-38.586147],[-58.753428,-38.586341],[-58.75335,-38.586277],[-58.753272,-38.586212],[-58.753192,-38.586146],[-58.753114,-38.586082],[-58.753069,-38.586047],[-58.753034,-38.586017],[-58.752876,-38.585888],[-58.752515,-38.585988],[-58.751865,-38.585479],[-58.751784,-38.585541],[-58.751731,-38.585629],[-58.751542,-38.585478],[-58.751146,-38.585514],[-58.750288,-38.584831],[-58.749906,-38.585028],[-58.749279,-38.584521],[-58.749185,-38.584592],[-58.749009,-38.584452],[-58.748719,-38.584453],[-58.74833,-38.584129],[-58.748165,-38.584253],[-58.747944,-38.58407],[-58.747857,-38.584134],[-58.747683,-38.583989],[-58.747469,-38.584048],[-58.747194,-38.584257],[-58.766813,-38.591446],[-58.767175,-38.591568],[-58.771258,-38.593112],[-58.773199,-38.593796],[-58.775061,-38.594451],[-58.778534,-38.595733],[-58.778596,-38.595691],[-58.778797,-38.595538],[-58.778651,-38.59551],[-58.778439,-38.595344],[-58.77832,-38.595443],[-58.778077,-38.595255],[-58.777795,-38.595224],[-58.777546,-38.595037],[-58.777477,-38.595091],[-58.777235,-38.594899],[-58.776984,-38.594881],[-58.776746,-38.594688],[-58.776622,-38.594784],[-58.776503,-38.594688],[-58.77638,-38.594588],[-58.776136,-38.594568],[-58.776006,-38.594464],[-58.775883,-38.594366],[-58.775715,-38.5945],[-58.775328,-38.594281],[-58.775159,-38.594214],[-58.774938,-38.594051],[-58.774818,-38.594155],[-58.774571,-38.593966],[-58.774334,-38.59395],[-58.774098,-38.59377],[-58.774014,-38.593839],[-58.773893,-38.593746],[-58.773769,-38.593651],[-58.773536,-38.593617],[-58.77329,-38.593428],[-58.773171,-38.593526],[-58.773079,-38.593455],[-58.772965,-38.593544],[-58.772815,-38.593428],[-58.772698,-38.593287],[-58.772449,-38.5931],[-58.772285,-38.593235],[-58.772088,-38.593158],[-58.771596,-38.592775],[-58.77154,-38.592813]]]]},"properties":{"zona":"ZONA DE EQUIPAMIENTO 3","sigla":"E3","categoria":"Equipamiento y usos específicos","observaciones":null}}]}
